from,to,distance_km,duration_min
colombo,dehiwala,10.5,15.2
colombo,moratuwa,19.5,26.9
colombo,negombo,36.9,35.3
colombo,gampaha,30.1,35.6
colombo,kelaniya,10.8,14.1
colombo,kalutara,42.3,56.8
colombo,panadura,27.0,38.1
colombo,horana,37.6,45.0
colombo,avissawella,45.9,58.1
colombo,wattala,8.2,11.1
colombo,homagama,22.8,31.1
colombo,maharagama,14.6,22.0
colombo,boralesgamuwa,15.1,20.8
colombo,kandy,114.4,130.6
colombo,matale,144.5,155.1
colombo,nuwara eliya,158.0,183.1
colombo,gampola,112.0,135.8
colombo,hatton,119.6,140.4
colombo,dambulla,150.4,157.0
colombo,katugastota,117.8,136.0
colombo,peradeniya,108.5,123.3
colombo,pilimathalawa,101.7,114.8
colombo,galagedara,121.1,128.5
colombo,galle,116.4,109.5
colombo,matara,153.5,134.1
colombo,hambantota,238.4,196.4
colombo,tangalle,180.5,152.5
colombo,ambalangoda,99.7,93.2
colombo,deniyaya,189.9,176.6
colombo,tissamaharama,247.3,208.0
colombo,akuressa,141.8,129.8
colombo,weligama,141.5,123.6
colombo,batapola,98.0,95.3
colombo,elipitiya,90.7,87.9
colombo,jaffna,394.4,445.7
colombo,vavuniya,254.6,282.4
colombo,mannar,287.3,330.0
colombo,kilinochchi,331.9,377.5
colombo,mullaitivu,328.6,385.6
colombo,point pedro,389.3,444.6
colombo,chavakachcheri,379.5,429.5
colombo,kayts,413.5,472.6
colombo,veldithurai,393.2,451.3
colombo,nallur,391.5,443.1
colombo,trincomalee,258.0,280.6
colombo,batticaloa,310.7,336.7
colombo,ampara,301.3,348.2
colombo,kalmunai,317.0,370.9
colombo,akkaraipattu,349.9,378.7
colombo,erei,251.0,283.2
colombo,kattankudy,316.2,343.5
colombo,mutur,265.7,293.9
colombo,valachchenai,287.6,315.8
colombo,kurunegala,94.3,98.2
colombo,puttalam,133.6,139.0
colombo,chilaw,79.9,81.1
colombo,kuliyapitiya,77.8,88.7
colombo,naththandiya,64.1,70.2
colombo,wennappuwa,55.0,55.8
colombo,madurankuliya,120.1,126.1
colombo,pannala,62.1,67.8
colombo,anuradhapura,207.3,220.0
colombo,polonnaruwa,216.1,227.8
colombo,medawachchiya,230.8,252.6
colombo,kaduruwela,218.7,233.2
colombo,kekirawa,178.3,192.0
colombo,habarana,171.6,179.7
colombo,galenbindunuwewa,236.5,267.8
colombo,talawa,188.7,201.9
colombo,badulla,212.8,235.0
colombo,bandarawela,185.1,203.8
colombo,monaragala,238.3,257.9
colombo,welimada,178.8,209.1
colombo,mahiyanganaya,190.4,224.4
colombo,haputale,168.3,201.8
colombo,ella,198.3,218.6
colombo,passara,227.0,261.7
colombo,wellawaya,191.0,207.4
colombo,ratnapura,87.3,98.9
colombo,kegalle,77.0,86.2
colombo,embilipitiya,159.1,177.3
colombo,balangoda,130.9,145.1
colombo,ruwanwella,67.1,81.5
colombo,deraniyagala,69.2,87.3
colombo,kitulgala,85.3,103.4
colombo,rakkula,116.7,131.0
dehiwala,moratuwa,9.9,13.3
dehiwala,negombo,45.3,46.6
dehiwala,gampaha,38.5,47.0
dehiwala,kelaniya,19.1,25.4
dehiwala,kalutara,32.7,43.2
dehiwala,panadura,17.4,24.5
dehiwala,horana,29.9,34.9
dehiwala,avissawella,48.0,64.8
dehiwala,wattala,16.7,22.8
dehiwala,homagama,17.2,23.4
dehiwala,maharagama,8.9,13.2
dehiwala,boralesgamuwa,7.3,10.7
dehiwala,kandy,122.7,141.9
dehiwala,matale,152.9,166.4
dehiwala,nuwara eliya,160.1,189.9
dehiwala,gampola,120.3,147.2
dehiwala,hatton,121.7,147.2
dehiwala,dambulla,158.8,168.3
dehiwala,katugastota,126.1,147.3
dehiwala,peradeniya,116.8,134.6
dehiwala,pilimathalawa,110.1,126.1
dehiwala,galagedara,129.4,139.8
dehiwala,galle,108.6,99.4
dehiwala,matara,145.8,124.0
dehiwala,hambantota,230.7,186.3
dehiwala,tangalle,172.7,142.4
dehiwala,ambalangoda,91.9,83.1
dehiwala,deniyaya,182.1,166.5
dehiwala,tissamaharama,239.6,197.9
dehiwala,akuressa,134.0,119.7
dehiwala,weligama,133.7,113.5
dehiwala,batapola,90.2,85.2
dehiwala,elipitiya,82.9,77.8
dehiwala,jaffna,402.7,457.1
dehiwala,vavuniya,262.9,293.7
dehiwala,mannar,295.7,341.4
dehiwala,kilinochchi,340.2,388.9
dehiwala,mullaitivu,337.0,396.9
dehiwala,point pedro,397.7,456.0
dehiwala,chavakachcheri,387.8,440.8
dehiwala,kayts,421.8,483.9
dehiwala,veldithurai,401.6,462.6
dehiwala,nallur,399.8,454.5
dehiwala,trincomalee,266.3,292.0
dehiwala,batticaloa,319.0,348.0
dehiwala,ampara,323.3,358.5
dehiwala,kalmunai,325.4,382.3
dehiwala,akkaraipattu,342.2,368.6
dehiwala,erei,259.4,294.5
dehiwala,kattankudy,324.5,354.8
dehiwala,mutur,274.0,305.2
dehiwala,valachchenai,295.9,327.1
dehiwala,kurunegala,102.7,109.6
dehiwala,puttalam,141.9,150.4
dehiwala,chilaw,88.3,92.4
dehiwala,kuliyapitiya,86.1,100.0
dehiwala,naththandiya,72.4,81.6
dehiwala,wennappuwa,63.3,67.1
dehiwala,madurankuliya,128.4,137.4
dehiwala,pannala,70.4,79.2
dehiwala,anuradhapura,215.6,231.4
dehiwala,polonnaruwa,224.4,239.1
dehiwala,medawachchiya,239.2,264.0
dehiwala,kaduruwela,227.1,244.5
dehiwala,kekirawa,186.7,203.3
dehiwala,habarana,179.9,191.0
dehiwala,galenbindunuwewa,244.9,279.1
dehiwala,talawa,197.1,213.2
dehiwala,badulla,205.1,224.9
dehiwala,bandarawela,177.3,193.7
dehiwala,monaragala,230.5,247.8
dehiwala,welimada,192.4,212.8
dehiwala,mahiyanganaya,198.7,235.7
dehiwala,haputale,160.5,191.7
dehiwala,ella,190.5,208.5
dehiwala,passara,219.2,251.6
dehiwala,wellawaya,183.2,197.3
dehiwala,ratnapura,79.5,88.8
dehiwala,kegalle,85.3,97.5
dehiwala,embilipitiya,151.4,167.2
dehiwala,balangoda,123.2,135.0
dehiwala,ruwanwella,66.8,89.5
dehiwala,deraniyagala,71.3,94.0
dehiwala,kitulgala,87.4,110.1
dehiwala,rakkula,108.9,120.9
moratuwa,negombo,54.9,59.7
moratuwa,gampaha,53.6,53.6
moratuwa,kelaniya,28.8,38.5
moratuwa,kalutara,23.4,31.3
moratuwa,panadura,8.1,12.6
moratuwa,horana,27.5,32.6
moratuwa,avissawella,51.3,67.5
moratuwa,wattala,26.4,35.9
moratuwa,homagama,20.5,26.1
moratuwa,maharagama,14.7,20.5
moratuwa,boralesgamuwa,11.0,14.9
moratuwa,kandy,137.8,148.5
moratuwa,matale,167.9,173.0
moratuwa,nuwara eliya,163.3,192.5
moratuwa,gampola,135.4,153.8
moratuwa,hatton,125.0,149.8
moratuwa,dambulla,173.8,174.9
moratuwa,katugastota,141.2,153.9
moratuwa,peradeniya,131.9,141.2
moratuwa,pilimathalawa,125.2,132.7
moratuwa,galagedara,144.5,146.4
moratuwa,galle,106.3,97.1
moratuwa,matara,143.5,121.7
moratuwa,hambantota,228.3,184.0
moratuwa,tangalle,170.4,140.1
moratuwa,ambalangoda,66.2,80.2
moratuwa,deniyaya,179.8,164.1
moratuwa,tissamaharama,237.2,195.6
moratuwa,akuressa,131.7,117.4
moratuwa,weligama,131.4,111.1
moratuwa,batapola,87.9,82.8
moratuwa,elipitiya,80.6,75.5
moratuwa,jaffna,417.8,463.7
moratuwa,vavuniya,278.0,300.3
moratuwa,mannar,305.3,354.5
moratuwa,kilinochchi,355.3,395.5
moratuwa,mullaitivu,352.1,403.5
moratuwa,point pedro,412.8,462.6
moratuwa,chavakachcheri,402.9,447.4
moratuwa,kayts,436.9,490.5
moratuwa,veldithurai,416.7,469.2
moratuwa,nallur,414.9,461.1
moratuwa,trincomalee,281.4,298.6
moratuwa,batticaloa,334.1,354.6
moratuwa,ampara,321.0,356.2
moratuwa,kalmunai,345.2,383.3
moratuwa,akkaraipattu,339.8,366.3
moratuwa,erei,274.4,301.1
moratuwa,kattankudy,339.6,361.4
moratuwa,mutur,289.1,311.8
moratuwa,valachchenai,311.0,333.7
moratuwa,kurunegala,117.8,116.2
moratuwa,puttalam,151.6,163.5
moratuwa,chilaw,97.9,105.5
moratuwa,kuliyapitiya,95.8,113.1
moratuwa,naththandiya,82.1,94.7
moratuwa,wennappuwa,73.0,80.2
moratuwa,madurankuliya,138.1,150.5
moratuwa,pannala,80.1,92.3
moratuwa,anuradhapura,225.3,244.5
moratuwa,polonnaruwa,239.5,245.7
moratuwa,medawachchiya,254.3,270.6
moratuwa,kaduruwela,242.1,251.1
moratuwa,kekirawa,201.8,209.9
moratuwa,habarana,195.0,197.6
moratuwa,galenbindunuwewa,260.0,285.7
moratuwa,talawa,206.7,226.3
moratuwa,badulla,202.8,222.6
moratuwa,bandarawela,175.0,191.4
moratuwa,monaragala,228.2,245.4
moratuwa,welimada,190.1,210.4
moratuwa,mahiyanganaya,213.8,242.3
moratuwa,haputale,158.2,189.4
moratuwa,ella,188.2,206.1
moratuwa,passara,216.9,249.3
moratuwa,wellawaya,180.9,195.0
moratuwa,ratnapura,77.2,86.5
moratuwa,kegalle,100.4,104.1
moratuwa,embilipitiya,149.1,164.8
moratuwa,balangoda,120.9,132.7
moratuwa,ruwanwella,70.1,92.2
moratuwa,deraniyagala,74.5,96.7
moratuwa,kitulgala,90.6,112.8
moratuwa,rakkula,106.6,118.6
negombo,gampaha,25.8,31.2
negombo,kelaniya,34.8,35.6
negombo,kalutara,87.3,80.8
negombo,panadura,62.6,70.9
negombo,horana,72.6,66.3
negombo,avissawella,73.1,78.3
negombo,wattala,32.4,31.1
negombo,homagama,56.3,51.4
negombo,maharagama,48.3,52.0
negombo,boralesgamuwa,48.9,52.0
negombo,kandy,120.0,128.5
negombo,matale,129.1,141.7
negombo,nuwara eliya,161.0,190.9
negombo,gampola,105.7,136.2
negombo,hatton,122.6,148.2
negombo,dambulla,135.0,143.6
negombo,katugastota,114.5,122.6
negombo,peradeniya,102.2,123.6
negombo,pilimathalawa,95.5,115.1
negombo,galagedara,105.7,115.1
negombo,galle,151.3,129.7
negombo,matara,188.5,154.3
negombo,hambantota,273.4,216.6
negombo,tangalle,215.5,172.6
negombo,ambalangoda,134.7,113.4
negombo,deniyaya,224.8,196.7
negombo,tissamaharama,282.3,228.2
negombo,akuressa,176.8,149.9
negombo,weligama,176.4,143.7
negombo,batapola,133.0,115.4
negombo,elipitiya,125.6,108.1
negombo,jaffna,371.4,424.0
negombo,vavuniya,231.6,260.6
negombo,mannar,251.8,297.8
negombo,kilinochchi,308.9,355.8
negombo,mullaitivu,305.7,363.8
negombo,point pedro,366.4,422.9
negombo,chavakachcheri,356.5,407.7
negombo,kayts,390.5,450.9
negombo,veldithurai,370.3,429.5
negombo,nallur,368.5,421.4
negombo,trincomalee,242.5,267.3
negombo,batticaloa,295.3,323.3
negombo,ampara,300.8,340.8
negombo,kalmunai,316.6,363.5
negombo,akkaraipattu,328.7,376.4
negombo,erei,235.6,269.8
negombo,kattankudy,300.7,330.1
negombo,mutur,250.3,280.5
negombo,valachchenai,272.2,302.4
negombo,kurunegala,78.9,84.9
negombo,puttalam,98.1,106.8
negombo,chilaw,44.4,48.9
negombo,kuliyapitiya,47.0,58.7
negombo,naththandiya,28.5,38.0
negombo,wennappuwa,19.5,23.6
negombo,madurankuliya,84.6,93.9
negombo,pannala,26.6,35.6
negombo,anuradhapura,171.8,187.8
negombo,polonnaruwa,200.7,214.4
negombo,medawachchiya,207.9,230.9
negombo,kaduruwela,203.3,219.8
negombo,kekirawa,162.9,178.6
negombo,habarana,156.2,166.3
negombo,galenbindunuwewa,213.6,246.1
negombo,talawa,153.2,169.7
negombo,badulla,212.6,256.0
negombo,bandarawela,220.1,225.0
negombo,monaragala,273.3,279.1
negombo,welimada,181.8,216.9
negombo,mahiyanganaya,189.9,217.0
negombo,haputale,203.3,223.1
negombo,ella,233.2,239.8
negombo,passara,226.8,282.7
negombo,wellawaya,226.0,228.7
negombo,ratnapura,122.2,120.2
negombo,kegalle,70.7,86.5
negombo,embilipitiya,194.1,198.5
negombo,balangoda,165.9,166.3
negombo,ruwanwella,60.8,81.8
negombo,deraniyagala,81.4,107.2
negombo,kitulgala,88.3,111.2
negombo,rakkula,151.7,152.3
gampaha,kelaniya,28.0,29.2
gampaha,kalutara,67.4,65.3
gampaha,panadura,59.7,57.0
gampaha,horana,52.7,50.9
gampaha,avissawella,40.2,52.5
gampaha,wattala,23.2,28.3
gampaha,homagama,36.4,36.0
gampaha,maharagama,40.6,42.5
gampaha,boralesgamuwa,43.0,45.4
gampaha,kandy,91.5,103.3
gampaha,matale,121.6,127.8
gampaha,nuwara eliya,144.4,163.3
gampaha,gampola,89.1,108.5
gampaha,hatton,106.0,120.7
gampaha,dambulla,127.5,129.7
gampaha,katugastota,94.9,108.7
gampaha,peradeniya,85.6,96.0
gampaha,pilimathalawa,78.8,87.5
gampaha,galagedara,98.2,101.2
gampaha,galle,131.5,114.3
gampaha,matara,168.6,138.9
gampaha,hambantota,253.5,201.1
gampaha,tangalle,195.6,157.2
gampaha,ambalangoda,114.8,98.0
gampaha,deniyaya,205.0,181.3
gampaha,tissamaharama,262.4,212.8
gampaha,akuressa,156.9,134.5
gampaha,weligama,156.6,128.3
gampaha,batapola,113.1,100.0
gampaha,elipitiya,105.8,92.7
gampaha,jaffna,371.5,418.4
gampaha,vavuniya,231.7,255.1
gampaha,mannar,275.1,322.0
gampaha,kilinochchi,309.0,350.2
gampaha,mullaitivu,305.7,358.3
gampaha,point pedro,366.4,417.4
gampaha,chavakachcheri,356.6,402.2
gampaha,kayts,390.6,445.3
gampaha,veldithurai,370.4,424.0
gampaha,nallur,368.6,415.8
gampaha,trincomalee,235.1,253.3
gampaha,batticaloa,287.8,309.4
gampaha,ampara,278.4,320.9
gampaha,kalmunai,294.1,343.6
gampaha,akkaraipattu,306.2,356.5
gampaha,erei,228.1,255.9
gampaha,kattankudy,293.3,316.2
gampaha,mutur,242.8,266.6
gampaha,valachchenai,264.7,288.5
gampaha,kurunegala,71.4,70.9
gampaha,puttalam,121.4,131.0
gampaha,chilaw,67.7,73.1
gampaha,kuliyapitiya,53.8,66.3
gampaha,naththandiya,51.8,62.2
gampaha,wennappuwa,42.8,47.8
gampaha,madurankuliya,107.8,118.1
gampaha,pannala,36.7,48.2
gampaha,anuradhapura,171.6,205.2
gampaha,polonnaruwa,193.2,200.5
gampaha,medawachchiya,207.9,225.3
gampaha,kaduruwela,195.8,205.9
gampaha,kekirawa,155.4,164.7
gampaha,habarana,148.7,152.4
gampaha,galenbindunuwewa,213.6,240.5
gampaha,talawa,155.0,184.4
gampaha,badulla,196.0,228.5
gampaha,bandarawela,179.4,200.7
gampaha,monaragala,232.6,254.8
gampaha,welimada,165.2,189.4
gampaha,mahiyanganaya,167.5,197.1
gampaha,haputale,162.6,198.8
gampaha,ella,192.6,215.5
gampaha,passara,210.2,255.1
gampaha,wellawaya,185.3,204.4
gampaha,ratnapura,81.6,95.9
gampaha,kegalle,54.1,58.9
gampaha,embilipitiya,153.4,174.2
gampaha,balangoda,125.2,142.1
gampaha,ruwanwella,44.2,54.2
gampaha,deraniyagala,59.3,76.7
gampaha,kitulgala,71.7,83.6
gampaha,rakkula,111.0,128.0
kelaniya,kalutara,52.5,51.3
kelaniya,panadura,44.8,42.9
kelaniya,horana,37.8,36.8
kelaniya,avissawella,38.4,47.3
kelaniya,wattala,8.6,11.6
kelaniya,homagama,21.5,21.9
kelaniya,maharagama,14.9,25.3
kelaniya,boralesgamuwa,19.2,29.6
kelaniya,kandy,107.6,124.3
kelaniya,matale,137.7,148.8
kelaniya,nuwara eliya,150.4,172.3
kelaniya,gampola,105.2,129.5
kelaniya,hatton,112.1,129.7
kelaniya,dambulla,143.6,150.7
kelaniya,katugastota,111.0,129.7
kelaniya,peradeniya,101.7,117.0
kelaniya,pilimathalawa,94.9,108.5
kelaniya,galagedara,114.3,122.2
kelaniya,galle,116.6,100.2
kelaniya,matara,153.7,124.8
kelaniya,hambantota,238.6,187.1
kelaniya,tangalle,180.7,143.2
kelaniya,ambalangoda,99.9,83.9
kelaniya,deniyaya,190.1,167.2
kelaniya,tissamaharama,247.5,198.7
kelaniya,akuressa,142.0,120.4
kelaniya,weligama,141.7,114.2
kelaniya,batapola,98.2,85.9
kelaniya,elipitiya,90.9,78.6
kelaniya,jaffna,387.6,439.4
kelaniya,vavuniya,247.8,276.1
kelaniya,mannar,287.6,330.4
kelaniya,kilinochchi,325.1,371.2
kelaniya,mullaitivu,321.8,379.3
kelaniya,point pedro,382.5,438.3
kelaniya,chavakachcheri,372.7,423.2
kelaniya,kayts,406.7,466.3
kelaniya,veldithurai,386.4,445.0
kelaniya,nallur,384.7,436.8
kelaniya,trincomalee,251.2,274.3
kelaniya,batticaloa,303.9,330.4
kelaniya,ampara,294.5,341.9
kelaniya,kalmunai,310.2,364.6
kelaniya,akkaraipattu,350.1,370.5
kelaniya,erei,244.2,276.9
kelaniya,kattankudy,309.4,337.2
kelaniya,mutur,258.9,287.6
kelaniya,valachchenai,280.8,309.5
kelaniya,kurunegala,87.5,91.9
kelaniya,puttalam,133.9,139.4
kelaniya,chilaw,80.2,81.4
kelaniya,kuliyapitiya,78.1,89.0
kelaniya,naththandiya,64.4,70.6
kelaniya,wennappuwa,55.3,56.1
kelaniya,madurankuliya,120.4,126.4
kelaniya,pannala,62.4,68.2
kelaniya,anuradhapura,207.6,220.4
kelaniya,polonnaruwa,209.3,221.5
kelaniya,medawachchiya,224.0,246.3
kelaniya,kaduruwela,211.9,226.9
kelaniya,kekirawa,171.5,185.7
kelaniya,habarana,164.8,173.4
kelaniya,galenbindunuwewa,229.7,261.5
kelaniya,talawa,189.0,202.2
kelaniya,badulla,213.0,226.8
kelaniya,bandarawela,185.3,195.5
kelaniya,monaragala,238.5,249.6
kelaniya,welimada,171.2,198.4
kelaniya,mahiyanganaya,183.6,218.1
kelaniya,haputale,168.5,193.6
kelaniya,ella,198.5,210.3
kelaniya,passara,227.2,253.5
kelaniya,wellawaya,191.2,199.2
kelaniya,ratnapura,87.5,90.7
kelaniya,kegalle,70.2,79.9
kelaniya,embilipitiya,159.4,169.0
kelaniya,balangoda,131.2,136.9
kelaniya,ruwanwella,57.2,72.0
kelaniya,deraniyagala,61.6,76.5
kelaniya,kitulgala,77.7,92.6
kelaniya,rakkula,116.9,122.8
kalutara,panadura,16.0,20.3
kalutara,horana,26.5,30.5
kalutara,avissawella,75.1,82.0
kalutara,wattala,59.7,60.1
kalutara,homagama,37.6,40.4
kalutara,maharagama,39.2,45.4
kalutara,boralesgamuwa,35.5,39.9
kalutara,kandy,151.2,159.8
kalutara,matale,181.3,184.3
kalutara,nuwara eliya,187.2,207.0
kalutara,gampola,148.7,165.1
kalutara,hatton,148.8,164.3
kalutara,dambulla,187.2,186.2
kalutara,katugastota,154.5,165.2
kalutara,peradeniya,145.3,152.6
kalutara,pilimathalawa,138.5,144.0
kalutara,galagedara,157.9,157.8
kalutara,galle,76.2,74.3
kalutara,matara,113.4,98.9
kalutara,hambantota,198.3,161.2
kalutara,tangalle,140.4,117.3
kalutara,ambalangoda,43.0,49.3
kalutara,deniyaya,149.7,141.3
kalutara,tissamaharama,207.2,172.8
kalutara,akuressa,101.7,94.6
kalutara,weligama,101.3,88.3
kalutara,batapola,57.9,60.0
kalutara,elipitiya,50.5,52.7
kalutara,jaffna,431.1,475.0
kalutara,vavuniya,291.3,311.6
kalutara,mannar,336.1,373.6
kalutara,kilinochchi,368.7,406.8
kalutara,mullaitivu,365.4,414.8
kalutara,point pedro,426.1,473.9
kalutara,chavakachcheri,416.3,458.7
kalutara,kayts,450.2,501.9
kalutara,veldithurai,430.0,480.5
kalutara,nallur,428.3,472.4
kalutara,trincomalee,294.7,309.9
kalutara,batticaloa,347.5,365.9
kalutara,ampara,363.6,351.6
kalutara,kalmunai,387.8,378.7
kalutara,akkaraipattu,382.4,361.7
kalutara,erei,287.8,312.5
kalutara,kattankudy,352.9,372.7
kalutara,mutur,302.5,323.1
kalutara,valachchenai,324.4,345.0
kalutara,kurunegala,131.1,127.5
kalutara,puttalam,182.4,182.6
kalutara,chilaw,128.7,124.7
kalutara,kuliyapitiya,120.7,130.8
kalutara,naththandiya,112.9,113.8
kalutara,wennappuwa,103.8,99.4
kalutara,madurankuliya,168.9,169.7
kalutara,pannala,110.9,111.4
kalutara,anuradhapura,231.3,261.8
kalutara,polonnaruwa,252.9,257.0
kalutara,medawachchiya,267.6,281.9
kalutara,kaduruwela,255.5,262.4
kalutara,kekirawa,215.1,221.2
kalutara,habarana,208.4,208.9
kalutara,galenbindunuwewa,273.3,297.1
kalutara,talawa,214.7,240.9
kalutara,badulla,201.7,220.5
kalutara,bandarawela,174.0,189.3
kalutara,monaragala,270.8,240.8
kalutara,welimada,189.0,208.4
kalutara,mahiyanganaya,227.1,253.7
kalutara,haputale,157.2,187.4
kalutara,ella,187.1,204.1
kalutara,passara,215.8,247.2
kalutara,wellawaya,179.9,192.9
kalutara,ratnapura,76.1,84.5
kalutara,kegalle,113.8,115.4
kalutara,embilipitiya,174.5,145.0
kalutara,balangoda,119.8,130.6
kalutara,ruwanwella,94.0,106.7
kalutara,deraniyagala,98.4,111.2
kalutara,kitulgala,114.5,127.3
kalutara,rakkula,105.5,116.5
panadura,horana,18.8,22.2
panadura,avissawella,67.4,73.6
panadura,wattala,33.9,47.2
panadura,homagama,29.9,32.0
panadura,maharagama,22.2,31.8
panadura,boralesgamuwa,18.6,26.2
panadura,kandy,143.4,151.5
panadura,matale,173.6,176.0
panadura,nuwara eliya,179.5,198.7
panadura,gampola,141.0,156.8
panadura,hatton,141.1,156.0
panadura,dambulla,179.5,177.9
panadura,katugastota,146.8,156.9
panadura,peradeniya,137.6,144.2
panadura,pilimathalawa,130.8,135.7
panadura,galagedara,150.2,149.4
panadura,galle,95.9,88.7
panadura,matara,133.1,113.2
panadura,hambantota,218.0,175.5
panadura,tangalle,160.1,131.6
panadura,ambalangoda,58.5,68.6
panadura,deniyaya,169.4,155.7
panadura,tissamaharama,226.9,187.1
panadura,akuressa,121.3,108.9
panadura,weligama,121.0,102.7
panadura,batapola,77.6,74.4
panadura,elipitiya,70.2,67.1
panadura,jaffna,423.4,466.6
panadura,vavuniya,283.6,303.3
panadura,mannar,328.4,365.3
panadura,kilinochchi,360.9,398.4
panadura,mullaitivu,357.7,406.5
panadura,point pedro,418.4,465.6
panadura,chavakachcheri,408.5,450.4
panadura,kayts,442.5,493.5
panadura,veldithurai,422.3,472.2
panadura,nallur,420.5,464.0
panadura,trincomalee,287.0,301.5
panadura,batticaloa,339.7,357.6
panadura,ampara,312.2,345.8
panadura,kalmunai,336.4,372.9
panadura,akkaraipattu,331.1,355.9
panadura,erei,280.1,304.1
panadura,kattankudy,345.2,364.4
panadura,mutur,294.7,314.8
panadura,valachchenai,316.6,336.7
panadura,kurunegala,123.4,119.1
panadura,puttalam,174.7,174.3
panadura,chilaw,121.0,116.4
panadura,kuliyapitiya,113.0,122.4
panadura,naththandiya,105.1,105.5
panadura,wennappuwa,96.1,91.1
panadura,madurankuliya,161.1,161.4
panadura,pannala,103.2,103.1
panadura,anuradhapura,223.5,253.4
panadura,polonnaruwa,245.1,248.7
panadura,medawachchiya,259.9,273.5
panadura,kaduruwela,247.8,254.1
panadura,kekirawa,207.4,212.9
panadura,habarana,200.6,200.6
panadura,galenbindunuwewa,265.6,288.7
panadura,talawa,206.9,232.6
panadura,badulla,194.0,212.2
panadura,bandarawela,166.2,181.0
panadura,monaragala,219.4,235.0
panadura,welimada,181.3,200.0
panadura,mahiyanganaya,219.4,245.3
panadura,haputale,149.4,179.0
panadura,ella,179.4,195.7
panadura,passara,208.1,238.9
panadura,wellawaya,172.1,184.6
panadura,ratnapura,68.4,76.1
panadura,kegalle,106.1,107.1
panadura,embilipitiya,140.3,154.4
panadura,balangoda,112.1,122.3
panadura,ruwanwella,86.2,98.3
panadura,deraniyagala,90.7,102.8
panadura,kitulgala,106.8,119.0
panadura,rakkula,97.8,108.2
horana,avissawella,37.9,60.2
horana,wattala,45.8,46.6
horana,homagama,23.7,26.9
horana,maharagama,27.8,33.4
horana,boralesgamuwa,24.2,27.8
horana,kandy,137.3,146.3
horana,matale,167.4,170.8
horana,nuwara eliya,150.0,185.3
horana,gampola,134.8,151.6
horana,hatton,111.6,142.6
horana,dambulla,173.3,172.7
horana,katugastota,140.6,151.7
horana,peradeniya,131.4,139.0
horana,pilimathalawa,124.6,130.5
horana,galagedara,144.0,144.2
horana,galle,91.8,83.5
horana,matara,128.9,108.1
horana,hambantota,213.8,170.3
horana,tangalle,155.9,126.4
horana,ambalangoda,75.1,67.2
horana,deniyaya,165.3,150.5
horana,tissamaharama,222.7,182.0
horana,akuressa,117.2,103.7
horana,weligama,116.9,97.5
horana,batapola,73.4,69.2
horana,elipitiya,66.1,61.9
horana,jaffna,417.3,461.5
horana,vavuniya,277.4,298.1
horana,mannar,322.3,360.1
horana,kilinochchi,354.8,393.2
horana,mullaitivu,351.5,401.3
horana,point pedro,412.2,460.4
horana,chavakachcheri,402.4,445.2
horana,kayts,436.4,488.3
horana,veldithurai,416.1,467.0
horana,nallur,414.4,458.9
horana,trincomalee,280.8,296.4
horana,batticaloa,333.6,352.4
horana,ampara,293.9,324.3
horana,kalmunai,318.1,351.5
horana,akkaraipattu,312.7,334.5
horana,erei,273.9,298.9
horana,kattankudy,339.1,359.2
horana,mutur,288.6,309.6
horana,valachchenai,310.5,331.5
horana,kurunegala,117.2,113.9
horana,puttalam,168.5,169.1
horana,chilaw,114.8,111.2
horana,kuliyapitiya,106.9,117.2
horana,naththandiya,99.0,100.3
horana,wennappuwa,89.9,85.9
horana,madurankuliya,155.0,156.2
horana,pannala,97.0,97.9
horana,anuradhapura,217.4,248.2
horana,polonnaruwa,239.0,243.5
horana,medawachchiya,253.7,268.4
horana,kaduruwela,241.6,248.9
horana,kekirawa,201.2,207.7
horana,habarana,194.5,195.4
horana,galenbindunuwewa,259.4,283.5
horana,talawa,200.8,227.4
horana,badulla,175.6,190.8
horana,bandarawela,147.9,159.5
horana,monaragala,201.1,213.6
horana,welimada,163.0,178.6
horana,mahiyanganaya,213.3,240.1
horana,haputale,131.1,157.6
horana,ella,161.1,174.3
horana,passara,189.8,217.4
horana,wellawaya,153.8,163.2
horana,ratnapura,50.1,54.7
horana,kegalle,99.9,101.9
horana,embilipitiya,122.0,133.0
horana,balangoda,93.8,100.8
horana,ruwanwella,56.7,84.9
horana,deraniyagala,61.2,89.4
horana,kitulgala,77.3,105.5
horana,rakkula,79.5,86.7
avissawella,wattala,46.2,56.8
avissawella,homagama,33.5,44.4
avissawella,maharagama,40.7,56.0
avissawella,boralesgamuwa,43.1,58.9
avissawella,kandy,86.0,104.7
avissawella,matale,109.5,137.2
avissawella,nuwara eliya,112.2,125.4
avissawella,gampola,81.9,96.3
avissawella,hatton,73.8,82.8
avissawella,dambulla,137.2,145.8
avissawella,katugastota,89.4,110.1
avissawella,peradeniya,80.1,97.4
avissawella,pilimathalawa,73.3,88.9
avissawella,galagedara,88.3,116.3
avissawella,galle,139.8,131.3
avissawella,matara,177.0,155.9
avissawella,hambantota,169.8,173.5
avissawella,tangalle,162.6,171.4
avissawella,ambalangoda,123.1,115.0
avissawella,deniyaya,137.3,147.5
avissawella,tissamaharama,178.7,185.1
avissawella,akuressa,165.2,151.6
avissawella,weligama,164.9,145.4
avissawella,batapola,121.5,117.1
avissawella,elipitiya,114.1,109.7
avissawella,jaffna,381.2,434.6
avissawella,vavuniya,241.4,271.2
avissawella,mannar,276.6,347.0
avissawella,kilinochchi,318.7,366.4
avissawella,mullaitivu,315.4,374.4
avissawella,point pedro,376.2,433.5
avissawella,chavakachcheri,366.3,418.3
avissawella,kayts,400.3,461.4
avissawella,veldithurai,380.1,440.1
avissawella,nallur,378.3,432.0
avissawella,trincomalee,244.8,269.5
avissawella,batticaloa,269.3,321.5
avissawella,ampara,286.6,314.9
avissawella,kalmunai,310.7,342.0
avissawella,akkaraipattu,305.4,325.0
avissawella,erei,237.8,272.0
avissawella,kattankudy,274.8,328.3
avissawella,mutur,252.5,282.7
avissawella,valachchenai,274.4,304.6
avissawella,kurunegala,81.1,87.1
avissawella,puttalam,169.0,180.8
avissawella,chilaw,115.3,122.9
avissawella,kuliyapitiya,76.6,98.8
avissawella,naththandiya,99.5,112.0
avissawella,wennappuwa,90.4,97.6
avissawella,madurankuliya,155.5,167.9
avissawella,pannala,64.4,85.2
avissawella,anuradhapura,181.3,221.4
avissawella,polonnaruwa,202.9,216.6
avissawella,medawachchiya,217.6,241.5
avissawella,kaduruwela,205.5,222.0
avissawella,kekirawa,165.1,180.8
avissawella,habarana,158.4,168.5
avissawella,galenbindunuwewa,223.3,256.6
avissawella,talawa,164.7,200.5
avissawella,badulla,168.3,181.3
avissawella,bandarawela,140.6,150.0
avissawella,monaragala,193.8,204.1
avissawella,welimada,133.0,151.5
avissawella,mahiyanganaya,162.0,198.5
avissawella,haputale,123.8,148.1
avissawella,ella,153.8,164.8
avissawella,passara,182.5,208.0
avissawella,wellawaya,146.5,153.7
avissawella,ratnapura,42.7,45.2
avissawella,kegalle,48.6,60.3
avissawella,embilipitiya,114.6,123.5
avissawella,balangoda,86.4,91.4
avissawella,ruwanwella,18.9,25.1
avissawella,deraniyagala,23.4,29.6
avissawella,kitulgala,39.5,45.7
avissawella,rakkula,72.2,77.3
wattala,homagama,29.3,31.2
wattala,maharagama,19.8,28.4
wattala,boralesgamuwa,20.4,28.4
wattala,kandy,108.2,123.3
wattala,matale,138.4,147.8
wattala,nuwara eliya,158.2,181.7
wattala,gampola,105.8,128.5
wattala,hatton,119.9,139.0
wattala,dambulla,144.3,149.6
wattala,katugastota,111.6,128.7
wattala,peradeniya,102.3,116.0
wattala,pilimathalawa,95.6,107.5
wattala,galagedara,114.9,121.2
wattala,galle,124.4,109.5
wattala,matara,161.6,134.1
wattala,hambantota,246.4,196.4
wattala,tangalle,188.5,152.5
wattala,ambalangoda,107.7,93.2
wattala,deniyaya,197.9,176.6
wattala,tissamaharama,255.3,208.0
wattala,akuressa,149.8,129.8
wattala,weligama,149.5,123.6
wattala,batapola,106.0,95.3
wattala,elipitiya,98.7,87.9
wattala,jaffna,388.2,438.4
wattala,vavuniya,248.4,275.1
wattala,mannar,282.5,325.5
wattala,kilinochchi,325.7,370.2
wattala,mullaitivu,322.5,378.3
wattala,point pedro,383.2,437.3
wattala,chavakachcheri,373.3,422.2
wattala,kayts,407.3,465.3
wattala,veldithurai,387.1,444.0
wattala,nallur,385.3,435.8
wattala,trincomalee,251.8,273.3
wattala,batticaloa,304.5,329.4
wattala,ampara,295.1,340.9
wattala,kalmunai,310.9,363.6
wattala,akkaraipattu,323.0,376.4
wattala,erei,244.9,275.9
wattala,kattankudy,310.0,336.2
wattala,mutur,259.5,286.6
wattala,valachchenai,281.4,308.5
wattala,kurunegala,88.2,90.9
wattala,puttalam,128.7,134.5
wattala,chilaw,75.0,76.6
wattala,kuliyapitiya,67.7,83.7
wattala,naththandiya,59.2,65.7
wattala,wennappuwa,50.1,51.3
wattala,madurankuliya,115.2,121.6
wattala,pannala,57.2,63.3
wattala,anuradhapura,202.4,215.5
wattala,polonnaruwa,209.9,220.5
wattala,medawachchiya,224.7,245.3
wattala,kaduruwela,212.6,225.9
wattala,kekirawa,172.2,184.7
wattala,habarana,165.4,172.4
wattala,galenbindunuwewa,230.4,260.5
wattala,talawa,183.9,197.3
wattala,badulla,220.9,236.1
wattala,bandarawela,193.1,204.9
wattala,monaragala,246.3,259.0
wattala,welimada,179.0,207.7
wattala,mahiyanganaya,184.2,217.1
wattala,haputale,176.3,202.9
wattala,ella,206.3,219.7
wattala,passara,235.0,262.8
wattala,wellawaya,199.0,208.5
wattala,ratnapura,95.3,100.0
wattala,kegalle,70.8,78.9
wattala,embilipitiya,167.2,178.4
wattala,balangoda,139.0,146.2
wattala,ruwanwella,60.9,74.2
wattala,deraniyagala,69.4,85.8
wattala,kitulgala,85.5,101.9
wattala,rakkula,124.7,132.1
homagama,maharagama,9.9,14.5
homagama,boralesgamuwa,12.3,17.4
homagama,kandy,121.4,132.3
homagama,matale,151.6,156.8
homagama,nuwara eliya,145.5,169.4
homagama,gampola,119.0,137.6
homagama,hatton,107.2,126.7
homagama,dambulla,157.5,158.7
homagama,katugastota,124.8,137.7
homagama,peradeniya,115.6,125.0
homagama,pilimathalawa,108.8,116.5
homagama,galagedara,128.2,130.2
homagama,galle,102.3,89.7
homagama,matara,139.4,114.3
homagama,hambantota,224.3,176.5
homagama,tangalle,166.4,132.6
homagama,ambalangoda,85.6,73.4
homagama,deniyaya,175.8,156.7
homagama,tissamaharama,233.2,188.2
homagama,akuressa,127.7,109.9
homagama,weligama,127.4,103.7
homagama,batapola,83.9,75.4
homagama,elipitiya,76.6,68.1
homagama,jaffna,401.4,447.5
homagama,vavuniya,261.6,284.1
homagama,mannar,306.4,346.1
homagama,kilinochchi,338.9,379.3
homagama,mullaitivu,335.7,387.3
homagama,point pedro,396.4,446.4
homagama,chavakachcheri,386.6,431.2
homagama,kayts,420.5,474.3
homagama,veldithurai,400.3,453.0
homagama,nallur,398.5,444.9
homagama,trincomalee,265.0,282.4
homagama,batticaloa,317.8,338.4
homagama,ampara,308.2,349.4
homagama,kalmunai,324.1,372.7
homagama,akkaraipattu,327.0,359.5
homagama,erei,258.1,284.9
homagama,kattankudy,323.2,345.2
homagama,mutur,272.8,295.6
homagama,valachchenai,294.7,317.5
homagama,kurunegala,101.4,100.0
homagama,puttalam,152.7,155.1
homagama,chilaw,99.0,97.2
homagama,kuliyapitiya,91.0,103.3
homagama,naththandiya,83.1,86.3
homagama,wennappuwa,74.1,71.9
homagama,madurankuliya,139.2,142.2
homagama,pannala,81.2,83.9
homagama,anuradhapura,201.5,234.3
homagama,polonnaruwa,223.2,229.5
homagama,medawachchiya,237.9,254.4
homagama,kaduruwela,225.8,234.9
homagama,kekirawa,185.4,193.7
homagama,habarana,178.6,181.4
homagama,galenbindunuwewa,243.6,269.5
homagama,talawa,185.0,213.4
homagama,badulla,189.9,215.8
homagama,bandarawela,162.2,184.6
homagama,monaragala,215.4,238.7
homagama,welimada,166.3,195.4
homagama,mahiyanganaya,197.4,226.1
homagama,haputale,145.4,182.6
homagama,ella,175.4,199.3
homagama,passara,204.1,242.5
homagama,wellawaya,168.1,188.2
homagama,ratnapura,64.4,79.7
homagama,kegalle,84.1,87.9
homagama,embilipitiya,136.2,158.0
homagama,balangoda,108.0,125.9
homagama,ruwanwella,52.3,69.0
homagama,deraniyagala,56.7,73.5
homagama,kitulgala,72.8,89.6
homagama,rakkula,93.8,111.8
maharagama,boralesgamuwa,4.2,7.7
maharagama,kandy,125.1,137.1
maharagama,matale,155.3,161.6
maharagama,nuwara eliya,153.0,180.5
maharagama,gampola,122.7,142.4
maharagama,hatton,114.7,137.8
maharagama,dambulla,161.2,163.5
maharagama,katugastota,128.5,142.5
maharagama,peradeniya,119.3,129.8
maharagama,pilimathalawa,112.5,121.3
maharagama,galagedara,131.9,135.0
maharagama,galle,106.0,94.5
maharagama,matara,143.1,119.1
maharagama,hambantota,228.0,181.3
maharagama,tangalle,170.1,137.4
maharagama,ambalangoda,89.3,78.2
maharagama,deniyaya,179.5,161.5
maharagama,tissamaharama,236.9,193.0
maharagama,akuressa,131.4,114.7
maharagama,weligama,131.1,108.5
maharagama,batapola,87.6,80.2
maharagama,elipitiya,80.3,72.9
maharagama,jaffna,405.1,452.3
maharagama,vavuniya,265.3,288.9
maharagama,mannar,299.7,348.0
maharagama,kilinochchi,342.6,384.1
maharagama,mullaitivu,339.4,392.1
maharagama,point pedro,400.1,451.2
maharagama,chavakachcheri,390.3,436.0
maharagama,kayts,424.2,479.1
maharagama,veldithurai,404.0,457.8
maharagama,nallur,402.2,449.7
maharagama,trincomalee,268.7,287.2
maharagama,batticaloa,321.5,343.2
maharagama,ampara,320.7,354.6
maharagama,kalmunai,327.8,377.4
maharagama,akkaraipattu,339.5,364.8
maharagama,erei,261.8,289.7
maharagama,kattankudy,326.9,350.0
maharagama,mutur,276.5,300.4
maharagama,valachchenai,298.4,322.3
maharagama,kurunegala,105.1,104.8
maharagama,puttalam,146.0,157.0
maharagama,chilaw,92.3,99.1
maharagama,kuliyapitiya,90.2,106.6
maharagama,naththandiya,76.5,88.2
maharagama,wennappuwa,67.4,73.8
maharagama,madurankuliya,132.5,144.1
maharagama,pannala,74.5,85.8
maharagama,anuradhapura,219.7,238.0
maharagama,polonnaruwa,226.9,234.3
maharagama,medawachchiya,241.6,259.2
maharagama,kaduruwela,229.5,239.7
maharagama,kekirawa,189.1,198.5
maharagama,habarana,182.3,186.2
maharagama,galenbindunuwewa,247.3,274.3
maharagama,talawa,188.7,218.2
maharagama,badulla,202.4,221.1
maharagama,bandarawela,174.7,189.8
maharagama,monaragala,227.9,243.9
maharagama,welimada,173.8,206.5
maharagama,mahiyanganaya,201.1,230.9
maharagama,haputale,157.9,187.9
maharagama,ella,187.9,204.6
maharagama,passara,216.6,247.7
maharagama,wellawaya,180.6,193.5
maharagama,ratnapura,76.9,85.0
maharagama,kegalle,87.8,92.7
maharagama,embilipitiya,148.8,163.3
maharagama,balangoda,120.6,131.1
maharagama,ruwanwella,59.8,80.2
maharagama,deraniyagala,64.2,84.7
maharagama,kitulgala,80.3,100.8
maharagama,rakkula,106.3,117.0
boralesgamuwa,kandy,127.3,140.5
boralesgamuwa,matale,157.4,165.0
boralesgamuwa,nuwara eliya,155.1,183.9
boralesgamuwa,gampola,124.8,145.8
boralesgamuwa,hatton,116.8,141.3
boralesgamuwa,dambulla,163.3,166.9
boralesgamuwa,katugastota,130.6,145.9
boralesgamuwa,peradeniya,121.4,133.3
boralesgamuwa,pilimathalawa,114.6,124.7
boralesgamuwa,galagedara,134.0,138.5
boralesgamuwa,galle,102.8,92.0
boralesgamuwa,matara,140.0,116.6
boralesgamuwa,hambantota,224.9,178.9
boralesgamuwa,tangalle,167.0,134.9
boralesgamuwa,ambalangoda,86.2,75.7
boralesgamuwa,deniyaya,176.3,159.0
boralesgamuwa,tissamaharama,233.8,190.5
boralesgamuwa,akuressa,128.3,112.2
boralesgamuwa,weligama,127.9,106.0
boralesgamuwa,batapola,84.5,77.7
boralesgamuwa,elipitiya,77.1,70.4
boralesgamuwa,jaffna,407.3,455.7
boralesgamuwa,vavuniya,267.4,292.3
boralesgamuwa,mannar,299.2,346.8
boralesgamuwa,kilinochchi,344.8,387.5
boralesgamuwa,mullaitivu,341.5,395.5
boralesgamuwa,point pedro,402.2,454.6
boralesgamuwa,chavakachcheri,392.4,439.4
boralesgamuwa,kayts,426.4,482.6
boralesgamuwa,veldithurai,406.1,461.2
boralesgamuwa,nallur,404.4,453.1
boralesgamuwa,trincomalee,270.8,290.6
boralesgamuwa,batticaloa,323.6,346.6
boralesgamuwa,ampara,317.6,351.1
boralesgamuwa,kalmunai,341.7,378.2
boralesgamuwa,akkaraipattu,336.4,361.2
boralesgamuwa,erei,263.9,293.2
boralesgamuwa,kattankudy,329.0,353.5
boralesgamuwa,mutur,278.6,303.8
boralesgamuwa,valachchenai,300.5,325.8
boralesgamuwa,kurunegala,107.2,108.2
boralesgamuwa,puttalam,145.5,155.8
boralesgamuwa,chilaw,91.8,97.8
boralesgamuwa,kuliyapitiya,89.7,105.4
boralesgamuwa,naththandiya,75.9,87.0
boralesgamuwa,wennappuwa,66.9,72.5
boralesgamuwa,madurankuliya,132.0,142.8
boralesgamuwa,pannala,74.0,84.6
boralesgamuwa,anuradhapura,219.2,236.8
boralesgamuwa,polonnaruwa,229.0,237.7
boralesgamuwa,medawachchiya,243.7,262.6
boralesgamuwa,kaduruwela,231.6,243.1
boralesgamuwa,kekirawa,191.2,201.9
boralesgamuwa,habarana,184.5,189.7
boralesgamuwa,galenbindunuwewa,249.4,277.8
boralesgamuwa,talawa,200.6,218.6
boralesgamuwa,badulla,199.3,217.5
boralesgamuwa,bandarawela,171.6,186.2
boralesgamuwa,monaragala,224.8,240.3
boralesgamuwa,welimada,186.6,205.3
boralesgamuwa,mahiyanganaya,203.2,234.4
boralesgamuwa,haputale,154.8,184.3
boralesgamuwa,ella,184.8,201.0
boralesgamuwa,passara,213.5,244.2
boralesgamuwa,wellawaya,177.5,189.9
boralesgamuwa,ratnapura,73.7,81.4
boralesgamuwa,kegalle,89.9,96.2
boralesgamuwa,embilipitiya,145.6,159.7
boralesgamuwa,balangoda,117.4,127.6
boralesgamuwa,ruwanwella,61.9,83.6
boralesgamuwa,deraniyagala,66.3,88.1
boralesgamuwa,kitulgala,82.4,104.2
boralesgamuwa,rakkula,103.2,113.5
kandy,matale,25.5,35.2
kandy,nuwara eliya,76.1,95.4
kandy,gampola,19.2,23.8
kandy,hatton,68.3,82.6
kandy,dambulla,72.1,86.0
kandy,katugastota,6.5,9.5
kandy,peradeniya,5.7,7.3
kandy,pilimathalawa,12.4,15.4
kandy,galagedara,17.3,21.1
kandy,galle,215.3,209.2
kandy,matara,252.5,233.8
kandy,hambantota,240.9,277.2
kandy,tangalle,279.4,252.1
kandy,ambalangoda,198.6,192.9
kandy,deniyaya,223.8,254.7
kandy,tissamaharama,221.4,256.6
kandy,akuressa,240.7,229.4
kandy,weligama,240.4,223.2
kandy,batapola,196.9,194.9
kandy,elipitiya,189.6,187.6
kandy,jaffna,316.8,375.5
kandy,vavuniya,177.0,212.2
kandy,mannar,237.8,288.4
kandy,kilinochchi,254.3,307.3
kandy,mullaitivu,251.0,315.4
kandy,point pedro,311.7,374.4
kandy,chavakachcheri,301.9,359.3
kandy,kayts,335.9,402.4
kandy,veldithurai,315.6,381.1
kandy,nallur,313.9,372.9
kandy,trincomalee,180.4,210.4
kandy,batticaloa,184.0,217.8
kandy,ampara,187.5,218.7
kandy,kalmunai,203.3,241.4
kandy,akkaraipattu,215.4,254.2
kandy,erei,173.4,213.0
kandy,kattankudy,189.5,224.6
kandy,mutur,188.1,223.7
kandy,valachchenai,190.7,233.0
kandy,kurunegala,42.8,47.9
kandy,puttalam,129.9,157.0
kandy,chilaw,122.4,134.1
kandy,kuliyapitiya,88.6,96.9
kandy,naththandiya,112.6,127.5
kandy,wennappuwa,120.6,137.2
kandy,madurankuliya,136.1,164.3
kandy,pannala,96.8,109.0
kandy,anuradhapura,135.6,164.5
kandy,polonnaruwa,138.5,157.6
kandy,medawachchiya,153.2,182.4
kandy,kaduruwela,141.1,163.0
kandy,kekirawa,100.7,121.8
kandy,habarana,94.0,109.5
kandy,galenbindunuwewa,158.9,197.6
kandy,talawa,134.4,162.9
kandy,badulla,115.0,136.2
kandy,bandarawela,117.9,149.4
kandy,monaragala,158.3,188.3
kandy,welimada,96.9,121.5
kandy,mahiyanganaya,76.6,94.8
kandy,haputale,129.5,176.9
kandy,ella,130.7,163.7
kandy,passara,129.7,163.4
kandy,wellawaya,147.0,176.6
kandy,ratnapura,129.2,152.4
kandy,kegalle,37.6,45.2
kandy,embilipitiya,201.1,230.8
kandy,balangoda,128.0,167.9
kandy,ruwanwella,72.0,90.4
kandy,deraniyagala,95.1,118.2
kandy,kitulgala,62.6,76.5
kandy,rakkula,158.6,184.5
matale,nuwara eliya,99.7,127.9
matale,gampola,42.8,56.3
matale,hatton,91.9,115.1
matale,dambulla,47.1,51.6
matale,katugastota,21.6,30.3
matale,peradeniya,29.3,39.8
matale,pilimathalawa,36.0,47.9
matale,galagedara,25.7,39.5
matale,galle,245.4,234.2
matale,matara,282.6,258.8
matale,hambantota,264.5,309.7
matale,tangalle,309.6,277.2
matale,ambalangoda,228.8,217.9
matale,deniyaya,247.4,287.2
matale,tissamaharama,245.0,289.1
matale,akuressa,270.9,254.5
matale,weligama,270.5,248.3
matale,batapola,227.1,220.0
matale,elipitiya,219.7,212.7
matale,jaffna,291.8,341.1
matale,vavuniya,151.9,177.8
matale,mannar,212.8,254.0
matale,kilinochchi,229.3,272.9
matale,mullaitivu,226.0,281.0
matale,point pedro,286.7,340.0
matale,chavakachcheri,276.9,324.9
matale,kayts,310.9,368.0
matale,veldithurai,290.6,346.7
matale,nallur,288.9,338.5
matale,trincomalee,155.3,176.0
matale,batticaloa,208.1,232.1
matale,ampara,194.6,239.2
matale,kalmunai,210.4,261.9
matale,akkaraipattu,222.5,274.7
matale,erei,148.4,178.6
matale,kattankudy,213.6,238.9
matale,mutur,163.1,189.3
matale,valachchenai,185.0,211.2
matale,kurunegala,50.9,60.5
matale,puttalam,137.7,169.5
matale,chilaw,124.0,147.2
matale,kuliyapitiya,90.2,110.0
matale,naththandiya,114.2,140.6
matale,wennappuwa,130.0,151.1
matale,madurankuliya,143.9,176.8
matale,pannala,106.2,123.0
matale,anuradhapura,110.6,130.1
matale,polonnaruwa,113.5,123.2
matale,medawachchiya,128.2,148.0
matale,kaduruwela,116.1,128.6
matale,kekirawa,75.7,87.4
matale,habarana,69.0,75.1
matale,galenbindunuwewa,133.9,163.2
matale,talawa,113.3,134.4
matale,badulla,136.8,165.6
matale,bandarawela,141.5,181.9
matale,monaragala,168.1,214.2
matale,welimada,120.5,154.0
matale,mahiyanganaya,87.8,115.4
matale,haputale,153.1,209.4
matale,ella,158.7,194.1
matale,passara,151.4,192.8
matale,wellawaya,170.5,209.1
matale,ratnapura,152.8,184.9
matale,kegalle,61.2,77.7
matale,embilipitiya,224.7,263.2
matale,balangoda,151.6,200.4
matale,ruwanwella,95.6,122.9
matale,deraniyagala,118.7,150.7
matale,kitulgala,86.2,109.0
matale,rakkula,182.2,217.0
nuwara eliya,gampola,57.3,72.5
nuwara eliya,hatton,40.8,46.5
nuwara eliya,dambulla,146.6,179.2
nuwara eliya,katugastota,79.8,101.3
nuwara eliya,peradeniya,70.6,88.7
nuwara eliya,pilimathalawa,74.2,96.9
nuwara eliya,galagedara,86.9,110.5
nuwara eliya,galle,254.9,247.7
nuwara eliya,matara,227.3,226.5
nuwara eliya,hambantota,164.9,181.8
nuwara eliya,tangalle,193.9,204.6
nuwara eliya,ambalangoda,235.2,239.9
nuwara eliya,deniyaya,178.2,198.9
nuwara eliya,tissamaharama,145.3,161.2
nuwara eliya,akuressa,230.3,230.7
nuwara eliya,weligama,233.0,231.6
nuwara eliya,batapola,233.5,241.9
nuwara eliya,elipitiya,226.2,234.6
nuwara eliya,jaffna,391.3,468.7
nuwara eliya,vavuniya,251.5,305.3
nuwara eliya,mannar,312.3,381.6
nuwara eliya,kilinochchi,328.8,400.5
nuwara eliya,mullaitivu,325.5,408.5
nuwara eliya,point pedro,386.3,467.6
nuwara eliya,chavakachcheri,376.4,452.5
nuwara eliya,kayts,410.4,495.6
nuwara eliya,veldithurai,390.2,474.3
nuwara eliya,nallur,388.4,466.1
nuwara eliya,trincomalee,254.9,303.6
nuwara eliya,batticaloa,197.6,236.9
nuwara eliya,ampara,187.0,225.7
nuwara eliya,kalmunai,213.9,257.1
nuwara eliya,akkaraipattu,221.3,249.8
nuwara eliya,erei,186.7,249.6
nuwara eliya,kattankudy,203.1,243.7
nuwara eliya,mutur,262.6,316.9
nuwara eliya,valachchenai,204.4,252.1
nuwara eliya,kurunegala,112.4,137.3
nuwara eliya,puttalam,199.5,246.4
nuwara eliya,chilaw,176.9,222.7
nuwara eliya,kuliyapitiya,143.1,185.5
nuwara eliya,naththandiya,167.1,216.1
nuwara eliya,wennappuwa,177.9,207.5
nuwara eliya,madurankuliya,205.7,253.7
nuwara eliya,pannala,144.7,188.1
nuwara eliya,anuradhapura,210.2,257.7
nuwara eliya,polonnaruwa,189.2,231.2
nuwara eliya,medawachchiya,227.7,275.6
nuwara eliya,kaduruwela,188.6,232.5
nuwara eliya,kekirawa,175.2,215.0
nuwara eliya,habarana,168.5,202.7
nuwara eliya,galenbindunuwewa,233.4,290.8
nuwara eliya,talawa,204.0,252.4
nuwara eliya,badulla,51.6,65.1
nuwara eliya,bandarawela,41.9,54.0
nuwara eliya,monaragala,109.7,128.9
nuwara eliya,welimada,20.8,26.0
nuwara eliya,mahiyanganaya,94.0,118.5
nuwara eliya,haputale,53.5,81.5
nuwara eliya,ella,54.6,68.3
nuwara eliya,passara,65.8,91.8
nuwara eliya,wellawaya,70.9,81.1
nuwara eliya,ratnapura,129.1,142.5
nuwara eliya,kegalle,92.7,123.4
nuwara eliya,embilipitiya,139.1,161.7
nuwara eliya,balangoda,85.7,96.8
nuwara eliya,ruwanwella,102.1,113.9
nuwara eliya,deraniyagala,100.5,127.5
nuwara eliya,kitulgala,73.6,81.8
nuwara eliya,rakkula,113.0,128.6
gampola,hatton,49.1,58.9
gampola,dambulla,89.7,107.5
gampola,katugastota,22.9,29.6
gampola,peradeniya,13.6,17.0
gampola,pilimathalawa,17.3,25.2
gampola,galagedara,29.9,38.9
gampola,galle,213.3,215.1
gampola,matara,250.4,239.7
gampola,hambantota,222.3,254.4
gampola,tangalle,210.2,257.0
gampola,ambalangoda,196.6,198.8
gampola,deniyaya,217.8,241.9
gampola,tissamaharama,202.8,233.7
gampola,akuressa,238.7,235.4
gampola,weligama,238.4,229.2
gampola,batapola,194.9,200.8
gampola,elipitiya,187.6,193.5
gampola,jaffna,334.4,397.0
gampola,vavuniya,194.5,233.6
gampola,mannar,255.4,309.9
gampola,kilinochchi,271.9,328.8
gampola,mullaitivu,268.6,336.9
gampola,point pedro,329.3,395.9
gampola,chavakachcheri,319.5,380.8
gampola,kayts,353.5,423.9
gampola,veldithurai,333.2,402.6
gampola,nallur,331.5,394.4
gampola,trincomalee,197.9,231.9
gampola,batticaloa,202.9,241.0
gampola,ampara,206.4,241.9
gampola,kalmunai,222.2,264.6
gampola,akkaraipattu,234.3,277.4
gampola,erei,191.0,234.5
gampola,kattankudy,208.3,247.8
gampola,mutur,205.7,245.2
gampola,valachchenai,209.6,256.2
gampola,kurunegala,55.5,65.6
gampola,puttalam,142.6,174.7
gampola,chilaw,119.8,150.5
gampola,kuliyapitiya,86.0,113.3
gampola,naththandiya,110.0,143.9
gampola,wennappuwa,111.4,144.0
gampola,madurankuliya,148.8,182.0
gampola,pannala,87.6,115.8
gampola,anuradhapura,153.2,186.0
gampola,polonnaruwa,156.1,179.1
gampola,medawachchiya,170.8,203.9
gampola,kaduruwela,158.7,184.4
gampola,kekirawa,118.3,143.3
gampola,habarana,111.6,131.0
gampola,galenbindunuwewa,176.5,219.1
gampola,talawa,147.1,180.7
gampola,badulla,109.1,137.7
gampola,bandarawela,99.3,126.6
gampola,monaragala,167.1,201.5
gampola,welimada,78.2,98.6
gampola,mahiyanganaya,95.5,118.1
gampola,haputale,110.9,154.1
gampola,ella,112.0,140.9
gampola,passara,123.2,164.4
gampola,wellawaya,128.3,153.7
gampola,ratnapura,123.2,139.6
gampola,kegalle,35.6,51.1
gampola,embilipitiya,162.2,209.1
gampola,balangoda,108.7,144.2
gampola,ruwanwella,71.8,84.9
gampola,deraniyagala,70.2,98.4
gampola,kitulgala,43.4,52.8
gampola,rakkula,152.6,171.7
hatton,dambulla,138.3,165.5
hatton,katugastota,71.6,87.6
hatton,peradeniya,62.3,75.0
hatton,pilimathalawa,65.9,83.1
hatton,galagedara,78.6,96.8
hatton,galle,213.5,213.7
hatton,matara,195.2,221.8
hatton,hambantota,169.0,202.0
hatton,tangalle,161.7,200.0
hatton,ambalangoda,196.8,197.4
hatton,deniyaya,152.8,189.3
hatton,tissamaharama,168.0,201.7
hatton,akuressa,198.1,226.1
hatton,weligama,200.8,227.0
hatton,batapola,195.1,199.4
hatton,elipitiya,187.8,192.1
hatton,jaffna,383.0,455.0
hatton,vavuniya,243.2,291.6
hatton,mannar,304.1,367.9
hatton,kilinochchi,320.5,386.8
hatton,mullaitivu,317.3,394.8
hatton,point pedro,378.0,453.9
hatton,chavakachcheri,368.1,438.8
hatton,kayts,402.1,481.9
hatton,veldithurai,381.9,460.5
hatton,nallur,380.1,452.4
hatton,trincomalee,246.6,289.9
hatton,batticaloa,233.2,277.2
hatton,ampara,227.8,272.5
hatton,kalmunai,252.5,300.8
hatton,akkaraipattu,252.5,293.0
hatton,erei,222.3,289.9
hatton,kattankudy,238.7,284.1
hatton,mutur,254.4,303.2
hatton,valachchenai,240.0,292.5
hatton,kurunegala,104.1,123.6
hatton,puttalam,191.3,232.7
hatton,chilaw,164.5,190.3
hatton,kuliyapitiya,133.4,160.4
hatton,naththandiya,148.6,179.4
hatton,wennappuwa,139.6,165.0
hatton,madurankuliya,204.6,235.3
hatton,pannala,124.7,150.4
hatton,anuradhapura,201.9,244.0
hatton,polonnaruwa,204.7,237.0
hatton,medawachchiya,219.5,261.9
hatton,kaduruwela,207.4,242.4
hatton,kekirawa,167.0,201.3
hatton,habarana,160.2,189.0
hatton,galenbindunuwewa,225.2,277.1
hatton,talawa,195.7,238.7
hatton,badulla,92.4,111.9
hatton,bandarawela,82.7,100.8
hatton,monaragala,140.9,172.1
hatton,welimada,61.6,72.8
hatton,mahiyanganaya,129.6,158.9
hatton,haputale,70.9,116.1
hatton,ella,95.4,115.1
hatton,passara,106.6,138.6
hatton,wellawaya,93.6,121.7
hatton,ratnapura,115.1,126.2
hatton,kegalle,88.8,104.2
hatton,embilipitiya,113.8,152.1
hatton,balangoda,60.3,87.2
hatton,ruwanwella,63.8,71.4
hatton,deraniyagala,62.1,85.0
hatton,kitulgala,35.3,39.3
hatton,rakkula,87.7,119.0
dambulla,katugastota,68.5,81.4
dambulla,peradeniya,76.2,90.9
dambulla,pilimathalawa,82.9,99.0
dambulla,galagedara,72.6,90.6
dambulla,galle,251.2,235.6
dambulla,matara,288.4,260.2
dambulla,hambantota,305.1,316.7
dambulla,tangalle,315.3,278.5
dambulla,ambalangoda,234.5,219.3
dambulla,deniyaya,272.6,290.8
dambulla,tissamaharama,252.1,302.9
dambulla,akuressa,276.6,255.8
dambulla,weligama,276.3,249.6
dambulla,batapola,232.8,221.3
dambulla,elipitiya,225.5,214.0
dambulla,jaffna,244.9,290.7
dambulla,vavuniya,105.1,127.4
dambulla,mannar,166.0,203.6
dambulla,kilinochchi,182.4,222.5
dambulla,mullaitivu,179.2,230.6
dambulla,point pedro,239.9,289.7
dambulla,chavakachcheri,230.0,274.5
dambulla,kayts,264.0,317.6
dambulla,veldithurai,243.8,296.3
dambulla,nallur,242.0,288.2
dambulla,trincomalee,108.5,125.7
dambulla,batticaloa,161.2,181.7
dambulla,ampara,199.3,225.6
dambulla,kalmunai,202.8,229.5
dambulla,akkaraipattu,225.5,256.9
dambulla,erei,101.6,128.2
dambulla,kattankudy,166.7,188.5
dambulla,mutur,116.2,138.9
dambulla,valachchenai,138.1,160.8
dambulla,kurunegala,56.7,61.9
dambulla,puttalam,124.5,149.6
dambulla,chilaw,129.8,148.6
dambulla,kuliyapitiya,95.9,111.4
dambulla,naththandiya,119.9,142.0
dambulla,wennappuwa,135.7,152.4
dambulla,madurankuliya,140.8,169.2
dambulla,pannala,112.0,124.3
dambulla,anuradhapura,63.8,79.7
dambulla,polonnaruwa,66.6,72.8
dambulla,medawachchiya,81.4,97.6
dambulla,kaduruwela,69.2,78.2
dambulla,kekirawa,28.9,37.0
dambulla,habarana,22.1,24.7
dambulla,galenbindunuwewa,87.1,112.8
dambulla,talawa,66.5,84.0
dambulla,badulla,146.4,186.0
dambulla,bandarawela,174.8,218.4
dambulla,monaragala,180.3,220.2
dambulla,welimada,167.4,205.1
dambulla,mahiyanganaya,96.2,122.6
dambulla,haputale,200.1,260.6
dambulla,ella,168.3,214.5
dambulla,passara,161.0,213.2
dambulla,wellawaya,199.4,257.9
dambulla,ratnapura,178.0,188.5
dambulla,kegalle,87.5,97.3
dambulla,embilipitiya,249.9,266.8
dambulla,balangoda,221.7,234.6
dambulla,ruwanwella,118.1,138.2
dambulla,deraniyagala,141.2,166.0
dambulla,kitulgala,133.1,160.1
dambulla,rakkula,207.4,220.5
katugastota,peradeniya,9.5,13.6
katugastota,pilimathalawa,16.2,21.7
katugastota,galagedara,11.7,15.3
katugastota,galle,230.5,214.4
katugastota,matara,267.6,239.0
katugastota,hambantota,244.7,283.5
katugastota,tangalle,294.6,257.4
katugastota,ambalangoda,213.8,198.1
katugastota,deniyaya,227.6,261.0
katugastota,tissamaharama,225.2,262.9
katugastota,akuressa,255.9,234.7
katugastota,weligama,255.6,228.5
katugastota,batapola,212.1,200.2
katugastota,elipitiya,204.8,192.8
katugastota,jaffna,313.2,371.3
katugastota,vavuniya,173.4,207.9
katugastota,mannar,234.2,284.1
katugastota,kilinochchi,250.7,303.1
katugastota,mullaitivu,247.4,311.1
katugastota,point pedro,308.1,370.2
katugastota,chavakachcheri,298.3,355.0
katugastota,kayts,332.3,398.2
katugastota,veldithurai,312.0,376.8
katugastota,nallur,310.3,368.7
katugastota,trincomalee,176.8,206.2
katugastota,batticaloa,183.7,220.8
katugastota,ampara,187.3,221.7
katugastota,kalmunai,203.0,244.4
katugastota,akkaraipattu,215.1,257.2
katugastota,erei,169.8,208.8
katugastota,kattankudy,189.2,227.6
katugastota,mutur,184.5,219.4
katugastota,valachchenai,190.5,236.0
katugastota,kurunegala,37.2,42.0
katugastota,puttalam,124.3,151.1
katugastota,chilaw,116.9,128.2
katugastota,kuliyapitiya,83.0,91.1
katugastota,naththandiya,107.0,121.7
katugastota,wennappuwa,115.0,131.3
katugastota,madurankuliya,130.5,158.4
katugastota,pannala,91.3,103.2
katugastota,anuradhapura,132.0,160.2
katugastota,polonnaruwa,134.9,153.3
katugastota,medawachchiya,149.6,178.2
katugastota,kaduruwela,137.5,158.7
katugastota,kekirawa,97.1,117.5
katugastota,habarana,90.4,105.2
katugastota,galenbindunuwewa,155.3,193.4
katugastota,talawa,128.8,157.1
katugastota,badulla,118.2,140.7
katugastota,bandarawela,121.7,155.7
katugastota,monaragala,161.5,192.8
katugastota,welimada,100.7,127.7
katugastota,mahiyanganaya,76.4,97.9
katugastota,haputale,133.3,183.2
katugastota,ella,140.1,169.1
katugastota,passara,132.8,167.9
katugastota,wellawaya,150.7,182.8
katugastota,ratnapura,133.0,158.7
katugastota,kegalle,41.4,51.4
katugastota,embilipitiya,204.9,237.0
katugastota,balangoda,131.8,174.2
katugastota,ruwanwella,75.8,96.6
katugastota,deraniyagala,98.9,124.4
katugastota,kitulgala,66.4,82.8
katugastota,rakkula,162.4,190.7
peradeniya,pilimathalawa,7.4,9.5
peradeniya,galagedara,16.3,21.9
peradeniya,galle,210.4,203.3
peradeniya,matara,247.5,227.9
peradeniya,hambantota,236.0,271.3
peradeniya,tangalle,274.5,246.2
peradeniya,ambalangoda,193.7,186.9
peradeniya,deniyaya,218.8,248.8
peradeniya,tissamaharama,216.5,250.7
peradeniya,akuressa,235.8,223.5
peradeniya,weligama,235.5,217.3
peradeniya,batapola,192.0,189.0
peradeniya,elipitiya,184.7,181.7
peradeniya,jaffna,320.7,380.0
peradeniya,vavuniya,180.9,216.7
peradeniya,mannar,241.8,292.9
peradeniya,kilinochchi,258.2,311.8
peradeniya,mullaitivu,255.0,319.9
peradeniya,point pedro,315.7,379.0
peradeniya,chavakachcheri,305.8,363.8
peradeniya,kayts,339.8,406.9
peradeniya,veldithurai,319.6,385.6
peradeniya,nallur,317.8,377.5
peradeniya,trincomalee,184.3,214.9
peradeniya,batticaloa,189.2,224.0
peradeniya,ampara,192.8,224.9
peradeniya,kalmunai,208.5,247.6
peradeniya,akkaraipattu,220.6,260.4
peradeniya,erei,177.4,217.5
peradeniya,kattankudy,194.7,230.8
peradeniya,mutur,192.0,228.2
peradeniya,valachchenai,196.0,239.2
peradeniya,kurunegala,41.8,48.6
peradeniya,puttalam,129.0,157.8
peradeniya,chilaw,121.5,134.9
peradeniya,kuliyapitiya,87.6,97.7
peradeniya,naththandiya,111.6,128.3
peradeniya,wennappuwa,108.5,132.1
peradeniya,madurankuliya,135.1,165.0
peradeniya,pannala,84.7,104.0
peradeniya,anuradhapura,139.6,169.0
peradeniya,polonnaruwa,142.4,162.1
peradeniya,medawachchiya,157.2,186.9
peradeniya,kaduruwela,145.0,167.5
peradeniya,kekirawa,104.7,126.3
peradeniya,habarana,97.9,114.0
peradeniya,galenbindunuwewa,162.9,202.1
peradeniya,talawa,133.4,163.7
peradeniya,badulla,120.3,142.4
peradeniya,bandarawela,113.0,143.5
peradeniya,monaragala,163.6,194.5
peradeniya,welimada,91.9,115.6
peradeniya,mahiyanganaya,81.9,101.1
peradeniya,haputale,124.6,171.0
peradeniya,ella,125.7,157.8
peradeniya,passara,134.9,169.7
peradeniya,wellawaya,142.0,170.7
peradeniya,ratnapura,124.3,146.5
peradeniya,kegalle,32.7,39.3
peradeniya,embilipitiya,196.1,224.8
peradeniya,balangoda,123.1,162.0
peradeniya,ruwanwella,67.1,84.5
peradeniya,deraniyagala,90.2,112.3
peradeniya,kitulgala,57.7,70.6
peradeniya,rakkula,153.7,178.6
pilimathalawa,galagedara,18.1,28.0
pilimathalawa,galle,203.0,194.1
pilimathalawa,matara,240.2,218.7
pilimathalawa,hambantota,244.0,265.6
pilimathalawa,tangalle,267.2,237.1
pilimathalawa,ambalangoda,186.4,177.8
pilimathalawa,deniyaya,211.5,239.7
pilimathalawa,tissamaharama,219.5,258.0
pilimathalawa,akuressa,228.5,214.4
pilimathalawa,weligama,228.1,208.1
pilimathalawa,batapola,184.7,179.8
pilimathalawa,elipitiya,177.3,172.5
pilimathalawa,jaffna,327.6,388.9
pilimathalawa,vavuniya,187.8,225.5
pilimathalawa,mannar,248.6,301.7
pilimathalawa,kilinochchi,265.1,320.6
pilimathalawa,mullaitivu,261.8,328.7
pilimathalawa,point pedro,322.6,387.8
pilimathalawa,chavakachcheri,312.7,372.6
pilimathalawa,kayts,346.7,415.7
pilimathalawa,veldithurai,326.5,394.4
pilimathalawa,nallur,324.7,386.3
pilimathalawa,trincomalee,191.2,223.8
pilimathalawa,batticaloa,196.1,232.8
pilimathalawa,ampara,199.6,233.7
pilimathalawa,kalmunai,215.4,256.4
pilimathalawa,akkaraipattu,227.5,269.3
pilimathalawa,erei,184.2,226.3
pilimathalawa,kattankudy,201.6,239.7
pilimathalawa,mutur,198.9,237.0
pilimathalawa,valachchenai,202.9,248.1
pilimathalawa,kurunegala,43.7,54.7
pilimathalawa,puttalam,130.8,163.9
pilimathalawa,chilaw,109.6,129.5
pilimathalawa,kuliyapitiya,75.8,92.3
pilimathalawa,naththandiya,99.8,122.9
pilimathalawa,wennappuwa,101.1,123.0
pilimathalawa,madurankuliya,137.0,171.1
pilimathalawa,pannala,77.4,94.8
pilimathalawa,anuradhapura,146.5,177.8
pilimathalawa,polonnaruwa,149.3,170.9
pilimathalawa,medawachchiya,164.0,195.8
pilimathalawa,kaduruwela,151.9,176.3
pilimathalawa,kekirawa,111.5,135.1
pilimathalawa,habarana,104.8,122.8
pilimathalawa,galenbindunuwewa,169.7,210.9
pilimathalawa,talawa,135.3,169.8
pilimathalawa,badulla,127.2,151.2
pilimathalawa,bandarawela,116.0,150.8
pilimathalawa,monaragala,170.4,203.4
pilimathalawa,welimada,95.0,122.8
pilimathalawa,mahiyanganaya,88.7,109.9
pilimathalawa,haputale,127.6,178.3
pilimathalawa,ella,128.8,165.1
pilimathalawa,passara,141.8,178.5
pilimathalawa,wellawaya,145.1,177.9
pilimathalawa,ratnapura,116.9,137.4
pilimathalawa,kegalle,25.4,30.1
pilimathalawa,embilipitiya,188.8,215.7
pilimathalawa,balangoda,126.1,169.3
pilimathalawa,ruwanwella,59.7,75.3
pilimathalawa,deraniyagala,82.9,103.1
pilimathalawa,kitulgala,60.7,77.9
pilimathalawa,rakkula,146.4,169.4
galagedara,galle,221.6,206.8
galagedara,matara,258.8,231.4
galagedara,hambantota,275.5,287.9
galagedara,tangalle,285.8,249.8
galagedara,ambalangoda,204.9,190.5
galagedara,deniyaya,243.0,262.0
galagedara,tissamaharama,232.2,272.0
galagedara,akuressa,247.0,227.0
galagedara,weligama,246.7,220.8
galagedara,batapola,203.3,192.5
galagedara,elipitiya,195.9,185.2
galagedara,jaffna,317.2,380.3
galagedara,vavuniya,177.4,216.9
galagedara,mannar,238.2,293.2
galagedara,kilinochchi,254.7,312.1
galagedara,mullaitivu,251.4,320.1
galagedara,point pedro,312.2,379.2
galagedara,chavakachcheri,302.3,364.0
galagedara,kayts,336.3,407.2
galagedara,veldithurai,316.1,385.8
galagedara,nallur,314.3,377.7
galagedara,trincomalee,180.8,215.2
galagedara,batticaloa,194.4,232.5
galagedara,ampara,198.0,233.4
galagedara,kalmunai,213.7,256.1
galagedara,akkaraipattu,225.8,268.9
galagedara,erei,173.8,217.8
galagedara,kattankudy,199.9,239.3
galagedara,mutur,188.5,228.5
galagedara,valachchenai,201.2,247.7
galagedara,kurunegala,28.4,34.3
galagedara,puttalam,115.5,143.5
galagedara,chilaw,108.0,120.6
galagedara,kuliyapitiya,74.2,83.4
galagedara,naththandiya,98.2,114.0
galagedara,wennappuwa,106.1,123.7
galagedara,madurankuliya,121.6,150.8
galagedara,pannala,82.4,95.5
galagedara,anuradhapura,136.1,169.3
galagedara,polonnaruwa,138.9,162.3
galagedara,medawachchiya,153.7,187.2
galagedara,kaduruwela,141.5,167.7
galagedara,kekirawa,101.2,126.6
galagedara,habarana,94.4,114.3
galagedara,galenbindunuwewa,159.3,202.4
galagedara,talawa,120.0,149.4
galagedara,badulla,128.9,152.3
galagedara,bandarawela,128.7,164.8
galagedara,monaragala,172.2,204.5
galagedara,welimada,107.7,136.9
galagedara,mahiyanganaya,87.1,109.6
galagedara,haputale,140.3,192.3
galagedara,ella,141.5,179.1
galagedara,passara,143.6,179.6
galagedara,wellawaya,157.8,192.0
galagedara,ratnapura,148.5,159.7
galagedara,kegalle,40.4,57.5
galagedara,embilipitiya,220.3,238.0
galagedara,balangoda,138.8,183.3
galagedara,ruwanwella,74.7,102.6
galagedara,deraniyagala,97.8,130.4
galagedara,kitulgala,73.4,91.9
galagedara,rakkula,177.9,191.7
galle,matara,48.7,49.3
galle,hambantota,133.6,111.5
galle,tangalle,75.7,67.6
galle,ambalangoda,31.3,38.6
galle,deniyaya,83.4,91.7
galle,tissamaharama,142.5,123.1
galle,akuressa,37.0,44.9
galle,weligama,27.9,31.6
galle,batapola,28.8,37.6
galle,elipitiya,40.0,43.3
galle,jaffna,501.0,524.3
galle,vavuniya,361.2,360.9
galle,mannar,406.0,422.9
galle,kilinochchi,438.5,456.1
galle,mullaitivu,435.2,464.1
galle,point pedro,495.9,523.2
galle,chavakachcheri,486.1,508.0
galle,kayts,520.1,551.2
galle,veldithurai,499.8,529.8
galle,nallur,498.1,521.7
galle,trincomalee,364.6,359.2
galle,batticaloa,345.8,354.1
galle,ampara,298.9,301.9
galle,kalmunai,323.1,329.1
galle,akkaraipattu,317.8,312.0
galle,erei,357.6,361.8
galle,kattankudy,351.3,360.9
galle,mutur,372.3,372.4
galle,valachchenai,352.5,369.3
galle,kurunegala,200.9,176.8
galle,puttalam,252.2,231.9
galle,chilaw,198.6,174.0
galle,kuliyapitiya,190.6,180.1
galle,naththandiya,182.7,163.1
galle,wennappuwa,173.6,148.7
galle,madurankuliya,238.7,219.0
galle,pannala,180.7,160.7
galle,anuradhapura,301.1,311.1
galle,polonnaruwa,322.7,306.3
galle,medawachchiya,337.4,331.2
galle,kaduruwela,325.3,311.7
galle,kekirawa,284.9,270.5
galle,habarana,278.2,258.3
galle,galenbindunuwewa,343.1,346.4
galle,talawa,284.5,290.2
galle,badulla,219.2,215.0
galle,bandarawela,211.1,202.7
galle,monaragala,206.1,191.2
galle,welimada,231.0,228.3
galle,mahiyanganaya,272.0,281.9
galle,haputale,200.6,214.5
galle,ella,197.1,185.8
galle,passara,215.5,228.6
galle,wellawaya,184.7,167.5
galle,ratnapura,147.0,137.2
galle,kegalle,183.6,164.8
galle,embilipitiya,109.8,95.4
galle,balangoda,163.3,157.7
galle,ruwanwella,163.8,156.0
galle,deraniyagala,168.2,160.5
galle,kitulgala,184.3,176.6
galle,rakkula,151.9,137.9
matara,hambantota,103.4,89.5
matara,tangalle,37.0,41.3
matara,ambalangoda,77.9,69.4
matara,deniyaya,69.2,77.6
matara,tissamaharama,112.3,101.1
matara,akuressa,15.5,22.1
matara,weligama,17.7,22.9
matara,batapola,69.3,66.0
matara,elipitiya,69.1,64.4
matara,jaffna,530.1,545.4
matara,vavuniya,390.3,382.0
matara,mannar,435.1,444.0
matara,kilinochchi,467.6,477.2
matara,mullaitivu,464.3,485.2
matara,point pedro,525.0,544.3
matara,chavakachcheri,515.2,529.1
matara,kayts,549.2,572.3
matara,veldithurai,528.9,550.9
matara,nallur,527.2,542.8
matara,trincomalee,393.7,380.3
matara,batticaloa,315.6,332.0
matara,ampara,268.7,279.8
matara,kalmunai,292.9,307.0
matara,akkaraipattu,287.5,290.0
matara,erei,329.0,375.2
matara,kattankudy,321.0,338.8
matara,mutur,401.4,393.5
matara,valachchenai,322.3,347.2
matara,kurunegala,230.0,197.9
matara,puttalam,281.3,253.0
matara,chilaw,227.6,195.1
matara,kuliyapitiya,219.7,201.2
matara,naththandiya,211.8,184.2
matara,wennappuwa,202.7,169.8
matara,madurankuliya,267.8,240.1
matara,pannala,209.8,181.8
matara,anuradhapura,330.2,332.2
matara,polonnaruwa,351.8,327.4
matara,medawachchiya,366.5,352.3
matara,kaduruwela,354.4,332.8
matara,kekirawa,314.0,291.6
matara,habarana,307.3,279.4
matara,galenbindunuwewa,372.2,367.5
matara,talawa,313.6,311.3
matara,badulla,189.0,192.9
matara,bandarawela,180.9,180.6
matara,monaragala,175.9,169.1
matara,welimada,200.8,206.2
matara,mahiyanganaya,241.8,259.9
matara,haputale,170.4,192.4
matara,ella,166.9,163.7
matara,passara,185.3,206.5
matara,wellawaya,154.5,145.4
matara,ratnapura,151.3,148.6
matara,kegalle,212.7,185.9
matara,embilipitiya,79.6,73.3
matara,balangoda,133.1,135.6
matara,ruwanwella,192.9,177.1
matara,deraniyagala,197.3,181.6
matara,kitulgala,213.4,197.7
matara,rakkula,121.7,115.8
hambantota,tangalle,47.9,53.6
hambantota,ambalangoda,164.6,134.1
hambantota,deniyaya,93.9,103.2
hambantota,tissamaharama,29.7,34.5
hambantota,akuressa,107.2,92.4
hambantota,weligama,109.9,93.3
hambantota,batapola,156.0,130.7
hambantota,elipitiya,155.8,129.0
hambantota,jaffna,549.1,605.3
hambantota,vavuniya,409.3,441.9
hambantota,mannar,521.8,508.7
hambantota,kilinochchi,486.6,537.1
hambantota,mullaitivu,483.4,545.1
hambantota,point pedro,544.1,604.2
hambantota,chavakachcheri,534.2,589.0
hambantota,kayts,568.2,632.1
hambantota,veldithurai,548.0,610.8
hambantota,nallur,546.2,602.7
hambantota,trincomalee,357.6,421.3
hambantota,batticaloa,249.2,283.3
hambantota,ampara,202.3,231.1
hambantota,kalmunai,226.5,258.2
hambantota,akkaraipattu,221.1,241.2
hambantota,erei,262.6,326.4
hambantota,kattankudy,254.6,290.1
hambantota,mutur,329.3,391.0
hambantota,valachchenai,255.9,298.5
hambantota,kurunegala,249.1,257.8
hambantota,puttalam,368.1,317.7
hambantota,chilaw,314.4,259.8
hambantota,kuliyapitiya,306.4,265.8
hambantota,naththandiya,298.5,248.9
hambantota,wennappuwa,289.5,234.5
hambantota,madurankuliya,354.5,304.8
hambantota,pannala,296.6,246.5
hambantota,anuradhapura,349.2,392.1
hambantota,polonnaruwa,265.2,308.0
hambantota,medawachchiya,385.6,412.2
hambantota,kaduruwela,264.6,309.3
hambantota,kekirawa,333.1,351.5
hambantota,habarana,326.3,339.2
hambantota,galenbindunuwewa,391.3,427.4
hambantota,talawa,332.6,371.2
hambantota,badulla,132.5,148.2
hambantota,bandarawela,124.4,135.9
hambantota,monaragala,109.5,120.4
hambantota,welimada,144.3,161.4
hambantota,mahiyanganaya,180.0,213.6
hambantota,haputale,126.2,148.8
hambantota,ella,110.4,119.0
hambantota,passara,128.8,161.7
hambantota,wellawaya,98.0,100.7
hambantota,ratnapura,126.3,127.8
hambantota,kegalle,216.5,231.0
hambantota,embilipitiya,54.6,52.5
hambantota,balangoda,108.1,114.9
hambantota,ruwanwella,186.8,195.8
hambantota,deraniyagala,164.4,184.2
hambantota,kitulgala,207.4,216.4
hambantota,rakkula,96.7,95.1
tangalle,ambalangoda,105.8,89.4
tangalle,deniyaya,62.3,82.5
tangalle,tissamaharama,80.7,78.9
tangalle,akuressa,48.3,47.7
tangalle,weligama,51.0,48.6
tangalle,batapola,97.2,86.0
tangalle,elipitiya,97.0,84.3
tangalle,jaffna,558.0,565.4
tangalle,vavuniya,418.1,402.0
tangalle,mannar,463.0,464.0
tangalle,kilinochchi,495.5,497.1
tangalle,mullaitivu,492.2,505.2
tangalle,point pedro,552.9,564.3
tangalle,chavakachcheri,543.1,549.1
tangalle,kayts,577.1,592.2
tangalle,veldithurai,556.8,570.9
tangalle,nallur,555.1,562.8
tangalle,trincomalee,421.5,400.3
tangalle,batticaloa,284.0,309.9
tangalle,ampara,237.1,257.7
tangalle,kalmunai,261.3,284.9
tangalle,akkaraipattu,256.0,267.8
tangalle,erei,297.4,353.0
tangalle,kattankudy,289.5,316.7
tangalle,mutur,429.3,413.5
tangalle,valachchenai,290.7,325.1
tangalle,kurunegala,257.9,217.8
tangalle,puttalam,309.2,273.0
tangalle,chilaw,255.5,215.1
tangalle,kuliyapitiya,247.6,221.1
tangalle,naththandiya,239.7,204.2
tangalle,wennappuwa,230.6,189.8
tangalle,madurankuliya,295.7,260.1
tangalle,pannala,237.7,201.8
tangalle,anuradhapura,358.1,352.1
tangalle,polonnaruwa,300.0,334.6
tangalle,medawachchiya,394.4,372.3
tangalle,kaduruwela,299.4,335.9
tangalle,kekirawa,341.9,311.6
tangalle,habarana,335.2,299.3
tangalle,galenbindunuwewa,400.1,387.4
tangalle,talawa,341.5,331.3
tangalle,badulla,157.4,170.8
tangalle,bandarawela,149.3,158.5
tangalle,monaragala,144.3,147.0
tangalle,welimada,169.2,184.1
tangalle,mahiyanganaya,210.2,237.7
tangalle,haputale,138.8,170.3
tangalle,ella,135.3,141.6
tangalle,passara,153.7,184.4
tangalle,wellawaya,122.9,123.3
tangalle,ratnapura,119.7,126.4
tangalle,kegalle,240.6,205.8
tangalle,embilipitiya,48.0,51.2
tangalle,balangoda,101.5,113.5
tangalle,ruwanwella,180.2,194.4
tangalle,deraniyagala,157.8,182.9
tangalle,kitulgala,200.8,215.1
tangalle,rakkula,90.1,93.7
ambalangoda,deniyaya,117.4,115.9
ambalangoda,tissamaharama,174.8,147.3
ambalangoda,akuressa,69.3,69.1
ambalangoda,weligama,69.0,62.9
ambalangoda,batapola,10.5,13.1
ambalangoda,elipitiya,13.3,19.8
ambalangoda,jaffna,479.1,507.9
ambalangoda,vavuniya,339.3,344.5
ambalangoda,mannar,384.1,406.6
ambalangoda,kilinochchi,416.6,439.7
ambalangoda,mullaitivu,413.3,447.8
ambalangoda,point pedro,474.1,506.8
ambalangoda,chavakachcheri,464.2,491.7
ambalangoda,kayts,498.2,534.8
ambalangoda,veldithurai,478.0,513.5
ambalangoda,nallur,476.2,505.3
ambalangoda,trincomalee,342.7,342.8
ambalangoda,batticaloa,378.1,378.3
ambalangoda,ampara,331.2,326.1
ambalangoda,kalmunai,355.4,353.2
ambalangoda,akkaraipattu,350.0,336.2
ambalangoda,erei,335.7,345.4
ambalangoda,kattankudy,383.6,385.1
ambalangoda,mutur,350.4,356.1
ambalangoda,valachchenai,372.3,378.0
ambalangoda,kurunegala,179.0,160.4
ambalangoda,puttalam,230.4,215.6
ambalangoda,chilaw,176.7,157.6
ambalangoda,kuliyapitiya,168.7,163.7
ambalangoda,naththandiya,160.8,146.8
ambalangoda,wennappuwa,151.8,132.3
ambalangoda,madurankuliya,216.8,202.6
ambalangoda,pannala,158.9,144.4
ambalangoda,anuradhapura,279.2,294.7
ambalangoda,polonnaruwa,300.8,290.0
ambalangoda,medawachchiya,315.6,314.8
ambalangoda,kaduruwela,303.4,295.4
ambalangoda,kekirawa,263.1,254.2
ambalangoda,habarana,256.3,241.9
ambalangoda,galenbindunuwewa,321.2,330.0
ambalangoda,talawa,262.6,273.9
ambalangoda,badulla,251.5,239.2
ambalangoda,bandarawela,222.9,225.7
ambalangoda,monaragala,238.4,215.4
ambalangoda,welimada,238.0,244.8
ambalangoda,mahiyanganaya,275.1,286.6
ambalangoda,haputale,206.1,223.8
ambalangoda,ella,229.4,210.0
ambalangoda,passara,247.8,252.8
ambalangoda,wellawaya,217.0,191.7
ambalangoda,ratnapura,125.1,120.9
ambalangoda,kegalle,161.7,148.4
ambalangoda,embilipitiya,142.1,119.5
ambalangoda,balangoda,168.8,167.0
ambalangoda,ruwanwella,141.9,139.6
ambalangoda,deraniyagala,146.4,144.1
ambalangoda,kitulgala,162.5,160.2
ambalangoda,rakkula,129.3,145.9
deniyaya,tissamaharama,103.7,115.9
deniyaya,akuressa,58.0,64.7
deniyaya,weligama,67.8,77.3
deniyaya,batapola,108.7,112.3
deniyaya,elipitiya,108.5,110.6
deniyaya,jaffna,517.5,580.5
deniyaya,vavuniya,377.7,417.1
deniyaya,mannar,474.5,490.3
deniyaya,kilinochchi,455.1,512.3
deniyaya,mullaitivu,451.8,520.3
deniyaya,point pedro,512.5,579.4
deniyaya,chavakachcheri,502.7,564.2
deniyaya,kayts,536.6,607.4
deniyaya,veldithurai,516.4,586.0
deniyaya,nallur,514.6,577.9
deniyaya,trincomalee,381.1,415.4
deniyaya,batticaloa,307.0,346.9
deniyaya,ampara,260.1,294.7
deniyaya,kalmunai,284.3,321.9
deniyaya,akkaraipattu,279.0,304.8
deniyaya,erei,320.4,390.0
deniyaya,kattankudy,312.5,353.7
deniyaya,mutur,388.9,428.6
deniyaya,valachchenai,313.7,362.1
deniyaya,kurunegala,217.5,233.0
deniyaya,puttalam,320.8,299.3
deniyaya,chilaw,267.1,241.3
deniyaya,kuliyapitiya,213.0,244.8
deniyaya,naththandiya,251.2,230.5
deniyaya,wennappuwa,242.2,216.1
deniyaya,madurankuliya,307.2,286.4
deniyaya,pannala,249.3,228.1
deniyaya,anuradhapura,317.6,367.3
deniyaya,polonnaruwa,339.3,362.5
deniyaya,medawachchiya,354.0,387.4
deniyaya,kaduruwela,341.9,367.9
deniyaya,kekirawa,301.5,326.7
deniyaya,habarana,294.7,314.5
deniyaya,galenbindunuwewa,359.7,402.6
deniyaya,talawa,301.1,346.4
deniyaya,badulla,174.9,193.2
deniyaya,bandarawela,147.2,162.0
deniyaya,monaragala,167.3,184.0
deniyaya,welimada,162.2,181.1
deniyaya,mahiyanganaya,227.7,260.2
deniyaya,haputale,130.4,160.1
deniyaya,ella,160.3,176.8
deniyaya,passara,189.0,219.9
deniyaya,wellawaya,145.9,160.3
deniyaya,ratnapura,94.7,103.0
deniyaya,kegalle,184.9,206.2
deniyaya,embilipitiya,41.0,55.1
deniyaya,balangoda,93.0,103.3
deniyaya,ruwanwella,155.3,171.0
deniyaya,deraniyagala,132.8,159.4
deniyaya,kitulgala,175.8,191.6
deniyaya,rakkula,65.1,70.3
tissamaharama,akuressa,117.2,105.5
tissamaharama,weligama,119.9,106.3
tissamaharama,batapola,166.1,143.8
tissamaharama,elipitiya,165.9,142.1
tissamaharama,jaffna,493.7,593.5
tissamaharama,vavuniya,353.9,430.1
tissamaharama,mannar,414.8,506.4
tissamaharama,kilinochchi,431.3,525.3
tissamaharama,mullaitivu,428.0,533.3
tissamaharama,point pedro,488.7,592.4
tissamaharama,chavakachcheri,478.9,577.2
tissamaharama,kayts,512.8,620.4
tissamaharama,veldithurai,492.6,599.0
tissamaharama,nallur,490.9,590.9
tissamaharama,trincomalee,329.2,389.5
tissamaharama,batticaloa,220.8,251.5
tissamaharama,ampara,173.9,199.3
tissamaharama,kalmunai,198.1,226.4
tissamaharama,akkaraipattu,192.7,209.4
tissamaharama,erei,234.2,294.6
tissamaharama,kattankudy,226.2,258.3
tissamaharama,mutur,300.9,359.2
tissamaharama,valachchenai,227.5,266.7
tissamaharama,kurunegala,259.1,270.8
tissamaharama,puttalam,378.1,330.8
tissamaharama,chilaw,324.4,272.8
tissamaharama,kuliyapitiya,316.5,278.9
tissamaharama,naththandiya,308.6,262.0
tissamaharama,wennappuwa,299.5,247.5
tissamaharama,madurankuliya,364.6,317.8
tissamaharama,pannala,306.6,259.6
tissamaharama,anuradhapura,312.6,382.5
tissamaharama,polonnaruwa,236.8,276.2
tissamaharama,medawachchiya,330.2,400.4
tissamaharama,kaduruwela,236.2,277.5
tissamaharama,kekirawa,277.7,339.8
tissamaharama,habarana,281.0,323.7
tissamaharama,galenbindunuwewa,335.9,415.6
tissamaharama,talawa,342.7,384.3
tissamaharama,badulla,109.0,127.6
tissamaharama,bandarawela,100.9,115.3
tissamaharama,monaragala,81.1,88.6
tissamaharama,welimada,120.7,140.9
tissamaharama,mahiyanganaya,151.6,181.8
tissamaharama,haputale,102.7,128.3
tissamaharama,ella,86.9,98.4
tissamaharama,passara,107.8,133.8
tissamaharama,wellawaya,74.5,80.1
tissamaharama,ratnapura,136.4,140.9
tissamaharama,kegalle,226.6,244.1
tissamaharama,embilipitiya,64.7,65.6
tissamaharama,balangoda,118.2,127.9
tissamaharama,ruwanwella,196.9,208.9
tissamaharama,deraniyagala,174.5,197.3
tissamaharama,kitulgala,217.4,229.5
tissamaharama,rakkula,106.8,108.1
akuressa,weligama,11.7,17.9
akuressa,batapola,60.7,62.9
akuressa,elipitiya,60.4,61.3
akuressa,jaffna,521.4,542.3
akuressa,vavuniya,381.6,378.9
akuressa,mannar,426.4,441.0
akuressa,kilinochchi,459.0,474.1
akuressa,mullaitivu,455.7,482.1
akuressa,point pedro,516.4,541.2
akuressa,chavakachcheri,506.6,526.1
akuressa,kayts,540.5,569.2
akuressa,veldithurai,520.3,547.9
akuressa,nallur,518.6,539.7
akuressa,trincomalee,385.0,377.2
akuressa,batticaloa,313.8,330.5
akuressa,ampara,267.0,278.3
akuressa,kalmunai,291.1,305.4
akuressa,akkaraipattu,285.8,288.4
akuressa,erei,327.3,373.6
akuressa,kattankudy,319.3,337.3
akuressa,mutur,392.8,390.5
akuressa,valachchenai,320.6,345.7
akuressa,kurunegala,221.4,194.8
akuressa,puttalam,272.7,249.9
akuressa,chilaw,219.0,192.0
akuressa,kuliyapitiya,211.0,198.1
akuressa,naththandiya,203.2,181.1
akuressa,wennappuwa,194.1,166.7
akuressa,madurankuliya,259.2,237.0
akuressa,pannala,201.2,178.8
akuressa,anuradhapura,321.6,329.1
akuressa,polonnaruwa,343.2,324.3
akuressa,medawachchiya,357.9,349.2
akuressa,kaduruwela,345.8,329.7
akuressa,kekirawa,305.4,288.6
akuressa,habarana,298.7,276.3
akuressa,galenbindunuwewa,363.6,364.4
akuressa,talawa,305.0,308.2
akuressa,badulla,187.3,191.4
akuressa,bandarawela,179.2,179.1
akuressa,monaragala,174.2,167.6
akuressa,welimada,199.0,204.6
akuressa,mahiyanganaya,240.1,258.3
akuressa,haputale,168.7,190.8
akuressa,ella,165.2,162.2
akuressa,passara,183.6,205.0
akuressa,wellawaya,152.8,143.9
akuressa,ratnapura,149.6,147.0
akuressa,kegalle,204.1,182.8
akuressa,embilipitiya,77.9,71.7
akuressa,balangoda,131.3,134.1
akuressa,ruwanwella,184.3,174.0
akuressa,deraniyagala,188.7,178.5
akuressa,kitulgala,204.8,194.6
akuressa,rakkula,120.0,114.3
weligama,batapola,60.3,59.1
weligama,elipitiya,60.1,57.4
weligama,jaffna,521.1,538.5
weligama,vavuniya,381.2,375.1
weligama,mannar,426.0,437.1
weligama,kilinochchi,458.6,470.3
weligama,mullaitivu,455.3,478.3
weligama,point pedro,516.0,537.4
weligama,chavakachcheri,506.2,522.2
weligama,kayts,540.2,565.3
weligama,veldithurai,519.9,544.0
weligama,nallur,518.2,535.9
weligama,trincomalee,384.6,373.4
weligama,batticaloa,325.9,338.2
weligama,ampara,279.1,286.0
weligama,kalmunai,303.2,313.2
weligama,akkaraipattu,297.9,296.1
weligama,erei,377.7,375.9
weligama,kattankudy,331.4,345.0
weligama,mutur,392.4,386.6
weligama,valachchenai,332.7,353.4
weligama,kurunegala,221.0,191.0
weligama,puttalam,272.3,246.1
weligama,chilaw,218.6,188.2
weligama,kuliyapitiya,210.7,194.3
weligama,naththandiya,202.8,177.3
weligama,wennappuwa,193.7,162.9
weligama,madurankuliya,258.8,233.2
weligama,pannala,200.8,174.9
weligama,anuradhapura,321.2,325.3
weligama,polonnaruwa,342.8,320.5
weligama,medawachchiya,357.5,345.4
weligama,kaduruwela,345.4,325.9
weligama,kekirawa,305.0,284.7
weligama,habarana,298.3,272.4
weligama,galenbindunuwewa,363.2,360.5
weligama,talawa,304.6,304.4
weligama,badulla,199.4,199.1
weligama,bandarawela,191.3,186.8
weligama,monaragala,186.3,175.3
weligama,welimada,211.1,212.4
weligama,mahiyanganaya,252.2,266.0
weligama,haputale,180.8,198.6
weligama,ella,177.3,169.9
weligama,passara,195.7,212.7
weligama,wellawaya,164.9,151.6
weligama,ratnapura,167.1,151.4
weligama,kegalle,203.7,178.9
weligama,embilipitiya,90.0,79.5
weligama,balangoda,143.4,141.8
weligama,ruwanwella,183.9,170.1
weligama,deraniyagala,188.3,174.7
weligama,kitulgala,204.4,190.8
weligama,rakkula,132.1,122.0
batapola,elipitiya,15.5,26.9
batapola,jaffna,476.7,508.8
batapola,vavuniya,336.9,345.4
batapola,mannar,381.7,407.4
batapola,kilinochchi,414.2,440.6
batapola,mullaitivu,410.9,448.6
batapola,point pedro,471.6,507.7
batapola,chavakachcheri,461.8,492.6
batapola,kayts,495.8,535.7
batapola,veldithurai,475.5,514.3
batapola,nallur,473.8,506.2
batapola,trincomalee,340.3,343.7
batapola,batticaloa,369.4,374.8
batapola,ampara,322.6,322.7
batapola,kalmunai,346.7,349.8
batapola,akkaraipattu,341.4,332.8
batapola,erei,333.3,346.3
batapola,kattankudy,374.9,381.6
batapola,mutur,348.0,357.0
batapola,valachchenai,369.9,378.9
batapola,kurunegala,176.6,161.3
batapola,puttalam,227.9,216.4
batapola,chilaw,174.2,158.5
batapola,kuliyapitiya,166.3,164.6
batapola,naththandiya,158.4,147.6
batapola,wennappuwa,149.3,133.2
batapola,madurankuliya,214.4,203.5
batapola,pannala,156.4,145.2
batapola,anuradhapura,276.8,295.6
batapola,polonnaruwa,298.4,290.8
batapola,medawachchiya,313.1,315.7
batapola,kaduruwela,301.0,296.2
batapola,kekirawa,260.6,255.1
batapola,habarana,253.9,242.8
batapola,galenbindunuwewa,318.8,330.9
batapola,talawa,260.2,274.7
batapola,badulla,242.9,235.8
batapola,bandarawela,234.7,223.5
batapola,monaragala,229.8,211.9
batapola,welimada,235.5,245.7
batapola,mahiyanganaya,272.7,287.5
batapola,haputale,203.7,224.7
batapola,ella,220.8,206.5
batapola,passara,239.2,249.3
batapola,wellawaya,208.4,188.2
batapola,ratnapura,122.7,121.8
batapola,kegalle,159.3,149.3
batapola,embilipitiya,133.5,116.1
batapola,balangoda,166.3,167.9
batapola,ruwanwella,139.5,140.5
batapola,deraniyagala,143.9,145.0
batapola,kitulgala,160.0,161.1
batapola,rakkula,126.9,146.8
elipitiya,jaffna,470.3,502.9
elipitiya,vavuniya,330.5,339.6
elipitiya,mannar,375.3,401.6
elipitiya,kilinochchi,407.8,434.7
elipitiya,mullaitivu,404.5,442.8
elipitiya,point pedro,465.2,501.8
elipitiya,chavakachcheri,455.4,486.7
elipitiya,kayts,489.4,529.8
elipitiya,veldithurai,469.1,508.5
elipitiya,nallur,467.4,500.3
elipitiya,trincomalee,333.9,337.8
elipitiya,batticaloa,369.0,372.9
elipitiya,ampara,322.1,320.7
elipitiya,kalmunai,346.3,347.9
elipitiya,akkaraipattu,341.0,330.9
elipitiya,erei,326.9,340.4
elipitiya,kattankudy,374.5,379.7
elipitiya,mutur,341.6,351.1
elipitiya,valachchenai,363.5,373.0
elipitiya,kurunegala,170.2,155.4
elipitiya,puttalam,221.5,210.6
elipitiya,chilaw,167.8,152.6
elipitiya,kuliyapitiya,159.9,158.7
elipitiya,naththandiya,152.0,141.8
elipitiya,wennappuwa,142.9,127.3
elipitiya,madurankuliya,208.0,197.6
elipitiya,pannala,150.0,139.4
elipitiya,anuradhapura,270.4,289.7
elipitiya,polonnaruwa,292.0,285.0
elipitiya,medawachchiya,306.7,309.8
elipitiya,kaduruwela,294.6,290.4
elipitiya,kekirawa,254.2,249.2
elipitiya,habarana,247.5,236.9
elipitiya,galenbindunuwewa,312.4,325.0
elipitiya,talawa,253.8,268.9
elipitiya,badulla,242.4,233.8
elipitiya,bandarawela,214.1,220.7
elipitiya,monaragala,229.4,210.0
elipitiya,welimada,229.1,239.8
elipitiya,mahiyanganaya,266.3,281.6
elipitiya,haputale,197.3,218.8
elipitiya,ella,220.4,204.6
elipitiya,passara,238.7,247.4
elipitiya,wellawaya,207.9,186.3
elipitiya,ratnapura,116.3,115.9
elipitiya,kegalle,152.9,143.4
elipitiya,embilipitiya,133.0,114.2
elipitiya,balangoda,159.9,162.0
elipitiya,ruwanwella,133.1,134.6
elipitiya,deraniyagala,137.5,139.1
elipitiya,kitulgala,153.6,155.2
elipitiya,rakkula,120.5,140.9
jaffna,vavuniya,140.2,163.8
jaffna,mannar,119.1,144.7
jaffna,kilinochchi,64.7,74.6
jaffna,mullaitivu,114.5,131.9
jaffna,point pedro,36.3,50.2
jaffna,chavakachcheri,17.3,22.1
jaffna,kayts,19.1,26.9
jaffna,veldithurai,26.2,39.8
jaffna,nallur,3.7,5.4
jaffna,trincomalee,236.3,276.6
jaffna,batticaloa,363.3,436.1
jaffna,ampara,415.0,482.5
jaffna,kalmunai,404.9,483.8
jaffna,akkaraipattu,427.6,511.2
jaffna,erei,317.3,385.1
jaffna,kattankudy,368.8,442.9
jaffna,mutur,260.0,309.3
jaffna,valachchenai,335.9,414.0
jaffna,kurunegala,300.7,350.4
jaffna,puttalam,277.2,323.2
jaffna,chilaw,327.6,377.4
jaffna,kuliyapitiya,319.3,387.8
jaffna,naththandiya,351.5,407.4
jaffna,wennappuwa,354.2,407.3
jaffna,madurankuliya,293.6,342.8
jaffna,pannala,356.0,412.9
jaffna,anuradhapura,202.9,242.3
jaffna,polonnaruwa,282.4,329.7
jaffna,medawachchiya,167.0,197.4
jaffna,kaduruwela,285.0,335.1
jaffna,kekirawa,222.3,262.5
jaffna,habarana,239.9,284.0
jaffna,galenbindunuwewa,181.5,217.6
jaffna,talawa,228.5,272.8
jaffna,badulla,391.1,475.3
jaffna,bandarawela,419.5,507.7
jaffna,monaragala,425.0,509.6
jaffna,welimada,412.1,494.4
jaffna,mahiyanganaya,340.9,411.9
jaffna,haputale,444.8,549.9
jaffna,ella,413.0,503.8
jaffna,passara,405.8,502.5
jaffna,wellawaya,444.1,547.2
jaffna,ratnapura,422.1,477.1
jaffna,kegalle,331.5,385.9
jaffna,embilipitiya,493.9,555.4
jaffna,balangoda,465.7,523.2
jaffna,ruwanwella,362.2,426.8
jaffna,deraniyagala,385.3,454.6
jaffna,kitulgala,377.9,449.4
jaffna,rakkula,451.5,509.1
vavuniya,mannar,79.8,100.2
vavuniya,kilinochchi,77.8,95.9
vavuniya,mullaitivu,74.5,103.9
vavuniya,point pedro,135.2,163.0
vavuniya,chavakachcheri,125.4,147.8
vavuniya,kayts,159.3,190.9
vavuniya,veldithurai,139.1,169.6
vavuniya,nallur,137.3,161.5
vavuniya,trincomalee,97.6,114.9
vavuniya,batticaloa,224.6,274.3
vavuniya,ampara,274.9,318.7
vavuniya,kalmunai,266.2,322.1
vavuniya,akkaraipattu,288.8,349.5
vavuniya,erei,177.1,221.3
vavuniya,kattankudy,230.0,281.1
vavuniya,mutur,121.3,147.5
vavuniya,valachchenai,197.1,252.3
vavuniya,kurunegala,160.5,186.7
vavuniya,puttalam,137.0,159.4
vavuniya,chilaw,187.4,213.6
vavuniya,kuliyapitiya,179.1,224.0
vavuniya,naththandiya,211.3,243.6
vavuniya,wennappuwa,214.0,243.6
vavuniya,madurankuliya,153.4,179.0
vavuniya,pannala,215.8,249.2
vavuniya,anuradhapura,62.8,78.5
vavuniya,polonnaruwa,142.2,165.9
vavuniya,medawachchiya,26.8,33.6
vavuniya,kaduruwela,144.8,171.3
vavuniya,kekirawa,82.2,98.8
vavuniya,habarana,99.7,120.2
vavuniya,galenbindunuwewa,41.3,53.9
vavuniya,talawa,88.3,109.1
vavuniya,badulla,251.0,311.5
vavuniya,bandarawela,279.3,344.0
vavuniya,monaragala,284.8,345.8
vavuniya,welimada,272.0,330.6
vavuniya,mahiyanganaya,200.8,248.2
vavuniya,haputale,304.6,386.1
vavuniya,ella,272.9,340.0
vavuniya,passara,265.6,338.8
vavuniya,wellawaya,304.0,383.4
vavuniya,ratnapura,281.9,313.3
vavuniya,kegalle,191.3,222.1
vavuniya,embilipitiya,353.8,391.6
vavuniya,balangoda,325.6,359.4
vavuniya,ruwanwella,222.0,263.1
vavuniya,deraniyagala,245.1,290.9
vavuniya,kitulgala,237.7,285.7
vavuniya,rakkula,311.3,345.4
mannar,kilinochchi,106.9,137.4
mannar,mullaitivu,134.2,178.4
mannar,point pedro,125.0,159.5
mannar,chavakachcheri,104.1,128.3
mannar,kayts,138.1,171.4
mannar,veldithurai,126.7,162.8
mannar,nallur,116.1,142.0
mannar,trincomalee,176.2,212.8
mannar,batticaloa,297.9,351.5
mannar,ampara,336.0,395.4
mannar,kalmunai,339.6,399.3
mannar,akkaraipattu,362.2,426.7
mannar,erei,238.3,298.0
mannar,kattankudy,303.4,358.3
mannar,mutur,199.9,245.4
mannar,valachchenai,274.9,330.6
mannar,kurunegala,204.1,262.5
mannar,puttalam,157.3,195.4
mannar,chilaw,207.7,249.6
mannar,kuliyapitiya,214.6,275.8
mannar,naththandiya,231.5,279.7
mannar,wennappuwa,234.3,279.6
mannar,madurankuliya,173.7,215.0
mannar,pannala,238.3,307.3
mannar,anuradhapura,107.4,140.7
mannar,polonnaruwa,203.4,242.6
mannar,medawachchiya,88.0,110.3
mannar,kaduruwela,206.0,248.0
mannar,kekirawa,143.3,175.4
mannar,habarana,160.9,196.9
mannar,galenbindunuwewa,102.5,130.6
mannar,talawa,113.8,150.8
mannar,badulla,312.1,388.2
mannar,bandarawela,340.5,420.6
mannar,monaragala,346.0,422.5
mannar,welimada,333.1,407.3
mannar,mahiyanganaya,261.9,324.9
mannar,haputale,365.8,462.8
mannar,ella,334.0,416.7
mannar,passara,326.8,415.5
mannar,wellawaya,365.1,460.1
mannar,ratnapura,343.1,390.0
mannar,kegalle,234.8,298.0
mannar,embilipitiya,414.9,468.3
mannar,balangoda,386.7,436.1
mannar,ruwanwella,265.5,338.9
mannar,deraniyagala,288.6,366.7
mannar,kitulgala,298.9,362.4
mannar,rakkula,372.5,422.0
kilinochchi,mullaitivu,58.0,71.4
kilinochchi,point pedro,59.5,73.5
kilinochchi,chavakachcheri,49.7,58.4
kilinochchi,kayts,83.7,101.5
kilinochchi,veldithurai,63.4,80.2
kilinochchi,nallur,61.7,72.0
kilinochchi,trincomalee,173.8,208.6
kilinochchi,batticaloa,300.8,368.0
kilinochchi,ampara,352.5,414.4
kilinochchi,kalmunai,342.4,415.8
kilinochchi,akkaraipattu,365.0,443.2
kilinochchi,erei,254.7,317.0
kilinochchi,kattankudy,306.2,374.8
kilinochchi,mutur,197.5,241.2
kilinochchi,valachchenai,273.4,346.0
kilinochchi,kurunegala,238.2,282.4
kilinochchi,puttalam,214.7,255.1
kilinochchi,chilaw,265.0,309.3
kilinochchi,kuliyapitiya,256.7,319.7
kilinochchi,naththandiya,288.9,339.3
kilinochchi,wennappuwa,291.6,339.3
kilinochchi,madurankuliya,231.1,274.7
kilinochchi,pannala,293.5,344.9
kilinochchi,anuradhapura,140.4,174.2
kilinochchi,polonnaruwa,219.8,261.6
kilinochchi,medawachchiya,104.5,129.3
kilinochchi,kaduruwela,222.4,267.0
kilinochchi,kekirawa,159.8,194.5
kilinochchi,habarana,177.3,215.9
kilinochchi,galenbindunuwewa,119.0,149.6
kilinochchi,talawa,166.0,204.8
kilinochchi,badulla,328.6,407.2
kilinochchi,bandarawela,357.0,439.7
kilinochchi,monaragala,362.5,441.5
kilinochchi,welimada,349.6,426.3
kilinochchi,mahiyanganaya,278.4,343.9
kilinochchi,haputale,382.3,481.8
kilinochchi,ella,350.5,435.7
kilinochchi,passara,343.2,434.5
kilinochchi,wellawaya,381.6,479.1
kilinochchi,ratnapura,359.5,409.0
kilinochchi,kegalle,269.0,317.8
kilinochchi,embilipitiya,431.4,487.3
kilinochchi,balangoda,403.2,455.1
kilinochchi,ruwanwella,299.6,358.8
kilinochchi,deraniyagala,322.8,386.6
kilinochchi,kitulgala,315.3,381.4
kilinochchi,rakkula,388.9,441.0
mullaitivu,point pedro,106.3,129.0
mullaitivu,chavakachcheri,99.5,115.7
mullaitivu,kayts,133.5,158.8
mullaitivu,veldithurai,110.2,135.6
mullaitivu,nallur,111.5,129.3
mullaitivu,trincomalee,116.4,175.8
mullaitivu,batticaloa,248.7,341.8
mullaitivu,ampara,316.3,418.0
mullaitivu,kalmunai,290.3,389.6
mullaitivu,akkaraipattu,313.0,417.0
mullaitivu,erei,208.0,323.9
mullaitivu,kattankudy,254.2,348.6
mullaitivu,mutur,145.4,215.0
mullaitivu,valachchenai,221.3,319.8
mullaitivu,kurunegala,234.9,290.2
mullaitivu,puttalam,211.4,263.0
mullaitivu,chilaw,261.7,317.1
mullaitivu,kuliyapitiya,253.4,327.6
mullaitivu,naththandiya,285.6,347.2
mullaitivu,wennappuwa,288.3,347.1
mullaitivu,madurankuliya,227.7,282.5
mullaitivu,pannala,290.2,352.7
mullaitivu,anuradhapura,137.1,182.0
mullaitivu,polonnaruwa,216.5,269.4
mullaitivu,medawachchiya,101.2,137.2
mullaitivu,kaduruwela,219.1,274.8
mullaitivu,kekirawa,156.5,202.3
mullaitivu,habarana,174.0,223.7
mullaitivu,galenbindunuwewa,115.7,157.4
mullaitivu,talawa,162.7,212.6
mullaitivu,badulla,325.3,415.1
mullaitivu,bandarawela,353.7,447.5
mullaitivu,monaragala,359.1,449.3
mullaitivu,welimada,346.3,434.2
mullaitivu,mahiyanganaya,275.1,351.7
mullaitivu,haputale,378.9,489.6
mullaitivu,ella,347.2,443.6
mullaitivu,passara,339.9,442.3
mullaitivu,wellawaya,378.3,487.0
mullaitivu,ratnapura,356.2,416.8
mullaitivu,kegalle,265.7,325.7
mullaitivu,embilipitiya,428.1,495.1
mullaitivu,balangoda,399.9,463.0
mullaitivu,ruwanwella,296.3,366.6
mullaitivu,deraniyagala,319.4,394.4
mullaitivu,kitulgala,312.0,389.2
mullaitivu,rakkula,385.6,448.9
point pedro,chavakachcheri,26.6,40.5
point pedro,kayts,55.4,77.0
point pedro,veldithurai,8.6,13.7
point pedro,nallur,30.6,46.2
point pedro,trincomalee,231.2,275.6
point pedro,batticaloa,358.2,435.0
point pedro,ampara,409.9,481.5
point pedro,kalmunai,399.8,482.8
point pedro,akkaraipattu,422.5,510.2
point pedro,erei,312.2,384.1
point pedro,kattankudy,363.7,441.8
point pedro,mutur,254.9,308.2
point pedro,valachchenai,330.8,413.0
point pedro,kurunegala,295.6,349.4
point pedro,puttalam,272.1,322.1
point pedro,chilaw,322.5,376.3
point pedro,kuliyapitiya,314.2,386.7
point pedro,naththandiya,346.4,406.4
point pedro,wennappuwa,349.1,406.3
point pedro,madurankuliya,288.5,341.7
point pedro,pannala,350.9,411.9
point pedro,anuradhapura,197.8,241.2
point pedro,polonnaruwa,277.3,328.6
point pedro,medawachchiya,161.9,196.4
point pedro,kaduruwela,279.9,334.0
point pedro,kekirawa,217.2,261.5
point pedro,habarana,234.8,282.9
point pedro,galenbindunuwewa,176.4,216.6
point pedro,talawa,223.4,271.8
point pedro,badulla,386.0,474.3
point pedro,bandarawela,414.4,506.7
point pedro,monaragala,419.9,508.5
point pedro,welimada,407.0,493.4
point pedro,mahiyanganaya,335.8,410.9
point pedro,haputale,439.7,548.8
point pedro,ella,407.9,502.7
point pedro,passara,400.7,501.5
point pedro,wellawaya,439.0,546.1
point pedro,ratnapura,417.0,476.0
point pedro,kegalle,326.4,384.8
point pedro,embilipitiya,488.8,554.3
point pedro,balangoda,460.6,522.2
point pedro,ruwanwella,357.1,425.8
point pedro,deraniyagala,380.2,453.6
point pedro,kitulgala,372.8,448.4
point pedro,rakkula,446.4,508.1
chavakachcheri,kayts,36.3,48.9
chavakachcheri,veldithurai,30.1,43.6
chavakachcheri,nallur,14.3,19.4
chavakachcheri,trincomalee,221.4,260.4
chavakachcheri,batticaloa,348.3,419.9
chavakachcheri,ampara,400.1,466.3
chavakachcheri,kalmunai,390.0,467.6
chavakachcheri,akkaraipattu,412.6,495.0
chavakachcheri,erei,302.3,368.9
chavakachcheri,kattankudy,353.8,426.7
chavakachcheri,mutur,245.1,293.1
chavakachcheri,valachchenai,320.9,397.8
chavakachcheri,kurunegala,285.8,334.2
chavakachcheri,puttalam,262.3,307.0
chavakachcheri,chilaw,312.6,361.2
chavakachcheri,kuliyapitiya,304.3,371.6
chavakachcheri,naththandiya,336.5,391.2
chavakachcheri,wennappuwa,339.2,391.1
chavakachcheri,madurankuliya,278.6,326.5
chavakachcheri,pannala,341.1,396.7
chavakachcheri,anuradhapura,188.0,226.0
chavakachcheri,polonnaruwa,267.4,313.5
chavakachcheri,medawachchiya,152.0,181.2
chavakachcheri,kaduruwela,270.0,318.8
chavakachcheri,kekirawa,207.4,246.3
chavakachcheri,habarana,224.9,267.7
chavakachcheri,galenbindunuwewa,166.6,201.4
chavakachcheri,talawa,213.5,256.6
chavakachcheri,badulla,376.2,459.1
chavakachcheri,bandarawela,404.6,491.5
chavakachcheri,monaragala,410.0,493.3
chavakachcheri,welimada,397.2,478.2
chavakachcheri,mahiyanganaya,326.0,395.7
chavakachcheri,haputale,429.8,533.7
chavakachcheri,ella,398.1,487.6
chavakachcheri,passara,390.8,486.3
chavakachcheri,wellawaya,429.2,531.0
chavakachcheri,ratnapura,407.1,460.8
chavakachcheri,kegalle,316.5,369.7
chavakachcheri,embilipitiya,479.0,539.2
chavakachcheri,balangoda,450.8,507.0
chavakachcheri,ruwanwella,347.2,410.6
chavakachcheri,deraniyagala,370.3,438.4
chavakachcheri,kitulgala,362.9,433.2
chavakachcheri,rakkula,436.5,492.9
kayts,veldithurai,45.3,66.6
kayts,nallur,22.8,32.2
kayts,trincomalee,255.4,303.4
kayts,batticaloa,382.4,462.9
kayts,ampara,434.1,509.3
kayts,kalmunai,424.0,510.6
kayts,akkaraipattu,446.7,538.0
kayts,erei,336.4,411.9
kayts,kattankudy,387.9,469.7
kayts,mutur,279.1,336.1
kayts,valachchenai,355.0,440.8
kayts,kurunegala,319.8,377.2
kayts,puttalam,296.3,350.0
kayts,chilaw,346.7,404.2
kayts,kuliyapitiya,338.4,414.6
kayts,naththandiya,370.6,434.2
kayts,wennappuwa,373.3,434.1
kayts,madurankuliya,312.7,369.6
kayts,pannala,375.1,439.7
kayts,anuradhapura,222.0,269.1
kayts,polonnaruwa,301.5,356.5
kayts,medawachchiya,186.1,224.2
kayts,kaduruwela,304.1,361.9
kayts,kekirawa,241.4,289.3
kayts,habarana,259.0,310.8
kayts,galenbindunuwewa,200.6,244.4
kayts,talawa,247.6,299.6
kayts,badulla,410.2,502.1
kayts,bandarawela,438.6,534.5
kayts,monaragala,444.1,536.4
kayts,welimada,431.2,521.2
kayts,mahiyanganaya,360.0,438.8
kayts,haputale,463.9,576.7
kayts,ella,432.2,530.6
kayts,passara,424.9,529.3
kayts,wellawaya,463.2,574.0
kayts,ratnapura,441.2,503.9
kayts,kegalle,350.6,412.7
kayts,embilipitiya,513.0,582.2
kayts,balangoda,484.8,550.0
kayts,ruwanwella,381.3,453.6
kayts,deraniyagala,404.4,481.4
kayts,kitulgala,397.0,476.2
kayts,rakkula,470.6,535.9
veldithurai,nallur,22.9,35.3
veldithurai,trincomalee,235.1,282.2
veldithurai,batticaloa,362.1,441.6
veldithurai,ampara,413.8,488.1
veldithurai,kalmunai,403.7,489.4
veldithurai,akkaraipattu,426.4,516.8
veldithurai,erei,316.1,390.7
veldithurai,kattankudy,367.6,448.4
veldithurai,mutur,258.8,314.8
veldithurai,valachchenai,334.7,419.6
veldithurai,kurunegala,299.5,356.0
veldithurai,puttalam,276.0,328.7
veldithurai,chilaw,326.4,382.9
veldithurai,kuliyapitiya,318.1,393.3
veldithurai,naththandiya,350.3,413.0
veldithurai,wennappuwa,353.0,412.9
veldithurai,madurankuliya,292.4,348.3
veldithurai,pannala,354.8,418.5
veldithurai,anuradhapura,201.7,247.8
veldithurai,polonnaruwa,281.2,335.2
veldithurai,medawachchiya,165.8,203.0
veldithurai,kaduruwela,283.8,340.6
veldithurai,kekirawa,221.1,268.1
veldithurai,habarana,238.7,289.5
veldithurai,galenbindunuwewa,180.3,223.2
veldithurai,talawa,227.3,278.4
veldithurai,badulla,389.9,480.9
veldithurai,bandarawela,418.3,513.3
veldithurai,monaragala,423.8,515.1
veldithurai,welimada,410.9,500.0
veldithurai,mahiyanganaya,339.7,417.5
veldithurai,haputale,443.6,555.4
veldithurai,ella,411.9,509.3
veldithurai,passara,404.6,508.1
veldithurai,wellawaya,442.9,552.7
veldithurai,ratnapura,420.9,482.6
veldithurai,kegalle,330.3,391.4
veldithurai,embilipitiya,492.8,560.9
veldithurai,balangoda,464.6,528.8
veldithurai,ruwanwella,361.0,432.4
veldithurai,deraniyagala,384.1,460.2
veldithurai,kitulgala,376.7,455.0
veldithurai,rakkula,450.3,514.7
nallur,trincomalee,233.4,274.1
nallur,batticaloa,360.4,433.5
nallur,ampara,412.1,480.0
nallur,kalmunai,402.0,481.3
nallur,akkaraipattu,424.6,508.7
nallur,erei,314.3,382.6
nallur,kattankudy,365.8,440.4
nallur,mutur,257.1,306.8
nallur,valachchenai,332.9,411.5
nallur,kurunegala,297.8,347.9
nallur,puttalam,274.3,320.7
nallur,chilaw,324.6,374.9
nallur,kuliyapitiya,316.3,385.3
nallur,naththandiya,348.5,404.9
nallur,wennappuwa,351.2,404.8
nallur,madurankuliya,290.6,340.2
nallur,pannala,353.1,410.4
nallur,anuradhapura,200.0,239.7
nallur,polonnaruwa,279.4,327.1
nallur,medawachchiya,164.0,194.9
nallur,kaduruwela,282.0,332.5
nallur,kekirawa,219.4,260.0
nallur,habarana,236.9,281.4
nallur,galenbindunuwewa,178.6,215.1
nallur,talawa,225.5,270.3
nallur,badulla,388.2,472.8
nallur,bandarawela,416.6,505.2
nallur,monaragala,422.0,507.0
nallur,welimada,409.2,491.9
nallur,mahiyanganaya,338.0,409.4
nallur,haputale,441.8,547.4
nallur,ella,410.1,501.3
nallur,passara,402.8,500.0
nallur,wellawaya,441.2,544.7
nallur,ratnapura,419.1,474.5
nallur,kegalle,328.6,383.4
nallur,embilipitiya,491.0,552.9
nallur,balangoda,462.8,520.7
nallur,ruwanwella,359.2,424.3
nallur,deraniyagala,382.3,452.1
nallur,kitulgala,374.9,446.9
nallur,rakkula,448.5,506.6
trincomalee,batticaloa,135.4,171.3
trincomalee,ampara,203.0,247.6
trincomalee,kalmunai,177.0,219.1
trincomalee,akkaraipattu,199.6,246.5
trincomalee,erei,94.6,153.4
trincomalee,kattankudy,140.9,178.2
trincomalee,mutur,32.1,44.6
trincomalee,valachchenai,108.0,149.3
trincomalee,kurunegala,164.3,185.7
trincomalee,puttalam,185.0,206.0
trincomalee,chilaw,235.4,260.2
trincomalee,kuliyapitiya,203.6,235.3
trincomalee,naththandiya,227.6,265.9
trincomalee,wennappuwa,243.3,276.3
trincomalee,madurankuliya,201.4,225.6
trincomalee,pannala,219.6,248.2
trincomalee,anuradhapura,110.7,125.1
trincomalee,polonnaruwa,107.5,126.6
trincomalee,medawachchiya,88.3,102.7
trincomalee,kaduruwela,110.1,132.0
trincomalee,kekirawa,113.7,138.3
trincomalee,habarana,86.4,101.2
trincomalee,galenbindunuwewa,77.4,91.3
trincomalee,talawa,136.3,155.7
trincomalee,badulla,255.1,306.2
trincomalee,bandarawela,283.4,338.6
trincomalee,monaragala,257.1,305.0
trincomalee,welimada,275.7,329.7
trincomalee,mahiyanganaya,204.3,242.0
trincomalee,haputale,305.0,380.9
trincomalee,ella,285.1,334.5
trincomalee,passara,262.4,321.1
trincomalee,wellawaya,295.1,349.4
trincomalee,ratnapura,285.7,312.4
trincomalee,kegalle,195.1,221.2
trincomalee,embilipitiya,357.5,390.7
trincomalee,balangoda,329.3,358.5
trincomalee,ruwanwella,225.8,262.1
trincomalee,deraniyagala,248.9,289.9
trincomalee,kitulgala,241.5,284.7
trincomalee,rakkula,315.1,344.4
batticaloa,ampara,67.9,77.6
batticaloa,kalmunai,41.9,49.2
batticaloa,akkaraipattu,64.6,76.6
batticaloa,erei,76.4,105.8
batticaloa,kattankudy,5.8,8.2
batticaloa,mutur,107.4,143.0
batticaloa,valachchenai,34.0,50.5
batticaloa,kurunegala,216.9,241.3
batticaloa,puttalam,265.3,308.7
batticaloa,chilaw,290.0,328.0
batticaloa,kuliyapitiya,256.2,290.8
batticaloa,naththandiya,280.2,321.4
batticaloa,wennappuwa,296.0,331.9
batticaloa,madurankuliya,281.7,328.3
batticaloa,pannala,272.2,303.8
batticaloa,anuradhapura,195.8,227.5
batticaloa,polonnaruwa,94.9,109.2
batticaloa,medawachchiya,213.4,245.4
batticaloa,kaduruwela,94.3,110.6
batticaloa,kekirawa,166.3,193.9
batticaloa,habarana,139.1,156.8
batticaloa,galenbindunuwewa,204.7,252.7
batticaloa,talawa,207.3,243.1
batticaloa,badulla,165.0,182.2
batticaloa,bandarawela,187.0,210.0
batticaloa,monaragala,149.0,168.9
batticaloa,welimada,194.9,219.3
batticaloa,mahiyanganaya,129.6,160.6
batticaloa,haputale,208.5,252.3
batticaloa,ella,177.0,198.3
batticaloa,passara,154.2,185.0
batticaloa,wellawaya,186.9,213.2
batticaloa,ratnapura,284.1,313.3
batticaloa,kegalle,247.7,276.7
batticaloa,embilipitiya,246.6,289.2
batticaloa,balangoda,240.7,267.6
batticaloa,ruwanwella,278.4,317.7
batticaloa,deraniyagala,301.5,345.5
batticaloa,kitulgala,270.6,325.4
batticaloa,rakkula,268.1,299.4
ampara,kalmunai,27.8,33.2
ampara,akkaraipattu,27.9,36.0
ampara,erei,130.4,171.8
ampara,kattankudy,62.4,69.9
ampara,mutur,175.0,219.2
ampara,valachchenai,101.6,126.7
ampara,kurunegala,232.4,276.6
ampara,puttalam,303.4,352.9
ampara,chilaw,312.1,362.9
ampara,kuliyapitiya,278.3,325.7
ampara,naththandiya,302.3,356.3
ampara,wennappuwa,310.2,365.9
ampara,madurankuliya,319.8,372.5
ampara,pannala,286.5,337.8
ampara,anuradhapura,233.9,271.7
ampara,polonnaruwa,133.0,153.4
ampara,medawachchiya,251.5,289.6
ampara,kaduruwela,132.4,154.8
ampara,kekirawa,204.4,238.1
ampara,habarana,177.2,201.0
ampara,galenbindunuwewa,257.2,304.8
ampara,talawa,245.4,287.3
ampara,badulla,136.4,162.6
ampara,bandarawela,158.4,190.4
ampara,monaragala,93.1,111.4
ampara,welimada,166.3,199.7
ampara,mahiyanganaya,114.0,144.8
ampara,haputale,168.4,209.5
ampara,ella,148.4,178.8
ampara,passara,125.6,165.4
ampara,wellawaya,140.2,161.4
ampara,ratnapura,244.0,270.5
ampara,kegalle,230.0,278.3
ampara,embilipitiya,199.8,237.4
ampara,balangoda,200.6,224.8
ampara,ruwanwella,264.4,323.5
ampara,deraniyagala,282.1,326.9
ampara,kitulgala,260.8,307.5
ampara,rakkula,228.0,256.6
kalmunai,akkaraipattu,24.5,32.2
kalmunai,erei,118.0,153.6
kalmunai,kattankudy,36.4,41.4
kalmunai,mutur,149.1,190.8
kalmunai,valachchenai,75.6,98.3
kalmunai,kurunegala,258.5,289.1
kalmunai,puttalam,306.9,356.5
kalmunai,chilaw,331.6,375.8
kalmunai,kuliyapitiya,297.8,338.6
kalmunai,naththandiya,321.8,369.2
kalmunai,wennappuwa,337.6,379.7
kalmunai,madurankuliya,323.3,376.1
kalmunai,pannala,313.8,351.6
kalmunai,anuradhapura,237.4,275.3
kalmunai,polonnaruwa,136.5,157.0
kalmunai,medawachchiya,255.0,293.2
kalmunai,kaduruwela,135.9,158.4
kalmunai,kekirawa,207.9,241.7
kalmunai,habarana,180.7,204.6
kalmunai,galenbindunuwewa,246.3,300.5
kalmunai,talawa,248.9,290.9
kalmunai,badulla,163.2,194.1
kalmunai,bandarawela,185.2,221.9
kalmunai,monaragala,117.2,138.6
kalmunai,welimada,193.1,231.2
kalmunai,mahiyanganaya,140.8,176.3
kalmunai,haputale,192.5,236.7
kalmunai,ella,176.9,206.9
kalmunai,passara,152.4,196.9
kalmunai,wellawaya,164.3,188.6
kalmunai,ratnapura,268.2,297.6
kalmunai,kegalle,256.9,309.8
kalmunai,embilipitiya,224.0,264.6
kalmunai,balangoda,224.7,252.0
kalmunai,ruwanwella,291.2,355.0
kalmunai,deraniyagala,306.2,354.1
kalmunai,kitulgala,287.6,339.0
kalmunai,rakkula,252.1,283.8
akkaraipattu,erei,140.7,180.8
akkaraipattu,kattankudy,59.1,68.6
akkaraipattu,mutur,171.7,217.9
akkaraipattu,valachchenai,98.3,125.4
akkaraipattu,kurunegala,259.1,310.7
akkaraipattu,puttalam,329.6,383.6
akkaraipattu,chilaw,338.7,396.9
akkaraipattu,kuliyapitiya,304.9,359.8
akkaraipattu,naththandiya,328.9,390.4
akkaraipattu,wennappuwa,336.8,400.0
akkaraipattu,madurankuliya,346.0,403.2
akkaraipattu,pannala,313.1,371.9
akkaraipattu,anuradhapura,260.0,302.5
akkaraipattu,polonnaruwa,159.2,184.2
akkaraipattu,medawachchiya,277.6,320.4
akkaraipattu,kaduruwela,158.5,185.5
akkaraipattu,kekirawa,230.6,268.8
akkaraipattu,habarana,203.4,231.7
akkaraipattu,galenbindunuwewa,269.0,327.6
akkaraipattu,talawa,271.6,318.0
akkaraipattu,badulla,170.7,186.8
akkaraipattu,bandarawela,185.5,206.5
akkaraipattu,monaragala,111.8,121.4
akkaraipattu,welimada,200.6,223.9
akkaraipattu,mahiyanganaya,140.6,178.9
akkaraipattu,haputale,187.2,219.4
akkaraipattu,ella,171.5,189.6
akkaraipattu,passara,159.9,189.6
akkaraipattu,wellawaya,158.9,171.3
akkaraipattu,ratnapura,262.8,280.4
akkaraipattu,kegalle,256.7,312.4
akkaraipattu,embilipitiya,218.6,247.3
akkaraipattu,balangoda,219.4,234.7
akkaraipattu,ruwanwella,323.3,348.4
akkaraipattu,deraniyagala,300.9,336.8
akkaraipattu,kitulgala,287.1,330.4
akkaraipattu,rakkula,246.7,266.5
erei,kattankudy,81.9,112.9
erei,mutur,66.7,125.3
erei,valachchenai,53.3,85.2
erei,kurunegala,157.3,187.9
erei,puttalam,205.7,255.3
erei,chilaw,230.4,274.6
erei,kuliyapitiya,196.6,237.4
erei,naththandiya,220.6,268.0
erei,wennappuwa,236.3,278.5
erei,madurankuliya,222.1,274.9
erei,pannala,212.6,250.4
erei,anuradhapura,136.1,174.1
erei,polonnaruwa,35.2,55.8
erei,medawachchiya,153.7,192.1
erei,kaduruwela,34.6,57.2
erei,kekirawa,106.7,140.5
erei,habarana,79.4,103.4
erei,galenbindunuwewa,159.4,207.2
erei,talawa,147.7,189.7
erei,badulla,145.3,198.4
erei,bandarawela,173.7,230.8
erei,monaragala,162.4,211.9
erei,welimada,176.0,236.6
erei,mahiyanganaya,94.5,134.3
erei,haputale,195.2,273.2
erei,ella,167.2,226.9
erei,passara,160.0,225.7
erei,wellawaya,200.4,256.3
erei,ratnapura,278.7,314.5
erei,kegalle,188.1,223.4
erei,embilipitiya,260.1,332.3
erei,balangoda,227.4,288.5
erei,ruwanwella,218.8,264.3
erei,deraniyagala,241.9,292.1
erei,kitulgala,234.5,286.9
erei,rakkula,254.8,320.3
kattankudy,mutur,112.9,149.8
kattankudy,valachchenai,39.5,57.3
kattankudy,kurunegala,222.4,248.1
kattankudy,puttalam,270.7,315.5
kattankudy,chilaw,295.5,334.8
kattankudy,kuliyapitiya,261.6,297.7
kattankudy,naththandiya,285.6,328.3
kattankudy,wennappuwa,301.4,338.7
kattankudy,madurankuliya,287.1,335.1
kattankudy,pannala,277.7,310.6
kattankudy,anuradhapura,201.2,234.3
kattankudy,polonnaruwa,100.3,116.1
kattankudy,medawachchiya,218.8,252.3
kattankudy,kaduruwela,99.7,117.4
kattankudy,kekirawa,171.7,200.7
kattankudy,habarana,144.5,163.6
kattankudy,galenbindunuwewa,210.1,259.5
kattankudy,talawa,212.8,249.9
kattankudy,badulla,170.4,189.0
kattankudy,bandarawela,192.4,216.8
kattankudy,monaragala,151.8,175.2
kattankudy,welimada,200.4,226.1
kattankudy,mahiyanganaya,135.0,167.5
kattankudy,haputale,213.9,259.1
kattankudy,ella,182.4,205.1
kattankudy,passara,159.6,191.8
kattankudy,wellawaya,192.3,220.0
kattankudy,ratnapura,289.5,320.1
kattankudy,kegalle,253.2,283.6
kattankudy,embilipitiya,252.0,296.1
kattankudy,balangoda,246.1,274.4
kattankudy,ruwanwella,283.8,324.5
kattankudy,deraniyagala,307.0,352.3
kattankudy,kitulgala,276.0,332.3
kattankudy,rakkula,273.5,306.2
mutur,valachchenai,82.5,119.8
mutur,kurunegala,172.0,198.9
mutur,puttalam,208.6,238.4
mutur,chilaw,245.1,285.6
mutur,kuliyapitiya,211.2,248.4
mutur,naththandiya,235.2,279.0
mutur,wennappuwa,251.0,289.5
mutur,madurankuliya,225.0,258.0
mutur,pannala,227.3,261.4
mutur,anuradhapura,134.3,157.5
mutur,polonnaruwa,115.2,139.7
mutur,medawachchiya,111.9,135.1
mutur,kaduruwela,117.8,145.1
mutur,kekirawa,121.3,151.4
mutur,habarana,94.1,114.4
mutur,galenbindunuwewa,101.0,123.7
mutur,talawa,159.9,188.1
mutur,badulla,247.7,288.8
mutur,bandarawela,269.7,316.6
mutur,monaragala,231.7,275.5
mutur,welimada,277.6,325.9
mutur,mahiyanganaya,158.7,229.0
mutur,haputale,291.2,359.0
mutur,ella,259.7,305.0
mutur,passara,236.9,291.6
mutur,wellawaya,269.6,319.9
mutur,ratnapura,293.3,325.5
mutur,kegalle,202.8,234.3
mutur,embilipitiya,329.3,395.9
mutur,balangoda,337.0,371.6
mutur,ruwanwella,233.4,275.3
mutur,deraniyagala,256.6,303.1
mutur,kitulgala,249.1,297.9
mutur,rakkula,322.7,357.6
valachchenai,kurunegala,193.8,220.7
valachchenai,puttalam,242.2,288.0
valachchenai,chilaw,266.9,307.4
valachchenai,kuliyapitiya,233.1,270.2
valachchenai,naththandiya,257.1,300.8
valachchenai,wennappuwa,272.9,311.2
valachchenai,madurankuliya,258.6,307.6
valachchenai,pannala,249.1,283.1
valachchenai,anuradhapura,172.7,206.9
valachchenai,polonnaruwa,71.8,88.6
valachchenai,medawachchiya,190.2,224.8
valachchenai,kaduruwela,71.2,89.9
valachchenai,kekirawa,143.2,173.2
valachchenai,habarana,116.0,136.1
valachchenai,galenbindunuwewa,177.3,230.7
valachchenai,talawa,184.2,222.4
valachchenai,badulla,171.8,197.6
valachchenai,bandarawela,193.8,225.5
valachchenai,monaragala,155.8,184.4
valachchenai,welimada,201.7,234.7
valachchenai,mahiyanganaya,130.9,166.9
valachchenai,haputale,215.3,267.8
valachchenai,ella,183.8,213.8
valachchenai,passara,161.0,200.4
valachchenai,wellawaya,193.7,228.7
valachchenai,ratnapura,290.9,328.7
valachchenai,kegalle,224.6,256.1
valachchenai,embilipitiya,253.4,304.7
valachchenai,balangoda,247.5,283.1
valachchenai,ruwanwella,255.3,297.0
valachchenai,deraniyagala,278.4,324.8
valachchenai,kitulgala,271.0,319.7
valachchenai,rakkula,274.9,314.9
kurunegala,puttalam,87.2,109.5
kurunegala,chilaw,73.6,87.4
kurunegala,kuliyapitiya,39.7,50.2
kurunegala,naththandiya,63.7,80.8
kurunegala,wennappuwa,71.6,93.2
kurunegala,madurankuliya,93.4,116.7
kurunegala,pannala,56.2,66.4
kurunegala,anuradhapura,108.3,136.3
kurunegala,polonnaruwa,122.0,132.2
kurunegala,medawachchiya,136.7,157.0
kurunegala,kaduruwela,124.6,137.6
kurunegala,kekirawa,84.2,96.4
kurunegala,habarana,77.5,84.1
kurunegala,galenbindunuwewa,142.4,172.2
kurunegala,talawa,91.7,115.4
kurunegala,badulla,154.4,178.8
kurunegala,bandarawela,154.3,191.3
kurunegala,monaragala,197.7,230.9
kurunegala,welimada,133.2,163.3
kurunegala,mahiyanganaya,112.6,136.0
kurunegala,haputale,165.9,218.8
kurunegala,ella,167.0,205.5
kurunegala,passara,169.1,206.0
kurunegala,wellawaya,183.3,218.4
kurunegala,ratnapura,122.2,130.5
kurunegala,kegalle,31.3,36.1
kurunegala,embilipitiya,194.1,208.8
kurunegala,balangoda,165.9,176.7
kurunegala,ruwanwella,61.9,77.0
kurunegala,deraniyagala,85.1,104.8
kurunegala,kitulgala,85.5,102.5
kurunegala,rakkula,151.6,162.6
puttalam,chilaw,53.7,58.1
puttalam,kuliyapitiya,87.4,94.9
puttalam,naththandiya,77.6,88.2
puttalam,wennappuwa,80.3,88.1
puttalam,madurankuliya,19.7,23.5
puttalam,pannala,105.5,119.6
puttalam,anuradhapura,77.2,85.4
puttalam,polonnaruwa,170.8,199.9
puttalam,medawachchiya,113.3,128.4
puttalam,kaduruwela,173.4,205.3
puttalam,kekirawa,98.0,116.9
puttalam,habarana,128.3,154.2
puttalam,galenbindunuwewa,119.0,143.6
puttalam,talawa,58.7,67.3
puttalam,badulla,241.6,288.2
puttalam,bandarawela,241.5,300.6
puttalam,monaragala,284.9,340.3
puttalam,welimada,220.4,272.7
puttalam,mahiyanganaya,199.8,245.4
puttalam,haputale,299.8,326.1
puttalam,ella,254.2,314.9
puttalam,passara,256.3,315.4
puttalam,wellawaya,270.5,327.8
puttalam,ratnapura,218.7,223.2
puttalam,kegalle,118.5,145.5
puttalam,embilipitiya,290.6,301.5
puttalam,balangoda,262.4,269.4
puttalam,ruwanwella,156.1,181.3
puttalam,deraniyagala,176.7,206.7
puttalam,kitulgala,183.6,210.7
puttalam,rakkula,248.2,255.3
chilaw,kuliyapitiya,33.9,37.3
chilaw,naththandiya,24.1,30.6
chilaw,wennappuwa,26.8,30.5
chilaw,madurankuliya,40.3,45.6
chilaw,pannala,52.0,62.0
chilaw,anuradhapura,127.6,139.5
chilaw,polonnaruwa,194.9,218.5
chilaw,medawachchiya,163.6,182.6
chilaw,kaduruwela,197.5,223.9
chilaw,kekirawa,122.8,161.0
chilaw,habarana,150.3,170.4
chilaw,galenbindunuwewa,169.3,197.8
chilaw,talawa,109.0,121.4
chilaw,badulla,233.6,264.8
chilaw,bandarawela,263.1,270.4
chilaw,monaragala,276.9,316.9
chilaw,welimada,197.7,249.1
chilaw,mahiyanganaya,191.8,222.0
chilaw,haputale,246.3,268.5
chilaw,ella,276.2,285.2
chilaw,passara,248.3,292.0
chilaw,wellawaya,269.0,274.1
chilaw,ratnapura,165.2,165.6
chilaw,kegalle,84.9,101.0
chilaw,embilipitiya,237.1,243.9
chilaw,balangoda,208.9,211.8
chilaw,ruwanwella,102.6,123.7
chilaw,deraniyagala,123.2,149.1
chilaw,kitulgala,130.1,153.1
chilaw,rakkula,194.6,197.7
kuliyapitiya,naththandiya,24.1,30.9
kuliyapitiya,wennappuwa,31.9,43.3
kuliyapitiya,madurankuliya,74.1,82.4
kuliyapitiya,pannala,23.8,31.8
kuliyapitiya,anuradhapura,119.2,149.9
kuliyapitiya,polonnaruwa,161.0,181.1
kuliyapitiya,medawachchiya,155.3,192.9
kuliyapitiya,kaduruwela,163.6,186.5
kuliyapitiya,kekirawa,107.5,142.4
kuliyapitiya,habarana,116.5,133.1
kuliyapitiya,galenbindunuwewa,160.9,208.1
kuliyapitiya,talawa,102.6,129.0
kuliyapitiya,badulla,199.8,227.4
kuliyapitiya,bandarawela,184.9,239.7
kuliyapitiya,monaragala,243.0,279.6
kuliyapitiya,welimada,163.8,211.7
kuliyapitiya,mahiyanganaya,157.9,184.7
kuliyapitiya,haputale,199.0,245.3
kuliyapitiya,ella,197.7,253.9
kuliyapitiya,passara,214.4,254.7
kuliyapitiya,wellawaya,221.7,250.8
kuliyapitiya,ratnapura,118.0,142.3
kuliyapitiya,kegalle,51.0,63.6
kuliyapitiya,embilipitiya,189.8,220.7
kuliyapitiya,balangoda,161.6,188.5
kuliyapitiya,ruwanwella,72.7,95.3
kuliyapitiya,deraniyagala,95.7,123.1
kuliyapitiya,kitulgala,99.0,123.1
kuliyapitiya,rakkula,147.4,174.4
naththandiya,wennappuwa,10.1,19.7
naththandiya,madurankuliya,64.2,75.6
naththandiya,pannala,25.0,42.6
naththandiya,anuradhapura,151.4,169.5
naththandiya,polonnaruwa,185.0,211.8
naththandiya,medawachchiya,187.5,212.6
naththandiya,kaduruwela,187.6,217.2
naththandiya,kekirawa,131.5,173.1
naththandiya,habarana,140.5,163.7
naththandiya,galenbindunuwewa,193.2,227.8
naththandiya,talawa,132.9,151.4
naththandiya,badulla,223.8,258.1
naththandiya,bandarawela,247.2,259.7
naththandiya,monaragala,267.1,310.2
naththandiya,welimada,187.9,242.4
naththandiya,mahiyanganaya,181.9,215.3
naththandiya,haputale,230.4,257.7
naththandiya,ella,260.3,274.5
naththandiya,passara,238.4,285.3
naththandiya,wellawaya,253.1,263.3
naththandiya,ratnapura,149.3,154.8
naththandiya,kegalle,75.0,94.3
naththandiya,embilipitiya,221.2,233.2
naththandiya,balangoda,193.0,201.0
naththandiya,ruwanwella,86.7,112.9
naththandiya,deraniyagala,107.3,138.4
naththandiya,kitulgala,114.2,142.4
naththandiya,rakkula,178.7,186.9
wennappuwa,madurankuliya,66.9,75.4
wennappuwa,pannala,27.1,36.7
wennappuwa,anuradhapura,154.2,169.4
wennappuwa,polonnaruwa,200.7,222.4
wennappuwa,medawachchiya,190.2,212.4
wennappuwa,kaduruwela,203.3,227.8
wennappuwa,kekirawa,142.4,184.4
wennappuwa,habarana,156.1,174.3
wennappuwa,galenbindunuwewa,195.9,227.6
wennappuwa,talawa,135.6,151.2
wennappuwa,badulla,231.8,267.8
wennappuwa,bandarawela,238.1,245.2
wennappuwa,monaragala,291.3,299.3
wennappuwa,welimada,198.7,233.6
wennappuwa,mahiyanganaya,189.9,225.0
wennappuwa,haputale,221.3,243.3
wennappuwa,ella,251.3,260.0
wennappuwa,passara,246.4,295.0
wennappuwa,wellawaya,244.0,248.9
wennappuwa,ratnapura,140.3,140.4
wennappuwa,kegalle,76.4,94.4
wennappuwa,embilipitiya,212.2,218.7
wennappuwa,balangoda,184.0,186.5
wennappuwa,ruwanwella,77.7,98.5
wennappuwa,deraniyagala,98.3,123.9
wennappuwa,kitulgala,105.2,127.9
wennappuwa,rakkula,169.7,172.4
madurankuliya,pannala,92.1,107.0
madurankuliya,anuradhapura,93.6,105.0
madurankuliya,polonnaruwa,187.1,219.5
madurankuliya,medawachchiya,129.6,148.0
madurankuliya,kaduruwela,189.7,224.9
madurankuliya,kekirawa,114.4,136.4
madurankuliya,habarana,144.6,173.8
madurankuliya,galenbindunuwewa,135.3,163.2
madurankuliya,talawa,75.0,86.8
madurankuliya,badulla,247.7,295.3
madurankuliya,bandarawela,247.6,307.8
madurankuliya,monaragala,291.0,347.4
madurankuliya,welimada,226.5,279.8
madurankuliya,mahiyanganaya,205.9,252.5
madurankuliya,haputale,286.4,313.5
madurankuliya,ella,260.3,322.1
madurankuliya,passara,262.4,322.5
madurankuliya,wellawaya,309.1,319.1
madurankuliya,ratnapura,205.4,210.6
madurankuliya,kegalle,125.0,146.0
madurankuliya,embilipitiya,277.2,288.9
madurankuliya,balangoda,249.0,256.8
madurankuliya,ruwanwella,142.8,168.7
madurankuliya,deraniyagala,163.3,194.1
madurankuliya,kitulgala,170.3,198.1
madurankuliya,rakkula,234.8,242.7
pannala,anuradhapura,142.9,181.5
pannala,polonnaruwa,176.9,194.2
pannala,medawachchiya,191.6,219.0
pannala,kaduruwela,179.5,199.6
pannala,kekirawa,139.1,158.4
pannala,habarana,132.4,146.1
pannala,galenbindunuwewa,197.3,234.2
pannala,talawa,126.3,160.6
pannala,badulla,208.0,239.6
pannala,bandarawela,203.6,233.4
pannala,monaragala,256.8,287.5
pannala,welimada,165.5,214.2
pannala,mahiyanganaya,166.2,196.8
pannala,haputale,186.8,231.5
pannala,ella,216.8,248.2
pannala,passara,222.7,266.8
pannala,wellawaya,209.5,237.1
pannala,ratnapura,105.8,128.6
pannala,kegalle,52.7,66.2
pannala,embilipitiya,177.7,206.9
pannala,balangoda,149.4,174.7
pannala,ruwanwella,62.9,83.9
pannala,deraniyagala,83.5,109.3
pannala,kitulgala,90.4,113.3
pannala,rakkula,135.2,160.6
anuradhapura,polonnaruwa,101.2,118.7
anuradhapura,medawachchiya,38.5,47.2
anuradhapura,kaduruwela,103.8,124.1
anuradhapura,kekirawa,41.1,51.6
anuradhapura,habarana,58.7,73.0
anuradhapura,galenbindunuwewa,44.2,62.4
anuradhapura,talawa,28.5,35.0
anuradhapura,badulla,209.9,264.4
anuradhapura,bandarawela,238.3,296.8
anuradhapura,monaragala,243.8,298.6
anuradhapura,welimada,230.9,283.5
anuradhapura,mahiyanganaya,159.8,201.0
anuradhapura,haputale,263.6,338.9
anuradhapura,ella,231.9,292.9
anuradhapura,passara,224.6,291.6
anuradhapura,wellawaya,263.0,336.3
anuradhapura,ratnapura,222.2,264.6
anuradhapura,kegalle,139.4,172.2
anuradhapura,embilipitiya,294.1,342.9
anuradhapura,balangoda,265.9,310.8
anuradhapura,ruwanwella,170.1,213.1
anuradhapura,deraniyagala,193.2,240.9
anuradhapura,kitulgala,196.7,238.5
anuradhapura,rakkula,251.6,296.7
polonnaruwa,medawachchiya,118.5,136.5
polonnaruwa,kaduruwela,3.1,6.3
polonnaruwa,kekirawa,71.5,85.0
polonnaruwa,habarana,44.3,47.9
polonnaruwa,galenbindunuwewa,124.2,151.7
polonnaruwa,talawa,112.5,134.2
polonnaruwa,badulla,148.0,180.5
polonnaruwa,bandarawela,176.4,212.9
polonnaruwa,monaragala,165.2,194.0
polonnaruwa,welimada,178.7,218.7
polonnaruwa,mahiyanganaya,97.2,116.4
polonnaruwa,haputale,197.9,255.3
polonnaruwa,ella,170.0,209.0
polonnaruwa,passara,162.7,207.7
polonnaruwa,wellawaya,203.1,238.3
polonnaruwa,ratnapura,243.5,259.0
polonnaruwa,kegalle,152.9,167.8
polonnaruwa,embilipitiya,262.8,314.4
polonnaruwa,balangoda,230.1,270.5
polonnaruwa,ruwanwella,183.6,208.8
polonnaruwa,deraniyagala,206.7,236.6
polonnaruwa,kitulgala,199.3,231.4
polonnaruwa,rakkula,272.9,291.1
medawachchiya,kaduruwela,121.4,142.0
medawachchiya,kekirawa,58.7,69.5
medawachchiya,habarana,76.3,90.9
medawachchiya,galenbindunuwewa,14.5,20.2
medawachchiya,talawa,64.9,79.8
medawachchiya,badulla,227.5,282.3
medawachchiya,bandarawela,255.9,314.7
medawachchiya,monaragala,261.4,316.5
medawachchiya,welimada,248.5,301.4
medawachchiya,mahiyanganaya,177.3,218.9
medawachchiya,haputale,281.2,356.8
medawachchiya,ella,249.4,310.7
medawachchiya,passara,242.2,309.5
medawachchiya,wellawaya,280.5,354.1
medawachchiya,ratnapura,258.4,284.0
medawachchiya,kegalle,167.9,192.8
medawachchiya,embilipitiya,330.3,362.3
medawachchiya,balangoda,302.1,330.2
medawachchiya,ruwanwella,198.6,233.8
medawachchiya,deraniyagala,221.7,261.6
medawachchiya,kitulgala,214.3,256.4
medawachchiya,rakkula,287.9,316.1
kaduruwela,kekirawa,74.4,90.6
kaduruwela,habarana,47.1,53.6
kaduruwela,galenbindunuwewa,127.1,157.4
kaduruwela,talawa,115.4,139.8
kaduruwela,badulla,147.3,181.6
kaduruwela,bandarawela,175.7,214.0
kaduruwela,monaragala,164.5,195.1
kaduruwela,welimada,178.0,219.8
kaduruwela,mahiyanganaya,96.5,117.5
kaduruwela,haputale,197.2,256.3
kaduruwela,ella,169.2,210.1
kaduruwela,passara,162.0,208.8
kaduruwela,wellawaya,202.4,239.4
kaduruwela,ratnapura,246.3,264.7
kaduruwela,kegalle,155.8,173.5
kaduruwela,embilipitiya,262.1,315.4
kaduruwela,balangoda,229.4,271.6
kaduruwela,ruwanwella,186.5,214.5
kaduruwela,deraniyagala,209.6,242.3
kaduruwela,kitulgala,202.2,237.1
kaduruwela,rakkula,275.8,296.8
kekirawa,habarana,29.2,39.2
kekirawa,galenbindunuwewa,64.4,84.6
kekirawa,talawa,40.0,51.3
kekirawa,badulla,175.1,221.7
kekirawa,bandarawela,203.4,254.1
kekirawa,monaragala,208.9,255.9
kekirawa,welimada,196.1,240.8
kekirawa,mahiyanganaya,124.9,158.3
kekirawa,haputale,228.7,296.3
kekirawa,ella,197.0,250.2
kekirawa,passara,189.7,248.9
kekirawa,wellawaya,228.1,293.6
kekirawa,ratnapura,206.0,223.4
kekirawa,kegalle,115.4,132.3
kekirawa,embilipitiya,277.9,301.8
kekirawa,balangoda,249.7,269.6
kekirawa,ruwanwella,146.1,173.2
kekirawa,deraniyagala,169.2,201.0
kekirawa,kitulgala,161.8,195.8
kekirawa,rakkula,235.4,255.5
habarana,galenbindunuwewa,81.9,106.1
habarana,talawa,70.2,88.5
habarana,badulla,168.3,209.4
habarana,bandarawela,196.7,241.8
habarana,monaragala,209.2,241.1
habarana,welimada,189.3,228.5
habarana,mahiyanganaya,118.1,146.0
habarana,haputale,221.9,284.0
habarana,ella,190.2,237.9
habarana,passara,182.9,236.6
habarana,wellawaya,221.3,281.3
habarana,ratnapura,199.2,211.1
habarana,kegalle,108.7,120.0
habarana,embilipitiya,271.1,289.5
habarana,balangoda,242.9,257.3
habarana,ruwanwella,139.3,160.9
habarana,deraniyagala,162.4,188.7
habarana,kitulgala,155.0,183.5
habarana,rakkula,228.6,243.2
galenbindunuwewa,talawa,70.6,94.9
galenbindunuwewa,badulla,233.2,297.4
galenbindunuwewa,bandarawela,261.6,329.8
galenbindunuwewa,monaragala,267.1,331.7
galenbindunuwewa,welimada,254.2,316.5
galenbindunuwewa,mahiyanganaya,183.0,234.0
galenbindunuwewa,haputale,286.9,372.0
galenbindunuwewa,ella,255.1,325.9
galenbindunuwewa,passara,247.8,324.6
galenbindunuwewa,wellawaya,286.2,369.3
galenbindunuwewa,ratnapura,264.1,299.2
galenbindunuwewa,kegalle,173.6,208.0
galenbindunuwewa,embilipitiya,336.0,377.5
galenbindunuwewa,balangoda,307.8,345.3
galenbindunuwewa,ruwanwella,204.2,248.9
galenbindunuwewa,deraniyagala,227.4,276.7
galenbindunuwewa,kitulgala,220.0,271.5
galenbindunuwewa,rakkula,293.6,331.2
talawa,badulla,212.7,268.8
talawa,bandarawela,241.1,301.2
talawa,monaragala,246.6,303.1
talawa,welimada,224.9,278.7
talawa,mahiyanganaya,162.5,205.4
talawa,haputale,257.5,334.2
talawa,ella,234.6,297.3
talawa,passara,227.3,296.0
talawa,wellawaya,274.9,333.8
talawa,ratnapura,205.7,243.9
talawa,kegalle,122.9,151.5
talawa,embilipitiya,277.6,322.3
talawa,balangoda,249.4,290.1
talawa,ruwanwella,153.6,192.4
talawa,deraniyagala,176.7,220.2
talawa,kitulgala,177.2,217.9
talawa,rakkula,235.1,276.0
badulla,bandarawela,28.5,33.3
badulla,monaragala,59.0,65.9
badulla,welimada,30.8,39.1
badulla,mahiyanganaya,52.6,67.7
badulla,haputale,50.0,75.6
badulla,ella,22.0,29.3
badulla,passara,15.0,28.7
badulla,wellawaya,53.1,72.7
badulla,ratnapura,125.6,136.5
badulla,kegalle,152.1,180.7
badulla,embilipitiya,120.0,150.3
badulla,balangoda,82.2,90.9
badulla,ruwanwella,153.7,179.0
badulla,deraniyagala,152.1,192.5
badulla,kitulgala,125.2,146.9
badulla,rakkula,109.6,122.7
bandarawela,monaragala,73.7,85.5
bandarawela,welimada,21.0,28.0
bandarawela,mahiyanganaya,81.3,100.2
bandarawela,haputale,22.3,44.4
bandarawela,ella,14.0,16.7
bandarawela,passara,42.7,59.9
bandarawela,wellawaya,29.9,43.9
bandarawela,ratnapura,97.9,105.4
bandarawela,kegalle,134.5,177.4
bandarawela,embilipitiya,108.0,124.6
bandarawela,balangoda,54.5,59.7
bandarawela,ruwanwella,144.0,167.9
bandarawela,deraniyagala,136.0,161.8
bandarawela,kitulgala,115.5,135.8
bandarawela,rakkula,81.9,91.5
monaragala,welimada,89.0,103.1
monaragala,mahiyanganaya,79.8,99.4
monaragala,haputale,75.5,98.6
monaragala,ella,59.9,68.9
monaragala,passara,48.3,68.8
monaragala,wellawaya,47.3,50.5
monaragala,ratnapura,151.1,159.6
monaragala,kegalle,195.9,232.9
monaragala,embilipitiya,107.0,126.5
monaragala,balangoda,107.7,113.9
monaragala,ruwanwella,211.7,227.6
monaragala,deraniyagala,189.2,216.1
monaragala,kitulgala,175.5,209.6
monaragala,rakkula,135.1,145.8
welimada,mahiyanganaya,83.6,106.0
welimada,haputale,37.4,63.4
welimada,ella,33.8,42.2
welimada,passara,45.0,65.8
welimada,wellawaya,54.8,63.0
welimada,ratnapura,113.0,124.3
welimada,kegalle,113.5,149.4
welimada,embilipitiya,123.0,143.6
welimada,balangoda,69.6,78.7
welimada,ruwanwella,122.9,139.9
welimada,deraniyagala,121.3,153.5
welimada,kitulgala,94.4,107.8
welimada,rakkula,97.0,110.5
mahiyanganaya,haputale,102.5,142.2
mahiyanganaya,ella,74.5,96.0
mahiyanganaya,passara,67.2,94.7
mahiyanganaya,wellawaya,105.6,139.4
mahiyanganaya,ratnapura,178.1,203.2
mahiyanganaya,kegalle,113.7,139.4
mahiyanganaya,embilipitiya,172.4,217.0
mahiyanganaya,balangoda,134.7,157.5
mahiyanganaya,ruwanwella,148.0,184.5
mahiyanganaya,deraniyagala,171.2,212.3
mahiyanganaya,kitulgala,138.7,170.7
mahiyanganaya,rakkula,162.0,189.3
haputale,ella,35.5,59.3
haputale,passara,64.2,102.5
haputale,wellawaya,28.2,48.2
haputale,ratnapura,81.1,103.4
haputale,kegalle,146.1,205.0
haputale,embilipitiya,91.2,122.6
haputale,balangoda,37.7,57.7
haputale,ruwanwella,141.7,171.4
haputale,deraniyagala,119.2,159.8
haputale,kitulgala,105.5,153.4
haputale,rakkula,65.1,89.5
ella,passara,36.2,55.9
ella,wellawaya,37.7,44.5
ella,ratnapura,111.1,120.2
ella,kegalle,147.3,191.8
ella,embilipitiya,97.9,121.0
ella,balangoda,67.7,74.5
ella,ruwanwella,156.8,182.4
ella,deraniyagala,149.2,176.6
ella,kitulgala,128.3,150.3
ella,rakkula,95.1,106.4
passara,wellawaya,56.0,87.4
passara,ratnapura,139.9,163.1
passara,kegalle,166.8,207.5
passara,embilipitiya,116.3,163.9
passara,balangoda,96.5,117.4
passara,ruwanwella,168.0,205.5
passara,deraniyagala,166.4,219.1
passara,kitulgala,139.5,173.4
passara,rakkula,123.8,149.3
wellawaya,ratnapura,103.8,109.1
wellawaya,kegalle,163.6,204.5
wellawaya,embilipitiya,85.5,102.7
wellawaya,balangoda,60.4,63.4
wellawaya,ruwanwella,164.4,177.1
wellawaya,deraniyagala,141.9,165.5
wellawaya,kitulgala,128.2,159.1
wellawaya,rakkula,87.8,95.3
ratnapura,kegalle,90.8,104.6
ratnapura,embilipitiya,72.1,79.1
ratnapura,balangoda,43.9,46.9
ratnapura,ruwanwella,61.1,69.4
ratnapura,deraniyagala,38.7,57.8
ratnapura,kitulgala,81.7,90.0
ratnapura,rakkula,29.6,32.8
kegalle,embilipitiya,164.1,187.1
kegalle,balangoda,135.9,155.0
kegalle,ruwanwella,35.0,46.7
kegalle,deraniyagala,58.1,74.5
kegalle,kitulgala,54.4,67.1
kegalle,rakkula,121.6,140.9
embilipitiya,balangoda,53.8,66.0
embilipitiya,ruwanwella,132.6,146.9
embilipitiya,deraniyagala,110.2,135.4
embilipitiya,kitulgala,153.1,167.6
embilipitiya,rakkula,42.5,46.2
balangoda,ruwanwella,104.3,114.8
balangoda,deraniyagala,81.9,103.2
balangoda,kitulgala,95.0,124.6
balangoda,rakkula,27.8,33.0
ruwanwella,deraniyagala,26.2,34.4
ruwanwella,kitulgala,29.4,34.4
ruwanwella,rakkula,89.7,100.7
deraniyagala,kitulgala,46.7,54.9
deraniyagala,rakkula,67.4,89.0
kitulgala,rakkula,110.2,121.1
