osm_id,code,fclass,population,name,geometry,geometry_wkt
41626831,1002,town,5000,Ella,POINT (81.0489927 6.8736058),POINT (81.048993 6.873606)
44240758,1001,city,27500,Nuwara Eliya,POINT (80.7669855 6.9739741),POINT (80.766986 6.973974)
49374844,1001,city,17900,Kegalle,POINT (80.3454132 7.2532006),POINT (80.345413 7.253201)
50414847,1003,village,5000,Talpe,POINT (80.2811795 5.9971428),POINT (80.28118 5.997143)
50416229,1010,suburb,10000,Mahamodara,POINT (80.2013241 6.0417067),POINT (80.201324 6.041707)
50416271,1010,suburb,10000,Kaluwella,POINT (80.2122467 6.0346306),POINT (80.212247 6.034631)
50416277,1010,suburb,0,Magalle,POINT (80.23748 6.0342456),POINT (80.23748 6.034246)
50416399,1003,village,5000,Koggala,POINT (80.3226304 5.9903676),POINT (80.32263 5.990368)
50769618,1002,town,15000,Mirissa,POINT (80.4558128 5.9493634),POINT (80.455813 5.949363)
50794342,1001,city,753000,Colombo,POINT (79.8542005 6.9388614),POINT (79.8542 6.938861)
51216347,1002,town,11200,Tangalle,POINT (80.7949279 6.0250847),POINT (80.794928 6.025085)
51226428,1002,town,7000,Pussellawa,POINT (80.6337679 7.110145),POINT (80.633768 7.110145)
51226438,1003,village,1500,Hakgala,POINT (80.8262591 6.92375),POINT (80.826259 6.92375)
51226446,1004,hamlet,500,Boragas,POINT (80.8407873 6.9078759),POINT (80.840787 6.907876)
51226450,1003,village,500,Keppetipola,POINT (80.8694619 6.8948998),POINT (80.869462 6.8949)
51232363,1002,town,10000,Tanamalwila,POINT (81.1302757 6.4362434),POINT (81.130276 6.436243)
51232367,1002,town,5000,Lunugamvehera,POINT (81.1961423 6.3470414),POINT (81.196142 6.347041)
51232378,1002,town,10000,Weerawila,POINT (81.2281152 6.2574968),POINT (81.228115 6.257497)
51232381,1002,town,15000,Ambalantota,POINT (81.0238588 6.1224627),POINT (81.023859 6.122463)
51232382,1003,village,5000,Nonagama,POINT (80.9921128 6.1126485),POINT (80.992113 6.112648)
51232384,1002,town,15000,Hungama,POINT (80.9320164 6.1099095),POINT (80.932016 6.10991)
51232436,1002,town,5000,Ranna,POINT (80.8751364 6.0970103),POINT (80.875136 6.09701)
51237546,1002,town,10000,Pasyala,POINT (80.1242004 7.1684426),POINT (80.1242 7.168443)
51237600,1002,town,15000,Mawanella,POINT (80.4469352 7.2523524),POINT (80.446935 7.252352)
51237603,1002,town,15000,Kadawatha,POINT (79.9512274 7.002137),POINT (79.951227 7.002137)
51245124,1010,suburb,10000,Weliwatta,POINT (80.2207475 6.0399173),POINT (80.220748 6.039917)
61522016,1003,village,1000,Monrovia,POINT (80.1580397 6.1180647),POINT (80.15804 6.118065)
61522032,1003,village,1000,Kattupol Watta,POINT (80.1667793 6.1209159),POINT (80.166779 6.120916)
61557398,1001,city,207000,Moratuwa,POINT (79.8826095 6.7746821),POINT (79.88261 6.774682)
61602698,1003,village,1000,Rajgama,POINT (80.1416237 6.0915285),POINT (80.141624 6.091528)
77369078,1002,town,15000,Dondra,POINT (80.5893555 5.9281039),POINT (80.589356 5.928104)
98593218,1002,town,15000,Akuressa,POINT (80.4764879 6.1011778),POINT (80.476488 6.101178)
102764947,1003,village,0,Kahaduwawatta,POINT (80.2145368 6.0648309),POINT (80.214537 6.064831)
129616015,1002,town,5000,Bandaragama,POINT (79.9889673 6.7145129),POINT (79.988967 6.714513)
129616333,1010,suburb,1000,Kalubowila,POINT (79.8772942 6.8664575),POINT (79.877294 6.866458)
130460965,1003,village,1000,Thalgasgoda,POINT (80.0747682 6.2473323),POINT (80.074768 6.247332)
130461056,1003,village,1000,Thalgaskanda,POINT (80.0812289 6.2487572),POINT (80.081229 6.248757)
134253719,1002,town,15000,Dehiwala,POINT (79.8659769 6.8512785),POINT (79.865977 6.851278)
198828296,1003,village,10000,Pannipitiya,POINT (79.9486254 6.8464397),POINT (79.948625 6.84644)
198828328,1002,town,15000,Nugegoda,POINT (79.8882835 6.8699688),POINT (79.888284 6.869969)
245519771,1002,town,5000,Padukka,POINT (80.0916472 6.8415384),POINT (80.091647 6.841538)
247205705,1002,town,16200,Hatton,POINT (80.5984591 6.8916333),POINT (80.598459 6.891633)
247206090,1002,town,15000,Ginigathhena,POINT (80.4941848 6.9890908),POINT (80.494185 6.989091)
247211381,1002,town,5000,Talawakele,POINT (80.661471 6.9380776),POINT (80.661471 6.938078)
247220841,1001,city,120000,Hambantota,POINT (81.1242563 6.1249126),POINT (81.124256 6.124913)
248049206,1003,village,1000,Nalagasdeniya,POINT (80.1094221 6.1403764),POINT (80.109422 6.140376)
248049211,1003,village,1000,Poddala,POINT (80.2172265 6.1157677),POINT (80.217226 6.115768)
250131587,1003,village,5000,Yayawatta,POINT (80.7354624 6.005693),POINT (80.735462 6.005693)
250131633,1003,village,5000,Yayawatta Palotha,POINT (80.748394 6.015619),POINT (80.748394 6.015619)
250132081,1003,village,1000,Akurala,POINT (80.0629238 6.192196),POINT (80.062924 6.192196)
250132087,1003,village,1000,Madampagama,POINT (80.0591135 6.214748),POINT (80.059114 6.214748)
250132108,1050,locality,1000,Polwatta Junction,POINT (80.0628985 6.2456678),POINT (80.062898 6.245668)
250132238,1003,village,1000,Urawatte,POINT (80.055321 6.2249305),POINT (80.055321 6.22493)
250132319,1003,village,1000,Peraliya,POINT (80.0899137 6.1666809),POINT (80.089914 6.166681)
250132419,1003,village,1000,Owakanda,POINT (80.1526817 6.0801537),POINT (80.152682 6.080154)
250132431,1010,suburb,1000,Dadalla,POINT (80.1922445 6.0467062),POINT (80.192244 6.046706)
250132438,1003,village,5000,Thalaramba,POINT (80.4753806 5.9398427),POINT (80.475381 5.939843)
250132444,1002,town,15000,Walgama,POINT (80.5149276 5.9424672),POINT (80.514928 5.942467)
250132486,1003,village,5000,Pamburana,POINT (80.5285454 5.9451958),POINT (80.528545 5.945196)
250132536,1003,village,5000,Kamburugamuwa,POINT (80.4942905 5.9411497),POINT (80.49429 5.94115)
250135758,1003,village,5000,Polhena,POINT (80.524231 5.9394504),POINT (80.524231 5.93945)
250730974,1002,town,15000,Pelawatte,POINT (79.9289573 6.891596),POINT (79.928957 6.891596)
250781785,1010,suburb,10000,Nawala,POINT (79.8871921 6.8869823),POINT (79.887192 6.886982)
251366138,1003,village,5000,Gandara,POINT (80.613406 5.9377157),POINT (80.613406 5.937716)
251366149,1003,village,1000,Kottagoda,POINT (80.6370242 5.9494342),POINT (80.637024 5.949434)
251844762,1003,village,5000,Pokunuwita,POINT (80.0339642 6.7260305),POINT (80.033964 6.72603)
251844978,1002,town,15000,Boralesgamuwa,POINT (79.9017028 6.8410598),POINT (79.901703 6.84106)
251845035,1010,suburb,5000,Raththanapitiya,POINT (79.8977298 6.8483963),POINT (79.89773 6.848396)
251845067,1010,suburb,1000,Kohuwala,POINT (79.8847353 6.8670544),POINT (79.884735 6.867054)
252537454,1004,hamlet,500,Asiri Uyana,POINT (79.975734 6.8075228),POINT (79.975734 6.807523)
252537457,1003,village,5000,Kahathuduwa,POINT (79.9839654 6.7831285),POINT (79.983965 6.783128)
252542243,1010,suburb,1000,Katugoda,POINT (80.2410351 6.0333514),POINT (80.241035 6.033351)
252542985,1002,town,32300,Ja-ela,POINT (79.8907632 7.0793775),POINT (79.890763 7.079378)
256824209,1004,hamlet,200,Thalagala Junction,POINT (80.042029 6.797989),POINT (80.042029 6.797989)
256824244,1002,town,20000,Battaramulla,POINT (79.9195776 6.9021809),POINT (79.919578 6.902181)
258031093,1002,town,68800,Dambulla,POINT (80.6510917 7.8742031),POINT (80.651092 7.874203)
258034509,1002,town,15000,Katugastota,POINT (80.6249552 7.3220837),POINT (80.624955 7.322084)
258047343,1002,town,15000,Habarana,POINT (80.7564622 8.0423226),POINT (80.756462 8.042323)
258049423,1001,city,40800,Matale,POINT (80.6234307 7.4720453),POINT (80.623431 7.472045)
258523517,1001,city,15000,Polonnaruwa,POINT (81.0003387 7.9395357),POINT (81.000339 7.939536)
258615787,1002,town,5000,Naula,POINT (80.6530833 7.7070389),POINT (80.653083 7.707039)
258615791,1003,village,1000,Hunganwela,POINT (80.6413048 7.6775782),POINT (80.641305 7.677578)
258615793,1003,village,2000,Palapathwela,POINT (80.6275032 7.5369467),POINT (80.627503 7.536947)
258615799,1004,hamlet,1500,Kudugala,POINT (80.6175631 7.3582677),POINT (80.617563 7.358268)
258615800,1003,village,5000,Ambatenna,POINT (80.6142184 7.3508935),POINT (80.614218 7.350894)
263179685,1004,hamlet,10000,Mulgampola,POINT (80.6179819 7.2778352),POINT (80.617982 7.277835)
263798278,1003,village,3000,Atabage,POINT (80.5978714 7.1350219),POINT (80.597871 7.135022)
264605806,1010,suburb,10000,Peradeniya,POINT (80.5930652 7.2642107),POINT (80.593065 7.264211)
265874918,1003,village,5000,Yala Junction,POINT (80.07151 6.6634307),POINT (80.07151 6.663431)
265874956,1003,village,5000,Anguruwathota,POINT (80.0762915 6.645179),POINT (80.076292 6.645179)
265875005,1003,village,5000,Galpatha,POINT (80.0249444 6.6293988),POINT (80.024944 6.629399)
266478441,1003,village,1000,Kadewatta,POINT (80.4358122 5.9834746),POINT (80.435812 5.983475)
267304700,1003,village,5000,Malagala,POINT (80.109788 6.7919138),POINT (80.109788 6.791914)
267304734,1003,village,1700,Dambara,POINT (80.1026629 6.7628853),POINT (80.102663 6.762885)
267304789,1003,village,5000,Kahawala,POINT (80.1115905 6.7753792),POINT (80.11159 6.775379)
267304812,1003,village,1400,Ihala Millawa North,POINT (80.0726646 6.7871354),POINT (80.072665 6.787135)
267304862,1003,village,2850,Pahala Millawa North,POINT (80.0827337 6.7989253),POINT (80.082734 6.798925)
267305055,1003,village,5000,Gurugoda,POINT (80.0994374 6.7264407),POINT (80.099437 6.726441)
267305145,1003,village,5000,Kananwila,POINT (80.0518337 6.7500925),POINT (80.051834 6.750092)
267305352,1003,village,5000,Gelanigama,POINT (80.0013608 6.7187694),POINT (80.001361 6.718769)
267305391,1003,village,5000,Raigama,POINT (80.0108447 6.7186391),POINT (80.010845 6.718639)
267305559,1003,village,5000,Gonapola,POINT (80.0130531 6.7638594),POINT (80.013053 6.763859)
267305868,1003,village,5000,Kumbuka,POINT (80.0286247 6.7356237),POINT (80.028625 6.735624)
267305985,1003,village,5000,Pinhena,POINT (79.9646627 6.8330326),POINT (79.964663 6.833033)
292785668,1002,town,15000,Seeduwa,POINT (79.8782394 7.1306288),POINT (79.878239 7.130629)
309607443,1002,town,10000,Labuduwa,POINT (80.2318917 6.0727684),POINT (80.231892 6.072768)
309897025,1010,suburb,10000,Karapitiya,POINT (80.2257615 6.0670789),POINT (80.225762 6.067079)
309898394,1003,village,1000,Godakanda,POINT (80.2228397 6.0780775),POINT (80.22284 6.078078)
309898644,1003,village,1000,Galketiya,POINT (80.22329 6.0757899),POINT (80.22329 6.07579)
310166096,1003,village,5000,Hapugala,POINT (80.1975697 6.0757917),POINT (80.19757 6.075792)
310166135,1003,village,5000,Wakwella,POINT (80.1848753 6.1011226),POINT (80.184875 6.101123)
310166136,1003,village,0,Kithulampitiya,POINT (80.2053202 6.0648926),POINT (80.20532 6.064893)
313390093,1004,hamlet,500,Periyamulla,POINT (79.8453599 7.2194111),POINT (79.84536 7.219411)
313407388,1002,town,15000,Kochchikade,POINT (79.8590371 7.2649211),POINT (79.859037 7.264921)
313808390,1003,village,1000,Mihira,POINT (80.148476 6.0847625),POINT (80.148476 6.084762)
313808479,1003,village,1000,Gamaddegoda,POINT (80.1458152 6.0881337),POINT (80.145815 6.088134)
313809466,1003,village,1000,Wewala,POINT (80.1034626 6.1298515),POINT (80.103463 6.129852)
313809710,1003,village,1000,Seenigama,POINT (80.0930219 6.1572576),POINT (80.093022 6.157258)
313809891,1003,village,1000,Thelwatta,POINT (80.0862058 6.1734308),POINT (80.086206 6.173431)
313809951,1003,village,1000,Godagama,POINT (80.0796827 6.1794041),POINT (80.079683 6.179404)
313809996,1003,village,1000,Kahawa,POINT (80.0723657 6.1839907),POINT (80.072366 6.183991)
313810388,1003,village,1000,Kuleegoda,POINT (80.0704568 6.2139499),POINT (80.070457 6.21395)
313811388,1003,village,1000,Randombe,POINT (80.0442346 6.2525285),POINT (80.044235 6.252528)
313811721,1003,village,0,,POINT (80.0394281 6.2689097),POINT (80.039428 6.26891)
313811771,1003,village,1000,Wathuregama,POINT (80.0399008 6.2955924),POINT (80.039901 6.295592)
324707446,1002,town,15000,Kankesanturai,POINT (80.0374464 9.8118663),POINT (80.037446 9.811866)
324707634,1002,town,15000,Chunnakam,POINT (80.028827 9.7430313),POINT (80.028827 9.743031)
330173100,1001,city,45400,Puttalam,POINT (79.8300293 8.031599),POINT (79.830029 8.031599)
335253618,1001,city,99100,Trincomalee,POINT (81.2344952 8.576425),POINT (81.234495 8.576425)
339885285,1002,town,5000,Talaimannar,POINT (79.7307431 9.1055245),POINT (79.730743 9.105524)
340000603,1004,hamlet,500,Maveliturai,POINT (79.7110517 9.5238698),POINT (79.711052 9.52387)
340001017,1003,village,5000,Malaiyadi,POINT (79.772919 9.5939073),POINT (79.772919 9.593907)
340001153,1004,hamlet,500,Sothithelvu,POINT (79.8498658 9.5744642),POINT (79.849866 9.574464)
388241712,1002,town,5000,Thihagoda,POINT (80.565877 6.0127562),POINT (80.565877 6.012756)
388245026,1002,town,10000,Yatiyana,POINT (80.6012659 6.024698),POINT (80.601266 6.024698)
388253832,1010,suburb,5000,Welegoda,POINT (80.5316289 5.9525185),POINT (80.531629 5.952518)
388261676,1003,village,5000,Wewurukannala,POINT (80.6982869 5.9772933),POINT (80.698287 5.977293)
388262220,1003,village,5000,Walasgala,POINT (80.699933 5.9854942),POINT (80.699933 5.985494)
540529437,1002,town,15000,Matugama,POINT (80.1142603 6.5229542),POINT (80.11426 6.522954)
558931492,1002,town,15000,Athurugiriya,POINT (79.9899292 6.8772464),POINT (79.989929 6.877246)
566568740,1003,village,5000,Ihalagama,POINT (80.5528316 8.0584255),POINT (80.552832 8.058426)
566568747,1003,village,5000,Andiyagala,POINT (80.5237321 7.9030308),POINT (80.523732 7.903031)
566574609,1003,village,5000,Talawa,POINT (80.3506415 8.2366956),POINT (80.350642 8.236696)
566574942,1001,city,63200,Anuradhapura,POINT (80.4106096 8.334985),POINT (80.41061 8.334985)
590036103,1010,suburb,10000,Koswatte,POINT (79.9293673 6.9079478),POINT (79.929367 6.907948)
598167631,1002,town,5000,Haputale,POINT (80.9602296 6.7681528),POINT (80.96023 6.768153)
599776563,1003,village,5000,Nambuluwa,POINT (79.9760958 6.826351),POINT (79.976096 6.826351)
599776565,1003,village,5000,Brahmanagama,POINT (79.9818137 6.8215139),POINT (79.981814 6.821514)
599815327,1003,village,5000,Kirigampamunuwa,POINT (79.9785599 6.8053875),POINT (79.97856 6.805388)
603240329,1003,village,5000,Beragala,POINT (80.9130843 6.7637697),POINT (80.913084 6.76377)
610929933,1002,town,5000,Weeraketiya,POINT (80.7632359 6.1484324),POINT (80.763236 6.148432)
610930009,1003,village,5000,Meegasara,POINT (80.7688185 6.2007131),POINT (80.768818 6.200713)
617242457,1002,town,15000,Dankotuwa,POINT (79.8821873 7.2974892),POINT (79.882187 7.297489)
617248525,1002,town,15000,Kotugoda,POINT (79.9247807 7.1234948),POINT (79.924781 7.123495)
617248527,1002,town,10000,Ekala,POINT (79.91027 7.1013158),POINT (79.91027 7.101316)
617248529,1003,village,5000,Industrial Zone,POINT (79.899506 7.1007133),POINT (79.899506 7.100713)
617262856,1003,village,5000,Vidyala Junction,POINT (79.9595731 6.8664947),POINT (79.959573 6.866495)
618529243,1010,suburb,15000,Rajagiriya,POINT (79.8962176 6.9095041),POINT (79.896218 6.909504)
618688780,1002,town,5000,Hingurakgoda,POINT (80.9531701 8.0415145),POINT (80.95317 8.041514)
619133452,1010,suburb,10000,Pitakotte,POINT (79.9020482 6.8840744),POINT (79.902048 6.884074)
619133455,1002,town,10000,Talawatugoda,POINT (79.9353613 6.8763201),POINT (79.935361 6.87632)
619742373,1003,village,5000,Hokandara North,POINT (79.9809292 6.8816229),POINT (79.980929 6.881623)
619742374,1004,hamlet,0,Millenium City,POINT (79.9945033 6.8894108),POINT (79.994503 6.889411)
619880001,1003,village,5000,Habarakada,POINT (80.0134781 6.8656803),POINT (80.013478 6.86568)
619905117,1001,city,252000,Kaduwela,POINT (79.9843311 6.9357027),POINT (79.984331 6.935703)
619905135,1002,town,10000,Miriswatte,POINT (80.0160646 7.0738514),POINT (80.016065 7.073851)
620529015,1003,village,5000,Bopitiya,POINT (79.8593207 7.0795314),POINT (79.859321 7.079531)
620529016,1003,village,5000,Pulluhena,POINT (79.8572178 7.074474),POINT (79.857218 7.074474)
621150152,1002,town,15000,Kiribathgoda,POINT (79.9269935 6.978151),POINT (79.926994 6.978151)
621201131,1003,village,5000,Hekitta,POINT (79.8763752 6.9839168),POINT (79.876375 6.983917)
621940712,1003,village,1000,Karagampitiya,POINT (79.8720051 6.8502681),POINT (79.872005 6.850268)
633759246,1001,city,100000,Mullaitivu,POINT (80.8145347 9.2698532),POINT (80.814535 9.269853)
633777927,1004,hamlet,500,Kadaiparichchan,POINT (81.2967443 8.464251),POINT (81.296744 8.464251)
633777931,1004,hamlet,500,Sanamvali,POINT (81.3801717 8.3720432),POINT (81.380172 8.372043)
633777938,1004,hamlet,500,Killiveddy,POINT (81.2857527 8.3491046),POINT (81.285753 8.349105)
633777951,1003,village,5000,Mutur,POINT (81.2667036 8.4579687),POINT (81.266704 8.457969)
633777955,1004,hamlet,500,Sampur,POINT (81.2919393 8.4846285),POINT (81.291939 8.484628)
634160532,1003,village,15000,Attanagalla,POINT (80.1367665 7.1138383),POINT (80.136766 7.113838)
634172978,1002,town,15000,Mulliyawalai,POINT (80.7783112 9.2255073),POINT (80.778311 9.225507)
634173386,1002,town,15000,Mankulam,POINT (80.4460374 9.1283525),POINT (80.446037 9.128352)
634174328,1002,town,15000,Kanakarayankulam,POINT (80.518048 9.0470052),POINT (80.518048 9.047005)
634174641,1002,town,5000,Nedunkerny,POINT (80.6608048 9.0621351),POINT (80.660805 9.062135)
634179060,1003,village,5000,Nainamadu,POINT (80.5990969 9.0283929),POINT (80.599097 9.028393)
634179061,1002,town,15000,Puliyankulam,POINT (80.5249678 8.965263),POINT (80.524968 8.965263)
634181330,1003,village,5000,Kokavil,POINT (80.4125439 9.2730832),POINT (80.412544 9.273083)
634181331,1003,village,5000,Iranamadu,POINT (80.4092187 9.3342699),POINT (80.409219 9.33427)
634182147,1001,city,99600,Vavuniya,POINT (80.5000778 8.7593517),POINT (80.500078 8.759352)
634187544,1003,village,5000,Inamaluwa,POINT (80.6877296 7.9296392),POINT (80.68773 7.929639)
634201943,1002,town,84260,Rambukkana,POINT (80.3957479 7.3239273),POINT (80.395748 7.323927)
634207826,1002,town,15000,Galagedara,POINT (80.5246925 7.3729671),POINT (80.524692 7.372967)
634222744,1002,town,5000,Puthukkudiyirippu,POINT (80.696277 9.3137049),POINT (80.696277 9.313705)
634224451,1004,hamlet,500,Ampalavanpokkanai,POINT (80.7378355 9.3481981),POINT (80.737836 9.348198)
634224455,1003,village,500,Chalai,POINT (80.6657994 9.4209203),POINT (80.665799 9.42092)
634225682,1003,village,500,Puthumattalan,POINT (80.728495 9.3582439),POINT (80.728495 9.358244)
634225685,1003,village,500,Palamattalan,POINT (80.7173633 9.3710324),POINT (80.717363 9.371032)
634253347,1001,city,100000,Kilinochchi,POINT (80.4087224 9.3840068),POINT (80.408722 9.384007)
634261389,1002,town,15000,Oddusudan,POINT (80.6513268 9.1554375),POINT (80.651327 9.155438)
634262363,1002,town,10000,Paranthan,POINT (80.4078621 9.4372313),POINT (80.407862 9.437231)
634470650,1003,village,5000,Galigamuwa,POINT (80.3102645 7.2357407),POINT (80.310264 7.235741)
634848847,1002,town,5000,Kirindiwela,POINT (80.1317271 7.0431455),POINT (80.131727 7.043146)
636834739,1003,village,5000,Karaitivu,POINT (79.8080276 8.2228084),POINT (79.808028 8.222808)
636859120,1003,village,5000,Moragaswewa,POINT (80.7727954 8.0322026),POINT (80.772795 8.032203)
636866396,1003,village,5000,Kibissa,POINT (80.7267997 7.9392594),POINT (80.7268 7.939259)
636866398,1003,village,5000,Tamaraivillu,POINT (81.1916684 8.4915048),POINT (81.191668 8.491505)
636867709,1002,town,5000,Kantale,POINT (81.0028383 8.3670029),POINT (81.002838 8.367003)
636867711,1003,village,5000,Agbopura,POINT (80.9818789 8.3417817),POINT (80.981879 8.341782)
636901988,1003,village,5000,Kirinde,POINT (81.3350166 6.2174118),POINT (81.335017 6.217412)
636920538,1003,village,5000,Paddippalai,POINT (81.7048515 7.5987902),POINT (81.704852 7.59879)
636923903,1003,village,5000,Urukamam,POINT (81.4950366 7.6505381),POINT (81.495037 7.650538)
636923904,1003,village,5000,Unnichchai,POINT (81.5470947 7.6148695),POINT (81.547095 7.61487)
636931698,1003,village,5000,Cheddipalaiyam,POINT (81.7848212 7.5719716),POINT (81.784821 7.571972)
637029092,1002,town,15000,Narammala,POINT (80.2143272 7.4306604),POINT (80.214327 7.43066)
637330801,1004,hamlet,500,Nawinna,POINT (79.9134314 6.8550625),POINT (79.913431 6.855062)
637652815,1002,town,15000,Ragama,POINT (79.9236484 7.0263493),POINT (79.923648 7.026349)
637706199,1002,town,5000,Ganemulla,POINT (79.9613944 7.0682842),POINT (79.961394 7.068284)
637895939,1002,town,15000,Pelmadulla,POINT (80.5431464 6.6234343),POINT (80.543146 6.623434)
637897018,1001,city,52100,Ratnapura,POINT (80.4022975 6.6803691),POINT (80.402298 6.680369)
638941854,1003,village,1000,Udugampola,POINT (79.9812272 7.126079),POINT (79.981227 7.126079)
638948677,1002,town,5000,Divulapitiya,POINT (80.0193654 7.2245446),POINT (80.019365 7.224545)
638948678,1002,town,15000,Mirigama,POINT (80.1299215 7.2475144),POINT (80.129922 7.247514)
638951280,1002,town,5000,Giriulla,POINT (80.1225131 7.3299461),POINT (80.122513 7.329946)
638957830,1002,town,15000,Veyangoda,POINT (80.0602466 7.1534492),POINT (80.060247 7.153449)
638957839,1003,village,5000,Nalapaya,POINT (80.0413713 7.1854322),POINT (80.041371 7.185432)
638957844,1003,village,5000,Dunagaha,POINT (79.9736318 7.2312809),POINT (79.973632 7.231281)
639153516,1002,town,76800,Katunayake,POINT (79.8716676 7.156773),POINT (79.871668 7.156773)
639175794,1002,town,15000,Katana,POINT (79.9051957 7.2505527),POINT (79.905196 7.250553)
639252024,1003,village,5000,Kimbulapitiya,POINT (79.8957069 7.2056808),POINT (79.895707 7.205681)
639252030,1003,village,5000,Andiambalama,POINT (79.9078158 7.1844926),POINT (79.907816 7.184493)
639263035,1002,town,15000,Pannala,POINT (80.0241058 7.328358),POINT (80.024106 7.328358)
639263038,1003,village,5000,Makandura,POINT (79.9774078 7.3220162),POINT (79.977408 7.322016)
639263039,1003,village,5000,Sandalankawa,POINT (79.9403539 7.3005219),POINT (79.940354 7.300522)
639267408,1003,village,5000,Bolawatta,POINT (79.8578383 7.2964862),POINT (79.857838 7.296486)
639267409,1003,village,5000,Nainamadama,POINT (79.8474814 7.3122968),POINT (79.847481 7.312297)
639283195,1004,hamlet,500,Kalahugahawila,POINT (80.0975638 7.1281146),POINT (80.097564 7.128115)
639303995,1003,village,5000,Radawana,POINT (80.092349 7.0338683),POINT (80.092349 7.033868)
639304543,1003,village,5000,Dompe,POINT (80.058322 6.9496578),POINT (80.058322 6.949658)
639306500,1003,village,5000,Godigomuwa,POINT (79.9625824 7.279985),POINT (79.962582 7.279985)
650331671,1003,village,5000,Ambalanwatta,POINT (80.2333371 6.0575573),POINT (80.233337 6.057557)
652394756,1010,suburb,10000,Soysapura,POINT (79.885037 6.8059708),POINT (79.885037 6.805971)
652646582,1003,village,5000,Thihariya,POINT (80.0724256 7.1252272),POINT (80.072426 7.125227)
665006571,1003,village,1000,Arewwala,POINT (79.9423268 6.8339578),POINT (79.942327 6.833958)
665686382,1002,town,5000,Kotikawatte,POINT (79.9159756 6.9361356),POINT (79.915976 6.936136)
665687033,1003,village,5000,Ambatale,POINT (79.9448314 6.9374104),POINT (79.944831 6.93741)
666021104,1002,town,15000,Angoda,POINT (79.9257199 6.9360192),POINT (79.92572 6.936019)
666021113,1002,town,15000,Mulleriyawa,POINT (79.9405074 6.9272771),POINT (79.940507 6.927277)
666072119,1003,village,5000,Malapalla,POINT (79.9713029 6.8446676),POINT (79.971303 6.844668)
667362617,1003,village,5000,Kahanthota,POINT (79.971732 6.8995902),POINT (79.971732 6.89959)
667505795,1003,village,1000,Wathurugama,POINT (80.1066802 7.0534629),POINT (80.10668 7.053463)
668030147,1010,suburb,10000,Mirihana,POINT (79.9010614 6.875335),POINT (79.901061 6.875335)
668032680,1010,suburb,10000,Madiwela,POINT (79.9218458 6.8790077),POINT (79.921846 6.879008)
668032681,1003,village,5000,Thalapathpitiya,POINT (79.9158906 6.8674092),POINT (79.915891 6.867409)
668032949,1010,suburb,10000,Ethul Kotte,POINT (79.906669 6.903882),POINT (79.906669 6.903882)
668962092,1010,suburb,31300,Peliyagoda,POINT (79.8818947 6.9633651),POINT (79.881895 6.963365)
670836047,1003,village,5000,Pamunuwa,POINT (79.9288897 6.8491934),POINT (79.92889 6.849193)
672187152,1003,village,5000,Thalangama,POINT (79.9263326 6.9060361),POINT (79.926333 6.906036)
696486183,1003,village,5000,Sedawatta,POINT (79.8788038 6.9531713),POINT (79.878804 6.953171)
696497075,1003,village,5000,Grandpass,POINT (79.8866482 6.9479501),POINT (79.886648 6.94795)
696519958,1002,town,10000,Wellampitiya,POINT (79.8962142 6.9372438),POINT (79.896214 6.937244)
803792646,1002,town,20000,Point Pedro,POINT (80.2361837 9.8241007),POINT (80.236184 9.824101)
904968167,1003,village,5000,Makumbura,POINT (79.9726949 6.8392272),POINT (79.972695 6.839227)
917948834,1002,town,20000,Kataragama,POINT (81.3324423 6.4135586),POINT (81.332442 6.413559)
969659938,1002,town,15000,Agalawatta,POINT (80.157362 6.5423445),POINT (80.157362 6.542344)
1093751366,1003,village,5000,Thalagaha,POINT (80.2484115 6.0780651),POINT (80.248412 6.078065)
1093774247,1003,village,10000,Yatalamatta,POINT (80.2798995 6.1631946),POINT (80.2799 6.163195)
1093799347,1002,town,5000,Pitabeddara,POINT (80.4740497 6.2011428),POINT (80.47405 6.201143)
1135422214,1002,town,10000,Siyambalanduwa,POINT (81.5592089 6.9064021),POINT (81.559209 6.906402)
1135433343,1001,city,110000,Moneragala,POINT (81.3507069 6.8725497),POINT (81.350707 6.87255)
1135479950,1003,village,5000,Dambagalla,POINT (81.3684596 6.9521479),POINT (81.36846 6.952148)
1150415971,1003,village,5000,Labugama,POINT (80.174194 6.8584184),POINT (80.174194 6.858418)
1150497671,1002,town,5000,Kithulgala,POINT (80.4084927 6.9978725),POINT (80.408493 6.997872)
1150550162,1003,village,5000,Kalpitiya,POINT (79.7661508 8.2368062),POINT (79.766151 8.236806)
1156534098,1002,town,15000,Wattegama,POINT (80.6825933 7.3513246),POINT (80.682593 7.351325)
1157624885,1003,village,1000,Elkaduwa,POINT (80.6831227 7.4168658),POINT (80.683123 7.416866)
1157658023,1003,village,5000,Kandenuwara,POINT (80.6823547 7.4539936),POINT (80.682355 7.453994)
1164665767,1004,hamlet,500,Hunasgiriya,POINT (80.692797 7.4002621),POINT (80.692797 7.400262)
1175899378,1002,town,5000,Ukuwela,POINT (80.6331832 7.4212501),POINT (80.633183 7.42125)
1175900715,1003,village,5000,Hindagala,POINT (80.6012335 7.2386673),POINT (80.601234 7.238667)
1181395633,1003,village,5000,Denipitiya,POINT (80.4523557 5.983201),POINT (80.452356 5.983201)
1183726317,1002,town,5000,Sooriyawewa,POINT (81.0021826 6.3081836),POINT (81.002183 6.308184)
1190564935,1003,village,5000,Norton Bridge,POINT (80.5206586 6.9153603),POINT (80.520659 6.91536)
1223037744,1003,village,5000,Kandakuli,POINT (79.7262601 8.2141932),POINT (79.72626 8.214193)
1231840776,1010,suburb,5000,Telijjawila,POINT (80.4974649 6.025379),POINT (80.497465 6.025379)
1237275871,1003,village,10000,Galkulama,POINT (80.4998012 8.2751604),POINT (80.499801 8.27516)
1239429314,1002,town,5000,Bamunakotuwa,POINT (80.2494401 7.5723539),POINT (80.24944 7.572354)
1239442633,1003,village,5000,Dampelessa,POINT (80.2096726 7.4111676),POINT (80.209673 7.411168)
1239482971,1003,village,5000,Kalugamuwa,POINT (80.2590363 7.4500568),POINT (80.259036 7.450057)
1239560146,1002,town,20000,Alawwa,POINT (80.2392415 7.2940156),POINT (80.239242 7.294016)
1239591372,1002,town,15000,Padeniya,POINT (80.2219283 7.6555886),POINT (80.221928 7.655589)
1239651747,1003,village,10000,Daladagama,POINT (80.2502341 7.8214845),POINT (80.250234 7.821484)
1239690493,1002,town,10000,Maho,POINT (80.273567 7.8239143),POINT (80.273567 7.823914)
1241525013,1002,town,5000,Giritale,POINT (80.9244422 8.000262),POINT (80.924442 8.000262)
1241588299,1003,village,5000,Ranpokunagama,POINT (80.1099421 7.136873),POINT (80.109942 7.136873)
1241639671,1003,village,5000,Naiwala,POINT (80.0309 7.1593736),POINT (80.0309 7.159374)
1241668462,1003,village,5000,Kalagedihena,POINT (80.0597034 7.1192313),POINT (80.059703 7.119231)
1242638983,1003,village,5000,Walahanduwa,POINT (80.2547098 6.0504945),POINT (80.25471 6.050494)
1242646684,1003,village,5000,Haliwala,POINT (80.2434977 6.0461098),POINT (80.243498 6.04611)
1242646685,1003,village,5000,Akmeemana,POINT (80.2609968 6.0695562),POINT (80.260997 6.069556)
1242694029,1003,village,5000,Potankadu,POINT (81.0083665 8.3476138),POINT (81.008366 8.347614)
1242700528,1003,village,5000,Kanniya,POINT (81.1671242 8.6184026),POINT (81.167124 8.618403)
1242724515,1003,village,5000,Kinniya,POINT (81.1912179 8.5016494),POINT (81.191218 8.501649)
1242793101,1003,village,5000,Uppuveli,POINT (81.217817 8.6013344),POINT (81.217817 8.601334)
1245022182,1003,village,1000,Ponnalai,POINT (79.9174453 9.7507128),POINT (79.917445 9.750713)
1245037503,1003,village,5000,Vallipuram,POINT (80.2426229 9.7884388),POINT (80.242623 9.788439)
1245043181,1002,town,41400,Chavakachcheri,POINT (80.1643076 9.6579014),POINT (80.164308 9.657901)
1245043224,1002,town,5000,Navatkuli,POINT (80.0831893 9.6626751),POINT (80.083189 9.662675)
1252523233,1002,town,15000,Rawathawatta,POINT (79.8850579 6.7880501),POINT (79.885058 6.78805)
1261568432,1003,village,6000,Badalgama,POINT (79.9855834 7.2864141),POINT (79.985583 7.286414)
1268352826,1004,hamlet,500,Dalupotha,POINT (79.8517467 7.2279307),POINT (79.851747 7.227931)
1269983060,1002,town,15000,Dungalpitiya,POINT (79.8320301 7.14691),POINT (79.83203 7.14691)
1269983065,1002,town,5000,Kapungoda,POINT (79.841015 7.1189172),POINT (79.841015 7.118917)
1269988029,1003,village,5000,Nugape,POINT (79.8657444 7.0491582),POINT (79.865744 7.049158)
1269994494,1003,village,5000,Kurana,POINT (79.8564854 7.194552),POINT (79.856485 7.194552)
1278095689,1004,hamlet,15000,Weligampitiya,POINT (79.8947761 7.0692495),POINT (79.894776 7.06925)
1278101167,1004,hamlet,5000,Nadagamuwa,POINT (79.9490063 7.1228292),POINT (79.949006 7.122829)
1278101263,1003,village,5000,Niwandama,POINT (79.9332251 7.0888793),POINT (79.933225 7.088879)
1278101317,1003,village,5000,Makawita,POINT (79.9348318 7.1043608),POINT (79.934832 7.104361)
1278101424,1003,village,5000,Batapotha,POINT (79.956178 7.1211745),POINT (79.956178 7.121174)
1292892060,1003,village,5000,Bollatha,POINT (79.9320835 7.0632029),POINT (79.932084 7.063203)
1292892090,1003,village,5000,Ihala Imbulgoda,POINT (79.9929054 7.0421484),POINT (79.992905 7.042148)
1292892112,1004,hamlet,500,Mei Gaha Junction,POINT (79.929891 7.0591812),POINT (79.929891 7.059181)
1292892213,1003,village,5000,Kirillawala,POINT (79.9902341 7.0346833),POINT (79.990234 7.034683)
1306560765,1003,village,5000,Poonugala,POINT (80.3642018 7.0595399),POINT (80.364202 7.05954)
1306560769,1003,village,5000,Gonagamuwa,POINT (80.3661169 7.0267737),POINT (80.366117 7.026774)
1306560772,1004,hamlet,500,Wewelthalawa,POINT (80.3855737 7.0511922),POINT (80.385574 7.051192)
1306560777,1003,village,5000,Malalpola,POINT (80.3345902 7.061712),POINT (80.33459 7.061712)
1306560780,1004,hamlet,500,Halgolla,POINT (80.3669484 7.0406296),POINT (80.366948 7.04063)
1370722181,1003,village,5000,Delpe,POINT (79.9352442 7.0211611),POINT (79.935244 7.021161)
1400410588,1002,town,26700,Chilaw,POINT (79.7953575 7.5762564),POINT (79.795358 7.576256)
1400420567,1003,village,5000,Kakkapalliya,POINT (79.8215796 7.5299613),POINT (79.82158 7.529961)
1400420569,1003,village,5000,Mahawewa,POINT (79.8283059 7.4539599),POINT (79.828306 7.45396)
1400420570,1003,village,5000,Mundalama,POINT (79.8272454 7.7880299),POINT (79.827245 7.78803)
1464686517,1010,suburb,15000,Koswatta,POINT (79.8972131 7.3708832),POINT (79.897213 7.370883)
1464688730,1003,village,5000,Bothalegama,POINT (79.8805094 7.3641919),POINT (79.880509 7.364192)
1466614123,1003,village,2500,Kirimetiyana,POINT (79.8860692 7.3543201),POINT (79.886069 7.35432)
1473109327,1003,village,0,Koswatta,POINT (79.8925803 7.3659684),POINT (79.89258 7.365968)
1478756012,1004,hamlet,500,Megahawella NWP,POINT (79.9038177 7.3793912),POINT (79.903818 7.379391)
1494019080,1002,town,15000,Kaithady,POINT (80.1036274 9.6877397),POINT (80.103627 9.68774)
1494019659,1003,village,5000,Madduvil,POINT (80.1490346 9.6888047),POINT (80.149035 9.688805)
1494022576,1003,village,7000,Vaddukkodai,POINT (79.9487867 9.7281116),POINT (79.948787 9.728112)
1494022611,1003,village,3000,Arali,POINT (79.9488425 9.7091445),POINT (79.948842 9.709144)
1529230874,1003,village,5000,Naadugala,POINT (80.5488308 5.9827303),POINT (80.548831 5.98273)
1529230884,1003,village,5000,Puhulwella,POINT (80.618578 6.0406066),POINT (80.618578 6.040607)
1529264246,1002,town,15000,Katukurunda,POINT (79.9699876 6.5624083),POINT (79.969988 6.562408)
1533923903,1003,village,5000,Kawdana,POINT (79.8747511 6.8445317),POINT (79.874751 6.844532)
1534183371,1002,town,10000,Ambanpola,POINT (80.239316 7.9196719),POINT (80.239316 7.919672)
1535402500,1004,hamlet,500,Kelimune NWP,POINT (80.2939224 7.5653669),POINT (80.293922 7.565367)
1535403961,1004,hamlet,500,Imiyangoda NWP,POINT (80.242107 7.5861546),POINT (80.242107 7.586155)
1535410542,1003,village,500,Werella,POINT (80.2322102 7.6740048),POINT (80.23221 7.674005)
1535431768,1003,village,500,Serumunawewa,POINT (80.2400637 7.8648832),POINT (80.240064 7.864883)
1535455763,1003,village,500,Kaasikote,POINT (80.2451354 7.9404082),POINT (80.245135 7.940408)
1535455787,1003,village,500,Mahagalkadawala,POINT (80.2821909 8.0599555),POINT (80.282191 8.059956)
1536641429,1003,village,500,Katupitigama,POINT (80.2154327 7.89283),POINT (80.215433 7.89283)
1536641432,1003,village,500,Udadiwulwewa,POINT (80.1943159 7.9191458),POINT (80.194316 7.919146)
1536641434,1003,village,500,Walaliya,POINT (80.2109671 7.8638842),POINT (80.210967 7.863884)
1536641439,1003,village,500,Bakmeewewa,POINT (80.1801185 7.8917832),POINT (80.180118 7.891783)
1536648877,1003,village,500,Uduweriya,POINT (80.2451277 7.8507904),POINT (80.245128 7.85079)
1536648880,1003,village,500,Dethewa,POINT (80.2483892 7.8933013),POINT (80.248389 7.893301)
1536648881,1002,town,15000,Nikaweratiya,POINT (80.1157229 7.750383),POINT (80.115723 7.750383)
1536648882,1003,village,500,Nagala,POINT (80.1934576 7.8375261),POINT (80.193458 7.837526)
1536648886,1003,village,500,Ihakolagama,POINT (80.1447903 7.7687081),POINT (80.14479 7.768708)
1536665906,1004,hamlet,500,Elawaka,POINT (80.1381397 7.7238355),POINT (80.13814 7.723836)
1536677008,1004,hamlet,1000,Omaragolla,POINT (80.5418444 7.7016491),POINT (80.541844 7.701649)
1536677011,1004,hamlet,1000,Beligomuwa,POINT (80.5496631 7.7275824),POINT (80.549663 7.727582)
1536677014,1004,hamlet,1000,Weralanda,POINT (80.5506179 7.7179076),POINT (80.550618 7.717908)
1536695366,1002,town,1000,Ibbagamuwa,POINT (80.4496417 7.5479128),POINT (80.449642 7.547913)
1536695369,1002,town,5000,Mælsiripura,POINT (80.5093145 7.6427647),POINT (80.509314 7.642765)
1545216235,1050,locality,1000,Pinnaduwa Interchange,POINT (80.2642681 6.0681239),POINT (80.264268 6.068124)
1578188918,1004,hamlet,0,Dodangoda Interchange,POINT (80.0433432 6.5418156),POINT (80.043343 6.541816)
1578188931,1050,locality,1000,Kurundugahahetekma Interchange,POINT (80.1396954 6.2712978),POINT (80.139695 6.271298)
1578215204,1003,village,1000,Baddegama,POINT (80.1779163 6.1724812),POINT (80.177916 6.172481)
1606175319,1002,town,37000,Bentota,POINT (79.9978544 6.4215276),POINT (79.997854 6.421528)
1614298232,1002,town,15000,Aluthgama,POINT (79.9988986 6.4326494),POINT (79.998899 6.432649)
1639373029,1002,town,15000,Beliatte,POINT (80.7347526 6.0492655),POINT (80.734753 6.049266)
1650277092,1010,suburb,10000,Izzadeen Town,POINT (80.5264896 5.9543879),POINT (80.52649 5.954388)
1660460646,1050,locality,0,Welipenna Interchange,POINT (80.0890188 6.4526517),POINT (80.089019 6.452652)
1662568250,1003,village,5000,Angunakolapelessa,POINT (81.0264399 6.4492224),POINT (81.02644 6.449222)
1700567438,1003,village,5000,Turkish Village Midigama,POINT (80.3994815 5.9785353),POINT (80.399482 5.978535)
1706426811,1003,village,5000,Siruppiddy,POINT (80.0941915 9.7331734),POINT (80.094192 9.733173)
1712640599,1003,village,5000,Kalupahana,POINT (80.8495244 6.7660433),POINT (80.849524 6.766043)
1712897497,1004,hamlet,5000,Walhaputhenna,POINT (80.8702756 6.7644154),POINT (80.870276 6.764415)
1720491052,1002,town,15000,Badalkumbura,POINT (81.2359813 6.8952411),POINT (81.235981 6.895241)
1720491067,1002,town,15000,Buttala,POINT (81.2465378 6.7619728),POINT (81.246538 6.761973)
1721048205,1003,village,5000,Buduruwagala,POINT (81.107521 6.6901818),POINT (81.107521 6.690182)
1722822878,1003,village,5000,Kumbukkana,POINT (81.2979217 6.8078952),POINT (81.297922 6.807895)
1722822879,1003,village,5000,Maligawila,POINT (81.3537594 6.7252077),POINT (81.353759 6.725208)
1723290057,1002,town,15000,Udawalawe,POINT (80.8172144 6.4241386),POINT (80.817214 6.424139)
1723302619,1002,town,15000,Madampe,POINT (80.5931448 6.5339401),POINT (80.593145 6.53394)
1723302622,1003,village,1500,Tiruwanaketiya,POINT (80.4317733 6.6653628),POINT (80.431773 6.665363)
1723384697,1002,town,15000,Tissamaharama,POINT (81.2892814 6.2770724),POINT (81.289281 6.277072)
1724997149,1004,hamlet,500,Godawela,POINT (80.6089735 7.1938467),POINT (80.608974 7.193847)
1725053934,1003,village,5000,Thandiyadi,POINT (81.8345535 7.0605581),POINT (81.834554 7.060558)
1725053935,1003,village,5000,Thirukkovil,POINT (81.8517011 7.11554),POINT (81.851701 7.11554)
1725061614,1003,village,5000,Kalkudah,POINT (81.5603565 7.9156649),POINT (81.560356 7.915665)
1725061619,1004,hamlet,500,Maruthamunai,POINT (81.8129665 7.4343584),POINT (81.812966 7.434358)
1727645733,1002,town,5000,Rattota,POINT (80.677573 7.5206092),POINT (80.677573 7.520609)
1728308112,1003,village,5000,Rotawewa,POINT (80.9149848 8.5953845),POINT (80.914985 8.595384)
1729302889,1003,village,5000,Handapanagala,POINT (81.1309067 6.6568558),POINT (81.130907 6.656856)
1729302890,1003,village,5000,Uva Kuda Oya,POINT (81.1242206 6.5234139),POINT (81.124221 6.523414)
1729302900,1003,village,5000,Nugayaya,POINT (81.1087149 6.7049289),POINT (81.108715 6.704929)
1729302903,1003,village,5000,Thelulla,POINT (81.1394342 6.6009078),POINT (81.139434 6.600908)
1729302906,1003,village,5000,Uva Pelwatte,POINT (81.1935855 6.7466664),POINT (81.193586 6.746666)
1729302908,1003,village,5000,Veherayaya,POINT (81.1180043 6.6433348),POINT (81.118004 6.643335)
1729302909,1003,village,5000,Warunagama,POINT (81.1341191 6.7328459),POINT (81.134119 6.732846)
1729302925,1003,village,5000,Yalabowa,POINT (81.104213 6.7202853),POINT (81.104213 6.720285)
1730326811,1003,village,5000,Sinthupuram,POINT (79.9532657 9.7466655),POINT (79.953266 9.746666)
1730339960,1003,village,5000,Kolambage Ara,POINT (80.7682555 6.4339439),POINT (80.768256 6.433944)
1731515014,1003,village,500,Kalladi,POINT (79.8982249 7.99248),POINT (79.898225 7.99248)
1731515234,1002,town,15000,Madurankuliya,POINT (79.8220149 7.9053801),POINT (79.822015 7.90538)
1731515457,1003,village,1500,Galkulama,POINT (79.9164978 7.9730199),POINT (79.916498 7.97302)
1731568993,1002,town,20000,Anamaduwa,POINT (80.0109366 7.8776367),POINT (80.010937 7.877637)
1733717462,1003,village,5000,Dedigama,POINT (80.2634399 7.2073472),POINT (80.26344 7.207347)
1733768118,1002,town,20000,Warakapola,POINT (80.1965392 7.2249609),POINT (80.196539 7.224961)
1733768477,1003,village,5000,Mahapallegama,POINT (80.26241 7.1774151),POINT (80.26241 7.177415)
1739426106,1002,town,20000,Wellawaya,POINT (81.1018359 6.7317804),POINT (81.101836 6.73178)
1739955377,1003,village,5000,Seeppukulama,POINT (80.5876922 8.380412),POINT (80.587692 8.380412)
1740742132,1002,town,15000,Horowpotana,POINT (80.8321271 8.5496687),POINT (80.832127 8.549669)
1745481386,1002,town,15000,Dikwella,POINT (80.6946513 5.964618),POINT (80.694651 5.964618)
1745481398,1003,village,1000,Hunnadeniya,POINT (80.6555753 5.962348),POINT (80.655575 5.962348)
1745511873,1003,village,5000,Galge,POINT (81.3048517 6.54039),POINT (81.304852 6.54039)
1745524916,1002,town,15000,Pallebedda,POINT (80.7076416 6.4818813),POINT (80.707642 6.481881)
1745540310,1003,village,5000,Idangoda,POINT (80.2785668 6.7313377),POINT (80.278567 6.731338)
1745540314,1002,town,15000,Kahawatta,POINT (80.573265 6.5831751),POINT (80.573265 6.583175)
1745540317,1003,village,5000,Lellopitiya,POINT (80.4825972 6.6631304),POINT (80.482597 6.66313)
1745548902,1002,town,15000,Ingiriya,POINT (80.1766773 6.7437564),POINT (80.176677 6.743756)
1745548912,1003,village,5000,Poruwadanda,POINT (80.119583 6.7376359),POINT (80.119583 6.737636)
1752796346,1003,village,5000,Ohiya,POINT (80.8465729 6.819676),POINT (80.846573 6.819676)
1778824262,1010,suburb,10000,Walgama Junction,POINT (79.9958735 6.865056),POINT (79.995874 6.865056)
1783925992,1002,town,15000,Hunnasgiriya,POINT (80.8519372 7.2972139),POINT (80.851937 7.297214)
1783976655,1002,town,15000,Mahiyanganaya,POINT (80.993126 7.3401663),POINT (80.993126 7.340166)
1788271749,1002,town,15000,Meegoda,POINT (80.0460308 6.8441085),POINT (80.046031 6.844108)
1788410986,1002,town,10000,Induruwa,POINT (80.0105559 6.3739739),POINT (80.010556 6.373974)
1788450007,1002,town,10000,Karandeniya,POINT (80.0911885 6.2706811),POINT (80.091188 6.270681)
1789585967,1003,village,1000,Polwatte Junction,POINT (80.2176357 6.3530575),POINT (80.217636 6.353058)
1790041446,1003,village,5000,Dummaladeniya,POINT (80.1888661 7.2209061),POINT (80.188866 7.220906)
1790051061,1004,hamlet,500,kuruduwattha Junction,POINT (80.1966035 7.1969424),POINT (80.196604 7.196942)
1792701998,1003,village,0,Kellapatha Junction,POINT (80.2126314 6.312202),POINT (80.212631 6.312202)
1792916650,1002,town,10000,Mapalagama,POINT (80.2856003 6.221984),POINT (80.2856 6.221984)
1792917047,1010,suburb,10000,Thalgaswala,POINT (80.2730503 6.2443307),POINT (80.27305 6.244331)
1794054467,1004,hamlet,500,Batuwandara,POINT (79.9479585 6.7666328),POINT (79.947958 6.766633)
1794054490,1050,locality,0,Galtude Junction,POINT (79.9295371 6.7371094),POINT (79.929537 6.737109)
1795284175,1050,locality,0,Gettuwa Junction,POINT (79.9335389 6.7154478),POINT (79.933539 6.715448)
1795284366,1010,suburb,10000,Kurusa Handiya,POINT (79.9485915 6.7072459),POINT (79.948592 6.707246)
1796612290,1010,suburb,10000,Mahawila,POINT (79.936189 6.7070461),POINT (79.936189 6.707046)
1796612362,1010,suburb,10000,Eluwila,POINT (79.92774 6.7087669),POINT (79.92774 6.708767)
1796612395,1010,suburb,10000,Mahabellana Junction,POINT (79.9632042 6.7034392),POINT (79.963204 6.703439)
1796819714,1003,village,5000,Moragahahena,POINT (80.0551878 6.7844301),POINT (80.055188 6.78443)
1796922858,1003,village,5000,Govinna,POINT (80.1182895 6.675212),POINT (80.11829 6.675212)
1796922862,1010,suburb,10000,Egal Oya,POINT (80.1621858 6.6794451),POINT (80.162186 6.679445)
1796923027,1003,village,5000,Thebuwana,POINT (80.05489 6.5936816),POINT (80.05489 6.593682)
1796923125,1004,hamlet,200,Narthupana,POINT (80.0792653 6.62449),POINT (80.079265 6.62449)
1796923177,1002,town,15000,Bulathsinhala,POINT (80.1780249 6.6498951),POINT (80.178025 6.649895)
1796923201,1003,village,1000,Warakagoda,POINT (80.1021446 6.616805),POINT (80.102145 6.616805)
1797915603,1050,locality,10000,Kahangama Junction,POINT (80.363379 6.7008179),POINT (80.363379 6.700818)
1805745147,1002,town,15000,Karawanella,POINT (80.2629202 7.0239285),POINT (80.26292 7.023928)
1805745169,1002,town,15000,Dehiowita,POINT (80.2659166 6.9665597),POINT (80.265917 6.96656)
1805745280,1003,village,1000,Magammana,POINT (80.2624481 7.0102862),POINT (80.262448 7.010286)
1805745304,1002,town,15000,Ruwanwella,POINT (80.2537792 7.0458636),POINT (80.253779 7.045864)
1805791970,1003,village,10000,Urapola,POINT (80.1447522 7.0978173),POINT (80.144752 7.097817)
1809578921,1002,town,15000,Yatiyantota,POINT (80.2950276 7.0289554),POINT (80.295028 7.028955)
1809637891,1003,village,10000,Nugawela,POINT (80.5876229 7.3283292),POINT (80.587623 7.328329)
1809677746,1003,village,15000,Halloluwa,POINT (80.6070953 7.2907251),POINT (80.607095 7.290725)
1813587330,1003,village,5000,Sudugala,POINT (80.5998587 5.9341422),POINT (80.599859 5.934142)
1813587947,1003,village,1000,Talalla,POINT (80.627464 5.9482175),POINT (80.627464 5.948218)
1814571480,1002,town,5000,Padalangala,POINT (80.9133142 6.2536678),POINT (80.913314 6.253668)
1814571533,1002,town,15000,Embilipitiya,POINT (80.8538325 6.3340647),POINT (80.853832 6.334065)
1814571596,1003,village,5000,Meegahajandura,POINT (81.029452 6.3686266),POINT (81.029452 6.368627)
1818516404,1003,village,5000,Ridiyagama,POINT (80.981816 6.1877995),POINT (80.981816 6.1878)
1818567146,1003,village,10000,Ganegoda,POINT (80.9740805 6.160045),POINT (80.97408 6.160045)
1818567298,1003,village,5000,Mahapelessa,POINT (80.9841334 6.2476556),POINT (80.984133 6.247656)
1818583229,1002,town,15000,Angunukolapelessa,POINT (80.8976735 6.166936),POINT (80.897674 6.166936)
1818771605,1002,town,10000,Diyatalawa,POINT (80.9572225 6.8069617),POINT (80.957222 6.806962)
1819855425,1004,hamlet,500,Amunudowa,POINT (80.9833931 6.853842),POINT (80.983393 6.853842)
1819856065,1002,town,9000,Bandarawela,POINT (80.9888204 6.8304821),POINT (80.98882 6.830482)
1819856580,1002,town,5000,Ettampitiya,POINT (80.9895727 6.9369633),POINT (80.989573 6.936963)
1819857942,1004,hamlet,500,Hospital Junction,POINT (80.9850453 6.8403429),POINT (80.985045 6.840343)
1820038174,1002,town,500,Boralande,POINT (80.8954065 6.8302749),POINT (80.895406 6.830275)
1821179103,1004,hamlet,500,Gawarammana,POINT (80.8640992 6.8990557),POINT (80.864099 6.899056)
1822512017,1001,city,39600,Kalutara,POINT (79.963301 6.5852614),POINT (79.963301 6.585261)
1822570013,1002,town,15000,Nagoda,POINT (79.9886982 6.5690331),POINT (79.988698 6.569033)
1825443197,1003,village,1000,Nedimala,POINT (79.8791135 6.8499045),POINT (79.879114 6.849904)
1827254732,1003,village,10000,Maggona,POINT (79.9812833 6.5038044),POINT (79.981283 6.503804)
1827277942,1002,town,35300,Beruwala,POINT (79.9834066 6.4755855),POINT (79.983407 6.475586)
1829368359,1004,hamlet,500,Elle Arawa,POINT (80.7174965 6.6632113),POINT (80.717496 6.663211)
1829374908,1003,village,5000,Rathmalvinna,POINT (80.7212554 6.6741251),POINT (80.721255 6.674125)
1830417760,1002,town,10000,Norwood,POINT (80.6122237 6.8389314),POINT (80.612224 6.838931)
1830417762,1002,town,15000,Maskeliya,POINT (80.5720298 6.8338713),POINT (80.57203 6.833871)
1830446549,1003,village,5000,Ambatenna,POINT (80.6131302 6.8722247),POINT (80.61313 6.872225)
1830490033,1003,village,5000,Mahara,POINT (80.5743643 7.1617138),POINT (80.574364 7.161714)
1830490058,1002,town,27600,Gampola,POINT (80.5702744 7.1636487),POINT (80.570274 7.163649)
1831898259,1002,town,10000,Hemmathagama,POINT (80.4998611 7.1738895),POINT (80.499861 7.17389)
1831898840,1010,suburb,10000,Aranayaka,POINT (80.46467 7.1489874),POINT (80.46467 7.148987)
1831930947,1002,town,8000,Kurunduwatte,POINT (80.5297704 7.1272283),POINT (80.52977 7.127228)
1831954075,1003,village,10000,Ulapane,POINT (80.5639046 7.1055883),POINT (80.563905 7.105588)
1831954178,1003,village,10000,Ethgala,POINT (80.5686672 7.1326008),POINT (80.568667 7.132601)
1834947923,1003,village,10000,Hapugastalawa,POINT (80.572708 7.0556488),POINT (80.572708 7.055649)
1834957969,1003,village,10000,Kumbaloluwa,POINT (80.6576239 7.0307244),POINT (80.657624 7.030724)
1834958038,1003,village,0,Kalapitiya,POINT (80.648349 7.0474261),POINT (80.648349 7.047426)
1834981287,1003,village,10000,Niyamgamdora,POINT (80.6641995 7.0477754),POINT (80.6642 7.047775)
1835004527,1003,village,2000,Tawalantenna,POINT (80.6860207 7.0683414),POINT (80.686021 7.068341)
1835802068,1002,town,9000,Valvettithurai,POINT (80.1695508 9.822013),POINT (80.169551 9.822013)
1835809122,1002,town,15000,Elephant Pass,POINT (80.4055256 9.5248985),POINT (80.405526 9.524898)
1835809125,1002,town,10000,Poonakary,POINT (80.2124126 9.5043102),POINT (80.212413 9.50431)
1835820775,1003,village,5000,Punewa,POINT (80.4705353 8.6118307),POINT (80.470535 8.611831)
1836349874,1003,village,8000,Poojapitiya,POINT (80.586694 7.3784973),POINT (80.586694 7.378497)
1836349965,1010,suburb,10000,Alawatugoda,POINT (80.6096112 7.4101857),POINT (80.609611 7.410186)
1837177540,1002,town,15000,Karuwalagaswewa,POINT (79.9609197 8.0571301),POINT (79.96092 8.05713)
1837177541,1002,town,15000,Saliyawewa,POINT (80.091275 8.190668),POINT (80.091275 8.190668)
1837180399,1010,suburb,15000,Bangadeniya,POINT (79.8227749 7.6287654),POINT (79.822775 7.628765)
1837181383,1003,village,5000,Katuneriya,POINT (79.8328992 7.3654796),POINT (79.832899 7.36548)
1837181385,1002,town,5000,Wennappuwa,POINT (79.8413079 7.3426407),POINT (79.841308 7.342641)
1837184843,1010,suburb,15000,Mahabage,POINT (79.9009421 7.0226597),POINT (79.900942 7.02266)
1837184844,1002,town,30200,Wattala,POINT (79.8927094 6.9898705),POINT (79.892709 6.98987)
1839540325,1004,hamlet,500,Pamunuwa Junction,POINT (79.9289931 6.8616998),POINT (79.928993 6.8617)
1840965415,1003,village,5000,Andarawewa,POINT (81.0823532 6.3007052),POINT (81.082353 6.300705)
1840965422,1003,village,5000,Mattala,POINT (81.1122052 6.3064347),POINT (81.112205 6.306435)
1840965425,1003,village,5000,Uda Mattala,POINT (81.1327002 6.3345408),POINT (81.1327 6.334541)
1840968230,1003,village,2500,Koholankala,POINT (81.144172 6.1542312),POINT (81.144172 6.154231)
1840968232,1003,village,5000,Sippukulama,POINT (81.1223754 6.145104),POINT (81.122375 6.145104)
1840968235,1003,village,1000,Andella,POINT (81.2304058 6.2380549),POINT (81.230406 6.238055)
1840977981,1003,village,5000,Dedduwawala,POINT (80.720263 6.0062427),POINT (80.720263 6.006243)
1841025826,1003,village,5000,Yainna,POINT (80.5758105 6.5680733),POINT (80.57581 6.568073)
1841029618,1002,town,15000,Kiriella,POINT (80.27308 6.7379565),POINT (80.27308 6.737956)
1841029619,1004,hamlet,500,Madala Junction,POINT (80.2291961 6.7415147),POINT (80.229196 6.741515)
1841029620,1003,village,5000,Nambapana,POINT (80.1837348 6.7384164),POINT (80.183735 6.738416)
1841033463,1002,town,15000,Wadduwa,POINT (79.9305102 6.6639728),POINT (79.93051 6.663973)
1841053417,1003,village,5000,Miriswatte,POINT (79.9307888 6.7973217),POINT (79.930789 6.797322)
1843473739,1010,suburb,10000,Udupila,POINT (80.0155038 6.9943775),POINT (80.015504 6.994378)
1843473787,1010,suburb,10000,Makola,POINT (79.9499272 6.9749497),POINT (79.949927 6.97495)
1843491172,1004,hamlet,5000,Biyagama Zone,POINT (80.0094153 6.9628534),POINT (80.009415 6.962853)
1843491184,1002,town,15000,Hanwella,POINT (80.0817106 6.9088363),POINT (80.081711 6.908836)
1843491201,1004,hamlet,5000,Waduwegama,POINT (80.0014793 6.9701893),POINT (80.001479 6.970189)
1843491273,1003,village,5000,Kanduboda,POINT (80.0206662 6.9818606),POINT (80.020666 6.981861)
1843491276,1002,town,10000,Delgoda,POINT (80.0133277 6.9870574),POINT (80.013328 6.987057)
1843491294,1002,town,10000,Dekatana,POINT (80.0428109 6.9699755),POINT (80.042811 6.969976)
1843604060,1004,hamlet,500,Mukalana,POINT (80.0296478 6.9776226),POINT (80.029648 6.977623)
1847947560,1003,village,500,Ballapana,POINT (79.9967719 7.2025739),POINT (79.996772 7.202574)
1847947662,1004,hamlet,500,Waikkala Junction,POINT (79.8558996 7.2801934),POINT (79.8559 7.280193)
1847947702,1004,hamlet,500,Ambagahamula Junction,POINT (79.959499 7.1925206),POINT (79.959499 7.192521)
1848019758,1002,town,10000,Nattandiya,POINT (79.8643448 7.4121862),POINT (79.864345 7.412186)
1848081790,1010,suburb,10000,Marawila,POINT (79.8309525 7.4130318),POINT (79.830952 7.413032)
1848166524,1003,village,5000,Koswatte Junction,POINT (79.8892046 7.4153273),POINT (79.889205 7.415327)
1848166695,1003,village,5000,Welipannagahamula,POINT (79.9273645 7.431636),POINT (79.927364 7.431636)
1854231416,1003,village,5000,Kadukanna,POINT (80.4981458 6.0324525),POINT (80.498146 6.032452)
1854630224,1002,town,15000,Kosgama,POINT (80.1370564 6.9406343),POINT (80.137056 6.940634)
1854630227,1002,town,15000,Pugoda,POINT (80.1203623 6.9758255),POINT (80.120362 6.975826)
1854630229,1010,suburb,10000,Salawa,POINT (80.1258804 6.9385799),POINT (80.12588 6.93858)
1854653001,1002,town,15000,Meepe,POINT (80.0913569 6.8586575),POINT (80.091357 6.858658)
1854653007,1003,village,10000,Embulgama,POINT (80.0539537 6.9090619),POINT (80.053954 6.909062)
1854653009,1010,suburb,10000,Boralugoda,POINT (80.1197966 6.9327759),POINT (80.119797 6.932776)
1854653011,1003,village,5000,Suduwella,POINT (80.1102193 6.9239558),POINT (80.110219 6.923956)
1855232234,1003,village,10000,Uthuwankanda,POINT (80.4232674 7.2516381),POINT (80.423267 7.251638)
1855232333,1003,village,10000,Karandupana,POINT (80.3768417 7.2530429),POINT (80.376842 7.253043)
1855295934,1004,hamlet,500,Pahala Kadugannawa,POINT (80.4889756 7.2559318),POINT (80.488976 7.255932)
1855295986,1010,suburb,15000,Kiribathkumbura,POINT (80.5762641 7.2677289),POINT (80.576264 7.267729)
1855296052,1003,village,10000,Molagoda,POINT (80.3964029 7.2567529),POINT (80.396403 7.256753)
1855349618,1004,hamlet,500,Elugoda,POINT (80.5813835 7.2544729),POINT (80.581384 7.254473)
1855349748,1002,town,10000,Daulagala,POINT (80.5774149 7.2265148),POINT (80.577415 7.226515)
1856813008,1010,suburb,5000,Nelundeniya,POINT (80.2621179 7.2341057),POINT (80.262118 7.234106)
1856813098,1003,village,5000,Udukumbura,POINT (80.2439616 7.2314906),POINT (80.243962 7.231491)
1856813138,1004,hamlet,500,Divulkumbura,POINT (80.3065368 7.3598879),POINT (80.306537 7.359888)
1856813219,1003,village,5000,Thulhiriya,POINT (80.2239914 7.2791971),POINT (80.223991 7.279197)
1856840428,1010,suburb,10000,Ambepussa,POINT (80.2109786 7.2421451),POINT (80.210979 7.242145)
1862711686,1003,village,5000,Boralugoda,POINT (80.13099 6.9609641),POINT (80.13099 6.960964)
1874159258,1002,town,1000,Panama,POINT (81.8048928 6.7556593),POINT (81.804893 6.755659)
1874239095,1002,town,17500,Akkaraipattu,POINT (81.8482489 7.2140576),POINT (81.848249 7.214058)
1874239303,1002,town,10000,Pottuvil,POINT (81.8300476 6.8732418),POINT (81.830048 6.873242)
1874239446,1003,village,5000,Arugam Bay,POINT (81.8306961 6.8468506),POINT (81.830696 6.846851)
1877217071,1004,hamlet,500,Komari,POINT (81.8646647 6.9882482),POINT (81.864665 6.988248)
1877296501,1001,city,110000,Ampara,POINT (81.6790194 7.2978118),POINT (81.679019 7.297812)
1877296678,1003,village,25000,Addalaichchenai,POINT (81.8543368 7.2507668),POINT (81.854337 7.250767)
1877384735,1003,village,5000,Wadinagala,POINT (81.5706495 7.1298569),POINT (81.57065 7.129857)
1877384841,1003,village,5000,Inginiyagala,POINT (81.5448535 7.2194056),POINT (81.544854 7.219406)
1877385005,1003,village,5000,Damana,POINT (81.6524251 7.2051223),POINT (81.652425 7.205122)
1877385081,1002,town,15000,Sammanturai,POINT (81.7962578 7.357955),POINT (81.796258 7.357955)
1877385126,1002,town,5000,Hingurana,POINT (81.6746125 7.2271423),POINT (81.674612 7.227142)
1880354572,1002,town,15000,Kaluwanchikudy,POINT (81.7871283 7.5174967),POINT (81.787128 7.517497)
1880354694,1010,suburb,40800,Kattankudy,POINT (81.7289676 7.6804861),POINT (81.728968 7.680486)
1880380923,1003,village,10000,Karadiyanaru,POINT (81.537165 7.7024356),POINT (81.537165 7.702436)
1880414058,1004,hamlet,500,Seruwawila,POINT (81.3164698 8.3711828),POINT (81.31647 8.371183)
1880414067,1003,village,10000,Toppur,POINT (81.3123381 8.4043359),POINT (81.312338 8.404336)
1880414086,1003,village,500,Ganewalpola,POINT (80.6295957 8.0922701),POINT (80.629596 8.09227)
1880414110,1002,town,10000,Kekirawa,POINT (80.5971017 8.0408329),POINT (80.597102 8.040833)
1880414146,1002,town,10000,Valaichchenai,POINT (81.5331218 7.9090822),POINT (81.533122 7.909082)
1880414149,1002,town,10000,Maradankadawala,POINT (80.5630768 8.1271305),POINT (80.563077 8.12713)
1880451643,1004,hamlet,500,Trikkandimadu,POINT (81.5073667 7.944809),POINT (81.507367 7.944809)
1880458265,1003,village,5000,Sewanapitiya,POINT (81.1828638 7.9216525),POINT (81.182864 7.921652)
1880627994,1002,town,15000,Mihintale,POINT (80.5121579 8.3583002),POINT (80.512158 8.3583)
1881982344,1002,town,10000,Kebithigollewa,POINT (80.6698267 8.6408406),POINT (80.669827 8.640841)
1881982709,1002,town,5000,Kahatagasdigiliya,POINT (80.6881685 8.42648),POINT (80.688168 8.42648)
1882011315,1003,village,1500,Kuchchaveli,POINT (81.0996219 8.818264),POINT (81.099622 8.818264)
1882011434,1004,hamlet,500,Tiriyaya,POINT (81.0376059 8.8803402),POINT (81.037606 8.88034)
1882011451,1003,village,10000,Pulmoddai,POINT (80.9892322 8.9382066),POINT (80.989232 8.938207)
1882011483,1003,village,5000,Irakkandi,POINT (81.1735403 8.7249293),POINT (81.17354 8.724929)
1886444959,1002,town,5000,Padaviya,POINT (80.7709729 8.8339506),POINT (80.770973 8.833951)
1886444964,1003,village,5000,Sripura Colony,POINT (80.7690395 8.8911776),POINT (80.76904 8.891178)
1886556944,1003,village,7000,Soranapattu,POINT (80.3644981 9.5890641),POINT (80.364498 9.589064)
1886574306,1002,town,5000,Karainagar,POINT (79.8850371 9.7404431),POINT (79.885037 9.740443)
1886574426,1002,town,15000,Kayts,POINT (79.8673045 9.6923229),POINT (79.867304 9.692323)
1886592081,1003,village,5000,Keeriyankalliya,POINT (79.8291625 7.7647545),POINT (79.829162 7.764754)
1886592110,1001,city,35800,Mannar,POINT (79.9043942 8.9812896),POINT (79.904394 8.98129)
1887817326,1003,village,5000,Dummalasuriya,POINT (79.9116603 7.4930652),POINT (79.91166 7.493065)
1889384155,1003,village,5000,Lunuwila,POINT (79.8623799 7.3486782),POINT (79.86238 7.348678)
1889384164,1003,village,5000,Tummodera,POINT (79.8602734 7.3905303),POINT (79.860273 7.39053)
1889406410,1003,village,5000,Poruthota,POINT (79.8428964 7.261352),POINT (79.842896 7.261352)
1889406413,1003,village,5000,Ettukala,POINT (79.8415147 7.2352162),POINT (79.841515 7.235216)
1896024292,1002,town,15000,Kandana,POINT (79.8982002 7.0494955),POINT (79.8982 7.049496)
1902018019,1003,village,5000,Enderamulla,POINT (79.9162626 6.9963743),POINT (79.916263 6.996374)
1909499920,1004,hamlet,5000,Nayakakanda,POINT (79.8825193 6.9944603),POINT (79.882519 6.99446)
1909544555,1003,village,5000,Mulgama,POINT (80.6709549 7.1545759),POINT (80.670955 7.154576)
1909549007,1003,village,1000,Galaha,POINT (80.6696477 7.1974996),POINT (80.669648 7.1975)
1909577732,1050,locality,500,Office Junction,POINT (80.6479338 7.1898685),POINT (80.647934 7.189868)
1909757113,1003,village,5000,Pamunugama,POINT (79.850131 7.0925656),POINT (79.850131 7.092566)
1912464495,1004,hamlet,500,Ambagaha Junction,POINT (79.9098435 6.9137132),POINT (79.909844 6.913713)
1924765777,1002,town,31300,Kelaniya,POINT (79.9172715 6.9501246),POINT (79.917272 6.950125)
1924902306,1003,village,500,Mallawapitiya,POINT (80.390864 7.4745017),POINT (80.390864 7.474502)
1924902377,1002,town,15000,Mawathagama,POINT (80.4464094 7.4329884),POINT (80.446409 7.432988)
1924916030,1003,village,5000,Elahera,POINT (80.7917091 7.7325173),POINT (80.791709 7.732517)
1924916088,1002,town,5000,Bakamuna,POINT (80.8169595 7.7771846),POINT (80.81696 7.777185)
1925113327,1004,hamlet,200,Yakahaluwa,POINT (80.0291706 6.8025253),POINT (80.029171 6.802525)
1931366809,1010,suburb,10000,Talbot Town,POINT (80.2185502 6.0347003),POINT (80.21855 6.0347)
1931843075,1002,town,15000,Sooriyakanda,POINT (80.6354945 6.4387656),POINT (80.635494 6.438766)
1932027698,1002,town,15000,Walasmulla,POINT (80.6979578 6.1558503),POINT (80.697958 6.15585)
1932060660,1002,town,15000,Hakmana,POINT (80.6449735 6.083926),POINT (80.644974 6.083926)
1933478723,1002,town,5000,Katuwana,POINT (80.6910109 6.2647248),POINT (80.691011 6.264725)
1933478883,1002,town,15000,Middeniya,POINT (80.7643027 6.2514944),POINT (80.764303 6.251494)
1933478890,1003,village,1000,Karametiya Junction,POINT (80.6716346 6.2425683),POINT (80.671635 6.242568)
1933478972,1003,village,5000,Kirama,POINT (80.6671231 6.2075905),POINT (80.667123 6.20759)
1941159276,1003,village,5000,Dampe,POINT (80.0498181 6.8210349),POINT (80.049818 6.821035)
1941205796,1003,village,1000,Thiththagalla,POINT (80.3549837 6.0164601),POINT (80.354984 6.01646)
1941205815,1002,town,15000,Ahangama,POINT (80.3622999 5.9735163),POINT (80.3623 5.973516)
1941205822,1003,village,5000,Midigama,POINT (80.3909468 5.9652216),POINT (80.390947 5.965222)
1944069983,1003,village,5000,Hiripitiya,POINT (80.0672005 7.0544558),POINT (80.0672 7.054456)
1944070154,1004,hamlet,200,Henegama,POINT (80.0547123 7.0222665),POINT (80.054712 7.022266)
1945604754,1003,village,5000,Pelgahathenna,POINT (81.1259638 6.9448013),POINT (81.125964 6.944801)
1945604886,1001,city,110000,Badulla,POINT (81.0570315 6.9900353),POINT (81.057032 6.990035)
1945605004,1010,suburb,1000,Udawela,POINT (81.0854887 6.9773884),POINT (81.085489 6.977388)
1945644436,1002,town,15000,Passara,POINT (81.1569928 6.9354004),POINT (81.156993 6.9354)
1945700048,1002,town,15000,Lunugala,POINT (81.2021768 7.0419405),POINT (81.202177 7.04194)
1957995265,1004,hamlet,500,Mabole,POINT (79.8968973 7.0049215),POINT (79.896897 7.004922)
1958205781,1003,village,5000,Manampita,POINT (80.2643054 6.2611406),POINT (80.264305 6.261141)
1965377216,1004,hamlet,200,Weheragalathenna,POINT (81.0294352 6.8425249),POINT (81.029435 6.842525)
1965378017,1003,village,5000,Kithal Ella,POINT (81.0362503 6.8653),POINT (81.03625 6.8653)
1969575236,1003,village,5000,Kekulanda,POINT (80.1624869 6.546576),POINT (80.162487 6.546576)
1969575295,1003,village,5000,Dapiligoda,POINT (80.1754474 6.5330177),POINT (80.175447 6.533018)
1973275907,1003,village,5000,Depanama,POINT (79.945244 6.856603),POINT (79.945244 6.856603)
1974499447,1002,town,15400,Nawalapitiya,POINT (80.5350145 7.0558938),POINT (80.535014 7.055894)
1974536022,1003,village,2500,Angunuwaragala,POINT (80.9897258 7.4268889),POINT (80.989726 7.426889)
1974676458,1002,town,7500,Girandurukotte,POINT (81.0148572 7.4701979),POINT (81.014857 7.470198)
1974709541,1004,hamlet,500,Kovilyaya Junction,POINT (81.0094633 7.3353303),POINT (81.009463 7.33533)
1974709637,1003,village,15000,Dehigolla,POINT (81.0262838 7.3370727),POINT (81.026284 7.337073)
1974713688,1003,village,5000,Beligalla,POINT (81.073926 7.3861293),POINT (81.073926 7.386129)
1974719559,1003,village,5000,Diyawiddagama,POINT (81.0343774 7.5415989),POINT (81.034377 7.541599)
1974722612,1003,village,15000,Sandunpura,POINT (81.0483516 7.6280126),POINT (81.048352 7.628013)
1974740794,1003,village,5000,Siripura,POINT (81.0166518 7.7292933),POINT (81.016652 7.729293)
1974745059,1003,village,5000,Dimbulagala,POINT (81.1069232 7.8589687),POINT (81.106923 7.858969)
1974755458,1002,town,15000,Aralaganwila,POINT (81.184693 7.782607),POINT (81.184693 7.782607)
1975993021,1002,town,15000,Padiyatalawa,POINT (81.2424642 7.4002002),POINT (81.242464 7.4002)
1976086750,1003,village,5000,Kaluachchigama,POINT (80.0511017 7.8338053),POINT (80.051102 7.833805)
1976141592,1002,town,15000,Kobeigane,POINT (80.1264573 7.6558352),POINT (80.126457 7.655835)
1976165108,1002,town,15000,Hettipola,POINT (80.078758 7.6055725),POINT (80.078758 7.605572)
1976172945,1003,village,15000,Munamaldeniya,POINT (80.0582622 7.5477119),POINT (80.058262 7.547712)
1976181047,1003,village,5000,Kadawalagedara,POINT (80.0506559 7.516202),POINT (80.050656 7.516202)
1976198826,1002,town,15000,Bowatta,POINT (79.9619644 7.5986864),POINT (79.961964 7.598686)
1976202073,1002,town,15000,Kuliyapitiya,POINT (80.0440349 7.4701428),POINT (80.044035 7.470143)
1978104392,1003,village,5000,Medagama,POINT (79.877356 7.5340524),POINT (79.877356 7.534052)
1979375847,1002,town,15000,Nakkala,POINT (81.2985758 6.8900462),POINT (81.298576 6.890046)
1979375865,1002,town,20000,Bibile,POINT (81.2254141 7.1600897),POINT (81.225414 7.16009)
1980792543,1010,suburb,5000,Gintota,POINT (80.1759516 6.0637143),POINT (80.175952 6.063714)
1981159940,1002,town,15000,Rambewa,POINT (80.5065701 8.4415315),POINT (80.50657 8.441532)
1981249135,1002,town,6000,Weligalla,POINT (80.5926517 7.1897084),POINT (80.592652 7.189708)
1982491517,1003,village,1000,Boossa,POINT (80.1630556 6.0717372),POINT (80.163056 6.071737)
1982631153,1003,village,5000,Rumassala,POINT (80.2386402 6.0152758),POINT (80.23864 6.015276)
1982730857,1010,suburb,10000,Unawatuna,POINT (80.2474836 6.0201774),POINT (80.247484 6.020177)
1985676634,1003,village,5000,Siyambalagoda,POINT (80.9316417 6.212147),POINT (80.931642 6.212147)
1985676702,1003,village,5000,Eraminiyaya,POINT (80.9010859 6.1624062),POINT (80.901086 6.162406)
1985788725,1002,town,15000,Rakwana,POINT (80.6115649 6.4750056),POINT (80.611565 6.475006)
1994693288,1002,town,15000,Kalawana,POINT (80.3964775 6.5310929),POINT (80.396478 6.531093)
1994770491,1002,town,15000,Baduraliya,POINT (80.2305795 6.5173375),POINT (80.23058 6.517338)
1994857187,1002,town,15000,Opanayake,POINT (80.6229237 6.6085302),POINT (80.622924 6.60853)
1994857640,1002,town,15000,Nivithigala,POINT (80.4577939 6.5959109),POINT (80.457794 6.595911)
1994857682,1003,village,5000,Molkawa,POINT (80.2333251 6.6110603),POINT (80.233325 6.61106)
1994857934,1003,village,5000,Udawela,POINT (80.6387198 6.6102693),POINT (80.63872 6.610269)
1994857978,1010,suburb,5000,Weligepola,POINT (80.7043516 6.5740021),POINT (80.704352 6.574002)
1994926599,1003,village,5000,Nikagoda,POINT (80.3641863 6.5404546),POINT (80.364186 6.540455)
1994926600,1003,village,5000,Kukulegama,POINT (80.354134 6.534264),POINT (80.354134 6.534264)
1994926601,1003,village,5000,Palawela,POINT (80.3535971 6.6457806),POINT (80.353597 6.645781)
1994926602,1002,town,15000,Karawita,POINT (80.4161366 6.5885695),POINT (80.416137 6.58857)
1998324379,1003,village,5000,Diyagama,POINT (79.9953639 6.8103766),POINT (79.995364 6.810377)
1998339772,1003,village,5000,Kiriwattuduwa,POINT (80.0201797 6.7998511),POINT (80.02018 6.799851)
2001986955,1003,village,5000,Meegaswatta,POINT (81.2282732 7.3831794),POINT (81.228273 7.383179)
2001999444,1003,village,5000,Palthuruella EP,POINT (81.290239 7.4682568),POINT (81.290239 7.468257)
2001999455,1003,village,5000,Pallegama EP,POINT (81.262475 7.4422593),POINT (81.262475 7.442259)
2001999522,1002,town,7500,Maha Oya,POINT (81.3568582 7.5305913),POINT (81.356858 7.530591)
2002048241,1003,village,5000,Tumpalancholai,POINT (81.499794 7.6227116),POINT (81.499794 7.622712)
2002177662,1003,village,5000,Rukamputur,POINT (81.4921212 7.6593298),POINT (81.492121 7.65933)
2002187462,1003,village,5000,Illipaiyadichchenai,POINT (81.5458858 7.7210109),POINT (81.545886 7.721011)
2011981297,1002,town,15000,Hali-Ela,POINT (81.0322528 6.9551692),POINT (81.032253 6.955169)
2011987735,1004,hamlet,5000,Neludanda,POINT (81.0058244 6.9396656),POINT (81.005824 6.939666)
2015265416,1003,village,1500,Thunthota,POINT (80.2648419 7.1931586),POINT (80.264842 7.193159)
2015265418,1003,village,5000,Kannattota,POINT (80.2769066 7.0796524),POINT (80.276907 7.079652)
2015265461,1003,village,5000,Pitagaldeniya,POINT (80.3000159 7.1927577),POINT (80.300016 7.192758)
2015279495,1002,town,5000,Kotiyakumbura,POINT (80.2873565 7.123942),POINT (80.287356 7.123942)
2017450858,1003,village,5000,Ginnaliya,POINT (80.6547326 6.322102),POINT (80.654733 6.322102)
2017450879,1004,hamlet,100,Walakada Junction,POINT (80.6924887 6.3545236),POINT (80.692489 6.354524)
2017450880,1002,town,15000,Urubokka,POINT (80.6313477 6.3075623),POINT (80.631348 6.307562)
2021504901,1003,village,5000,Uggoda,POINT (80.4633296 7.153314),POINT (80.46333 7.153314)
2021504995,1003,village,5000,Tellake,POINT (80.4808828 7.1579604),POINT (80.480883 7.15796)
2021573963,1003,village,5000,Gurugalla,POINT (80.2175215 6.9914862),POINT (80.217522 6.991486)
2021573974,1003,village,5000,Talduwa,POINT (80.2218436 6.9585541),POINT (80.221844 6.958554)
2021648882,1003,village,5000,Giridara WP,POINT (80.0941525 6.947625),POINT (80.094152 6.947625)
2024829217,1003,village,500,Ganewatte,POINT (80.3491357 7.6557665),POINT (80.349136 7.655766)
2024849122,1002,town,5000,Hiripitiya,POINT (80.3692493 7.656862),POINT (80.369249 7.656862)
2024849232,1002,town,1500,Kumbukgate,POINT (80.424747 7.6760968),POINT (80.424747 7.676097)
2024894121,1004,hamlet,500,Rangama,POINT (80.3652264 7.572362),POINT (80.365226 7.572362)
2024903034,1010,suburb,5000,Wellawa,POINT (80.3664063 7.5581214),POINT (80.366406 7.558121)
2025048742,1004,hamlet,5000,Aluthwegedara,POINT (80.3906751 7.7850091),POINT (80.390675 7.785009)
2035855682,1003,village,5000,Kandapola,POINT (80.8230259 6.997133),POINT (80.823026 6.997133)
2035867651,1002,town,5000,Ragala,POINT (80.8573123 7.0118204),POINT (80.857312 7.01182)
2035867758,1003,village,5000,Brookside,POINT (80.843017 7.0173156),POINT (80.843017 7.017316)
2035876081,1003,village,500,Maviththara,POINT (79.9405569 6.8039654),POINT (79.940557 6.803965)
2035882234,1002,town,5000,Padiyapelella,POINT (80.7990298 7.0911507),POINT (80.79903 7.091151)
2038027953,1004,hamlet,500,Gabadawatte,POINT (80.0186669 6.8443375),POINT (80.018667 6.844338)
2045796384,1003,village,5000,Hiripitiya,POINT (79.9788586 6.8299587),POINT (79.978859 6.829959)
2049684415,1003,village,5000,Loggal Oya,POINT (81.0131808 7.2098174),POINT (81.013181 7.209817)
2050947471,1001,city,600000,Jaffna,POINT (80.0093029 9.665093),POINT (80.009303 9.665093)
2051197997,1003,village,15000,Sigiriya,POINT (80.7463471 7.9498094),POINT (80.746347 7.949809)
2051234917,1003,village,5000,Illukkumbura,POINT (80.7713232 7.5467739),POINT (80.771323 7.546774)
2051321104,1003,village,2000,Digampathaha,POINT (80.7207999 7.9840645),POINT (80.7208 7.984064)
2051345887,1003,village,5000,Pasikudah Bay,POINT (81.534944 7.935994),POINT (81.534944 7.935994)
2051354272,1002,town,0,Chenkaladi,POINT (81.5912809 7.7854281),POINT (81.591281 7.785428)
2055561682,1002,town,1500,Hettipola,POINT (80.9129994 7.5368871),POINT (80.912999 7.536887)
2055561806,1003,village,5000,Kolongoda,POINT (80.9422226 7.4754429),POINT (80.942223 7.475443)
2055561816,1003,village,5000,Udawela CP,POINT (80.9546895 7.4369862),POINT (80.95469 7.436986)
2055565028,1003,village,5000,Weragantota,POINT (80.9836837 7.3365881),POINT (80.983684 7.336588)
2055565043,1002,town,8000,Hasalaka,POINT (80.9506061 7.3520948),POINT (80.950606 7.352095)
2055570586,1003,village,5000,Andaulpotha,POINT (81.0800822 7.262485),POINT (81.080082 7.262485)
2055622739,1003,village,5000,Dankumbura,POINT (81.2293343 7.2828687),POINT (81.229334 7.282869)
2055642672,1003,village,5000,Polwatta,POINT (81.5617963 7.2301824),POINT (81.561796 7.230182)
2059494459,1002,town,15000,Nallur,POINT (80.0290277 9.6734908),POINT (80.029028 9.673491)
2059587591,1003,village,5000,Kopay,POINT (80.0668497 9.7151701),POINT (80.06685 9.71517)
2064194449,1001,city,142449,Negombo,POINT (79.833117 7.2094282),POINT (79.833117 7.209428)
2078581275,1003,village,5000,Spring Valley,POINT (81.0947648 6.9272169),POINT (81.094765 6.927217)
2091753195,1002,town,15000,Delkanda,POINT (79.9014222 6.8630854),POINT (79.901422 6.863085)
2091951428,1001,city,64800,Kolonnawa,POINT (79.8903143 6.9326254),POINT (79.890314 6.932625)
2093935329,1004,hamlet,0,Bogahawewa,POINT (80.2420531 8.3075001),POINT (80.242053 8.3075)
2094555103,1050,locality,0,Kalagedi Bokkuwa,POINT (80.1118643 8.3577679),POINT (80.111864 8.357768)
2094555408,1050,locality,0,Thambi Oluwa,POINT (80.0667043 8.3797606),POINT (80.066704 8.379761)
2094555678,1050,locality,0,Nalawadi Uttu,POINT (79.9856321 8.4114521),POINT (79.985632 8.411452)
2094555739,1050,locality,0,Mookalana,POINT (79.9999329 8.4159795),POINT (79.999933 8.41598)
2094556200,1050,locality,0,Illanda Mottai,POINT (79.9895788 8.4580443),POINT (79.989579 8.458044)
2101191913,1004,hamlet,500,Pelengahahena Junction,POINT (79.9477278 6.9654929),POINT (79.947728 6.965493)
2141194088,1003,village,5000,Galhinna,POINT (80.5632695 7.4184492),POINT (80.56327 7.418449)
2141684777,1003,village,5000,Getahetta,POINT (80.2281422 6.9066613),POINT (80.228142 6.906661)
2142229422,1003,village,1000,Angurukaramulla,POINT (79.8543058 7.2100773),POINT (79.854306 7.210077)
2142229438,1010,suburb,10000,Taladuwa,POINT (79.8418664 7.2043137),POINT (79.841866 7.204314)
2142229449,1003,village,5000,Munnakkara,POINT (79.8337876 7.2035899),POINT (79.833788 7.20359)
2142229454,1003,village,5000,Mankuliya,POINT (79.8307406 7.2044946),POINT (79.830741 7.204495)
2143494665,1003,village,5000,Alawathupitiya,POINT (79.8883008 7.1108166),POINT (79.888301 7.110817)
2145161524,1003,village,1500,Sella Kataragama,POINT (81.3034854 6.438132),POINT (81.303485 6.438132)
2146160317,1003,village,500,Parakaduwa,POINT (80.3140966 6.8255749),POINT (80.314097 6.825575)
2146160379,1004,hamlet,200,Watappitiya,POINT (80.3090822 6.8293219),POINT (80.309082 6.829322)
2146192375,1003,village,5000,Pussella,POINT (80.3309616 6.8077387),POINT (80.330962 6.807739)
2146192419,1003,village,5000,Keeragala,POINT (80.356872 6.7963515),POINT (80.356872 6.796352)
2146223770,1002,town,15000,Kuruwita,POINT (80.3668957 6.7761011),POINT (80.366896 6.776101)
2149942829,1003,village,5000,Paradise,POINT (80.3733622 6.759617),POINT (80.373362 6.759617)
2150108387,1003,village,5000,Amithagoda,POINT (80.3769711 6.7248656),POINT (80.376971 6.724866)
2151631666,1003,village,5000,Palabaddala,POINT (80.4537551 6.7863717),POINT (80.453755 6.786372)
2152832446,1003,village,5000,Kalviyankadu,POINT (80.038644 9.6812711),POINT (80.038644 9.681271)
2152922098,1002,town,10000,Deiyandara,POINT (80.6038444 6.1529782),POINT (80.603844 6.152978)
2152922282,1003,village,0,,POINT (80.4432713 6.6480115),POINT (80.443271 6.648012)
2152922316,1003,village,5000,Bamunugama,POINT (80.5923163 6.1238991),POINT (80.592316 6.123899)
2152922356,1002,town,5000,Mulatiyana,POINT (80.5844627 6.1605117),POINT (80.584463 6.160512)
2152922366,1003,village,5000,Horapawita,POINT (80.5800854 6.1076414),POINT (80.580085 6.107641)
2152922389,1003,village,5000,Denagama - East,POINT (80.6554096 6.1232019),POINT (80.65541 6.123202)
2152922473,1003,village,5000,Buluthota,POINT (80.6489699 6.435914),POINT (80.64897 6.435914)
2152922567,1003,village,5000,Dela,POINT (80.4540026 6.6215872),POINT (80.454003 6.621587)
2152922614,1003,village,5000,Radawela,POINT (80.6162899 6.13646),POINT (80.61629 6.13646)
2152922665,1003,village,5000,Manandola,POINT (80.5268041 6.5660853),POINT (80.526804 6.566085)
2152922745,1003,village,5000,Panamure,POINT (80.7723031 6.343636),POINT (80.772303 6.343636)
2152922787,1003,village,5000,Watapotha,POINT (80.5022986 6.5877523),POINT (80.502299 6.587752)
2152975766,1003,village,5000,Ethpitiya,POINT (80.6834874 6.1843357),POINT (80.683487 6.184336)
2155382778,1003,village,5000,Pitipanaveediya,POINT (79.8205236 7.2029179),POINT (79.820524 7.202918)
2155382779,1003,village,5000,Doowa,POINT (79.8255616 7.2042604),POINT (79.825562 7.20426)
2155637865,1002,town,20000,Deniyaya,POINT (80.560618 6.3425637),POINT (80.560618 6.342564)
2155827282,1003,village,5000,Batuwangala,POINT (80.3721734 6.3788666),POINT (80.372173 6.378867)
2155827552,1003,village,5000,Kosmodara,POINT (80.5604677 6.2913114),POINT (80.560468 6.291311)
2155827560,1003,village,1000,Galdola,POINT (80.5472602 6.2793069),POINT (80.54726 6.279307)
2155827571,1002,town,15000,Morawaka,POINT (80.4917496 6.2612748),POINT (80.49175 6.261275)
2155827697,1003,village,5000,Kotapola,POINT (80.5441814 6.2938122),POINT (80.544181 6.293812)
2155827808,1002,town,15000,Neluwa,POINT (80.360788 6.3773432),POINT (80.360788 6.377343)
2164942214,1003,village,5000,Hulandawa,POINT (80.4691814 6.1904341),POINT (80.469181 6.190434)
2165102278,1003,village,5000,Mapalana,POINT (80.5630802 6.0533148),POINT (80.56308 6.053315)
2165128744,1002,town,46480,Kamburupitiya,POINT (80.5673834 6.0802831),POINT (80.567383 6.080283)
2176728108,1003,village,5000,Viharahena,POINT (80.5944031 6.3675923),POINT (80.594403 6.367592)
2176770725,1004,hamlet,500,Batayaya Junction,POINT (80.5529039 6.357548),POINT (80.552904 6.357548)
2176940889,1003,village,15000,Pallegama,POINT (80.5248183 6.3330346),POINT (80.524818 6.333035)
2176947343,1003,village,5000,Poddana,POINT (80.4994958 6.3477381),POINT (80.499496 6.347738)
2179406766,1003,village,1000,Kathaluwa,POINT (80.3402316 5.9811688),POINT (80.340232 5.981169)
2184986209,1004,hamlet,1000,Thawalama Junction,POINT (80.3371621 6.3404825),POINT (80.337162 6.340482)
2185002852,1004,hamlet,1000,Batahena Junction,POINT (80.3255023 6.3374848),POINT (80.325502 6.337485)
2185045619,1002,town,15000,Pitigala,POINT (80.2225563 6.3435755),POINT (80.222556 6.343576)
2185271561,1002,town,15000,Udugama,POINT (80.3389495 6.2118289),POINT (80.33895 6.211829)
2195327175,1003,village,500,Madampella,POINT (79.9394009 7.2609735),POINT (79.939401 7.260974)
2211160989,1002,town,15000,Welikanda,POINT (81.2475591 7.9472106),POINT (81.247559 7.947211)
2212538178,1003,village,5000,Uswatte,POINT (79.8911171 7.0462262),POINT (79.891117 7.046226)
2215848823,1003,village,5000,Kurunduwaththa vilage,POINT (80.2742724 6.0764407),POINT (80.274272 6.076441)
2262022047,1002,town,5000,Medirigiriya,POINT (80.971342 8.1423253),POINT (80.971342 8.142325)
2272544113,1002,town,15000,Kaduruwela,POINT (81.032735 7.9306474),POINT (81.032735 7.930647)
2278165594,1003,village,5000,Pulasthigama,POINT (81.0781663 8.0419765),POINT (81.078166 8.041976)
2278210758,1003,village,5000,Sungavila,POINT (81.0888683 8.0710223),POINT (81.088868 8.071022)
2278214430,1003,village,5000,Tambala,POINT (81.0544921 8.0045129),POINT (81.054492 8.004513)
2278214435,1003,village,5000,Palugasdamana,POINT (81.0252356 7.9545876),POINT (81.025236 7.954588)
2285196544,1004,hamlet,500,Jayanthipura,POINT (80.9637754 7.9851962),POINT (80.963775 7.985196)
2285196545,1004,hamlet,500,Jayawickrema Junction,POINT (80.9866172 8.0072793),POINT (80.986617 8.007279)
2285202904,1010,suburb,5000,Minneriya,POINT (80.9063579 8.0395944),POINT (80.906358 8.039594)
2285348011,1004,hamlet,500,26th Mile Post,POINT (80.9990315 7.9547651),POINT (80.999032 7.954765)
2285443841,1004,hamlet,500,Hathamuna,POINT (80.9733536 8.0200388),POINT (80.973354 8.020039)
2296751744,1004,hamlet,500,Walekade Junction,POINT (81.0298865 7.9681351),POINT (81.029886 7.968135)
2296751777,1004,hamlet,500,Kurunduwatte Junction,POINT (81.0191577 7.9705071),POINT (81.019158 7.970507)
2304485476,1003,village,5000,Dalukana,POINT (81.1390895 7.8827124),POINT (81.13909 7.882712)
2304546463,1002,town,15000,Dehiattakandiya,POINT (81.0408922 7.6714995),POINT (81.040892 7.6715)
2306122120,1002,town,15000,Ududumbara,POINT (80.8781956 7.3189577),POINT (80.878196 7.318958)
2312470927,1003,village,5000,Nawanagala,POINT (80.8640509 7.3102423),POINT (80.864051 7.310242)
2315522508,1004,hamlet,500,Wethalawa Junction,POINT (80.830392 7.2921457),POINT (80.830392 7.292146)
2315533328,1002,town,10000,Medamahanuwara,POINT (80.8172463 7.2891288),POINT (80.817246 7.289129)
2322904383,1003,village,5000,Udakekulawala,POINT (80.2067816 7.2807366),POINT (80.206782 7.280737)
2322904780,1003,village,5000,Bujjomuwa,POINT (80.2101987 7.2756714),POINT (80.210199 7.275671)
2322906432,1003,village,5000,Siyambalapitiya,POINT (80.205381 7.2863777),POINT (80.205381 7.286378)
2322906433,1003,village,5000,Abbowa,POINT (80.2064109 7.2944657),POINT (80.206411 7.294466)
2334131711,1003,village,5000,Moragahamula,POINT (80.8085184 7.2789761),POINT (80.808518 7.278976)
2334155481,1003,village,5000,Wellethota,POINT (80.7728987 7.2972487),POINT (80.772899 7.297249)
2334155482,1002,town,15000,Teldeniya,POINT (80.764946 7.309641),POINT (80.764946 7.309641)
2334155509,1003,village,5000,Pahurugolla,POINT (80.7828068 7.2899163),POINT (80.782807 7.289916)
2334155536,1003,village,5000,Wegala,POINT (80.7996909 7.2884025),POINT (80.799691 7.288402)
2334261043,1002,town,15000,Digana,POINT (80.7334168 7.2964937),POINT (80.733417 7.296494)
2334261103,1002,town,15000,Menikhinna,POINT (80.7018465 7.3157156),POINT (80.701846 7.315716)
2335072251,1003,village,5000,Henagahawela,POINT (80.7641493 7.2868461),POINT (80.764149 7.286846)
2335072273,1003,village,5000,Maberiyatenna,POINT (80.7641004 7.2705989),POINT (80.7641 7.270599)
2337934151,1003,village,5000,Gevilipitiya,POINT (80.4541023 7.1839564),POINT (80.454102 7.183956)
2337934863,1003,village,5000,Polambegoda,POINT (80.4585104 7.1984805),POINT (80.45851 7.19848)
2337935637,1003,village,5000,Ussapitiya,POINT (80.4544425 7.2161454),POINT (80.454442 7.216145)
2338938637,1004,hamlet,200,Kaalwana,POINT (80.454449 7.193335),POINT (80.454449 7.193335)
2338946087,1004,hamlet,500,Alupotha,POINT (80.459395 7.2095622),POINT (80.459395 7.209562)
2341556237,1010,suburb,10000,Balagolla,POINT (80.7159128 7.2854841),POINT (80.715913 7.285484)
2341664228,1010,suburb,10000,Pallekele,POINT (80.6960665 7.2805314),POINT (80.696066 7.280531)
2342981607,1010,suburb,10000,Kundasale,POINT (80.6844649 7.2804536),POINT (80.684465 7.280454)
2342986413,1003,village,1500,Gangasirigama,POINT (80.7452129 7.3241453),POINT (80.745213 7.324145)
2342986416,1003,village,2000,Gonawala,POINT (80.7331913 7.3107158),POINT (80.733191 7.310716)
2343120886,1003,village,5000,Kirimetiya,POINT (80.6875765 7.3049673),POINT (80.687576 7.304967)
2343202733,1003,village,5000,Pilawala,POINT (80.6787676 7.3052546),POINT (80.678768 7.305255)
2343202762,1003,village,1500,Keheliyagam,POINT (80.6840269 7.3115736),POINT (80.684027 7.311574)
2347272772,1003,village,5000,Kapugoda,POINT (80.0959528 6.9508917),POINT (80.095953 6.950892)
2359840558,1004,hamlet,500,Mal Gaha Mula Junction,POINT (80.693457 7.2868035),POINT (80.693457 7.286804)
2361348766,1003,village,5000,Debathgama,POINT (80.4214222 7.1723547),POINT (80.421422 7.172355)
2361348843,1003,village,1000,Alapalawala,POINT (80.3844313 7.1757525),POINT (80.384431 7.175752)
2363317851,1003,village,5000,Makehelwala,POINT (80.4564565 7.2792607),POINT (80.456456 7.279261)
2370154600,1003,village,5000,Pamburugoda,POINT (80.3877486 6.0418594),POINT (80.387749 6.041859)
2370162928,1003,village,5000,Indigahadeniya,POINT (80.3904049 6.038241),POINT (80.390405 6.038241)
2371473325,1004,hamlet,0,Puwakwaththa,POINT (80.3838131 6.0435214),POINT (80.383813 6.043521)
2382094322,1002,town,15000,Talatuoya,POINT (80.6903642 7.2515055),POINT (80.690364 7.251506)
2382096557,1010,suburb,0,Tennekumbura,POINT (80.6627931 7.2836329),POINT (80.662793 7.283633)
2383121120,1002,town,5000,Nochchiyagama,POINT (80.2105099 8.2640142),POINT (80.21051 8.264014)
2383121121,1003,village,5000,Maragahawewa,POINT (80.1460242 8.2439839),POINT (80.146024 8.243984)
2383121122,1003,village,5000,Kala Oya,POINT (80.1079458 8.2099112),POINT (80.107946 8.209911)
2383121123,1003,village,5000,Ottappuwa,POINT (80.2613806 8.1919949),POINT (80.261381 8.191995)
2383121124,1003,village,5000,Sinharagama,POINT (80.2552008 8.2842452),POINT (80.255201 8.284245)
2386322832,1003,village,10000,Ampitiya,POINT (80.666297 7.2678653),POINT (80.666297 7.267865)
2387285694,1010,suburb,3000,Illukmodara,POINT (80.674392 7.2734154),POINT (80.674392 7.273415)
2388284596,1010,suburb,5000,Gurudeniya,POINT (80.6867188 7.2692201),POINT (80.686719 7.26922)
2393590067,1003,village,3000,Thotagamuwa,POINT (80.6229414 7.5088844),POINT (80.622941 7.508884)
2407760124,1003,village,5000,Mamaduwa,POINT (80.5391874 8.8108597),POINT (80.539187 8.81086)
2408604785,1004,hamlet,500,Poonthoddam,POINT (80.509364 8.767842),POINT (80.509364 8.767842)
2408760452,1003,village,5000,Mahakachchikodiya,POINT (80.5799245 8.7912239),POINT (80.579924 8.791224)
2408760504,1003,village,5000,Omanthai,POINT (80.5031196 8.8655702),POINT (80.50312 8.86557)
2411308798,1003,village,5000,Moragalla,POINT (79.9823333 6.4546483),POINT (79.982333 6.454648)
2508106215,1004,hamlet,0,Katunayake Interchange,POINT (79.8690109 7.1548807),POINT (79.869011 7.154881)
2536663949,1002,town,15000,,POINT (80.0828365 9.723937),POINT (80.082836 9.723937)
2542798547,1003,village,0,Amunukole Junction,POINT (80.2817897 8.0423808),POINT (80.28179 8.042381)
2543525405,1003,village,0,Kiribamuna,POINT (80.4386973 7.5951634),POINT (80.438697 7.595163)
2558049897,1003,village,200,Panadanda,POINT (80.1639304 7.3183251),POINT (80.16393 7.318325)
2569114304,1003,village,5000,Mattegoda,POINT (79.9746984 6.8121327),POINT (79.974698 6.812133)
2579034515,1003,village,5000,Civic Centre,POINT (80.4436516 9.3932425),POINT (80.443652 9.393242)
2579034516,1003,village,5000,Pannakandy,POINT (80.4364542 9.4060941),POINT (80.436454 9.406094)
2579034517,1003,village,5000,Thiruvaiyaru,POINT (80.4260387 9.384678),POINT (80.426039 9.384678)
2581144950,1003,village,5000,Kospelawinna,POINT (80.3932595 6.6992229),POINT (80.39326 6.699223)
2581144951,1003,village,5000,Ratnapura New Town,POINT (80.3809002 6.710455),POINT (80.3809 6.710455)
2637063504,1002,town,8000,Nanu Oya,POINT (80.7442077 6.9409797),POINT (80.744208 6.94098)
2638007016,1003,village,5000,Idalgashinna,POINT (80.8948335 6.7819),POINT (80.894834 6.7819)
2643487648,1003,village,5000,Habaraduwa,POINT (80.3085378 5.994571),POINT (80.308538 5.994571)
2678378690,1002,town,5000,Ahungalla,POINT (80.0351217 6.313789),POINT (80.035122 6.313789)
2678433190,1002,town,5000,Kosgoda,POINT (80.028902 6.3385879),POINT (80.028902 6.338588)
2682122126,1003,village,5000,Yakwila,POINT (80.0367174 7.3803823),POINT (80.036717 7.380382)
2683036450,1002,town,15000,Balapitiya,POINT (80.0405753 6.2805756),POINT (80.040575 6.280576)
2702180020,1004,hamlet,500,Wattegedara Junction,POINT (79.9213048 6.8511239),POINT (79.921305 6.851124)
2708339258,1050,locality,50,Gurukele Junction,POINT (80.6364757 7.1949473),POINT (80.636476 7.194947)
2711676236,1003,village,5000,Kudawa,POINT (80.4208208 6.4404011),POINT (80.420821 6.440401)
2712296528,1003,village,5000,Meemure,POINT (80.8442148 7.4415244),POINT (80.844215 7.441524)
2712296529,1003,village,2500,Rangala,POINT (80.7895481 7.3558149),POINT (80.789548 7.355815)
2718539003,1003,village,15000,Kohilawatte,POINT (79.9129005 6.9461695),POINT (79.9129 6.94617)
2718847363,1002,town,5000,Haldummulla,POINT (80.8808852 6.7602163),POINT (80.880885 6.760216)
2728009239,1002,town,15000,Madampe,POINT (79.8413815 7.4954162),POINT (79.841382 7.495416)
2739097200,1003,village,5000,Iranaipaalai,POINT (80.7134345 9.3397761),POINT (80.713434 9.339776)
2753808536,1003,village,5000,Golagammana,POINT (80.5417738 7.372103),POINT (80.541774 7.372103)
2821280145,1002,town,15000,Manampitiya,POINT (81.1119238 7.9088455),POINT (81.111924 7.908846)
2822294944,1003,village,5000,Kusumama,POINT (81.0495107 7.913758),POINT (81.049511 7.913758)
2822294981,1003,village,5000,Gallella,POINT (81.0572947 7.9065783),POINT (81.057295 7.906578)
2823998328,1003,village,5000,Koskandawala,POINT (80.0499765 7.0796142),POINT (80.049976 7.079614)
2827993326,1004,hamlet,0,Great Western,POINT (80.6887974 6.9521736),POINT (80.688797 6.952174)
2830868465,1003,village,5000,14 Canal,POINT (81.0840788 7.9906996),POINT (81.084079 7.9907)
2830868802,1003,village,5000,Onegama,POINT (81.0961058 7.9767386),POINT (81.096106 7.976739)
2831102430,1003,village,5000,Horuvila,POINT (80.1476478 8.2706558),POINT (80.147648 8.270656)
2831104348,1050,locality,0,Eranapala Mottai,POINT (79.983192 8.4297754),POINT (79.983192 8.429775)
2831104701,1050,locality,0,Eriyakulam Pooval,POINT (80.0031679 8.4369361),POINT (80.003168 8.436936)
2831586567,1003,village,5000,Asokapura,POINT (80.4779886 8.3741669),POINT (80.477989 8.374167)
2831618263,1003,village,5000,Nawa Madagama,POINT (81.0415759 7.568729),POINT (81.041576 7.568729)
2831700960,1003,village,5000,Bandanagala,POINT (81.0760644 7.7072988),POINT (81.076064 7.707299)
2831757044,1003,village,500,Maspotha,POINT (80.307729 7.546437),POINT (80.307729 7.546437)
2831937015,1004,hamlet,500,GPS Junction,POINT (80.9700612 8.1582476),POINT (80.970061 8.158248)
2833603808,1003,village,5000,Parasangaswewa,POINT (80.4311242 8.4485206),POINT (80.431124 8.448521)
2834980802,1003,village,5000,Palugaswewa,POINT (80.7090898 8.0635895),POINT (80.70909 8.06359)
2834994101,1003,village,5000,Thirappane,POINT (80.5229819 8.2157151),POINT (80.522982 8.215715)
2834995201,1004,hamlet,200,Kurundankulama,POINT (80.4533584 8.3363855),POINT (80.453358 8.336386)
2837029737,1003,village,5000,Sravasthipura,POINT (80.3751422 8.2991416),POINT (80.375142 8.299142)
2837565659,1003,village,5000,Senarathgama,POINT (80.2754966 8.0839156),POINT (80.275497 8.083916)
2853533969,1003,village,5000,Pinnawala,POINT (80.3862978 7.3004342),POINT (80.386298 7.300434)
2902138041,1003,village,5000,Paraketawela,POINT (80.542501 7.2784806),POINT (80.542501 7.278481)
2902156268,1003,village,5000,Danture,POINT (80.5342641 7.2820442),POINT (80.534264 7.282044)
2902170077,1004,hamlet,200,Giragama,POINT (80.5457858 7.2759867),POINT (80.545786 7.275987)
2902171945,1003,village,5000,Dodamwala,POINT (80.5386032 7.2920039),POINT (80.538603 7.292004)
2907017040,1001,city,30300,Kurunegala,POINT (80.364908 7.4870464),POINT (80.364908 7.487046)
2907038171,1003,village,5000,Metiyagane,POINT (80.1808545 7.38694),POINT (80.180854 7.38694)
2907079307,1003,village,250,Dambokka,POINT (80.338129 7.4378896),POINT (80.338129 7.43789)
2907471043,1002,town,15000,Dambadeniya,POINT (80.1494273 7.3681854),POINT (80.149427 7.368185)
2907474527,1004,hamlet,500,Saliyala,POINT (80.1690933 7.3823686),POINT (80.169093 7.382369)
2907474966,1003,village,5000,Muthugala,POINT (80.1569911 7.3756016),POINT (80.156991 7.375602)
2907667964,1003,village,15000,Embilmeegama,POINT (80.5639841 7.2650922),POINT (80.563984 7.265092)
2908772560,1001,city,125000,Kandy,POINT (80.6350358 7.2931208),POINT (80.635036 7.293121)
2908833857,1003,village,5000,Boyawalana,POINT (80.1766192 7.3342526),POINT (80.176619 7.334253)
2908842098,1004,hamlet,500,Thiththawelgodella,POINT (80.1254578 7.3829833),POINT (80.125458 7.382983)
2908894441,1003,village,5000,Kelegedara,POINT (80.1317142 7.3772542),POINT (80.131714 7.377254)
2918152805,1003,village,5000,Wellabada,POINT (80.0386486 6.2853162),POINT (80.038649 6.285316)
2918221079,1003,village,5000,Mallehewa,POINT (80.1978431 7.3165036),POINT (80.197843 7.316504)
2918221093,1003,village,5000,Henduwawa,POINT (80.1900755 7.3347214),POINT (80.190076 7.334721)
2918221098,1003,village,5000,Keppitiwalana,POINT (80.1838527 7.3285283),POINT (80.183853 7.328528)
2918222018,1003,village,5000,Abhayapura,POINT (80.1954184 7.3276983),POINT (80.195418 7.327698)
2918370930,1003,village,5000,Morawalapitiya,POINT (80.2165604 7.3786509),POINT (80.21656 7.378651)
2918379647,1003,village,5000,Vilgamuwa,POINT (80.2089321 7.3784593),POINT (80.208932 7.378459)
2918411492,1003,village,5000,Kuda Galgamuwa,POINT (80.1954782 7.3605838),POINT (80.195478 7.360584)
2918411771,1003,village,5000,Othara - Bemmullaegedara,POINT (80.2336085 7.388663),POINT (80.233608 7.388663)
2918412066,1003,village,5000,Nakalagamuwa,POINT (80.2239525 7.3909824),POINT (80.223952 7.390982)
2918428744,1003,village,5000,Galdeniya,POINT (80.1590001 7.3120395),POINT (80.159 7.31204)
2921354684,1004,hamlet,500,Ellathota Junction,POINT (80.9863961 6.8200149),POINT (80.986396 6.820015)
2922149054,1004,hamlet,0,Ipalogama Junction,POINT (80.2149595 7.8088953),POINT (80.21496 7.808895)
2922167982,1004,hamlet,0,Konwewa junction,POINT (80.2078871 7.8047246),POINT (80.207887 7.804725)
2964705386,1003,village,5000,Kandanegedara,POINT (79.9801697 7.3994642),POINT (79.98017 7.399464)
2971652999,1003,village,1000,Ambalangoda,POINT (79.9685421 6.7799063),POINT (79.968542 6.779906)
2990557664,1003,village,5000,Hiyare,POINT (80.2842842 6.079597),POINT (80.284284 6.079597)
2995253709,1010,suburb,1000,Uhumeeya,POINT (80.2949382 7.4624907),POINT (80.294938 7.462491)
3022506856,1003,village,0,Hinnarandeniya,POINT (80.5889784 7.1855052),POINT (80.588978 7.185505)
3032223236,1004,hamlet,0,Marapola junction,POINT (80.028265 7.1537004),POINT (80.028265 7.1537)
3053007006,1003,village,5000,Kabalana,POINT (80.3462661 5.97875),POINT (80.346266 5.97875)
3054791534,1003,village,5000,Pilana,POINT (80.2911134 6.0356864),POINT (80.291113 6.035686)
3054791535,1003,village,5000,Meepe Junction,POINT (80.2877842 6.0181551),POINT (80.287784 6.018155)
3054837302,1003,village,5000,Ulu Kade Junction,POINT (80.2960672 6.038422),POINT (80.296067 6.038422)
3054872285,1003,village,5000,Angulugaha Junction,POINT (80.3156035 6.0349703),POINT (80.315604 6.03497)
3054872344,1003,village,1500,Ginigala,POINT (80.2874989 6.0139301),POINT (80.287499 6.01393)
3066311599,1003,village,5000,Weerambugedara,POINT (80.2423238 7.4760781),POINT (80.242324 7.476078)
3066364710,1003,village,1000,Pallandeniya,POINT (80.3294628 7.5224199),POINT (80.329463 7.52242)
3066446267,1004,hamlet,500,Rathkarawwa,POINT (80.3203208 7.5332124),POINT (80.320321 7.533212)
3066446268,1003,village,500,Thittawella,POINT (80.3360375 7.5154756),POINT (80.336038 7.515476)
3070201673,1003,village,5000,Maavi Ela,POINT (80.1261604 7.5477634),POINT (80.12616 7.547763)
3070267379,1003,village,5000,Dematawa,POINT (80.1150876 7.5688593),POINT (80.115088 7.568859)
3078300673,1003,village,500,Uyandana,POINT (80.4029144 7.4792842),POINT (80.402914 7.479284)
3081633926,1003,village,5000,Heenatigala Junction,POINT (80.2765446 6.0154979),POINT (80.276545 6.015498)
3082575211,1004,hamlet,500,Nisalathenna,POINT (80.2859578 7.5772355),POINT (80.285958 7.577236)
3095584802,1002,town,25300,Avissawella,POINT (80.2128586 6.9521206),POINT (80.212859 6.952121)
3104885435,1003,village,5000,Panawala,POINT (80.2736342 6.8901602),POINT (80.273634 6.89016)
3104885441,1003,village,5000,Rangegama,POINT (80.2606642 6.8993274),POINT (80.260664 6.899327)
3104885448,1003,village,5000,Yogama,POINT (80.272903 6.9301862),POINT (80.272903 6.930186)
3104886056,1003,village,5000,Kambiadiya,POINT (80.2756941 6.8990487),POINT (80.275694 6.899049)
3104886079,1003,village,5000,Batangala,POINT (80.2750368 6.9132006),POINT (80.275037 6.913201)
3104886470,1002,town,15000,Deraniyagala,POINT (80.3385122 6.9272729),POINT (80.338512 6.927273)
3104887329,1003,village,5000,Batangala,POINT (80.2563179 6.9106104),POINT (80.256318 6.91061)
3105094324,1003,village,5000,Maniyamgama,POINT (80.2407237 6.9379711),POINT (80.240724 6.937971)
3105097063,1004,hamlet,200,Bo-Maluwa,POINT (80.2431 6.9347984),POINT (80.2431 6.934798)
3105099806,1004,hamlet,500,Seethawaka,POINT (80.218633 6.9529483),POINT (80.218633 6.952948)
3105100438,1004,hamlet,200,Thelumpitiya,POINT (80.2512936 6.9139234),POINT (80.251294 6.913923)
3116401470,1003,village,5000,Muruththettuwa,POINT (80.2681141 6.9509185),POINT (80.268114 6.950918)
3116402519,1003,village,5000,Algoda,POINT (80.2744834 6.9530533),POINT (80.274483 6.953053)
3118648155,1002,town,1000,Galapitamada,POINT (80.2347555 7.1399146),POINT (80.234756 7.139915)
3123346389,1004,hamlet,500,Nagahahena,POINT (80.2619346 6.9048444),POINT (80.261935 6.904844)
3128711862,1010,suburb,10000,Nawala Koswatte,POINT (79.8940993 6.9002038),POINT (79.894099 6.900204)
3128726508,1004,hamlet,500,Kattiya Junction,POINT (79.8979122 6.8694921),POINT (79.897912 6.869492)
3128819086,1010,suburb,500,Town Hall,POINT (79.864813 6.9173013),POINT (79.864813 6.917301)
3141406454,1004,hamlet,500,Kadirana Junction,POINT (79.8797306 7.2237372),POINT (79.879731 7.223737)
3156453858,1003,village,5000,Pahala Yogama,POINT (80.2667302 6.9189834),POINT (80.26673 6.918983)
3156455584,1003,village,5000,Uda yogama,POINT (80.2887887 6.9237549),POINT (80.288789 6.923755)
3156458172,1003,village,5000,Maldeniya,POINT (80.2838105 6.9349166),POINT (80.28381 6.934917)
3156459207,1003,village,5000,Dangampola,POINT (80.2974147 6.9376431),POINT (80.297415 6.937643)
3156459498,1004,hamlet,200,Pahala Maniyamgama,POINT (80.2367002 6.9310931),POINT (80.2367 6.931093)
3156462780,1004,hamlet,200,Welanagalla,POINT (80.2358225 6.919157),POINT (80.235822 6.919157)
3156467720,1003,village,5000,Ihala Maniyamgama,POINT (80.2516111 6.9336684),POINT (80.251611 6.933668)
3156469978,1003,village,5000,Thimbiripola,POINT (80.2512807 6.965333),POINT (80.251281 6.965333)
3156473024,1004,hamlet,200,Urupelawwa,POINT (80.2590913 6.9804552),POINT (80.259091 6.980455)
3156475255,1003,village,5000,Thembiliyana,POINT (80.2320761 6.9657004),POINT (80.232076 6.9657)
3156475726,1003,village,5000,Ihala Talduwa,POINT (80.2293348 6.9637501),POINT (80.229335 6.96375)
3156486566,1003,village,5000,Debegama,POINT (80.2338127 6.9845719),POINT (80.233813 6.984572)
3156500557,1003,village,5000,Kahanavita,POINT (80.283337 6.9667235),POINT (80.283337 6.966724)
3156501567,1004,hamlet,500,Maliyangoda,POINT (80.2714924 6.9511748),POINT (80.271492 6.951175)
3156513469,1003,village,5000,Mahakanda,POINT (80.3131203 6.962634),POINT (80.31312 6.962634)
3156523839,1004,hamlet,500,Udabage Estate,POINT (80.3370164 6.9529193),POINT (80.337016 6.952919)
3156528036,1003,village,5000,Ilukthanna,POINT (80.3249609 6.9539248),POINT (80.324961 6.953925)
3156533503,1004,hamlet,100,Lassanagama,POINT (80.3374104 6.9213539),POINT (80.33741 6.921354)
3156536869,1003,village,5000,Ambanawela,POINT (80.3308014 6.9247195),POINT (80.330801 6.92472)
3157920635,1003,village,5000,Egodagama,POINT (80.1943957 6.9230497),POINT (80.194396 6.92305)
3157927051,1003,village,5000,Madola,POINT (80.2171339 6.930131),POINT (80.217134 6.930131)
3157929236,1003,village,5000,Hewainna,POINT (80.1967989 6.8970615),POINT (80.196799 6.897062)
3157929426,1003,village,5000,Kaluandura,POINT (80.2052618 6.9146655),POINT (80.205262 6.914666)
3157952071,1003,village,5000,Divurumpitiya,POINT (80.221589 6.9191521),POINT (80.221589 6.919152)
3157953409,1003,village,5000,Kotahera,POINT (80.2153233 6.9454267),POINT (80.215323 6.945427)
3157953725,1003,village,5000,Kiriwandala South,POINT (80.1984905 6.941904),POINT (80.19849 6.941904)
3158787186,1003,village,15000,Anguruwella,POINT (80.2598665 7.0601758),POINT (80.259866 7.060176)
3158787345,1003,village,5000,Salgala,POINT (80.2612761 7.1092316),POINT (80.261276 7.109232)
3158787346,1003,village,5000,Gonagaldeniya,POINT (80.2086947 7.0560977),POINT (80.208695 7.056098)
3158789433,1003,village,5000,Amithirigala,POINT (80.186016 7.0300214),POINT (80.186016 7.030021)
3158789668,1003,village,5000,Nawatha,POINT (80.3205135 7.0039502),POINT (80.320514 7.00395)
3158789742,1003,village,5000,Debarawewa,POINT (81.2664771 6.2845447),POINT (81.266477 6.284545)
3158789918,1003,village,5000,Mahadeniya,POINT (80.2005602 7.0109205),POINT (80.20056 7.01092)
3158790009,1003,village,5000,Naduwatte,POINT (80.1642541 7.0595986),POINT (80.164254 7.059599)
3158791570,1003,village,2000,Parusella,POINT (80.3139116 7.0414371),POINT (80.313912 7.041437)
3158794178,1050,locality,1000,Katagamuwa,POINT (81.4132752 6.388073),POINT (81.413275 6.388073)
3158794322,1003,village,5000,Digowwa,POINT (80.3344342 6.8843365),POINT (80.334434 6.884336)
3158795910,1003,village,5000,Bodagama,POINT (81.1020153 6.4286236),POINT (81.102015 6.428624)
3158801353,1003,village,5000,Palatupana,POINT (81.4029885 6.2763507),POINT (81.402988 6.276351)
3161361932,1003,village,1500,Panaliya,POINT (80.3263499 7.3288134),POINT (80.32635 7.328813)
3163985284,1004,hamlet,500,Lakmana,POINT (80.259737 6.9066437),POINT (80.259737 6.906644)
3163990368,1004,hamlet,500,Uda Panawala,POINT (80.271174 6.8865342),POINT (80.271174 6.886534)
3168348716,1003,village,5000,Boyagane,POINT (80.3458339 7.4551472),POINT (80.345834 7.455147)
3168773054,1003,village,5000,Bodhimaluwa,POINT (80.2974863 6.8201507),POINT (80.297486 6.820151)
3168839011,1004,hamlet,500,Galahitiya,POINT (80.3227511 6.8154835),POINT (80.322751 6.815484)
3168933401,1003,village,5000,Yangalmodara,POINT (80.278081 7.3183262),POINT (80.278081 7.318326)
3171676049,1004,hamlet,200,Malpitiya Junction,POINT (80.3425261 7.4460538),POINT (80.342526 7.446054)
3171690377,1003,village,5000,Wanduragala,POINT (80.3469103 7.4639667),POINT (80.34691 7.463967)
3180242050,1004,hamlet,5000,Kuda Galgamuwa,POINT (80.3409816 7.5585895),POINT (80.340982 7.55859)
3180277178,1003,village,6000,Yanthampalawa,POINT (80.3485799 7.5004959),POINT (80.34858 7.500496)
3182644176,1002,town,15000,Koslanda,POINT (81.0182484 6.7435652),POINT (81.018248 6.743565)
3183272903,1003,village,5000,Malatawela,POINT (81.0922822 6.7299206),POINT (81.092282 6.729921)
3187946140,1004,hamlet,0,L B Gate,POINT (79.846278 6.9373624),POINT (79.846278 6.937362)
3197994360,1003,village,5000,Karasnagala,POINT (80.1709962 7.1125884),POINT (80.170996 7.112588)
3197999506,1004,hamlet,500,Alawala Junction,POINT (80.2131567 7.1324193),POINT (80.213157 7.132419)
3198000977,1003,village,5000,Alawala,POINT (80.2071738 7.1310061),POINT (80.207174 7.131006)
3198002523,1003,village,5000,Polgahakumbura,POINT (80.2075815 7.1000043),POINT (80.207582 7.100004)
3198139357,1003,village,5000,Kahaduwa,POINT (80.2163054 6.2263346),POINT (80.216305 6.226335)
3198144520,1002,town,20000,Elpitiya,POINT (80.1619048 6.2918848),POINT (80.161905 6.291885)
3198641644,1003,village,5000,Werahera,POINT (80.6469016 6.5153477),POINT (80.646902 6.515348)
3198644041,1003,village,5000,Welangapola,POINT (80.6520908 6.5372831),POINT (80.652091 6.537283)
3198646014,1003,village,5000,Puranwaththa,POINT (80.651313 6.5440293),POINT (80.651313 6.544029)
3198649505,1003,village,5000,Ammaduwa,POINT (80.6608304 6.5383835),POINT (80.66083 6.538384)
3198651263,1003,village,5000,Galkanda,POINT (80.6452997 6.5566915),POINT (80.6453 6.556692)
3198707043,1003,village,5000,Dandeniya,POINT (80.6167944 6.5998909),POINT (80.616794 6.599891)
3198712810,1003,village,5000,Ematiyagoda,POINT (80.6383286 6.5242018),POINT (80.638329 6.524202)
3207167381,1004,hamlet,500,4th Kanuwa Junction,POINT (80.411264 7.4637937),POINT (80.411264 7.463794)
3207175209,1003,village,5000,Kiriwaula,POINT (80.4204279 7.5150912),POINT (80.420428 7.515091)
3207175533,1004,hamlet,500,Meegolla Junction,POINT (80.4230986 7.4911079),POINT (80.423099 7.491108)
3207178766,1003,village,5000,Paragahadeniya,POINT (80.4726447 7.4177507),POINT (80.472645 7.417751)
3207178999,1003,village,5000,Pussella,POINT (80.4874383 7.4403484),POINT (80.487438 7.440348)
3207191568,1003,village,5000,Arampola,POINT (80.450419 7.4584941),POINT (80.450419 7.458494)
3208559848,1003,village,5000,Hiramadagama,POINT (80.6160647 6.5296519),POINT (80.616065 6.529652)
3213647934,1010,suburb,1000,Rideegama,POINT (80.491487 7.5497273),POINT (80.491487 7.549727)
3213653802,1003,village,5000,Keppitigala,POINT (80.5364725 7.4396146),POINT (80.536472 7.439615)
3213933155,1003,village,5000,Kithulgolla,POINT (80.5656684 7.4345652),POINT (80.565668 7.434565)
3213933910,1002,town,15000,Ankumbura,POINT (80.5709587 7.4392821),POINT (80.570959 7.439282)
3220027529,1003,village,5000,Paragammana,POINT (80.3508398 7.2305148),POINT (80.35084 7.230515)
3220194009,1004,hamlet,500,Panakani,POINT (79.660039 9.5510643),POINT (79.660039 9.551064)
3220201775,1050,locality,0,Theethakarai,POINT (79.7246909 9.5193013),POINT (79.724691 9.519301)
3220202869,1050,locality,0,Pumunai,POINT (79.6556058 9.515327),POINT (79.655606 9.515327)
3220202870,1050,locality,0,Periyanthurai,POINT (79.6527734 9.5310673),POINT (79.652773 9.531067)
3220204371,1050,locality,0,Vellai,POINT (79.6731088 9.4946676),POINT (79.673109 9.494668)
3220204372,1050,locality,0,Samithoddamunai,POINT (79.6586013 9.5038102),POINT (79.658601 9.50381)
3220204958,1050,locality,0,Kunthavedi,POINT (79.7094839 9.4770674),POINT (79.709484 9.477067)
3220223612,1004,hamlet,300,Kalapoomy,POINT (79.8689812 9.715405),POINT (79.868981 9.715405)
3220223989,1004,hamlet,500,Thankodai,POINT (79.8566216 9.7488964),POINT (79.856622 9.748896)
3220232378,1020,island,0,Karativu,POINT (79.8733585 9.7367996),POINT (79.873358 9.7368)
3220249174,1050,locality,0,Casuarina Beach,POINT (79.8847676 9.7621638),POINT (79.884768 9.762164)
3220256609,1003,village,5000,Karampan,POINT (79.8601857 9.6940831),POINT (79.860186 9.694083)
3220259864,1003,village,5000,Saravanai,POINT (79.8876515 9.6563471),POINT (79.887652 9.656347)
3220261990,1002,town,10000,Velanai,POINT (79.9025249 9.6370312),POINT (79.902525 9.637031)
3220264813,1010,suburb,10000,Veeramalai,POINT (79.8348206 9.5731586),POINT (79.834821 9.573159)
3220264848,1003,village,5000,Narantanai,POINT (79.8797958 9.6799516),POINT (79.879796 9.679952)
3220267515,1050,locality,0,Arali Point,POINT (79.929917 9.6787067),POINT (79.929917 9.678707)
3220279773,1003,village,5000,Chulipuram,POINT (79.9424759 9.7651795),POINT (79.942476 9.76518)
3220281897,1002,town,9000,Pandatharippu,POINT (79.9716751 9.7749581),POINT (79.971675 9.774958)
3220283353,1003,village,5000,Moolai,POINT (79.935417 9.7500457),POINT (79.935417 9.750046)
3220285970,1002,town,10000,Chankanai,POINT (79.9702939 9.7487344),POINT (79.970294 9.748734)
3220289588,1003,village,5000,Uduvil,POINT (80.0098883 9.7375854),POINT (80.009888 9.737585)
3220290861,1002,town,15000,Manipay,POINT (79.9960261 9.7244945),POINT (79.996026 9.724494)
3224452563,1003,village,10000,Hiriwadunna,POINT (80.3844118 7.2866678),POINT (80.384412 7.286668)
3224460889,1003,village,5000,Ranwala,POINT (80.3325364 7.2511361),POINT (80.332536 7.251136)
3224608853,1003,village,5000,Puwakdeniya,POINT (80.3797458 7.2652615),POINT (80.379746 7.265262)
3224615256,1003,village,5000,Randeniya,POINT (80.3828789 7.2733432),POINT (80.382879 7.273343)
3226074975,1004,hamlet,500,Aludeniya Junction,POINT (80.4977352 7.1867137),POINT (80.497735 7.186714)
3226291259,1002,town,15000,Kadugannawa,POINT (80.5195206 7.2572795),POINT (80.519521 7.25728)
3226313510,1004,hamlet,500,Bogahamula Junction,POINT (80.4265179 7.2350542),POINT (80.426518 7.235054)
3228159189,1004,hamlet,0,Midland City Housing Scheme,POINT (79.8928777 7.0108244),POINT (79.892878 7.010824)
3235859347,1003,village,5000,Hingula,POINT (80.4680664 7.2475051),POINT (80.468066 7.247505)
3235859410,1003,village,5000,Weththewa,POINT (80.4730827 7.2386558),POINT (80.473083 7.238656)
3235859448,1003,village,5000,Aluthnuwara,POINT (80.4831372 7.2268758),POINT (80.483137 7.226876)
3235859514,1003,village,10000,Katugahawatte,POINT (80.470337 7.2227316),POINT (80.470337 7.222732)
3236676780,1050,locality,5000,Kurikattuwan,POINT (79.7924911 9.5976476),POINT (79.792491 9.597648)
3236789052,1003,village,5000,Dewalegama,POINT (80.3222002 7.2844176),POINT (80.3222 7.284418)
3237441620,1003,village,5000,Gadaladeniya,POINT (80.5560337 7.2582995),POINT (80.556034 7.2583)
3237453466,1004,hamlet,500,Lankathilake Junction,POINT (80.5675691 7.2390923),POINT (80.567569 7.239092)
3237453503,1003,village,8000,Buwelikada,POINT (80.5717124 7.2150402),POINT (80.571712 7.21504)
3237453504,1003,village,5000,Embekka,POINT (80.5681347 7.2176093),POINT (80.568135 7.217609)
3237462865,1003,village,5000,Gamhatha,POINT (80.5633252 7.2012272),POINT (80.563325 7.201227)
3237462927,1003,village,6000,Welamboda,POINT (80.5475055 7.1996364),POINT (80.547506 7.199636)
3237466321,1003,village,5000,Talawatura,POINT (80.5810865 7.2071925),POINT (80.581086 7.207192)
3247285526,1003,village,5000,Vikumsihagama,POINT (80.21886 6.8946888),POINT (80.21886 6.894689)
3247286966,1003,village,5000,Weragolla South,POINT (80.204655 6.9363973),POINT (80.204655 6.936397)
3247287372,1003,village,5000,Kalatuwawa East,POINT (80.2101096 6.8626041),POINT (80.21011 6.862604)
3247321861,1003,village,5000,Iddamalgoda,POINT (80.2274731 6.8531493),POINT (80.227473 6.853149)
3247321862,1003,village,750,Huluddawa,POINT (80.2195948 6.8672141),POINT (80.219595 6.867214)
3247321863,1003,village,5000,Napawala,POINT (80.2164868 6.8369662),POINT (80.216487 6.836966)
3247321864,1004,hamlet,500,Uduwaka,POINT (80.219405 6.8557143),POINT (80.219405 6.855714)
3247532642,1003,village,10000,Pinkanda,POINT (80.1320767 6.1282757),POINT (80.132077 6.128276)
3247820932,1003,village,5000,Nilwella,POINT (80.7164442 5.9650214),POINT (80.716444 5.965021)
3248030104,1003,village,5000,Kudawella,POINT (80.7333273 5.9796329),POINT (80.733327 5.979633)
3249089692,1003,village,1000,Gonapinuwala,POINT (80.1369452 6.1414262),POINT (80.136945 6.141426)
3254708092,1010,suburb,15000,Polgasowita,POINT (79.963865 6.7873127),POINT (79.963865 6.787313)
3257849282,1003,village,1000,Dodangoda,POINT (80.1773433 6.1361398),POINT (80.177343 6.13614)
3259614998,1004,hamlet,0,Uhaluhena,POINT (80.541186 7.372626),POINT (80.541186 7.372626)
3274475234,1002,town,50000,Malabe,POINT (79.9546189 6.9040723),POINT (79.954619 6.904072)
3275779630,1001,city,115826,Sri Jayewardenepura Kotte,POINT (79.9187415 6.8883219),POINT (79.918742 6.888322)
3283612332,1003,village,5000,Yodha Kandiya,POINT (81.3101597 6.2593119),POINT (81.31016 6.259312)
3285341071,1003,village,1500,Akuregoda,POINT (79.9418242 6.8962824),POINT (79.941824 6.896282)
3285348987,1003,village,5000,Pirivena Junction,POINT (79.9084117 6.8420868),POINT (79.908412 6.842087)
3289447451,1001,city,20000,Gampaha,POINT (79.9951396 7.0925595),POINT (79.99514 7.09256)
3289538075,1003,village,5000,Kaluaggala,POINT (80.0987674 6.9182633),POINT (80.098767 6.918263)
3301689481,1003,village,5000,Kalalgoda,POINT (79.9417996 6.8683248),POINT (79.9418 6.868325)
3314163991,1004,hamlet,500,Palamunai,POINT (81.8476821 7.2709009),POINT (81.847682 7.270901)
3315921295,1004,hamlet,500,Oluvil Junction,POINT (81.8486394 7.2905066),POINT (81.848639 7.290507)
3315921296,1003,village,5000,Oluvil,POINT (81.8581828 7.2905682),POINT (81.858183 7.290568)
3316015811,1004,hamlet,500,Arasadi,POINT (81.8473922 7.3308996),POINT (81.847392 7.3309)
3316015820,1004,hamlet,500,Nintavur,POINT (81.8461203 7.3542053),POINT (81.84612 7.354205)
3316122477,1002,town,15000,Karaitivu,POINT (81.8387922 7.3769486),POINT (81.838792 7.376949)
3316572409,1004,hamlet,500,Sainthamaruthu,POINT (81.834171 7.3944645),POINT (81.834171 7.394464)
3318180364,1002,town,25000,Kalmunai,POINT (81.8269327 7.4131557),POINT (81.826933 7.413156)
3331332246,1004,hamlet,500,Pandiruppu,POINT (81.8169319 7.4263926),POINT (81.816932 7.426393)
3331565059,1003,village,5000,Periyaneelavanai,POINT (81.8122941 7.4456992),POINT (81.812294 7.445699)
3333275043,1003,village,5000,Periyakallar,POINT (81.8077998 7.467938),POINT (81.8078 7.467938)
3333286076,1004,hamlet,500,Koddaikallar,POINT (81.8070095 7.4879447),POINT (81.80701 7.487945)
3341061025,1003,village,5000,Kurumunveli,POINT (81.779815 7.5075752),POINT (81.779815 7.507575)
3343528437,1002,town,15000,Medawala,POINT (80.565789 7.357158),POINT (80.565789 7.357158)
3353587829,1003,village,5000,Dippitiya,POINT (80.2599603 7.1523498),POINT (80.25996 7.15235)
3353606393,1003,village,5000,Malmaduwa,POINT (80.277055 7.1359261),POINT (80.277055 7.135926)
3365968131,1004,hamlet,200,Kammalakkulama,POINT (80.4748032 8.3461118),POINT (80.474803 8.346112)
3365968874,1004,hamlet,500,Kudawewa,POINT (80.4887153 8.3470915),POINT (80.488715 8.347092)
3365973291,1004,hamlet,200,Hammillewa,POINT (80.4800518 8.3295018),POINT (80.480052 8.329502)
3365975140,1004,hamlet,500,Illuppukanniya,POINT (80.5079811 8.3455226),POINT (80.507981 8.345523)
3368551893,1003,village,15000,Kalawella,POINT (80.1605069 6.6309714),POINT (80.160507 6.630971)
3370212786,1003,village,1500,Polegoda,POINT (80.1638164 6.58948),POINT (80.163816 6.58948)
3370500512,1002,town,15000,Gothatuwa,POINT (79.9060604 6.929658),POINT (79.90606 6.929658)
3372812204,1002,town,15000,Dickoya,POINT (80.6039415 6.8737751),POINT (80.603942 6.873775)
3377424885,1003,village,5000,Labuduwa,POINT (80.2384486 6.0722589),POINT (80.238449 6.072259)
3377424886,1003,village,5000,Thotagoda,POINT (80.240694 6.0746334),POINT (80.240694 6.074633)
3379190141,1003,village,5000,Kahataruppa,POINT (81.1142307 7.0260891),POINT (81.114231 7.026089)
3390574114,1004,hamlet,500,Rukmalgama,POINT (79.9857509 6.8568497),POINT (79.985751 6.85685)
3392106119,1004,hamlet,5000,Kalukele,POINT (80.7763556 6.9506994),POINT (80.776356 6.950699)
3393421917,1010,suburb,15000,Hawaeliya,POINT (80.7843425 6.9716409),POINT (80.784342 6.971641)
3394903033,1003,village,0,Haragama,POINT (80.7155791 7.2605293),POINT (80.715579 7.260529)
3404831120,1004,hamlet,500,Ganehena,POINT (79.92374 6.9041376),POINT (79.92374 6.904138)
3410002312,1003,village,5000,Heanwala,POINT (80.4636435 5.9611695),POINT (80.463644 5.96117)
3410002313,1003,village,5000,Kotawila,POINT (80.477957 5.9681472),POINT (80.477957 5.968147)
3416931212,1003,village,5000,Thummodara,POINT (80.1679615 6.8627142),POINT (80.167962 6.862714)
3418927997,1003,village,5000,Puwakpitiya,POINT (80.1880026 6.9335104),POINT (80.188003 6.93351)
3419307294,1003,village,5000,Epitawala,POINT (80.2425808 6.7430145),POINT (80.242581 6.743014)
3419384219,1003,village,5000,Thiththapattara,POINT (80.0890459 6.9361211),POINT (80.089046 6.936121)
3421173170,1003,village,5000,Pothupitiya,POINT (79.939359 6.6412133),POINT (79.939359 6.641213)
3424715041,1003,village,5000,Gonagala,POINT (80.0332602 6.3826855),POINT (80.03326 6.382686)
3470536692,1003,village,15000,Uragasmanhandiya,POINT (80.0803129 6.3431832),POINT (80.080313 6.343183)
3477997946,1003,village,5000,Eldeniya,POINT (79.9653204 7.0096183),POINT (79.96532 7.009618)
3478008256,1003,village,5000,Veerachcholai,POINT (81.7692281 7.3792266),POINT (81.769228 7.379227)
3478019143,1003,village,5000,Mavadippalli,POINT (81.8220898 7.3716932),POINT (81.82209 7.371693)
3478022892,1003,village,5000,Sorikkalmunai,POINT (81.7915277 7.3925014),POINT (81.791528 7.392501)
3478023935,1003,village,5000,Malwatte,POINT (81.7433451 7.3326224),POINT (81.743345 7.332622)
3478024086,1003,village,5000,Majeed Puram,POINT (81.7423838 7.3493915),POINT (81.742384 7.349392)
3478028607,1003,village,5000,Pahala Kottaramulla,POINT (79.8689337 7.3834141),POINT (79.868934 7.383414)
3478489928,1004,hamlet,5000,Galwatta,POINT (80.9487521 6.8766216),POINT (80.948752 6.876622)
3478511244,1003,village,5000,Kudinilam,POINT (81.8302271 7.1275364),POINT (81.830227 7.127536)
3478523992,1003,village,5000,Malkampiddy,POINT (81.8001024 7.3203875),POINT (81.800102 7.320388)
3478527820,1003,village,5000,Naina kadu,POINT (81.7735626 7.3011972),POINT (81.773563 7.301197)
3483711899,1003,village,5000,Medagoda,POINT (80.4955037 5.9502065),POINT (80.495504 5.950206)
3483738670,1003,village,5000,Peleana,POINT (80.4468289 5.970522),POINT (80.446829 5.970522)
3483738671,1003,village,5000,Polwathumodara,POINT (80.4562031 5.9646554),POINT (80.456203 5.964655)
3483785939,1010,suburb,15000,Kumbalgama,POINT (80.4089537 5.9645244),POINT (80.408954 5.964524)
3483785941,1003,village,5000,Denuwala,POINT (80.3859849 5.9655215),POINT (80.385985 5.965522)
3483789472,1003,village,5000,Dikkumbura,POINT (80.3779957 6.0175275),POINT (80.377996 6.017528)
3483789474,1003,village,5000,Kodagoda,POINT (80.3943979 6.0233158),POINT (80.394398 6.023316)
3483816670,1002,town,15000,Imaduwa,POINT (80.3888983 6.0354808),POINT (80.388898 6.035481)
3483855642,1003,village,5000,Paragoda,POINT (80.3751532 6.0347116),POINT (80.375153 6.034712)
3483855643,1003,village,5000,Hawpe,POINT (80.3427571 6.0338326),POINT (80.342757 6.033833)
3484091476,1003,village,5000,Panchaliya,POINT (80.3812586 6.0054776),POINT (80.381259 6.005478)
3484091477,1003,village,5000,Ibbawala,POINT (80.4010054 5.9987465),POINT (80.401005 5.998746)
3484091478,1003,village,5000,Moodugamuawa,POINT (80.4150577 5.9936689),POINT (80.415058 5.993669)
3492719090,1002,town,5000,Yakkalamulla,POINT (80.3485356 6.107667),POINT (80.348536 6.107667)
3492743430,1003,village,5000,Kottawa,POINT (80.3169705 6.102764),POINT (80.31697 6.102764)
3492785345,1004,hamlet,500,Charty Beach,POINT (79.9196163 9.6331678),POINT (79.919616 9.633168)
3493006111,1003,village,5000,Thalgampala,POINT (80.3035978 6.0869762),POINT (80.303598 6.086976)
3493140355,1003,village,5000,Batemulla,POINT (80.3854917 6.035273),POINT (80.385492 6.035273)
3493140357,1003,village,5000,Divelagoda,POINT (80.4019294 6.0319579),POINT (80.401929 6.031958)
3493140359,1003,village,5000,Horadugoda,POINT (80.4076797 6.0229944),POINT (80.40768 6.022994)
3493140360,1003,village,5000,Kananke,POINT (80.409019 6.0423774),POINT (80.409019 6.042377)
3493140361,1003,village,5000,Mayakaduwa,POINT (80.3745873 6.0511333),POINT (80.374587 6.051133)
3493140362,1003,village,5000,Nimalawa,POINT (80.4413271 6.0487149),POINT (80.441327 6.048715)
3493140363,1003,village,5000,Pegirihena,POINT (80.3556596 6.0366795),POINT (80.35566 6.03668)
3493140364,1003,village,5000,Poramba Kananke,POINT (80.4204504 6.0450241),POINT (80.42045 6.045024)
3493140365,1003,village,5000,Wathawana,POINT (80.3657139 6.0364322),POINT (80.365714 6.036432)
3493245193,1003,village,5000,Andugoda,POINT (80.3906417 6.0150381),POINT (80.390642 6.015038)
3493245194,1003,village,5000,Borala,POINT (80.4063002 5.9914194),POINT (80.4063 5.991419)
3493245195,1003,village,5000,Hettigoda,POINT (80.3821744 6.0198747),POINT (80.382174 6.019875)
3493245196,1003,village,5000,Jaburagoda,POINT (80.4139741 6.0077778),POINT (80.413974 6.007778)
3493245197,1003,village,5000,Kothagoda,POINT (80.416834 6.019019),POINT (80.416834 6.019019)
3493245198,1003,village,5000,Pathegama,POINT (80.4037104 5.985891),POINT (80.40371 5.985891)
3493245199,1003,village,5000,Waduborella,POINT (80.4250541 5.9967347),POINT (80.425054 5.996735)
3493245200,1003,village,5000,Wattakgoda,POINT (80.4277504 5.9906054),POINT (80.42775 5.990605)
3493259417,1003,village,5000,Arachikanda,POINT (80.3681383 5.9844863),POINT (80.368138 5.984486)
3493259418,1003,village,5000,Batawala,POINT (80.4062778 5.9808108),POINT (80.406278 5.980811)
3493259419,1003,village,5000,Deegoda,POINT (80.3869441 6.03235),POINT (80.386944 6.03235)
3493259420,1003,village,5000,Eluketiya,POINT (80.3660568 5.9824234),POINT (80.366057 5.982423)
3493259421,1003,village,5000,Gonnagaha Hean,POINT (80.3796626 5.9998175),POINT (80.379663 5.999818)
3493259422,1003,village,5000,Kalugalgoda,POINT (80.3809123 6.0247229),POINT (80.380912 6.024723)
3493259423,1003,village,5000,Karandugoda,POINT (80.3624684 5.9824578),POINT (80.362468 5.982458)
3493259424,1003,village,5000,Kompawala,POINT (80.3975395 5.9855767),POINT (80.39754 5.985577)
3493259425,1003,village,5000,Nakanda,POINT (80.3761551 5.9917083),POINT (80.376155 5.991708)
3493259426,1003,village,5000,Olaganduwa,POINT (80.3717814 5.9904845),POINT (80.371781 5.990484)
3493281450,1003,village,5000,Kokmaduwa,POINT (80.4341076 6.0145281),POINT (80.434108 6.014528)
3493281451,1003,village,5000,Moonamalpe,POINT (80.4527444 6.0038806),POINT (80.452744 6.003881)
3493281452,1003,village,5000,Welihinda,POINT (80.4604183 5.9886507),POINT (80.460418 5.988651)
3493281453,1003,village,5000,Welipitiya,POINT (80.44349 6.0077661),POINT (80.44349 6.007766)
3498427104,1003,village,500,Bokundara,POINT (79.9178891 6.8185107),POINT (79.917889 6.818511)
3504275662,1003,village,5000,Divulpitiya,POINT (79.8946227 6.8514223),POINT (79.894623 6.851422)
3504782844,1004,hamlet,500,Wewala,POINT (79.9208197 6.8066949),POINT (79.92082 6.806695)
3508004632,1003,village,5000,Akurugoda,POINT (80.4935579 5.9995429),POINT (80.493558 5.999543)
3508004633,1003,village,5000,Malimbada,POINT (80.516946 6.0087573),POINT (80.516946 6.008757)
3508004634,1003,village,5000,Nidanwela,POINT (80.4645912 6.003514),POINT (80.464591 6.003514)
3508004635,1003,village,5000,Sulthanagoda,POINT (80.4955736 5.9920722),POINT (80.495574 5.992072)
3508004636,1003,village,5000,Udukawa,POINT (80.4793597 6.0168639),POINT (80.47936 6.016864)
3508004637,1003,village,5000,Uluwitike,POINT (80.4664128 5.9914037),POINT (80.466413 5.991404)
3508004638,1003,village,5000,Warakpitiya,POINT (80.485748 5.9918483),POINT (80.485748 5.991848)
3508004639,1003,village,5000,Watagedaramulla,POINT (80.45986 5.9957658),POINT (80.45986 5.995766)
3508036649,1003,village,5000,Dampella,POINT (80.5022537 6.0442996),POINT (80.502254 6.0443)
3508036650,1003,village,5000,Kadduwa,POINT (80.5153465 6.0366607),POINT (80.515346 6.036661)
3508036651,1003,village,5000,Karagoda Uyangoda,POINT (80.5147257 6.0443729),POINT (80.514726 6.044373)
3508036652,1003,village,5000,Kekunawela,POINT (80.50331 6.0559019),POINT (80.50331 6.055902)
3508036653,1003,village,5000,Paraduwa,POINT (80.481093 6.0733357),POINT (80.481093 6.073336)
3508036654,1003,village,5000,Phala Athuraliya,POINT (80.5114076 6.0736454),POINT (80.511408 6.073645)
3508036655,1003,village,5000,Pitakatuwana,POINT (80.5499953 6.0644517),POINT (80.549995 6.064452)
3508041558,1003,village,5000,Ihala Athuraliya,POINT (80.4998482 6.0854456),POINT (80.499848 6.085446)
3508041559,1003,village,5000,Thibotuwawa,POINT (80.4874399 6.0934292),POINT (80.48744 6.093429)
3508044260,1003,village,5000,Kamburuwana,POINT (80.5654161 6.0943615),POINT (80.565416 6.094362)
3508044261,1003,village,5000,Lenabatuwa,POINT (80.5447734 6.0809457),POINT (80.544773 6.080946)
3508044262,1003,village,5000,Narandeniya,POINT (80.5765238 6.0794198),POINT (80.576524 6.07942)
3508044263,1003,village,5000,Sapugoda,POINT (80.5571722 6.0824024),POINT (80.557172 6.082402)
3508086586,1003,village,5000,Ganegama,POINT (80.5795413 6.0862352),POINT (80.579541 6.086235)
3508086587,1003,village,5000,Karaputugala,POINT (80.6082693 6.0693332),POINT (80.608269 6.069333)
3508086588,1003,village,5000,Owitigamuwa,POINT (80.6157781 6.056958),POINT (80.615778 6.056958)
3508086589,1003,village,5000,Ratalankawa,POINT (80.5639962 6.0632682),POINT (80.563996 6.063268)
3508086590,1003,village,5000,Thumbe,POINT (80.5933963 6.0772047),POINT (80.593396 6.077205)
3508111707,1003,village,5000,Henegama,POINT (80.4634706 6.0559886),POINT (80.463471 6.055989)
3508139701,1003,village,5000,Hathamune,POINT (80.5857362 6.0212761),POINT (80.585736 6.021276)
3508139702,1002,town,15000,Kirinda,POINT (80.6291365 6.0523383),POINT (80.629136 6.052338)
3508139703,1003,village,5000,Kongala,POINT (80.6301 6.0689087),POINT (80.6301 6.068909)
3508159475,1003,village,5000,Ihala Vitiyala,POINT (80.539999 6.0400289),POINT (80.539999 6.040029)
3508159476,1003,village,5000,Pahala Vitiyala,POINT (80.5467141 6.0213017),POINT (80.546714 6.021302)
3508159477,1003,village,5000,Urapola,POINT (80.5578845 6.0243466),POINT (80.557884 6.024347)
3508182034,1003,village,5000,Hittetiya,POINT (80.5243951 5.9598824),POINT (80.524395 5.959882)
3508182035,1003,village,5000,Kalatiyawala,POINT (80.5040483 5.963814),POINT (80.504048 5.963814)
3508182036,1003,village,5000,Kanaththagoda,POINT (80.5087918 5.9572799),POINT (80.508792 5.95728)
3508233999,1003,village,5000,Horagoda,POINT (80.4699768 6.0415097),POINT (80.469977 6.04151)
3508234000,1003,village,5000,Wellana,POINT (80.4368261 6.0356155),POINT (80.436826 6.035616)
3508255918,1003,village,5000,Hattiya watta,POINT (80.4680916 5.9778289),POINT (80.468092 5.977829)
3510259422,1002,town,15000,Eheliyagoda,POINT (80.2625436 6.8531322),POINT (80.262544 6.853132)
3513452767,1002,town,6000,Nallathanniya,POINT (80.5225964 6.8255129),POINT (80.522596 6.825513)
3516435261,1004,hamlet,500,Meneripitiya,POINT (80.3174409 6.8191964),POINT (80.317441 6.819196)
3516462613,1003,village,5000,Indiparape,POINT (80.1139472 7.2218215),POINT (80.113947 7.221822)
3516462614,1003,village,5000,Wijaya Rajadahana,POINT (80.1177975 7.2305016),POINT (80.117798 7.230502)
3516462623,1003,village,5000,Welavilamulla,POINT (80.1105473 7.1924668),POINT (80.110547 7.192467)
3516462981,1003,village,5000,Hirieala,POINT (80.1107173 7.210965),POINT (80.110717 7.210965)
3521295497,1003,village,5000,Diyalape,POINT (80.4623981 6.1237318),POINT (80.462398 6.123732)
3521295498,1003,village,5000,Eramudugoda,POINT (80.43822 6.1247495),POINT (80.43822 6.12475)
3521295499,1003,village,5000,Ganhela,POINT (80.4784617 6.1237318),POINT (80.478462 6.123732)
3521295500,1003,village,5000,Ketanwila,POINT (80.4267813 6.125167),POINT (80.426781 6.125167)
3521295501,1003,village,5000,Neraluwa,POINT (80.4356157 6.1199649),POINT (80.435616 6.119965)
3521295502,1003,village,5000,Poramba,POINT (80.4540835 6.1124276),POINT (80.454084 6.112428)
3521370237,1003,village,5000,Aranwela,POINT (80.7466978 6.0547247),POINT (80.746698 6.054725)
3521370238,1003,village,5000,Beranagoda,POINT (80.3437122 6.1014623),POINT (80.343712 6.101462)
3521370239,1003,village,5000,Beragama,POINT (80.550981 6.1528563),POINT (80.550981 6.152856)
3521370240,1003,village,5000,Dammulla,POINT (80.734589 6.0721628),POINT (80.734589 6.072163)
3521370241,1003,village,5000,Dematapitiya,POINT (80.6661126 6.0654201),POINT (80.666113 6.06542)
3521370242,1003,village,5000,Galthara,POINT (80.5503676 6.091062),POINT (80.550368 6.091062)
3521370243,1003,village,5000,Gammedapitiya,POINT (80.6647614 6.0801967),POINT (80.664761 6.080197)
3521370244,1003,village,5000,Gangodagama,POINT (80.6760675 6.0761628),POINT (80.676068 6.076163)
3521370245,1003,village,5000,Getamanna,POINT (80.6808938 6.0407431),POINT (80.680894 6.040743)
3521370246,1003,village,5000,Godapitiya,POINT (80.4908843 6.1259126),POINT (80.490884 6.125913)
3521370247,1003,village,5000,Godawela,POINT (80.6958642 6.0671637),POINT (80.695864 6.067164)
3521370248,1003,village,5000,Hanagamuwa,POINT (80.7183368 6.0632326),POINT (80.718337 6.063233)
3521370249,1003,village,5000,Hettiyawala,POINT (80.6488405 6.0574495),POINT (80.64884 6.05745)
3521370250,1003,village,5000,Hirimburawa,POINT (80.370019 6.0893518),POINT (80.370019 6.089352)
3521370251,1003,village,5000,Howpe,POINT (80.500217 6.1270936),POINT (80.500217 6.127094)
3521370252,1003,village,5000,Kahawatta,POINT (80.732833 6.06024),POINT (80.732833 6.06024)
3521370253,1003,village,5000,Karagoda,POINT (80.3839568 6.0940925),POINT (80.383957 6.094092)
3521370254,1003,village,5000,Karathota,POINT (80.672264 6.0601271),POINT (80.672264 6.060127)
3521370255,1003,village,5000,Kitulalla,POINT (80.5445817 6.1441079),POINT (80.544582 6.144108)
3521370256,1003,village,5000,Koraburuwana,POINT (80.5548925 6.1007919),POINT (80.554892 6.100792)
3521370257,1003,village,5000,Magedara,POINT (80.4221919 6.1132344),POINT (80.422192 6.113234)
3521370258,1003,village,5000,Manikgoda,POINT (80.4348704 6.1099933),POINT (80.43487 6.109993)
3521370259,1003,village,5000,Meetiyawala,POINT (80.6553598 6.0584835),POINT (80.65536 6.058484)
3521370260,1003,village,5000,Minuwandeniya,POINT (80.3911959 6.0977115),POINT (80.391196 6.097712)
3521370261,1003,village,5000,Okawela,POINT (80.7170766 6.1081734),POINT (80.717077 6.108173)
3521370262,1003,village,5000,Pallattara,POINT (80.7297292 6.0864467),POINT (80.729729 6.086447)
3521370263,1003,village,5000,Pattiya wela,POINT (80.705706 6.074138),POINT (80.705706 6.074138)
3521370264,1003,village,5000,Polpagoada,POINT (80.3754777 6.100734),POINT (80.375478 6.100734)
3521370265,1003,village,5000,Ranchagoda,POINT (80.5497012 6.1289968),POINT (80.549701 6.128997)
3521370266,1003,village,5000,Thalahagama,POINT (80.5247151 6.1307885),POINT (80.524715 6.130788)
3521370267,1003,village,5000,Thraperiya,POINT (80.694286 6.0867512),POINT (80.694286 6.086751)
3521370268,1003,village,5000,Udugalmote,POINT (80.6907646 6.0939855),POINT (80.690765 6.093986)
3521370269,1003,village,5000,Udupilegoda - West,POINT (80.6422407 6.0739272),POINT (80.642241 6.073927)
3521370270,1003,village,5000,Uduwella,POINT (80.4114736 6.1006942),POINT (80.411474 6.100694)
3521370271,1003,village,5000,Waaharakgoda,POINT (80.7230364 6.0536776),POINT (80.723036 6.053678)
3521370272,1003,village,5000,Walakanda,POINT (80.652494 6.028989),POINT (80.652494 6.028989)
3521370273,1003,village,5000,Walpola,POINT (80.4018141 6.0557309),POINT (80.401814 6.055731)
3521370274,1003,village,5000,Wathukola kanda,POINT (80.6300166 6.0275969),POINT (80.630017 6.027597)
3521474562,1003,village,5000,Kambussawela,POINT (80.7191485 6.0422097),POINT (80.719148 6.04221)
3521474563,1003,village,5000,Mahaheela,POINT (80.7041313 6.0440377),POINT (80.704131 6.044038)
3521487702,1003,village,0,,POINT (80.6974902 6.0280672),POINT (80.69749 6.028067)
3521487703,1003,village,5000,Bodara kanda,POINT (80.6845421 6.0291517),POINT (80.684542 6.029152)
3521487704,1003,village,5000,Dandeniya,POINT (80.6503912 6.000322),POINT (80.650391 6.000322)
3521487705,1003,village,400,Ambala North,POINT (80.7072091 6.028982),POINT (80.707209 6.028982)
3521487706,1003,village,5000,Kotambure,POINT (80.6508594 5.9853494),POINT (80.650859 5.985349)
3521487707,1003,village,5000,Lolanara,POINT (80.6479397 5.9927877),POINT (80.64794 5.992788)
3521487708,1003,village,5000,Mawattagoda,POINT (80.6731917 6.00168),POINT (80.673192 6.00168)
3521487709,1003,village,5000,Mukalan yaya,POINT (80.6873474 6.0134624),POINT (80.687347 6.013462)
3521487710,1003,village,5000,Ratmale,POINT (80.6596501 5.9745265),POINT (80.65965 5.974526)
3521487711,1003,village,5000,Uda Ambala,POINT (80.7047094 6.0330588),POINT (80.704709 6.033059)
3521487712,1003,village,5000,Unukandeniya,POINT (80.6862276 6.0204628),POINT (80.686228 6.020463)
3521548363,1003,village,5000,Dedowa,POINT (80.5737685 6.0038623),POINT (80.573768 6.003862)
3521548364,1003,village,5000,Diyagaha,POINT (80.5776604 5.9824059),POINT (80.57766 5.982406)
3521548365,1003,village,5000,Epitakanda,POINT (80.6474317 5.9843671),POINT (80.647432 5.984367)
3521548366,1003,village,5000,Galaboda,POINT (80.5852647 5.9998109),POINT (80.585265 5.999811)
3521548367,1003,village,5000,Hingurupattala,POINT (80.6073799 6.0096137),POINT (80.60738 6.009614)
3521548368,1003,village,5000,Motagedara,POINT (80.5847718 5.964255),POINT (80.584772 5.964255)
3521548369,1003,village,5000,Walasgoda,POINT (80.6387927 5.9878277),POINT (80.638793 5.987828)
3521617594,1003,village,5000,Batuwila,POINT (80.5756747 6.0334095),POINT (80.575675 6.03341)
3521617595,1003,village,5000,Kadawedduwa,POINT (80.5947679 6.0141948),POINT (80.594768 6.014195)
3521617596,1003,village,5000,Kapugama,POINT (80.6042352 5.9381171),POINT (80.604235 5.938117)
3521617598,1003,village,5000,Kokawala,POINT (80.6160191 5.9868094),POINT (80.616019 5.986809)
3521617599,1003,village,5000,Kottawatta,POINT (80.6048642 6.0163323),POINT (80.604864 6.016332)
3521617600,1003,village,5000,Nawimana,POINT (80.5642419 5.9634637),POINT (80.564242 5.963464)
3521617601,1003,village,5000,Prawahera,POINT (80.6136194 5.9777401),POINT (80.613619 5.97774)
3521617602,1003,village,5000,Thalpawila,POINT (80.6005628 5.9541465),POINT (80.600563 5.954146)
3521617603,1003,village,5000,Wewaihalagoda,POINT (80.5908331 5.9551835),POINT (80.590833 5.955184)
3521651750,1003,village,5000,Ihalagoda,POINT (80.6648765 6.0256596),POINT (80.664876 6.02566)
3521651751,1003,village,5000,Kadurugasdeniya,POINT (80.6589485 6.0139855),POINT (80.658948 6.013986)
3521651752,1003,village,5000,Muruthagaspitiya,POINT (80.6541125 6.0084589),POINT (80.654112 6.008459)
3521651792,1003,village,5000,thalamulla,POINT (80.6705958 6.0257789),POINT (80.670596 6.025779)
3524759430,1003,village,5000,Suwarapola,POINT (79.9118795 6.7978126),POINT (79.91188 6.797813)
3537884134,1003,village,10000,Hokandara,POINT (79.9599002 6.8804849),POINT (79.9599 6.880485)
3542974224,1003,village,5000,Sarasalai,POINT (80.1610886 9.701754),POINT (80.161089 9.701754)
3552736118,1003,village,5000,Naranbedda,POINT (80.3619381 7.3161228),POINT (80.361938 7.316123)
3558209999,1003,village,5000,Nayapamula,POINT (80.1910469 6.1806154),POINT (80.191047 6.180615)
3561096417,1004,hamlet,500,Kaaradumunai,POINT (79.786752 8.5185398),POINT (79.786752 8.51854)
3561096418,1004,hamlet,500,Halmessanbokka,POINT (79.7879537 8.522784),POINT (79.787954 8.522784)
3561107668,1004,hamlet,500,Settakuda,POINT (79.7788803 8.4930707),POINT (79.77888 8.493071)
3561109617,1003,village,500,Baththalangunduwa,POINT (79.7834256 8.5044584),POINT (79.783426 8.504458)
3561114097,1004,hamlet,500,Karaitivu,POINT (79.7779608 8.5005801),POINT (79.777961 8.50058)
3561114700,1004,hamlet,500,Kovilkuda,POINT (79.7818414 8.4967633),POINT (79.781841 8.496763)
3561115955,1004,hamlet,500,Vellaimanai,POINT (79.7355895 8.2361331),POINT (79.73559 8.236133)
3561116085,1004,hamlet,500,Paramunai,POINT (79.7799102 8.4920095),POINT (79.77991 8.49201)
3561116217,1004,hamlet,500,Rodhapadu,POINT (79.7760157 8.3603037),POINT (79.776016 8.360304)
3561116277,1004,hamlet,500,Pulyankuda,POINT (79.7620253 8.2698507),POINT (79.762025 8.269851)
3561117402,1004,hamlet,500,Mukkalai,POINT (79.7820764 8.4813568),POINT (79.782076 8.481357)
3561117453,1004,hamlet,500,Vellal,POINT (79.7898419 8.4698134),POINT (79.789842 8.469813)
3561117831,1004,hamlet,500,Kumbulbokka,POINT (79.7973543 8.4528723),POINT (79.797354 8.452872)
3561117973,1004,hamlet,500,Kaludellmunai,POINT (79.8063719 8.4193962),POINT (79.806372 8.419396)
3561118861,1004,hamlet,500,Aligahakele,POINT (79.8058049 8.4071892),POINT (79.805805 8.407189)
3561120454,1004,hamlet,500,Karuwakuda,POINT (79.805858 8.4142583),POINT (79.805858 8.414258)
3561122040,1004,hamlet,500,Kirimundal,POINT (79.7572188 8.2949067),POINT (79.757219 8.294907)
3561122041,1004,hamlet,500,Dutch Bay,POINT (79.7620253 8.2995822),POINT (79.762025 8.299582)
3561122051,1004,hamlet,500,Mutwal,POINT (79.7469191 8.2796185),POINT (79.746919 8.279618)
3561122401,1004,hamlet,500,Karamuna,POINT (79.7589837 8.3016896),POINT (79.758984 8.30169)
3561125874,1004,hamlet,500,Thotakadu,POINT (79.7595363 8.2498048),POINT (79.759536 8.249805)
3561128049,1004,hamlet,500,Thiilaiyadi,POINT (79.7494082 8.2357891),POINT (79.749408 8.235789)
3561128685,1004,hamlet,500,Sinnakudirippu,POINT (79.7639158 8.2304353),POINT (79.763916 8.230435)
3561128724,1004,hamlet,500,Periyakudirippu,POINT (79.7649457 8.2263154),POINT (79.764946 8.226315)
3561128874,1004,hamlet,500,Wannimundai,POINT (79.7646829 8.2190714),POINT (79.764683 8.219071)
3561129181,1004,hamlet,500,Manadalakuda,POINT (79.7650562 8.2235535),POINT (79.765056 8.223554)
3561130297,1004,hamlet,500,Kunjimatotam,POINT (79.754542 8.2288404),POINT (79.754542 8.22884)
3561133183,1004,hamlet,500,Kuringipitti,POINT (79.7377374 8.2028288),POINT (79.737737 8.202829)
3561135649,1004,hamlet,500,Kalladi,POINT (79.7269657 8.2062248),POINT (79.726966 8.206225)
3561136713,1004,hamlet,500,Keerikulam,POINT (79.7147777 8.2079663),POINT (79.714778 8.207966)
3563714888,1050,locality,0,Dellawa Junction,POINT (80.4368471 6.3206773),POINT (80.436847 6.320677)
3567478522,1003,village,5000,Aggona,POINT (79.9237412 6.9165089),POINT (79.923741 6.916509)
3567482557,1004,hamlet,500,Walpola,POINT (79.9180387 6.911941),POINT (79.918039 6.911941)
3567483028,1003,village,5000,Himbutana WP,POINT (79.9327967 6.9263397),POINT (79.932797 6.92634)
3567483292,1004,hamlet,500,10th Mile Post Malabe,POINT (79.9600512 6.8960832),POINT (79.960051 6.896083)
3567489518,1003,village,5000,Mulleriyawa,POINT (79.9330805 6.9353616),POINT (79.93308 6.935362)
3567489807,1003,village,5000,Atgalgoda,POINT (79.9161611 6.9306116),POINT (79.916161 6.930612)
3567490512,1003,village,5000,Maadinnagoda,POINT (79.9023587 6.918918),POINT (79.902359 6.918918)
3570798993,1003,village,5000,Wadakada,POINT (80.2686716 7.3973901),POINT (80.268672 7.39739)
3570806707,1003,village,5000,Thelawala,POINT (79.8691248 7.193742),POINT (79.869125 7.193742)
3570998402,1003,village,5000,Batakettara,POINT (79.9227574 6.7830095),POINT (79.922757 6.78301)
3570998403,1003,village,5000,Madapatha,POINT (79.9306538 6.766693),POINT (79.930654 6.766693)
3572540094,1003,village,5000,Warakagoda,POINT (80.5411028 7.3745759),POINT (80.541103 7.374576)
3572853612,1003,village,5000,Nathagane,POINT (80.2753799 7.5683336),POINT (80.27538 7.568334)
3578458836,1002,town,10000,Galgamuwa,POINT (80.2706117 7.9956682),POINT (80.270612 7.995668)
3581101393,1004,hamlet,100,Nagasthalawa,POINT (81.0299461 7.6247527),POINT (81.029946 7.624753)
3588043678,1002,town,15000,Walapane,POINT (80.8624363 7.095807),POINT (80.862436 7.095807)
3589633377,1004,hamlet,100,Lihiniyagama,POINT (81.025114 7.6330983),POINT (81.025114 7.633098)
3590215197,1004,hamlet,0,Dabbare,POINT (80.9073945 7.0798013),POINT (80.907394 7.079801)
3590215198,1003,village,5000,Harasbedda,POINT (80.8785439 7.0543358),POINT (80.878544 7.054336)
3590215201,1002,town,10000,Nildandahinna,POINT (80.8933679 7.0804514),POINT (80.893368 7.080451)
3590215205,1002,town,5000,Udapussellawa,POINT (80.9039576 6.9995378),POINT (80.903958 6.999538)
3591163621,1002,town,8000,Deltota,POINT (80.6959966 7.1726569),POINT (80.695997 7.172657)
3591708389,1003,village,5000,Koshinna,POINT (80.5951011 7.2327859),POINT (80.595101 7.232786)
3591821301,1003,village,5000,Lahugala,POINT (81.7184772 6.8778362),POINT (81.718477 6.877836)
3593151826,1004,hamlet,500,Wewelduwa,POINT (79.9127856 6.9768699),POINT (79.912786 6.97687)
3597607159,1004,hamlet,1500,Pellewela,POINT (81.2378475 6.7619755),POINT (81.237848 6.761976)
3597653919,1003,village,750,Mahasenpura,POINT (81.2087482 6.7398399),POINT (81.208748 6.73984)
3597653920,1003,village,1000,Puhulkotuwa,POINT (81.2305837 6.7480811),POINT (81.230584 6.748081)
3597653922,1003,village,1000,Yudaganawa,POINT (81.2346921 6.7742719),POINT (81.234692 6.774272)
3600458557,1003,village,5000,Mabima East,POINT (79.9763735 6.9504411),POINT (79.976374 6.950441)
3600473007,1004,hamlet,500,Galwala Handiya,POINT (79.9682697 6.9812405),POINT (79.96827 6.98124)
3604267173,1003,village,1000,Mawaramandiya,POINT (79.976166 6.9873334),POINT (79.976166 6.987333)
3613139445,1002,town,10000,Galewela,POINT (80.5710966 7.7596614),POINT (80.571097 7.759661)
3620028285,1003,village,1000,Elwala,POINT (80.6306292 7.4456961),POINT (80.630629 7.445696)
3622696743,1003,village,1000,Thibbatuhena,POINT (80.4787316 5.9738485),POINT (80.478732 5.973848)
3622696744,1003,village,1000,Duwagoda,POINT (80.489859 5.981137),POINT (80.489859 5.981137)
3628063310,1004,hamlet,500,Mallawadedara Junction,POINT (80.0284042 7.2886272),POINT (80.028404 7.288627)
3628065632,1003,village,1000,Mallawagedara,POINT (80.0261093 7.2908514),POINT (80.026109 7.290851)
3628074414,1004,hamlet,1000,Pannala Export Processing Zone (BOI),POINT (80.0016679 7.3223834),POINT (80.001668 7.322383)
3628620102,1003,village,1000,Muttettugoda,POINT (79.942747 6.9042206),POINT (79.942747 6.904221)
3628820300,1004,hamlet,500,Halbarawa Gardens,POINT (79.9507167 6.9162332),POINT (79.950717 6.916233)
3633719391,1003,village,5000,Dampahala,POINT (80.6328041 6.2723557),POINT (80.632804 6.272356)
3633719658,1003,village,5000,Rukmalpitiya,POINT (80.6692056 6.2761097),POINT (80.669206 6.27611)
3633719659,1003,village,5000,Siyarapitiya,POINT (80.6918881 6.2878552),POINT (80.691888 6.287855)
3633811969,1003,village,6000,Pathegama,POINT (80.6325992 6.2061262),POINT (80.632599 6.206126)
3633843119,1003,village,5000,Warapitiya,POINT (80.6383792 6.2218591),POINT (80.638379 6.221859)
3633854443,1003,village,5000,Mawarala,POINT (80.5919146 6.1997247),POINT (80.591915 6.199725)
3633854446,1003,village,5000,Pasgoda,POINT (80.6095383 6.2450202),POINT (80.609538 6.24502)
3633857134,1003,village,5000,Erellawala,POINT (80.5788959 6.1889415),POINT (80.578896 6.188942)
3633857135,1003,village,5000,Gomila,POINT (80.5980556 6.217375),POINT (80.598056 6.217375)
3633894475,1010,suburb,10000,Walpola,POINT (80.5528488 5.9534728),POINT (80.552849 5.953473)
3633894476,1003,village,500,Weliweriya (SP),POINT (80.5420933 5.954428),POINT (80.542093 5.954428)
3634198294,1003,village,5000,Bengamuwa,POINT (80.6028076 6.2604089),POINT (80.602808 6.260409)
3634198295,1003,village,5000,Dapane,POINT (80.6730241 6.3367973),POINT (80.673024 6.336797)
3634198296,1003,village,5000,Dorapane,POINT (80.6760701 6.3157794),POINT (80.67607 6.315779)
3634198297,1003,village,5000,Gallpottayaya,POINT (80.7643682 6.2211964),POINT (80.764368 6.221196)
3634198298,1003,village,5000,Hillegeayina,POINT (80.7622478 6.2304715),POINT (80.762248 6.230472)
3634198299,1003,village,5000,Horawinna,POINT (80.7045189 6.2524089),POINT (80.704519 6.252409)
3634198300,1003,village,5000,Julampitiya,POINT (80.739444 6.222185),POINT (80.739444 6.222185)
3634198301,1003,village,5000,Kempane,POINT (80.7121886 6.3246963),POINT (80.712189 6.324696)
3634198302,1003,village,5000,Kirilipane,POINT (80.5861658 6.281382),POINT (80.586166 6.281382)
3634198303,1003,village,5000,Kudagalara,POINT (80.7770672 6.2331429),POINT (80.777067 6.233143)
3634198304,1003,village,5000,Mellaketigoda,POINT (80.7352808 6.2445349),POINT (80.735281 6.244535)
3634198305,1003,village,5000,Omalpe,POINT (80.6849594 6.3288095),POINT (80.684959 6.32881)
3634198306,1003,village,5000,Walakada,POINT (80.6979809 6.3528605),POINT (80.697981 6.35286)
3634202964,1003,village,5000,Okandeniya,POINT (80.7900681 6.2343285),POINT (80.790068 6.234328)
3634211582,1003,village,5000,Bowala,POINT (80.7138712 6.1936035),POINT (80.713871 6.193604)
3634211584,1003,village,5000,Labuhengoda,POINT (80.7454526 6.2783409),POINT (80.745453 6.278341)
3634211585,1003,village,5000,Murungagasyaya,POINT (80.7874086 6.2473729),POINT (80.787409 6.247373)
3634211586,1003,village,5000,Okandeniya,POINT (80.7822543 6.2214292),POINT (80.782254 6.221429)
3634211587,1003,village,5000,Radaniyara,POINT (80.6932353 6.2064481),POINT (80.693235 6.206448)
3634211588,1003,village,5000,Sapugahayaya,POINT (80.7775584 6.2708117),POINT (80.777558 6.270812)
3634211589,1003,village,5000,Welipitiya,POINT (80.7438004 6.2617118),POINT (80.7438 6.261712)
3634251621,1003,village,5000,Ittademaliya,POINT (80.7266347 6.1547785),POINT (80.726635 6.154778)
3634251622,1003,village,5000,Kadigamuwa,POINT (80.7256471 6.1343383),POINT (80.725647 6.134338)
3634251623,1003,village,5000,Keppitiyawa,POINT (80.7396566 6.1523734),POINT (80.739657 6.152373)
3634251624,1003,village,5000,Mulkirigala,POINT (80.7473295 6.12722),POINT (80.74733 6.12722)
3634251625,1003,village,5000,Talahagamwaduwa,POINT (80.7030094 6.1425164),POINT (80.703009 6.142516)
3634252176,1003,village,5000,Buddiyagama,POINT (80.746661 6.157521),POINT (80.746661 6.157521)
3634252177,1003,village,5000,Muruthawela,POINT (80.7401204 6.1913991),POINT (80.74012 6.191399)
3634252178,1003,village,5000,Yaggasmulla,POINT (80.7605373 6.1685381),POINT (80.760537 6.168538)
3634278008,1003,village,5000,Handugala,POINT (80.6176492 6.196637),POINT (80.617649 6.196637)
3634278009,1003,village,5000,Horewela,POINT (80.6699298 6.1787846),POINT (80.66993 6.178785)
3634330220,1003,village,1000,Gombaddala,POINT (80.5571608 6.1883333),POINT (80.557161 6.188333)
3634330221,1003,village,5000,Panakaduwa,POINT (80.5491151 6.226823),POINT (80.549115 6.226823)
3634330222,1003,village,5000,Paragala,POINT (80.5292655 6.2437485),POINT (80.529266 6.243748)
3634330223,1003,village,5000,Rotumba,POINT (80.5776143 6.2334453),POINT (80.577614 6.233445)
3634374642,1003,village,5000,Dewalagama,POINT (80.6384585 6.1447157),POINT (80.638458 6.144716)
3634374643,1003,village,5000,Kandebedda,POINT (80.668447 6.1313358),POINT (80.668447 6.131336)
3634374644,1003,village,5000,Mahamadawala,POINT (80.634018 6.1588106),POINT (80.634018 6.158811)
3634374645,1003,village,5000,Mahamaditta,POINT (80.6602944 6.1317828),POINT (80.660294 6.131783)
3634374646,1003,village,5000,Miella,POINT (80.6718044 6.1165516),POINT (80.671804 6.116552)
3634374647,1003,village,5000,Pallawela,POINT (80.6262762 6.1224059),POINT (80.626276 6.122406)
3634374648,1003,village,5000,Pallekannda,POINT (80.6643354 6.1469368),POINT (80.664335 6.146937)
3634374649,1003,village,5000,Panawela,POINT (80.6812447 6.1128324),POINT (80.681245 6.112832)
3634374650,1003,village,5000,Paramulla,POINT (80.6230291 6.1574708),POINT (80.623029 6.157471)
3634393605,1003,village,5000,Suriyagahagoda,POINT (80.7882591 6.2992551),POINT (80.788259 6.299255)
3634797198,1003,village,5000,Attanayala,POINT (80.7878275 6.1644565),POINT (80.787828 6.164456)
3634797199,1003,village,5000,Hakuruwela,POINT (80.8365611 6.1488724),POINT (80.836561 6.148872)
3634797200,1003,village,5000,Heenbunna,POINT (80.806922 6.1399467),POINT (80.806922 6.139947)
3634797201,1003,village,5000,Medamulana,POINT (80.7794203 6.1782694),POINT (80.77942 6.178269)
3634797203,1003,village,5000,Wakamulla,POINT (80.7897161 6.150761),POINT (80.789716 6.150761)
3634823665,1003,village,5000,Bendigama,POINT (80.7833731 6.1022601),POINT (80.783373 6.10226)
3634823666,1003,village,5000,Kadurupokuna,POINT (80.7748141 6.0191859),POINT (80.774814 6.019186)
3634823668,1010,suburb,5000,Kotuwegoda,POINT (80.7976573 6.0240512),POINT (80.797657 6.024051)
3634823669,1003,village,5000,Marakolliya,POINT (80.8159201 6.0502324),POINT (80.81592 6.050232)
3634823670,1003,village,5000,Medaketiya,POINT (80.7977635 6.0381184),POINT (80.797764 6.038118)
3634823671,1003,village,5000,Polommaruwa,POINT (80.7773294 6.0319896),POINT (80.777329 6.03199)
3634823672,1003,village,5000,Puwakdandawa,POINT (80.7414596 6.0347489),POINT (80.74146 6.034749)
3634823673,1003,village,5000,Sinimodara,POINT (80.7491982 6.0038239),POINT (80.749198 6.003824)
3634823674,1003,village,5000,Sitinamaluwa,POINT (80.7587809 6.0491722),POINT (80.758781 6.049172)
3634864031,1003,village,5000,Siyabalagasgoda,POINT (80.7580509 6.0638496),POINT (80.758051 6.06385)
3634864032,1003,village,5000,Talpitiyagama,POINT (80.7701095 6.0866258),POINT (80.77011 6.086626)
3634864033,1003,village,5000,Uduweligoda,POINT (80.7825509 6.0769825),POINT (80.782551 6.076982)
3634864034,1003,village,5000,Vigamuwa,POINT (80.8480116 6.0937313),POINT (80.848012 6.093731)
3634864035,1003,village,5000,Vitarandeniya,POINT (80.8099219 6.087514),POINT (80.809922 6.087514)
3634864036,1003,village,5000,Wagegoda,POINT (80.7835717 6.0549037),POINT (80.783572 6.054904)
3634901233,1003,village,5000,Depalamulla,POINT (80.857866 6.1421238),POINT (80.857866 6.142124)
3634901234,1003,village,5000,Talamporuwa,POINT (80.8532722 6.1282947),POINT (80.853272 6.128295)
3634901235,1003,village,5000,Talunna,POINT (80.8293465 6.1152264),POINT (80.829346 6.115226)
3634901236,1003,village,5000,Wadiyegoda,POINT (80.8296655 6.0993665),POINT (80.829666 6.099366)
3635089393,1003,village,1000,Avittawa,POINT (80.1466845 6.3668026),POINT (80.146684 6.366803)
3635197511,1003,village,1000,Netolpitiya,POINT (80.8365159 6.0642688),POINT (80.836516 6.064269)
3635197513,1003,village,1000,Rekawa,POINT (80.8573592 6.0548498),POINT (80.857359 6.05485)
3639539242,1001,city,110000,Matara,POINT (80.5482919 5.947822),POINT (80.548292 5.947822)
3639544458,1002,town,24100,Weligama,POINT (80.429139 5.9751305),POINT (80.429139 5.97513)
3639546887,1001,city,120000,Galle,POINT (80.214955 6.0328139),POINT (80.214955 6.032814)
3640162026,1050,locality,1000,Baddegama Interchange,POINT (80.1941703 6.1805856),POINT (80.19417 6.180586)
3640390825,1004,hamlet,500,Koongashandiya,POINT (80.3157743 7.3130936),POINT (80.315774 7.313094)
3650726151,1002,town,5000,Rikillagaskada,POINT (80.7839977 7.1461178),POINT (80.783998 7.146118)
3655123419,1003,village,1000,Merawala,POINT (79.8065637 7.5575762),POINT (79.806564 7.557576)
3655225591,1004,hamlet,500,Kottapitiya Junction,POINT (79.826705 7.6338354),POINT (79.826705 7.633835)
3658439723,1004,hamlet,500,Church Junction,POINT (79.8488673 7.3068141),POINT (79.848867 7.306814)
3658440638,1004,hamlet,500,Dummaladeniya Junction,POINT (79.8454863 7.3250291),POINT (79.845486 7.325029)
3658497015,1004,hamlet,500,Randiyagama Junction,POINT (79.837368 7.3522816),POINT (79.837368 7.352282)
3658497131,1004,hamlet,500,Dematapitiya Junction,POINT (79.83519 7.3578998),POINT (79.83519 7.3579)
3658558332,1004,hamlet,500,Band Kada Junction,POINT (79.8318422 7.3711243),POINT (79.831842 7.371124)
3658679418,1003,village,1000,Mudukatuwa,POINT (79.8314819 7.3898148),POINT (79.831482 7.389815)
3658697272,1004,hamlet,500,Godawala Junction,POINT (79.8313299 7.4019488),POINT (79.83133 7.401949)
3661267080,1003,village,1000,Kudawewa,POINT (79.8467303 7.4619084),POINT (79.84673 7.461908)
3661285344,1003,village,1000,Kudamaduwella,POINT (79.8046876 7.4632335),POINT (79.804688 7.463234)
3661330142,1003,village,1000,Thoduwawa,POINT (79.8043327 7.4766491),POINT (79.804333 7.476649)
3661519767,1003,village,1000,Iranawila,POINT (79.7959202 7.5072151),POINT (79.79592 7.507215)
3664367076,1003,village,1000,Galmuruwa,POINT (79.8813556 7.4945691),POINT (79.881356 7.494569)
3666779275,1010,suburb,15000,Aluthmawatha,POINT (79.8656937 6.9617317),POINT (79.865694 6.961732)
3666779276,1010,suburb,0,Bloemendhal,POINT (79.8676546 6.9494004),POINT (79.867655 6.9494)
3666779277,1010,suburb,15000,Gintupitiya,POINT (79.8604472 6.9432023),POINT (79.860447 6.943202)
3666779278,1010,suburb,15000,Kochchikade,POINT (79.8549705 6.9432825),POINT (79.85497 6.943282)
3666779279,1010,suburb,15000,Kotahena,POINT (79.8598246 6.9480164),POINT (79.859825 6.948016)
3666779281,1010,suburb,15000,Lunupokuna,POINT (79.8591771 6.9549537),POINT (79.859177 6.954954)
3666779282,1010,suburb,15000,Mahawatte,POINT (79.8741188 6.9601402),POINT (79.874119 6.96014)
3666779283,1010,suburb,15000,Mattakkuliya,POINT (79.8765779 6.9732207),POINT (79.876578 6.973221)
3666779284,1010,suburb,15000,Modera,POINT (79.8699483 6.9671881),POINT (79.869948 6.967188)
3666803953,1010,suburb,15000,Grandpass,POINT (79.8734916 6.943469),POINT (79.873492 6.943469)
3666803954,1010,suburb,15000,Masangasweediya,POINT (79.8618395 6.9411514),POINT (79.86184 6.941151)
3666803955,1010,suburb,15000,NewBazzar,POINT (79.8671418 6.9412708),POINT (79.867142 6.941271)
3666812543,1010,suburb,15000,Aluthkade,POINT (79.8625412 6.9382392),POINT (79.862541 6.938239)
3666814027,1010,suburb,15000,Fort,POINT (79.84482 6.9343455),POINT (79.84482 6.934346)
3666819692,1010,suburb,15000,Hunupitiya,POINT (79.8558871 6.9238794),POINT (79.855887 6.923879)
3666819693,1010,suburb,15000,Kompannaweediya,POINT (79.8468002 6.9258431),POINT (79.8468 6.925843)
3666819694,1010,suburb,15000,Maradana,POINT (79.8640039 6.926472),POINT (79.864004 6.926472)
3666819695,1010,suburb,15000,Suduwella,POINT (79.8603383 6.9271313),POINT (79.860338 6.927131)
3666826236,1010,suburb,15000,Maligakanda,POINT (79.8676305 6.9278415),POINT (79.86763 6.927842)
3666826237,1003,village,15000,Maligawatte,POINT (79.8717207 6.9350786),POINT (79.871721 6.935079)
3666826238,1010,suburb,15000,Panchikawatte,POINT (79.8646144 6.9312607),POINT (79.864614 6.931261)
3666831436,1010,suburb,25000,Borella,POINT (79.8776 6.9148334),POINT (79.8776 6.914833)
3666831437,1010,suburb,15000,Cinnamon Gardens,POINT (79.8662488 6.9094772),POINT (79.866249 6.909477)
3666831438,1010,suburb,15000,Dematagoda,POINT (79.8803715 6.9327474),POINT (79.880372 6.932747)
3666831439,1010,suburb,15000,Kuppiyawatta,POINT (79.8720596 6.9261691),POINT (79.87206 6.926169)
3666831440,1010,suburb,15000,Wanathamulla,POINT (79.8793895 6.9273458),POINT (79.87939 6.927346)
3666851314,1010,suburb,15000,Bambalapitiya,POINT (79.8550332 6.8953892),POINT (79.855033 6.895389)
3666851315,1010,suburb,15000,Havelock Town,POINT (79.8652778 6.8862327),POINT (79.865278 6.886233)
3666851316,1010,suburb,15000,Kirula,POINT (79.875815 6.8911351),POINT (79.875815 6.891135)
3666851317,1010,suburb,15000,Kirulapona,POINT (79.8781754 6.8804598),POINT (79.878175 6.88046)
3666851318,1010,suburb,15000,Kollupitiya,POINT (79.8508126 6.9135263),POINT (79.850813 6.913526)
3666851319,1010,suburb,15000,Milagiriya,POINT (79.8596662 6.8868681),POINT (79.859666 6.886868)
3666851322,1010,suburb,15000,Thimbirigasyaya,POINT (79.8696081 6.8979046),POINT (79.869608 6.897905)
3666851323,1010,suburb,15000,Wellawatte,POINT (79.860348 6.8770514),POINT (79.860348 6.877051)
3668151968,1001,city,92300,Batticaloa,POINT (81.6941956 7.7356027),POINT (81.694196 7.735603)
3675098541,1003,village,5000,Madunagala,POINT (80.981485 6.2554009),POINT (80.981485 6.255401)
3680076692,1003,village,1000,Ambakandawila,POINT (79.7931202 7.5226534),POINT (79.79312 7.522653)
3684893169,1004,hamlet,0,Niyagama,POINT (80.2586849 6.0884156),POINT (80.258685 6.088416)
3684905832,1003,village,1000,Galoya,POINT (80.8652414 8.1358198),POINT (80.865241 8.13582)
3689548032,1002,town,15000,Kottawa,POINT (79.9655312 6.8430139),POINT (79.965531 6.843014)
3691002455,1003,village,1000,Wewila,POINT (80.1759102 6.8147696),POINT (80.17591 6.81477)
3691008346,1004,hamlet,0,Polgas Handiya,POINT (80.1461171 6.8057215),POINT (80.146117 6.805722)
3691087776,1003,village,1000,Arachchikattuwa,POINT (79.8369974 7.6645563),POINT (79.836997 7.664556)
3691118089,1003,village,1000,Anavilundawa,POINT (79.8285526 7.7032519),POINT (79.828553 7.703252)
3691118090,1002,town,1000,Andigama,POINT (79.9500659 7.7757174),POINT (79.950066 7.775717)
3692732879,1003,village,1000,Udappuwa,POINT (79.7904656 7.7466822),POINT (79.790466 7.746682)
3692975148,1003,village,1000,Erukkalampiddy,POINT (79.8304984 7.9608722),POINT (79.830498 7.960872)
3693072142,1003,village,1000,Palavi,POINT (79.8336436 7.9798336),POINT (79.833644 7.979834)
3693137818,1003,village,1000,Norochcholai,POINT (79.7357052 8.014741),POINT (79.735705 8.014741)
3696397746,1003,village,1000,Thillaiyadi,POINT (79.8384935 8.0051026),POINT (79.838494 8.005103)
3700823751,1004,hamlet,200,Panirendawa,POINT (79.9006746 7.4937202),POINT (79.900675 7.49372)
3705956003,1003,village,1000,Dolagawela,POINT (81.0790074 7.5728521),POINT (81.079007 7.572852)
3705956595,1003,village,1000,Wewagama,POINT (81.0280324 7.5572922),POINT (81.028032 7.557292)
3705956989,1003,village,1000,Kelegama,POINT (81.0531327 7.5559586),POINT (81.053133 7.555959)
3710427313,1004,hamlet,1000,Wathawana Interchange,POINT (80.3647291 6.035692),POINT (80.364729 6.035692)
3713423328,1003,village,3000,Imbulgasdeniya,POINT (80.3184516 7.3127629),POINT (80.318452 7.312763)
3714317080,1003,village,1000,Kelanimulla,POINT (79.9239572 6.9461297),POINT (79.923957 6.94613)
3718144554,1003,village,1000,Kotahera,POINT (80.2146149 6.9380045),POINT (80.214615 6.938004)
3719634226,1003,village,500,Moragolla,POINT (80.314995 7.3163019),POINT (80.314995 7.316302)
3722670526,1003,village,5000,Edurapotha,POINT (80.3268711 7.2656393),POINT (80.326871 7.265639)
3722684420,1002,town,10000,Polgahawela,POINT (80.3002463 7.3352583),POINT (80.300246 7.335258)
3724170469,1002,town,15000,Yakkala,POINT (80.0335639 7.0859203),POINT (80.033564 7.08592)
3724845058,1004,hamlet,500,Karandana,POINT (80.3160581 7.3201297),POINT (80.316058 7.32013)
3726588839,1003,village,1000,Pepiliyawala,POINT (80.1314824 7.0028444),POINT (80.131482 7.002844)
3726928892,1010,suburb,2000,Kolonna,POINT (80.6918168 6.4012382),POINT (80.691817 6.401238)
3730187511,1003,village,5000,Gonagama,POINT (80.3057417 7.6331165),POINT (80.305742 7.633116)
3730233602,1004,hamlet,500,Uyanwatta,POINT (80.5950064 7.3272373),POINT (80.595006 7.327237)
3731590343,1004,hamlet,150,Mithiwarana sanwathsara Niwasa,POINT (80.1022509 7.2710926),POINT (80.102251 7.271093)
3732332354,1003,village,2000,Akarawita,POINT (80.110262 6.947515),POINT (80.110262 6.947515)
3732897634,1003,village,5000,Palkumbura Village,POINT (80.5763262 7.3498116),POINT (80.576326 7.349812)
3735484879,1003,village,10000,Kengalla,POINT (80.7215064 7.2916622),POINT (80.721506 7.291662)
3738555775,1002,town,20000,Pilimatalawa,POINT (80.5521143 7.2656343),POINT (80.552114 7.265634)
3738887017,1003,village,5000,Aladeniya,POINT (80.5710654 7.3313688),POINT (80.571065 7.331369)
3740998276,1003,village,5000,Ambepussa,POINT (80.1724994 7.2535626),POINT (80.172499 7.253563)
3742323067,1010,suburb,0,Pamankada,POINT (79.8695718 6.8773565),POINT (79.869572 6.877356)
3744098927,1004,hamlet,0,Wigton Estate,POINT (80.5674178 6.9462812),POINT (80.567418 6.946281)
3748967480,1003,village,1000,Madampagama,POINT (80.0575977 6.2194381),POINT (80.057598 6.219438)
3750040171,1003,village,1000,Welivita,POINT (79.9612692 6.9386636),POINT (79.961269 6.938664)
3751126829,1003,village,500,Dalugolla,POINT (80.1644202 7.7786507),POINT (80.16442 7.778651)
3752955023,1004,hamlet,0,Walagawatta,POINT (80.5749567 6.1552881),POINT (80.574957 6.155288)
3754197181,1004,hamlet,0,Udahentenna,POINT (80.5187912 7.0960378),POINT (80.518791 7.096038)
3755278144,1003,village,0,Dodangaslanda,POINT (80.5294521 7.5729346),POINT (80.529452 7.572935)
3756785167,1003,village,1000,Kongahawela,POINT (80.7047842 7.6758106),POINT (80.704784 7.675811)
3758829265,1003,village,8000,Watadeniya,POINT (80.5518808 7.1931943),POINT (80.551881 7.193194)
3769275725,1003,village,1000,Kandakepulpotha,POINT (81.0204011 7.1931616),POINT (81.020401 7.193162)
3769289831,1002,town,5000,Meegahakivula,POINT (81.0477303 7.1369874),POINT (81.04773 7.136987)
3769303158,1003,village,1000,Thaldena,POINT (81.047568 7.0909632),POINT (81.047568 7.090963)
3769425492,1003,village,1000,Arawa,POINT (81.0842892 7.1623108),POINT (81.084289 7.162311)
3769455889,1004,hamlet,1000,Galgelanda,POINT (81.0434623 7.1046854),POINT (81.043462 7.104685)
3769511317,1004,hamlet,1000,Pussellawa,POINT (81.058357 7.0567413),POINT (81.058357 7.056741)
3769534132,1003,village,1000,Ambagahaoya,POINT (81.0589613 7.0325449),POINT (81.058961 7.032545)
3769909592,1003,village,5000,Mandaduwa,POINT (80.7691126 6.155132),POINT (80.769113 6.155132)
3769909593,1003,village,5000,Wettambuwawa,POINT (80.7670771 6.1653893),POINT (80.767077 6.165389)
3769921345,1003,village,5000,Kapugampota,POINT (80.7791011 6.1493442),POINT (80.779101 6.149344)
3769921346,1003,village,5000,Kumbukmulla,POINT (80.7976246 6.146881),POINT (80.797625 6.146881)
3769921347,1003,village,5000,Medatisamuna,POINT (80.7733717 6.1461386),POINT (80.773372 6.146139)
3769921348,1003,village,5000,Pothuwewa,POINT (80.7719523 6.128511),POINT (80.771952 6.128511)
3769921349,1003,village,5000,Weheragodella,POINT (80.7771484 6.1213704),POINT (80.777148 6.12137)
3769922289,1002,town,10000,Okkampitiya,POINT (81.3062991 6.7521594),POINT (81.306299 6.752159)
3769951721,1003,village,1000,Puwakgodamulla,POINT (81.0573558 7.0020085),POINT (81.057356 7.002008)
3769956857,1003,village,1000,Rideepana,POINT (81.055309 7.0129418),POINT (81.055309 7.012942)
3773684253,1004,hamlet,200,Mahakele,POINT (80.996595 7.2010444),POINT (80.996595 7.201044)
3773755242,1002,town,5000,Kandaketiya,POINT (81.0039992 7.1702324),POINT (81.003999 7.170232)
3774440283,1003,village,1000,Boliyadda,POINT (81.0519687 7.0695095),POINT (81.051969 7.06951)
3774493707,1003,village,1000,Ketawala,POINT (81.0117922 6.9950739),POINT (81.011792 6.995074)
3774505441,1003,village,1000,Narangala,POINT (80.9974279 7.0262771),POINT (80.997428 7.026277)
3774543377,1003,village,5000,Galauda,POINT (80.9853431 7.0419797),POINT (80.985343 7.04198)
3774570520,1003,village,1000,Kandegedara,POINT (81.0202803 7.0194179),POINT (81.02028 7.019418)
3774621462,1003,village,1000,Alugolla,POINT (81.0466865 7.0008288),POINT (81.046686 7.000829)
3775375661,1004,hamlet,200,Hanwella,POINT (81.074902 6.9831779),POINT (81.074902 6.983178)
3777193161,1003,village,1000,Pussellakanda,POINT (81.0383023 7.0423459),POINT (81.038302 7.042346)
3777710166,1003,village,1000,Karametiya,POINT (81.0253149 7.1946519),POINT (81.025315 7.194652)
3778594249,1004,hamlet,1000,Keenakele,POINT (81.0255465 7.0445274),POINT (81.025546 7.044527)
3782305848,1003,village,5000,Boragas,POINT (80.8415049 6.9077762),POINT (80.841505 6.907776)
3784747321,1010,suburb,15000,Kehelwatte,POINT (79.8591086 6.9337386),POINT (79.859109 6.933739)
3785542741,1003,village,3000,Akaragama,POINT (80.3481464 7.4696576),POINT (80.348146 7.469658)
3785546670,1003,village,5000,Pothuhera,POINT (80.3282461 7.4198002),POINT (80.328246 7.4198)
3785648568,1004,hamlet,500,Handugala,POINT (80.3324956 7.3931258),POINT (80.332496 7.393126)
3785669189,1003,village,750,Godawela,POINT (80.3029685 7.3419932),POINT (80.302968 7.341993)
3790064066,1003,village,8000,Pupuressa,POINT (80.6638184 7.1306838),POINT (80.663818 7.130684)
3790080121,1003,village,3000,Panwilathenna,POINT (80.6334325 7.1556269),POINT (80.633432 7.155627)
3792916051,1010,suburb,1000,Hindagoda,POINT (81.0690004 6.9849513),POINT (81.069 6.984951)
3793655642,1003,village,5000,Malkaduwawa,POINT (80.3442164 7.4770003),POINT (80.344216 7.477)
3793669181,1004,hamlet,200,Ganakete,POINT (80.3125257 7.4733502),POINT (80.312526 7.47335)
3793669719,1004,hamlet,200,Gepallewa,POINT (80.3134859 7.4699226),POINT (80.313486 7.469923)
3793670236,1004,hamlet,200,Ganededara,POINT (80.3357567 7.4422614),POINT (80.335757 7.442261)
3793671490,1004,hamlet,200,Olipeliyawa,POINT (80.3340891 7.4463088),POINT (80.334089 7.446309)
3793678421,1003,village,500,Nagollegedara,POINT (80.3315142 7.4549888),POINT (80.331514 7.454989)
3793679170,1003,village,1000,Rathgala,POINT (80.3314038 7.4597489),POINT (80.331404 7.459749)
3793679899,1003,village,500,Kumbalpola,POINT (80.3325849 7.4682703),POINT (80.332585 7.46827)
3793681057,1003,village,1000,Bamunawela,POINT (80.3211916 7.4725494),POINT (80.321192 7.472549)
3793681180,1004,hamlet,500,Kettamune,POINT (80.3272156 7.4782436),POINT (80.327216 7.478244)
3793681556,1004,hamlet,200,Kannehepola,POINT (80.3155373 7.476147),POINT (80.315537 7.476147)
3795699031,1003,village,2500,Wehera,POINT (80.3525596 7.4725706),POINT (80.35256 7.472571)
3795720831,1003,village,500,Wilbawa,POINT (80.3604993 7.4679841),POINT (80.360499 7.467984)
3795724813,1003,village,500,Weherebedda,POINT (80.367591 7.4652714),POINT (80.367591 7.465271)
3795724851,1003,village,1000,Doratiyawa,POINT (80.3732344 7.4598886),POINT (80.373234 7.459889)
3795726328,1003,village,1500,Henamulla,POINT (80.3655311 7.471686),POINT (80.365531 7.471686)
3801987741,1003,village,750,Kehelwala,POINT (80.3580644 6.9398469),POINT (80.358064 6.939847)
3801989849,1003,village,750,Udapola,POINT (80.3410301 6.9060821),POINT (80.34103 6.906082)
3801994871,1003,village,250,Ranahinkanda,POINT (80.3379411 6.9135838),POINT (80.337941 6.913584)
3803000351,1002,town,5000,Diyabeduma,POINT (80.8679864 7.9341627),POINT (80.867986 7.934163)
3803000546,1003,village,1000,Angamedilla,POINT (80.9316973 7.8649467),POINT (80.931697 7.864947)
3803777364,1003,village,5000,Metikumbura,POINT (80.3137271 7.37627),POINT (80.313727 7.37627)
3804899644,1003,village,8000,Marassana,POINT (80.7389875 7.2173097),POINT (80.738988 7.21731)
3805044168,1003,village,5000,Bowlana,POINT (80.7165576 7.2097684),POINT (80.716558 7.209768)
3811242934,1050,locality,0,Bird Park Corner,POINT (79.9145661 6.8787153),POINT (79.914566 6.878715)
3811250242,1050,locality,0,Kimbulawala Junction (WP),POINT (79.9282047 6.87671),POINT (79.928205 6.87671)
3820976519,1002,town,5000,Lindula,POINT (80.6870253 6.9271682),POINT (80.687025 6.927168)
3820992970,1002,town,5000,Agarapathana,POINT (80.7055499 6.8641284),POINT (80.70555 6.864128)
3820999732,1003,village,5000,Dayagama,POINT (80.7477659 6.8561234),POINT (80.747766 6.856123)
3821028975,1004,hamlet,200,Dayagama West,POINT (80.7585799 6.8547866),POINT (80.75858 6.854787)
3821201772,1003,village,2500,Pattipola,POINT (80.8305399 6.8573782),POINT (80.83054 6.857378)
3821213933,1003,village,1000,Ambewela,POINT (80.8138217 6.8786568),POINT (80.813822 6.878657)
3822584233,1003,village,3000,Meepilimana,POINT (80.778374 6.9315738),POINT (80.778374 6.931574)
3833707921,1003,village,5000,Uva Paranagama,POINT (80.8890985 6.9369226),POINT (80.889098 6.936923)
3844579985,1003,village,5000,Aththudawa,POINT (80.5382876 5.9951211),POINT (80.538288 5.995121)
3844579986,1003,village,5000,Bandaththara,POINT (80.5583273 5.9866538),POINT (80.558327 5.986654)
3844579987,1010,suburb,5000,Thotamuna,POINT (80.5355361 5.9441442),POINT (80.535536 5.944144)
3844579988,1003,village,5000,Thudawa,POINT (80.5469347 5.964755),POINT (80.546935 5.964755)
3844579989,1010,suburb,10000,Uyanwaththa,POINT (80.5470575 5.9507068),POINT (80.547058 5.950707)
3844579990,1003,village,5000,Weragampita,POINT (80.5540825 5.9602365),POINT (80.554082 5.960236)
3859921027,1003,village,250,Kandahena,POINT (80.2043232 7.2668469),POINT (80.204323 7.266847)
3866573399,1002,town,15000,Welimada,POINT (80.9098123 6.9058393),POINT (80.909812 6.905839)
3867320594,1003,village,1000,Gonapathirawa,POINT (80.4964521 8.1055974),POINT (80.496452 8.105597)
3867320595,1003,village,1000,Mahailuppallama,POINT (80.4719866 8.1151993),POINT (80.471987 8.115199)
3867347214,1003,village,500,Katiyawa Yaya 04,POINT (80.4342802 8.0986153),POINT (80.43428 8.098615)
3867347216,1003,village,500,Senapura (Kagama),POINT (80.4701578 8.0923318),POINT (80.470158 8.092332)
3872230600,1002,town,5000,Hanguranketha,POINT (80.7755269 7.1774712),POINT (80.775527 7.177471)
3872250403,1003,village,0,Naranthalawa,POINT (80.8429742 7.1321545),POINT (80.842974 7.132154)
3874861913,1003,village,0,Wangiyakumbura,POINT (80.8817928 6.8379847),POINT (80.881793 6.837985)
3874968209,1003,village,0,Godunna,POINT (80.9740654 7.0665674),POINT (80.974065 7.066567)
3876686311,1003,village,0,Munwattha,POINT (80.8120604 7.1152436),POINT (80.81206 7.115244)
3876693703,1003,village,0,Mandaramnuwara,POINT (80.7828471 7.0364761),POINT (80.782847 7.036476)
3876761497,1003,village,0,Mathurata,POINT (80.801522 7.079911),POINT (80.801522 7.079911)
3876763932,1004,hamlet,0,Alakolawewa,POINT (80.8204424 7.0781928),POINT (80.820442 7.078193)
3884913107,1004,hamlet,0,Bogoda,POINT (80.9965962 7.0087851),POINT (80.996596 7.008785)
3893894916,1050,locality,20,Gamini Hall,POINT (79.8618303 6.9270849),POINT (79.86183 6.927085)
3895395935,1050,locality,20,Uppudaluwa,POINT (79.7789173 7.979649),POINT (79.778917 7.979649)
3896057100,1004,hamlet,0,Ja Ela Interchange,POINT (79.8775291 7.0815578),POINT (79.877529 7.081558)
3902508949,1003,village,1000,Herathhalmillewa,POINT (80.7935806 8.7614496),POINT (80.793581 8.76145)
3902529876,1003,village,500,Buhutiyagala,POINT (80.8000282 8.8700944),POINT (80.800028 8.870094)
3902997176,1003,village,250,Kapugollewa,POINT (80.8425615 8.6639573),POINT (80.842562 8.663957)
3904138641,1003,village,1000,Ballapitiya East,POINT (80.0794465 6.6941427),POINT (80.079446 6.694143)
3904143157,1003,village,1000,Ballapitiya West,POINT (80.0691829 6.6946478),POINT (80.069183 6.694648)
3904150762,1003,village,0,Elawalla,POINT (80.078971 6.7006923),POINT (80.078971 6.700692)
3904155417,1003,village,2900,Narthanagala,POINT (80.075608 6.7114),POINT (80.075608 6.7114)
3904161182,1003,village,0,Dickhenagama,POINT (80.0833064 6.7178071),POINT (80.083306 6.717807)
3908859660,1003,village,0,Wewala East,POINT (80.062687 6.7029766),POINT (80.062687 6.702977)
3908859665,1003,village,0,Mahena,POINT (80.0522202 6.7068384),POINT (80.05222 6.706838)
3908866603,1003,village,0,Halthotiyawatta,POINT (80.0546151 6.7152793),POINT (80.054615 6.715279)
3908866820,1003,village,0,Thibbotugoda,POINT (80.0477915 6.7004733),POINT (80.047792 6.700473)
3908866821,1003,village,0,Wewala West,POINT (80.0591547 6.7108616),POINT (80.059155 6.710862)
3908867200,1003,village,0,Horana North,POINT (80.0603123 6.7197207),POINT (80.060312 6.719721)
3908867482,1003,village,0,Owitigala,POINT (80.0641517 6.7292993),POINT (80.064152 6.729299)
3908867539,1003,village,0,Kulupana,POINT (80.0381697 6.7230534),POINT (80.03817 6.723053)
3908867544,1003,village,0,Kanewala,POINT (80.0333764 6.7184475),POINT (80.033376 6.718448)
3908867653,1003,village,0,Munagama West,POINT (80.0751857 6.7209374),POINT (80.075186 6.720937)
3908867666,1003,village,0,Horana South,POINT (80.0663247 6.7136787),POINT (80.066325 6.713679)
3908867680,1003,village,0,Midellamulahena,POINT (80.0743112 6.7308463),POINT (80.074311 6.730846)
3908868528,1003,village,0,Galedandugoda,POINT (80.046584 6.721114),POINT (80.046584 6.721114)
3908868565,1003,village,0,Mahena South,POINT (80.0647082 6.6895787),POINT (80.064708 6.689579)
3908868570,1003,village,0,Weliketella,POINT (80.0713738 6.6818086),POINT (80.071374 6.681809)
3908869086,1003,village,0,Henegama,POINT (80.0261671 6.7218968),POINT (80.026167 6.721897)
3908869484,1003,village,0,Welikala,POINT (80.0390282 6.7089162),POINT (80.039028 6.708916)
3908869754,1003,village,1233,Kelesgamuwa,POINT (80.0310471 6.7042474),POINT (80.031047 6.704247)
3908869755,1003,village,0,Lenewara,POINT (80.0355902 6.6931675),POINT (80.03559 6.693168)
3908921497,1003,village,0,Kudagala,POINT (81.0887695 7.6799405),POINT (81.08877 7.67994)
3908921544,1003,village,0,Maldeniya,POINT (81.1526095 7.6601449),POINT (81.15261 7.660145)
3908921987,1003,village,0,Kekulawala,POINT (81.1452602 7.6686391),POINT (81.14526 7.668639)
3908953985,1003,village,0,Muwapetikewela,POINT (81.0983673 7.6918117),POINT (81.098367 7.691812)
3910053559,1003,village,5000,Nihiluwa,POINT (80.7032542 6.0729037),POINT (80.703254 6.072904)
3911073952,1003,village,500,Udattapola,POINT (80.5315078 7.58722),POINT (80.531508 7.58722)
3912765484,1003,village,5000,Labeema,POINT (80.495339 5.9598794),POINT (80.495339 5.959879)
3926280607,1003,village,250,Dorakumbura,POINT (81.3174177 7.33587),POINT (81.317418 7.33587)
3937820648,1003,village,1500,Hidellana,POINT (80.3849008 6.7156037),POINT (80.384901 6.715604)
3938776007,1002,town,6000,Dolosbage,POINT (80.4701015 7.0817281),POINT (80.470102 7.081728)
3939561108,1004,hamlet,500,Poovarasankulam,POINT (80.3690707 8.7494407),POINT (80.369071 8.749441)
3939592475,1004,hamlet,1625,Thalikkulam,POINT (80.3767571 8.7426742),POINT (80.376757 8.742674)
3939603957,1004,hamlet,118,Pulavanoor,POINT (80.3521893 8.7654781),POINT (80.352189 8.765478)
3939657895,1004,hamlet,297,Kanthankulam,POINT (80.3543982 8.755961),POINT (80.354398 8.755961)
3943201220,1003,village,8790,Koomankulam,POINT (80.462674 8.7478715),POINT (80.462674 8.747872)
3944985353,1003,village,500,Pilessa,POINT (80.4179446 7.4539631),POINT (80.417945 7.453963)
3949380729,1003,village,5000,Mawella,POINT (80.7423187 5.9963076),POINT (80.742319 5.996308)
3949380730,1004,hamlet,1000,Morakatiyara,POINT (80.7416366 5.989178),POINT (80.741637 5.989178)
3960760679,1003,village,5000,Palapota,POINT (80.7468911 6.0215445),POINT (80.746891 6.021544)
3960760680,1003,village,5000,Unakuruwa,POINT (80.7640616 6.0044211),POINT (80.764062 6.004421)
3960769274,1003,village,5000,Hikgaha Ara,POINT (80.6899821 5.9940269),POINT (80.689982 5.994027)
3960769275,1003,village,5000,Hindeliya,POINT (80.6933175 5.9998715),POINT (80.693318 5.999872)
3960769276,1003,village,5000,Ilukmulla,POINT (80.7568012 6.0333877),POINT (80.756801 6.033388)
3960769277,1003,village,5000,Kudaheela,POINT (80.7196307 6.0313095),POINT (80.719631 6.03131)
3960769278,1003,village,5000,Miriswatta,POINT (80.7189695 6.0157315),POINT (80.71897 6.015732)
3960769279,1003,village,5000,Nakulugamuwa,POINT (80.7127454 5.9961666),POINT (80.712745 5.996167)
3960769280,1003,village,5000,Suinamaluwa,POINT (80.7587319 6.0421848),POINT (80.758732 6.042185)
3960769282,1003,village,5000,Wawulgala,POINT (80.7049048 6.0051768),POINT (80.704905 6.005177)
3962995120,1003,village,250,Mawalgama,POINT (80.1289611 6.9176555),POINT (80.128961 6.917656)
3963102384,1003,village,150,Brandigampala,POINT (80.1216409 6.9100035),POINT (80.121641 6.910004)
3963395879,1003,village,1500,Meennana,POINT (80.2351773 6.8905482),POINT (80.235177 6.890548)
3963472847,1003,village,50,Bandarahena,POINT (80.2266263 6.866076),POINT (80.226626 6.866076)
3972567621,1003,village,500,Puskoladeniya,POINT (80.1340678 7.3455707),POINT (80.134068 7.345571)
3985408971,1003,village,2100,Kotigamgoda,POINT (80.0809974 6.8100209),POINT (80.080997 6.810021)
3985411099,1003,village,1500,Pahala Millawa South,POINT (80.0801777 6.793502),POINT (80.080178 6.793502)
3985411515,1003,village,2900,Ihala Millawa South,POINT (80.060513 6.7844909),POINT (80.060513 6.784491)
3985413595,1004,hamlet,250,Thalagala East,POINT (80.0431532 6.7864022),POINT (80.043153 6.786402)
3985414852,1004,hamlet,2950,Thalagala West,POINT (80.0256146 6.783298),POINT (80.025615 6.783298)
3985416949,1004,hamlet,200,Thalagala North,POINT (80.0377608 6.78977),POINT (80.037761 6.78977)
3985418417,1004,hamlet,1700,Olaboduwa North,POINT (80.0190896 6.7718712),POINT (80.01909 6.771871)
3985418440,1003,village,3500,Koralaima,POINT (80.0065163 6.7711443),POINT (80.006516 6.771144)
3985418445,1003,village,2600,Godigamuwa East,POINT (79.9993598 6.7564382),POINT (79.99936 6.756438)
3985419996,1003,village,2650,Halpitiya,POINT (79.9854179 6.7550998),POINT (79.985418 6.7551)
3985420299,1003,village,1900,Welmilla,POINT (79.971422 6.7485782),POINT (79.971422 6.748578)
3985424236,1003,village,1750,Godigamuwa West,POINT (79.9912534 6.7485351),POINT (79.991253 6.748535)
3985432135,1004,hamlet,0,Bedirekka,POINT (81.3849138 7.56733),POINT (81.384914 7.56733)
3985432526,1050,locality,0,Bedirekka Junction,POINT (81.3931925 7.5609428),POINT (81.393192 7.560943)
3985434423,1004,hamlet,3000,Palannoruwa,POINT (80.0086054 6.7619428),POINT (80.008605 6.761943)
3985434698,1004,hamlet,1800,Olaboduwa South,POINT (80.0245293 6.7638827),POINT (80.024529 6.763883)
3985434723,1004,hamlet,1500,Olaboduwa East,POINT (80.033674 6.7655576),POINT (80.033674 6.765558)
3985435681,1003,village,1000,Tempitiya,POINT (81.4288605 7.6004034),POINT (81.42886 7.600403)
3985436933,1004,hamlet,200,Thalagala South,POINT (80.0369049 6.7761708),POINT (80.036905 6.776171)
3986050201,1003,village,1600,Pannila,POINT (80.0463506 6.7658245),POINT (80.046351 6.765824)
3986052385,1003,village,2300,Kahatapitiya,POINT (80.0513041 6.7663859),POINT (80.051304 6.766386)
3986062357,1003,village,1800,Udwua North,POINT (80.0699004 6.7709766),POINT (80.0699 6.770977)
3986062425,1003,village,2100,Kidelpitiya,POINT (80.0885473 6.7812741),POINT (80.088547 6.781274)
3986062939,1003,village,500,Gorokgoda,POINT (80.0967703 6.7786278),POINT (80.09677 6.778628)
3986083967,1003,village,1550,Handupelpola,POINT (80.086551 6.764204),POINT (80.086551 6.764204)
3993567247,1010,suburb,15000,Narahenpita,POINT (79.8770084 6.8923993),POINT (79.877008 6.892399)
3995320451,1003,village,5000,Kohanawala,POINT (81.1319731 7.0433688),POINT (81.131973 7.043369)
3995333112,1002,town,10000,Madulsima,POINT (81.1656249 7.0328694),POINT (81.165625 7.032869)
3996602472,1004,hamlet,428,Muththumarinagar,POINT (80.5247788 8.9734899),POINT (80.524779 8.97349)
3997450126,1003,village,0,Matheena Puram,POINT (81.7191055 7.2307376),POINT (81.719106 7.230738)
3998723931,1003,village,15000,Irakkamam,POINT (81.7232928 7.2445717),POINT (81.723293 7.244572)
3998731264,1003,village,10000,Iluckuchenai,POINT (81.752203 7.2057283),POINT (81.752203 7.205728)
3998731265,1003,village,10000,Issanganichemai,POINT (81.7900004 7.210566),POINT (81.79 7.210566)
3998749811,1003,village,200,3rd Mile Post,POINT (81.8122535 7.2180098),POINT (81.812254 7.21801)
3998786667,1003,village,0,Varipathanchenai,POINT (81.7087392 7.2514868),POINT (81.708739 7.251487)
3998786708,1003,village,0,Manikkamadu,POINT (81.7259832 7.2601927),POINT (81.725983 7.260193)
3998791857,1003,village,0,Ashraff Nagar,POINT (81.8066817 7.2839268),POINT (81.806682 7.283927)
3998794673,1003,village,0,Addappalam,POINT (81.8473857 7.326949),POINT (81.847386 7.326949)
4000198834,1003,village,0,Mullaitheevu,POINT (81.8375386 7.2482364),POINT (81.837539 7.248236)
4000198835,1003,village,0,Aalamkulam,POINT (81.7830362 7.2335327),POINT (81.783036 7.233533)
4000258398,1003,village,0,Vangamam,POINT (81.7240431 7.2135165),POINT (81.724043 7.213516)
4001242442,1004,hamlet,0,Makkamadi,POINT (81.8306617 7.2239067),POINT (81.830662 7.223907)
4001242443,1004,hamlet,0,Palli Kudiyiruppu,POINT (81.8219749 7.2272039),POINT (81.821975 7.227204)
4001242444,1004,hamlet,100,Arasaiyadi,POINT (81.8397971 7.2220326),POINT (81.839797 7.222033)
4001313816,1004,hamlet,0,Sinnamuhathuvaram,POINT (81.8607644 7.1887076),POINT (81.860764 7.188708)
4001313817,1003,village,0,Thambiluvil,POINT (81.8485319 7.1316051),POINT (81.848532 7.131605)
4001313818,1050,locality,0,Periyamuhathuvaram,POINT (81.859789 7.1523599),POINT (81.859789 7.15236)
4001313819,1004,hamlet,0,Thambattai,POINT (81.8602926 7.1697465),POINT (81.860293 7.169746)
4013536855,1003,village,0,Kambakkoddai,POINT (80.9997402 8.6400145),POINT (80.99974 8.640014)
4013536856,1003,village,10000,Pankulam,POINT (81.0319445 8.6241025),POINT (81.031944 8.624102)
4018872467,1050,locality,0,Kudawa,POINT (79.7252477 8.2246881),POINT (79.725248 8.224688)
4020226658,1003,village,0,Ampalatharu Village,POINT (81.7223638 7.1587256),POINT (81.722364 7.158726)
4025285972,1003,village,100,Chunnavil,POINT (80.1722797 9.3788504),POINT (80.17228 9.37885)
4025288153,1003,village,50,Navaladi,POINT (80.1640175 9.4118555),POINT (80.164018 9.411856)
4031201777,1003,village,1000,Moragollagama,POINT (80.4214302 7.9052025),POINT (80.42143 7.905202)
4034237667,1030,farm,0,"Animal Farm, University of Peradeniya",POINT (80.6085685 7.2526046),POINT (80.608568 7.252605)
4034981075,1004,hamlet,0,Echchamunai,POINT (79.8132668 9.6263991),POINT (79.813267 9.626399)
4037740152,1003,village,0,Nampamunuwa,POINT (79.9470108 6.8128544),POINT (79.947011 6.812854)
4037740153,1003,village,0,Gorakapitiya,POINT (79.9487382 6.8155443),POINT (79.948738 6.815544)
4037740155,1003,village,0,Siddamulla,POINT (79.9578478 6.8154718),POINT (79.957848 6.815472)
4038103949,1003,village,0,Deepangoda,POINT (79.9827139 6.8137198),POINT (79.982714 6.81372)
4039495731,1003,village,1000,Panwila,POINT (80.7148873 7.3616772),POINT (80.714887 7.361677)
4039495742,1003,village,1000,Wavinna,POINT (80.6931583 7.3389276),POINT (80.693158 7.338928)
4039501513,1003,village,6000,Walala,POINT (80.6917217 7.3203518),POINT (80.691722 7.320352)
4039761952,1002,town,15000,Madawala,POINT (80.6735077 7.3285799),POINT (80.673508 7.32858)
4039893211,1003,village,8000,Mawilmada,POINT (80.6296931 7.3181213),POINT (80.629693 7.318121)
4045366555,1003,village,0,Depedene,POINT (80.5586417 6.458866),POINT (80.558642 6.458866)
4045366585,1003,village,0,Dodammuluwa,POINT (80.4846889 6.4298271),POINT (80.484689 6.429827)
4045393308,1003,village,0,Weddagala,POINT (80.4310693 6.4633524),POINT (80.431069 6.463352)
4045509932,1003,village,0,Galketiya,POINT (80.3701426 6.5379179),POINT (80.370143 6.537918)
4045509949,1003,village,0,Meepagama,POINT (80.3653454 6.5426232),POINT (80.365345 6.542623)
4045510499,1003,village,0,Batamandiya,POINT (80.3649316 6.5547938),POINT (80.364932 6.554794)
4048160585,1004,hamlet,0,Kaluthaippiddy,POINT (79.8097281 9.6185761),POINT (79.809728 9.618576)
4048165025,1004,hamlet,0,Periya Irruppiddy,POINT (79.8189549 9.6142391),POINT (79.818955 9.614239)
4052207330,1003,village,250,Heeressagala,POINT (80.617874 7.2589524),POINT (80.617874 7.258952)
4053938923,1003,village,10000,Panagoda,POINT (80.0233084 6.8650172),POINT (80.023308 6.865017)
4053991343,1004,hamlet,500,Meegasmulla,POINT (80.0305899 6.8796075),POINT (80.03059 6.879608)
4058529103,1003,village,0,Bomiriya,POINT (80.007264 6.9317092),POINT (80.007264 6.931709)
4059413683,1004,hamlet,0,Waththakade Junction,POINT (80.0472398 6.7722165),POINT (80.04724 6.772216)
4060096356,1003,village,0,Alles Garden,POINT (81.2154023 8.6123845),POINT (81.215402 8.612384)
4060991782,1010,suburb,0,Arangala Junction,POINT (79.9646202 6.8908252),POINT (79.96462 6.890825)
4066406153,1003,village,1000,Suduwella,POINT (80.6391361 5.9468546),POINT (80.639136 5.946855)
4074751659,1003,village,500,Miwitigammana,POINT (80.1461685 7.0853347),POINT (80.146168 7.085335)
4075040606,1003,village,10000,Waharaka,POINT (80.198319 7.0763914),POINT (80.198319 7.076391)
4075115740,1002,town,1000,Aranayake,POINT (80.4571784 7.1775864),POINT (80.457178 7.177586)
4075115744,1004,hamlet,50,Wilpola Junction,POINT (80.4582629 7.1752698),POINT (80.458263 7.17527)
4078029973,1003,village,0,Makuluduwa,POINT (79.9349491 6.8153272),POINT (79.934949 6.815327)
4084551329,1003,village,0,Vivekanthanagar Centre,POINT (80.4026433 9.3577982),POINT (80.402643 9.357798)
4094595561,1003,village,0,Jalthara,POINT (80.0432921 6.8981287),POINT (80.043292 6.898129)
4094618732,1003,village,0,Mullegama,POINT (80.0138629 6.88426),POINT (80.013863 6.88426)
4095055389,1004,hamlet,0,Welipillewa,POINT (80.0341533 6.8830063),POINT (80.034153 6.883006)
4095075235,1003,village,0,Dedigamuwa,POINT (80.0284913 6.8913795),POINT (80.028491 6.89138)
4096463723,1003,village,1500,Gannoruwa,POINT (80.5925298 7.2824482),POINT (80.59253 7.282448)
4096467818,1003,village,1500,Muruthalawa,POINT (80.5707941 7.2952391),POINT (80.570794 7.295239)
4101024416,1004,hamlet,0,Vilegoda,POINT (80.2646975 6.8585338),POINT (80.264698 6.858534)
4105386876,1003,village,0,Lenagala,POINT (80.0385388 6.8793744),POINT (80.038539 6.879374)
4105386877,1004,hamlet,0,Nawalamulla,POINT (80.0472774 6.8739987),POINT (80.047277 6.873999)
4105387382,1030,farm,0,Chicken Farm,POINT (80.0507607 6.862436),POINT (80.050761 6.862436)
4141262199,1004,hamlet,0,Thambili Uyana,POINT (80.0306338 6.8667965),POINT (80.030634 6.866796)
4141262200,1004,hamlet,0,Ranaviru Gammanaya,POINT (80.0371388 6.8655243),POINT (80.037139 6.865524)
4191048464,1003,village,0,Periyakoomarasankulam,POINT (80.515425 8.6905059),POINT (80.515425 8.690506)
4191051937,1003,village,0,Katkulam,POINT (80.5396829 8.6808281),POINT (80.539683 8.680828)
4191063436,1003,village,0,Vepankulam,POINT (80.5106131 8.6957875),POINT (80.510613 8.695788)
4191067383,1003,village,0,Kalveerankulam,POINT (80.5129949 8.6912589),POINT (80.512995 8.691259)
4191069030,1003,village,0,Periyakoomanarasankulam Housing Scheme,POINT (80.5191098 8.6900896),POINT (80.51911 8.69009)
4191074793,1003,village,0,Ellaparmaruthankulam Housing Scheme,POINT (80.5194054 8.715317),POINT (80.519405 8.715317)
4191076788,1003,village,0,Samalankulam,POINT (80.512989 8.7182999),POINT (80.512989 8.7183)
4191077918,1003,village,0,Ellaparmaruthankulam,POINT (80.5162082 8.7194847),POINT (80.516208 8.719485)
4191078047,1003,village,0,Muruganoor,POINT (80.5125282 8.7040013),POINT (80.512528 8.704001)
4191079667,1003,village,0,Kovilputhuthukkulam,POINT (80.5109457 8.7455558),POINT (80.510946 8.745556)
4191079930,1003,village,0,Kovilkulam,POINT (80.5079202 8.7432971),POINT (80.50792 8.743297)
4191080838,1003,village,0,Velikkulam,POINT (80.5164226 8.7485037),POINT (80.516423 8.748504)
4191081733,1003,village,0,Thetillupaikkulam,POINT (80.5194174 8.7413924),POINT (80.519417 8.741392)
4191081879,1003,village,0,Sinnaputhukkulam,POINT (80.5122278 8.7495694),POINT (80.512228 8.749569)
4191082827,1003,village,0,Rambaikulam,POINT (80.5035479 8.7506934),POINT (80.503548 8.750693)
4191085467,1003,village,0,Sahayamathapuram,POINT (80.5023036 8.7504071),POINT (80.502304 8.750407)
4191093944,1003,village,0,Palamoddai,POINT (80.4313855 8.9063031),POINT (80.431386 8.906303)
4191094405,1003,village,0,Arasankulam,POINT (80.5075441 8.8733587),POINT (80.507544 8.873359)
4191096311,1003,village,0,Panrikeithakulam,POINT (80.51283 8.9196252),POINT (80.51283 8.919625)
4191116420,1003,village,0,Kanthapuram Housing Scheme,POINT (80.4720108 8.7332867),POINT (80.472011 8.733287)
4191116527,1003,village,0,Thavasikulam,POINT (80.4794727 8.7352962),POINT (80.479473 8.735296)
4191120704,1003,village,0,Suntharapuram Housing Scheme,POINT (80.4404197 8.8052786),POINT (80.44042 8.805279)
4191122703,1003,village,0,Sutharapuram,POINT (80.4483698 8.8050029),POINT (80.44837 8.805003)
4191123879,1003,village,0,Saasthirikoolankulam,POINT (80.4597657 8.810823),POINT (80.459766 8.810823)
4191123885,1003,village,0,Kaddaiyarkulam,POINT (80.44976 8.8241954),POINT (80.44976 8.824195)
4191127236,1003,village,0,Thevarkulam,POINT (80.4618345 8.8145555),POINT (80.461834 8.814556)
4191136092,1003,village,0,Manipuram,POINT (80.4331455 8.7996805),POINT (80.433146 8.79968)
4191136261,1003,village,0,Manipuram Housing Scheme,POINT (80.4419153 8.7971221),POINT (80.441915 8.797122)
4194535123,1050,locality,0,Galaha Junction,POINT (80.5962606 7.2660916),POINT (80.596261 7.266092)
4196243911,1003,village,0,Periyarkulam,POINT (80.4995299 8.7768921),POINT (80.49953 8.776892)
4200356456,1003,village,500,Heegoda,POINT (80.6378905 6.2836457),POINT (80.63789 6.283646)
4201621790,1003,village,0,Kanthasamy Nagar,POINT (80.3397389 8.6995733),POINT (80.339739 8.699573)
4201622292,1003,village,0,Thaddankulam,POINT (80.3426791 8.7088635),POINT (80.342679 8.708864)
4201623689,1003,village,0,Sanmugapuram,POINT (80.3382589 8.6940584),POINT (80.338259 8.694058)
4210851137,1003,village,0,Maravankulam,POINT (80.4042902 8.8299965),POINT (80.40429 8.829996)
4210851329,1003,village,0,Easwaripuram,POINT (80.4016079 8.8323448),POINT (80.401608 8.832345)
4211914562,1003,village,0,Veemakallu,POINT (80.5447363 8.8017461),POINT (80.544736 8.801746)
4234077037,1003,village,5000,Indola,POINT (80.6198828 6.2625915),POINT (80.619883 6.262592)
4234078501,1003,village,5000,Vilayaya,POINT (80.617351 6.2792938),POINT (80.617351 6.279294)
4234087541,1003,village,5000,Dabogala,POINT (80.595796 6.2562685),POINT (80.595796 6.256268)
4237318929,1002,town,1000,Muhammadiya Puram,POINT (81.827978 7.2243736),POINT (81.827978 7.224374)
4237322481,1002,town,15000,Godakawela,POINT (80.6510274 6.5046066),POINT (80.651027 6.504607)
4254145895,1003,village,0,Nilaveli,POINT (81.1916079 8.6815446),POINT (81.191608 8.681545)
4255699736,1003,village,0,Linganagar,POINT (81.215877 8.5832701),POINT (81.215877 8.58327)
4259505700,1004,hamlet,0,Homagama East,POINT (80.0071787 6.848334),POINT (80.007179 6.848334)
4265822592,1003,village,0,Thuwaragala,POINT (81.0716883 7.6860094),POINT (81.071688 7.686009)
4265843622,1003,village,0,Dolakanda,POINT (81.0502663 7.7004977),POINT (81.050266 7.700498)
4265925979,1004,hamlet,0,Lathpadura,POINT (81.0513687 7.6220734),POINT (81.051369 7.622073)
4265925980,1003,village,0,Mawanagama,POINT (81.0678273 7.6172238),POINT (81.067827 7.617224)
4265937179,1004,hamlet,0,Bambarawana,POINT (81.0658518 7.6090603),POINT (81.065852 7.60906)
4265967020,1003,village,0,Divulapelessa,POINT (80.9982417 7.586385),POINT (80.998242 7.586385)
4266002525,1003,village,0,Hulan Badanagala,POINT (81.1003792 7.6660491),POINT (81.100379 7.666049)
4273773464,1004,hamlet,0,Rotalawela,POINT (80.9870428 7.5854939),POINT (80.987043 7.585494)
4273776321,1003,village,0,Ginnoruwa,POINT (80.9849518 7.5027216),POINT (80.984952 7.502722)
4333433468,1003,village,0,Bolanda,POINT (79.9222378 7.1143078),POINT (79.922238 7.114308)
4333435807,1003,village,0,Croose Watta,POINT (79.8992269 7.1144098),POINT (79.899227 7.11441)
4333567428,1003,village,0,Bulathgamgoda,POINT (80.0323382 7.1083302),POINT (80.032338 7.10833)
4333567429,1003,village,0,Egodawatta,POINT (80.0323488 7.1011484),POINT (80.032349 7.101148)
4333567430,1003,village,0,Hiruwalamulla,POINT (80.0404996 7.1136882),POINT (80.0405 7.113688)
4333567431,1003,village,0,Medawathugoda,POINT (80.0338702 7.1045663),POINT (80.03387 7.104566)
4333569455,1004,hamlet,0,Panasgoda,POINT (80.0289335 7.1080104),POINT (80.028934 7.10801)
4333570568,1003,village,0,Aluthgam Goda,POINT (80.0301554 7.1033269),POINT (80.030155 7.103327)
4338856277,1050,locality,0,Kandegamuwa,POINT (80.0264537 8.4239046),POINT (80.026454 8.423905)
4371498141,1030,farm,0,Frogmore Estate,POINT (80.5540321 6.7881488),POINT (80.554032 6.788149)
4371585281,1003,village,0,Gartmore Estate,POINT (80.5519072 6.7978661),POINT (80.551907 6.797866)
4371591314,1030,farm,0,Mooray Estate,POINT (80.5491413 6.8105156),POINT (80.549141 6.810516)
4375640155,1003,village,0,Liyanagemulla,POINT (79.8745398 7.1410276),POINT (79.87454 7.141028)
4377182963,1003,village,2500,Kottambapitiya,POINT (80.1010161 7.605893),POINT (80.101016 7.605893)
4377182964,1004,hamlet,500,Kottambapitiya Janapadaya,POINT (80.0961886 7.6034124),POINT (80.096189 7.603412)
4396331568,1004,hamlet,250,Deeyawala Junction,POINT (80.1125767 7.4285015),POINT (80.112577 7.428502)
4402350566,1003,village,1500,Dedugala,POINT (80.4010133 7.0979913),POINT (80.401013 7.097991)
4402350584,1002,town,5000,Bulathkohupitiya,POINT (80.335745 7.1049513),POINT (80.335745 7.104951)
4402360393,1003,village,1500,Alawathura,POINT (80.3279526 7.1321303),POINT (80.327953 7.13213)
4402367910,1003,village,2000,Morontota,POINT (80.3623256 7.174602),POINT (80.362326 7.174602)
4404153021,1003,village,2500,Wethalaawa,POINT (80.8216275 7.3046942),POINT (80.821628 7.304694)
4406211506,1002,town,0,Thambuttegama,POINT (80.300096 8.1612966),POINT (80.300096 8.161297)
4406851218,1002,town,1500,Galnewa,POINT (80.4802068 8.0354832),POINT (80.480207 8.035483)
4406862722,1002,town,1500,Bulnewa,POINT (80.4449147 8.0443453),POINT (80.444915 8.044345)
4408153065,1003,village,2000,Morayaya,POINT (80.9809302 7.3065389),POINT (80.98093 7.306539)
4411819191,1003,village,0,Aanaivilunthan,POINT (80.3183333 8.5869667),POINT (80.318333 8.586967)
4411820985,1003,village,0,Maccanagar,POINT (80.3266364 8.6007688),POINT (80.326636 8.600769)
4411826428,1003,village,0,Sinnasippikulam,POINT (80.3289507 8.6084964),POINT (80.328951 8.608496)
4414004287,1003,village,0,Rambadagalla,POINT (80.5037277 7.5189341),POINT (80.503728 7.518934)
4416021127,1004,hamlet,250,Ethkandura Junction,POINT (80.1555979 6.2360232),POINT (80.155598 6.236023)
4420660398,1003,village,0,Ambakamam,POINT (80.4884612 9.2128191),POINT (80.488461 9.212819)
4426278278,1003,village,600,Thennelanda,POINT (80.8025612 7.2350376),POINT (80.802561 7.235038)
4426278279,1003,village,500,Maha Doraliyadda,POINT (80.8066382 7.265051),POINT (80.806638 7.265051)
4426278280,1003,village,1000,Wendaruwa,POINT (80.8194215 7.2628222),POINT (80.819422 7.262822)
4426278281,1003,village,500,Dunuwila,POINT (80.8138823 7.2699945),POINT (80.813882 7.269994)
4426278282,1003,village,300,Ambale,POINT (80.8137106 7.2718463),POINT (80.813711 7.271846)
4426278283,1003,village,200,Wathuliyadda,POINT (80.8128523 7.2728786),POINT (80.812852 7.272879)
4426278284,1003,village,300,Haliyadda,POINT (80.8112322 7.2746187),POINT (80.811232 7.274619)
4426278285,1003,village,200,Udathenna,POINT (80.8128308 7.282808),POINT (80.812831 7.282808)
4426278286,1003,village,100,Woodside,POINT (80.834369 7.2619114),POINT (80.834369 7.261911)
4426278721,1003,village,300,Rajagala,POINT (80.8279639 7.280041),POINT (80.827964 7.280041)
4426278775,1003,village,300,Meeriyagolla,POINT (80.8353292 7.2789395),POINT (80.835329 7.27894)
4426278830,1003,village,1000,Bambarabedda,POINT (80.8484559 7.2495762),POINT (80.848456 7.249576)
4426278831,1003,village,250,Dewinnegama,POINT (80.8503442 7.2593092),POINT (80.850344 7.259309)
4426278832,1003,village,200,Wataketiya,POINT (80.8470826 7.2675201),POINT (80.847083 7.26752)
4426278833,1003,village,250,Kandewatta,POINT (80.8500653 7.2829836),POINT (80.850065 7.282984)
4426278834,1003,village,500,Nugethenna,POINT (80.8559769 7.2854526),POINT (80.855977 7.285453)
4426278836,1003,village,500,Keulgama,POINT (80.8618026 7.2644124),POINT (80.861803 7.264412)
4428950085,1003,village,500,Wilamuna,POINT (80.7677203 7.3052835),POINT (80.76772 7.305284)
4428950086,1003,village,250,Udawela,POINT (80.7724839 7.3013779),POINT (80.772484 7.301378)
4428950087,1003,village,300,Rambukwella,POINT (80.7778162 7.2928537),POINT (80.777816 7.292854)
4428950597,1003,village,300,Retiyagama,POINT (80.8084121 7.3101467),POINT (80.808412 7.310147)
4428950599,1003,village,200,Meeappaha,POINT (80.8002689 7.3084866),POINT (80.800269 7.308487)
4428950600,1003,village,200,Thennekade,POINT (80.7994482 7.310466),POINT (80.799448 7.310466)
4428950601,1003,village,300,Iskole Muduna,POINT (80.7948455 7.3130253),POINT (80.794846 7.313025)
4428950602,1003,village,250,Dehigashinna,POINT (80.7934454 7.317069),POINT (80.793445 7.317069)
4428950603,1003,village,150,Gabbela,POINT (80.7876411 7.3144033),POINT (80.787641 7.314403)
4428950605,1003,village,1000,Udispattuwa,POINT (80.784683 7.3135019),POINT (80.784683 7.313502)
4428950606,1003,village,1000,Elagolla,POINT (80.7811019 7.3538338),POINT (80.781102 7.353834)
4428950613,1003,village,1500,Giddawa Waradiwela,POINT (80.7549718 7.3484283),POINT (80.754972 7.348428)
4428987891,1003,village,1500,Putuhapuwa,POINT (80.755983 7.3355116),POINT (80.755983 7.335512)
4428987892,1003,village,1500,Narampanawa,POINT (80.7324546 7.3438861),POINT (80.732455 7.343886)
4428987895,1003,village,1500,Deliwalathenna,POINT (80.7206261 7.3227263),POINT (80.720626 7.322726)
4430210242,1002,town,0,Kothmale,POINT (80.6838513 7.0651164),POINT (80.683851 7.065116)
4430243990,1003,village,1500,Makuldeniya,POINT (80.773737 7.3370206),POINT (80.773737 7.337021)
4430244337,1003,village,1000,Madaliyadda,POINT (80.756275 7.3175349),POINT (80.756275 7.317535)
4430244340,1003,village,2000,Orutota,POINT (80.7441676 7.3275686),POINT (80.744168 7.327569)
4430244342,1003,village,1000,Kumbaloluwa,POINT (80.7521552 7.3221841),POINT (80.752155 7.322184)
4430244343,1003,village,1500,Elamalpotha,POINT (80.7357133 7.3168634),POINT (80.735713 7.316863)
4430272305,1003,village,2500,Kolongahawatte,POINT (80.7270068 7.2946009),POINT (80.727007 7.294601)
4430272306,1003,village,5000,Rajawella,POINT (80.7308585 7.2968144),POINT (80.730858 7.296814)
4430347569,1010,suburb,1500,Pachchakaatuwa,POINT (80.7043046 7.2850017),POINT (80.704305 7.285002)
4430347571,1010,suburb,800,Ranawiru Uyana,POINT (80.7052273 7.2838949),POINT (80.705227 7.283895)
4430347572,1010,suburb,1000,Trinity Gardens,POINT (80.699305 7.2815429),POINT (80.699305 7.281543)
4430347573,1003,village,1000,Dharshanapura,POINT (80.6942624 7.2820963),POINT (80.694262 7.282096)
4430347587,1003,village,1500,Aswalapitiya,POINT (80.7249797 7.2898054),POINT (80.72498 7.289805)
4430347588,1003,village,1500,Angantenne,POINT (80.7279032 7.2870384),POINT (80.727903 7.287038)
4430347689,1003,village,2000,Summer Field,POINT (80.7179201 7.2871023),POINT (80.71792 7.287102)
4430385501,1003,village,0,Pallegama,POINT (80.5500603 7.0831675),POINT (80.55006 7.083168)
4430529301,1003,village,1500,Mahawaththa,POINT (80.6789799 7.2934549),POINT (80.67898 7.293455)
4430529302,1010,suburb,2500,Nattarampota,POINT (80.6752889 7.2800104),POINT (80.675289 7.28001)
4430529303,1010,suburb,15000,Sirimalwatta,POINT (80.6588473 7.3031225),POINT (80.658847 7.303122)
4430529304,1003,village,15000,Polgolla,POINT (80.6467279 7.3279501),POINT (80.646728 7.32795)
4430529305,1003,village,15000,Nugadeniya,POINT (80.6777729 7.3119977),POINT (80.677773 7.311998)
4430529306,1003,village,2000,Hurikaduwa,POINT (80.6965913 7.3141473),POINT (80.696591 7.314147)
4430529307,1003,village,2000,Hurikaduwa,POINT (80.7060756 7.3142112),POINT (80.706076 7.314211)
4430529308,1010,suburb,5000,Watapuluwa,POINT (80.6414666 7.318936),POINT (80.641467 7.318936)
4430581983,1010,suburb,5000,Aruppola,POINT (80.6462361 7.3097464),POINT (80.646236 7.309746)
4430581984,1003,village,5000,Lewella,POINT (80.6572874 7.2977205),POINT (80.657287 7.29772)
4430581985,1010,suburb,3000,Talwatta,POINT (80.6550431 7.291096),POINT (80.655043 7.291096)
4430836977,1003,village,5000,Angunawala,POINT (80.5920557 7.2381313),POINT (80.592056 7.238131)
4430836978,1003,village,4000,Muruthagahamula,POINT (80.5869671 7.2062772),POINT (80.586967 7.206277)
4430836979,1003,village,1500,Kotakedeniya,POINT (80.5891451 7.2021473),POINT (80.589145 7.202147)
4430836982,1003,village,5000,Daskara,POINT (80.5777296 7.2088956),POINT (80.57773 7.208896)
4430836983,1003,village,2000,Siyambalagoda,POINT (80.5665716 7.2144731),POINT (80.566572 7.214473)
4430836984,1003,village,5000,Wegiriya,POINT (80.5744627 7.1916414),POINT (80.574463 7.191641)
4430836985,1003,village,1500,Ambanwala,POINT (80.5476835 7.2143134),POINT (80.547684 7.214313)
4430836986,1003,village,2000,Bambaragaha-Ela,POINT (80.5339077 7.2129723),POINT (80.533908 7.212972)
4430836987,1003,village,1500,Paranapattiya,POINT (80.5356672 7.2201037),POINT (80.535667 7.220104)
4430836988,1003,village,1500,Walagedara,POINT (80.5337789 7.227682),POINT (80.533779 7.227682)
4430840989,1003,village,2500,Wattappola,POINT (80.5415466 7.2337701),POINT (80.541547 7.23377)
4430840990,1003,village,3000,Amgasthenna,POINT (80.5334571 7.2407521),POINT (80.533457 7.240752)
4430840991,1004,hamlet,200,Illukwatte,POINT (80.5424746 7.2614315),POINT (80.542475 7.261432)
4430840992,1003,village,5000,Henawala,POINT (80.5315044 7.2618466),POINT (80.531504 7.261847)
4430840993,1003,village,1500,Kovilakanda,POINT (80.5247023 7.2257661),POINT (80.524702 7.225766)
4430840994,1003,village,2000,Walahagoda,POINT (80.5696776 7.1609098),POINT (80.569678 7.16091)
4432591281,1004,hamlet,250,WeediyawathaJunction,POINT (79.9764203 7.1390538),POINT (79.97642 7.139054)
4432597457,1004,hamlet,150,Koswatha Junction,POINT (79.9827534 7.1446822),POINT (79.982753 7.144682)
4432611209,1004,hamlet,75,Ahalagahahena Junction,POINT (79.9937467 7.1507163),POINT (79.993747 7.150716)
4432631533,1003,village,0,Thiththavelmankada,POINT (80.1486068 7.1828968),POINT (80.148607 7.182897)
4432642401,1004,hamlet,0,Malkale Junction,POINT (80.0733405 7.0232606),POINT (80.07334 7.023261)
4432648475,1003,village,3000,Abasingammedda,POINT (80.6737284 7.321891),POINT (80.673728 7.321891)
4432648476,1003,village,5000,Udathalawinna,POINT (80.6522921 7.3403002),POINT (80.652292 7.3403)
4432648477,1003,village,5000,Uda Gunnepana,POINT (80.6582788 7.3245514),POINT (80.658279 7.324551)
4432648478,1003,village,3000,Pallethalawinna,POINT (80.6421426 7.3394063),POINT (80.642143 7.339406)
4432648479,1003,village,5000,Nawayalatenna,POINT (80.6311689 7.3345667),POINT (80.631169 7.334567)
4432648480,1003,village,5000,Thunkandura,POINT (80.6498674 7.3534309),POINT (80.649867 7.353431)
4432648481,1003,village,3000,Moragasotuwa,POINT (80.6288389 7.348068),POINT (80.628839 7.348068)
4432648482,1003,village,5000,Jambugahapitiya,POINT (80.6388596 7.360177),POINT (80.63886 7.360177)
4432648483,1003,village,2500,Mahakumbura Pahala,POINT (80.6441167 7.3614325),POINT (80.644117 7.361432)
4432648484,1003,village,2500,Doragamuwa,POINT (80.6585148 7.3657099),POINT (80.658515 7.36571)
4432698023,1003,village,2500,Dunuwila,POINT (80.6479147 7.3777546),POINT (80.647915 7.377755)
4432698024,1003,village,3000,Yatawara,POINT (80.6698874 7.3728602),POINT (80.669887 7.37286)
4432698025,1003,village,3000,Pangollamada,POINT (80.6352118 7.3895436),POINT (80.635212 7.389544)
4432698026,1003,village,5000,Malwanahinna,POINT (80.6161359 7.3810956),POINT (80.616136 7.381096)
4432698027,1003,village,3000,Bamunupola,POINT (80.6050209 7.366093),POINT (80.605021 7.366093)
4432698028,1003,village,3000,Batagalla,POINT (80.593026 7.3665399),POINT (80.593026 7.36654)
4432698029,1003,village,2000,Arambagama,POINT (80.5653027 7.350941),POINT (80.565303 7.350941)
4432698030,1002,town,8000,Hedeniya,POINT (80.5578998 7.3392999),POINT (80.5579 7.3393)
4432698031,1003,village,3000,Malagammana,POINT (80.581117 7.3241683),POINT (80.581117 7.324168)
4432698032,1003,village,3000,Doolwala,POINT (80.5967812 7.3091212),POINT (80.596781 7.309121)
4432698033,1004,hamlet,2500,Batuambe,POINT (80.5923608 7.3327451),POINT (80.592361 7.332745)
4432698034,1003,village,2500,Embulpura,POINT (80.595735 7.3335868),POINT (80.595735 7.333587)
4432698035,1003,village,5000,Rajapihilla,POINT (80.5934981 7.3410876),POINT (80.593498 7.341088)
4432698036,1003,village,3000,Bokalawela,POINT (80.6071534 7.3436559),POINT (80.607153 7.343656)
4432698037,1003,village,5000,Wathuwala,POINT (80.6037354 7.3254823),POINT (80.603735 7.325482)
4432698038,1004,hamlet,200,Inigala,POINT (80.6071579 7.3256632),POINT (80.607158 7.325663)
4433823403,1003,village,500,Naranwala,POINT (80.0228348 7.0072894),POINT (80.022835 7.007289)
4433835801,1004,hamlet,0,Paththunupitiya,POINT (80.542965 7.0783546),POINT (80.542965 7.078355)
4435549283,1003,village,0,Rogersangama,POINT (80.6319912 7.0414893),POINT (80.631991 7.041489)
4437179773,1003,village,5000,Goviyapana,POINT (80.378056 5.9663413),POINT (80.378056 5.966341)
4437311321,1003,village,0,Warakawa,POINT (80.5406208 7.0742291),POINT (80.540621 7.074229)
4439958432,1002,town,12000,Ariyalai,POINT (80.0476574 9.6590899),POINT (80.047657 9.65909)
4439990563,1003,village,0,Peralanda,POINT (79.9113755 7.0381117),POINT (79.911376 7.038112)
4440040621,1004,hamlet,0,Mallanda,POINT (80.5426941 7.0645164),POINT (80.542694 7.064516)
4440052304,1003,village,0,Diyaluma,POINT (81.0297081 6.7307607),POINT (81.029708 6.730761)
4440055760,1003,village,0,Wagawatta,POINT (80.1198754 6.7087015),POINT (80.119875 6.708702)
4440180190,1003,village,9000,Iyakachchi,POINT (80.4075417 9.5692273),POINT (80.407542 9.569227)
4440184794,1003,village,0,Meesalai,POINT (80.1967398 9.6762664),POINT (80.19674 9.676266)
4440184795,1002,town,5000,Kodikamam,POINT (80.222333 9.6801351),POINT (80.222333 9.680135)
4440239359,1003,village,1500,Aliyathenna,POINT (80.630723 7.3878464),POINT (80.630723 7.387846)
4440239360,1003,village,1000,Konakalagala,POINT (80.6166414 7.3904212),POINT (80.616641 7.390421)
4440239361,1003,village,1500,Arambepola,POINT (80.6147102 7.394443),POINT (80.61471 7.394443)
4440239362,1003,village,2500,Mawathapola,POINT (80.6151823 7.4016566),POINT (80.615182 7.401657)
4440250618,1003,village,2000,Walahena,POINT (80.6023935 7.4057102),POINT (80.602394 7.40571)
4440250619,1003,village,3000,Ellekade,POINT (80.5970613 7.4036036),POINT (80.597061 7.403604)
4440250620,1003,village,2500,Watagoda,POINT (80.5889771 7.39589),POINT (80.588977 7.39589)
4440250621,1003,village,3000,Rambuke Ela,POINT (80.588902 7.4294459),POINT (80.588902 7.429446)
4440250622,1003,village,3000,Pahala Kithulgolla,POINT (80.5618868 7.4335099),POINT (80.561887 7.43351)
4440250623,1003,village,2000,Uda Kithulgolla,POINT (80.5659423 7.4307013),POINT (80.565942 7.430701)
4440250624,1003,village,3000,Udagama,POINT (80.5696116 7.4253606),POINT (80.569612 7.425361)
4440250625,1003,village,2000,Ramakotuwa,POINT (80.5658565 7.4231477),POINT (80.565856 7.423148)
4440250626,1003,village,3000,Alawatta,POINT (80.5596981 7.4239563),POINT (80.559698 7.423956)
4440250627,1003,village,2000,Bebilagolla,POINT (80.5651835 7.4199535),POINT (80.565184 7.419954)
4440250628,1003,village,3000,Kovilamuduna,POINT (80.5683456 7.4192539),POINT (80.568346 7.419254)
4440250629,1003,village,1500,Welgala,POINT (80.5758806 7.4233093),POINT (80.575881 7.423309)
4440250630,1003,village,1500,Beeriela,POINT (80.5796538 7.4218711),POINT (80.579654 7.421871)
4440250631,1003,village,2500,Halgolla,POINT (80.5800615 7.4179772),POINT (80.580062 7.417977)
4440250632,1003,village,3000,Batagolladeniya,POINT (80.5761776 7.4141046),POINT (80.576178 7.414105)
4440250633,1003,village,2500,Palliyakotuwa,POINT (80.5680881 7.4158281),POINT (80.568088 7.415828)
4440274510,1003,village,2500,Kattappuwa,POINT (80.561563 7.4158913),POINT (80.561563 7.415891)
4440274511,1003,village,0,Godahena,POINT (80.573332 7.4083372),POINT (80.573332 7.408337)
4440274512,1003,village,2500,Kahatagastenna,POINT (80.5747443 7.404751),POINT (80.574744 7.404751)
4440274513,1003,village,3000,Dolapihilla,POINT (80.5801367 7.3960084),POINT (80.580137 7.396008)
4440274514,1002,town,5000,Bokkawala,POINT (80.5531954 7.3934045),POINT (80.553195 7.393404)
4440274515,1003,village,3000,Molagoda,POINT (80.5507868 7.3867015),POINT (80.550787 7.386702)
4440274516,1003,village,3500,Gallella Gama,POINT (80.5520528 7.3776789),POINT (80.552053 7.377679)
4440274517,1003,village,1500,Maruddana,POINT (80.547654 7.3736569),POINT (80.547654 7.373657)
4440274518,1003,village,5000,Arambekade,POINT (80.5504435 7.344119),POINT (80.550444 7.344119)
4440274519,1003,village,5000,Barigama,POINT (80.5780332 7.3268243),POINT (80.578033 7.326824)
4440347727,1003,village,5000,Godamuduna,POINT (80.5561083 7.2896134),POINT (80.556108 7.289613)
4440347728,1003,village,3000,Dehianga,POINT (80.5547994 7.3001277),POINT (80.554799 7.300128)
4440347729,1003,village,5000,Wathurakumbura,POINT (80.5450576 7.2990635),POINT (80.545058 7.299064)
4440347730,1003,village,2000,Imbulmalgama,POINT (80.5499714 7.2812486),POINT (80.549971 7.281249)
4440347732,1003,village,3000,Rattapitiya,POINT (80.5168837 7.2842923),POINT (80.516884 7.284292)
4440347733,1003,village,3000,Poththapitiya,POINT (80.4937309 7.2891664),POINT (80.493731 7.289166)
4440347734,1002,town,15000,Hatharaliyadda,POINT (80.4689258 7.3326906),POINT (80.468926 7.332691)
4440366782,1003,village,1500,Lagamuwa,POINT (80.5260638 7.2416958),POINT (80.526064 7.241696)
4440366783,1003,village,1500,Liyangahawela,POINT (80.5366424 7.2296049),POINT (80.536642 7.229605)
4440378726,1003,village,2000,Unambuwa,POINT (80.5633572 7.1686931),POINT (80.563357 7.168693)
4440378728,1003,village,6000,Mariyawatte,POINT (80.566313 7.1505537),POINT (80.566313 7.150554)
4440378729,1003,village,6000,Galpaya,POINT (80.5369321 7.141867),POINT (80.536932 7.141867)
4441577076,1003,village,0,Dimbula,POINT (80.6281905 6.9491584),POINT (80.62819 6.949158)
4441608254,1003,village,0,Campion Estate,POINT (80.7027183 6.7815671),POINT (80.702718 6.781567)
4441608255,1002,town,0,Bogawantalawa,POINT (80.6781048 6.7962421),POINT (80.678105 6.796242)
4441833520,1003,village,5000,Bothalapitiya,POINT (80.5790424 7.1750109),POINT (80.579042 7.175011)
4441902760,1003,village,1000,Ariyalai East,POINT (80.1076948 9.6196623),POINT (80.107695 9.619662)
4441915622,1003,village,500,Poompuhaar,POINT (80.0825684 9.6328913),POINT (80.082568 9.632891)
4441915623,1003,village,500,Naavalady,POINT (80.0673296 9.6490209),POINT (80.06733 9.649021)
4442009941,1003,village,1500,Malgolla,POINT (80.4771997 7.1118533),POINT (80.4772 7.111853)
4442009942,1003,village,1500,Pattithalawa,POINT (80.4709997 7.1125467),POINT (80.471 7.112547)
4442009943,1004,hamlet,2500,Kalugala,POINT (80.4454418 6.9866191),POINT (80.445442 6.986619)
4442009945,1003,village,1500,Hapugoda,POINT (80.4700497 6.9545735),POINT (80.47005 6.954574)
4442009946,1003,village,1500,Eriyadeniya,POINT (80.4612736 6.9718899),POINT (80.461274 6.97189)
4442009947,1003,village,8000,Laxapana,POINT (80.4856495 6.9256155),POINT (80.48565 6.925616)
4442009948,1003,village,2500,Kiriwan Eliya,POINT (80.5029014 6.9144856),POINT (80.502901 6.914486)
4442011588,1003,village,2000,Dehigastenna,POINT (80.5116741 6.9558678),POINT (80.511674 6.955868)
4442149327,1003,village,5000,Gamini Pura,POINT (80.5997063 6.8889383),POINT (80.599706 6.888938)
4443495295,1004,hamlet,500,Vaarivalavu,POINT (79.8653417 9.7370912),POINT (79.865342 9.737091)
4443495296,1003,village,2000,Passaiyoor,POINT (80.0335477 9.6499614),POINT (80.033548 9.649961)
4443495297,1003,village,2000,Columbuthurai,POINT (80.047825 9.6514895),POINT (80.047825 9.65149)
4443495298,1003,village,2000,Navanthurai,POINT (80.0012304 9.6790894),POINT (80.00123 9.679089)
4443541079,1030,farm,0,Bunyan Estate,POINT (80.5681046 6.8284394),POINT (80.568105 6.828439)
4443559369,1003,village,7000,Vettilaikeni,POINT (80.4701074 9.5731349),POINT (80.470107 9.573135)
4443559370,1003,village,1000,Maasaar,POINT (80.3760168 9.5987163),POINT (80.376017 9.598716)
4443559371,1003,village,3500,Mulliyaan,POINT (80.4639168 9.56284),POINT (80.463917 9.56284)
4443559372,1003,village,2000,Chempian Pattu,POINT (80.3764549 9.6417376),POINT (80.376455 9.641738)
4443559373,1003,village,3000,Kovil Vayal,POINT (80.4245293 9.5617963),POINT (80.424529 9.561796)
4443559374,1003,village,3000,Thaalayadi,POINT (80.3987421 9.6302326),POINT (80.398742 9.630233)
4443559375,1003,village,5000,Sangathaar Vayal,POINT (80.4227903 9.5489359),POINT (80.42279 9.548936)
4443856597,1030,farm,0,Kotiyagala Estate,POINT (80.6919967 6.7851208),POINT (80.691997 6.785121)
4444352357,1003,village,2000,Chemmani,POINT (80.0622208 9.6668232),POINT (80.062221 9.666823)
4444859059,1003,village,2600,Keratheevu,POINT (80.1991268 9.5834655),POINT (80.199127 9.583466)
4444859061,1003,village,4000,Gnani Madam,POINT (80.2199391 9.5218923),POINT (80.219939 9.521892)
4444859062,1003,village,3000,Sangupiddy,POINT (80.1899829 9.5424785),POINT (80.189983 9.542478)
4444864869,1003,village,3000,Cheddiyar Kurichi,POINT (80.2310049 9.5067398),POINT (80.231005 9.50674)
4444864870,1003,village,2000,Karukkai Theevu,POINT (80.2406219 9.5144724),POINT (80.240622 9.514472)
4444913495,1003,village,4000,Paraman Kiraai,POINT (80.1761998 9.5229564),POINT (80.1762 9.522956)
4444913496,1003,village,10000,Kowthaari Munai,POINT (80.1265575 9.5659162),POINT (80.126558 9.565916)
4444913497,1003,village,10000,Kalmunai Point,POINT (80.0565415 9.6003121),POINT (80.056542 9.600312)
4444913498,1003,village,4000,Veddukaadu,POINT (80.1575898 9.5442652),POINT (80.15759 9.544265)
4444913499,1003,village,10000,Mannithalai,POINT (80.0946631 9.5896557),POINT (80.094663 9.589656)
4445227541,1003,village,10000,Nagathevanthurai,POINT (80.2314491 9.5284797),POINT (80.231449 9.52848)
4445349728,1003,village,10000,Chelliatheevu,POINT (80.2380235 9.482366),POINT (80.238024 9.482366)
4445358676,1003,village,10000,Aalankeni,POINT (80.2443819 9.4624473),POINT (80.244382 9.462447)
4445368715,1003,village,11000,Nallur,POINT (80.2608912 9.4532099),POINT (80.260891 9.45321)
4445376291,1003,village,5000,Neevil,POINT (80.3171672 9.4377107),POINT (80.317167 9.437711)
4446901662,1002,town,15000,Palaly,POINT (80.0757877 9.7899132),POINT (80.075788 9.789913)
4447532668,1030,farm,0,Ambewela Farm,POINT (80.7957375 6.9037507),POINT (80.795738 6.903751)
4447532669,1030,farm,0,Vegetable & Strawberry Farm,POINT (80.7914245 6.9041768),POINT (80.791424 6.904177)
4447554490,1030,farm,0,Jagro(Pvt)Ltd - Strawberry Farm,POINT (80.7766187 6.9278162),POINT (80.776619 6.927816)
4447554491,1030,farm,0,Govt. Seed Potato Farm,POINT (80.7718766 6.9304362),POINT (80.771877 6.930436)
4448814739,1002,town,21500,Ambalangoda,POINT (80.0541466 6.2389059),POINT (80.054147 6.238906)
4448823642,1001,city,196400,Maharagama,POINT (79.9266082 6.8472783),POINT (79.926608 6.847278)
4448938820,1003,village,1500,Yaalagamuwa,POINT (80.9498025 7.0489472),POINT (80.949802 7.048947)
4448938854,1004,hamlet,2500,Rathnayakapathana,POINT (80.8550448 7.0318592),POINT (80.855045 7.031859)
4448938855,1004,hamlet,1500,Landupita,POINT (80.8097176 7.1085093),POINT (80.809718 7.108509)
4448938856,1004,hamlet,2500,Liyanwela,POINT (80.8259267 7.1061347),POINT (80.825927 7.106135)
4448938857,1003,village,1500,Keerthibandarapura,POINT (80.8557677 7.1454302),POINT (80.855768 7.14543)
4448938858,1003,village,2500,Poramadulla,POINT (80.7770069 7.1358326),POINT (80.777007 7.135833)
4448938859,1003,village,1500,Hewaheta,POINT (80.7630252 7.1112797),POINT (80.763025 7.11128)
4448938861,1003,village,1000,Ekiriya,POINT (80.7539953 7.1486937),POINT (80.753995 7.148694)
4448938862,1004,hamlet,1500,Diggalpottha,POINT (80.7503206 7.1502626),POINT (80.750321 7.150263)
4448938863,1003,village,2000,Pallebowala,POINT (80.7341469 7.1521002),POINT (80.734147 7.1521)
4448938864,1004,hamlet,1500,Gabadagama,POINT (80.716852 7.1527816),POINT (80.716852 7.152782)
4448938865,1003,village,1500,Pallegama,POINT (80.7248142 7.1655825),POINT (80.724814 7.165582)
4448938866,1004,hamlet,1500,Wanahapuwa,POINT (80.7150879 7.1765788),POINT (80.715088 7.176579)
4448940843,1003,village,1500,Wadiyagoda,POINT (80.736052 7.1711712),POINT (80.736052 7.171171)
4449040986,1002,town,9000,Atchuvely,POINT (80.1158568 9.7782859),POINT (80.115857 9.778286)
4450078535,1003,village,100,Okanda,POINT (81.7702815 6.6519281),POINT (81.770282 6.651928)
4451051810,1002,town,15000,Varany,POINT (80.2283456 9.7286374),POINT (80.228346 9.728637)
4451088396,1002,town,9000,Nelliyady,POINT (80.1997538 9.7992119),POINT (80.199754 9.799212)
4451416194,1003,village,7000,Kurumpasiddy,POINT (80.066666 9.7739891),POINT (80.066666 9.773989)
4451416195,1003,village,7000,Vayaavilaan,POINT (80.0804953 9.7795149),POINT (80.080495 9.779515)
4451419073,1003,village,7000,Kadduvan,POINT (80.0573049 9.7785706),POINT (80.057305 9.778571)
4451420606,1003,village,7000,Punnalaikadduvan,POINT (80.0653117 9.7551136),POINT (80.065312 9.755114)
4451421044,1003,village,7000,Mayiliddithurai,POINT (80.0658802 9.8088123),POINT (80.06588 9.808812)
4451422461,1003,village,7000,Keerimalai,POINT (80.0098736 9.8118894),POINT (80.009874 9.811889)
4451424713,1003,village,7000,Senthankulam,POINT (79.9978521 9.8079526),POINT (79.997852 9.807953)
4451444344,1003,village,9000,Mathagal,POINT (79.9636572 9.7936113),POINT (79.963657 9.793611)
4451459675,1003,village,6000,Piraanpattu,POINT (79.9761416 9.7663857),POINT (79.976142 9.766386)
4451459676,1003,village,7000,Ilavalai,POINT (79.9926343 9.7949901),POINT (79.992634 9.79499)
4451506847,1003,village,1500,Paradeka,POINT (80.6102847 7.1114239),POINT (80.610285 7.111424)
4451525236,1003,village,1500,Wahugapitiya,POINT (80.6241067 7.1169131),POINT (80.624107 7.116913)
4451652129,1003,village,6000,Thayiddy,POINT (80.0530164 9.8095499),POINT (80.053016 9.80955)
4451652130,1003,village,6000,Mayiliddy,POINT (80.0717924 9.8100751),POINT (80.071792 9.810075)
4451652131,1003,village,6000,Pannalai,POINT (80.0141669 9.7894536),POINT (80.014167 9.789454)
4451652132,1003,village,6000,Viththagapuram,POINT (80.0169684 9.7931932),POINT (80.016968 9.793193)
4451652133,1003,village,6000,Kollankaladdy,POINT (80.0188471 9.8041967),POINT (80.018847 9.804197)
4451652134,1003,village,6000,Maaviddapuram,POINT (80.0276647 9.7947734),POINT (80.027665 9.794773)
4451687099,1003,village,7000,Maruthanar Madam,POINT (80.0251331 9.7260547),POINT (80.025133 9.726055)
4451766539,1003,village,7000,Periyavilaan,POINT (79.9852321 9.7843441),POINT (79.985232 9.784344)
4451766540,1003,village,7000,Siruvilaan,POINT (80.0000897 9.787167),POINT (80.00009 9.787167)
4451805791,1003,village,5000,Mullanai,POINT (79.9939335 9.7888413),POINT (79.993934 9.788841)
4451805792,1003,village,7000,Mareesan Koodal,POINT (79.9838773 9.8031783),POINT (79.983877 9.803178)
4451824746,1003,village,4000,Nunasai,POINT (79.9521743 9.7899514),POINT (79.952174 9.789951)
4452317004,1004,hamlet,0,Gammanawatte,POINT (79.9390835 6.8029919),POINT (79.939084 6.802992)
4452654358,1002,town,15000,Pallai,POINT (80.3255555 9.6101172),POINT (80.325556 9.610117)
4452658187,1002,town,15000,Maruthankerny,POINT (80.4015193 9.6194955),POINT (80.401519 9.619496)
4452971068,1003,village,0,Biyagama,POINT (79.9905575 6.9444898),POINT (79.990558 6.94449)
4452996068,1003,village,0,Pelahela,POINT (80.0583301 6.9833876),POINT (80.05833 6.983388)
4453032213,1003,village,7000,Sillalai,POINT (79.9549928 9.7808447),POINT (79.954993 9.780845)
4453121177,1003,village,8000,Kaddaikaadu,POINT (80.4894653 9.5572434),POINT (80.489465 9.557243)
4453135118,1003,village,7000,Chundikulam,POINT (80.5512641 9.5027757),POINT (80.551264 9.502776)
4453135120,1003,village,7000,Pokkaruppu,POINT (80.4840411 9.5435708),POINT (80.484041 9.543571)
4453184587,1003,village,7000,Eluthumadduval,POINT (80.2619442 9.6755257),POINT (80.261944 9.675526)
4453184588,1003,village,7000,Kilaali,POINT (80.2722989 9.617143),POINT (80.272299 9.617143)
4453185189,1003,village,7000,Muhamaalai,POINT (80.2906435 9.6569375),POINT (80.290644 9.656938)
4453193110,1003,village,7000,Arasarkerny,POINT (80.3282491 9.6283193),POINT (80.328249 9.628319)
4453193111,1003,village,7000,Vembodukerny,POINT (80.3021888 9.6443942),POINT (80.302189 9.644394)
4453193112,1003,village,7000,Iththaavil,POINT (80.3207009 9.6395944),POINT (80.320701 9.639594)
4453199942,1003,village,7000,Pullaaveli,POINT (80.4597229 9.5537587),POINT (80.459723 9.553759)
4453199943,1003,village,7000,Muhaavil,POINT (80.3943136 9.5909392),POINT (80.394314 9.590939)
4453219048,1003,village,7000,Maamunai,POINT (80.3608323 9.6589414),POINT (80.360832 9.658941)
4453236280,1003,village,0,Theligama,POINT (80.3656661 6.9993175),POINT (80.365666 6.999318)
4453259923,1003,village,7000,Ampan,POINT (80.2657246 9.7398837),POINT (80.265725 9.739884)
4453259924,1003,village,8000,Naagar Kovil,POINT (80.3152398 9.703849),POINT (80.31524 9.703849)
4453259925,1003,village,8000,Kudaarapu,POINT (80.3256504 9.6855171),POINT (80.32565 9.685517)
4453259926,1003,village,7000,Aaliyavalai,POINT (80.437834 9.5949296),POINT (80.437834 9.59493)
4453259927,1003,village,7000,Uduththurai,POINT (80.4202148 9.6077233),POINT (80.420215 9.607723)
4453259928,1003,village,7000,Vaththiraayan,POINT (80.419437 9.6142935),POINT (80.419437 9.614294)
4453259929,1003,village,7000,Manal Kadu,POINT (80.2759702 9.7710849),POINT (80.27597 9.771085)
4453259930,1003,village,7000,Kudaththanai,POINT (80.2566299 9.7577634),POINT (80.25663 9.757763)
4453380088,1003,village,7000,Karanthai,POINT (80.3884695 9.5779861),POINT (80.38847 9.577986)
4453380289,1003,village,7000,Maruthadikulam,POINT (80.4096939 9.6090304),POINT (80.409694 9.60903)
4453645617,1003,village,6000,Thampahamam,POINT (80.363355 9.6195745),POINT (80.363355 9.619574)
4453663169,1002,town,15000,Tellippalai,POINT (80.0361111 9.7821806),POINT (80.036111 9.782181)
4453663170,1003,village,7000,Varuththalaivilan,POINT (80.0490079 9.7881687),POINT (80.049008 9.788169)
4453663171,1003,village,7000,Veemankamam,POINT (80.0389258 9.7921857),POINT (80.038926 9.792186)
4453663172,1003,village,7000,Mallakam,POINT (80.0247801 9.7618121),POINT (80.02478 9.761812)
4454398099,1004,hamlet,0,Highway Access Junction Ja-Ela,POINT (79.8909376 7.0817724),POINT (79.890938 7.081772)
4454589404,1003,village,0,Belihuloya,POINT (80.7719451 6.7197996),POINT (80.771945 6.7198)
4454599113,1003,village,0,Pambahinna,POINT (80.7857475 6.7197057),POINT (80.785748 6.719706)
4454770274,1003,village,7000,Erlalai South,POINT (80.0434834 9.7609917),POINT (80.043483 9.760992)
4454770275,1003,village,8000,Usan,POINT (80.2410223 9.6499505),POINT (80.241022 9.64995)
4454770277,1003,village,7000,Kupillaan,POINT (80.0595971 9.7669339),POINT (80.059597 9.766934)
4454770278,1003,village,7000,Erlalai North,POINT (80.0494015 9.7716729),POINT (80.049402 9.771673)
4455826290,1003,village,7000,Urumpirai,POINT (80.0414281 9.7258891),POINT (80.041428 9.725889)
4455834908,1003,village,7000,Thachanthoppu,POINT (80.1084425 9.660553),POINT (80.108442 9.660553)
4455834909,1003,village,7000,Kovilakandy,POINT (80.1096243 9.6464448),POINT (80.109624 9.646445)
4455834910,1003,village,5000,Arukuveli,POINT (80.167216 9.6159714),POINT (80.167216 9.615971)
4455834911,1003,village,7000,Thanankilappu,POINT (80.1529075 9.6336295),POINT (80.152908 9.63363)
4455834912,1003,village,7000,Maravan Pulo,POINT (80.1267447 9.6370291),POINT (80.126745 9.637029)
4455989244,1003,village,0,Horawala,POINT (80.1271426 6.4808154),POINT (80.127143 6.480815)
4456376858,1003,village,6900,Vellampokady,POINT (80.2104899 9.6713386),POINT (80.21049 9.671339)
4456376859,1003,village,7000,Vembodukerny South,POINT (80.2854227 9.6295955),POINT (80.285423 9.629596)
4456376860,1003,village,7000,Allarai,POINT (80.1895366 9.6626362),POINT (80.189537 9.662636)
4456376861,1003,village,7000,Karampagam,POINT (80.2592436 9.6499921),POINT (80.259244 9.649992)
4456376862,1003,village,7000,Vidaththal Pallai,POINT (80.2494682 9.6245245),POINT (80.249468 9.624524)
4456376863,1003,village,7000,Ketpeli,POINT (80.2262718 9.6394378),POINT (80.226272 9.639438)
4456376864,1003,village,7000,Allipallai,POINT (80.3064038 9.5969956),POINT (80.306404 9.596996)
4456376865,1003,village,7000,Kachchai,POINT (80.203782 9.6517698),POINT (80.203782 9.65177)
4456376866,1003,village,7000,Tharmakerny,POINT (80.3586486 9.5654758),POINT (80.358649 9.565476)
4456376867,1003,village,7000,Pulopallai,POINT (80.327 9.5830111),POINT (80.327 9.583011)
4456376868,1003,village,5000,Urvanihan Pattu,POINT (80.3728269 9.5430161),POINT (80.372827 9.543016)
4456376869,1003,village,6000,Sangathanai,POINT (80.1757037 9.6637506),POINT (80.175704 9.663751)
4456376870,1003,village,4000,Kachaarveli,POINT (80.3021675 9.6177537),POINT (80.302168 9.617754)
4457271594,1003,village,7000,Vadaliyadaippu,POINT (79.9578226 9.7663249),POINT (79.957823 9.766325)
4457271595,1003,village,7000,Siththankerny,POINT (79.9577478 9.7529067),POINT (79.957748 9.752907)
4457546904,1030,farm,0,Omega Green (Pvt) Ltd,POINT (79.9546404 7.2879903),POINT (79.95464 7.28799)
4458721654,1003,village,6000,Inguru Oya,POINT (80.54513 7.0181796),POINT (80.54513 7.01818)
4458874021,1003,village,3000,Harangala,POINT (80.5903757 7.052232),POINT (80.590376 7.052232)
4458912732,1004,hamlet,4000,Dunukeulla,POINT (80.6425002 7.1359188),POINT (80.6425 7.135919)
4458912733,1004,hamlet,1500,Ihalagama,POINT (80.6335353 7.1352869),POINT (80.633535 7.135287)
4458913036,1004,hamlet,1000,Illaththamada,POINT (80.6377102 7.141186),POINT (80.63771 7.141186)
4458964056,1003,village,1500,Dangolla,POINT (80.612908 7.2679178),POINT (80.612908 7.267918)
4458964059,1010,suburb,7000,Katukele,POINT (80.6273651 7.2866058),POINT (80.627365 7.286606)
4458964060,1003,village,8000,Anniewatta,POINT (80.6241732 7.2922941),POINT (80.624173 7.292294)
4458964061,1010,suburb,6000,Dodamwala,POINT (80.6146338 7.2886963),POINT (80.614634 7.288696)
4458964062,1010,suburb,6000,Mapanawatura,POINT (80.6282761 7.3107651),POINT (80.628276 7.310765)
4458964064,1010,suburb,6000,Gohagoda,POINT (80.6126509 7.3037847),POINT (80.612651 7.303785)
4458972189,1010,suburb,8000,Mahaiyawa,POINT (80.6331691 7.3016627),POINT (80.633169 7.301663)
4462726194,1003,village,0,Nonpareil Estate,POINT (80.7909793 6.761317),POINT (80.790979 6.761317)
4462731782,1003,village,0,Marangahawela,POINT (80.8354672 6.7473331),POINT (80.835467 6.747333)
4462741104,1003,village,0,Kosgama,POINT (80.8240929 6.7068053),POINT (80.824093 6.706805)
4462782262,1003,village,0,Heraliyawala,POINT (79.956664 6.7674832),POINT (79.956664 6.767483)
4462929658,1003,village,0,Rathmalkaduwa,POINT (80.5567395 7.1673155),POINT (80.55674 7.167316)
4462929659,1003,village,0,Hapugaspitiya,POINT (80.5597275 7.1683055),POINT (80.559728 7.168306)
4463032498,1003,village,7000,Manthikai,POINT (80.2252317 9.8064041),POINT (80.225232 9.806404)
4463113770,1003,village,5000,Thumpalai,POINT (80.2437137 9.8177403),POINT (80.243714 9.81774)
4463113771,1003,village,5000,Thunnalai,POINT (80.2232834 9.7873278),POINT (80.223283 9.787328)
4463113772,1003,village,5000,Navindil,POINT (80.1856536 9.8119753),POINT (80.185654 9.811975)
4463113773,1003,village,5000,Katkovalam,POINT (80.2508052 9.8089786),POINT (80.250805 9.808979)
4463113774,1003,village,5000,Karaveddy,POINT (80.1948998 9.7880007),POINT (80.1949 9.788001)
4463113775,1003,village,5000,Polykandy,POINT (80.1894442 9.8266482),POINT (80.189444 9.826648)
4463113776,1003,village,5000,Nellandai,POINT (80.2512569 9.8152638),POINT (80.251257 9.815264)
4463113777,1003,village,5000,Karanavai,POINT (80.1847715 9.802348),POINT (80.184772 9.802348)
4463113778,1003,village,5000,Urani,POINT (80.1798536 9.8257161),POINT (80.179854 9.825716)
4463113779,1003,village,5000,Varaathupalai,POINT (80.238771 9.8074489),POINT (80.238771 9.807449)
4463113780,1003,village,5000,Viyaapaari Moolai,POINT (80.2154347 9.828242),POINT (80.215435 9.828242)
4463113781,1003,village,5000,Puttalai,POINT (80.230952 9.8052798),POINT (80.230952 9.80528)
4463113782,1003,village,5000,Thampasiddy,POINT (80.225579 9.8210133),POINT (80.225579 9.821013)
4463113783,1003,village,5000,Puloly,POINT (80.2328455 9.8118444),POINT (80.232846 9.811844)
4463113784,1003,village,5000,Thikkam,POINT (80.1963377 9.8273728),POINT (80.196338 9.827373)
4463153749,1003,village,5000,KamparMalai,POINT (80.1521779 9.8242807),POINT (80.152178 9.824281)
4463153750,1003,village,5000,Sakkoddai,POINT (80.2232122 9.8308003),POINT (80.223212 9.8308)
4463153751,1004,hamlet,4000,Mayiliyathanai,POINT (80.1461443 9.8218532),POINT (80.146144 9.821853)
4463153752,1003,village,4000,Nediyakadu,POINT (80.1744502 9.8227761),POINT (80.17445 9.822776)
4463153753,1003,village,5000,Thondaimanaru,POINT (80.1319898 9.8096086),POINT (80.13199 9.809609)
4463153754,1003,village,5000,Kommantharai,POINT (80.1592481 9.8166882),POINT (80.159248 9.816688)
4463153755,1003,village,5000,Inparsiddy,POINT (80.2102172 9.8333019),POINT (80.210217 9.833302)
4463153756,1003,village,5000,Kerudavil,POINT (80.1403683 9.8208151),POINT (80.140368 9.820815)
4463153757,1003,village,5000,Suppar Madam,POINT (80.2285185 9.8295878),POINT (80.228518 9.829588)
4463153758,1003,village,5000,Urikaadu,POINT (80.1605756 9.8230451),POINT (80.160576 9.823045)
4463164601,1003,village,5000,Anaikoddai,POINT (79.9961302 9.7017383),POINT (79.99613 9.701738)
4463164602,1004,hamlet,3000,Aarukaal Madam,POINT (80.0042606 9.6862993),POINT (80.004261 9.686299)
4463164603,1003,village,4000,Kaakai Theevu,POINT (79.9960554 9.6907806),POINT (79.996055 9.690781)
4463164604,1003,village,5000,Navaali,POINT (79.9813382 9.7193178),POINT (79.981338 9.719318)
4463164605,1003,village,4000,Kallundai,POINT (79.979498 9.700635),POINT (79.979498 9.700635)
4464351913,1004,hamlet,50,Batangala Junction,POINT (80.2725939 6.9100169),POINT (80.272594 6.910017)
4464405904,1004,hamlet,0,Kalavitigodella,POINT (80.2676652 6.854562),POINT (80.267665 6.854562)
4464405923,1003,village,500,Asgangula,POINT (80.2713363 6.8530299),POINT (80.271336 6.85303)
4464455804,1003,village,7000,Valalaai,POINT (80.098979 9.8005561),POINT (80.098979 9.800556)
4464455805,1003,village,7000,Idaikaadu,POINT (80.1170613 9.8034604),POINT (80.117061 9.80346)
4464455806,1003,village,7000,Sandilipay,POINT (79.9810746 9.7403238),POINT (79.981075 9.740324)
4464455807,1003,village,7000,Kathiripaay,POINT (80.1156962 9.7907398),POINT (80.115696 9.79074)
4464455808,1003,village,6000,Nelliyaan,POINT (79.9238032 9.7640373),POINT (79.923803 9.764037)
4464455809,1003,village,7000,Pathameny,POINT (80.112866 9.7829855),POINT (80.112866 9.782986)
4464455810,1003,village,7000,Thampaalai,POINT (80.1193088 9.796067),POINT (80.119309 9.796067)
4464455811,1003,village,5000,Sankaraththai,POINT (79.9600662 9.7346796),POINT (79.960066 9.73468)
4464473339,1003,village,7000,Evinai,POINT (80.0753689 9.7546289),POINT (80.075369 9.754629)
4464473341,1003,village,6000,Tholakaddy,POINT (80.0858553 9.7847167),POINT (80.085855 9.784717)
4464544047,1003,village,2000,Pasgama,POINT (80.7326522 7.2056872),POINT (80.732652 7.205687)
4464544048,1003,village,2500,Dehalkada,POINT (80.7466426 7.199322),POINT (80.746643 7.199322)
4464544049,1003,village,1500,Dabawela,POINT (80.7303562 7.2133722),POINT (80.730356 7.213372)
4464544050,1003,village,1500,Kiriwanamadiththa,POINT (80.7251956 7.2107005),POINT (80.725196 7.2107)
4464544051,1004,hamlet,100,Thennahena,POINT (80.7215478 7.2135638),POINT (80.721548 7.213564)
4464544052,1004,hamlet,200,Appallagoda,POINT (80.7305493 7.2235051),POINT (80.730549 7.223505)
4464544054,1003,village,1000,Madiththa,POINT (80.7168486 7.2184599),POINT (80.716849 7.21846)
4464544055,1003,village,2000,Medagama,POINT (80.7116129 7.2189815),POINT (80.711613 7.218982)
4464549007,1003,village,2000,Poojagoda,POINT (80.7081583 7.228497),POINT (80.708158 7.228497)
4464549008,1003,village,1500,,POINT (80.7010879 7.2293484),POINT (80.701088 7.229348)
4464564565,1003,village,1500,Sagama,POINT (80.6966677 7.2354258),POINT (80.696668 7.235426)
4464564566,1003,village,1500,Bootawatte,POINT (80.7016458 7.2384911),POINT (80.701646 7.238491)
4464564567,1003,village,2000,Mudunakade,POINT (80.699028 7.241599),POINT (80.699028 7.241599)
4464564568,1003,village,2000,Moragolla,POINT (80.6810036 7.2253464),POINT (80.681004 7.225346)
4464564569,1004,hamlet,150,Pattiyamulla,POINT (80.6793406 7.2318177),POINT (80.679341 7.231818)
4464564570,1003,village,2000,Ankelipitiya,POINT (80.6884425 7.237202),POINT (80.688442 7.237202)
4464564571,1004,hamlet,150,Egodagama,POINT (80.6758537 7.2364636),POINT (80.675854 7.236464)
4464800706,1003,village,2000,Kossinna,POINT (80.6812033 7.2613284),POINT (80.681203 7.261328)
4464824389,1010,suburb,5000,Wattarantenna,POINT (80.6256166 7.3138739),POINT (80.625617 7.313874)
4464837085,1003,village,1000,Hinguralakanda,POINT (80.3002129 6.9164198),POINT (80.300213 6.91642)
4464893744,1004,hamlet,50,Digala Junction,POINT (80.2962282 6.9620707),POINT (80.296228 6.962071)
4465097856,1003,village,7000,Alvai,POINT (80.2060693 9.8198716),POINT (80.206069 9.819872)
4467281779,1010,suburb,6000,Asgiriya,POINT (80.6290255 7.300427),POINT (80.629026 7.300427)
4467521832,1003,village,7000,Mirusuvil,POINT (80.2380356 9.6667749),POINT (80.238036 9.666775)
4467792631,1003,village,6000,Irupalai,POINT (80.0479848 9.693016),POINT (80.047985 9.693016)
4467792632,1003,village,6000,Kaddaipirai,POINT (80.0567042 9.6768743),POINT (80.056704 9.676874)
4468083857,1003,village,7000,Alaveddy,POINT (80.0072325 9.7667675),POINT (80.007232 9.766768)
4468083858,1003,village,7000,Kantharodai,POINT (80.0089587 9.7508976),POINT (80.008959 9.750898)
4468083860,1003,village,5000,Thoddilady,POINT (79.9842651 9.7552615),POINT (79.984265 9.755262)
4468083861,1003,village,7000,Navakkiry,POINT (80.0986967 9.7661864),POINT (80.098697 9.766186)
4468083862,1003,village,7000,Puttur,POINT (80.0954708 9.7509202),POINT (80.095471 9.75092)
4468083864,1003,village,7000,Raaththalady,POINT (79.9341245 9.7664536),POINT (79.934124 9.766454)
4468083865,1003,village,7000,Anthanan Thidal,POINT (80.1843231 9.7459641),POINT (80.184323 9.745964)
4468083866,1003,village,7000,Panippulam,POINT (79.9506622 9.7723274),POINT (79.950662 9.772327)
4468083867,1003,village,7000,Mandaan,POINT (80.1724934 9.7865705),POINT (80.172493 9.78657)
4468083868,1003,village,7000,Pannaakam,POINT (79.9542611 9.760627),POINT (79.954261 9.760627)
4468083869,1003,village,7000,Imayanan,POINT (80.1736313 9.8012723),POINT (80.173631 9.801272)
4469367417,1003,village,5000,Kaputhoo,POINT (80.1690683 9.7478829),POINT (80.169068 9.747883)
4469367419,1003,village,9000,Neervely,POINT (80.0754616 9.72306),POINT (80.075462 9.72306)
4469412266,1003,village,6000,Koyil Santhai,POINT (80.2092303 9.7845695),POINT (80.20923 9.78457)
4469412267,1003,village,7000,Yarkkaru,POINT (80.2066934 9.7795831),POINT (80.206693 9.779583)
4469440060,1003,village,6000,Varany North,POINT (80.2314576 9.7487591),POINT (80.231458 9.748759)
4469440131,1003,village,7000,Naavatkaadu,POINT (80.2454362 9.7111681),POINT (80.245436 9.711168)
4469440132,1003,village,6000,Kudamiyan,POINT (80.2379207 9.6943907),POINT (80.237921 9.694391)
4469440134,1003,village,6000,Idaikurichchy,POINT (80.2225873 9.7338607),POINT (80.222587 9.733861)
4469440136,1003,village,6000,Thaavalai Iyattalai,POINT (80.190982 9.6896505),POINT (80.190982 9.68965)
4469440138,1003,village,6000,Varany Iyattalai,POINT (80.210127 9.7071805),POINT (80.210127 9.70718)
4469440139,1003,village,7000,Manthuvil,POINT (80.1817603 9.6985893),POINT (80.18176 9.698589)
4469440140,1003,village,6000,Karampaikurichchi,POINT (80.2182513 9.7225164),POINT (80.218251 9.722516)
4469440141,1003,village,7000,Maasery,POINT (80.2391016 9.7398651),POINT (80.239102 9.739865)
4469447631,1003,village,7000,Inuvil,POINT (80.0181157 9.7176295),POINT (80.018116 9.71763)
4469447632,1003,village,7000,Kondavil East,POINT (80.0348813 9.7019988),POINT (80.034881 9.701999)
4469447633,1003,village,7000,Kondavil West,POINT (80.0213127 9.7087085),POINT (80.021313 9.708708)
4469447634,1003,village,7000,Kokkuvil,POINT (80.0190257 9.6987895),POINT (80.019026 9.69879)
4469451044,1003,village,5000,Valveddy,POINT (80.1709892 9.8142169),POINT (80.170989 9.814217)
4469451045,1003,village,5000,Samarapahu,POINT (80.1772372 9.8115849),POINT (80.177237 9.811585)
4469451046,1003,village,7000,Udupiddy,POINT (80.1623544 9.8045384),POINT (80.162354 9.804538)
4469452824,1003,village,7000,Aavarangaal,POINT (80.1105541 9.7583915),POINT (80.110554 9.758392)
4469452825,1003,village,7000,Vaatharawattai,POINT (80.1377647 9.7290191),POINT (80.137765 9.729019)
4469465090,1003,village,5000,Kurinchatheevu,POINT (80.3902841 9.5288064),POINT (80.390284 9.528806)
4469663762,1004,hamlet,500,Periya Pokkanai,POINT (80.1509156 9.7377981),POINT (80.150916 9.737798)
4476671692,1003,village,2000,Mediwaka,POINT (80.8846215 7.3036644),POINT (80.884622 7.303664)
4476671693,1004,hamlet,200,Gangoda,POINT (80.8923463 7.3086873),POINT (80.892346 7.308687)
4476671694,1003,village,1500,Bopana,POINT (80.8997278 7.30641),POINT (80.899728 7.30641)
4476671695,1003,village,1500,Themmitiyawa,POINT (80.909491 7.3230959),POINT (80.909491 7.323096)
4476671696,1003,village,1500,Kirigankumbura,POINT (80.8785681 7.3258299),POINT (80.878568 7.32583)
4476671697,1003,village,1500,Hapugaskumbura,POINT (80.8702747 7.3310654),POINT (80.870275 7.331065)
4476671698,1003,village,1500,Thalagune,POINT (80.8835355 7.3402805),POINT (80.883536 7.34028)
4476671699,1003,village,700,Hare Park Estate,POINT (80.8615843 7.3161888),POINT (80.861584 7.316189)
4476671700,1003,village,600,Meenagola,POINT (80.8616487 7.3247658),POINT (80.861649 7.324766)
4476671701,1050,locality,0,Deanstan,POINT (80.8613697 7.3306823),POINT (80.86137 7.330682)
4476671702,1003,village,3000,Gurulupotha,POINT (80.9254734 7.3464332),POINT (80.925473 7.346433)
4478184304,1003,village,200,Algama,POINT (80.1656287 7.1563626),POINT (80.165629 7.156363)
4478614294,1003,village,0,Valluvarpannai,POINT (80.3589922 9.3444888),POINT (80.358992 9.344489)
4478614295,1003,village,0,Navalarpannai,POINT (80.3486981 9.3509692),POINT (80.348698 9.350969)
4478843858,1004,hamlet,0,Selvanagar,POINT (81.3246835 8.4025678),POINT (81.324684 8.402568)
4478848665,1003,village,0,Pachchanur,POINT (81.2658024 8.4109386),POINT (81.265802 8.410939)
4481052613,1003,village,0,Hokandara North,POINT (79.9711994 6.8836535),POINT (79.971199 6.883654)
4489579713,1003,village,6000,Nunavil,POINT (80.1399352 9.6687279),POINT (80.139935 9.668728)
4490311930,1003,village,0,Horetuduwa,POINT (79.889054 6.7720205),POINT (79.889054 6.77202)
4491695804,1003,village,0,Gorakana,POINT (79.8980775 6.7595033),POINT (79.898078 6.759503)
4491695982,1003,village,0,Sarikkamulla,POINT (79.899806 6.7527181),POINT (79.899806 6.752718)
4491705365,1003,village,0,Pallimulla,POINT (79.9027617 6.7419038),POINT (79.902762 6.741904)
4491745887,1003,village,0,Walana,POINT (79.9047486 6.7311786),POINT (79.904749 6.731179)
4491745944,1003,village,0,Hirana,POINT (79.9347644 6.7333149),POINT (79.934764 6.733315)
4491779567,1003,village,0,Kiriberiya,POINT (79.9434546 6.7287588),POINT (79.943455 6.728759)
4492166010,1003,village,0,Miriswatte,POINT (79.9333746 6.7152207),POINT (79.933375 6.715221)
4494002092,1003,village,7000,Suthumalai,POINT (80.0024237 9.7173383),POINT (80.002424 9.717338)
4494002093,1003,village,7000,Thaavady,POINT (80.0091148 9.7089255),POINT (80.009115 9.708926)
4501795635,1003,village,0,Seetha Eliya,POINT (80.8042861 6.9355124),POINT (80.804286 6.935512)
4502075030,1003,village,150,Panawenna,POINT (80.557962 6.5989643),POINT (80.557962 6.598964)
4503544274,1003,village,0,Pahala Karagahamuna,POINT (79.9417348 7.0042256),POINT (79.941735 7.004226)
4511732484,1003,village,3000,Mayakkai,POINT (80.2184255 9.8164813),POINT (80.218426 9.816481)
4518857914,1003,village,2000,Madatugama,POINT (80.6288229 7.9443896),POINT (80.628823 7.94439)
4524907883,1003,village,500,Mahabedda,POINT (80.5771212 7.7216695),POINT (80.577121 7.72167)
4524912013,1003,village,0,Aluthgama,POINT (80.6020914 7.6971351),POINT (80.602091 7.697135)
4525977835,1003,village,0,Meetiyagoda,POINT (80.096477 6.1901139),POINT (80.096477 6.190114)
4526140952,1003,village,0,Manampita,POINT (80.1381485 6.2021712),POINT (80.138148 6.202171)
4534146845,1003,village,7000,Atchelu,POINT (80.0680018 9.737947),POINT (80.068002 9.737947)
4540946140,1003,village,7000,Kokkuthoduvai,POINT (80.9134448 9.0526011),POINT (80.913445 9.052601)
4544295260,1003,village,0,Jayamalapura,POINT (80.5692092 7.1394794),POINT (80.569209 7.139479)
4546062264,1050,locality,0,Thepanis Cavity,POINT (80.5405725 7.0655748),POINT (80.540572 7.065575)
4548573563,1003,village,500,Ihala Karagahamuna,POINT (79.9382487 7.0170362),POINT (79.938249 7.017036)
4555033283,1004,hamlet,150,Palam Thuna Junction,POINT (79.9243138 6.8949993),POINT (79.924314 6.894999)
4556521105,1003,village,0,Katukithula,POINT (80.6671733 7.0801173),POINT (80.667173 7.080117)
4556773476,1003,village,0,Ruwan Eliya,POINT (80.7775435 6.9430868),POINT (80.777544 6.943087)
4556966559,1003,village,7000,Vattapalai,POINT (80.7831752 9.2510837),POINT (80.783175 9.251084)
4556978377,1003,village,6000,Amarivayal,POINT (80.9242114 8.9231948),POINT (80.924211 8.923195)
4557170039,1003,village,0,Thennamaravady,POINT (80.9145384 8.9756415),POINT (80.914538 8.975642)
4557170062,1003,village,0,Manal Kerni,POINT (80.9223518 8.9706887),POINT (80.922352 8.970689)
4557170071,1003,village,0,Vadda Madu,POINT (80.887692 8.992049),POINT (80.887692 8.992049)
4557505736,1003,village,0,Kokkilai,POINT (80.9513917 9.0003637),POINT (80.951392 9.000364)
4557507751,1003,village,0,Karunaaddukerni,POINT (80.9273186 9.0312239),POINT (80.927319 9.031224)
4557890415,1003,village,0,Kevil,POINT (80.5020797 9.534621),POINT (80.50208 9.534621)
4557902089,1003,village,0,Niththiyaveddai,POINT (80.4715047 9.5503657),POINT (80.471505 9.550366)
4557937627,1003,village,0,Thaddaan Thoddam,POINT (80.4428071 9.5582756),POINT (80.442807 9.558276)
4557937701,1003,village,0,Periya Pachilaipalli,POINT (80.4532333 9.5682464),POINT (80.453233 9.568246)
4557937762,1003,village,0,Kottandarkulam,POINT (80.4267501 9.5765679),POINT (80.42675 9.576568)
4558008087,1003,village,0,Weerasekaragama,POINT (81.1175023 6.7347305),POINT (81.117502 6.73473)
4558095578,1003,village,0,Maduruketiya,POINT (81.3198368 6.839654),POINT (81.319837 6.839654)
4558148615,1003,village,0,Galabedda,POINT (81.3874938 6.9172556),POINT (81.387494 6.917256)
4558152260,1003,village,0,Dombagahawela,POINT (81.4433238 6.9028139),POINT (81.443324 6.902814)
4558160758,1003,village,0,Kiwleyaya,POINT (81.5133775 6.9061536),POINT (81.513378 6.906154)
4558483172,1002,town,0,Nittambuwa,POINT (80.0964975 7.1440793),POINT (80.096498 7.144079)
4559312842,1003,village,0,Chempian Pattu South,POINT (80.3865988 9.6310794),POINT (80.386599 9.631079)
4559339592,1003,village,7000,Gurunagar,POINT (80.0170572 9.6541593),POINT (80.017057 9.654159)
4559454320,1003,village,0,Ulla,POINT (81.8233574 6.8322643),POINT (81.823357 6.832264)
4561207740,1003,village,100,8th Mile Post,POINT (81.2647699 7.0552748),POINT (81.26477 7.055275)
4561221894,1003,village,0,Bakinigahawela,POINT (81.2854365 6.9980174),POINT (81.285436 6.998017)
4561226144,1003,village,0,Dangoniya,POINT (81.2665127 7.0503209),POINT (81.266513 7.050321)
4561226329,1002,town,1500,Medagama,POINT (81.2759979 7.0345143),POINT (81.275998 7.034514)
4561226345,1003,village,0,Dahamgama,POINT (81.2597031 7.0820886),POINT (81.259703 7.082089)
4561226618,1003,village,0,Rideemaliyedda,POINT (81.1285659 7.2122106),POINT (81.128566 7.212211)
4561226635,1003,village,0,Uraniya,POINT (81.109275 7.2352578),POINT (81.109275 7.235258)
4561226682,1004,hamlet,0,Medayaya,POINT (81.0488766 7.2764662),POINT (81.048877 7.276466)
4561229326,1003,village,0,Gurulupotha,POINT (80.9290252 7.3413339),POINT (80.929025 7.341334)
4561229496,1003,village,0,Dambaraawa,POINT (81.0112935 7.3163263),POINT (81.011294 7.316326)
4561394241,1003,village,0,Nawagamuwa,POINT (80.0184276 6.924305),POINT (80.018428 6.924305)
4561515026,1003,village,0,Punitha Nagar,POINT (80.2491335 9.8033467),POINT (80.249134 9.803347)
4561891707,1003,village,8000,Valaippaadu,POINT (80.067496 9.356033),POINT (80.067496 9.356033)
4561905664,1020,island,0,Iranaitivu (North),POINT (79.9801151 9.2914766),POINT (79.980115 9.291477)
4561905665,1020,island,0,Iranaitivu (South),POINT (80.0009867 9.280574),POINT (80.000987 9.280574)
4561907450,1003,village,0,Koddaikaadu,POINT (79.9391777 9.724346),POINT (79.939178 9.724346)
4561921828,1003,village,7000,Kiraanchi,POINT (80.105115 9.3306832),POINT (80.105115 9.330683)
4561921831,1003,village,7000,Veravil,POINT (80.0852606 9.349875),POINT (80.085261 9.349875)
4561954978,1003,village,0,Kumulamunai,POINT (80.1284882 9.2801316),POINT (80.128488 9.280132)
4561954979,1003,village,7000,Naachikudaa,POINT (80.1242454 9.2594283),POINT (80.124245 9.259428)
4562777963,1003,village,0,Jeyapuram South,POINT (80.1771829 9.3136825),POINT (80.177183 9.313682)
4562777964,1002,town,8000,Mulankavil,POINT (80.1461421 9.2504437),POINT (80.146142 9.250444)
4562777965,1003,village,7000,Jeyapuram,POINT (80.1819659 9.3508729),POINT (80.181966 9.350873)
4563125052,1003,village,7000,Pallavarayankaddu,POINT (80.1562292 9.2994486),POINT (80.156229 9.299449)
4563125053,1003,village,7000,Kariyalai Nagapaduvaan,POINT (80.1518463 9.2826929),POINT (80.151846 9.282693)
4564205037,1003,village,0,Erumaitivu,POINT (80.0556553 9.3386215),POINT (80.055655 9.338622)
4564207077,1003,village,0,Kaakaitivu,POINT (80.0802804 9.3165111),POINT (80.08028 9.316511)
4564230254,1003,village,0,Chempankundu,POINT (80.196487 9.4344191),POINT (80.196487 9.434419)
4564230255,1003,village,0,Madduvilnadu,POINT (80.188732 9.5145954),POINT (80.188732 9.514595)
4564230256,1003,village,0,Palavi,POINT (80.1262894 9.4171693),POINT (80.126289 9.417169)
4564253708,1003,village,0,Pallikuda,POINT (80.1881942 9.4873618),POINT (80.188194 9.487362)
4564293314,1003,village,0,Keerimunai,POINT (80.0589382 9.38931),POINT (80.058938 9.38931)
4564293317,1003,village,0,Ponnaveli,POINT (80.0838376 9.3742272),POINT (80.083838 9.374227)
4564293325,1003,village,0,Vannakanvelli,POINT (80.1775958 9.4634044),POINT (80.177596 9.463404)
4564293328,1003,village,0,Kaaralkaddumunai,POINT (80.0809013 9.4032602),POINT (80.080901 9.40326)
4564293340,1003,village,0,Pallamadu,POINT (80.1171666 9.4095536),POINT (80.117167 9.409554)
4564316913,1003,village,0,Nochchimunai,POINT (80.1197925 9.2858389),POINT (80.119792 9.285839)
4564431588,1003,village,8000,Mudkompan,POINT (80.2680462 9.3850772),POINT (80.268046 9.385077)
4564431889,1004,hamlet,0,Saamipulam,POINT (80.2766865 9.4444039),POINT (80.276686 9.444404)
4564585300,1003,village,7000,Annathevan Vayal,POINT (80.2882303 9.4463997),POINT (80.28823 9.4464)
4564614345,1003,village,0,Vannerikkulam,POINT (80.2279309 9.3173426),POINT (80.227931 9.317343)
4564614346,1003,village,0,Kunchchukkulam,POINT (80.2343612 9.3371814),POINT (80.234361 9.337181)
4564614347,1003,village,0,Manniyakulam,POINT (80.2048562 9.3193578),POINT (80.204856 9.319358)
4564634116,1004,hamlet,0,Nachiyankuda,POINT (80.2130799 9.3514985),POINT (80.21308 9.351498)
4564634126,1004,hamlet,0,Vannaradampan,POINT (80.246222 9.3689076),POINT (80.246222 9.368908)
4564634172,1004,hamlet,0,Nochchimoddaj,POINT (80.2570726 9.3539796),POINT (80.257073 9.35398)
4564642052,1003,village,0,Aanai Vilunthaan,POINT (80.2585598 9.3132205),POINT (80.25856 9.31322)
4564642053,1004,hamlet,0,Aiyanarpuram,POINT (80.2454063 9.3075572),POINT (80.245406 9.307557)
4564642054,1002,town,0,Thirumurikandy,POINT (80.4040773 9.3019227),POINT (80.404077 9.301923)
4564642055,1002,town,0,Akkarayan,POINT (80.3111737 9.3127222),POINT (80.311174 9.312722)
4565219494,1003,village,0,Kumarapuram,POINT (80.3734062 9.4422694),POINT (80.373406 9.442269)
4565219495,1003,village,0,Periya Paranthan,POINT (80.3722355 9.4285834),POINT (80.372236 9.428583)
4565936557,1002,town,0,Uruthirapuram,POINT (80.3537324 9.3931317),POINT (80.353732 9.393132)
4565936558,1003,village,0,Puthumurippu,POINT (80.3538309 9.3742599),POINT (80.353831 9.37426)
4565964653,1003,village,0,Kanagapuram,POINT (80.3907886 9.3913713),POINT (80.390789 9.391371)
4565964654,1004,hamlet,0,Sivanagar,POINT (80.3377337 9.3940322),POINT (80.337734 9.394032)
4566792161,1003,village,0,Kotugoda,POINT (79.9213854 7.1214891),POINT (79.921385 7.121489)
4567081610,1003,village,0,Kollakurichy,POINT (80.2299329 9.490068),POINT (80.229933 9.490068)
4568230715,1003,village,0,Konavil,POINT (80.3256429 9.3628722),POINT (80.325643 9.362872)
4568230717,1003,village,0,Ootupulam,POINT (80.3410602 9.3599548),POINT (80.34106 9.359955)
4568429149,1003,village,0,Umayalpuram,POINT (80.3971117 9.4653678),POINT (80.397112 9.465368)
4568429153,1003,village,0,Uthayanagar,POINT (80.3985016 9.3781747),POINT (80.398502 9.378175)
4568429160,1003,village,0,Unionkulam,POINT (80.3219249 9.3403387),POINT (80.321925 9.340339)
4568429164,1003,village,0,Amathipuram,POINT (80.3280628 9.3155118),POINT (80.328063 9.315512)
4568429166,1003,village,0,Selvanagar,POINT (80.3644839 9.3771376),POINT (80.364484 9.377138)
4568506257,1003,village,0,Aananthapuram,POINT (80.4006861 9.3913727),POINT (80.400686 9.391373)
4568506258,1003,village,0,Ambaalkulam,POINT (80.3778472 9.3807636),POINT (80.377847 9.380764)
4568506259,1003,village,0,Jeyanthi Nagar,POINT (80.3728293 9.4104029),POINT (80.372829 9.410403)
4568506260,1003,village,0,Thondaman Nagar,POINT (80.4133418 9.378808),POINT (80.413342 9.378808)
4568518976,1003,village,0,Kanesa Puram,POINT (80.3881299 9.4231254),POINT (80.38813 9.423125)
4568525556,1003,village,0,Kanakambikai Kulam,POINT (80.4166038 9.3500313),POINT (80.416604 9.350031)
4568632825,1003,village,0,Adampan,POINT (80.3409893 9.3858533),POINT (80.340989 9.385853)
4568632829,1003,village,0,Thirunagar,POINT (80.3939075 9.415366),POINT (80.393908 9.415366)
4568632837,1003,village,0,Uruthirapuram West,POINT (80.3194763 9.4112398),POINT (80.319476 9.41124)
4568647548,1003,village,0,Barathipuram,POINT (80.4021049 9.3469648),POINT (80.402105 9.346965)
4568647549,1003,village,0,Malayalapuram,POINT (80.38643 9.346371),POINT (80.38643 9.346371)
4568647550,1003,village,0,Krishnapuran,POINT (80.3747854 9.3559799),POINT (80.374785 9.35598)
4568649749,1003,village,0,Ariviyal Nagar,POINT (80.3977174 9.3172475),POINT (80.397717 9.317248)
4568654436,1004,hamlet,0,Vasanthanagar,POINT (80.4233956 9.3137072),POINT (80.423396 9.313707)
4568654437,1003,village,0,Ponnagar,POINT (80.3997343 9.3100248),POINT (80.399734 9.310025)
4568654438,1003,village,0,Saanthapuram,POINT (80.4257767 9.3314848),POINT (80.425777 9.331485)
4568772490,1002,town,0,Visuvamadu,POINT (80.5477313 9.3843332),POINT (80.547731 9.384333)
4568772492,1002,town,0,Vaddakachchi,POINT (80.4575555 9.3694691),POINT (80.457556 9.369469)
4568772494,1003,village,1417,Theravil,POINT (80.5909043 9.3582879),POINT (80.590904 9.358288)
4568772498,1003,village,0,Kulathady,POINT (80.5515103 9.3653338),POINT (80.55151 9.365334)
4568772500,1003,village,0,Ramanthapuram,POINT (80.4828404 9.366276),POINT (80.48284 9.366276)
4568772505,1002,town,0,Tharmapuram,POINT (80.523989 9.407019),POINT (80.523989 9.407019)
4568772513,1003,village,0,Punnaineeravi,POINT (80.559231 9.4014892),POINT (80.559231 9.401489)
4568772515,1003,village,0,Kaiveli,POINT (80.672504 9.3325555),POINT (80.672504 9.332556)
4568772518,1003,village,0,Maayavanoor,POINT (80.4704357 9.358896),POINT (80.470436 9.358896)
4568772520,1003,village,0,Piramanthanaru,POINT (80.5716468 9.4036592),POINT (80.571647 9.403659)
4568772522,1003,village,1917,Vallipunam,POINT (80.6401412 9.3467389),POINT (80.640141 9.346739)
4568993259,1003,village,0,Murasumoddai,POINT (80.4539748 9.4407572),POINT (80.453975 9.440757)
4569012874,1003,village,0,Korakkankaddu,POINT (80.4554155 9.4574293),POINT (80.455416 9.457429)
4569039043,1003,village,0,Navakkoddiyaan,POINT (80.4150155 9.5007091),POINT (80.415016 9.500709)
4569095506,1003,village,0,Thimilamadam,POINT (80.4322967 9.5033028),POINT (80.432297 9.503303)
4569095536,1003,village,0,Kulairetam,POINT (80.4094464 9.4911993),POINT (80.409446 9.491199)
4569095537,1003,village,0,Ooriyaan,POINT (80.4470285 9.4814169),POINT (80.447028 9.481417)
4569095603,1003,village,0,Thadduvankoddy,POINT (80.4257994 9.4907775),POINT (80.425799 9.490778)
4569710500,1003,village,0,Kandawalai,POINT (80.4854667 9.4674356),POINT (80.485467 9.467436)
4570273455,1010,suburb,0,Awariwatte,POINT (79.8830239 7.1657053),POINT (79.883024 7.165705)
4571042627,1003,village,0,Kalmadu Nagar,POINT (80.5114658 9.3700255),POINT (80.511466 9.370026)
4571513161,1003,village,0,Puliyampokkanai,POINT (80.5298222 9.4460491),POINT (80.529822 9.446049)
4571540424,1003,village,2853,Thevipuram,POINT (80.6637624 9.3611525),POINT (80.663762 9.361152)
4571540441,1003,village,0,Velikkandal,POINT (80.4860742 9.4302764),POINT (80.486074 9.430276)
4571540445,1003,village,0,Kumarasamipuram,POINT (80.5680736 9.3753091),POINT (80.568074 9.375309)
4571540462,1003,village,2598,Suthanthirapuram,POINT (80.6315005 9.3970437),POINT (80.6315 9.397044)
4572311618,1004,hamlet,0,Pandimoddai,POINT (80.4613772 9.4860266),POINT (80.461377 9.486027)
4573179798,1003,village,0,Kalaveddithidal,POINT (80.5468005 9.4460883),POINT (80.5468 9.446088)
4574236874,1003,village,0,Kariyalvayal,POINT (80.6147097 9.4346171),POINT (80.61471 9.434617)
4574236875,1003,village,0,Kallaaru,POINT (80.573203 9.4283372),POINT (80.573203 9.428337)
4574239898,1050,locality,0,Nallathanni Thoduvaai,POINT (80.6286326 9.4487661),POINT (80.628633 9.448766)
4575107290,1003,village,0,Peyparaipiddy,POINT (80.6510161 9.431503),POINT (80.651016 9.431503)
4575107291,1004,hamlet,0,Koramoddai,POINT (80.657862 9.4249918),POINT (80.657862 9.424992)
4575107292,1003,village,0,Paddikkarai,POINT (80.6890689 9.3984514),POINT (80.689069 9.398451)
4575269358,1003,village,0,Maniyanthoddam,POINT (80.0598738 9.6459456),POINT (80.059874 9.645946)
4576278238,1003,village,0,Skanthapuram,POINT (80.3060513 9.3364212),POINT (80.306051 9.336421)
4578444397,1003,village,1500,Nawana,POINT (80.095518 7.2713983),POINT (80.095518 7.271398)
4578872797,1003,village,0,Vellamullivaaykaal,POINT (80.7845274 9.3007448),POINT (80.784527 9.300745)
4578872812,1003,village,0,Silawaththai,POINT (80.8287244 9.2392181),POINT (80.828724 9.239218)
4578872815,1003,village,0,Kallapaadu,POINT (80.8207897 9.2560167),POINT (80.82079 9.256017)
4578872818,1003,village,0,Vadduvaahal,POINT (80.8067619 9.2881312),POINT (80.806762 9.288131)
4579222671,1003,village,0,Kumulamunai,POINT (80.8152615 9.1527674),POINT (80.815262 9.152767)
4579222672,1003,village,0,Semmalai,POINT (80.8654084 9.1557669),POINT (80.865408 9.155767)
4579222673,1003,village,0,Alampil,POINT (80.8536163 9.1744553),POINT (80.853616 9.174455)
4579222674,1003,village,0,Naayaaru,POINT (80.8779893 9.1311986),POINT (80.877989 9.131199)
4579338384,1003,village,0,Ulaathuveli,POINT (80.8895344 9.0932734),POINT (80.889534 9.093273)
4579338556,1003,village,0,Aandaankulam,POINT (80.8374952 9.121502),POINT (80.837495 9.121502)
4579351950,1003,village,0,Thaanneerootu,POINT (80.7907327 9.225396),POINT (80.790733 9.225396)
4579357260,1003,village,0,Maamoolai,POINT (80.7867834 9.2083503),POINT (80.786783 9.20835)
4579357261,1003,village,0,Kanukkerni,POINT (80.8027819 9.21892),POINT (80.802782 9.21892)
4579357262,1003,village,0,Kumarapuram,POINT (80.8050726 9.2270357),POINT (80.805073 9.227036)
4579792972,1003,village,0,Paddikudiyiruppu,POINT (80.6967525 9.0057434),POINT (80.696752 9.005743)
4579792973,1003,village,0,Katkulam,POINT (80.6811258 9.0028673),POINT (80.681126 9.002867)
4579792974,1003,village,0,Paddaipirinthakulam,POINT (80.6641444 8.999723),POINT (80.664144 8.999723)
4579792975,1003,village,0,Olumadu,POINT (80.6659216 9.0292075),POINT (80.665922 9.029208)
4579792976,1003,village,0,Senaippulavu,POINT (80.6693393 9.0557058),POINT (80.669339 9.055706)
4580763274,1003,village,0,Iruddumadu,POINT (80.6109228 9.3760897),POINT (80.610923 9.37609)
4580961168,1003,village,0,Kombavil,POINT (80.7008078 9.3392814),POINT (80.700808 9.339281)
4580961178,1003,village,0,Sivanagar,POINT (80.7116181 9.3251635),POINT (80.711618 9.325164)
4581021538,1003,village,0,Idaikaadu,POINT (80.7294722 9.3562598),POINT (80.729472 9.35626)
4581021539,1003,village,0,Keppapulavu,POINT (80.7543639 9.2743792),POINT (80.754364 9.274379)
4581021541,1003,village,0,Aananthapuram,POINT (80.7236963 9.3299616),POINT (80.723696 9.329962)
4581021543,1003,village,0,Thevapiddy,POINT (80.695562 9.3912931),POINT (80.695562 9.391293)
4581021544,1003,village,0,Manthuvil,POINT (80.7244807 9.3148073),POINT (80.724481 9.314807)
4581081667,1003,village,0,Pirappuvedduvaan,POINT (80.6923955 9.2512466),POINT (80.692396 9.251247)
4581081668,1003,village,0,Katchilaimadu,POINT (80.6624034 9.1880262),POINT (80.662403 9.188026)
4581081669,1003,village,0,Kerudamadu,POINT (80.6837223 9.2191377),POINT (80.683722 9.219138)
4581364054,1003,village,0,Nochchimoddai,POINT (80.49094 8.8288863),POINT (80.49094 8.828886)
4581724338,1003,village,0,Kulavisuddan,POINT (80.6024186 9.0769085),POINT (80.602419 9.076908)
4581724344,1003,village,0,Alaikallupoddakulam,POINT (80.5571766 8.87683),POINT (80.557177 8.87683)
4581724351,1003,village,0,Semamadu,POINT (80.5820239 8.8981905),POINT (80.582024 8.89819)
4581724357,1003,village,0,Maraiyadiththakulam,POINT (80.5377244 8.9170562),POINT (80.537724 8.917056)
4581724371,1003,village,0,Mathiyaamadu,POINT (80.5695431 9.0057816),POINT (80.569543 9.005782)
4581724377,1003,village,0,Navatkulam,POINT (80.5415144 8.862291),POINT (80.541514 8.862291)
4581724391,1003,village,0,Sinnadampan,POINT (80.5589242 9.0504944),POINT (80.558924 9.050494)
4581724409,1003,village,0,Velankulam,POINT (80.6242371 9.054946),POINT (80.624237 9.054946)
4581724410,1003,village,0,Vingnanakulam,POINT (80.530127 9.0667258),POINT (80.530127 9.066726)
4581724416,1003,village,0,Mallikai,POINT (80.5643997 8.901813),POINT (80.5644 8.901813)
4581724417,1003,village,0,Periyamadu,POINT (80.5702968 9.0635659),POINT (80.570297 9.063566)
4581724429,1003,village,0,Anantharpuliyankulam,POINT (80.5949426 8.9716022),POINT (80.594943 8.971602)
4581724430,1003,village,0,Karappukuththi,POINT (80.5469433 9.0693702),POINT (80.546943 9.06937)
4581724436,1003,village,0,Arumugathaanputhukulam,POINT (80.5492513 8.9025891),POINT (80.549251 8.902589)
4581724448,1003,village,0,Ilamaruthankulam,POINT (80.580121 8.8534547),POINT (80.580121 8.853455)
4581726700,1003,village,0,Nochikulam,POINT (80.5922643 8.950419),POINT (80.592264 8.950419)
4581726701,1003,village,0,Sannasiparanthan,POINT (80.6273472 9.0380766),POINT (80.627347 9.038077)
4581786382,1003,village,0,Keerisuddan,POINT (80.6742984 9.0148007),POINT (80.674298 9.014801)
4581786385,1003,village,0,Thanduvan,POINT (80.6764165 9.0959417),POINT (80.676416 9.095942)
4581786387,1003,village,0,Palaiyavaadi,POINT (80.5476297 8.949004),POINT (80.54763 8.949004)
4581787089,1003,village,0,Maruthodai,POINT (80.6792449 8.9659504),POINT (80.679245 8.96595)
4581787091,1003,village,0,Vedivaithakallu,POINT (80.6876836 8.9372988),POINT (80.687684 8.937299)
4581787092,1003,village,0,Samalankulam,POINT (80.5863538 8.9426359),POINT (80.586354 8.942636)
4581787093,1003,village,0,Kovilpuliyankulam,POINT (80.6734882 8.9501001),POINT (80.673488 8.9501)
4582291161,1003,village,500,Sengamuva,POINT (81.7646063 6.8823439),POINT (81.764606 6.882344)
4582294972,1003,village,1000,Hulannuge,POINT (81.6651509 6.9145663),POINT (81.665151 6.914566)
4582299750,1003,village,250,Mahakalugolla,POINT (81.6132741 6.9175517),POINT (81.613274 6.917552)
4584063162,1003,village,0,Periyakulam,POINT (80.6896742 9.0448928),POINT (80.689674 9.044893)
4584063164,1003,village,0,Othiyamalai,POINT (80.7077091 9.0513808),POINT (80.707709 9.051381)
4584063166,1003,village,0,Palampaasi,POINT (80.6903114 9.0779153),POINT (80.690311 9.077915)
4584094425,1003,village,0,Panarakulam,POINT (80.654184 9.0998333),POINT (80.654184 9.099833)
4584094432,1003,village,0,Alaikallupoddakulam,POINT (80.6529889 9.0854033),POINT (80.652989 9.085403)
4584127685,1003,village,0,Maraviluppai,POINT (80.6462682 9.0753582),POINT (80.646268 9.075358)
4584681945,1003,village,0,Periya Iththimadu,POINT (80.6737449 9.1317771),POINT (80.673745 9.131777)
4584681953,1003,village,0,Thaddamalai,POINT (80.6831619 9.124095),POINT (80.683162 9.124095)
4584681959,1003,village,0,Puthukulam,POINT (80.6650247 9.1479662),POINT (80.665025 9.147966)
4584691373,1003,village,0,Maruthampooval,POINT (80.6930093 9.2844389),POINT (80.693009 9.284439)
4584716299,1003,village,0,Kallikaadu,POINT (80.7338066 9.1616789),POINT (80.733807 9.161679)
4584716300,1003,village,0,Kodalikkallu,POINT (80.7092909 9.1379057),POINT (80.709291 9.137906)
4584716310,1003,village,0,Karuvelankandal,POINT (80.689869 9.1676823),POINT (80.689869 9.167682)
4584716316,1003,village,0,Thenduki,POINT (80.7250131 9.1476149),POINT (80.725013 9.147615)
4584716326,1003,village,0,Kulamurippu,POINT (80.7036273 9.190184),POINT (80.703627 9.190184)
4585251205,1003,village,0,Kuswala,POINT (79.893921 7.1517948),POINT (79.893921 7.151795)
4585252971,1003,village,0,Kotugoda,POINT (79.9013863 7.1307387),POINT (79.901386 7.130739)
4585254078,1004,hamlet,0,Muthuwadiya Junction,POINT (79.8941405 7.1334755),POINT (79.89414 7.133476)
4585256770,1004,hamlet,0,Wewe Junction,POINT (79.9341611 7.1223793),POINT (79.934161 7.122379)
4585258963,1004,hamlet,0,Kotugoda Junction,POINT (79.921341 7.1214674),POINT (79.921341 7.121467)
4585273083,1004,hamlet,0,Kehelbaddara,POINT (79.9665009 7.1225593),POINT (79.966501 7.122559)
4585277484,1004,hamlet,0,Kirindiwita,POINT (79.9759666 7.1195966),POINT (79.975967 7.119597)
4585278166,1003,village,0,Katugasthara,POINT (79.9724687 7.0975197),POINT (79.972469 7.09752)
4585279368,1003,village,0,Kirindiwita,POINT (79.9687975 7.0918212),POINT (79.968798 7.091821)
4585292860,1003,village,0,Oruthota,POINT (79.9871329 7.0808908),POINT (79.987133 7.080891)
4585308831,1003,village,0,Ranmuthugala,POINT (79.9718758 7.0198142),POINT (79.971876 7.019814)
4585528548,1003,village,0,Thekilpadanthaan,POINT (80.615849 9.0891192),POINT (80.615849 9.089119)
4586244197,1003,village,0,Karippaddamurippu,POINT (80.5239966 9.152707),POINT (80.523997 9.152707)
4586244236,1003,village,0,Manavalapaddamurippu,POINT (80.5629801 9.1601914),POINT (80.56298 9.160191)
4586244247,1003,village,0,Olumadu,POINT (80.4834342 9.1512365),POINT (80.483434 9.151236)
4586244306,1003,village,0,Periya Puliyankulam,POINT (80.5075824 9.1398584),POINT (80.507582 9.139858)
4586272238,1003,village,0,Panainidakulam,POINT (80.5555156 9.1146773),POINT (80.555516 9.114677)
4586272266,1003,village,0,Katkidanku,POINT (80.5131389 9.1042081),POINT (80.513139 9.104208)
4586272392,1003,village,0,Maraikuddy,POINT (80.5133731 9.0921191),POINT (80.513373 9.092119)
4586272394,1003,village,0,Murikandi,POINT (80.5144786 9.1469195),POINT (80.514479 9.14692)
4586272419,1003,village,0,Vannarmaruthankulam,POINT (80.5298792 9.099811),POINT (80.529879 9.099811)
4586289238,1003,village,0,Nallimurippu,POINT (80.676324 9.14593),POINT (80.676324 9.14593)
4586773945,1003,village,0,Bellanvila,POINT (79.8906632 6.8452291),POINT (79.890663 6.845229)
4586773946,1004,hamlet,0,Bellanthara,POINT (79.8850127 6.8540681),POINT (79.885013 6.854068)
4587038703,1003,village,0,Pulumachilanthikulam,POINT (80.4795802 9.1817595),POINT (80.47958 9.18176)
4588385601,1003,village,0,Pilakudiyiruppu,POINT (80.7230303 9.2733403),POINT (80.72303 9.27334)
4588499245,1003,village,0,Andiambalama,POINT (79.8991441 7.1872616),POINT (79.899144 7.187262)
4588505790,1003,village,0,Miriswatte,POINT (79.9089049 7.2304363),POINT (79.908905 7.230436)
4588533125,1003,village,0,Demanhandiya,POINT (79.8972523 7.2279463),POINT (79.897252 7.227946)
4588536873,1003,village,0,Katiyala,POINT (79.8892821 7.2163845),POINT (79.889282 7.216384)
4588751979,1003,village,0,Kadawala,POINT (79.9410965 7.2340271),POINT (79.941096 7.234027)
4588758075,1004,hamlet,0,Disagewatte,POINT (79.9211779 7.2349212),POINT (79.921178 7.234921)
4589328749,1003,village,0,Udayarkaddu,POINT (80.6158449 9.350484),POINT (80.615845 9.350484)
4589425439,1003,village,250,Kanulwela,POINT (81.2396279 7.1199551),POINT (81.239628 7.119955)
4589449039,1003,village,0,Janakapura,POINT (80.8431325 9.0178892),POINT (80.843132 9.017889)
4590614101,1050,locality,0,Kallikulam,POINT (80.5648692 8.8321573),POINT (80.564869 8.832157)
4590614102,1003,village,0,Unchalkaddi,POINT (80.6535361 8.9627632),POINT (80.653536 8.962763)
4590628182,1003,village,0,Naambankulam,POINT (80.5337738 8.8462455),POINT (80.533774 8.846246)
4590655527,1003,village,0,Ethawatunuwewa,POINT (80.7440884 8.9736866),POINT (80.744088 8.973687)
4590655528,1003,village,1500,Parakramapura,POINT (80.7751942 8.9079986),POINT (80.775194 8.907999)
4590681515,1050,locality,0,Uttukulam,POINT (80.6598571 8.9086569),POINT (80.659857 8.908657)
4591746219,1003,village,0,Ballapitiya,POINT (80.0757106 6.6900202),POINT (80.075711 6.69002)
4591765857,1003,village,0,Pudavaikaddikulam,POINT (80.6356171 8.9471616),POINT (80.635617 8.947162)
4591765858,1003,village,0,Kalmadukulam,POINT (80.6080611 8.9220914),POINT (80.608061 8.922091)
4591903465,1003,village,250,Valluvarpuram,POINT (80.5723924 9.3686053),POINT (80.572392 9.368605)
4592784969,1003,village,0,Uduppukulam,POINT (80.8260831 9.1972588),POINT (80.826083 9.197259)
4592787317,1003,village,0,Mankindimalai,POINT (80.8696628 9.0522586),POINT (80.869663 9.052259)
4592840190,1003,village,0,Nikawewa South,POINT (80.7609352 8.9587033),POINT (80.760935 8.958703)
4592840191,1003,village,0,Sampathnuwara,POINT (80.7754194 8.9745803),POINT (80.775419 8.97458)
4593663669,1003,village,750,Kawatayamuna,POINT (80.6224434 7.5568916),POINT (80.622443 7.556892)
4593668189,1004,hamlet,150,Ambanganga Junction,POINT (80.6252737 7.5565774),POINT (80.625274 7.556577)
4593688116,1004,hamlet,0,"""Kavanthissapura"" Colony",POINT (80.8525016 8.9532698),POINT (80.852502 8.95327)
4593688117,1004,hamlet,0,Potakulam,POINT (80.9171286 8.9834245),POINT (80.917129 8.983424)
4593688141,1004,hamlet,0,Perumurippu Kulam,POINT (80.848333 8.9386923),POINT (80.848333 8.938692)
4593688145,1004,hamlet,0,Kanthasamy Malai,POINT (80.9244434 8.9664095),POINT (80.924443 8.96641)
4593689297,1004,hamlet,150,Kongahamula,POINT (80.627791 7.5505036),POINT (80.627791 7.550504)
4593702584,1003,village,0,Eramadu,POINT (80.8905925 8.9043648),POINT (80.890592 8.904365)
4593704415,1010,suburb,2500,Aluwihare,POINT (80.6234156 7.4979277),POINT (80.623416 7.497928)
4594129508,1004,hamlet,0,Mahanikawewa,POINT (80.802768 8.9158512),POINT (80.802768 8.915851)
4594129512,1003,village,0,Padavisripura,POINT (80.8140558 8.9287662),POINT (80.814056 8.928766)
4594129518,1004,hamlet,0,Palugaswewa,POINT (80.8088213 8.9230408),POINT (80.808821 8.923041)
4594129558,1004,hamlet,0,Gemunupura,POINT (80.8132333 8.947303),POINT (80.813233 8.947303)
4595517622,1003,village,0,Jayanthiwewa Colony,POINT (80.8283898 8.8927174),POINT (80.82839 8.892717)
4595517631,1003,village,0,Jayanthipura Colony,POINT (80.8306463 8.8983263),POINT (80.830646 8.898326)
4596186834,1003,village,0,SriTissapuraColony,POINT (80.8439364 8.9011663),POINT (80.843936 8.901166)
4599037208,1003,village,0,Sinnapoovarasankulam,POINT (80.6002382 8.9916944),POINT (80.600238 8.991694)
4599037230,1003,village,0,Sapumalthenna,POINT (80.7511252 8.9432744),POINT (80.751125 8.943274)
4599037237,1003,village,0,Thuvaranery,POINT (80.5738508 8.9786944),POINT (80.573851 8.978694)
4599492066,1003,village,0,Kulaankulam,POINT (80.6822652 8.9221944),POINT (80.682265 8.922194)
4599562988,1003,village,0,Kaddupoovarasankulam,POINT (80.704165 8.9530569),POINT (80.704165 8.953057)
4599569689,1003,village,0,Kanchuramoddai,POINT (80.690222 8.972055),POINT (80.690222 8.972055)
4600893403,1003,village,1500,Kaluaggala,POINT (80.0859325 7.2371842),POINT (80.085932 7.237184)
4600910033,1003,village,1500,Maharagama,POINT (80.1319289 7.3398311),POINT (80.131929 7.339831)
4601080375,1003,village,0,Mahawewa,POINT (79.828465 7.471698),POINT (79.828465 7.471698)
4601098761,1003,village,1000,Halpanwila,POINT (79.8310409 7.4372627),POINT (79.831041 7.437263)
4601100187,1003,village,150,Koswadiya,POINT (79.8233024 7.4400821),POINT (79.823302 7.440082)
4601115978,1003,village,0,Ariylai South West,POINT (80.03613 9.6606716),POINT (80.03613 9.660672)
4602948643,1003,village,0,Maamadu,POINT (80.6781424 9.075972),POINT (80.678142 9.075972)
4602960223,1003,village,0,Nochikulam,POINT (80.6416324 8.9972523),POINT (80.641632 8.997252)
4602960232,1003,village,0,Koraimoddai,POINT (80.650346 8.9783998),POINT (80.650346 8.9784)
4603432446,1050,locality,0,Veddukanary,POINT (80.8115741 9.0139364),POINT (80.811574 9.013936)
4604011275,1003,village,0,Sinnathambanai,POINT (80.299679 8.7899315),POINT (80.299679 8.789932)
4604906384,1050,locality,0,Thuvarankulam,POINT (80.7948212 9.0202107),POINT (80.794821 9.020211)
4604924970,1050,locality,0,Suvanthamurippukulam,POINT (80.8557152 9.0370886),POINT (80.855715 9.037089)
4605368563,1003,village,0,Kathaliyarasamalankulam,POINT (80.6511315 9.1221747),POINT (80.651132 9.122175)
4610779533,1050,locality,0,Puvarasantheevu,POINT (80.0810132 9.6100267),POINT (80.081013 9.610027)
4610779542,1050,locality,0,Maantheevu,POINT (80.0729062 9.605841),POINT (80.072906 9.605841)
4610779550,1050,locality,0,Kannaatheevu,POINT (80.0970015 9.5960007),POINT (80.097002 9.596001)
4614075525,1050,locality,0,Sinna Ittimadu,POINT (80.6894869 9.1589489),POINT (80.689487 9.158949)
4614083195,1050,locality,0,Udayarsamalankulam,POINT (80.5947816 9.1776664),POINT (80.594782 9.177666)
4614117023,1050,locality,0,Thaddayamalai,POINT (80.6220074 9.1894514),POINT (80.622007 9.189451)
4614117060,1050,locality,0,Marakkaramoddai,POINT (80.6169624 9.1796634),POINT (80.616962 9.179663)
4616391185,1050,locality,0,Thonikallu,POINT (80.6281698 9.1864977),POINT (80.62817 9.186498)
4623396772,1050,locality,0,Muthalaipallathoduvai,POINT (80.5964549 9.474484),POINT (80.596455 9.474484)
4623421989,1004,hamlet,0,Valanthalai,POINT (79.8886639 9.7442647),POINT (79.888664 9.744265)
4623430469,1004,hamlet,0,Kovalam,POINT (79.866122 9.7588795),POINT (79.866122 9.75888)
4628054241,1003,village,0,Puthiyavelarsinnakulam,POINT (80.5229497 8.8992957),POINT (80.52295 8.899296)
4631002365,1004,hamlet,0,Karunkaali,POINT (79.8630032 9.7293117),POINT (79.863003 9.729312)
4631874667,1003,village,0,Kanampella,POINT (80.1346771 6.9560254),POINT (80.134677 6.956025)
4632069170,1050,locality,0,Muthaliyarkulam,POINT (80.4779797 9.2390405),POINT (80.47798 9.23904)
4632069183,1050,locality,0,Alavedduvan,POINT (80.4859251 9.2238408),POINT (80.485925 9.223841)
4632099716,1050,locality,0,Alankulam,POINT (80.4653421 9.261462),POINT (80.465342 9.261462)
4634651715,1003,village,0,Puththuvedduvan,POINT (80.3692406 9.2562752),POINT (80.369241 9.256275)
4634651864,1003,village,0,Palayamurikandy,POINT (80.3326594 9.2463178),POINT (80.332659 9.246318)
4634679075,1003,village,0,Iyankankulam,POINT (80.3274813 9.2149491),POINT (80.327481 9.214949)
4636807656,1010,suburb,0,Magampura Mahinda Rajapaksa Sovereign Port Area,POINT (81.0941852 6.1265234),POINT (81.094185 6.126523)
4638895690,1003,village,0,Therankadal,POINT (80.3019587 9.1623434),POINT (80.301959 9.162343)
4638895716,1003,village,0,Veddaiyadaippu,POINT (80.2887094 9.1770961),POINT (80.288709 9.177096)
4638895795,1003,village,0,Uyilankulam,POINT (80.2891455 9.1951926),POINT (80.289146 9.195193)
4638895825,1003,village,0,Alankulam,POINT (80.2857336 9.1666308),POINT (80.285734 9.166631)
4639408685,1003,village,0,Thenniyan Kulam,POINT (80.2509106 9.210702),POINT (80.250911 9.210702)
4639408784,1050,locality,0,Nallathanni Kayamoddai,POINT (80.2222966 9.2073372),POINT (80.222297 9.207337)
4641460297,1003,village,0,Hathamuna,POINT (79.9824578 6.8167123),POINT (79.982458 6.816712)
4641593153,1003,village,0,Ambalaperumalkulam,POINT (80.2805262 9.2632403),POINT (80.280526 9.26324)
4641597923,1003,village,0,Koddaikaddiyakulam,POINT (80.2708324 9.2362535),POINT (80.270832 9.236254)
4643727566,1050,locality,0,Pudarimadu,POINT (80.2104156 9.2019401),POINT (80.210416 9.20194)
4643727580,1050,locality,0,Vadali Kayamoddai,POINT (80.213932 9.1918738),POINT (80.213932 9.191874)
4646258151,1004,hamlet,0,Thirunagar,POINT (80.2896703 9.1319806),POINT (80.28967 9.131981)
4646258174,1003,village,0,Yogapuram,POINT (80.2984594 9.1317791),POINT (80.298459 9.131779)
4646263595,1003,village,0,Aninchiyankulam,POINT (80.3145008 9.1247501),POINT (80.314501 9.12475)
4646263644,1002,town,0,Mallavi,POINT (80.2923074 9.1466637),POINT (80.292307 9.146664)
4646269706,1003,village,0,Vannivilankulam,POINT (80.3988968 9.1263553),POINT (80.398897 9.126355)
4646269707,1003,village,0,Paalaipaani,POINT (80.3891597 9.0457767),POINT (80.38916 9.045777)
4647981713,1002,town,25000,Homagama,POINT (80.0034457 6.8412384),POINT (80.003446 6.841238)
4648762505,1050,locality,0,Aiyamperumal,POINT (80.5932492 9.2105566),POINT (80.593249 9.210557)
4648762506,1050,locality,0,Kokavil (Old),POINT (80.4898339 9.3199034),POINT (80.489834 9.319903)
4649181927,1003,village,0,Thachadampan,POINT (80.5064289 9.1594123),POINT (80.506429 9.159412)
4650388655,1050,locality,0,Vadakadu,POINT (80.3545447 9.1429048),POINT (80.354545 9.142905)
4651093121,1003,village,0,Kalvilaan,POINT (80.2397385 9.1399487),POINT (80.239738 9.139949)
4651093138,1003,village,0,Thunukkai,POINT (80.2708674 9.1431816),POINT (80.270867 9.143182)
4658137133,1003,village,0,Puthukulam,POINT (80.5015397 9.0371488),POINT (80.50154 9.037149)
4661452781,1003,village,0,Kannakipuram,POINT (80.2957442 9.3772161),POINT (80.295744 9.377216)
4661457914,1003,village,0,Ambalpuram,POINT (80.3680727 9.107396),POINT (80.368073 9.107396)
4661480149,1003,village,0,Paali Nagar,POINT (80.327883 9.107298),POINT (80.327883 9.107298)
4661480150,1003,village,0,Pandiyankulam,POINT (80.3052962 9.0710721),POINT (80.305296 9.071072)
4661480157,1003,village,0,Vavunikulam,POINT (80.3273196 9.0914228),POINT (80.32732 9.091423)
4662946517,1003,village,0,Kakkayankulam,POINT (80.3784122 8.8605688),POINT (80.378412 8.860569)
4662946526,1004,hamlet,0,Sengalpadai,POINT (80.3476027 8.8214975),POINT (80.347603 8.821498)
4662946532,1003,village,0,Kovilpuliyankulam,POINT (80.3523105 8.8295331),POINT (80.35231 8.829533)
4662946536,1003,village,0,Iranai Illupaikkulam,POINT (80.3639142 8.8525822),POINT (80.363914 8.852582)
4662946545,1003,village,0,Karaiya Alampaikulam,POINT (80.4026422 8.8513255),POINT (80.402642 8.851326)
4662946551,1003,village,0,Mullaikulam,POINT (80.4032692 8.8409554),POINT (80.403269 8.840955)
4662946557,1003,village,0,Kalmadu,POINT (80.3925027 8.8429128),POINT (80.392503 8.842913)
4662946563,1003,village,0,Kalvelikulam,POINT (80.377252 8.8508565),POINT (80.377252 8.850856)
4663017345,1003,village,0,Thavasiyakulam,POINT (80.4172649 8.8342766),POINT (80.417265 8.834277)
4663017346,1003,village,0,Kidachuri,POINT (80.3995832 8.819535),POINT (80.399583 8.819535)
4663017347,1003,village,0,Pampaimadu,POINT (80.4213922 8.7889469),POINT (80.421392 8.788947)
4663017348,1003,village,0,Kombuvaithakulam,POINT (80.4767049 8.9255148),POINT (80.476705 8.925515)
4663017349,1003,village,0,Periyakulam,POINT (80.5198126 8.9392319),POINT (80.519813 8.939232)
4663149325,1003,village,0,Moondu Murippu,POINT (80.3543729 8.9857309),POINT (80.354373 8.985731)
4663271194,1003,village,0,Periya Valayankaddu,POINT (80.3371215 8.9448012),POINT (80.337122 8.944801)
4663271217,1003,village,0,Chinna Valayankaddu,POINT (80.3396322 8.954814),POINT (80.339632 8.954814)
4663271223,1003,village,0,Ambatta Iluppaikulam,POINT (80.3596576 8.8663844),POINT (80.359658 8.866384)
4663271248,1003,village,0,Vilaaththikulam,POINT (80.3592242 8.891461),POINT (80.359224 8.891461)
4664549099,1003,village,0,Periyamadu,POINT (80.1693019 8.9750555),POINT (80.169302 8.975056)
4664549104,1003,village,0,Keerisuddan,POINT (80.3004871 8.8797521),POINT (80.300487 8.879752)
4664552511,1003,village,0,Naddankandal,POINT (80.2944812 9.0562337),POINT (80.294481 9.056234)
4670638014,1003,village,0,Kollavilankulam,POINT (80.349901 9.1124618),POINT (80.349901 9.112462)
4674265982,1004,hamlet,0,Arachi Kulam,POINT (80.3515671 8.9804318),POINT (80.351567 8.980432)
4674265986,1003,village,0,Nedunkeni,POINT (80.3698335 9.0393539),POINT (80.369834 9.039354)
4674266109,1003,village,0,Puthuvilankulam,POINT (80.4561005 9.0428187),POINT (80.4561 9.042819)
4674266123,1003,village,0,Kidaipidiththakulam,POINT (80.336472 9.0670604),POINT (80.336472 9.06706)
4674339621,1003,village,0,Matharpanikkankulam,POINT (80.4581051 8.9002452),POINT (80.458105 8.900245)
4675427232,1003,village,0,Kummakulam,POINT (80.3983475 9.0665795),POINT (80.398348 9.06658)
4675427250,1003,village,0,Aiyamperumal,POINT (80.3689047 9.051722),POINT (80.368905 9.051722)
4675427269,1050,locality,0,Pandiyan,POINT (80.4141061 9.0861162),POINT (80.414106 9.086116)
4676151167,1003,village,0,Anthoniyarpuram,POINT (80.0827558 9.1015699),POINT (80.082756 9.10157)
4676151176,1003,village,0,Iluppaikadavai,POINT (80.0960516 9.1006604),POINT (80.096052 9.10066)
4678142117,1050,locality,0,Kothampiyakulam,POINT (80.2756287 9.1364754),POINT (80.275629 9.136475)
4678188690,1003,village,250,Ambagahalanda,POINT (80.4902267 7.6472104),POINT (80.490227 7.64721)
4678189762,1003,village,150,Neerammulla,POINT (80.4870986 7.6547514),POINT (80.487099 7.654751)
4678192054,1004,hamlet,75,Menapiyahenagala,POINT (80.4876387 7.6603713),POINT (80.487639 7.660371)
4678217361,1004,hamlet,75,Mudugomuwagama,POINT (80.4845253 7.6646183),POINT (80.484525 7.664618)
4678217933,1003,village,150,Siyambalangamuwa,POINT (80.4804298 7.6701079),POINT (80.48043 7.670108)
4678225191,1003,village,200,Thallangomuwa,POINT (80.4906084 7.6765954),POINT (80.490608 7.676595)
4678842264,1003,village,500,Godauda,POINT (80.648019 5.9590682),POINT (80.648019 5.959068)
4681547342,1003,village,0,Ranwala (Mawanella),POINT (80.4561877 7.2636655),POINT (80.456188 7.263666)
4681550310,1003,village,500,Thalagolla,POINT (80.4515073 7.2860609),POINT (80.451507 7.286061)
4681558755,1003,village,150,Kiriyathenna,POINT (80.4514316 7.2884881),POINT (80.451432 7.288488)
4681558780,1003,village,150,Beddewela,POINT (80.4505977 7.2899578),POINT (80.450598 7.289958)
4682118812,1003,village,0,Chiraddi Kulam,POINT (80.2444696 9.0378195),POINT (80.24447 9.03782)
4682662704,1050,locality,0,Kakarani Kulam,POINT (80.4233288 9.0635355),POINT (80.423329 9.063536)
4683400199,1004,hamlet,0,Sivapuram,POINT (80.3318234 9.0960819),POINT (80.331823 9.096082)
4683400221,1003,village,0,Thegilamavil Kayamoddai,POINT (80.1977435 9.1774344),POINT (80.197744 9.177434)
4685510060,1003,village,0,Kuttimulai,POINT (80.2446179 9.1132814),POINT (80.244618 9.113281)
4685510066,1003,village,0,Poovarasankulam,POINT (80.2788174 9.1070689),POINT (80.278817 9.107069)
4685510082,1003,village,0,Manavanchan,POINT (80.2555416 9.1124215),POINT (80.255542 9.112422)
4685517189,1003,village,0,Komparuththa Kulam,POINT (80.2772475 9.0908955),POINT (80.277248 9.090896)
4685517190,1003,village,0,Parappukal,POINT (80.2435089 9.0889101),POINT (80.243509 9.08891)
4685517203,1003,village,0,Panichamadu,POINT (80.2072842 9.04611),POINT (80.207284 9.04611)
4685517209,1003,village,0,Oddankulam,POINT (80.2659659 9.1091976),POINT (80.265966 9.109198)
4685517212,1003,village,0,Karumpuliyaan,POINT (80.2906033 9.0962041),POINT (80.290603 9.096204)
4685532918,1003,village,0,Chalampan,POINT (80.2585842 9.0618174),POINT (80.258584 9.061817)
4688382652,1003,village,0,Iruvil,POINT (80.2770909 9.0637805),POINT (80.277091 9.06378)
4688382677,1003,village,0,Kumiladi Kulam,POINT (80.2433721 9.0711189),POINT (80.243372 9.071119)
4688386238,1003,village,0,Iramiyan Kulam,POINT (80.2665267 9.068627),POINT (80.266527 9.068627)
4688565184,1003,village,0,Konaiyan Kulam,POINT (80.3320257 9.0400263),POINT (80.332026 9.040026)
4688567311,1003,village,0,Moddai,POINT (80.2967605 9.0430017),POINT (80.29676 9.043002)
4688567319,1003,village,0,Panankamam,POINT (80.3071635 9.0460136),POINT (80.307164 9.046014)
4688687746,1003,village,0,Olumadu,POINT (80.3019411 9.0196782),POINT (80.301941 9.019678)
4688712482,1003,village,0,Uluvaneri,POINT (80.2851192 9.0509069),POINT (80.285119 9.050907)
4688778902,1003,village,0,Pillaiyinan Kulam,POINT (80.3378248 9.0236545),POINT (80.337825 9.023654)
4688778906,1003,village,0,Ilamaruthankulam,POINT (80.3314067 9.0045045),POINT (80.331407 9.004504)
4688798339,1003,village,0,Moopan Kulam,POINT (80.2677358 9.035387),POINT (80.267736 9.035387)
4688847654,1002,town,5000,Weliweriya,POINT (80.0283491 7.0322787),POINT (80.028349 7.032279)
4689123546,1003,village,450,Rathupaswala,POINT (80.0167134 7.0534504),POINT (80.016713 7.05345)
4689665020,1003,village,0,Valliyapalai,POINT (80.3204077 8.9648576),POINT (80.320408 8.964858)
4689665024,1003,village,0,Kaddayar Perumal Kulam,POINT (80.2989393 8.9900769),POINT (80.298939 8.990077)
4689923847,1003,village,10000,Thalahena,POINT (79.9447775 6.9083964),POINT (79.944778 6.908396)
4690049841,1003,village,0,Periya Pandivirichan,POINT (80.2316328 8.8346122),POINT (80.231633 8.834612)
4690500673,1002,town,0,Eppawala,POINT (80.4113907 8.1461251),POINT (80.411391 8.146125)
4692147107,1003,village,0,Kovilkunchukulam,POINT (80.3882703 8.949519),POINT (80.38827 8.949519)
4692147250,1003,village,0,Thaandikulam,POINT (80.4833634 8.7735674),POINT (80.483363 8.773567)
4695819943,1004,hamlet,250,Dampitiya Junction,POINT (80.2648989 7.5060691),POINT (80.264899 7.506069)
4695839827,1003,village,150,Pathinwatte,POINT (80.2556936 7.5067757),POINT (80.255694 7.506776)
4695851787,1003,village,500,Keenagaspitiya,POINT (80.2505599 7.518956),POINT (80.25056 7.518956)
4695862657,1003,village,150,Eethanawatte,POINT (80.2536572 7.5242325),POINT (80.253657 7.524232)
4695871572,1003,village,750,Henegedara,POINT (80.2455504 7.5304615),POINT (80.24555 7.530462)
4697175854,1003,village,750,Metikotuwa,POINT (79.8914817 7.2852394),POINT (79.891482 7.285239)
4698843899,1003,village,0,Mullikulam,POINT (80.1376594 9.1993636),POINT (80.137659 9.199364)
4698843901,1002,town,0,Vellankulam,POINT (80.1301566 9.1862041),POINT (80.130157 9.186204)
4698843903,1050,locality,0,Thanneeroothankarai,POINT (80.1129118 9.1786309),POINT (80.112912 9.178631)
4698854663,1003,village,0,Thevampiddy,POINT (80.1125913 9.1934594),POINT (80.112591 9.193459)
4698854664,1003,village,0,Vellaimunthal,POINT (80.1208151 9.2045301),POINT (80.120815 9.20453)
4700842529,1003,village,0,Thikkali,POINT (80.1516763 9.1317743),POINT (80.151676 9.131774)
4700842531,1003,village,0,Kalmadu,POINT (80.1330091 9.1581074),POINT (80.133009 9.158107)
4700842550,1003,village,0,Inamalamadu,POINT (80.1659407 9.1234445),POINT (80.165941 9.123444)
4700842552,1003,village,0,Karayankannaddi,POINT (80.133596 9.1492492),POINT (80.133596 9.149249)
4700842553,1003,village,0,Pampaddy,POINT (80.1268096 9.1396367),POINT (80.12681 9.139637)
4700842576,1003,village,0,Mundampiddy,POINT (80.1174483 9.1464418),POINT (80.117448 9.146442)
4703171511,1003,village,0,Punkanthalvu Madu,POINT (80.1151812 9.1218002),POINT (80.115181 9.1218)
4703171523,1003,village,0,Murunkaiyadi Puddy,POINT (80.1204684 9.1109729),POINT (80.120468 9.110973)
4703171535,1003,village,0,Thotta Paddi Madu,POINT (80.1419783 9.0890527),POINT (80.141978 9.089053)
4703171544,1003,village,0,Kurunthan Kulam,POINT (80.1656225 9.0972606),POINT (80.165622 9.097261)
4703171548,1003,village,0,Karaiveddy Vembu,POINT (80.1374758 9.1038787),POINT (80.137476 9.103879)
4703314496,1050,locality,0,Muthaiyan Kamam,POINT (80.1006328 9.0969478),POINT (80.100633 9.096948)
4718018959,1003,village,0,Palampiddy,POINT (80.2131384 8.9285979),POINT (80.213138 8.928598)
4724278154,1003,village,0,Nambuluwa,POINT (80.1346788 7.172295),POINT (80.134679 7.172295)
4724397409,1003,village,0,Vidathaltheevu,POINT (80.0513896 9.0215013),POINT (80.05139 9.021501)
4724518384,1050,locality,0,Pallamadu,POINT (80.0549483 9.0116278),POINT (80.054948 9.011628)
4724518591,1003,village,0,Koddaikadu,POINT (80.07824 9.0055067),POINT (80.07824 9.005507)
4724518626,1050,locality,0,Kappudayar Pallivasal,POINT (80.0697554 9.0015383),POINT (80.069755 9.001538)
4724518660,1050,locality,0,Keerithalvu,POINT (80.0614149 9.0013272),POINT (80.061415 9.001327)
4725584513,1050,locality,0,Puthukamam,POINT (80.0723619 8.9870789),POINT (80.072362 8.987079)
4725584549,1050,locality,0,Thaddampiddy,POINT (80.0670684 9.027552),POINT (80.067068 9.027552)
4725584562,1050,locality,0,Attaitheevu,POINT (80.052109 9.0055058),POINT (80.052109 9.005506)
4725584574,1050,locality,0,Puliyankulam,POINT (80.0674982 8.9933567),POINT (80.067498 8.993357)
4726394743,1003,village,0,Adampan,POINT (79.9936756 8.9400797),POINT (79.993676 8.94008)
4726394764,1003,village,0,Murunkan,POINT (80.0323925 8.8326402),POINT (80.032392 8.83264)
4726394877,1003,village,0,Paalaiyadi Kulam,POINT (80.0503471 8.9048505),POINT (80.050347 8.90485)
4726394890,1050,locality,0,Paranki Chalampan,POINT (80.0615252 8.9036455),POINT (80.061525 8.903646)
4726394947,1003,village,0,Parappukadanthan,POINT (80.0622668 8.9196054),POINT (80.062267 8.919605)
4726394950,1050,locality,0,Isanka Kulam,POINT (80.0541885 8.9244558),POINT (80.054188 8.924456)
4726394964,1050,locality,0,Mariya Puliyankulam,POINT (80.0514614 8.9109155),POINT (80.051461 8.910916)
4735784274,1003,village,0,Thiruketheeswaram,POINT (79.9655155 8.9598514),POINT (79.965516 8.959851)
4741140252,1003,village,0,Silwatturai,POINT (79.9508246 8.7478707),POINT (79.950825 8.747871)
4741162638,1003,village,0,Kokupadaiyan,POINT (79.966483 8.7313345),POINT (79.966483 8.731334)
4746394068,1004,hamlet,0,Welikanna Junction,POINT (80.1446679 6.889395),POINT (80.144668 6.889395)
4746425639,1003,village,0,Kahahena,POINT (80.1284304 6.9004053),POINT (80.12843 6.900405)
4757131310,1003,village,0,Piramanankulam,POINT (80.2865841 8.763449),POINT (80.286584 8.763449)
4757132712,1003,village,0,Andiyapuliyankulam,POINT (80.2630392 8.7204248),POINT (80.263039 8.720425)
4757132818,1003,village,0,Periya Thampanai,POINT (80.2610297 8.7961678),POINT (80.26103 8.796168)
4757717330,1003,village,0,Thatchana maruthamadu,POINT (80.2120326 8.8965786),POINT (80.212033 8.896579)
4757717339,1003,village,0,Madu Road,POINT (80.1573234 8.7738443),POINT (80.157323 8.773844)
4758372294,1050,locality,0,Vairavapuliyankulam,POINT (80.2110363 8.9173039),POINT (80.211036 8.917304)
4758372318,1050,locality,0,Vinayakankulam,POINT (80.2143798 8.9230837),POINT (80.21438 8.923084)
4758373425,1050,locality,0,Alkaddiveli Kulam,POINT (80.2001944 8.9137939),POINT (80.200194 8.913794)
4758373442,1050,locality,0,Moothiramaditha Kulam,POINT (80.2009855 8.8987446),POINT (80.200986 8.898745)
4758373445,1003,village,0,Madhu,POINT (80.2030069 8.8553675),POINT (80.203007 8.855368)
4758373462,1050,locality,0,Payankulam,POINT (80.1918647 8.9295854),POINT (80.191865 8.929585)
4781475569,1003,village,0,Kunchup Paranthan,POINT (80.3461124 9.4338307),POINT (80.346112 9.433831)
4791656736,1004,hamlet,0,Uduhawara,POINT (80.8625321 6.9505141),POINT (80.862532 6.950514)
4793210432,1004,hamlet,0,Uma Ela,POINT (80.8805171 6.9360413),POINT (80.880517 6.936041)
4793261792,1050,locality,0,Kerawalapitiya Interchange,POINT (79.8904783 7.0174888),POINT (79.890478 7.017489)
4794806099,1003,village,0,Perakumpura,POINT (80.7521281 6.9179723),POINT (80.752128 6.917972)
4795210469,1004,hamlet,0,Kandekumbura,POINT (80.6426584 6.7145801),POINT (80.642658 6.71458)
4795264754,1003,village,0,Udakanda,POINT (80.5860001 6.7331313),POINT (80.586 6.733131)
4798773838,1004,hamlet,0,Idampitiya,POINT (80.7937977 7.0852757),POINT (80.793798 7.085276)
4798773839,1004,hamlet,0,Okandagala,POINT (80.7854041 7.0835589),POINT (80.785404 7.083559)
4806968399,1003,village,0,Medawela,POINT (80.8688673 6.9263338),POINT (80.868867 6.926334)
4806968400,1003,village,0,Vidurupola,POINT (80.8679313 6.9097335),POINT (80.867931 6.909734)
4809873761,1003,village,0,Kalatuwagama,POINT (80.3435464 7.6840623),POINT (80.343546 7.684062)
4811656322,1004,hamlet,0,Kudawatagala,POINT (80.5693949 7.8602026),POINT (80.569395 7.860203)
4813320358,1004,hamlet,1500,Ketawala,POINT (80.6496482 7.614776),POINT (80.649648 7.614776)
4813406726,1003,village,0,Andawala,POINT (80.6789857 7.6063699),POINT (80.678986 7.60637)
4823495253,1003,village,0,High Forest,POINT (80.8405351 7.0661933),POINT (80.840535 7.066193)
4825151718,1004,hamlet,0,Deegalahinna,POINT (80.7816726 7.0346592),POINT (80.781673 7.034659)
4825151719,1050,locality,0,Elamulla,POINT (80.7697046 7.0582314),POINT (80.769705 7.058231)
4825151720,1004,hamlet,0,Good Wood,POINT (80.7817759 7.0544329),POINT (80.781776 7.054433)
4825152921,1004,hamlet,0,Gonapitiya,POINT (80.7898482 7.0541731),POINT (80.789848 7.054173)
4825152922,1004,hamlet,0,Gonakele,POINT (80.8195169 7.0595036),POINT (80.819517 7.059504)
4825152923,1004,hamlet,0,Merigold,POINT (80.8108861 7.0659344),POINT (80.810886 7.065934)
4825152924,1004,hamlet,0,Wellagiriya,POINT (80.7821685 7.0688362),POINT (80.782168 7.068836)
4825152925,1004,hamlet,0,Dunukebedda,POINT (80.7853374 7.0639233),POINT (80.785337 7.063923)
4825180125,1004,hamlet,0,Marthuwela,POINT (80.787109 7.0811162),POINT (80.787109 7.081116)
4825210381,1050,locality,0,Nugayaya,POINT (80.7955561 7.0898825),POINT (80.795556 7.089882)
4825210382,1003,village,0,Dehipe,POINT (80.7905261 7.1185551),POINT (80.790526 7.118555)
4825210383,1004,hamlet,0,Wadawala,POINT (80.7969524 7.1255565),POINT (80.796952 7.125556)
4825210384,1003,village,0,Makuruppa,POINT (80.7958687 7.1390364),POINT (80.795869 7.139036)
4825491382,1004,hamlet,0,Blackpool,POINT (80.7739469 6.9436724),POINT (80.773947 6.943672)
4825491383,1004,hamlet,0,Mihinidupura,POINT (80.7834326 6.9269149),POINT (80.783433 6.926915)
4825491384,1004,hamlet,0,Katti Seeya,POINT (80.7862778 6.9313358),POINT (80.786278 6.931336)
4825491387,1004,hamlet,0,Kande Ela,POINT (80.7886287 6.9101974),POINT (80.788629 6.910197)
4825530907,1004,hamlet,0,Katumana,POINT (80.7962522 6.9441888),POINT (80.796252 6.944189)
4825552664,1003,village,0,Perawella,POINT (80.8406036 6.9399264),POINT (80.840604 6.939926)
4825552665,1004,hamlet,0,Galahagama,POINT (80.8498082 6.9239547),POINT (80.849808 6.923955)
4825552666,1004,hamlet,0,Karamatiya,POINT (80.8580472 6.9297264),POINT (80.858047 6.929726)
4825552667,1004,hamlet,0,Ketagoda,POINT (80.8754922 6.922058),POINT (80.875492 6.922058)
4825552668,1004,hamlet,0,Karagahaulpatha,POINT (80.8704065 6.937759),POINT (80.870406 6.937759)
4825560631,1004,hamlet,0,Dauldena,POINT (80.8782789 6.9272691),POINT (80.878279 6.927269)
4825560632,1004,hamlet,0,Pannala,POINT (80.8879993 6.929527),POINT (80.887999 6.929527)
4825560633,1004,hamlet,0,Hibiliyagahamaditta,POINT (80.8889767 6.9391196),POINT (80.888977 6.93912)
4826428672,1003,village,0,Ambagasdowa,POINT (80.8909802 6.9232939),POINT (80.89098 6.923294)
4833933406,1003,village,1000,Wahakotte,POINT (80.5829296 7.7195625),POINT (80.58293 7.719562)
4833941109,1003,village,0,Kudagoda,POINT (80.1870684 6.1063668),POINT (80.187068 6.106367)
4839806557,1004,hamlet,0,Hingurugamuwa,POINT (80.9252176 6.8450781),POINT (80.925218 6.845078)
4839837776,1004,hamlet,0,Galedanda,POINT (80.9223074 6.8227358),POINT (80.922307 6.822736)
4839837777,1003,village,0,Guruthalawa,POINT (80.9078333 6.8367237),POINT (80.907833 6.836724)
4839837779,1004,hamlet,0,Udakendagolla,POINT (80.9157519 6.8137183),POINT (80.915752 6.813718)
4839847676,1003,village,0,Aluthwela,POINT (80.9313463 6.8148385),POINT (80.931346 6.814838)
4839847677,1004,hamlet,0,Rathkarawwa,POINT (80.9051697 6.8066799),POINT (80.90517 6.80668)
4839864287,1004,hamlet,0,Metikumbura,POINT (80.8992314 6.8629096),POINT (80.899231 6.86291)
4839864288,1003,village,0,Karagasthenna,POINT (80.9020677 6.8511766),POINT (80.902068 6.851177)
4840414320,1004,hamlet,0,Welikadagama,POINT (80.9398605 6.8657676),POINT (80.93986 6.865768)
4840420321,1004,hamlet,0,Kotakithula,POINT (80.92667 6.8699763),POINT (80.92667 6.869976)
4840420322,1004,hamlet,0,Udupilleagama,POINT (80.93716 6.8704456),POINT (80.93716 6.870446)
4840420323,1003,village,0,Malpotha,POINT (80.9380842 6.8578025),POINT (80.938084 6.857802)
4840426190,1003,village,0,Mirahawatta,POINT (80.9437038 6.8707885),POINT (80.943704 6.870788)
4840467189,1004,hamlet,0,Loolwatta,POINT (80.8444552 7.3696783),POINT (80.844455 7.369678)
4840467190,1003,village,0,Thangappuwa,POINT (80.8218563 7.359014),POINT (80.821856 7.359014)
4840467202,1004,hamlet,0,Siridigana,POINT (80.7681193 7.322322),POINT (80.768119 7.322322)
4840490577,1004,hamlet,0,Rathkinda,POINT (80.7546022 7.5219652),POINT (80.754602 7.521965)
4840490578,1004,hamlet,0,Etanwala,POINT (80.7580354 7.514039),POINT (80.758035 7.514039)
4842093579,1003,village,0,Kirimetitenna,POINT (80.7234857 6.6319761),POINT (80.723486 6.631976)
4842093581,1004,hamlet,0,Yakahathenna,POINT (80.737053 6.63176),POINT (80.737053 6.63176)
4842093582,1004,hamlet,0,Ballapanathenna,POINT (80.7286411 6.638513),POINT (80.728641 6.638513)
4842093583,1003,village,0,Molamure,POINT (80.8383411 6.6096329),POINT (80.838341 6.609633)
4842093584,1004,hamlet,0,Bithwelgama,POINT (80.7502579 6.6162142),POINT (80.750258 6.616214)
4842093585,1004,hamlet,0,Galahitiyagama,POINT (80.8090573 6.5958768),POINT (80.809057 6.595877)
4842093586,1004,hamlet,0,Digadure North,POINT (80.7650991 6.6264329),POINT (80.765099 6.626433)
4842093587,1004,hamlet,0,Watawala,POINT (80.7973445 6.6277344),POINT (80.797344 6.627734)
4842093588,1003,village,0,Rajawaka,POINT (80.7986051 6.6059546),POINT (80.798605 6.605955)
4843030523,1002,town,0,Adhikarigama,POINT (80.780556 7.2135277),POINT (80.780556 7.213528)
4843671493,1003,village,0,Boralanda,POINT (80.7937206 6.97092),POINT (80.793721 6.97092)
4843671494,1003,village,0,Galpalama,POINT (80.8043441 6.9772185),POINT (80.804344 6.977218)
4845792510,1004,hamlet,0,Noori,POINT (80.4005476 6.9298082),POINT (80.400548 6.929808)
4845970769,1003,village,0,Ruhunugama,POINT (81.7147926 7.3521774),POINT (81.714793 7.352177)
4846076251,1004,hamlet,0,Kandehandiya,POINT (80.7548757 7.2130737),POINT (80.754876 7.213074)
4847618401,1004,hamlet,0,Bangalahatha,POINT (80.7718384 6.9478339),POINT (80.771838 6.947834)
4850945220,1002,town,0,Weerapana,POINT (80.4203122 6.2507226),POINT (80.420312 6.250723)
4852030229,1050,locality,0,Somerset,POINT (80.7307467 6.9334202),POINT (80.730747 6.93342)
4852030230,1050,locality,0,Carlasbeck,POINT (80.7251752 6.9275556),POINT (80.725175 6.927556)
4852030231,1050,locality,0,Clarendon,POINT (80.7256552 6.9227696),POINT (80.725655 6.92277)
4852030232,1050,locality,0,Dessford,POINT (80.7336569 6.9207276),POINT (80.733657 6.920728)
4852030233,1050,locality,0,Abbotsford,POINT (80.7410034 6.9157344),POINT (80.741003 6.915734)
4852030235,1050,locality,0,Lorne,POINT (80.7276473 6.9142504),POINT (80.727647 6.91425)
4852030236,1050,locality,0,Maha Eliya,POINT (80.7449122 6.9095823),POINT (80.744912 6.909582)
4852030237,1003,village,0,Kirimetiya,POINT (80.7263854 6.9167988),POINT (80.726385 6.916799)
4852030238,1050,locality,0,Langdale,POINT (80.7123943 6.9287523),POINT (80.712394 6.928752)
4852030239,1050,locality,0,Cairness,POINT (80.7084199 6.9177652),POINT (80.70842 6.917765)
4852030240,1004,hamlet,0,Mattakele,POINT (80.7020387 6.9211783),POINT (80.702039 6.921178)
4852030241,1050,locality,0,Uda Radella,POINT (80.7191491 6.950538),POINT (80.719149 6.950538)
4852030242,1050,locality,0,Pahala Radella,POINT (80.7177907 6.9392872),POINT (80.717791 6.939287)
4852030243,1003,village,0,Radella,POINT (80.7231421 6.9381244),POINT (80.723142 6.938124)
4852030244,1050,locality,0,Olassaugh,POINT (80.7345167 6.9433453),POINT (80.734517 6.943345)
4852030245,1050,locality,0,Aadenven,POINT (80.7415502 6.9456036),POINT (80.74155 6.945604)
4852030246,1050,locality,0,Edinburgh,POINT (80.748542 6.9395747),POINT (80.748542 6.939575)
4852030247,1050,locality,0,Clarendon,POINT (80.7378143 6.9268951),POINT (80.737814 6.926895)
4852030248,1004,hamlet,0,Rithageria,POINT (80.697116 6.9480897),POINT (80.697116 6.94809)
4852030249,1050,locality,0,Wangie Oya,POINT (80.7080524 6.9503686),POINT (80.708052 6.950369)
4852030251,1004,hamlet,0,Belgravia,POINT (80.6791109 6.92287),POINT (80.679111 6.92287)
4852030252,1004,hamlet,0,Lobie,POINT (80.6755012 6.9273749),POINT (80.675501 6.927375)
4852030253,1050,locality,0,Bearwell,POINT (80.6734901 6.9403942),POINT (80.67349 6.940394)
4852088775,1003,village,0,Palmerston,POINT (80.6764806 6.9468603),POINT (80.676481 6.94686)
4852088776,1050,locality,0,Great Western State,POINT (80.6744528 6.9582752),POINT (80.674453 6.958275)
4852088778,1050,locality,0,East Holyrood,POINT (80.6652523 6.9517244),POINT (80.665252 6.951724)
4852088779,1050,locality,0,West Holyrood,POINT (80.6536651 6.9554306),POINT (80.653665 6.955431)
4852088780,1003,village,0,Watagoda,POINT (80.6502893 6.9705764),POINT (80.650289 6.970576)
4852088782,1050,locality,0,Yox Ford,POINT (80.6349231 6.9647679),POINT (80.634923 6.964768)
4852088783,1004,hamlet,0,Dunukedeniya,POINT (80.6561805 6.9812079),POINT (80.65618 6.981208)
4853637033,1002,town,0,Nawagattegama,POINT (80.1060897 8.0033223),POINT (80.10609 8.003322)
4855581086,1003,village,0,Nagasena,POINT (80.6799313 6.9087143),POINT (80.679931 6.908714)
4855581088,1004,hamlet,0,Agra,POINT (80.7046213 6.8921231),POINT (80.704621 6.892123)
4855590994,1003,village,0,Holbrook,POINT (80.6921709 6.8829931),POINT (80.692171 6.882993)
4855755571,1004,hamlet,0,Kalundagama,POINT (80.2759945 8.1579147),POINT (80.275994 8.157915)
4855755991,1004,hamlet,0,Sirimapura,POINT (80.2291202 8.1653382),POINT (80.22912 8.165338)
4865552194,1004,hamlet,0,Ambagasdowa,POINT (80.8949522 6.9277349),POINT (80.894952 6.927735)
4865552260,1004,hamlet,1500,Ambagasdowa New Town,POINT (80.8992813 6.9280757),POINT (80.899281 6.928076)
4865853701,1003,village,0,Nagollagama,POINT (80.3133889 7.7544345),POINT (80.313389 7.754434)
4868146924,1003,village,5000,Muththettugala,POINT (80.3775314 7.4944421),POINT (80.377531 7.494442)
4870054924,1004,hamlet,0,Welipillewa Junction,POINT (79.9566483 7.0393836),POINT (79.956648 7.039384)
4872723816,1004,hamlet,0,Thonigala,POINT (80.0002548 7.8889349),POINT (80.000255 7.888935)
4872723817,1003,village,0,Mahakumbukkadawala,POINT (79.9046509 7.8489234),POINT (79.904651 7.848923)
4872723818,1003,village,0,Dangassewa,POINT (79.9149633 7.8889151),POINT (79.914963 7.888915)
4872723819,1003,village,0,Kottukachchiya,POINT (79.9438872 7.9449849),POINT (79.943887 7.944985)
4872723820,1003,village,0,Attawilluwa,POINT (79.8798591 7.9521395),POINT (79.879859 7.95214)
4873705298,1003,village,0,Kumbukwewa,POINT (80.0832725 8.1144117),POINT (80.083272 8.114412)
4873705299,1004,hamlet,0,Tract 3,POINT (80.1582992 8.1463065),POINT (80.158299 8.146306)
4873705300,1010,suburb,0,Rajanganaya,POINT (80.2173507 8.1625132),POINT (80.217351 8.162513)
4873705301,1004,hamlet,0,Walpaluwa,POINT (80.2663064 8.0537695),POINT (80.266306 8.05377)
4873705302,1003,village,0,Maha Thorawa,POINT (80.1605093 7.9740359),POINT (80.160509 7.974036)
4873705303,1003,village,0,Mahananneriya,POINT (80.1773763 7.9985332),POINT (80.177376 7.998533)
4873705304,1003,village,0,Murukkuwalawana,POINT (79.9999523 7.9767453),POINT (79.999952 7.976745)
4873705320,1003,village,0,Nikawewa,POINT (79.9853504 8.0420202),POINT (79.98535 8.04202)
4873705821,1003,village,0,Thamannawetiya,POINT (80.0522581 7.9946701),POINT (80.052258 7.99467)
4873705822,1003,village,0,Mahauswewa,POINT (80.0787449 7.9781796),POINT (80.078745 7.97818)
4873705823,1003,village,0,Urupeththawa,POINT (80.0455069 7.9140847),POINT (80.045507 7.914085)
4873705824,1003,village,0,Mahagirilla,POINT (80.1383221 7.8300034),POINT (80.138322 7.830003)
4873705825,1003,village,0,Ihalagama,POINT (80.1137637 7.8670379),POINT (80.113764 7.867038)
4873705826,1003,village,0,Pahala Mawathagama,POINT (80.0287772 7.8137199),POINT (80.028777 7.81372)
4873705827,1004,hamlet,0,Kanuketiya,POINT (80.0468875 7.8416883),POINT (80.046888 7.841688)
4874292136,1004,hamlet,0,Fortswood,POINT (80.8091962 6.9914385),POINT (80.809196 6.991438)
4874292244,1004,hamlet,0,Courtlodge,POINT (80.7983279 6.9961933),POINT (80.798328 6.996193)
4874292245,1004,hamlet,0,Jayalanka,POINT (80.8030915 6.9845965),POINT (80.803092 6.984596)
4874292246,1050,locality,0,Buluela,POINT (80.7939505 6.9740324),POINT (80.79395 6.974032)
4874292247,1050,locality,0,Lover's Leap,POINT (80.7856893 6.9765669),POINT (80.785689 6.976567)
4878217750,1010,suburb,0,Wathupitiwala,POINT (80.1110099 7.1256209),POINT (80.11101 7.125621)
4878434856,1003,village,0,Palagolla,POINT (80.7030398 7.0413374),POINT (80.70304 7.041337)
4878434857,1003,village,0,Labukele,POINT (80.719487 7.0249446),POINT (80.719487 7.024945)
4878434858,1003,village,0,Toppass,POINT (80.7488519 6.9914652),POINT (80.748852 6.991465)
4879715315,1003,village,5000,Avudangawa,POINT (80.7340745 8.0000603),POINT (80.734074 8.00006)
4879825152,1002,town,0,Minuwangoda,POINT (79.9484613 7.1692723),POINT (79.948461 7.169272)
4879881074,1003,village,2000,Ehalagala,POINT (80.7461254 7.9604843),POINT (80.746125 7.960484)
4879881075,1003,village,1000,Batuyaya,POINT (80.7086191 7.9271409),POINT (80.708619 7.927141)
4879881076,1003,village,2500,Bellanneoya,POINT (80.6918718 7.9191621),POINT (80.691872 7.919162)
4879881077,1003,village,2500,Pelwehera,POINT (80.6712716 7.9041526),POINT (80.671272 7.904153)
4879881078,1003,village,2500,Kandalama,POINT (80.704531 7.895419),POINT (80.704531 7.895419)
4880305832,1003,village,1000,Vakarai,POINT (81.4360019 8.1333819),POINT (81.436002 8.133382)
4880612148,1004,hamlet,0,Belumgala,POINT (80.8537239 6.9057492),POINT (80.853724 6.905749)
4880624838,1004,hamlet,0,Rendapola,POINT (80.8314365 6.9169972),POINT (80.831436 6.916997)
4883210578,1003,village,2500,Kudagama,POINT (80.3579656 7.362304),POINT (80.357966 7.362304)
4883548869,1003,village,2500,Yatawatta,POINT (80.5836489 7.5656778),POINT (80.583649 7.565678)
4883579971,1003,village,1500,Selagama,POINT (80.5932358 7.5932736),POINT (80.593236 7.593274)
4883579973,1003,village,2500,Paldeniya,POINT (80.6081164 7.6082675),POINT (80.608116 7.608268)
4883579974,1003,village,3000,Kawudupelella,POINT (80.6233008 7.5912816),POINT (80.623301 7.591282)
4883579975,1003,village,600,Kurundugaspitiya,POINT (80.6282676 7.5795401),POINT (80.628268 7.57954)
4883579976,1003,village,2500,Pallepola,POINT (80.6063346 7.6229776),POINT (80.606335 7.622978)
4883579977,1003,village,1500,Maningamuwa,POINT (80.5840234 7.6351385),POINT (80.584023 7.635138)
4883579978,1003,village,1200,Dewarammulla,POINT (80.5830225 7.6417154),POINT (80.583022 7.641715)
4883579979,1003,village,1200,Millawana,POINT (80.5751522 7.6511364),POINT (80.575152 7.651136)
4883579980,1003,village,1500,Maadipola,POINT (80.5811072 7.6750654),POINT (80.581107 7.675065)
4883833099,1050,locality,0,Oliphant,POINT (80.7365865 6.9673121),POINT (80.736586 6.967312)
4883833100,1004,hamlet,0,Mudungama,POINT (80.7533901 6.9775991),POINT (80.75339 6.977599)
4883891583,1004,hamlet,0,Haddon Hill,POINT (80.7638433 6.9613872),POINT (80.763843 6.961387)
4883891584,1004,hamlet,0,Kelegala,POINT (80.7712915 6.9564327),POINT (80.771292 6.956433)
4883891585,1004,hamlet,0,Bonavista Place,POINT (80.7752046 6.9554773),POINT (80.775205 6.955477)
4883891586,1050,locality,0,Kalapura,POINT (80.7522121 6.9558814),POINT (80.752212 6.955881)
4883891587,1050,locality,0,Kikiliyamana Mountain Range,POINT (80.728145 6.9884743),POINT (80.728145 6.988474)
4883891588,1004,hamlet,0,Saman Eliya,POINT (80.7222443 6.9954045),POINT (80.722244 6.995404)
4883891589,1002,town,0,Pundaluoya,POINT (80.6667904 7.0137826),POINT (80.66679 7.013783)
4884223376,1002,town,0,Makandura,POINT (80.5571194 6.1402341),POINT (80.557119 6.140234)
4884289148,1003,village,0,Andaluwa,POINT (80.6044728 6.2298946),POINT (80.604473 6.229895)
4885451924,1004,hamlet,2000,Erabadda,POINT (80.8769488 6.8854738),POINT (80.876949 6.885474)
4885452076,1002,town,2000,Bogahakumbura,POINT (80.8756681 6.8613782),POINT (80.875668 6.861378)
4885452564,1004,hamlet,0,Udubadana,POINT (80.850985 6.8694857),POINT (80.850985 6.869486)
4885452781,1003,village,0,Hewanakumbura,POINT (80.8459747 6.8761643),POINT (80.845975 6.876164)
4885453247,1004,hamlet,0,Thennakoonwela,POINT (80.8630764 6.8788272),POINT (80.863076 6.878827)
4885453248,1004,hamlet,0,Paalugama,POINT (80.8534419 6.8865922),POINT (80.853442 6.886592)
4885453252,1004,hamlet,0,Dimithugama,POINT (80.8728504 6.9003856),POINT (80.87285 6.900386)
4885453449,1004,hamlet,0,Mudunpitagama,POINT (80.8694172 6.905349),POINT (80.869417 6.905349)
4885453450,1004,hamlet,0,Radakanduruwela,POINT (80.8571005 6.9005241),POINT (80.8571 6.900524)
4885454554,1050,locality,0,Lower Albion,POINT (80.8524012 6.8975843),POINT (80.852401 6.897584)
4885454555,1050,locality,0,Abergelle,POINT (80.8488178 6.9018448),POINT (80.848818 6.901845)
4885454556,1050,locality,0,Chilhampton,POINT (80.8427346 6.8999755),POINT (80.842735 6.899976)
4885454557,1004,hamlet,0,Harakgama Kanda,POINT (80.8423644 6.9022655),POINT (80.842364 6.902266)
4885454558,1004,hamlet,0,Silmiyapura,POINT (80.83987 6.9153502),POINT (80.83987 6.91535)
4885454560,1050,locality,0,Hulankapolla,POINT (80.8281326 6.9202602),POINT (80.828133 6.92026)
4885454563,1004,hamlet,0,Sandatenna,POINT (80.7956994 6.9559599),POINT (80.795699 6.95596)
4885454564,1050,locality,0,Magasthota State,POINT (80.7883716 6.9417634),POINT (80.788372 6.941763)
4885454566,1050,locality,0,Baker's,POINT (80.7800192 6.9514549),POINT (80.780019 6.951455)
4885454567,1003,village,0,Magasthota,POINT (80.7872236 6.9522191),POINT (80.787224 6.952219)
4885968643,1004,hamlet,0,Lunuatugama,POINT (80.8795666 6.9426154),POINT (80.879567 6.942615)
4885968644,1004,hamlet,0,Idama,POINT (80.8867979 6.946769),POINT (80.886798 6.946769)
4885968645,1004,hamlet,0,Busdulla,POINT (80.895338 6.9479298),POINT (80.895338 6.94793)
4885968646,1004,hamlet,0,Kurundugolla,POINT (80.8951664 6.9388665),POINT (80.895166 6.938866)
4885968648,1004,hamlet,0,Daragala,POINT (80.9012711 6.9195679),POINT (80.901271 6.919568)
4885968649,1004,hamlet,0,Balagala,POINT (80.911721 6.9296327),POINT (80.911721 6.929633)
4885968651,1004,hamlet,0,Katugalla,POINT (80.9035134 6.9236364),POINT (80.903513 6.923636)
4885968652,1050,locality,0,Ambagaha Kumbura,POINT (80.8981275 6.9071277),POINT (80.898128 6.907128)
4885968705,1004,hamlet,0,Girambe,POINT (80.8841479 6.9077827),POINT (80.884148 6.907783)
4886158580,1004,hamlet,0,Malapolagama,POINT (80.8424771 6.9655979),POINT (80.842477 6.965598)
4886158581,1050,locality,0,Coneygar,POINT (80.8710909 6.9935843),POINT (80.871091 6.993584)
4886158582,1050,locality,0,Graeelyn,POINT (80.8620357 6.9837872),POINT (80.862036 6.983787)
4886158586,1004,hamlet,0,Korandekumbura,POINT (80.8619177 6.9591016),POINT (80.861918 6.959102)
4886159027,1003,village,0,Ranhawadigama,POINT (80.8805966 6.9506669),POINT (80.880597 6.950667)
4886159028,1004,hamlet,0,Sapugolla,POINT (80.9028643 6.9534864),POINT (80.902864 6.953486)
4886159029,1004,hamlet,0,Thawalampola,POINT (80.8726734 6.960321),POINT (80.872673 6.960321)
4886159107,1004,hamlet,0,Hangunnawa,POINT (80.8726573 6.9526691),POINT (80.872657 6.952669)
4887500216,1004,hamlet,0,Welamandagama,POINT (80.8545577 6.95547),POINT (80.854558 6.95547)
4887500219,1050,locality,0,Denmark Hill,POINT (80.8422732 6.983851),POINT (80.842273 6.983851)
4887500220,1050,locality,0,Hethersett,POINT (80.8322525 6.9918592),POINT (80.832252 6.991859)
4887500921,1050,locality,0,Goatfell,POINT (80.8334756 6.9979291),POINT (80.833476 6.997929)
4887500922,1004,hamlet,0,Ekanagapura,POINT (80.8424234 6.999569),POINT (80.842423 6.999569)
4887500923,1050,locality,0,Ragala Group,POINT (80.8498049 7.0023378),POINT (80.849805 7.002338)
4887501799,1050,locality,0,Delmar,POINT (80.8779144 6.9997181),POINT (80.877914 6.999718)
4887501800,1050,locality,0,Kadawaththa,POINT (80.8739662 6.9819342),POINT (80.873966 6.981934)
4887501801,1004,hamlet,0,Weldamar Group,POINT (80.899243 6.9724473),POINT (80.899243 6.972447)
4887501804,1004,hamlet,0,Moodanawa,POINT (80.8881819 6.9601985),POINT (80.888182 6.960198)
4887501806,1050,locality,0,Amherst,POINT (80.8837294 6.9801664),POINT (80.883729 6.980166)
4887501807,1004,hamlet,0,Sooriyagahapathana (Upper),POINT (80.8787942 6.9836807),POINT (80.878794 6.983681)
4887501808,1004,hamlet,0,Senarathgama,POINT (80.8917331 7.0016349),POINT (80.891733 7.001635)
4887501809,1050,locality,0,Dulton,POINT (80.8917331 6.987131),POINT (80.891733 6.987131)
4887696832,1050,locality,0,Red Hill,POINT (80.8982348 6.7883812),POINT (80.898235 6.788381)
4887696833,1004,hamlet,0,Maligatenna,POINT (80.8959181 6.7980777),POINT (80.895918 6.798078)
4887696834,1050,locality,0,Idulgashena,POINT (80.8877957 6.7909647),POINT (80.887796 6.790965)
4887696835,1004,hamlet,0,Nordwood Group,POINT (80.8903277 6.7751971),POINT (80.890328 6.775197)
4887696836,1004,hamlet,0,Hinnarangolla,POINT (80.891937 6.820048),POINT (80.891937 6.820048)
4887698349,1004,hamlet,0,Ellethota,POINT (80.8834183 6.807243),POINT (80.883418 6.807243)
4887698350,1050,locality,0,Pitapola,POINT (80.866971 6.8090861),POINT (80.866971 6.809086)
4887698351,1004,hamlet,0,Kirimetiya,POINT (80.8547616 6.7736736),POINT (80.854762 6.773674)
4887698352,1050,locality,0,Ohiya Group,POINT (80.8645892 6.7913802),POINT (80.864589 6.79138)
4887698353,1050,locality,0,Lower Ohiya,POINT (80.8577657 6.7885676),POINT (80.857766 6.788568)
4887698354,1050,locality,0,Upper Ohiya,POINT (80.8686447 6.7919129),POINT (80.868645 6.791913)
4887698355,1050,locality,0,Bray,POINT (80.859332 6.8010748),POINT (80.859332 6.801075)
4887698356,1003,village,0,West Haputale,POINT (80.8309365 6.7820669),POINT (80.830936 6.782067)
4887698411,1050,locality,0,Bambarangala,POINT (80.8331644 6.7762679),POINT (80.833164 6.776268)
4887699555,1050,locality,0,Lyburn,POINT (80.8404922 6.8026515),POINT (80.840492 6.802652)
4888267999,1004,hamlet,0,Yahalabedda,POINT (80.9464288 6.7801512),POINT (80.946429 6.780151)
4888268001,1003,village,0,Haputalegama,POINT (80.9318161 6.784711),POINT (80.931816 6.784711)
4888268002,1004,hamlet,0,Kadurugamuwa,POINT (80.9459782 6.7961103),POINT (80.945978 6.79611)
4888268003,1003,village,0,Horadorowwa,POINT (80.9193412 6.7951972),POINT (80.919341 6.795197)
4890099203,1004,hamlet,0,Glenanore State,POINT (80.9220961 6.7808506),POINT (80.922096 6.780851)
4892364712,1004,hamlet,0,Godagama,POINT (80.5205047 6.6418185),POINT (80.520505 6.641818)
4892364713,1004,hamlet,0,Ganegama,POINT (80.5302036 6.6345025),POINT (80.530204 6.634502)
4892365940,1004,hamlet,0,Udathula,POINT (80.5566931 6.6274582),POINT (80.556693 6.627458)
4892365941,1004,hamlet,0,Bodhimalgoda,POINT (80.552533 6.6302237),POINT (80.552533 6.630224)
4892365942,1004,hamlet,0,Galpoththawela,POINT (80.5380464 6.6303782),POINT (80.538046 6.630378)
4892365943,1004,hamlet,0,Palmadullagama,POINT (80.5541182 6.6228116),POINT (80.554118 6.622812)
4893731245,1004,hamlet,0,Borala,POINT (80.5680871 6.6069108),POINT (80.568087 6.606911)
4893731246,1003,village,0,Rilhena,POINT (80.5284118 6.6257318),POINT (80.528412 6.625732)
4893732569,1004,hamlet,0,Ihala Bopitiya,POINT (80.5371022 6.615586),POINT (80.537102 6.615586)
4893732570,1004,hamlet,0,Pahala Bopitiya,POINT (80.5372417 6.6214688),POINT (80.537242 6.621469)
4894241543,1003,village,0,Kuttapitiya,POINT (80.5697608 6.6470776),POINT (80.569761 6.647078)
4894242477,1003,village,0,Hettikanda,POINT (80.5392372 6.6753384),POINT (80.539237 6.675338)
4894242479,1004,hamlet,0,Koselpola,POINT (80.5327356 6.67033),POINT (80.532736 6.67033)
4894243605,1004,hamlet,0,Budulenagama,POINT (80.4996157 6.6649805),POINT (80.499616 6.66498)
4894243606,1003,village,0,Baranduwa,POINT (80.4990631 6.6687262),POINT (80.499063 6.668726)
4894390786,1004,hamlet,0,Maduwanwela Colony,POINT (80.7972979 6.3992793),POINT (80.797298 6.399279)
4894390787,1003,village,0,Timbolketiya,POINT (80.7960887 6.4117516),POINT (80.796089 6.411752)
4894390817,1003,village,0,Sankhapala,POINT (80.7570862 6.4406247),POINT (80.757086 6.440625)
4894391034,1004,hamlet,0,Ethabandiyaya,POINT (80.7589531 6.4278419),POINT (80.758953 6.427842)
4897028795,1004,hamlet,0,City Junction,POINT (80.7757705 6.9725214),POINT (80.77577 6.972521)
4897135401,1004,hamlet,0,Malpotha,POINT (80.9184694 6.8607511),POINT (80.918469 6.860751)
4897349781,1002,town,0,Ballaketuwa,POINT (81.0953236 6.860112),POINT (81.095324 6.860112)
4897351057,1050,locality,0,Walasgala,POINT (81.1785793 6.661091),POINT (81.178579 6.661091)
4897351182,1004,hamlet,0,Kukurampola,POINT (81.1775708 6.7033738),POINT (81.177571 6.703374)
4897351183,1050,locality,0,Komarikagala,POINT (81.1800384 6.6841722),POINT (81.180038 6.684172)
4897851583,1003,village,0,Aliyawatta,POINT (81.3655665 6.8563545),POINT (81.365566 6.856354)
4901574642,1004,hamlet,0,Ambathalawa,POINT (80.6757724 7.0541334),POINT (80.675772 7.054133)
4901574644,1004,hamlet,0,,POINT (80.663917 7.0179486),POINT (80.663917 7.017949)
4903042622,1003,village,1000,Bandarapola,POINT (80.6482985 7.4614574),POINT (80.648298 7.461457)
4903510840,1003,village,0,Ellepola,POINT (80.6859752 6.6317659),POINT (80.685975 6.631766)
4904905420,1004,hamlet,0,Mankadawala,POINT (80.6115603 8.0597608),POINT (80.61156 8.059761)
4904910621,1004,hamlet,0,Thibbatuwewa,POINT (80.5990505 8.0225153),POINT (80.59905 8.022515)
4904911267,1004,hamlet,0,Nelliyagama,POINT (80.6335437 8.0638293),POINT (80.633544 8.063829)
4904911377,1004,hamlet,0,Hiththaragama,POINT (80.6044418 8.0807404),POINT (80.604442 8.08074)
4904911378,1004,hamlet,0,Olukaranda,POINT (80.590961 8.0755673),POINT (80.590961 8.075567)
4904980441,1002,town,0,Galenbindunuwewa,POINT (80.7189721 8.2924454),POINT (80.718972 8.292445)
4905585406,1010,suburb,0,Koonwewa,POINT (80.749265 8.4100869),POINT (80.749265 8.410087)
4905585407,1003,village,0,Dutuwewa,POINT (80.7635879 8.3381316),POINT (80.763588 8.338132)
4905585408,1003,village,0,Getalewa,POINT (80.752666 8.302271),POINT (80.752666 8.302271)
4905585409,1004,hamlet,0,Ellewewa,POINT (80.7280165 8.3273461),POINT (80.728016 8.327346)
4905585410,1004,hamlet,0,Hinguruwewa,POINT (80.7144928 8.3255202),POINT (80.714493 8.32552)
4905585636,1004,hamlet,0,Galapitagala,POINT (80.7101583 8.2766634),POINT (80.710158 8.276663)
4905585637,1004,hamlet,0,Gomariyankella,POINT (80.7193208 8.2737119),POINT (80.719321 8.273712)
4905585841,1003,village,0,Kurunnankulama,POINT (80.7236123 8.311762),POINT (80.723612 8.311762)
4905585842,1004,hamlet,0,Indigollewa,POINT (80.7215524 8.3129085),POINT (80.721552 8.312908)
4905585843,1004,hamlet,0,21 Colony,POINT (80.7179797 8.3085559),POINT (80.71798 8.308556)
4906233169,1003,village,0,Nikawewa,POINT (80.7601546 8.2640714),POINT (80.760155 8.264071)
4908075109,1003,village,0,Avusadapitiya,POINT (80.4637384 8.6999053),POINT (80.463738 8.699905)
4908075112,1004,hamlet,0,Weragama,POINT (80.4851103 8.6957055),POINT (80.48511 8.695706)
4908075114,1003,village,0,Irataiperiyakulama,POINT (80.4828787 8.7084319),POINT (80.482879 8.708432)
4908075431,1004,hamlet,0,Kudagama,POINT (80.4849279 8.6150525),POINT (80.484928 8.615052)
4909150422,1003,village,0,Tholangamuwa,POINT (80.2243873 7.2364829),POINT (80.224387 7.236483)
4910608812,1004,hamlet,0,Unagaswewa,POINT (80.5858111 8.5543287),POINT (80.585811 8.554329)
4910608813,1004,hamlet,0,Mailagaswewa,POINT (80.5550516 8.5423292),POINT (80.555052 8.542329)
4910608814,1003,village,0,Kirigalwewa,POINT (80.564053 8.5353161),POINT (80.564053 8.535316)
4910609226,1003,village,0,Hirallugama,POINT (80.6007242 8.6085181),POINT (80.600724 8.608518)
4910609236,1003,village,0,Gallellagama,POINT (80.5784941 8.5672296),POINT (80.578494 8.56723)
4910609444,1003,village,0,Kidagalegama,POINT (80.5575513 8.5765656),POINT (80.557551 8.576566)
4910609455,1003,village,0,Etaweeragollewa,POINT (80.5318022 8.6074891),POINT (80.531802 8.607489)
4910609506,1004,hamlet,0,Kuratiyawa,POINT (80.5685806 8.6117853),POINT (80.568581 8.611785)
4910609583,1003,village,0,Ethakada,POINT (80.5672502 8.6163043),POINT (80.56725 8.616304)
4911273918,1003,village,0,Padeniya,POINT (80.654583 7.8545286),POINT (80.654583 7.854529)
4913676317,1003,village,2000,Avukana,POINT (80.5123293 8.008396),POINT (80.512329 8.008396)
4913676318,1002,town,0,Madagalla,POINT (80.3975469 7.842306),POINT (80.397547 7.842306)
4914139249,1003,village,1500,Oraliyadda,POINT (80.3077697 7.327661),POINT (80.30777 7.327661)
4914547218,1004,hamlet,0,Weheragama,POINT (80.5203008 7.9321602),POINT (80.520301 7.93216)
4914548525,1003,village,0,Thonigala,POINT (80.5746316 8.0949422),POINT (80.574632 8.094942)
4914548550,1003,village,0,Dhathusenapura,POINT (80.5429387 8.0331815),POINT (80.542939 8.033182)
4914548551,1003,village,0,Vijithapura,POINT (80.5355787 8.024672),POINT (80.535579 8.024672)
4914548552,1003,village,0,Kalawewa,POINT (80.5336261 7.9996522),POINT (80.533626 7.999652)
4914548553,1003,village,0,Balaluwewa,POINT (80.5311687 7.9798208),POINT (80.531169 7.979821)
4914871973,1003,village,1500,Talakiriyagama,POINT (80.6123113 7.8100008),POINT (80.612311 7.810001)
4914871974,1003,village,1500,Dewahuwa,POINT (80.5737567 7.8456614),POINT (80.573757 7.845661)
4914871975,1003,village,2000,Bulanawewa,POINT (80.5707933 7.8286227),POINT (80.570793 7.828623)
4914871977,1003,village,1500,Ranwediyawa,POINT (80.5579679 7.7474002),POINT (80.557968 7.7474)
4917728558,1003,village,0,Ethiliwewa,POINT (81.1135196 6.615181),POINT (81.11352 6.615181)
4920389453,1003,village,0,Pahalagama,POINT (81.3061023 6.7367457),POINT (81.306102 6.736746)
4922637645,1003,village,0,Medakanda,POINT (80.9603548 7.6283957),POINT (80.960355 7.628396)
4922637646,1003,village,0,Hebarawa,POINT (80.9828424 7.5218522),POINT (80.982842 7.521852)
4922637647,1003,village,0,Handungamuwa,POINT (80.9264839 7.629491),POINT (80.926484 7.629491)
4922637667,1004,hamlet,0,Bathgampola,POINT (80.9146714 7.526745),POINT (80.914671 7.526745)
4922637668,1003,village,0,Sonuththa,POINT (80.9451198 7.4976641),POINT (80.94512 7.497664)
4922637679,1003,village,0,Nugagolla,POINT (80.9276104 7.4980683),POINT (80.92761 7.498068)
4922637680,1003,village,800,Wilgamuwa,POINT (80.9204886 7.5158806),POINT (80.920489 7.515881)
4926780613,1004,hamlet,200,Tholambugolla,POINT (80.5854922 7.7770964),POINT (80.585492 7.777096)
4933880452,1003,village,2000,Polgahangoḍa,POINT (80.508568 7.7373959),POINT (80.508568 7.737396)
4933880453,1003,village,2500,Madahapola,POINT (80.4993832 7.7061709),POINT (80.499383 7.706171)
4934024341,1003,village,0,Kandalama (WP),POINT (80.1389122 7.2728871),POINT (80.138912 7.272887)
4936764751,1003,village,1000,Palliyadda,POINT (80.538715 7.6869117),POINT (80.538715 7.686912)
4939118117,1003,village,0,Sea Fourth,POINT (80.4293525 7.0677595),POINT (80.429352 7.06776)
4941021314,1003,village,0,Alupotha,POINT (81.2111789 6.8965831),POINT (81.211179 6.896583)
4945392986,1003,village,1500,Madawala ulpatha,POINT (80.6367484 7.6112413),POINT (80.636748 7.611241)
4946244225,1003,village,1000,Korathota,POINT (80.0010348 6.9145374),POINT (80.001035 6.914537)
4946778919,1003,village,0,Puwakpitiya,POINT (80.7432193 7.5768235),POINT (80.743219 7.576824)
4946778920,1004,hamlet,0,Kahagala,POINT (80.7679868 7.5589189),POINT (80.767987 7.558919)
4948397896,1003,village,1000,Nalanda,POINT (80.6365641 7.6663756),POINT (80.636564 7.666376)
4948397897,1003,village,1000,Arangala,POINT (80.6498276 7.6914206),POINT (80.649828 7.691421)
4949054921,1004,hamlet,0,Agelawatta,POINT (80.7008876 7.2205946),POINT (80.700888 7.220595)
4953843188,1004,hamlet,400,Henawatte,POINT (80.0457802 6.8605252),POINT (80.04578 6.860525)
4954462851,1003,village,0,Teldeniyaya,POINT (81.0117245 7.5411251),POINT (81.011724 7.541125)
4954462866,1003,village,0,Aluyatawela,POINT (80.9891188 7.5446137),POINT (80.989119 7.544614)
4954470257,1003,village,0,Pahala Rathkinda,POINT (81.0535025 7.4875481),POINT (81.053502 7.487548)
4954470269,1003,village,0,Belaganwewa,POINT (81.0198783 7.5087903),POINT (81.019878 7.50879)
4954470270,1003,village,0,Millaththawa,POINT (81.0035705 7.4670707),POINT (81.00357 7.467071)
4954470271,1003,village,0,Galporuyaya,POINT (81.0258436 7.4253896),POINT (81.025844 7.42539)
4958096747,1003,village,0,Wewmedagama,POINT (81.0459065 7.5348286),POINT (81.045906 7.534829)
4958492455,1004,hamlet,0,John Keels Housing Scheme,POINT (79.9474059 6.8962505),POINT (79.947406 6.89625)
4958533749,1004,hamlet,0,Henanigala South,POINT (81.064564 7.5778179),POINT (81.064564 7.577818)
4959610621,1003,village,0,Bakkiella,POINT (81.6379505 7.4937922),POINT (81.63795 7.493792)
4959610622,1003,village,0,Nugelanda,POINT (81.648159 7.4936645),POINT (81.648159 7.493664)
4959610623,1003,village,0,Galapitagala,POINT (81.6447687 7.4354964),POINT (81.644769 7.435496)
4959610624,1002,town,0,Gonagolla,POINT (81.629051 7.4356347),POINT (81.629051 7.435635)
4959610625,1003,village,0,Rajagalathenna,POINT (81.6308641 7.4709163),POINT (81.630864 7.470916)
4959610626,1003,village,0,Mangalagama,POINT (81.5392801 7.525099),POINT (81.53928 7.525099)
4959610627,1003,village,0,Nuwaragalathenna,POINT (81.493755 7.5224478),POINT (81.493755 7.522448)
4959610628,1003,village,0,Aranthalawa,POINT (81.465176 7.5314489),POINT (81.465176 7.531449)
4959610629,1003,village,0,Samagipura,POINT (81.3798952 7.5315951),POINT (81.379895 7.531595)
4959610634,1003,village,0,Borapola,POINT (81.3967609 7.5401679),POINT (81.396761 7.540168)
4959610709,1003,village,0,Poolawala,POINT (81.421861 7.5774563),POINT (81.421861 7.577456)
4959960617,1004,hamlet,0,Henanigala North,POINT (81.0732805 7.5977339),POINT (81.07328 7.597734)
4961511412,1003,village,500,Wattarama,POINT (80.3186772 7.3062999),POINT (80.318677 7.3063)
4961881686,1003,village,1000,Lenadora,POINT (80.6621477 7.7553433),POINT (80.662148 7.755343)
4965097196,1004,hamlet,0,Hekitta Watte,POINT (79.8819723 6.9829018),POINT (79.881972 6.982902)
4966800445,1004,hamlet,0,Nayabedde State,POINT (81.0014892 6.8058315),POINT (81.001489 6.805832)
4966800462,1003,village,0,Bandara Eliya,POINT (81.021265 6.7891003),POINT (81.021265 6.7891)
4966800463,1050,locality,0,Dambethenne State,POINT (81.0136986 6.7916145),POINT (81.013699 6.791614)
4966800464,1003,village,0,Dambetenne,POINT (81.0041177 6.7826974),POINT (81.004118 6.782697)
4966800465,1003,village,0,Nayabedde State,POINT (81.00209 6.8005634),POINT (81.00209 6.800563)
4966801150,1004,hamlet,0,St. Catharine's,POINT (81.0134947 6.7965684),POINT (81.013495 6.796568)
4966802821,1003,village,0,Kebillawela,POINT (80.9935391 6.8181838),POINT (80.993539 6.818184)
4966803745,1004,hamlet,0,Obada Ella,POINT (80.986501 6.8132621),POINT (80.986501 6.813262)
4968157982,1004,hamlet,0,Kebillawela North,POINT (80.9915704 6.8364639),POINT (80.99157 6.836464)
4968157983,1050,locality,0,Kebillawela South,POINT (80.9899235 6.8201013),POINT (80.989924 6.820101)
4968157984,1004,hamlet,0,Janaudanagama,POINT (80.9892583 6.8247353),POINT (80.989258 6.824735)
4968157985,1003,village,0,Mahaulpatha,POINT (80.993067 6.8255769),POINT (80.993067 6.825577)
4968353483,1004,hamlet,0,Roseland,POINT (81.0515606 6.8234143),POINT (81.051561 6.823414)
4968353484,1004,hamlet,0,Ambadandegama,POINT (81.0438037 6.816426),POINT (81.043804 6.816426)
4968353485,1004,hamlet,0,Bambaragama,POINT (81.0327369 6.8091819),POINT (81.032737 6.809182)
4968353486,1003,village,0,Liyangahawela,POINT (81.0283541 6.8136243),POINT (81.028354 6.813624)
4968353488,1003,village,0,Poonagala,POINT (81.0453755 6.7836643),POINT (81.045376 6.783664)
4970283196,1003,village,0,Makulella,POINT (81.0307359 6.8340138),POINT (81.030736 6.834014)
4970283197,1003,village,0,Kinigama,POINT (81.0122234 6.8276275),POINT (81.012223 6.827628)
4970283198,1004,hamlet,0,Sewanagama,POINT (81.0133109 6.8261618),POINT (81.013311 6.826162)
4971878753,1050,locality,0,Galheeriya,POINT (80.6991398 7.4306877),POINT (80.69914 7.430688)
4971878754,1004,hamlet,0,Wegalawaththa,POINT (80.6909322 7.4103035),POINT (80.690932 7.410304)
4971878755,1004,hamlet,0,Elkaduwa State,POINT (80.6984624 7.4323101),POINT (80.698462 7.43231)
4977367270,1003,village,0,Hewagama,POINT (79.9695887 6.9359025),POINT (79.969589 6.935902)
4978895843,1004,hamlet,0,Dowa,POINT (81.010437 6.8519951),POINT (81.010437 6.851995)
4978895844,1003,village,0,Kahagolla,POINT (80.9667679 6.8172649),POINT (80.966768 6.817265)
4978895845,1004,hamlet,0,Karagahawela,POINT (80.9774566 6.8141143),POINT (80.977457 6.814114)
4978895846,1004,hamlet,0,Hope,POINT (80.9820485 6.8185779),POINT (80.982048 6.818578)
4978895847,1004,hamlet,0,Inikambedda,POINT (80.9831214 6.8229137),POINT (80.983121 6.822914)
4978895848,1004,hamlet,0,Kahattewela,POINT (80.973916 6.8275796),POINT (80.973916 6.82758)
4978895849,1004,hamlet,0,Erenawela,POINT (80.9730148 6.8368474),POINT (80.973015 6.836847)
4978895850,1004,hamlet,0,Ambegoda,POINT (80.9666204 6.8447835),POINT (80.96662 6.844784)
4978895851,1003,village,0,Diganathenna,POINT (80.9679508 6.8565303),POINT (80.967951 6.85653)
4978895852,1003,village,0,Ettalapitiya,POINT (80.9940219 6.8556168),POINT (80.994022 6.855617)
4978895853,1003,village,0,Bindunuwewa,POINT (80.9965083 6.8458087),POINT (80.996508 6.845809)
4978895854,1004,hamlet,0,Wewathenna,POINT (80.9777999 6.8502588),POINT (80.9778 6.850259)
4981932628,1003,village,0,Kiththampahuva,POINT (79.8986307 6.9469474),POINT (79.898631 6.946947)
4986171020,1003,village,1000,Thambilideniya,POINT (80.6118629 7.5967266),POINT (80.611863 7.596727)
4986498803,1004,hamlet,0,Diwithotawela,POINT (80.9147894 6.9031229),POINT (80.914789 6.903123)
4986498804,1004,hamlet,0,Yalpathwela,POINT (80.9249926 6.8882751),POINT (80.924993 6.888275)
4986498805,1004,hamlet,0,Ketakella,POINT (80.9172785 6.8956405),POINT (80.917278 6.89564)
4986498806,1003,village,0,Dambawinna,POINT (80.9162593 6.892312),POINT (80.916259 6.892312)
4986498807,1004,hamlet,0,Nawela,POINT (80.9233779 6.8776129),POINT (80.923378 6.877613)
4986498808,1004,hamlet,0,Pahala Yalkumbura,POINT (80.9363007 6.8825233),POINT (80.936301 6.882523)
4986498809,1004,hamlet,0,Yalkumbura,POINT (80.9337902 6.875472),POINT (80.93379 6.875472)
4986498810,1050,locality,0,Dayaraba State,POINT (80.9433818 6.892067),POINT (80.943382 6.892067)
4986498811,1003,village,0,Dayaraba,POINT (80.9374273 6.8895),POINT (80.937427 6.8895)
4986498868,1004,hamlet,0,Idamegama,POINT (80.9317839 6.898266),POINT (80.931784 6.898266)
4986498869,1004,hamlet,0,Koskanuwela,POINT (80.9461659 6.8991181),POINT (80.946166 6.899118)
4986498870,1004,hamlet,0,Dikkapitiya,POINT (80.9386396 6.9028566),POINT (80.93864 6.902857)
4986498871,1004,hamlet,0,Puhulpola,POINT (80.9334201 6.9110739),POINT (80.93342 6.911074)
4986498920,1003,village,0,Downside State,POINT (80.9225196 6.9310811),POINT (80.92252 6.931081)
4986498921,1004,hamlet,0,Ihala Kotawara,POINT (80.92731 6.9213359),POINT (80.92731 6.921336)
4986498922,1004,hamlet,0,Moragolla,POINT (80.9199178 6.9206968),POINT (80.919918 6.920697)
4986498923,1004,hamlet,0,Pahala Kotawara,POINT (80.9242201 6.9123679),POINT (80.92422 6.912368)
4986498924,1004,hamlet,0,Kebilidowa,POINT (80.9520936 6.9212933),POINT (80.952094 6.921293)
4986498925,1004,hamlet,0,Hangiliella,POINT (80.9443259 6.9150307),POINT (80.944326 6.915031)
4986499020,1004,hamlet,0,Metiwalalanda,POINT (80.9416061 6.9444739),POINT (80.941606 6.944474)
4986499059,1003,village,0,Yahala Arawa,POINT (80.9484458 6.9393404),POINT (80.948446 6.93934)
4986499060,1004,hamlet,0,Kendagolla,POINT (80.9315264 6.9267783),POINT (80.931526 6.926778)
4986935687,1004,hamlet,0,Unapana,POINT (80.9171176 6.9407516),POINT (80.917118 6.940752)
4986935703,1004,hamlet,0,Pattiyakumbura,POINT (80.9301263 6.9568811),POINT (80.930126 6.956881)
4986935704,1004,hamlet,0,Pannalawela,POINT (80.9324974 6.9669291),POINT (80.932497 6.966929)
4986936949,1004,hamlet,0,Hela Alagolla,POINT (80.9230185 6.9689738),POINT (80.923018 6.968974)
4986937424,1004,hamlet,0,Kirawanagama,POINT (80.9124318 6.9675468),POINT (80.912432 6.967547)
4986937455,1003,village,0,Loonuwaththa,POINT (80.9259796 6.9553102),POINT (80.92598 6.95531)
4986937456,1004,hamlet,0,Beraliyapola,POINT (80.923394 6.9624775),POINT (80.923394 6.962478)
4986937881,1004,hamlet,0,Pallewela,POINT (80.9111094 6.9431053),POINT (80.911109 6.943105)
4986938028,1004,hamlet,0,Kumarapattiya,POINT (80.9057879 6.9341165),POINT (80.905788 6.934116)
4987873473,1050,locality,0,Katarandana State,POINT (80.6439342 7.0360567),POINT (80.643934 7.036057)
4987873474,1003,village,0,Beramana,POINT (80.6270481 6.9940356),POINT (80.627048 6.994036)
4987873475,1004,hamlet,0,Kelliewaththa,POINT (80.6063944 6.9758747),POINT (80.606394 6.975875)
4987873476,1003,village,0,Pathana,POINT (80.6079486 6.9694747),POINT (80.607949 6.969475)
4987873477,1004,hamlet,0,Bogahawaththa,POINT (80.61084 6.9689463),POINT (80.61084 6.968946)
4987873478,1004,hamlet,0,Rosita,POINT (80.6150365 6.9343614),POINT (80.615036 6.934361)
4987873479,1050,locality,0,Wooten,POINT (80.6099081 6.9339461),POINT (80.609908 6.933946)
4987873480,1050,locality,0,Stony Cliff Division,POINT (80.6023228 6.9496125),POINT (80.602323 6.949612)
4987873481,1050,locality,0,Forest Green,POINT (80.6153583 6.9434248),POINT (80.615358 6.943425)
4987873482,1050,locality,0,Craigelea,POINT (80.6187915 6.9520301),POINT (80.618792 6.95203)
4987873483,1003,village,0,Dimbula State,POINT (80.6092703 6.9586603),POINT (80.60927 6.95866)
4987873484,1004,hamlet,0,Stony Cliff,POINT (80.6011319 6.949277),POINT (80.601132 6.949277)
4987873485,1004,hamlet,0,Springkell,POINT (80.6008369 6.9396493),POINT (80.600837 6.939649)
4987873965,1002,town,5000,Kotagala,POINT (80.6090552 6.9252739),POINT (80.609055 6.925274)
4987873966,1003,village,0,Devon,POINT (80.6443477 6.9468328),POINT (80.644348 6.946833)
4988657357,1004,hamlet,0,Nayapana Colany,POINT (80.5831343 7.0734876),POINT (80.583134 7.073488)
4988657358,1003,village,0,Nugawela,POINT (80.5841321 7.0648421),POINT (80.584132 7.064842)
4988657359,1050,locality,0,New Peacock Hill,POINT (80.614897 7.0946751),POINT (80.614897 7.094675)
4988657360,1003,village,0,Doragala,POINT (80.6133789 7.0878345),POINT (80.613379 7.087834)
4988657361,1050,locality,0,New Peacock State,POINT (80.6082559 7.103022),POINT (80.608256 7.103022)
4988657365,1004,hamlet,0,Mawela Panangammana,POINT (80.6466865 7.0760856),POINT (80.646686 7.076086)
4988657366,1004,hamlet,0,Nawamorape,POINT (80.6412846 7.0807011),POINT (80.641285 7.080701)
4988657371,1003,village,0,Mawela,POINT (80.6424433 7.0720583),POINT (80.642443 7.072058)
4988657372,1004,hamlet,0,Themmetiya,POINT (80.6353462 7.068558),POINT (80.635346 7.068558)
4988657377,1004,hamlet,0,Morape,POINT (80.6212699 7.0659068),POINT (80.62127 7.065907)
4988658637,1004,hamlet,0,Maswela,POINT (80.6333452 7.0642085),POINT (80.633345 7.064208)
4988659111,1004,hamlet,0,Udagammedda,POINT (80.6238019 7.0693246),POINT (80.623802 7.069325)
4988659112,1003,village,0,Kadadora,POINT (80.614897 7.0661197),POINT (80.614897 7.06612)
4989858917,1003,village,0,Stockholm State,POINT (80.6044541 6.8191915),POINT (80.604454 6.819192)
4989858918,1050,locality,0,Bargrove,POINT (80.599861 6.7926331),POINT (80.599861 6.792633)
4989858919,1050,locality,0,Gaurawilla,POINT (80.6079662 6.7937879),POINT (80.607966 6.793788)
4989858921,1003,village,0,Minna State,POINT (80.6333774 6.7815468),POINT (80.633377 6.781547)
4989858923,1004,hamlet,0,Alton State,POINT (80.6195363 6.7896564),POINT (80.619536 6.789656)
4991803349,1003,village,0,Werenketagoda,POINT (81.6224581 7.4050476),POINT (81.622458 7.405048)
4991856515,1003,village,0,Bandaraduwa,POINT (81.5628111 7.4330495),POINT (81.562811 7.43305)
4992079823,1003,village,0,Galahitiyaagoda,POINT (81.6116112 7.3577399),POINT (81.611611 7.35774)
4992079824,1003,village,1500,Bokkebedda,POINT (81.557731 7.3828747),POINT (81.557731 7.382875)
4992079825,1002,town,0,Uhana,POINT (81.6361937 7.3630388),POINT (81.636194 7.363039)
4992079826,1003,village,3000,Walagampura,POINT (81.60427 7.3930915),POINT (81.60427 7.393092)
4992079837,1003,village,0,Kohombana,POINT (81.6107529 7.3914929),POINT (81.610753 7.391493)
4993940517,1003,village,0,Malwatte,POINT (79.9036268 6.9295669),POINT (79.903627 6.929567)
4993948113,1004,hamlet,0,Kuruniyawatte,POINT (79.8879164 6.9429854),POINT (79.887916 6.942985)
4994286448,1003,village,0,Guruwela,POINT (80.8652932 7.5361089),POINT (80.865293 7.536109)
4994401202,1003,village,500,Bambaragaleyaya,POINT (80.6423392 7.8601972),POINT (80.642339 7.860197)
4994401203,1003,village,500,Pohoranwewayaya,POINT (80.6260529 7.855186),POINT (80.626053 7.855186)
4994917094,1003,village,2500,Mayadunna,POINT (81.6407025 7.4283366),POINT (81.640702 7.428337)
4996525379,1050,locality,0,Samangala,POINT (81.5783709 7.4150162),POINT (81.578371 7.415016)
5005140096,1003,village,200,Randeniya,POINT (81.1126667 6.7984594),POINT (81.112667 6.798459)
5006062755,1003,village,0,Kekulawala,POINT (80.3006482 7.6961666),POINT (80.300648 7.696167)
5009083514,1004,hamlet,0,Parana Malkaduwawa,POINT (80.3416872 7.4815167),POINT (80.341687 7.481517)
5009083515,1004,hamlet,0,Heraliyawala,POINT (80.3282547 7.484325),POINT (80.328255 7.484325)
5009083516,1004,hamlet,0,Yatawehera,POINT (80.3117645 7.5030464),POINT (80.311764 7.503046)
5009084225,1003,village,0,Alakoladeniya,POINT (80.3226757 7.4963876),POINT (80.322676 7.496388)
5009084230,1004,hamlet,0,Dematagahapelessa,POINT (80.3291344 7.4983236),POINT (80.329134 7.498324)
5009084231,1004,hamlet,0,Kaudawaththa,POINT (80.3454208 7.4896862),POINT (80.345421 7.489686)
5009084232,1003,village,0,Aswedduma,POINT (80.3386905 7.4929376),POINT (80.33869 7.492938)
5009084233,1004,hamlet,0,Wilgoda,POINT (80.3451848 7.4913669),POINT (80.345185 7.491367)
5009084234,1003,village,0,Uda Digana,POINT (80.3397238 7.5054291),POINT (80.339724 7.505429)
5009084235,1004,hamlet,0,Kohilapokuna,POINT (80.3424811 7.4966429),POINT (80.342481 7.496643)
5010956996,1003,village,0,Kiwullinda,POINT (80.7195353 7.2404157),POINT (80.719535 7.240416)
5013540690,1003,village,10000,Indipalegoda Junction,POINT (80.2231148 6.3396593),POINT (80.223115 6.339659)
5013603859,1050,locality,0,Hindarigama,POINT (80.7693708 7.1847478),POINT (80.769371 7.184748)
5016854272,1004,hamlet,200,Katugahagama,POINT (80.2974844 7.5163744),POINT (80.297484 7.516374)
5016854278,1003,village,1000,Demataluwa,POINT (80.2854467 7.5254274),POINT (80.285447 7.525427)
5016854289,1004,hamlet,200,Kanotuwa,POINT (80.2836013 7.5063652),POINT (80.283601 7.506365)
5016854290,1003,village,500,Divulagaspitiya,POINT (80.2907037 7.5020466),POINT (80.290704 7.502047)
5016854291,1004,hamlet,200,Embalawa,POINT (80.2881825 7.5135982),POINT (80.288182 7.513598)
5016854292,1004,hamlet,100,Weherabenda,POINT (80.3028166 7.5004404),POINT (80.302817 7.50044)
5016854293,1003,village,500,Gonigala,POINT (80.3017974 7.5038123),POINT (80.301797 7.503812)
5016854294,1004,hamlet,200,Ihala Madawala,POINT (80.2839446 7.486112),POINT (80.283945 7.486112)
5016854295,1004,hamlet,200,Damunugala,POINT (80.3015721 7.4951218),POINT (80.301572 7.495122)
5016854296,1004,hamlet,200,Kohana,POINT (80.302205 7.4887714),POINT (80.302205 7.488771)
5016854313,1004,hamlet,500,Hembara,POINT (80.2952099 7.4906967),POINT (80.29521 7.490697)
5016854314,1003,village,1500,Sandagala,POINT (80.2980423 7.4828836),POINT (80.298042 7.482884)
5016854319,1004,hamlet,100,Moragolla,POINT (80.2900922 7.4761872),POINT (80.290092 7.476187)
5016854320,1004,hamlet,100,Pambe,POINT (80.2983749 7.4780488),POINT (80.298375 7.478049)
5016857565,1004,hamlet,200,Rthmale,POINT (80.3061855 7.4779105),POINT (80.306186 7.47791)
5016857570,1004,hamlet,200,Dangolla,POINT (80.3121292 7.4895054),POINT (80.312129 7.489505)
5019110304,1003,village,0,Ukwatte,POINT (80.2046799 6.9545713),POINT (80.20468 6.954571)
5019110305,1002,town,0,Puwakpitiya,POINT (80.1941643 6.9408333),POINT (80.194164 6.940833)
5019112119,1004,hamlet,0,Phala Kosgama,POINT (80.1374261 6.9417634),POINT (80.137426 6.941763)
5019112160,1004,hamlet,0,Ihala Kosgama,POINT (80.1349786 6.9403525),POINT (80.134979 6.940352)
5019113526,1003,village,0,Atigala,POINT (80.0599146 6.9063889),POINT (80.059915 6.906389)
5019113527,1003,village,0,Ranala,POINT (80.0343099 6.9170523),POINT (80.03431 6.917052)
5020551844,1003,village,0,Tholpuram,POINT (79.93979 9.7556134),POINT (79.93979 9.755613)
5020556190,1003,village,0,Valakamparai,POINT (79.9504425 9.7565896),POINT (79.950442 9.75659)
5022014678,1003,village,500,Kumburugamuwa,POINT (80.7203668 6.4436312),POINT (80.720367 6.443631)
5022014679,1004,hamlet,200,Wadakahadeniya,POINT (80.6964469 6.4347185),POINT (80.696447 6.434718)
5022014680,1003,village,500,Dambemeda,POINT (80.7127976 6.4273195),POINT (80.712798 6.42732)
5022014681,1004,hamlet,200,Wistharakanda,POINT (80.6893873 6.4372772),POINT (80.689387 6.437277)
5022014682,1004,hamlet,200,Pitakanda,POINT (80.6398415 6.4316267),POINT (80.639842 6.431627)
5022014683,1003,village,500,Wijeriya,POINT (80.6525445 6.4226285),POINT (80.652544 6.422628)
5022014684,1004,hamlet,200,Moragoda,POINT (80.6580376 6.4315095),POINT (80.658038 6.43151)
5022014685,1004,hamlet,200,Yakmadiththa,POINT (80.6774997 6.4375757),POINT (80.6775 6.437576)
5022014686,1004,hamlet,200,Anguruwawala,POINT (80.6833362 6.4254218),POINT (80.683336 6.425422)
5022014687,1004,hamlet,200,Arachchikumbura,POINT (80.6713628 6.4325862),POINT (80.671363 6.432586)
5022014688,1003,village,500,Helaudakanda,POINT (80.6775615 6.4418028),POINT (80.677562 6.441803)
5022014689,1004,hamlet,200,Panagamuwa,POINT (80.665698 6.4394094),POINT (80.665698 6.439409)
5022014690,1004,hamlet,200,Maussakanda,POINT (80.6641102 6.4486632),POINT (80.66411 6.448663)
5022014691,1004,hamlet,200,Thennehena,POINT (80.6590032 6.4432687),POINT (80.659003 6.443269)
5022014692,1050,locality,0,Ranhotikanda,POINT (80.6508493 6.4497932),POINT (80.650849 6.449793)
5022014693,1004,hamlet,200,Ranhoti Kanda,POINT (80.6499481 6.4468615),POINT (80.649948 6.446862)
5022014694,1003,village,500,Thalagahawatta,POINT (80.6513643 6.4485246),POINT (80.651364 6.448525)
5022014695,1050,locality,0,Louderdale,POINT (80.6240487 6.4240998),POINT (80.624049 6.4241)
5022014697,1050,locality,0,Gilgarron,POINT (80.6284261 6.4292599),POINT (80.628426 6.42926)
5022014698,1050,locality,0,Sooriyakanda State,POINT (80.6316447 6.4391002),POINT (80.631645 6.4391)
5022014699,1050,locality,0,Hettiyagama Kanda,POINT (80.6362152 6.448322),POINT (80.636215 6.448322)
5022014700,1050,locality,0,West Toune,POINT (80.6377601 6.435678),POINT (80.63776 6.435678)
5022014701,1050,locality,0,Aigburth,POINT (80.6378674 6.4436898),POINT (80.637867 6.44369)
5022014702,1004,hamlet,200,Udawela,POINT (80.6455707 6.4383806),POINT (80.645571 6.438381)
5022990524,1004,hamlet,0,Kekunagoda,POINT (80.7155013 6.4508806),POINT (80.715501 6.450881)
5022990525,1004,hamlet,0,Welanewaththa,POINT (80.7277831 6.4315094),POINT (80.727783 6.431509)
5022990526,1004,hamlet,0,Halwinna,POINT (80.7205009 6.4465736),POINT (80.720501 6.446574)
5022990532,1004,hamlet,0,Henaggegoda,POINT (80.7092571 6.4410939),POINT (80.709257 6.441094)
5022990533,1004,hamlet,0,Yayagangoda,POINT (80.7036459 6.445145),POINT (80.703646 6.445145)
5022990534,1050,locality,0,Polgahakanda,POINT (80.6707191 6.4562537),POINT (80.670719 6.456254)
5022990535,1004,hamlet,0,Miyanakoladeniya,POINT (80.695256 6.4591854),POINT (80.695256 6.459185)
5022990536,1050,locality,0,Elchico,POINT (80.6863189 6.4594946),POINT (80.686319 6.459495)
5022990537,1050,locality,0,Nahaveena,POINT (80.6751823 6.4637589),POINT (80.675182 6.463759)
5022990538,1050,locality,0,Palamcotta,POINT (80.6687021 6.4618719),POINT (80.668702 6.461872)
5022990541,1050,locality,0,Dunboniel Division,POINT (80.6538105 6.4629273),POINT (80.65381 6.462927)
5022990542,1050,locality,0,Stubton Division,POINT (80.6216669 6.4695582),POINT (80.621667 6.469558)
5022990543,1050,locality,0,Dalveen Division,POINT (80.6266665 6.4727777),POINT (80.626666 6.472778)
5022990544,1050,locality,0,Springwood Division,POINT (80.6328463 6.4709441),POINT (80.632846 6.470944)
5022990545,1003,village,0,Springwood State,POINT (80.6310638 6.4681541),POINT (80.631064 6.468154)
5023011412,1003,village,0,Pothupitiya,POINT (80.5114066 6.429601),POINT (80.511407 6.429601)
5023011414,1003,village,0,Ilumbakanda,POINT (80.5665206 6.4228631),POINT (80.566521 6.422863)
5023911595,1050,locality,0,Longford Division,POINT (80.6670284 6.3745855),POINT (80.667028 6.374586)
5023911596,1050,locality,0,Hayes Division,POINT (80.6517935 6.3655649),POINT (80.651794 6.365565)
5023911597,1050,locality,0,Makulaniena Division,POINT (80.6651401 6.3668871),POINT (80.66514 6.366887)
5023911604,1003,village,0,Hayes,POINT (80.656321 6.3689983),POINT (80.656321 6.368998)
5023911605,1003,village,0,Ullinduwawa,POINT (80.6377816 6.3666419),POINT (80.637782 6.366642)
5023911606,1003,village,0,Boraluwage Aina,POINT (80.6768829 6.3761795),POINT (80.676883 6.37618)
5023911607,1003,village,1000,Kella,POINT (80.7026481 6.3701072),POINT (80.702648 6.370107)
5023911608,1003,village,0,Pupulaketiya,POINT (80.6861043 6.3575252),POINT (80.686104 6.357525)
5023915622,1004,hamlet,0,Alagalkanda,POINT (80.6866836 6.3716427),POINT (80.686684 6.371643)
5023915629,1003,village,0,Maduwanwala,POINT (80.7147073 6.3927967),POINT (80.714707 6.392797)
5023915630,1004,hamlet,0,Binnegama,POINT (80.6994724 6.3891716),POINT (80.699472 6.389172)
5023915631,1004,hamlet,0,Ela Ihala,POINT (80.7008886 6.398341),POINT (80.700889 6.398341)
5023915641,1003,village,0,Buthkanda,POINT (80.6827167 6.3817373),POINT (80.682717 6.381737)
5023915643,1050,locality,0,Andimitikanda,POINT (80.6732726 6.393799),POINT (80.673273 6.393799)
5023915644,1004,hamlet,0,Nawaneliya,POINT (80.6790876 6.4070997),POINT (80.679088 6.4071)
5023915654,1003,village,0,Ereporuwa,POINT (80.6683051 6.4215836),POINT (80.668305 6.421584)
5023915655,1004,hamlet,0,Pitawala,POINT (80.6801283 6.3992792),POINT (80.680128 6.399279)
5023915656,1003,village,0,Egodakanda,POINT (80.6635093 6.3911334),POINT (80.663509 6.391133)
5023915657,1004,hamlet,0,Polwatta,POINT (80.6799674 6.4129904),POINT (80.679967 6.41299)
5023915658,1004,hamlet,0,Thundolakanda,POINT (80.6606769 6.4091308),POINT (80.660677 6.409131)
5023915659,1004,hamlet,0,Kehelpoththewa,POINT (80.6676078 6.4047382),POINT (80.667608 6.404738)
5023915660,1004,hamlet,0,Nadolakanda,POINT (80.6564498 6.4008572),POINT (80.65645 6.400857)
5023915661,1050,locality,0,Lankaberiya,POINT (80.653553 6.4019661),POINT (80.653553 6.401966)
5023915662,1003,village,0,Iththekanda,POINT (80.6445408 6.4115191),POINT (80.644541 6.411519)
5025242560,1004,hamlet,0,Wadumunnegedara,POINT (79.9731 7.4073),POINT (79.9731 7.4073)
5025242561,1003,village,0,Nedalagamuwa,POINT (80.0061281 7.396814),POINT (80.006128 7.396814)
5025823028,1002,town,0,Ayagama,POINT (80.3116589 6.6385517),POINT (80.311659 6.638552)
5026059061,1004,hamlet,0,Ellagala,POINT (80.1863337 6.6907788),POINT (80.186334 6.690779)
5026059062,1003,village,0,Amaragedara,POINT (80.1924705 6.6841722),POINT (80.19247 6.684172)
5026059063,1004,hamlet,0,Delmealla,POINT (80.2078624 6.6815335),POINT (80.207862 6.681534)
5026059064,1003,village,0,Rabeliya,POINT (80.212512 6.6670372),POINT (80.212512 6.667037)
5026059065,1003,village,0,Udugalakanda,POINT (80.226202 6.6734363),POINT (80.226202 6.673436)
5026059066,1004,hamlet,0,Tea Janapadaya,POINT (80.2809513 6.6442322),POINT (80.280951 6.644232)
5026059067,1004,hamlet,0,Gangodakanda,POINT (80.286423 6.6625935),POINT (80.286423 6.662594)
5026059081,1004,hamlet,0,Pallekada,POINT (80.2933323 6.6532904),POINT (80.293332 6.65329)
5026059082,1003,village,0,Gawaragiriya,POINT (80.2664351 6.6485269),POINT (80.266435 6.648527)
5026059083,1004,hamlet,0,Kekiriwaramandiya,POINT (80.3245854 6.6328294),POINT (80.324585 6.632829)
5026059084,1004,hamlet,0,Beraliyana,POINT (80.3205326 6.6244315),POINT (80.320533 6.624432)
5026059085,1004,hamlet,0,Araporuwa,POINT (80.3153586 6.6332983),POINT (80.315359 6.633298)
5026059086,1004,hamlet,0,Ereporuwa,POINT (80.3182339 6.6287797),POINT (80.318234 6.62878)
5026059087,1004,hamlet,0,Kandegama,POINT (80.3213668 6.6412483),POINT (80.321367 6.641248)
5026066416,1004,hamlet,0,Weliwatte,POINT (79.8907414 6.9447238),POINT (79.890741 6.944724)
5029000761,1004,hamlet,0,Citrus Waththa,POINT (80.2473915 6.0937981),POINT (80.247392 6.093798)
5029000762,1050,locality,0,Citrus,POINT (80.2322906 6.1156888),POINT (80.232291 6.115689)
5029000763,1003,village,0,Meda Keembiya East,POINT (80.2553415 6.1172143),POINT (80.255342 6.117214)
5029000764,1004,hamlet,0,Kirigalketiya,POINT (80.251978 6.1092667),POINT (80.251978 6.109267)
5029000765,1003,village,0,Meda Keembiya,POINT (80.248695 6.1065144),POINT (80.248695 6.106514)
5029000766,1003,village,0,Kasideniya,POINT (80.2204728 6.1224734),POINT (80.220473 6.122473)
5029000767,1003,village,0,Pahala Keembiya,POINT (80.2296406 6.1239989),POINT (80.229641 6.123999)
5029001685,1004,hamlet,0,Mediriyawa,POINT (80.2161813 6.1534994),POINT (80.216181 6.153499)
5029001686,1004,hamlet,0,Weihena,POINT (80.2110422 6.1621236),POINT (80.211042 6.162124)
5029001687,1003,village,0,Wathurawa,POINT (80.2271998 6.143755),POINT (80.2272 6.143755)
5029001696,1003,village,0,Indurupathwila,POINT (80.2210736 6.1536967),POINT (80.221074 6.153697)
5029001697,1003,village,0,Lelwala Pahala,POINT (80.2410722 6.1410135),POINT (80.241072 6.141014)
5029001698,1003,village,0,Lelwala Ihala,POINT (80.2491939 6.1469018),POINT (80.249194 6.146902)
5029001699,1003,village,0,Katamburawa,POINT (80.2564332 6.144435),POINT (80.256433 6.144435)
5029001700,1004,hamlet,0,Urala North,POINT (80.2632379 6.1576649),POINT (80.263238 6.157665)
5029001701,1003,village,0,Unanvitiya,POINT (80.2536249 6.1671157),POINT (80.253625 6.167116)
5029001702,1004,hamlet,0,Lehuwala,POINT (80.2543223 6.1618783),POINT (80.254322 6.161878)
5029001703,1003,village,0,Urala,POINT (80.2706999 6.1474138),POINT (80.2707 6.147414)
5029001835,1050,locality,0,Nehenigala,POINT (80.2828931 6.1458884),POINT (80.282893 6.145888)
5029001836,1050,locality,0,Gulugahakanda,POINT (80.2828073 6.1322556),POINT (80.282807 6.132256)
5029001842,1004,hamlet,0,Nehenigala,POINT (80.2784192 6.13808),POINT (80.278419 6.13808)
5029001843,1004,hamlet,0,Midella,POINT (80.2866912 6.1348904),POINT (80.286691 6.13489)
5029001844,1050,locality,0,Dolaaramba,POINT (80.2646971 6.1356905),POINT (80.264697 6.13569)
5029001855,1004,hamlet,0,Gulugahakanda,POINT (80.2660006 6.1413815),POINT (80.266001 6.141382)
5029001856,1003,village,0,Thalawa,POINT (80.2912644 6.1400054),POINT (80.291264 6.140005)
5029273214,1004,hamlet,0,Thilakagama,POINT (80.21528 6.1371413),POINT (80.21528 6.137141)
5029273215,1004,hamlet,0,Pilagoda,POINT (80.2076787 6.1454457),POINT (80.207679 6.145446)
5029273216,1004,hamlet,0,Boralukada,POINT (80.1882004 6.1590089),POINT (80.1882 6.159009)
5030579582,1003,village,0,Gonadeniya,POINT (80.3043444 6.2004268),POINT (80.304344 6.200427)
5030579583,1010,suburb,0,Nagoda,POINT (80.2749967 6.1980696),POINT (80.274997 6.19807)
5030579584,1003,village,2000,Udalamaththa,POINT (80.297817 6.1829555),POINT (80.297817 6.182956)
5030579585,1004,hamlet,200,Yatalamaththa Junction,POINT (80.2855083 6.1722303),POINT (80.285508 6.17223)
5030579586,1003,village,0,Niyagama,POINT (80.2666175 6.2424068),POINT (80.266618 6.242407)
5030579587,1050,locality,0,Kandawinna Waththa,POINT (80.2898991 6.2199561),POINT (80.289899 6.219956)
5030579589,1004,hamlet,0,Sandarawala,POINT (80.184499 6.1541581),POINT (80.184499 6.154158)
5034224220,1050,locality,0,Medaganyaya,POINT (80.7064354 6.5524742),POINT (80.706435 6.552474)
5034224321,1003,village,0,Ranwala,POINT (80.6737554 6.5448638),POINT (80.673755 6.544864)
5034224322,1003,village,0,Ambewila,POINT (80.7089084 6.5200812),POINT (80.708908 6.520081)
5034224323,1003,village,0,Handagiriya,POINT (80.7862097 6.5848597),POINT (80.78621 6.58486)
5034224333,1003,village,0,Welange,POINT (80.6886256 6.620499),POINT (80.688626 6.620499)
5034224334,1003,village,0,Mawela,POINT (80.714533 6.6147414),POINT (80.714533 6.614741)
5034224336,1003,village,0,Daamahana,POINT (80.7359076 6.60467),POINT (80.735908 6.60467)
5035844895,1003,village,500,Atulugama,POINT (80.2633066 6.9919331),POINT (80.263307 6.991933)
5036392097,1003,village,0,Mahawalathenna,POINT (80.748117 6.5873697),POINT (80.748117 6.58737)
5036392098,1003,village,0,Imbulamula,POINT (80.767571 6.5948835),POINT (80.767571 6.594884)
5036929877,1003,village,0,Banagala,POINT (80.94468 6.6287477),POINT (80.94468 6.628748)
5036929878,1003,village,0,Medabedda,POINT (80.8979285 6.6573351),POINT (80.897928 6.657335)
5036929879,1003,village,0,Thanjantenna,POINT (80.8534098 6.6302237),POINT (80.85341 6.630224)
5036929880,1003,village,0,Budugala,POINT (80.8785367 6.6349394),POINT (80.878537 6.634939)
5036929881,1050,locality,0,Kuuragala,POINT (80.8645999 6.6247086),POINT (80.8646 6.624709)
5036929882,1050,locality,0,Kuuragala East,POINT (80.8432817 6.5925229),POINT (80.843282 6.592523)
5036929883,1050,locality,0,Welipothayaya,POINT (80.8584737 6.6089784),POINT (80.858474 6.608978)
5036929884,1003,village,0,Kuuragala,POINT (80.8766055 6.6210212),POINT (80.876606 6.621021)
5036931956,1004,hamlet,0,Naweneliya,POINT (80.8277035 6.6097404),POINT (80.827704 6.60974)
5036931957,1010,suburb,0,Kaltota,POINT (80.8859611 6.6594126),POINT (80.885961 6.659413)
5037598199,1003,village,0,Hambegamuwa,POINT (80.9485611 6.5412344),POINT (80.948561 6.541234)
5039439631,1003,village,0,Mandandawela,POINT (80.7160501 7.319675),POINT (80.71605 7.319675)
5039667497,1004,hamlet,0,Gallinna,POINT (80.6728166 6.6087892),POINT (80.672817 6.608789)
5039667498,1003,village,0,Gawarahena,POINT (80.6707862 6.6139367),POINT (80.670786 6.613937)
5039758133,1003,village,0,Ellekanda,POINT (80.6489879 6.634657),POINT (80.648988 6.634657)
5039758140,1004,hamlet,0,Pallekanda,POINT (80.6702524 6.6333569),POINT (80.670252 6.633357)
5039758141,1003,village,0,Horaketiya,POINT (80.661487 6.6270639),POINT (80.661487 6.627064)
5039813699,1004,hamlet,0,Maranthotagala,POINT (80.6423199 6.6226251),POINT (80.64232 6.622625)
5039813700,1003,village,0,Madola,POINT (80.6468502 6.6191589),POINT (80.64685 6.619159)
5042232799,1003,village,0,Kajugahawatte,POINT (79.9105691 6.9266466),POINT (79.910569 6.926647)
5042764667,1050,locality,0,Monarakanda,POINT (81.0060708 6.7555373),POINT (81.006071 6.755537)
5042764668,1004,hamlet,0,Moragaswaththa,POINT (80.9943598 6.7539261),POINT (80.99436 6.753926)
5042764669,1003,village,0,Lemastota,POINT (80.9895426 6.7554497),POINT (80.989543 6.75545)
5042764670,1004,hamlet,0,Pahala Viharagala,POINT (80.9445083 6.7509003),POINT (80.944508 6.7509)
5042764671,1050,locality,0,Wiharagala,POINT (80.9265375 6.7605478),POINT (80.926538 6.760548)
5042764672,1050,locality,0,Wiharegalla,POINT (80.9327173 6.7591947),POINT (80.932717 6.759195)
5042764673,1004,hamlet,0,Viharagala,POINT (80.9247726 6.7630062),POINT (80.924773 6.763006)
5042764674,1050,locality,0,Blackwood,POINT (80.932095 6.766887),POINT (80.932095 6.766887)
5042764675,1050,locality,0,Sinna Galconda,POINT (80.9612989 6.750895),POINT (80.961299 6.750895)
5042764676,1050,locality,0,Galconda,POINT (80.9501463 6.7539581),POINT (80.950146 6.753958)
5042764677,1004,hamlet,0,Galkanda,POINT (80.9504682 6.7494939),POINT (80.950468 6.749494)
5042764678,1004,hamlet,0,Munhena,POINT (80.9496903 6.7436499),POINT (80.94969 6.74365)
5042764684,1003,village,0,Nikapotha,POINT (80.9732026 6.7450643),POINT (80.973203 6.745064)
5042764685,1003,village,0,Kirawanagama,POINT (80.9339619 6.7359572),POINT (80.933962 6.735957)
5042764705,1004,hamlet,0,Ranwanguhawa,POINT (80.9163277 6.7357494),POINT (80.916328 6.735749)
5042767950,1004,hamlet,0,Amilagama,POINT (80.9004664 6.7380349),POINT (80.900466 6.738035)
5042767951,1003,village,0,Soragune,POINT (80.8936751 6.7453067),POINT (80.893675 6.745307)
5042767952,1003,village,0,Weliya,POINT (80.8893406 6.7297108),POINT (80.889341 6.729711)
5042767959,1004,hamlet,0,Harankahawa,POINT (80.8700073 6.7491902),POINT (80.870007 6.74919)
5042767960,1004,hamlet,0,Halatuthenna,POINT (80.8762407 6.7565311),POINT (80.876241 6.756531)
5043371721,1050,locality,0,Meeriyabedde,POINT (81.0294914 6.7672812),POINT (81.029491 6.767281)
5043371722,1003,village,0,Meeriyabedda State,POINT (81.0259885 6.7618742),POINT (81.025988 6.761874)
5043642270,1004,hamlet,0,Bibilihela,POINT (81.0728922 6.7192555),POINT (81.072892 6.719256)
5043642271,1050,locality,0,Bambarakanda,POINT (81.057558 6.69811),POINT (81.057558 6.69811)
5043642272,1003,village,0,Nikapitiya,POINT (81.068126 6.6970337),POINT (81.068126 6.697034)
5043642273,1004,hamlet,0,Divulgasmulla,POINT (81.0676861 6.715084),POINT (81.067686 6.715084)
5043642274,1003,village,0,Heewelkandura,POINT (81.0650253 6.7210083),POINT (81.065025 6.721008)
5043642475,1004,hamlet,0,Mahalanda,POINT (81.0479611 6.6844919),POINT (81.047961 6.684492)
5043642476,1004,hamlet,0,Dehilanda,POINT (81.045869 6.6929739),POINT (81.045869 6.692974)
5043642477,1003,village,0,Kolongasthenna,POINT (81.0371894 6.7042529),POINT (81.037189 6.704253)
5043642478,1003,village,0,Uva Mawelagama,POINT (81.0431787 6.7166077),POINT (81.043179 6.716608)
5043642479,1004,hamlet,0,Uva Gampaha,POINT (81.0366154 6.7175667),POINT (81.036615 6.717567)
5043642480,1004,hamlet,0,Edandewela,POINT (81.0348558 6.7196445),POINT (81.034856 6.719644)
5043642487,1004,hamlet,0,Miriswaththa,POINT (81.0270828 6.7154303),POINT (81.027083 6.71543)
5043642488,1003,village,0,Kelipanawela,POINT (81.0054481 6.7146259),POINT (81.005448 6.714626)
5043642489,1004,hamlet,0,Egodawaththa,POINT (81.0204416 6.7409463),POINT (81.020442 6.740946)
5043642701,1003,village,0,Kotabathma,POINT (81.0048513 6.7337503),POINT (81.004851 6.73375)
5045318692,1004,hamlet,0,Adhikariwaththa,POINT (81.0368836 6.8250176),POINT (81.036884 6.825018)
5045318698,1003,village,0,Uva - Karandagolla,POINT (81.0743379 6.8332681),POINT (81.074338 6.833268)
5045318699,1004,hamlet,0,Dik-Arawa,POINT (81.014982 6.8500271),POINT (81.014982 6.850027)
5045318705,1004,hamlet,0,Palleperuwa,POINT (81.0126901 6.8405864),POINT (81.01269 6.840586)
5045318706,1004,hamlet,0,Udaperuwa,POINT (81.0126981 6.8362695),POINT (81.012698 6.83627)
5045318707,1003,village,0,Thanthiriya,POINT (81.0042411 6.8344932),POINT (81.004241 6.834493)
5045319524,1003,village,0,Heeloya,POINT (81.0211658 6.8448314),POINT (81.021166 6.844831)
5045930845,1003,village,0,Bulugahapitiya,POINT (80.2546012 6.8463201),POINT (80.254601 6.84632)
5045930846,1003,village,2800,Paleegala,POINT (80.2392201 6.8381457),POINT (80.23922 6.838146)
5045930847,1003,village,0,Nedurana,POINT (80.244449 6.8193144),POINT (80.244449 6.819314)
5047863833,1003,village,0,Udumulla,POINT (79.9427031 6.9198058),POINT (79.942703 6.919806)
5048969121,1004,hamlet,0,Wanigasekarapura,POINT (80.616155 6.9282294),POINT (80.616155 6.928229)
5049404692,1004,hamlet,0,Ukuthule,POINT (80.8093241 7.0849426),POINT (80.809324 7.084943)
5051771406,1002,town,0,Polpithigama,POINT (80.4049605 7.8172167),POINT (80.40496 7.817217)
5051771407,1003,village,0,Amunakole,POINT (80.3903183 7.8309892),POINT (80.390318 7.830989)
5051771416,1004,hamlet,0,Kadadekawewa,POINT (80.4014736 7.7898405),POINT (80.401474 7.78984)
5051771418,1003,village,0,Galtenwewa,POINT (80.3990442 7.7836269),POINT (80.399044 7.783627)
5051954198,1003,village,0,Suruvil,POINT (79.8762558 9.6397835),POINT (79.876256 9.639784)
5052793626,1003,village,0,Yapahuwa,POINT (80.3131565 7.8185613),POINT (80.313156 7.818561)
5052919586,1003,village,1500,Hathporuwa,POINT (80.9445941 6.3167088),POINT (80.944594 6.316709)
5057654383,1003,village,0,Kotuwila,POINT (79.8949327 6.9509104),POINT (79.894933 6.95091)
5058092208,1004,hamlet,0,Galketiwela,POINT (80.907011 7.1147969),POINT (80.907011 7.114797)
5058092209,1004,hamlet,0,Maluwagoda,POINT (80.9104013 7.1240164),POINT (80.910401 7.124016)
5058092210,1003,village,0,Morangahathenna,POINT (80.8923983 7.1298291),POINT (80.892398 7.129829)
5058092211,1004,hamlet,0,Keenagolla,POINT (80.9016465 7.1302763),POINT (80.901646 7.130276)
5058092212,1004,hamlet,0,Hapugahapitiya,POINT (80.8932352 7.1100486),POINT (80.893235 7.110049)
5058092213,1003,village,0,Theripehe,POINT (80.9278679 7.1185124),POINT (80.927868 7.118512)
5058129408,1003,village,0,Welewatta,POINT (79.8904489 6.946034),POINT (79.890449 6.946034)
5059861885,1003,village,0,Kuruwithenna,POINT (81.0664952 7.2253924),POINT (81.066495 7.225392)
5061715153,1003,village,0,Kathnooruwa,POINT (80.3848332 8.0040932),POINT (80.384833 8.004093)
5061715154,1004,hamlet,0,Kuda Kathnoruwa,POINT (80.385831 7.9914713),POINT (80.385831 7.991471)
5061715231,1003,village,0,Andarawewa,POINT (80.375483 8.0324379),POINT (80.375483 8.032438)
5061715232,1003,village,0,Madinnoruwa,POINT (80.3603292 8.0369545),POINT (80.360329 8.036954)
5061715233,1050,locality,0,Angakkadawala,POINT (80.3355161 8.0613098),POINT (80.335516 8.06131)
5061715234,1004,hamlet,0,Ganangomuwa,POINT (80.3316146 8.0739103),POINT (80.331615 8.07391)
5061715235,1004,hamlet,0,Weeragolla,POINT (80.3311832 8.0792393),POINT (80.331183 8.079239)
5061715236,1004,hamlet,0,Dematewa,POINT (80.3251617 8.0817566),POINT (80.325162 8.081757)
5061715237,1004,hamlet,0,Malbaligala,POINT (80.343358 8.0674463),POINT (80.343358 8.067446)
5061715238,1004,hamlet,0,Padawigama,POINT (80.3400906 8.0649053),POINT (80.340091 8.064905)
5061715239,1004,hamlet,0,Weliyawa,POINT (80.3599155 8.0715945),POINT (80.359916 8.071594)
5061715240,1003,village,0,Hurigaswewa,POINT (80.3659618 8.075725),POINT (80.365962 8.075725)
5061715257,1002,town,0,Meegalewa,POINT (80.3542083 8.0552345),POINT (80.354208 8.055234)
5062520022,1003,village,0,Galwaduwagama,POINT (80.3692067 8.1262969),POINT (80.369207 8.126297)
5062520027,1004,hamlet,0,Kattiyawa Yaya 9,POINT (80.3995585 8.1050541),POINT (80.399558 8.105054)
5062520028,1003,village,0,Kattiyawa Yaya 7,POINT (80.4056472 8.0938534),POINT (80.405647 8.093853)
5062520029,1003,village,0,Kivulpitiya,POINT (80.398019 8.1203065),POINT (80.398019 8.120306)
5062520030,1003,village,0,Kattiyawa,POINT (80.3823978 8.1021809),POINT (80.382398 8.102181)
5062520031,1004,hamlet,0,Makulewa,POINT (80.3461021 8.0998813),POINT (80.346102 8.099881)
5062520032,1003,village,0,Dehelgamuwa,POINT (80.3378999 8.1072315),POINT (80.3379 8.107232)
5062520033,1003,village,0,Thammennawa,POINT (80.36587 8.0957919),POINT (80.36587 8.095792)
5062520034,1004,hamlet,0,Kettayamunigama,POINT (80.3553671 8.086883),POINT (80.355367 8.086883)
5062520035,1004,hamlet,0,Pahalagama,POINT (80.4147506 8.0343501),POINT (80.414751 8.03435)
5062520036,1003,village,0,Katugampalagama,POINT (80.4041371 8.0387854),POINT (80.404137 8.038785)
5062520102,1003,village,0,Kalankuttiya,POINT (80.4091005 8.0647707),POINT (80.4091 8.064771)
5063869457,1004,hamlet,0,Komarikagoda,POINT (80.9794481 6.825192),POINT (80.979448 6.825192)
5077718481,1003,village,0,Konduruwewa,POINT (80.8579856 7.8915742),POINT (80.857986 7.891574)
5077718482,1003,village,0,Kahatagahapitiya,POINT (80.8704364 7.8812178),POINT (80.870436 7.881218)
5077718483,1003,village,0,Aththanakadawala,POINT (80.8457541 7.8830072),POINT (80.845754 7.883007)
5077718484,1003,village,0,Puwakgahaulpotha,POINT (80.8370617 7.8243887),POINT (80.837062 7.824389)
5077718485,1003,village,0,Bakamooneulpotha,POINT (80.8105373 7.7986313),POINT (80.810537 7.798631)
5077718486,1003,village,0,Kottapitiya,POINT (80.8240905 7.8034571),POINT (80.82409 7.803457)
5077718487,1003,village,0,Heeratiya,POINT (80.8051139 7.7627362),POINT (80.805114 7.762736)
5084564272,1004,hamlet,0,Konthahela,POINT (80.9756058 6.8637443),POINT (80.975606 6.863744)
5084564273,1004,hamlet,0,Pahala Malwatta,POINT (80.9833047 6.8599253),POINT (80.983305 6.859925)
5084564274,1004,hamlet,0,Benhope,POINT (80.9878099 6.8612624),POINT (80.98781 6.861262)
5084564275,1004,hamlet,0,Malwatta,POINT (80.9862757 6.8723297),POINT (80.986276 6.87233)
5084564296,1004,hamlet,0,Aislaby,POINT (80.9842992 6.8659973),POINT (80.984299 6.865997)
5084564297,1003,village,0,Pattiyagedara,POINT (80.9775263 6.8759912),POINT (80.977526 6.875991)
5084564298,1004,hamlet,0,Kurukudegama,POINT (80.9652284 6.8820413),POINT (80.965228 6.882041)
5084564299,1003,village,0,Perahettiya,POINT (80.9708691 6.8940827),POINT (80.970869 6.894083)
5084564301,1004,hamlet,0,Branden Burg Upper,POINT (80.9858746 6.8878024),POINT (80.985875 6.887802)
5084564302,1004,hamlet,0,Maliththa,POINT (80.9790565 6.8856069),POINT (80.979056 6.885607)
5084564303,1004,hamlet,0,Katugaha Junction,POINT (80.9852565 6.8838228),POINT (80.985256 6.883823)
5084564304,1004,hamlet,0,Uva Highlands,POINT (80.9846235 6.9033572),POINT (80.984624 6.903357)
5084564305,1004,hamlet,0,Katugaha,POINT (80.9931596 6.8934916),POINT (80.99316 6.893492)
5084564306,1003,village,0,Uva Neluwa,POINT (81.0096908 6.9115174),POINT (81.009691 6.911517)
5084564307,1004,hamlet,0,Uva Mahawela,POINT (80.9990752 6.931997),POINT (80.999075 6.931997)
5084831532,1010,suburb,0,Akurana,POINT (80.60062 7.36032),POINT (80.60062 7.36032)
5086511280,1003,village,0,Galgamuwa,POINT (81.3928029 7.3111764),POINT (81.392803 7.311176)
5086511281,1003,village,0,Namaloya,POINT (81.5310591 7.2799963),POINT (81.531059 7.279996)
5088481576,1050,locality,0,Roehampton,POINT (80.9779501 6.7827081),POINT (80.97795 6.782708)
5088481578,1003,village,0,Roehampton,POINT (80.9598666 6.7926826),POINT (80.959867 6.792683)
5091549494,1004,hamlet,0,Maddegama,POINT (80.6928098 6.720987),POINT (80.69281 6.720987)
5091549496,1050,locality,0,Pambagolla,POINT (80.7041072 6.739516),POINT (80.704107 6.739516)
5091549497,1003,village,0,Marathenna,POINT (80.692563 6.7409863),POINT (80.692563 6.740986)
5091549498,1004,hamlet,0,Balangoda Group Estate,POINT (80.7003844 6.744433),POINT (80.700384 6.744433)
5091549499,1050,locality,0,Maratenne,POINT (80.6889152 6.7438843),POINT (80.688915 6.743884)
5091549500,1050,locality,0,Detanagalla,POINT (80.6848383 6.7397929),POINT (80.684838 6.739793)
5091549503,1004,hamlet,0,Kanawinna,POINT (80.6661272 6.7138906),POINT (80.666127 6.713891)
5091549504,1004,hamlet,0,Kudakarahela,POINT (80.6586599 6.7185044),POINT (80.65866 6.718504)
5091549505,1004,hamlet,0,Bellan Kanda,POINT (80.6652796 6.7175401),POINT (80.66528 6.71754)
5091549506,1004,hamlet,0,Cecilton Estate,POINT (80.6639868 6.7297401),POINT (80.663987 6.72974)
5091549507,1050,locality,0,Garandiella,POINT (80.6613099 6.7402404),POINT (80.66131 6.74024)
5091549508,1050,locality,0,Saroen,POINT (80.6660575 6.7348065),POINT (80.666058 6.734806)
5091549509,1050,locality,0,Cecilton,POINT (80.6597113 6.7351794),POINT (80.659711 6.735179)
5091549512,1050,locality,0,Drumlansio,POINT (80.6509995 6.730438),POINT (80.651 6.730438)
5091549514,1050,locality,0,Bottu,POINT (80.6526088 6.7263678),POINT (80.652609 6.726368)
5091549516,1050,locality,0,Sherwood,POINT (80.6652313 6.7240876),POINT (80.665231 6.724088)
5091549517,1004,hamlet,0,Pandeniya,POINT (80.64935 6.7085204),POINT (80.64935 6.70852)
5091549518,1003,village,0,Gurubewila,POINT (80.6486928 6.7132806),POINT (80.648693 6.713281)
5091549519,1004,hamlet,0,Muluthengehela,POINT (80.6630373 6.7214239),POINT (80.663037 6.721424)
5091552750,1050,locality,0,Walaboda North,POINT (80.6455761 6.7234057),POINT (80.645576 6.723406)
5091552751,1004,hamlet,0,Pahala Waleboda,POINT (80.6305343 6.7170872),POINT (80.630534 6.717087)
5091552752,1004,hamlet,0,Kattandi Kanda,POINT (80.644455 6.7186269),POINT (80.644455 6.718627)
5091552753,1004,hamlet,0,Walaboda State Upper,POINT (80.6463593 6.7272149),POINT (80.646359 6.727215)
5091552756,1050,locality,0,Ferngale,POINT (80.6404316 6.7295962),POINT (80.640432 6.729596)
5091552757,1004,hamlet,0,Walaboda Estate,POINT (80.6388974 6.7278275),POINT (80.638897 6.727828)
5091553263,1004,hamlet,0,Megoda,POINT (80.6277341 6.7269645),POINT (80.627734 6.726964)
5091553264,1003,village,0,Waleboda,POINT (80.6133293 6.7324331),POINT (80.613329 6.732433)
5091553305,1004,hamlet,0,Egoda Waleboda,POINT (80.6055938 6.7243713),POINT (80.605594 6.724371)
5091553306,1004,hamlet,0,Rawanakanda,POINT (80.6113994 6.7270923),POINT (80.611399 6.727092)
5091553307,1004,hamlet,0,Watukarakanda,POINT (80.5979186 6.7358719),POINT (80.597919 6.735872)
5091553603,1004,hamlet,0,Thorawel Kanda,POINT (80.6092483 6.7348065),POINT (80.609248 6.734806)
5091556776,1003,village,0,Pudukatuwa Town,POINT (80.674548 6.7307363),POINT (80.674548 6.730736)
5091952186,1050,locality,0,Makuluganga Uraniya,POINT (80.047677 8.4856206),POINT (80.047677 8.485621)
5094194317,1003,village,0,Pittugala,POINT (79.9711355 6.909663),POINT (79.971136 6.909663)
5094520621,1003,village,0,Welanhinna,POINT (80.7391584 6.6684225),POINT (80.739158 6.668422)
5094520626,1004,hamlet,0,Geta-Araluwa,POINT (80.7334828 6.6517026),POINT (80.733483 6.651703)
5094520627,1004,hamlet,0,Karadiyamulla,POINT (80.7247442 6.6560824),POINT (80.724744 6.656082)
5094520628,1050,locality,0,Alpha State Upper,POINT (80.722754 6.6603024),POINT (80.722754 6.660302)
5094520629,1004,hamlet,0,Ihala Mandawala,POINT (80.7250607 6.6568284),POINT (80.725061 6.656828)
5094520630,1050,locality,0,Alpha State Lower,POINT (80.7231617 6.6539511),POINT (80.723162 6.653951)
5094520655,1050,locality,0,Rhye State,POINT (80.7113599 6.6648634),POINT (80.71136 6.664863)
5094520657,1050,locality,0,Keeragaha-Ella State,POINT (80.7243901 6.6926383),POINT (80.72439 6.692638)
5094520658,1004,hamlet,0,Mandawala,POINT (80.722459 6.6512603),POINT (80.722459 6.65126)
5094520659,1003,village,0,Naluwala,POINT (80.7122531 6.6807144),POINT (80.712253 6.680714)
5094520660,1004,hamlet,0,Kumbalmulla,POINT (80.7156622 6.6875235),POINT (80.715662 6.687524)
5094520661,1004,hamlet,0,Wimrose Waththa,POINT (80.7169443 6.6890526),POINT (80.716944 6.689053)
5094520662,1004,hamlet,0,Samanalagama,POINT (80.7240897 6.6845025),POINT (80.72409 6.684502)
5094520663,1003,village,0,Amupitiya,POINT (80.73322 6.680693),POINT (80.73322 6.680693)
5094520664,1004,hamlet,0,Kurupanawela,POINT (80.6986141 6.7017115),POINT (80.698614 6.701712)
5094520665,1050,locality,0,Kepok State,POINT (80.6989574 6.6982112),POINT (80.698957 6.698211)
5094520666,1004,hamlet,0,Kepok Waththa,POINT (80.7025838 6.6962772),POINT (80.702584 6.696277)
5094520667,1003,village,0,Udawela,POINT (80.7087207 6.6919083),POINT (80.708721 6.691908)
5094520673,1004,hamlet,0,Pagalowita,POINT (80.6885263 6.6949719),POINT (80.688526 6.694972)
5094520674,1003,village,0,Morahela,POINT (80.6948289 6.6872162),POINT (80.694829 6.687216)
5094520675,1003,village,0,Amuwathugoda,POINT (80.7307966 6.7000892),POINT (80.730797 6.700089)
5094520676,1003,village,0,Aluthnuwara,POINT (80.7474625 6.6848009),POINT (80.747462 6.684801)
5094521899,1050,locality,0,Denagama,POINT (80.7226789 6.7267727),POINT (80.722679 6.726773)
5094521901,1004,hamlet,0,Denagama Estate,POINT (80.7198358 6.7242155),POINT (80.719836 6.724216)
5094521902,1003,village,0,Passaramulla,POINT (80.7257098 6.7161695),POINT (80.72571 6.71617)
5094521903,1003,village,0,Denagama,POINT (80.7138061 6.7152226),POINT (80.713806 6.715223)
5094522242,1003,village,0,Nelliwala,POINT (80.7123685 6.7008697),POINT (80.712368 6.70087)
5094522243,1003,village,0,Atawakwela,POINT (80.7018408 6.7087601),POINT (80.701841 6.70876)
5094522249,1003,village,0,Kanathiriyanwala,POINT (80.685246 6.7061762),POINT (80.685246 6.706176)
5094522768,1004,hamlet,0,Pidaligannawela,POINT (80.6980549 6.7178437),POINT (80.698055 6.717844)
5100379239,1004,hamlet,0,Kaththota,POINT (80.0825657 7.12319),POINT (80.082566 7.12319)
5100379240,1004,hamlet,0,Bogoda,POINT (80.0831169 7.1172268),POINT (80.083117 7.117227)
5100379241,1004,hamlet,0,Pannila,POINT (80.1231193 7.107749),POINT (80.123119 7.107749)
5100379242,1003,village,0,Kamburagalla,POINT (80.1152739 7.1069825),POINT (80.115274 7.106982)
5100379243,1004,hamlet,0,Kiththammahara,POINT (80.0902194 7.1125798),POINT (80.090219 7.11258)
5100379244,1004,hamlet,0,Welagedara,POINT (80.122202 7.1171337),POINT (80.122202 7.117134)
5100379245,1004,hamlet,0,Walpola,POINT (80.1163816 7.1172508),POINT (80.116382 7.117251)
5100379246,1004,hamlet,0,Hunupola,POINT (80.1329309 7.1119064),POINT (80.132931 7.111906)
5100379247,1004,hamlet,0,Mathalana,POINT (80.0974452 7.1155527),POINT (80.097445 7.115553)
5100379248,1004,hamlet,0,Webodagalla,POINT (80.1032978 7.1310081),POINT (80.103298 7.131008)
5100379249,1003,village,0,Maduwegedara,POINT (80.0975472 7.1259646),POINT (80.097547 7.125965)
5100379250,1004,hamlet,0,Samagi Mawatha,POINT (80.102579 7.1355246),POINT (80.102579 7.135525)
5101779975,1003,village,0,Walgammulla,POINT (80.1213951 7.0771296),POINT (80.121395 7.07713)
5104049597,1050,locality,0,Silverland State,POINT (80.4751646 6.7017968),POINT (80.475165 6.701797)
5104049598,1004,hamlet,0,Ramiyoka,POINT (80.4818487 6.7030968),POINT (80.481849 6.703097)
5104049599,1050,locality,0,Galabode State,POINT (80.4884147 6.7015198),POINT (80.488415 6.70152)
5104049600,1050,locality,0,Millekanuwa,POINT (80.4851103 6.7067835),POINT (80.48511 6.706784)
5104049601,1050,locality,0,Galabode State,POINT (80.4777503 6.7140292),POINT (80.47775 6.714029)
5104049602,1004,hamlet,0,Galabada Waththa,POINT (80.481146 6.7143914),POINT (80.481146 6.714391)
5104049603,1003,village,0,Gallealla,POINT (80.4818836 6.70884),POINT (80.481884 6.70884)
5104049604,1003,village,0,Galabada,POINT (80.4647282 6.7117729),POINT (80.464728 6.711773)
5104049605,1003,village,0,Magilikanda,POINT (80.4763126 6.7612297),POINT (80.476313 6.76123)
5104049606,1004,hamlet,0,Mapalana,POINT (80.4590607 6.7729279),POINT (80.459061 6.772928)
5104049607,1004,hamlet,0,Nilwala,POINT (80.4694247 6.7464307),POINT (80.469425 6.746431)
5104049608,1004,hamlet,0,Eththota,POINT (80.48172 6.7215411),POINT (80.48172 6.721541)
5104049652,1004,hamlet,0,Kudawa,POINT (80.4890746 6.7463455),POINT (80.489075 6.746346)
5104049653,1003,village,0,Rathganga,POINT (80.4825085 6.7396437),POINT (80.482508 6.739644)
5104049654,1004,hamlet,0,Rathgama,POINT (80.4927197 6.7310453),POINT (80.49272 6.731045)
5105336162,1050,locality,0,Wewelketiya State,POINT (80.5139708 6.720401),POINT (80.513971 6.720401)
5105336165,1003,village,0,Wewelketiya,POINT (80.5024213 6.7236614),POINT (80.502421 6.723661)
5105336997,1004,hamlet,0,Hapugasthenna State Lower,POINT (80.5007315 6.7181874),POINT (80.500732 6.718187)
5105360237,1003,village,0,Amunuthenna,POINT (80.5203894 6.7097964),POINT (80.520389 6.709796)
5108419679,1004,hamlet,0,Gaalthenna,POINT (80.6460582 7.2551685),POINT (80.646058 7.255168)
5108419681,1050,locality,0,Ketawala,POINT (80.6718591 7.2603208),POINT (80.671859 7.260321)
5108419682,1004,hamlet,0,Uduwela,POINT (80.6476119 7.2507528),POINT (80.647612 7.250753)
5108419684,1004,hamlet,0,Monarangala,POINT (80.651375 7.259645),POINT (80.651375 7.259645)
5108419685,1003,village,0,Wathuliyadda,POINT (80.6488967 7.259041),POINT (80.648897 7.259041)
5108420846,1004,hamlet,0,Uduwela Watta Colony,POINT (80.6417674 7.2584796),POINT (80.641767 7.25848)
5108420847,1004,hamlet,0,Nehiniwala,POINT (80.6672993 7.2535493),POINT (80.667299 7.253549)
5108420858,1004,hamlet,0,Ethulgama,POINT (80.6688765 7.2472193),POINT (80.668876 7.247219)
5108420859,1004,hamlet,0,Metiyagolla,POINT (80.6584668 7.2329759),POINT (80.658467 7.232976)
5108420860,1004,hamlet,0,Ingurugolla,POINT (80.6504416 7.2356687),POINT (80.650442 7.235669)
5108420862,1004,hamlet,0,Pooliyadda,POINT (80.6570801 7.2439199),POINT (80.65708 7.24392)
5108420863,1004,hamlet,0,Uduwela Pallegama,POINT (80.655385 7.2509976),POINT (80.655385 7.250998)
5108420864,1004,hamlet,0,Uduwela Udagama,POINT (80.6420088 7.2500477),POINT (80.642009 7.250048)
5108420873,1004,hamlet,0,Ratemulla,POINT (80.6460482 7.2460991),POINT (80.646048 7.246099)
5108900836,1004,hamlet,0,Rabar Mola Junction,POINT (79.9403888 6.9226435),POINT (79.940389 6.922644)
5108925345,1003,village,0,Waragoda,POINT (79.9004778 6.9628322),POINT (79.900478 6.962832)
5121745119,1003,village,0,Weliweriya West,POINT (80.0011539 7.0410978),POINT (80.001154 7.041098)
5121745120,1004,hamlet,0,Galoluwa,POINT (80.0118613 7.0477846),POINT (80.011861 7.047785)
5121746221,1004,hamlet,0,Godagedara,POINT (80.0210452 7.0662475),POINT (80.021045 7.066248)
5124245211,1004,hamlet,0,Himbiliyagolla,POINT (80.8573523 6.8769874),POINT (80.857352 6.876987)
5126783755,1050,locality,0,Bambaragalla,POINT (80.3050589 7.1259327),POINT (80.305059 7.125933)
5126783756,1003,village,0,Ambuwakka,POINT (80.3137922 7.1187572),POINT (80.313792 7.118757)
5126783757,1003,village,0,Aruggammana,POINT (80.3062418 7.1203541),POINT (80.306242 7.120354)
5126783758,1003,village,0,Pahala Aruggammana,POINT (80.3176975 7.1274231),POINT (80.317698 7.127423)
5126783763,1003,village,0,Yatapana,POINT (80.3161955 7.1389365),POINT (80.316196 7.138936)
5127913831,1004,hamlet,0,Newshmir Pahala,POINT (80.3474754 7.1093619),POINT (80.347475 7.109362)
5127913832,1004,hamlet,0,Newshmir Ihala,POINT (80.3653014 7.1182861),POINT (80.365301 7.118286)
5127913841,1003,village,0,Puspane,POINT (80.353387 7.1389392),POINT (80.353387 7.138939)
5127913842,1004,hamlet,0,Rangalla,POINT (80.3516865 7.1197793),POINT (80.351686 7.119779)
5128646590,1004,hamlet,0,Dangamuwa,POINT (80.883158 6.9201847),POINT (80.883158 6.920185)
5130411092,1003,village,0,Kotuwila,POINT (79.8902285 6.9514017),POINT (79.890228 6.951402)
5135188060,1003,village,0,Horabokka,POINT (81.1891365 6.7940116),POINT (81.189136 6.794012)
5135188061,1004,hamlet,0,Keliwessa,POINT (81.1687732 6.8131182),POINT (81.168773 6.813118)
5135188062,1004,hamlet,0,Hirimole,POINT (81.1796844 6.8225515),POINT (81.179684 6.822552)
5135188073,1003,village,0,Hingurukaduwa,POINT (81.1619869 6.8149922),POINT (81.161987 6.814992)
5135188074,1004,hamlet,0,Kosgolla,POINT (81.1633873 6.8458807),POINT (81.163387 6.845881)
5135188075,1004,hamlet,0,Dambagahawela,POINT (81.1640546 6.8277279),POINT (81.164055 6.827728)
5135188076,1003,village,0,Siymbalagune,POINT (81.140787 6.8074588),POINT (81.140787 6.807459)
5135188077,1003,village,0,Namunukula,POINT (81.1140027 6.8756341),POINT (81.114003 6.875634)
5137218820,1003,village,500,Dodangoda,POINT (80.0242451 6.5547698),POINT (80.024245 6.55477)
5137785786,1003,village,0,Maussagolla,POINT (81.1386093 6.9124216),POINT (81.138609 6.912422)
5137785787,1003,village,0,Kanawerella,POINT (81.1299697 6.9099635),POINT (81.12997 6.909964)
5140700600,1004,hamlet,0,Ihala Bomiriya,POINT (80.0048939 6.929684),POINT (80.004894 6.929684)
5151700297,1004,hamlet,0,Hunuketapitiya,POINT (81.0672891 7.0894262),POINT (81.067289 7.089426)
5151700298,1004,hamlet,0,Egodawela,POINT (81.073029 7.0679617),POINT (81.073029 7.067962)
5151700299,1004,hamlet,0,Waththekele,POINT (81.0770577 7.0576324),POINT (81.077058 7.057632)
5151703357,1003,village,0,Ketawaththa,POINT (81.0853565 7.0970173),POINT (81.085356 7.097017)
5151703372,1003,village,0,Metigahathenna,POINT (81.1468166 7.0773153),POINT (81.146817 7.077315)
5152500345,1050,locality,0,Dabaragalla,POINT (81.0800886 6.8609855),POINT (81.080089 6.860986)
5152500346,1050,locality,0,Ambagamuwa,POINT (81.0850668 6.8539125),POINT (81.085067 6.853912)
5152500347,1050,locality,0,Revemswood,POINT (81.0924697 6.8571081),POINT (81.09247 6.857108)
5152500348,1004,hamlet,0,Nawela Pingarawa,POINT (81.1033473 6.875693),POINT (81.103347 6.875693)
5152500349,1050,locality,0,Pingarawa,POINT (81.1026047 6.8794492),POINT (81.102605 6.879449)
5152500350,1050,locality,0,Hindagalla,POINT (81.1038208 6.8707852),POINT (81.103821 6.870785)
5152500351,1050,locality,0,Nahavilla,POINT (81.1037135 6.8921948),POINT (81.103714 6.892195)
5152500352,1003,village,0,Hela Pupula,POINT (81.094484 6.8944822),POINT (81.094484 6.894482)
5152500353,1004,hamlet,0,Galthenhena,POINT (81.0975391 6.8857134),POINT (81.097539 6.885713)
5152500354,1004,hamlet,0,Nawelagama East,POINT (81.0951078 6.8772607),POINT (81.095108 6.877261)
5152500355,1004,hamlet,0,Nawelagama West,POINT (81.0895944 6.8771017),POINT (81.089594 6.877102)
5152500356,1004,hamlet,0,Galapitakanda,POINT (81.0926521 6.8633076),POINT (81.092652 6.863308)
5152500357,1004,hamlet,0,Bodanilla,POINT (81.0847449 6.899608),POINT (81.084745 6.899608)
5152500358,1004,hamlet,0,Pupula West,POINT (81.0844445 6.9032294),POINT (81.084444 6.903229)
5152500359,1004,hamlet,0,Gawarawela,POINT (81.0748694 6.9058502),POINT (81.074869 6.90585)
5152500361,1003,village,0,Nawelagama,POINT (81.0833904 6.8832316),POINT (81.08339 6.883232)
5154793109,1003,village,0,Horagolla,POINT (80.0870812 7.1419413),POINT (80.087081 7.141941)
5154793110,1050,locality,0,Nittambuwa North,POINT (80.0856006 7.1366264),POINT (80.085601 7.136626)
5154793111,1050,locality,0,Nittambuwa South,POINT (80.0870866 7.131889),POINT (80.087087 7.131889)
5157469725,1004,hamlet,0,Silvapura,POINT (79.8763561 7.2314646),POINT (79.876356 7.231465)
5157469726,1050,locality,0,Towerside,POINT (79.8857975 7.2322522),POINT (79.885798 7.232252)
5157469727,1050,locality,0,Ambulgaswadiya,POINT (79.8806476 7.2347641),POINT (79.880648 7.234764)
5157469728,1003,village,0,Kadirana North,POINT (79.8779869 7.2120717),POINT (79.877987 7.212072)
5157469729,1004,hamlet,0,Medikele,POINT (79.8841023 7.2458331),POINT (79.884102 7.245833)
5157469730,1003,village,0,Kandawala,POINT (79.8800904 7.2404114),POINT (79.88009 7.240411)
5157469731,1003,village,0,Kaluwarippuwa West,POINT (79.8982215 7.2365947),POINT (79.898222 7.236595)
5157469732,1003,village,0,Kaluwarippuwa East,POINT (79.9126195 7.2444708),POINT (79.91262 7.244471)
5157469733,1004,hamlet,0,Abeypura,POINT (79.9223184 7.2515165),POINT (79.922318 7.251516)
5157469734,1050,locality,0,Hewagampitiya,POINT (79.9303436 7.2391491),POINT (79.930344 7.239149)
5157469735,1003,village,0,Kongodamulla,POINT (79.9313306 7.2482171),POINT (79.931331 7.248217)
5157469736,1050,locality,0,Dambuwa,POINT (79.9717569 7.2643092),POINT (79.971757 7.264309)
5157469737,1050,locality,0,Koslanda,POINT (79.969697 7.2477063),POINT (79.969697 7.247706)
5157469738,1050,locality,0,Horakele,POINT (79.9677658 7.2550287),POINT (79.967766 7.255029)
5157469739,1004,hamlet,0,Kabaragodella,POINT (79.9603414 7.2442791),POINT (79.960341 7.244279)
5157469740,1003,village,0,Induragara,POINT (79.9669129 7.238138),POINT (79.966913 7.238138)
5157469741,1003,village,0,Palliyapitiya,POINT (79.9839878 7.2477488),POINT (79.983988 7.247749)
5157469742,1004,hamlet,0,Galwaththa,POINT (79.9487972 7.2647934),POINT (79.948797 7.264793)
5157469743,1003,village,0,Ihala Madampella,POINT (79.9531209 7.2489728),POINT (79.953121 7.248973)
5157469744,1003,village,0,Otharawadiya,POINT (79.9405146 7.2738184),POINT (79.940515 7.273818)
5157469745,1003,village,0,Akaragama,POINT (79.963603 7.2673903),POINT (79.963603 7.26739)
5157469746,1004,hamlet,0,Balawala,POINT (79.9712848 7.2846363),POINT (79.971285 7.284636)
5157469747,1004,hamlet,0,Lihiniyagama,POINT (79.9778724 7.2756595),POINT (79.977872 7.27566)
5157469748,1004,hamlet,0,Horakandawila,POINT (79.9755657 7.2842851),POINT (79.975566 7.284285)
5157469749,1003,village,0,Akarangaha,POINT (79.9886656 7.2777454),POINT (79.988666 7.277745)
5157469750,1004,hamlet,0,Sapugaha,POINT (80.0069475 7.2505586),POINT (80.006948 7.250559)
5157469751,1003,village,0,Kehelella,POINT (79.9855542 7.259073),POINT (79.985554 7.259073)
5157469752,1003,village,0,Delwagura,POINT (79.9939656 7.2652032),POINT (79.993966 7.265203)
5157469764,1003,village,0,Thammita,POINT (80.0058317 7.2549861),POINT (80.005832 7.254986)
5157469765,1003,village,0,Hunumulla,POINT (79.998166 7.2448219),POINT (79.998166 7.244822)
5157470310,1010,suburb,0,Marandagahamula,POINT (79.9885905 7.2290006),POINT (79.98859 7.229001)
5160320542,1003,village,0,Meda ela,POINT (80.5590262 7.4496158),POINT (80.559026 7.449616)
5170743111,1003,village,0,Madurumadu Vembu,POINT (79.8891449 8.0016071),POINT (79.889145 8.001607)
5170743112,1003,village,0,Chenaikudirippu,POINT (79.8499632 8.025745),POINT (79.849963 8.025745)
5176942684,1004,hamlet,0,Pahala Bomiriya,POINT (80.0008021 6.9403866),POINT (80.000802 6.940387)
5179352600,1003,village,0,Egodamulla,POINT (80.562444 7.4459135),POINT (80.562444 7.445914)
5186336987,1010,suburb,0,Malamulla,POINT (80.0990717 7.4181895),POINT (80.099072 7.41819)
5190287922,1004,hamlet,0,Alawathugoda,POINT (80.8635834 6.8524185),POINT (80.863583 6.852418)
5190287923,1004,hamlet,0,Kalubululanda,POINT (80.8849794 6.869475),POINT (80.884979 6.869475)
5190287924,1004,hamlet,0,Idamegama,POINT (80.8833217 6.8777088),POINT (80.883322 6.877709)
5190287930,1050,locality,0,Bibiligamuwa,POINT (80.8595895 6.8699757),POINT (80.85959 6.869976)
5190287931,1004,hamlet,0,Maadowita,POINT (80.884046 6.8809256),POINT (80.884046 6.880926)
5190288424,1004,hamlet,0,Welimadagama,POINT (80.9046185 6.907362),POINT (80.904618 6.907362)
5190288425,1050,locality,0,Welimada State,POINT (80.8955526 6.9078626),POINT (80.895553 6.907863)
5190288426,1004,hamlet,0,Sappu Kade,POINT (80.9009761 6.9023986),POINT (80.900976 6.902399)
5190288432,1004,hamlet,0,Nugathalawa,POINT (80.887506 6.9021324),POINT (80.887506 6.902132)
5197765540,1003,village,0,Karagahapitiya,POINT (80.5607454 7.4327985),POINT (80.560745 7.432798)
5197852339,1003,village,0,Mirissala,POINT (80.5561906 7.4555761),POINT (80.556191 7.455576)
5200135050,1004,hamlet,0,Nethebville,POINT (81.0450053 6.8970092),POINT (81.045005 6.897009)
5200135051,1004,hamlet,0,Halpe-Gotuwela,POINT (81.0461738 6.8889613),POINT (81.046174 6.888961)
5200135052,1004,hamlet,0,Madhuragama,POINT (81.052258 6.889255),POINT (81.052258 6.889255)
5200135053,1004,hamlet,0,Halpe Waththa,POINT (81.0347271 6.8906397),POINT (81.034727 6.89064)
5200135054,1004,hamlet,0,Chelsea,POINT (81.0084736 6.8806327),POINT (81.008474 6.880633)
5200135055,1004,hamlet,0,Millagama,POINT (81.0316586 6.8827257),POINT (81.031659 6.882726)
5200135056,1004,hamlet,0,Piyarapandawa,POINT (81.0015374 6.8862247),POINT (81.001537 6.886225)
5200135057,1004,hamlet,0,Idamegama,POINT (81.0152006 6.8844193),POINT (81.015201 6.884419)
5200135058,1003,village,0,Halpe,POINT (81.020329 6.8936221),POINT (81.020329 6.893622)
5200135059,1004,hamlet,0,Helahalpe,POINT (81.0385197 6.8858865),POINT (81.03852 6.885886)
5200135060,1050,locality,0,Hettipola State,POINT (81.0343301 6.8730753),POINT (81.03433 6.873075)
5200135061,1004,hamlet,0,Hettipola Watta,POINT (81.0354647 6.8758048),POINT (81.035465 6.875805)
5200135062,1003,village,0,Kumbalwela,POINT (81.0315827 6.8737512),POINT (81.031583 6.873751)
5200135063,1004,hamlet,0,Udukumbalwela,POINT (81.0249692 6.8647775),POINT (81.024969 6.864778)
5205590341,1003,village,0,Pilapitiya,POINT (79.9098615 6.9512782),POINT (79.909862 6.951278)
5206711356,1003,village,0,Panikkankulam,POINT (80.425194 9.1744393),POINT (80.425194 9.174439)
5207450914,1003,village,0,Daluwakotuwa,POINT (79.8573308 7.2550801),POINT (79.857331 7.25508)
5207452671,1003,village,0,Vaikkala,POINT (79.8607667 7.2763471),POINT (79.860767 7.276347)
5207453326,1003,village,0,Angampitiya,POINT (79.8527969 7.2922803),POINT (79.852797 7.29228)
5207455140,1003,village,0,Dombagahawatte,POINT (79.8508919 7.300608),POINT (79.850892 7.300608)
5207469730,1003,village,0,Old Madampe Town,POINT (79.8300597 7.4772421),POINT (79.83006 7.477242)
5207473835,1003,village,0,Pambala,POINT (79.8269942 7.5234782),POINT (79.826994 7.523478)
5207512381,1003,village,0,Jayabima,POINT (79.8102213 7.5991901),POINT (79.810221 7.59919)
5207538422,1003,village,0,Nagavillu,POINT (79.8303994 7.9603988),POINT (79.830399 7.960399)
5208879137,1004,hamlet,0,Manakola,POINT (80.7796222 7.0763304),POINT (80.779622 7.07633)
5208879144,1004,hamlet,0,Uduwela,POINT (80.7744938 7.0474226),POINT (80.774494 7.047423)
5210396104,1003,village,0,Hunuwilagama,POINT (80.1483876 8.3041681),POINT (80.148388 8.304168)
5211054775,1050,locality,0,Maturata Division,POINT (80.8610487 7.0701445),POINT (80.861049 7.070144)
5211054776,1003,village,0,Maha Uva,POINT (80.8714932 7.0788219),POINT (80.871493 7.078822)
5211054777,1004,hamlet,0,Loriston State,POINT (80.8474016 7.0712518),POINT (80.847402 7.071252)
5211054778,1004,hamlet,0,Mathurata State,POINT (80.8372092 7.0738284),POINT (80.837209 7.073828)
5211054779,1050,locality,0,Rilamulla,POINT (80.8556842 7.0755107),POINT (80.855684 7.075511)
5211054780,1050,locality,0,Alma State,POINT (80.8534526 7.0840283),POINT (80.853453 7.084028)
5211054781,1004,hamlet,0,Woodcot State,POINT (80.8510226 7.0619194),POINT (80.851023 7.061919)
5211054782,1004,hamlet,0,Maha Uva State,POINT (80.8638784 7.0759338),POINT (80.863878 7.075934)
5211054783,1050,locality,0,Loriston,POINT (80.8574867 7.0653745),POINT (80.857487 7.065374)
5211054784,1050,locality,0,Woodcot,POINT (80.8580446 7.0598804),POINT (80.858045 7.05988)
5211054785,1003,village,0,Alma,POINT (80.8287549 7.0897935),POINT (80.828755 7.089794)
5211060942,1004,hamlet,0,Samagipura,POINT (80.8491343 7.0578147),POINT (80.849134 7.057815)
5211060943,1050,locality,0,Bramley,POINT (80.8632803 7.0568991),POINT (80.86328 7.056899)
5211060944,1004,hamlet,0,Bramley State,POINT (80.8595896 7.0531085),POINT (80.85959 7.053108)
5211060953,1050,locality,0,High Forest,POINT (80.8293342 7.0532363),POINT (80.829334 7.053236)
5211060954,1004,hamlet,0,Mahakudugala State,POINT (80.8363294 7.0470073),POINT (80.836329 7.047007)
5211060955,1003,village,0,Mahakudugala,POINT (80.8328238 7.0371367),POINT (80.832824 7.037137)
5211118788,1050,locality,0,Kudiramale,POINT (79.8714852 8.5366779),POINT (79.871485 8.536678)
5211138221,1050,locality,0,Kuruttupandi,POINT (79.9824649 8.4393337),POINT (79.982465 8.439334)
5211759985,1004,hamlet,0,Magasthota State,POINT (80.7843536 6.9438029),POINT (80.784354 6.943803)
5211759986,1050,locality,0,Magasthota State Upper Division,POINT (80.7813763 6.9465133),POINT (80.781376 6.946513)
5211759987,1004,hamlet,0,Magasthota State Lower,POINT (80.7835543 6.9371199),POINT (80.783554 6.93712)
5212559582,1004,hamlet,0,Park Green,POINT (80.816347 7.0035011),POINT (80.816347 7.003501)
5213035486,1050,locality,0,Moragallawa,POINT (80.097733 8.3900982),POINT (80.097733 8.390098)
5213065735,1050,locality,0,Andaragollawa Tank,POINT (80.1078289 8.3515007),POINT (80.107829 8.351501)
5215726490,1004,hamlet,150,Sinnagunduwa,POINT (79.7810197 8.499495),POINT (79.78102 8.499495)
5216040356,1004,hamlet,0,Kottagoda,POINT (80.9367513 6.9615297),POINT (80.936751 6.96153)
5216043958,1050,locality,0,Luckyland,POINT (80.9210443 7.0045527),POINT (80.921044 7.004553)
5216043959,1004,hamlet,0,Illukwela,POINT (80.9327602 7.0138383),POINT (80.93276 7.013838)
5216043960,1004,hamlet,0,Kurupanawela,POINT (80.9115225 7.0146476),POINT (80.911522 7.014648)
5216043961,1050,locality,0,Blairlomond,POINT (80.9190058 7.0077899),POINT (80.919006 7.00779)
5216043962,1003,village,0,Adiyarawatta,POINT (80.9301638 7.0196737),POINT (80.930164 7.019674)
5216043963,1003,village,0,Rupaha,POINT (80.9081215 7.0313628),POINT (80.908122 7.031363)
5216570630,1004,hamlet,0,Bulathwatta,POINT (81.0833501 6.9385257),POINT (81.08335 6.938526)
5216570631,1003,village,0,Kandana,POINT (81.0796037 6.9436827),POINT (81.079604 6.943683)
5216570632,1004,hamlet,0,Godeegama,POINT (81.0626649 6.9517745),POINT (81.062665 6.951774)
5216570633,1004,hamlet,0,Moragolla,POINT (81.0650872 6.9449276),POINT (81.065087 6.944928)
5216570634,1004,hamlet,0,Medagama,POINT (81.0694268 6.938848),POINT (81.069427 6.938848)
5216570635,1003,village,2400,Wewelhinna,POINT (81.0715484 6.9297072),POINT (81.071548 6.929707)
5216570637,1004,hamlet,0,Paragahaella,POINT (81.0829639 6.9293664),POINT (81.082964 6.929366)
5216570638,1004,hamlet,0,Beddegama,POINT (81.0850668 6.924105),POINT (81.085067 6.924105)
5216570640,1004,hamlet,0,Memale,POINT (81.1093748 6.9190095),POINT (81.109375 6.91901)
5216810383,1004,hamlet,0,Gangewadiya,POINT (79.8393628 8.2933499),POINT (79.839363 8.29335)
5217475345,1050,locality,0,Perawatta,POINT (80.6681833 7.2062325),POINT (80.668183 7.206232)
5217475346,1004,hamlet,0,Ambalamaana,POINT (80.6743777 7.2172766),POINT (80.674378 7.217277)
5217475347,1003,village,0,Bellwood,POINT (80.6794953 7.2148391),POINT (80.679495 7.214839)
5217475348,1003,village,0,Delthota Estate,POINT (80.6892156 7.2015554),POINT (80.689216 7.201555)
5217475362,1050,locality,0,Uda Deltota,POINT (80.6732297 7.2022792),POINT (80.67323 7.202279)
5219301069,1050,locality,0,Ratwatta,POINT (80.6377601 7.4446456),POINT (80.63776 7.444646)
5219301070,1003,village,0,Katudeniya,POINT (80.6414508 7.4381774),POINT (80.641451 7.438177)
5219301071,1003,village,0,Perasilwatta,POINT (80.6329751 7.4354751),POINT (80.632975 7.435475)
5219301072,1003,village,0,Kalalpitiya,POINT (80.6172681 7.4242193),POINT (80.617268 7.424219)
5219301073,1003,village,0,Nagasthenna,POINT (80.6157445 7.4329006),POINT (80.615744 7.432901)
5219301074,1003,village,0,Udupihilla,POINT (80.6088524 7.4390114),POINT (80.608852 7.439011)
5219301075,1003,village,0,Warakamura,POINT (80.6231689 7.4376242),POINT (80.623169 7.437624)
5219301076,1003,village,0,Aittaliyadda,POINT (80.6134271 7.4465179),POINT (80.613427 7.446518)
5219301077,1003,village,0,Kotuwegedara,POINT (80.6209159 7.449837),POINT (80.620916 7.449837)
5219301078,1003,village,0,Gongawela,POINT (80.6293916 7.4785169),POINT (80.629392 7.478517)
5219301079,1003,village,0,Kaludewela,POINT (80.6294131 7.4873673),POINT (80.629413 7.487367)
5219301080,1003,village,0,Mandandawela,POINT (80.6238556 7.4824208),POINT (80.623856 7.482421)
5219301081,1003,village,0,Harasgama,POINT (80.6187003 7.4809955),POINT (80.6187 7.480996)
5219301082,1003,village,0,Kandegedara,POINT (80.609318 7.473722),POINT (80.609318 7.473722)
5219301083,1004,hamlet,0,Dodamdeniya,POINT (80.6101119 7.4673686),POINT (80.610112 7.467369)
5219301084,1003,village,0,Watagoda,POINT (80.5981493 7.466943),POINT (80.598149 7.466943)
5219301085,1004,hamlet,0,Hulangamuwa,POINT (80.6111955 7.4587944),POINT (80.611196 7.458794)
5219301086,1003,village,0,Maligatenna,POINT (80.6124186 7.4630921),POINT (80.612419 7.463092)
5219301087,1003,village,0,Kumbiyangoda,POINT (80.6142211 7.4554966),POINT (80.614221 7.455497)
5219301088,1003,village,0,Padiwita,POINT (80.6067324 7.4529753),POINT (80.606732 7.452975)
5219301095,1003,village,0,Dambagasdeniya,POINT (80.597527 7.437156),POINT (80.597527 7.437156)
5219301096,1050,locality,0,Morahela,POINT (80.5863476 7.4447519),POINT (80.586348 7.444752)
5219301097,1004,hamlet,0,Ganegoda,POINT (80.5960357 7.4434434),POINT (80.596036 7.443443)
5219301098,1003,village,0,Thenna,POINT (80.599941 7.4452838),POINT (80.599941 7.445284)
5219301099,1003,village,0,Thibbatuwewa,POINT (80.5887937 7.4422413),POINT (80.588794 7.442241)
5219301108,1003,village,0,Makulemada,POINT (80.5841159 7.4689004),POINT (80.584116 7.4689)
5219301109,1003,village,0,Pathinigolla,POINT (80.5699539 7.4659431),POINT (80.569954 7.465943)
5219301112,1003,village,0,Owilikanda,POINT (80.581305 7.4554753),POINT (80.581305 7.455475)
5219305083,1003,village,0,Kirimetiyawa,POINT (80.592699 7.4577944),POINT (80.592699 7.457794)
5219305084,1004,hamlet,0,Owilla,POINT (80.5900812 7.4473051),POINT (80.590081 7.447305)
5219305085,1004,hamlet,0,Enasalmada,POINT (80.5740737 7.454603),POINT (80.574074 7.454603)
5219305086,1004,hamlet,0,Polkotuwa,POINT (80.5766487 7.4622624),POINT (80.576649 7.462262)
5220190795,1004,hamlet,0,Ragala State,POINT (80.8536565 7.0062352),POINT (80.853656 7.006235)
5220190830,1004,hamlet,0,Manthreetenna,POINT (80.8750203 7.0248647),POINT (80.87502 7.024865)
5221806448,1004,hamlet,0,Yaya 5,POINT (80.5074262 8.481944),POINT (80.507426 8.481944)
5221806449,1003,village,0,Wahamalgollewa,POINT (80.5008602 8.4924917),POINT (80.50086 8.492492)
5221807583,1003,village,0,Ikirigollewa,POINT (80.5168006 8.4682125),POINT (80.516801 8.468212)
5222678390,1003,village,0,Deeghavapiya,POINT (81.7760316 7.2764467),POINT (81.776032 7.276447)
5222832432,1050,locality,0,Millakanda,POINT (80.1754761 6.6426337),POINT (80.175476 6.642634)
5222832433,1050,locality,0,Sirisila,POINT (80.1745534 6.6380086),POINT (80.174553 6.638009)
5222832434,1004,hamlet,0,Pahala Welgama,POINT (80.1776218 6.6355149),POINT (80.177622 6.635515)
5222832435,1004,hamlet,0,Kithulgalvila,POINT (80.2058172 6.6018165),POINT (80.205817 6.601816)
5222833079,1050,locality,0,Hartley,POINT (80.2113747 6.5997915),POINT (80.211375 6.599792)
5222833080,1003,village,0,Ihala Welgama,POINT (80.1997018 6.6123035),POINT (80.199702 6.612304)
5222833081,1050,locality,0,Welgama,POINT (80.2052808 6.6141366),POINT (80.205281 6.614137)
5225935909,1003,village,0,Mahakiwula,POINT (80.3891449 7.6837215),POINT (80.389145 7.683722)
5225935910,1003,village,0,Thiththawelgala,POINT (80.3859168 7.6559897),POINT (80.385917 7.65599)
5227774217,1003,village,0,Wewelwatte,POINT (80.5561506 6.7065578),POINT (80.556151 6.706558)
5227810754,1003,village,0,Rassagala,POINT (80.6385916 6.6928087),POINT (80.638592 6.692809)
5230110426,1050,locality,0,Menikepola,POINT (79.9836811 8.4523221),POINT (79.983681 8.452322)
5230110440,1050,locality,0,Manikrala Uraniya,POINT (79.9945935 8.4500513),POINT (79.994594 8.450051)
5230110452,1050,locality,0,Earyakalam,POINT (79.9982679 8.4426397),POINT (79.998268 8.44264)
5234547574,1003,village,0,Meepitiya,POINT (80.3684069 7.2509813),POINT (80.368407 7.250981)
5235318870,1003,village,0,Hapuwala,POINT (80.7607555 7.1673409),POINT (80.760756 7.167341)
5235318871,1004,hamlet,0,Unanthenna,POINT (80.7474357 7.1666836),POINT (80.747436 7.166684)
5235318872,1004,hamlet,0,Bowala,POINT (80.7402635 7.1529088),POINT (80.740264 7.152909)
5235318874,1004,hamlet,0,Kithulpe,POINT (80.7409099 7.1580211),POINT (80.74091 7.158021)
5235318876,1004,hamlet,0,Gannewa-Udagama,POINT (80.7251734 7.1382632),POINT (80.725173 7.138263)
5235318877,1004,hamlet,0,Bambaragama,POINT (80.7390886 7.1382392),POINT (80.739089 7.138239)
5235318878,1004,hamlet,0,Karamindula,POINT (80.7465291 7.1272607),POINT (80.746529 7.127261)
5235318879,1004,hamlet,0,Mool Oya State,POINT (80.7540554 7.1014117),POINT (80.754055 7.101412)
5235318885,1004,hamlet,0,Columbia State,POINT (80.7616329 7.1001262),POINT (80.761633 7.100126)
5235319451,1050,locality,0,Mool Oya,POINT (80.7536315 7.0909701),POINT (80.753632 7.09097)
5235319985,1050,locality,0,Gonavy,POINT (80.728333 7.124421),POINT (80.728333 7.124421)
5235319986,1050,locality,0,Hope,POINT (80.7389545 7.1075361),POINT (80.738954 7.107536)
5235319987,1050,locality,0,Dara Oya,POINT (80.7349956 7.122313),POINT (80.734996 7.122313)
5235319988,1004,hamlet,0,Daraoya,POINT (80.7352477 7.1269281),POINT (80.735248 7.126928)
5235320043,1003,village,0,Handawalapitiya,POINT (80.7382572 7.1232738),POINT (80.738257 7.123274)
5235322917,1004,hamlet,0,Hope State,POINT (80.7440856 7.1102988),POINT (80.744086 7.110299)
5237859503,1050,locality,0,Rambodde,POINT (80.7102441 7.0582194),POINT (80.710244 7.058219)
5237859504,1050,locality,0,Abbeyaraig,POINT (80.7263803 7.0603063),POINT (80.72638 7.060306)
5237859505,1004,hamlet,0,Ramboda Estate,POINT (80.7246637 7.0540242),POINT (80.724664 7.054024)
5237859506,1050,locality,0,Protoft Group,POINT (80.6911039 7.0826655),POINT (80.691104 7.082666)
5237859507,1050,locality,0,Mery Hill,POINT (80.7011032 7.0844116),POINT (80.701103 7.084412)
5237859508,1004,hamlet,0,Protoft / Perettasi,POINT (80.7069826 7.0726891),POINT (80.706983 7.072689)
5237859509,1050,locality,0,Maymollie,POINT (80.6892156 7.0914385),POINT (80.689216 7.091438)
5237859510,1003,village,0,Whydon State,POINT (80.677886 7.0984759),POINT (80.677886 7.098476)
5237859511,1004,hamlet,0,Stellingberg State,POINT (80.6889769 7.1068441),POINT (80.688977 7.106844)
5237859512,1004,hamlet,0,Delta Estate,POINT (80.6760004 7.1168383),POINT (80.676 7.116838)
5237859513,1050,locality,0,Delta,POINT (80.6709337 7.111965),POINT (80.670934 7.111965)
5237859514,1004,hamlet,0,Daslon Estate,POINT (80.6636435 7.1163565),POINT (80.663644 7.116356)
5237859515,1050,locality,0,Kalugala,POINT (80.6513643 7.1284877),POINT (80.651364 7.128488)
5237859516,1004,hamlet,0,Melfort Estate,POINT (80.6487465 7.1218659),POINT (80.648746 7.121866)
5237859517,1050,locality,0,Melfort,POINT (80.6430387 7.1192683),POINT (80.643039 7.119268)
5239132084,1003,village,0,Danowita,POINT (80.1741075 7.2051476),POINT (80.174108 7.205148)
5239207750,1003,village,1500,Karapincha,POINT (80.3519453 6.7418439),POINT (80.351945 6.741844)
5239207752,1003,village,750,Galukagama,POINT (80.3682759 6.7236481),POINT (80.368276 6.723648)
5245293259,1003,village,0,Ittikulama,POINT (80.193361 8.3682039),POINT (80.193361 8.368204)
5245293260,1003,village,0,Kukulkatuwa,POINT (80.1597798 8.3707912),POINT (80.15978 8.370791)
5245293261,1003,village,0,Mahalindawewa,POINT (80.2640748 8.3723223),POINT (80.264075 8.372322)
5245293262,1003,village,0,Mahamankadawala,POINT (80.2954674 8.3731078),POINT (80.295467 8.373108)
5245293267,1003,village,0,Ranorawa,POINT (80.2384865 8.3697218),POINT (80.238486 8.369722)
5245293268,1003,village,0,Kadurupitiya,POINT (80.1773751 8.4074176),POINT (80.177375 8.407418)
5245293269,1004,hamlet,0,Ilapathgama,POINT (80.1759052 8.4126553),POINT (80.175905 8.412655)
5245293270,1003,village,0,Dunumadalawa,POINT (80.2110314 8.4118275),POINT (80.211031 8.411828)
5245293271,1003,village,0,Helambawewa,POINT (80.204283 8.4233004),POINT (80.204283 8.4233)
5245293272,1003,village,0,Oyamaduwa,POINT (80.2609688 8.4347146),POINT (80.260969 8.434715)
5245293287,1003,village,0,Thanthirimale,POINT (80.2527827 8.5720594),POINT (80.252783 8.572059)
5245293288,1004,hamlet,0,Inguruthenna,POINT (80.2776575 8.5505093),POINT (80.277658 8.550509)
5245293289,1003,village,0,Nelumwila,POINT (80.2558592 8.5480823),POINT (80.255859 8.548082)
5245293290,1003,village,0,Thuppitiyawa,POINT (80.2651906 8.4928206),POINT (80.265191 8.492821)
5245293313,1004,hamlet,0,Indiwewa,POINT (80.2142715 8.5019143),POINT (80.214272 8.501914)
5245293314,1003,village,0,Sandamal Eliya,POINT (80.2436685 8.5226157),POINT (80.243668 8.522616)
5245293315,1004,hamlet,0,Thambiyawa,POINT (80.2429819 8.5099573),POINT (80.242982 8.509957)
5245293316,1004,hamlet,0,Nawaeliya,POINT (80.2425098 8.5129707),POINT (80.24251 8.512971)
5245322722,1003,village,0,Kiralapetiyawa,POINT (80.1774394 8.4658036),POINT (80.177439 8.465804)
5245322753,1003,village,0,Kuda Wilachchiya,POINT (80.1521516 8.4763411),POINT (80.152152 8.476341)
5245322754,1003,village,0,Maha Wilachchiya,POINT (80.157001 8.4889687),POINT (80.157001 8.488969)
5245322821,1002,town,0,Pemaduwa,POINT (80.2008605 8.4918762),POINT (80.20086 8.491876)
5245322831,1004,hamlet,0,Tract 4,POINT (80.167129 8.5042487),POINT (80.167129 8.504249)
5245323058,1004,hamlet,0,Tract 5,POINT (80.1592969 8.5087477),POINT (80.159297 8.508748)
5245323060,1003,village,0,Mannaram Handiya,POINT (80.1546621 8.5125091),POINT (80.154662 8.512509)
5251668753,1003,village,0,Sandagalathanna,POINT (81.0898732 7.7333278),POINT (81.089873 7.733328)
5251668754,1003,village,0,Nikawatthalanda,POINT (81.0808557 7.7236851),POINT (81.080856 7.723685)
5251668755,1003,village,0,Bihirisorowwa,POINT (81.0807162 7.7226858),POINT (81.080716 7.722686)
5251668756,1003,village,0,Mahawenawela,POINT (81.0762315 7.7068339),POINT (81.076232 7.706834)
5251668757,1003,village,0,Thuwaragala,POINT (81.0678738 7.6946442),POINT (81.067874 7.694644)
5251668758,1003,village,0,Kadirapura,POINT (81.0567319 7.6893971),POINT (81.056732 7.689397)
5251668759,1003,village,0,Dolakanda,POINT (81.0541516 7.6882382),POINT (81.054152 7.688238)
5251668760,1003,village,0,Chandanagama,POINT (81.053701 7.6876694),POINT (81.053701 7.687669)
5251668761,1004,hamlet,0,Guru Gammanaya,POINT (81.0401612 7.6719411),POINT (81.040161 7.671941)
5252428598,1002,town,0,Watawala,POINT (80.5393499 6.9447494),POINT (80.53935 6.944749)
5252428599,1050,locality,0,Wanarajah North,POINT (80.5852532 6.8771336),POINT (80.585253 6.877134)
5252428600,1004,hamlet,0,Summerville,POINT (80.5824098 6.8667632),POINT (80.58241 6.866763)
5252428601,1050,locality,0,Wanarajah,POINT (80.5890941 6.8701461),POINT (80.589094 6.870146)
5252428602,1003,village,0,Wanarajah,POINT (80.5907035 6.8642076),POINT (80.590704 6.864208)
5253568512,1050,locality,0,Dunukelawa,POINT (80.5493974 6.9007797),POINT (80.549397 6.90078)
5253568513,1004,hamlet,0,Welieoya,POINT (80.5408037 6.9005134),POINT (80.540804 6.900513)
5253568514,1004,hamlet,0,Feorance,POINT (80.5569934 6.8916623),POINT (80.556993 6.891662)
5253568515,1050,locality,0,Lethenty Group,POINT (80.5622291 6.881863),POINT (80.562229 6.881863)
5253568516,1004,hamlet,0,Rothes,POINT (80.5842232 6.8950707),POINT (80.584223 6.895071)
5253568517,1004,hamlet,0,Panmure,POINT (80.5843667 6.887473),POINT (80.584367 6.887473)
5253568518,1050,locality,0,Marlborough,POINT (80.5769919 6.8822038),POINT (80.576992 6.882204)
5253568519,1050,locality,0,Osborne,POINT (80.5763911 6.8769207),POINT (80.576391 6.876921)
5253568520,1050,locality,0,Garfax,POINT (80.5789661 6.87266),POINT (80.578966 6.87266)
5253572521,1004,hamlet,0,Dunkeld,POINT (80.5740816 6.860585),POINT (80.574082 6.860585)
5253572523,1050,locality,0,Norton,POINT (80.5209885 6.9182337),POINT (80.520988 6.918234)
5253572524,1050,locality,0,Agrawatte,POINT (80.528841 6.9303463),POINT (80.528841 6.930346)
5253572526,1050,locality,0,Benachie,POINT (80.5205583 6.9323912),POINT (80.520558 6.932391)
5253572527,1004,hamlet,0,Teplow,POINT (80.5117285 6.9307723),POINT (80.511728 6.930772)
5253572528,1050,locality,0,Vidulipura North,POINT (80.5139064 6.9338396),POINT (80.513906 6.93384)
5253572529,1003,village,0,Lonach,POINT (80.5197 6.9412522),POINT (80.5197 6.941252)
5253572530,1050,locality,0,St. Aubings,POINT (80.5239486 6.9450011),POINT (80.523949 6.945001)
5253572531,1050,locality,0,Lonach,POINT (80.516138 6.9450437),POINT (80.516138 6.945044)
5253572532,1050,locality,0,Trealgar,POINT (80.5303001 6.9491759),POINT (80.5303 6.949176)
5253572533,1004,hamlet,0,Akkarawatta,POINT (80.5121684 6.9523283),POINT (80.512168 6.952328)
5253572535,1050,locality,0,Carolina,POINT (80.5205583 6.9569077),POINT (80.520558 6.956908)
5253572536,1050,locality,0,Dunbar,POINT (80.5910039 6.8928978),POINT (80.591004 6.892898)
5253572537,1003,village,0,Dunbar,POINT (80.5908698 6.8912176),POINT (80.59087 6.891218)
5253576788,1003,village,0,Rozella,POINT (80.5595052 6.9332419),POINT (80.559505 6.933242)
5253869307,1003,village,0,Kelani Nadeegama,POINT (79.8903638 6.950405),POINT (79.890364 6.950405)
5255395560,1003,village,0,Viyadiguna,POINT (81.0960755 6.9706401),POINT (81.096076 6.97064)
5255395595,1010,suburb,0,Rambukpotha,POINT (81.0818589 6.9829033),POINT (81.081859 6.982903)
5255918047,1003,village,0,Demodera,POINT (81.0596448 6.8981834),POINT (81.059645 6.898183)
5259512611,1003,village,0,Kalugala,POINT (80.657174 6.4340388),POINT (80.657174 6.434039)
5268253182,1003,village,0,Muruthawa,POINT (80.4290685 7.566835),POINT (80.429068 7.566835)
5271330936,1003,village,0,Pattiya,POINT (79.8926491 6.9584963),POINT (79.892649 6.958496)
5271490668,1003,village,0,Kirapane,POINT (80.4607665 7.1708245),POINT (80.460766 7.170824)
5271490669,1003,village,0,Duldeniya,POINT (80.4694891 7.1691107),POINT (80.469489 7.169111)
5271490670,1003,village,0,Kotalabedda,POINT (80.4800033 7.1734964),POINT (80.480003 7.173496)
5271490671,1003,village,0,Habalakkawa,POINT (80.4833078 7.1780524),POINT (80.483308 7.178052)
5271490675,1003,village,0,Udugama,POINT (80.4957533 7.1783717),POINT (80.495753 7.178372)
5271490676,1003,village,0,Dumbuluwawa,POINT (80.5067503 7.1618188),POINT (80.50675 7.161819)
5271490677,1003,village,0,Wadiyathenna,POINT (80.5086922 7.1706648),POINT (80.508692 7.170665)
5271490678,1004,hamlet,0,Kalagahagoda,POINT (80.5010319 7.1674501),POINT (80.501032 7.16745)
5271490679,1003,village,0,Mediliya,POINT (80.4939401 7.1605201),POINT (80.49394 7.16052)
5271491256,1003,village,0,Selawa,POINT (80.5031776 7.147139),POINT (80.503178 7.147139)
5271491257,1004,hamlet,0,Kalalpitiya,POINT (80.4954099 7.1446266),POINT (80.49541 7.144627)
5271491258,1003,village,0,Rahala,POINT (80.4955816 7.139868),POINT (80.495582 7.139868)
5271491489,1003,village,0,Randiligama,POINT (80.4884577 7.1519294),POINT (80.488458 7.151929)
5271491490,1003,village,0,Hakurugammana,POINT (80.4792738 7.1476659),POINT (80.479274 7.147666)
5271491496,1003,village,0,Arama,POINT (80.4771441 7.1396391),POINT (80.477144 7.139639)
5271491497,1003,village,0,Horawala,POINT (80.4674184 7.1418694),POINT (80.467418 7.141869)
5271491498,1003,village,0,Deiyanwala,POINT (80.471549 7.1301378),POINT (80.471549 7.130138)
5273749122,1003,village,0,Kirinda,POINT (80.1156628 7.8151813),POINT (80.115663 7.815181)
5273749128,1003,village,0,Kotawehera,POINT (80.0764543 7.8086124),POINT (80.076454 7.808612)
5283582468,1003,village,0,Nadeniya,POINT (80.2854251 7.1708139),POINT (80.285425 7.170814)
5283582469,1004,hamlet,0,Naranwatta,POINT (80.2935791 7.1677056),POINT (80.293579 7.167706)
5283582470,1004,hamlet,0,Udugama,POINT (80.2890729 7.1640011),POINT (80.289073 7.164001)
5283582471,1003,village,0,Arandara,POINT (80.2984285 7.1833135),POINT (80.298428 7.183314)
5283582472,1050,locality,0,Mylands,POINT (80.2992438 7.1733261),POINT (80.299244 7.173326)
5283582473,1003,village,0,Pindeniya,POINT (80.2943408 7.154133),POINT (80.294341 7.154133)
5283582474,1050,locality,0,Ampe North,POINT (80.2884292 7.1326609),POINT (80.288429 7.132661)
5283582475,1050,locality,0,Ampe South,POINT (80.2874422 7.1194173),POINT (80.287442 7.119417)
5283582476,1050,locality,0,Ampe,POINT (80.2890944 7.1363869),POINT (80.289094 7.136387)
5283582477,1003,village,0,Atala,POINT (80.2855968 7.1458828),POINT (80.285597 7.145883)
5283582478,1003,village,0,Kurunegoda,POINT (80.2898132 7.1387609),POINT (80.289813 7.138761)
5283582479,1050,locality,0,Kiriporuwa,POINT (80.290575 7.1170752),POINT (80.290575 7.117075)
5283582480,1004,hamlet,0,Mattamagoda Haloluwa,POINT (80.2795136 7.1113688),POINT (80.279514 7.111369)
5283582481,1003,village,0,Mattamagoda,POINT (80.2774 7.101063),POINT (80.2774 7.101063)
5283582482,1004,hamlet,0,Paranawaththa,POINT (80.2798032 7.0831339),POINT (80.279803 7.083134)
5283582483,1004,hamlet,0,Mudugamuwa,POINT (80.2655339 7.0681428),POINT (80.265534 7.068143)
5283582484,1003,village,0,Gonaramba,POINT (80.2736878 7.0714008),POINT (80.273688 7.071401)
5283582485,1004,hamlet,0,Pannala,POINT (80.2901029 7.0879463),POINT (80.290103 7.087946)
5283582486,1004,hamlet,0,Kiriporuwa,POINT (80.2933001 7.087925),POINT (80.2933 7.087925)
5283582487,1003,village,0,Ampagala,POINT (80.2958965 7.0762133),POINT (80.295896 7.076213)
5283582488,1004,hamlet,0,Ranwitiya,POINT (80.2982783 7.0841028),POINT (80.298278 7.084103)
5283582489,1004,hamlet,0,Manangala,POINT (80.3045654 7.0971131),POINT (80.304565 7.097113)
5283582490,1003,village,0,Bogalawaththa,POINT (80.3036535 7.1013398),POINT (80.303654 7.10134)
5283582491,1004,hamlet,0,Walathuduwa,POINT (80.310241 7.1109429),POINT (80.310241 7.110943)
5283582492,1003,village,0,Wagolla,POINT (80.3146076 7.1077091),POINT (80.314608 7.107709)
5283582493,1003,village,0,Wegalla,POINT (80.3043508 7.0895327),POINT (80.304351 7.089533)
5283582494,1003,village,0,Punehela,POINT (80.311102 7.0871904),POINT (80.311102 7.08719)
5283582495,1003,village,0,Yak Ella,POINT (80.3228769 7.0980288),POINT (80.322877 7.098029)
5283582496,1050,locality,0,Lewella,POINT (80.3318488 7.1059711),POINT (80.331849 7.105971)
5284289497,1003,village,0,Angamuwa,POINT (80.2047121 8.1828078),POINT (80.204712 8.182808)
5285363885,1003,village,0,Kotuwila,POINT (79.8908123 6.9537197),POINT (79.890812 6.95372)
5289221496,1003,village,0,Udayagiriya,POINT (81.6263875 7.3793076),POINT (81.626388 7.379308)
5291225142,1004,hamlet,0,Rathamba,POINT (80.8995733 6.9231145),POINT (80.899573 6.923114)
5291926356,1003,village,0,Udapanguwagama,POINT (81.2299651 7.0627232),POINT (81.229965 7.062723)
5293261144,1050,locality,0,New Millakanda,POINT (80.1879269 6.6567271),POINT (80.187927 6.656727)
5293322188,1004,hamlet,0,Athura,POINT (80.1802611 6.6455697),POINT (80.180261 6.64557)
5293322189,1003,village,0,Athura,POINT (80.1864248 6.6510365),POINT (80.186425 6.651036)
5293860210,1004,hamlet,0,Manelwatte,POINT (79.9509689 6.9438968),POINT (79.950969 6.943897)
5293861925,1003,village,0,Thalwatte,POINT (79.9378132 6.9493337),POINT (79.937813 6.949334)
5293871992,1003,village,0,Raggahawatte,POINT (79.968577 6.9396669),POINT (79.968577 6.939667)
5294024569,1004,hamlet,0,Dangedara Junction,POINT (80.2203352 6.0501586),POINT (80.220335 6.050159)
5296778781,1003,village,0,Pattiwila,POINT (79.9548953 6.9440817),POINT (79.954895 6.944082)
5296803324,1050,locality,0,Alawi,POINT (80.2349353 6.6299733),POINT (80.234935 6.629973)
5296803441,1004,hamlet,0,Kallumale,POINT (80.1925778 6.6441257),POINT (80.192578 6.644126)
5296803442,1004,hamlet,0,Kotapanwila,POINT (80.1939297 6.6411311),POINT (80.19393 6.641131)
5296803443,1004,hamlet,0,Yatagampitiya,POINT (80.1966119 6.6486441),POINT (80.196612 6.648644)
5296803444,1003,village,0,Galketiya,POINT (80.2039236 6.6399855),POINT (80.203924 6.639986)
5296803526,1004,hamlet,0,Jayalathgoda,POINT (80.2145505 6.6451487),POINT (80.21455 6.645149)
5296803527,1003,village,0,Paahiyangala,POINT (80.2113104 6.6461398),POINT (80.21131 6.64614)
5296803528,1050,locality,0,Trafalgar,POINT (80.2336907 6.6163107),POINT (80.233691 6.616311)
5296803529,1004,hamlet,0,Paragoda East,POINT (80.2290344 6.6221296),POINT (80.229034 6.62213)
5296803530,1004,hamlet,0,Paragoda West,POINT (80.2254081 6.6108967),POINT (80.225408 6.610897)
5296803531,1004,hamlet,0,Paragoda,POINT (80.2245122 6.6163746),POINT (80.224512 6.616375)
5297035791,1003,village,0,Wilimbula,POINT (80.0660285 7.0265419),POINT (80.066028 7.026542)
5297035792,1004,hamlet,0,Diyawala,POINT (80.1129913 7.0281498),POINT (80.112991 7.02815)
5297035793,1004,hamlet,200,Radawana South,POINT (80.0929498 7.0275109),POINT (80.09295 7.027511)
5297035794,1004,hamlet,200,Radawana North,POINT (80.096898 7.0386701),POINT (80.096898 7.03867)
5297035795,1003,village,0,Udagama,POINT (80.1399421 7.0387553),POINT (80.139942 7.038755)
5297035797,1004,hamlet,0,Millathe,POINT (80.1381826 7.050766),POINT (80.138183 7.050766)
5297035798,1003,village,0,Mahalloluwa,POINT (80.1383972 7.0587518),POINT (80.138397 7.058752)
5297035799,1004,hamlet,0,Rathambale,POINT (80.1437831 7.0672271),POINT (80.143783 7.067227)
5297035800,1004,hamlet,0,Madakotuwa,POINT (80.1306295 7.0726998),POINT (80.13063 7.0727)
5297035801,1004,hamlet,0,Bopeththa,POINT (80.1351249 7.0945047),POINT (80.135125 7.094505)
5297035807,1004,hamlet,0,Bandaranayakapura,POINT (80.1224059 7.0493419),POINT (80.122406 7.049342)
5297035808,1004,hamlet,0,Mailawalana,POINT (80.1247287 7.0602317),POINT (80.124729 7.060232)
5299173421,1002,town,0,Bingiriya,POINT (79.9373361 7.5983166),POINT (79.937336 7.598317)
5299173422,1003,village,0,Wilattawa,POINT (79.9173403 7.5948976),POINT (79.91734 7.594898)
5300936471,1004,hamlet,0,Ambagahayata,POINT (80.4043913 6.6789017),POINT (80.404391 6.678902)
5301666821,1004,hamlet,0,Anandagama,POINT (80.1178188 6.9454004),POINT (80.117819 6.9454)
5301737693,1003,village,0,Iriyagolla,POINT (80.2641553 6.9789733),POINT (80.264155 6.978973)
5302941770,1004,hamlet,0,Pokunuwatta,POINT (80.6625008 7.0473694),POINT (80.662501 7.047369)
5302941771,1004,hamlet,0,Pallewela,POINT (80.6557095 7.0348581),POINT (80.65571 7.034858)
5302941772,1004,hamlet,0,Maldeniya,POINT (80.6455908 7.0292131),POINT (80.645591 7.029213)
5302941773,1004,hamlet,0,Egodawela,POINT (80.6567609 7.0298322),POINT (80.656761 7.029832)
5302941774,1004,hamlet,0,Kirindewela,POINT (80.6602317 7.0365564),POINT (80.660232 7.036556)
5302941775,1050,locality,0,Eton,POINT (80.6678653 7.0313016),POINT (80.667865 7.031302)
5302941776,1004,hamlet,0,Choice State,POINT (80.6658912 7.0333194),POINT (80.665891 7.033319)
5302941777,1004,hamlet,0,North Pundalu Oya State,POINT (80.6820273 7.0212523),POINT (80.682027 7.021252)
5302941778,1004,hamlet,0,Pundalu Oya North,POINT (80.6941509 7.011666),POINT (80.694151 7.011666)
5302941784,1050,locality,0,Hoisy,POINT (80.6711268 7.0452505),POINT (80.671127 7.04525)
5302941785,1004,hamlet,0,Malhewa,POINT (80.6894517 7.0514049),POINT (80.689452 7.051405)
5302941793,1050,locality,0,Bluefields,POINT (80.7035386 7.0491795),POINT (80.703539 7.04918)
5302941794,1004,hamlet,0,Wedamulla,POINT (80.708254 7.0475877),POINT (80.708254 7.047588)
5302941795,1050,locality,0,Rangbodde,POINT (80.6897735 7.0466986),POINT (80.689774 7.046699)
5302941796,1050,locality,0,Wedamulle,POINT (80.7120895 7.0443986),POINT (80.71209 7.044399)
5302941897,1004,hamlet,0,Kikiliyamana,POINT (80.7307738 7.0029341),POINT (80.730774 7.002934)
5302941898,1050,locality,0,Labookelie,POINT (80.7123899 7.0245932),POINT (80.71239 7.024593)
5302941899,1004,hamlet,0,Labookelle Estate,POINT (80.7112956 7.0206959),POINT (80.711296 7.020696)
5302941900,1003,village,0,Kudaoya,POINT (80.733104 7.010852),POINT (80.733104 7.010852)
5306610655,1003,village,0,Weragoda,POINT (80.2904369 7.2780288),POINT (80.290437 7.278029)
5306738076,1003,village,0,Mahena,POINT (80.2055168 7.2430233),POINT (80.205517 7.243023)
5306738078,1003,village,0,Mangedara,POINT (80.2213526 7.2555821),POINT (80.221353 7.255582)
5306738079,1003,village,0,Nangalla,POINT (80.2147114 7.2618614),POINT (80.214711 7.261861)
5306738080,1003,village,0,Wariyagoda,POINT (80.2422711 7.2909471),POINT (80.242271 7.290947)
5306738088,1004,hamlet,0,Heliyagoda,POINT (80.2560281 7.2800602),POINT (80.256028 7.28006)
5306738089,1003,village,0,kahawaththa,POINT (80.262165 7.2879354),POINT (80.262165 7.287935)
5306738090,1003,village,0,Wedikanda,POINT (80.2387333 7.2891912),POINT (80.238733 7.289191)
5306738091,1003,village,0,Opatha,POINT (80.2451491 7.2813266),POINT (80.245149 7.281327)
5306738092,1003,village,0,Ragalkanda,POINT (80.2490973 7.2695241),POINT (80.249097 7.269524)
5306738093,1003,village,0,Kahabiliyawala,POINT (80.2526969 7.2587004),POINT (80.252697 7.2587)
5306738094,1003,village,0,Akwaththa,POINT (80.2570152 7.2502287),POINT (80.257015 7.250229)
5306738095,1004,hamlet,0,Manpita,POINT (80.26728 7.2401762),POINT (80.26728 7.240176)
5306738103,1004,hamlet,0,Peherambhe,POINT (80.2737522 7.2536238),POINT (80.273752 7.253624)
5306738104,1050,locality,0,Yattogode,POINT (80.2750396 7.2497497),POINT (80.27504 7.24975)
5306738105,1004,hamlet,0,Palapoluwa,POINT (80.2715206 7.2454925),POINT (80.271521 7.245492)
5306738106,1004,hamlet,0,Morawaka,POINT (80.2506062 7.234388),POINT (80.250606 7.234388)
5306738108,1003,village,0,Yattogoda,POINT (80.2792561 7.236435),POINT (80.279256 7.236435)
5306738109,1003,village,0,Ballapana,POINT (80.2912295 7.2362435),POINT (80.29123 7.236244)
5306738110,1003,village,0,Kobbewala,POINT (80.3001022 7.246344),POINT (80.300102 7.246344)
5306738111,1004,hamlet,0,Delpothdeniya,POINT (80.2889995 7.2510512),POINT (80.289 7.251051)
5306738112,1004,hamlet,0,Hewanagedara,POINT (80.2904463 7.2549435),POINT (80.290446 7.254944)
5306738113,1003,village,0,Rideethotuwa,POINT (80.2897382 7.2606055),POINT (80.289738 7.260606)
5306738114,1003,village,0,Beligala,POINT (80.2729368 7.2633514),POINT (80.272937 7.263351)
5306738115,1004,hamlet,0,Bodawala,POINT (80.2739346 7.2599882),POINT (80.273935 7.259988)
5306738116,1004,hamlet,0,Wadukanda,POINT (80.2787089 7.2697157),POINT (80.278709 7.269716)
5306738117,1050,locality,0,Weniwella State,POINT (80.2788591 7.2673743),POINT (80.278859 7.267374)
5306738118,1004,hamlet,0,Hathnagoda,POINT (80.28903 7.2680554),POINT (80.28903 7.268055)
5307965774,1004,hamlet,0,Kehelwathugoda,POINT (80.3250943 7.3071801),POINT (80.325094 7.30718)
5307965775,1003,village,0,Helamada,POINT (80.3033638 7.3063673),POINT (80.303364 7.306367)
5307965776,1003,village,0,Godapola,POINT (80.3145861 7.3024085),POINT (80.314586 7.302408)
5307965777,1003,village,0,Batuwatta,POINT (80.3119576 7.2955871),POINT (80.311958 7.295587)
5307965789,1003,village,0,Pallewela,POINT (80.2886009 7.2954275),POINT (80.288601 7.295428)
5307965799,1003,village,0,Ihala Kalugala,POINT (80.2752971 7.2924264),POINT (80.275297 7.292426)
5307965800,1003,village,0,Pahala Kalugala,POINT (80.267229 7.2830826),POINT (80.267229 7.283083)
5314427762,1050,locality,0,Balanthota North,POINT (80.4644035 7.0477634),POINT (80.464404 7.047763)
5314427763,1050,locality,0,Balanthota South,POINT (80.4935646 7.0280646),POINT (80.493565 7.028065)
5314427764,1003,village,0,Balanthota,POINT (80.5000126 7.0240129),POINT (80.500013 7.024013)
5314427765,1050,locality,0,Koladeniya,POINT (80.5019974 7.018907),POINT (80.501997 7.018907)
5314427766,1050,locality,0,Blackstone,POINT (80.4855609 7.0084501),POINT (80.485561 7.00845)
5314427767,1003,village,0,Ambagamuwa,POINT (80.4930254 7.0188644),POINT (80.493025 7.018864)
5314427768,1003,village,0,Weligampola,POINT (80.5215883 7.0426524),POINT (80.521588 7.042652)
5314427769,1003,village,0,Pahala Rambukpitiya,POINT (80.5018687 7.036221),POINT (80.501869 7.036221)
5314427770,1004,hamlet,0,Nagastenna Estate,POINT (80.4638886 7.0456977),POINT (80.463889 7.045698)
5314427771,1004,hamlet,0,Kandal Oya State,POINT (80.4240096 7.0562602),POINT (80.42401 7.05626)
5314427772,1004,hamlet,0,Nagastenna Estate,POINT (80.4537365 7.055443),POINT (80.453736 7.055443)
5314427773,1050,locality,0,Nagastenne,POINT (80.4486322 7.0550251),POINT (80.448632 7.055025)
5314427979,1004,hamlet,0,Rambukpitiya,POINT (80.5178546 7.0364553),POINT (80.517855 7.036455)
5314427985,1050,locality,0,Seafourth,POINT (80.4320669 7.0606896),POINT (80.432067 7.06069)
5316017625,1003,village,1500,Sinharamulla,POINT (79.9149659 6.9503323),POINT (79.914966 6.950332)
5318166417,1004,hamlet,0,Galwewa,POINT (81.0848308 6.4294624),POINT (81.084831 6.429462)
5318166418,1004,hamlet,0,Komaligama,POINT (81.1104297 6.4341215),POINT (81.11043 6.434122)
5318166419,1004,hamlet,0,Niyandagala,POINT (81.0070896 6.4130117),POINT (81.00709 6.413012)
5318166420,1004,hamlet,0,Indunilpura,POINT (81.0004806 6.4290041),POINT (81.000481 6.429004)
5318167021,1050,locality,0,Kalwelgala,POINT (81.0065102 6.4599424),POINT (81.00651 6.459942)
5318167022,1004,hamlet,0,Rohanapura,POINT (81.0116386 6.4281512),POINT (81.011639 6.428151)
5318167023,1003,village,0,Kumaragama,POINT (81.0239339 6.4182786),POINT (81.023934 6.418279)
5318167024,1004,hamlet,0,Usgala,POINT (81.0273886 6.4361417),POINT (81.027389 6.436142)
5318167025,1003,village,0,Sooriya Ara,POINT (81.0398877 6.4288068),POINT (81.039888 6.428807)
5318167026,1004,hamlet,0,Nika Wewa,POINT (81.0634804 6.4426504),POINT (81.06348 6.44265)
5318167027,1004,hamlet,0,Nika Ara,POINT (81.0427898 6.4463817),POINT (81.04279 6.446382)
5318167028,1003,village,0,Migaswewa,POINT (81.077114 6.4500731),POINT (81.077114 6.450073)
5318167029,1003,village,0,Arambekema,POINT (80.9897733 6.5344339),POINT (80.989773 6.534434)
5318167030,1050,locality,0,Gonagala Kiula,POINT (81.0075187 6.5003449),POINT (81.007519 6.500345)
5318167031,1004,hamlet,0,Kiula,POINT (81.0120248 6.4950149),POINT (81.012025 6.495015)
5318167032,1003,village,0,Kahakurullanpelessa,POINT (81.0090207 6.5118148),POINT (81.009021 6.511815)
5318167033,1003,village,0,Balaharuwa,POINT (81.0469901 6.5702473),POINT (81.04699 6.570247)
5320236027,1003,village,0,Hunupitiya,POINT (79.9027184 6.9846791),POINT (79.902718 6.984679)
5321173258,1003,village,0,Pahariya,POINT (80.0193276 8.1077676),POINT (80.019328 8.107768)
5335487744,1003,village,0,Lihiriyagama,POINT (79.9323151 7.3409116),POINT (79.932315 7.340912)
5335626611,1003,village,0,Bemmulla,POINT (80.0257659 7.1232499),POINT (80.025766 7.12325)
5335626612,1003,village,0,Weediyawatta,POINT (80.0371492 7.0960165),POINT (80.037149 7.096016)
5335626615,1004,hamlet,0,Morupola,POINT (80.0224507 7.1036395),POINT (80.022451 7.10364)
5335626616,1004,hamlet,0,Daraluwa,POINT (80.012269 7.1088349),POINT (80.012269 7.108835)
5335626617,1003,village,0,Banadarawatta,POINT (80.0108206 7.1014836),POINT (80.010821 7.101484)
5335626618,1004,hamlet,0,Indigolla,POINT (80.0205087 7.098806),POINT (80.020509 7.098806)
5335626619,1004,hamlet,0,Gampaha Ihalagama West,POINT (80.0020015 7.0976774),POINT (80.002002 7.097677)
5335626620,1004,hamlet,0,Gampaha Ihalagama,POINT (80.0073659 7.0968577),POINT (80.007366 7.096858)
5335627021,1004,hamlet,0,Bendiyamulla,POINT (80.0017494 7.0854603),POINT (80.001749 7.08546)
5335627022,1004,hamlet,0,Gampaha Medagama,POINT (79.995017 7.087925),POINT (79.995017 7.087925)
5335627023,1004,hamlet,0,Kotagedara,POINT (79.9634313 7.0877973),POINT (79.963431 7.087797)
5335627024,1004,hamlet,0,Gampaha Pahalagama,POINT (79.9844599 7.0867964),POINT (79.98446 7.086796)
5335627025,1003,village,0,Akarawita,POINT (79.9785054 7.0946963),POINT (79.978505 7.094696)
5338789408,1003,village,0,Jayarajapura,POINT (79.8712921 7.8653799),POINT (79.871292 7.86538)
5338789409,1003,village,0,Karuwalabedda,POINT (79.8592329 7.8179767),POINT (79.859233 7.817977)
5338789410,1004,hamlet,0,Tharanakele,POINT (79.8716676 7.8076876),POINT (79.871668 7.807688)
5338789411,1003,village,0,Baranankattuwa,POINT (79.8609334 7.7980626),POINT (79.860933 7.798063)
5338789416,1004,hamlet,0,Galkuliya,POINT (79.9031567 7.7753412),POINT (79.903157 7.775341)
5338789417,1004,hamlet,0,Gorakapokuna,POINT (79.8678428 7.7512152),POINT (79.867843 7.751215)
5338789419,1003,village,0,Dewala Handiya,POINT (79.8787701 7.7785302),POINT (79.87877 7.77853)
5338789420,1050,locality,0,Buruthakele,POINT (79.8630523 7.7427159),POINT (79.863052 7.742716)
5338791521,1003,village,0,Wijaya Katupotha,POINT (79.8765707 7.7211343),POINT (79.876571 7.721134)
5338791522,1004,hamlet,0,Kuda Ma-Eliya,POINT (79.8343178 7.7207684),POINT (79.834318 7.720768)
5338791523,1003,village,0,Wilpotha,POINT (79.8925567 7.749222),POINT (79.892557 7.749222)
5338791524,1004,hamlet,0,Maha Ma-Eliya,POINT (79.8467016 7.7271836),POINT (79.846702 7.727184)
5338791529,1003,village,0,Battulu Oya,POINT (79.8322177 7.7268859),POINT (79.832218 7.726886)
5338791531,1004,hamlet,0,Akkarawelliya,POINT (79.8420076 7.7637703),POINT (79.842008 7.76377)
5338791532,1004,hamlet,0,Angunawila,POINT (79.8607296 7.7756175),POINT (79.86073 7.775618)
5340462064,1050,locality,0,Wilndagoda,POINT (79.9911278 8.1986201),POINT (79.991128 8.19862)
5340462304,1003,village,0,Pahala Puliyankulama,POINT (80.0225714 8.1942423),POINT (80.022571 8.194242)
5340462305,1004,hamlet,0,Balagollagama,POINT (80.0417947 8.1538471),POINT (80.041795 8.153847)
5340462307,1003,village,0,Ihala Puliyankulama,POINT (80.0389463 8.1643293),POINT (80.038946 8.164329)
5344216182,1002,town,0,Mulleriyawa New Town,POINT (79.9277405 6.9282349),POINT (79.92774 6.928235)
5346138316,1003,village,0,Udumulla,POINT (79.9390864 6.9363425),POINT (79.939086 6.936342)
5346405831,1004,hamlet,20,Anangkani,POINT (79.6649588 9.5520576),POINT (79.664959 9.552058)
5346408923,1004,hamlet,0,Pumunai,POINT (79.6567253 9.5224431),POINT (79.656725 9.522443)
5351042371,1003,village,0,Moragaswewa,POINT (80.8858537 7.9465691),POINT (80.885854 7.946569)
5351042372,1003,village,0,Katukeliyawa,POINT (80.8725285 7.9716027),POINT (80.872528 7.971603)
5351043697,1003,village,0,Raja Ela,POINT (80.9074402 8.0259468),POINT (80.90744 8.025947)
5352235180,1002,town,10000,Pesalai,POINT (79.8208927 9.0848413),POINT (79.820893 9.084841)
5352236210,1003,village,0,Mullitidal,POINT (79.7779674 9.0881482),POINT (79.777967 9.088148)
5352249329,1003,village,0,Karisal,POINT (79.8417874 9.0663594),POINT (79.841787 9.066359)
5352254574,1003,village,100,Tayliankudiyiruppu,POINT (79.8524057 9.0618987),POINT (79.852406 9.061899)
5352256078,1003,village,10000,Erukkalampiddi,POINT (79.87866 9.033358),POINT (79.87866 9.033358)
5352258529,1003,village,2000,Toddaveli,POINT (79.8748467 9.0133497),POINT (79.874847 9.01335)
5353964550,1003,village,0,Walpola,POINT (79.9268807 6.9220087),POINT (79.926881 6.922009)
5353987273,1003,village,0,Wennawatte,POINT (79.903841 6.9466616),POINT (79.903841 6.946662)
5354039216,1003,village,0,Galamuna,POINT (81.0292768 8.0835553),POINT (81.029277 8.083555)
5354039217,1004,hamlet,0,Yatiyalpathaana,POINT (80.9777248 8.0848193),POINT (80.977725 8.084819)
5354039218,1003,village,0,Maha Kirimetiya,POINT (81.0237086 8.097672),POINT (81.023709 8.097672)
5354039219,1003,village,0,Ulpathwewa,POINT (80.9408846 8.0605044),POINT (80.940885 8.060504)
5354039220,1003,village,0,Danyawa,POINT (80.9408712 8.1044381),POINT (80.940871 8.104438)
5354039521,1003,village,0,Rathmale,POINT (80.8988357 8.0950802),POINT (80.898836 8.09508)
5354039522,1003,village,0,Divulankadawala,POINT (80.9523296 8.1129353),POINT (80.95233 8.112935)
5354039523,1003,village,0,Viharagama,POINT (80.9423733 8.1249374),POINT (80.942373 8.124937)
5354039591,1004,hamlet,0,Abayapuaragama,POINT (80.9603494 8.1495458),POINT (80.960349 8.149546)
5354039592,1004,hamlet,0,Galmuna,POINT (80.9684551 8.1859724),POINT (80.968455 8.185972)
5354039593,1004,hamlet,0,Thissapura,POINT (80.9465789 8.1632779),POINT (80.946579 8.163278)
5354039594,1004,hamlet,0,Nagarapura,POINT (81.0216808 8.1759794),POINT (81.021681 8.175979)
5354039595,1004,hamlet,0,Senarathpura,POINT (81.0273027 8.1656568),POINT (81.027303 8.165657)
5354039621,1003,village,0,Bisobandaragama,POINT (80.9500337 8.1523018),POINT (80.950034 8.152302)
5354039622,1003,village,0,Wijayapura,POINT (81.0459816 8.1375976),POINT (81.045982 8.137598)
5354039623,1004,hamlet,0,Kumudupura,POINT (81.0381281 8.1487068),POINT (81.038128 8.148707)
5354039624,1003,village,0,Kohombadamana,POINT (81.0180759 8.1534648),POINT (81.018076 8.153465)
5354039625,1003,village,0,Wadigawewa,POINT (81.0962784 8.2373464),POINT (81.096278 8.237346)
5354039626,1003,village,0,Meegaswewa,POINT (81.08482 8.2017952),POINT (81.08482 8.201795)
5354039627,1003,village,0,Migollewa,POINT (81.0555947 8.2238372),POINT (81.055595 8.223837)
5354039628,1003,village,0,Jayathugama,POINT (81.0272598 8.2044819),POINT (81.02726 8.204482)
5354039629,1003,village,0,Ambagaswewa,POINT (81.0369587 8.1988325),POINT (81.036959 8.198832)
5354039648,1003,village,0,Diyasenpura,POINT (81.0239446 8.1338484),POINT (81.023945 8.133848)
5354039649,1004,hamlet,0,Somawathiya,POINT (81.1725711 8.1242364),POINT (81.172571 8.124236)
5357161030,1002,town,2000,Welioya,POINT (80.7813763 8.9674251),POINT (80.781376 8.967425)
5357161047,1002,town,0,Gomarankadawala,POINT (80.9562027 8.6745575),POINT (80.956203 8.674558)
5357161056,1003,village,0,Ehetugaswewa,POINT (80.8026409 8.9880476),POINT (80.802641 8.988048)
5357161057,1003,village,0,Kiri-Ibbanwewa,POINT (80.8262443 8.9962391),POINT (80.826244 8.996239)
5357161081,1003,village,0,Kalyanipura,POINT (80.7739091 9.011795),POINT (80.773909 9.011795)
5357161090,1003,village,0,Gajabapura,POINT (80.7329196 9.0231594),POINT (80.73292 9.023159)
5357161091,1003,village,0,Monarawewa,POINT (80.7400703 9.0082664),POINT (80.74007 9.008266)
5357217245,1003,village,0,Etambagaskada,POINT (80.5320328 8.7829786),POINT (80.532033 8.782979)
5359011890,1004,hamlet,0,Waasanagama,POINT (80.9619963 7.0692926),POINT (80.961996 7.069293)
5366093818,1003,village,0,Parape,POINT (80.4102713 7.3678083),POINT (80.410271 7.367808)
5366093819,1003,village,0,Pallegama,POINT (80.4255974 7.4282408),POINT (80.425597 7.428241)
5366093820,1003,village,0,Meethenwala,POINT (80.4266166 7.4192403),POINT (80.426617 7.41924)
5366093921,1004,hamlet,0,Udagama,POINT (80.4329359 7.4125377),POINT (80.432936 7.412538)
5366093922,1003,village,0,Muwankanda,POINT (80.4254579 7.4038986),POINT (80.425458 7.403899)
5366093923,1050,locality,0,Muwankande,POINT (80.4259729 7.3986853),POINT (80.425973 7.398685)
5366093924,1004,hamlet,0,Gonamada,POINT (80.4207158 7.3975043),POINT (80.420716 7.397504)
5366093925,1003,village,0,Ketawala,POINT (80.4144287 7.3980895),POINT (80.414429 7.39809)
5366093926,1004,hamlet,0,Uda Inguruwaththa,POINT (80.4342341 7.3705322),POINT (80.434234 7.370532)
5366093927,1004,hamlet,0,Pahala Inguruwaththa,POINT (80.4282689 7.3777675),POINT (80.428269 7.377768)
5366093928,1003,village,0,Inguruwaththa,POINT (80.4327535 7.381683),POINT (80.432754 7.381683)
5366093936,1004,hamlet,0,Kalugamuwa,POINT (80.4418731 7.3820554),POINT (80.441873 7.382055)
5366093937,1003,village,0,Watareka,POINT (80.4390138 7.4044784),POINT (80.439014 7.404478)
5366093938,1004,hamlet,0,Daladagamwela,POINT (80.4695105 7.3979671),POINT (80.46951 7.397967)
5366093939,1003,village,0,Galabawa,POINT (80.4782653 7.395121),POINT (80.478265 7.395121)
5366093948,1004,hamlet,0,Muththettu-Deniya,POINT (80.4540825 7.3950784),POINT (80.454082 7.395078)
5366093949,1003,village,0,Malandeniya,POINT (80.4513788 7.4067074),POINT (80.451379 7.406707)
5366093950,1003,village,0,Kannadeniya,POINT (80.4724073 7.3852793),POINT (80.472407 7.385279)
5366093951,1003,village,0,Kahapathwala,POINT (80.4671502 7.3896416),POINT (80.46715 7.389642)
5366093952,1003,village,0,Kotikaapola,POINT (80.452559 7.4211341),POINT (80.452559 7.421134)
5366093953,1004,hamlet,0,9 Kanuwa (9th Mile Post),POINT (80.4658252 7.4215436),POINT (80.465825 7.421544)
5366093954,1003,village,0,Ilukewela,POINT (80.4653907 7.4226448),POINT (80.465391 7.422645)
5377720342,1003,village,0,Eragama,POINT (81.7458451 7.2168189),POINT (81.745845 7.216819)
5382765102,1004,hamlet,0,Weddalupotha,POINT (79.9802541 7.6688451),POINT (79.980254 7.668845)
5382765103,1004,hamlet,0,Puwakgahakadawala,POINT (79.9823785 7.6622951),POINT (79.982378 7.662295)
5382765104,1004,hamlet,0,Makullapokuna,POINT (79.9893307 7.6709078),POINT (79.989331 7.670908)
5382765106,1004,hamlet,0,Kiniyama,POINT (80.0034767 7.6580578),POINT (80.003477 7.658058)
5382765107,1004,hamlet,0,Karambe,POINT (79.9847871 7.637227),POINT (79.984787 7.637227)
5382765108,1003,village,0,Weerapokuna,POINT (79.9890947 7.6510878),POINT (79.989095 7.651088)
5382765109,1004,hamlet,0,Hiripokuna,POINT (79.9835694 7.6271196),POINT (79.983569 7.62712)
5382765110,1004,hamlet,0,Hindakatuwa,POINT (79.9699733 7.6193275),POINT (79.969973 7.619328)
5382768508,1004,hamlet,0,Prasannagama,POINT (79.9675298 7.6113917),POINT (79.96753 7.611392)
5385075808,1004,hamlet,0,Meda Oya,POINT (81.0242986 7.2257384),POINT (81.024299 7.225738)
5385075811,1004,hamlet,0,Alikandura,POINT (81.0287404 7.2337902),POINT (81.02874 7.23379)
5385075815,1004,hamlet,0,Pangaragammana,POINT (81.0104343 7.2667783),POINT (81.010434 7.266778)
5385075817,1003,village,0,Dambagolla,POINT (81.0133257 7.2546508),POINT (81.013326 7.254651)
5385075818,1004,hamlet,0,Rohana,POINT (81.0059309 7.2780168),POINT (81.005931 7.278017)
5385078238,1004,hamlet,0,Tract 2,POINT (81.0168743 7.2847854),POINT (81.016874 7.284785)
5385078239,1004,hamlet,0,Tract 1,POINT (81.0250711 7.300791),POINT (81.025071 7.300791)
5385078240,1003,village,0,Maapakadawewa,POINT (81.027925 7.2877439),POINT (81.027925 7.287744)
5385078241,1004,hamlet,0,Handaganawa,POINT (80.997734 7.305218),POINT (80.997734 7.305218)
5385078264,1004,hamlet,0,Aluthnuwara,POINT (81.0186982 7.3220103),POINT (81.018698 7.32201)
5385078275,1004,hamlet,0,Kaduwila,POINT (81.004343 7.354295),POINT (81.004343 7.354295)
5385078276,1003,village,0,Sorabora,POINT (80.9981203 7.3546781),POINT (80.99812 7.354678)
5385078277,1004,hamlet,0,Koruppa,POINT (80.992713 7.3528479),POINT (80.992713 7.352848)
5385078278,1004,hamlet,0,Meegahapitiya,POINT (80.9982276 7.3445481),POINT (80.998228 7.344548)
5385078279,1003,village,0,Sacret City,POINT (80.9930134 7.3221912),POINT (80.993013 7.322191)
5385078280,1004,hamlet,0,Puhulyaya,POINT (80.996232 7.3335241),POINT (80.996232 7.333524)
5387262373,1003,village,0,Walallawita,POINT (80.1965314 6.3773204),POINT (80.196531 6.37732)
5387262374,1004,hamlet,0,Naawala Kanda,POINT (80.1847672 6.4259335),POINT (80.184767 6.425934)
5387262375,1004,hamlet,0,Wedawaththa,POINT (80.1951856 6.4128765),POINT (80.195186 6.412876)
5387262376,1003,village,0,Makalandaawa,POINT (80.1995033 6.4001482),POINT (80.199503 6.400148)
5387262377,1003,village,0,Rathmale,POINT (80.2107954 6.4546333),POINT (80.210795 6.454633)
5387262378,1003,village,0,Polgampola,POINT (80.196172 6.4663174),POINT (80.196172 6.466317)
5387262379,1050,locality,0,Moragalla,POINT (80.1773214 6.4678952),POINT (80.177321 6.467895)
5387262380,1003,village,0,Moragala,POINT (80.1796496 6.461115),POINT (80.17965 6.461115)
5387262381,1004,hamlet,0,Kumbadoowa,POINT (80.2070403 6.4304113),POINT (80.20704 6.430411)
5387262382,1003,village,0,Meegahathenna,POINT (80.1916551 6.4390895),POINT (80.191655 6.43909)
5387262384,1003,village,0,Pelawatta,POINT (80.2165407 6.4057697),POINT (80.216541 6.40577)
5395514369,1004,hamlet,0,Pallikkudiyiruppu,POINT (81.3021464 8.4141182),POINT (81.302146 8.414118)
5395546199,1004,hamlet,0,Srinivasapuram,POINT (81.3081153 8.4188991),POINT (81.308115 8.418899)
5395563141,1004,hamlet,0,Sinnakkulam,POINT (81.3105991 8.4354235),POINT (81.310599 8.435424)
5395579117,1003,village,0,Iththikkulam,POINT (81.3220039 8.4377503),POINT (81.322004 8.43775)
5395594795,1003,village,0,Puthukudiyyiruppu,POINT (81.2999856 8.4192951),POINT (81.299986 8.419295)
5395595239,1004,hamlet,0,Thankapuuram,POINT (81.2961661 8.4206217),POINT (81.296166 8.420622)
5397329579,1004,hamlet,0,Yaka Wanguwa,POINT (80.2724335 6.8726213),POINT (80.272434 6.872621)
5400933021,1004,hamlet,0,Dikyaaya,POINT (81.0940361 7.1729215),POINT (81.094036 7.172922)
5400935337,1004,hamlet,0,Ritigaha Arawa,POINT (81.0999101 7.2259618),POINT (81.09991 7.225962)
5403371738,1004,hamlet,0,Kumburutheniwela,POINT (80.7557237 6.7337836),POINT (80.755724 6.733784)
5403371740,1004,hamlet,0,Viharawela,POINT (80.7474679 6.7411034),POINT (80.747468 6.741103)
5403371741,1004,hamlet,0,Landuyaaya,POINT (80.7325172 6.742073),POINT (80.732517 6.742073)
5403371742,1003,village,0,Ihalagalagama,POINT (80.7363421 6.7394839),POINT (80.736342 6.739484)
5403414115,1003,village,0,Lansigama,POINT (79.8314344 7.3788075),POINT (79.831434 7.378808)
5403414342,1003,village,0,Mangalaeliya,POINT (79.8211301 7.8597611),POINT (79.82113 7.859761)
5403414422,1003,village,0,Peellawatte,POINT (79.9191945 7.1796471),POINT (79.919194 7.179647)
5403414915,1003,village,0,Koyyawadi,POINT (79.73586 8.0540915),POINT (79.73586 8.054092)
5403415137,1003,village,0,Halambawatawana,POINT (79.8321405 7.6830178),POINT (79.83214 7.683018)
5403415360,1003,village,0,Nawadankulama,POINT (79.8221601 7.8446873),POINT (79.82216 7.844687)
5403415760,1003,village,0,Pulichchakulam,POINT (79.8305631 7.7524575),POINT (79.830563 7.752458)
5404926132,1003,village,0,Dehideniya,POINT (80.5849743 7.2776124),POINT (80.584974 7.277612)
5404926133,1003,village,0,Eriyagama,POINT (80.5854142 7.2666719),POINT (80.585414 7.266672)
5404926134,1004,hamlet,0,Kehelwala,POINT (80.5804145 7.269556),POINT (80.580414 7.269556)
5404926135,1004,hamlet,0,Warathenna,POINT (80.6033206 7.2853281),POINT (80.603321 7.285328)
5404926143,1003,village,0,Yatihalagala,POINT (80.5927741 7.3033556),POINT (80.592774 7.303356)
5404926144,1003,village,0,Kulugammana,POINT (80.5893409 7.3156308),POINT (80.589341 7.315631)
5404926326,1003,village,0,Uguressapitiya,POINT (80.601148 7.318222),POINT (80.601148 7.318222)
5406840522,1003,village,0,Palle Delthota,POINT (80.6546258 7.1797982),POINT (80.654626 7.179798)
5406840524,1050,locality,0,Nilambe,POINT (80.6432319 7.1907088),POINT (80.643232 7.190709)
5406840526,1050,locality,0,Rajamalwaththa,POINT (80.6377816 7.1827679),POINT (80.637782 7.182768)
5406840529,1003,village,0,Gurukele,POINT (80.6307703 7.1810967),POINT (80.63077 7.181097)
5406840530,1004,hamlet,0,Wariyagala,POINT (80.6206584 7.201268),POINT (80.620658 7.201268)
5406840531,1003,village,0,Nillambe,POINT (80.6360972 7.1942906),POINT (80.636097 7.194291)
5406840532,1003,village,0,Kalugamuwa,POINT (80.6102621 7.2034181),POINT (80.610262 7.203418)
5406840548,1050,locality,0,Angamone,POINT (80.5920339 7.1538668),POINT (80.592034 7.153867)
5406840549,1050,locality,0,Dartry State,POINT (80.5989646 7.1548888),POINT (80.598965 7.154889)
5406840550,1004,hamlet,0,Amunupura,POINT (80.596025 7.1469154),POINT (80.596025 7.146915)
5406840552,1004,hamlet,0,Castle Milk,POINT (80.615809 7.1596578),POINT (80.615809 7.159658)
5406842204,1003,village,0,Millagahamula,POINT (80.6146127 7.1543565),POINT (80.614613 7.154356)
5406842205,1050,locality,0,Mount Havana,POINT (80.6027412 7.1466493),POINT (80.602741 7.146649)
5406842206,1003,village,0,Legundeniya,POINT (80.6259584 7.1630962),POINT (80.625958 7.163096)
5406842207,1050,locality,0,Rose Hill,POINT (80.6004023 7.1744012),POINT (80.600402 7.174401)
5406842208,1004,hamlet,0,Inguruwaththa,POINT (80.601089 7.180309),POINT (80.601089 7.180309)
5406842210,1003,village,0,Doluwa,POINT (80.6087011 7.1845722),POINT (80.608701 7.184572)
5406842211,1004,hamlet,0,Orayan,POINT (80.6033313 7.1690787),POINT (80.603331 7.169079)
5406842213,1050,locality,0,Orian,POINT (80.6092 7.1704945),POINT (80.6092 7.170494)
5406842214,1003,village,0,Wewathenna,POINT (80.5976987 7.1670243),POINT (80.597699 7.167024)
5406842216,1004,hamlet,0,Kahawaththa,POINT (80.6095111 7.1633624),POINT (80.609511 7.163362)
5406842217,1003,village,0,Thundeniya,POINT (80.6005633 7.1615953),POINT (80.600563 7.161595)
5406842218,1004,hamlet,0,Kobbewala,POINT (80.5805808 7.158604),POINT (80.580581 7.158604)
5406842219,1003,village,0,Angammana,POINT (80.5838692 7.1527597),POINT (80.583869 7.15276)
5406843139,1004,hamlet,0,Udawela,POINT (80.5792987 7.1680462),POINT (80.579299 7.168046)
5406843141,1003,village,0,Naranwita,POINT (80.5857468 7.1741989),POINT (80.585747 7.174199)
5412141192,1003,village,0,Pahala Giribawa,POINT (80.1921701 8.1165891),POINT (80.19217 8.116589)
5412141193,1004,hamlet,0,Tract 2,POINT (80.1789951 8.1466677),POINT (80.178995 8.146668)
5412141194,1004,hamlet,0,Tract 1,POINT (80.2005815 8.142207),POINT (80.200582 8.142207)
5412141196,1004,hamlet,0,Tammitagama,POINT (80.1703906 8.1307577),POINT (80.170391 8.130758)
5412141205,1003,village,0,Pothanegama,POINT (80.1742476 8.119887),POINT (80.174248 8.119887)
5412141206,1003,village,0,Perakumpura,POINT (80.144223 8.1526895),POINT (80.144223 8.15269)
5412141207,1003,village,0,Saliya Ashokapura,POINT (80.1884687 8.1361213),POINT (80.188469 8.136121)
5414035122,1004,hamlet,0,Warawewa,POINT (80.1465297 8.1344326),POINT (80.14653 8.134433)
5414035123,1004,hamlet,0,Solewewa,POINT (80.1242566 8.1474323),POINT (80.124257 8.147432)
5414035125,1004,hamlet,0,Tract 6,POINT (80.1126694 8.1349424),POINT (80.112669 8.134942)
5414035126,1004,hamlet,0,Tract 5,POINT (80.1446843 8.1362806),POINT (80.144684 8.136281)
5414035127,1004,hamlet,0,Tract 4,POINT (80.126059 8.1460305),POINT (80.126059 8.14603)
5420584766,1004,hamlet,0,Daigala,POINT (80.2354025 7.0143091),POINT (80.235402 7.014309)
5424584904,1004,hamlet,0,Soruwila,POINT (81.0996848 7.8728884),POINT (81.099685 7.872888)
5428166419,1003,village,0,Divuldamana,POINT (81.2149608 7.7737998),POINT (81.214961 7.7738)
5443879320,1004,hamlet,0,Getaberiya,POINT (80.4438611 7.1738414),POINT (80.443861 7.173841)
5461288567,1003,village,0,Kandegama,POINT (81.2209207 7.6930395),POINT (81.220921 7.69304)
5493690810,1003,village,0,Yagirala,POINT (80.1615606 6.3691566),POINT (80.161561 6.369157)
5500590187,1003,village,0,Kaudulla,POINT (80.9932548 8.0876023),POINT (80.993255 8.087602)
5500590600,1003,village,0,Yoda Ela,POINT (80.9614813 8.0778299),POINT (80.961481 8.07783)
5502536712,1003,village,0,Dulgolla,POINT (81.010595 6.8151526),POINT (81.010595 6.815153)
5507530755,1004,hamlet,0,Windsar Park,POINT (80.978862 8.0628839),POINT (80.978862 8.062884)
5507530756,1003,village,0,Ulkatupotha,POINT (80.9920692 8.0677704),POINT (80.992069 8.06777)
5515804767,1004,hamlet,0,Pahalagama Junction,POINT (80.3397335 8.2150383),POINT (80.339734 8.215038)
5515805862,1004,hamlet,0,Jayaganga Junction,POINT (80.3440757 8.224842),POINT (80.344076 8.224842)
5515810998,1004,hamlet,0,Moragoda - Thalawa,POINT (80.3547468 8.2487499),POINT (80.354747 8.24875)
5515886590,1050,locality,0,Dambawela Watta,POINT (80.681448 7.2674701),POINT (80.681448 7.26747)
5515886601,1003,village,0,Dambawela,POINT (80.6836206 7.2654959),POINT (80.683621 7.265496)
5517677075,1003,village,0,Pothanegama,POINT (80.3683466 8.3256963),POINT (80.368347 8.325696)
5517678145,1003,village,0,Malwanegama,POINT (80.3279217 8.19468),POINT (80.327922 8.19468)
5519121497,1003,village,0,Glasel Estate,POINT (80.2631516 6.9308521),POINT (80.263152 6.930852)
5519121523,1003,village,0,Pitadeniya,POINT (80.2483639 6.9659805),POINT (80.248364 6.96598)
5519124723,1003,village,0,Bandawa,POINT (80.3052624 7.3511655),POINT (80.305262 7.351166)
5519124729,1003,village,0,Nalla,POINT (80.1172717 7.3172931),POINT (80.117272 7.317293)
5519131474,1003,village,0,Panadaragama,POINT (80.253027 7.5459142),POINT (80.253027 7.545914)
5519131582,1003,village,0,Koswatte - Panadaragama,POINT (80.2468572 7.5362905),POINT (80.246857 7.53629)
5519131734,1003,village,0,Bambaragammana,POINT (80.2371119 7.6326739),POINT (80.237112 7.632674)
5519134654,1003,village,0,Werella - Padeniya,POINT (80.2263307 7.6673041),POINT (80.226331 7.667304)
5519135076,1004,hamlet,0,Dalupotha Junction,POINT (80.2311104 7.6720034),POINT (80.23111 7.672003)
5519135428,1004,hamlet,0,Kohilawatte Junction,POINT (80.2374474 7.6886546),POINT (80.237447 7.688655)
5519135621,1003,village,0,Minuwangete,POINT (80.2435758 7.7069677),POINT (80.243576 7.706968)
5519135823,1004,hamlet,0,20 Junction Minuwangete,POINT (80.2441414 7.7165049),POINT (80.244141 7.716505)
5519135824,1003,village,0,Balagollagama,POINT (80.2545455 7.7704791),POINT (80.254546 7.770479)
5519135837,1004,hamlet,0,Pola Junction,POINT (80.2534741 7.7917709),POINT (80.253474 7.791771)
5519136125,1004,hamlet,0,Pasel Janction,POINT (80.2435719 7.7069893),POINT (80.243572 7.706989)
5519136134,1003,village,0,Ebawalapitiya,POINT (80.2442233 7.7196323),POINT (80.244223 7.719632)
5519137358,1003,village,0,Balalla,POINT (80.252724 7.7982379),POINT (80.252724 7.798238)
5519137622,1003,village,0,Rideebendiella,POINT (80.2446982 7.7429205),POINT (80.244698 7.74292)
5519610022,1003,village,0,Uduweriya,POINT (80.2473074 7.8460333),POINT (80.247307 7.846033)
5519610024,1004,hamlet,0,Kasikote Junction,POINT (80.249224 7.9475259),POINT (80.249224 7.947526)
5519610037,1003,village,0,Diwulwewa,POINT (80.2705541 8.0115613),POINT (80.270554 8.011561)
5519611246,1003,village,0,Pailigama,POINT (80.313392 7.8260927),POINT (80.313392 7.826093)
5519611502,1003,village,0,Ipalogama,POINT (80.2472387 7.8394294),POINT (80.247239 7.839429)
5519611609,1003,village,0,Abanpola,POINT (80.2461882 7.882574),POINT (80.246188 7.882574)
5519611610,1003,village,0,Kirimetiyawa,POINT (80.2487513 7.8915149),POINT (80.248751 7.891515)
5519611612,1003,village,0,Getadiwula,POINT (80.2540518 7.9568331),POINT (80.254052 7.956833)
5519611933,1003,village,0,Udangawa,POINT (80.245446 7.902595),POINT (80.245446 7.902595)
5519612129,1003,village,0,Kurundankulama,POINT (80.2724504 8.020325),POINT (80.27245 8.020325)
5519612135,1003,village,0,Senarathgama,POINT (80.2782848 8.0720225),POINT (80.278285 8.072022)
5519612137,1003,village,0,Ikiriwewa,POINT (80.2827843 8.1277509),POINT (80.282784 8.127751)
5519612146,1003,village,0,Kannattiya,POINT (80.4779212 8.3552139),POINT (80.477921 8.355214)
5519612226,1004,hamlet,0,Meegas Junction,POINT (80.2666403 7.9843194),POINT (80.26664 7.984319)
5519612438,1003,village,0,Bendiwewa,POINT (80.2846279 8.1327378),POINT (80.284628 8.132738)
5519612444,1003,village,0,Kurukundalama,POINT (80.4546337 8.3546299),POINT (80.454634 8.35463)
5519612541,1003,village,0,Amunukole,POINT (80.2813043 8.0417538),POINT (80.281304 8.041754)
5519612546,1003,village,0,Nelumgama,POINT (80.2751133 8.0810839),POINT (80.275113 8.081084)
5519613412,1003,village,0,Medagama,POINT (80.2784875 8.1004051),POINT (80.278488 8.100405)
5519613421,1003,village,0,Buduruwakanda,POINT (80.2771536 8.0355687),POINT (80.277154 8.035569)
5519613426,1003,village,0,Musalpitiya,POINT (80.2898878 8.1414726),POINT (80.289888 8.141473)
5519614161,1004,hamlet,0,Halmillewa,POINT (80.5669162 8.1150531),POINT (80.566916 8.115053)
5519614298,1003,village,0,Helabodugama,POINT (80.4706506 8.0418584),POINT (80.470651 8.041858)
5519615469,1003,village,0,Vijithapura,POINT (80.5367514 7.9966945),POINT (80.536751 7.996694)
5519615470,1003,village,0,Walawegama,POINT (80.5275605 8.0035478),POINT (80.52756 8.003548)
5519616046,1003,village,0,Hadungama,POINT (80.4985432 8.0199011),POINT (80.498543 8.019901)
5519616116,1003,village,0,Hiripitiyawa,POINT (80.4499734 8.0433893),POINT (80.449973 8.043389)
5520607330,1003,village,0,Siyambalangamuwa,POINT (80.4558152 7.9385943),POINT (80.455815 7.938594)
5520670827,1003,village,0,Gambirigaswewa,POINT (80.3832239 8.4758635),POINT (80.383224 8.475864)
5520670828,1004,hamlet,0,Aluthgama,POINT (80.3639737 8.466886),POINT (80.363974 8.466886)
5520670897,1003,village,0,Puwarasankulama,POINT (80.3985929 8.4384609),POINT (80.398593 8.438461)
5521977314,1004,hamlet,0,Kusumpokuna,POINT (80.9671113 8.1115705),POINT (80.967111 8.11157)
5538425203,1003,village,0,Yaggepitiya,POINT (80.3903425 7.5004829),POINT (80.390342 7.500483)
5538425204,1004,hamlet,0,Dematagolla,POINT (80.3924833 7.5524715),POINT (80.392483 7.552472)
5538425205,1004,hamlet,0,Siymbalagastenna,POINT (80.3804773 7.5404285),POINT (80.380477 7.540428)
5538425206,1003,village,0,Budanaapitiya,POINT (80.3901279 7.5423802),POINT (80.390128 7.54238)
5538425207,1004,hamlet,0,Hadirawalaana,POINT (80.3779882 7.5485171),POINT (80.377988 7.548517)
5538425208,1004,hamlet,0,Thalatuwa,POINT (80.3803003 7.5629178),POINT (80.3803 7.562918)
5547700544,1004,hamlet,0,Medapitigama,POINT (81.0379243 6.9548629),POINT (81.037924 6.954863)
5547700545,1004,hamlet,0,Moragolla State,POINT (81.0582086 6.9420416),POINT (81.058209 6.942042)
5547700547,1004,hamlet,0,Unugalle,POINT (81.0387922 6.9498111),POINT (81.038792 6.949811)
5547700548,1004,hamlet,0,Welikemulla,POINT (81.0437393 6.9660984),POINT (81.043739 6.966098)
5547700549,1003,village,0,Eladaluwa,POINT (81.0508109 6.9678653),POINT (81.050811 6.967865)
5547700550,1003,village,0,Unagolla,POINT (81.0590172 6.9556297),POINT (81.059017 6.95563)
5547700552,1004,hamlet,0,Weliwaththa,POINT (81.0384768 6.9386322),POINT (81.038477 6.938632)
5547700553,1003,village,0,Uduwara,POINT (81.0412931 6.9295475),POINT (81.041293 6.929548)
5551054356,1004,hamlet,0,Uduwara,POINT (80.0672006 6.6260088),POINT (80.067201 6.626009)
5551054369,1004,hamlet,0,Ihala Karannagoda,POINT (80.087564 6.6370175),POINT (80.087564 6.637018)
5551054370,1004,hamlet,0,Pahala Karannagoda,POINT (80.0925904 6.6431985),POINT (80.09259 6.643198)
5551054371,1050,locality,0,Nartupana,POINT (80.0830149 6.6248578),POINT (80.083015 6.624858)
5551054372,1004,hamlet,0,Pelapitiyaagoda,POINT (80.0716746 6.6196464),POINT (80.071675 6.619646)
5551054679,1010,suburb,0,Neboda,POINT (80.0878027 6.5929145),POINT (80.087803 6.592914)
5561430852,1004,hamlet,0,Ihala Biyanwila North,POINT (79.9658131 7.0016988),POINT (79.965813 7.001699)
5561430853,1004,hamlet,0,Gonahena West,POINT (79.9732804 7.0036582),POINT (79.97328 7.003658)
5561430854,1003,village,0,Gonahena,POINT (79.9784302 7.0033174),POINT (79.97843 7.003317)
5561430855,1004,hamlet,0,Gonahena East,POINT (79.9863052 6.9988449),POINT (79.986305 6.998845)
5561430858,1004,hamlet,0,Mankada,POINT (79.9593759 6.9919444),POINT (79.959376 6.991944)
5561430859,1003,village,0,Ihala Biyanwila,POINT (79.9650783 6.9950592),POINT (79.965078 6.995059)
5561430872,1003,village,0,Pahala Biyanwila,POINT (79.9468285 6.9909167),POINT (79.946828 6.990917)
5566235360,1004,hamlet,0,Hengamuwa,POINT (80.1117039 7.6998069),POINT (80.111704 7.699807)
5566236098,1003,village,0,Vitikuliya,POINT (80.1468598 7.7185409),POINT (80.14686 7.718541)
5573801182,1004,hamlet,0,Imbulana,POINT (80.2553201 7.0695162),POINT (80.25532 7.069516)
5573803545,1004,hamlet,0,Dunumaala,POINT (80.2124959 7.1399213),POINT (80.212496 7.139921)
5582356062,1004,hamlet,0,Nagadeepagama,POINT (81.1098075 7.2654905),POINT (81.109808 7.26549)
5582356075,1004,hamlet,0,Gadugudawa,POINT (81.0631156 7.2702691),POINT (81.063116 7.270269)
5582356102,1004,hamlet,0,Abhayapura,POINT (81.0534731 7.2974494),POINT (81.053473 7.297449)
5582356119,1004,hamlet,0,Gemunupura,POINT (81.0582876 7.3184987),POINT (81.058288 7.318499)
5582356135,1003,village,0,Uva Thissapura,POINT (81.0955167 7.3069845),POINT (81.095517 7.306984)
5582356833,1003,village,0,Wewaththa,POINT (81.1663055 7.386024),POINT (81.166306 7.386024)
5595908648,1004,hamlet,0,Hapuwala Kumbura,POINT (81.0427093 6.9261287),POINT (81.042709 6.926129)
5595908970,1004,hamlet,0,Uduwara Satate,POINT (81.0513353 6.9058123),POINT (81.051335 6.905812)
5599326512,1050,locality,0,Pingarawa State,POINT (81.1119318 6.8674405),POINT (81.111932 6.86744)
5599326513,1004,hamlet,0,Pingarawa,POINT (81.1230039 6.8664819),POINT (81.123004 6.866482)
5599326515,1004,hamlet,0,Dewathura,POINT (81.1405027 6.8601439),POINT (81.140503 6.860144)
5599326516,1003,village,0,Ranugalla,POINT (81.1769405 6.8594276),POINT (81.17694 6.859428)
5599326517,1003,village,0,Miyanakandura,POINT (81.1542946 6.8674112),POINT (81.154295 6.867411)
5600639229,1003,village,0,Araththana,POINT (80.7431281 7.3739956),POINT (80.743128 7.373996)
5609894820,1004,hamlet,0,Rajapakshapura,POINT (79.8747414 7.1246711),POINT (79.874741 7.124671)
5612027046,1004,hamlet,0,Delathura,POINT (79.8689532 7.0845712),POINT (79.868953 7.084571)
5619255741,1050,locality,0,Attawilluwa North,POINT (79.8671293 7.9732603),POINT (79.867129 7.97326)
5619255743,1003,village,0,Poththuwilluwa,POINT (79.8530316 7.957641),POINT (79.853032 7.957641)
5619255744,1004,hamlet,0,Kiula,POINT (79.9006462 7.9422975),POINT (79.900646 7.942298)
5619255745,1004,hamlet,0,Bodhirajapura,POINT (79.8795211 7.9862121),POINT (79.879521 7.986212)
5619440318,1050,locality,0,Broadlands,POINT (80.4492438 6.9803048),POINT (80.449244 6.980305)
5619440878,1003,village,0,Kalaweldeniya,POINT (80.4953134 6.949261),POINT (80.495313 6.949261)
5619440879,1003,village,0,Aberdeen,POINT (80.5017185 6.9358418),POINT (80.501718 6.935842)
5619440880,1004,hamlet,0,Vidulipura,POINT (80.5208829 6.9135928),POINT (80.520883 6.913593)
5619440881,1003,village,0,Hangarapitiya,POINT (80.4724288 6.9252979),POINT (80.472429 6.925298)
5619440882,1050,locality,0,Murutatenne,POINT (80.492202 6.9007477),POINT (80.492202 6.900748)
5619440883,1003,village,0,Koththallena,POINT (80.485003 6.909833),POINT (80.485003 6.909833)
5619440910,1050,locality,0,Theberton Group,POINT (80.5050015 6.8936274),POINT (80.505002 6.893627)
5619440911,1004,hamlet,0,Theberton,POINT (80.5070132 6.897547),POINT (80.507013 6.897547)
5619440933,1003,village,0,Pallebage,POINT (80.4567003 6.9586117),POINT (80.4567 6.958612)
5619440943,1004,hamlet,0,Pallewaththa,POINT (80.4572689 6.9816786),POINT (80.457269 6.981679)
5619440944,1003,village,0,Polpitiya,POINT (80.4506492 6.9764711),POINT (80.450649 6.976471)
5623409882,1004,hamlet,0,Paranagampola,POINT (80.3229946 7.2527656),POINT (80.322995 7.252766)
5623448994,1003,village,0,Anwarama,POINT (80.4351371 7.2519921),POINT (80.435137 7.251992)
5628499086,1003,village,0,Imbulowita,POINT (80.2615213 7.1893835),POINT (80.261521 7.189384)
5632183374,1004,hamlet,0,Weerakoongama,POINT (80.8442742 6.7716254),POINT (80.844274 6.771625)
5632183398,1004,hamlet,0,Ginigathgala,POINT (80.8702218 6.7689965),POINT (80.870222 6.768996)
5634795183,1004,hamlet,0,Kabaragala State,POINT (80.7615548 7.0608014),POINT (80.761555 7.060801)
5637263467,1004,hamlet,0,Liyangaswathura,POINT (80.7257929 7.332021),POINT (80.725793 7.332021)
5637263468,1003,village,0,Makkanigama,POINT (80.701527 7.3460006),POINT (80.701527 7.346001)
5647606447,1004,hamlet,0,Lihiniwehera,POINT (80.5113074 7.5675761),POINT (80.511307 7.567576)
5647606448,1003,village,0,Dombawela,POINT (80.6140065 7.5546752),POINT (80.614006 7.554675)
5661662286,1003,village,0,Gedawila,POINT (81.2232864 6.9347129),POINT (81.223286 6.934713)
5661757670,1004,hamlet,0,Hopton Group,POINT (81.2040067 6.9812739),POINT (81.204007 6.981274)
5661757671,1003,village,0,Hopton,POINT (81.1982131 6.987706),POINT (81.198213 6.987706)
5661757704,1004,hamlet,0,Peessagama,POINT (81.2224128 6.9842575),POINT (81.222413 6.984258)
5663391721,1003,village,0,Madugasthalawa,POINT (81.1455562 6.9983645),POINT (81.145556 6.998364)
5663391722,1004,hamlet,0,El Teb State,POINT (81.173459 6.9656032),POINT (81.173459 6.965603)
5663391723,1050,locality,0,El Teb Group,POINT (81.1684942 6.9612954),POINT (81.168494 6.961295)
5663391725,1050,locality,0,El Teb Lower,POINT (81.1775279 6.9546499),POINT (81.177528 6.95465)
5663391726,1050,locality,0,El Teb Upper,POINT (81.1773777 6.9742347),POINT (81.177378 6.974235)
5663392679,1003,village,0,Gerandi-Ella,POINT (81.1605978 6.9930945),POINT (81.160598 6.993094)
5663392681,1003,village,0,Medawelagama,POINT (81.1693311 6.9743518),POINT (81.169331 6.974352)
5670435238,1004,hamlet,0,Dunukewela,POINT (80.3604305 7.2966725),POINT (80.36043 7.296672)
5679751102,1004,hamlet,0,Mowbray,POINT (80.6083631 7.2351366),POINT (80.608363 7.235137)
5679751103,1003,village,0,Mahakanda,POINT (80.6090739 7.2260869),POINT (80.609074 7.226087)
5679751104,1004,hamlet,0,Sarasavigama,POINT (80.618121 7.224046),POINT (80.618121 7.224046)
5729392167,1004,hamlet,0,Millagashandiya,POINT (80.0230918 6.7220965),POINT (80.023092 6.722096)
5729395321,1003,village,0,Henagama,POINT (80.0289462 6.7247327),POINT (80.028946 6.724733)
5729413623,1003,village,0,Munagama,POINT (80.0758985 6.7217206),POINT (80.075898 6.721721)
5729415726,1003,village,0,Ilimba,POINT (80.0924812 6.7245519),POINT (80.092481 6.724552)
5729426841,1003,village,0,Manana,POINT (80.1565082 6.7402636),POINT (80.156508 6.740264)
5729506529,1004,hamlet,0,Kudugalwatte,POINT (80.40731 6.6802597),POINT (80.40731 6.68026)
5729508397,1003,village,0,Batugedara,POINT (80.4147179 6.6795256),POINT (80.414718 6.679526)
5729512108,1003,village,0,Ketandola,POINT (80.4362223 6.6643723),POINT (80.436222 6.664372)
5729513087,1003,village,0,Pelwadiya,POINT (80.4424005 6.6634688),POINT (80.4424 6.663469)
5729801193,1003,village,0,Olugantota,POINT (80.7137111 6.6577981),POINT (80.713711 6.657798)
5729801753,1004,hamlet,0,Bathgoda,POINT (80.9036721 6.7626339),POINT (80.903672 6.762634)
5729802521,1003,village,0,Halatuthenna,POINT (80.8804483 6.7606129),POINT (80.880448 6.760613)
5729803031,1050,locality,0,Mahawanguwa,POINT (80.8628622 6.7606862),POINT (80.862862 6.760686)
5729803251,1004,hamlet,0,Pussella,POINT (80.8578474 6.763305),POINT (80.857847 6.763305)
5729803445,1003,village,0,Hunuwala,POINT (80.6088862 6.6064018),POINT (80.608886 6.606402)
5729803562,1004,hamlet,0,Unapanduralanga,POINT (80.8455685 6.7602239),POINT (80.845568 6.760224)
5729803611,1004,hamlet,0,Welibissa,POINT (80.8063644 6.7246624),POINT (80.806364 6.724662)
5729804054,1004,hamlet,0,Uwathenna,POINT (80.8457577 6.7531241),POINT (80.845758 6.753124)
5729804270,1004,hamlet,0,Halpe,POINT (80.8251385 6.7354147),POINT (80.825138 6.735415)
5729804275,1004,hamlet,0,Puwakgahawela,POINT (80.7948334 6.7206896),POINT (80.794833 6.72069)
5729804822,1004,hamlet,0,Thumbathenna,POINT (80.8144249 6.7297547),POINT (80.814425 6.729755)
5729804859,1004,hamlet,0,Karagasthalawa,POINT (80.7814507 6.7119405),POINT (80.781451 6.71194)
5729804912,1004,hamlet,0,Ellarawa,POINT (80.7167567 6.6664277),POINT (80.716757 6.666428)
5729805186,1004,hamlet,0,Galagama,POINT (80.7710457 6.7192802),POINT (80.771046 6.71928)
5729807341,1004,hamlet,0,Kirindigala,POINT (80.7063442 6.6566217),POINT (80.706344 6.656622)
5729807621,1003,village,0,Seelagama,POINT (80.7576079 6.7032888),POINT (80.757608 6.703289)
5729807670,1003,village,0,Ganegama,POINT (80.5228544 6.6333017),POINT (80.522854 6.633302)
5729808319,1004,hamlet,0,Thumbagoda,POINT (80.6987237 6.6548204),POINT (80.698724 6.65482)
5729808431,1004,hamlet,0,Uda - Ellepola,POINT (80.698866 6.6340637),POINT (80.698866 6.634064)
5729808744,1003,village,0,Gurupaswala,POINT (80.6341248 6.6125567),POINT (80.634125 6.612557)
5729808784,1003,village,0,Morathota,POINT (80.5791614 6.612733),POINT (80.579161 6.612733)
5729811900,1003,village,0,Welimaluwa,POINT (80.4661487 6.6638421),POINT (80.466149 6.663842)
5729812326,1003,village,0,Bogodaaramba,POINT (80.5047732 6.6414785),POINT (80.504773 6.641478)
5729812328,1003,village,0,Sannasgama,POINT (80.5000869 6.6443817),POINT (80.500087 6.644382)
5729813265,1003,village,0,Pathulpana,POINT (80.455292 6.6634141),POINT (80.455292 6.663414)
5731965335,1003,village,0,Kurugammodara,POINT (80.2839073 6.7304824),POINT (80.283907 6.730482)
5731974404,1003,village,0,Epitawala,POINT (80.2448533 6.7415936),POINT (80.244853 6.741594)
5731975312,1003,village,0,Uyangoda,POINT (80.2915087 6.7268733),POINT (80.291509 6.726873)
5731976001,1003,village,0,Thunandahena,POINT (80.3070444 6.7361502),POINT (80.307044 6.73615)
5731976926,1003,village,0,Gorakela,POINT (80.3170218 6.7309237),POINT (80.317022 6.730924)
5732518663,1003,village,0,Munagama,POINT (80.0812163 6.7232904),POINT (80.081216 6.72329)
5732521334,1003,village,0,Boralugoda,POINT (80.1311446 6.7397772),POINT (80.131145 6.739777)
5781136315,1004,hamlet,0,Iriyagaha Junctions,POINT (80.2118346 6.0878741),POINT (80.211835 6.087874)
5837446374,1003,village,0,Udawela,POINT (80.4425689 7.541289),POINT (80.442569 7.541289)
5837446967,1003,village,0,Dehelgamuwa,POINT (80.4475771 7.5442222),POINT (80.447577 7.544222)
5837594340,1004,hamlet,0,Puwakpitiya,POINT (80.5795544 7.7698476),POINT (80.579554 7.769848)
5841718980,1003,village,0,Kannattota,POINT (80.2716596 7.083226),POINT (80.27166 7.083226)
5881366888,1003,village,0,Kukulnape,POINT (80.0799946 7.2089846),POINT (80.079995 7.208985)
5892770737,1003,village,0,Karambe,POINT (80.3417516 7.7906378),POINT (80.341752 7.790638)
5931784925,1003,village,0,Salamulla,POINT (79.8965043 6.927737),POINT (79.896504 6.927737)
5968326762,1001,city,185100,Kesbewa,POINT (79.940848 6.7957403),POINT (79.940848 6.79574)
5980719565,1003,village,0,Kindelpitiya,POINT (79.9560184 6.7525768),POINT (79.956018 6.752577)
5989340086,1004,hamlet,0,Athuruwala Waththa,POINT (80.1409744 7.3519126),POINT (80.140974 7.351913)
6017749604,1004,hamlet,0,Alagalla,POINT (80.4750037 7.3134652),POINT (80.475004 7.313465)
6019913345,1004,hamlet,0,Katapola,POINT (80.1605093 6.3188602),POINT (80.160509 6.31886)
6019913346,1003,village,0,Ganegoda,POINT (80.1631003 6.3146987),POINT (80.1631 6.314699)
6019914700,1004,hamlet,0,Pahala Omaththa,POINT (80.1743898 6.3491841),POINT (80.17439 6.349184)
6041566932,1004,hamlet,0,Dagampitiya,POINT (80.478909 6.9767266),POINT (80.478909 6.976727)
6042247223,1004,hamlet,0,Pitipana South,POINT (80.0220537 6.8194408),POINT (80.022054 6.819441)
6042247224,1004,hamlet,0,Pitipana North,POINT (80.0242209 6.8380777),POINT (80.024221 6.838078)
6066661856,1004,hamlet,0,Sangharajapura,POINT (80.5182114 7.3216937),POINT (80.518211 7.321694)
6066661859,1004,hamlet,0,Minigamuwa,POINT (80.5035853 7.3404301),POINT (80.503585 7.34043)
6066661870,1004,hamlet,0,Weliwita Pahalagama,POINT (80.5058062 7.316083),POINT (80.505806 7.316083)
6066661871,1003,village,0,Weliwita Ihalagama,POINT (80.5051088 7.3248409),POINT (80.505109 7.324841)
6074714786,1003,village,0,Ihala keembiya,POINT (80.2596051 6.1009733),POINT (80.259605 6.100973)
6088265508,1003,village,0,Thoddiyady,POINT (80.5421578 9.3640089),POINT (80.542158 9.364009)
6088271045,1003,village,0,Puththady,POINT (80.5515122 9.3702274),POINT (80.551512 9.370227)
6088271197,1003,village,0,Pollebedda,POINT (81.3906348 7.4782509),POINT (81.390635 7.478251)
6098556241,1003,village,0,Tinniyawela,POINT (80.3301617 6.4102556),POINT (80.330162 6.410256)
6102357870,1003,village,0,Wahalkada,POINT (80.8670246 8.7554415),POINT (80.867025 8.755442)
6110289598,1003,village,0,Huluganga,POINT (80.7421035 7.4014169),POINT (80.742104 7.401417)
6124632257,1004,hamlet,0,Kuttigala,POINT (80.9018746 6.2706822),POINT (80.901875 6.270682)
6140338821,1004,hamlet,0,Thabbowa,POINT (79.9306977 8.0691778),POINT (79.930698 8.069178)
6151432526,1003,village,0,Somapura,POINT (81.2763244 8.2927798),POINT (81.276324 8.29278)
6153857142,1004,hamlet,0,Bajjampola,POINT (79.9160072 7.320893),POINT (79.916007 7.320893)
6157135868,1004,hamlet,0,Godawela,POINT (80.1707152 7.1921617),POINT (80.170715 7.192162)
6159506913,1004,hamlet,0,Manelembuwa,POINT (80.0297865 7.6687174),POINT (80.029786 7.668717)
6159506915,1003,village,0,Rasnayakepura,POINT (80.0143186 7.7764346),POINT (80.014319 7.776435)
6159506916,1003,village,0,Wilpothuwewa,POINT (80.0167322 7.6904558),POINT (80.016732 7.690456)
6163012206,1004,hamlet,0,Sheen State,POINT (80.672417 7.0054179),POINT (80.672417 7.005418)
6163012207,1050,locality,0,Sheen,POINT (80.6696248 7.0023803),POINT (80.669625 7.00238)
6163012208,1003,village,0,Dunsinane,POINT (80.6977075 7.0031311),POINT (80.697708 7.003131)
6163012209,1050,locality,0,Dunsinane,POINT (80.6931853 6.9985681),POINT (80.693185 6.998568)
6177040805,1004,hamlet,0,Mahapitiya,POINT (80.2985948 7.4165593),POINT (80.298595 7.416559)
6177074314,1004,hamlet,0,Kadigamuwa,POINT (80.3149939 7.1993892),POINT (80.314994 7.199389)
6180796011,1003,village,0,Angunachchiya,POINT (80.7678366 8.5429233),POINT (80.767837 8.542923)
6180796012,1004,hamlet,0,Kumbukgollewa,POINT (80.7613778 8.5612885),POINT (80.761378 8.561288)
6180796013,1003,village,0,Nikawewa,POINT (80.7479882 8.5756638),POINT (80.747988 8.575664)
6180796022,1004,hamlet,0,Walahawidda Wewa,POINT (80.7230397 8.5399009),POINT (80.72304 8.539901)
6180796045,1003,village,0,Rathmalgahawewa,POINT (80.6765395 8.5323081),POINT (80.67654 8.532308)
6180796274,1004,hamlet,0,Pihibiyagollewa,POINT (80.6321597 8.5332577),POINT (80.63216 8.533258)
6183246710,1004,hamlet,0,Budugehinna,POINT (80.5637366 7.8723092),POINT (80.563737 7.872309)
6185575093,1050,locality,0,Meeriabedda,POINT (80.8931708 7.1243997),POINT (80.893171 7.1244)
6185575094,1003,village,0,Kalaganwaththa,POINT (80.8982563 7.1085475),POINT (80.898256 7.108548)
6185575096,1004,hamlet,0,Kotambe,POINT (80.900445 7.0479018),POINT (80.900445 7.047902)
6185575097,1004,hamlet,0,Thunhitiyawa,POINT (80.9210658 7.0632237),POINT (80.921066 7.063224)
6185575098,1004,hamlet,0,Wewathenna,POINT (80.9189629 7.0759578),POINT (80.918963 7.075958)
6185575102,1003,village,0,Madulla,POINT (80.9278679 7.0523951),POINT (80.927868 7.052395)
6185575103,1004,hamlet,0,Udawela,POINT (80.904361 7.1016273),POINT (80.904361 7.101627)
6185575104,1003,village,0,Udamaadura,POINT (80.9210229 7.0957823),POINT (80.921023 7.095782)
6185577440,1004,hamlet,0,Yatimaadura,POINT (80.9350723 7.0856812),POINT (80.935072 7.085681)
6186156904,1004,hamlet,0,Sogama Waththa,POINT (80.6233484 7.1295934),POINT (80.623348 7.129593)
6186156905,1050,locality,0,Sogama State,POINT (80.6281042 7.1272741),POINT (80.628104 7.127274)
6186156906,1003,village,0,Udagama,POINT (80.6217098 7.1410923),POINT (80.62171 7.141092)
6186156908,1004,hamlet,0,Store Field,POINT (80.5861974 7.1453505),POINT (80.586197 7.14535)
6186156909,1004,hamlet,0,Dartry,POINT (80.5887071 7.1487806),POINT (80.588707 7.148781)
6186156910,1003,village,0,Delpitiya,POINT (80.5884772 7.1334752),POINT (80.588477 7.133475)
6186156911,1004,hamlet,0,Devita,POINT (80.5835259 7.1352372),POINT (80.583526 7.135237)
6186156929,1004,hamlet,0,Galatha,POINT (80.5894375 7.1182888),POINT (80.589438 7.118289)
6186156932,1003,village,0,Mawathura,POINT (80.5736768 7.088287),POINT (80.573677 7.088287)
6186156939,1050,locality,0,Maha Villa State,POINT (80.5618214 7.0911829),POINT (80.561821 7.091183)
6186156940,1003,village,0,Yatipiyangala,POINT (80.5844486 7.1105809),POINT (80.584449 7.110581)
6186156941,1004,hamlet,0,Nayapana Waththa,POINT (80.5911916 7.0971451),POINT (80.591192 7.097145)
6186156961,1050,locality,0,Nayapane North,POINT (80.5958747 7.1039589),POINT (80.595875 7.103959)
6186156962,1004,hamlet,0,New Peacock Waththa,POINT (80.6081888 7.0959154),POINT (80.608189 7.095915)
6186156963,1050,locality,0,Nayapane South,POINT (80.5981063 7.0833469),POINT (80.598106 7.083347)
6187390561,1003,village,0,Haththota Amuna,POINT (80.8229275 7.6074759),POINT (80.822928 7.607476)
6187391099,1002,town,0,Laggala,POINT (80.8402455 7.5932918),POINT (80.840246 7.593292)
6203292010,1003,village,0,Mailapitiya,POINT (80.7516957 7.22817),POINT (80.751696 7.22817)
6211020127,1004,hamlet,0,Hadunuwewa,POINT (80.6536281 7.0578041),POINT (80.653628 7.057804)
6218255027,1004,hamlet,0,Werapitiya,POINT (80.7544899 7.3594237),POINT (80.75449 7.359424)
6218255044,1003,village,0,Goomaraya,POINT (80.7736301 7.3854495),POINT (80.77363 7.38545)
6218255061,1004,hamlet,0,Galabodawatta,POINT (80.7703149 7.3663612),POINT (80.770315 7.366361)
6236531451,1004,hamlet,0,Damunupola,POINT (80.3355932 7.1863765),POINT (80.335593 7.186376)
6236533247,1004,hamlet,0,Bulugahadeniya,POINT (80.3410864 7.2152968),POINT (80.341086 7.215297)
6236533248,1004,hamlet,0,Wanduradeniya,POINT (80.3235018 7.1877922),POINT (80.323502 7.187792)
6236533249,1003,village,0,Atugoda,POINT (80.3256905 7.2002142),POINT (80.32569 7.200214)
6236736770,1003,village,0,Thudugala,POINT (80.0484413 6.5632714),POINT (80.048441 6.563271)
6236738318,1004,hamlet,0,Wellatha,POINT (80.0776505 6.5678599),POINT (80.07765 6.56786)
6249233620,1003,village,0,SiwalaaKulama,POINT (80.6293549 8.2471964),POINT (80.629355 8.247196)
6257234167,1003,village,0,Watugedara,POINT (80.0602489 6.2605623),POINT (80.060249 6.260562)
6257238606,1003,village,0,Paragahathota,POINT (80.0543651 6.253129),POINT (80.054365 6.253129)
6284383905,1003,village,0,Ampegama,POINT (80.145666 6.1939525),POINT (80.145666 6.193952)
6297330386,1003,village,0,Kotawara,POINT (80.9239197 6.9166496),POINT (80.92392 6.91665)
6304985442,1003,village,0,Waltrim,POINT (80.7049012 6.9122968),POINT (80.704901 6.912297)
6305137586,1003,village,0,Elgin,POINT (80.7514858 6.8919019),POINT (80.751486 6.891902)
6305137587,1003,village,0,Maria Bazaar,POINT (80.7214585 6.8965831),POINT (80.721458 6.896583)
6305891287,1003,village,0,Yakalla,POINT (80.7005721 8.2120478),POINT (80.700572 8.212048)
6305891288,1003,village,0,Halmillewa,POINT (80.7382867 8.4711307),POINT (80.738287 8.471131)
6320347472,1004,hamlet,0,Sarnia,POINT (81.0121483 7.0310088),POINT (81.012148 7.031009)
6320347473,1004,hamlet,0,Keenakele Group,POINT (81.0157316 7.0501778),POINT (81.015732 7.050178)
6320347475,1050,locality,0,Sarnia Group,POINT (81.009922 7.0272127),POINT (81.009922 7.027213)
6328870887,1003,village,0,Bibilegama,POINT (81.1408567 6.8970837),POINT (81.140857 6.897084)
6329170500,1004,hamlet,0,Saint Jone's State,POINT (80.8261639 7.0181084),POINT (80.826164 7.018108)
6329170501,1050,locality,0,Saint Jone's,POINT (80.8334112 7.0221441),POINT (80.833411 7.022144)
6329170502,1050,locality,0,Eskdale,POINT (80.8170604 7.0108993),POINT (80.81706 7.010899)
6329170503,1050,locality,0,Park Kenmaria,POINT (80.8413076 7.0071084),POINT (80.841308 7.007108)
6329170504,1004,hamlet,0,Concordia State,POINT (80.8361444 7.0093845),POINT (80.836144 7.009384)
6330274455,1004,hamlet,0,Barcaple,POINT (80.5571973 6.9900222),POINT (80.557197 6.990022)
6330274456,1004,hamlet,0,Kadiyallana,POINT (80.5848134 7.0159307),POINT (80.584813 7.015931)
6330276954,1050,locality,0,Woodstock,POINT (80.5653405 6.9593465),POINT (80.56534 6.959346)
6330276955,1050,locality,0,Wigton,POINT (80.5719066 6.949538),POINT (80.571907 6.949538)
6330276957,1050,locality,0,Templestowe State,POINT (80.5607271 6.9476423),POINT (80.560727 6.947642)
6330276958,1004,hamlet,0,Templestowe,POINT (80.5525356 6.9507307),POINT (80.552536 6.950731)
6330276959,1003,village,0,Westhall,POINT (80.5715632 7.0016882),POINT (80.571563 7.001688)
6330276960,1003,village,0,Haidri,POINT (80.5508995 6.9614978),POINT (80.5509 6.961498)
6342777698,1002,town,0,Malwana,POINT (80.0151852 6.948103),POINT (80.015185 6.948103)
6346739175,1050,locality,0,Roeberry Group,POINT (81.1419511 7.1275509),POINT (81.141951 7.127551)
6346741481,1050,locality,0,Adawatte,POINT (81.2034702 7.0790881),POINT (81.20347 7.079088)
6346741690,1050,locality,0,Batawatte State,POINT (81.1681831 7.0583152),POINT (81.168183 7.058315)
6346741691,1004,hamlet,0,Batawatta,POINT (81.1619711 7.0587996),POINT (81.161971 7.0588)
6346741692,1004,hamlet,0,Kokagalla State,POINT (81.1549598 7.0922476),POINT (81.15496 7.092248)
6346741695,1050,locality,0,New Forest,POINT (81.1456203 7.094558),POINT (81.14562 7.094558)
6346741696,1050,locality,0,Ratakele,POINT (81.1437535 7.1212484),POINT (81.143754 7.121248)
6346741697,1004,hamlet,0,Rathkele,POINT (81.1452126 7.1227708),POINT (81.145213 7.122771)
6346741717,1050,locality,0,Cocogalla,POINT (81.1597395 7.0946751),POINT (81.15974 7.094675)
6346741732,1003,village,0,Pitamaaruwa,POINT (81.1287922 7.1321126),POINT (81.128792 7.132113)
6350263779,1003,village,0,Bambarapana,POINT (80.9547383 6.9747725),POINT (80.954738 6.974772)
6350263908,1003,village,0,Dimbulana,POINT (80.9531048 7.0099622),POINT (80.953105 7.009962)
6356491048,1004,hamlet,0,Wiyalakumbura,POINT (80.8759779 6.8720208),POINT (80.875978 6.872021)
6356581437,1004,hamlet,0,Pahamunuthota,POINT (80.9711802 6.952669),POINT (80.97118 6.952669)
6356581438,1004,hamlet,0,Weragama,POINT (80.9835586 6.9662399),POINT (80.983559 6.96624)
6356581439,1003,village,0,Gawela,POINT (80.9860914 6.9571192),POINT (80.986091 6.957119)
6356581441,1004,hamlet,0,Deegalla - Udagama,POINT (81.0014087 6.9666149),POINT (81.001409 6.966615)
6356581443,1003,village,0,Deegalla,POINT (81.0033024 6.9806776),POINT (81.003302 6.980678)
6356581445,1003,village,0,Pallegama,POINT (80.9638488 6.9327454),POINT (80.963849 6.932745)
6356581446,1004,hamlet,0,Wellawela,POINT (80.9609076 6.9134455),POINT (80.960908 6.913446)
6356605676,1004,hamlet,0,Dickwella State,POINT (81.0126364 6.9690164),POINT (81.012636 6.969016)
6364403681,1004,hamlet,0,Abhayapura,POINT (80.9628774 6.8996373),POINT (80.962877 6.899637)
6365368441,1003,village,0,Ramboda,POINT (80.7004729 7.0555441),POINT (80.700473 7.055544)
6376322588,1004,hamlet,0,Gothamipura,POINT (79.8838783 6.9088496),POINT (79.883878 6.90885)
6380141250,1050,locality,0,Glendevon,POINT (80.845685 7.0323664),POINT (80.845685 7.032366)
6380141253,1050,locality,0,Brookside State,POINT (80.8482492 7.0210473),POINT (80.848249 7.021047)
6380263535,1050,locality,0,Halgranoya,POINT (80.8583665 7.0243377),POINT (80.858366 7.024338)
6380263537,1003,village,0,Diyanilla,POINT (80.8655119 7.0362982),POINT (80.865512 7.036298)
6382613186,1004,hamlet,0,Mahinda Mawatha,POINT (80.7822701 6.9687566),POINT (80.78227 6.968757)
6383766512,1004,hamlet,0,Thotulagala,POINT (80.978858 6.7695612),POINT (80.978858 6.769561)
6417515888,1004,hamlet,0,Maousakelie,POINT (81.0180913 6.7745947),POINT (81.018091 6.774595)
6417515889,1004,hamlet,0,Maousakele,POINT (81.0153133 6.7731542),POINT (81.015313 6.773154)
6417515890,1050,locality,0,Deaculla,POINT (81.0341048 6.7730451),POINT (81.034105 6.773045)
6420547436,1004,hamlet,0,Kapugala Village,POINT (80.799671 6.5805423),POINT (80.799671 6.580542)
6443940668,1003,village,0,Nawathispane,POINT (80.6020278 7.0376372),POINT (80.602028 7.037637)
6469595221,1004,hamlet,0,Ihala Bowlana,POINT (80.7184517 7.2005601),POINT (80.718452 7.20056)
6482743236,1004,hamlet,0,Ihala Bope,POINT (80.1366522 6.8280332),POINT (80.136652 6.828033)
6501751629,1004,hamlet,0,Pitumpe North,POINT (80.1047408 6.8580561),POINT (80.104741 6.858056)
6501751630,1004,hamlet,0,Pitumpe South,POINT (80.0978207 6.8527194),POINT (80.097821 6.852719)
6501751631,1003,village,0,Pitumpe,POINT (80.0982714 6.8554144),POINT (80.098271 6.855414)
6501751632,1003,village,0,Angampitiya,POINT (80.1150298 6.8515583),POINT (80.11503 6.851558)
6501751633,1004,hamlet,0,Arukwatta South,POINT (80.1035875 6.8383281),POINT (80.103588 6.838328)
6501751634,1004,hamlet,0,Arukwatta North,POINT (80.1060712 6.8444426),POINT (80.106071 6.844443)
6501751635,1003,village,0,Arukwatta,POINT (80.1054329 6.841609),POINT (80.105433 6.841609)
6501751636,1003,village,0,Bope,POINT (80.1324373 6.8323999),POINT (80.132437 6.8324)
6501751637,1004,hamlet,0,Pahala Bope,POINT (80.1282048 6.8355904),POINT (80.128205 6.83559)
6506712799,1004,hamlet,0,Waulkele,POINT (80.096428 6.8474066),POINT (80.096428 6.847407)
6510800915,1004,hamlet,0,Ganepalla,POINT (80.3544277 7.0149804),POINT (80.354428 7.01498)
6512858781,1004,hamlet,0,Mawela,POINT (80.4895735 7.2520061),POINT (80.489574 7.252006)
6512858782,1004,hamlet,0,Warakapana,POINT (80.5007744 7.2487067),POINT (80.500774 7.248707)
6528026975,1004,hamlet,0,Cullen State,POINT (81.0809952 7.0079124),POINT (81.080995 7.007912)
6528039311,1003,village,0,Kuttiyagolla,POINT (81.0968041 7.0255729),POINT (81.096804 7.025573)
6531713314,1003,village,0,Samanala Waththa,POINT (80.6208783 6.6772804),POINT (80.620878 6.67728)
6533515054,1003,village,0,Ohiya State,POINT (80.8579749 6.7935215),POINT (80.857975 6.793522)
6534100237,1004,hamlet,0,Paragahamaditta,POINT (80.66742 6.5931436),POINT (80.66742 6.593144)
6534161318,1003,village,0,Illuk-Kumbura,POINT (80.6846988 6.5912652),POINT (80.684699 6.591265)
6544528187,1050,locality,0,Pambagolla Lower,POINT (80.6949448 6.7327821),POINT (80.694945 6.732782)
6550863829,1003,village,0,Ipalogama,POINT (80.5175489 8.0920264),POINT (80.517549 8.092026)
6569450046,1004,hamlet,0,Dikowita,POINT (79.8685884 7.010665),POINT (79.868588 7.010665)
6569450047,1003,village,0,Kerawalapitiya,POINT (79.8859906 6.9986746),POINT (79.885991 6.998675)
6569450048,1004,hamlet,0,Balagala Watta,POINT (79.8764849 7.0043397),POINT (79.876485 7.00434)
6569450049,1004,hamlet,0,Thimbirigasyaya,POINT (79.8747253 6.9930306),POINT (79.874725 6.993031)
6569450050,1004,hamlet,0,Hendala,POINT (79.8897564 6.9964063),POINT (79.889756 6.996406)
6569450051,1004,hamlet,0,Alwis Town,POINT (79.8853254 6.9909647),POINT (79.885325 6.990965)
6569450052,1004,hamlet,0,Palliyawatta,POINT (79.870584 6.9878658),POINT (79.870584 6.987866)
6569450053,1004,hamlet,0,Lansiyawatta,POINT (79.8707985 6.9822111),POINT (79.870798 6.982211)
6569569423,1004,hamlet,0,Peliyagoda Gangabada,POINT (79.8798108 6.9619131),POINT (79.879811 6.961913)
6569569424,1004,hamlet,0,Peliyagoda Watta,POINT (79.8824286 6.9586756),POINT (79.882429 6.958676)
6569569425,1004,hamlet,0,Padiliyathuduwa,POINT (79.9244857 6.9909647),POINT (79.924486 6.990965)
6569569426,1004,hamlet,0,Housing Scheme,POINT (79.9264383 6.9827222),POINT (79.926438 6.982722)
6569569427,1004,hamlet,0,Hunupitiya East,POINT (79.9069976 6.9835103),POINT (79.906998 6.98351)
6569569428,1004,hamlet,0,Thalawathuhenpita North,POINT (79.9296569 6.9862365),POINT (79.929657 6.986236)
6569569429,1004,hamlet,0,Natuduwa,POINT (79.9215459 6.9882811),POINT (79.921546 6.988281)
6569569430,1004,hamlet,0,Pinnamada,POINT (79.9202513 7.0010283),POINT (79.920251 7.001028)
6569569431,1004,hamlet,0,Nahena,POINT (79.9154114 6.9882283),POINT (79.915411 6.988228)
6569569432,1004,hamlet,0,Hunupitiya North,POINT (79.9047806 6.9901164),POINT (79.904781 6.990116)
6569569433,1003,village,0,Iriyawetiya,POINT (79.9204674 6.9805333),POINT (79.920467 6.980533)
6569569434,1004,hamlet,0,Egoda Eriyawetiya,POINT (79.9191257 6.978212),POINT (79.919126 6.978212)
6569569435,1004,hamlet,0,Dalugama,POINT (79.918335 6.9745876),POINT (79.918335 6.974588)
6569569436,1004,hamlet,0,Hunupitiya South,POINT (79.9018662 6.9808276),POINT (79.901866 6.980828)
6569569437,1004,hamlet,0,Dippitigoda,POINT (79.9057629 6.9748457),POINT (79.905763 6.974846)
6569569438,1004,hamlet,0,Wanawasala,POINT (79.8999357 6.9744577),POINT (79.899936 6.974458)
6569569439,1004,hamlet,0,Thelangapatha,POINT (79.890716 6.973577),POINT (79.890716 6.973577)
6569569440,1004,hamlet,0,Awariyawatte,POINT (79.8937971 6.9802406),POINT (79.893797 6.980241)
6569606277,1004,hamlet,0,Kirimetiyagara,POINT (79.9394416 6.9987172),POINT (79.939442 6.998717)
6569606278,1004,hamlet,0,Thalawathuhenpita South,POINT (79.9363517 6.9859809),POINT (79.936352 6.985981)
6569606279,1004,hamlet,0,Bangala Watta,POINT (79.9406647 6.9875144),POINT (79.940665 6.987514)
6569606280,1004,hamlet,0,Dalupitiya,POINT (79.9312233 6.9970133),POINT (79.931223 6.997013)
6569625350,1004,hamlet,0,Siyambalape North,POINT (79.9865627 6.9784838),POINT (79.986563 6.978484)
6569625351,1004,hamlet,0,Udupila North,POINT (80.002098 6.9980356),POINT (80.002098 6.998036)
6569625352,1004,hamlet,0,Migahawatta West,POINT (79.9877 6.9871097),POINT (79.9877 6.98711)
6569625353,1004,hamlet,0,Migahawatta East,POINT (79.9945879 6.9859383),POINT (79.994588 6.985938)
6569625354,1004,hamlet,0,Kammalawatta,POINT (80.0038576 6.9891118),POINT (80.003858 6.989112)
6569625355,1003,village,0,Daranagama,POINT (79.9972057 6.9786542),POINT (79.997206 6.978654)
6569625356,1004,hamlet,0,Gonahena West,POINT (79.9787092 6.9952669),POINT (79.978709 6.995267)
6572040738,1004,hamlet,0,Naranwala South,POINT (80.0276112 7.000389),POINT (80.027611 7.000389)
6572040739,1004,hamlet,0,Narampola,POINT (80.0309801 6.9678343),POINT (80.03098 6.967834)
6572040740,1004,hamlet,0,Kanduboda East,POINT (80.0224399 6.9781643),POINT (80.02244 6.978164)
6572040741,1004,hamlet,0,Kanduboda West,POINT (80.0137066 6.9795062),POINT (80.013707 6.979506)
6572040742,1004,hamlet,0,Biyagama South,POINT (79.9880004 6.9434248),POINT (79.988 6.943425)
6572040743,1004,hamlet,0,Biyagama East,POINT (79.9950814 6.9480257),POINT (79.995081 6.948026)
6572040744,1004,hamlet,0,Biyagama West,POINT (79.9866485 6.9509651),POINT (79.986648 6.950965)
6572040745,1004,hamlet,0,Egoda Pelahela,POINT (80.045733 6.9837412),POINT (80.045733 6.983741)
6572040746,1004,hamlet,0,Akurumulla,POINT (80.0226548 6.9943755),POINT (80.022655 6.994376)
6572040747,1004,hamlet,0,Ulahitiwala,POINT (80.0189636 6.9682907),POINT (80.018964 6.968291)
6572040748,1004,hamlet,0,Helummahara,POINT (80.0402523 6.9894418),POINT (80.040252 6.989442)
6572040749,1003,village,0,Keragala,POINT (80.0588209 7.0045052),POINT (80.058821 7.004505)
6572040750,1004,hamlet,0,Demaalagama,POINT (80.0482563 6.9943346),POINT (80.048256 6.994335)
6572040751,1004,hamlet,0,Ahugammana,POINT (80.0321774 6.9936818),POINT (80.032177 6.993682)
6572040752,1004,hamlet,0,Alubowila,POINT (80.0220659 6.9866633),POINT (80.022066 6.986663)
6572040753,1004,hamlet,0,Golummahara,POINT (80.0080619 6.9813477),POINT (80.008062 6.981348)
6572040754,1004,hamlet,0,Siyambalape,POINT (80.0054783 6.9764852),POINT (80.005478 6.976485)
6572040755,1004,hamlet,0,Kanduboda South,POINT (80.0161278 6.9753605),POINT (80.016128 6.97536)
6572040756,1004,hamlet,0,Pahala Dompe,POINT (80.048721 6.9479338),POINT (80.048721 6.947934)
6572040757,1004,hamlet,0,Ganegoda,POINT (80.0509216 6.9594227),POINT (80.050922 6.959423)
6572040758,1004,hamlet,0,Dekatana West,POINT (80.0381433 6.9684634),POINT (80.038143 6.968463)
6572040759,1004,hamlet,0,Yatihena,POINT (80.0006632 6.968924),POINT (80.000663 6.968924)
6572040760,1003,village,0,Kalukondayawa,POINT (80.0338776 6.9554172),POINT (80.033878 6.955417)
6572040761,1004,hamlet,0,Walgama,POINT (80.0181176 6.9596094),POINT (80.018118 6.959609)
6572040762,1004,hamlet,0,Biyagama North,POINT (79.9944255 6.9540212),POINT (79.994426 6.954021)
6572040763,1004,hamlet,0,Yabaraluwa,POINT (80.0068089 6.9485166),POINT (80.006809 6.948517)
6575355218,1004,hamlet,0,Venture State,POINT (80.6214893 6.8287663),POINT (80.621489 6.828766)
6575355219,1004,hamlet,0,Mahagalla,POINT (80.6114188 6.8186385),POINT (80.611419 6.818638)
6575355220,1003,village,0,Upcot,POINT (80.6242889 6.7789952),POINT (80.624289 6.778995)
6575355221,1004,hamlet,0,Bargany,POINT (80.6318568 6.7765397),POINT (80.631857 6.77654)
6575355222,1050,locality,0,Minna,POINT (80.6364748 6.7824616),POINT (80.636475 6.782462)
6575355223,1050,locality,0,Alton,POINT (80.6149423 6.7895117),POINT (80.614942 6.789512)
6575355224,1004,hamlet,0,Beacon Field,POINT (80.6311047 6.7922967),POINT (80.631105 6.792297)
6575355225,1004,hamlet,0,Kincora,POINT (80.6261009 6.798452),POINT (80.626101 6.798452)
6575355226,1050,locality,0,Norwood Group,POINT (80.6174719 6.8142465),POINT (80.617472 6.814246)
6575355227,1003,village,0,Venture,POINT (80.6304221 6.8206205),POINT (80.630422 6.82062)
6575355228,1050,locality,0,Venture Group,POINT (80.6208793 6.8182154),POINT (80.620879 6.818215)
6575355230,1004,hamlet,0,Nort,POINT (80.6121315 6.8378967),POINT (80.612132 6.837897)
6575355231,1004,hamlet,0,Chapelton,POINT (80.6628821 6.8076425),POINT (80.662882 6.807642)
6575355232,1004,hamlet,0,Kotiyagala,POINT (80.6800829 6.7835678),POINT (80.680083 6.783568)
6575355233,1004,hamlet,0,Chapelton Colany,POINT (80.6741855 6.792417),POINT (80.674186 6.792417)
6575355234,1003,village,0,Bogawantalawa South,POINT (80.6837524 6.7795987),POINT (80.683752 6.779599)
6575355235,1050,locality,0,Prisdland,POINT (80.6757657 6.7770084),POINT (80.675766 6.777008)
6575355236,1050,locality,0,Fetteresso,POINT (80.6852661 6.7762792),POINT (80.685266 6.776279)
6575355237,1004,hamlet,0,Bridwell,POINT (80.666419 6.7865768),POINT (80.666419 6.786577)
6575355238,1050,locality,0,Tientsin,POINT (80.6526686 6.8072715),POINT (80.652669 6.807272)
6575355239,1050,locality,0,Chapelton,POINT (80.6659849 6.7968854),POINT (80.665985 6.796885)
6575355240,1050,locality,0,Bogawantalawa,POINT (80.6589277 6.799972),POINT (80.658928 6.799972)
6575355241,1004,hamlet,0,KEW Group State,POINT (80.6438569 6.8013958),POINT (80.643857 6.801396)
6575355242,1050,locality,0,St. Jhon delrey,POINT (80.643385 6.8082726),POINT (80.643385 6.808273)
6575355243,1004,hamlet,0,Tientsin,POINT (80.6572564 6.8138356),POINT (80.657256 6.813836)
6575355244,1050,locality,0,St. Vioenas,POINT (80.7116046 6.7759873),POINT (80.711605 6.775987)
6575355245,1050,locality,0,Devonford,POINT (80.6990445 6.776029),POINT (80.699044 6.776029)
6575355246,1050,locality,0,Lynford,POINT (80.7144611 6.7893772),POINT (80.714461 6.789377)
6575355247,1050,locality,0,Elkplains,POINT (80.7687807 6.90193),POINT (80.768781 6.90193)
6575355248,1050,locality,0,Ardallie,POINT (80.7380318 6.8495451),POINT (80.738032 6.849545)
6575355249,1050,locality,0,Mornington,POINT (80.7379245 6.8660558),POINT (80.737924 6.866056)
6575355250,1050,locality,0,Hauteville,POINT (80.7135057 6.8679092),POINT (80.713506 6.867909)
6575355251,1050,locality,0,Woodlake,POINT (80.697627 6.8686123),POINT (80.697627 6.868612)
6575355252,1004,hamlet,0,Yarraval,POINT (80.7671834 6.8307541),POINT (80.767183 6.830754)
6575355253,1050,locality,0,Diyagama,POINT (80.7587814 6.8485864),POINT (80.758781 6.848586)
6575355254,1004,hamlet,0,Robgill State,POINT (80.6622648 6.8264823),POINT (80.662265 6.826482)
6575355255,1004,hamlet,0,Tillyrie,POINT (80.6537247 6.832629),POINT (80.653725 6.832629)
6575355256,1003,village,0,Sanchimale,POINT (80.6616579 6.8332873),POINT (80.661658 6.833287)
6575355257,1050,locality,0,Bonaccord,POINT (80.6634128 6.8275903),POINT (80.663413 6.82759)
6575355258,1050,locality,0,Helbeck,POINT (80.6790876 6.8382322),POINT (80.679088 6.838232)
6575355259,1050,locality,0,Robgill Group,POINT (80.6688737 6.8291988),POINT (80.668874 6.829199)
6575355260,1050,locality,0,Kirkoswald,POINT (80.6552267 6.8227645),POINT (80.655227 6.822764)
6575355261,1050,locality,0,Tillyre,POINT (80.658102 6.8364426),POINT (80.658102 6.836443)
6575355262,1050,locality,0,Mousend,POINT (80.6692171 6.8441124),POINT (80.669217 6.844112)
6575355263,1004,hamlet,0,Poyston,POINT (80.6455064 6.8331509),POINT (80.645506 6.833151)
6575355264,1004,hamlet,0,Blinkbonnie State,POINT (80.6450474 6.8438645),POINT (80.645047 6.843864)
6575355265,1003,village,0,Fordyce,POINT (80.634799 6.8594729),POINT (80.634799 6.859473)
6575355266,1004,hamlet,0,Hornsey,POINT (80.6251858 6.8479388),POINT (80.625186 6.847939)
6575355267,1003,village,0,Kirkoswald Group,POINT (80.6341199 6.8280296),POINT (80.63412 6.82803)
6575355268,1050,locality,0,Poyston,POINT (80.6409788 6.8339286),POINT (80.640979 6.833929)
6575355269,1050,locality,0,Elbedde,POINT (80.6288337 6.8369966),POINT (80.628834 6.836997)
6575355270,1050,locality,0,Portree,POINT (80.6261301 6.8410871),POINT (80.62613 6.841087)
6575355271,1050,locality,0,Ingestre,POINT (80.6499052 6.8459872),POINT (80.649905 6.845987)
6575355272,1050,locality,0,Blinkbonnie,POINT (80.6429529 6.8487142),POINT (80.642953 6.848714)
6575355273,1050,locality,0,Biengon,POINT (80.6369447 6.8555742),POINT (80.636945 6.855574)
6575355274,1004,hamlet,0,Glydesdale,POINT (80.6789589 6.8689318),POINT (80.678959 6.868932)
6575355275,1003,village,0,Queenwood,POINT (80.6435752 6.8969985),POINT (80.643575 6.896998)
6575355276,1004,hamlet,0,Ottery,POINT (80.6298611 6.8898701),POINT (80.629861 6.88987)
6575355277,1004,hamlet,0,Bambarakele,POINT (80.6575978 6.8938457),POINT (80.657598 6.893846)
6575355278,1004,hamlet,0,Albion,POINT (80.661664 6.8640959),POINT (80.661664 6.864096)
6575355279,1050,locality,0,Dell,POINT (80.6561279 6.8797752),POINT (80.656128 6.879775)
6575355280,1004,hamlet,0,St. Magrets,POINT (80.6605432 6.8735427),POINT (80.660543 6.873543)
6575355283,1050,locality,0,Preston,POINT (80.6595611 6.8595368),POINT (80.659561 6.859537)
6575355284,1050,locality,0,Fordyce,POINT (80.6436824 6.8606446),POINT (80.643682 6.860645)
6575361285,1050,locality,0,Barkindale,POINT (80.6419229 6.8677175),POINT (80.641923 6.867718)
6575361286,1050,locality,0,Elsmere,POINT (80.6452703 6.8735121),POINT (80.64527 6.873512)
6575361287,1003,village,0,Annfield,POINT (80.6358075 6.8736399),POINT (80.635808 6.87364)
6575361288,1050,locality,0,Salankanda,POINT (80.6414938 6.8774745),POINT (80.641494 6.877474)
6575361289,1050,locality,0,Roscrea,POINT (80.6405496 6.8804143),POINT (80.64055 6.880414)
6575361290,1050,locality,0,St. Leys,POINT (80.6354856 6.8807552),POINT (80.635486 6.880755)
6575361291,1050,locality,0,Ottery,POINT (80.6340694 6.8859957),POINT (80.634069 6.885996)
6575361292,1050,locality,0,Maousa-ella,POINT (80.661664 6.8939203),POINT (80.661664 6.89392)
6575361293,1050,locality,0,Bambrakelly,POINT (80.653553 6.8937925),POINT (80.653553 6.893792)
6575361294,1050,locality,0,Melton,POINT (80.6477165 6.8973287),POINT (80.647716 6.897329)
6575361295,1050,locality,0,Queenwood,POINT (80.6420946 6.8929404),POINT (80.642095 6.89294)
6575361296,1050,locality,0,Murar,POINT (80.6710195 6.8191852),POINT (80.67102 6.819185)
6575361297,1004,hamlet,0,Singarawatte,POINT (80.6796026 6.8176938),POINT (80.679603 6.817694)
6575361298,1004,hamlet,0,Theresia,POINT (80.6737061 6.8088935),POINT (80.673706 6.808894)
6575361299,1050,locality,0,Killarney,POINT (80.6830358 6.8077225),POINT (80.683036 6.807722)
6575361300,1050,locality,0,Robgill,POINT (80.68295 6.8271109),POINT (80.68295 6.827111)
6575361302,1003,village,0,Torrington State,POINT (80.6784654 6.8570655),POINT (80.678465 6.857066)
6575361303,1050,locality,0,Agra Elbedda,POINT (80.6826925 6.8423228),POINT (80.682692 6.842323)
6575361304,1004,hamlet,0,Elbedda,POINT (80.6841516 6.8455185),POINT (80.684152 6.845518)
6575361305,1050,locality,0,Stair,POINT (80.685997 6.8543812),POINT (80.685997 6.854381)
6575361306,1050,locality,0,Torrington,POINT (80.6732082 6.8500777),POINT (80.673208 6.850078)
6575361307,1050,locality,0,New Priston,POINT (80.6681013 6.8534225),POINT (80.668101 6.853422)
6575361308,1050,locality,0,Iona,POINT (80.6746673 6.8561707),POINT (80.674667 6.856171)
6575361309,1050,locality,0,Polmont,POINT (80.6714057 6.8590255),POINT (80.671406 6.859026)
6575361310,1050,locality,0,Thornfield,POINT (80.679388 6.8618802),POINT (80.679388 6.86188)
6575361311,1004,hamlet,0,Cranley Upper,POINT (80.6715238 6.8819801),POINT (80.671524 6.88198)
6575361312,1050,locality,0,Glydesdale,POINT (80.6784653 6.8719782),POINT (80.678465 6.871978)
6575361313,1004,hamlet,0,Balmoral,POINT (80.6858682 6.8764093),POINT (80.685868 6.876409)
6575361314,1050,locality,0,Ardlaw,POINT (80.6693458 6.8748755),POINT (80.669346 6.874876)
6575361315,1050,locality,0,Cranley,POINT (80.6758046 6.8881473),POINT (80.675805 6.888147)
6575361316,1004,hamlet,0,Tillicourtry,POINT (80.683463 6.8981801),POINT (80.683463 6.89818)
6575361317,1050,locality,0,Talankanda,POINT (80.6800746 6.8956245),POINT (80.680075 6.895624)
6575361318,1050,locality,0,Diyanilakele,POINT (80.6732082 6.8988199),POINT (80.673208 6.89882)
6575361319,1004,hamlet,0,Diyanillakele,POINT (80.6676721 6.9035383),POINT (80.667672 6.903538)
6575361320,1050,locality,0,Nagasena,POINT (80.6802678 6.9079798),POINT (80.680268 6.90798)
6575361321,1050,locality,0,Walaha,POINT (80.6746673 6.9071277),POINT (80.674667 6.907128)
6575361322,1050,locality,0,Fair Field,POINT (80.675354 6.9139443),POINT (80.675354 6.913944)
6575361323,1050,locality,0,Loddington,POINT (80.6558275 6.9047206),POINT (80.655828 6.904721)
6575361324,1050,locality,0,Ferham,POINT (80.6498194 6.9081715),POINT (80.649819 6.908172)
6575361325,1050,locality,0,Rahanwatte,POINT (80.6409144 6.9033785),POINT (80.640914 6.903378)
6575361326,1004,hamlet,0,Eildon Hall,POINT (80.6616836 6.9059858),POINT (80.661684 6.905986)
6575361327,1050,locality,0,Glenomera,POINT (80.660913 6.9177999),POINT (80.660913 6.9178)
6575361328,1050,locality,0,Aldourie,POINT (80.6977558 6.8590468),POINT (80.697756 6.859047)
6575361329,1050,locality,0,Sandringham,POINT (80.7524299 6.8425785),POINT (80.75243 6.842578)
6575361330,1050,locality,0,Mount Vernon,POINT (80.6283939 6.9573657),POINT (80.628394 6.957366)
6575361331,1003,village,0,Troup State,POINT (80.6514792 6.925348),POINT (80.651479 6.925348)
6575361332,1050,locality,0,Stirling,POINT (80.6418371 6.9354585),POINT (80.641837 6.935458)
6575361333,1050,locality,0,Katukele,POINT (80.6427383 6.9266825),POINT (80.642738 6.926682)
6575361334,1050,locality,0,Ooreen,POINT (80.642395 6.9156697),POINT (80.642395 6.91567)
6575361335,1050,locality,0,Derryclare,POINT (80.6320953 6.9294516),POINT (80.632095 6.929452)
6575361336,1050,locality,0,St. Andrews,POINT (80.6356573 6.940954),POINT (80.635657 6.940954)
6575361337,1050,locality,0,St. Clair,POINT (80.6491756 6.9409114),POINT (80.649176 6.940911)
6575361338,1050,locality,0,Devon,POINT (80.6364727 6.9524987),POINT (80.636473 6.952499)
6575361339,1004,hamlet,0,Madakumbura State,POINT (80.6393373 6.9810503),POINT (80.639337 6.98105)
6575361340,1050,locality,0,Meddecombra,POINT (80.6333398 6.9788672),POINT (80.63334 6.978867)
6575361342,1004,hamlet,0,Medakumbura,POINT (80.6387472 7.0064535),POINT (80.638747 7.006454)
6575361343,1050,locality,0,Lynsted,POINT (80.7036174 6.7986041),POINT (80.703617 6.798604)
6575361344,1004,hamlet,0,Eltofts,POINT (80.7028 6.7896567),POINT (80.7028 6.789657)
6575361346,1004,hamlet,0,Aldie,POINT (80.7246159 6.775575),POINT (80.724616 6.775575)
6575361347,1004,hamlet,0,North Cove,POINT (80.7229095 6.7802684),POINT (80.72291 6.780268)
6575361348,1050,locality,0,Campion Group,POINT (80.7114458 6.7789154),POINT (80.711446 6.778915)
6575361349,1004,hamlet,0,Loinorn,POINT (80.7202486 6.7839932),POINT (80.720249 6.783993)
6575361350,1050,locality,0,Bogawana,POINT (80.6917476 6.7969413),POINT (80.691748 6.796941)
6575361351,1050,locality,0,Talawa,POINT (80.6611383 6.9381636),POINT (80.661138 6.938164)
6575361352,1050,locality,0,Middleton,POINT (80.658617 6.9278114),POINT (80.658617 6.927811)
6575361353,1050,locality,0,Coombewood,POINT (80.6644749 6.9235938),POINT (80.664475 6.923594)
6575361354,1050,locality,0,Wattegode,POINT (80.6542182 6.9628929),POINT (80.654218 6.962893)
6575361355,1004,hamlet,0,Dewsiripura,POINT (80.6676936 6.9455122),POINT (80.667694 6.945512)
6575361356,1050,locality,0,Waltrim,POINT (80.6953954 6.9071916),POINT (80.695395 6.907192)
6575361357,1050,locality,0,Caledonia,POINT (80.7062745 6.9011631),POINT (80.706274 6.901163)
6575361358,1004,hamlet,0,Fassifern,POINT (80.6979275 6.8980743),POINT (80.697928 6.898074)
6575361359,1050,locality,0,Holdbrook,POINT (80.6874561 6.8852288),POINT (80.687456 6.885229)
6575361360,1050,locality,0,Fassifern,POINT (80.6992578 6.8930043),POINT (80.699258 6.893004)
6575361361,1050,locality,0,Galkandawatta,POINT (80.6993866 6.9458957),POINT (80.699387 6.945896)
6575361362,1050,locality,0,Westward Ho,POINT (80.7389116 6.9979717),POINT (80.738912 6.997972)
6575361363,1004,hamlet,0,Bambarakele,POINT (80.75508 6.98121),POINT (80.75508 6.98121)
6575361364,1050,locality,0,Mattakelle,POINT (80.6976056 6.9284718),POINT (80.697606 6.928472)
6575361365,1004,hamlet,0,Lorne Bazaar,POINT (80.7276463 6.9196211),POINT (80.727646 6.919621)
6575361366,1050,locality,0,Damabagasthalawa,POINT (80.7158875 6.9198661),POINT (80.715888 6.919866)
6575361367,1050,locality,0,Avoca,POINT (80.7206619 6.9134863),POINT (80.720662 6.913486)
6575361368,1004,hamlet,0,St. Coombs,POINT (80.7131895 6.9086461),POINT (80.71319 6.908646)
6575361369,1050,locality,0,Maria,POINT (80.7202005 6.9040176),POINT (80.7202 6.904018)
6575361370,1050,locality,0,Conon,POINT (80.6888294 6.912581),POINT (80.688829 6.912581)
6575361371,1004,hamlet,0,Tangakele,POINT (80.7327961 6.8996506),POINT (80.732796 6.899651)
6575361372,1004,hamlet,0,Calsay,POINT (80.7565176 6.9063874),POINT (80.756518 6.906387)
6575361373,1050,locality,0,Vellekellie,POINT (80.7304573 6.8772188),POINT (80.730457 6.877219)
6575361374,1050,locality,0,Ouvahkellie,POINT (80.7417869 6.8882538),POINT (80.741787 6.888254)
6575361375,1004,hamlet,0,Lippakelle,POINT (80.7257408 6.8927331),POINT (80.725741 6.892733)
6575361376,1004,hamlet,0,Henfold,POINT (80.715512 6.8925037),POINT (80.715512 6.892504)
6575361377,1004,hamlet,0,St. Regulus,POINT (80.7137954 6.881381),POINT (80.713795 6.881381)
6575361378,1050,locality,0,St. George,POINT (80.6985282 6.8758554),POINT (80.698528 6.875855)
6575361379,1004,hamlet,0,Glenlyon,POINT (80.689457 6.8653368),POINT (80.689457 6.865337)
6575361380,1004,hamlet,0,Powysland,POINT (80.7590925 6.8327888),POINT (80.759092 6.832789)
6575361381,1050,locality,0,Portmore,POINT (80.7307577 6.8524638),POINT (80.730758 6.852464)
6575361383,1050,locality,0,Glasgow,POINT (80.7299852 6.8669932),POINT (80.729985 6.866993)
6575361384,1050,locality,0,Weverley,POINT (80.7223463 6.8547221),POINT (80.722346 6.854722)
6575361385,1003,village,0,Bopaththalawa,POINT (80.7193529 6.8454652),POINT (80.719353 6.845465)
6578200225,1003,village,0,Aluketiyawa,POINT (81.1181116 7.3034301),POINT (81.118112 7.30343)
6578949645,1004,hamlet,0,Narangala,POINT (80.3647274 7.0915822),POINT (80.364727 7.091582)
6578949646,1004,hamlet,0,Dulgala,POINT (80.3552806 7.1000995),POINT (80.355281 7.1001)
6580038676,1003,village,1000,Ganthuna,POINT (80.400842 7.1315544),POINT (80.400842 7.131554)
6591734647,1003,village,0,Urumeewala,POINT (80.3488326 7.0819201),POINT (80.348833 7.08192)
6594587263,1004,hamlet,0,Gurukumbura,POINT (81.1358845 7.436772),POINT (81.135884 7.436772)
6594587264,1003,village,0,Dambana,POINT (81.117328 7.4131421),POINT (81.117328 7.413142)
6594880245,1004,hamlet,0,Koleyaya,POINT (81.1295056 7.338004),POINT (81.129506 7.338004)
6594880246,1004,hamlet,0,Mawaralagala,POINT (81.0970187 7.3981852),POINT (81.097019 7.398185)
6594882986,1003,village,0,Keselpotha,POINT (81.0938859 7.3303956),POINT (81.093886 7.330396)
6594883401,1004,hamlet,0,Kongolla,POINT (81.1381423 7.3902693),POINT (81.138142 7.390269)
6597757708,1003,village,0,Thambaravila,POINT (79.8727574 7.2843711),POINT (79.872757 7.284371)
6597945828,1003,village,0,Vajirawatte,POINT (79.8267199 7.9339704),POINT (79.82672 7.93397)
6597957707,1003,village,0,Rathmalyaya,POINT (79.8379186 8.0010491),POINT (79.837919 8.001049)
6598381677,1004,hamlet,0,Welanpela,POINT (81.066184 7.3734263),POINT (81.066184 7.373426)
6598934763,1004,hamlet,0,Rajanganaya Junction - Saliyapura,POINT (80.1072099 8.2097113),POINT (80.10721 8.209711)
6614739643,1004,hamlet,0,Udumulla,POINT (80.0941685 6.8224389),POINT (80.094168 6.822439)
6618627635,1030,farm,0,Manikpalama Farm,POINT (80.7086509 6.8134991),POINT (80.708651 6.813499)
6618627874,1050,locality,0,Holmwood,POINT (80.7063818 6.852027),POINT (80.706382 6.852027)
6618627875,1050,locality,0,Agra Ouvah,POINT (80.7072615 6.8575981),POINT (80.707262 6.857598)
6618627876,1050,locality,0,Sutton,POINT (80.7125616 6.8573425),POINT (80.712562 6.857342)
6618627877,1004,hamlet,0,Holmwood State,POINT (80.7127332 6.8518459),POINT (80.712733 6.851846)
6618628037,1030,farm,0,Bopaththalawa Farm,POINT (80.7173708 6.8431963),POINT (80.717371 6.843196)
6627275336,1004,hamlet,0,Waulpane,POINT (80.7303866 6.4248858),POINT (80.730387 6.424886)
6631131693,1003,village,0,Panliyedda,POINT (80.5310164 7.6750363),POINT (80.531016 7.675036)
6631160710,1003,village,0,Gokarella,POINT (80.4836347 7.6105924),POINT (80.483635 7.610592)
6631179254,1004,hamlet,0,Yakalla Junction,POINT (80.4338719 7.530333),POINT (80.433872 7.530333)
6631180564,1003,village,0,Pangolla,POINT (80.4556304 7.5559602),POINT (80.45563 7.55596)
6631189612,1003,village,0,Pannala - Ibbagamuwa,POINT (80.4394729 7.5372247),POINT (80.439473 7.537225)
6631194155,1003,village,0,Bakmeegolla,POINT (80.4305761 7.5236728),POINT (80.430576 7.523673)
6634004187,1003,village,0,Nebadawa,POINT (80.1048267 7.7808954),POINT (80.104827 7.780895)
6634800267,1050,locality,0,Uva Benhead,POINT (80.9045294 6.8956595),POINT (80.904529 6.89566)
6634800269,1004,hamlet,0,Uva Benhead State,POINT (80.9005764 6.8900645),POINT (80.900576 6.890064)
6634800272,1003,village,0,Nedungamuwa,POINT (80.9019121 6.8765779),POINT (80.901912 6.876578)
6646037174,1003,village,0,Metihakwala,POINT (80.602358 6.6315267),POINT (80.602358 6.631527)
6646037175,1004,hamlet,0,Polwattehena,POINT (80.5939522 6.6399967),POINT (80.593952 6.639997)
6646037176,1050,locality,0,Hallinna State,POINT (80.5902685 6.629368),POINT (80.590268 6.629368)
6646037177,1004,hamlet,0,Hallinna,POINT (80.5915242 6.6220869),POINT (80.591524 6.622087)
6646037178,1050,locality,0,Hunuwella Group,POINT (80.6097364 6.6209999),POINT (80.609736 6.621)
6646060587,1003,village,0,Agar's Land,POINT (80.6006359 6.7010459),POINT (80.600636 6.701046)
6649375259,1004,hamlet,0,Gurubewilagama,POINT (80.5829519 6.6926969),POINT (80.582952 6.692697)
6649413385,1004,hamlet,0,Batewela,POINT (80.5461252 6.6920096),POINT (80.546125 6.69201)
6652132510,1004,hamlet,0,Kiri-oruwa,POINT (81.0346595 7.0147272),POINT (81.03466 7.014727)
6652132521,1003,village,0,Mudagamuwa,POINT (80.983236 7.1078942),POINT (80.983236 7.107894)
6673633237,1003,village,0,Mullipotana,POINT (81.0632666 8.4551016),POINT (81.063267 8.455102)
6673811401,1050,locality,0,Sigiriya Junction,POINT (80.6871905 7.9291637),POINT (80.68719 7.929164)
6708412334,1004,hamlet,0,Prasannapura,POINT (80.0155929 6.8227748),POINT (80.015593 6.822775)
6708412335,1003,village,0,Uduwana,POINT (80.0056119 6.8255926),POINT (80.005612 6.825593)
6708412336,1004,hamlet,0,Suwapubudugama,POINT (80.0410492 6.8106658),POINT (80.041049 6.810666)
6708412339,1004,hamlet,0,Dolahena,POINT (80.0214345 6.8134417),POINT (80.021434 6.813442)
6708412342,1050,locality,0,Yahalakele State,POINT (80.0476312 6.784434),POINT (80.047631 6.784434)
6708412343,1050,locality,0,Yahalakele Group,POINT (80.048791 6.7889436),POINT (80.048791 6.788944)
6708412344,1050,locality,0,Yahalakele State North,POINT (80.0469347 6.7946942),POINT (80.046935 6.794694)
6708412345,1004,hamlet,0,Thalagala Watta,POINT (80.0322376 6.7938634),POINT (80.032238 6.793863)
6708412346,1050,locality,0,Thalagala State,POINT (80.0283193 6.7913376),POINT (80.028319 6.791338)
6708412347,1004,hamlet,0,Ankuttawala,POINT (80.0327182 6.7880989),POINT (80.032718 6.788099)
6708412348,1003,village,0,Thalagala,POINT (80.0353632 6.781426),POINT (80.035363 6.781426)
6708412349,1004,hamlet,0,Katuhena,POINT (80.035348 6.7971328),POINT (80.035348 6.797133)
6708412350,1003,village,0,Pitipana,POINT (80.0289553 6.8263658),POINT (80.028955 6.826366)
6708412351,1004,hamlet,0,Mahenwatta,POINT (80.0393369 6.8253019),POINT (80.039337 6.825302)
6708412352,1004,hamlet,0,Horagala,POINT (80.0478998 6.8104883),POINT (80.0479 6.810488)
6708412353,1004,hamlet,0,Gehenuwala,POINT (80.0447973 6.8472673),POINT (80.044797 6.847267)
6708412354,1004,hamlet,0,Ovitigama,POINT (80.037441 6.8369988),POINT (80.037441 6.836999)
6708412355,1004,hamlet,0,Mawathgama,POINT (80.0135495 6.838625),POINT (80.01355 6.838625)
6708412356,1004,hamlet,0,Homagama North,POINT (79.9998563 6.8547016),POINT (79.999856 6.854702)
6708412357,1004,hamlet,0,Galawila,POINT (79.9884619 6.8428923),POINT (79.988462 6.842892)
6708412358,1004,hamlet,0,Homagama South,POINT (79.9999966 6.8362996),POINT (79.999997 6.8363)
6708412359,1004,hamlet,0,Panagoda West,POINT (80.0196359 6.8613248),POINT (80.019636 6.861325)
6708412360,1004,hamlet,0,Panagoda East,POINT (80.0342305 6.8642544),POINT (80.03423 6.864254)
6708412361,1004,hamlet,0,Henpita,POINT (80.0428601 6.906897),POINT (80.04286 6.906897)
6708412362,1004,hamlet,0,Habarakada Watta,POINT (80.0112507 6.862169),POINT (80.011251 6.862169)
6708412363,1003,village,0,Godagama,POINT (80.0324106 6.850694),POINT (80.032411 6.850694)
6708412364,1004,hamlet,0,Walpita,POINT (80.0441095 6.8843723),POINT (80.04411 6.884372)
6708412365,1004,hamlet,0,Batawala,POINT (80.0515384 6.8834364),POINT (80.051538 6.883436)
6708412366,1004,hamlet,0,Medamandiya,POINT (80.0277283 6.8960225),POINT (80.027728 6.896022)
6709451967,1004,hamlet,0,Kiriwaththuduwa North,POINT (80.0074435 6.8009224),POINT (80.007444 6.800922)
6709451968,1003,village,0,Olaboduwa,POINT (80.0266081 6.7706958),POINT (80.026608 6.770696)
6709451969,1004,hamlet,0,Moonamale Watta,POINT (80.0130579 6.809328),POINT (80.013058 6.809328)
6709451970,1004,hamlet,0,Magammana,POINT (79.9950432 6.8226329),POINT (79.995043 6.822633)
6712515835,1003,village,0,Galamuduna,POINT (80.8820558 7.4495205),POINT (80.882056 7.44952)
6712782195,1004,hamlet,0,Galapitagama,POINT (80.8891138 7.2796931),POINT (80.889114 7.279693)
6712782318,1003,village,0,Madugalla,POINT (80.8851878 7.2618164),POINT (80.885188 7.261816)
6712782682,1004,hamlet,0,Metiwalathenna,POINT (80.8997462 7.2567441),POINT (80.899746 7.256744)
6712782683,1003,village,0,Dewahandiya,POINT (80.911442 7.2582002),POINT (80.911442 7.2582)
6715452562,1003,village,0,Thalgodapitiya - Ibbagamuwa,POINT (80.4589289 7.5614658),POINT (80.458929 7.561466)
6715458726,1004,hamlet,0,Karandagolla Junction,POINT (80.5037172 7.635897),POINT (80.503717 7.635897)
6715493548,1003,village,0,Ipalewa,POINT (80.4654865 7.5711484),POINT (80.465486 7.571148)
6715493620,1003,village,0,Polgolla - Gokarella,POINT (80.4718055 7.5816957),POINT (80.471806 7.581696)
6720549591,1003,village,0,Imbuldeniya,POINT (80.3493861 7.2913497),POINT (80.349386 7.29135)
6722775997,1003,village,0,Arakagoda,POINT (80.0154336 6.6778915),POINT (80.015434 6.677892)
6722775998,1003,village,0,Millaniya,POINT (80.0208181 6.6799768),POINT (80.020818 6.679977)
6723183284,1004,hamlet,0,Galakadapatana,POINT (80.8931708 7.012667),POINT (80.893171 7.012667)
6723183285,1003,village,0,Sooriyagahapatana,POINT (80.8965719 7.0077526),POINT (80.896572 7.007753)
6751582194,1003,village,0,Pohorambe,POINT (80.3458345 7.2992936),POINT (80.345834 7.299294)
6751582195,1003,village,0,Ranawana,POINT (80.3369577 7.3079416),POINT (80.336958 7.307942)
6751582196,1003,village,0,Karadetiyana,POINT (80.3497116 7.2826592),POINT (80.349712 7.282659)
6751582197,1004,hamlet,0,Thalagahayaya,POINT (80.3520521 7.2802384),POINT (80.352052 7.280238)
6751582198,1004,hamlet,0,Bokolamulla,POINT (80.340537 7.2808499),POINT (80.340537 7.28085)
6758860347,1003,village,0,Abhayapura,POINT (81.2152656 8.5884316),POINT (81.215266 8.588432)
6764808364,1002,town,0,Wariyapola,POINT (80.2461164 7.6198122),POINT (80.246116 7.619812)
6774646810,1003,village,0,Massenna,POINT (80.65871 6.6608019),POINT (80.65871 6.660802)
6789998179,1003,village,0,Thambalagamuwa,POINT (81.0945778 8.5003006),POINT (81.094578 8.500301)
6789998485,1003,village,0,Sinhapura,POINT (81.1955729 8.5884185),POINT (81.195573 8.588418)
6790009592,1003,village,0,Shraddhapura - China Bay,POINT (81.1582613 8.5635617),POINT (81.158261 8.563562)
6792657852,1004,hamlet,0,Puwakgas Junction,POINT (79.9274787 6.798499),POINT (79.927479 6.798499)
6815375845,1004,hamlet,0,Warwick State,POINT (80.8290634 6.8972373),POINT (80.829063 6.897237)
6815413333,1050,locality,0,Warwick Hakgalla State,POINT (80.8243714 6.8911688),POINT (80.824371 6.891169)
6815413334,1004,hamlet,0,Glenshell,POINT (80.8283065 6.8820347),POINT (80.828306 6.882035)
6815413335,1004,hamlet,0,Glenorchy,POINT (80.8187562 6.9012041),POINT (80.818756 6.901204)
6815543141,1003,village,0,Morethota,POINT (81.0156441 6.9318284),POINT (81.015644 6.931828)
6815543142,1004,hamlet,0,Welgolla,POINT (81.0407304 6.9102194),POINT (81.04073 6.910219)
6815543143,1004,hamlet,0,St. James,POINT (81.0184795 6.9240838),POINT (81.01848 6.924084)
6815543144,1004,hamlet,0,Dandugala,POINT (81.0352308 6.9207809),POINT (81.035231 6.920781)
6815543145,1003,village,0,Kirinda,POINT (81.0277351 6.9129799),POINT (81.027735 6.91298)
6817373705,1004,hamlet,0,Meedeniya,POINT (81.1069323 6.8234288),POINT (81.106932 6.823429)
6817512017,1050,locality,0,Wewesse,POINT (81.1012566 6.958601),POINT (81.101257 6.958601)
6817517477,1050,locality,0,Ballagalla,POINT (81.0900457 6.9634558),POINT (81.090046 6.963456)
6817517478,1050,locality,0,Glenalpin,POINT (81.0860563 6.9601805),POINT (81.086056 6.96018)
6817517479,1004,hamlet,0,Deyanegalla State,POINT (81.107592 6.9421202),POINT (81.107592 6.94212)
6817518199,1004,hamlet,0,Wewesse State,POINT (81.1179024 6.9598417),POINT (81.117902 6.959842)
6896189044,1004,hamlet,0,Kirkoswald State,POINT (80.657925 6.8211186),POINT (80.657925 6.821119)
6899936205,1003,village,0,Thundi,POINT (80.0393962 9.6501637),POINT (80.039396 9.650164)
6900548082,1004,hamlet,0,Mederapitiya,POINT (80.7440829 7.1453931),POINT (80.744083 7.145393)
6903549196,1004,hamlet,0,Bearwell,POINT (80.6790493 6.9345094),POINT (80.679049 6.934509)
6915038413,1004,hamlet,0,98 Junction,POINT (81.0846305 8.4831498),POINT (81.08463 8.48315)
6915182198,1003,village,0,Hiriwadunne,POINT (80.7459227 8.0212506),POINT (80.745923 8.021251)
6915248626,1003,village,0,Mirisgoniyawa,POINT (80.6521692 7.8847237),POINT (80.652169 7.884724)
6915270520,1004,hamlet,0,Yatigalpoththa,POINT (80.5963453 7.799748),POINT (80.596345 7.799748)
6915274302,1003,village,0,Pohoranweva,POINT (80.6362731 7.851339),POINT (80.636273 7.851339)
6915278761,1003,village,0,Ibbankatuwa,POINT (80.6313897 7.8377897),POINT (80.63139 7.83779)
6915354352,1003,village,0,Beligamuwa,POINT (80.5508528 7.7194542),POINT (80.550853 7.719454)
6915399365,1003,village,0,13th Mile Post,POINT (80.4825895 7.6065787),POINT (80.48259 7.606579)
6915421699,1003,village,0,Thalgodapitiya,POINT (80.4768617 7.5880592),POINT (80.476862 7.588059)
6915484934,1003,village,0,Thorayaya,POINT (80.4075147 7.50932),POINT (80.407515 7.50932)
6956953558,1003,village,0,98 Junction - Galmetiyawa,POINT (81.0806252 8.4780163),POINT (81.080625 8.478016)
6979622067,1003,village,0,Newshmir,POINT (80.3592754 7.1153756),POINT (80.359275 7.115376)
6996712098,1004,hamlet,0,Rajathalawa,POINT (80.6433703 7.1475034),POINT (80.64337 7.147503)
6996712099,1004,hamlet,0,Hunugala,POINT (80.671258 7.1359411),POINT (80.671258 7.135941)
6996712100,1050,locality,0,New Forest ( Le Vellon Group),POINT (80.6841731 7.1459679),POINT (80.684173 7.145968)
6996712101,1050,locality,0,Gallawayknow Upper,POINT (80.683653 7.1386504),POINT (80.683653 7.13865)
6996712102,1050,locality,0,Gallawayknow Lower,POINT (80.6771147 7.1379886),POINT (80.677115 7.137989)
6996712103,1050,locality,0,Gallawayknow (Le Vellon Group),POINT (80.6806045 7.1405028),POINT (80.680604 7.140503)
6996712126,1004,hamlet,0,Mahamulgama,POINT (80.6742221 7.1484803),POINT (80.674222 7.14848)
6996712127,1004,hamlet,0,Yarrow Hadabima,POINT (80.6653762 7.1448981),POINT (80.665376 7.144898)
6996712128,1050,locality,0,Yarrow State,POINT (80.6608931 7.1474085),POINT (80.660893 7.147408)
6996712134,1050,locality,0,Le Vellon Group,POINT (80.6866836 7.1594662),POINT (80.686684 7.159466)
6996712135,1004,hamlet,0,Le Vellon Watta,POINT (80.6822956 7.1647888),POINT (80.682296 7.164789)
6996712137,1004,hamlet,0,Le Vellon Estate,POINT (80.6797624 7.1547147),POINT (80.679762 7.154715)
6996712151,1004,hamlet,0,Erin State,POINT (80.6713957 7.1651267),POINT (80.671396 7.165127)
6996712152,1004,hamlet,0,Erin Watta,POINT (80.6730711 7.1723961),POINT (80.673071 7.172396)
6996712154,1004,hamlet,0,Morahena,POINT (80.6630594 7.1600526),POINT (80.663059 7.160053)
6996712155,1004,hamlet,0,Thumpelawaka,POINT (80.6665564 7.1671094),POINT (80.666556 7.167109)
6996712156,1004,hamlet,0,Mulgamwatta,POINT (80.6492877 7.1615194),POINT (80.649288 7.161519)
7001239430,1003,village,0,Moragolla,POINT (80.5515034 7.7364199),POINT (80.551503 7.73642)
7003985863,1003,village,0,Delwala,POINT (80.4967067 6.5187085),POINT (80.496707 6.518708)
7003985864,1050,locality,0,Miyanawita East,POINT (80.529846 6.5062207),POINT (80.529846 6.506221)
7003985865,1004,hamlet,0,Godakumbura,POINT (80.5203411 6.5160177),POINT (80.520341 6.516018)
7003985866,1050,locality,0,Miyanawita West,POINT (80.5163799 6.5119391),POINT (80.51638 6.511939)
7003985870,1004,hamlet,0,Willambiya,POINT (80.5166313 6.5258803),POINT (80.516631 6.52588)
7003985872,1004,hamlet,0,Digandala,POINT (80.5619527 6.5066599),POINT (80.561953 6.50666)
7003985873,1004,hamlet,0,Banduradeniya,POINT (80.572679 6.5022849),POINT (80.572679 6.502285)
7003985879,1004,hamlet,0,Madalagama Colony,POINT (80.5203183 6.5485972),POINT (80.520318 6.548597)
7003993391,1004,hamlet,0,Uda Haupe,POINT (80.5440487 6.5484012),POINT (80.544049 6.548401)
7003993393,1004,hamlet,0,Nawalakanda,POINT (80.5399722 6.5401738),POINT (80.539972 6.540174)
7003993394,1004,hamlet,0,Karawadeniya,POINT (80.5844874 6.512555),POINT (80.584487 6.512555)
7003993395,1004,hamlet,0,Gabbela,POINT (80.5459453 6.5197985),POINT (80.545945 6.519798)
7003993396,1004,hamlet,0,Kohomba Kanda,POINT (80.5315602 6.512256),POINT (80.53156 6.512256)
7003993397,1004,hamlet,0,Nabuluwa,POINT (80.564598 6.5448695),POINT (80.564598 6.54487)
7003993398,1004,hamlet,0,Pahamunupanna,POINT (80.5800238 6.5316635),POINT (80.580024 6.531664)
7003993399,1004,hamlet,0,Kalalella,POINT (80.582912 6.5257289),POINT (80.582912 6.525729)
7003993400,1004,hamlet,0,Atakalanpanna,POINT (80.5800427 6.5363999),POINT (80.580043 6.5364)
7003993401,1004,hamlet,0,Panapitiya,POINT (80.5592716 6.527569),POINT (80.559272 6.527569)
7003993402,1003,village,0,Endana,POINT (80.5336713 6.5315755),POINT (80.533671 6.531576)
7011985876,1004,hamlet,0,Waththehena,POINT (80.481146 6.5450663),POINT (80.481146 6.545066)
7011985879,1004,hamlet,0,Nahalawathura,POINT (80.4838946 6.5422656),POINT (80.483895 6.542266)
7013410764,1003,village,0,Ihala Karawita,POINT (80.4293203 6.5709774),POINT (80.42932 6.570977)
7013410765,1050,locality,0,Pinkande State,POINT (80.431553 6.5754369),POINT (80.431553 6.575437)
7013410766,1004,hamlet,0,Pinkanda,POINT (80.4322171 6.5801382),POINT (80.432217 6.580138)
7013410768,1004,hamlet,0,Pitakele,POINT (80.4665917 6.5528188),POINT (80.466592 6.552819)
7013410769,1003,village,0,Colambagama,POINT (80.4843263 6.570696),POINT (80.484326 6.570696)
7013410772,1004,hamlet,0,Doloswala State,POINT (80.4685624 6.5626226),POINT (80.468562 6.562623)
7013410773,1004,hamlet,0,Doloswala,POINT (80.4742318 6.5714203),POINT (80.474232 6.57142)
7013410774,1003,village,0,Doloswalakanda,POINT (80.4642744 6.5598772),POINT (80.464274 6.559877)
7013410776,1003,village,0,Pebotuwa,POINT (80.4519354 6.5407991),POINT (80.451935 6.540799)
7014987744,1003,village,0,Hanwella,POINT (80.1179588 6.9007264),POINT (80.117959 6.900726)
7023723128,1003,village,0,Migahawatta,POINT (79.9921782 6.989692),POINT (79.992178 6.989692)
7023723129,1003,village,0,Siyambalape South,POINT (79.9896502 6.971709),POINT (79.98965 6.971709)
7023723130,1004,hamlet,0,Ganewaththa,POINT (79.9833774 6.9525778),POINT (79.983377 6.952578)
7023723131,1004,hamlet,0,Waturapata,POINT (79.9693841 6.9425584),POINT (79.969384 6.942558)
7023723132,1004,hamlet,0,Horaketiya,POINT (80.0068405 6.902238),POINT (80.00684 6.902238)
7023723133,1004,hamlet,0,Arangala,POINT (79.9653393 6.8922411),POINT (79.965339 6.892241)
7023723134,1004,hamlet,0,Patiniyawatta,POINT (79.9813499 6.897135),POINT (79.98135 6.897135)
7023723135,1003,village,0,Kothalawala,POINT (79.9797067 6.9226914),POINT (79.979707 6.922691)
7023723136,1003,village,0,Hewagama,POINT (79.9743649 6.9289821),POINT (79.974365 6.928982)
7023723137,1004,hamlet,0,Hatigalla,POINT (79.945621 6.9416801),POINT (79.945621 6.94168)
7023723138,1003,village,0,Udahamulla,POINT (79.9491601 6.9253683),POINT (79.94916 6.925368)
7023723139,1003,village,0,Himbutana,POINT (79.9392588 6.9239044),POINT (79.939259 6.923904)
7023723140,1004,hamlet,0,Housing Scheme,POINT (79.9448626 6.9183415),POINT (79.944863 6.918342)
7023723141,1003,village,0,Thalahena,POINT (79.9507612 6.9144935),POINT (79.950761 6.914494)
7023723142,1003,village,0,Thalangama North,POINT (79.944062 6.9075083),POINT (79.944062 6.907508)
7023723143,1003,village,1000,Polwatta,POINT (79.940902 6.8591952),POINT (79.940902 6.859195)
7023723144,1003,village,0,Pamunuwa,POINT (79.9289783 6.8568945),POINT (79.928978 6.856894)
7023723145,1003,village,0,Hokandara South,POINT (79.9588508 6.8726648),POINT (79.958851 6.872665)
7023723146,1004,hamlet,0,Thalangama,POINT (79.9299474 6.8889366),POINT (79.929947 6.888937)
7023723147,1004,hamlet,0,Thalangama South,POINT (79.9341607 6.8841262),POINT (79.934161 6.884126)
7023723148,1004,hamlet,0,Pelwaththa,POINT (79.9392588 6.8925757),POINT (79.939259 6.892576)
7023723149,1004,hamlet,0,Battaramulla South,POINT (79.9195826 6.8951691),POINT (79.919583 6.895169)
7023723150,1004,hamlet,0,Battaramulla North,POINT (79.9189928 6.9073828),POINT (79.918993 6.907383)
7023723151,1003,village,0,Nawala,POINT (79.8905528 6.8952109),POINT (79.890553 6.895211)
7023723152,1003,village,0,Kalapaluwawa,POINT (79.9187856 6.9190266),POINT (79.918786 6.919027)
7023723153,1003,village,0,Kotikawaththa,POINT (79.91333 6.9287686),POINT (79.91333 6.928769)
7023723154,1004,hamlet,0,Atalgoda,POINT (79.9093127 6.9306336),POINT (79.909313 6.930634)
7023723155,1004,hamlet,0,Megoda Kolonnawa,POINT (79.9005985 6.9359592),POINT (79.900598 6.935959)
7023723156,1004,hamlet,0,Brandiyawatta,POINT (79.9023413 6.9397426),POINT (79.902341 6.939743)
7023723157,1003,village,0,Maha Buthgamuwa,POINT (79.9115472 6.9438534),POINT (79.911547 6.943853)
7023723158,1004,hamlet,0,Kuda Buthgamuwa,POINT (79.9116616 6.9377904),POINT (79.911662 6.93779)
7023723159,1004,hamlet,0,Belagama,POINT (79.9219421 6.9365357),POINT (79.921942 6.936536)
7023723160,1003,village,0,Mulleriyawa North,POINT (79.9313799 6.9451097),POINT (79.93138 6.94511)
7023723161,1003,village,0,Pattiwila,POINT (79.954806 6.9532653),POINT (79.954806 6.953265)
7023723162,1003,village,0,Mabima,POINT (79.9646652 6.9531398),POINT (79.964665 6.95314)
7023723163,1003,village,0,Heiyanthuduwa,POINT (79.970943 6.961839),POINT (79.970943 6.961839)
7023723164,1003,village,0,Sapugaskanda,POINT (79.9499607 6.9674432),POINT (79.949961 6.967443)
7023723165,1003,village,0,Makola South,POINT (79.9571233 6.9751384),POINT (79.957123 6.975138)
7023723166,1003,village,0,Makola North,POINT (79.9559436 6.9819552),POINT (79.955944 6.981955)
7023723167,1003,village,0,Bollegala,POINT (79.9476434 6.9441477),POINT (79.947643 6.944148)
7023723168,1003,village,0,Gonawala,POINT (79.9376999 6.9565275),POINT (79.9377 6.956528)
7023723169,1003,village,0,Pamunuwila,POINT (79.9373207 6.9695343),POINT (79.937321 6.969534)
7023723170,1004,hamlet,0,Galedanda,POINT (79.9299895 6.9626755),POINT (79.92999 6.962676)
7023723171,1004,hamlet,0,Koholwila,POINT (79.9248071 6.9655612),POINT (79.924807 6.965561)
7023723172,1003,village,0,Wedamulla,POINT (79.9103976 6.9597061),POINT (79.910398 6.959706)
7023723173,1003,village,0,Pethiyagoda,POINT (79.9024344 6.9523034),POINT (79.902434 6.952303)
7023723174,1004,hamlet,0,Galborella,POINT (79.9005805 6.9592878),POINT (79.90058 6.959288)
7023723175,1004,hamlet,0,Matagoda,POINT (79.8830531 6.9978887),POINT (79.883053 6.997889)
7023723176,1004,hamlet,0,Meethotamulla,POINT (79.8810728 6.945277),POINT (79.881073 6.945277)
7023723177,1004,hamlet,0,Dematagoda,POINT (79.8792634 6.9388372),POINT (79.879263 6.938837)
7023723178,1003,village,0,St. Bastian,POINT (79.8589108 6.9445241),POINT (79.858911 6.944524)
7023723179,1004,hamlet,0,Maligakanda,POINT (79.8742473 6.9298855),POINT (79.874247 6.929886)
7023723180,1003,village,0,Slave Island,POINT (79.8502734 6.9246573),POINT (79.850273 6.924657)
7023723181,1004,hamlet,0,Polhengoda,POINT (79.8790504 6.886385),POINT (79.87905 6.886385)
7023723182,1004,hamlet,0,Molpe,POINT (79.8994429 6.7900843),POINT (79.899443 6.790084)
7023723183,1003,village,0,Lunawa,POINT (79.8762275 6.7879087),POINT (79.876228 6.787909)
7023723184,1003,village,0,Indibedda,POINT (79.8999485 6.7798339),POINT (79.899948 6.779834)
7023727485,1003,village,0,Moratumulla,POINT (79.8902955 6.7810575),POINT (79.890296 6.781058)
7023727486,1003,village,0,Willorawaththa,POINT (79.9019709 6.7859423),POINT (79.901971 6.785942)
7023727487,1004,hamlet,0,Kuduwamulla,POINT (79.8911427 6.7939752),POINT (79.891143 6.793975)
7023727488,1003,village,0,Rawathawatta,POINT (79.8887411 6.7915904),POINT (79.888741 6.79159)
7023727489,1004,hamlet,0,Laksapatiya,POINT (79.8849912 6.7934731),POINT (79.884991 6.793473)
7023727490,1003,village,0,Telawala,POINT (79.8917325 6.8046436),POINT (79.891732 6.804644)
7023727491,1003,village,0,Angulana,POINT (79.8731939 6.799414),POINT (79.873194 6.799414)
7023727492,1003,village,0,Kaldemulla,POINT (79.8806515 6.8072374),POINT (79.880652 6.807237)
7023727493,1004,hamlet,0,Kandawala,POINT (79.8798931 6.8215034),POINT (79.879893 6.821503)
7023727496,1010,suburb,0,Ratmalana,POINT (79.8682643 6.8197463),POINT (79.868264 6.819746)
7023727497,1003,village,0,Aththidiya,POINT (79.8854968 6.8345557),POINT (79.885497 6.834556)
7023727498,1003,village,0,Watarappola,POINT (79.8759326 6.8355179),POINT (79.875933 6.835518)
7023727499,1004,hamlet,0,Pallidora,POINT (79.873531 6.8484025),POINT (79.873531 6.848402)
7023727503,1003,village,0,Gangodawila,POINT (79.902308 6.8621652),POINT (79.902308 6.862165)
7023727504,1004,hamlet,0,Nawinna,POINT (79.9177709 6.8568945),POINT (79.917771 6.856894)
7023727509,1003,village,0,Boralesgamuwa South,POINT (79.903235 6.8394747),POINT (79.903235 6.839475)
7023727511,1010,suburb,0,Werahera,POINT (79.9057376 6.8270506),POINT (79.905738 6.827051)
7023727512,1004,hamlet,0,Borupana,POINT (79.9021625 6.8214301),POINT (79.902162 6.82143)
7023727513,1003,village,0,Thumbowila,POINT (79.9124112 6.8117272),POINT (79.912411 6.811727)
7023727514,1003,village,0,Wewala,POINT (79.9064526 6.8025566),POINT (79.906453 6.802557)
7023727515,1004,hamlet,0,Kolamunna,POINT (79.9225407 6.7937999),POINT (79.922541 6.7938)
7023727516,1003,village,0,Hedigama,POINT (79.9116365 6.7908416),POINT (79.911636 6.790842)
7023727517,1003,village,0,Delthara,POINT (79.9141391 6.783919),POINT (79.914139 6.783919)
7023727518,1004,hamlet,0,Berawawala,POINT (79.9385096 6.7847473),POINT (79.93851 6.784747)
7023727519,1004,hamlet,0,Dampe,POINT (79.9213285 6.773779),POINT (79.921328 6.773779)
7023727520,1003,village,0,Mampe,POINT (79.9285588 6.809124),POINT (79.928559 6.809124)
7023727521,1004,hamlet,0,Dulanmahara,POINT (79.9289759 6.8197144),POINT (79.928976 6.819714)
7023727522,1004,hamlet,0,Jaligoda,POINT (79.9250433 6.8145079),POINT (79.925043 6.814508)
7023727523,1003,village,0,Bokundara,POINT (79.9200381 6.8188861),POINT (79.920038 6.818886)
7023727524,1004,hamlet,0,Niwanthidiya,POINT (79.928678 6.8257491),POINT (79.928678 6.825749)
7023727525,1003,village,0,Erewwela West,POINT (79.9357686 6.8299496),POINT (79.935769 6.82995)
7023727526,1003,village,0,Erewwela East,POINT (79.949652 6.838469),POINT (79.949652 6.838469)
7023727527,1003,village,0,Pelanawaththa,POINT (79.9492945 6.8276423),POINT (79.949294 6.827642)
7023727528,1004,hamlet,0,Sangarama,POINT (79.9576365 6.8154546),POINT (79.957636 6.815455)
7023727529,1003,village,0,Siddamulla,POINT (79.9612712 6.8250391),POINT (79.961271 6.825039)
7023727530,1004,hamlet,0,Nampamunuwa,POINT (79.9451831 6.8099523),POINT (79.945183 6.809952)
7023727531,1003,village,0,Gorakapitiya,POINT (79.9484007 6.8159871),POINT (79.948401 6.815987)
7023727532,1003,village,0,Mawiththara,POINT (79.943336 6.8037399),POINT (79.943336 6.80374)
7023727533,1004,hamlet,0,Horathuduwa,POINT (79.9565639 6.7897766),POINT (79.956564 6.789777)
7023727534,1004,hamlet,0,Kudamaduwa,POINT (79.9595432 6.8034441),POINT (79.959543 6.803444)
7023727535,1003,village,0,Honnanthara,POINT (79.9526313 6.79593),POINT (79.952631 6.79593)
7023727536,1003,village,0,Makandana,POINT (79.9438127 6.7776471),POINT (79.943813 6.777647)
7023727537,1004,hamlet,0,Niungama,POINT (79.9545976 6.7800138),POINT (79.954598 6.780014)
7023727538,1003,village,0,Halpita,POINT (79.9509629 6.7824989),POINT (79.950963 6.782499)
7023727539,1003,village,0,Palagama,POINT (79.9626416 6.7705468),POINT (79.962642 6.770547)
7023727540,1003,village,0,Weniwelakola,POINT (79.984867 6.7729135),POINT (79.984867 6.772914)
7023727541,1004,hamlet,0,Mattegoda Waththa,POINT (79.9750354 6.8151588),POINT (79.975035 6.815159)
7023727542,1004,hamlet,0,Niyandagala,POINT (79.9818281 6.833381),POINT (79.981828 6.833381)
7023727543,1003,village,0,Kottawa South,POINT (79.9695535 6.8488221),POINT (79.969554 6.848822)
7023727544,1003,village,0,Kottawa North,POINT (79.9652634 6.860654),POINT (79.965263 6.860654)
7023727545,1004,hamlet,0,Morahena,POINT (79.9732478 6.8706517),POINT (79.973248 6.870652)
7023727546,1003,village,0,Walgama,POINT (79.9843903 6.8639669),POINT (79.98439 6.863967)
7023727547,1003,village,0,Pore,POINT (79.9846756 6.879845),POINT (79.984676 6.879845)
7023727548,1003,village,0,Oruwala,POINT (79.9955328 6.8919479),POINT (79.995533 6.891948)
7023727549,1003,village,0,Nawagamuwa,POINT (80.0153093 6.9081776),POINT (80.015309 6.908178)
7023727550,1004,hamlet,0,Kurunduwatta,POINT (80.0154357 6.9215203),POINT (80.015436 6.92152)
7023727551,1004,hamlet,0,Kotunna,POINT (79.9964336 6.9555656),POINT (79.996434 6.955566)
7023727552,1004,hamlet,0,Homagama South,POINT (79.9982032 6.8392829),POINT (79.998203 6.839283)
7023727553,1003,village,0,Palannoruwa,POINT (80.0092152 6.777941),POINT (80.009215 6.777941)
7023727554,1004,hamlet,0,Yahalakele,POINT (80.0439599 6.7952721),POINT (80.04396 6.795272)
7023727555,1004,hamlet,0,Pitipana,POINT (80.0242837 6.8079487),POINT (80.024284 6.807949)
7023727556,1004,hamlet,0,Hettiwaththa,POINT (80.0483839 6.8568945),POINT (80.048384 6.856894)
7023727557,1004,hamlet,0,Nonawaththa,POINT (80.0480047 6.8645915),POINT (80.048005 6.864592)
7023727558,1003,village,0,Uda Mapitigama,POINT (80.0434965 6.9223568),POINT (80.043496 6.922357)
7023727559,1003,village,0,Pahala Mapitigama,POINT (80.0360389 6.9325205),POINT (80.036039 6.93252)
7023727560,1003,village,0,Indolamulla,POINT (80.0543247 6.9567366),POINT (80.054325 6.956737)
7023727561,1004,hamlet,0,Diyakawita,POINT (80.0466143 6.9535581),POINT (80.046614 6.953558)
7023727562,1004,hamlet,0,Moaragala,POINT (80.034185 6.964432),POINT (80.034185 6.964432)
7023727563,1003,village,0,Parangoda,POINT (80.0342271 6.9720436),POINT (80.034227 6.972044)
7023727564,1004,hamlet,0,Pananwala,POINT (80.0328368 6.9789023),POINT (80.032837 6.978902)
7026194301,1003,village,0,Lankagama,POINT (80.4556221 6.3706243),POINT (80.455622 6.370624)
7037701082,1003,village,0,Siraj Nagar,POINT (81.0837614 8.4816401),POINT (81.083761 8.48164)
7037723358,1003,village,0,Wendrasanpura,POINT (81.0222952 8.3987968),POINT (81.022295 8.398797)
7043168269,1003,village,0,Inginimitiya,POINT (80.1273027 7.9593963),POINT (80.127303 7.959396)
7066604319,1004,hamlet,0,Pandithayakumbura,POINT (80.8890858 7.0334259),POINT (80.889086 7.033426)
7079466793,1004,hamlet,0,Heenbaranduwa,POINT (80.5025054 6.6850271),POINT (80.502505 6.685027)
7079466799,1003,village,0,Banagoda,POINT (80.503765 6.6956858),POINT (80.503765 6.695686)
7079484610,1004,hamlet,0,Kempanawatta,POINT (80.5190173 6.6961635),POINT (80.519017 6.696164)
7101673219,1002,town,0,Wanduramba,POINT (80.254981 6.1346571),POINT (80.254981 6.134657)
7104071808,1004,hamlet,0,6th Mile Post,POINT (81.1548957 8.5623888),POINT (81.154896 8.562389)
7123799865,1003,village,0,Pahalakalugala,POINT (80.4542876 6.9836302),POINT (80.454288 6.98363)
7123856476,1003,village,0,Aliwatte,POINT (80.3061048 7.0126115),POINT (80.306105 7.012612)
7123903547,1003,village,0,Kabulumulla,POINT (80.2742586 7.0263266),POINT (80.274259 7.026327)
7176495556,1003,village,0,Hunuwala,POINT (80.5929268 6.6111048),POINT (80.592927 6.611105)
7177426335,1004,hamlet,0,Hellbodde State,POINT (80.6653299 7.0861213),POINT (80.66533 7.086121)
7177426336,1004,hamlet,0,Helbodagama,POINT (80.6600171 7.0805121),POINT (80.660017 7.080512)
7180635035,1003,village,0,Kangawa,POINT (81.6638028 7.3162403),POINT (81.663803 7.31624)
7180913089,1004,hamlet,0,Samagipura,POINT (81.3885114 7.5408096),POINT (81.388511 7.54081)
7180943822,1003,village,0,Kekirihena,POINT (81.325832 7.501485),POINT (81.325832 7.501485)
7180944397,1004,hamlet,0,Harasgala,POINT (81.3165011 7.4917286),POINT (81.316501 7.491729)
7180953811,1003,village,0,Serankada,POINT (81.278475 7.4559017),POINT (81.278475 7.455902)
7180967587,1003,village,0,Palathuruwella,POINT (81.292806 7.4711089),POINT (81.292806 7.471109)
7181736322,1003,village,0,Pitigoda,POINT (80.8565493 7.2288523),POINT (80.856549 7.228852)
7182328813,1004,hamlet,0,Udawela,POINT (80.5280299 7.29974),POINT (80.52803 7.29974)
7184089113,1003,village,0,Raithalawela,POINT (80.6540861 7.4036981),POINT (80.654086 7.403698)
7189259518,1003,village,0,Gonawala Kelaniya,POINT (79.9269127 6.9526347),POINT (79.926913 6.952635)
7189298896,1003,village,0,Ihala Bomiriya,POINT (80.0115649 6.9284847),POINT (80.011565 6.928485)
7193504588,1004,hamlet,0,Hadley,POINT (80.6216401 6.881112),POINT (80.62164 6.881112)
7193504589,1050,locality,0,Hadley,POINT (80.6184912 6.8838867),POINT (80.618491 6.883887)
7194868822,1003,village,0,Udubaddawa,POINT (79.968157 7.4850331),POINT (79.968157 7.485033)
7195686539,1003,village,2000,Kurundugahahetekma,POINT (80.1400092 6.2753311),POINT (80.140009 6.275331)
7196699312,1004,hamlet,0,Kaloogala,POINT (81.1131032 6.8467056),POINT (81.113103 6.846706)
7196699313,1004,hamlet,0,Udaperuwa,POINT (80.9538361 6.950366),POINT (80.953836 6.950366)
7196699314,1004,hamlet,0,Imbulgashinna,POINT (80.9494601 6.9546279),POINT (80.94946 6.954628)
7196699315,1004,hamlet,0,Udaweriya,POINT (80.8424881 6.7961106),POINT (80.842488 6.796111)
7201190196,1004,hamlet,0,Beddegama,POINT (80.756413 7.3884616),POINT (80.756413 7.388462)
7201190197,1004,hamlet,0,Thawalanthenna,POINT (80.7550046 7.3960451),POINT (80.755005 7.396045)
7201190198,1004,hamlet,0,Haagalla,POINT (80.7623104 7.3989303),POINT (80.76231 7.39893)
7201190199,1004,hamlet,0,Hagala State,POINT (80.7651061 7.4100162),POINT (80.765106 7.410016)
7201190200,1004,hamlet,0,Kandaketiya State,POINT (80.7481465 7.4092709),POINT (80.748146 7.409271)
7201190201,1050,locality,0,Kandakettiya,POINT (80.7520052 7.4099958),POINT (80.752005 7.409996)
7203633703,1050,locality,0,Duckwari,POINT (80.7922919 7.3590815),POINT (80.792292 7.359082)
7203633704,1050,locality,0,Cottaganga State,POINT (80.7964189 7.3681553),POINT (80.796419 7.368155)
7203633705,1003,village,0,Kotaganga,POINT (80.7968324 7.3732187),POINT (80.796832 7.373219)
7203633743,1004,hamlet,0,Goomera,POINT (80.7653475 7.3947965),POINT (80.765348 7.394796)
7205314154,1003,village,0,Madulkelle,POINT (80.7339013 7.398664),POINT (80.733901 7.398664)
7206291313,1004,hamlet,0,Dunsinane Upper,POINT (80.6863019 6.9893239),POINT (80.686302 6.989324)
7206291314,1004,hamlet,0,Pundaluoya South,POINT (80.6828751 6.9974858),POINT (80.682875 6.997486)
7206291315,1050,locality,0,Pundaloya,POINT (80.6834721 6.9994291),POINT (80.683472 6.999429)
7209083868,1004,hamlet,0,Dessford,POINT (80.7359247 6.9166532),POINT (80.735925 6.916653)
7211896231,1004,hamlet,0,Holyrood,POINT (80.6645447 6.9484703),POINT (80.664545 6.94847)
7221630208,1003,village,0,Kithalawa,POINT (80.109762 7.4607943),POINT (80.109762 7.460794)
7241718098,1003,village,0,Aluthwela,POINT (81.0462257 6.6324723),POINT (81.046226 6.632472)
7244388574,1050,locality,0,Airport Interchange,POINT (81.1073184 6.3045174),POINT (81.107318 6.304517)
7244388575,1004,hamlet,0,Padawkema,POINT (81.1808539 6.3619933),POINT (81.180854 6.361993)
7245570085,1050,locality,0,Andarawewa Interchange,POINT (81.0564637 6.2818773),POINT (81.056464 6.281877)
7249454611,1050,locality,0,Wetiya Interchange,POINT (80.9312071 6.2331915),POINT (80.931207 6.233192)
7249454623,1050,locality,0,Suriyawewa Inrerchange,POINT (81.0054749 6.2709249),POINT (81.005475 6.270925)
7249489717,1050,locality,0,Angunakolapelessa Interchange,POINT (80.8771151 6.1867794),POINT (80.877115 6.186779)
7249562985,1050,locality,0,Kasagala Interchange,POINT (80.8193357 6.1298382),POINT (80.819336 6.129838)
7249756100,1050,locality,0,Beliatta Interchange,POINT (80.7366986 6.0648894),POINT (80.736699 6.064889)
7249756101,1050,locality,0,Beliatta Interchange,POINT (80.7291273 6.0576622),POINT (80.729127 6.057662)
7249807226,1050,locality,0,Aparekka Interchange,POINT (80.6073802 6.0088499),POINT (80.60738 6.00885)
7249860302,1050,locality,0,Godagama Interchange,POINT (80.4998501 5.9900631),POINT (80.49985 5.990063)
7271385734,1050,locality,0,Pelenda State,POINT (80.2570052 6.5685364),POINT (80.257005 6.568536)
7271385737,1004,hamlet,0,Pelenda West,POINT (80.2396242 6.5578002),POINT (80.239624 6.5578)
7271385742,1003,village,0,Pelenda,POINT (80.2551442 6.561838),POINT (80.255144 6.561838)
7271385743,1004,hamlet,0,Morapitiya,POINT (80.2690329 6.5376657),POINT (80.269033 6.537666)
7271385922,1004,hamlet,0,Puwakgahawela,POINT (80.1662466 6.3532547),POINT (80.166247 6.353255)
7273820925,1004,hamlet,0,Colony 9,POINT (81.1882567 6.6405343),POINT (81.188257 6.640534)
7273821258,1004,hamlet,0,Komarikagoda,POINT (81.1994791 6.6750507),POINT (81.199479 6.675051)
7273821259,1003,village,0,Thalakolawewa,POINT (81.187641 6.6379184),POINT (81.187641 6.637918)
7276376658,1003,village,0,Malulla,POINT (80.790253 7.19078),POINT (80.790253 7.19078)
7276376659,1004,hamlet,0,Gonagantenna,POINT (80.7828012 7.1960729),POINT (80.782801 7.196073)
7276376661,1004,hamlet,0,Dimbulkumbura,POINT (80.8035464 7.1427498),POINT (80.803546 7.14275)
7276376662,1003,village,0,Happawara,POINT (80.8346274 7.1656552),POINT (80.834627 7.165655)
7276376663,1004,hamlet,0,Udawaththa,POINT (80.7953986 7.1819591),POINT (80.795399 7.181959)
7276376664,1004,hamlet,0,Sangarajagama,POINT (80.7821201 7.1849251),POINT (80.78212 7.184925)
7276376665,1003,village,0,Galauda,POINT (80.8169418 7.1725494),POINT (80.816942 7.172549)
7276376666,1003,village,0,Illagolla,POINT (80.8225992 7.1542919),POINT (80.822599 7.154292)
7276376676,1004,hamlet,0,Udagalauda,POINT (80.8151483 7.1633502),POINT (80.815148 7.16335)
7276376677,1004,hamlet,0,Lemasooriya,POINT (80.8337033 7.1540599),POINT (80.833703 7.15406)
7276381710,1004,hamlet,0,Bogamuwa,POINT (80.8051779 7.1368555),POINT (80.805178 7.136856)
7276381715,1004,hamlet,0,Moragolla,POINT (80.8159876 7.1471815),POINT (80.815988 7.147182)
7276381717,1004,hamlet,0,Pallewela,POINT (80.804324 7.1304797),POINT (80.804324 7.13048)
7289223202,1004,hamlet,0,Janapadagama,POINT (80.8577615 7.1037057),POINT (80.857762 7.103706)
7289223203,1004,hamlet,0,Gurugalaella,POINT (80.870675 7.1143361),POINT (80.870675 7.114336)
7289223212,1004,hamlet,0,Liyanwela Pahala,POINT (80.8321055 7.1135984),POINT (80.832106 7.113598)
7289223213,1003,village,0,kumbalgamuwa,POINT (80.854971 7.1129661),POINT (80.854971 7.112966)
7289223214,1004,hamlet,0,Manelwala,POINT (80.8685659 7.1014631),POINT (80.868566 7.101463)
7289223215,1004,hamlet,0,Bulugolla,POINT (80.8747413 7.1066123),POINT (80.874741 7.106612)
7297259282,1003,village,0,Ralapanawa,POINT (80.0896105 8.0606876),POINT (80.08961 8.060688)
7299234751,1003,village,0,Adawatte State,POINT (81.2005444 7.0752953),POINT (81.200544 7.075295)
7299245644,1004,hamlet,0,Shawlands State,POINT (81.1815214 7.0404351),POINT (81.181521 7.040435)
7299245645,1004,hamlet,0,Shawlands,POINT (81.1898568 7.0341873),POINT (81.189857 7.034187)
7301535396,1004,hamlet,0,Gadadehigolla,POINT (81.118294 7.0486152),POINT (81.118294 7.048615)
7301535397,1003,village,0,Paalaawaththa,POINT (81.1063528 7.0488281),POINT (81.106353 7.048828)
7303166277,1004,hamlet,0,Wewathenna,POINT (81.0069287 7.1337521),POINT (81.006929 7.133752)
7303166282,1003,village,0,Maliyadda,POINT (81.0111183 7.116282),POINT (81.011118 7.116282)
7303232295,1004,hamlet,0,Kohana,POINT (81.04519 7.0446238),POINT (81.04519 7.044624)
7303232296,1004,hamlet,0,Kimbullewa,POINT (81.0348955 7.0648964),POINT (81.034896 7.064896)
7303232297,1004,hamlet,0,Budugekanda,POINT (81.0280626 7.0736481),POINT (81.028063 7.073648)
7303232298,1003,village,0,Tennepanguwa,POINT (81.0101136 7.0791563),POINT (81.010114 7.079156)
7308560681,1004,hamlet,0,Sooriyagolla,POINT (81.1329603 7.1073445),POINT (81.13296 7.107344)
7308560682,1004,hamlet,0,Roeberry State,POINT (81.1259281 7.1383951),POINT (81.125928 7.138395)
7308560683,1004,hamlet,0,Wewathenna,POINT (81.1198872 7.1046456),POINT (81.119887 7.104646)
7308560684,1004,hamlet,0,Kalukele,POINT (81.1071253 7.154612),POINT (81.107125 7.154612)
7308575144,1004,hamlet,0,Bogahatenna,POINT (81.1024287 7.1138706),POINT (81.102429 7.113871)
7308575153,1003,village,0,Kalugahakandura,POINT (81.0973477 7.1219543),POINT (81.097348 7.121954)
7308575158,1004,hamlet,0,Kanugolla,POINT (81.0775059 7.1290583),POINT (81.077506 7.129058)
7308575159,1004,hamlet,0,Komarika,POINT (81.0662689 7.1286642),POINT (81.066269 7.128664)
7309531980,1003,village,0,Maha-elagamuwa,POINT (80.6145712 7.9890831),POINT (80.614571 7.989083)
7309598486,1004,hamlet,0,Elagamuwa,POINT (80.6260732 7.9986985),POINT (80.626073 7.998698)
7309598505,1004,hamlet,0,Rathmalkanda,POINT (80.6443831 8.02696),POINT (80.644383 8.02696)
7309598507,1004,hamlet,0,Galkadawala,POINT (80.6892237 8.0299466),POINT (80.689224 8.029947)
7309598516,1003,village,0,Bellankadawala,POINT (80.670054 8.0021011),POINT (80.670054 8.002101)
7311912546,1003,village,0,Malwala,POINT (80.4334644 6.7072814),POINT (80.433464 6.707281)
7311912577,1004,hamlet,0,Bambarabotuwa,POINT (80.5398382 6.7103944),POINT (80.539838 6.710394)
7311912582,1004,hamlet,0,Dehenakanda,POINT (80.542016 6.724013),POINT (80.542016 6.724013)
7311914166,1003,village,0,Hapugasthenna State,POINT (80.5254193 6.7333762),POINT (80.525419 6.733376)
7316514993,1004,hamlet,0,Maliboda State,POINT (80.4285225 6.8910012),POINT (80.428522 6.891001)
7316515004,1004,hamlet,0,Magala,POINT (80.4150697 6.8757462),POINT (80.41507 6.875746)
7316515005,1004,hamlet,0,Pothdenikanda,POINT (80.3968113 6.8903161),POINT (80.396811 6.890316)
7316515006,1004,hamlet,0,Dikellakanda,POINT (80.4413087 6.8728361),POINT (80.441309 6.872836)
7316515007,1004,hamlet,0,Uda Maliboda,POINT (80.4355971 6.8844414),POINT (80.435597 6.884441)
7316515008,1003,village,0,Maliboda,POINT (80.4134113 6.8911399),POINT (80.413411 6.89114)
7319933587,1003,village,0,Miyanawita,POINT (80.3591066 6.8857441),POINT (80.359107 6.885744)
7319940241,1004,hamlet,0,Batathota,POINT (80.379391 6.8294411),POINT (80.379391 6.829441)
7319940325,1003,village,0,Sudagala,POINT (80.3792102 6.8010383),POINT (80.37921 6.801038)
7319940346,1004,hamlet,0,Kosgahakanda,POINT (80.3706308 6.8708661),POINT (80.370631 6.870866)
7319940821,1003,village,0,Yatiwala,POINT (80.3932349 6.8607493),POINT (80.393235 6.860749)
7321804605,1003,village,0,Udagama,POINT (81.1327281 6.955286),POINT (81.132728 6.955286)
7323226136,1004,hamlet,0,Kandepuhulpola,POINT (80.8608033 6.8358434),POINT (80.860803 6.835843)
7323226259,1004,hamlet,0,Olugama,POINT (80.8793281 6.8337485),POINT (80.879328 6.833748)
7328966425,1050,locality,0,Edward Hill,POINT (80.6207627 7.1047453),POINT (80.620763 7.104745)
7328966426,1050,locality,0,New Peacock Group,POINT (80.6038141 7.089735),POINT (80.603814 7.089735)
7328980320,1004,hamlet,0,Atabage Pallegama,POINT (80.6067445 7.1350903),POINT (80.606744 7.13509)
7332113364,1004,hamlet,0,Haliyadda,POINT (80.5342015 7.2731197),POINT (80.534202 7.27312)
7332113365,1004,hamlet,0,Urapola,POINT (80.5412865 7.2682337),POINT (80.541286 7.268234)
7332113603,1004,hamlet,0,Alanduwaka,POINT (80.5413783 7.2542305),POINT (80.541378 7.25423)
7343361148,1003,village,1000,Ranawana,POINT (80.6192288 7.3315448),POINT (80.619229 7.331545)
7343361149,1004,hamlet,0,Uduwawala,POINT (80.6064029 7.3327562),POINT (80.606403 7.332756)
7343361150,1004,hamlet,0,Yatiwawala,POINT (80.6135956 7.3264171),POINT (80.613596 7.326417)
7344227723,1004,hamlet,0,Rahathungoda,POINT (80.7656372 7.107773),POINT (80.765637 7.107773)
7344227752,1004,hamlet,0,Hapuhinna,POINT (80.786677 7.0878925),POINT (80.786677 7.087892)
7344227753,1004,hamlet,0,Rockwood State,POINT (80.7659508 7.0896205),POINT (80.765951 7.08962)
7344227754,1004,hamlet,0,Rahatungoda State,POINT (80.7748675 7.1013577),POINT (80.774868 7.101358)
7344227755,1004,hamlet,0,Eastland State,POINT (80.7825965 7.0956964),POINT (80.782596 7.095696)
7356708203,1004,hamlet,0,Diyagama East,POINT (80.7748175 6.8392313),POINT (80.774818 6.839231)
7356708204,1004,hamlet,0,Diyagama,POINT (80.7635242 6.8477451),POINT (80.763524 6.847745)
7356739621,1004,hamlet,0,Sandringham State,POINT (80.7480023 6.8419225),POINT (80.748002 6.841922)
7356740475,1004,hamlet,0,Weverley State,POINT (80.7257134 6.8579475),POINT (80.725713 6.857948)
7356742264,1004,hamlet,0,Glasgow State,POINT (80.726161 6.8721454),POINT (80.726161 6.872145)
7356742265,1004,hamlet,0,Vellekele State,POINT (80.7327498 6.8809501),POINT (80.73275 6.88095)
7356742266,1004,hamlet,0,Ouvahkele State,POINT (80.7362241 6.8899021),POINT (80.736224 6.889902)
7358947604,1003,village,0,Elapatha,POINT (80.3677248 6.6560623),POINT (80.367725 6.656062)
7358947605,1003,village,0,Kotamulla,POINT (80.3824235 6.6644904),POINT (80.382424 6.66449)
7358947606,1004,hamlet,0,Wadumulla,POINT (80.374335 6.668284),POINT (80.374335 6.668284)
7358947607,1003,village,0,Samangama,POINT (80.3454738 6.6795304),POINT (80.345474 6.67953)
7358947608,1004,hamlet,0,Raddella,POINT (80.3567906 6.6956657),POINT (80.356791 6.695666)
7358947609,1004,hamlet,0,Millawitiya,POINT (80.3422061 6.6843566),POINT (80.342206 6.684357)
7358947610,1003,village,0,Karangoda,POINT (80.3646827 6.6801558),POINT (80.364683 6.680156)
7358947620,1004,hamlet,0,Dimiyawa,POINT (80.3381279 6.7012853),POINT (80.338128 6.701285)
7358947621,1003,village,0,Dambuluwana,POINT (80.3353943 6.7108716),POINT (80.335394 6.710872)
7358947627,1004,hamlet,0,Medagalathura,POINT (80.2880082 6.7006793),POINT (80.288008 6.700679)
7358947628,1004,hamlet,0,Kandewaththa,POINT (80.3093933 6.6782635),POINT (80.309393 6.678264)
7358947629,1004,hamlet,0,Ellahena,POINT (80.3055093 6.6598629),POINT (80.305509 6.659863)
7358947630,1003,village,0,Withanagama,POINT (80.3117068 6.6602651),POINT (80.311707 6.660265)
7358947643,1003,village,0,Galathura,POINT (80.2904865 6.7097324),POINT (80.290486 6.709732)
7358947644,1004,hamlet,0,Galatura,POINT (80.2829168 6.7139402),POINT (80.282917 6.71394)
7358947653,1003,village,0,Sinhalagoda,POINT (80.2924633 6.683405),POINT (80.292463 6.683405)
7359487704,1004,hamlet,0,Alupathgala,POINT (80.3265191 6.6671541),POINT (80.326519 6.667154)
7359487847,1004,hamlet,0,Weragama,POINT (80.3341594 6.6716809),POINT (80.334159 6.671681)
7359487980,1003,village,0,Kehelowitigama,POINT (80.3230672 6.6837791),POINT (80.323067 6.683779)
7363462372,1004,hamlet,0,Kiribathgala State,POINT (80.5017088 6.6029732),POINT (80.501709 6.602973)
7363462383,1003,village,0,Kiribathgala,POINT (80.5175096 6.5984708),POINT (80.51751 6.598471)
7363462712,1003,village,0,Erabadda,POINT (80.4816522 6.6203888),POINT (80.481652 6.620389)
7363464215,1004,hamlet,0,Kiribathgala Rubber State,POINT (80.4670578 6.6086215),POINT (80.467058 6.608622)
7367150289,1004,hamlet,0,Hurathgamuwa,POINT (81.1383516 6.5607187),POINT (81.138352 6.560719)
7368541994,1003,village,0,Masimbula,POINT (80.6371001 6.4961763),POINT (80.6371 6.496176)
7368541995,1004,hamlet,0,Galamella,POINT (80.6677522 6.4837126),POINT (80.667752 6.483713)
7368542002,1003,village,0,Bibilegama,POINT (80.6601781 6.475672),POINT (80.660178 6.475672)
7368542037,1004,hamlet,0,Meddegama,POINT (80.6477 6.4932527),POINT (80.6477 6.493253)
7372635336,1004,hamlet,0,Thambagamuwa,POINT (80.7055528 6.4706812),POINT (80.705553 6.470681)
7372645539,1004,hamlet,0,Udagama,POINT (80.6930007 6.4693551),POINT (80.693001 6.469355)
7372646517,1004,hamlet,0,Wilaboda,POINT (80.6726342 6.4619119),POINT (80.672634 6.461912)
7375970935,1004,hamlet,0,Pathulpana State,POINT (80.4503708 6.6586616),POINT (80.450371 6.658662)
7380324793,1004,hamlet,0,Egoda Malwala,POINT (80.4368241 6.6995653),POINT (80.436824 6.699565)
7380324794,1004,hamlet,0,Hiriliyadda,POINT (80.4799148 6.6753064),POINT (80.479915 6.675306)
7380324795,1004,hamlet,0,Mawella,POINT (80.4739804 6.683068),POINT (80.47398 6.683068)
7380324796,1004,hamlet,0,Landsdown State,POINT (80.4529667 6.6901368),POINT (80.452967 6.690137)
7380324797,1004,hamlet,0,Denagammana,POINT (80.4654001 6.6733856),POINT (80.4654 6.673386)
7380324798,1003,village,0,Gonakumbura,POINT (80.4614425 6.6847168),POINT (80.461442 6.684717)
7380325525,1004,hamlet,0,Hedgefield State,POINT (80.4451004 6.6786081),POINT (80.4451 6.678608)
7380325526,1004,hamlet,0,Athugala,POINT (80.448828 6.6817643),POINT (80.448828 6.681764)
7382979560,1004,hamlet,0,Glenelvah State,POINT (80.5864474 6.4772946),POINT (80.586447 6.477295)
7382979666,1003,village,0,Pannila,POINT (80.5481797 6.4912466),POINT (80.54818 6.491247)
7382979683,1004,hamlet,0,Gangoda,POINT (80.5958792 6.4755138),POINT (80.595879 6.475514)
7386221249,1050,locality,0,Lanark State,POINT (80.6360349 6.4878193),POINT (80.636035 6.487819)
7386221278,1004,hamlet,0,Udawaththakele,POINT (80.6154893 6.483981),POINT (80.615489 6.483981)
7386284518,1004,hamlet,0,Horamulla State,POINT (80.5941002 6.4963936),POINT (80.5941 6.496394)
7386284519,1004,hamlet,0,Horamulla,POINT (80.5841595 6.4952387),POINT (80.58416 6.495239)
7386284861,1003,village,0,Weralugahamula,POINT (80.6016999 6.4893892),POINT (80.6017 6.489389)
7386285171,1004,hamlet,0,Karanketiya State,POINT (80.6070867 6.4865922),POINT (80.607087 6.486592)
7388597942,1003,village,0,Demuwaththa,POINT (80.5827078 6.5045741),POINT (80.582708 6.504574)
7389658068,1004,hamlet,0,Angammana,POINT (80.424242 6.6767138),POINT (80.424242 6.676714)
7390590589,1003,village,0,Boralankada,POINT (80.3355825 6.9701825),POINT (80.335582 6.970182)
7390590636,1004,hamlet,0,Iluktenne State,POINT (80.3265935 6.9454752),POINT (80.326594 6.945475)
7411161271,1004,hamlet,0,Bogawana,POINT (80.685274 6.7978526),POINT (80.685274 6.797853)
7411317406,1004,hamlet,0,Eildon Hall State,POINT (80.6597911 6.9097094),POINT (80.659791 6.909709)
7411331108,1003,village,0,Crystlers Farm,POINT (80.605638 6.9100886),POINT (80.605638 6.910089)
7411331109,1004,hamlet,0,Senside,POINT (80.6285119 6.9123786),POINT (80.628512 6.912379)
7411331110,1004,hamlet,0,Kotagalakele,POINT (80.6227257 6.9021185),POINT (80.622726 6.902118)
7411331111,1004,hamlet,0,Wellington,POINT (80.6116733 6.902074),POINT (80.611673 6.902074)
7411331112,1004,hamlet,0,Drayton State,POINT (80.615251 6.9199513),POINT (80.615251 6.919951)
7414119979,1004,hamlet,0,Mount Vernon,POINT (80.6239629 6.9570781),POINT (80.623963 6.957078)
7414119980,1004,hamlet,0,Mountvernon State,POINT (80.617546 6.960769),POINT (80.617546 6.960769)
7414125788,1004,hamlet,0,Belton,POINT (80.6197651 7.0008109),POINT (80.619765 7.000811)
7414126963,1004,hamlet,0,Rawanagoda,POINT (80.6265935 7.014225),POINT (80.626594 7.014225)
7414126964,1003,village,0,Wijayabahukanda,POINT (80.632562 7.0108634),POINT (80.632562 7.010863)
7414126966,1004,hamlet,0,Dunukedeniya,POINT (80.6423253 7.0091529),POINT (80.642325 7.009153)
7414126971,1004,hamlet,0,Halpola,POINT (80.6460077 7.0190718),POINT (80.646008 7.019072)
7414126972,1004,hamlet,0,Bogahawela,POINT (80.6493261 7.0210937),POINT (80.649326 7.021094)
7414127196,1003,village,0,Fernlands State,POINT (80.6564873 7.0055058),POINT (80.656487 7.005506)
7414127197,1004,hamlet,0,Harrow,POINT (80.6626315 7.0073181),POINT (80.662632 7.007318)
7414127198,1004,hamlet,0,Kaipoogalla,POINT (80.6534913 7.0107875),POINT (80.653491 7.010788)
7414127200,1004,hamlet,0,Wewahena,POINT (80.6488752 7.0246571),POINT (80.648875 7.024657)
7414127201,1004,hamlet,0,Maussawa,POINT (80.6415903 7.0192664),POINT (80.64159 7.019266)
7419772144,1004,hamlet,0,Halgolla,POINT (80.5751883 7.0480065),POINT (80.575188 7.048006)
7419783471,1004,hamlet,0,Doombagastalawa State,POINT (80.6222421 7.0245406),POINT (80.622242 7.024541)
7419783472,1004,hamlet,0,Kataboola,POINT (80.5899418 7.0113705),POINT (80.589942 7.01137)
7419783473,1004,hamlet,0,Hoonookotuwa,POINT (80.6082505 7.0162076),POINT (80.60825 7.016208)
7425693947,1004,hamlet,0,Katugolla,POINT (80.6108844 7.0345306),POINT (80.610884 7.034531)
7438515442,1003,village,0,Dekinda,POINT (80.5176922 7.00794),POINT (80.517692 7.00794)
7438515443,1004,hamlet,0,Hyndford A,POINT (80.5260086 7.0347729),POINT (80.526009 7.034773)
7438515444,1003,village,0,Bawwagama,POINT (80.5311906 7.0425246),POINT (80.531191 7.042525)
7537060900,1004,hamlet,0,May Molly,POINT (80.69377 7.0938073),POINT (80.69377 7.093807)
7537066700,1050,locality,0,Pooiagode,POINT (80.7106886 7.073686),POINT (80.710689 7.073686)
7537066701,1050,locality,0,Protoft,POINT (80.7077866 7.0694594),POINT (80.707787 7.069459)
7537066702,1050,locality,0,Broom Hill,POINT (80.7150936 7.0766818),POINT (80.715094 7.076682)
7537066703,1050,locality,0,Rushbrook,POINT (80.7145464 7.0683663),POINT (80.714546 7.068366)
7537511080,1004,hamlet,0,Wawendon,POINT (80.6934263 7.0672374),POINT (80.693426 7.067237)
7555735345,1004,hamlet,0,Denike,POINT (80.7874003 7.1340237),POINT (80.7874 7.134024)
7555746221,1004,hamlet,0,Wilawala,POINT (80.7813675 7.1248903),POINT (80.781368 7.12489)
7555746374,1004,hamlet,0,Ratland,POINT (80.7841327 7.1164327),POINT (80.784133 7.116433)
7606592641,1004,hamlet,0,Rambuka,POINT (80.508703 6.4651367),POINT (80.508703 6.465137)
7628273318,1004,hamlet,0,Delmar,POINT (80.8840216 7.0021301),POINT (80.884022 7.00213)
7628273319,1004,hamlet,0,Samagipura,POINT (80.8619738 6.9885476),POINT (80.861974 6.988548)
7629941570,1004,hamlet,0,Hatale,POINT (80.7265145 7.3768577),POINT (80.726514 7.376858)
7629941571,1004,hamlet,0,Hatale State,POINT (80.7254554 7.3893944),POINT (80.725455 7.389394)
7629942196,1004,hamlet,0,Wattekele,POINT (80.7366317 7.4267966),POINT (80.736632 7.426797)
7629946627,1004,hamlet,0,Mahapathana,POINT (80.7281828 7.4176019),POINT (80.728183 7.417602)
7629946639,1004,hamlet,0,Kellebokka State,POINT (80.7223388 7.4274097),POINT (80.722339 7.42741)
7629946640,1003,village,0,Kelebokka,POINT (80.7176338 7.4388357),POINT (80.717634 7.438836)
7637457472,1004,hamlet,0,Alagalla State,POINT (80.4816127 7.2953902),POINT (80.481613 7.29539)
7637726236,1004,hamlet,0,thorapitiya,POINT (80.9411502 7.3723198),POINT (80.94115 7.37232)
7653396590,1003,village,0,Pallepitiya South,POINT (80.5411144 7.1069143),POINT (80.541114 7.106914)
7653396591,1004,hamlet,0,Pallepitiya,POINT (80.5365457 7.1252592),POINT (80.536546 7.125259)
7653396593,1004,hamlet,0,Katukithula,POINT (80.5404389 7.0892505),POINT (80.540439 7.08925)
7653396594,1004,hamlet,0,Weligodawatte,POINT (80.530651 7.0748575),POINT (80.530651 7.074858)
7653396595,1004,hamlet,0,Cholankanda,POINT (80.5243922 7.0757081),POINT (80.524392 7.075708)
7653396596,1004,hamlet,0,Shamrock,POINT (80.5305125 7.0636752),POINT (80.530512 7.063675)
7653421032,1003,village,0,Uduwella,POINT (80.5001651 7.1035713),POINT (80.500165 7.103571)
7653421052,1004,hamlet,0,Mossville State,POINT (80.4942915 7.0986675),POINT (80.494292 7.098668)
7653421537,1003,village,0,Paragala,POINT (80.5034888 7.0849998),POINT (80.503489 7.085)
7653421538,1004,hamlet,0,Craighead Estate,POINT (80.5227763 7.0838466),POINT (80.522776 7.083847)
7653421543,1004,hamlet,0,Alugolla,POINT (80.4862657 7.0903088),POINT (80.486266 7.090309)
7653421544,1004,hamlet,0,Baranagala Estate,POINT (80.4926601 7.0880855),POINT (80.49266 7.088086)
7653421687,1004,hamlet,0,Raxawa,POINT (80.4968028 7.0808345),POINT (80.496803 7.080834)
7655409874,1004,hamlet,0,Doruwadeniya,POINT (80.5437702 7.0725161),POINT (80.54377 7.072516)
7660344416,1002,town,0,Medawachchiya,POINT (80.492996 8.5387775),POINT (80.492996 8.538778)
7660344425,1003,village,0,Kelabogaswewa,POINT (80.6562672 8.8723097),POINT (80.656267 8.87231)
7667611290,1004,hamlet,0,Mocha Division,POINT (80.5619716 6.8074029),POINT (80.561972 6.807403)
7667611291,1004,hamlet,0,Scarborough,POINT (80.6002857 6.7867677),POINT (80.600286 6.786768)
7667611292,1003,village,0,Mocha,POINT (80.5704722 6.8036183),POINT (80.570472 6.803618)
7667611293,1004,hamlet,0,Deeside,POINT (80.5876055 6.8021175),POINT (80.587606 6.802118)
7667611294,1004,hamlet,0,Midlothian,POINT (80.5804939 6.797306),POINT (80.580494 6.797306)
7667611295,1004,hamlet,0,Dieside,POINT (80.5936119 6.7976626),POINT (80.593612 6.797663)
7667611305,1004,hamlet,0,Glennugie,POINT (80.5965316 6.8032496),POINT (80.596532 6.80325)
7667611306,1004,hamlet,0,Suriakande,POINT (80.6187272 6.7755061),POINT (80.618727 6.775506)
7667611307,1004,hamlet,0,Ladbroks,POINT (80.6120217 6.7819677),POINT (80.612022 6.781968)
7667611309,1004,hamlet,0,Alukwatta,POINT (80.6046188 6.7718784),POINT (80.604619 6.771878)
7667611310,1004,hamlet,0,Strathspey Group,POINT (80.5889376 6.7794899),POINT (80.588938 6.77949)
7667611311,1003,village,0,Strathspey State,POINT (80.5980793 6.779392),POINT (80.598079 6.779392)
7667611336,1004,hamlet,0,Fairlawn,POINT (80.6286514 6.7730371),POINT (80.628651 6.773037)
7667611337,1003,village,0,Brunswick Estate,POINT (80.5828211 6.8184604),POINT (80.582821 6.81846)
7667611338,1004,hamlet,0,Gawarawila,POINT (80.6064615 6.7920487),POINT (80.606462 6.792049)
7674122058,1003,village,0,Castlereigh,POINT (80.564771 6.8727668),POINT (80.564771 6.872767)
7674122059,1004,hamlet,0,Lethenty,POINT (80.5642343 6.8782556),POINT (80.564234 6.878256)
7674122218,1004,hamlet,0,Montefiore,POINT (80.5711341 6.8946233),POINT (80.571134 6.894623)
7674122219,1004,hamlet,0,Strathdon,POINT (80.5814953 6.9070809),POINT (80.581495 6.907081)
7674122230,1003,village,0,Shanon,POINT (80.5787251 6.9051188),POINT (80.578725 6.905119)
7674122231,1050,locality,0,Shanon,POINT (80.5692672 6.9028673),POINT (80.569267 6.902867)
7674122232,1004,hamlet,0,Abbotsleigh State,POINT (80.5721154 6.8855009),POINT (80.572115 6.885501)
7675922940,1004,hamlet,0,,POINT (81.1284971 8.6228969),POINT (81.128497 8.622897)
7684604933,1004,hamlet,0,Thalgaspitiya,POINT (80.4785436 7.1753919),POINT (80.478544 7.175392)
7689248031,1004,hamlet,0,Illukpelessa,POINT (81.0986441 6.8382801),POINT (81.098644 6.83828)
7689248806,1004,hamlet,0,Kehelgama,POINT (81.1187231 6.818024),POINT (81.118723 6.818024)
7689248808,1003,village,0,Dodamgolla,POINT (81.1249162 6.8438858),POINT (81.124916 6.843886)
7699947496,1004,hamlet,0,Bambaragala Pathana,POINT (81.1331048 6.8808936),POINT (81.133105 6.880894)
7699947497,1004,hamlet,0,Kanawerella State,POINT (81.1180306 6.8964842),POINT (81.118031 6.896484)
7699947499,1004,hamlet,0,Ury State,POINT (81.1231894 6.9508964),POINT (81.123189 6.950896)
7699947500,1004,hamlet,0,Telbedde State,POINT (81.1075537 6.9803932),POINT (81.107554 6.980393)
7699947501,1003,village,0,Muthumala,POINT (81.1135733 7.0092062),POINT (81.113573 7.009206)
7699947502,1004,hamlet,0,Koorugama,POINT (81.0815171 6.7972382),POINT (81.081517 6.797238)
7699947503,1004,hamlet,0,Fellside,POINT (81.058223 6.7781895),POINT (81.058223 6.77819)
7699947504,1004,hamlet,0,Poonagalla State,POINT (81.0515219 6.7877426),POINT (81.051522 6.787743)
7699947505,1004,hamlet,0,Wewatenna,POINT (81.0518429 6.8361219),POINT (81.051843 6.836122)
7699947506,1004,hamlet,0,Pattiyakumbura,POINT (81.0595783 6.855744),POINT (81.059578 6.855744)
7699947507,1004,hamlet,0,Southerland,POINT (81.0618177 6.8728043),POINT (81.061818 6.872804)
7699947508,1004,hamlet,0,Newburgh,POINT (81.0692626 6.8773897),POINT (81.069263 6.87739)
7699947509,1004,hamlet,0,Gotuwela,POINT (81.0609578 6.8812401),POINT (81.060958 6.88124)
7699947510,1004,hamlet,0,Southam,POINT (81.0655704 6.8937126),POINT (81.06557 6.893713)
7699947511,1004,hamlet,0,Gowarakelle,POINT (81.0923125 6.900205),POINT (81.092312 6.900205)
7699947512,1004,hamlet,0,Nilgoda,POINT (81.0948237 6.9368064),POINT (81.094824 6.936806)
7699947513,1004,hamlet,0,Kottegoda,POINT (81.0897256 6.9457379),POINT (81.089726 6.945738)
7699947514,1004,hamlet,0,Weliwaththa,POINT (81.0695583 6.9509148),POINT (81.069558 6.950915)
7699947515,1004,hamlet,0,Pallegama,POINT (81.0848853 6.9521216),POINT (81.084885 6.952122)
7699947516,1004,hamlet,0,Weeriyapura,POINT (81.0730582 6.9743991),POINT (81.073058 6.974399)
7699947517,1004,hamlet,0,Rockhill,POINT (81.0725803 6.9696437),POINT (81.07258 6.969644)
7699947518,1004,hamlet,0,Imbulgoda,POINT (81.0745042 6.9651027),POINT (81.074504 6.965103)
7699947521,1004,hamlet,0,Mailgasthenna,POINT (81.0576237 6.9790644),POINT (81.057624 6.979064)
7699947522,1010,suburb,0,Kanupelella,POINT (81.0621793 6.9758148),POINT (81.062179 6.975815)
7699947523,1010,suburb,0,Hingurugamuwa,POINT (81.0676953 6.973451),POINT (81.067695 6.973451)
7699947524,1004,hamlet,0,Telbedde,POINT (81.0987131 6.9840775),POINT (81.098713 6.984078)
7699947525,1004,hamlet,0,Malangama,POINT (81.086922 6.9905703),POINT (81.086922 6.99057)
7699947526,1003,village,0,Kendagolla,POINT (81.1014542 7.0004532),POINT (81.101454 7.000453)
7699947527,1004,hamlet,0,Pusellagolla,POINT (81.0906043 6.9958853),POINT (81.090604 6.995885)
7699947528,1004,hamlet,0,Sirimalgoda,POINT (81.0817661 6.9981177),POINT (81.081766 6.998118)
7699947529,1004,hamlet,0,Jinandanagama,POINT (81.0772383 6.9877576),POINT (81.077238 6.987758)
7699947530,1004,hamlet,0,Hegoda,POINT (81.0710974 6.9895862),POINT (81.071097 6.989586)
7699947531,1004,hamlet,0,Nelumgama,POINT (81.071264 6.9980224),POINT (81.071264 6.998022)
7699947532,1004,hamlet,0,Andeniya,POINT (81.0635026 6.9971143),POINT (81.063503 6.997114)
7699947533,1004,hamlet,0,Hela Kithalella,POINT (81.0338918 6.8535752),POINT (81.033892 6.853575)
7699947534,1004,hamlet,0,Pattiyakumbura,POINT (81.0430904 6.8798831),POINT (81.04309 6.879883)
7699947535,1004,hamlet,0,Walasbedda,POINT (81.0438949 6.9005347),POINT (81.043895 6.900535)
7699947536,1004,hamlet,0,Wattepanguwa,POINT (81.0525673 6.9193343),POINT (81.052567 6.919334)
7699947537,1004,hamlet,0,Napier,POINT (81.0430955 6.9196584),POINT (81.043096 6.919658)
7699947538,1004,hamlet,0,Rookathenna,POINT (81.0305965 6.9402191),POINT (81.030596 6.940219)
7699947539,1004,hamlet,0,Deensland,POINT (81.0108191 6.9558742),POINT (81.010819 6.955874)
7699947540,1004,hamlet,0,Watugedaragama,POINT (81.0183523 6.9610889),POINT (81.018352 6.961089)
7699947541,1003,village,0,Bogahamaditta,POINT (81.0393623 6.9688127),POINT (81.039362 6.968813)
7699947542,1004,hamlet,0,Queenstown State,POINT (81.0278136 6.9713675),POINT (81.027814 6.971368)
7699947543,1010,suburb,0,Katupelella,POINT (81.0446167 6.9902426),POINT (81.044617 6.990243)
7699947544,1004,hamlet,0,Hetekma,POINT (81.0144992 6.984395),POINT (81.014499 6.984395)
7699947545,1004,hamlet,0,Craigmore,POINT (81.0304848 6.9929423),POINT (81.030485 6.992942)
7699947546,1004,hamlet,0,Ratmalie,POINT (80.9856111 6.7769975),POINT (80.985611 6.776998)
7699947547,1004,hamlet,0,Kirioruwa,POINT (80.9944403 6.8638508),POINT (80.99444 6.863851)
7699947548,1004,hamlet,0,Wakadanda,POINT (80.9757828 6.8810534),POINT (80.975783 6.881053)
7699947549,1004,hamlet,0,Wepassawela,POINT (80.9883049 6.907406),POINT (80.988305 6.907406)
7699947550,1004,hamlet,0,Kudamahuwela,POINT (80.9969132 6.9141227),POINT (80.996913 6.914123)
7699947551,1003,village,0,Ellawela,POINT (80.9833031 6.9169394),POINT (80.983303 6.916939)
7699947552,1004,hamlet,0,Dehiwinna,POINT (80.9717289 6.9233894),POINT (80.971729 6.923389)
7699947553,1004,hamlet,0,Deensland,POINT (80.9986581 6.9445254),POINT (80.998658 6.944525)
7699947554,1004,hamlet,0,Attamapitiya,POINT (80.980223 6.9415508),POINT (80.980223 6.941551)
7699947555,1004,hamlet,0,Panagodagama,POINT (80.9641528 6.97301),POINT (80.964153 6.97301)
7699947556,1004,hamlet,0,Panakanniya,POINT (80.9906602 6.9910459),POINT (80.99066 6.991046)
7699947557,1004,hamlet,0,Mahakumbura,POINT (80.9767864 6.9853706),POINT (80.976786 6.985371)
7699947558,1004,hamlet,0,Thuppitiya,POINT (80.9610027 6.9831597),POINT (80.961003 6.98316)
7699947559,1003,village,0,Jangulla,POINT (81.0073364 7.0030139),POINT (81.007336 7.003014)
7699947560,1004,hamlet,0,Landewela,POINT (81.0007671 7.0000918),POINT (81.000767 7.000092)
7699947561,1004,hamlet,0,Uva Ketawala,POINT (80.9938635 6.9943991),POINT (80.993864 6.994399)
7699947562,1004,hamlet,0,Malwattegama,POINT (80.9669852 6.9918805),POINT (80.966985 6.99188)
7699947563,1003,village,0,Medipokuna,POINT (80.9648616 6.9964149),POINT (80.964862 6.996415)
7699947564,1004,hamlet,0,Beauvaio,POINT (80.9043757 6.7967673),POINT (80.904376 6.796767)
7699947565,1003,village,0,Ellegama,POINT (80.9446047 6.8251175),POINT (80.944605 6.825118)
7699947566,1004,hamlet,0,Medagedara,POINT (80.9111631 6.877059),POINT (80.911163 6.877059)
7699947567,1004,hamlet,0,Kirklees Estate,POINT (80.9391762 6.9857337),POINT (80.939176 6.985734)
7699947568,1004,hamlet,0,Diyabokandura,POINT (80.9415642 6.9771962),POINT (80.941564 6.977196)
7699947569,1003,village,0,Luckyland,POINT (80.9187957 6.981293),POINT (80.918796 6.981293)
7699947570,1004,hamlet,0,Gampaha State,POINT (80.9297505 6.9909655),POINT (80.92975 6.990966)
7699947571,1004,hamlet,0,Alnwick,POINT (80.9016681 6.9882385),POINT (80.901668 6.988238)
7699947572,1004,hamlet,0,Alugolla,POINT (80.8800821 6.8444384),POINT (80.880082 6.844438)
7699947574,1004,hamlet,0,Coneygar State,POINT (80.8651471 6.9922639),POINT (80.865147 6.992264)
7710986565,1004,hamlet,0,Diddeniya,POINT (80.460391 7.6997005),POINT (80.460391 7.6997)
7710986566,1004,hamlet,0,Halmillagolla,POINT (80.4646643 7.707335),POINT (80.464664 7.707335)
7710986567,1003,village,0,Nelliya,POINT (80.4529803 7.6920441),POINT (80.45298 7.692044)
7710986568,1004,hamlet,0,Hettigama,POINT (80.4317409 7.687131),POINT (80.431741 7.687131)
7710986569,1004,hamlet,0,Greenline Waththa,POINT (80.419965 7.6972195),POINT (80.419965 7.69722)
7710986570,1004,hamlet,0,Hangamuwa,POINT (80.4240417 7.7044531),POINT (80.424042 7.704453)
7710986571,1004,hamlet,0,Uthuruwella,POINT (80.4485893 7.7180512),POINT (80.448589 7.718051)
7710986572,1004,hamlet,0,Thambuwa,POINT (80.4348192 7.7162248),POINT (80.434819 7.716225)
7710986573,1004,hamlet,0,Doraweruwa,POINT (80.4194567 7.7116615),POINT (80.419457 7.711662)
7710986574,1004,hamlet,0,Ihala Muhudugamuwa,POINT (80.4328823 7.7278215),POINT (80.432882 7.727822)
7710986575,1004,hamlet,0,Pahala Muhudugamuwa,POINT (80.4145028 7.72004),POINT (80.414503 7.72004)
7710986576,1004,hamlet,0,Thalwehera,POINT (80.4393635 7.7357329),POINT (80.439364 7.735733)
7710986578,1004,hamlet,0,Agara,POINT (80.4361165 7.7528271),POINT (80.436116 7.752827)
7710986579,1003,village,0,Maeliya,POINT (80.4187881 7.7343926),POINT (80.418788 7.734393)
7710986580,1003,village,0,Dagama,POINT (80.4142902 7.7593887),POINT (80.41429 7.759389)
7710986581,1004,hamlet,0,Naindanawa,POINT (80.4332792 7.7599156),POINT (80.433279 7.759916)
7710986582,1004,hamlet,0,Elagamuwa,POINT (80.4416546 7.7802936),POINT (80.441655 7.780294)
7710986583,1004,hamlet,0,Balagolla,POINT (80.4172329 7.7826373),POINT (80.417233 7.782637)
7710986584,1004,hamlet,0,Bogolla,POINT (80.4195367 7.8174492),POINT (80.419537 7.817449)
7711015385,1004,hamlet,0,Siyambalawewa,POINT (80.434732 7.8066753),POINT (80.434732 7.806675)
7711015386,1004,hamlet,0,Ogodapolayaya,POINT (80.4453947 7.8323203),POINT (80.445395 7.83232)
7711015387,1003,village,0,Ulpotha,POINT (80.4326685 7.8234329),POINT (80.432668 7.823433)
7711015388,1003,village,0,Pothuwila,POINT (80.469319 7.8297896),POINT (80.469319 7.82979)
7711015389,1004,hamlet,0,Kudamadagalla,POINT (80.4160504 7.8363486),POINT (80.41605 7.836349)
7711015390,1003,village,0,Ulpothwewa,POINT (80.4394054 7.8436293),POINT (80.439405 7.843629)
7711015391,1004,hamlet,0,Kiribamunegama,POINT (80.4240768 7.8404521),POINT (80.424077 7.840452)
7711015392,1004,hamlet,0,Matambalewa,POINT (80.4165207 7.8528976),POINT (80.416521 7.852898)
7711015393,1004,hamlet,0,Halmillewewa,POINT (80.437839 7.858663),POINT (80.437839 7.858663)
7711015394,1004,hamlet,0,Matuluwewa,POINT (80.4075991 7.8580681),POINT (80.407599 7.858068)
7711015395,1004,hamlet,0,Saliyagama,POINT (80.4122883 7.8672982),POINT (80.412288 7.867298)
7711015396,1004,hamlet,0,Kudawewa,POINT (80.4222106 7.8777124),POINT (80.422211 7.877712)
7711015397,1004,hamlet,0,Nabadewa,POINT (80.4199195 7.8722566),POINT (80.41992 7.872257)
7711015398,1004,hamlet,0,Herathgama,POINT (80.4312622 7.8743498),POINT (80.431262 7.87435)
7711015399,1004,hamlet,0,Mapegamuwa,POINT (80.434733 7.9032932),POINT (80.434733 7.903293)
7711015400,1003,village,0,Makulpotha,POINT (80.4498439 7.7435694),POINT (80.449844 7.743569)
7711015401,1003,village,0,Thalakolawewa,POINT (80.4341352 7.7925811),POINT (80.434135 7.792581)
7711015402,1003,village,0,Nikawewa,POINT (80.4162018 7.8834932),POINT (80.416202 7.883493)
7714802115,1004,hamlet,0,Hanhamunuwa,POINT (80.3024493 7.551923),POINT (80.302449 7.551923)
7725352919,1003,village,0,Kaikawala,POINT (80.6584597 7.5073553),POINT (80.65846 7.507355)
7734784287,1004,hamlet,0,Yahalewela,POINT (81.0659212 6.8810534),POINT (81.065921 6.881053)
7746300210,1004,hamlet,0,Nagolla,POINT (81.0226732 7.0888513),POINT (81.022673 7.088851)
7750466821,1004,hamlet,0,Ihala Moraawatta,POINT (80.2445356 7.0587572),POINT (80.244536 7.058757)
7750487113,1004,hamlet,0,Humbaswalana,POINT (80.2351767 7.0590232),POINT (80.235177 7.059023)
7752220891,1003,village,0,Weddewala,POINT (80.2230629 7.0137319),POINT (80.223063 7.013732)
7752220892,1004,hamlet,0,Gonagala,POINT (80.214422 7.0128208),POINT (80.214422 7.012821)
7771019485,1004,hamlet,0,Tennehena,POINT (80.4290578 6.7500262),POINT (80.429058 6.750026)
7771019576,1004,hamlet,0,Ambuldeniya,POINT (80.4185137 6.7427416),POINT (80.418514 6.742742)
7771019585,1004,hamlet,0,Liyandawela,POINT (80.4231735 6.736157),POINT (80.423174 6.736157)
7771019590,1003,village,0,Gileemale,POINT (80.4300493 6.7484457),POINT (80.430049 6.748446)
7771019591,1004,hamlet,0,Gilimale,POINT (80.4286059 6.742055),POINT (80.428606 6.742055)
7771019596,1004,hamlet,0,Raththurugala,POINT (80.453192 6.7306191),POINT (80.453192 6.730619)
7775853548,1003,village,0,Lalitha Rajapaksha Village,POINT (80.2188326 6.3778389),POINT (80.218833 6.377839)
7777240588,1003,village,0,Panangala Dhahe kade,POINT (80.3254652 6.2578885),POINT (80.325465 6.257888)
7777240625,1040,region,0,Nagoda Region Start Point,POINT (80.3319883 6.2366423),POINT (80.331988 6.236642)
7777690004,1002,town,0,Opatha,POINT (80.411894 6.268232),POINT (80.411894 6.268232)
7781410248,1003,village,0,Mulmediya,POINT (80.3178115 6.3027752),POINT (80.317812 6.302775)
7781439428,1003,village,0,Nugagala Mawatha,POINT (80.3177404 6.3081085),POINT (80.31774 6.308108)
7781439467,1003,village,0,Eth wala,POINT (80.3197172 6.3593992),POINT (80.319717 6.359399)
7804258422,1004,hamlet,0,Dodawaththa,POINT (80.4128641 6.9439606),POINT (80.412864 6.943961)
7804258423,1003,village,0,Basnagala,POINT (80.4044356 6.9395928),POINT (80.404436 6.939593)
7804258424,1004,hamlet,0,Noori Estate,POINT (80.403859 6.9461671),POINT (80.403859 6.946167)
7806226859,1004,hamlet,0,Madawala,POINT (80.3865392 6.9666767),POINT (80.386539 6.966677)
7806226860,1004,hamlet,0,Punchi Madawala,POINT (80.3981101 6.9699003),POINT (80.39811 6.9699)
7806226861,1003,village,0,Pallebage,POINT (80.3953318 6.979098),POINT (80.395332 6.979098)
7806240810,1004,hamlet,0,Kirihena,POINT (80.3838858 6.9503373),POINT (80.383886 6.950337)
7816971795,1004,hamlet,0,Dalhousie,POINT (80.5176024 6.820417),POINT (80.517602 6.820417)
7816971796,1004,hamlet,0,Gangewatta,POINT (80.5630299 6.835697),POINT (80.56303 6.835697)
7816971797,1004,hamlet,0,Glentilt,POINT (80.5735749 6.8400964),POINT (80.573575 6.840096)
7816971799,1004,hamlet,0,Norwood State,POINT (80.60975 6.8306716),POINT (80.60975 6.830672)
7816971800,1004,hamlet,0,Cruden Upper,POINT (80.6041674 6.8035622),POINT (80.604167 6.803562)
7816971802,1004,hamlet,0,Mahanilu,POINT (80.6135201 6.8073219),POINT (80.61352 6.807322)
7816971803,1004,hamlet,0,Caskeiben,POINT (80.5861723 6.8287294),POINT (80.586172 6.828729)
7816971804,1004,hamlet,0,Maskeliya State,POINT (80.5794596 6.8300297),POINT (80.57946 6.83003)
7816971805,1004,hamlet,0,Emalina,POINT (80.5936108 6.8187674),POINT (80.593611 6.818767)
7816971806,1004,hamlet,0,Lanka,POINT (80.5977455 6.8273095),POINT (80.597746 6.82731)
7816971807,1004,hamlet,0,Mottiongham,POINT (80.5879193 6.8228817),POINT (80.587919 6.822882)
7816971808,1004,hamlet,0,Halloowella,POINT (80.5996593 6.8363744),POINT (80.599659 6.836374)
7816971809,1004,hamlet,0,Luccumbe,POINT (80.5391592 6.8640748),POINT (80.539159 6.864075)
7816971810,1004,hamlet,0,Luccumbe Upper,POINT (80.5356431 6.8714456),POINT (80.535643 6.871446)
7816971811,1003,village,0,Hapugastenne,POINT (80.5278969 6.8791787),POINT (80.527897 6.879179)
7816971812,1004,hamlet,0,Maussakele State,POINT (80.5519727 6.8530967),POINT (80.551973 6.853097)
7816971814,1004,hamlet,0,Kelaneiya,POINT (80.558764 6.8472487),POINT (80.558764 6.847249)
7816971815,1003,village,0,Maussakele,POINT (80.5516452 6.8473347),POINT (80.551645 6.847335)
7816971816,1004,hamlet,0,Braemar,POINT (80.567845 6.8498354),POINT (80.567845 6.849835)
7816971817,1004,hamlet,0,Brookfield,POINT (80.5618429 6.859622),POINT (80.561843 6.859622)
7816971818,1003,village,0,Kuda Maskeliya,POINT (80.5792649 6.8458733),POINT (80.579265 6.845873)
7816971820,1004,hamlet,0,Rockwood,POINT (80.5886873 6.8434818),POINT (80.588687 6.843482)
7817015752,1003,village,0,Carolina State,POINT (80.5302793 6.9527565),POINT (80.530279 6.952756)
7817665297,1004,hamlet,0,Kongoda,POINT (80.2080756 7.187401),POINT (80.208076 7.187401)
7820842221,1004,hamlet,0,Bogawana Group,POINT (80.698903 6.7992646),POINT (80.698903 6.799265)
7823334772,1003,village,0,Manickawatta 03 rd Division,POINT (80.6141363 6.8622343),POINT (80.614136 6.862234)
7823334773,1050,locality,0,Ingestire,POINT (80.6121748 6.8573637),POINT (80.612175 6.857364)
7823334774,1002,town,0,Pooliyawatta,POINT (80.6258961 6.8566795),POINT (80.625896 6.85668)
7828185870,1004,hamlet,0,Jayabodi Mawatha,POINT (80.3930597 6.6475138),POINT (80.39306 6.647514)
7831817863,1003,village,0,Buddama,POINT (81.4853007 7.0435548),POINT (81.485301 7.043555)
7831817864,1003,village,0,Govindupura,POINT (81.5444847 7.0559735),POINT (81.544485 7.055974)
7831817865,1003,village,0,Pallewela,POINT (81.5182826 7.0168706),POINT (81.518283 7.016871)
7831918829,1003,village,0,Baduluwela,POINT (81.4348287 7.0850549),POINT (81.434829 7.085055)
7831918837,1050,locality,0,9 Kanuwa/9th Milepost,POINT (81.5315519 7.0330903),POINT (81.531552 7.03309)
7833004725,1003,village,0,Ritigahawaththa,POINT (81.4651224 7.0169929),POINT (81.465122 7.016993)
7833005446,1004,hamlet,0,Budulewaththa,POINT (81.466301 7.0677466),POINT (81.466301 7.067747)
7833005448,1004,hamlet,0,Nape,POINT (81.4734416 7.0588206),POINT (81.473442 7.058821)
7836867227,1004,hamlet,0,Alpitiya,POINT (81.401418 6.9876296),POINT (81.401418 6.98763)
7836867228,1003,village,0,Thambana,POINT (81.3569194 7.0616319),POINT (81.356919 7.061632)
7836867229,1004,hamlet,0,Aratugaswela,POINT (81.347478 7.0053247),POINT (81.347478 7.005325)
7836867238,1003,village,0,Karametiya,POINT (81.3084918 7.0165104),POINT (81.308492 7.01651)
7836867243,1003,village,0,Thampalawela,POINT (81.3529038 7.0130353),POINT (81.352904 7.013035)
7836867244,1004,hamlet,0,Therala,POINT (81.3440491 6.9465464),POINT (81.344049 6.946546)
7836867245,1004,hamlet,0,Galbokka,POINT (81.3523006 6.9736809),POINT (81.352301 6.973681)
7836867246,1004,hamlet,0,Namaloya Janapadaya,POINT (81.3714781 6.987592),POINT (81.371478 6.987592)
7836867247,1004,hamlet,0,Alumada,POINT (81.3834609 7.0039094),POINT (81.383461 7.003909)
7836867284,1003,village,0,Makulla,POINT (81.3747536 6.979658),POINT (81.374754 6.979658)
7836872989,1003,village,0,Ruwalwela,POINT (81.3892776 7.0218539),POINT (81.389278 7.021854)
7836873129,1004,hamlet,0,Palle Thamabana,POINT (81.3608301 7.0681853),POINT (81.36083 7.068185)
7836873130,1004,hamlet,0,Uda Thambana,POINT (81.348533 7.0535697),POINT (81.348533 7.05357)
7836873259,1003,village,0,Ihawa,POINT (81.4251111 6.9997424),POINT (81.425111 6.999742)
7836873502,1004,hamlet,0,Bandarawadiya,POINT (81.4067322 7.0775528),POINT (81.406732 7.077553)
7836873503,1003,village,0,Meeyagala,POINT (81.4408449 7.0297999),POINT (81.440845 7.0298)
7836873504,1003,village,0,Deliwa,POINT (81.3909003 7.0412422),POINT (81.3909 7.041242)
7836873505,1004,hamlet,0,Panguwa,POINT (81.3711746 7.0529636),POINT (81.371175 7.052964)
7840031011,1003,village,0,Kottagala,POINT (81.4140608 6.9530351),POINT (81.414061 6.953035)
7840031012,1003,village,0,Nagahamada,POINT (81.4635054 6.9331689),POINT (81.463505 6.933169)
7840031013,1004,hamlet,0,Dematabedda,POINT (81.4677357 6.9260896),POINT (81.467736 6.92609)
7840031014,1003,village,0,Mariarawa,POINT (81.4759116 6.9696181),POINT (81.475912 6.969618)
7845816692,1004,hamlet,0,Kotigalhela,POINT (81.3129185 6.913234),POINT (81.312918 6.913234)
7845816698,1003,village,0,Magandanamulla,POINT (81.3346035 6.8831372),POINT (81.334604 6.883137)
7845816699,1003,village,0,Pangura,POINT (81.3249991 6.9703226),POINT (81.324999 6.970323)
7845821142,1004,hamlet,0,Meeyanawaththa,POINT (81.3106834 6.9473745),POINT (81.310683 6.947374)
7845821143,1003,village,0,Batugammana,POINT (81.3146008 6.9390978),POINT (81.314601 6.939098)
7845821144,1004,hamlet,0,Madugasmulla,POINT (81.3741106 6.9285825),POINT (81.374111 6.928582)
7845821145,1003,village,0,Obbegoda,POINT (81.3532782 6.9247869),POINT (81.353278 6.924787)
7845821148,1003,village,0,Weliyaya,POINT (81.3400194 6.9019823),POINT (81.340019 6.901982)
7845821150,1004,hamlet,0,Debedde Kivula,POINT (81.3328852 6.9166335),POINT (81.332885 6.916634)
7850361227,1003,village,0,Dodangoda,POINT (81.2354745 7.1306585),POINT (81.235474 7.130658)
7850361228,1004,hamlet,0,Inipanduregoda,POINT (81.1697173 7.1420397),POINT (81.169717 7.14204)
7850361229,1004,hamlet,0,Unagolla,POINT (81.2121289 7.1267346),POINT (81.212129 7.126735)
7850361230,1003,village,0,Yalkumbura,POINT (81.2074077 7.1133862),POINT (81.207408 7.113386)
7850361231,1004,hamlet,0,Udamallehewa,POINT (81.1836077 7.1445602),POINT (81.183608 7.14456)
7850361232,1003,village,0,Kotagama,POINT (81.1846736 7.1303856),POINT (81.184674 7.130386)
7850361233,1003,village,0,Pitakumbura,POINT (81.2905025 7.1779193),POINT (81.290502 7.177919)
7850361234,1004,hamlet,0,Kokunnewa,POINT (81.2714816 7.1614786),POINT (81.271482 7.161479)
7850361235,1004,hamlet,0,Nagala,POINT (81.2469435 7.1625533),POINT (81.246944 7.162553)
7850361240,1003,village,0,Radaliyadda,POINT (81.2332937 7.185956),POINT (81.233294 7.185956)
7850361241,1003,village,0,Ambagolla,POINT (81.2120189 7.1727499),POINT (81.212019 7.17275)
7850361242,1003,village,0,Wegama,POINT (81.1887224 7.1812244),POINT (81.188722 7.181224)
7850361243,1004,hamlet,0,Gurumada,POINT (81.1680973 7.1774317),POINT (81.168097 7.177432)
7850361244,1003,village,0,Diyakobala,POINT (81.1630257 7.1740746),POINT (81.163026 7.174075)
7850361245,1003,village,0,Mallehewa,POINT (81.1728957 7.1531019),POINT (81.172896 7.153102)
7850361250,1003,village,0,Badulugammana,POINT (81.2033704 7.1457194),POINT (81.20337 7.145719)
7856114554,1004,hamlet,0,Thuththiripitiya,POINT (80.4850379 6.5959971),POINT (80.485038 6.595997)
7856189587,1004,hamlet,0,Watapotha State,POINT (80.5172913 6.5692555),POINT (80.517291 6.569256)
7856189588,1004,hamlet,0,Yatagare,POINT (80.5080485 6.5645397),POINT (80.508048 6.56454)
7867804446,1004,hamlet,0,Siriwijayapura,POINT (81.3352632 6.8707639),POINT (81.335263 6.870764)
7867804447,1004,hamlet,0,Kolongolla,POINT (81.3437819 6.8750672),POINT (81.343782 6.875067)
7867804449,1004,hamlet,0,Pettagamwela,POINT (81.2590563 6.760974),POINT (81.259056 6.760974)
7867804450,1003,village,0,Mahagodayaya,POINT (81.2761546 6.7862247),POINT (81.276155 6.786225)
7867804451,1004,hamlet,0,Iththekatuwa,POINT (81.4060092 6.7810887),POINT (81.406009 6.781089)
7867804452,1004,hamlet,0,Minipura,POINT (81.5241444 6.8184927),POINT (81.524144 6.818493)
7867804453,1004,hamlet,0,Thissapura,POINT (81.5470719 6.822935),POINT (81.547072 6.822935)
7867804454,1004,hamlet,0,Kalawel Ara,POINT (81.297207 6.8435345),POINT (81.297207 6.843534)
7867804455,1004,hamlet,0,Pussellawa,POINT (81.3204897 6.8233849),POINT (81.32049 6.823385)
7867804456,1003,village,0,Muppane,POINT (81.3435221 6.8493042),POINT (81.343522 6.849304)
7867804458,1003,village,0,Ethimale,POINT (81.5355599 6.8231107),POINT (81.53556 6.823111)
7867804459,1004,hamlet,0,Perakumpura,POINT (81.532485 6.8337574),POINT (81.532485 6.833757)
7867804460,1004,hamlet,0,Gemunupura,POINT (81.5218591 6.8394892),POINT (81.521859 6.839489)
7867804461,1004,hamlet,0,Nugagahakivula,POINT (81.4762401 6.8921309),POINT (81.47624 6.892131)
7867804462,1003,village,0,Hulandawa,POINT (81.3390613 6.8628998),POINT (81.339061 6.8629)
7867804463,1004,hamlet,0,Mediriya,POINT (81.2960248 6.8839137),POINT (81.296025 6.883914)
7867804464,1004,hamlet,0,Udagangoda,POINT (81.2796292 6.873889),POINT (81.279629 6.873889)
7867804465,1004,hamlet,0,Gurumada,POINT (81.2801599 6.8871035),POINT (81.28016 6.887104)
7867804467,1004,hamlet,0,Weheragoda,POINT (81.2479949 6.8550629),POINT (81.247995 6.855063)
7867804468,1004,hamlet,0,Horombuwa,POINT (81.2501787 6.8995721),POINT (81.250179 6.899572)
7867804469,1003,village,0,Amunekandura,POINT (81.2883536 6.956326),POINT (81.288354 6.956326)
7867804470,1004,hamlet,0,Udagangoda,POINT (81.273173 6.98891),POINT (81.273173 6.98891)
7867804471,1004,hamlet,0,Kandekumbura,POINT (81.2312202 6.9568908),POINT (81.23122 6.956891)
7867804472,1004,hamlet,0,Yatimulla,POINT (81.2514532 6.9508738),POINT (81.251453 6.950874)
7867804473,1003,village,0,Pallegama,POINT (81.2601828 6.9294729),POINT (81.260183 6.929473)
7867804474,1004,hamlet,0,Karawila Udagama,POINT (81.2592387 6.9194507),POINT (81.259239 6.919451)
7867804475,1004,hamlet,0,Gallabagama,POINT (81.2235566 6.9110492),POINT (81.223557 6.911049)
7867804476,1004,hamlet,0,Demmeria State,POINT (81.1594659 6.910994),POINT (81.159466 6.910994)
7867804477,1004,hamlet,0,Madugasthalawa South,POINT (81.1554748 6.9810716),POINT (81.155475 6.981072)
7867804478,1004,hamlet,0,Wasipotha,POINT (81.225613 6.8913154),POINT (81.225613 6.891315)
7867804479,1004,hamlet,0,96 Acre,POINT (81.1984088 6.9362792),POINT (81.198409 6.936279)
7867804480,1004,hamlet,0,Demmeria B State,POINT (81.1787221 6.9424244),POINT (81.178722 6.942424)
7867804481,1004,hamlet,0,Ambathenna West,POINT (81.162085 6.9319564),POINT (81.162085 6.931956)
7867804482,1004,hamlet,0,Passara Town East,POINT (81.1585497 6.9367009),POINT (81.15855 6.936701)
7867804483,1004,hamlet,0,Passara Town South,POINT (81.1536641 6.9332819),POINT (81.153664 6.933282)
7867804484,1004,hamlet,0,Passara Town North,POINT (81.1524199 6.9365202),POINT (81.15242 6.93652)
7867823485,1004,hamlet,0,Gonakele,POINT (81.1430991 6.9265014),POINT (81.143099 6.926501)
7867823488,1003,village,0,Wila-oya,POINT (81.493427 6.8308971),POINT (81.493427 6.830897)
7867823489,1004,hamlet,0,Ampitiya,POINT (81.434643 6.8657116),POINT (81.434643 6.865712)
7867823490,1004,hamlet,0,Pahatha Arawa,POINT (81.4634531 6.8377193),POINT (81.463453 6.837719)
7867823491,1004,hamlet,0,Udinkepu Ara,POINT (81.4702973 6.8061833),POINT (81.470297 6.806183)
7867823494,1003,village,0,Wattegama,POINT (81.5083199 6.7946957),POINT (81.50832 6.794696)
7867823495,1004,hamlet,0,Ethimale Colony,POINT (81.5009298 6.8524695),POINT (81.50093 6.85247)
7867823496,1004,hamlet,0,Polkotan Arawa,POINT (81.4486965 6.8460733),POINT (81.448696 6.846073)
7867823497,1003,village,0,Guruhela,POINT (81.4961518 6.8746868),POINT (81.496152 6.874687)
7867823498,1003,village,0,Kodayana,POINT (81.4886665 6.9095155),POINT (81.488666 6.909516)
7867823499,1004,hamlet,0,Kotiyagoda,POINT (81.465655 6.9094878),POINT (81.465655 6.909488)
7867823500,1004,hamlet,0,Indigasella,POINT (81.4532059 6.9013453),POINT (81.453206 6.901345)
7867823501,1004,hamlet,0,Neelawabedda,POINT (81.4463567 6.9206919),POINT (81.446357 6.920692)
7867823502,1004,hamlet,0,Magandana-oya Colony,POINT (81.4337266 6.9345739),POINT (81.433727 6.934574)
7867823503,1004,hamlet,0,Kahagolla,POINT (81.4475628 6.9405383),POINT (81.447563 6.940538)
7867823504,1004,hamlet,0,Polgahagama,POINT (81.4731451 6.9546957),POINT (81.473145 6.954696)
7867823505,1004,hamlet,0,Alugalge,POINT (81.5032654 6.9463703),POINT (81.503265 6.94637)
7867823506,1004,hamlet,0,Gangoda Arawa,POINT (81.4436334 6.9626651),POINT (81.443633 6.962665)
7867823507,1004,hamlet,0,Kolladeniya,POINT (81.4473334 6.9803686),POINT (81.447333 6.980369)
7867823508,1004,hamlet,0,Kimbulwela,POINT (81.4021223 6.9133306),POINT (81.402122 6.913331)
7867823509,1004,hamlet,0,Maragalawaththa,POINT (81.3714358 6.8753099),POINT (81.371436 6.87531)
7867823510,1004,hamlet,0,Kolonwinna,POINT (81.4076925 6.8642095),POINT (81.407692 6.86421)
7867823511,1003,village,0,Bohitiya,POINT (81.4214525 6.8445442),POINT (81.421452 6.844544)
7867823512,1004,hamlet,0,Berliyapola,POINT (81.4057948 6.891839),POINT (81.405795 6.891839)
7867823513,1003,village,0,Thenagallanda,POINT (81.3929942 6.797672),POINT (81.392994 6.797672)
7867823514,1004,hamlet,0,Kahambana,POINT (81.378278 6.7737683),POINT (81.378278 6.773768)
7867823515,1004,hamlet,0,Wedikumbura,POINT (81.3883094 6.834004),POINT (81.388309 6.834004)
7867823516,1003,village,0,Weheragala,POINT (81.4067878 6.8235568),POINT (81.406788 6.823557)
7867823517,1003,village,0,Viharamulla,POINT (81.351995 6.8631383),POINT (81.351995 6.863138)
7867823518,1004,hamlet,0,Kumaradola Waththa,POINT (81.3681351 6.8679068),POINT (81.368135 6.867907)
7867823520,1004,hamlet,0,Gonathalawa,POINT (81.3911125 6.9378995),POINT (81.391112 6.9379)
7867823521,1004,hamlet,0,Ellekona,POINT (81.3615299 6.9299462),POINT (81.36153 6.929946)
7867823523,1003,village,0,Suduwathura Ara,POINT (81.332567 6.7821367),POINT (81.332567 6.782137)
7867823524,1003,village,0,Hulandawa Left,POINT (81.3601118 6.836875),POINT (81.360112 6.836875)
7867823525,1003,village,0,Hulandawa South,POINT (81.3500274 6.8258547),POINT (81.350027 6.825855)
7867823526,1003,village,0,Kavudawa,POINT (81.3740343 6.8414452),POINT (81.374034 6.841445)
7867823527,1004,hamlet,0,Marawa,POINT (81.3772257 6.8219823),POINT (81.377226 6.821982)
7867823528,1004,hamlet,0,Nakkala Waththa,POINT (81.3246904 6.860081),POINT (81.32469 6.860081)
7867823529,1003,village,0,Rattanapitiya,POINT (81.3290519 6.8943286),POINT (81.329052 6.894329)
7867823530,1004,hamlet,0,Illuklanda,POINT (81.3350585 6.9385794),POINT (81.335058 6.938579)
7867823531,1004,hamlet,0,Magandana,POINT (81.3607109 6.9770452),POINT (81.360711 6.977045)
7867823532,1003,village,0,Horombuwa,POINT (81.3249732 6.8131001),POINT (81.324973 6.8131)
7867823533,1003,village,0,Gaminipura,POINT (81.3032129 6.7767869),POINT (81.303213 6.776787)
7867823534,1004,hamlet,0,Makul Ara,POINT (81.3090601 6.7990687),POINT (81.30906 6.799069)
7867823535,1004,hamlet,0,Dahahatara Kanuwa,POINT (81.2880515 6.7956945),POINT (81.288052 6.795694)
7867823536,1004,hamlet,0,Model Village,POINT (81.3121279 6.8314875),POINT (81.312128 6.831488)
7867823538,1003,village,0,Hindikivula,POINT (81.3149489 6.879669),POINT (81.314949 6.879669)
7867823539,1004,hamlet,0,Buthasaranapitiya,POINT (81.299154 6.8958915),POINT (81.299154 6.895892)
7867823540,1004,hamlet,0,Kukuruwangoda,POINT (81.3073032 6.9035105),POINT (81.307303 6.90351)
7867823541,1003,village,0,Therappahuwa,POINT (81.2939838 6.8754806),POINT (81.293984 6.875481)
7867823542,1003,village,0,Madukotan Arawa,POINT (81.2654402 6.8779991),POINT (81.26544 6.877999)
7867823543,1003,village,0,Yakuruwa,POINT (81.2791665 6.8966774),POINT (81.279166 6.896677)
7867823544,1004,hamlet,0,Guruhela,POINT (81.3067126 6.9134557),POINT (81.306713 6.913456)
7867823545,1003,village,0,Temwaththa,POINT (81.2927563 6.9144091),POINT (81.292756 6.914409)
7867823546,1004,hamlet,0,Mailgasthenna,POINT (81.2671249 6.9159381),POINT (81.267125 6.915938)
7867823547,1003,village,0,Rattandeniya,POINT (81.2763441 6.9582662),POINT (81.276344 6.958266)
7867823548,1004,hamlet,0,Daha-ate Kanuwa,POINT (81.2886727 6.9416414),POINT (81.288673 6.941641)
7867823550,1004,hamlet,0,Keenagoda,POINT (81.3024079 6.9610556),POINT (81.302408 6.961056)
7867823551,1004,hamlet,0,Pubbara,POINT (81.3092078 6.9788925),POINT (81.309208 6.978892)
7867823552,1003,village,0,Polgahapitiya,POINT (81.2837309 6.9827294),POINT (81.283731 6.982729)
7867823553,1004,hamlet,0,Dikyaya,POINT (81.2492501 6.7875744),POINT (81.24925 6.787574)
7867823554,1003,village,0,Katugahagalge,POINT (81.2460444 6.8110473),POINT (81.246044 6.811047)
7867823556,1004,hamlet,0,Muthukeliyawa,POINT (81.2461883 6.826947),POINT (81.246188 6.826947)
7867823557,1003,village,0,Eththalamulla,POINT (81.2577869 6.8518134),POINT (81.257787 6.851813)
7867823560,1004,hamlet,0,Punsisigama,POINT (81.2489298 6.8693981),POINT (81.24893 6.869398)
7867823561,1003,village,0,Athala,POINT (81.246166 6.86378),POINT (81.246166 6.86378)
7867823562,1004,hamlet,0,Kalugahakivula,POINT (81.2370081 6.8773763),POINT (81.237008 6.877376)
7867823563,1004,hamlet,0,Thalawagama,POINT (81.2759652 6.9151004),POINT (81.275965 6.9151)
7867823564,1004,hamlet,0,Madugahapattiya,POINT (81.2471791 6.8829968),POINT (81.247179 6.882997)
7867823565,1003,village,0,Maligathenna,POINT (81.2378124 6.9074457),POINT (81.237812 6.907446)
7867823566,1004,hamlet,0,Pussellawa,POINT (81.2564766 6.894429),POINT (81.256477 6.894429)
7867823567,1004,hamlet,0,Karawila,POINT (81.246526 6.9214716),POINT (81.246526 6.921472)
7867823568,1004,hamlet,0,Madamagama,POINT (81.2362938 6.9154755),POINT (81.236294 6.915476)
7867823569,1004,hamlet,0,Ella,POINT (81.254477 6.9338798),POINT (81.254477 6.93388)
7867823570,1003,village,0,Karandagama,POINT (81.238856 6.9378082),POINT (81.238856 6.937808)
7867823572,1004,hamlet,0,Mahagangoda,POINT (81.2609133 6.9798692),POINT (81.260913 6.979869)
7867823573,1004,hamlet,0,Alana,POINT (81.246866 6.9862742),POINT (81.246866 6.986274)
7867823574,1003,village,0,Yatiella,POINT (81.2582315 6.9616425),POINT (81.258232 6.961642)
7867823576,1004,hamlet,0,Kinnarabowa,POINT (81.2559019 7.0121279),POINT (81.255902 7.012128)
7867823577,1004,hamlet,0,Illukkumbura,POINT (81.2669597 7.0093801),POINT (81.26696 7.00938)
7867823578,1003,village,0,Kendawinna,POINT (81.2556167 6.9923713),POINT (81.255617 6.992371)
7867823580,1004,hamlet,0,Ellanda,POINT (81.2096203 6.7920744),POINT (81.20962 6.792074)
7867823581,1003,village,0,Unaawatuna,POINT (81.2127504 6.7622003),POINT (81.21275 6.7622)
7867823582,1004,hamlet,0,Pahala Horabokka,POINT (81.1916618 6.7777298),POINT (81.191662 6.77773)
7867823583,1003,village,0,Lunugala Colony,POINT (81.2199056 6.8094044),POINT (81.219906 6.809404)
7867823584,1003,village,0,Moratuwegama,POINT (81.1998116 6.8231073),POINT (81.199812 6.823107)
7867823587,1004,hamlet,0,Bogahapelessa,POINT (81.204459 6.8541888),POINT (81.204459 6.854189)
7867823588,1004,hamlet,0,Naranwaththa,POINT (81.2170549 6.86403),POINT (81.217055 6.86403)
7867823589,1004,hamlet,0,Waikumbura State,POINT (81.2137901 6.9057821),POINT (81.21379 6.905782)
7867823590,1004,hamlet,0,Bangalagoda,POINT (81.2071035 6.8901043),POINT (81.207104 6.890104)
7867823591,1004,hamlet,0,Wekumbura,POINT (81.2245389 6.9165603),POINT (81.224539 6.91656)
7867823592,1004,hamlet,0,Maiyokkawatta,POINT (81.2151498 6.9274004),POINT (81.21515 6.9274)
7867823593,1003,village,0,Gamewela,POINT (81.1973457 6.9232899),POINT (81.197346 6.92329)
7867823594,1003,village,0,Madugasmulla,POINT (81.2168552 6.8767923),POINT (81.216855 6.876792)
7867823595,1003,village,0,Kotamuduna,POINT (81.1823219 6.8848757),POINT (81.182322 6.884876)
7867823596,1004,hamlet,0,Keenagaha Kumbura,POINT (81.1884796 6.9066424),POINT (81.18848 6.906642)
7867823597,1003,village,0,Waradola,POINT (81.1998534 6.911931),POINT (81.199853 6.911931)
7867823598,1004,hamlet,0,Ankada,POINT (81.1883121 6.8993196),POINT (81.188312 6.89932)
7867823600,1003,village,0,Tholabowatta,POINT (81.1848809 6.9367056),POINT (81.184881 6.936706)
7867823601,1004,hamlet,0,Passara Group State,POINT (81.1806889 6.9326976),POINT (81.180689 6.932698)
7867823602,1004,hamlet,0,Kirigalpoththa,POINT (81.1915715 6.8651324),POINT (81.191572 6.865132)
7867823603,1004,hamlet,0,Pinella,POINT (81.1766652 6.9135769),POINT (81.176665 6.913577)
7867823604,1003,village,0,Ambathenna,POINT (81.1714744 6.925587),POINT (81.171474 6.925587)
7867823605,1004,hamlet,0,Kanahela Upper Part,POINT (81.1480241 6.9350687),POINT (81.148024 6.935069)
7867823606,1004,hamlet,0,Kithulgolla,POINT (81.1653727 6.9314087),POINT (81.165373 6.931409)
7867823607,1003,village,0,Thennuge,POINT (81.1673777 6.9395273),POINT (81.167378 6.939527)
7867823608,1003,village,0,Meedumpitiya,POINT (81.1938289 6.9484556),POINT (81.193829 6.948456)
7867823610,1004,hamlet,0,Polgaspitiya,POINT (81.1498009 6.810243),POINT (81.149801 6.810243)
7867823612,1003,village,0,Millabedda,POINT (81.1931903 6.9665963),POINT (81.19319 6.966596)
7867823615,1004,hamlet,0,Maduwaththa,POINT (81.1990691 6.9739485),POINT (81.199069 6.973948)
7867823616,1004,hamlet,0,Daysbrook Waththa,POINT (81.208129 6.994509),POINT (81.208129 6.994509)
7867823617,1003,village,0,Yapamma,POINT (81.1979221 7.0107962),POINT (81.197922 7.010796)
7867823619,1004,hamlet,0,Uda Arawa,POINT (81.1716756 6.7881075),POINT (81.171676 6.788108)
7867823620,1004,hamlet,0,Kandahena,POINT (81.1440344 6.8713053),POINT (81.144034 6.871305)
7867823621,1004,hamlet,0,Parapawa,POINT (81.1534553 6.8940811),POINT (81.153455 6.894081)
7867823622,1004,hamlet,0,Mortlane State,POINT (81.1501703 6.9048462),POINT (81.15017 6.904846)
7867823623,1004,hamlet,0,Ethpattiya,POINT (81.1551662 6.8837355),POINT (81.155166 6.883736)
7867823624,1003,village,0,Dambewela,POINT (81.1664207 6.9057139),POINT (81.166421 6.905714)
7867823625,1003,village,0,Meeriyabedda,POINT (81.1620111 6.9175773),POINT (81.162011 6.917577)
7867823628,1004,hamlet,0,Kanahela,POINT (81.1474263 6.9253855),POINT (81.147426 6.925386)
7867823630,1004,hamlet,0,Paragolla,POINT (81.1606637 6.9266641),POINT (81.160664 6.926664)
7867823631,1003,village,0,Puhulwaththa,POINT (81.1405931 6.9226962),POINT (81.140593 6.922696)
7867823632,1003,village,0,Gonagala,POINT (81.1447779 6.9352192),POINT (81.144778 6.935219)
7867823633,1004,hamlet,0,Elarney State,POINT (81.1388347 6.9404264),POINT (81.138835 6.940426)
7867823634,1004,hamlet,0,El Teb - Kithulkele,POINT (81.1570966 6.9497532),POINT (81.157097 6.949753)
7867823635,1003,village,0,Pallegama,POINT (81.1520651 6.9462077),POINT (81.152065 6.946208)
7867823636,1004,hamlet,0,Galbokka,POINT (81.1449133 6.9507227),POINT (81.144913 6.950723)
7867823637,1003,village,0,Agarathenna,POINT (81.1428515 6.9645228),POINT (81.142852 6.964523)
7867823638,1004,hamlet,0,Palagolla,POINT (81.1471337 6.9434534),POINT (81.147134 6.943453)
7867823639,1004,hamlet,0,Sapuroda,POINT (81.1453032 6.9572107),POINT (81.145303 6.957211)
7867823640,1004,hamlet,0,Paramahakanda,POINT (81.1536797 6.9632637),POINT (81.15368 6.963264)
7867823644,1003,village,0,Welgolla,POINT (81.1418727 6.9848555),POINT (81.141873 6.984856)
7873606409,1004,hamlet,0,Alanmulla,POINT (81.2771636 7.0184568),POINT (81.277164 7.018457)
7873606410,1003,village,0,Pallekiruwa,POINT (81.2341713 7.0149179),POINT (81.234171 7.014918)
7875058577,1004,hamlet,0,Pahalawewa,POINT (80.6205082 7.8246943),POINT (80.620508 7.824694)
7875058578,1004,hamlet,0,Polkotuwa,POINT (80.4862041 7.6976319),POINT (80.486204 7.697632)
7875058579,1003,village,0,Pansiyagama,POINT (80.4964668 7.7351093),POINT (80.496467 7.735109)
7875058580,1004,hamlet,0,Madithiyapola,POINT (80.5173596 7.7285011),POINT (80.51736 7.728501)
7875058581,1004,hamlet,0,Ipulwehera,POINT (80.4947728 7.8965101),POINT (80.494773 7.89651)
7875058582,1004,hamlet,0,Ralalerotawewa,POINT (80.5396485 7.8326209),POINT (80.539648 7.832621)
7875058583,1004,hamlet,0,Kosgahahinna,POINT (80.5480088 7.8227602),POINT (80.548009 7.82276)
7875058584,1004,hamlet,0,Dewahuwa Colony 2,POINT (80.5703129 7.8507934),POINT (80.570313 7.850793)
7875065485,1004,hamlet,0,Dewahuwa Colony 1,POINT (80.5704474 7.8389368),POINT (80.570447 7.838937)
7875065486,1003,village,0,Narangaswewa,POINT (80.576291 7.877795),POINT (80.576291 7.877795)
7875065487,1004,hamlet,0,Dematagollegama,POINT (80.5625564 7.8638724),POINT (80.562556 7.863872)
7875065488,1003,village,0,Giranegama,POINT (80.5969736 7.8625477),POINT (80.596974 7.862548)
7875065489,1003,village,0,Kandalama East,POINT (80.6469966 7.9221227),POINT (80.646997 7.922123)
7875065490,1004,hamlet,0,Kandalama West,POINT (80.6296062 7.9226391),POINT (80.629606 7.922639)
7875065491,1004,hamlet,0,Kapuwaththa,POINT (80.6572652 7.8250769),POINT (80.657265 7.825077)
7875065492,1003,village,0,Moragollewa,POINT (80.6580162 7.8122157),POINT (80.658016 7.812216)
7875065493,1004,hamlet,0,Thalagoda,POINT (80.771785 7.7087337),POINT (80.771785 7.708734)
7875065494,1004,hamlet,0,Medapihilla,POINT (80.7444594 7.6957379),POINT (80.744459 7.695738)
7875065495,1003,village,0,Maragamuwa,POINT (80.7108581 7.7027896),POINT (80.710858 7.70279)
7875065496,1004,hamlet,0,Pubbiliya,POINT (80.7147386 7.7348938),POINT (80.714739 7.734894)
7875065497,1003,village,0,Helambagahawatta,POINT (80.7221452 7.7481346),POINT (80.722145 7.748135)
7875065498,1003,village,0,Kalundewa,POINT (80.7115663 7.8022694),POINT (80.711566 7.802269)
7875065499,1003,village,0,Erawula,POINT (80.7306111 7.8468402),POINT (80.730611 7.84684)
7875065500,1003,village,0,Nikawatawana,POINT (80.7695599 7.8755024),POINT (80.76956 7.875502)
7875065501,1003,village,0,Kumbuk-kandanwela,POINT (80.7266655 7.896293),POINT (80.726666 7.896293)
7875065502,1003,village,0,Kumbiyangaha-ela,POINT (80.6843506 7.6992016),POINT (80.684351 7.699202)
7875065503,1004,hamlet,0,Karawilahena,POINT (80.664668 7.7214823),POINT (80.664668 7.721482)
7875065504,1004,hamlet,0,Haduwela,POINT (80.6845604 7.7158501),POINT (80.68456 7.71585)
7875065505,1004,hamlet,0,Udahaduwa,POINT (80.6800335 7.7276548),POINT (80.680034 7.727655)
7875065506,1004,hamlet,0,Serudandapola,POINT (80.6688264 7.7406413),POINT (80.668826 7.740641)
7875065507,1003,village,0,Walgamwewa,POINT (80.684533 7.7809486),POINT (80.684533 7.780949)
7875065508,1003,village,0,Nayakumbura,POINT (80.6894241 7.7653802),POINT (80.689424 7.76538)
7875065509,1003,village,0,Kologahaela,POINT (80.6890783 7.8100754),POINT (80.689078 7.810075)
7875065510,1004,hamlet,0,Alugolla,POINT (80.6398468 7.6739416),POINT (80.639847 7.673942)
7875065511,1004,hamlet,0,Mailpitiya,POINT (80.6251246 7.7009378),POINT (80.625125 7.700938)
7875065512,1004,hamlet,0,Murutholuwa,POINT (80.6277956 7.7221713),POINT (80.627796 7.722171)
7875065513,1004,hamlet,0,Bibila,POINT (80.6422708 7.7257888),POINT (80.642271 7.725789)
7875065514,1004,hamlet,0,Bobella,POINT (80.658389 7.7402626),POINT (80.658389 7.740263)
7875065515,1003,village,0,Pannanpitiya,POINT (80.6594089 7.7798644),POINT (80.659409 7.779864)
7875065516,1004,hamlet,0,Etha Bendiwewa,POINT (80.6288795 7.7836039),POINT (80.62888 7.783604)
7875065517,1003,village,0,Embulambe,POINT (80.6498986 7.7890028),POINT (80.649899 7.789003)
7875065518,1003,village,0,Pahalawewa,POINT (80.6682421 7.8624035),POINT (80.668242 7.862404)
7875065519,1003,village,0,Yakkurugala,POINT (80.687631 7.8573867),POINT (80.687631 7.857387)
7875065520,1003,village,0,Rathmalgaha-ela,POINT (80.6682657 7.8486136),POINT (80.668266 7.848614)
7875065521,1003,village,0,Yapagama,POINT (80.6538152 7.8416995),POINT (80.653815 7.8417)
7875065522,1003,village,0,Thithawelagolla,POINT (80.6685303 7.8240171),POINT (80.66853 7.824017)
7875065523,1004,hamlet,0,Galwetiya,POINT (80.6367397 7.8782809),POINT (80.63674 7.878281)
7875065524,1003,village,0,Habarattawala,POINT (80.6307015 7.8896826),POINT (80.630702 7.889683)
7875065526,1004,hamlet,0,Bulugala,POINT (80.6429224 7.9021229),POINT (80.642922 7.902123)
7875065527,1004,hamlet,0,Pallegama,POINT (80.6524907 7.9050365),POINT (80.652491 7.905036)
7875065528,1004,hamlet,0,Pilihudugolla,POINT (80.6591908 7.6902023),POINT (80.659191 7.690202)
7875065529,1004,hamlet,0,Walnoruwa,POINT (80.6236702 7.6418251),POINT (80.62367 7.641825)
7875065530,1004,hamlet,0,Palapathwala,POINT (80.5984809 7.7117379),POINT (80.598481 7.711738)
7875065531,1004,hamlet,0,Walaswewa,POINT (80.5926689 7.7722436),POINT (80.592669 7.772244)
7875065532,1004,hamlet,0,Nabadagahawatta,POINT (80.5862654 7.7616912),POINT (80.586265 7.761691)
7875065533,1004,hamlet,0,Silwathgama,POINT (80.5936957 7.7856587),POINT (80.593696 7.785659)
7875065534,1003,village,0,Dandubendiruppa,POINT (80.6024303 7.8473784),POINT (80.60243 7.847378)
7875065535,1003,village,0,Dehippewa,POINT (80.5993727 7.889168),POINT (80.599373 7.889168)
7875065536,1004,hamlet,0,Pattiwela,POINT (80.5552096 7.7790839),POINT (80.55521 7.779084)
7875065537,1004,hamlet,0,Dembawa,POINT (80.56142 7.703901),POINT (80.56142 7.703901)
7875065538,1004,hamlet,0,Elamalpotha,POINT (80.5803051 7.7098066),POINT (80.580305 7.709807)
7875065539,1004,hamlet,0,Lenawala,POINT (80.5948671 7.7039224),POINT (80.594867 7.703922)
7875065540,1003,village,0,Damunumulla,POINT (80.5705523 7.7844825),POINT (80.570552 7.784482)
7875065541,1004,hamlet,0,Beliyakanda,POINT (80.5696603 7.8038794),POINT (80.56966 7.803879)
7875065542,1004,hamlet,0,Makulgaswewa,POINT (80.5779486 7.8473474),POINT (80.577949 7.847347)
7875065543,1004,hamlet,0,Nawa Galkiriyagama,POINT (80.5533391 7.9394782),POINT (80.553339 7.939478)
7875065544,1004,hamlet,0,Diyathure,POINT (80.518682 7.6539338),POINT (80.518682 7.653934)
7875065546,1003,village,0,Imihaminegama,POINT (80.5128283 7.7652523),POINT (80.512828 7.765252)
7875065547,1004,hamlet,0,Bambaragaswewa,POINT (80.536612 7.7894502),POINT (80.536612 7.78945)
7875065548,1003,village,0,Pibidunugama,POINT (80.5159176 7.8147684),POINT (80.515918 7.814768)
7875065549,1003,village,0,Aluthwela,POINT (80.5205252 7.7896656),POINT (80.520525 7.789666)
7875065550,1003,village,0,Parawahagama,POINT (80.5007184 7.8772479),POINT (80.500718 7.877248)
7875065551,1004,hamlet,0,Thiggollewa,POINT (80.5385894 7.8865093),POINT (80.538589 7.886509)
7875065552,1004,hamlet,0,Gurussa,POINT (80.5069152 7.677746),POINT (80.506915 7.677746)
7875065553,1004,hamlet,0,Diddeniya,POINT (80.471675 7.6936313),POINT (80.471675 7.693631)
7875065554,1004,hamlet,0,Keralankadawala,POINT (80.4918555 7.7186205),POINT (80.491856 7.71862)
7875065555,1004,hamlet,0,Moroththa,POINT (80.4782627 7.7192462),POINT (80.478263 7.719246)
7875065556,1004,hamlet,0,Nikawehera,POINT (80.4733483 7.7435919),POINT (80.473348 7.743592)
7875065557,1004,hamlet,0,Halmillawewa,POINT (80.4863497 7.7481673),POINT (80.48635 7.748167)
7875065558,1004,hamlet,0,Maneruwa,POINT (80.4803341 7.9006234),POINT (80.480334 7.900623)
7875065559,1004,hamlet,0,Kimbulwana,POINT (80.4505566 7.6996994),POINT (80.450557 7.699699)
7875065560,1004,hamlet,0,Henawa,POINT (80.4415256 7.7056293),POINT (80.441526 7.705629)
7876656087,1004,hamlet,0,Kendakaduwa,POINT (80.5910618 7.2729541),POINT (80.591062 7.272954)
7876656088,1004,hamlet,0,Uda Eriyagama East,POINT (80.5899417 7.2692155),POINT (80.589942 7.269216)
7876656089,1004,hamlet,0,Uda Eriyagama West,POINT (80.5868518 7.2697582),POINT (80.586852 7.269758)
7925616687,1004,hamlet,0,Udagammedda,POINT (80.6656971 7.3193984),POINT (80.665697 7.319398)
7925616688,1004,hamlet,0,Pallegammedda,POINT (80.650962 7.3202066),POINT (80.650962 7.320207)
7925616690,1004,hamlet,0,Elagolla,POINT (80.6205035 7.2650366),POINT (80.620504 7.265037)
7925616691,1004,hamlet,0,Hanthana Place,POINT (80.6370976 7.2757819),POINT (80.637098 7.275782)
7925616692,1004,hamlet,0,Hanthana,POINT (80.6327706 7.2678364),POINT (80.632771 7.267836)
7925616693,1003,village,0,Degaldoruwa,POINT (80.662326 7.2990199),POINT (80.662326 7.29902)
7925616694,1010,suburb,0,Kondadeniya,POINT (80.6174924 7.3130637),POINT (80.617492 7.313064)
7925616695,1010,suburb,0,Buwelikada,POINT (80.6498497 7.2981222),POINT (80.64985 7.298122)
7925616696,1004,hamlet,0,Bahirawakanda,POINT (80.6291982 7.295351),POINT (80.629198 7.295351)
7933819284,1004,hamlet,0,Nagrak,POINT (80.7762408 6.7585376),POINT (80.776241 6.758538)
7933819285,1004,hamlet,0,Poodukatuwa,POINT (80.7975304 6.77361),POINT (80.79753 6.77361)
7939284107,1003,village,0,Meddekanda,POINT (80.6610639 6.6789941),POINT (80.661064 6.678994)
7939284108,1004,hamlet,0,Udumulla,POINT (80.6796942 6.6640774),POINT (80.679694 6.664077)
7939284109,1003,village,0,Bulathgama,POINT (80.683127 6.6713796),POINT (80.683127 6.67138)
7941650585,1004,hamlet,0,Rasagalla Group State,POINT (80.6372076 6.6907735),POINT (80.637208 6.690774)
7941650864,1004,hamlet,0,Seethagala,POINT (80.6411133 6.7099367),POINT (80.641113 6.709937)
7941650865,1004,hamlet,0,Durakanda,POINT (80.6262401 6.7063578),POINT (80.62624 6.706358)
7941650866,1004,hamlet,0,Heramitigala,POINT (80.6273477 6.6875249),POINT (80.627348 6.687525)
7941650867,1004,hamlet,0,Uwella,POINT (80.6128609 6.7010772),POINT (80.612861 6.701077)
7947443279,1004,hamlet,0,Nakkawita Ihala,POINT (80.3698566 6.9103533),POINT (80.369857 6.910353)
7947443280,1003,village,0,Nakkawita,POINT (80.378876 6.9063928),POINT (80.378876 6.906393)
7947443281,1004,hamlet,0,Thennapita,POINT (80.3835236 6.875787),POINT (80.383524 6.875787)
7947443282,1004,hamlet,0,Hathkela,POINT (80.372318 6.8874017),POINT (80.372318 6.887402)
7980027818,1003,village,0,Maraka,POINT (80.9596562 7.5895508),POINT (80.959656 7.589551)
7980185352,1004,hamlet,0,Rambukoluwa,POINT (80.7919764 7.5141726),POINT (80.791976 7.514173)
7980185353,1004,hamlet,0,Moragolla,POINT (80.8945012 7.5081522),POINT (80.894501 7.508152)
7980185354,1003,village,0,Kivulewadiya,POINT (80.8774477 7.4964355),POINT (80.877448 7.496436)
7980185355,1003,village,0,Halminiya,POINT (80.8401244 7.5161233),POINT (80.840124 7.516123)
7980185356,1003,village,0,Narangamuwa,POINT (80.8388615 7.4911222),POINT (80.838862 7.491122)
7980185357,1004,hamlet,0,Imadoowa,POINT (80.8225697 7.5142231),POINT (80.82257 7.514223)
7980185358,1004,hamlet,0,Pallegama Old Village,POINT (80.8150274 7.546927),POINT (80.815027 7.546927)
7980185359,1003,village,0,Leloya,POINT (80.821439 7.5823579),POINT (80.821439 7.582358)
7980185360,1003,village,0,Ma-oya,POINT (80.8346986 7.6630607),POINT (80.834699 7.663061)
7980185361,1004,hamlet,0,Weware,POINT (80.9643522 7.473897),POINT (80.964352 7.473897)
7980185362,1003,village,0,Kethalathenna,POINT (80.9556824 7.5351955),POINT (80.955682 7.535196)
7980185363,1003,village,0,Lediyangala,POINT (80.9207439 7.5827207),POINT (80.920744 7.582721)
7980185364,1004,hamlet,0,Handungamuwa Tract 19,POINT (80.9271483 7.645274),POINT (80.927148 7.645274)
7980185365,1003,village,0,Bakmeedeniya,POINT (81.023625 7.6817959),POINT (81.023625 7.681796)
7980185366,1004,hamlet,0,Serupitiya,POINT (80.9935878 7.6326898),POINT (80.993588 7.63269)
7980185367,1004,hamlet,0,Sandamadulla,POINT (81.0116916 7.6242804),POINT (81.011692 7.62428)
7980185368,1003,village,0,Ihalagama,POINT (81.0233974 7.5844542),POINT (81.023397 7.584454)
7980185369,1004,hamlet,0,Ulhitiya,POINT (81.0269251 7.5161684),POINT (81.026925 7.516168)
7980185370,1003,village,0,Bathalayaya,POINT (80.985182 7.4602893),POINT (80.985182 7.460289)
7980185371,1003,village,0,Henanigala,POINT (81.0661538 7.5813262),POINT (81.066154 7.581326)
7999351751,1004,hamlet,0,Bogala,POINT (80.3098118 7.1151748),POINT (80.309812 7.115175)
8004483597,1003,village,0,Malwana,POINT (80.3154809 7.1566304),POINT (80.315481 7.15663)
8004483598,1004,hamlet,0,Heenwella,POINT (80.3050965 7.1491829),POINT (80.305096 7.149183)
8014318692,1004,hamlet,0,Olgankanda,POINT (80.3511876 7.2614197),POINT (80.351188 7.26142)
8024387580,1004,hamlet,0,Weweldeniya,POINT (80.3384364 7.2620316),POINT (80.338436 7.262032)
8024387581,1004,hamlet,0,Olagama,POINT (80.3356039 7.2558801),POINT (80.335604 7.25588)
8024387582,1004,hamlet,0,Nagolla,POINT (80.3646827 7.260315),POINT (80.364683 7.260315)
8024387583,1003,village,0,Uda Karandupana,POINT (80.3779077 7.2378293),POINT (80.377908 7.237829)
8024387584,1004,hamlet,0,Udumulla,POINT (80.3804852 7.2435891),POINT (80.380485 7.243589)
8024436185,1004,hamlet,0,Ekiriyagala,POINT (80.3619593 7.236898),POINT (80.361959 7.236898)
8024436186,1004,hamlet,0,Harapalagala,POINT (80.344869 7.244028),POINT (80.344869 7.244028)
8024436187,1004,hamlet,0,Waldeniya,POINT (80.3465309 7.2396239),POINT (80.346531 7.239624)
8024436188,1003,village,0,Pitihuma,POINT (80.3532499 7.2429644),POINT (80.35325 7.242964)
8024436189,1004,hamlet,0,Marapana,POINT (80.3518889 7.2376535),POINT (80.351889 7.237654)
8024436190,1004,hamlet,0,Ranwala,POINT (80.3233409 7.2448113),POINT (80.323341 7.244811)
8024436191,1004,hamlet,0,Beragala,POINT (80.3353894 7.2382497),POINT (80.335389 7.23825)
8024436192,1003,village,0,Ambanpitiya,POINT (80.3258174 7.2377489),POINT (80.325817 7.237749)
8024436193,1004,hamlet,0,Halpitiya,POINT (80.3733995 7.3128595),POINT (80.3734 7.31286)
8024436194,1004,hamlet,0,Walagama,POINT (80.3294134 7.2853174),POINT (80.329413 7.285317)
8024436195,1004,hamlet,0,Kandegedara,POINT (80.3413975 7.2843117),POINT (80.341398 7.284312)
8024436196,1004,hamlet,0,Mirihela,POINT (80.3542386 7.264121),POINT (80.354239 7.264121)
8024436197,1004,hamlet,0,Pussella,POINT (80.3501683 7.2681522),POINT (80.350168 7.268152)
8024436198,1003,village,0,Nilwakka,POINT (80.3635215 7.2696569),POINT (80.363522 7.269657)
8024436199,1003,village,0,Siyambalapitiya,POINT (80.3456841 7.2714327),POINT (80.345684 7.271433)
8025815992,1004,hamlet,0,Halagiriya,POINT (80.4165745 7.3061384),POINT (80.416574 7.306138)
8025815993,1003,village,0,Kadigamuwa,POINT (80.4280263 7.3149356),POINT (80.428026 7.314936)
8025815994,1004,hamlet,0,Paththampitiya,POINT (80.4364979 7.3114699),POINT (80.436498 7.31147)
8048289641,1003,village,0,Madabaddara,POINT (80.2717443 6.7087454),POINT (80.271744 6.708745)
8048289642,1003,village,0,Nammiminiya Waththa,POINT (80.2580516 6.7289947),POINT (80.258052 6.728995)
8048289643,1003,village,0,Pathegama,POINT (80.3405392 6.7547838),POINT (80.340539 6.754784)
8048289644,1003,village,0,Theppanawa,POINT (80.3181428 6.7720489),POINT (80.318143 6.772049)
8048289645,1004,hamlet,0,Kahengama East,POINT (80.3718352 6.7459939),POINT (80.371835 6.745994)
8048289646,1004,hamlet,0,Kahengama West,POINT (80.3595078 6.7310879),POINT (80.359508 6.731088)
8048289647,1003,village,0,Kahengama,POINT (80.3651898 6.7400117),POINT (80.36519 6.740012)
8048289648,1003,village,0,Ketaliyanpalla,POINT (80.3746068 6.7030927),POINT (80.374607 6.703093)
8048289649,1003,village,0,Dewalegama,POINT (80.3814436 6.6926201),POINT (80.381444 6.69262)
8048289650,1003,village,0,Weralupe,POINT (80.4093554 6.6933982),POINT (80.409355 6.693398)
8048289651,1003,village,0,Mudduwa,POINT (80.4002874 6.6743722),POINT (80.400287 6.674372)
8048289652,1003,village,0,Muwagama,POINT (80.3875878 6.6813324),POINT (80.387588 6.681332)
8048289653,1003,village,0,Hangamuwa,POINT (80.3902403 6.6406693),POINT (80.39024 6.640669)
8048289654,1003,village,0,Gangulwitiya,POINT (80.3818597 6.633932),POINT (80.38186 6.633932)
8048289655,1004,hamlet,0,Amuwala,POINT (80.3832463 6.654304),POINT (80.383246 6.654304)
8048289656,1003,village,0,Magurugoda,POINT (80.3996172 6.6273949),POINT (80.399617 6.627395)
8048289657,1004,hamlet,0,Rajjuruwaththa,POINT (80.3797747 6.5708971),POINT (80.379775 6.570897)
8048289658,1003,village,0,Pimbura,POINT (80.3545624 6.5817209),POINT (80.354562 6.581721)
8048289659,1003,village,0,Paragala,POINT (80.3423217 6.5988999),POINT (80.342322 6.5989)
8048289660,1004,hamlet,0,Batakada,POINT (80.3435256 6.6478823),POINT (80.343526 6.647882)
8048289661,1004,hamlet,0,Yahalagama,POINT (80.3617771 6.6720255),POINT (80.361777 6.672026)
8048289662,1004,hamlet,0,Dellabada,POINT (80.3551031 6.6638018),POINT (80.355103 6.663802)
8048289663,1004,hamlet,0,Niri-Ella South,POINT (80.3682411 6.6169501),POINT (80.368241 6.61695)
8048289664,1004,hamlet,0,Niriwatta,POINT (80.363173 6.6274423),POINT (80.363173 6.627442)
8048289665,1003,village,0,Niri-Ella,POINT (80.361026 6.6332524),POINT (80.361026 6.633252)
8048289666,1003,village,0,Digana,POINT (80.3777257 6.6098348),POINT (80.377726 6.609835)
8048289667,1003,village,0,Kithulpe,POINT (80.3382591 6.7302492),POINT (80.338259 6.730249)
8048289668,1004,hamlet,0,Dodampe,POINT (80.3281259 6.7263678),POINT (80.328126 6.726368)
8058526115,1004,hamlet,0,Kudagama,POINT (80.5894911 6.9081928),POINT (80.589491 6.908193)
8058526116,1050,locality,0,Feorence State,POINT (80.5616378 6.8881864),POINT (80.561638 6.888186)
8058526121,1004,hamlet,0,Kuda Oya,POINT (80.5751842 6.9192111),POINT (80.575184 6.919211)
8058526122,1004,hamlet,0,Vellai Oya,POINT (80.5510494 6.9112453),POINT (80.551049 6.911245)
8058526123,1004,hamlet,0,Binoya Lower,POINT (80.5629909 6.9255482),POINT (80.562991 6.925548)
8058526124,1050,locality,0,Binoya,POINT (80.5666866 6.9308418),POINT (80.566687 6.930842)
8058526125,1004,hamlet,0,Binoya State,POINT (80.567468 6.9397358),POINT (80.567468 6.939736)
8058526127,1003,village,0,Ruwanpura,POINT (80.57987 6.927878),POINT (80.57987 6.927878)
8065122898,1004,hamlet,0,Lammermoor,POINT (80.5296135 6.885804),POINT (80.529614 6.885804)
8065122899,1004,hamlet,0,Cleverton,POINT (80.5504703 6.8740234),POINT (80.55047 6.874023)
8065122900,1004,hamlet,0,Osborne State,POINT (80.5460756 6.8855404),POINT (80.546076 6.88554)
8071076650,1004,hamlet,0,Peenkanda State,POINT (80.4946972 6.5799273),POINT (80.494697 6.579927)
8071076651,1004,hamlet,0,Parawaththa,POINT (80.4744584 6.5894044),POINT (80.474458 6.589404)
8071127664,1004,hamlet,0,Peenkanda Nivitigala State,POINT (80.4407822 6.6053923),POINT (80.440782 6.605392)
8071127665,1003,village,0,Wathupitiya,POINT (80.4298843 6.593048),POINT (80.429884 6.593048)
8071127666,1004,hamlet,0,Peenkanda,POINT (80.4256051 6.5994223),POINT (80.425605 6.599422)
8071127667,1004,hamlet,0,Batalandewatta,POINT (80.4402359 6.5867326),POINT (80.440236 6.586733)
8071127668,1003,village,0,Halkandaliya,POINT (80.4560083 6.580021),POINT (80.456008 6.580021)
8071127691,1003,village,0,Yakdehiwaththa,POINT (80.4384137 6.5967958),POINT (80.438414 6.596796)
8080617578,1004,hamlet,0,Thanthirikanda,POINT (80.3549796 6.8671253),POINT (80.35498 6.867125)
8080617579,1004,hamlet,0,Manikkanda State,POINT (80.3487682 6.8767182),POINT (80.348768 6.876718)
8080617580,1003,village,0,Imbulpitiya,POINT (80.3402392 6.862655),POINT (80.340239 6.862655)
8080617581,1004,hamlet,0,Hathnapitiya,POINT (80.3213936 6.8557393),POINT (80.321394 6.855739)
8080617582,1003,village,0,Hemmingford,POINT (80.3255746 6.8472781),POINT (80.325575 6.847278)
8080617583,1003,village,0,Diddeniya,POINT (80.3365923 6.831663),POINT (80.336592 6.831663)
8080617584,1004,hamlet,0,Hellington,POINT (80.3135776 6.8477768),POINT (80.313578 6.847777)
8080617585,1004,hamlet,0,Parakaduwa Junction,POINT (80.3071244 6.8249668),POINT (80.307124 6.824967)
8080617586,1004,hamlet,0,Pathberiya Ihala,POINT (80.3055919 6.848423),POINT (80.305592 6.848423)
8080617587,1003,village,0,Pathberiya,POINT (80.3120556 6.840111),POINT (80.312056 6.840111)
8080617588,1004,hamlet,0,Meegasthenna,POINT (80.3138586 6.8370127),POINT (80.313859 6.837013)
8080617589,1003,village,0,Ambalanpitiya,POINT (80.3042567 6.864636),POINT (80.304257 6.864636)
8080617590,1003,village,0,Pannila,POINT (80.3221152 6.8680254),POINT (80.322115 6.868025)
8080617596,1003,village,0,Madagammana,POINT (80.2882645 6.884893),POINT (80.288264 6.884893)
8080617597,1004,hamlet,0,Tatuwalakanda,POINT (80.3128803 6.8744973),POINT (80.31288 6.874497)
8080617598,1003,village,0,Pambagama,POINT (80.3015484 6.8913853),POINT (80.301548 6.891385)
8080617599,1003,village,0,Godagampola,POINT (80.3170171 6.8815564),POINT (80.317017 6.881556)
8084766005,1003,village,0,Thawalama,POINT (80.3405806 6.3351777),POINT (80.340581 6.335178)
8096283069,1003,village,0,Thammannekulama,POINT (80.4288709 8.3128074),POINT (80.428871 8.312807)
8096283070,1003,village,0,Viharapalugama,POINT (80.3410054 8.3419991),POINT (80.341005 8.341999)
8096283071,1004,hamlet,0,Pandulagama,POINT (80.3532347 8.3225614),POINT (80.353235 8.322561)
8096283072,1004,hamlet,0,,POINT (80.3805174 8.3214056),POINT (80.380517 8.321406)
8096283073,1003,village,0,Dewanampiyatissapura,POINT (80.3762662 8.3430942),POINT (80.376266 8.343094)
8096283074,1004,hamlet,0,Thisawewa,POINT (80.3882289 8.3423565),POINT (80.388229 8.342356)
8096283076,1004,hamlet,0,Nuwarawewa,POINT (80.4162526 8.3514006),POINT (80.416253 8.351401)
8096283077,1003,village,0,Wannikulama,POINT (80.4161379 8.2986163),POINT (80.416138 8.298616)
8103531282,1004,hamlet,0,Wereppukulama,POINT (80.5881334 8.3474035),POINT (80.588133 8.347404)
8103531283,1003,village,0,Ihalagama,POINT (80.583794 8.3327814),POINT (80.583794 8.332781)
8103531284,1003,village,0,Katukeliyawa,POINT (80.6252128 8.321948),POINT (80.625213 8.321948)
8103531285,1003,village,0,Pahala Halmillewa,POINT (80.6177509 8.3045791),POINT (80.617751 8.304579)
8103531286,1003,village,0,Mawathwewa,POINT (80.6328479 8.2817425),POINT (80.632848 8.281742)
8103531287,1003,village,0,Wembuwewa,POINT (80.6668199 8.2595652),POINT (80.66682 8.259565)
8103531288,1003,village,0,Huruluwewa Left,POINT (80.7094878 8.2507675),POINT (80.709488 8.250768)
8103531290,1004,hamlet,0,Megodawewa,POINT (80.7049114 8.2240295),POINT (80.704911 8.22403)
8103531291,1004,hamlet,0,Huruluwewa,POINT (80.7319419 8.2275734),POINT (80.731942 8.227573)
8103531292,1003,village,0,Padikaramaduwa,POINT (80.745247 8.2331097),POINT (80.745247 8.23311)
8103531293,1003,village,0,Maha Rambewa,POINT (80.7563513 8.1981395),POINT (80.756351 8.19814)
8103531294,1004,hamlet,0,Matambuwa Halmillewa,POINT (80.7536732 8.1715459),POINT (80.753673 8.171546)
8103531295,1003,village,0,Madawala,POINT (80.7463735 8.1438691),POINT (80.746374 8.143869)
8103531296,1003,village,0,Mahadiulwewa,POINT (80.709486 8.1557946),POINT (80.709486 8.155795)
8103531297,1004,hamlet,0,Bendiwewa,POINT (80.6905299 8.1685826),POINT (80.69053 8.168583)
8103531298,1003,village,0,Moragoda,POINT (80.667994 8.175836),POINT (80.667994 8.175836)
8103531299,1004,hamlet,0,Unagollewa,POINT (80.6534369 8.1593246),POINT (80.653437 8.159325)
8103531300,1003,village,0,Manankattiya,POINT (80.6571364 8.2054163),POINT (80.657136 8.205416)
8103531301,1003,village,0,Alagollewa,POINT (80.6396753 8.1411343),POINT (80.639675 8.141134)
8103531303,1003,village,0,Sandanamkulama,POINT (80.6058326 8.185119),POINT (80.605833 8.185119)
8103531304,1003,village,0,Kattanurichchana,POINT (80.5830216 8.1919724),POINT (80.583022 8.191972)
8103531305,1003,village,0,Labunoruwa,POINT (80.6117361 8.1676547),POINT (80.611736 8.167655)
8103531306,1003,village,0,Meewellewa,POINT (80.589813 8.2087825),POINT (80.589813 8.208782)
8103531307,1003,village,0,Ethungama,POINT (80.5547304 8.2149442),POINT (80.55473 8.214944)
8103531308,1004,hamlet,0,Pethis Rambewa,POINT (80.5698681 8.1785812),POINT (80.569868 8.178581)
8103531309,1003,village,0,Manakkulama,POINT (80.5588603 8.1800998),POINT (80.55886 8.1801)
8103531310,1003,village,0,Ulankulama,POINT (80.5484211 8.1406033),POINT (80.548421 8.140603)
8103531311,1003,village,0,Ihala Puliyankulama,POINT (80.5686136 8.1535567),POINT (80.568614 8.153557)
8103531312,1003,village,0,Periyakulama,POINT (80.5403389 8.1582203),POINT (80.540339 8.15822)
8103531313,1003,village,0,Walagambahuwa,POINT (80.5044597 8.1569801),POINT (80.50446 8.15698)
8103531314,1003,village,0,Selesthimaduwa,POINT (80.4588622 8.2133168),POINT (80.458862 8.213317)
8103531315,1003,village,0,Nachchadoowa,POINT (80.4630625 8.251893),POINT (80.463062 8.251893)
8103531316,1003,village,0,Thuruwila,POINT (80.4333475 8.230817),POINT (80.433348 8.230817)
8103881617,1003,village,0,Kaluwila,POINT (80.4250104 8.2516188),POINT (80.42501 8.251619)
8103881618,1004,hamlet,200,Nelunkulama,POINT (80.4697102 8.309419),POINT (80.46971 8.309419)
8103881619,1003,village,0,Kalattewa,POINT (80.4628909 8.3252124),POINT (80.462891 8.325212)
8124840350,1004,hamlet,0,Deldeniya,POINT (80.5132781 7.2809799),POINT (80.513278 7.28098)
8124840351,1003,village,0,Rathmeewala,POINT (80.5139966 7.2758447),POINT (80.513997 7.275845)
8124840352,1004,hamlet,0,The Farm State,POINT (80.5070561 7.2640697),POINT (80.507056 7.26407)
8124840353,1003,village,0,Mudaliwatta,POINT (80.5126029 7.2629603),POINT (80.512603 7.26296)
8124840354,1004,hamlet,0,Thune Kanuwa,POINT (80.5078766 7.2727923),POINT (80.507877 7.272792)
8124840355,1004,hamlet,0,Amunupura,POINT (80.5051455 7.2706438),POINT (80.505146 7.270644)
8124840356,1003,village,0,Balana,POINT (80.4889888 7.2681139),POINT (80.488989 7.268114)
8138732981,1003,village,0,Pelempitiya,POINT (80.4304951 7.0839324),POINT (80.430495 7.083932)
8138757629,1004,hamlet,0,Kandusirigama,POINT (80.3601725 7.0707092),POINT (80.360172 7.070709)
8144001876,1003,village,0,Pussella,POINT (80.6797927 7.5583982),POINT (80.679793 7.558398)
8144001877,1004,hamlet,0,Pallethenna,POINT (80.669771 7.5427327),POINT (80.669771 7.542733)
8144001880,1003,village,0,Hunukete,POINT (80.6760111 7.5382135),POINT (80.676011 7.538214)
8144001881,1004,hamlet,0,Palle-Aswedduma,POINT (80.676265 7.5475836),POINT (80.676265 7.547584)
8144001886,1004,hamlet,0,Narangolla,POINT (80.6804213 7.5362313),POINT (80.680421 7.536231)
8144001887,1004,hamlet,0,Sirangahawatta,POINT (80.6979955 7.5431018),POINT (80.697996 7.543102)
8144001888,1004,hamlet,0,Dambagolla,POINT (80.7078991 7.5255718),POINT (80.707899 7.525572)
8144001889,1004,hamlet,0,Kirimetiya,POINT (80.6983833 7.5283489),POINT (80.698383 7.528349)
8144003519,1004,hamlet,0,Inguruwatta,POINT (80.7016948 7.5994507),POINT (80.701695 7.599451)
8144003522,1003,village,0,Karagahathenna,POINT (80.7240705 7.5907497),POINT (80.72407 7.59075)
8144003525,1004,hamlet,0,Nagalla State,POINT (80.6885778 7.590175),POINT (80.688578 7.590175)
8144003526,1004,hamlet,0,Opalgalla Group-Pussela,POINT (80.6909805 7.5582701),POINT (80.69098 7.55827)
8144003527,1003,village,0,Gammaduwa,POINT (80.6976133 7.5713521),POINT (80.697613 7.571352)
8144005873,1004,hamlet,0,Dankanda State,POINT (80.7129913 7.527369),POINT (80.712991 7.527369)
8144005874,1003,village,0,Dankanda,POINT (80.6987459 7.5211797),POINT (80.698746 7.52118)
8144005879,1003,village,0,Polwattakanda,POINT (80.6952909 7.5348737),POINT (80.695291 7.534874)
8144005880,1004,hamlet,0,Kavudagammana,POINT (80.6887827 7.5272546),POINT (80.688783 7.527255)
8145531194,1003,village,0,Bowatenna,POINT (80.6842573 7.662135),POINT (80.684257 7.662135)
8145531195,1004,hamlet,0,Ambana,POINT (80.6936386 7.6577947),POINT (80.693639 7.657795)
8145531196,1003,village,0,Opalgala,POINT (80.6922895 7.6199257),POINT (80.69229 7.619926)
8145531198,1003,village,0,Kumbaloluwa,POINT (80.6706306 7.5842585),POINT (80.670631 7.584258)
8145531203,1004,hamlet,0,Dambagahamada,POINT (80.7489431 7.5883147),POINT (80.748943 7.588315)
8155246840,1003,village,0,Midlands,POINT (80.7232251 7.5132502),POINT (80.723225 7.51325)
8155271994,1004,hamlet,0,Madakumbura,POINT (80.7020715 7.5058998),POINT (80.702072 7.5059)
8155271995,1004,hamlet,0,Weralugasthenna,POINT (80.7075591 7.5142505),POINT (80.707559 7.51425)
8155531731,1004,hamlet,0,Cattaratenne,POINT (80.7102788 7.5313348),POINT (80.710279 7.531335)
8155531732,1004,hamlet,0,Springmount State,POINT (80.7169121 7.5356635),POINT (80.716912 7.535664)
8155531734,1003,village,0,Pitawala,POINT (80.7541141 7.5323749),POINT (80.754114 7.532375)
8155531735,1004,hamlet,0,Mahalakotuwa,POINT (80.7588775 7.5334519),POINT (80.758878 7.533452)
8161950182,1004,hamlet,0,Kudagahapitiya,POINT (79.8881525 7.0195752),POINT (79.888152 7.019575)
8205959007,1003,village,0,Gorokoya,POINT (80.5534181 7.0665802),POINT (80.553418 7.06658)
8210763340,1004,hamlet,0,Hoonugaloya,POINT (80.6004694 7.0351323),POINT (80.600469 7.035132)
8210782727,1004,hamlet,0,Hunugaloya,POINT (80.5931577 7.0284239),POINT (80.593158 7.028424)
8210782738,1003,village,0,Ketabulawa,POINT (80.5946088 7.0150682),POINT (80.594609 7.015068)
8212739991,1004,hamlet,0,Thispane 01,POINT (80.6205752 7.0351908),POINT (80.620575 7.035191)
8235674948,1050,locality,0,Upper Gonavy,POINT (80.7196779 7.1192056),POINT (80.719678 7.119206)
8235675358,1004,hamlet,0,Loolecondera Group,POINT (80.7117677 7.1245247),POINT (80.711768 7.124525)
8243001128,1004,hamlet,0,Harrignton,POINT (80.6049433 6.9320396),POINT (80.604943 6.93204)
8243001129,1004,hamlet,0,Pittenween,POINT (80.5783868 6.9353519),POINT (80.578387 6.935352)
8243001130,1004,hamlet,0,Mayfield,POINT (80.5883431 6.9390982),POINT (80.588343 6.939098)
8252159947,1004,hamlet,0,Sangilipalama,POINT (80.6828266 7.0592202),POINT (80.682827 7.05922)
8312355901,1003,village,1800,Hidellana Kanda,POINT (80.3993721 6.7176484),POINT (80.399372 6.717648)
8312384024,1003,village,3500,Panukerepitiya,POINT (80.3851385 6.7264629),POINT (80.385138 6.726463)
8312384025,1003,village,2500,Ellegedara,POINT (80.3935499 6.7290201),POINT (80.39355 6.72902)
8312384026,1003,village,1500,Akkara 100,POINT (80.3949232 6.7214976),POINT (80.394923 6.721498)
8312384027,1003,village,2500,Goluwawila,POINT (80.3933997 6.7137833),POINT (80.3934 6.713783)
8312384028,1003,village,4000,Palm Garden,POINT (80.3890009 6.7106719),POINT (80.389001 6.710672)
8315471357,1003,village,1200,Malankanda,POINT (80.401436 6.7332991),POINT (80.401436 6.733299)
8327819243,1004,hamlet,0,Haggalla,POINT (80.1287359 7.1288603),POINT (80.128736 7.12886)
8327819244,1004,hamlet,0,Ellakkala,POINT (80.1385313 7.1303827),POINT (80.138531 7.130383)
8342409128,1050,locality,0,Dental Junction,POINT (80.6057366 7.2667486),POINT (80.605737 7.266749)
8346078838,1004,hamlet,0,Udagama,POINT (80.9695762 6.9413454),POINT (80.969576 6.941345)
8372453519,1004,hamlet,0,Kehelwala State,POINT (80.3646657 6.9343135),POINT (80.364666 6.934314)
8388215147,1003,village,3000,Kahangama,POINT (80.3655512 6.7022403),POINT (80.365551 6.70224)
8388215148,1003,village,4500,Samagipura,POINT (80.3890102 6.6740783),POINT (80.38901 6.674078)
8438495201,1004,hamlet,0,Kirimetiya Estate,POINT (80.6902429 7.2160951),POINT (80.690243 7.216095)
8468524003,1003,village,0,Maspanna,POINT (80.9411663 7.0306947),POINT (80.941166 7.030695)
8489539601,1003,village,0,Mahadowa,POINT (81.1679873 7.0155314),POINT (81.167987 7.015531)
8489539608,1004,hamlet,0,Verellapatana,POINT (81.1530662 7.0352813),POINT (81.153066 7.035281)
8489539609,1004,hamlet,0,Galula,POINT (81.1443758 7.0601998),POINT (81.144376 7.0602)
8489539610,1004,hamlet,0,Galloola,POINT (81.1538494 7.0465255),POINT (81.153849 7.046526)
8489706696,1004,hamlet,0,Glenloch Group,POINT (80.6798655 7.0865569),POINT (80.679866 7.086557)
8489706697,1004,hamlet,0,Kothmalgama,POINT (80.6575978 7.086509),POINT (80.657598 7.086509)
8489706698,1003,village,0,Deltagemunupura,POINT (80.6437522 7.0987634),POINT (80.643752 7.098763)
8511421328,1003,village,0,Kumbalgama,POINT (80.8116317 6.6868255),POINT (80.811632 6.686826)
8511421329,1004,hamlet,0,Yakkumbura,POINT (80.8322149 6.7266448),POINT (80.832215 6.726645)
8511421330,1003,village,0,Andawalayaya Waththa,POINT (81.1119211 6.6731006),POINT (81.111921 6.673101)
8511421331,1003,village,0,Siripuragama,POINT (81.1017555 6.6478342),POINT (81.101756 6.647834)
8511421332,1004,hamlet,0,Nahaketiya,POINT (81.0070413 6.7469208),POINT (81.007041 6.746921)
8511421333,1004,hamlet,0,Sudupanawela,POINT (81.1115885 6.7441506),POINT (81.111588 6.744151)
8511421334,1004,hamlet,0,Dimbulamura,POINT (81.098628 6.7421849),POINT (81.098628 6.742185)
8511421335,1004,hamlet,0,Gampanguwa,POINT (81.117779 6.7582465),POINT (81.117779 6.758246)
8511421336,1004,hamlet,0,Peraketiya,POINT (81.0913753 6.7575646),POINT (81.091375 6.757565)
8511421337,1003,village,0,Galbokka,POINT (81.0999799 6.7568348),POINT (81.09998 6.756835)
8511421338,1004,hamlet,0,Pahala Galbokka,POINT (81.0842192 6.7647455),POINT (81.084219 6.764746)
8511421339,1004,hamlet,0,Cabragalla State,POINT (81.049954 6.7535559),POINT (81.049954 6.753556)
8511421340,1004,hamlet,0,Poonagalla,POINT (81.0378653 6.746745),POINT (81.037865 6.746745)
8552299866,1003,village,0,Pandiwatte,POINT (80.6733602 7.2829057),POINT (80.67336 7.282906)
8561219735,1003,village,1500,Eknaligoda,POINT (80.3763244 6.7814095),POINT (80.376324 6.78141)
8594028262,1003,village,0,MoonValley Estate,POINT (80.6831418 7.2780717),POINT (80.683142 7.278072)
8693691291,1003,village,0,Pitawalawatta,POINT (80.5986378 7.2022161),POINT (80.598638 7.202216)
8878708312,1003,village,0,Godamunna,POINT (80.7847468 7.3284217),POINT (80.784747 7.328422)
9125448179,1003,village,0,Porawagama,POINT (80.2278141 6.2801977),POINT (80.227814 6.280198)
9125448180,1003,village,0,Naranowita,POINT (80.2197798 6.2920217),POINT (80.21978 6.292022)
9394245014,1002,town,10000,Serunuwara,POINT (81.3006319 8.325694),POINT (81.300632 8.325694)
9399149905,1050,locality,0,Galgamuwa Clock Tower,POINT (80.2704847 7.9956346),POINT (80.270485 7.995635)
9399883084,1003,village,0,Palukandewa,POINT (80.2566898 8.0040313),POINT (80.25669 8.004031)
9399891561,1003,village,0,Ihalagama,POINT (80.2395529 8.0124363),POINT (80.239553 8.012436)
9400452496,1003,village,0,Wirasurigama,POINT (80.1790322 8.006643),POINT (80.179032 8.006643)
9400611568,1003,village,0,Wetakoluwagama,POINT (80.3029394 8.0052121),POINT (80.302939 8.005212)
9400611600,1003,village,0,Gallewa,POINT (80.3314898 7.9618734),POINT (80.33149 7.961873)
9400756987,1003,village,0,Ehetuwewa,POINT (80.344522 7.9400723),POINT (80.344522 7.940072)
9400757006,1003,village,0,Chandrarathna,POINT (80.3485663 7.9287893),POINT (80.348566 7.928789)
9400769321,1003,village,0,Chandana,POINT (80.3317085 7.9397602),POINT (80.331708 7.93976)
9410491909,1003,village,0,Embogama,POINT (80.3628851 7.9178191),POINT (80.362885 7.917819)
9410655989,1003,village,0,Hiddewa,POINT (80.3550825 7.9442835),POINT (80.355082 7.944284)
9444101265,1003,village,0,Perakumba,POINT (80.2924326 7.9112434),POINT (80.292433 7.911243)
9518465742,1003,village,0,Meewatura,POINT (80.5920705 7.2468839),POINT (80.59207 7.246884)
9649624598,1002,town,101342,Hikkaduwa,POINT (80.1028181 6.140753),POINT (80.102818 6.140753)
9649649251,1003,village,0,Pasikudah,POINT (81.5650752 7.9224499),POINT (81.565075 7.92245)
9660124070,1050,locality,0,Gotagogama,POINT (79.8431552 6.929203),POINT (79.843155 6.929203)
9962984588,1003,village,2301,,POINT (80.565261 7.2933216),POINT (80.565261 7.293322)
9989985290,1003,village,0,,POINT (81.1973391 8.4746447),POINT (81.197339 8.474645)
9989992563,1003,village,0,,POINT (81.1942283 8.4745526),POINT (81.194228 8.474553)
9992965814,1003,village,0,,POINT (81.1663806 8.4635644),POINT (81.166381 8.463564)
9992965815,1004,hamlet,0,,POINT (81.1555445 8.4660264),POINT (81.155544 8.466026)
9992965816,1003,village,0,,POINT (81.1468059 8.4702393),POINT (81.146806 8.470239)
9992965817,1003,village,0,,POINT (81.1570465 8.4558919),POINT (81.157046 8.455892)
9992965818,1003,village,0,,POINT (81.1611342 8.4696238),POINT (81.161134 8.469624)
10010595954,1030,farm,0,,POINT (81.0681045 8.4468555),POINT (81.068104 8.446856)
10011642000,1004,hamlet,0,,POINT (81.1954786 8.5768586),POINT (81.195479 8.576859)
10011733296,1003,village,0,,POINT (81.1460695 8.3555321),POINT (81.14607 8.355532)
10015219933,1004,hamlet,0,,POINT (81.2667865 8.4471155),POINT (81.266786 8.447116)
10015219966,1004,hamlet,0,,POINT (81.268814 8.4499474),POINT (81.268814 8.449947)
10015219967,1004,hamlet,0,,POINT (81.2668025 8.4491637),POINT (81.266802 8.449164)
10015219968,1003,village,0,,POINT (81.2667865 8.4500657),POINT (81.266786 8.450066)
10015379411,1004,hamlet,0,,POINT (81.2662286 8.4462612),POINT (81.266229 8.446261)
10015379412,1003,village,0,,POINT (81.2671512 8.4458526),POINT (81.267151 8.445853)
10015379413,1004,hamlet,0,,POINT (81.2684065 8.445444),POINT (81.268406 8.445444)
10015379414,1003,village,0,,POINT (81.2709171 8.4467016),POINT (81.270917 8.446702)
10015379416,1003,village,0,,POINT (81.2707776 8.4474763),POINT (81.270778 8.447476)
10015379420,1004,hamlet,0,,POINT (81.2709653 8.4501825),POINT (81.270965 8.450182)
10015379421,1004,hamlet,0,,POINT (81.2678432 8.4500923),POINT (81.267843 8.450092)
10024708165,1004,hamlet,0,,POINT (81.1494318 8.3504426),POINT (81.149432 8.350443)
10024821633,1003,village,0,,POINT (81.2553548 8.3538421),POINT (81.255355 8.353842)
10024821634,1004,hamlet,0,,POINT (81.25072 8.3528655),POINT (81.25072 8.352866)
10024821635,1003,village,0,,POINT (81.2505054 8.3506151),POINT (81.250505 8.350615)
10024837213,1003,village,0,,POINT (81.2448943 8.3487932),POINT (81.244894 8.348793)
10024837405,1004,hamlet,0,,POINT (81.2542659 8.349535),POINT (81.254266 8.349535)
10024837601,1003,village,0,,POINT (81.2528361 8.352157),POINT (81.252836 8.352157)
10024837640,1003,village,0,,POINT (81.2524956 8.3539801),POINT (81.252496 8.35398)
10024837741,1003,village,0,,POINT (81.2543011 8.3560774),POINT (81.254301 8.356077)
10027583507,1004,hamlet,0,,POINT (81.2945259 8.4163169),POINT (81.294526 8.416317)
10100921472,1002,town,0,Kalubowitiyana,POINT (80.4022536 6.3137809),POINT (80.402254 6.313781)
10121523704,1004,hamlet,0,,POINT (80.1596028 6.8352016),POINT (80.159603 6.835202)
10137258243,1020,island,0,,POINT (80.5568673 6.828868),POINT (80.556867 6.828868)
10162278981,1030,farm,0,nature,POINT (79.8888713 9.6555002),POINT (79.888871 9.6555)
10166661526,1004,hamlet,0,kandy,POINT (80.6910932 7.5254314),POINT (80.691093 7.525431)
10167912570,1003,village,0,,POINT (81.2916988 8.4640685),POINT (81.291699 8.464068)
10277096893,1002,town,0,,POINT (81.1905742 8.5395919),POINT (81.190574 8.539592)
10301103105,1003,village,0,Shastrawela,POINT (81.8144374 6.8035685),POINT (81.814437 6.803568)
10301884570,1050,locality,0,Wedagama,POINT (81.7472357 6.7484307),POINT (81.747236 6.748431)
10302391475,1050,locality,0,Helawa,POINT (81.7602982 6.6811957),POINT (81.760298 6.681196)
10302423975,1050,locality,0,Kunukala,POINT (81.7792793 6.7080836),POINT (81.779279 6.708084)
10302425622,1004,hamlet,0,Panakala,POINT (81.7929592 6.7389659),POINT (81.792959 6.738966)
10308477924,1050,locality,0,Bagure,POINT (81.7331086 6.5992754),POINT (81.733109 6.599275)
10308477925,1050,locality,0,Thummulla,POINT (81.7377978 6.5830826),POINT (81.737798 6.583083)
10308895308,1050,locality,0,Kumana,POINT (81.7014849 6.5250046),POINT (81.701485 6.525005)
10316680987,1050,locality,0,Bambaragasthalawa,POINT (81.7207401 6.6393061),POINT (81.72074 6.639306)
10536912420,1050,locality,0,Lenama,POINT (81.6983959 6.6470728),POINT (81.698396 6.647073)
10561621108,1003,village,0,Thalawa,POINT (81.7963129 6.7976848),POINT (81.796313 6.797685)
10572468683,1003,village,0,,POINT (80.8837831 7.0591563),POINT (80.883783 7.059156)
10573919324,1050,locality,0,,POINT (80.3432241 7.2314858),POINT (80.343224 7.231486)
10573919325,1004,hamlet,0,,POINT (80.3443265 7.23143),POINT (80.344326 7.23143)
10573926875,1050,locality,0,,POINT (80.3051609 7.223104),POINT (80.305161 7.223104)
10574446334,1050,locality,0,Meeyangoda,POINT (81.7446052 6.7700606),POINT (81.744605 6.770061)
10575872683,1003,village,0,,POINT (80.2364346 6.9561036),POINT (80.236435 6.956104)
10575872700,1050,locality,0,,POINT (80.2389693 6.9581697),POINT (80.238969 6.95817)
10578236565,1003,village,0,Marawa,POINT (80.4517543 7.2546029),POINT (80.451754 7.254603)
10578236566,1003,village,0,Hondenigoda,POINT (80.4502577 7.2542038),POINT (80.450258 7.254204)
10578236567,1003,village,0,owatta,POINT (80.4594308 7.2535759),POINT (80.459431 7.253576)
10578244280,1003,village,0,Galganda,POINT (80.4514486 7.2563963),POINT (80.451449 7.256396)
10578244281,1003,village,0,Walpaladeniya,POINT (80.4505312 7.2571838),POINT (80.450531 7.257184)
10578244282,1010,suburb,0,Walawwatta 2,POINT (80.4488575 7.2547147),POINT (80.448858 7.254715)
10578244283,1010,suburb,0,walawwatta,POINT (80.4481387 7.2546455),POINT (80.448139 7.254646)
10578316895,1003,village,0,,POINT (80.7276624 7.2878928),POINT (80.727662 7.287893)
10578372278,1004,hamlet,0,,POINT (80.4954582 7.2436139),POINT (80.495458 7.243614)
10578373336,1003,village,0,,POINT (80.7445174 7.285807),POINT (80.744517 7.285807)
10578373347,1003,village,0,,POINT (80.7380104 7.2922721),POINT (80.73801 7.292272)
10578374597,1003,village,0,,POINT (80.4745048 7.2180323),POINT (80.474505 7.218032)
10578376025,1003,village,0,Rahmaniya Mahawatta,POINT (80.4484767 7.2580778),POINT (80.448477 7.258078)
10578419098,1003,village,0,,POINT (80.6149185 6.8405491),POINT (80.614918 6.840549)
10578419165,1004,hamlet,0,,POINT (80.6138509 6.8442029),POINT (80.613851 6.844203)
10578441247,1003,village,0,,POINT (80.6085992 7.0325261),POINT (80.608599 7.032526)
10588164348,1050,locality,0,Dammulla,POINT (81.7330924 6.5899613),POINT (81.733092 6.589961)
10588200286,1050,locality,0,Kumbukkana,POINT (81.693609 6.5142809),POINT (81.693609 6.514281)
10685538922,1003,village,0,,POINT (80.4241061 7.4396455),POINT (80.424106 7.439646)
10690856515,1004,hamlet,0,Urani,POINT (81.8432012 6.9184099),POINT (81.843201 6.91841)
10694540023,1004,hamlet,0,Temple Junction,POINT (80.6448996 7.1966253),POINT (80.6449 7.196625)
10708595708,1050,locality,0,Nirosha Estate,POINT (80.6394191 7.1968624),POINT (80.639419 7.196862)
10848161730,1004,hamlet,0,,POINT (81.5864186 7.6149263),POINT (81.586419 7.614926)
10848161731,1004,hamlet,0,,POINT (81.6137812 7.578674),POINT (81.613781 7.578674)
10848173607,1004,hamlet,0,,POINT (81.6327953 7.5596527),POINT (81.632795 7.559653)
10848173608,1004,hamlet,0,,POINT (81.6267791 7.5625363),POINT (81.626779 7.562536)
10848216170,1030,farm,0,,POINT (81.4412481 7.5882562),POINT (81.441248 7.588256)
10848217858,1030,farm,0,,POINT (81.6807747 7.6443143),POINT (81.680775 7.644314)
10848217859,1030,farm,0,,POINT (81.6818207 7.6402549),POINT (81.681821 7.640255)
10848217860,1030,farm,0,,POINT (81.682958 7.6378438),POINT (81.682958 7.637844)
10848217861,1030,farm,0,farm,POINT (81.6824269 7.6360467),POINT (81.682427 7.636047)
10848217862,1030,farm,0,farm,POINT (81.6817725 7.6336062),POINT (81.681772 7.633606)
10848220377,1002,town,0,,POINT (81.6629541 7.6566968),POINT (81.662954 7.656697)
10848220398,1030,farm,0,farm,POINT (81.6566831 7.6586746),POINT (81.656683 7.658675)
10848221947,1030,farm,0,,POINT (81.3318139 7.5554304),POINT (81.331814 7.55543)
10848221999,1030,farm,0,,POINT (81.3432053 7.5391335),POINT (81.343205 7.539134)
10848222000,1030,farm,0,,POINT (81.3409388 7.5392319),POINT (81.340939 7.539232)
10848222002,1030,farm,0,,POINT (81.325618 7.5457518),POINT (81.325618 7.545752)
10848222003,1030,farm,0,,POINT (81.3323396 7.5401253),POINT (81.33234 7.540125)
10848222144,1030,farm,0,,POINT (81.3274526 7.5449435),POINT (81.327453 7.544944)
10848222145,1030,farm,0,,POINT (81.3301241 7.5481661),POINT (81.330124 7.548166)
10848222413,1030,farm,0,,POINT (81.3176304 7.5805192),POINT (81.31763 7.580519)
10848222450,1030,farm,0,,POINT (81.325618 7.5892505),POINT (81.325618 7.58925)
10848222451,1030,farm,0,,POINT (81.3230538 7.5879956),POINT (81.323054 7.587996)
10848222452,1030,farm,0,,POINT (81.3250494 7.5880063),POINT (81.325049 7.588006)
10848222453,1030,farm,0,,POINT (81.3272166 7.5950146),POINT (81.327217 7.595015)
10848222483,1030,farm,0,,POINT (81.3232577 7.5941213),POINT (81.323258 7.594121)
10848222484,1030,farm,0,,POINT (81.3317871 7.5985985),POINT (81.331787 7.598598)
10848222485,1030,farm,0,,POINT (81.3396191 7.6023206),POINT (81.339619 7.602321)
10856112651,1003,village,0,,POINT (81.4790618 7.7687717),POINT (81.479062 7.768772)
10856112652,1004,hamlet,0,,POINT (81.5180129 7.7680913),POINT (81.518013 7.768091)
10856145927,1004,hamlet,0,,POINT (81.4769483 7.7577691),POINT (81.476948 7.757769)
10856145928,1004,hamlet,0,,POINT (81.4820659 7.7632226),POINT (81.482066 7.763223)
10856145929,1004,hamlet,0,,POINT (81.506812 7.795841),POINT (81.506812 7.795841)
10856145930,1004,hamlet,0,,POINT (81.4881277 7.7805925),POINT (81.488128 7.780592)
10856145931,1004,hamlet,0,,POINT (81.4807141 7.7787534),POINT (81.480714 7.778753)
10856163749,1004,hamlet,0,,POINT (81.5148908 7.7788491),POINT (81.514891 7.778849)
10856163750,1004,hamlet,0,,POINT (81.5174925 7.7926043),POINT (81.517492 7.792604)
10856163751,1004,hamlet,0,,POINT (81.5123105 7.7943475),POINT (81.51231 7.794348)
10856165594,1004,hamlet,0,,POINT (81.5154648 7.7932208),POINT (81.515465 7.793221)
10856195824,1004,hamlet,0,,POINT (81.6276361 7.5682262),POINT (81.627636 7.568226)
10856196035,1003,village,0,,POINT (81.6264492 7.561833),POINT (81.626449 7.561833)
10861686040,1003,village,0,,POINT (81.4711869 7.8277979),POINT (81.471187 7.827798)
10861686053,1004,hamlet,0,,POINT (81.4488602 7.8682919),POINT (81.44886 7.868292)
10861686054,1003,village,0,,POINT (81.4415431 7.8738183),POINT (81.441543 7.873818)
10861686055,1004,hamlet,0,,POINT (81.4696097 7.8804606),POINT (81.46961 7.880461)
10861686056,1004,hamlet,0,,POINT (81.474148 7.8830962),POINT (81.474148 7.883096)
10861686057,1004,hamlet,0,,POINT (81.4633655 7.8777399),POINT (81.463366 7.87774)
10861686058,1004,hamlet,0,,POINT (81.4700764 7.8725164),POINT (81.470076 7.872516)
10861686067,1003,village,0,,POINT (81.4652967 7.8734783),POINT (81.465297 7.873478)
10861686068,1004,hamlet,0,,POINT (81.4400196 7.8632649),POINT (81.44002 7.863265)
10861686069,1004,hamlet,0,,POINT (81.4421761 7.8613306),POINT (81.442176 7.861331)
10861686070,1003,village,0,,POINT (81.3901949 7.8399784),POINT (81.390195 7.839978)
10861686076,1003,village,0,,POINT (81.4093029 7.8458081),POINT (81.409303 7.845808)
10861686089,1004,hamlet,0,,POINT (81.4283359 7.8506015),POINT (81.428336 7.850602)
10861686090,1003,village,0,,POINT (81.4352882 7.8495812),POINT (81.435288 7.849581)
10861686091,1004,hamlet,0,,POINT (81.4379918 7.8148943),POINT (81.437992 7.814894)
10861686092,1004,hamlet,0,,POINT (81.4512741 7.8049558),POINT (81.451274 7.804956)
10875140430,1003,village,0,5 Canal,POINT (80.9985159 8.1446587),POINT (80.998516 8.144659)
10988860360,1030,farm,0,,POINT (81.1857033 8.6529947),POINT (81.185703 8.652995)
10988863724,1030,farm,0,,POINT (81.162309 8.7325286),POINT (81.162309 8.732529)
10988874982,1030,farm,0,,POINT (81.1604503 8.7324544),POINT (81.16045 8.732454)
10991321056,1030,farm,0,,POINT (81.0139722 8.8586924),POINT (81.013972 8.858692)
10991363889,1030,farm,0,,POINT (81.0205114 8.8607331),POINT (81.020511 8.860733)
11007059263,1030,farm,0,,POINT (80.6974822 6.7664435),POINT (80.697482 6.766444)
11007090222,1030,farm,0,,POINT (80.8474365 6.7582305),POINT (80.847436 6.75823)
11007330588,1030,farm,0,,POINT (80.655975 6.59272),POINT (80.655975 6.59272)
11007369286,1030,farm,0,,POINT (80.6792861 6.6581924),POINT (80.679286 6.658192)
11007371793,1030,farm,0,,POINT (80.6562084 6.5941295),POINT (80.656208 6.59413)
11007371904,1030,farm,0,,POINT (80.6544623 6.5912239),POINT (80.654462 6.591224)
11076738784,1003,village,0,Yalpathvela,POINT (80.9235334 6.8921469),POINT (80.923533 6.892147)
11076780740,1003,village,0,Lunuwaththa,POINT (80.9346485 6.9101313),POINT (80.934648 6.910131)
11092728565,1003,village,0,,POINT (81.2593943 8.3332378),POINT (81.259394 8.333238)
11092728566,1003,village,0,,POINT (81.2612021 8.3408172),POINT (81.261202 8.340817)
11092728567,1003,village,0,,POINT (81.261009 8.33638),POINT (81.261009 8.33638)
11118260541,1003,village,0,Hurigaswewa,POINT (80.3765049 8.1452039),POINT (80.376505 8.145204)
11118260542,1003,village,0,"2/B Gammanaya, Hurigaswewa",POINT (80.3761851 8.1374418),POINT (80.376185 8.137442)
11150919257,1050,locality,0,,POINT (81.4757336 7.6155802),POINT (81.475734 7.61558)
11162623354,1004,hamlet,0,Kandana Junction,POINT (80.0913146 6.6905277),POINT (80.091315 6.690528)
11167327246,1050,locality,0,,POINT (81.4290865 7.6613792),POINT (81.429086 7.661379)
11171596440,1003,village,0,,POINT (81.212064 7.7803799),POINT (81.212064 7.78038)
11171596441,1003,village,0,,POINT (81.2143278 7.7775629),POINT (81.214328 7.777563)
11178620491,1003,village,0,Narangala,POINT (80.997211 7.0270443),POINT (80.997211 7.027044)
11191902210,1003,village,0,,POINT (81.2902236 8.3716961),POINT (81.290224 8.371696)
11192590981,1003,village,0,Unagolla,POINT (80.9734402 7.0840777),POINT (80.97344 7.084078)
11247764276,1010,suburb,0,Thirunelvely,POINT (80.0275692 9.6893835),POINT (80.027569 9.689384)
11258132434,1050,locality,0,Kudalenama,POINT (81.7402292 6.6501291),POINT (81.740229 6.650129)
11258132435,1050,locality,0,Girikula,POINT (81.7630385 6.6280469),POINT (81.763038 6.628047)
11258132436,1050,locality,0,Kuluwana,POINT (81.7525544 6.618206),POINT (81.752554 6.618206)
11258176621,1050,locality,0,Bisokotuwa,POINT (81.6947429 6.5345658),POINT (81.694743 6.534566)
11258176636,1050,locality,0,Pelessa,POINT (81.7100794 6.5298379),POINT (81.710079 6.529838)
11258241064,1050,locality,0,Nanugalthota,POINT (81.7003784 6.5148804),POINT (81.700378 6.51488)
11258241065,1004,hamlet,0,Kumana Village,POINT (81.7021467 6.5175992),POINT (81.702147 6.517599)
11258358435,1050,locality,0,Halangoda Eliya,POINT (81.6885937 6.4960815),POINT (81.688594 6.496082)
11258358436,1050,locality,0,Kiwulawela Eliya,POINT (81.6952529 6.5048433),POINT (81.695253 6.504843)
11258393037,1050,locality,0,Madamethota,POINT (81.6934027 6.5125398),POINT (81.693403 6.51254)
11258393038,1050,locality,0,Hulannarakada,POINT (81.6832787 6.5157128),POINT (81.683279 6.515713)
11258393039,1050,locality,0,Ethinnamerunathota,POINT (81.6741173 6.5222959),POINT (81.674117 6.522296)
11258393040,1050,locality,0,Galamedathota,POINT (81.6695929 6.5298801),POINT (81.669593 6.52988)
11258393041,1050,locality,0,Galwalathota,POINT (81.6664551 6.5357542),POINT (81.666455 6.535754)
11258393042,1050,locality,0,Mahagal Amuna,POINT (81.6631599 6.5407588),POINT (81.66316 6.540759)
11258393043,1050,locality,0,Unapothugala,POINT (81.671668 6.5428637),POINT (81.671668 6.542864)
11258393044,1050,locality,0,Kotuattawa Eliya,POINT (81.6624205 6.5463612),POINT (81.66242 6.546361)
11258524424,1050,locality,0,Ikiriyawatawana,POINT (81.7528049 6.657352),POINT (81.752805 6.657352)
11357632086,1004,hamlet,0,Rambuke,POINT (80.8876855 7.0889926),POINT (80.887686 7.088993)
11357632087,1004,hamlet,0,Thewatta,POINT (80.8952659 7.082016),POINT (80.895266 7.082016)
11357632088,1004,hamlet,0,Wangu 7,POINT (80.8904873 7.080259),POINT (80.890487 7.080259)
11357632089,1004,hamlet,0,Walaskale,POINT (80.8909514 7.0744081),POINT (80.890951 7.074408)
11357690967,1003,village,0,Thibbatugoda,POINT (80.8758971 7.0872418),POINT (80.875897 7.087242)
11357690968,1003,village,0,Egodakanda,POINT (80.872938 7.0846842),POINT (80.872938 7.084684)
11357721469,1004,hamlet,0,Werella,POINT (80.8781766 7.0869921),POINT (80.878177 7.086992)
11374263457,1003,village,0,Kanchikudicharu,POINT (81.776286 7.0496693),POINT (81.776286 7.049669)
11389481589,1003,village,0,Helagama,POINT (80.9741823 7.0653894),POINT (80.974182 7.065389)
11389505127,1003,village,0,Pitiyegedara,POINT (80.977568 7.0637049),POINT (80.977568 7.063705)
11389517619,1003,village,0,Meegahaella,POINT (80.9777465 7.0615593),POINT (80.977746 7.061559)
11389517620,1003,village,0,Beramada,POINT (80.9765435 7.057162),POINT (80.976544 7.057162)
11389517621,1003,village,0,Gurupihilla,POINT (80.9731392 7.0703781),POINT (80.973139 7.070378)
11389517622,1003,village,0,Bathalawaltenna,POINT (80.9755456 7.0698252),POINT (80.975546 7.069825)
11389517623,1003,village,0,Bokannoruwa,POINT (80.993746 7.0419909),POINT (80.993746 7.041991)
11400778504,1050,locality,0,Periapullumalai,POINT (81.447088 7.5802412),POINT (81.447088 7.580241)
11407426440,1050,locality,0,Welikemulla,POINT (81.0684457 6.9619091),POINT (81.068446 6.961909)
11434326059,1003,village,0,Greenwood,POINT (80.5533542 7.0458082),POINT (80.553354 7.045808)
11440203407,1050,locality,0,Pihimbiyawa,POINT (81.3515033 7.1943999),POINT (81.351503 7.1944)
11476856544,1003,village,0,Bulupitiya,POINT (81.3334562 7.2477884),POINT (81.333456 7.247788)
11476856545,1003,village,0,Rathugala,POINT (81.3821479 7.2799999),POINT (81.382148 7.28)
11476856546,1003,village,0,Karandugala,POINT (81.3447683 7.2503257),POINT (81.344768 7.250326)
11476903087,1003,village,0,Rathmalgahaella,POINT (81.4189689 7.3236404),POINT (81.418969 7.32364)
11476903088,1003,village,0,Mullegama,POINT (81.4422667 7.3349723),POINT (81.442267 7.334972)
11476903089,1003,village,0,Maldam Ambe,POINT (81.312176 7.2056824),POINT (81.312176 7.205682)
11476903090,1003,village,0,Serawa,POINT (81.3126684 7.2149038),POINT (81.312668 7.214904)
11581631173,1004,hamlet,0,,POINT (80.7654123 7.8803668),POINT (80.765412 7.880367)
11610880970,1030,farm,0,,POINT (80.2310273 6.1502353),POINT (80.231027 6.150235)
11659276357,1002,town,0,Neriyakulam,POINT (80.3541146 8.6162048),POINT (80.354115 8.616205)
11659276358,1003,village,0,Cheddikulam,POINT (80.3128771 8.6600446),POINT (80.312877 8.660045)
11659276359,1003,village,0,Vankalai,POINT (79.9332328 8.8939298),POINT (79.933233 8.89393)
11665302199,1050,locality,0,Hakuru Siyambalawa,POINT (81.683192 6.6592027),POINT (81.683192 6.659203)
11665302267,1050,locality,0,Kadurukumbura,POINT (81.6989068 6.6643706),POINT (81.698907 6.664371)
11665339819,1050,locality,0,Kalugolla,POINT (81.7265662 6.7453468),POINT (81.726566 6.745347)
11665339860,1050,locality,0,Ballamallidigana,POINT (81.7734394 6.7199782),POINT (81.773439 6.719978)
11665347057,1050,locality,0,Malgahakada,POINT (81.6851173 6.5163169),POINT (81.685117 6.516317)
11665347058,1050,locality,0,Bathkumbura,POINT (81.6733768 6.5252919),POINT (81.673377 6.525292)
11671590512,1003,village,0,Puliyawatta Upper Division,POINT (80.627144 6.8514625),POINT (80.627144 6.851462)
11671590513,1003,village,0,Puliyawatta Lower Division,POINT (80.6246388 6.8543492),POINT (80.624639 6.854349)
11671590514,1003,village,0,Newton,POINT (80.6122644 6.8541548),POINT (80.612264 6.854155)
11671590515,1003,village,0,Bathboard Upper Division,POINT (80.6266236 6.8610387),POINT (80.626624 6.861039)
11671590516,1003,village,0,Bathboard Lower Division,POINT (80.620814 6.8630759),POINT (80.620814 6.863076)
11671590517,1003,village,0,Darawala,POINT (80.6087816 6.8710009),POINT (80.608782 6.871001)
11671590519,1003,village,0,Manickawatta 02 nd Division,POINT (80.6087816 6.8641757),POINT (80.608782 6.864176)
11671590520,1003,village,0,Manickawatta 01 st Division,POINT (80.6122148 6.8684045),POINT (80.612215 6.868404)
11671590521,1003,village,0,Battalagalla Lower Division,POINT (80.6170106 6.8665564),POINT (80.617011 6.866556)
11671648928,1003,village,0,Battalagalla Upper Division,POINT (80.6261355 6.8641784),POINT (80.626136 6.864178)
11866024991,1010,suburb,0,Oddaimavadi,POINT (81.5211079 7.9158314),POINT (81.521108 7.915831)
11866273580,1010,suburb,0,Meeravodai,POINT (81.524824 7.9079128),POINT (81.524824 7.907913)
12105814881,1004,hamlet,0,Maussawa,POINT (80.6094045 7.1315477),POINT (80.609404 7.131548)
12150891738,1004,hamlet,0,Munwathugoda,POINT (80.5335074 7.2874949),POINT (80.533507 7.287495)
12161415661,1004,hamlet,0,Rasingolla,POINT (80.8943296 7.0681106),POINT (80.89433 7.068111)
12161415662,1004,hamlet,0,Pallegama,POINT (80.8955634 7.0625952),POINT (80.895563 7.062595)
12161415663,1004,hamlet,0,Dehigolla,POINT (80.896808 7.0601676),POINT (80.896808 7.060168)
12161415664,1004,hamlet,0,Karandagolla,POINT (80.9006489 7.0557915),POINT (80.900649 7.055792)
12228000068,1050,locality,0,Bandarapattiya,POINT (81.7050567 6.8953174),POINT (81.705057 6.895317)
12246908826,1050,locality,0,Paskema,POINT (81.7768745 6.7000284),POINT (81.776874 6.700028)
12293516944,1050,locality,0,Vilapalawala,POINT (81.4411219 6.3048525),POINT (81.441122 6.304852)
12293524527,1050,locality,0,Buthawa,POINT (81.4763783 6.3288482),POINT (81.476378 6.328848)
12293524548,1050,locality,0,Gonaleheba,POINT (81.5002478 6.3547918),POINT (81.500248 6.354792)
12296477002,1050,locality,0,Yala,POINT (81.5176423 6.3639642),POINT (81.517642 6.363964)
12296477003,1050,locality,0,Patanangala,POINT (81.4913523 6.343319),POINT (81.491352 6.343319)
12296477004,1050,locality,0,Mahaseelawa,POINT (81.4330925 6.2959338),POINT (81.433092 6.295934)
12296477005,1050,locality,0,Amaduwa,POINT (81.425826 6.2789399),POINT (81.425826 6.27894)
12296600464,1050,locality,0,Uraniya,POINT (81.4625174 6.3133453),POINT (81.462517 6.313345)
12296600477,1050,locality,0,Vapadeniya,POINT (81.4490116 6.3123564),POINT (81.449012 6.312356)
12307208469,1050,locality,0,Handunnoruwa,POINT (81.5084899 6.3632685),POINT (81.50849 6.363268)
12311485522,1050,locality,0,Kudaseelawa,POINT (81.424445 6.2878977),POINT (81.424445 6.287898)
12359774499,1050,locality,0,Pahalahenthota,POINT (81.4189467 6.4043765),POINT (81.418947 6.404376)
12359922539,1050,locality,0,Paranathotupola,POINT (81.5192312 6.3715421),POINT (81.519231 6.371542)
12361238030,1050,locality,0,Jamburagala,POINT (81.4250505 6.317881),POINT (81.42505 6.317881)
12365237666,1002,town,0,Dharga Town,POINT (80.0047185 6.4386901),POINT (80.004718 6.43869)
12374073879,1050,locality,0,Bodhi Godella,POINT (81.4311726 6.5831837),POINT (81.431173 6.583184)
12374387950,1050,locality,0,Suduwelimulla,POINT (81.511802 6.3574537),POINT (81.511802 6.357454)
12374387952,1050,locality,0,Galkaduwa,POINT (81.389033 6.3118542),POINT (81.389033 6.311854)
12379140446,1050,locality,0,Patangigasthota,POINT (81.4289917 6.4177097),POINT (81.428992 6.41771)
12379140447,1050,locality,0,Korawakthota,POINT (81.4366609 6.4205564),POINT (81.436661 6.420556)
12379140448,1050,locality,0,Hiriketiyathota,POINT (81.4457988 6.4202141),POINT (81.445799 6.420214)
12379140449,1050,locality,0,Kotiyathota,POINT (81.4677007 6.4083407),POINT (81.467701 6.408341)
12379140450,1050,locality,0,Rugamthota,POINT (81.4756758 6.4079707),POINT (81.475676 6.407971)
12379140451,1050,locality,0,Komathota,POINT (81.4942399 6.3917249),POINT (81.49424 6.391725)
12379140452,1050,locality,0,Nakaliyagasthota,POINT (81.5025102 6.3916149),POINT (81.50251 6.391615)
12379140453,1050,locality,0,Katupilamankada,POINT (81.5083775 6.3877478),POINT (81.508378 6.387748)
12379140454,1050,locality,0,Mahapelessa,POINT (81.5081423 6.3823422),POINT (81.508142 6.382342)
12379140583,1050,locality,0,Brahkmanathota,POINT (81.4804656 6.4188608),POINT (81.480466 6.418861)
12396820148,1050,locality,0,Diwulkele,POINT (81.4679227 6.3999031),POINT (81.467923 6.399903)
12398538228,1050,locality,0,Kaluwara Bokkuwa,POINT (81.4903766 6.3676964),POINT (81.490377 6.367696)
12398538247,1050,locality,0,Diwulmandiya,POINT (81.5098933 6.3675913),POINT (81.509893 6.367591)
12466747020,1050,locality,0,Bakmeethota,POINT (81.6222816 6.5691521),POINT (81.622282 6.569152)
12466747021,1050,locality,0,Palukotawala,POINT (81.6158992 6.5721247),POINT (81.615899 6.572125)
12466778099,1050,locality,0,Dematapitiya,POINT (81.5440013 7.1948443),POINT (81.544001 7.194844)
12466778100,1050,locality,0,Dangolla Ebbe,POINT (81.5407634 7.2053364),POINT (81.540763 7.205336)
12466785101,1003,village,0,Devalahinda,POINT (81.5538724 7.1690941),POINT (81.553872 7.169094)
12466785102,1003,village,0,Kakulegodakandiya,POINT (81.5582632 7.1622355),POINT (81.558263 7.162236)
12466878893,1050,locality,0,Madangoda,POINT (81.5043667 7.1913776),POINT (81.504367 7.191378)
12466878894,1050,locality,0,Pothaliyadda,POINT (81.5135042 7.2210952),POINT (81.513504 7.221095)
12466878895,1050,locality,0,Kossapola,POINT (81.5037726 7.1461503),POINT (81.503773 7.14615)
12466878896,1050,locality,0,Galapitagama,POINT (81.511382 7.1323281),POINT (81.511382 7.132328)
12466878898,1050,locality,0,Landegama,POINT (81.5274769 7.103268),POINT (81.527477 7.103268)
12466878899,1050,locality,0,Lewalagama,POINT (81.5531947 7.0953738),POINT (81.553195 7.095374)
12466878900,1050,locality,0,Miriswaththa,POINT (81.5097371 7.0827002),POINT (81.509737 7.0827)
12466878901,1003,village,0,Waragama,POINT (81.5069606 7.0663373),POINT (81.506961 7.066337)
12466878902,1050,locality,0,Panampanguwa,POINT (81.522668 7.0600819),POINT (81.522668 7.060082)
12466927189,1050,locality,0,Helaudayaya,POINT (81.5095876 7.0468216),POINT (81.509588 7.046822)
12466927190,1050,locality,0,Waralanda,POINT (81.5018139 7.0330644),POINT (81.501814 7.033064)
12466927191,1050,locality,0,Ullapola,POINT (81.5191645 7.0435499),POINT (81.519164 7.04355)
12467003710,1003,village,0,Pallewela,POINT (81.5324607 7.0312685),POINT (81.532461 7.031268)
12467003711,1003,village,0,Kivulagama,POINT (81.5636611 7.1409064),POINT (81.563661 7.140906)
12467455218,1050,locality,0,Weragoda,POINT (81.3593738 7.2187019),POINT (81.359374 7.218702)
12467455219,1050,locality,0,Egodapattiya,POINT (81.3494127 7.2089708),POINT (81.349413 7.208971)
12467463221,1050,locality,0,Alugalge,POINT (81.4360696 7.1696095),POINT (81.43607 7.16961)
12467463222,1050,locality,0,Pallathalawa,POINT (81.4529907 7.1607423),POINT (81.452991 7.160742)
12467463224,1050,locality,0,Moragaha,POINT (81.4199172 7.1120821),POINT (81.419917 7.112082)
12467463225,1050,locality,0,Galwalalla,POINT (81.4110437 7.1331486),POINT (81.411044 7.133149)
12467463226,1050,locality,0,Dambadeniya,POINT (81.4437764 7.1131122),POINT (81.443776 7.113112)
12467463227,1050,locality,0,Bogahakivula,POINT (81.432053 7.1073081),POINT (81.432053 7.107308)
12467463228,1050,locality,0,Kolamana,POINT (81.4274535 7.0961592),POINT (81.427454 7.096159)
12467463269,1050,locality,0,Embilipitiya,POINT (81.4095507 7.1070484),POINT (81.409551 7.107048)
12467463270,1050,locality,0,Nilgala,POINT (81.3755529 7.1913446),POINT (81.375553 7.191345)
12467463271,1050,locality,0,Bowella,POINT (81.3613661 7.2260927),POINT (81.361366 7.226093)
12467463272,1050,locality,0,Panmedilla,POINT (81.3031508 7.2076171),POINT (81.303151 7.207617)
12467643195,1050,locality,0,Henebedda,POINT (81.4289539 7.262643),POINT (81.428954 7.262643)
12467643196,1050,locality,0,Pothuliyadda,POINT (81.4540573 7.2708429),POINT (81.454057 7.270843)
12467678586,1050,locality,0,Bubula,POINT (81.4473958 7.2865657),POINT (81.447396 7.286566)
12467678587,1050,locality,0,Kurundugolla,POINT (81.450211 7.2981811),POINT (81.450211 7.298181)
12467678589,1050,locality,0,Udadambiya,POINT (81.4001852 7.3011988),POINT (81.400185 7.301199)
12467678590,1050,locality,0,Nawasiripathana,POINT (81.4083455 7.3163522),POINT (81.408346 7.316352)
12467678592,1050,locality,0,Kudagoda,POINT (81.4463389 7.3306057),POINT (81.446339 7.330606)
12467678594,1050,locality,0,Nelliyadda,POINT (81.4184832 7.343965),POINT (81.418483 7.343965)
12467678595,1050,locality,0,Kahana,POINT (81.4348015 7.3255853),POINT (81.434802 7.325585)
12467678601,1050,locality,0,Binheliya,POINT (81.4977382 7.3589085),POINT (81.497738 7.358908)
12481890902,1050,locality,0,Wekada,POINT (81.7667586 6.6713518),POINT (81.766759 6.671352)
12481890903,1050,locality,0,Kadalanchiya,POINT (81.7563265 6.6134964),POINT (81.756326 6.613496)
12506845330,1004,hamlet,0,Dambagolla,POINT (80.9005729 7.0612672),POINT (80.900573 7.061267)
12704052247,1003,village,0,Kebiliyapola - North,POINT (80.6673527 6.096971),POINT (80.667353 6.096971)
12717391984,1003,village,0,Kohuliyadda,POINT (80.6747422 6.0923665),POINT (80.674742 6.092366)
12833540387,1003,village,0,Pananwela,POINT (80.6795228 6.1056634),POINT (80.679523 6.105663)
12983409360,1050,locality,0,Pomparippu,POINT (79.8881181 8.3449854),POINT (79.888118 8.344985)
12987940462,1050,locality,0,Makanlanmaduwa,POINT (79.9959764 8.2421706),POINT (79.995976 8.242171)
12987949078,1050,locality,0,Kandegamuwa,POINT (80.0681585 8.4397753),POINT (80.068158 8.439775)
12988004360,1050,locality,0,Atambagaha Uraniya,POINT (80.0242415 8.4574011),POINT (80.024242 8.457401)
12988209128,1050,locality,0,Thekkama,POINT (80.0510297 8.526403),POINT (80.05103 8.526403)
12988209129,1050,locality,0,Kuttiankulam,POINT (80.0909052 8.5413752),POINT (80.090905 8.541375)
12988287981,1050,locality,0,Pukkulama,POINT (79.9228056 8.5611173),POINT (79.922806 8.561117)
12988303275,1050,locality,0,Palugahathurai,POINT (79.8647569 8.476562),POINT (79.864757 8.476562)
12988303332,1050,locality,0,Kolankanaththa,POINT (79.8556698 8.4430768),POINT (79.85567 8.443077)
12988303529,1050,locality,0,Nawaladi Uttu,POINT (79.9583111 8.4224415),POINT (79.958311 8.422442)
12992058489,1050,locality,0,Modaneliya,POINT (79.8430287 8.3085918),POINT (79.843029 8.308592)
12992062637,1050,locality,0,Wellamundalama,POINT (79.838168 8.3433247),POINT (79.838168 8.343325)
12992062803,1050,locality,0,Dangaha Uraniya,POINT (80.0297057 8.4639925),POINT (80.029706 8.463992)
12992113351,1050,locality,0,Wattataluwa,POINT (79.9540966 8.36651),POINT (79.954097 8.36651)
13045324396,1050,locality,0,Kaakkangala,POINT (81.3535715 6.3825842),POINT (81.353572 6.382584)
13057423074,1003,village,0,Wepathaira - South,POINT (80.6509727 6.0883845),POINT (80.650973 6.088384)
13057423075,1003,village,0,Obadakanda,POINT (80.6661897 6.0991354),POINT (80.66619 6.099135)
13057423076,1003,village,0,Wepathaira - North,POINT (80.6607901 6.1010795),POINT (80.66079 6.10108)
13075326069,1003,village,0,Narawelpita - North,POINT (80.6215787 6.1000853),POINT (80.621579 6.100085)
13076895176,1003,village,0,Kantale,POINT (80.9830317 8.3514585),POINT (80.983032 8.351458)
13081718839,1003,village,0,Harshanatha Gama,POINT (80.6144425 6.0927545),POINT (80.614442 6.092754)
13154856133,1002,town,0,Pinnawala Town,POINT (80.678207 6.7179791),POINT (80.678207 6.717979)
13154935716,1003,village,0,Wegapitiya,POINT (80.6997254 6.6802793),POINT (80.699725 6.680279)
13155167557,1003,village,0,Arawa,POINT (80.6819509 6.722148),POINT (80.681951 6.722148)
13155172670,1003,village,0,Pallehawaththa,POINT (80.6745302 6.7059826),POINT (80.67453 6.705983)
13155176581,1003,village,0,Minuwanarawa,POINT (80.6739328 6.707362),POINT (80.673933 6.707362)
13155221573,1003,village,0,Banawaththa,POINT (80.6722578 6.7087178),POINT (80.672258 6.708718)
13157897887,1003,village,0,Thennekubura,POINT (80.673752 6.7123889),POINT (80.673752 6.712389)
13324188044,1003,village,0,Kebiliyapola - South,POINT (80.6614009 6.0877472),POINT (80.661401 6.087747)
13324188045,1003,village,0,Lalpe,POINT (80.6523461 6.0683334),POINT (80.652346 6.068333)
13324188046,1003,village,0,Udupeellegoda - East,POINT (80.6513033 6.0736311),POINT (80.651303 6.073631)
13324188047,1003,village,0,Denagama - West,POINT (80.6462156 6.113085),POINT (80.646216 6.113085)
13324188048,1003,village,0,Denagama - North,POINT (80.6387415 6.1092978),POINT (80.638742 6.109298)
13324188049,1003,village,0,Denagama - South,POINT (80.658695 6.1078911),POINT (80.658695 6.107891)
13380407634,1002,town,0,Radampola,POINT (80.6720232 6.0027791),POINT (80.672023 6.002779)
13403988623,1003,village,0,Pathragoda,POINT (80.6173003 6.0426533),POINT (80.6173 6.042653)
13404505350,1003,village,0,KumbalGoda,POINT (80.6858102 6.0671614),POINT (80.68581 6.067161)
13404505351,1003,village,0,Naradda,POINT (80.6754546 6.0690443),POINT (80.675455 6.069044)
13474249973,1003,village,0,Thammannewa,POINT (80.5997873 8.3745357),POINT (80.599787 8.374536)
13507258732,1003,village,0,Poththatawela,POINT (80.761994 7.5961756),POINT (80.761994 7.596176)
13592129907,1003,village,7000,Poyiddy,POINT (80.0571437 9.7383609),POINT (80.057144 9.738361)
13594506483,1002,town,0,Eravur,POINT (81.6048021 7.7757162),POINT (81.604802 7.775716)
13732257871,1003,village,0,Aluthwela,POINT (81.3034519 7.1119041),POINT (81.303452 7.111904)
13734339988,1003,village,0,Marangala,POINT (81.2975446 7.3827802),POINT (81.297545 7.38278)
13738457427,1002,town,20000,Balangoda,POINT (80.6985655 6.6501434),POINT (80.698566 6.650143)
13927771848,1030,farm,0,,POINT (81.3789317 7.6361587),POINT (81.378932 7.636159)
14031855094,1003,village,5000,Dachchi Hammillewa,POINT (80.7352726 8.4674739),POINT (80.735273 8.467474)
14046896950,1003,village,3000,Ekiriya,POINT (80.485678 8.5545315),POINT (80.485678 8.554532)
14071072773,1020,island,0,,POINT (81.4634471 8.1111532),POINT (81.463447 8.111153)
14071072778,1020,island,0,,POINT (81.4426998 8.1136203),POINT (81.4427 8.11362)
