Inc_Type,Type_Code,Request_No,Case_ID,District,DS_Name,Date,GND_Name,GND_No,Village,Address,Pathway,Inv_Date,Inc_Date,Inc_Time,Cause,Rain_1h,Rain_24h,Rain_Cum,Latitude,Longitude
Ground Subsidence,GS,NBRO/LRRMD-BDL/BDU/SORANA/LI/19/0003,BDU190172,Badulla,Soranathota,2019-03-06,Pussellakanda,28A,"පුස් සැල්ලාකන්ද,පතනවත්ත",,,0001-01-01,0001-01-01,,,,,,7.046773,81.039539
Ground Subsidence,GS,NBRO/LRRMD-BDL/BDU/SORANA/LI/19/0032,BDU190201,Badulla,Soranathota,2019-10-04,Kandegedara Town,27A,කන්දෙගෙදර,,,0001-01-01,0001-01-01,,,,,,7.0153928,81.0342521
Ground Subsidence,GS,NBRO/LRRMD-BDL/BDU/WELIMA/LI/19/0075,BDU190245,Badulla,Welimada,2019-03-25,Pitapola,62I,ඇල්ලතොට අරළුගහඅරාව මාර්ගය ආශ්‍රිත ප්‍රදේශයේ  මූලික භූ සමීක්ෂණ වාර්තාව,,,0001-01-01,0001-01-01,,,,,,6.80021,80.891946
Ground Subsidence,GS,NBRO/LRRMD-BDL/BDU/WELIMA/LI/19/0102,BDU190272,Badulla,Welimada,2019-08-26,Ambagahakumbura,48,"දික්වත්ත, වැලිමඩ",,,0001-01-01,0001-01-01,,,,,,6.9077831,80.9050036
Ground Subsidence,GS,NBRO/LRRMD-BDL/BDU/PASSAR/LI/19/0259,BDU190429,Badulla,Passara,2019-06-17,Palawatta,20B,"පහළ ගෙදර, පාලාවත්ත",,,0001-01-01,0001-01-01,,,,,,7.03819,81.10757
Ground Subsidence,GS,NBRO/LRRMD-BDL/BDU/BADULL/LI/20/0054,BDU200056,Badulla,Badulla,2020-01-20,Hinnarangolla,81A,"හූරියගොඩ, කැන්දගොල්ල, බදුල්ල","හූරියගොඩ, කැන්දගොල්ල, බදුල්ල",බදුල්ල නගරයේ සිට බදුල්ල-මුතුමාල මාර්ගයේ 15km  ක් පමණ ගමන් කර මුතුමාල විද්‍යාලය අසළින් ඇති අතුරු මා,2020-06-22 00:00:00,2011-12-27 00:00:00,,2011 සහ 2014 දෙසැම්බර්  අධික වර්ෂාව,,,,7.0004408,81.1145406
Ground Subsidence,GS,NBRO/LRRMD-BDL/BDU/BANDAR/LI/20/0194,BDU200195,Badulla,Bandarawela,2020-07-22,Kinigama,66,"42/1, මුහන්දිරම් නිවස, කිණිගම, බණ්ඩාරවෙල","42/1, මුහන්දිරම් නිවස, කිණිගම, බණ්ඩාරවෙල",බණ්ඩාරවෙල නගරයේ සිට බණ්ඩාරවෙල කිණිගම මාර්ගයේ කිණිගම දෙසට 2km පමණ ගමන් කිරීමෙන් මෙම ස්ථානයට ලඟාවි,2020-08-13 00:00:00,2020-01-16 00:00:00,,,,,,6.829189,81.007168
Ground Subsidence,GS,NBRO/LRRMD-BDL/BDU/HALI-E/LI/20/0434,BDU200437,Badulla,Hali-Ela,2020-01-08,Medapitigama,74E,"අංක 45/3, දුම්රියපොළ පාර, හාලිඇල","අංක 45/3, දුම්රියපොළ පාර, හාලිඇල.",: හාලිඇල දුම්රියපොළ මාර්ගයේ මීටර 150 ක් දුරින් පිහිටා ඇත.,2020-01-10 00:00:00,0001-01-01,,පැරණි වැසිකිලි වළක් මත නිවස ඉදිකිරීම,,,,6.951581,81.033804
Ground Subsidence,GS,NBRO/LRRMD-BDL/BDU/PASSAR/LI/20/0733,BDU200737,Badulla,Passara,2020-01-07,Passara Town East,88L,"පස්සර නැගෙනහිර,පස්සර","පස්සර නැගෙනහිර,පස්සර",,2020-01-03 00:00:00,0001-01-01,,,,,,6.939736,81.157807
Ground Subsidence,GS,NBRO/LRRMD-BDL/BDU/PASSAR/LI/20/0740,BDU200744,Badulla,Passara,2020-01-09,Kudugala Pathana,90D,"ක්ෂේත්‍ර අංක 1CN , A කොටස , ඩැමේරියා  B වතුයාය , මීදුම්පිටිය , පස්සර.","ක්ෂේත්‍ර අංක 1CN , A කොටස , ඩැමේරියා  B වතුයාය , මීදුම්පිටිය , පස්සර.",,2020-07-15 00:00:00,0001-01-01,,අධික වර්ෂාපතනය හේතුවෙන් පාංශු ජල ප්‍රතිශතය ඉහළ යාම .,,,,6.949424,81.2096
Ground Subsidence,GS,NBRO/LRRMD-BDL/BDU/PASSAR/LI/20/0748,BDU200752,Badulla,Passara,2020-06-02,Udagama,89A,"පැල්ලේඅරාව, ගලකුඹුර, පැල්ගහතැන්න","පැල්ලේඅරාව, ගලකුඹුර, පැල්ගහතැන්න",,2020-07-15 00:00:00,0001-01-01,,,,,,6.952992,81.131023
Ground Subsidence,GS,NBRO/LRRMD-BDL/BDU/BANDAR/LI/21/0262,BDU210284,Badulla,Bandarawela,2021-06-28,Udaperuwa,66B,"අංක 39/2, බෝකොටුව වත්ත, හීල්ඔය පාර, කොළතැන්න, බණ්ඩාරවෙල","අංක 39/2, බෝකොටුව වත්ත, හීල්ඔය පාර, කොළතැන්න, බණ්ඩාරවෙල",,2021-06-28 00:00:00,0001-01-01,,,,,,6.839742,81.010756
Ground Subsidence,GS,NBRO/LRRMD-BDL/BDU/UVA-PA/LI/21/0548,BDU210570,Badulla,Uva-Paranagama,2021-01-22,Koradekumbura,44C,"තංගපතන,මැදහින්න, උඩුහාවර","තංගපතන,මැදහින්න, උඩුහාවර","වැලිමඩ නගරයේ සිට ලුණුවත්ත දෙසට 4 Km ක් පමණ ගමන් කර, ඉන්          අනතුරුව හමුවන උඩුහාවර මාර්ගයේ 10 Km පමණ ගමන",2021-01-25 00:00:00,2021-01-21 00:00:00,18:30,,,,,6.97378,80.870001
Ground Subsidence,GS,NBRO/LRRMD-BDL/BDU/BADULL/LI/21/0601,BDU210623,Badulla,Badulla,2021-01-20,Hingurugamuwa,78E,"පීටර් වෙදගේ, 450/A, ස්ප්‍රිංවැලි පාර, බදුල්ල.","පීටර් වෙදගේ, 450/A, ස්ප්‍රිංවැලි පාර, බදුල්ල.",බදුල්ල නගරයේ සිට බදුල්ල ස්ප්‍රිංවැලි මාර්ගය ඔස්සේ ගමන් කිරීමේදී හමුවන වීරියපුර මංසන්ධියේ සිට,2021-01-12 00:00:00,2021-01-11 00:00:00,21:00,අධික වර්ෂාව,,,,6.971438,81.0707166
Ground Subsidence,GS,NBRO/LRRMD-BDL/BDU/SORANA/LI/22/0610,BDU221314,Badulla,Soranathota,2022-08-17,Kandegedara Town,27A,"සෞම්‍ය නිවස, කපල්ලේවෙල, කන්දේගෙදර","සෞම්‍ය නිවස, කපල්ලේවෙල, කන්දේගෙදර",,2022-06-29 00:00:00,2022-06-01 00:00:00,,GROUND WATER INCREASING,,,,7.016,81.02421
Ground Subsidence,GS,NBRO/LRRMD-BDL/BDU/SORANA/LI/22/0611,BDU221315,Badulla,Soranathota,2022-05-16,Kandegedara Town,27A,"කපිල නිවස, කපල්ලේවෙල, කන්දේගෙදර","කපිල නිවස, කපල්ලේවෙල, කන්දේගෙදර",,2022-06-29 00:00:00,2022-06-01 00:00:00,,,,,,7.01685,81.02441
Ground Subsidence,GS,NBRO/LRRMD-BDL/BDU/ELLA/LI/22/0464,BDU221403,Badulla,Ella,2022-05-25,Dowa,69D,"ඇල්ල, දෝව","ඇල්ල, දෝව",,2022-06-10 00:00:00,0001-01-01,,ස්ථාවර නොකළ කණ්ඩි සහ නිම්න මාර්ගයක් ආශ්‍රිතව නිවස පිහිටා තිබීම.,,,,6.8556168,81.0196722
Ground Subsidence,GS,NBRO/LRRMD-BDL/BDU/WELIMA/LI/23/0067,BDU230271,Badulla,Welimada,2023-03-21,Pitapola,62I,පිටපොල රත්කරව්ව ප්‍රධාන මාර්ගය,පිටපොල රත්කරව්ව ප්‍රධාන මාර්ගය,,2023-03-02 00:00:00,0001-01-01,,,,,,6.80905,80.89239
Ground Subsidence,GS,NBRO/LRRMD-BDL/BDU/UVA-PA/LI/23/0133,BDU230448,Badulla,Uva-Paranagama,2023-05-24,Ilukwela,38D,රත්නෝදාගම - කළුගමුව මාර්ගයේ කොටසක් ගිලා බැසීම,රත්නෝදාගම - කළුගමුව මාර්ගය,-,2023-02-02 00:00:00,0001-01-01,,,,,,7.00466,80.93488
Ground Subsidence,GS,NBRO/LRRMD-BDL/BDU/HALI-E/LI/23/0338,BDU231083,Badulla,Hali-Ela,2023-10-27,Morethota,56A,"සෙන්ජේම්ස් වතුයාය, මොරේතොට","සෙන්ජේම්ස් වතුයාය, මොරේතොට",ඇටම්පිටියේ සිට වැලිමඩ දෙසට ගමන්කිරීමේදී හමුවන සෙන්ට්. ජේම්ස් වතුයායට ඇති ප්‍රවේශ මාර්ගය ඔස්සේ,2023-11-30 00:00:00,0001-01-01,,පාංශු පිරවුම්වල දීර්ඝකාලීනව ඇතිවූ ස්භාවික ස්ථායිකරණය,,,,6.9230293,81.0243597
Ground Subsidence,GS,NBRO/LRRMD-BDL/BDU/MEEGAH/LI/23/0377,BDU231158,Badulla,Meegahakivula,2023-12-20,Akurukaduwa,22G,"අඹවත්ත,කටුකෝන් ගස්ලන්ද,වැල්ලේවෙල","අඹවත්ත,කටුකෝන් ගස්ලන්ද,වැල්ලේවෙල",,0001-01-01,0001-01-01,,,,,,7.142471,81.0671
Ground Subsidence,GS,NBRO/LRRMD-BDL/BDU/UVA-PA/LI/24/0003,BDU240003,Badulla,Uva-Paranagama,2024-01-03,Galahagama,46B,"ජුම්මා පල්ලියට ආසන්නව අලුත්වත්ත, ගලහගම, හක්ගල","ජුම්මා පල්ලියට ආසන්නව අලුත්වත්ත, ගලහගම, හක්ගල",,0001-01-01,0001-01-01,,,,,,6.927173,80.833883
Ground Subsidence,GS,NBRO/LRRMD-BDL/BDU/LUNUGA/LI/24/0011,BDU240021,Badulla,Lunugala,2024-01-02,Peessagama,94I,"බ/පීස්ස විද්‍යාලය, හොප්ටන්","බ/පීස්ස විද්‍යාලය, හොප්ටන්",පස්සර - ලුණුගල මාර්ගයේ සිට පීස්සගම මාර්ගයේ 6km ක් පමණ ගමන් කිරීමේදී බ/පීස්ස විද්‍යාලය පිහිටා ඇත,2023-12-07 00:00:00,0001-01-01,,,,,,6.985764,81.22395
Ground Subsidence,GS,NBRO/LRRMD-BDL/BDU/BADULL/LI/24/0039,BDU240052,Badulla,Badulla,2024-01-03,Hingurugamuwa,78E,"වීරියපුර ප්‍රදේශය, හිඟුරුගමුව, බදුල්ල","වීරියපුර ප්‍රදේශය, හිඟුරුගමුව, බදුල්ල",,0001-01-01,0001-01-01,,අධික වර්ෂාපතනය,,,,6.975635,81.074433
Ground Subsidence,GS,NBRO/LRRMD-BDL/BDU/ELLA/LI/24/0050,BDU240113,Badulla,Ella,2024-02-01,Gawarawela,72,"බූකිරින්ද, ගවරවෙල, දෙමෝදර","බූකිරින්ද, ගවරවෙල, දෙමෝදර","දෙමෝදර සිට B97 මාර්ගයේ ගවරවෙල, බූකිරින්ද ප්‍රදේශය වෙත ගමන්කළ යුතුය.",2023-12-28 00:00:00,0001-01-01,,වසරකට ආසන්න කාලයක සිට ගවරවෙල ඔයෙහි ඇති වූ ඉවුරු ඛාදනය,,,,6.9047066,81.0702945
Ground Subsidence,GS,NBRO/LRRMD-BDL/BDU/HALI-E/LI/24/0061,BDU240155,Badulla,Hali-Ela,2024-01-02,Deegalla,75A,"පේළි නිවාස අංක 16, දික්වැල්ලවත්ත, හාලිඇල","පේළි නිවාස අංක 16, දික්වැල්ලවත්ත, හාලිඇල",කැටවල ඇටම්පිටිය මාර්ගය ඔස්සේ දික්වැල්ලවත්ත පේළි නිවාස අංක 16 වෙත ආසන්න දුරක් ගමන් කළ යුතුය,2024-01-05 00:00:00,2023-12-31 00:00:00,,අධික වර්ෂාව,,,,6.9672609,81.0055172
Ground Subsidence,GS,NBRO/LRRMD-BDL/BDU/LUNUGA/LI/24/0071,BDU240170,Badulla,Lunugala,2024-01-04,Milabedda,90A,"19 කණුව, මිල්ලෙබැද්ද","19 කණුව, මිල්ලෙබැද්ද",පස්සර-ලුණුගල ප්‍රධාන මාර්ගයේ 151/11 බෝක්කුව අසල,2024-01-09 00:00:00,0001-01-01,,අධික වර්ෂාව,,,,6.9732875,81.19027499
Ground Subsidence,GS,NBRO/LRRMD-BDL/BDU/LUNUGA/LI/24/0080,BDU240197,Badulla,Lunugala,2024-01-05,Milabedda,90A,"17 කණුව, මිල්ලෙබැද්ද","17 කණුව, මිල්ලෙබැද්ද",පස්සර-ලුණුගල ප්‍රධාන මාර්ගයේ 149/8 බෝක්කුව අසල,2024-01-08 00:00:00,0001-01-01,,අධික වර්ෂාව,,,,6.9615696,81.1932969
Ground Subsidence,GS,NBRO/LRRMD-BDL/BDU/ELLA/LI/24/0090,BDU240226,Badulla,Ella,2024-01-03,Ella,68B,"ඉඹුල්ගොඩගෙදර, හෙළපුපුල, ඇල්ල","ඉඹුල්ගොඩගෙදර, හෙළපුපුල, ඇල්ල",හෙළපුපුල ශ්‍රී බෝධිඥාරාම විහාරස්ථානයට ඇති ප්‍රවේශ මාර්ගයේ ගමන්කර මෙම ප්‍රදේශය වෙත ළඟා විය යුත,2024-01-05 00:00:00,0001-01-01,,අධික වර්ෂාව,,,,6.8936038,81.0939674
Ground Subsidence,GS,NBRO/LRRMD-BDL/BDU/PASSAR/LI/24/0091,BDU240232,Badulla,Passara,2024-02-01,Wewekele,87G,"19 කණුව, මිල්ලෙබැද්ද","19 කණුව, මිල්ලෙබැද්ද",,2024-01-31 00:00:00,0001-01-01,,අධික වර්ෂාව,,,,6.8903641,81.1400846
Ground Subsidence,GS,NBRO/LRRMD-BDL/BDU/PASSAR/LI/24/0103,BDU240250,Badulla,Passara,2024-03-04,Meedumpitiya,90B,"තොළබෝවත්ත විද්‍යාලය, මීදුම්පිටිය","තොළබෝවත්ත විද්‍යාලය, මීදුම්පිටිය",පස්සර-බිබිල ප්‍රධාන මාර්ගයේ මීදුම්පිටය ප්‍රදේශයට ආසන්නව,2024-02-08 00:00:00,0001-01-01,,අධික වර්ෂාව,,,,6.9483881,81.1928289
Ground Subsidence,GS,NBRO/LRRMD-BDL/BDU/PASSAR/LI/24/0111,BDU240260,Badulla,Passara,2024-03-05,Kudugala Pathana,90D,"කුඩුගලපතන, පස්සර","කුඩුගලපතන, පස්සර",,0001-01-01,0001-01-01,,,,,,6.9482872,81.2001326
Ground Subsidence,GS,NBRO/LRRMD-BDL/BDU/BADULL/LI/24/0213,BDU240511,Badulla,Badulla,2024-05-06,Hingurugamuwa,78E,"අංක 120, වීර් යපුර, බදුල්ල","අංක 120, වීර් යපුර, බදුල්ල",,0001-01-01,0001-01-01,,,,,,6.975062,81.071143
Ground Subsidence,GS,NBRO/LRRMD-BDL/BDU/HALI-E/LI/24/0217,BDU240515,Badulla,Hali-Ela,2024-05-07,Springvalley,85B,"දෙහිගහවත්ත, කෝට්ටගොඩ, ස්ප්‍රිංවැලි, බදුල්ල","දෙහිගහවත්ත, කෝට්ටගොඩ, ස්ප්‍රිංවැලි, බදුල්ල",දෙමෝදර - ස්ප්‍රින්ග්වැලී - බදුල්ල මාර්ගයෙන් හැරී ගලහිටිය පන්සල පාරේ කිලෝමීටර්යක් පමණ පන්සල දෙස,2024-05-06 00:00:00,0001-01-01,,අධික වර්ශාපතනය,,,,6.950526,81.081102
Ground Subsidence,GS,NBRO/LRRMD-BDL/BDU/MAHIYA/LI/24/0451,BDU241187,Badulla,Mahiyanganaya,2024-08-22,Dambagolla,4C,"අංක 75/2, දඹගොල්ල, මාපාකඩවැව",,,2024-08-27 00:00:00,0001-01-01,,,,,,7.2480401,81.0142423
Ground Subsidence,GS,NBRO/LRRMD-BDL/BDU/WELIMA/LI/24/0508,BDU241388,Badulla,Welimada,2024-07-17,Divithotawela,59D,"""නෙත්මිණි"", දිවිතොටවෙල, වැලිමඩ",,,2024-10-09 00:00:00,0001-01-01,,House fracturing,,,,6.901618,80.9209536
Ground Subsidence,GS,NBRO/LRRMD-BDL/BDU/WELIMA/LI/24/0509,BDU241397,Badulla,Welimada,2024-08-08,Mavithikumbura,52C,"පංසල අසළ, මාවිතිකුඹුර, නැදුම්ගමුව, ගුරුතලාව","පංසල අසළ, මාවිතිකුඹුර, නැදුම්ගමුව, ගුරුතලාව",,2024-10-09 00:00:00,0001-01-01,,minor house fracturing,,,,6.8747107,80.8966868
Ground Subsidence,GS,NBRO/LRRMD-BDL/BDU/PASSAR/LI/24/0554,BDU241570,Badulla,Passara,2024-11-12,Nikebedda,89H,"පාළුවන්ගොඩ, ආගරතැන්න, පැල්ගහතැන්න","පාළුවන්ගොඩ, ආගරතැන්න, පැල්ගහතැන්න",,2024-11-19 00:00:00,0001-01-01,,-,,,,6.967566,81.1412828
Ground Subsidence,GS,NBRO/LRRMD-BDL/BDU/HALI-E/LI/24/0556,BDU241578,Badulla,Hali-Ela,2024-06-26,Kokatiyamaluwa,77A,"අංක 13, උදේනිගම, ගලඋඩ, හාලිඇල",,,2024-11-19 00:00:00,0001-01-01,,,,,,7.0177677,80.9830118
Ground Subsidence,GS,NBRO/LRRMD-BDL/BDU/HALI-E/LI/24/0566,BDU241600,Badulla,Hali-Ela,2024-06-26,Dickwella,74,"අංක 40, ජයතිලක මාවත,ගල්කැටිය, හාලිඇල",,,2024-11-26 00:00:00,0001-01-01,,,,,,6.9586766,81.0314809
Ground Subsidence,GS,NBRO/LRRMD-BDL/BDU/SORANA/LI/24/0606,BDU241684,Badulla,Soranathota,2024-12-12,Kandegedara Town,27A,"""සෞම්‍ය නිවස"", කපල්ලෙවෙල, කන්දෙගෙදර","""සෞම්‍ය නිවස"", කපල්ලෙවෙල, කන්දෙගෙදර",,2024-12-11 00:00:00,0001-01-01,,,,,,7.01675,81.02416
Ground Subsidence,GS,NBRO/LRRMD-BDL/BDU/SORANA/LI/24/0607,BDU241686,Badulla,Soranathota,2024-12-06,Kandegedara Town,27A,"""කපිල නිවස"", කපල්ලෙවෙල, කන්දෙගෙදර","""කපිල නිවස"", කපල්ලෙවෙල, කන්දෙගෙදර",,2024-12-11 00:00:00,0001-01-01,,,,,,7.0168786,81.0243492
Ground Subsidence,GS,NBRO/LRRMD-BDL/BDU/HALI-E/LI/24/0625,BDU241765,Badulla,Hali-Ela,2024-12-06,Pahamunuthota,55D,"පහමුණුතොට, ඇටම්පිටිය",,,2024-12-17 00:00:00,0001-01-01,,,,,,6.954386,80.970331
Ground Subsidence,GS,NBRO/LRRMD-BDL/BDU/HALI-E/LI/24/0627,BDU241767,Badulla,Hali-Ela,2024-12-06,Kokatiyamaluwa,77A,"බඹරගල කන්ද, උදේනිගම, ගලඋඩ","බඹරගල කන්ද, උදේනිගම, ගලඋඩ",,2024-12-17 00:00:00,0001-01-01,,,,,,7.0126312,80.9884214
Ground Subsidence,GS,NBRO/LRRMD-BDL/BDU/LUNUGA/LI/25/0052,BDU250159,Badulla,Lunugala,2025-02-06,Kottalbedda,93,"සෙනවිතිස්සපුර, කොට්ටල්බැද්ද, ලුණුගල","සෙනවිතිස්සපුර, කොට්ටල්බැද්ද, ලුණුගල",,2025-02-05 00:00:00,0001-01-01,,,,,,7.0292529,81.1999968
Ground Subsidence,GS,NBRO/LRRMD-BDU/BDU/SORANA/LI/25/0081,BDU250239,Badulla,Soranathota,2025-02-19,Boliyadda,23A,"බුලත් වත්ත ගෙදර,බෝලියද්ද,තල්දෙන.","බුලත් වත්ත ගෙදර, බෝලියද්ද, තල්දෙන",-,2025-02-18 00:00:00,0001-01-01,,,,,,7.0663332,81.052697
Ground Subsidence,GS,NBRO/LRRMD-BDL/BDU/ELLA/LI/25/0115,BDU250334,Badulla,Ella,2025-03-11,Pupula,72C,දෝතලුගස්අරාව සහ කන්දැත්ත කුඹුරුයාය ආශ්‍රිතව ඇති වී තිබෙන භූ අස්ථාවරතාව,,,2025-03-01 00:00:00,0001-01-01,,,,,,6.898943,81.082364
Ground Subsidence,GS,NBRO/LRRMD-BDL/BDU/MEEGAH/LI/25/0293,BDU250989,Badulla,Meegahakivula,2025-07-14,Meegahakivula,22,"මයුමි නිවස, පහළ ගෙදර, මීගහකිවුල","මයුමි නිවස, පහළ ගෙදර, මීගහකිවුල",මීගහකිවුල නගරයට ආසන්නව පහත GPS ඛණ්ඩාංක මගින් දැක්වෙන ස්ථානයේ පර්ක්ෂිත භුමිය පිහිටා ඇත.,2025-02-05 00:00:00,0001-01-01,,,,,,7.135469,81.052614
Ground Subsidence,GS,NBRO/LRRMD-CMB/CMB/SEETHA/LI/08/0006,CMB080021,Colombo,Seethawaka,2008-01-24,Kotahera,432D,කොටබොඩ වත්ත,කොටබොඩ වත්ත,,2008-03-06,2008-01-16,,,,,,6.945758,80.213039
Ground Subsidence,GS,NBRO/LRRMD-GLE/GLE/HABARA/LI/23/0350,GLE230030,Galle,Habaraduwa,2022-10-25,Dommannegoda,160A,අහංගම මහජන පුස්තකාලය,,,2022-11-23 00:00:00,0001-01-01,,හබරාදුව නගරයේ සිට ගාල්ල - මාතර ප්‍රධාන මාර්ගය ඔස්සේ 6.5 km මාතර දෙසට ගමන් කළ විට අහංගම හන්දිය හමු වේ.,,,,5.97697,80.36462
Ground Subsidence,GS,NBRO/LRRMD-GLE/GLE/NIYAGA/LI/23/0146,GLE230801,Galle,Niyagama,2023-07-28,Poddiwala West,34B,"නො. 183/ඒ, කන්දෙගෙදරවත්ත, පෝද්දිවල, මත්තක","නො. 183/ඒ, කන්දෙගෙදරවත්ත, පෝද්දිවල, මත්තක","ගාල්ල නගරයේ සිට වඳුරඹ - මාපලගම හරහා තල්ගස්වල හන්දියට ගොස් , දකුනු දෙසට ඇති පිටිගල - මාපලගම මාර්ගය",2023-09-18 00:00:00,0001-01-01,,අධික වර්ශාව,,,,6.293781,80.260116
Ground Subsidence,GS,NBRO/LRRMD-GLE/GLE/NIYAGA/LI/23/0151,GLE230806,Galle,Niyagama,2023-07-28,Manampita,37A/2,"රෝහන, මානම්පිට, තල්ගස්වල","රෝහන, මානම්පිට, තල්ගස්වල",,2023-09-18 00:00:00,0001-01-01,,,,,,6.258774,80.262836
Ground Subsidence,GS,NBRO/LRRMD-GLE/GLE/GALLFG/LI/23/0158,GLE230853,Galle,Galle Four Gravets,2023-08-09,Dangedara East,97D,"නො. 364/15බී, සමගිවත්ත, දංගෙදර","නො. 364/15බී, සමගිවත්ත, දංගෙදර",,0001-01-01,0001-01-01,,,,,,6.053697,80.221912
Ground Subsidence,GS,NBRO/LRRMD-GLE/GLE/BOPE-P/LI/23/0181,GLE231008,Galle,Bope-Poddala,2023-09-22,Kithulampitiya,124,"ආනන්ද මාවත, ප්‍රජා ශාලාව, කිතුලම්පිටියථ ගාල්ල","ආනන්ද මාවත, ප්‍රජා ශාලාව, කිතුලම්පිටියථ ගාල්ල","ගාල්ල නගරයේ සිට කලේගාන හන්දියට පැමින, එහි සිට කිතුලම්පිටිය මාර්ගය ඔස්සේ ගමන් කිරීමේදී හමුවන ආන",2023-09-20 00:00:00,0001-01-01,,අධික වර්ෂාපතනය හේතුවෙන් ඇතිවූ විශමාකාර ගිලා බැසීම්,,,,6.064245,80.208185
Ground Subsidence,GS,NBRO/LRRMD-GLE/GLE/WANDUR/LI/23/0206,GLE231071,Galle,Wanduramba,2023-09-20,Pahala Lelwala,191,"පහල ලේල්වල, වදුරඹ","පහල ලේල්වල, වදුරඹ",,2023-10-04 00:00:00,2023-10-03 00:00:00,,අධික වර්ශාපතනය,,,,6.1475417,80.230149
Ground Subsidence,GS,NBRO/LRRMD-GLE/GLE/IMADUW/LI/23/0239,GLE231132,Galle,Imaduwa,2023-10-16,Horadugoda,168,"හොරදුගොඩ, ඉමදුව","මහවත්ත  ,හොරදුගොඩ, ඉමදුව","ගාල්ල, ඉමදූව නගරයේ සිට 22 කණුව පසුකර වැලිකෙන්ද හන්දිය දෙසට ගමන් කර , වැලිකෙන්ද හන්දියෙන් දකුනු දෙස",2023-10-12 00:00:00,2023-10-03 00:00:00,12:00,අධික වර්ශාපතනය,,,,6.0212955,80.410511
Ground Subsidence,GS,NBRO/LRRMD-GLE/GLE/THAWAL/LI/23/0383,GLE231399,Galle,Thawalama,2023-11-13,Opatha North,229D,"කොඩිකන්ද, ඕපාත","කොඩිකන්ද, ඕපාත",නෙළුව ජාතික පාසල අසළින් වමට  හැරී තවලම-නෙළුව-බටුවන්ගල-දෙල්ලව (B411) මාර්ගයට ප්‍රවිශ්ට වී කිලෝ මීටර 7,0001-01-01,2023-11-24 00:00:00,,නිවස සඳහා නිසි තාක්ෂණික ක්‍රම භාවිතා කර අත්තිවාරමක් යොදා නොතිබීම.,,,,6.278008,80.413854
Ground Subsidence,GS,NBRO/LRRMD-GLE/GLE/NELUWA/LI/23/0415,GLE231534,Galle,Neluwa,2023-12-04,Warukandeniya,234C,"කොලොන්තොටුව, ලංකාගම, දෙනියාය","කොලොන්තොටුව, ලංකාගම, දෙනියාය","නෙළුව නගරයේ සිට මීටර් 40ක් පමණ, පැමිණ ක්‍රවුන් ජිම් ෆිට්නස් මධ්‍යස්ථානය අසළින් වමට හැරී, පසාල් මා",2023-11-24 00:00:00,0001-01-01,,පාංශු ස්ථරයේ සිදු වූ තැන්පත් වීම්,,,,6.373915,80.439956
Ground Subsidence,GS,NBRO/LRRMD-GLE/GLE/GALLFG/LI/24/0055,GLE240287,Galle,Galle Four Gravets,2024-01-19,Dangedara East,97D,"නො. 81/25බී, එම්.කේ. එඩ්මන් මාවත, මොරගොඩ, දංගෙදර","නො. 81/25බී, එම්.කේ. එඩ්මන් මාවත, මොරගොඩ, දංගෙදර",ගාල්ලෙන් ආරම්භ කර පහළ ඩික්සන් මාවතට ඇතුල් වී එහි කි.මී. 1.5ක් පමණ ගමන් කර අනතුරුව ජිෆ්ෆ්‍රියා  මාවත,2024-06-08 00:00:00,0001-01-01,,,,,,6.0492673,80.2232159
Ground Subsidence,GS,NBRO/LRRMD-GLE/GLE/THAWAL/LI/24/0134,GLE240856,Galle,Thawalama,2024-06-25,Thawalama South,227B,"කුළුණු කන්ද, තවලම දකුණ, තවලම","කුළුණු කන්ද, තවලම දකුණ, තවලම",ගාල්ල නගරයේ සිට තවලම නගරයට ගමන් කර එහි සිට ඕපාත - පිටබැද්දර මාර්ගයේ මීටර 850ක් පමන ගමන් කිරීමේදී දක,2024-06-17 00:00:00,0001-01-01,,නිවස ඉදිකිරීමේදී සිදුව ඇති ව්‍යුහාත්මක දුර්වලතා,,,,6.3250226,80.34096
Ground Subsidence,GS,NBRO/LRRMD-GLE/GLE/AKMEEM/LI/24/0137,GLE240937,Galle,Akmeemana,2024-07-15,Nugadoowa,113B,"නො. 569/01, මහගෙදර වත්ත, අකුරැස්ස පාර, නුගදුව","නො. 569/01, මහගෙදර වත්ත, අකුරැස්ස පාර, නුගදුව",ගාල්ල නගරයේ සිට මාතර දෙසට කි.මීටර 2.5ක් පමන ගමන් කිරීමේදී හමුවන දෙවට මංසන්දිය අසලින් අකුරැස්ස මාර,2024-07-15 00:00:00,0001-01-01,,,,,,6.0340562,80.244792
Ground Subsidence,GS,NBRO/LRRMD-GLE/GLE/YAKKLM/LI/24/0184,GLE241194,Galle,Yakkalamulla,2024-07-11,Kottawa,176,"කොට්ටවගම, ගාල්ල","81,  දේවගිරිය, උඩුගම පාර, කොට්ටවගම, ගාල්ල",යක්කලමුල්ල මාකුඹුර මංසන්දියේ සිට උඩුගම දෙසට කි.මීටර 1.3ක් පමන ගමන් කිරීමෙන් අදාල ස්ථානයට ළඟා විය,2024-11-11 00:00:00,0001-01-01,,අධික වර්ෂාව සමග නිවස ආශ්‍රිත භූමිය ජලයෙන් සංතෘ‍ප්ත වීම සහ නිවසෙහි බිත්ති ආශ්‍රිතව පවතින ව්‍යුහ,,,,6.10503554,80.3241223
Ground Subsidence,GS,NBRO/LRRMD-GLE/GLE/NAGODA/LI/24/0201,GLE241232,Galle,Nagoda,2024-06-26,Ketagoda North,214E,"ගුරුකන්ද, අලුත් ඉහල, මාපලගම","ගුරුකන්ද, අලුත් ඉහල, මාපලගම",ගාල්ල නගරයෙන් ආරම්භකර උනවිටිය නාගොඩ මාර්ග්‍යෙ කී.මී.15 ක් පමණ පැමින මාපලගම පනන්ගල මාර්ගෙ කී.මී.3 ක,2024-11-06 00:00:00,2017-01-01 00:00:00,,දීගු කාලයක් තිස්සෙ සිදුවු පොලොව අභ්‍යන්තර ජල ප්‍රවාහය අඛණ්ඩව පැවතිම,,,,6.2426256,80.3216822
Ground Subsidence,GS,NBRO/LRRMD-GLE/GLE/WANDUR/LI/24/0279,GLE241711,Galle,Wanduramba,2024-11-08,Thiruwanaketiya,200C,"උඩුමුල්ලනහේන, නාත්තෙවල, වදුරඹ","උඩුමුල්ලනහේන, නාත්තෙවල, වදුරඹ",ගාල්ල නගරයෙන් ආරම්භකර වදුරඹ හරහා නාන්වල පාරෙන් පැමිණ පංවිල මාවතේ ග්‍රාම නිලදාරි කාර්යාලය අසල ස,2024-12-05 00:00:00,2024-05-30 00:00:00,,,,,,6.1169054,80.2690389
Ground Subsidence,GS,NBRO/LRRMD-GLE/GLE/GALLFG/LI/24/0296,GLE241800,Galle,Galle Four Gravets,2024-06-27,Madawalamulla South,98,"කිතුලම්පිටිය, ගාල්ල","නො. 98/3, ගාල්සිරි උයන, කිතුලම්පිටිය, ගාල්ල",ගාල්ල නගරයේ සිට කලේගාන- කරාපිටිය මාර්ගය ඔස්සේ ගමන් කිරීමේදී හමුවන ගාලුසිරිඋයන පිවිසුම් මාර්ගය,2024-12-02 00:00:00,0001-01-01,,අධික වර්ෂාව සමග භූමිය ආශ්‍රිතව දීර්ඝකාලීනව සිදුවූ අවිධිමත් පෘෂ්ඨීය ජලවහනය සහ පස් පිරවීමක් සිද,,,,6.062404,80.21157
Ground Subsidence,GS,NBRO/LRRMD-GLE/GLE/HABARA/LI/25/0002,GLE250010,Galle,Habaraduwa,2025-01-02,Annasiwathugoda,151B,"පිලාන, වංචාවල","නො. 5/3, අන්නාසිවතුගොඩ, පිලාන, වංචාවල",ගාල්ල නගරයේ සිට පිලාන මංසන්දිය දෙසට ගමන් කර එහිසිට ආන්නාසිවතුගොඩ දෙසට ඇති මාර්ගයේ ගමන් කිරීමෙන,2024-12-27 00:00:00,0001-01-01,,ඇළ මාර්ගයෙහි ජල මට්ටම ඉහළ යාම සමග ආසන්න පාංශු ස්ථරයෙහි සිදුවන විෂමාකාර සංකෝචන හා ඉහිල්වීම්,,,,6.026174,80.290946
Ground Subsidence,GS,NBRO/LRRMD-GLE/GLE/IMADUW/LI/25/0020,GLE250141,Galle,Imaduwa,2025-01-22,Godaudamandiya,175C,"හවුපෙ, ඉමදූව","අංක 218/1, තැන්න හේන පාර, හවුපෙ, ඉමදූව",ඉමදූව නගරයේ සිට ගාල්ල දෙසට කි.මී 4ක් පමන ගමන් කිරීමේදී වම් දෙසට හමුවන පැගිරිහේන මාවැල්ල මාර්ගයට,2024-12-04 00:00:00,0001-01-01,,අධික වර්ෂාව සමග භූමියේ මැටි සහිත මතුපිට පාංශු ස්ථරයේ සිදුවන සංකෝචන හා ඉහිල්වීම් හේතුවෙන් සිදුව,,,,6.032906,80.354007
Ground Subsidence,GS,NBRO/LRRMD-GLE/GLE/IMADUW/LI/25/0037,GLE250337,Galle,Imaduwa,2025-03-05,Indurannavila,165A,"අංක 92/6, ඉදුරන්නවිල, දික්කුඹුර","අංක 92/6, ඉදුරන්නවිල, දික්කුඹුර",,2025-03-07 00:00:00,0001-01-01,,,,,,6.007762,80.379768
Ground Subsidence,GS,NBRO/LRRMD-GLE/GLE/YAKKLM/LI/25/0038,GLE250338,Galle,Yakkalamulla,2025-03-03,Nabadawa,178A,"අංක 110/1, ""චන්ද්‍රාවාස"", නබඳව, යක්කලමුල්ල","අංක 110/1, ""චන්ද්‍රාවාස"", නබඳව, යක්කලමුල්ල",,2025-05-15 00:00:00,0001-01-01,,ඉදිකිරීමෙහි පවතින ව්‍යුහාත්මක දුර්වලතා සහ පිරවුම් පාංශු ස්ථරයෙහි සංඝාටන තැන්පත්වීම්,,,,6.112503,80.358575
Ground Subsidence,GS,NBRO/LRRMD-GLE/GLE/GALLFG/LI/25/0051,GLE250501,Galle,Galle Four Gravets,2025-03-20,Ginthota West,103,"ගිංතොට, ගාල්ල","ගිංතොට මහා විද්‍යාලය, ගිංතොට, ගාල්ල",,2025-05-28 00:00:00,0001-01-01,,අධික වර්ෂාව සමග ඇලෙහි ජල මට්ටම ඉහල යාමේදී ඒ ආසන්න විද්‍යාල භූමිය තුලට ජලය කාන්දු වීම හා එමගින් ප,,,,6.061959,80.177414
Ground Subsidence,GS,NBRO/LRRMD-GLE/GLE/IMADUW/LI/25/0081,GLE250759,Galle,Imaduwa,2025-04-01,Hawpe,175,"හවුපේ, ඉමදුව","නිලසෙවණ කාර්යාලය, හවුපේ, ඉමදුව",,2025-06-03 00:00:00,0001-01-01,,පාංශු පිරවුම් ස්ථරයෙහි පවතින මැටි තට්ටුවේ සිදුවන සංඝාටන තැන්පත්වීම් (Consolidation settlements),,,,6.033254,80.34317
Ground Subsidence,GS,NBRO/LRRMD-GLE/GLE/GALLFG/LI/25/0106,GLE250988,Galle,Galle Four Gravets,2025-06-12,Piyadigama,107,"පට්ටියවත්ත, ඇළබඩ, ගිංතොට",,,0001-01-01,0001-01-01,,,,,,6.06841,80.186804
Ground Subsidence,GS,NBRO/LRRMD-GLE/GLE/NAGODA/LI/25/0119,GLE251086,Galle,Nagoda,2025-06-16,Yatalamatta,209,"රුක්මල්ගොඩ, යටලමත්ත, නාගොඩ","රුක්මල්ගොඩ, යටලමත්ත, නාගොඩ",,2025-07-25 00:00:00,0001-01-01,,,,,,6.167205,80.27865
Ground Subsidence,GS,NBRO/LRRMD-GLE/GLE/HABARA/LI/25/0169,GLE251704,Galle,Habaraduwa,2025-10-10,Koggala,144A,"මාගල්තොට පාර, කොග්ගල",,,0001-01-01,0001-01-01,,,,,,5.994237,80.313601
Ground Subsidence,GS,NBRO/LRRMD-MTR/HAB/WALASM/LI/21/0007,HAB210007,Hambantota,Walasmulla,2021-06-06,Keredeniya,560,"නාවලහේන, රම්මල, වරාපිටිය","නාවලහේන, රම්මල, වරාපිටිය",,2021-06-09,0001-01-01,,අධික වර්ෂාව,,,,6.23055,80.64302
Ground Subsidence,GS,NBRO/LRRMD-MTR/HAB/HAMBAN/LI/21/0034,HAB210039,Hambantota,Hambantota,2021-01-05,Bellagaswewa,120,"නො. 719, බැල්ලගස්වැව, බැරගම, අම්බලන්තොට","නො. 719, බැල්ලගස්වැව, බැරගම, අම්බලන්තොට",,2021-01-05,0001-01-01,,ඉදිකිරීම් වල පවතින දෝෂයන්,,,,6.17138,81.06276
Ground Subsidence,GS,NBRO/LRRMD-MTR/HAB/THISSA/LI/21/0036,HAB210041,Hambantota,Thissamaharama,2021-03-30,Rana Keliya,13,"හ/ශ්‍රි දේවානන්ද මහා විද්‍යාලය, තිස්සමහාරාමය","හ/ශ්‍රි දේවානන්ද මහා විද්‍යාලය, තිස්සමහාරාමය",,2021-03-30,2020-03-30 00:00:00,,අධික තිව්‍රතාවයකින් යුත්ත වු වර්ෂාපතනය,,,,6.2581,81.31027
Ground Subsidence,GS,NBRO/LRRMD-KLT/KAL/PANADU/LI/17/0218,KAL170223,Kalutara,Panadura,2017-07-13,Pattiya South,686,"Panadura Rajakiya Vidyalaya, Nalluruwa","Panadura Rajakiya Vidyalaya, Nalluruwa",,0001-01-01,0001-01-01,,,,,,6.70484735,79.90982
Ground Subsidence,GS,NBRO/LRRMD-KLT/KAL/MADURW/LI/17/0225,KAL170230,Kalutara,Madurawela,2017-09-14,Peramunagama,650C,"Windifeeld, Mapatana, Belpitiya , Horana","Windifeeld, Mapatana, Belpitiya , Horana",,0001-01-01,0001-01-01,,,,,,6.688035,80.084863
Ground Subsidence,GS,NBRO/LRRMD-KLT/KAL/WALALL/LI/18/0044,KAL180042,Kalutara,Walallavita,2018-07-02,Kankotawatta,843D,"IHALA HEWESSA , PITIGALA","IHALA HEWESSA , PITIGALA",,0001-01-01,2017-07-26 00:00:00,,,,,,6.374004,80.27443
Ground Subsidence,GS,NBRO/LRRMD-KLT/KAL/WALALL/LI/18/0045,KAL180043,Kalutara,Walallavita,2018-05-25,Pahala Hewessa North,843A,"KURUDUWATTA, PAHALA HEWESSA","KURUDUWATTA, PAHALA HEWESSA",,0001-01-01,0001-01-01,,,,,,6.4102266,80.2467303
Ground Subsidence,GS,NBRO/LRRMD-KLT/KAL/WALALL/LI/18/0046,KAL180044,Kalutara,Walallavita,2018-02-14,Yattapatha,843B,"SIRI SADHAHAM GAGULA VIHARAYA 7 KANUWA , YATTAPATHA SINHARAJA UDYANAYA","SIRI SADHAHAM GAGULA VIHARAYA 7 KANUWA , YATTAPATHA SINHARAJA UDYANAYA",,0001-01-01,0001-01-01,,,,,,6.391767,80.281227
Ground Subsidence,GS,NBRO/LRRMD-KLT/KAL/WALALL/LI/18/0052,KAL180050,Kalutara,Walallavita,2018-05-21,Uragoda West,790B,"WALALLAWITA KOPIWATTA ROAD, URAGODA","WALALLAWITA KOPIWATTA ROAD, URAGODA",,0001-01-01,0001-01-01,,,,,,6.4511961,80.123472
Ground Subsidence,GS,NBRO/LRRMD-KLT/KAL/PALIND/LI/18/0072,KAL180070,Kalutara,Palindanuwara,2018-04-14,Diganna,836N,"Aluthpara Road, Athvelthota , Morapitiya","Aluthpara Road, Athvelthota , Morapitiya",,0001-01-01,2018-04-14 00:00:00,,,,,,6.539381,80.296579
Ground Subsidence,GS,NBRO/LRRMD-KLT/KAL/KALUTA/LI/18/0133,KAL180131,Kalutara,Kalutara,2018-03-08,Deshasthra Kalutara,717A,"Snawaka juvam Muni Church, Kalutara North","Snawaka juvam Muni Church, Kalutara North",,0001-01-01,0001-01-01,,,,,,6.595965,79.959676
Ground Subsidence,GS,NBRO/LRRMD-KLT/KAL/KALUTA/LI/18/0138,KAL180136,Kalutara,Kalutara,2018-06-07,Vilegoda North,718C,"Kinagahawatta Road, Vilegoda","Kinagahawatta Road, Vilegoda",,0001-01-01,0001-01-01,,,,,,6.608957,79.956824
Ground Subsidence,GS,NBRO/LRRMD-KLT/KAL/KALUTA/LI/18/0140,KAL180138,Kalutara,Kalutara,2018-09-07,Palathota,723E,palathota,palathota,,0001-01-01,0001-01-01,,,,,,6.59308,79.970231
Ground Subsidence,GS,NBRO/LRRMD-KLT/KAL/DODANG/LI/18/0217,KAL180215,Kalutara,Dodangoda,2018-10-09,Dodangoda East - North,800H,"No.243, Sri Dewananda Mawatha, Liyanagoda, Dodangoda","No.243, Sri Dewananda Mawatha, Liyanagoda, Dodangoda",,0001-01-01,0001-01-01,,,,,,6.548176,80.041763
Ground Subsidence,GS,NBRO/LRRMD-KLT/KAL/DODANG/LI/18/0218,KAL180216,Kalutara,Dodangoda,2018-01-18,Thebuwana West,809A,"Pahalagama, Thebuwana","Pahalagama, Thebuwana",,0001-01-01,0001-01-01,,,,,,6.58809,80.051364
Ground Subsidence,GS,NBRO/LRRMD-KLT/KAL/BULATS/LI/18/0258,KAL180256,Kalutara,Bulathsinhala,2018-02-06,Karaldekma,824F,"Jana Uda Gammanaya, Thibbottawa","Jana Uda Gammanaya, Thibbottawa",,0001-01-01,0001-01-01,,,,,,6.65994,80.187121
Ground Subsidence,GS,NBRO/LRRMD-KLT/KAL/MILLAN/LI/19/0003,KAL190002,Kalutara,Millaniya,2019-06-05,Imbulahena,643B,"Pelpola Road, Galagama Village",,,2019-06-05 00:00:00,0001-01-01,,,,,,6.6581662,79.9958933
Ground Subsidence,GS,NBRO/LRRMD-KLT/KAL/MILLAN/LI/19/0010,KAL190010,Kalutara,Millaniya,2019-08-19,Bellanthudawa,655A,Dhammakanda,"Dhammakanda, Millaniya",,2019-08-19 00:00:00,0001-01-01,,,,,,6.70242327,80.0216306
Ground Subsidence,GS,NBRO/LRRMD-KLT/KAL/BULATS/LI/19/0034,KAL190034,Kalutara,Bulathsinhala,2019-10-18,Mahagama South,819A,"Goluwathuba, Polegoda, Mahagama","Goluwathuba, Polegoda, Mahagama",,2021-03-04 00:00:00,0001-01-01,,,,,,6.58448895,80.1702989
Ground Subsidence,GS,NBRO/LRRMD-KLT/KAL/BERUWA/LI/19/0045,KAL190045,Kalutara,Beruwala,2019-09-26,Payagala North,735A,"කිරියන්තුඩුව, පඹේ, පයාගල",,,2019-09-26 00:00:00,0001-01-01,,,,,,6.55196,79.991668
Ground Subsidence,GS,NBRO/LRRMD-KLT/KAL/BULATS/LI/19/0120,KAL190120,Kalutara,Bulathsinhala,2019-09-29,Bulathsinhala South,821B,"ගුලන,ඇලහැර,බුලත්සිංහල",,,2019-09-29 00:00:00,0001-01-01,,,,,,6.670201,80.17887
Ground Subsidence,GS,NBRO/LRRMD-KLT/KAL/BULATS/LI/19/0134,KAL190134,Kalutara,Bulathsinhala,2019-04-29,Paragoda West,825C,"පරගොඩ,බුලත්සිංහල",,,2019-04-29 00:00:00,0001-01-01,,,,,,6.6175082,80.2319048
Ground Subsidence,GS,NBRO/LRRMD-KLT/KAL/DODANG/LI/19/0171,KAL190171,Kalutara,Dodangoda,2019-06-30,Dodangoda East,800A,"විල්පාත, දොඩංගොඩ",,,2019-06-30 00:00:00,0001-01-01,,,,,,6.532831,80.0356999
Ground Subsidence,GS,NBRO/LRRMD-KLT/KAL/HORANA/LI/19/0196,KAL190196,Kalutara,Horana,2019-10-08,Kananvila North,612A,"362-C, Owitiyagala Road, Hen kanda, Horana","362-C, Owitiyagala Road, Hen kanda, Horana",,0001-01-01,0001-01-01,,,,,,6.74018009,80.06433435
Ground Subsidence,GS,NBRO/LRRMD-KLT/KAL/BERUWA/LI/19/0211,KAL190211,Kalutara,Beruwala,2019-07-04,Polkotuwa,748,Polkotuwa,Polkotuwa,,0001-01-01,0001-01-01,,,,,,6.47342,79.983866
Ground Subsidence,GS,NBRO/LRRMD-KLT/KAL/BERUWA/LI/19/0219,KAL190219,Kalutara,Beruwala,2019-05-03,Kalavilakanda,750B,"163 F/2, Bunwala kanda, Kalavila, Beruwala","163 F/2, Bunwala kanda, Kalavila, Beruwala",,0001-01-01,0001-01-01,,,,,,6.47035,80.023238
Ground Subsidence,GS,NBRO/LRRMD-KLT/KAL/KALUTA/LI/19/0243,KAL190243,Kalutara,Kalutara,2019-07-24,Nagoda South,729,"Excise station, Nagoda,  Kalutara","Excise station, Nagoda,  Kalutara",,0001-01-01,0001-01-01,,,,,,6.557946,79.973185
Ground Subsidence,GS,NBRO/LRRMD-KLT/KAL/KALUTA/LI/19/0256,KAL190256,Kalutara,Kalutara,2019-02-12,Kalutara South,725,Kalutara Police Special Forces Training School,Kalutara Police Special Forces Training School,,0001-01-01,0001-01-01,,,,,,6.553724,79.986557
Ground Subsidence,GS,NBRO/LRRMD-KLT/KAL/KALUTA/LI/19/0257,KAL190257,Kalutara,Kalutara,2019-11-14,Kalutara North,717,"14/1, Mangala Street, Kalutara, North","14/1, Mangala Street, Kalutara, North",,0001-01-01,0001-01-01,,,,,,6.5936223,79.9575827
Ground Subsidence,GS,NBRO/LRRMD-KLT/KAL/AGALAW/LI/19/0266,KAL190266,Kalutara,Agalawatta,2019-10-17,Rathmale East,844B,"Dayaswatta, Ridiwita, Polgampola","Dayaswatta, Ridiwita, Polgampola",,0001-01-01,0001-01-01,,,,,,6.4538292,80.206806956
Ground Subsidence,GS,NBRO/LRRMD-KLT/KAL/AGALAW/LI/19/0271,KAL190271,Kalutara,Agalawatta,2019-12-22,Dapiligoda,831,"Dapiligoda, Agalawatta","Dapiligoda, Agalawatta",,0001-01-01,0001-01-01,,,,,,6.5347262,80.1744086
Ground Subsidence,GS,NBRO/LRRMD-KLT/KAL/AGALAW/LI/19/0284,KAL190284,Kalutara,Agalawatta,2019-09-27,Halovita,827B,"Delpe, Agalawatta","Delpe, Agalawatta",,0001-01-01,0001-01-01,,,,,,6.5576765,80.1617667
Ground Subsidence,GS,NBRO/LRRMD-KLT/KAL/PANADU/LI/19/0293,KAL190293,Kalutara,Panadura,2019-12-12,Gorakana,671,"16/1, Wedamawatha, Gorakana","16/1, Wedamawatha, Gorakana",,0001-01-01,0001-01-01,,,,,,6.757297,79.8994928
Ground Subsidence,GS,NBRO/LRRMD-KLT/KAL/MILLAN/LI/20/0016,KAL200016,Kalutara,Millaniya,2020-05-21,Pathakada,639,"Kapuhenawaththa, Pathakada",Near Kapuhena gem mine,හොරණ - කළුතර මාර්ගයේ ඉදිලන්ද හන්දියේ සිට උඩුවර දෙසට මීටර 400 ක් පමණ ගමන් කළ විට අදාළ ස්ථානයට ගමන් කල,2020-06-08 00:00:00,0001-01-01,,,,,,6.632585,80.037837
Ground Subsidence,GS,NBRO/LRRMD-KLT/KAL/BULATS/LI/20/0181,KAL200181,Kalutara,Bulathsinhala,2020-10-08,Halwathura,822A,"තිප්පල, හල්වතුර,බුලත්සිංහල",,,2020-12-04 00:00:00,0001-01-01,,,,,,6.7053432,80.19912752
Ground Subsidence,GS,NBRO/LRRMD-KLT/KAL/PANADU/LI/21/0001,KAL210001,Kalutara,Panadura,2021-01-12,Eluvila,687B,"No. 175/2/2 Bogaha Road, Eluvila, Panadura","No. 175/2/2 Bogaha Road, Eluvila, Panadura",,2021-01-12 00:00:00,0001-01-01,,,,,,6.712637,79.930174
Ground Subsidence,GS,NBRO/LRRMD-KLT/KAL/PANADU/LI/21/0036,KAL210013,Kalutara,Panadura,2021-11-10,Horethuduwa,670,"Horethuduwa, Panadura","Horethuduwa, Panadura",,2021-11-10 00:00:00,0001-01-01,,,,,,6.771113135,79.8958182
Ground Subsidence,GS,NBRO/LRRMD-KLT/KAL/BERUWA/LI/21/0279,KAL210261,Kalutara,Beruwala,2021-06-08,Halkandavila,744,"අංක 79/C,පල්ලිය අසල, හල්කඳවල",,,2021-06-08 00:00:00,0001-01-01,,,,,,6.510016,80.026751
Ground Subsidence,GS,NBRO/LRRMD-KLT/KAL/KALUTA/LI/21/0313,KAL210295,Kalutara,Kalutara,2021-05-12,Nugagoda,709B,"නො:20/42, 6 වන පටුමග, නාගොඩ, කළුතර",,,2021-10-15 00:00:00,0001-01-01,,,,,,6.558036,79.981943
Ground Subsidence,GS,NBRO/LRRMD-KLT/KAL/PALIND/LI/21/0330,KAL210312,Kalutara,Palindanuwara,2021-11-12,Yakupitiya,834D,"යකුපිටිය,බෙල්ලන",,,2021-11-16 00:00:00,0001-01-01,,,,,,6.505446,80.199367
Ground Subsidence,GS,NBRO/LRRMD-KLT/KAL/BULATS/LI/21/0336,KAL210318,Kalutara,Bulathsinhala,2021-09-23,Mahagama East,819B,"ඉළුක්කැටිය,මහගම",,,2021-09-23 00:00:00,0001-01-01,,,,,,6.6156522,80.1634669
Ground Subsidence,GS,NBRO/LRRMD-KLT/KAL/WALALL/LI/21/0382,KAL210364,Kalutara,Walallavita,2021-09-14,Wedawatta,849B,"ගුලවිට පාර, වෙදවත්ත,මීගහතැන්න",,,2021-09-14 00:00:00,0001-01-01,,,,,,6.41197183,80.19256994
Ground Subsidence,GS,NBRO/LRRMD-KLT/KAL/WALALL/LI/21/0399,KAL210381,Kalutara,Walallavita,2021-09-14,Wedawatta,849B,"ගුලවිට පාර,වෙදවත්ත,මීගහතැන්න",,,2021-09-14 00:00:00,0001-01-01,,,,,,6.41211796,80.18963875
Ground Subsidence,GS,NBRO/LRRMD-KLT/KAL/INGIRI/LI/21/0405,KAL210387,Kalutara,Ingiriya,2021-10-11,Ingiriya North,620C,"නො:100,ආනන්ද රණතුංග මාවත, මීරම,ඉංගිරිය",,,2021-10-27 00:00:00,0001-01-01,,,,,,6.738937,80.180261
Ground Subsidence,GS,NBRO/LRRMD-KLT/KAL/WALALL/LI/21/0447,KAL210428,Kalutara,Walallavita,2021-01-25,Bothalawa,844A,"ගලකුඹුර,බෝතලාව,මිගහතැන්න",,,2021-01-25 00:00:00,0001-01-01,,,,,,6.778195,80.05417
Ground Subsidence,GS,NBRO/LRRMD-KLT/KAL/KALUTA/LI/22/0089,KAL220230,Kalutara,Kalutara,2022-01-25,Welapura,725B,"No 49/40, Parana Para, Kaluthara South","No 49/40, Parana Para, Kaluthara South",,2022-01-24 00:00:00,0001-01-01,,,,,,6.587438,79.964443
Ground Subsidence,GS,NBRO/LRRMD-KLT/KAL/KALUTA/LI/22/0308,KAL220261,Kalutara,Kalutara,2022-09-28,Deshasthra Kalutara West,717D,කළුතර උතුර,"නො. 30/1,  සිරි නිවාස මාවත, කළුතර උතුර",,2022-10-13 00:00:00,0001-01-01,,,,,,6.598785,79.95341
Ground Subsidence,GS,NBRO/LRRMD-KLT/KAL/PALIND/LI/22/0319,KAL220276,Kalutara,Palindanuwara,2022-05-24,Kosgulana,836L,"Kosgulana Primary School, Kosgulana",,,2022-09-01 00:00:00,0001-01-01,,,,,,6.620042,80.26368
Ground Subsidence,GS,NBRO/LRRMD-KLT/KAL/KALUTA/LI/22/0337,KAL220318,Kalutara,Kalutara,2022-11-01,Nagoda South,729,"නො. 05බී, මතුගම පාර, නාගොඩ","නො. 05බී, මතුගම පාර, නාගොඩ",,2022-11-10 00:00:00,0001-01-01,,ව්‍යුහාත්මක දුර්වලතා හේ,,,,6.566781,79.997187
Ground Subsidence,GS,NBRO/LRRMD-KLT/KAL/BULATS/LI/22/0354,KAL220338,Kalutara,Bulathsinhala,2022-11-02,Egaloya,821D,"Koshena Uda Road, Egaloya, Bulathsinhala.",,ඈගල් ඔය - හොරණ මාර්ගයේ කොස්හේන හන්දියෙන් දකුණට පවතින මාර්ගයේ 1km ක් පමණ ගමන් කිරීමෙන් ඉහත සඳහන් ස්,2022-11-09 00:00:00,0001-01-01,,poor land management,,,,6.680148,80.152578
Ground Subsidence,GS,NBRO/LRRMD-KLT/KAL/BERUWA/LI/23/0194,KAL230311,Kalutara,Beruwala,2023-05-29,Kuda Payagala North,734,"ශාන්ත මරියා මාවත, කුඩා පයාගල, පයාගල","ශාන්ත මරියා මාවත, කුඩා පයාගල,  පයාගල, කළුතර",,2023-06-15 00:00:00,0001-01-01,,,,,,6.542902,79.972222
Ground Subsidence,GS,NBRO/LRRMD-KLT/KAL/AGALAW/LI/23/0257,KAL230401,Kalutara,Agalawatta,2023-09-18,Ridirekhagama,832B,"ගලේවත්ත, අගලවත්ත",,,2023-09-07 00:00:00,2023-09-01 00:00:00,,අධික වර්ෂාපතනය හා අවිධිමත් භූමි පරිහරණය,,,,6.522671,80.162037
Ground Subsidence,GS,NBRO/LRRMD-KLT/KAL/WALALL/LI/23/0289,KAL230438,Kalutara,Walallavita,2023-10-11,Pelawatta West North,850D,"ඔලගන්දූව, පැලවත්ත, වලල්ලාවිට",,,2023-10-11 00:00:00,2023-09-18 00:00:00,,අධික වර්ෂාපතනය,,,,6.4081023,80.2018714
Ground Subsidence,GS,NBRO/LRRMD-KLT/KAL/BULATS/LI/23/0314,KAL230466,Kalutara,Bulathsinhala,2023-10-18,Mahagama East,819B,"මහගම, බුලත්සිංහල",,,2023-10-18 00:00:00,0001-01-01,,,,,,6.603138,80.1604282
Ground Subsidence,GS,NBRO/LRRMD-KLT/KAL/MATHUG/LI/23/0327,KAL230481,Kalutara,Mathugama,2023-09-26,Mathugama South,805C,"නො .34/8, ගාමිණී මාවත, මතුගම",,,2023-11-13 00:00:00,0001-01-01,,,,,,6.5212171,80.1128941
Ground Subsidence,GS,NBRO/LRRMD-KLT/KAL/MATHUG/LI/24/0062,KAL240101,Kalutara,Mathugama,2024-03-25,Kolehekada,798A,"""තිලිණි"", පල්ලෙගොඩ හංදිය අසල, වලගෙදර, මතුගම",,,2024-04-26 00:00:00,0001-01-01,,,,,,6.4649971,80.067779
Ground Subsidence,GS,NBRO/LRRMD-KLT/KAL/PALIND/LI/24/0068,KAL240110,Kalutara,Palindanuwara,2024-04-16,Lathpandura,835,"තුඹගල්ල, පාලින්දනුවර.","තුඹගල්ල ආදාහානාගාරය, පාලින්දනුවර",,2024-04-24 00:00:00,0001-01-01,,අධික වර්ෂාපතනය සහ අවිධිමත් පෘෂ්ටිය ජල කළමනාකරණය,,,,6.5240411,80.2074644
Ground Subsidence,GS,NBRO/LRRMD-KLT/KAL/BULATS/LI/24/0113,KAL240170,Kalutara,Bulathsinhala,2024-04-08,Amaragedara South,821C,"දික්හේන, අමරගෙදර.",,,2025-01-07 00:00:00,0001-01-01,,අධික වර්ෂාව හේතුවෙන් සිදුවන ඉවුරු ඛාදන තත්ත්වයන්,,,,6.677235,80.195709
Ground Subsidence,GS,NBRO/LRRMD-KLT/KAL/PALIND/LI/24/0361,KAL240523,Kalutara,Palindanuwara,2024-06-14,Maragahadeniya,835C,Maragahadeniya,,,2024-12-30 00:00:00,0001-01-01,,,,,,6.5415478,80.2276132
Ground Subsidence,GS,NBRO/LRRMD-KLT/KAL/WALALL/LI/24/0418,KAL240580,Kalutara,Walallavita,2024-10-21,Ranepuragoda,843I,"මියනකොළතැන්න වත්ත, රණේපුරගොඩ, වලල්ලාවිට","මියනකොළතැන්න වත්ත, රණේපුරගොඩ, වලල්ලාවිට",,2025-01-21 00:00:00,0001-01-01,,අධික වර්ෂාපතනය සහ අවිධිමත් භූමි පරිහරණය,,,,6.421626,80.240595
Ground Subsidence,GS,NBRO/LRRMD-KLT/KAL/WALALL/LI/24/0419,KAL240581,Kalutara,Walallavita,2024-11-21,Ranepuragoda,843I,"රණේපුරගොඩ, පහළ හෙවෙස්ස, වලල්ලාවිට.","රණේපුරගොඩ, පහළ හෙවෙස්ස, වලල්ලාවිට",,2025-01-21 00:00:00,0001-01-01,,අධික වර්ෂාපතනය,,,,6.420809,80.240459
Ground Subsidence,GS,NBRO/LRRMD-KLT/KAL/AGALAW/LI/24/0455,KAL240617,Kalutara,Agalawatta,2024-06-14,Kithulgoda,833,"පුංචිහේන, කිතුල්ගොඩ, අගලවත්ත","පුංචිහේන, කිතුල්ගොඩ, අගලවත්ත",,2025-03-04 00:00:00,0001-01-01,,,,,,6.491289,80.189864
Ground Subsidence,GS,NBRO/LRRMD-KLT/KAL/PALIND/LI/24/0497,KAL240659,Kalutara,Palindanuwara,2024-06-07,Morapitiya,836A,"මොරපිටිය, පාලින්දනුවර",,,2025-04-08 00:00:00,2024-06-01 00:00:00,,අධික වර්ෂාපතනය සහ ප්රිමිතියෙන් තොර සංවර්ධන කටයුතු,,,,6.517775,80.269338
Ground Subsidence,GS,NBRO/LRRMD-KLT/KAL/MATHUG/LI/25/0007,KAL250020,Kalutara,Mathugama,2025-01-23,Naravila,803,"Manikgoda, Katugahahena","Manikgoda, Katugahahena",,2025-02-11 00:00:00,0001-01-01,,,,,,6.491519,80.088312
Ground Subsidence,GS,NBRO/LRRMD-KLT/KAL/WALALL/LI/25/0079,KAL250156,Kalutara,Walallavita,2025-05-30,Maddegama,849A,"මැද්දෙගම, වලල්ලාවිට","මැද්දෙගම, වලල්ලාවිට",,2025-05-27 00:00:00,0001-01-01,,අධික වර්ෂාපතනය සහ අවිධිමත් භූමි පරිහරණය,,,,6.437336,80.191282
Ground Subsidence,GS,NBRO/LRRMD-KLT/KAL/HORANA/LI/25/0161,KAL250307,Kalutara,Horana,2025-10-10,Palannoruwa,604,"ගෝනපල, හොරණ","ගෝනපල, හොරණ",,2025-11-24 00:00:00,0001-01-01,,,,,,6.764351,80.01403
Ground Subsidence,GS,NBRO/LRRMD-KND/KDN/YATINU/LI/19/0085,KDN190086,Kandy,Yatinuwara,2019-01-01,Govindala,171,"500/B, ගෝවින්දල, පිළිමතලාව","500/B, ගෝවින්දල, පිළිමතලාව",,2019-07-19 00:00:00,0001-01-01,,,,,,7.257802,80.5581264
Ground Subsidence,GS,NBRO/LRRMD-KND/KDN/MEDADU/LI/19/0379,KDN190380,Kandy,Medadumbara,2019-01-01,Wewegama,829,"8, ගොඩමඩිත්ත, වැවේගම","8, ගොඩමඩිත්ත, වැවේගම",,2018-08-24 00:00:00,0001-01-01,,,,,,7.29418,80.58964
Ground Subsidence,GS,NBRO/LRRMD-KND/KDN/KUNDAS/LI/20/0131,KDN200136,Kandy,Kundasale,2020-01-01,Wavinna,671,"වාවින්න කණිෂ්ඨ විද්‍යාලය , වත්තේගම","වාවින්න කණිෂ්ඨ විද්‍යාලය , වත්තේගම",,2019-12-27 00:00:00,0001-01-01,,,,,,7.337881,80.689801
Ground Subsidence,GS,NBRO/LRRMD-KND/KDN/MEDADU/LI/20/0219,KDN200224,Kandy,Medadumbara,2020-01-01,Ambale,815,"2/1ඒ, පන්සල පාර, අම්බාලේ, මැදමහනුවර","2/1ඒ, පන්සල පාර, අම්බාලේ, මැදමහනුවර",,2020-01-07 00:00:00,0001-01-01,,,,,,7.269179,80.8179022
Ground Subsidence,GS,NBRO/LRRMD-KND/KDN/KNDFG/LI/21/0003,KDN210003,Kandy,Kandy Four Gravets & Gangawata Korale,2021-11-09,Boowelikada,220,බූවැලිකඩ,"අංක 117/17, අනගාරික ධර්මපාල මාවත, මහනුවර",,2021-11-19 00:00:00,2021-11-11 00:00:00,,,,,,7.2914649,80.643353
Ground Subsidence,GS,NBRO/LRRMD-KND/KDN/PATHAH/LI/21/0242,KDN210263,Kandy,Pathahewaheta,2021-08-12,Uduwela Udagama East,946,"80, උඩුවෙල හන්තාන නිවාස සංකීර්ණය, උඩුවෙල","80, උඩුවෙල හන්තාන නිවාස සංකීර්ණය, උඩුවෙල",,2021-08-12 00:00:00,0001-01-01,,,,,,7.2501583,80.6399618
Ground Subsidence,GS,NBRO/LRRMD-KND/KDN/UDAPAL/LI/21/0308,KDN210329,Kandy,Udapalatha,2021-01-13,Galatha,1185,"පියසිරි නිවස , ගලහ, යටිපියන්ගල","පියසිරි නිවස , ගලහ, යටිපියන්ගල",,2020-12-09 00:00:00,0001-01-01,,,,,,7.1114141,80.5836855
Ground Subsidence,GS,NBRO/LRRMD-KND/KDN/KNDFG/LI/21/0518,KDN210529,Kandy,Kandy Four Gravets & Gangawata Korale,2021-01-01,Suduhumpala East,265,"42--බි, යසරත්නතෙන්නකොන් මාවත, මහනුවර","42--බි, යසරත්නතෙන්නකොන් මාවත, මහනුවර",,2021-01-11 00:00:00,0001-01-01,,,,,,7.2831249,80.697996
Ground Subsidence,GS,NBRO/LRRMD-KND/KDN/POOJAP/LI/21/0533,KDN210544,Kandy,Poojapitiya,2021-06-14,Kahatagasthenna,520,"298, කහටගස්තැන්න, දොලපිහිල්ල","298, කහටගස්තැන්න, දොලපිහිල්ල",,2021-06-10 00:00:00,0001-01-01,,,,,,7.402701,80.583013
Ground Subsidence,GS,NBRO/LRRMD-KND/KDN/POOJAP/LI/21/0535,KDN210546,Kandy,Poojapitiya,2021-01-04,Kahatagasthenna,520,"298, කහටගස් තැන්න,  දොලපිහිල්ල","298, කහටගස් තැන්න,  දොලපිහිල්ල",,2021-06-10 00:00:00,0001-01-01,,,,,,7.402701,80.583013
Ground Subsidence,GS,NBRO/LRRMD-KND/KDN/HARISP/LI/22/0161,KDN220208,Kandy,Harispattuwa,2022-01-03,Yatiwawala,415,"පල්ලේගම්මැද්ද, යටිවාවල, කටුගත්තොට","පල්ලේගම්මැද්ද, යටිවාවල, කටුගත්තොට",,2022-02-28 00:00:00,0001-01-01,,,,,,7.3277533,80.61768423
Ground Subsidence,GS,NBRO/LRRMD-KND/KDN/PANVIL/LI/22/0337,KDN220264,Kandy,Panvila,2022-03-18,Thawalanthenna,737,තවලන්තැන්න,"මාරිලෑන්ඩ් තෙමහල් ගොඩනැගිල්ල, තවලන්තැන්න",,2022-04-29 00:00:00,0001-01-01,,,,,,7.3967972,80.75855405
Ground Subsidence,GS,NBRO/LRRMD-KND/KDN/UDUNUW/LI/22/0464,KDN220697,Kandy,Udunuwara,2022-10-05,Kiriwavula West,90,"අංක 24, කිරිිවවුල, පිළිමතලාව","අංක 24, කිරිිවවුල, පිළිමතලාව",පිළිමතලාව නගරයේ සිට ගඩලාදෙණිය පන්සල අසලින් පිහිටා ඇති වට්ටප්පොල දෙසට දිවෙන මාර්ගය ඔස්සේ කි.මි. 3,2022-10-13 00:00:00,2022-09-20 00:00:00,,"අධික වර්ෂාපතනය, නිවසේ ව්‍යුහාත්මක දුර්වලතා",,,,7.24935,80.5445
Ground Subsidence,GS,NBRO/LRRMD-KND/KDN/YATINU/LI/22/0489,KDN220770,Kandy,Yatinuwara,2022-05-20,Embilmeegama North,166,"අංක 4, අධිකාරම්පුර, ඇඹිල්මීගම නැගෙනහිර, පිළිමතලාව","අංක 4, අධිකාරම්පුර, ඇඹිල්මීගම නැගෙනහිර, පිළිමතලාව",මහනුවර සිට පිළිමතලාව දක්වා ගමන් කර ඉන් දකුණුපසට ඇති දන්තුරේ මාර්ගයේ ගමන් කිරීමේදී කුඩාඔය පාලම,2022-12-29 00:00:00,2022-11-15 00:00:00,,අධික වර්ෂාපතනය,,,,7.272652,80.545494
Ground Subsidence,GS,NBRO/LRRMD-KND/KDN/PATHAH/LI/23/0133,KDN230816,Kandy,Pathahewaheta,2023-08-22,Ethulgama North,967,"ඇතුල්ගම පුරාණ විහාරය, ඇතුල්ගම, තලාතුඔය","විහාරාධිපති හිමි, ඇතුල්ගම පුරාණ විහාරය, ඇතුල්ගම, තලාතුඔය",මහනුවර නගරයේ සිට තලාතුඔය නගරය දක්වා ගමන් කර ඉන් කිරිමැටිය මාර්ගයේ අංකෙලිපිටිය හන්දිය දක්වා ගමන,2023-09-08 00:00:00,0001-01-01,,,,,,7.2613598,80.7189074
Ground Subsidence,GS,NBRO/LRRMD-KND/KDN/HATHRL/LI/24/0157,KDN240595,Kandy,Hatharaliyadda,2024-01-22,Aludeniya North,374,"අළුදෙණිය උතුර  ග්‍රාම නිලධාරී වසමෙහි, ගොවිජන සේවා මධ්‍යස්ථානය, අළුදෙණිය  යන ස්ථානය ආශ්‍රිත මාවත","කුඹුරේගෙදර, හල්ඔලුව",ගන්නෝරුව හන්දියෙන් හල්ඔලුව-ගොහාගොඩ-කටුගස්තොට මාර්ගයේ ගමන් කිරීමේදී හමුවන බෝගහකන්ද මාර්ගයේ මී,2023-11-23 00:00:00,2023-11-19 00:00:00,,අධික වර්ෂාපතනය,,,,7.37152,80.47005
Ground Subsidence,GS,NBRO/LRRMD-KND/KDN/PATHAH/LI/24/0168,KDN240627,Kandy,Pathahewaheta,2024-05-15,Nugaliyadda Ihala,983,"206D, නුගලියද්ද පාර, අංකෙලිපිටිය, තලාතුඔය","206D, නුගලියද්ද පාර, අංකෙලිපිටිය, තලාතුඔය",මහනුවර නගරයේ සිට තලාතුඔය නගරය දක්වා ගමන් කර මොරගොල්ල මාර්ගයේ අංකෙලිපිටිය හන්දිය දක්වා ගමන් කර,2024-04-03 00:00:00,0001-01-01,,,,,,7.237973,80.6909867
Ground Subsidence,GS,NBRO/LRRMD-KND/KDN/THUMPA/LI/24/0209,KDN240799,Kandy,Thumpane,2024-06-20,Kandekumbura,361,"කන්දේකුඹුර, කුඹුරේගම","කන්දේකුඹුර, කුඹුරේගම",මහනුවර නගරයේ සිට කටුගස්තොට නගරය හරහා කුරුණෑගල මාර්ගයේ අරඹේකඩේ හන්දිය පසු කර කිලෝමීටර 1ක් පමණ ගම,2023-12-28 00:00:00,0001-01-01,,,,,,7.3486,80.545095
Ground Subsidence,GS,NBRO/LRRMD-KND/KDN/DOLUWA/LI/25/0057,KDN250425,Kandy,Doluwa,2025-01-27,Pitawala,1133,"කොල්ග්‍රයින් කොටසේ, කේෂ්ත්‍ර අංක 06","කොල්ග්‍රයින් කොටසේ, කේෂ්ත්‍ර අංක 06",ගලහ - පුපුරැස්ස ප්‍රධාන මාර්ගය ඔස්සේ ගමන් කිරීමේදී වම් පසට පිහිටා ඇති බදුරාලි පන්සල මාර්ගය ඔස්ස,2025-02-18 00:00:00,0001-01-01,,අධික වර්ෂාපතනය,,,,7.165231,80.68043
Ground Subsidence,GS,NBRO/LRRMD-KND/KDN/GANGIK/LI/25/0067,KDN250511,Kandy,Ganga Ihala Korale,2025-04-25,Malwattagama,1063,"මැදගොඩ පහළ, කුරුදුවත්ත කඩවීදිය","මැදගොඩ පහළ, කුරුදුවත්ත කඩවීදිය",මහනුවර නගරයේ සිට පේරාදෙණිය හරහා ගම්පොල නගරයට ගමන් කර ගම්පොල - ක්‍රැයිහෙඩ් මාර්ගයේ කිලෝමීටර් 13.5 ක,2024-12-27 00:00:00,2024-11-26 00:00:00,,අධික වර්ෂාපතනය සහ අවිධිමත් පාංශු පිරවුම,,,,7.124084,80.507614
Ground Subsidence,GS,NBRO/LRRMD-KND/KDN/GANGIK/LI/25/0068,KDN250516,Kandy,Ganga Ihala Korale,2025-04-08,Giraulla,1061,"අංක 53/ඩී, වෙලේගෙදර, මීතලාව","අංක 53/ඩී, වෙලේගෙදර, මීතලාව",මහනුවර නගරයේ සිට පේරාදෙණිය හරහා ගම්පොල නගරයට ගමන් කර ගම්පොල - ක්‍රැයිහෙඩ් මාර්ගයේ ගොස් හමුවන කු,2024-12-27 00:00:00,2024-11-26 00:00:00,,අධික වර්ෂාපතනය සහ අවිධිමත් පාංශු පිරවු,,,,7.136561,80.520214
Ground Subsidence,GS,NBRO/LRRMD-KND/KDN/KNDFG/LI/25/0072,KDN250535,Kandy,Kandy Four Gravets & Gangawata Korale,2025-03-10,Siyambalagasthenna,226,"20/22, සියඹළාගස්තැන්න, මහනුවර","සියඹලාගස්තැන්න, මහනුවර",මහනුවර මාතලේ මාර්ගයේ කටුගස්තොට පාලම ට මීටර් 300ක් පමණ පෙර දකුණු දෙසට හැරී සියඹලාගස්තැන්න මාර්ගයේ,2025-01-11 00:00:00,2024-12-01 00:00:00,,අධික වර්ෂාපතනය,,,,7.32316,80.63306
Ground Subsidence,GS,NBRO/LRRMD-KND/KDN/UDAPAL/LI/25/0077,KDN250540,Kandy,Udapalatha,2025-04-28,Gampola East,1108,"රජයේ ගුරු විද්‍යාලය, ගම්පොල","විදුහල්පති, රජයේ ගුරු විද්‍යාලය - ගම්පොල",මහනුවර නුවරඑළීය මාර්ගයේ ගම්පොල පාලම අසල මෙම ස්ථානය පිහිටා ඇත,2025-04-28 00:00:00,2025-04-22 00:00:00,,,,,,7.16091,80.57293
Ground Subsidence,GS,NBRO/LRRMD-KND/KDN/UDAPAL/LI/25/0078,KDN250541,Kandy,Udapalatha,2025-04-22,Millagaspitiya,1172,"අංක 106/2,අංකෙලිපිටිය,මිල්ලගස්පිටිය,මහඋඩගම","අංක 106/2, අංකෙලිපිටිය, මිල්ලගස්පිටිය, මහඋඩගම",මහනුවර නගරයේ සිට පේරාදෙණිය හරහා ගම්පොල නගරයට ගොස් බී 621 මාර්ගයේ උඩපලාත දක්වා ගමන් කොට අබේතුංග නි,2025-02-18 00:00:00,0001-01-01,,අවිධිමත් පාංශු පිරවුම,,,,7.144184,80.618041
Ground Subsidence,GS,NBRO/LRRMD-KND/KDN/GANGIK/LI/25/0115,KDN250712,Kandy,Ganga Ihala Korale,2025-02-03,Uduwella,1052,"109/40/B,තාමරවැලි ජනපදය, උඩුවැල්ල, උඩහෙන්තැන්න","109/40/B,තාමරවැලි ජනපදය, උඩුවැල්ල, උඩහෙන්තැන්න",මහනුවර නගරයේ සිට පේරාදෙණිය හරහා ගම්පොල නගරයට ගමන් කර ගම්පොල - ක්‍රැයිහෙඩ් මාර්ගයේ කිලෝමීටර් 12 ක,2025-05-07 00:00:00,0001-01-01,,අධික වර්ෂාපතනය සහ අවිධිමත් පාංශු පිරවුම,,,,7.103202,80.50231
Ground Subsidence,GS,NBRO/LRRMD-KND/KDN/GANGIK/LI/25/0116,KDN250713,Kandy,Ganga Ihala Korale,2025-02-03,Uduwella,1052,"60/2/1, උඩුවැල්ල, උඩහේන්තැන්න","60/2/1, උඩුවැල්ල, උඩහේන්තැන්න",මහනුවර නගරයේ සිට පේරාදෙණිය හරහා ගම්පොල නගරයට ගමන් කර ගම්පොල - ක්‍රැයිහෙඩ් මාර්ගයේ කිලෝමීටර් 12 ක,2025-05-07 00:00:00,0001-01-01,,අධික වර්ෂාපතනය සහ අවිධිමත් නිවාස ඉදිකිරීම,,,,7.10982,80.49176
Ground Subsidence,GS,NBRO/LRRMD-KND/KDN/UDUNUW/LI/25/0119,KDN250718,Kandy,Udunuwara,2025-01-07,Godapola West,28,"87/2, ගොඩපල බටහිර, කොස්හින්න, ගෙලිඔය",,මහනුවර නගරයේ පේරාදෙණිය හරහා කොස්හින්න දක්වා ගමන් කරන විට මාර්ගයේ දකුණු පසින් පරීක්ෂා කල ස්ථානය,2025-05-16 00:00:00,2024-12-13 00:00:00,,අධික වර්ෂාපතනය සහ අවිධිමත් භූමි නව්‍යකරණය,,,,7.231616,80.594866
Ground Subsidence,GS,NBRO/LRRMD-KND/KDN/KNDFG/LI/25/0122,KDN250740,Kandy,Kandy Four Gravets & Gangawata Korale,2025-06-02,Aniwatta East,234,අනිවත්ත,"නො.39,රොස්මන්ඩ් පෙදෙස, අනිවත්ත",මහනුවර නගරයේ සිට අනිවත්ත හරහා රොස්මන්ඩ් පෙදෙසට පැමිණීමෙන් අදාළ ස්ථානයට ළඟා විය හැක,2025-05-22 00:00:00,0001-01-01,,,,,,7.285531,80.614949
Ground Subsidence,GS,NBRO/LRRMD-KND/KDN/DOLUWA/LI/25/0133,KDN250838,Kandy,Doluwa,2025-05-22,Megoda Kalugamuwa,1157,"අංක 46/සී, මෙගොඩ කළුගමුව, පේරාදෙණිය","අංක 46/සී, මෙගොඩ කළුගමුව, පේරාදෙණිය",මහනුවර නගරයේ සිට පේරාදෙණිය හරහා මහකන්ද මාර්ගයේ කිලෝමීටර් 04 ක් පමන ගමන් කල විට හමුවන දොළුව - ගම්පො,2025-05-22 00:00:00,2024-11-26 00:00:00,,අධික වර්ෂාපතනය හා අවිධිමත් භූමි නව්‍යකරණය,,,,7.217264,80.60858
Ground Subsidence,GS,NBRO/LRRMD-KND/KDN/PASBAG/LI/25/0135,KDN250841,Kandy,Pasbage Korale,2025-06-16,Weligampola,1096,වැලිගම්පොල අත්වැල් පාළම අවට ප්‍රදේශය,,,2025-05-29 00:00:00,0001-01-01,,,,,,7.045152,80.515772
Ground Subsidence,GS,NBRO/LRRMD-KND/KDN/PATHAD/LI/25/0147,KDN250879,Kandy,Pathadumbara,2025-04-28,Yatirawana,641,යටිරාවණ මහා විද්‍යාලය,යටිරාවණ මහා විද්‍යාලය,මහනුවර වත්තේගම මාර්ගයේ වත්තේගම දුම්රිය හර්ස් මාර්ගය ආසන්නයේ පිහිටා ඇත.,2025-04-28 00:00:00,0001-01-01,,අධික වර්ෂාපතනය,,,,7.345235,80.678742
Ground Subsidence,GS,NBRO/LRRMD-KND/KDN/DELTHO/LI/25/0148,KDN250880,Kandy,Delthota,2025-06-10,Gonangoda,1040,"කළුගල ජනපදය, ගෝනංගොඩ","කළුගල ජනපදය, ගෝනංගොඩ","මහනුවර සිට පෙරදෙණිය හරහා ගලහ නගරය පසු කොට දෙල්තොට දක්වා ගමන් කර, දෙල්තොට - රිකිල්ලගස්කඩ මාර්ගයේ",0001-01-01,2025-06-18 00:00:00,,අධික වර්ෂාපතනය හා අවිධිමත් භූමි නව්‍යකරණය,,,,7.157418,80.707104
Ground Subsidence,GS,NBRO/LRRMD-KND/KDN/PATHAD/LI/25/0176,KDN251040,Kandy,Pathadumbara,2025-04-22,Moonamale,628,"මූණමලේ බහුකාර්‍ය ගොඩනැගිල්ල, මූණමලේ, ජම්බුගහපිටිය","මූණමලේ බහුකාර්‍ය ගොඩනැගිල්ල, මූණමලේ, ජම්බුගහපිටිය",මහනුවර නගරයේ සිට කටුගස්තොට හරහා කටුගස්තොට - මඩවල - බඹරැල්ල මාර්ගයේ කිලෝමීටර් 1.5 ක් පමණ ගමන් කරන වි,2025-05-23 00:00:00,2024-11-26 00:00:00,,,,,,7.347685,80.638939
Ground Subsidence,GS,NBRO/LRRMD-KND/KDN/GANGIK/LI/25/0202,KDN251179,Kandy,Ganga Ihala Korale,2025-08-06,Maligapurana,1078,"අංක 254/10/1, ගම්පොලවෙල, ගම්පොල","අංක 254/10/1, ගම්පොලවෙල, ගම්පොල","මහනුවර සිට පේරාදෙණිය හරහා ගම්පල නගරයට පැමිණ, උසාවිය පාරේ ගොස් ගම්පොලවෙළ පාලම පසුකර මීටර් 400 ක් පම",2025-08-11 00:00:00,0001-01-01,,,,,,7.158939,80.571813
Ground Subsidence,GS,NBRO/LRRMD-KND/KDN/HATHRL/LI/25/0207,KDN251194,Kandy,Hatharaliyadda,2025-06-25,Dedunupitiya Ihalagama,331,"දේදුණුපිටිය ඉහළ ගම, මහනුවර","දේදුණුපිටිය ඉහළ ගම, මහනුවර","මහනුවර පිලිමතලාව හරහා පොත්තපිටිය නගරයට ගොස්, පොත්තපිටිය - හතරලියද්ද මාර්ගයේ ගමන් කොට, රඹුක්කන -",2025-07-24 00:00:00,0001-01-01,,අවිධිමත් භූමි නව්‍යකරණය,,,,7.354352,80.426915
Ground Subsidence,GS,NBRO/LRRMD-KEG/KEG/KEGALL/LI/13/0009,KEG130010,Kegalle,Kegalle,2013-09-16,Ranwala,51A,"නො. 111, හබුදුගල, කෑගල්ල.","නො. 111, හබුදුගල, කෑගල්ල.","නො. 111, හබුදුගල, කෑගල්ල.",2013-09-18,0001-01-01,,ආධාරක බැම්මක ඉරිතැලීම් සහ අවධානම් තත්ත්වයකට පත් වීම.,,,,7.267035,80.329691
Ground Subsidence,GS,NBRO/LRRMD-KEG/KEG/ARANAY/LI/14/0045,KEG140045,Kegalle,Aranayaka,2014-10-10,Udagama,43E,"කෑ/මාව/ගංතුන උඩගම කණිෂ්ඨ විද්‍යාලය, උඩගම, ගංතුන.","කෑ/මාව/ගංතුන උඩගම කණිෂ්ඨ විද්‍යාලය, උඩගම, ගංතුන.","කෑ/මාව/ගංතුන උඩගම කණිෂ්ඨ විද්‍යාලය, උඩගම, ගංතුන.",2024-10-03,2014-10-01 00:00:00,,බිත්ති පුපුරා ගිලා බැසීමේ අවධානම.,,,,7.132755,80.419673
Ground Subsidence,GS,NBRO/LRRMD-KEG/KEG/KEGALL/LI/17/0002,KEG170010,Kegalle,Kegalle,2017-11-16,Eregama,57A,"ඊ 19/2, රිටිගහමුල හේන, ඉල්වාන, බොස්සැල්ල.","ඊ 19/2, රිටිගහමුල හේන, ඉල්වාන, බොස්සැල්ල.",කෑගල්ල - බුලත්කොහුපිටිය මාර්ගයේ මාබෝපිටිය හන්දිය තෙක් ගමන් කර මාබෝපිටිය හන්දියෙන් වම් පසින් වූ,2017-11-07,0001-01-01,,නිවස ආශ්‍රිත ව පවතින අවධානම් තත්ත්වය පිළිබඳ ව ස්ථාන පරීක්ෂාවක් සිදු කර වාර්තාවක් ලබා දීම.,,,,7.147508,80.397898
Ground Subsidence,GS,NBRO/LRRMD-KEG/KEG/KEGALL/LI/17/0016,KEG170024,Kegalle,Kegalle,2017-03-20,Ranwala,51A,"රබර් සංවර්ධන දෙපාර්තමේන්තුව, රංවල, කෑගල්ල.","රබර් සංවර්ධන දෙපාර්තමේන්තුව, රංවල, කෑගල්ල. අංක 96/6, මොලමුරේ පටුමඟ 02, කෑගල්ල","කෑගල්ල ප්‍රාදේශීය ලේකම් කොට්ඨාසයේ රංවල නිලධාරී වසමේ පිහිටි ඉහත නිලනිවාස අංක 96/6, මොලමුරේ පටුමඟ 02,",2017-03-11,2017-02-07 00:00:00,,නිල නිවාස සංකීර්ණයේ පිහිටි නිල නිවාසවල බිත්ති සහ පොළොව ඉරි තැලීම.,,,,7.250773,80.335453
Ground Subsidence,GS,NBRO/LRRMD-KEG/KEG/MAWANE/LI/17/0027,KEG170035,Kegalle,Mawanella,2017-11-16,Mahawatta,29A,"ඩී713ඒ සහ 42/6ඊ,කොටගොඩයාවත්ත,නුංගමුව,මාවනැල්ල.","ඩී713ඒ සහ 42/6ඊ,කොටගොඩයාවත්ත,නුංගමුව,මාවනැල්ල.","ඩී713ඒ සහ 42/6ඊ,කොටගොඩයාවත්ත,නුංගමුව,මාවනැල්ල.",2017-10-30,2017-10-15 00:00:00,,ගං ඉවුරු ගිලා බැසීම හේතුවෙන් නිවාස වල පැළුම් ඇතිවීම.,,,,7.255201,80.439088
Ground Subsidence,GS,NBRO/LRRMD-KEG/KEG/KEGALL/LI/18/0039,KEG180067,Kegalle,Kegalle,2018-08-01,Kegalle Town,51B,කෑගල්ල දිස්ත්‍රික් ලේකම් කාර්යාලය,කෑගල්ල දිස්ත්‍රික් ලේකම් කාර්යාලය,කෑගල්ල නගර මධ්‍යයේ සිටමහනුවර දෙසට යනවිට වමට දිවෙන නිල්වක්ක මාර්ගයේ මීටර් 300 ක් පමණ ගමන් කිරීමෙන,2018-07-19,2018-07-18 00:00:00,,ඉදිරියේදී පවතින අයහපත් කාලගුණික තත්ත්වයන් සමඟ අස්ථාවර වී ආපදා තත්ත්වයන් ඇති වීමේ අවදානමක් පවත,,,,7.255809,80.354114
Ground Subsidence,GS,NBRO/LRRMD-KEG/KEG/GALIGA/LI/19/0019,KEG190032,Kegalle,Galigamuwa,2019-03-26,Kandegedara,75,"ඩී 7/3, කරගැටියන, දේවාලේගම","ඩී 7/3, කරගැටියන, දේවාලේගම",කුරුණෑගල මාර්ගයේ දේවාලේගම හන්දියෙන් කන්දගෙදර මාර්ගයේ කරගැටිහේන තැපැල් කාර්යාලය අසලින් ඉඹුල්,2019-04-30,0001-01-01,,,,,,7.2912303,80.34997516
Ground Subsidence,GS,NBRO/LRRMD-KEG/KEG/KEGALL/LI/19/0064,KEG190077,Kegalle,Kegalle,2019-01-28,Bogala,58,"A9, ප්‍රාර්ථනා, පහල බෝගල, උඳුගොඩ.","A9, ප්‍රාර්ථනා, පහල බෝගල, උඳුගොඩ.",මාබෝපිටිය හන්දියේ සිට දම්පැල්ගොඩ මාර්ගයේ පැමිණ ඉන්පසු දේවාල හන්දිය මංසන්ධියෙන් ගංතුන මාර්ගයට,2018-06-05,0001-01-01,,නිවසෙහි බිත්ති සහ ගෙබිම පැළුම් ඇති වීම,,,,7.13689,80.38519
Ground Subsidence,GS,NBRO/LRRMD-KEG/KEG/BULATK/LI/19/0219,KEG190232,Kegalle,Bulathkohupitiya,2019-06-27,Lewala,129A,"අංක 87/1 ඩී, කූඩදෙණිය, බුලත්කොහුපිටිය.","අංක 87/1 ඩී, කූඩදෙණිය, බුලත්කොහුපිටිය.",කෑගල්ල - බුලත්කොහුපිටිය - කරවනැල්ල මාර්ගයේ බුලත්කොහුපිටියට පිවිස දේදුගල මාර්ගයේ කිලෝමීටර් 01 ක්,2019-09-19,2019-06-01 00:00:00,,ගිලා බැසීම.,,,,7.09008,80.34023
Ground Subsidence,GS,NBRO/LRRMD-KEG/KEG/ARANAY/LI/19/0276,KEG190289,Kegalle,Aranayaka,2019-01-03,Lambutuwa,16F,ලබුටුව - නාරංගම්මන මාර්ගය,ලබුටුව - නාරංගම්මන මාර්ගය,මාවනැල්ල නගරයේ සිට මාවනැල්ල - අරණායක - හොරේවල මාර්ගයේ (B278) උස්සාපිටිය හන්දිය තෙක් ගමන් කර උස්සාපිට,2019-07-04,2018-12-01 00:00:00,,ගිලා බැසීම.,,,,7.19784,80.437
Ground Subsidence,GS,NBRO/LRRMD-KEG/KEG/GALIGA/LI/20/0118,KEG200128,Kegalle,Galigamuwa,2020-06-18,Udugama,65A,"එෆ් 32, උඩුගම, අටාල","එෆ් 32, උඩුගම, අටාල",,2020-07-03,0001-01-01,,,,,,7.1675,80.287149
Ground Subsidence,GS,NBRO/LRRMD-KEG/KEG/GALIGA/LI/20/0168,KEG200179,Kegalle,Galigamuwa,2020-05-17,Narangoda,67,"පිටගල්දෙණිය හංදිය,පිටගල්දෙණිය","පිටගල්දෙණිය හංදිය,පිටගල්දෙණිය",-,2020-05-18,2020-05-16 00:00:00,,,,,,7.1999072,80.2991389
Ground Subsidence,GS,NBRO/LRRMD-KEG/KEG/MAWANE/LI/20/0262,KEG200273,Kegalle,Mawanella,2020-09-15,Kappagoda,18A,"බී, 91, අරණායක පාර, ලොල්ලේගොඩ, මාවනැල්ල.","බී, 91, අරණායක පාර, ලොල්ලේගොඩ, මාවනැල්ල.",කෑගල්ල නගරයේ සිට මාවනැල්ල නගරයට ගමන් කර අරණායක මාර්ගයේ  ගමන් කිරිමෙන් උක්ත ස්ථානයට ලඟා විය හැක.,2020-07-07,2020-06-28 00:00:00,18:30,-,,,,7.22881,80.45112
Ground Subsidence,GS,NBRO/LRRMD-KEG/KEG/MAWANE/LI/21/0978,KEG210996,Kegalle,Mawanella,2021-11-09,Uda Makadawara,25B,"බී/76/2, උඩමාකඩවර, හිඟුල",,,2022-03-04,0001-01-01,,,,,,7.258522,80.478648
Ground Subsidence,GS,NBRO/LRRMD-KEG/KEG/WARAKA/LI/21/0989,KEG211007,Kegalle,Warakapola,2021-11-29,Elamaldeniya,88B,"බටකොලණිය , එළමල්දෙණිය.",,,2021-12-02,2021-11-24 00:00:00,,අධික වර්ෂාපතනය,,,,7.14869,80.27229
Ground Subsidence,GS,NBRO/LRRMD-KEG/KEG/RAMBUK/LI/22/1070,KEG220055,Kegalle,Rambukkana,2022-01-04,Gabbala South,03A,"ගබ්බල, කොටවැල්ල","240/1,ගබ්බල, කොටවැල්ල",කෑගල්ල නගරයේ සිට මහනුවර කොළඹ මහා මාර්ගය ඔස්සේ මාවනැල්ල දෙසට ගමන් කිරීමේදී කරඬුපන මංසන්ධිය හමුව,2022-01-20,0001-01-01,,නිවසේ බිත්ති හා ගෙබිම ආශ්‍රිතව පිපිරුම් හා ඉරිතැලීම් නිරීක්ෂණය වීම,,,,7.3820005,80.3918886
Ground Subsidence,GS,NBRO/LRRMD-KEG/KEG/DERANI/LI/22/1090,KEG220210,Kegalle,Deraniyagala,2022-08-28,Lassegama,114C,"හම්බානවෙල, දැරණියගල","හම්බානවෙල, දැරණියගල",කෑගල්ල නගරයේ සිට දැරණියගල නගරයට ගමන්කර දැරණියගල - නූරීය මාර්ගයේ කිලෝමීටරයක් පමණ ගමන් කිරීමෙන්,2022-08-03,0001-01-01,,,,,,6.92547,80.34316
Ground Subsidence,GS,NBRO/LRRMD-KEG/KEG/BULATK/LI/22/1100,KEG220238,Kegalle,Bulathkohupitiya,2022-08-02,Ambuwakka,62C,"ඒ 64, අඹුවක්ක ජනපදය, අලවතුර","අඹුවක්ක ජනපදය, අලවතුර",කෑගල්ල නගරයේ සිට කෑගල්ල- බුලත්කොහුපිටිය- කරවනැල්ල (A21) මාර්ගයෙන් අලවතුරට පිවිසිය හැක. අලවතුරේ සිට,2022-08-01,2022-04-14 00:00:00,,අවිධිමත් ඉදිකිරීම් ක්‍රමවේද.,,,,7.135467,80.320723
Ground Subsidence,GS,NBRO/LRRMD-KEG/KEG/KEGALL/LI/22/1143,KEG220489,Kegalle,Kegalle,2022-08-23,Golahela,51E,"දිස්ත්‍රික් මහ රෝහල, කෑගල්ල",-,-,2022-10-19,2022-10-14 00:00:00,15:00,,,,,7.247852,80.345053
Ground Subsidence,GS,NBRO/LRRMD-KEG/KEG/BULATK/LI/22/1250,KEG220805,Kegalle,Bulathkohupitiya,2022-03-22,Uduwa,130,වහරක,"වෙදමැදුර, උඩුව, දේදුගල",කෑගල්ල නගරයේ සිට කෑගල්ල- බුලත්කොහුපිටිය- කරවනැල්ල (A021) මාර්ගයෙන් බුලත්කොහුපිටිය නගරයට පිවිස එතැ,2022-09-06,2022-03-20 00:00:00,,,,,,7.111435,80.388069
Ground Subsidence,GS,NBRO/LRRMD-KEG/KEG/DERANI/LI/22/1264,KEG220891,Kegalle,Deraniyagala,2022-09-26,Poddenikanda,112C,පොත්දෙණිකන්ද,"ඩී/139, පොත්දෙණිකන්ද, මාලිබොඩ","කෑගල්ල නගරයේ සිට කොළඹ - මහනුවර (A01) මාර්ගයෙන් ගලිගමුවටත්, ගලිගමුව සිට ගලිගමුව - වරාවල මාර්ගයෙන් (B127)",2022-09-22,2022-08-08 00:00:00,,,,,,6.889993,80.404381
Ground Subsidence,GS,NBRO/LRRMD-KEG/KEG/RAMBUK/LI/22/1278,KEG220946,Kegalle,Rambukkana,2022-04-01,Kadigamuwa,21,"174, දුම්රිය පොළ අසල, කඩිගමුව, පත්තම්පිටිය",කඩිගමුව,කොළඹ - මහනුවර (A01) මාර්ගයෙන් කරඬුපනට පිවිසිය හැක. කරඬුපන සිට රඹුක්කන මාර්ගය (B199) මඟින් රඹුක්කනට පිවි,2022-09-27,0001-01-01,,,,,,7.318953,80.433234
Ground Subsidence,GS,NBRO/LRRMD-KEG/KEG/MAWANE/LI/22/0554,KEG220965,Kegalle,Mawanella,2022-02-24,Gondiwala,20A,"D/55 B, ධනාගම, මාවනැල්ල","D/55 B, ධනාගම, මාවනැල්ල",,2022-02-24,2021-11-09 00:00:00,,,,,,7.259225,80.437535
Ground Subsidence,GS,NBRO/LRRMD-KEG/KEG/YATIYN/LI/22/1521,KEG221316,Kegalle,Yatiyanthota,2022-11-24,Kithulgala South,134B,කොස්කඳහේන,"ඊ/47, කොස්කඳහේන, නූරිය","කෑගල්ල නගරයේ සිට කොළඹ- මහනුවර (A01) මාර්ගයෙන් ගලිගමුවටත්, ගලිගමුව සිට වරාවල (B127) මාර්ගයෙන් වරාවලටත්,",2023-01-09,0001-01-01,,,,,,6.966887,80.419091
Ground Subsidence,GS,NBRO/LRRMD-KEG/KEG/MAWANE/LI/23/0088,KEG230218,Kegalle,Mawanella,2023-03-27,Makehelwala,23,"දොඩම්ගහමුල ලියද්ද, මාකෙහෙල්වල","දොඩම්ගහමුල ලියද්ද, මාකෙහෙල්වල",මාවනැල්ල-රඹුක්කන මාර්ගයේ ගමන් කොට මාකොහෙල්වල ඉහලගම මාර්ගයෙන් හැරී ගමන් කල විට වම් පසින් අදාල ක,2023-03-16,2022-12-25 00:00:00,,අවිධිමත් ජල වහනය,,,,7.283,80.4698
Ground Subsidence,GS,NBRO/LRRMD-KEG/KEG/RUWANW/LI/23/0136,KEG230327,Kegalle,Ruwanwella,2023-04-17,Nivunhella,100A,ලෙවන්ගම,"193, නිවුන්හැල්ල උතුර, ඉඹුලාන","කෑගල්ල නගරයේ සිට කොළඹ - මහනුවර (A01) මාර්ගයෙන් ගලිගමුවටත්, ගලිගමුව සිට ගලිගමුව - වරාවල මාර්ගයෙන් (B127)",2023-08-10,0001-01-01,,,,,,7.089385,80.244328
Ground Subsidence,GS,NBRO/LRRMD-KEG/KEG/YATIYN/LI/23/0175,KEG230379,Kegalle,Yatiyanthota,2023-04-28,Galpatha,107B,"කන්දමුල්ල, මොට්ටෑව","මොට්ටෑව, ගල්පාත, රුවන්වැල්ල","කෑගල්ල නගරයේ සිට කොළඹ - මහනුවර (A01) මාර්ගයෙන් ගලිගමුවටත්, ගලිගමුව සිට ගලිගමුව - වරාවල මාර්ගයෙන් (B127)",2023-04-25,0001-01-01,,,,,,7.055369,80.276681
Ground Subsidence,GS,NBRO/LRRMD-KEG/KEG/BULATK/LI/23/0323,KEG230606,Kegalle,Bulathkohupitiya,2023-07-04,Udapotha,128E,කළුපහන වත්ත,"ඩීබී 02 ලැයිම, කළුපහන වත්ත, බුලත්කොහුපිටිය",කෑගල්ල නගරයේ සිට කෑගල්ල- බුලත්කොහුපිටිය- කරවනැල්ල (A021) මාර්ගයෙන් බුලත්කොහුපිටිය නගරයට පිවිස එතැ,2023-07-04,0001-01-01,,,,,,7.084733,80.303145
Ground Subsidence,GS,NBRO/LRRMD-KEG/KEG/YATIYN/LI/23/0372,KEG230724,Kegalle,Yatiyanthota,2023-07-28,Theligama,133A,48 ලැයිම,"48 ලැයිම, ගනේපල්ල වත්ත, තැලිගම","කෑගල්ල නගරයේ සිට කොළඹ- මහනුවර (A01) මාර්ගයෙන් ගලිගමුවටත්, ගලිගමුව සිට වරාවල (B127) මාර්ගයෙන් වරාවලටත්,",2023-07-12,0001-01-01,,,,,,6.998765,80.351731
Ground Subsidence,GS,NBRO/LRRMD-KEG/KEG/ARANAY/LI/23/1253,KEG231811,Kegalle,Aranayaka,2023-12-27,Kandamulla,16E,"මහන්තල, දීවෙල උඩගම",,,2024-10-28,0001-01-01,,colluvium settlement,,,,7.2073417,80.3916132
Ground Subsidence,GS,NBRO/LRRMD-KEG/KEG/ARANAY/LI/24/0198,KEG240334,Kegalle,Aranayaka,2024-03-22,Selawa West,41C,"මැදවත්ත, සැලව බටහිර","මැදවත්ත, සැලව බටහිර","කෑගල්ල නගරයෙන් ආරම්භකර මාවනැල්ල, අරණායක සහ  හොරේවල හරහා සැලව බටහිර පැමිණ අදාල ස්ථානයට ලගා විය හැ",2025-05-19,0001-01-01,,නිවසේ අත්තිවාරමේ සිදුවූ ස්ථානීය අස්ථාවර වීම,,,,7.1437604,80.5004158
Ground Subsidence,GS,NBRO/LRRMD-KEG/KEG/MAWANE/LI/24/0443,KEG240759,Kegalle,Mawanella,2024-07-12,Uda Makadawara,25B,"බී 2, උඩමාකඩවර, හිගුල",,,2024-07-22,0001-01-01,,poor construction,,,,7.257295,80.4753917
Ground Subsidence,GS,NBRO/LRRMD-KEG/KEG/ARANAY/LI/24/0482,KEG240814,Kegalle,Aranayaka,2024-02-09,Debathgama Pallebage,47A,"අගලවත්ත, දෙබත්ගම",,,2024-06-25,0001-01-01,,COLLUVIUM SETTLEMENT,,,,7.168344,80.421227
Ground Subsidence,GS,NBRO/LRRMD-KEG/KEG/WARAKA/LI/24/0519,KEG240875,Kegalle,Warakapola,2024-08-08,Dummaladeniya,94C,"මෙනේරිපිටිය, වරකාපොල",,,2024-06-04,0001-01-01,,poor land use,,,,7.2298307,80.1903425
Ground Subsidence,GS,NBRO/LRRMD-KEG/KEG/RAMBUK/LI/24/1008,KEG241636,Kegalle,Rambukkana,2024-12-19,Kadigamuwa,21,"මීමිලිගේ පාර, කඩිගමුව, පත්තම්පිටිය",,,2024-11-30,0001-01-01,,,,,,7.317887,80.425296
Ground Subsidence,GS,NBRO/LRRMD-KEG/KEG/ARANAY/LI/25/0069,KEG250256,Kegalle,Aranayaka,2025-02-19,Podape,43D,"අම්බලකන්ද පාර, පෝඩාපේ, අරණායක","අම්බලකන්ද පාර, පෝඩාපේ, අරණායක",කෑගල්ල නගරයෙන් ආරම්භකර මාවනැල්ල හරහා අරණායක හරහා හොරේවලට පැමිණ කී.මී.දෙකක් පමණ ගමන් කිරිමෙන් අ,2025-05-19,0001-01-01,,අධික වර්ෂාවත් සමහ සිදුවන අක්‍රමවත් පෘෂ්ඨීය ජලවහනය සහ ඇල ඉවුරේ සිදුවන ඇල ඉවුරු ඛාදනය,,,,7.1456935,80.5020956
Ground Subsidence,GS,NBRO/LRRMD-KEG/KEG/BULATK/LI/25/0075,KEG250262,Kegalle,Bulathkohupitiya,2025-01-03,Ambamalla,128D,"ඒ 15, අඹමල්ල, බුලත්කොහුපිටිය","ඒ 15, අඹමල්ල, බුලත්කොහුපිටිය",කෑගල්ල නගරයෙන් ආරම්භකර බුලත්කොහුපිටියට පැමිණ බුලත්කොහුපිටිය අවිස්සාවෙල්ල මාර් ගයේ අවිස්සාව,2025-04-24,0001-01-01,,නියමිත භාරය දරා ගැනිමට නොහැකි පරිදි අවිධිමත්ව සහ අක්‍රමවත්ව සිදුකරන ලද අත්තිවාරම අස්ථාවර වීම,,,,7.069047,80.3218922
Ground Subsidence,GS,NBRO/LRRMD-KEG/KEG/ARANAY/LI/25/0157,KEG250454,Kegalle,Aranayaka,2025-04-07,Podape,43D,"ඩී 67, පෝඩාපේ, අරණායක","ඩී 67, පෝඩාපේ, අරණායක",,2025-05-19,0001-01-01,,අධික වර්ෂාවත් සමග සිදුවන අක්‍රමවත් පෘෂ්ඨීය ජලවහනය,,,,7.137793,80.461528
Ground Subsidence,GS,NBRO/LRRMD-KEG/KEG/KEGALL/LI/25/0192,KEG250553,Kegalle,Kegalle,2025-05-06,Moradana,56D,"නා සෙවණ, නාගහමුල හන්දිය, මොරදන, උදුගොඩ","නා සෙවණ, නාගහමුල හන්දිය, මොරදන, උදුගොඩ",කෑගල්ලේ සිට බුලත්කොහුපිටිය මාර්ගයේ උදුගොඩ දෙසට යන විට මොරදන මංසන්ධියට පෙර නගහමුල හන්දියට ගිය ප,2025-05-27,0001-01-01,,අවිධිමත් පෘෂ්ඨීය ජල පරිවහනය,,,,7.1530298,80.3671481
Ground Subsidence,GS,NBRO/LRRMD-KEG/KEG/KEGALL/LI/25/0235,KEG250656,Kegalle,Kegalle,2025-06-13,Hettimulla,49,"ඩී 163/2, පහළවල්පොල, මිනුවන්ගමුව, හෙට්ටිමුල්ල","ඩී 163/2, පහළවල්පොල, මිනුවන්ගමුව, හෙට්ටිමුල්ල",කෑගල්ල සිට බුලත්කොහුපිටිය මාර්ගයේ කී.මී.6ක් පමණ ගොස් හෙට්ටිමුල්ල ගම්සභා හන්දියෙන් වමට හැරි හෙට,2025-06-18,0001-01-01,,අධික වර්ෂාවත් සමග සිදුවන අක්‍රමවත් පෘෂ්ඨීය ජල වහනය,,,,7.2113075,80.3640848
Ground Subsidence,GS,NBRO/LRRMD-KEG/KEG/DEHIOV/LI/25/0243,KEG250693,Kegalle,Dehiovita,2025-06-28,Pahala Thaldoowa,118B,තල්දූව සතිපොල,,,2025-06-26,2025-06-23 00:00:00,,,,,,6.959382,80.221757
Ground Subsidence,GS,NBRO/LRRMD-KEG/KEG/KEGALL/LI/25/0293,KEG250774,Kegalle,Kegalle,2025-06-24,Higgoda,59A,"ජී 34/01, වහදිවෙල, ගංතුන","ජී 34/01, වහදිවෙල, ගංතුන",කෑගල්ල නගරයෙන් ආරම්භකර බුලත්කොහුපිටිය මාර්ගයේ මාබෝපිටිය හංදියෙන් වමට හැරි දම්පැල්ගොඩ මාර්ගය,2025-06-18,0001-01-01,,නිවස අසල ඇල ඉවුරුවල සිදුවන ඉවුරු ඛාදනය සහ නිවසේ පැරණි බව,,,,7.1522497,80.389225
Ground Subsidence,GS,NBRO/LRRMD-KRG/KUR/GANEWA/LI/20/0007,KUR200006,Kurunegala,Ganewatta,2020-10-21,Thittawella,433,"තිත්තවැල්ල ප්‍රාථමික විද්‍යාලය, කුඹුක්ගැටේ","තිත්තවැල්ල ප්‍රාථමික විද්‍යාලය, කුඹුක්ගැටේ",කුරුණෑගල - මඩගල්ල මාර්ගයේ කුඹුක්ගැටේ හංදියට ප්‍රථම හමුවන තිත්තවැල්ල හංදිය ආසන්නයේ පිහිටා ඇත,2020-09-23,0001-01-01,,පාංශු ඛාදනය (Internal Erosion))මගින් ඇති වූ ගිලා බැසීම් (Sinkholes) සිදුව ඇත,,,,7.65392,80.42846
Ground Subsidence,GS,NBRO/LRRMD-MAT/MTL/MATALE/LI/17/0018,MTL170023,Matale,Matale,2017-01-26,Aluvihare,E327,"දික්කිරිය,අළුවිහාරය",,,2017-01-26 00:00:00,0001-01-01,,,,,,7.492268,80.626221
Ground Subsidence,GS,NBRO/LRRMD-MAT/MTL/MATALE/LI/19/0050,MTL190511,Matale,Matale,2019-05-17,Harasgama,E350,,,,2019-06-07 00:00:00,0001-01-01,,,,,,7.4791,80.6176
Ground Subsidence,GS,NBRO/LRRMD-MAT/MTL/NAULA/LI/20/0011,MTL200011,Matale,Naula,2020-12-24,Meegaha Ela,E412F,මීගහ ඇල,,,2021-01-13 00:00:00,0001-01-01,,,,,,7.7925,80.666
Ground Subsidence,GS,NBRO/LRRMD-MAT/MTL/UKUWEL/LI/20/0014,MTL200014,Matale,Ukuwela,2020-05-29,Katudeniya,E354A,හෙට්ටියාවත්ත,"147/58/2, කටුදෙණිය, හෙට්ටියාවත්ත",,2021-02-22 00:00:00,0001-01-01,,,,,,7.441581,80.641013
Ground Subsidence,GS,NBRO/LRRMD-MAT/MTL/UKUWEL/LI/20/0016,MTL200016,Matale,Ukuwela,2020-12-04,Makulemada,E343B,මකුලේමඩ,"57/ඒ, 6 කණුව, මකුලේමඩ",,2021-02-16 00:00:00,0001-01-01,,,,,,7.4720191,80.5819665
Ground Subsidence,GS,NBRO/LRRMD-MAT/MTL/RATTOT/LI/20/0030,MTL200030,Matale,Rattota,2020-02-05,Bandarapola,E366,බණ්ඩාරපොල,ජී.ජී.අශෝකා රම්‍යලතා,,2021-09-15 00:00:00,0001-01-01,,,,,,7.449137,80.648312
Ground Subsidence,GS,NBRO/LRRMD-MAT/MTL/MATALE/LI/20/0046,MTL200586,Matale,Matale,2020-05-26,Dombawela,E329,දොඔවෙල,පුරාණ පොත්ගුල් විහාරය,,2020-07-07 00:00:00,0001-01-01,,,,,,7.5402,80.6191
Ground Subsidence,GS,NBRO/LRRMD-MAT/MTL/AMBANK/LI/21/0066,MTL210063,Matale,Ambanganga Korale,2021-12-11,Pussella,E384,රාජමලේවත්ත,"රාජමලේවත්ත, පුස්සැල්ල, ගමුමඩුව",,2021-03-20 00:00:00,0001-01-01,,,,,,7.548,80.6812
Ground Subsidence,GS,NBRO/LRRMD-MAT/MTL/MATALE/LI/21/0110,MTL210099,Matale,Matale,2021-01-22,Dunkalawatta,E326A,දුංකලවත්ත,,,2021-03-03 00:00:00,0001-01-01,,,,,,7.5124,80.636
Ground Subsidence,GS,NBRO/LRRMD-MAT/MTL/UKUWEL/LI/21/0136,MTL210123,Matale,Ukuwela,2021-03-05,Kirimetiyawa,E343A,ඔ්විලිකන්ද,"කිරිමැටියාව, ඕවිලිකන්ද. උකුවෙල",,2021-08-30 00:00:00,0001-01-01,,,,,,7.4571196,80.589198
Ground Subsidence,GS,NBRO/LRRMD-MAT/MTL/MATALE/LI/21/0162,MTL210148,Matale,Matale,2021-11-09,Kaludewala,E350C,කළුදෑවල,"650, 2 පටුමග, වටරවුම් පාර, කළුදෑවල",,2021-11-09 00:00:00,0001-01-01,,,,,,7.482297,80.625521
Ground Subsidence,GS,NBRO/LRRMD-MAT/MTL/UKUWEL/LI/21/0239,MTL210835,Matale,Ukuwela,2021-12-09,Rangama,E362B,රංගම හිටිගල,රංගම හිටිගල,,2022-04-09 00:00:00,0001-01-01,,,,,,7.3969277,80.6695483
Ground Subsidence,GS,NBRO/LRRMD-MAT/MTL/YATAWA/LI/22/0056,MTL220577,Matale,Yatawatta,2022-01-31,Daluwela,E341B,"අස්ගිරිවත්ත, බටහිර වත්ත","අස්ගිරිවත්ත, බටහිර වත්ත",,2022-01-31 00:00:00,0001-01-01,,,,,,7.4871126,80.5929964
Ground Subsidence,GS,NBRO/LRRMD-MAT/MTL/YATAWA/LI/22/0058,MTL220579,Matale,Yatawatta,2022-02-02,Mahawela,E331,"41, වත්තේ ගෙදර, මහවෙල","41, වත්තේ ගෙදර, මහවෙල",,2022-01-12 00:00:00,0001-01-01,,,,,,7.5656182,80.6124797
Ground Subsidence,GS,NBRO/LRRMD-MAT/MTL/PALLEP/LI/22/0074,MTL220595,Matale,Pallepola,2022-02-25,Pallepola North,E420A,පල්ලේපොල,,,2021-04-05 00:00:00,0001-01-01,,,,,,7.6265,80.602
Ground Subsidence,GS,NBRO/LRRMD-MAT/MTL/YATAWA/LI/22/0091,MTL220613,Matale,Yatawatta,2022-06-08,Walpola,E334B,වල්පොල,"නො. 35, 34,  වල්පොල, යටවත්ත",,2022-06-08 00:00:00,0001-01-01,,,,,,7.55873,80.573894
Ground Subsidence,GS,NBRO/LRRMD-MAT/MTL/YATAWA/LI/22/0275,MTL220614,Matale,Yatawatta,2022-06-08,Walpola,E334B,වල්පොල,"නො. 37, වල්පොල, යටවත්ත",,2022-06-08 00:00:00,0001-01-01,,,,,,7.55927,80.574142
Ground Subsidence,GS,NBRO/LRRMD-MAT/MTL/NAULA/LI/24/0033,MTL240165,Matale,Naula,2024-03-15,Millagahamula Thenna,E409B,මිල්ලගහමුලතැන්න,"අක්කර 50,කෝන්ගහවෙල",,2024-03-26 00:00:00,0001-01-01,,පාංශු සොභහවය,,,,7.694622,80.714514
Ground Subsidence,GS,NBRO/LRRMD-MAT/MTL/NAULA/LI/24/0043,MTL240193,Matale,Naula,2024-03-14,Ududeniya,E415B,උඩුදෙණිය,"පිටකන්ද පාර,උඩුදෙණිය,නාලන්ද",,2024-03-26 00:00:00,2024-03-01 00:00:00,,,,,,7.6514,80.6349
Ground Subsidence,GS,NBRO/LRRMD-MAT/MTL/NAULA/LI/24/0118,MTL240474,Matale,Naula,2024-05-27,Mailpitiya,E414,,"ඇටඹගස්ලන්ද,මේල්පිටිය",,2024-07-23 00:00:00,0001-01-01,,,,,,7.6884,80.6293
Ground Subsidence,GS,NBRO/LRRMD-MAT/MTL/NAULA/LI/24/0178,MTL240787,Matale,Naula,2024-12-06,Pilihudugolla Ihalagama,E410,"පිළිහුඩුගොල්ල ඉහළ, නාඋල","නො 106/4,පාසල පාර,පිළිහුඩුගොල්ල",,2024-12-12 00:00:00,2024-11-28 00:00:00,,,,,,7.688175,80.6568563
Ground Subsidence,GS,NBRO/LRRMD-MAT/MTL/NAULA/LI/24/0217,MTL240867,Matale,Naula,2024-12-20,Mailpitiya,E414,"මේල්පිටිය, මාතලේ","262, මේල්පිටිය, මාතලේ",,2025-02-18 00:00:00,0001-01-01,,,,,,7.70776,80.62366
Ground Subsidence,GS,NBRO/LRRMD-MAT/MTL/NAULA/LI/25/0036,MTL250286,Matale,Naula,2025-03-28,Penalaboda,E413D,"පෙනලබොඩ, නාඋල","221,බටුලන්ද පෙනලබොඩ, නාඋල",,0001-01-01,0001-01-01,,,,,,7.7064533,80.6473083
Ground Subsidence,GS,NBRO/LRRMD-MAT/MTL/UKUWEL/LI/25/0060,MTL250504,Matale,Ukuwela,2025-07-09,Hunuketawala,E363B,ලෑලි අඹේ,,,2025-07-07 00:00:00,0001-01-01,,,,,,7.428149,80.66182
Ground Subsidence,GS,NBRO/LRRMD-MAT/MTL/AMBANK/LI/25/0077,MTL250713,Matale,Ambanganga Korale,2025-08-18,Aluthwela,E380B,හපුගස්පිටිය,මප/නා/හපුගස්පිටිය දෙමළ විද්‍යාලය,,2025-10-01 00:00:00,0001-01-01,,,,,,7.5500867,80.657165
Ground Subsidence,GS,NBRO/LRRMD-MTR/MTR/KAMBUR/LI/15/0005,MTR150005,Matara,Kamburupitiya,2015-05-22,Kamburupitiya,330,"මාර/කඹුරුපිටිය මහා විද්‍යාලය,කඹුරුපිටිය.","මාර/කඹුරුපිටිය මහා විද්‍යාලය,කඹුරුපිටිය.",,2015-05-22 00:00:00,0001-01-01,,,,,,6.079933,80.5656
Ground Subsidence,GS,NBRO/LRRMD-MTR/MTR/MULATI/LI/18/0004,MTR180004,Matara,Mulatiyana,2018-05-18,Mudaligedara,299C,"අංක 323/ඒ11, උස්සන්ගොඩහේන, රන්සෑගොඩ","අංක 323/ඒ11, උස්සන්ගොඩහේන, රන්සෑගොඩ",,2018-05-18 00:00:00,2017-05-25 00:00:00,,අධික තිව්‍රතාවයකින් යුත් වර්ෂාව,,,,6.12687,80.55418
Ground Subsidence,GS,NBRO/LRRMD-MTR/MTR/PASGOD/LI/19/0011,MTR190011,Matara,Pasgoda,2019-09-20,Batandura South,251E,"නව නම්මානය, බටාදුර","නව නම්මානය, බටාදුර",,2020-03-17 00:00:00,2019-07-18 00:00:00,,,,,,6.32026,80.56822
Ground Subsidence,GS,NBRO/LRRMD-MTR/MTR/AKURES/LI/19/0114,MTR190209,Matara,Akuressa,2019-09-30,Akuressa,360,"උඩුමුල්ල කඩේ, මැලැව්ව, අකුරැස්ස","උඩුමුල්ල කඩේ, මැලැව්ව, අකුරැස්ස",,2020-05-11 00:00:00,0001-01-01,,,,,,6.07829,80.47607
Ground Subsidence,GS,NBRO/LRRMD-MTR/MTR/KOTAPO/LI/20/0086,MTR200180,Matara,Kotapola,2020-11-19,Bateyaya,241C,"නිශ්ශංක වැලි වත්ත, බටේයාය","නිශ්ශංක වැලි වත්ත, බටේයාය",,2020-11-19 00:00:00,2020-10-20 00:00:00,,අධික තිව්‍රතාවයකින් යුක්ත වු වර් ෂාව,,,,6.35584,80.55135
Ground Subsidence,GS,NBRO/LRRMD-MTR/MTR/PITABE/LI/20/0148,MTR200251,Matara,Pitabeddara,2020-11-06,Kalubovitiyana,259,"සිරි සෙවන , අබේවෙල පාර, කළුබෝවියන","සිරි සෙවන , අබේවෙල පාර, කළුබෝවියන",,2020-02-18 00:00:00,2020-07-20 00:00:00,,-,,,,6.31418,80.40007
Ground Subsidence,GS,NBRO/LRRMD-MTR/MTR/MULATI/LI/20/0223,MTR200324,Matara,Mulatiyana,2020-01-09,Ransegoda East,301C,"මුණසිංහගෙවත්ත, රන්සෑගොඩ - නැගෙනහිර, මාකඳුර","මුණසිංහගෙවත්ත, රන්සෑගොඩ - නැගෙනහිර, මාකඳුර",,2020-01-09 00:00:00,2019-10-29 00:00:00,,ගංවතුර තත්ත්වයන්ට ලක්වන ස්ථානයක් බැවින්  නිවස ඉදිකිරීමේදී ගොඩකරන ලද පස් තැන්පතුව සේදීයාමට ලක්,,,,6.125333,80.5593
Ground Subsidence,GS,NBRO/LRRMD-MTR/MTR/KOTAPO/LI/21/0048,MTR210049,Matara,Kotapola,2021-04-28,Pallegama South,241B,"කොන්ගස්වත්ත, පල්ලෙගම, දෙනියාය","කොන්ගස්වත්ත, පල්ලෙගම, දෙනියාය",,2021-05-25 00:00:00,2021-03-25 00:00:00,,අධික වර්ෂාපතනය,,,,6.33343,80.53447
Ground Subsidence,GS,NBRO/LRRMD-MTR/MTR/MATAFG/LI/21/0173,MTR210205,Matara,Matara Four Gravets,2021-09-03,Thalpavila North,430A,"බතලවත්ත, තල්පාවිල","බතලවත්ත, තල්පාවිල",,2021-09-03 00:00:00,2021-07-27 00:00:00,,"නිවසේ ඉදිකිරීම් වල පවතින දෝෂයන්, නිවස පැරණිවීම",,,,5.95497,80.59103
Ground Subsidence,GS,NBRO/LRRMD-MTR/MTR/ATHURA/LI/21/0227,MTR210323,Matara,Athuraliya,2021-07-13,Balakawala,310B,"කළුකන්දගොඩවත්ත, පිනිදිය ගෙදර, බලකාවල","කළුකන්දගොඩවත්ත, පිනිදිය ගෙදර, බලකාවල",,2021-07-20 00:00:00,0001-01-01,,-,,,,6.08673,80.49389
Ground Subsidence,GS,NBRO/LRRMD-MTR/MTR/WELIPI/LI/22/0177,MTR220005,Matara,Welipitiya,2022-07-12,Warakapitiya South,399B,Warakapitiya,"Puwakwatta, Warakapitiya",Matara-Akuressa Road  Godagama junction Sulthanagoda Road  Sulthanagoda junction Warakapitiya Road  3   km  Right hand side  Graval  road,2022-07-12 00:00:00,2022-07-11 00:00:00,11:00,Graphite mine,-,-,-,5.98922,80.48579
Ground Subsidence,GS,NBRO/LRRMD-MTR/MTR/PITABE/LI/22/0012,MTR220027,Matara,Pitabeddara,2022-01-03,Kotagala,266,"සිරිසෙවන, කොටගල, පිටබැද්දර","සිරිසෙවන, කොටගල, පිටබැද්දර",,2022-02-07 00:00:00,0001-01-01,,නිවසේ පැලීම් නිර්මාණය වීම,,,,6.19424,80.49029
Ground Subsidence,GS,NBRO/LRRMD-MTR/MTR/PITABE/LI/22/0013,MTR220028,Matara,Pitabeddara,2022-03-01,Weliwa,262A,"නලින් ස්ටෝර්ස් අසල, බටහේන, වැලිව, මොරවක","නලින් ස්ටෝර්ස් අසල, බටහේන, වැලිව, මොරවක",,2021-11-17 00:00:00,2021-11-13 00:00:00,,පැරණි කැණිමක් විධිමත් පරිදි වසා නොදැමීම,,,,6.25965,80.49779
Ground Subsidence,GS,NBRO/LRRMD-MTR/MTR/KAMBUR/LI/22/0049,MTR220064,Matara,Kamburupitiya,2022-03-08,Karagoda Uyangoda 1 Atha West,317,"ඇඹරැල්ලාව, රජහල්ගොඩ, කරගොඩ, උයන්ගොඩ",,,2021-12-14 00:00:00,2021-12-12 00:00:00,,,,,,6.05134,80.51307
Ground Subsidence,GS,NBRO/LRRMD-MTR/MTR/MATAFG/LI/22/0117,MTR220138,Matara,Matara Four Gravets,2022-04-25,Ruwan Ella,428A,"සිරිමාවත, පීල්ලදොලහේන, රුවන්ඇල්ල, නාවිමන, මාතර","සිරිමාවත, පීල්ලදොලහේන, රුවන්ඇල්ල, නාවිමන, මාතර",,2022-04-25 00:00:00,2021-01-01 00:00:00,,බෑවුම මත ගොඩකරන ලද පස් තැන්පතුව ප්‍රසාරණය වීම,,,,5.97005,80.57601
Ground Subsidence,GS,NBRO/LRRMD-MTR/MTR/MATAFG/LI/22/0122,MTR220143,Matara,Matara Four Gravets,2022-05-19,Kanattegoda South,423,"පරණවත්ත, කනත්තගොඩ, මාතර","පරණවත්ත, කනත්තගොඩ, මාතර",,2022-05-19 00:00:00,2019-05-13 00:00:00,,නිවසේ ඊසාන දිශාවේ පිහිටි ගොඩකරන ලද පස් තැන්පතුව ආශ්‍රිතව සම්මත ක්‍රමවේදයන්ට අනුව ඉදිකිරීම් සි,,,,5.95383,80.50788
Ground Subsidence,GS,NBRO/LRRMD-MTR/MTR/DICKWE/LI/23/0817,MTR240441,Matara,Dickwella,2023-10-10,Suduwella,440A,"87/1 , මහගොඩැල්ල, සුදුවැල්ල, කෝට්ටෙගොඩ",,,0001-01-01,0001-01-01,,,,,,5.94595,80.64079
Ground Subsidence,GS,NBRO/LRRMD-MTR/MTR/DEVINU/LI/24/0433,MTR240569,Matara,Devinuwara,2024-11-08,Devinuwara North,432,"පොල්පිතිය, හැලවත්ත, දෙවිනුවර","පොල්පිතිය, හැලවත්ත, දෙවිනුවර",දෙවිනුවර නගරයෙන් තල්පාවිල පාරේ ප්‍රාදේශීය ලේකම් කාර්යාලය පසුකර සණස බැංකුව ඉදිරිපසින් දකුණු ප,2024-12-04 00:00:00,2023-10-12 00:00:00,,"අධික වර්ෂාපතනය, අවිධිමත් පෘෂ්ටීය ජලවහන රටාවන් පැවතීම.",,,,5.93481,80.59275
Ground Subsidence,GS,NBRO/LRRMD-MTR/MTR/THIHAG/LI/25/0009,MTR250016,Matara,Thihagoda,2025-01-10,Galbada,333A,"ශාන්ත, ගල්බඩ, තිහගොඩ","ශාන්ත, ගල්බඩ, තිහගොඩ",මාතර-හක්මන පාරේ කපුදුව හන්දියෙන් හැරී සොල්දර කඩේ හන්දිය පසුකර ගමන් ගන්නා විට අදාල නිවස හමුවේ.,2024-03-18 00:00:00,2023-10-18 00:00:00,,"අධික තීව්‍රරතාවයකින් යුක්ත වූ වර්ෂාපතනය, අවිධිමත් භූ පරිහරණ රටාවන් පැවතීම, මතුපිට පාංශු ස්ථරයේ",,,,5.99997,80.58072
Ground Subsidence,GS,NBRO/LRRMD-BDL/MON/BIBILE/LI/20/0008,MON200008,Moneragala,Bibile,2020-07-06,Mudiyala,98B,"මුදියල, කොටගම","මුදියල, කොටගම",,2020-09-08,0001-01-01,,,,,,7.1172209,81.2075814
Ground Subsidence,GS,NBRO/LRRMD-BDL/MON/MADULL/LI/20/0014,MON200014,Moneragala,Madulla,2020-06-03,Deliwa,116,"5 කණුව, දැලිව, රුවල්වෙල, දඹගල්ල","5 කණුව, දැලිව, රුවල්වෙල, දඹගල්ල",,2020-08-27,0001-01-01,,,,,,7.044206,81.391976
Ground Subsidence,GS,NBRO/LRRMD-BDL/MON/BADALK/LI/20/0020,MON200020,Moneragala,Badalkumbura,2020-01-03,Gedavila,134D,"නෑමි ඇල්ල, ගැඩවිල.","නෑමි ඇල්ල, ගැඩවිල.",,2020-03-05,0001-01-01,,,,,,6.932125,81.215646
Ground Subsidence,GS,NBRO/LRRMD-BDL/MON/BUTTAL/LI/21/0001,MON210001,Moneragala,Buttala,2021-12-06,Mahagodayaya,140/2,"Namandiya, Buttala","Namandiya, Buttala",,2022-01-04,2021-11-26 00:00:00,,Rain,,,,6.77555,81.263344
Ground Subsidence,GS,NBRO/LRRMD-BDL/MON/MONERA/LI/21/0011,MON210011,Moneragala,Moneragala,2021-03-08,Marawa,125A,"ඉත්තෑකටුව, මාරාව, මොනරාගල","ඉත්තෑකටුව, මාරාව, මොනරාගල",,2020-10-23,0001-01-01,,•2019 වර්ෂයේ අගභාගයේ අධික වර්ෂා සමයේ,,,,6.781168,81.40578
Ground Subsidence,GS,NBRO/LRRMD-BDL/MON/BUTTAL/LI/22/0007,MON220008,Moneragala,Buttala,2022-01-03,Mahagodayaya,140/2,"මොණරාගල පාර, නාමණ්ඩිය, බුත්තල","මොණරාගල පාර, නාමණ්ඩිය, බුත්තල",,2022-01-04,0001-01-01,,වර්ෂාව,,,,6.77555,81.263344
Ground Subsidence,GS,NBRO/LRRMD-BDL/MON/BADALK/LI/23/0012,MON230015,Moneragala,Badalkumbura,2023-12-10,Ankada,135C,"පහළවෙල, වරාදොළ - ගමේවෙල","පහළවෙල, වරාදොළ - ගමේවෙල",,2023-12-12,2023-12-07 00:00:00,,,,,,6.910908,81.191218
Ground Subsidence,GS,NBRO/LRRMD-BDL/MON/WELLAW/LI/23/0013,MON230016,Moneragala,Wellawaya,2023-12-01,Randeniya,153A,"රන්දෙණිය, රණවරාව, වැල්ලවාය","රන්දෙණිය, රණවරාව, වැල්ලවාය",ඇල්ල - වැල්ලවාය මාර්ගයේ ගමන්කර රණවරාව ප්‍රදේශයෙන් රන්දෙණිය ග්‍රාමයට ඇති ප්‍රවේශ මාර්ගයේ ගමන් ක,2023-12-18,0001-01-01,,අධික වර්ෂාපතනය,,,,6.796119,81.1006109
Ground Subsidence,GS,NBRO/LRRMD-BDL/MON/BUTTAL/LI/24/0021,MON240024,Moneragala,Buttala,2024-02-12,Medagama,142,"ඔක්කම්පිටිය පාර, වැලිමටුල්ල, බුත්තල","ඔක්කම්පිටිය පාර, වැලිමටුල්ල, බුත්තල",,2024-03-05,0001-01-01,,-,,,,6.751762,81.2592166
Ground Subsidence,GS,NBRO/LRRMD-BDL/MON/WELLAW/LI/24/0029,MON240035,Moneragala,Wellawaya,2024-07-03,Kurugama,153,"කුරුගම,ඌව කරඳගොල්ල,ඇල්ල","කුරුගම,ඌව කරඳගොල්ල,ඇල්ල",,2024-06-20,0001-01-01,,,,,,6.797267,81.078085
Ground Subsidence,GS,NBRO/LRRMD-NWE/NWE/HANGUR/LI/18/0013,NWE180020,Nuwara Eliya,Hanguranketha,2018-11-01,Handawalapitiya,499A,පී.පී.ජී. පොඩි අප්පුහාමි,,,2018-12-03,0001-01-01,,,,,,7.13261524,80.728685
Ground Subsidence,GS,NBRO/LRRMD-NWE/NWE/WALAPA/LI/18/0049,NWE180059,Nuwara Eliya,Walapane,2018-08-07,Kurupanawela,530,කුරුපනාවෙල ප්‍රාථමික වෛද්‍ය ඒකකය,කුරුපනාවෙල ප්‍රාථමික වෛද්‍ය ඒකකය,,2019-02-08,0001-01-01,,,,,,7.01432111,80.9150331
Ground Subsidence,GS,NBRO/LRRMD-NWE/NWE/HANGUR/LI/18/0059,NWE180069,Nuwara Eliya,Hanguranketha,2018-10-17,Handawalapitiya,499A,"වරාකලවිට, හඳවලපිටිය","වරාකලවිට, හඳවලපිටිය",,2018-12-03,0001-01-01,,,,,,7.13261524,80.728685
Ground Subsidence,GS,NBRO/LRRMD-NWE/NWE/AMBAGA/LI/18/0105,NWE180115,Nuwara Eliya,Ambagamuwa,2018-06-13,Minuwandeniya,318C,"පිටකන්ද, හිටිගේගම",,,2018-07-19,0001-01-01,,,,,,6.954726,80.445451
Ground Subsidence,GS,NBRO/LRRMD-NWE/NWE/AMBAGA/LI/18/0117,NWE180127,Nuwara Eliya,Ambagamuwa,2018-09-06,Hatton East,319E,අවිස්සාවේල්ල - හැටන් - නුවරඑළිය (A007) මාර්ගයේ බෝක්කු අංක 66/4 අසල මාර්ගය ගිලා බැසීම,,අවිස්සාවේල්ල - හැටන් - නුවරඑළිය මාර්ගයේ නුවරඑළියේ සිට කි.මි. 48 පමණ ගමන්ගත් විට අදාල ස්ථානයට ලගාවි,2018-09-08,0001-01-01,,,,,,6.9230206,80.5568756
Ground Subsidence,GS,NBRO/LRRMD-NWE/NWE/NUWARE/LI/19/0116,NWE190149,Nuwara Eliya,Nuwara Eliya,2019-06-14,Hawaeliya East,535H,දිස්ත්‍රික් සෞඛ්‍ය සේවා අධ්‍යක්ෂ කාර්යාලය,,,2019-06-21,0001-01-01,,,,,,6.9720757333,80.780507242
Ground Subsidence,GS,NBRO/LRRMD-NWE/NWE/KOTHMA/LI/19/0189,NWE190334,Nuwara Eliya,Kothmale,2019-08-02,Thelissagala,460I,"හුණුගල්ඔය අංක 02, පහළ කොටසේ හෙණවල",,තවලන්තැන්න - නාවලපිටිය මාර්ගයේ ගමන් කර ගොඩමඩිත්ත නව තිස්පනේ මාර්ගයේ ගමන් කිරීමෙන් මෙම ස්ථානයට,2019-07-30,0001-01-01,,,,,,7.030545,80.593277
Ground Subsidence,GS,NBRO/LRRMD-NWE/NWE/AMBAGA/LI/20/0019,NWE200011,Nuwara Eliya,Ambagamuwa,2020-09-17,Rosella,320E,අවිස්සාවේල්ල -හැටන් (A007) මාර්ගයේ බෝක්කු අංක 66/4 දරණ ස්ථානය,අවිස්සාවේල්ල -හැටන් (A007) මාර්ගයේ බෝක්කු අංක 66/4 දරණ ස්ථානය,,2021-10-19,0001-01-01,,,,,,6.922906,80.556961
Ground Subsidence,GS,NBRO/LRRMD-NWE/NWE/HANGUR/LI/20/0074,NWE200079,Nuwara Eliya,Hanguranketha,2020-09-25,Madumana,501C,"යටිහාගම, හේවාහැට",,,2019-09-02,0001-01-01,,,,,,7.1171450195,80.76796749
Ground Subsidence,GS,NBRO/LRRMD-NWE/NWE/WALAPA/LI/20/0109,NWE200117,Nuwara Eliya,Walapane,2020-02-10,Rambuke,517C,"ඩබ්ලිව්.ආර්.එම්. සෝමපාල, නිලදණ්ඩාහින්න.",,,2020-02-20,0001-01-01,,,,,,7.0851815,80.88934
Ground Subsidence,GS,NBRO/LRRMD-NWE/NWE/NUWARE/LI/20/0358,NWE200486,Nuwara Eliya,Nuwara Eliya,2020-10-17,Kotagala,475,"ඒ.සත්‍යසීලන්, වූටන්, කොටගල","ඒ.සත්‍යසීලන්, වූටන්, කොටගල",නුවරඑළියේ සිට හැටන් මාර්ගයේ කොටගලට පැමිණ කොටගල පන්සල අසලින් වමට ඇති මාර්ගයේ කිලෝමීටරයක් පමණ ගම,2021-04-22,0001-01-01,,,,,,6.926518,80.606622
Ground Subsidence,GS,NBRO/LRRMD-NWE/NWE/NUWARE/LI/21/0003,NWE210003,Nuwara Eliya,Nuwara Eliya,2021-12-16,Hawaeliya West,535F,"පොලිස් පටුමග, නුවරඑළිය.","පොලිස් පටුමග, නුවරඑළිය.",නුවරඑළිය නගරයේ සිට නුවරඑළිය දිස්ත්‍රික් මහ ලේකම් කාර්යාලය අසලින් පිහිටා ඇති පොලිස් පටුමගේ මීට,2021-12-21,2021-09-20 00:00:00,,පරීක්ෂාවට ලක්කළ භූ අභ්‍යන්තරයේ පිහිටි මැටි තට්ටුවේ සංඝාටන තැම්පත්වීම් (consolidation settlements) හේතුවෙන් මෙම,-,-,-,6.9748893,80.7685748
Ground Subsidence,GS,NBRO/LRRMD-NWE/NWE/KOTHMA/LI/21/0128,NWE210118,Nuwara Eliya,Kothmale,2021-01-19,Mallanda,460F,"31/5, මල්ලන්ද පාර, නාවලපිටිය","31/5, මල්ලන්ද පාර, නාවලපිටිය",,2021-02-15,0001-01-01,,,,,,7.062881,80.541206
Ground Subsidence,GS,NBRO/LRRMD-NWE/NWE/KOTHMA/LI/21/0129,NWE210119,Nuwara Eliya,Kothmale,2021-11-17,Nawangama,464,"නවංගම, හැදුණුවැව, හැටන්","නවංගම, හැදුණුවැව, හැටන්",,2021-11-11,2021-08-14 00:00:00,,,,,,7.057226,80.647796
Ground Subsidence,GS,NBRO/LRRMD-NWE/NWE/HANGUR/LI/22/0095,NWE220100,Nuwara Eliya,Hanguranketha,2022-01-18,Dunukebedda,508A,"දුනුකේබැද්ද, මතුරට","දුනුකේබැද්ද, මතුරට",නුවරඑළිය - වලපනේ ප්‍රධාන මාර්ගයේ ගමන්කොට පදියපැලැල්ල නගරය පසු කර මතුරට දෙසට ඇති මාර්ගයේ කිලෝමී,2022-04-28,0001-01-01,,,,,,7.072401666082,80.799713367
Ground Subsidence,GS,NBRO/LRRMD-NWE/NWE/KOTHMA/LI/22/0287,NWE220424,Nuwara Eliya,Kothmale,2022-08-08,Kothmalgama,474G,"කොත්මල් ගම, කටුකිතුල","අංක 135/1 කොත්මල්ගම, ක‍ටුකිතුල",නුවර එළිය - මහනුවර ප්‍රධාන මාර්ගයෙන් හෙල්බොඩ උසාවිය ආසන්නයෙන් කොත්මල්ගම දෙසට ඇති අතුරු මාර්ගයේ,2022-08-08,2022-08-02 00:00:00,,අධික වර්ෂාපතනය ඇද හැලීම හේතුවෙන් කණ්ඩිය අස්ථාවර වී ඇත.,,,,7.08283,80.659489
Ground Subsidence,GS,NBRO/LRRMD-NWE/NWE/AMBAGA/LI/22/0128,NWE220437,Nuwara Eliya,Ambagamuwa,2022-08-05,Hatton North,319B,"දික්ඔය පාර, ගාමිණීපුර හැටන්","දික්ඔය පාර, ගාමිණීපුර හැටන්",හැටන් තැපැල් කාර්යාලය පිහිටි ස්ථානයේ සිට දික් ඔය දෙසට මීටර 500ක පමණ දුරක් ගමන් කිරීමේදී ප්‍රධාන ම,2022-08-09,0001-01-01,,,,,,6.887811,80.60006
Ground Subsidence,GS,NBRO/LRRMD-NWE/NWE/AMBAGA/LI/22/0330,NWE220578,Nuwara Eliya,Ambagamuwa,2022-08-26,Hatton North,319B,"නො 66, එම්. ආර් ටවුන්, හැටන්","නො 66, එම්. ආර් ටවුන්, හැටන්",හැටන් තැපැල් කාර්යාලය පිහිටි ස්ථානයේ සිට දික් ඔය දෙසට මීටර 50ක පමණ දුරක් ගමන් කිරීමේදී ප්‍රධාන ම,2022-09-09,0001-01-01,,,,,,6.887548,80.59929
Ground Subsidence,GS,NBRO/LRRMD-NWE/NWE/WALAPA/LI/24/0164,NWE240485,Nuwara Eliya,Walapane,2024-08-24,Napatawela,505,"අතුරුවල, පදියපැලැල්ල","අතුරුවල, පදියපැලැල්ල",වලපනේ - පදියපැලැල්ල මාර්ගයේ ගමන්කරන විට ප්‍රධාන මාර්ගයෙන් වම්පසට හමුවන ගලබොඩ හංදියෙන් හැරී අඹග,2024-07-26,0001-01-01,,,,,,7.099327,80.806635
Ground Subsidence,GS,NBRO/LRRMD-NWE/NWE/HANGUR/LI/24/0176,NWE240615,Nuwara Eliya,Hanguranketha,2024-10-17,Wadawala,479,"අංක 84, වදවල, කරඳගොල්ල","අංක 84, වදවල, කරඳගොල්ල",වලපනේ නගරයේ සිට රිකිල්ලගස්කඩ වෙත දිවෙන මාර්ගය ඔස්සේ කරඳගොල්ල තැපැල් කාර්යාලය අසලට පැමිනි විට ම,2024-08-06,0001-01-01,,,,,,7.12739,80.791617
Ground Subsidence,GS,NBRO/LRRMD-NWE/NWE/KOTHMA/LI/25/0017,NWE250289,Nuwara Eliya,Kothmale,2025-01-09,Dunsinane,468N,"ක්ෂේත්‍ර අංක 1VP, කර්මාන්තශාලා කොටස, ඩන්සිනන් වත්ත",,පූඩලුඔය සිට ඩන්සිනන් වත්ත වෙත ගමන්කිරීමට ඇති මාර්ගයේ කි.මි. 5ක් පමන ගමන්කර මෙම ස්ථානයට ලගා විය හැ,2024-12-14,0001-01-01,,,,,,7.006649,80.697286
Ground Subsidence,GS,NBRO/LRRMD-NWE/NWE/HANGUR/LI/25/0031,NWE250333,Nuwara Eliya,Hanguranketha,2025-02-14,Hakuruthale,488A,"බොධිගොල්ල, වැව අසළ",,නුවරඑළිය නගරයේ සිට නුවරඑළිය උඩුපුස්සැල්ලාව මාර්ගයේ කිලෝමීටර 18.7ක් පමණ ගමන් කළ විට මහනුවර-රාගල ම,2025-03-11,0001-01-01,,,,,,7.197883,80.795777
Ground Subsidence,GS,NBRO/LRRMD-NWE/NWE/NUWARE/LI/25/0067,NWE250576,Nuwara Eliya,Nuwara Eliya,2025-07-16,Pedro,534H,"පීඩෘෘ වත්ත, ලවර්ස්ලීප් කොටස, බොරලන්ද",,නුවරඑලිය - උඩුපුස්සැල්ලාව මාර්ගයේ නුවරඑලිය නගරයේ සිට ගමන්කරන විට හමුවන බොරලන්ද නගරයේ සිට මීටර 50,2025-07-17,0001-01-01,,,,,,6.970129,80.789379
Ground Subsidence,GS,NBRO/LRRMD-NWE/NWE/KOTHMA/LI/25/0073,NWE250606,Nuwara Eliya,Kothmale,2025-01-30,Ramboda,474,"පහළ කඩවිදිය, රම්බොඩ",,රම්බොඩ බිම්-ගෙය පසුකර මහනුවර දෙසට මීටර 100ක් පමන ගමන් කරන විට වම් අත දෙසින් කොත්මලේ දෙසට ගමන් කිරී,2024-11-29,0001-01-01,,,,,,7.057375,80.697525
Ground Subsidence,GS,NBRO/LRRMD-NWE/NWE/AMBAGA/LI/25/0110,NWE250729,Nuwara Eliya,Ambagamuwa,2025-06-10,Wanarajah,319J,"මාණික්කවත්ත පේළි නිවාස අංක 07, 01 කොටස, දික්ඔය",,,2025-10-18,0001-01-01,,,,,,6.868654,80.612095
Ground Subsidence,GS,NBRO/LRRMD-NWE/NWE/NORWD/LI/25/0112,NWE250731,Nuwara Eliya,Ambagamuwa,2025-06-10,Newvalleygama,319H,,,හැටන් - බොගවන්තලාව මාර්ගයේ නෝර්වුඩ් වටරවුමට අසළින් මාර්ගයේ වම් පසින් පවතින මාර්ගයේ කිලෝමීටර 3ක,2025-09-18,0001-01-01,,,,,,6.836762,80.62116
Ground Subsidence,GS,NBRO/LRRMD-NWE/NWE/AMBAGA/LI/25/0123,NWE250773,Nuwara Eliya,Ambagamuwa,2025-03-28,Theeniyagala,315,"ඇල්ලඋඩ - ගිනිගත්හේන මාර්ගය, කොබ්බෑගල අසළ",,ගිනිගත්හේන නගරයෙන් පවතින ඇල්ලඋඩ මාර්ගයේ කිලෝමීටර 2.5ක් පමණ ගමන් කිරීමේදී කොබ්බෑගල ගම අසළ මාර්ගය,2025-09-29,0001-01-01,,,,,,6.96928,80.498
Ground Subsidence,GS,NBRO/LRRMD-NWE/NWE/AMBAGA/LI/25/0131,NWE250781,Nuwara Eliya,Ambagamuwa,2025-10-02,Kirkoswald,319G,"මරේ වත්ත, පහළ කොටස, බගවන්තලාව",.,හැටන් - බොගවන්තලාව මාර්ගයේ පවතින ටින්සින් නගරයෙන් වමට පවතින මොරාර් වත්ත පහළ කොටසට ඇති මාර්ගයේ ක,2025-10-16,0001-01-01,,,,,,6.813582,80.666819
Ground Subsidence,GS,NBRO/LRRMD-NWE/NWE/AMBAGA/LI/25/0151,NWE250854,Nuwara Eliya,Ambagamuwa,2025-06-11,Norwood,320,"නෝර්වුඩ් වත්ත, පහළ කොටස, පේළි නිවාස අංක 16",,,2025-10-13,0001-01-01,,,,,,6.839989,80.609779
Ground Subsidence,GS,NBRO/LRRMD-NWE/NWE/KOTHMA/LI/25/0162,NWE250896,Nuwara Eliya,Kothmale,2025-10-28,Dombagasthalawa,465H,"දොඹගස්තලාව ජනපදය, රොජසන්ගම",,,2025-09-25,0001-01-01,,,,,,7.031487,80.629077
Ground Subsidence,GS,NBRO/LRRMD-RTP/RTP/IMBULP/LI/17/0008,RTP170009,Ratnapura,Imbulpe,2017-08-29,Kattadikanda,266D,වලේබොඩ ගම්මානය,වලේබොඩ ගම්මානය,,2017-09-05 00:00:00,0001-01-01,,,,,,6.7274,80.640083
Ground Subsidence,GS,NBRO/LRRMD-RTP/RTP/GODAKA/LI/18/0001,RTP180001,Ratnapura,Godakawela,2018-07-18,Rakwana South,231C,"අලුත් පාර ගොඩ,දෙනියාය පාර,රක්වාන",,,2022-04-26 00:00:00,0001-01-01,,,,,,6.469965,80.602913
Ground Subsidence,GS,NBRO/LRRMD-RTP/RTP/KOLONN/LI/18/0013,RTP180014,Ratnapura,Kolonna,2018-11-02,Dambemada,208B,"119/B/1, දොඹේමඩ, හල්වින්න, ගොඩකවෙල","119/B/1, දොඹේමඩ, හල්වින්න, ගොඩකවෙල",,2022-08-31 00:00:00,0001-01-01,,,,,,6.427606,80.710227
Ground Subsidence,GS,NBRO/LRRMD-RTP/RTP/ELAPAT/LI/19/0059,RTP190059,Ratnapura,Elapatha,2019-11-19,Weragama,184A,"අළුපත්ගල, උඩනිරිඇල්ල","අළුපත්ගල, උඩනිරිඇල්ල",පලාවෙල - කෙහෙල්ඕවිටිගම මාර්ගයේ කෙහෙල්ඕවිටිගම දෙසට ගමන් කළ විට හමුවන අළුපත්ගල මාර්ගයේ කිලෝමීටර,2021-11-30 00:00:00,2019-02-20 00:00:00,,,,,,6.670566,80.323967
Ground Subsidence,GS,NBRO/LRRMD-RTP/RTP/PELMAD/LI/19/0073,RTP190073,Ratnapura,Pelmadulla,2019-06-26,Morathota,169,"වෙනිවැල්පිටිය පාර, මොරතොට, පැල්මඩුල්ල",,,2021-10-05 00:00:00,0001-01-01,,,,,,6.61222,80.58417
Ground Subsidence,GS,NBRO/LRRMD-RTP/RTP/EHELIY/LI/19/0093,RTP190093,Ratnapura,Eheliyagoda,2019-10-09,Kiriporuwa,142,"124/E, කිරිපෝරුව, ඇරෑපොල, ඇහැලියගොඩ","124/E, කිරිපෝරුව, ඇරෑපොල, ඇහැලියගොඩ",රත්නපුර - කොළඹ මාර්ගයේ නැදුරණ හන්දියෙන් හැරී ඉඩංගොඩ මාර්ගයේ ගමන් කර ඇරෑපොල හතරමං හන්දියෙන් දකු,2021-10-18 00:00:00,2019-06-20 00:00:00,,,,,,6.814486,80.231078
Ground Subsidence,GS,NBRO/LRRMD-RTP/RTP/KURUVI/LI/19/0094,RTP190094,Ratnapura,Kuruvita,2019-06-26,Kahengama West,154D,"අඹගහදෙණිය, බ/කාහේන්ගම, හිදැල්ලන","අඹගහදෙණිය, බ/කාහේන්ගම, හිදැල්ලන",රත්නපුර සිට කුරුවිට දක්වා ගමන් කරන විට හමුවන ඒදණ්ඩවල හංදියෙන් වමට ඇති ඒදණ්ඩවල මාර්ගයේ කිලෝමීටර,2021-10-27 00:00:00,2019-06-18 00:00:00,,,,,,6.740783,80.361623
Ground Subsidence,GS,NBRO/LRRMD-RTP/RTP/KOLONN/LI/19/0149,RTP190148,Ratnapura,Kolonna,2019-11-24,Buthkanda,205A,"කිරිමැටිපොළ, බුත්කන්ද","කිරිමැටිපොළ, බුත්කන්ද",,2019-12-03 00:00:00,0001-01-01,,,,,,6.39063,80.66144
Ground Subsidence,GS,NBRO/LRRMD-RTP/RTP/BALANG/LI/19/0154,RTP190153,Ratnapura,Balangoda,2019-12-10,Horaketiya,266E,NBRO/LRRMD/RT/LI20/BAL/10,NBRO/LRRMD/RT/LI20/BAL/10,,0001-01-01,0001-01-01,,,,,,6.6253747,80.6628946
Ground Subsidence,GS,NBRO/LRRMD-RTP/RTP/OPANAY/LI/19/0157,RTP190156,Ratnapura,Opanayaka,2019-11-22,Dandeniya,243A,"මධුරංග රණවිර, ලින්තොටවෙල, දන්දෙණිය,   ඕපනායක","මධුරංග රණවිර, ලින්තොටවෙල, දන්දෙණිය,   ඕපනායක",,2019-10-30 00:00:00,0001-01-01,,,,,,6.5815122,80.6948715
Ground Subsidence,GS,NBRO/LRRMD-RTP/RTP/IMBULP/LI/19/0161,RTP190160,Ratnapura,Imbulpe,2019-11-08,Pinnawala,268A,"කේ.ඩබ්ලිව්. ලලිත් කුලසිරි, පුදුකාඩුව ඉහළ කොටස,පින්නවල, බළන්ගොඩ","කේ.ඩබ්ලිව්. ලලිත් කුලසිරි, පුදුකාඩුව ඉහළ කොටස,පින්නවල, බළන්ගොඩ",,2019-12-09 00:00:00,0001-01-01,,,,,,6.735203,80.679713
Ground Subsidence,GS,NBRO/LRRMD-RTP/RTP/RATNAP/LI/19/0211,RTP190210,Ratnapura,Ratnapura,2019-08-05,New Town,153A,ජාතික ජලසම්පාදන හා ජලාපවාහන මණ්ඩලයේ නිළ නිවසක්,ජාතික ජලසම්පාදන හා ජලාපවාහන මණ්ඩලයේ නිළ නිවසක්,,2019-08-22 00:00:00,0001-01-01,,,,,,6.7136042,80.3820913
Ground Subsidence,GS,NBRO/LRRMD-RTP/RTP/RATNAP/LI/19/0213,RTP190212,Ratnapura,Ratnapura,2019-09-02,Kospelavinna,153D,"කැකුණ මුකලාන, කොස්පැලවින්න","කැකුණ මුකලාන, කොස්පැලවින්න",,2019-09-18 00:00:00,0001-01-01,,,,,,6.703418,80.3937029
Ground Subsidence,GS,NBRO/LRRMD-RTP/RTP/EHELIY/LI/20/0012,RTP200013,Ratnapura,Eheliyagoda,2020-09-11,Sirisamanpura,143E,"145, තැන්නහේන, සිරිසමන්පුර, දනාගල, කරඳන",,,2021-12-08 00:00:00,0001-01-01,,,,,,6.80207,80.2287445
Ground Subsidence,GS,NBRO/LRRMD-RTP/RTP/PELMAD/LI/20/0014,RTP200015,Ratnapura,Pelmadulla,2020-12-07,Rilhena,167C,"සමඟි මාවත, රිල්හේන, පැල්මඩුල්ල",,,2022-02-02 00:00:00,0001-01-01,,,,,,6.628108,80.528625
Ground Subsidence,GS,NBRO/LRRMD-RTP/RTP/PELMAD/LI/20/0015,RTP200016,Ratnapura,Pelmadulla,2020-12-06,Rilhena,167C,"254/25, පන්සල පාර, රිල්හේන, පැල්මඩුල්ල",,,2022-02-20 00:00:00,0001-01-01,,,,,,6.629401,80.534448
Ground Subsidence,GS,NBRO/LRRMD-RTP/RTP/ELAPAT/LI/20/0028,RTP200030,Ratnapura,Elapatha,2020-07-06,Weragama,184A,"අක්කර 40, අළුපත්ගල, උඩනිරිඇල්ල",,,2021-12-08 00:00:00,0001-01-01,,,,,,6.671943,80.321538
Ground Subsidence,GS,NBRO/LRRMD-RTP/RTP/PELMAD/LI/20/0087,RTP200089,Ratnapura,Pelmadulla,2020-02-17,Morathota,169,"සුරංග ස්ටෝර්ස්, මොරතොට, පැල්මඩුල්ල",,,2021-10-05 00:00:00,0001-01-01,,,,,,6.61171,80.58342
Ground Subsidence,GS,NBRO/LRRMD-RTP/RTP/PELMAD/LI/20/0094,RTP200096,Ratnapura,Pelmadulla,2020-09-22,Panawenna,170,"නො. 21, නීලගම, කහවත්ත",,,2021-10-12 00:00:00,0001-01-01,,,,,,6.59962,80.57892
Ground Subsidence,GS,NBRO/LRRMD-RTP/RTP/PELMAD/LI/20/0095,RTP200097,Ratnapura,Pelmadulla,2020-07-20,Panawenna,170,"නො. 455/43, නින්දවත්ත පාර, පනාවැන්න",,,2021-10-12 00:00:00,0001-01-01,,,,,,6.60018,80.55793
Ground Subsidence,GS,NBRO/LRRMD-RTP/RTP/PELMAD/LI/20/0099,RTP200101,Ratnapura,Pelmadulla,2020-05-05,Gallinna,179C,"නො: 1/46/බී, පොල්ගහතැන්න, කැටන්දොල, රත්නපුර",,,2021-10-22 00:00:00,0001-01-01,,,,,,6.66105,80.43994
Ground Subsidence,GS,NBRO/LRRMD-RTP/RTP/PELMAD/LI/20/0102,RTP200104,Ratnapura,Pelmadulla,2020-10-05,Kattange,169A,"නො. 154/B, දාන්දාව, කට්ටන්ගේ, කහවත්ත",,,2021-10-21 00:00:00,0001-01-01,,,,,,6.59054,80.6028
Ground Subsidence,GS,NBRO/LRRMD-RTP/RTP/EHELIY/LI/20/0108,RTP200110,Ratnapura,Eheliyagoda,2020-09-16,Getahetta,137C,"80/B, මුරුතැන්ගල, ගැටහැත්ත","80/B, මුරුතැන්ගල, ගැටහැත්ත",රත්නපුර සිට අවිස්සාවේල්ල දක්වා ගමන් කරන විට හමුවන ගැටහැත්ත හන්දියෙන් කරඳන මාර්ගයට පිවිස එම මාර,2021-10-14 00:00:00,2019-10-24 00:00:00,,,,,,6.8997366,80.21772
Ground Subsidence,GS,NBRO/LRRMD-RTP/RTP/OPANAY/LI/20/0178,RTP200180,Ratnapura,Opanayaka,2020-12-15,Udawela,246A,"විජිත ප්‍රියදර්ශනාරාමය, මකුල්ලින්න, උඩවෙල, ඕපනායක",,,2021-08-10 00:00:00,0001-01-01,,,,,,6.60776,80.63891
Ground Subsidence,GS,NBRO/LRRMD-RTP/RTP/RATNAP/LI/20/0204,RTP200206,Ratnapura,Ratnapura,2020-11-25,Bambarabotuwa,164A,"රැවුලාදොල, වේවැල්වත්ත, රත්නපුර",,,2021-06-28 00:00:00,0001-01-01,,,,,,6.70022,80.5622
Ground Subsidence,GS,NBRO/LRRMD-RTP/RTP/OPANAY/LI/20/0252,RTP200254,Ratnapura,Opanayaka,2020-05-03,Malmeekanda,244B,"සුදුහීන්කන්ද ගම, මල්මීකන්ද, ඕපනායක","සුදුහීන්කන්ද ගම, මල්මීකන්ද, ඕපනායක",,2020-05-20 00:00:00,0001-01-01,,,,,,6.63941,80.60901
Ground Subsidence,GS,NBRO/LRRMD-RTP/RTP/RATNAP/LI/20/0256,RTP200258,Ratnapura,Ratnapura,2020-05-03,Ratnapura Town West,152F,"ජෙෂ්ඨ පොලිස්පති නිල නිවස, තනායම පාර, රත්නපුර","ජෙෂ්ඨ පොලිස්පති නිල නිවස, තනායම පාර, රත්නපුර",,2020-05-19 00:00:00,0001-01-01,,,,,,6.683281,80.405365
Ground Subsidence,GS,NBRO/LRRMD-RTP/RTP/RATNAP/LI/20/0257,RTP200259,Ratnapura,Ratnapura,2020-05-04,Alupola,165B,"උතුරකන්ද, බටේවෙල, වේවැල්වත්ත","උතුරකන්ද, බටේවෙල, වේවැල්වත්ත",,2020-05-21 00:00:00,0001-01-01,,,,,,6.69201,80.553225
Ground Subsidence,GS,NBRO/LRRMD-RTP/RTP/EMBILI/LI/20/0259,RTP200261,Ratnapura,Embilipitiya,2020-01-12,Sudugala,212A,"දිවුල්ගහවත්ත, සුදුගල ,පනාමුරේ","දිවුල්ගහවත්ත, සුදුගල ,පනාමුරේ",,2020-01-29 00:00:00,0001-01-01,,,,,,6.318684,80.763556
Ground Subsidence,GS,NBRO/LRRMD-RTP/RTP/PELMAD/LI/20/0260,RTP200262,Ratnapura,Pelmadulla,2020-01-05,Pelmadulla Town,168A,"වලව්වත්ත, පැල්මඩුල්ල","වලව්වත්ත, පැල්මඩුල්ල",,2020-01-22 00:00:00,0001-01-01,,,,,,6.6227097,80.54205384
Ground Subsidence,GS,NBRO/LRRMD-RTP/RTP/BALANG/LI/20/0261,RTP200263,Ratnapura,Balangoda,2020-05-10,Horaketiya,266E,"ටිල්බරි වත්ත, හොරකැටිය, බලංගොඩ","ටිල්බරි වත්ත, හොරකැටිය, බලංගොඩ",,2020-05-26 00:00:00,0001-01-01,,,,,,6.626493,80.666869
Ground Subsidence,GS,NBRO/LRRMD-RTP/RTP/OPANAY/LI/20/0264,RTP200266,Ratnapura,Opanayaka,2020-05-10,Malmeekanda,244B,"හල්දොලකන්ද, දුනුකරගොඩ, ඕපනායක","හල්දොලකන්ද, දුනුකරගොඩ, ඕපනායක",,2020-05-25 00:00:00,0001-01-01,,,,,,6.634968,80.616394
Ground Subsidence,GS,NBRO/LRRMD-RTP/RTP/KIRIEL/LI/20/0265,RTP200267,Ratnapura,Kiriella,2020-05-24,Munasinhapura,145C,"මුණසිංහපුර, එපිටවල, කිරිඇල්ල","මුණසිංහපුර, එපිටවල, කිරිඇල්ල",,2020-06-03 00:00:00,0001-01-01,,,,,,6.7471419,80.2370254
Ground Subsidence,GS,NBRO/LRRMD-RTP/RTP/NIVITH/LI/20/0266,RTP200268,Ratnapura,Nivithigala,2020-05-27,Kiribathgala,175A,"නො.555, වටාපත, නිවිතිගල","නො.555, වටාපත, නිවිතිගල",,2020-05-16 00:00:00,0001-01-01,,,,,,6.59201,80.50515
Ground Subsidence,GS,NBRO/LRRMD-RTP/RTP/NIVITH/LI/20/0267,RTP200269,Ratnapura,Nivithigala,2020-05-27,Kiribathgala,175A,"M.P. චතුරංග ලක්මාල් , තැපැල්   කාර්යාලය අසල, වටාපොත","M.P. චතුරංග ලක්මාල් , තැපැල්   කාර්යාලය අසල, වටාපොත",,2020-06-16 00:00:00,0001-01-01,,,,,,6.59145,80.50617
Ground Subsidence,GS,NBRO/LRRMD-RTP/RTP/RATNAP/LI/20/0276,RTP200278,Ratnapura,Ratnapura,2020-06-07,Kolandagala,181A,"1/D,පතුල්පාන,ලෙල්ලෝපිටිය,රත්නපුර","1/D,පතුල්පාන,ලෙල්ලෝපිටිය,රත්නපුර",,2020-06-18 00:00:00,0001-01-01,,,,,,6.6637,80.45638
Ground Subsidence,GS,NBRO/LRRMD-RTP/RTP/RATNAP/LI/20/0279,RTP200281,Ratnapura,Ratnapura,2020-06-21,Thiriwanketiya,181B,"523/13, තිරිවානකැටිය, රත්නපුර","523/13, තිරිවානකැටිය, රත්නපුර",,2020-07-07 00:00:00,0001-01-01,,,,,,6.667699,80.429023
Ground Subsidence,GS,NBRO/LRRMD-RTP/RTP/OPANAY/LI/20/0281,RTP200283,Ratnapura,Opanayaka,2020-05-03,Madola,246,"මාදොළ, ඕපනායක","මාදොළ, ඕපනායක",,2020-05-23 00:00:00,0001-01-01,,,,,,6.6212205,80.649843
Ground Subsidence,GS,NBRO/LRRMD-RTP/RTP/OPANAY/LI/20/0282,RTP200284,Ratnapura,Opanayaka,2020-06-21,Meegahawela,245A,"වරාකැටිය,කන්දේ විහාර පාර, ඕපනායක","වරාකැටිය,කන්දේ විහාර පාර, ඕපනායක",,2020-07-09 00:00:00,0001-01-01,,,,,,6.625316,80.627172
Ground Subsidence,GS,NBRO/LRRMD-RTP/RTP/OPANAY/LI/20/0283,RTP200285,Ratnapura,Opanayaka,2020-06-21,Pelendakanda,246B,"මාදොළ, ඕපනායක","මාදොළ, ඕපනායක",,2020-07-09 00:00:00,0001-01-01,,,,,,6.616982,80.644721
Ground Subsidence,GS,NBRO/LRRMD-RTP/RTP/PELMAD/LI/20/0286,RTP200288,Ratnapura,Pelmadulla,2020-06-21,Godagama,171B,"දෙනවල පාර, ගොඩගම, පාතකඩ, පැල්මඩුල්ල","දෙනවල පාර, ගොඩගම, පාතකඩ, පැල්මඩුල්ල",,2020-07-06 00:00:00,0001-01-01,,,,,,6.645032,80.515224
Ground Subsidence,GS,NBRO/LRRMD-RTP/RTP/PELMAD/LI/20/0287,RTP200289,Ratnapura,Pelmadulla,2020-06-21,Sannasgama,171A,"පලුගම්පොල මාර්ගය, නවගම්මනය, සන්නස්ගම, පැල්මඩුල්ල","පලුගම්පොල මාර්ගය, නවගම්මනය, සන්නස්ගම, පැල්මඩුල්ල",,2020-07-06 00:00:00,0001-01-01,,,,,,6.644336,80.496654
Ground Subsidence,GS,NBRO/LRRMD-RTP/RTP/PELMAD/LI/20/0288,RTP200290,Ratnapura,Pelmadulla,2020-05-24,Sannasgama,171A,"පලුගම්පොල මාර්ගය, නවගම්මනය, සන්නස්ගම, පැල්මඩුල්ල","පලුගම්පොල මාර්ගය, නවගම්මනය, සන්නස්ගම, පැල්මඩුල්ල",,2020-07-06 00:00:00,0001-01-01,,,,,,6.644883,80.496782
Ground Subsidence,GS,NBRO/LRRMD-RTP/RTP/PELMAD/LI/20/0289,RTP200291,Ratnapura,Pelmadulla,2020-06-21,Sannasgama,171A,"පලුගම්පොල මාර්ගය, නවගම්මනය, සන්නස්ගම, පැල්මඩුල්ල","පලුගම්පොල මාර්ගය, නවගම්මනය, සන්නස්ගම, පැල්මඩුල්ල",,2020-07-06 00:00:00,0001-01-01,,,,,,6.644175,80.496686
Ground Subsidence,GS,NBRO/LRRMD-RTP/RTP/BALANG/LI/20/0290,RTP200292,Ratnapura,Balangoda,2020-05-10,Ampitiyawatta,254B,"හොරකැටිය, බලංගොඩ","හොරකැටිය, බලංගොඩ",,0001-01-01,0001-01-01,,,,,,6.66078,80.66931
Ground Subsidence,GS,NBRO/LRRMD-RTP/RTP/BALANG/LI/20/0291,RTP200293,Ratnapura,Balangoda,2020-05-10,Ampitiyawatta,254B,"උදගම්මැද්ද, මස්සැන්න, බලන්ගොඩ","උදගම්මැද්ද, මස්සැන්න, බලන්ගොඩ",,2020-05-24 00:00:00,0001-01-01,,,,,,6.66042,80.67466
Ground Subsidence,GS,NBRO/LRRMD-RTP/RTP/BALANG/LI/20/0292,RTP200294,Ratnapura,Balangoda,2020-05-10,Ampitiyawatta,254B,"පල්ලදෙනිය, මස්සැන්න, බලන්ගොඩ","පල්ලදෙනිය, මස්සැන්න, බලන්ගොඩ",,0001-01-01,0001-01-01,,,,,,6.65953,80.6722
Ground Subsidence,GS,NBRO/LRRMD-RTP/RTP/KALAWA/LI/20/0295,RTP200297,Ratnapura,Kalawana,2020-06-08,Kodippilikanda,195E,"කොඩිප්පිලිකන්ද පාසල අසල, කොඩිප්පිලිකන්ද, කලවාන","කොඩිප්පිලිකන්ද පාසල අසල, කොඩිප්පිලිකන්ද, කලවාන",,2020-06-22 00:00:00,0001-01-01,,,,,,6.436538,80.405102
Ground Subsidence,GS,NBRO/LRRMD-RTP/RTP/KALAWA/LI/20/0298,RTP200300,Ratnapura,Kalawana,2020-06-09,Kudawa,198B,"බුත්කන්ද, කුඩව","බුත්කන්ද, කුඩව",,2020-06-22 00:00:00,0001-01-01,,,,,,6.456561,80.408287
Ground Subsidence,GS,NBRO/LRRMD-RTP/RTP/KALAWA/LI/20/0299,RTP200301,Ratnapura,Kalawana,2020-05-11,Kukulegama North,195,"අක්කර 7,මැදහේන,නිකගොඩ, කලවාන","අක්කර 7,මැදහේන,නිකගොඩ, කලවාන",,0001-01-01,0001-01-01,,,,,,6.54199,80.36712
Ground Subsidence,GS,NBRO/LRRMD-RTP/RTP/KAHAWA/LI/20/0306,RTP200308,Ratnapura,Kahawatta,2020-07-14,Kalalella,228,"K. W. සෝමරත්න, මොරන්දොල, දෙමුවාත, රක්වාන","K. W. සෝමරත්න, මොරන්දොල, දෙමුවාත, රක්වාන",,2020-07-28 00:00:00,0001-01-01,,,,,,6.508382,80.574816
Ground Subsidence,GS,NBRO/LRRMD-RTP/RTP/KAHAWA/LI/20/0307,RTP200309,Ratnapura,Kahawatta,2020-07-03,Madalagama Colony,227C,"N. M. ප්‍රේමසිරි, නාවල කන්ද, මද්‍යම ජනපදය, කහවත්ත","N. M. ප්‍රේමසිරි, නාවල කන්ද, මද්‍යම ජනපදය, කහවත්ත",,2020-07-28 00:00:00,0001-01-01,,,,,,6.538257,80.533622
Ground Subsidence,GS,NBRO/LRRMD-RTP/RTP/KAHAWA/LI/20/0308,RTP200310,Ratnapura,Kahawatta,2020-07-14,Miyanavita West,226F,"P. ජයරත්න, ශ්‍රී ගොඩකුඹුර, ඇන්දාන, කහවත්ත","P. ජයරත්න, ශ්‍රී ගොඩකුඹුර, ඇන්දාන, කහවත්ත",,2020-07-24 00:00:00,0001-01-01,,,,,,6.509789,80.519401
Ground Subsidence,GS,NBRO/LRRMD-RTP/RTP/KAHAWA/LI/20/0309,RTP200311,Ratnapura,Kahawatta,2020-07-08,Kalalella,228,"R. මාරප්පන්, මොරන්දොල, දෙමුවාත, රක්වාන","R. මාරප්පන්, මොරන්දොල, දෙමුවාත, රක්වාන",,2020-07-28 00:00:00,0001-01-01,,,,,,6.50725,80.57751
Ground Subsidence,GS,NBRO/LRRMD-RTP/RTP/KAHAWA/LI/20/0310,RTP200312,Ratnapura,Kahawatta,2020-07-09,Miyanavita West,226F,"S. A. R. ගාමිණී, කොහොඹ කන්ද, බටයාය, කහවත්ත","S. A. R. ගාමිණී, කොහොඹ කන්ද, බටයාය, කහවත්ත",,2020-07-24 00:00:00,0001-01-01,,,,,,6.5004,80.527906
Ground Subsidence,GS,NBRO/LRRMD-RTP/RTP/NIVITH/LI/20/0314,RTP200316,Ratnapura,Nivithigala,2020-07-13,Kolombugama,176C,"ඉහලකන්ද, කොළඹගම","ඉහලකන්ද, කොළඹගම",,2020-07-31 00:00:00,0001-01-01,,,,,,6.5588156,80.4989034
Ground Subsidence,GS,NBRO/LRRMD-RTP/RTP/NIVITH/LI/20/0315,RTP200317,Ratnapura,Nivithigala,2020-08-03,Thuttiripitiya,174C,"තිත්පොළ,හේන්යාය,තුත්තිරිපිටිය,නිවිතිගල","තිත්පොළ,හේන්යාය,තුත්තිරිපිටිය,නිවිතිගල",,2020-08-20 00:00:00,0001-01-01,,,,,,6.59456117,80.4876944
Ground Subsidence,GS,NBRO/LRRMD-RTP/RTP/RATNAP/LI/20/0323,RTP200325,Ratnapura,Ratnapura,2020-06-17,Gileemale South,163,"සමන්සිරිගම,රත්ගඟ හන්දිය, රත්නපුර","සමන්සිරිගම,රත්ගඟ හන්දිය, රත්නපුර",,2020-06-30 00:00:00,0001-01-01,,,,,,6.745114,80.447243
Ground Subsidence,GS,NBRO/LRRMD-RTP/RTP/RATNAP/LI/20/0324,RTP200326,Ratnapura,Ratnapura,2020-06-03,Kolandagala,181A,"13/B, පැල්වාඩිය, රත්නපුර","13/B, පැල්වාඩිය, රත්නපුර",,2020-06-18 00:00:00,0001-01-01,,,,,,6.663625,80.448912
Ground Subsidence,GS,NBRO/LRRMD-RTP/RTP/KAHAWA/LI/20/0325,RTP200327,Ratnapura,Kahawatta,2020-07-06,Miyanavita West,226F,"P. කුමාරගේ, ශ්‍රී ගොඩකුඹුර, ඇන්දාන, කහවත්ත","P. කුමාරගේ, ශ්‍රී ගොඩකුඹුර, ඇන්දාන, කහවත්ත",,2020-07-24 00:00:00,0001-01-01,,,,,,6.512113,80.51759
Ground Subsidence,GS,NBRO/LRRMD-RTP/RTP/BALANG/LI/20/0326,RTP200328,Ratnapura,Balangoda,2020-05-04,Horaketiya,266E,"I. W. හෙන්දිරිස්සිඤ්ඤො සුනිල් ස්ටෝර්ස් බාරේ, හෙට්ටිහෙල, හොරකැටිය, බලංගොඩ","I. W. හෙන්දිරිස්සිඤ්ඤො සුනිල් ස්ටෝර්ස් බාරේ, හෙට්ටිහෙල, හොරකැටිය, බලංගොඩ",,2020-05-21 00:00:00,0001-01-01,,,,,,6.631127,80.660589
Ground Subsidence,GS,NBRO/LRRMD-RTP/RTP/NIVITH/LI/20/0329,RTP200331,Ratnapura,Nivithigala,2020-10-04,Doloswalakanda,176B,"භාරතී විද්‍යාලය, දොළොස්වලවත්ත, රබර් කොටස, නිවිතිගල","භාරතී විද්‍යාලය, දොළොස්වලවත්ත, රබර් කොටස, නිවිතිගල",,2020-10-22 00:00:00,0001-01-01,,,,,,6.5620999,80.46835827
Ground Subsidence,GS,NBRO/LRRMD-RTP/RTP/RATNAP/LI/20/0333,RTP200335,Ratnapura,Ratnapura,2020-10-01,Heenberenduwa,165E,"දික්කැකිල්ල මාර්ගය,හීන් බැරණ්ඩුව, ලෙල්ලෝපිටිය","දික්කැකිල්ල මාර්ගය,හීන් බැරණ්ඩුව, ලෙල්ලෝපිටිය",,2020-10-19 00:00:00,0001-01-01,,,,,,6.6860916,80.49114849
Ground Subsidence,GS,NBRO/LRRMD-RTP/RTP/GODAKA/LI/20/0334,RTP200336,Ratnapura,Godakawela,2020-09-07,Rakwana Town,231B,"නො.8,පනාගොඩ, රක්වාන","නො.8,පනාගොඩ, රක්වාන",,2020-09-24 00:00:00,0001-01-01,,,,,,6.471722,80.613167
Ground Subsidence,GS,NBRO/LRRMD-RTP/RTP/RATNAP/LI/20/0339,RTP200341,Ratnapura,Ratnapura,2020-10-26,Samagipura,182C,සමගිපුර,සමගිපුර,,2020-11-09 00:00:00,0001-01-01,,,,,,6.673475,80.3911583
Ground Subsidence,GS,NBRO/LRRMD-RTP/RTP/RATNAP/LI/20/0340,RTP200342,Ratnapura,Ratnapura,2020-10-01,Samagipura,182C,සමගිපුර,සමගිපුර,,2020-10-15 00:00:00,0001-01-01,,,,,,6.673427,80.388761
Ground Subsidence,GS,NBRO/LRRMD-RTP/RTP/RATNAP/LI/20/0341,RTP200343,Ratnapura,Ratnapura,2020-11-01,New Town,153A,"658/12, තැන්නවත්ත පාර, ෆාම්ගඩ්න්, රත්නපුර","658/12, තැන්නවත්ත පාර, ෆාම්ගඩ්න්, රත්නපුර",,2020-11-17 00:00:00,0001-01-01,,,,,,6.704236,80.38983
Ground Subsidence,GS,NBRO/LRRMD-RTP/RTP/RATNAP/LI/20/0342,RTP200344,Ratnapura,Ratnapura,2020-05-24,Malwala,163A,"B. නිශාන්ති රණවීර, දන්දෙනිය, මල්වල","B. නිශාන්ති රණවීර, දන්දෙනිය, මල්වල",,2020-06-04 00:00:00,0001-01-01,,,,,,6.707344,80.425389
Ground Subsidence,GS,NBRO/LRRMD-RTP/RTP/RATNAP/LI/20/0343,RTP200345,Ratnapura,Ratnapura,2020-11-09,Alupola,165B,"උඩපාර,වේවැල්වත්ත,රත්නපුර","උඩපාර,වේවැල්වත්ත,රත්නපුර",,2020-11-27 00:00:00,0001-01-01,,,,,,6.70881,80.56042
Ground Subsidence,GS,NBRO/LRRMD-RTP/RTP/BALANG/LI/20/0345,RTP200347,Ratnapura,Balangoda,2020-11-01,Thumbagoda,256C,"132,සදුන්ගම,තුබගොඩ, බලංගොඩ","132,සදුන්ගම,තුබගොඩ, බලංගොඩ",,2020-11-17 00:00:00,0001-01-01,,,,,,6.66093,80.69968
Ground Subsidence,GS,NBRO/LRRMD-RTP/RTP/BALANG/LI/20/0350,RTP200352,Ratnapura,Balangoda,2020-11-01,Kirindigala,256B,"වැලිහරනාව, කිරිඳිගල, බලංගොඩ","වැලිහරනාව, කිරිඳිගල, බලංගොඩ",,2020-11-17 00:00:00,0001-01-01,,,,,,6.66105,80.70667
Ground Subsidence,GS,NBRO/LRRMD-RTP/RTP/PELMAD/LI/21/0097,RTP210094,Ratnapura,Pelmadulla,2021-04-23,Pelmadullagama,168B,"ඉද්දමල්ගොඩ, පැල්මඩුල්ල",,,2022-02-22 00:00:00,0001-01-01,,,,,,6.624179,80.5514927
Ground Subsidence,GS,NBRO/LRRMD-RTP/RTP/PELMAD/LI/21/0104,RTP210101,Ratnapura,Pelmadulla,2021-11-23,Godagama,171B,"ගොඩගම , පැල්මඩුල්ල",,,2022-02-20 00:00:00,0001-01-01,,,,,,6.642604,80.5161857
Ground Subsidence,GS,NBRO/LRRMD-RTP/RTP/PELMAD/LI/21/0105,RTP210102,Ratnapura,Pelmadulla,2021-03-01,Rilhena,167C,"රිල්හේන කොටස, රිල්හේන වත්ත, පැල්මඩුල්ල",,,2022-02-22 00:00:00,0001-01-01,,,,,,6.625376,80.520708
Ground Subsidence,GS,NBRO/LRRMD-RTP/RTP/RATNAP/LI/21/0109,RTP210106,Ratnapura,Ratnapura,2021-11-12,Batewela,165,"සෙව්වන්දි පෙර පාසල, බටේවල , රත්නපුර",,,2022-02-11 00:00:00,0001-01-01,,,,,,6.686458,80.551039
Ground Subsidence,GS,NBRO/LRRMD-RTP/RTP/ELAPAT/LI/21/0114,RTP210111,Ratnapura,Elapatha,2021-02-02,Dellabada,188,"දෙල්ලබඩ දකුණ, කරංගොඩ, රත්නපුර",,,2022-02-18 00:00:00,0001-01-01,,,,,,6.6624883,80.35454
Ground Subsidence,GS,NBRO/LRRMD-RTP/RTP/ELAPAT/LI/21/0115,RTP210112,Ratnapura,Elapatha,2021-12-02,Dellabada,188,"දෙල්ලබඩ දකුණ, කරංගොඩ, රත්නපුර",,,2021-12-02 00:00:00,0001-01-01,,,,,,6.663482,80.351492
Ground Subsidence,GS,NBRO/LRRMD-RTP/RTP/ELAPAT/LI/21/0116,RTP210113,Ratnapura,Elapatha,2021-08-17,Dambuluwana,189,"දම්බුළුවන, ඇලපාත",,,2022-02-25 00:00:00,0001-01-01,,,,,,6.7099016,80.3345366
Ground Subsidence,GS,NBRO/LRRMD-RTP/RTP/PELMAD/LI/21/0148,RTP210145,Ratnapura,Pelmadulla,2021-07-26,Ganegama,167,"අංක 59/1, මැදකෑල්ල, ගනේගම, පැල්මඩුල්ල",,,2022-03-09 00:00:00,0001-01-01,,,,,,6.63371,80.52718
Ground Subsidence,GS,NBRO/LRRMD-RTP/RTP/PELMAD/LI/21/0149,RTP210146,Ratnapura,Pelmadulla,2021-12-02,Panawenna,170,"අංක 3/3/3, නීලගම පාර, කහවත්ත",,,2022-03-09 00:00:00,0001-01-01,,,,,,6.58726,80.57188
Ground Subsidence,GS,NBRO/LRRMD-RTP/RTP/KIRIEL/LI/21/0166,RTP210163,Ratnapura,Kiriella,2021-07-22,Munasinhapura,145C,"අංක 558/B, “චාමර”, මුණසිංහපුර, කිරිඇල්ල",,,2022-03-24 00:00:00,0001-01-01,,,,,,6.747488,80.2366066
Ground Subsidence,GS,NBRO/LRRMD-RTP/RTP/KIRIEL/LI/21/0167,RTP210164,Ratnapura,Kiriella,2021-05-04,Munasinhapura,145C,"වන්නිආරච්චි ස්ටෝර්ස්, මුණසිංහපුර, එපිටවල, කිරිඇල්ල",,,2022-03-24 00:00:00,0001-01-01,,,,,,6.73913,80.2365966
Ground Subsidence,GS,NBRO/LRRMD-RTP/RTP/OPANAY/LI/21/0173,RTP210170,Ratnapura,Opanayaka,2021-08-03,Hunuwala North,244,"අංක 244, උතුරු හුණුවල, ඕපනායක",,,2022-03-21 00:00:00,0001-01-01,,,,,,6.608787,80.605705
Ground Subsidence,GS,NBRO/LRRMD-RTP/RTP/EHELIY/LI/21/0187,RTP210184,Ratnapura,Eheliyagoda,2021-11-16,Paleegala,141B,"ර/පලීගල විද්‍යාලය ,ඇහැලියගොඩ",,,2022-04-21 00:00:00,0001-01-01,,,,,,6.8431566,80.2411099
Ground Subsidence,GS,NBRO/LRRMD-RTP/RTP/EHELIY/LI/21/0206,RTP210203,Ratnapura,Eheliyagoda,2021-05-06,Mitipola,142B,"337/1, පන්සල පාර, මිටිපොල, ඇහැලියගොඩ",,,2022-04-25 00:00:00,0001-01-01,,,,,,6.82686166,80.226015
Ground Subsidence,GS,NBRO/LRRMD-RTP/RTP/KIRIEL/LI/21/0256,RTP210253,Ratnapura,Kiriella,2021-07-02,Munasinhapura,145C,"දිවුල්පත් හේන්යාය, මුණසිංහපුර, කිරිඇල්ල",,,2021-12-13 00:00:00,0001-01-01,,,,,,6.7444698,80.2360174
Ground Subsidence,GS,NBRO/LRRMD-RTP/RTP/PELMAD/LI/21/0262,RTP210259,Ratnapura,Pelmadulla,2021-11-03,Kuttapitiya,166,"නො. 69/B, පිටදෙනිය, නාරංගොඩ, පැල්මඩුල්ල",,,2021-12-04 00:00:00,0001-01-01,,,,,,6.6363,80.54389
Ground Subsidence,GS,NBRO/LRRMD-RTP/RTP/NIVITH/LI/21/0323,RTP210320,Ratnapura,Nivithigala,2021-11-09,Kiribathgala,175A,"හේන්යාය, පැරණි දුම්රිය පොල පාර,වටාපොත, නිවිතිගල",,,2021-11-04 00:00:00,0001-01-01,,,,,,6.588247,80.508401
Ground Subsidence,GS,NBRO/LRRMD-RTP/RTP/KIRIEL/LI/21/0403,RTP210400,Ratnapura,Kiriella,2021-06-03,Munasinhapura,145C,"මුණසිංහපුර, ඇල්ලගාව, කිරිඇල්ල",,,2021-06-14 00:00:00,0001-01-01,,,,,,6.74507,80.23778
Ground Subsidence,GS,NBRO/LRRMD-RTP/RTP/KURUVI/LI/21/0435,RTP210432,Ratnapura,Kuruvita,2021-06-04,Pohorabawa,148,"ගොරකලන්ද වත්ත, පොහොරබාව, පරකඩුව","ගොරකලන්ද වත්ත, පොහොරබාව, පරකඩුව","ගොරකලන්ද වත්ත, පොහොරබාව, පරකඩුව",2021-07-14 00:00:00,2021-05-08 00:00:00,,,,,,6.765363,80.278213
Ground Subsidence,GS,NBRO/LRRMD-RTP/RTP/EHELIY/LI/21/0498,RTP210495,Ratnapura,Eheliyagoda,2021-06-02,Uduwaka,138C,"උඩුවක, ඇහැලියගොඩ",,,2021-06-08 00:00:00,2021-06-02 00:00:00,,,,,,6.8669077,80.2162306
Ground Subsidence,GS,NBRO/LRRMD-RTP/RTP/EHELIY/LI/21/0501,RTP210498,Ratnapura,Eheliyagoda,2021-06-02,Paleegala,141B,"ගොරකයාවත්ත, පලීගල හා කොහිලකන්ද, පලීගල",,,2021-06-10 00:00:00,2021-06-02 00:00:00,,,,,,6.830068,80.2414239
Ground Subsidence,GS,NBRO/LRRMD-RTP/RTP/RATNAP/LI/21/0614,RTP210611,Ratnapura,Ratnapura,2021-11-12,Ethoya,182E,"නයිදොලමුල්ල, ඇත්ඔය, රත්නපුර","නයිදොලමුල්ල, ඇත්ඔය, රත්නපුර",,2022-05-05 00:00:00,2022-05-31 00:00:00,,,,,,6.652783,80.405545
Ground Subsidence,GS,NBRO/LRRMD-RTP/RTP/AYAGAM/LI/21/0619,RTP210616,Ratnapura,Ayagama,2021-12-24,Paragala,194,"පරගල, අයගම","පරගල, අයගම",,2022-08-04 00:00:00,0001-01-01,,,,,,6.606,80.33711
Ground Subsidence,GS,NBRO/LRRMD-RTP/RTP/BALANG/LI/21/0621,RTP210618,Ratnapura,Balangoda,2021-10-15,Thumbagoda,256C,"අංක L/13/D/A, චෙට්නොල් පාර, තුඹගොඩ බලංගොඩ","අංක L/13/D/A, චෙට්නොල් පාර, තුඹගොඩ බලංගොඩ",,2021-12-16 00:00:00,0001-01-01,,,,,,6.660516,80.702417
Ground Subsidence,GS,NBRO/LRRMD-RTP/RTP/KOLONN/LI/21/0622,RTP210619,Ratnapura,Kolonna,2021-01-01,Ranhotikanda,202A,"ඇල්ලබඩහේන, බුළුතොට","ඇල්ලබඩහේන, බුළුතොට",,2022-08-31 00:00:00,0001-01-01,,,,,,6.447717,80.640969
Ground Subsidence,GS,NBRO/LRRMD-RTP/RTP/KOLONN/LI/21/0623,RTP210620,Ratnapura,Kolonna,2021-01-01,Ranhotikanda,202A,"ඇල්ලබඩහේන, බුළුතොට","ඇල්ලබඩහේන, බුළුතොට",,2022-08-31 00:00:00,0001-01-01,,,,,,6.448414,80.64227
Ground Subsidence,GS,NBRO/LRRMD-RTP/RTP/KOLONN/LI/21/0624,RTP210621,Ratnapura,Kolonna,2021-01-01,Ranhotikanda,202A,"ඇල්ලබඩහේන, බුළුතොට","ඇල්ලබඩහේන, බුළුතොට",,2022-08-31 00:00:00,0001-01-01,,,,,,6.447171,80.641262
Ground Subsidence,GS,NBRO/LRRMD-RTP/RTP/KOLONN/LI/21/0625,RTP210622,Ratnapura,Kolonna,2021-01-01,Ranhotikanda,202A,"උඩවෙල, බුළුතොට","උඩවෙල, බුළුතොට",,2022-08-31 00:00:00,0001-01-01,,,,,,6.448517,80.642485
Ground Subsidence,GS,NBRO/LRRMD-RTP/RTP/KOLONN/LI/21/0626,RTP210623,Ratnapura,Kolonna,2021-01-01,Ranhotikanda,202A,"ඇල්ලබඩහේන, තලගහවත්ත","ඇල්ලබඩහේන, තලගහවත්ත",,2022-08-31 00:00:00,0001-01-01,,,,,,6.447136,80.640916
Ground Subsidence,GS,NBRO/LRRMD-RTP/RTP/KOLONN/LI/21/0630,RTP210627,Ratnapura,Kolonna,2021-01-01,Ranhotikanda,202A,"ඇල්ලබඩහේන, බුළුතොට","ඇල්ලබඩහේන, බුළුතොට",,2022-08-31 00:00:00,0001-01-01,,,,,,6.446005,80.6409033
Ground Subsidence,GS,NBRO/LRRMD-RTP/RTP/KOLONN/LI/21/0632,RTP210629,Ratnapura,Kolonna,2021-01-01,Ranhotikanda,202A,"ඇල්ලබඩහේන, තලගහවත්ත, බුළුතොට","ඇල්ලබඩහේන, තලගහවත්ත, බුළුතොට",,2022-08-31 00:00:00,0001-01-01,,,,,,6.4483033,80.6408166
Ground Subsidence,GS,NBRO/LRRMD-RTP/RTP/KOLONN/LI/21/0635,RTP210632,Ratnapura,Kolonna,2021-09-21,Kumburugamuwa,208,"තිඹිරිවින්න, හල්වින්න, ගොඩකවෙල","තිඹිරිවින්න, හල්වින්න, ගොඩකවෙල",,2022-08-31 00:00:00,0001-01-01,,,,,,6.719331,80.669854
Ground Subsidence,GS,NBRO/LRRMD-RTP/RTP/ELAPAT/LI/22/0042,RTP220173,Ratnapura,Elapatha,2022-02-25,Elapatha,185,"පාලම අසල, දම්මේ ඇලපාත, රත්නපුර",,,2022-02-25 00:00:00,0001-01-01,,,,,,6.65722,80.3625066
Ground Subsidence,GS,NBRO/LRRMD-RTP/RTP/ELAPAT/LI/22/0043,RTP220179,Ratnapura,Elapatha,2022-03-21,Magurugoda,183B,"(183/බී), මඟුරුගොඩ, රත්න හංගමුව, රත්නපුර",,,2022-03-25 00:00:00,0001-01-01,,,,,,6.624751,80.4002819
Ground Subsidence,GS,NBRO/LRRMD-RTP/RTP/IMBULP/LI/22/0050,RTP220196,Ratnapura,Imbulpe,2022-03-16,Rawanakanda,266B,"තෝරවෙලකන්ද, මෙගොඩ - වලේබොඩ, බලංගොඩ",,,2022-03-16 00:00:00,0001-01-01,,,,,,6.7366,80.60164
Ground Subsidence,GS,NBRO/LRRMD-RTP/RTP/KAHAWA/LI/22/0051,RTP220199,Ratnapura,Kahawatta,2022-03-02,Nambuluwa,228A,"ගල්කඩේ හේන්යාය, බුන්ගිරිය, කහවත්ත",,,2022-03-02 00:00:00,0001-01-01,,,,,,6.546944,80.561328
Ground Subsidence,GS,NBRO/LRRMD-RTP/RTP/KAHAWA/LI/22/0054,RTP220203,Ratnapura,Kahawatta,2022-03-02,Kalalella,228,,,,2022-03-15 00:00:00,0001-01-01,,,,,,6.51232,80.56997
Ground Subsidence,GS,NBRO/LRRMD-RTP/RTP/GODAKA/LI/22/0079,RTP220313,Ratnapura,Godakawela,2022-03-28,Rakwana South,231C,"පොතුපිටිය පාර,රක්වාන",,,2022-04-26 00:00:00,0001-01-01,,,,,,6.466717,80.599525
Ground Subsidence,GS,NBRO/LRRMD-RTP/RTP/KIRIEL/LI/22/0097,RTP220494,Ratnapura,Kiriella,2022-02-09,Handukanda,145D,"මෛත්‍රී වැඩිහිටි නිවාසය, කිරිඇල්ල",,,2022-03-02 00:00:00,0001-01-01,,,,,,6.7539933,80.26191
Ground Subsidence,GS,NBRO/LRRMD-RTP/RTP/RATNAP/LI/22/0106,RTP220514,Ratnapura,Ratnapura,2022-02-01,Gallella,164,"ගල්ලෑල්ල, රත්නපුර",,,2022-04-20 00:00:00,0001-01-01,,,,,,6.713426,80.494988
Ground Subsidence,GS,NBRO/LRRMD-RTP/RTP/RATNAP/LI/22/0108,RTP220528,Ratnapura,Ratnapura,2022-03-02,Meehitiya,163B,"මීහිටිය, මල්වල, රත්නපුර",,,2022-04-28 00:00:00,0001-01-01,,,,,,6.698867,80.427072
Ground Subsidence,GS,NBRO/LRRMD-RTP/RTP/KAHAWA/LI/22/0153,RTP220618,Ratnapura,Kahawatta,2022-05-25,Panapitiya South,226D,"දකුණු පනාපිටිය, කහවත්ත",,,2022-05-20 00:00:00,0001-01-01,,,,,,6.524185,80.5497949
Ground Subsidence,GS,NBRO/LRRMD-RTP/RTP/KOLONN/LI/22/0159,RTP220639,Ratnapura,Kolonna,2022-03-30,Buluthota,202,"කඩමුදුන කාමර 20, අලුත්කෑල්ල, සූරියකන්ද",,,2022-05-23 00:00:00,0001-01-01,,,,,,6.453184,80.446952
Ground Subsidence,GS,NBRO/LRRMD-RTP/RTP/NIVITH/LI/22/0163,RTP220643,Ratnapura,Nivithigala,2022-05-23,Kiribathgala,175A,"හේලන්දහේන, හල්දොළ, වටාපොත, නිවිතිගල",,,2022-05-19 00:00:00,2022-05-14 00:00:00,,,,,,6.599567,80.490238
Ground Subsidence,GS,NBRO/LRRMD-RTP/RTP/RATNAP/LI/22/0171,RTP220656,Ratnapura,Ratnapura,2022-04-18,Ethoya,182E,"18 A, ඉලුක්තැන්න, ඇත්ඔය, රත්නපුර",,,2022-05-05 00:00:00,2022-04-18 00:00:00,,,,,,6.656658,80.395347
Ground Subsidence,GS,NBRO/LRRMD-RTP/RTP/RATNAP/LI/22/0172,RTP220657,Ratnapura,Ratnapura,2022-04-18,Kospelavinna,153D,"මිල්ලගහවෙල, කොස්පැලවින්න, රත්නපුර",,,2022-05-26 00:00:00,0001-01-01,,,,,,6.70732,80.394182
Ground Subsidence,GS,NBRO/LRRMD-RTP/RTP/RATNAP/LI/22/0207,RTP220725,Ratnapura,Ratnapura,2022-05-25,Dewalegawa,151,"353/3/B, මෝදර, කහංගම, රත්නපුර",,,2022-05-10 00:00:00,0001-01-01,,,,,,6.695928,80.375107
Ground Subsidence,GS,NBRO/LRRMD-RTP/RTP/IMBULP/LI/22/0219,RTP220767,Ratnapura,Imbulpe,2022-05-24,Maddegama,269,"මද්දේගම, පින්නවල, රත්නපුර",,,2022-05-24 00:00:00,0001-01-01,,,,,,6.722799,80.693206
Ground Subsidence,GS,NBRO/LRRMD-RTP/RTP/RATNAP/LI/22/0226,RTP220786,Ratnapura,Ratnapura,2022-03-24,Ratnapura Town West,152F,"ර/ධර්මපාල මහා විද්‍යාලය, රත්නපුර",,,2022-06-27 00:00:00,0001-01-01,,,,,,6.681267,80.399873
Ground Subsidence,GS,NBRO/LRRMD-RTP/RTP/EHELIY/LI/22/0554,RTP221053,Ratnapura,Eheliyagoda,2022-09-07,Bopetta Didda,137E,"අංක 689/බී/1, බෝපැත්ත, ගැටහැත්ත.","අංක 703/බී/1, බෝපැත්ත, ගැටහැත්ත.",,2022-12-05 00:00:00,0001-01-01,,,,,,6.87567,80.25764166
Ground Subsidence,GS,NBRO/LRRMD-RTP/RTP/RATNAP/LI/22/0656,RTP221156,Ratnapura,Ratnapura,2022-05-19,Mudduwa East,182D,"අංක 80, සිසිල නිවස, ගැටන්ගම, රත්නපුර","අංක 80, සිසිල නිවස, ගැටන්ගම, රත්නපුර",,2022-07-22 00:00:00,2022-05-12 00:00:00,,,,,,6.672183,80.399319
Ground Subsidence,GS,NBRO/LRRMD-RTP/RTP/BALANG/LI/22/0664,RTP221164,Ratnapura,Balangoda,2022-08-03,Rassagala,265,"284/4/2, හල්වතුරකන්ද, රාස්සගල, බලංගොඩ","284/4/2, හල්වතුරකන්ද, රාස්සගල, බලංගොඩ",,2023-08-16 00:00:00,2022-08-01 00:00:00,,,,,,6.700713,80.610645
Ground Subsidence,GS,NBRO/LRRMD-RTP/RTP/EHELIY/LI/22/0666,RTP221166,Ratnapura,Eheliyagoda,2022-06-30,Meennana,137A,"460/C/1, තොරණකඩ, ඇහැලියගොඩ","460/C/1, තොරණකඩ, ඇහැලියගොඩ",,2022-08-17 00:00:00,0001-01-01,,,,,,6.882303,80.242208
Ground Subsidence,GS,NBRO/LRRMD-RTP/RTP/ELAPAT/LI/22/0667,RTP221167,Ratnapura,Elapatha,2022-08-14,Digana,184B,සේවා පියස කාර්යාලය,සේවා පියස කාර්යාලය,,2022-08-17 00:00:00,0001-01-01,,,,,,6.615569,80.368494
Ground Subsidence,GS,NBRO/LRRMD-RTP/RTP/KALAWA/LI/22/0676,RTP221176,Ratnapura,Kalawana,2022-05-18,Kukulegama South,195B,අංක 455 දරණ ඌරදෙණිය ගොඩහේන,අංක 455 දරණ ඌරදෙණිය ගොඩහේන,,2022-08-09 00:00:00,0001-01-01,,,,,,6.5134366,80.370325
Ground Subsidence,GS,NBRO/LRRMD-RTP/RTP/KALAWA/LI/22/0677,RTP221177,Ratnapura,Kalawana,2022-05-27,Thapassarakanda,196C,අ.ග.සි. 248 කැබලි අංක 499 දරණ ඉඩමේ,අ.ග.සි. 248 කැබලි අංක 499 දරණ ඉඩම,,2022-08-04 00:00:00,0001-01-01,,,,,,6.5347366,80.391765
Ground Subsidence,GS,NBRO/LRRMD-RTP/RTP/KALAWA/LI/22/0678,RTP221178,Ratnapura,Kalawana,2022-08-10,Thapassarakanda,196C,තපස්සරකන්ද ග්‍රාම නිලධාරී වසමේ කැරෑපන මාර්ගය,තපස්සරකන්ද ග්‍රාම නිලධාරී වසමේ කැරෑපන මාර්ගය,,2022-08-10 00:00:00,0001-01-01,,,,,,6.5301283,80.379681
Ground Subsidence,GS,NBRO/LRRMD-RTP/RTP/KOLONN/LI/22/0687,RTP221187,Ratnapura,Kolonna,2022-01-01,Ranhotikanda,202A,"රංහොටිකන්ද, කොලොන්න","රංහොටිකන්ද, කොලොන්න",,2022-08-31 00:00:00,0001-01-01,,,,,,6.447097,80.640844
Ground Subsidence,GS,NBRO/LRRMD-RTP/RTP/NIVITH/LI/22/0691,RTP221191,Ratnapura,Nivithigala,2022-08-10,Pahala Karavita,173,"පල්ලෙගම, බෝධිරාජාරාමය අසල, දිගාන කන්ද, රත්නපුර","පල්ලෙගම, බෝධිරාජාරාමය අසල, දිගාන කන්ද, රත්නපුර",,2022-08-10 00:00:00,2022-08-01 00:00:00,,,,,,6.6055933,80.387543
Ground Subsidence,GS,NBRO/LRRMD-RTP/RTP/PELMAD/LI/22/0694,RTP221194,Ratnapura,Pelmadulla,2022-07-14,Ganegama,167,"ර/ගන්කන්ද ජාතික පාසල, විද්‍යාල මාවත, පැල්මඩුල්ල","ර/ගන්කන්ද ජාතික පාසල, විද්‍යාල මාවත, පැල්මඩුල්ල",,2022-05-18 00:00:00,0001-01-01,,,,,,6.628173,80.540367
Ground Subsidence,GS,NBRO/LRRMD-RTP/RTP/PELMAD/LI/22/0695,RTP221195,Ratnapura,Pelmadulla,2022-08-01,Halpawala,170A,"39/A/5, පාලු පංගුව, හන්දුරුකන්ද, පැල්මඩුල්ල","39/A/5, පාලු පංගුව, හන්දුරුකන්ද, පැල්මඩුල්ල",,2022-08-04 00:00:00,0001-01-01,,,,,,6.601945,80.52600666
Ground Subsidence,GS,NBRO/LRRMD-RTP/RTP/RATNAP/LI/22/0708,RTP221209,Ratnapura,Ratnapura,2022-08-03,Gallella,164,"ගලබඩ රාජ්‍ය වතුයාය, ගලබඩ, රත්නපුර","ගලබඩ රාජ්‍ය වතුයාය, ගලබඩ, රත්නපුර",,2022-08-03 00:00:00,0001-01-01,,,,,,6.711644,80.486347
Ground Subsidence,GS,NBRO/LRRMD-RTP/RTP/RATNAP/LI/22/0716,RTP221217,Ratnapura,Ratnapura,2022-08-31,Mudduwa East,182D,"ගැටන්ගම, රත්නපුර","ගැටන්ගම, රත්නපුර",,2022-08-15 00:00:00,2022-08-08 00:00:00,,,,,,6.675587,80.392203
Ground Subsidence,GS,NBRO/LRRMD-RTP/RTP/AYAGAM/LI/22/0723,RTP221224,Ratnapura,Ayagama,2022-09-30,Galathura,190,ශ්‍රී වල්ලුර් දෙමළ මහා  විද්‍යාලය,ශ්‍රී වල්ලුර් දෙමළ මහා  විද්‍යාලය,,2022-08-30 00:00:00,0001-01-01,,,,,,6.704444,80.290779
Ground Subsidence,GS,NBRO/LRRMD-RTP/RTP/KOLONN/LI/22/0730,RTP221231,Ratnapura,Kolonna,2022-03-30,Buluthota,202,"එග්බර්ත් වත්තේ,අළුත්කෑල්ල පේලි නිවාස","එග්බර්ත් වත්තේ,අළුත්කෑල්ල පේලි නිවාස",,2022-08-31 00:00:00,0001-01-01,,,,,,6.446621,80.637167
Ground Subsidence,GS,NBRO/LRRMD-RTP/RTP/RATNAP/LI/22/0751,RTP221252,Ratnapura,Ratnapura,2022-08-05,Alupola,165B,"මහලස්සවත්ත, ගුරුබෑවිලාගම,බලංගොඩ","මහලස්සවත්ත, ගුරුබෑවිලාගම,බලංගොඩ",,2022-08-03 00:00:00,0001-01-01,,,,,,6.695879,80.567772
Ground Subsidence,GS,NBRO/LRRMD-RTP/RTP/IMBULP/LI/22/0767,RTP221268,Ratnapura,Imbulpe,2022-03-11,Bellankanda,267B,"ගල්ඇන්ද ප්‍රදේශය, බෙල්ලන් කන්ද","ගල්ඇන්ද ප්‍රදේශය, බෙල්ලන් කන්ද",,2022-10-13 00:00:00,0001-01-01,,,,,,6.718162,80.66405
Ground Subsidence,GS,NBRO/LRRMD-RTP/RTP/KIRIEL/LI/22/0769,RTP221270,Ratnapura,Kiriella,2022-09-15,Matuwagala,149A,"අංක 550/1,කුරුගම්මෝදර,කිරිඇල්ල","අංක 550/1,කුරුගම්මෝදර,කිරිඇල්ල",,2022-10-17 00:00:00,0001-01-01,,,,,,6.72816,80.288303
Ground Subsidence,GS,NBRO/LRRMD-RTP/RTP/KURUVI/LI/22/0776,RTP221277,Ratnapura,Kuruvita,2022-09-01,Pohorabawa,148,"අංක 215/ඊ,  තිප්පලහේන,  ඉහළ පොහොරබාව,රත්නපුර","අංක 215/ඊ,  තිප්පලහේන,  ඉහළ පොහොරබාව,රත්නපුර",,2022-10-11 00:00:00,0001-01-01,,,,,,6.8093366,80.300525
Ground Subsidence,GS,NBRO/LRRMD-RTP/RTP/PELMAD/LI/22/0779,RTP221280,Ratnapura,Pelmadulla,2022-08-04,Marapana,179,"අංක 104,  ගොඩගෙදර, මාරපන, බලංගොඩ","අංක 104,  ගොඩගෙදර, මාරපන, බලංගොඩ",,2022-10-25 00:00:00,2022-08-31 00:00:00,,,,,,6.642518,80.446298
Ground Subsidence,GS,NBRO/LRRMD-RTP/RTP/PELMAD/LI/22/0784,RTP221285,Ratnapura,Pelmadulla,2022-08-04,Welimaluwa,172A,"දෙකන්ද,වැලිමළුව,ලෙල්ලොපිටිය","දෙකන්ද,වැලිමළුව,ලෙල්ලොපිටිය",,2022-10-25 00:00:00,0001-01-01,,,,,,6.664853,80.464983
Ground Subsidence,GS,NBRO/LRRMD-RTP/RTP/RATNAP/LI/22/0785,RTP221286,Ratnapura,Ratnapura,2022-10-21,Galabada,164D,"උඩගලබඩ, ගල්ලෑල්ල, රත්නපුර","උඩගලබඩ, ගල්ලෑල්ල, රත්නපුර",,2022-10-21 00:00:00,0001-01-01,,,,,,6.710949,80.469055
Ground Subsidence,GS,NBRO/LRRMD-RTP/RTP/AYAGAM/LI/22/0792,RTP221293,Ratnapura,Ayagama,2022-11-30,Dumbara,191,"දොම්සියාවත්ත, මිණිපුර, දුම්බර","දොම්සියාවත්ත, මිණිපුර, දුම්බර",,2022-11-09 00:00:00,0001-01-01,,,,,,6.7299716,80.20382
Ground Subsidence,GS,NBRO/LRRMD-RTP/RTP/BALANG/LI/22/0794,RTP221295,Ratnapura,Balangoda,2022-11-30,Kirindigala,256B,"කිරිඳිගල, බලංගොඩ,","කිරිඳිගල, බලංගොඩ,",,2022-11-10 00:00:00,0001-01-01,,,,,,6.654648,80.7074417
Ground Subsidence,GS,NBRO/LRRMD-RTP/RTP/EHELIY/LI/22/0800,RTP221301,Ratnapura,Eheliyagoda,2022-09-06,Uduwaka,138C,"උඩුවක, ගැටහැත්ත","උඩුවක, ගැටහැත්ත",,2022-10-18 00:00:00,0001-01-01,,,,,,6.8687833,80.2185366
Ground Subsidence,GS,NBRO/LRRMD-RTP/RTP/ELAPAT/LI/22/0803,RTP221304,Ratnapura,Elapatha,2022-10-17,Samangama,188B,"යොවුන් ගම්මානය, සමන්ගම, කරංගොඩ, රත්නපුර","යොවුන් ගම්මානය, සමන්ගම, කරංගොඩ, රත්නපුර",,2022-11-14 00:00:00,0001-01-01,,,,,,6.6777516,80.34369
Ground Subsidence,GS,NBRO/LRRMD-RTP/RTP/GODAKA/LI/22/0808,RTP221309,Ratnapura,Godakawela,2022-10-14,Rakwana North,231,"ඇලන්ටන් වත්ත, පොතුපිටිය පාර, රක්වාන","ඇලන්ටන් වත්ත, පොතුපිටිය පාර, රක්වාන",,2021-11-22 00:00:00,0001-01-01,,,,,,6.471105,80.60115
Ground Subsidence,GS,NBRO/LRRMD-RTP/RTP/GODAKA/LI/22/0810,RTP221311,Ratnapura,Godakawela,2022-11-30,Rakwana South,231C,"අංක 35/5, පොතුපිටිය පාර, රක්වාන","අංක 35/5, පොතුපිටිය පාර, රක්වාන",,2022-11-22 00:00:00,0001-01-01,,,,,,6.474371,80.607157
Ground Subsidence,GS,NBRO/LRRMD-RTP/RTP/GODAKA/LI/22/0813,RTP221314,Ratnapura,Godakawela,2022-10-18,Malwatta,237C,"විද්‍යාල මාවත, මල්වත්ත, ගොඩකවෙල.","විද්‍යාල මාවත, මල්වත්ත, ගොඩකවෙල.",,2022-11-16 00:00:00,0001-01-01,,,,,,6.504834,80.646252
Ground Subsidence,GS,NBRO/LRRMD-RTP/RTP/KIRIEL/LI/22/0859,RTP221378,Ratnapura,Kiriella,2022-01-24,Ellawala Pahalagama,147A,"පහලගම,එල්ලාවල","පහලගම,එල්ලාවල",කුරුගම්මෝදර බදුවත්ත මාර්ගයේ එල්ලාවල ප්‍රදේශයේ,2022-01-24 00:00:00,0001-01-01,,,,,,6.79867833,80.2738866
Ground Subsidence,GS,NBRO/LRRMD-RTP/RTP/KALAWA/LI/23/0112,RTP230456,Ratnapura,Kalawana,2023-06-09,Hapugoda,199A,"ඉළුක්පොත,පනාපොල,කලවාන","ඉළුක්පොත,පනාපොල,කලවාන",කළවාන-රඹුක මාර්ගයේ හපුගොඩ ප්‍රොෙජ්ක්ට් හංදියෙන් දකුණට පවතින මාර්ගයේ කිලෝමිටර 1.3ක් පමණ ගමන් කළ ප,2023-06-15 00:00:00,0001-01-01,,,,,,6.4266283,80.48731833
Ground Subsidence,GS,NBRO/LRRMD-RTP/RTP/NIVITH/LI/23/0266,RTP230844,Ratnapura,Nivithigala,2023-09-27,Dombagammana,175C,"අක්කර 20,දොඹගම්මන,දෑල","අක්කර 20,දොඹගම්මන,දෑල",,2023-09-03 00:00:00,0001-01-01,,,,,,6.618664,80.465706
Ground Subsidence,GS,NBRO/LRRMD-RTP/RTP/AYAGAM/LI/23/0297,RTP230916,Ratnapura,Ayagama,2023-10-10,Dethabadakanda,191D,"නමුණුතැන්න,කිරිඇල්ල",,,0001-01-01,0001-01-01,,,,,,6.69867833,80.2680933
Ground Subsidence,GS,NBRO/LRRMD-RTP/RTP/KOLONN/LI/23/0320,RTP230965,Ratnapura,Kolonna,2023-10-16,Wijeriya,203,"මොරගොඩ,විජේරිය","මොරගොඩ, විජේරිය",මොරගොඩ ගමෙහි ග්‍රාම නිළධාරී කාර්යාලය අසල මාර්ගය පසුකර මීටර් 200ක් පමණ ගමන් කිරීමෙන් මෙම ස්ථානයට,0001-01-01,0001-01-01,,,,,,6.430085,80.6563
Ground Subsidence,GS,NBRO/LRRMD-RTP/RTP/NIVITH/LI/23/0471,RTP231201,Ratnapura,Nivithigala,2023-11-17,Pebotuwa,177A,"උඩ පෑබොටුව, පෑබොටුව","උඩ පෑබොටුව, පෑබොටුව",තිරුවානාකැටිය - අගලවත්ත මාර්ගයෙහි උඩ පෑබොටුව ප්‍රදේශයෙහි 26/7 බෝක්කුව අසල මාර්ගය පහළ බෑවුමෙහි මෙ,2024-07-25 00:00:00,0001-01-01,,,,,,6.532245,80.44833
Ground Subsidence,GS,NBRO/LRRMD-RTP/RTP/GODAKA/LI/23/0687,RTP231478,Ratnapura,Godakawela,2023-12-06,Meddegama,237D,"රාහුල ජාතික පාසල, ගොඩකවෙල","රාහුල ජාතික පාසල, ගොඩකවෙල",ගොඩකවෙල නගරයේ පිහිටා ඇත.,2024-03-06 00:00:00,0001-01-01,,,,,,6.4502932,80.650613
Ground Subsidence,GS,NBRO/LRRMD-RTP/RTP/RATNAP/LI/24/0104,RTP240239,Ratnapura,Ratnapura,2024-02-08,Hapugasthenna,164G,"නව ඉඩම්යාය,වේවැල්කැටිය,ගල්ලෑල්ල,රත්නපුර","නව ඉඩම්යාය,වේවැල්කැටිය,ගල්ලෑල්ල,රත්නපුර",රත්නපුර සිට වේවැල්වත්ත මාර්ගයේ ගොස් වමට හැරී රත්ගග මාර්ගයේ ගමන් කර ඉන්පසු වමට හැරී ඉහල රත්ගම මා,2024-07-02 00:00:00,0001-01-01,,,,,,6.7213908,80.5079483
Ground Subsidence,GS,NBRO/LRRMD-RTP/RTP/PELMAD/LI/24/0177,RTP240391,Ratnapura,Pelmadulla,2024-03-05,Udathula,166A,"රද්දල , ගල්වත්ත පාර, පැල්මඩුල්ල","රද්දල , ගල්වත්ත පාර, පැල්මඩුල්ල",රත්නපුර පැල්මඩුල්ල මාර්ගයේ පැල්මඩුල්ල දෙසට ගොස් පැල්මඩුල්ල නගරයෙන් බස්නැවතුම්පොළ පිටුපස ගල්,2024-05-20 00:00:00,0001-01-01,,පතල් කටයුතු නිසා,,,,6.6267871,80.5427168
Ground Subsidence,GS,NBRO/LRRMD-RTP/RTP/KURUVI/LI/24/0303,RTP240728,Ratnapura,Kuruvita,2024-05-20,Theppanawa,156,ර/තෙප්පනාව කුමර  විද්‍යාලය,ර/තෙප්පනාව කුමර  විද්‍යාලය,රත්නපුර සිට කුරුවිට පසු කර කිලෝමීටර 1.5ක් පමණ ගොස් කදන්ගොඩ හන්දියෙන් වමට හැරී කිලෝමීටර 6ක් පමණ යන,2024-09-19 00:00:00,0001-01-01,,,,,,6.7731699,80.3179287
Ground Subsidence,GS,NBRO/LRRMD-RTP/RTP/NIVITH/LI/24/0390,RTP240881,Ratnapura,Nivithigala,2024-06-05,Pinkanda,174D,උඩකරවිට,"නො. 1, නිව් පිංකන්ද, අඹේගල මාර්ගය, උඩ කරවිට",කලවාන රත්නපුර මාර්ගයේ  ගමන් කර පිංකන්ද හංදියෙන් හැරී නිව් පිංකන්ද 01 කෝවිල අසලට පැමිණ අඹේගල මාර්,2024-08-01 00:00:00,2024-05-25 00:00:00,,,,,,6.5609383,80.4318067
Ground Subsidence,GS,NBRO/LRRMD-RTP/RTP/ELAPAT/LI/24/0410,RTP240920,Ratnapura,Elapatha,2024-06-18,Palawela,184D,"පලාවෙල,උඩනිරිඇල්ල","පලාවෙල,උඩනිරිඇල්ල",රත්නපුර සිට පලාවෙල හන්දියට ගොස් දකුණට හැරී මීටර 300ක් පමණ ගොස් දකුණට හැරී කඩුවනත්තහේන මාර්ගයේ මී,2024-07-09 00:00:00,2024-06-02 00:00:00,,අධික වර්ෂාපතනය,,,,6.652561,80.34977
Ground Subsidence,GS,NBRO/LRRMD-RTP/RTP/ELAPAT/LI/24/0415,RTP240925,Ratnapura,Elapatha,2024-06-18,Pallegedara,185A,"ගෝණමලදෙනිය,පල්ලෙගෙදර","ගෝණමලදෙනිය,පල්ලෙගෙදර",රත්නපුර සිට ඇලපාතට ගොස් ෆෝල්කන් හන්දියෙන් දකුණට හැරී පල්ලෙගෙදර මාර්ගයේ කිලෝමීටරයක් පමණ ගොස් ව,2024-07-09 00:00:00,2024-06-02 00:00:00,,,,,,6.672286,80.364784
Ground Subsidence,GS,NBRO/LRRMD-RTP/RTP/OPANAY/LI/24/0458,RTP240999,Ratnapura,Opanayaka,2024-06-18,Malmeekanda,244B,"මල්මීකන්ද,හුනුවල,ඕපනායක","මල්මීකන්ද,හුනුවල,ඕපනායක",රත්නපුර බලංගොඩ මාර්ගයේ බලංගොඩ දෙසට ගොස් දෙල්ගොඩ හංදියෙන් දකුණුපසට ඇති මල්මීකන්ද මාර්ගයේ ගමන්,2024-09-30 00:00:00,2024-05-28 00:00:00,,අධික වර්ෂාපතනය,,,,6.6262696,80.6115189
Ground Subsidence,GS,NBRO/LRRMD-RTP/RTP/RATNAP/LI/24/0481,RTP241029,Ratnapura,Ratnapura,2024-06-24,Ellegedara,153,"මුරුගන් කෝවිල අසල,නිව්මහවලවත්ත,ඇල්ලෙගෙදර","මුරුගන් කෝවිල අසල,නිව්මහවලවත්ත,ඇල්ලෙගෙදර",රත්නපුර අවිස්සාවේල්ල මාර්ගයේ ගොස් පනුකැරෑපිටිය මංසන්ධියෙන් දකුණට හැරී මුරුගන් කෝවිල අසලට පැම,2024-09-19 00:00:00,0001-01-01,,අධික වර්ෂාපනය,,,,6.721077,80.397519
Ground Subsidence,GS,NBRO/LRRMD-RTP/RTP/PELMAD/LI/25/0095,RTP250272,Ratnapura,Pelmadulla,2025-02-14,Poronuwa,170B,"පනාවැන්න, පොරෝණුව, කහවත්ත","ධම්මදින්න භික්ෂුණි ආරාමය, දකුණු පනාවැන්න, පොරෝණුව, කහවත්ත",රත්නපුර සිට කහවත්තට ගොස්  කහවත්ත ඔරලෝසුකනුව වට රවුමෙන් දකුණට හැරී වටපොත කහවත්ත මාර්ගයේ  කිලෝමි,2025-03-20 00:00:00,0001-01-01,,අවිධිමත් භුමි පරිහරණය,,,,6.5786632,80.537357
