Inc_Type,Type_Code,Request_No,Case_ID,District,DS_Name,Date,GND_Name,GND_No,Village,Address,Pathway,Inv_Date,Inc_Date,Inc_Time,Cause,Rain_1h,Rain_24h,Rain_Cum,Latitude,Longitude
Slope Failure,SF,NBRO/LRRMD-BDL/BDU/SORANA/LI/18/0009,BDU180011,Badulla,Soranathota,2018-10-19T00:00:00,Kohovila,26,සොරණාතොට,,,0001-01-01T00:00:00,,,,,,,7.0058363,81.049931
Slope Failure,SF,NBRO/LRRMD-BDL/BDU/SORANA/LI/19/0038,BDU190207,Badulla,Soranathota,2019-03-06T00:00:00,Ketakellagama,25B,සොරණාතොට,,,0001-01-01T00:00:00,,,,,,,7.041504,81.087882
Slope Failure,SF,NBRO/LRRMD-BDL/BDU/HAPUTA/LI/19/0046,BDU190215,Badulla,Haputale,2019-03-20T00:00:00,Viharakele,63F,"දියතලාව, විහාරකැලේ, කොස්කණුව පතන සොහොන් භූමිය අසල ප්‍රවේශ මාර්ගය",,,0001-01-01T00:00:00,,,,,,,6.777071,80.959444
Slope Failure,SF,NBRO/LRRMD-BDL/BDU/WELIMA/LI/19/0104,BDU190274,Badulla,Welimada,2019-04-17T00:00:00,Welimada Town,52A,මීපිලිමාන නමැති රජයේ ඉඩම සඳහා දීර්ඝ කාලීන බදුකර ලබාදීම,,,0001-01-01T00:00:00,,,,,,,6.92324,80.83176
Slope Failure,SF,NBRO/LRRMD-BDL/BDU/ELLA/LI/19/0204,BDU190374,Badulla,Ella,2019-10-03T00:00:00,Palleperuwa,69C,කොළතැන්න,,,0001-01-01T00:00:00,,,,,,,6.840927,81.012041
Slope Failure,SF,NBRO/LRRMD-BDL/BDU/PASSAR/LI/19/0217,BDU190387,Badulla,Passara,2019-01-09T00:00:00,Welgolla,89D,"වරල්වත්තේ ගෙදර, වැල්ගොල්ලගම, බදුල්ල",,,0001-01-01T00:00:00,,,,,,,6.934011,81.152741
Slope Failure,SF,NBRO/LRRMD-BDL/BDU/PASSAR/LI/19/0221,BDU190391,Badulla,Passara,2019-01-22T00:00:00,Madugasthalawa South,19C,"අංක 07, රබර් වත්ත",,,0001-01-01T00:00:00,,,,,,,6.99468,81.14733
Slope Failure,SF,NBRO/LRRMD-BDL/BDU/PASSAR/LI/19/0254,BDU190424,Badulla,Passara,2019-05-15T00:00:00,Medawelagama,89,"114C, මැදවෙලගම, පස්සර",,,0001-01-01T00:00:00,,,,,,,6.97241,81.17081
Slope Failure,SF,NBRO/LRRMD-BDL/BDU/BANDAR/LI/19/0558,BDU190833,Badulla,Bandarawela,2019-10-02T00:00:00,Weheragalathenna,66F,"රේඛා”, වැලිතැන්න, මකුල්ඇල්ල, බණ්ඩාරවෙල",,,0001-01-01T00:00:00,,,,,,,6.84094479,81.031289
Slope Failure,SF,NBRO/LRRMD-BDL/BDU/BADULL/LI/20/0012,BDU200014,Badulla,Badulla,2020-01-07T00:00:00,Pitawelagama,78L,"ගල්කන්ද, පිටවෙලගම, බදුල්ල","ගල්කන්ද, පිටවෙලගම, බදුල්ල",: බදුල්ල - මහියංගන මාර්ගයේ බදුල්ල නගරයේ සිට 2 km ක් පමණ ගමන් කිරීමේදී හමුවන ගල් පීල්ල හන්දියෙන් ගල්ක,2019-12-22T00:00:00,2019-12-21T00:00:00,,අධික වර්ෂාව,,,,7.01075503,81.0537872
Slope Failure,SF,NBRO/LRRMD-BDL/BDU/BADULL/LI/20/0040,BDU200042,Badulla,Badulla,2020-01-22T00:00:00,Hindagoda,78K,"පස්සර පාර, හිඳගොඩ, බදුල්ල","පස්සර පාර, හිඳගොඩ, බදුල්ල",: බදුල්ල නගරයේ සිට බදුල්ල පස්සර මාර්ගයේ 1 km පමණ ගමන් කිරීමේදී හමුවන සිරිමල්ගොඩ ඇළ අතුරු මාර්ගය ඔස,2019-12-21T00:00:00,2019-12-21T00:00:00,05:30,අධික වර්ෂාව,,,,6.984871,81.0724318
Slope Failure,SF,NBRO/LRRMD-BDL/BDU/BANDAR/LI/20/0156,BDU200158,Badulla,Bandarawela,2020-01-01T00:00:00,Wewathenna,67G,"ශාන්ත තෝමස් විද්‍යාලය, බණ්ඩාරවෙල.","ශාන්ත තෝමස් විද්‍යාලය, බණ්ඩාරවෙල.","බණ්ඩාරවෙල - වැලිමඩ මාර්ගයේ 1km පමණ ගමන් කර, සෙන් තෝමස් හංදියේ සිටවිද්‍යාල ප්‍රවේශ මාර්ගයේ 1km පමණ ගම",2019-12-10T00:00:00,2019-10-30T00:00:00,12:30,අධික වර්ෂාව,,,,6.845755,80.978485
Slope Failure,SF,NBRO/LRRMD-BDL/BDU/BANDAR/LI/20/0157,BDU200159,Badulla,Bandarawela,2020-02-20T00:00:00,Udaperuwa,66B,"කුමුදුනී, උඩපේරුව පාර, මීරියගහ හංදිය, බණ්ඩාරවෙල","කුමුදුනී, උඩපේරුව පාර, මීරියගහ හංදිය, බණ්ඩාරවෙල",,2020-01-13T00:00:00,,,විධිමත්ව ස්ථාවර නොකරන ලද කණ්ඩි,,,,6.837966,81.007605
Slope Failure,SF,NBRO/LRRMD-BDL/BDU/BANDAR/LI/20/0193,BDU200194,Badulla,Bandarawela,2020-10-06T00:00:00,Thanthiriya,66G,"අංක 01, පින්නඅරාවපතනගම, බදුල්ල පාර, බණ්ඩාරවෙල","අංක 01, පින්නඅරාවපතනගම, බදුල්ල පාර, බණ්ඩාරවෙල",බණ්ඩාරවෙල නගරයේ සිට 500 m ක් පමණ බදුල්ල - බණ්ඩාරවෙල ප්‍රධාන මාර්ගයේ බදුල්ල දෙසට ගමන් කිරීමෙන් අදාළ,2020-10-22T00:00:00,2020-11-20T00:00:00,,"අවිධිමත්, අනාරක්ෂිත කැණීම් සහ අවිධිමත් භූමි පරිහරණය",,,,6.833355,80.99979
Slope Failure,SF,NBRO/LRRMD-BDL/BDU/HALDUM/LI/20/0248,BDU200249,Badulla,Haldummulla,2020-10-13T00:00:00,Watagamuwa,157K,"අංක 154, හාල්ඇටතැන්න, හල්දුම්මුල්ල","අංක 154, හාල්ඇටතැන්න, හල්දුම්මුල්ල",,2020-10-20T00:00:00,,,,,,,6.761861,80.877865
Slope Failure,SF,NBRO/LRRMD-BDL/BDU/ELLA/LI/20/0274,BDU200275,Badulla,Ella,2020-10-27T00:00:00,Palleperuwa,69C,පල්ලේපේරුව  ග්‍රාම නිලධාරී නිල නිවස,,,2020-11-02T00:00:00,,,,,,,6.843898,81.016046
Slope Failure,SF,NBRO/LRRMD-BDL/BDU/UVA-PA/LI/20/0278,BDU200279,Badulla,Uva-Paranagama,2020-01-13T00:00:00,Perawella,46,"පේරවැල්ල,ඌවපරණගම,බදුල්ල.",,"අඹගස්දෝව,උඩුහාවර - පේරවැල්ල මාර්ගයේ 8 km ක් පමණ ගමන් කිරීමෙන් අදාල ස්ථානයට ළගා විය හැක.",2020-01-20T00:00:00,,,,,,,6.937006,80.844174
Slope Failure,SF,NBRO/LRRMD-BDL/BDU/UVA-PA/LI/20/0281,BDU200282,Badulla,Uva-Paranagama,2020-04-21T00:00:00,Kotawera Pahalagama,53F,"පහළ කොටවෙර,ගල්ගේවත්ත","පහළ කොටවෙර, ගල්ගේවත්ත",,2020-01-06T00:00:00,,,,,,,6.90824,80.91391
Slope Failure,SF,NBRO/LRRMD-BDL/BDU/UVA-PA/LI/20/0289,BDU200290,Badulla,Uva-Paranagama,2020-12-29T00:00:00,Kohilegama,37C,"උඩළිදවත්ත,කොහිලේගම, ඌවපරණගම,බදුල්ල",,"උඩළිදවත්ත,කොහිලේගම, ඌවපරණගම,බදුල්ල",2020-11-10T00:00:00,,,,,,,7.02411,80.94046
Slope Failure,SF,NBRO/LRRMD-BDL/BDU/MEEGAH/LI/20/0303,BDU200304,Badulla,Meegahakivula,2020-10-29T00:00:00,Akurukaduwa,22G,"13 කණුව, හෙළ මකුළුගොල්ල, අකුරුකඩුව","13 කණුව, හෙළ මකුළුගොල්ල, අකුරුකඩුව",,2020-10-29T00:00:00,,,,,,,7.116873,81.047435
Slope Failure,SF,NBRO/LRRMD-BDL/BDU/LUNUGA/LI/20/0304,BDU200305,Badulla,Lunugala,2020-01-16T00:00:00,Rendapola,94J,"බංගලා කොටස, හොප්ටන්","බංගලා කොටස, හොප්ටන්",,2020-01-16T00:00:00,,,,,,,6.98787,81.199293
Slope Failure,SF,NBRO/LRRMD-BDL/BDU/LUNUGA/LI/20/0305,BDU200306,Badulla,Lunugala,2020-01-16T00:00:00,Lunugala Town,94A,"අංක 4, සිල්ක් ‍ෆා ම්, ලුණුගල.","අංක 4, සිල්ක් ‍ෆා ම්, ලුණුගල.",,2020-01-16T00:00:00,,,,,,,7.039117,81.199987
Slope Failure,SF,NBRO/LRRMD-BDL/BDU/LUNUGA/LI/20/0306,BDU200307,Badulla,Lunugala,2020-01-16T00:00:00,Janathapura South,95B,"උඩුතු‍රේවත්ත, කිවුලේගම, ලුණුගල","උඩුතු‍රේවත්ත, කිවුලේගම, ලුණුගල","උඩුතු‍රේවත්ත, කිවුලේගම, ලුණුගල",2020-01-16T00:00:00,,,,,,,7.049731,81.195592
Slope Failure,SF,NBRO/LRRMD-BDL/BDU/LUNUGA/LI/20/0307,BDU200308,Badulla,Lunugala,2020-01-16T00:00:00,Kottalbedda,93,"අංක 98, 24 කණුව, කොට්ටල්බැද්ද, ලුණුගල","අංක 98, 24 කණුව, කොට්ටල්බැද්ද, ලුණුගල","අංක 98, 24 කණුව, කොට්ටල්බැද්ද, ලුණුගල",2020-01-16T00:00:00,,,,,,,7.022478,81.200684
Slope Failure,SF,NBRO/LRRMD-BDL/BDU/LUNUGA/LI/20/0309,BDU200310,Badulla,Lunugala,2020-03-10T00:00:00,Janathapura North,95A,"ගල්ළිඳකුඹුර, ජනතාපුර, ලුණුගල","ගල්ළිඳකුඹුර, ජනතාපුර, ලුණුගල",,2020-01-07T00:00:00,,,,,,,7.071921,81.179444
Slope Failure,SF,NBRO/LRRMD-BDL/BDU/LUNUGA/LI/20/0310,BDU200311,Badulla,Lunugala,2020-01-16T00:00:00,Lunugala Town,94A,"සිල්ක්ෆාම්, ලුණුගල","සිල්ක්ෆාම්, ලුණුගල",,2020-01-16T00:00:00,,,,,,,7.03957,81.199191
Slope Failure,SF,NBRO/LRRMD-BDL/BDU/LUNUGA/LI/20/0328,BDU200330,Badulla,Lunugala,2020-01-28T00:00:00,Hopton,94H,"හොප්ටන්,ලුණුගල,බදුල්ල","හොප්ටන්,ලුණුගල,බදුල්ල",,2020-07-24T00:00:00,,,,,,,6.994199,81.198415
Slope Failure,SF,NBRO/LRRMD-BDL/BDU/LUNUGA/LI/20/0330,BDU200332,Badulla,Lunugala,2020-07-24T00:00:00,Hopton,94H,"මල්ගොමුව,යපම්ම,හොප්ටන්","මල්ගොමුව,යපම්ම,හොප්ටන්",,2020-07-24T00:00:00,,,,,,,6.99554,81.198049
Slope Failure,SF,NBRO/LRRMD-BDL/BDU/LUNUGA/LI/20/0331,BDU200333,Badulla,Lunugala,2020-01-22T00:00:00,Arawakumbura,94C,"නෙතු නිවස, අරවාකුඹුර, ලුණුගල","නෙතු නිවස, අරවාකුඹුර, ලුණුගල","නෙතු නිවස, අරවාකුඹුර, ලුණුගල",2020-08-12T00:00:00,,,,,,,7.0899,81.208808
Slope Failure,SF,NBRO/LRRMD-BDL/BDU/LUNUGA/LI/20/0332,BDU200334,Badulla,Lunugala,2020-07-15T00:00:00,Arawakumbura,94C,"චමිල නිවස, අරවාකුඹුර, ලුණුගල","චමිල නිවස, අරවාකුඹුර, ලුණුගල",,2020-09-22T00:00:00,,,,,,,7.086268,81.213992
Slope Failure,SF,NBRO/LRRMD-BDL/BDU/LUNUGA/LI/20/0333,BDU200335,Badulla,Lunugala,2020-01-16T00:00:00,Arawakumbura,94C,"අරවාකුඹුර,ලුණුගල.",,,2020-09-23T00:00:00,,,,,,,7.08658,81.213785
Slope Failure,SF,NBRO/LRRMD-BDL/BDU/LUNUGA/LI/20/0335,BDU200337,Badulla,Lunugala,2020-08-28T00:00:00,Janathapura,95,"උඩවලවත්ත, ඉලුක්පතන","උඩවලවත්ත, ඉලුක්පතන",,2020-08-28T00:00:00,,,,,,,7.044615,81.18653
Slope Failure,SF,NBRO/LRRMD-BDL/BDU/LUNUGA/LI/20/0336,BDU200338,Badulla,Lunugala,2020-08-28T00:00:00,Alakolagala,94E,"“දිල්හාන්”, 28 කණුව, ලුණුගල","“දිල්හාන්”, 28 කණුව, ලුණුගල",,2020-08-28T00:00:00,,,,,,,7.06582,81.204384
Slope Failure,SF,NBRO/LRRMD-BDL/BDU/LUNUGA/LI/20/0337,BDU200339,Badulla,Lunugala,2020-11-05T00:00:00,Lunugala Town,94A,"ලුණුගල මහා විද්‍යාලය, ලුණුගල.","ලුණුගල මහා විද්‍යාලය, ලුණුගල.","ලුණුගල මහා විද්‍යාලය, ලුණුගල.",2020-11-05T00:00:00,,,,,,,7.041365,81.205434
Slope Failure,SF,NBRO/LRRMD-BDL/BDU/SORANA/LI/20/0343,BDU200346,Badulla,Soranathota,2020-01-27T00:00:00,Kuttiyagolla,25A,"උඩඅරාව, කුට්ටියගොල්ල, බදුල්ල","උඩඅරාව, කුට්ටියගොල්ල, බදුල්ල",කුට්ටියගොල්ල මාර්ගයේ 12 km ක් පමණ ගමන් කිරීමේදී හමුවන කුට්ටියගොල්ල තැපැල් කාර්යාලය හා ග්‍රාම නිල,2020-02-19T00:00:00,,,අධික වර්ෂාව,,,,7.025234,81.0968891
Slope Failure,SF,NBRO/LRRMD-BDL/BDU/SORANA/LI/20/0344,BDU200347,Badulla,Soranathota,2020-01-02T00:00:00,Ambagasdowa,25C,"ගාලේපිටගෙදර, පුස්සැල්ලාව, තල්දෙන, බදුල්ල.","ගාලේපිටගෙදර, පුස්සැල්ලාව, තල්දෙන, බදුල්ල.",සොරණාතොට - වත්තෙකැළේ මාර්ගය ඔස්සේ කිලෝමීටරයක් පමණ ගමන් කිරීමේදී හමුවන අතුරු මාර්ගය ඔස්සේ ගමන්,2020-01-27T00:00:00,,,,,,,7.06500317,81.0604125
Slope Failure,SF,NBRO/LRRMD-BDL/BDU/SORANA/LI/20/0347,BDU200350,Badulla,Soranathota,2020-01-22T00:00:00,Rideepana,26C,"කෝපිහේන, බදුල්ල.","කෝපිහේන, බදුල්ල.",බදුල්ල-මහියංගන මාර්ගයේ බදුල්ල නගරයේ සිට 4 km පමණ ගමන් කිරීමේදී හමුවන මැඩිතලේ මංසන්ධියට ආසන්නව නි,2020-06-25T00:00:00,,,,,,,7.02206,81.053879
Slope Failure,SF,NBRO/LRRMD-BDL/BDU/SORANA/LI/20/0378,BDU200381,Badulla,Soranathota,2020-07-27T00:00:00,Yatilellagama,26A,"වෙලන්ගහඇල්ල, සොරණාතොට","වෙලන්ගහඇල්ල, සොරණාතොට",සොරණාතොට - බුදුගේකන්ද මාර්ගයේ  4km ක් පමණ ගමන් කිරීමේදී හමුවන අතුරු මාර්ගය ඔස්සේ 400m ක් පමණ ගමන් කළ ය,2020-07-27T00:00:00,,,අධික වර්ෂාවත් සමග ඇළ මාර්ගය පිටාර ගැලීම,,,,7.023877,81.045405
Slope Failure,SF,NBRO/LRRMD-BDL/BDU/SORANA/LI/20/0379,BDU200382,Badulla,Soranathota,2020-06-09T00:00:00,Kandegedara Town,27A,"කොළොන්ගහපතන, කන්දෙගෙදර","කොළොන්ගහපතන, කන්දෙගෙදර",කන්දෙගෙදර ග්‍රාමීය රෝහල අසළින් ඇති කොළොන්ගහපතන මාර්ගයේ මීටර් 100ක් පමණ ගමන් කළ යුතු ය.,2020-06-26T00:00:00,,,,,,,7.016898,81.017599
Slope Failure,SF,NBRO/LRRMD-BDL/BDU/SORANA/LI/20/0384,BDU200387,Badulla,Soranathota,2020-10-29T00:00:00,Idamegama,27B,"කන්දෙගෙදර,බදුල්ල",,,2020-11-06T00:00:00,,,,,,,7.030501,81.022177
Slope Failure,SF,NBRO/LRRMD-BDL/BDU/WELIMA/LI/20/0396,BDU200399,Badulla,Welimada,2020-01-02T00:00:00,Silmiyapura,49B,"රේන්දපොල, බොරගස්, වැලිමඩ","රේන්දපොල, බොරගස්, වැලිමඩ",වැලිමඩ - නුවරඑළිය මාර්ගයේ නුවරඑළිය දෙසට 8 km ගමන් කිරීමෙන් හමුවන රේන්දපොල නගරයේ අදාළ ස්ථාන පිහිටා,2020-01-07T00:00:00,,,අධික වර්ෂාපතනය හා අක්‍රමවත් පෘෂ්ඨීය ජලවහනය,,,,6.9168256,80.8307583
Slope Failure,SF,NBRO/LRRMD-BDL/BDU/WELIMA/LI/20/0399,BDU200402,Badulla,Welimada,2020-10-13T00:00:00,Girambe,48B,"පේරගොඩ නිවස, දෙඹළුගොල්ල‍, සිරිපුර, නුගතලාව","පේරගොඩ නිවස, දෙඹළුගොල්ල‍, සිරිපුර, නුගතලාව.",වැලිමඩ නුවරඑළිය මාර්ගයේ නුවරඑළිය දෙසට ගමන්කිරීමේදී  හමුවන නුගතලාව කි.මී.1ක් පමණ ගමන් කොට ගිරාඹේ,2020-10-02T00:00:00,,,අධික සිරස් උසකින් යුත් කණ්ඩිය බෑවුම දෙසට අස්ථාවර වීම,,,,6.907015,80.877282
Slope Failure,SF,NBRO/LRRMD-BDL/BDU/HALI-E/LI/20/0437,BDU200440,Badulla,Hali-Ela,2020-07-03T00:00:00,Morethota,56A,"අංක 04, ශාන්ත ජේම්ස් වත්ත, පහළ කොටස, හාලිඇල.","අංක 04, ශාන්ත ජේම්ස් වත්ත, පහළ කොටස, හාලිඇල.",හාලිඇල නෙළුව මාර්ගයේ 4km ක් පමණ ගමන් කොට වතු මාර්ගය ඔස්සේ අදාල ස්ථානයට ළඟා විය හැක.,2020-08-03T00:00:00,,,අධික වර්ෂාව,,,,6.92414,81.013701
Slope Failure,SF,NBRO/LRRMD-BDL/BDU/HALI-E/LI/20/0439,BDU200442,Badulla,Hali-Ela,2020-01-02T00:00:00,Mahawattegama,82C,"වෙළන්ගොල්ල පහළ, මහවත්තේගම","වෙළන්ගොල්ල පහළ, මහවත්තේගම",,2020-01-02T00:00:00,,,අධික වර්ෂාව,,,,6.983639,81.052552
Slope Failure,SF,NBRO/LRRMD-BDL/BDU/HALI-E/LI/20/0441,BDU200444,Badulla,Hali-Ela,2020-01-20T00:00:00,Haliela,74A,"මන්නදී නිවස, 2 කණුව, කෝට්ටගොඩ","මන්නදී නිවස, 2 කණුව, කෝට්ටගොඩ.",බදුල්ල නගරයේ සිට කෝට්ටගොඩ මාර්ගයේ 3 km පමණ කෝට්ටේගෙ‍ාඩ දෙසට ගමන් කළ විට මෙම ස්තානයට ළඟා විය හැක.,2020-05-04T00:00:00,,,අධික වර්ෂාව,,,,6.9522234,81.07583618
Slope Failure,SF,NBRO/LRRMD-BDL/BDU/HALI-E/LI/20/0442,BDU200445,Badulla,Hali-Ela,2020-01-01T00:00:00,Kokatiyamaluwa,77A,"බටුවත්තේගෙදර, කොකටියමළුව, නාරංගල, හාලිඇල.","බටුවත්තේගෙදර, කොකටියමළුව, නාරංගල, හාලිඇල.",,2020-06-02T00:00:00,,,,,,,7.0153367,80.9895692
Slope Failure,SF,NBRO/LRRMD-BDL/BDU/HALI-E/LI/20/0472,BDU200476,Badulla,Hali-Ela,2020-01-14T00:00:00,Udakohovila,74F,"E.H කොටස, කුයින්ස්ටවුන්, හාලිඇල","E.H කොටස, කුයින්ස්ටවුන්, හාලිඇල",බදුල්ල කන්දෙගෙදර මාර්ගයේ අළුගොල්ල හන්දියේ සිට කුයින්ස්ටවුන් මාර්ගයේ මීටර 500 ක් පමණ ගමන් කිරීමෙ,2020-06-26T00:00:00,,,,,,,6.995068,81.039596
Slope Failure,SF,NBRO/LRRMD-BDL/BDU/HALI-E/LI/20/0475,BDU200479,Badulla,Hali-Ela,2020-01-07T00:00:00,Morethota,56A,"ඔයබඩ අරාව, අලුත්වෙල, හාලිඇල","ඔයබඩ අරාව, අලුත්වෙල, හාලිඇල",,2020-09-09T00:00:00,,,"අධික වර්ෂාව සහ කණ්ඩියේ උස, බෑවුමේ ආනතිය",,,,6.935834,81.015566
Slope Failure,SF,NBRO/LRRMD-BDL/BDU/HALI-E/LI/20/0476,BDU200480,Badulla,Hali-Ela,2020-09-02T00:00:00,Katugaha,57F,"මුදුන්පිට වත්ත, පහළකටුගහ, පට්ටියගෙදර","මුදුන්පිට වත්ත, පහළකටුගහ, පට්ටියගෙදර",,2020-09-10T00:00:00,,,අධික වර්ෂාව,,,,6.900986,81.002648
Slope Failure,SF,NBRO/LRRMD-BDL/BDU/HALI-E/LI/20/0478,BDU200482,Badulla,Hali-Ela,2020-01-01T00:00:00,Dickwella,74,කලාප අධ්‍යාපන කාර්යාලය - හාලිඇල,කලාප අධ්‍යාපන කාර්යාලය - හාලිඇල,බදුල්ල - හාලිඇල මාර්ගයේ ඩෙන්සිල් කොබ්බෑකඩුව විද්‍යාලයට යාබදව මෙම ස්ථානය පිහිටා ඇත.,2020-01-02T00:00:00,,,,,,,6.964326,81.037487
Slope Failure,SF,NBRO/LRRMD-BDL/BDU/HALI-E/LI/20/0479,BDU200483,Badulla,Hali-Ela,2020-10-05T00:00:00,Haliela,74A,"බ/ඌව විද්‍යා විද්‍යාලය, හාලිඇල.","බ/ඌව විද්‍යා විද්‍යාලය, හාලිඇල.",හාලිඇල නගරයේ සිට හාලිඇල - බදුල්ල මාර්ගයේ මීටර් 400 ක් පමණ ගමන් කිරීමේදී හාලිඇල පොලිස් ස්ථානය ආසන්න,2020-10-28T00:00:00,,,,,,,6.95704,81.0335
Slope Failure,SF,NBRO/LRRMD-BDL/BDU/HALI-E/LI/20/0483,BDU200487,Badulla,Hali-Ela,2020-09-02T00:00:00,Katugaha,57F,"කිරිමැටි ඇල්ල, කටුගහ, පට්ටියගෙදර","කිරිමැටි ඇල්ල, කටුගහ, පට්ටියගෙදර.",,2020-09-10T00:00:00,,,,,,,6.894751,80.96656
Slope Failure,SF,NBRO/LRRMD-BDL/BDU/BANDAR/LI/20/0649,BDU200653,Badulla,Bandarawela,2020-05-13T00:00:00,Wewathenna,67G,"ශාන්ත තෝමස් විද්‍යාලය, බණ්ඩාරවෙල.","ශාන්ත තෝමස් විද්‍යාලය, බණ්ඩාරවෙල.","බණෟඩාරවෙල - වැලිමඩ මාර්ගයේ 1km පමණ ගමන් කර, සෙන් තෝමස් හංදියේ සිටවිද්‍යාල ප්‍රවේශ මාර්ගයේ 1km පමණ ගම",2020-07-29T00:00:00,,,අධික වර්ෂාව,,,,6.845755,80.978485
Slope Failure,SF,NBRO/LRRMD-BDL/BDU/HAPUTA/LI/20/0722,BDU200726,Badulla,Haputale,2020-11-17T00:00:00,Galkanda,64E,"ක්ෂේත්‍ර අංක 07, ගල්කන්ද පහළ කොටස, හපුතලේ වත්ත.","ක්ෂේත්‍ර අංක 07, ගල්කන්ද පහළ කොටස, හපුතලේ වත්ත.",,2020-11-20T00:00:00,,,අධික වර්ෂාව,,,,6.756521,80.953238
Slope Failure,SF,NBRO/LRRMD-BDL/BDU/PASSAR/LI/20/0725,BDU200729,Badulla,Passara,2020-01-08T00:00:00,Tholabowatta,90,"4 කණුව, තොලබෝවත්ත, ගමේවෙල, පස්සර.","4 කණුව, තොලබෝවත්ත, ගමේවෙල, පස්සර.",පස්සර - මොණරාගල මාර්ගයේ පස්සර සිට 7 km පමණ ගමන් කළ විට ළඟා විය හැක.,2020-01-15T00:00:00,,,,,,,6.93028065,81.19684685
Slope Failure,SF,NBRO/LRRMD-BDL/BDU/PASSAR/LI/20/0730,BDU200734,Badulla,Passara,2020-01-10T00:00:00,Kanawerella,87,"ඉඩම්ගෙදර, බිබිලේගම.","ඉඩම්ගෙදර, බිබිලේගම.",පස්සර 10 කණුව සිට බිබිලේගම මාර්ගය ඔස්‍සේ ගමන් කරන විට හමුවන ඉඩම්ගෙදර මංසන්ධියෙන් ඉහළ බෑවුම දෙසට,2020-02-18T00:00:00,,,අවිධිමත් ඉදිකිරීම් හා අක්‍රමවත් පෘෂ්ඨීය ජලවහනය,,,,6.90335,81.13437
Slope Failure,SF,NBRO/LRRMD-BDL/BDU/PASSAR/LI/20/0734,BDU200738,Badulla,Passara,2020-02-12T00:00:00,Kanawerella West,87C,"අංක 35, විද්‍යාල මාවත, පස්සර.","අංක 35, විද්‍යාල මාවත, පස්සර.",,2020-02-19T00:00:00,,,අවිධිමත් ලෙස බෑවුම් කැපීම හා නිසි පරිදි ස්ථාවර නොකිරීම,,,,6.937144,81.159267
Slope Failure,SF,NBRO/LRRMD-BDL/BDU/PASSAR/LI/20/0735,BDU200739,Badulla,Passara,2020-01-30T00:00:00,Passara Town East,88L,"මධ්‍ය මහා විද්‍යාලය, පස්සර","මධ්‍ය මහා විද්‍යාලය, පස්සර",,2020-10-14T00:00:00,,,භූමියේ සංතුලන,,,,6.937602,81.158489
Slope Failure,SF,NBRO/LRRMD-BDL/BDU/PASSAR/LI/20/0738,BDU200742,Badulla,Passara,2020-05-06T00:00:00,Welgolla,89D,"ශ්‍රී බෝධිරුක්ඛාරාමය, වැල්ගොල්ලගම, බදුල්ල.","ශ්‍රී බෝධිරුක්ඛාරාමය, වැල්ගොල්ලගම, බදුල්ල.",බදුල්ල මාර්ගයේ 7 කණුව මංසන්ධියේ සිට වැල්ගොල්ල මාර්ගය ඔස්සේ කිලෝමීටර් 6 ක් පමණ ගමන් කරන විට අදාළ ස,2020-05-18T00:00:00,,,,,,,6.981676,81.141759
Slope Failure,SF,NBRO/LRRMD-BDL/BDU/PASSAR/LI/20/0739,BDU200743,Badulla,Passara,2020-05-04T00:00:00,Pelgahathenna,89G,"සමූපකාර ග්‍රාමීය බැංකුව, පැල්ගහතැන්න, පස්සර.","සමූපකාර ග්‍රාමීය බැංකුව, පැල්ගහතැන්න, පස්සර.",බදුල්ල නගරයේ සිට බදුල්ල - පස්සර ප්‍රධාන මාර්ගයේ 12 km පමණ ගමන් කිරීමේදී පරීක්ෂිත ස්ථානයට ළඟා විය හැ,2020-05-13T00:00:00,,,අධික වර්ෂාව,,,,6.947,81.125165
Slope Failure,SF,NBRO/LRRMD-BDL/BDU/PASSAR/LI/20/0741,BDU200745,Badulla,Passara,2020-05-04T00:00:00,Medawelagama,89,"එල්ටැබ් ගෘෘප් පහළ කොටස, පස්සර","එල්ටැබ් ගෘෘප් පහළ කොටස, පස්සර",,2020-08-19T00:00:00,,,අවිධිමත් බෑවුම් කැපීම,,,,6.96608,81.17335
Slope Failure,SF,NBRO/LRRMD-BDL/BDU/PASSAR/LI/20/0744,BDU200748,Badulla,Passara,2020-05-04T00:00:00,Welgolla,89D,"මොරගස්කදුර, වැල්ගොල්ලගම, පස්සර.","මොරගස්කදුර, වැල්ගොල්ලගම, පස්සර.",බදුල්ල - පස්සර ප්‍රධාන මාර්ගයේ 7 කණුව මංසන්ධියෙන් ඇති  වැල්ගොල්ල - කහටරුප්ප මාර්ගයේ 8km  ක් පමණ ගමන්,2020-05-08T00:00:00,,,,,,,6.99431,81.140805
Slope Failure,SF,NBRO/LRRMD-BDL/BDU/PASSAR/LI/20/0752,BDU200756,Badulla,Passara,2020-07-15T00:00:00,Tholabowatta,90,"3 කණුව, තොලබෝවත්ත, පස්සර","3 කණුව, තොලබෝවත්ත, පස්සර",මොණරාගල මාර්ගයේ 8 km පමණ මොනරාගල දෙසට ගමන් කිරීමෙන් මෙම ස්ථානයට ළඟාවිය හැකි ය.,2020-08-07T00:00:00,,,විධිමත් පෘෂ්ඨීය ජලවහන ක්‍රමවේද නොපැවතීම,,,,6.931834,81.196082
Slope Failure,SF,NBRO/LRRMD-BDL/BDU/PASSAR/LI/20/0758,BDU200762,Badulla,Passara,2020-01-07T00:00:00,Gonagala West,88C,"අලුත්ගෙදර, 4 කණුව","අලුත්ගෙදර, 4 කණුව",,2020-10-08T00:00:00,,,,,,,6.935301,81.139369
Slope Failure,SF,NBRO/LRRMD-BDL/BDU/HALDUM/LI/21/0043,BDU210065,Badulla,Haldummulla,2021-04-07T00:00:00,Ampittithenna,155K,"වැල්ලවාය පාර, නාඋල්ල, කොස්ලන්ද","වැල්ලවාය පාර, නාඋල්ල, කොස්ලන්ද","බෙරගල - වැල්ලවාය ප්‍රධාන මාර්ගයට (A 004) යාබදව, මාර්ගයට ඉහළ බෑවුමේ පරීක්ෂිත භූමිය පිහිටා ඇත",2021-07-11T00:00:00,2021-07-20T00:00:00,,අධික වර්ෂාව,,,,6.73314,81.023398
Slope Failure,SF,NBRO/LRRMD-BDL/BDU/HALDUM/LI/21/0060,BDU210082,Badulla,Haldummulla,2021-10-20T00:00:00,Manthenna,156B,"සිංගාරවත්ත, රන්වන් ගුහාව, කිරවනාගම","සිංගාරවත්ත, රන්වන් ගුහාව, කිරවනාගම",,2021-11-17T00:00:00,,,ගොඩනැගිල්ලේ ව්‍යුහාත්මක දුර්වලතා ප්‍රධාන කොටගෙන අස්ථාවරතා හටගෙන තිබේ.,,,,6.745282,80.914877
Slope Failure,SF,NBRO/LRRMD-BDL/BDU/WELIMA/LI/21/0090,BDU210112,Badulla,Welimada,2021-02-17T00:00:00,Welimada Town,52A,"මූලික රෝහල, වැලිමඩ","මූලික රෝහල, වැලිමඩ",,2021-03-31T00:00:00,,,,,,,6.9085492,80.9094324
Slope Failure,SF,NBRO/LRRMD-BDL/BDU/PASSAR/LI/21/0165,BDU210187,Badulla,Passara,2021-01-27T00:00:00,Gonagala West,88C,"ඔෂාන්, ගෝණගල, පස්සර","ඔෂාන්, ගෝණගල, පස්සර",බදුල්ල - පස්සර මාර්ගයෙන් ගෝණගල පස්සර අතුරු මාර්ගයේ 3Km පමණ ගමන් කිරීමෙන් මෙම ස්ථානයට ළඟා විය හැකිය,2021-02-18T00:00:00,2021-01-11T00:00:00,,,,,,6.934921,81.142104
Slope Failure,SF,NBRO/LRRMD-BDL/BDU/PASSAR/LI/21/0179,BDU210201,Badulla,Passara,2021-05-20T00:00:00,Kahataruppa,19A,"කහටරුප්ප, බදුල්ල","කහටරුප්ප, බදුල්ල","බදුල්ල නගරයේ සිට පේරාදෙණිය චෙන්කලාඩි මාර්ගයේ 2 කණුව දක්වා ගමන් කර, මුතුමාල කහටරුප්ප මාර්ගයේ 13 km ක",2020-12-01T00:00:00,2020-05-19T00:00:00,,,,,,7.022768,81.11687
Slope Failure,SF,NBRO/LRRMD-BDL/BDU/PASSAR/LI/21/0183,BDU210205,Badulla,Passara,2021-07-30T00:00:00,Ambathenne,88F,"පස්සර මුස්ලිම් විදුහල, D.S. සේනානායක මාවත, පස්සර","පස්සර මුස්ලිම් විදුහල, D.S. සේනානායක මාවත, පස්සර",පස්සර නගරයේ සිට D.S. සේනානායක මාවතේ 1 km ක් පමණ ගමන් කිරීමෙන් මෙම ස්ථානයට ළගාවිය හැකිය,2021-08-05T00:00:00,2021-07-12T00:00:00,,,,,,6.933998,81.159589
Slope Failure,SF,NBRO/LRRMD-BDL/BDU/PASSAR/LI/21/0198,BDU210220,Badulla,Passara,2021-10-29T00:00:00,Kanahela,88A,"සඟබෝ මාවත, පස්සර","සඟබෝ මාවත, පස්සර",පස්සර නගරයේ සිට සඟබෝ මාවත ඔස්සේ 1 km පමණ ගමන් කිරීමෙන් අදාළ ස්ථානයට ළඟා විය හැක.,2021-11-03T00:00:00,2021-11-02T00:00:00,21:00,,,,,6.938504,81.150844
Slope Failure,SF,NBRO/LRRMD-BDL/BDU/PASSAR/LI/21/0199,BDU210221,Badulla,Passara,2021-11-12T00:00:00,Ambathenne,88F,"අංක 46, D.S. සේනානායක මාවත, පස්සර","අංක 46, D.S. සේනානායක මාවත, පස්සර",පස්සර නගරයේ සිට D.S. සේනානායක මාවතේ 900 m පමණ ගමන් කිරීමෙන් අදාළ ස්ථානයට ළඟාවිය හැකිය.,2021-12-03T00:00:00,2021-11-29T00:00:00,13:30,,,,,6.933084,81.160429
Slope Failure,SF,NBRO/LRRMD-BDL/BDU/BANDAR/LI/21/0257,BDU210279,Badulla,Bandarawela,2021-06-10T00:00:00,Thanthiriya,66G,"අංක 38, මැදහින්න, කිණිගම, බණ්ඩාරවෙල","අංක 38, මැදහින්න, කිණිගම, බණ්ඩාරවෙල",,2021-07-10T00:00:00,2021-07-10T00:00:00,04:00,පොළව තුළට ජලය කාන්දු වීම / ගලායාම මගින් පිහිටි පාෂාණය හා පාංශු අතරින් ලිහිටුම් තලාවක් සකස් වීම,,,,6.835756,81.005087
Slope Failure,SF,NBRO/LRRMD-BDL/BDU/BANDAR/LI/21/0261,BDU210283,Badulla,Bandarawela,2021-07-12T00:00:00,Kinigama,66,"නො 59, කරගල් වත්ත, කිණිගම, බණ්ඩාරවෙල","නො 59, කරගල් වත්ත, කිණිගම, බණ්ඩාරවෙල",,2021-07-30T00:00:00,2021-07-11T00:00:00,,,,,,6.827439,81.009209
Slope Failure,SF,NBRO/LRRMD-BDL/BDU/HALI-E/LI/21/0299,BDU210321,Badulla,Hali-Ela,2021-01-04T00:00:00,Udakohovila,74F,"පල්ලේ අරාව, උඩකොහොවිල, ලන්දේවෙල","පල්ලේ අරාව, උඩකොහොවිල, ලන්දේවෙල",,2021-01-05T00:00:00,2019-12-11T00:00:00,,අධික වර්ෂාව,,,,6.995892,81.037161
Slope Failure,SF,NBRO/LRRMD-BDL/BDU/HALI-E/LI/21/0304,BDU210326,Badulla,Hali-Ela,2021-01-13T00:00:00,Mugunuatha West,73C,"උඩුවර, නීලබෝවල, හාලිඇල","උඩුවර, නීලබෝවල, හාලිඇල",,2021-01-21T00:00:00,,,අධික වර්ෂාවත්,,,,6.93021,81.056115
Slope Failure,SF,NBRO/LRRMD-BDL/BDU/HALI-E/LI/21/0331,BDU210353,Badulla,Hali-Ela,2021-08-12T00:00:00,Wewelhinna,85A,"ප්‍රියාවාස, කන්දේඅරාව, රිල්පොල","ප්‍රියාවාස, කන්දේඅරාව, රිල්පොල",බදුල්ල - වේවැල්හින්න මාර්ගයේ 5 km ක් පමණ ගමන් කිරීමෙන් පසු මාර්ගයේ වම් පසින් නිවස පිහිටා ඇත.,2021-09-16T00:00:00,,,,,,,6.934499,81.0686
Slope Failure,SF,NBRO/LRRMD-BDL/BDU/HALI-E/LI/21/0345,BDU210367,Badulla,Hali-Ela,2021-07-26T00:00:00,Bogoda,76,"අම්පිටිහේන, මහකුඹුර, ලන්දෙවෙල","අම්පිටිහේන, මහකුඹුර, ලන්දෙවෙල",බදුල්ල කැටවල ලන්දෙවෙල මාර්ගයේ ලන්දෙ‌වෙල මහා විද්‍යාල මාර්ගයේ 1 km පමණ ගමන් කිරීමෙන් අදාල ස්ථානයට,2021-11-16T00:00:00,,,අධික වර්ෂාව,,,,7.001306,81.00038
Slope Failure,SF,NBRO/LRRMD-BDL/BDU/ELLA/LI/21/0397,BDU210419,Badulla,Ella,2021-06-23T00:00:00,Dowa,69D,"දික්අරාව, දෝව, ඇල්ල","දික්අරාව, දෝව, ඇල්ල",,2021-06-29T00:00:00,2021-06-23T00:00:00,,අධික වර්ෂාව,,,,6.845459,81.016786
Slope Failure,SF,NBRO/LRRMD-BDL/BDU/ELLA/LI/21/0409,BDU210431,Badulla,Ella,2021-08-31T00:00:00,Dowa,69D,"අංක 320, අළුත්ගම, බිඳුනුවැව, බණ්ඩාරවෙල","අංක 320, අළුත්ගම, බිඳුනුවැව, බණ්ඩාරවෙල",,2021-09-10T00:00:00,,,"උමා ඔය බහු කාර්ය සංවර්ධන ව්‍යාපෘතිය ක්‍රියාත්මක කිරීමේදී, ප්‍රධාන උමගේ සිදු වූ ජල කාන්දුව නිසා",,,,6.84925,81.00905
Slope Failure,SF,NBRO/LRRMD-BDL/BDU/ELLA/LI/21/0411,BDU210433,Badulla,Ella,2021-08-31T00:00:00,Dowa,69D,"අංක 310 / 01, අළුත්ගම, බිඳුනුවැව, බණ්ඩාරවෙල","අංක 310 / 01, අළුත්ගම, බිඳුනුවැව, බණ්ඩාරවෙල",,2021-09-10T00:00:00,,,,,,,6.847234,81.008586
Slope Failure,SF,NBRO/LRRMD-BDL/BDU/ELLA/LI/21/0459,BDU210481,Badulla,Ella,2021-10-26T00:00:00,Hettipola,69G,"වසමේ රිවර් වැලි ෆාම්, හෙට්ටිපොළ වත්ත, ඇල්ල","වසමේ රිවර් වැලි ෆාම්, හෙට්ටිපොළ වත්ත, ඇල්ල",,2021-10-31T00:00:00,,,,,,,6.825869,80.998157
Slope Failure,SF,NBRO/LRRMD-BDL/BDU/ELLA/LI/21/0467,BDU210489,Badulla,Ella,2021-10-25T00:00:00,Medawela West,72G,"වසමේ දෙමෝදර, නාවෙලගම, මැදවෙල, ඊරිබිස්ස අරාව","වසමේ දෙමෝදර, නාවෙලගම, මැදවෙල, ඊරිබිස්ස අරාව",,2021-10-27T00:00:00,2021-10-24T00:00:00,,අධික වර්ෂාව,,,,6.893193,81.056176
Slope Failure,SF,NBRO/LRRMD-BDL/BDU/SORANA/LI/21/0530,BDU210552,Badulla,Soranathota,2021-12-01T00:00:00,Idamegama,27B,"කුසුමසිරි, ඇස්වැද්දුම, තැන්නේපංගුව","කුසුමසිරි, ඇස්වැද්දුම, තැන්නේපංගුව",,2021-10-08T00:00:00,,,,,,,7.0688166,81.018702
Slope Failure,SF,NBRO/LRRMD-BDL/BDU/UVA-PA/LI/21/0549,BDU210571,Badulla,Uva-Paranagama,2021-01-11T00:00:00,Weliulla,54A,"උස්ඉන්න, වැලිඋල්ල, ලූණුවත්ත","උස්ඉන්න, වැලිඋල්ල, ලූණුවත්ත",ලූණුවත්ත උණපාන මාර්ගය ඔස්සේ වැලිඋල්ල මාර්ගයේ 5km පමණ ගමන් කිරීමෙන් අදාළ ස්ථානයට ළඟා විය හැකිය.,2020-07-08T00:00:00,,,අධික සිරස් උසකින් යුත් කණ්ඩි පිහිටා තිබීම,,,,6.949,80.94478
Slope Failure,SF,NBRO/LRRMD-BDL/BDU/LUNUGA/LI/21/0590,BDU210612,Badulla,Lunugala,2021-09-24T00:00:00,Lunugala Town,94A,"පත්තිනිකුඹුර මාර්ගයේ දෙවෙනි වංගුව, ලුණුගල","පත්තිනිකුඹුර මාර්ගයේ දෙවෙනි වංගුව, ලුණුගල",,2021-09-28T00:00:00,,,,,,,7.038561,81.199707
Slope Failure,SF,NBRO/LRRMD-BDL/BDU/LUNUGA/LI/21/0597,BDU210619,Badulla,Lunugala,2021-03-03T00:00:00,Metigahathenne,18,"සෞම්‍ය සෙවන, මැටිගහතැන්න","සෞම්‍ය සෙවන, මැටිගහතැන්න",,2021-05-08T00:00:00,,,2021 ජනවාරි හෝ පෙබරවාරි මස අධික වර්ෂාව සහ නිසි පරිදි බෑවුම් ස්ථාවර නොකිරීම,,,,7.077277,81.150678
Slope Failure,SF,NBRO/LRRMD-BDL/BDU/BADULL/LI/21/0602,BDU210624,Badulla,Badulla,2021-01-20T00:00:00,Hingurugamuwa,78E,"ශ්‍රී රතනපාලාරාම විහාරය, හිඟුරුගමුව, බදුල්ල","ශ්‍රී රතනපාලාරාම විහාරය, හිඟුරුගමුව, බදුල්ල",බදුල්ල නගරයේ සිට බදුල්ල හිඟුරුගමුව මාර්ගයේ 3km ක් පමණ ගමන් කිරීමේදී අදාළ විහාරස්ථානය පිහිටා ඇත.,2021-01-20T00:00:00,,,අධික වර්ෂාව,,,,6.973198,81.066233
Slope Failure,SF,NBRO/LRRMD-BDL/BDU/BADULL/LI/21/0621,BDU210643,Badulla,Badulla,2021-01-06T00:00:00,Hinnarangolla,81A,"49, හින්නාරංගොල්ල, කැන්දගොල්ල, බදුල්ල","49, හින්නාරංගොල්ල, කැන්දගොල්ල, බදුල්ල",බදුල්ල පේරාදෙණිය (A5) මාර්ගයේ ඉදිරියට කර මලන්ගමුව මාර්ගයට පිවිස එම මාර්ගයේ (5km) ක් පමණ ඉදිරියට ගමන්,2021-07-07T00:00:00,2021-01-13T00:00:00,,අධික වර්ෂාව,,,,7.003903,81.100687
Slope Failure,SF,NBRO/LRRMD-BDL/BDU/BADULL/LI/21/0633,BDU210655,Badulla,Badulla,2021-07-05T00:00:00,Viyadiguna,80E,"අංක 53/8A,  කැප්පෙටිපොළ පාර, බදුල්ල","අංක 53/8A,  කැප්පෙටිපොළ පාර, බදුල්ල",,2021-11-27T00:00:00,2021-11-26T00:00:00,,අධික වර්ෂාව,,,,6.992076,81.078321
Slope Failure,SF,NBRO/LRRMD-BDL/BDU/BADULL/LI/21/0640,BDU210662,Badulla,Badulla,2021-05-21T00:00:00,Hegoda,79,"කෝපිවත්ත, ඇලපාර, හෑගොඩ, බදුල්ල","කෝපිවත්ත, ඇලපාර, හෑගොඩ, බදුල්ල",,2021-11-05T00:00:00,,,,,,,6.989221,81.069213
Slope Failure,SF,NBRO/LRRMD-BDL/BDU/BADULL/LI/21/0654,BDU210676,Badulla,Badulla,2021-12-15T00:00:00,Ilukthenna,80B,"අංක 24, ගුරු ගම්මානය, ඉලුක්තැන්න, බදුල්ල","අංක 24, ගුරු ගම්මානය, ඉලුක්තැන්න, බදුල්ල",,2021-12-20T00:00:00,,,,,,,6.991559,81.082943
Slope Failure,SF,NBRO/LRRMD-BDL/BDU/HALI-E/LI/22/0216,BDU220217,Badulla,Hali-Ela,2022-01-10T00:00:00,Dehivinna,56,"ගස්ගොල්ල, දෙහිවින්න, ඇටම්පිටිය","ගස්ගොල්ල, දෙහිවින්න, ඇටම්පිටිය",,2021-12-23T00:00:00,2020-12-01T00:00:00,,අධික වර්ෂාව,,,,6.923542,80.97328
Slope Failure,SF,NBRO/LRRMD-BDL/BDU/HALI-E/LI/22/0236,BDU220237,Badulla,Hali-Ela,2022-01-04T00:00:00,Welikemulla,82A,"94/3, දළදා ඇළ පාර, කණුපැලැල්ල, බදුල්ල","94/3, දළදා ඇළ පාර, කණුපැලැල්ල, බදුල්ල",,2022-01-11T00:00:00,2021-12-18T00:00:00,,අධික වර්ෂාව,,,,6.969948,81.064334
Slope Failure,SF,NBRO/LRRMD-BDL/BDU/HALI-E/LI/22/0259,BDU220260,Badulla,Hali-Ela,2022-01-12T00:00:00,Mugunuatha West,73C,"රොකතැන්න වත්ත දකුණු කොටස, මුගුණුමත බටහිර, හාලිඇල","රොකතැන්න වත්ත දකුණු කොටස, මුගුණුමත බටහිර, හාලිඇල",,2022-01-27T00:00:00,2021-10-31T00:00:00,,වර්ෂාව,,,,6.943421,81.030903
Slope Failure,SF,NBRO/LRRMD-BDL/BDU/HALI-E/LI/22/0270,BDU220271,Badulla,Hali-Ela,2022-03-22T00:00:00,Ketawala,75C,"වටගොඩ, කැටවල, ලන්දේවෙල","වටගොඩ, කැටවල, ලන්දේවෙල",,2022-04-21T00:00:00,,,,,,,6.99283,81.01668
Slope Failure,SF,NBRO/LRRMD-BDL/BDU/HALI-E/LI/22/0271,BDU220272,Badulla,Hali-Ela,2022-03-24T00:00:00,Ketawala,75C,"වටගොඩ, කැටවල, ලන්දේවෙල","වටගොඩ, කැටවල, ලන්දේවෙල",,2022-04-21T00:00:00,,,,,,,6.99351,81.01668
Slope Failure,SF,NBRO/LRRMD-BDL/BDU/MEEGAH/LI/22/0342,BDU220343,Badulla,Meegahakivula,2022-01-11T00:00:00,Polgaha Arawa,22E,"D.M. සමන්තිකා, පොල්ගහඅරාව","D.M. සමන්තිකා, පොල්ගහඅරාව",මීගහකිවුල සිට මහනුවර මාර්ගයේ ගමන් ගන්නා විට හමුවන අරාව මංසන්ධියෙන් අරාව මාර්ගයේ ගමන්කොට පොල්ග,2022-01-18T00:00:00,,,,,,,7.143074,81.08828
Slope Failure,SF,NBRO/LRRMD-BDL/BDU/ELLA/LI/22/0390,BDU220391,Badulla,Ella,2022-02-23T00:00:00,Ella,68B,"සදර්ලන්ඩ් වත්ත, ඇල්ල","සදර්ලන්ඩ් වත්ත, ඇල්ල",,2022-04-27T00:00:00,,,,,,,6.87247,81.05788
Slope Failure,SF,NBRO/LRRMD-BDL/BDU/ELLA/LI/22/0397,BDU220398,Badulla,Ella,2022-03-15T00:00:00,Demodara,68I,"තුරුසිසිල, නාඋල්ල, දෙමෝදර","තුරුසිසිල, නාඋල්ල, දෙමෝදර",,2022-03-14T00:00:00,2021-11-01T00:00:00,,අධික වර්ෂාව,,,,6.89561,81.058945
Slope Failure,SF,NBRO/LRRMD-BDL/BDU/ELLA/LI/22/0502,BDU221110,Badulla,Ella,2022-09-30T00:00:00,Palleperuwa,69C,බායි බංගලාව අසළ,"බායි බංගලාව අසළ, කොළතැන්න.",,2022-06-30T00:00:00,,,,,,,6.841343,81.008808
Slope Failure,SF,NBRO/LRRMD-BDL/BDU/HAPUTA/LI/22/0580,BDU221235,Badulla,Haputale,2022-11-27T00:00:00,Diyathalawa,63B,"අංක 11, ප්‍රාදේශීය සභාව ඉදිරිපස, හපුතලේ පාර, දියතලාව","අංක 11, ප්‍රාදේශීය සභාව ඉදිරිපස, හපුතලේ පාර, දියතලාව","දියතලාව හපුතලේ මාර්ගයේ, හපුතලේ ප්‍රාදේශීය සභා ගොඩනැගිල්ල ආසන්නය  දක්වා ගමන් කර ඉන් අනතුරුව එම ග",2022-11-28T00:00:00,2022-11-27T00:00:00,14:00,අධික වර්ෂාව,,,,6.806223,80.95846
Slope Failure,SF,NBRO/LRRMD-BDL/BDU/BADULL/LI/22/0415,BDU221342,Badulla,Badulla,2022-07-27T00:00:00,Glen Alpin Estate,80H,"5 කණුව, වේවැස්ස වත්ත ඉහළ කොටස, වේවැස්ස වත්ත","5 කණුව, වේවැස්ස වත්ත ඉහළ කොටස, වේවැස්ස වත්ත",බදුල්ල නගරයේ සිට බදුල්ල - පස්සර මාර්ගයේ 9 km ක් පමණ ගමන් කිරීමේදි ප්‍රධාන මාර්ගයේ දකුණු පස ඉහළ බෑවු,2022-07-27T00:00:00,2022-07-25T00:00:00,,,,,,6.95933,81.1048
Slope Failure,SF,NBRO/LRRMD-BDL/BDU/HALDUM/LI/22/0433,BDU221360,Badulla,Haldummulla,2022-01-01T00:00:00,Amilagama,157E,"ඕක්වෙල් වත්ත, අමිලගම, හල්දුම්මුල්ල","ඕක්වෙල් වත්ත, අමිලගම, හල්දුම්මුල්ල",,2022-01-04T00:00:00,2021-12-15T00:00:00,,අධික වර්ෂාව,,,,6.751624,80.896336
Slope Failure,SF,NBRO/LRRMD-BDL/BDU/SORANA/LI/22/0442,BDU221380,Badulla,Soranathota,2022-01-03T00:00:00,Kosgolls,25D,"නිලංක නිවස, හුඹහමඩ, කැන්දගොල්ල, බදුල්ල","නිලංක නිවස, හුඹහමඩ, කැන්දගොල්ල, බදුල්ල",,2022-06-06T00:00:00,,,,,,,7.01723,81.08093
Slope Failure,SF,NBRO/LRRMD-BDL/BDU/ELLA/LI/22/0460,BDU221399,Badulla,Ella,2022-05-26T00:00:00,Halpe,68,"දෙහිගොල්ල, හෙලහල්පේ","දෙහිගොල්ල, හෙලහල්පේ",,2022-04-13T00:00:00,2022-04-12T00:00:00,,අධික වර්ෂාවත් සමග පාංශු ජල ප්‍රතිශතය ඉහළ යාම,,,,6.887437,81.034043
Slope Failure,SF,NBRO/LRRMD-BDL/BDU/WELIMA/LI/23/0015,BDU230073,Badulla,Welimada,2023-01-19T00:00:00,Udakendagolla,62J,"වැලිමඩ, නායබුන්න","නායබුන්න, රත්කරව්ව, වැලිමඩ",,2022-11-09T00:00:00,,,ඉහළ බැවුමේ එක් රැස් වූ වර්ෂා ජලය කණ්ඩිය දෙසට ගමන් කිරීමෙන් ඇතිවූ පාංශු ඛාදනයෙන් ද වර්ෂා ජලය භූමි,,,,6.815431,80.91845
Slope Failure,SF,NBRO/LRRMD-BDL/BDU/UVA-PA/LI/23/0018,BDU230076,Badulla,Uva-Paranagama,2023-01-19T00:00:00,Yahala Arawa,53C,"උඩමලිත්ත, යහලඅරාව, බෝවල, වැලිමඩ.","උඩමලිත්ත, යහලඅරාව, බෝවල, වැලිමඩ.",බදුල්ල - වැලිමඩ-කොටවර මාර්ගයේ කිලෝමීටර් 4ක් පමණ කොටවර දෙසට ගමන් කිරීමෙන් අදාල ස්ථානයට ළඟා විය හැ,2022-08-25T00:00:00,,,,,,,6.932927,80.938105
Slope Failure,SF,NBRO/LRRMD-BDL/BDU/WELIMA/LI/23/0064,BDU230251,Badulla,Welimada,2023-02-27T00:00:00,Puhulpola,58B,"පුහුල්පොල, වැලිමඩ","පුහුල්පොල, වැලිමඩ",පුහුල්පොල ග්‍රාම නිලධාරී වසමේ උමා ඔය ව්‍යාපෘතියට පිවිසෙන පහල ගේට්ටුව අසල මාර්ගයෙන් දකුණු පස ඉහ,2023-03-02T00:00:00,,,,,,,6.9142,80.93588
Slope Failure,SF,NBRO/LRRMD-BDL/BDU/ELLA/LI/23/0075,BDU230316,Badulla,Ella,2023-03-31T00:00:00,Karandagolla,69A,"ඇල්ල, ඌව කරඳගොල්ල.","ඇල්ල, ඌව කරඳගොල්ල.",,2023-03-29T00:00:00,,,,,,,6.836815,81.072104
Slope Failure,SF,NBRO/LRRMD-BDL/BDU/BADULL/LI/23/0078,BDU230319,Badulla,Badulla,2023-03-31T00:00:00,Udawela,80D,"අංක 1/2, සමගිගම, විනීතගම, බදුල්ල.","අංක 1/2, සමගිගම, විනීතගම, බදුල්ල.",බදුල්ල නගරයේ සිට බදුල්ල-පස්සර මාර්ගයේ දෙකේ කණුව මංසන්දියෙන් පිහිටි විනීතගම-තෙල්බැද්ද මාර්ගය ඔ,2023-04-27T00:00:00,,,,,,,6.97992,81.08826
Slope Failure,SF,NBRO/LRRMD-BDL/BDU/WELIMA/LI/23/0104,BDU230386,Badulla,Welimada,2023-05-11T00:00:00,Boralanda,62B,M.L.M.N. ජයනෙත්ති,"හෙලයල් කුඹුර, වැලිමඩ",,2023-05-09T00:00:00,,,අධික වර්ෂාව,,,,6.83888,80.89979
Slope Failure,SF,NBRO/LRRMD-BDL/BDU/WELIMA/LI/23/0113,BDU230395,Badulla,Welimada,2023-05-11T00:00:00,Puhulpola,58B,පුහුල්පොල,වැලිමඩ - බදුල්ල ප්‍රධාන මාර්ගයේ පුහුල්පොල උමා ඔය ව්‍යාපෘතියට පිවිසෙන පහල ගේට්ටුව අසල,බදුල්ල - වැලිමඩ මාර්ගයේ බදුල්ලේ සිට වැලිමඩ දෙසට කිලෝමීටර් 30ක් පමණ  ගමන් කිරීමෙන් අදාල ස්ථානයට ළග,2023-04-20T00:00:00,,,ඉහලින් පිහිටි ඇල මාර්ගයේ ජලය කඳු වීම සහ කණ්ඩිය අධික උසකින් යුක්ත වීම නිසා බැවුම අස්ථාවර වී ඇත.,,,,6.91473,80.93772
Slope Failure,SF,NBRO/LRRMD-BDL/BDU/BADULL/LI/23/0114,BDU230405,Badulla,Badulla,2023-05-08T00:00:00,Badulla West,78C,"4/12, පළමු පටුමග, කැප්පෙටිපොල පාර, බදුල්ල","4/12, පළමු පටුමග, කැප්පෙටිපොල පාර, බදුල්ල",බදුල්ල නගරයේ සිට බදුල්ල-බණ්ඩාරවෙල මාර්ගයේ 2km ක් පමණ ගමන් කිරීමේදී හමුවන කැප්පෙටිපොල මාර්ගයේ 1 km ක,2023-05-09T00:00:00,2023-05-04T00:00:00,,අධික වර්ෂාව,,,,6.994441,81.0483533
Slope Failure,SF,NBRO/LRRMD-BDL/BDU/BANDAR/LI/23/0118,BDU230409,Badulla,Bandarawela,0001-01-01T00:00:00,Liyangahawela Watta,70D,"බ්‍රෝටන් වත්ත පහළ කොටස,","බ්‍රෝටන් වත්ත පහළ කොටස, පේළි නිවාස අංක 04",,2023-04-25T00:00:00,2023-04-24T00:00:00,,,,,,6.804444,81.046817
Slope Failure,SF,NBRO/LRRMD-BDL/BDU/BANDAR/LI/23/0119,BDU230410,Badulla,Bandarawela,0001-01-01T00:00:00,Liyangahawela Watta,70D,Broton estate,"Line no. 2, Broton Estate.",,2023-04-25T00:00:00,2023-04-24T00:00:00,,,,,,6.804657,81.046393
Slope Failure,SF,NBRO/LRRMD-BDL/BDU/LUNUGA/LI/23/0123,BDU230424,Badulla,Lunugala,2023-05-16T00:00:00,Madulsima,89C,"වැරැල්ලපතන වත්ත, ඉහළ කොටස 2A, පේළි නිවාස අංක 01.",,,2023-05-08T00:00:00,2023-05-04T00:00:00,,,,,,7.02716,81.16369
Slope Failure,SF,NBRO/LRRMD-BDL/BDU/BADULL/LI/23/0127,BDU230435,Badulla,Badulla,2023-05-18T00:00:00,Andeniya,79A,"අංක 79A, සමන්තා නිවස, හෙලවත්ත, බදුල්ල.","අංක 79A, සමන්තා නිවස, හෙලවත්ත, බදුල්ල.",බදුල්ල නගරයේ සිට බදුල්ල-මහියංගන මාර්ගයේ 1.5 km ක් පමණ ගමන් කිරීමේදී හමුවන කයිලගොඩ මංසන්ධියෙන් අන්ද,2023-05-18T00:00:00,,,,,,,6.997901,81.065142
Slope Failure,SF,NBRO/LRRMD-BDL/BDU/LUNUGA/LI/23/0131,BDU230446,Badulla,Lunugala,2023-05-24T00:00:00,Batawatta,18D,කුරුවිගොල්ල පාලම අසල මාර්ගයට ඉහළ බෑවුම අස්ථාවර වීම,කුරුවිගොල්ල පාලම අසල,,2023-05-08T00:00:00,2023-05-04T00:00:00,,අධික වර්ෂාව.,,,,7.059031,81.168979
Slope Failure,SF,NBRO/LRRMD-BDL/BDU/WELIMA/LI/23/0141,BDU230467,Badulla,Welimada,2023-05-04T00:00:00,Hulankapolla,49C,"486, පන්සල පතන හග්ගල","486, පන්සල පතන හග්ගල",,2023-06-06T00:00:00,,,,,,,6.92584,80.84503
Slope Failure,SF,NBRO/LRRMD-BDL/BDU/WELIMA/LI/23/0146,BDU230498,Badulla,Welimada,2023-05-03T00:00:00,Welimada Town,52A,වැලිමඩ පොලිස්ථානය,වැලිමඩ පොලිස්ථානය,,2023-05-09T00:00:00,,,,,,,6.7855,80.90478
Slope Failure,SF,NBRO/LRRMD-BDL/BDU/BANDAR/LI/23/0168,BDU230541,Badulla,Bandarawela,2023-06-27T00:00:00,Konthaheta,67A,"අංක 52/1,පනංගල, ඌව මලිත්ත, බණ්ඩාරවෙල.","අංක 52/1,පනංගල, ඌව මලිත්ත, බණ්ඩාරවෙල.",-,2023-06-20T00:00:00,2022-08-10T00:00:00,,,,,,6.867463,80.971002
Slope Failure,SF,NBRO/LRRMD-BDL/BDU/LUNUGA/LI/23/0169,BDU230542,Badulla,Lunugala,2023-06-27T00:00:00,Batawatta,18D,"බටවත්ත වතුයාය, මඩොල්සිම.","බටවත්ත වතුයාය, මඩොල්සිම.",,2023-06-07T00:00:00,2023-05-10T00:00:00,,,,,,7.059188,81.161818
Slope Failure,SF,NBRO/LRRMD-BDL/BDU/HALI-E/LI/23/0184,BDU230575,Badulla,Hali-Ela,2023-06-08T00:00:00,Unagolla,84A,"බ/අලුබෝමුල්ල විද්‍යාලය, හාලිඇල","බ/අලුබෝමුල්ල විද්‍යාලය, හාලිඇල",බදුල්ල නගරයේ සිට බදුල්ල - එලදලුව - සිල්පොලගම මාර්ගයේ 8.5 km ක් පමණ ගමන් කිරීමේදී අලුබෝගොල්ල විද්‍යාල,2023-07-13T00:00:00,,,,,,,6.958226,81.0485092
Slope Failure,SF,NBRO/LRRMD-BDL/BDU/KANDAK/LI/23/0185,BDU230578,Badulla,Kandaketiya,2023-07-06T00:00:00,Mahakele,31F,"මහකැලේ, කන්දකැටිය","මහකැලේ, කන්දකැටිය",බදුල්ල නගරයේ සිට බදුල්ල -මහනුවර රජ මාවත ඔස්සේ 35 km ක් පමණ ගමන් කිරීමේදී හමුවන මහකැලේ-කන්දකැටිය මාර,2023-07-07T00:00:00,,,,,,,7.195747,80.998396
Slope Failure,SF,NBRO/LRRMD-BDL/BDU/PASSAR/LI/23/0194,BDU230589,Badulla,Passara,2023-07-11T00:00:00,Maussagolla West,87A,"බ/මාවුස්සාගොල්ල විද්‍යාලය, පස්සර","බ/මාවුස්සාගොල්ල විද්‍යාලය, පස්සර",පස්සර - බදුල්ල මාර්ගයේ 10 කණුව මංසන්ධියෙන් නමුණුකුල දෙසට කි.මි.3ක් පමණ ගමකොට බිබිලේගම මාර්ගය ඔස්සේ,2023-06-16T00:00:00,2023-06-13T00:00:00,,,,,,6.906476,81.141812
Slope Failure,SF,NBRO/LRRMD-BDL/BDU/BADULL/LI/23/0196,BDU230610,Badulla,Badulla,2023-07-07T00:00:00,Badulla Central,78D,"නඩුකාර කන්ද, බදුල්ල","නඩුකාර කන්ද, බදුල්ල",-,2023-07-14T00:00:00,,,,,,,6.985442,81.04967
Slope Failure,SF,NBRO/LRRMD-BDL/BDU/BANDAR/LI/23/0197,BDU230611,Badulla,Bandarawela,2023-02-14T00:00:00,Thanthiriya,66G,"අංක 21/3, නන්දන උයන, උඩුහුල්පොත, බණ්ඩාරවෙල","අංක 21/3, නන්දන උයන, උඩුහුල්පොත, බණ්ඩාරවෙල",,2023-02-16T00:00:00,,,,,,,6.835646,81.001857
Slope Failure,SF,NBRO/LRRMD-BDL/BDU/WELIMA/LI/23/0201,BDU230627,Badulla,Welimada,2023-07-13T00:00:00,Alakolagala,49D,"වෝරවික් වත්ත, මාටින් කොටස, බොරගස්.","වෝරවික් වත්ත, මාටින් කොටස, බොරගස්.",වැලිමඩ නගරයේ සිට බොරගස් වෙත ගමන් කර බොරගස්-අඹේවෙල මාර්ගයේ 4km ක් පමණ ගමන් කිරීමේදී මාර්ගයේ වම් පස,2023-07-18T00:00:00,,,,,,,6.9009296,80.824114
Slope Failure,SF,NBRO/LRRMD-BDL/BDU/WELIMA/LI/23/0222,BDU230700,Badulla,Welimada,2023-08-16T00:00:00,Keppetipola,50D,"අම්බලම හන්දිය,හන්තානංගොඩ","අම්බලම හන්දිය,හන්තානංගොඩ",කැප්පෙටිපොල නගරයේ සිට හෙවනකුඹුර මාර්ගයේ 1.5 km ක් පමණ ගමන් කිරීමේදී මාර්ගයේ වම් පස පරික්ෂිත ස්ථානය,2023-08-15T00:00:00,,,,,,,6.885924,80.859918
Slope Failure,SF,NBRO/LRRMD-BDL/BDU/WELIMA/LI/23/0223,BDU230701,Badulla,Welimada,2023-08-16T00:00:00,Medagedaragama,59C,"02 කණුව,හපුතලේ පාර,දඹවින්න","02 කණුව,හපුතලේ පාර,දඹවින්න",වැලිමඩ නගරයේ සිට වැලිමඩ-බොරලන්ද මාර්ගයේ ගමන් කිරීමේදී හමුවන වැරැල්ලපතන-අලකොලමණ්ඩිය මාර්ගයේ 500 m,2023-08-15T00:00:00,,,,,,,6.8853163,80.9093802
Slope Failure,SF,NBRO/LRRMD-BDL/BDU/WELIMA/LI/23/0226,BDU230719,Badulla,Welimada,2023-08-17T00:00:00,Hewanakumbura,50F,"හෙවනකුඹුර,වැලිමඩ","මෙතෝදිස්ත සභාව, නුවරඑළිය   පාර, වැලිමඩ",වැලිමඩ නගරයේ සිට වැලිමඩ නුවරඑලිය මාර්ගයේ කිලෝමීටරයක්  පමණ ගමන් කිරීමේදී පරික්ෂිත ඉඩම පිහිටා ඇත,2023-08-15T00:00:00,,,,,,,6.902019,80.90196
Slope Failure,SF,NBRO/LRRMD-BDL/BDU/HALI-E/LI/23/0234,BDU230758,Badulla,Hali-Ela,2023-09-08T00:00:00,Samagipura,74C,"ආරාධනා ගෙස්ට්, නුවරඑළිය පාර, හාලිඇල","ආරාධනා ගෙස්ට්, නුවරඑළිය පාර, හාලිඇල",බදුල්ල නගරයේ සිට කිලෝමීටර 6 ක පමණ දුරක් ගමන් කර හාලිඇල නගරයට ළගා විය හැකි අතර එම මංසන්ධියෙන් නුවර,2023-08-10T00:00:00,,,ඉදිකිරීම්හි ව්‍යුහාත්මක අස්ථාවර වීම් හා භූමියේ පාංශු ඛාදනය වීම්,,,,6.954191,81.023675
Slope Failure,SF,NBRO/LRRMD-BDL/BDU/BANDAR/LI/23/0237,BDU230793,Badulla,Bandarawela,2023-05-22T00:00:00,Bindunuwewa,67B,"අංක 9/2, දික්උල්පත, බිඳුණුවැව, බණ්ඩාරවෙල","අංක 9/2, දික්උල්පත, බිඳුණුවැව, බණ්ඩාරවෙල",,2023-06-20T00:00:00,,,,,,,6.847761,81.006539
Slope Failure,SF,NBRO/LRRMD-BDL/BDU/WELIMA/LI/23/0241,BDU230801,Badulla,Welimada,2023-09-13T00:00:00,Wangiyakumbura,62D,"දුහුල්බැද්ද, කන්දෙපුහුල්පොල.","දුහුල්බැද්ද, කන්දෙපුහුල්පොල.",බොරලන්ද නගරයේ සිට හපුතලේ මාර්ගයේ 10km ක් පමණ ගමන් කර වංගියකුඹුරෙන් කන්දේපුහුල්පොල අතුරු මාර්ගයේ,2023-09-12T00:00:00,,,,,,,6.832608,80.86418
Slope Failure,SF,NBRO/LRRMD-BDL/BDU/WELIMA/LI/23/0243,BDU230805,Badulla,Welimada,2023-09-13T00:00:00,Ambagahakumbura,48,"වැලිමඩගම, බදුල්ල.","වැලිමඩගම, බදුල්ල.",වැලිමඩ නගරයේ සිට ඌව පරණගම  මාර්ගයේ 1km කණුව පිහිටි ස්ථානයෙන් වම් පසට පිහිටි මාර්ගයේ 750 m ක් පමණ ගමන්,2023-09-12T00:00:00,,,,,,,6.907596,80.9047385
Slope Failure,SF,NBRO/LRRMD-BDL/BDU/WELIMA/LI/23/0244,BDU230806,Badulla,Welimada,2023-09-13T00:00:00,Boragasa,49A,"බොක්කෙ අරාව, සිල්මියාපුර.","බොක්කෙ අරාව, සිල්මියාපුර.",වැලිමඩ නුවරඑළිය ප්‍රධාන මාර්ගයේ බොරගස් සිට සිල්මියාපුර දක්වා දිවෙන මාර්ගයේ කිලෝමීටරයක් පමණ ග,2023-09-12T00:00:00,,,,,,,6.885924,80.859918
Slope Failure,SF,NBRO/LRRMD-BDL/BDU/BANDAR/LI/23/0252,BDU230838,Badulla,Bandarawela,2023-03-17T00:00:00,Liyangahawela,70A,"අංක 28, ලියන්ගහවෙල, බණ්ඩාරවෙල","අංක 28, ලියන්ගහවෙල, බණ්ඩාරවෙල",-,2023-05-29T00:00:00,,,,,,,6.812714,81.028008
Slope Failure,SF,NBRO/LRRMD-BDL/BDU/SORANA/LI/23/0258,BDU230867,Badulla,Soranathota,2023-09-27T00:00:00,Egodawela,24,"උඩුපිටියේ ගෙදර, එගොඩවෙල, බදුල්ල.","උඩුපිටියේ ගෙදර, එගොඩවෙල, බදුල්ල.",බදුල්ල නගරයේ සිට බදුල්ල මහියංගන මාර්ගයේ ගමන් කිරීමේදී හමුවන තල්දෙන - එගොඩවෙල මාර්ගයේ 5 km ක්  පමණ ග,2023-09-26T00:00:00,,,,,,,7.066465,81.075139
Slope Failure,SF,NBRO/LRRMD-BDL/BDU/HAPUTA/LI/23/0285,BDU230959,Badulla,Haputale,2023-10-30T00:00:00,Eranawela,64B,"අංක 3, ගුණසිරි නිවස, පාසැල් මාවත, ඇත්තලපිටිය, බණ්ඩාරවෙල","අංක 3, ගුණසිරි නිවස, පාසැල් මාවත, ඇත්තලපිටිය, බණ්ඩාරවෙල",බණ්ඩාරවෙල නගරයේ සිට ඇත්තලපිටිය පාසල් මාවතෙහි කිලෝමීටරයක් පමණ ගමන් කළ යුතුය.,2023-10-27T00:00:00,2023-10-11T00:00:00,19:30,,,,,6.844976,80.98551
Slope Failure,SF,NBRO/LRRMD-BDL/BDU/LUNUGA/LI/23/0286,BDU230960,Badulla,Lunugala,2023-10-02T00:00:00,Hopton,94H,"ගඟසිරිපුර, හොප්ටන්","ගඟසිරිපුර, හොප්ටන්",-,2023-10-12T00:00:00,,,අධික වර්ෂාව,,,,6.992826,81.194553
Slope Failure,SF,NBRO/LRRMD-BDL/BDU/LUNUGA/LI/23/0287,BDU230961,Badulla,Lunugala,2023-10-02T00:00:00,Peessagama,94I,"කොළණිය, පීස්සගම, හොප්ටන්","කොළණිය, පීස්සගම, හොප්ටන්",-,2023-10-12T00:00:00,2023-04-05T00:00:00,,අධික වර්ෂාව,,,,6.992196,81.22386
Slope Failure,SF,NBRO/LRRMD-BDL/BDU/HALI-E/LI/23/0288,BDU230962,Badulla,Hali-Ela,2023-10-12T00:00:00,Wewelhinna,85A,"වේවැල්හින්න වත්ත, දෙමෝදර","වේවැල්හින්න වත්ත, දෙමෝදර",-,2023-09-21T00:00:00,,,-,,,,6.917173,81.07381
Slope Failure,SF,NBRO/LRRMD-BDL/BDU/HAPUTA/LI/23/0291,BDU230978,Badulla,Haputale,2023-11-03T00:00:00,Haputhalegama,63C,"හපුතලේ වත්ත, ලයිම් අංක 14",,,2023-10-27T00:00:00,,,,,,,6.774813,80.955703
Slope Failure,SF,NBRO/LRRMD-BDL/BDU/HALI-E/LI/23/0295,BDU230983,Badulla,Hali-Ela,2023-10-30T00:00:00,Uduwara,73,"නව කොළණිය, 7 කණුව, උඩුවර, දෙමෝදර","නව කොළණිය, 7 කණුව, උඩුවර, දෙමෝදර",උඩුවර 7 කණුව මංසන්ධියේ සිට නව කොළණිය දක්වා 3km ක පමණ ගමන් කල  යුතුය.,2023-11-01T00:00:00,2023-09-01T00:00:00,,,,,,6.929727,81.051275
Slope Failure,SF,NBRO/LRRMD-BDL/BDU/ELLA/LI/23/0296,BDU230984,Badulla,Ella,2023-11-03T00:00:00,Gawarawela,72,"බදුල්ල පාර, ඇල්ලන්ද, දෙමෝදර","බදුල්ල පාර, ඇල්ලන්ද, දෙමෝදර",දෙමෝදර ගල්වල ආසන්නයෙන් පිහිටි ඇල්ලන්ද මාර්ගයේ මීටර 600 - 700 ක් පමණ ගමන් කළයුතුය.,2023-11-03T00:00:00,2023-10-13T00:00:00,20:30,අධික වර්ෂාව,,,,6.9090631,81.062012
Slope Failure,SF,NBRO/LRRMD-BDL/BDU/ELLA/LI/23/0297,BDU230985,Badulla,Ella,2023-11-03T00:00:00,Navulla,68A,"එගොඩවත්ත, නාවුල්ල","එගොඩවත්ත, නාවුල්ල",දෙමෝදර සිට දෙමෝදර - ස්ප්‍රිංවැලි මාර්ගයේ පැමිණීමේදී හමුවන එගොඩවත්ත මාර්ගයේ මීටර 300ක් පමණ ගමන් ක,2023-11-01T00:00:00,,,,,,,6.899856,81.060403
Slope Failure,SF,NBRO/LRRMD-BDL/BDU/ELLA/LI/23/0300,BDU230988,Badulla,Ella,2023-11-03T00:00:00,Namunukula,72B1,"නව ගම්මානය, බදුල්ල වත්ත, නමුණුකුල","නව ගම්මානය, බදුල්ල වත්ත, නමුණුකුල",නමුණුකුල නගරයට ආසන්නව පහත ස්ථානයේ පිහිටා ඇත,2023-11-01T00:00:00,,,,,,,6.8747149,81.112216
Slope Failure,SF,NBRO/LRRMD-BDL/BDU/HAPUTA/LI/23/0302,BDU230990,Badulla,Haputale,2023-10-26T00:00:00,Haputhale Town,63A,"හපුතලේ - කොළඹ ප්‍රධාන මාර්ගය, ලංකා බැංකු නිවාඩු නිකේතනය","හපුතලේ - කොළඹ ප්‍රධාන මාර්ගය, ලංකා බැංකු නිවාඩු නිකේතනය",හපුතලේ නගරයේ සිට හපුතලේ - බදුල්ල මාර්ගයේ 1km ක් පමණ ගමන් කිරීමේදී මාර්ගයේ දකුණු පස පරික්ෂිත ඉඩම පි,2023-10-27T00:00:00,2023-10-09T00:00:00,,,,,,6.772015,80.962211
Slope Failure,SF,NBRO/LRRMD-BDL/BDU/HAPUTA/LI/23/0308,BDU231010,Badulla,Haputale,2023-11-14T00:00:00,Haputhalegama,63C,"සිරිනිවස, හපුතලේගම, හපුතලේ.","සිරිනිවස, හපුතලේගම, හපුතලේ.",,2023-11-08T00:00:00,2023-11-02T00:00:00,,අධික වර්ෂාව,,,,6.780488,80.946218
Slope Failure,SF,NBRO/LRRMD-BDL/BDU/HAPUTA/LI/23/0309,BDU231011,Badulla,Haputale,2023-11-14T00:00:00,Haputhalegama,63C,"අංක 25, ගැටැහැවෙල, යහළබැද්ද, හපුතලේ.","අංක 25, ගැටැහැවෙල, යහළබැද්ද, හපුතලේ.",,2023-11-08T00:00:00,,,අධික වර්ෂාව,,,,6.781153,80.9396
Slope Failure,SF,NBRO/LRRMD-BDL/BDU/HAPUTA/LI/23/0310,BDU231012,Badulla,Haputale,2023-11-14T00:00:00,Haputhalegama,63C,"සේපාලිකා නිවස, කිරිමඩුවාහින්න, යහලබැද්ද, හපුතලේ.","සේපාලිකා නිවස, කිරිමඩුවාහින්න, යහලබැද්ද, හපුතලේ.",,2023-11-08T00:00:00,,,අධික වර්ෂාව,,,,6.785256,80.939365
Slope Failure,SF,NBRO/LRRMD-BDL/BDU/HAPUTA/LI/23/0311,BDU231013,Badulla,Haputale,2023-11-14T00:00:00,Haputhalegama,63C,"සමඟි සෙවන, කිරිමඩුවාහින්න, යහළබැද්ද, හපුතලේ.","සමඟි සෙවන, කිරිමඩුවාහින්න, යහළබැද්ද, හපුතලේ.",-,2023-11-08T00:00:00,,,-,,,,6.787945,80.938918
Slope Failure,SF,NBRO/LRRMD-BDL/BDU/HAPUTA/LI/23/0312,BDU231014,Badulla,Haputale,2023-11-14T00:00:00,Haputhalegama,63C,"මධුර නිවස, කිරිමඩුවාහින්න, යහලබැද්ද, හපුතලේ.","මධුර නිවස, කිරිමඩුවාහින්න, යහලබැද්ද, හපුතලේ.",-,2023-11-08T00:00:00,,,-,,,,6.788316,80.938855
Slope Failure,SF,NBRO/LRRMD-BDL/BDU/HAPUTA/LI/23/0314,BDU231016,Badulla,Haputale,2023-11-14T00:00:00,Thotalagala,63N,තොටලාගල ලයින් අංක 19,තොටලාගල ලයින් අංක 19,,2023-11-08T00:00:00,,,අධික වර්ෂාව,,,,6.768381,80.97787
Slope Failure,SF,NBRO/LRRMD-BDL/BDU/HALI-E/LI/23/0315,BDU231017,Badulla,Hali-Ela,2023-11-14T00:00:00,Hapuwalakumbura,73A,"අංක 11/2, වටළුගොඩපතන, අමුණුවෙලපිටිය, බදුල්ල.","අංක 11/2, වටළුගොඩපතන, අමුණුවෙලපිටිය, බදුල්ල.",-,2023-10-30T00:00:00,,,-,,,,6.979356,81.04763
Slope Failure,SF,NBRO/LRRMD-BDL/BDU/HAPUTA/LI/23/0320,BDU231032,Badulla,Haputale,2023-10-13T00:00:00,Viharakele,63F,"විහාරකැලේ, දියතලාව","විහාරකැලේ, දියතලාව",-,2023-10-16T00:00:00,,,අධික වර්ෂාව,,,,6.800555,80.951591
Slope Failure,SF,NBRO/LRRMD-BDL/BDU/HAPUTA/LI/23/0322,BDU231034,Badulla,Haputale,2023-10-13T00:00:00,Viharakele,63F,"විහාරකැලේ, දියතලාව","විහාරකැලේ, දියතලාව",-,2023-10-16T00:00:00,,,අධික වර්ෂාව,,,,6.800748,80.952596
Slope Failure,SF,NBRO/LRRMD-BDL/BDU/WELIMA/LI/23/0325,BDU231038,Badulla,Welimada,2023-11-07T00:00:00,Alakolagala,49D,"අඹේවෙල පාර, රේන්දපොල, බොරගස්","අඹේවෙල පාර, රේන්දපොල, බොරගස්",වැලිමඩ නගරයේ සිට බොරගස් වෙත ගමන් කර බොරගස්-අඹේවෙල මාර්ගයේ 2.5km ක් පමණ ගමන් කිරීමේදී මාර්ගයේ වම් පස,2023-11-16T00:00:00,,,,,,,6.910937,80.832696
Slope Failure,SF,NBRO/LRRMD-BDL/BDU/WELIMA/LI/23/0326,BDU231039,Badulla,Welimada,2023-11-07T00:00:00,Mahathenna,61C,"මහතැන්න, ගුරුතලාව","මහතැන්න, ගුරුතලාව",වැලිමඩ නගරයේ සිට ගුරුතලාව වෙත ගමන්කර එම මංසන්ධියෙන් පිහිටි ගල්ඒදණ්ඩ මාර්ගයේ කිලෝමීටර 1.5ක් පමණ ග,2023-11-16T00:00:00,,,,,,,6.834249,80.907557
Slope Failure,SF,NBRO/LRRMD-BDL/BDU/BADULL/LI/23/0331,BDU231058,Badulla,Badulla,2023-10-25T00:00:00,Thelbedda Estate,81B,"තෙල්බැද්ද නව කර්මාන්ත ශාලා කොටස, තෙල්බැද්ද, බදුල්ල","තෙල්බැද්ද නව කර්මාන්ත ශාලා කොටස, තෙල්බැද්ද, බදුල්ල",,2023-10-24T00:00:00,2023-10-10T00:00:00,,අධික වර්ෂාපතනය සහ ආධාරක බැම්මේ ව්‍යුහාත්මක දුර්වලතා,,,,6.984138,81.107095
Slope Failure,SF,NBRO/LRRMD-BDL/BDU/WELIMA/LI/23/0334,BDU231062,Badulla,Welimada,2023-11-23T00:00:00,Ambagahakumbura,48,"සපුසෙවන, වැලිමඩගම, වැලිමඩ","සපුසෙවන, වැලිමඩගම, වැලිමඩ",වැලිමඩ නුවරඑළිය මාර්ගයේ පැමිණීමේදී හමුවන වැලිමඩගමට පවතින මාර්ගය ඔස්සේ පැමිණ දේවාල මාර්ගයේ 200 m,2023-11-23T00:00:00,,,-,,,,6.904381,80.90456
Slope Failure,SF,NBRO/LRRMD-BDL/BDU/HALI-E/LI/23/0339,BDU231084,Badulla,Hali-Ela,2023-11-27T00:00:00,Pallegama,55A,"කුසුම්සිරි ගිරාඹ, වේල්ලෙවෙල,ඇටම්පිටිය","කුසුම්සිරි ගිරාඹ, වේල්ලෙවෙල,ඇටම්පිටිය",බදුල්ල නුවරඑළිය මාර්ගයේ 101km කණුවේ සිට මීටර 30ක් ඇටම්පිටිය දෙසට ගමන්කිරීමේදී මාර්ගයට පහළින් පිහිට,2023-11-30T00:00:00,,,,,,,6.9223736,80.9640754
Slope Failure,SF,NBRO/LRRMD-BDL/BDU/HALI-E/LI/23/0340,BDU231085,Badulla,Hali-Ela,2023-11-24T00:00:00,Etampitiya,55,"2 වන කොටස, ඇටම්පිටිය වත්ත, ඇටම්පිටිය","2 වන කොටස, ඇටම්පිටිය වත්ත, ඇටම්පිටිය",,0001-01-01T00:00:00,,,,,,,6.9333353,80.97747
Slope Failure,SF,NBRO/LRRMD-BDL/BDU/BADULL/LI/23/0341,BDU231086,Badulla,Badulla,2023-11-15T00:00:00,Udawela,80D,"ග්ලේන්ඇල්පින් පාර, බදුල්ල","ග්ලේන්ඇල්පින් පාර, බදුල්ල",බදුල්ල සිට පස්සර දෙසට ගමන්කිරීමේදී හමුවන ග්ලේන් ඇල්පීන් වතුයායට ඇති ප්‍රවේශ මාර්ගය ඔස්සේ ඉදිර,2023-11-30T00:00:00,,,පාංශු පිරවුම්වල දීර්ඝකාලීනව ඇතිවූ ස්භාවික ස්ථායිකරණය හා අක්‍රමවත් ජල පරිවහනය,,,,6.9664828,81.0897694
Slope Failure,SF,NBRO/LRRMD-BDL/BDU/WELIMA/LI/23/0346,BDU231091,Badulla,Welimada,2023-11-20T00:00:00,Welimada Town,52A,"193/1, නුවරඑළිය පාර, වැලිමඩ","193/1, නුවරඑළිය පාර, වැලිමඩ",-,2023-11-23T00:00:00,,,අධික වර්ෂාව,,,,6.90129,80.90536
Slope Failure,SF,NBRO/LRRMD-BDL/BDU/BANDAR/LI/23/0348,BDU231093,Badulla,Bandarawela,2023-10-30T00:00:00,Udaperuwa,66B,"කොලතැන්න, හීල්ඔය පාර, බණ්ඩාරවෙල","කොලතැන්න, හීල්ඔය පාර, බණ්ඩාරවෙල",-,2023-11-02T00:00:00,,,-,,,,6.839783,81.008766
Slope Failure,SF,NBRO/LRRMD-BDL/BDU/UVA-PA/LI/23/0352,BDU231110,Badulla,Uva-Paranagama,2023-11-20T00:00:00,Uduhawara,44,"උඩුහාවර විද්‍යාලය, උඩුහාවර-බෝඹුරු ඇල්ල මාර්ගය, උඩුහාවර","උඩුහාවර විද්‍යාලය, උඩුහාවර-බෝඹුරු ඇල්ල මාර්ගය, උඩුහාවර",-,2023-11-23T00:00:00,,,අධික වර්ෂාව,,,,6.949412,80.861184
Slope Failure,SF,NBRO/LRRMD-BDL/BDU/HAPUTA/LI/23/0353,BDU231111,Badulla,Haputale,2023-10-13T00:00:00,Hela Kadurugamuwa,63I,"හෙලකඳුරුගමුව, උඩුතුරේ, දියතලාව","හෙලකඳුරුගමුව, උඩුතුරේ, දියතලාව",-,2023-10-16T00:00:00,,,අධික වර්ෂාව,,,,6.787051,80.954418
Slope Failure,SF,NBRO/LRRMD-BDL/BDU/WELIMA/LI/23/0356,BDU231118,Badulla,Welimada,2023-11-23T00:00:00,Medagedaragama,59C,"වැ‍රැල්ලපතන, දඹවින්න, වැලිමඩ","වැ‍රැල්ලපතන, දඹවින්න, වැලිමඩ",-,2023-11-29T00:00:00,2023-11-20T00:00:00,13:00,අධික වර්ෂාපතනය,,,,6.885985,80.9108216
Slope Failure,SF,NBRO/LRRMD-BDL/BDU/WELIMA/LI/23/0357,BDU231119,Badulla,Welimada,2023-11-23T00:00:00,Mirahawatta,60,"අංක 92/2, වැලිහෙලපතන, මිරහවත්ත","අංක 92/2, වැලිහෙලපතන, මිරහවත්ත",බදුල්ල - බණ්ඩාරවෙල ප්‍රධාන මාර්ගයේ ගමන් කොට හාලි ඇළ මංසන්ධිය අසලින් දෙමෝදර දෙසට කි.මී. 30ක් පමණ ගම,2023-11-29T00:00:00,2023-11-10T00:00:00,13:30,අධික වර්ෂාපතනය,,,,6.867315,80.9520966
Slope Failure,SF,NBRO/LRRMD-BDL/BDU/WELIMA/LI/23/0358,BDU231120,Badulla,Welimada,2023-11-23T00:00:00,Ambagahakumbura,48,"අංක 49/2, දේවාලවත්ත, වැලිමඩගම, වැලිමඩ","අංක 49/2, දේවාලවත්ත, වැලිමඩගම, වැලිමඩ",බදුල්ල නගරයේ සිට නුවරඑළිය - බදුල්ල - චෙන්කලඩි අධිවේගී මාර්ගයේ (A5) ගමන්කොට වැලිමඩ නගරය පසුකොට කි.මී.,2023-11-29T00:00:00,2023-11-05T00:00:00,,අධික වර්ෂාපතනය,,,,6.9044,80.905046
Slope Failure,SF,NBRO/LRRMD-BDL/BDU/ELLA/LI/23/0367,BDU231139,Badulla,Ella,2023-12-18T00:00:00,Millagama,68G,"බොරකුරු අරාව, කුඹල්ගම","බොරකුරු අරාව, කුඹල්ගම",බදුල්ල - බණ්ඩාරවෙල මාර්ගයේ ගමන් කිරීමේදී කුඹල්ගම ප්‍රදේශයට ආසන්නව පිහිටා ඇති මහමෙව්නා අසපුවට ඇ,2023-12-18T00:00:00,2023-12-12T00:00:00,,අධික වර්ෂාව සමඟ මාර්ගය මාර්ගයට ඉහලින් හා පහළින් ඇති බැවූම් අස්ථවරවීම,,,,6.8805897,81.0333548
Slope Failure,SF,NBRO/LRRMD-BDL/BDU/HAPUTA/LI/23/0370,BDU231148,Badulla,Haputale,2023-10-26T00:00:00,Umankandura,63H,"සන්ධ්‍යා සෙවණ, ගල්කන්ද, දියතලාව","සන්ධ්‍යා සෙවණ, ගල්කන්ද, දියතලාව",හපුතලේ ගල්කන්ද ප්‍රදේශයේ හීන්බණ්ඩා මාවතට සමීපව පරික්ෂිත ස්ථානය පිහිටා ඇත.,2023-10-27T00:00:00,,,,,,,6.802815,80.965269
Slope Failure,SF,NBRO/LRRMD-BDL/BDU/UVA-PA/LI/23/0371,BDU231149,Badulla,Uva-Paranagama,2023-12-20T00:00:00,Alagolla,42B,අලගොල්ල දෙමළ මහා විද්‍යාලය,අලගොල්ල දෙමළ මහා විද්‍යාලය,ඌවපරණගම නගරයේ සිට උඩුපුස්සල්ලාව මාර්ගයේ ගමන් කිරීමේදී පහත GPS ඛණ්ඩාංකයෙහි පරික්ෂිත ස්ථානය පිහි,2023-12-19T00:00:00,,,-,,,,6.978111,80.93585
Slope Failure,SF,NBRO/LRRMD-BDL/BDU/UVA-PA/LI/23/0372,BDU231152,Badulla,Uva-Paranagama,2023-12-20T00:00:00,Bambarapana,39,"අංක 20,හොරතොට,බඹරපාන","අංක 20,හොරතොට,බඹරපාන",ඌවපරණගම නගරයේ සිට මහකුඹුර මාර්ගයේ පැමිණීමේදී හමුවන හොරතොට  මාර්ගයේ ගමන් කිරීමේදී පහත GPS ඛණ්ඩාංක,2023-12-19T00:00:00,2023-11-05T00:00:00,,අධික වර්ෂාපතනය,,,,6.9793913,80.978458
Slope Failure,SF,NBRO/LRRMD-BDL/BDU/UVA-PA/LI/23/0373,BDU231154,Badulla,Uva-Paranagama,2023-12-20T00:00:00,Ambagasdowa,47A,"රතඹ,අඹගස්දෝව","රතඹ,අඹගස්දෝව",වැලිමඩ-අඹගස්දෝව මාර්ගයේ රතඹ ප්‍රදේශයේ  පහත GPS ඛණ්ඩාංකයෙහි පරික්ෂිත ස්ථානය පිහිටා ඇත,2023-12-19T00:00:00,2023-12-17T00:00:00,,,,,,6.923407,80.899196
Slope Failure,SF,NBRO/LRRMD-BDL/BDU/UVA-PA/LI/23/0375,BDU231156,Badulla,Uva-Paranagama,2023-12-20T00:00:00,Ambagasdowa,47A,"පල්ලේවෙල, අඹගස්දෝව","පල්ලේවෙල, අඹගස්දෝව",,2023-12-19T00:00:00,,,,,,,6.93756,80.905199
Slope Failure,SF,NBRO/LRRMD-BDL/BDU/UVA-PA/LI/23/0376,BDU231157,Badulla,Uva-Paranagama,2023-12-20T00:00:00,Pannalawela,41A,"කෝට්ටගොඩ,පන්නලවෙල","කෝට්ටගොඩ,පන්නලවෙල",-,2023-12-19T00:00:00,,,පරීක්ෂණය කළ දිනයට සති 2 ට පමණ පෙර,,,,6.961799,80.937569
Slope Failure,SF,NBRO/LRRMD-BDL/BDU/BADULL/LI/23/0383,BDU231168,Badulla,Badulla,2023-12-26T00:00:00,Badulla Central,78D,"අංක 65/21/B/1 හා 65/21 A,  නඩුකාර කන්ද, බදුල්ල","අංක 65/21/B/1 හා 65/21 A,  නඩුකාර කන්ද, බදුල්ල",බදුල්ල නගරයේ සිට බණ්ඩාරවෙල මාර්ගයේ පැමිණීමේදී හමුවන පිලිපොතගම මාර්ගයේ නඩුකාරකන්ද දෙසට ගමන් ක,2023-12-21T00:00:00,2023-12-20T00:00:00,,,,,,6.985053,81.051552
Slope Failure,SF,NBRO/LRRMD-BDL/BDU/PASSAR/LI/23/0387,BDU231189,Badulla,Passara,2023-12-07T00:00:00,Thennuge,88D,"13 කණුව, පොල්ගහලන්ද කොටස, බිබිල පාර, පස්සර","13 කණුව, පොල්ගහලන්ද කොටස, බිබිල පාර, පස්සර",පස්සර නගරයේ සිට පස්සර - ලුණුගල මාර්ගයේ 3km ක් පමණ ගමන් කළයුතුය,2023-12-07T00:00:00,2023-12-06T00:00:00,16:30,අධික වර්ෂාපතනය,,,,6.938595,81.16696
Slope Failure,SF,NBRO/LRRMD-BDL/BDU/HAPUTA/LI/23/0388,BDU231190,Badulla,Haputale,2023-10-25T00:00:00,Kahagolla,64,"ගල්පට්ටිඅරාව, කහගොල්ල, දියතලාව","ගල්පට්ටිඅරාව, කහගොල්ල, දියතලාව",පහත GPS ඛණ්ඩාංකයෙහි පරික්ෂිත ස්ථානය පිහිටා ඇත,2023-10-27T00:00:00,2023-10-18T00:00:00,15:30,,,,,6.816891,80.971148
Slope Failure,SF,NBRO/LRRMD-BDL/BDU/UVA-PA/LI/23/0402,BDU231198,Badulla,Uva-Paranagama,2023-11-28T00:00:00,Galahagama,46B,"නාපලබොක්ක, ගලහගම, හග්ගල","නාපලබොක්ක, ගලහගම, හග්ගල",,2023-11-23T00:00:00,2023-11-22T00:00:00,,අධික වර්ෂාපතනය අවිධිමත් භුමි පරිහරණය,,,,6.924731,80.850606
Slope Failure,SF,NBRO/LRRMD-BDL/BDU/HAPUTA/LI/23/0404,BDU231200,Badulla,Haputale,2023-10-26T00:00:00,Magiripura,63L,"අංක 56, වැලිමඩ පාර, හපුතලේ","අංක 56, වැලිමඩ පාර, හපුතලේ",හපුතලේ නගරයේ සිට වැලිමඩ මාර්ගයේ 750m පමණ ගමන් කිරීමේදී පරික්ෂිත ස්ථානය පිහිටා ඇත,2023-10-27T00:00:00,2023-10-18T00:00:00,,,,,,6.766245,80.95529
Slope Failure,SF,NBRO/LRRMD-BDL/BDU/WELIMA/LI/24/0006,BDU240006,Badulla,Welimada,2024-01-01T00:00:00,Ambewela,50A,"තවාන ,කිරිවැල්බැද්ද, හෙවනකුඹුර","තවාන ,කිරිවැල්බැද්ද, හෙවනකුඹුර",කැප්පෙටිපොල නගරයෙන් හෙවනකුඹුර දෙසට ඇති මාර්ගයේ කි.මි. 8ක් පමණ ගමන් කර තවාන ප්‍රාදේශීය වෛද්‍ය ඒකක,2023-11-29T00:00:00,2023-11-22T00:00:00,,මෙම භූමිය ආශ්‍රිත මීට පෙර වසර කිහිපයක් තුළ අවස්ථා කිහිපයකදීම බෑවුම් අස්ථාවරවීම් සිදු වී ඇති අත,,,,6.887637,80.834051
Slope Failure,SF,NBRO/LRRMD-BDL/BDU/LUNUGA/LI/24/0009,BDU240019,Badulla,Lunugala,2024-01-02T00:00:00,Attanaola,94F,"බ/ලුණුගල මධ්‍ය මහා විද්‍යාලය, ලුණුගල","බ/ලුණුගල මධ්‍ය මහා විද්‍යාලය, ලුණුගල",,2023-12-07T00:00:00,,,ලුණුගල නගරයේ සිට පන්සල් මාවත ඔස්සේ ගමන් කිරීමෙන් ලඟා විය හැකිය.,,,,7.042111,81.205825
Slope Failure,SF,NBRO/LRRMD-BDL/BDU/LUNUGA/LI/24/0012,BDU240022,Badulla,Lunugala,2024-01-02T00:00:00,Lunugala Town,94A,"අංක 11, සිලික් ෆාම්, ලුණුගල","අංක 11, සිලික් ෆාම්, ලුණුගල",ලුණුගල නගරයට ආසන්නව පහත GPS ඛණ්ඩාංකයෙහි පරික්ෂිත ස්ථානය පිහිටා ඇත,2023-12-07T00:00:00,2023-11-26T00:00:00,,,,,,7.037928,81.199864
Slope Failure,SF,NBRO/LRRMD-BDL/BDU/HALI-E/LI/24/0015,BDU240025,Badulla,Hali-Ela,2024-01-03T00:00:00,Medapitigama,74E,"අඟුරුමලේ කොටස, උණගොල්ල වත්ත","අඟුරුමලේ කොටස, උණගොල්ල වත්ත",හාලිඇල නගරයේ සිට උණගොල්ල මාර්ගයේ 3km ක් පමණ ගමන් කළ යුතුය,2024-01-04T00:00:00,2024-01-01T00:00:00,22:00,අධික වර්ෂාව,,,,6.9483249,81.037738
Slope Failure,SF,NBRO/LRRMD-BDL/BDU/HALDUM/LI/24/0019,BDU240030,Badulla,Haldummulla,2024-01-16T00:00:00,Kosgama,158A,ඌව කොස්ගම,,,2023-11-29T00:00:00,2023-11-21T00:00:00,,,,,,6.70133,80.821621
Slope Failure,SF,NBRO/LRRMD-BDL/BDU/BADULL/LI/24/0028,BDU240040,Badulla,Badulla,2024-01-01T00:00:00,Pitawelagama,78L,"ගල්කන්ද, බදුල්ල","ගල්කන්ද, බදුල්ල",බදුල්ල මහියංගන මාර්ගයේ 2km ක පමණ ගමන් කිරීමේදී හමුවන ගල්පිල්ල මංසන්ධියෙ සිට 1.5 km පමණ ගල්කන්ද දෙසට ග,2024-01-01T00:00:00,2023-12-31T00:00:00,,අධික වර්ෂාපතනය,,,,7.004622,81.053024
Slope Failure,SF,NBRO/LRRMD-BDL/BDU/KANDAK/LI/24/0030,BDU240042,Badulla,Kandaketiya,2024-01-01T00:00:00,Bokanoruwa,35B,"බොකන්ඔරුව, ගලඋඩ, හැලිඅල, බදුල්ල","බොකන්ඔරුව, ගලඋඩ, හැලිඅල, බදුල්ල",,0001-01-01T00:00:00,,,-,,,,7.04211,80.996169
Slope Failure,SF,NBRO/LRRMD-BDL/BDU/HALI-E/LI/24/0035,BDU240047,Badulla,Hali-Ela,2024-01-19T00:00:00,Hethekma,75,"හැතැක්ම, හාලිඇල","හැතැක්ම, හාලිඇල",,0001-01-01T00:00:00,,,,,,,6.9809092,81.0161833
Slope Failure,SF,NBRO/LRRMD-BDL/BDU/BADULL/LI/24/0041,BDU240054,Badulla,Badulla,2024-01-18T00:00:00,Sirimalgoda,80A,"නෙලුම්ගම, සිරිමල්ගොඩ, බදුල්ල","නෙලුම්ගම, සිරිමල්ගොඩ, බදුල්ල",,0001-01-01T00:00:00,,,,,,,6.9964449,81.0709537
Slope Failure,SF,NBRO/LRRMD-BDL/BDU/LUNUGA/LI/24/0046,BDU240105,Badulla,Lunugala,2024-01-09T00:00:00,Peessagama,94I,"පීස්සගම, මලිතිපිටිය මාර්ගය",,,2024-01-13T00:00:00,2024-01-05T00:00:00,,,,,,6.981125,81.219076
Slope Failure,SF,NBRO/LRRMD-BDL/BDU/PASSAR/LI/24/0049,BDU240112,Badulla,Passara,2024-01-01T00:00:00,Bibilegama East,87E,"දුමින්ද නිවස, බිබිලේගම, පස්සර","දුමින්ද නිවස, බිබිලේගම, පස්සර",අම්බලම මංසන්ධිය හැරී බිබිලේගම මාර්ගය ඔස්සේ පහේ කණුව ප්‍රදේශය තෙක් ගමන් කළ යුතුය.,2023-11-22T00:00:00,2023-12-20T00:00:00,18:00,අධික වර්ෂාව,,,,6.8921226,81.145729
Slope Failure,SF,NBRO/LRRMD-BDL/BDU/LUNUGA/LI/24/0056,BDU240133,Badulla,Lunugala,2024-01-02T00:00:00,Arawakumbura,94C,"30 කණුව, අරවකුඹුර, ලුණුගල","30 කණුව, අරවකුඹුර, ලුණුගල",,0001-01-01T00:00:00,,,දැඩි වර්ෂාපතනය,,,,7.0895273,81.2138936
Slope Failure,SF,NBRO/LRRMD-BDL/BDU/PASSAR/LI/24/0062,BDU240156,Badulla,Passara,2024-01-10T00:00:00,Madugasthalawa South,19C,"ඩයිනවත්ත කොටස, පේළි නිවාස අංක 6 හා 10","ඩයිනවත්ත කොටස, පේළි නිවාස අංක 6 හා 10",,0001-01-01T00:00:00,,,අවිධිමත් ලෙස ගලාගිය ජළ ප්‍රවාහය හේතුවෙන් දිර්ඝකාලීනව ඇතිවූ ඛාදනය නිසා,,,,6.9752926,81.1636297
Slope Failure,SF,NBRO/LRRMD-BDL/BDU/PASSAR/LI/24/0063,BDU240157,Badulla,Passara,2024-01-01T00:00:00,Madugasthalawa South,19C,"පේළි නිවාස අංක 17, ඩයිනවත්ත, පස්සර","පේළි නිවාස අංක 17, ඩයිනවත්ත, පස්සර","පස්සර-මඩොල්සිම B369 මාර්ගය ඔස්සේ ගමන්කොට, 6/11 බෝක්කුව අසල මංසන්දියෙන් හැරී එල්ටැබ් තේ කර්මාන්තශාලා",2023-12-31T00:00:00,2023-12-29T00:00:00,,අධික වර්ෂාව,,,,6.9737498,81.1644588
Slope Failure,SF,NBRO/LRRMD-BDL/BDU/PASSAR/LI/24/0064,BDU240158,Badulla,Passara,2024-01-10T00:00:00,Madugasthalawa South,19C,"ඩයිනවත්ත කොටස, පේළි නිවාස අංක 20","ඩයිනවත්ත කොටස, පේළි නිවාස අංක 20",,2023-12-31T00:00:00,,,,,,,6.9733581,81.1653825
Slope Failure,SF,NBRO/LRRMD-BDL/BDU/HALI-E/LI/24/0067,BDU240161,Badulla,Hali-Ela,2024-01-15T00:00:00,Dickwella,74,"මාවලගොඩ, දික්වැල්ල, හාලිඇල","මාවලගොඩ, දික්වැල්ල, හාලිඇල",,0001-01-01T00:00:00,,,,,,,6.9621018,81.026714
Slope Failure,SF,NBRO/LRRMD-BDL/BDU/BANDAR/LI/24/0068,BDU240163,Badulla,Bandarawela,2024-02-13T00:00:00,Kinigama,66,"වලස්බැද්ද, රත්මල්ගස්ඇල්ල",,,2024-01-19T00:00:00,2024-01-10T00:00:00,,,,,,6.827125,81.001834
Slope Failure,SF,NBRO/LRRMD-BDL/BDU/BADULL/LI/24/0069,BDU240164,Badulla,Badulla,2024-01-02T00:00:00,Hegoda,79,"අරලිය සෙවන, ආලිගෙබැද්ද, බදුල්ල","අරලිය සෙවන, ආලිගෙබැද්ද, බදුල්ල",බදුල්ල නෙළුම්ගම මාර්ගයේ ආලිගෙබැද්ද ප්‍රදේශය වෙත ගමන්කළ යුතුය,2023-12-29T00:00:00,2023-12-29T00:00:00,,අධික වර්ෂාපතනය,,,,6.9962288,81.0708813
Slope Failure,SF,NBRO/LRRMD-BDL/BDU/UVA-PA/LI/24/0077,BDU240189,Badulla,Uva-Paranagama,2024-01-09T00:00:00,Ilukwela,38D,"පහලවත්ත, ඉලුක්වෙල, අඹගහවත්ත","පහලවත්ත, ඉලුක්වෙල, අඹගහවත්ත",,2024-02-02T00:00:00,,,අධික වර්ෂාපතනය,,,,7.0111204,80.939358
Slope Failure,SF,NBRO/LRRMD-BDL/BDU/BANDAR/LI/24/0079,BDU240195,Badulla,Bandarawela,2024-02-20T00:00:00,Thanthiriya,66G,"අංක 87,මැදහින්න, කිණිගම,බණ්ඩාරවෙල",,,2024-02-01T00:00:00,2024-01-08T00:00:00,,,,,,6.834065,81.006583
Slope Failure,SF,NBRO/LRRMD-BDL/BDU/HALI-E/LI/24/0083,BDU240202,Badulla,Hali-Ela,2024-01-03T00:00:00,Bogahamaditta,74B,"පන්සල පාර, පොල්ගහවත්ත, බෝගහමඩිත්ත, හාලිඇල","පන්සල පාර, පොල්ගහවත්ත, බෝගහමඩිත්ත, හාලිඇල",,0001-01-01T00:00:00,,,,,,,6.9756873,81.0432046
Slope Failure,SF,NBRO/LRRMD-BDL/BDU/WELIMA/LI/24/0085,BDU240215,Badulla,Welimada,2024-01-04T00:00:00,Welimada Town,52A,"කලාප අධ්‍යාපන කාර්යාලය, වැලිමඩ","කලාප අධ්‍යාපන කාර්යාලය, වැලිමඩ",වැලිමඩ නගරයේ සිට වැලිමඩ-බදුල්ල මාර්ගයේ 1km ක් පමණ ගමන් කිරීමේදී මාර්ගයේ දකුණු පස පරික්ෂිත ස්ථානය,2024-02-15T00:00:00,2023-12-19T00:00:00,,-,,,,6.906117,80.918839
Slope Failure,SF,NBRO/LRRMD-BDL/BDU/BADULL/LI/24/0087,BDU240223,Badulla,Badulla,2024-01-02T00:00:00,Kendagolla,81,"දිවැස්නැල්ල, කැන්දගොල්ල, බදුල්ල","දිවැස්නැල්ල, කැන්දගොල්ල, බදුල්ල",,2024-02-06T00:00:00,2024-01-01T00:00:00,19:30,අධික වර්ෂාපතනය,,,,6.996774,81.113832
Slope Failure,SF,NBRO/LRRMD-BDL/BDU/LUNUGA/LI/24/0092,BDU240233,Badulla,Lunugala,2024-02-07T00:00:00,Arawakumbura,94C,"හිබිලියගහවත්ත, අරවකුඹුර, ලුණුගල","හිබිලියගහවත්ත, අරවකුඹුර, ලුණුගල",,0001-01-01T00:00:00,,,දැඩි වර්ෂාපතනය,,,,7.0886337,81.2138105
Slope Failure,SF,NBRO/LRRMD-BDL/BDU/WELIMA/LI/24/0098,BDU240240,Badulla,Welimada,2024-03-01T00:00:00,Welimada Town,52A,වැලිමඩ විජය විද්‍යාලය,වැලිමඩ විජය විද්‍යාලය,වැලිමඩ නගරයේ සිට වැලිමඩ-බදුල්ල මාර්ගයේ 1km ක් පමණ ගමන් කිරීමේදී මාර්ගයේ දකුණු පස පරික්ෂිත ස්ථානය,2024-02-15T00:00:00,2023-12-19T00:00:00,,-,,,,6.907546,80.920422
Slope Failure,SF,NBRO/LRRMD-BDL/BDU/BADULL/LI/24/0100,BDU240243,Badulla,Badulla,2024-03-04T00:00:00,Pitawelagama,78L,"පිටවෙලගම, දියකිවුල, බදුල්ල","පිටවෙලගම, දියකිවුල, බදුල්ල",බදුල්ල නගරයේ සිට පිටවෙලගම ප්‍රදේශයට ඇති මාර්ගය ඔස්සේ දියකිවුල වෙත ළගා විය යුතුය.,2024-02-16T00:00:00,,,අධික වර්ෂාව,,,,7.0018023,81.0517279
Slope Failure,SF,NBRO/LRRMD-BDL/BDU/SORANA/LI/24/0105,BDU240252,Badulla,Soranathota,2024-03-04T00:00:00,Rideepana,26C,"අංක 13, ගුරුපුර, රිදීපාන, බදුල්ල","අංක 13, ගුරුපුර, රිදීපාන, බදුල්ල",බදුල්ල මහියංගනය ප්‍රධාන මාර්ගයේ ගමන්කොට සොරණාතට ප්‍රදේශයෙන් පිටිපොළ මාර්ගයට හැරී ගමන්කළ යුතු,2023-12-28T00:00:00,,,අධික වර්ෂාව,,,,7.016927,81.0533188
Slope Failure,SF,NBRO/LRRMD-BDL/BDU/ELLA/LI/24/0109,BDU240258,Badulla,Ella,2024-03-05T00:00:00,Medawela West,72G,"වෙලේගෙදර, නවලගම, මැදවල","වෙලේගෙදර, නවලගම, මැදවල",,0001-01-01T00:00:00,,,,,,,6.9621018,81.026714
Slope Failure,SF,NBRO/LRRMD-BDL/BDU/HALDUM/LI/24/0110,BDU240259,Badulla,Haldummulla,2024-03-05T00:00:00,Poonagala,155P,"පූනාගල, හල්දුම්මුල්ල","පූනාගල, හල්දුම්මුල්ල",,0001-01-01T00:00:00,,,,,,,6.7766767,81.0507412
Slope Failure,SF,NBRO/LRRMD-BDL/BDU/BANDAR/LI/24/0120,BDU240283,Badulla,Bandarawela,2024-01-22T00:00:00,Bandarawela East,65G,"ශාන්ත ජෝශප් ජාතික පාසල, බණ්ඩාරවෙල",,,2024-02-01T00:00:00,,,,,,,6.828382,80.995214
Slope Failure,SF,NBRO/LRRMD-BDL/BDU/HALDUM/LI/24/0128,BDU240304,Badulla,Haldummulla,2024-01-01T00:00:00,Ranwanguhawa,156A,"දඩයම්පල, රන්වන්ගුහාව, කිරවනාගම",,,2023-11-08T00:00:00,2023-11-03T00:00:00,,,,,,6.727085,80.929051
Slope Failure,SF,NBRO/LRRMD-BDL/BDU/BADULL/LI/24/0134,BDU240329,Badulla,Badulla,2024-03-15T00:00:00,Rambukpotha,80,"අංක 60, බදුලු සිරිගම, බදුල්ල","අංක 60, බදුලු සිරිගම, බදුල්ල",බදුල්ල නගරයේ සිට බදුල්ල - පස්සර මාර්ගයේ 2.5km ක් පමණ ගමන් කිරීමේදී පරික්ෂිත ඉඩම පිහිටා ඇත,2024-03-14T00:00:00,,,-,,,,6.984332,81.074316
Slope Failure,SF,NBRO/LRRMD-BDL/BDU/BADULL/LI/24/0135,BDU240330,Badulla,Badulla,2024-03-15T00:00:00,Badulla North,78A,"අංක 141/7, අන්නාසි වත්ත, පුවක්ගොඩමුල්ල, බදුල්ල","අංක 141/7, අන්නාසි වත්ත, පුවක්ගොඩමුල්ල, බදුල්ල",,2024-03-14T00:00:00,,,,,,,7.00144,81.055445
Slope Failure,SF,NBRO/LRRMD-BDL/BDU/BADULL/LI/24/0138,BDU240333,Badulla,Badulla,2024-03-15T00:00:00,Pitawelagama,78L,"අංක 193/1, පිටවෙලගම, ගල්කන්ද පාර, බදුල්ල","අංක 193/1, පිටවෙලගම, ගල්කන්ද පාර, බදුල්ල",බදුල්ල මහියංගන මාර්ගයේ 2km ක් පමණ ගමන් කිරීමේදී හමුවන ගල්පිල්ල මංසන්ධියේ සිට 1.5km පමණ ගල්කන්ද දෙසට,2024-03-07T00:00:00,,,,,,,7.008737,81.052517
Slope Failure,SF,NBRO/LRRMD-BDL/BDU/LUNUGA/LI/24/0149,BDU240375,Badulla,Lunugala,2024-03-27T00:00:00,Lunugala Town,94A,"ලුණුගල ගම, උඩපංගුව","ලුණුගල ගම, උඩපංගුව",ලුණුගල නගරයේ සිට ලුණුගල පොලිස් ස්ථානය දක්වා ගමන් කර පොලිස් ස්ථානය අසලින් වමට හැරී යන  ජනතාපුර මා,0001-01-01T00:00:00,,,අධික වර්ශාපතනය,,,,7.056541,81.195151
Slope Failure,SF,NBRO/LRRMD-BDL/BDU/HALI-E/LI/24/0167,BDU240445,Badulla,Hali-Ela,2024-03-28T00:00:00,Udagama,75D,"බෙත්ම වෙල්යාය, උඩගම, හාලිඇල","බෙත්ම වෙල්යාය, උඩගම, හාලිඇල",,2024-03-28T00:00:00,,,බෙත්ම වෙල්යාය ආශ්‍රිතව වර්ධනය වන භූ අස්ථාවරතාවයක් හේතුවෙන් කුඹුරු යාය ආශ්‍රිතව ආතති පැළුම් සහ,,,,6.972465,80.99914
Slope Failure,SF,NBRO/LRRMD-BDL/BDU/HALI-E/LI/24/0180,BDU240458,Badulla,Hali-Ela,2024-04-10T00:00:00,Imbulgoda,82D,"අංක 18/3, දිසානායක වත්ත, පල්ලෙගම, කෝට්ටගොඩ, බදුල්ල","අංක 18/3, දිසානායක වත්ත, පල්ලෙගම, කෝට්ටගොඩ, බදුල්ල",,2024-04-19T00:00:00,,,අධික වර්ශාපතනය,,,,6.95899,81.074898
Slope Failure,SF,NBRO/LRRMD-BDL/BDU/SORANA/LI/24/0197,BDU240493,Badulla,Soranathota,2024-05-02T00:00:00,Idamepanguwa,34,"අඹගස්දෝව, ඉඩමේපංගුව","අඹගස්දෝව, ඉඩමේපංගුව",බදුල්ල - තැන්නේපංගුව මාර්ගයේ ගමන් කිරීමේදී පහත GPS ඛණ්ඩාංක මගින් දැක්වෙන ස්ථානයේ පරික්ෂිත ස්ථානය,2024-05-26T00:00:00,2023-12-29T00:00:00,02:00,අධික වර්ෂාපතනය,,,,7.07623,81.014361
Slope Failure,SF,NBRO/LRRMD-BDL/BDU/PASSAR/LI/24/0198,BDU240494,Badulla,Passara,2024-05-02T00:00:00,Gonagala West,88C,"කුඹුරේ ගෙදර, 10 කණුව, පස්සර","කුඹුරේ ගෙදර, 10 කණුව, පස්සර",,2024-04-24T00:00:00,,,,,,,6.93596,81.135185
Slope Failure,SF,NBRO/LRRMD-BDL/BDU/WELIMA/LI/24/0200,BDU240496,Badulla,Welimada,2024-01-01T00:00:00,Vidurupola,49,විදුරපොල ශ්‍රි සුමංගලාරාමය,විදුරපොල ශ්‍රි සුමංගලාරාමය,නුවරඑළිය බදුල්ල මාර්ගයේ 53/2 බෝක්කු කණුව අසළින් වම් පසට දිවෙන ගවරම්මාන - බැලුම්ගල මාර්ගයේ කිලෝමීට,2023-11-28T00:00:00,2023-11-18T00:00:00,14:30,අධික වර්ෂාපතනය,,,,6.913286,80.865965
Slope Failure,SF,NBRO/LRRMD-BDL/BDU/LUNUGA/LI/24/0206,BDU240503,Badulla,Lunugala,2024-05-03T00:00:00,Lunugala Town,94A,"සිල්ක් ෆාම්, ලුණුගල","සිල්ක් ෆාම්, ලුණුගල",ලුණුගල නගරයේ සිංගර් ප්‍රදර්ශණාගාරය අසකින් වමට පිහිටි කුඩා කොන්ක්‍රීට් මාර්ගයේ මීටර් 200 ක් පමන ද,2024-05-02T00:00:00,,,අධික වර්ශාපතනය,,,,7.039641,81.198872
Slope Failure,SF,NBRO/LRRMD-BDL/BDU/LUNUGA/LI/24/0207,BDU240504,Badulla,Lunugala,2024-05-03T00:00:00,Udakiruwa,92A,"හෙලගම, උඩකිරුව,ලුණුගල",,,2024-05-02T00:00:00,,,,,,,7.078972,81.22344
Slope Failure,SF,NBRO/LRRMD-BDL/BDU/SORANA/LI/24/0221,BDU240529,Badulla,Soranathota,2024-01-01T00:00:00,Kandegedara Town,27A,"ශ්‍රී සුදර්ශනාරාම විහාරස්ථානය, කන්දෙගෙදරගුණසිරි විජේරත්න, පන්සල අසල, කන්දෙගෙදර","ශ්‍රී සුදර්ශනාරාම විහාරස්ථානය, කන්දෙගෙදරගුණසිරි විජේරත්න, පන්සල අසල, කන්දෙගෙදර",කන්දෙගෙදර නගර මධ්‍යයේ පරික්ෂිත විහාරස්ථානය පිහිටා ඇත.,0001-01-01T00:00:00,,,,,,,7.0193807,81.020171
Slope Failure,SF,NBRO/LRRMD-BDL/BDU/SORANA/LI/24/0222,BDU240530,Badulla,Soranathota,2024-01-01T00:00:00,Kandegedara Town,27A,"ශ්‍රී සුදර්ශනාරාම විහාරස්ථානය, කන්දෙගෙදර","ශ්‍රී සුදර්ශනාරාම විහාරස්ථානය, කන්දෙගෙදර",කන්දෙගෙදර නගර මධ්‍යයේ පරික්ෂිත විහාරස්ථානය පිහිටා ඇත.,2024-04-26T00:00:00,2023-12-26T00:00:00,,-,,,,7.018912,81.0206612
Slope Failure,SF,NBRO/LRRMD-BDL/BDU/SORANA/LI/24/0224,BDU240532,Badulla,Soranathota,2024-01-01T00:00:00,Kandegedara Town,27A,"අංක 91, කන්දෙගෙදර","අංක 91, කන්දෙගෙදර",කන්දෙගෙදර නගර මධ්‍යයේ පරික්ෂිත ස්ථානය පිහිටා ඇත.,2024-04-26T00:00:00,,,,,,,7.018912,81.0206612
Slope Failure,SF,NBRO/LRRMD-BDL/BDU/SORANA/LI/24/0237,BDU240568,Badulla,Soranathota,2024-01-01T00:00:00,Kohovila,26,"පීල්ලගස් අරාව, කොහොවිල","පීල්ලගස් අරාව, කොහොවිල",,2024-04-26T00:00:00,,,,,,,7.0137308,81.037139
Slope Failure,SF,NBRO/LRRMD-BDL/BDU/WELIMA/LI/24/0253,BDU240613,Badulla,Welimada,2024-02-20T00:00:00,Nawela,59,"නාවෙල, මිරහවත්ත","නාවෙල, මිරහවත්ත",-,2024-02-15T00:00:00,2024-01-11T00:00:00,,,,,,6.88333,80.930695
Slope Failure,SF,NBRO/LRRMD-BDL/BDU/ELLA/LI/24/0254,BDU240614,Badulla,Ella,2024-05-27T00:00:00,Nawela West,72F,"නාවෙලගම පාර, බල්ලකෙටුව","නාවෙලගම පාර, බල්ලකෙටුව",,0001-01-01T00:00:00,2023-11-11T00:00:00,22:30,,,,,6.87614,81.090149
Slope Failure,SF,NBRO/LRRMD-BDL/BDU/BANDAR/LI/24/0279,BDU240670,Badulla,Bandarawela,2024-04-01T00:00:00,Mahaulpotha,66D,"අංක 115/1, උදාකළගම, අලුත්කන්ද පාර, බණ්ඩාරවෙල","අංක 115/1, උදාකළගම, අලුත්කන්ද පාර, බණ්ඩාරවෙල",-,2024-02-01T00:00:00,,,අධික වර්ෂාව,,,,6.825746,80.999992
Slope Failure,SF,NBRO/LRRMD-BDL/BDU/WELIMA/LI/24/0286,BDU240688,Badulla,Welimada,2024-05-15T00:00:00,Rahangala,62F,"බොරලන්ද ශිෂ්‍යභට පුහුණු මධ්‍යස්ථානය, බොරලන්ද","බොරලන්ද ශිෂ්‍යභට පුහුණු මධ්‍යස්ථානය, බොරලන්ද",,2024-06-06T00:00:00,2024-05-08T00:00:00,,අධික වර්ෂාව,,,,6.822626,80.897854
Slope Failure,SF,NBRO/LRRMD-BDL/BDU/WELIMA/LI/24/0335,BDU240814,Badulla,Welimada,2024-01-10T00:00:00,Welimada Town,52A,"බ/වැලිමඩ මධ්‍ය මහා විද්‍යාලය, වැලිමඩ","බ/වැලිමඩ මධ්‍ය මහා විද්‍යාලය, වැලිමඩ",වැලිමඩ නගරයේ සිට වැලිමඩ - බදුල්ල මාර්ගයේ 1km ක් පමණ ගමන් කිරීමේදී මාර්ගයේ වම් පස පරික්ෂිත ස්ථානය ප,2024-02-15T00:00:00,,,-,,,,6.90843,80.91967
Slope Failure,SF,NBRO/LRRMD-BDL/BDU/HAPUTA/LI/24/0347,BDU240829,Badulla,Haputale,2024-02-01T00:00:00,Dodamwattta,63G,"කොස්ගහකුඹුර, දියතලාව",,,2024-04-18T00:00:00,2024-01-10T00:00:00,,,,,,6.813545,80.960939
Slope Failure,SF,NBRO/LRRMD-BDL/BDU/PASSAR/LI/24/0432,BDU241087,Badulla,Passara,2024-07-04T00:00:00,Udagama,89A,"අමුණේ ගෙදර, ගලකුඹුර, පැල්ගහතැන්න","අමුණේ ගෙදර, ගලකුඹුර, පැල්ගහතැන්න",බදුල්ල නගරයේ සිට බදුල්ල - පස්සර මාර්ගයේ 15km ක් පමණ ගමන් කිරීමේදී මාර්ගයේ වම් පසින් පිහිටි පස්සර - උ,2024-08-08T00:00:00,,,,,,,6.9523865,81.1286167
Slope Failure,SF,NBRO/LRRMD-BDL/BDU/WELIMA/LI/24/0455,BDU241217,Badulla,Welimada,2024-09-02T00:00:00,Kalubululanda,51A,"බ/කළුබුලන්ද විද්‍යාලය, වැලිමඩ","කළුබුලුලන්ද මහා විද්‍යාලය, කළුබුලුලන්ද",කැප්පෙටිපොල - බොරලන්ද මාර්ගයේ පහත GPS ඛණ්ඩාංක වලින් දැක්වෙන ස්ථානයේ පරික්ෂිත ස්ථානය පිහිටා ඇත,2024-08-29T00:00:00,,,-,,,,6.875381,80.889029
Slope Failure,SF,NBRO/LRRMD-BDL/BDU/HALDUM/LI/24/0472,BDU241239,Badulla,Haldummulla,2024-01-01T00:00:00,Haldummulla,157A,"විහාරහෙළපතන, හල්දුම්මුල්ල",,,2023-11-08T00:00:00,,,,,,,6.760167,80.884288
Slope Failure,SF,NBRO/LRRMD-BDL/BDU/WELIMA/LI/24/0500,BDU241342,Badulla,Welimada,2024-09-09T00:00:00,Boragasa,49A,"බ / ප්‍රඥාසේන විද්‍යාලය, අංක 197, බොරගස්","බ / ප්‍රඥාසේන විද්‍යාලය, අංක 197, බොරගස්",වැලිමඩ - නුවරඑළිය මාර්ගයේ බොරගස් මංසන්ධියට ආසන්නව පහත GPS ඛණ්ඩාංක වලින් දැක්වෙන ස්ථානයේ පරික්ෂිත,2024-09-27T00:00:00,,,-,,,,6.9075759,80.840611
Slope Failure,SF,NBRO/LRRMD-BDL/BDU/BANDAR/LI/24/0535,BDU241481,Badulla,Bandarawela,2024-10-01T00:00:00,Kinigama,66,"වලස්බැද්ද, බණ්ඩාරවෙල",,,2024-05-07T00:00:00,,,,,,,6.82773,81.003405
Slope Failure,SF,NBRO/LRRMD-BDL/BDU/BANDAR/LI/24/0536,BDU241482,Badulla,Bandarawela,2024-04-24T00:00:00,Kinigama,66,"රත්මල්ගස් ඇල්ල, කිණිගම, බණ්ඩාරවෙල",,,2024-05-07T00:00:00,,,,,,,6.82755,81.001576
Slope Failure,SF,NBRO/LRRMD-BDL/BDU/WELIMA/LI/24/0537,BDU241483,Badulla,Welimada,2024-01-01T00:00:00,Palugama Ella,50C,"සියඹලාගහ වත්ත, ඇල්ල, වැලිමඩ","සියඹලාගහ වත්ත, ඇල්ල, වැලිමඩ",පහත GPS ඛණ්ඩාංක සහිත ස්ථානයේ පිහිටා ඇත.,2024-09-27T00:00:00,,,-,,,,6.894102,80.895651
Slope Failure,SF,NBRO/LRRMD-BDL/BDU/ELLA/LI/24/0559,BDU241583,Badulla,Ella,2024-01-12T00:00:00,Maduragama,68C,"මැදහින්නේගෙදර, ගොටුවල, ඇල්ල",,,2024-01-12T00:00:00,,,,,,,6.880166,81.056723
Slope Failure,SF,NBRO/LRRMD-BDL/BDU/ELLA/LI/24/0560,BDU241584,Badulla,Ella,2024-10-15T00:00:00,Halpe,68,"දෙමන්පිටිය වෙල් යාය, මුදුන්පිට කුඹුර, හෙලහල්පේ","දෙමන්පිටිය වෙල් යාය, මුදුන්පිට කුඹුර, හෙලහල්පේ",බණ්ඩාරවෙල - බදුල්ල ප්‍රධාන මාර්ගයේ පහත දැක්වෙන ස්ථානයේ පිහිටා ඇත.,0001-01-01T00:00:00,,,,,,,6.887582,81.040345
Slope Failure,SF,NBRO/LRRMD-BDL/BDU/BADULL/LI/24/0561,BDU241585,Badulla,Badulla,2024-11-22T00:00:00,Thelbedda Estate,81B,"තෙල්බැද්ද වත්ත, පහළ කොටස","පහළ කොටස, තෙල්බැද්ද වත්ත, බදුල්ල",තෙල්බැද්ද වතු මාර්ගයේ පහත ස්ථනයේ පිහිටා ඇත,2024-11-22T00:00:00,,,,,,,6.985945,81.099767
Slope Failure,SF,NBRO/LRRMD-BDL/BDU/BANDAR/LI/24/0565,BDU241596,Badulla,Bandarawela,2024-11-26T00:00:00,Bindunuwewa,67B,"ජනාදර මාවත, බිඳුණුවැව, බණ්ඩාරවෙල","ජනාදර මාවත, බිඳුණුවැව, බණ්ඩාරවෙල",බණ්ඩාරවෙල - බදුල්ල මාර්ගයේ  බිඳුණුවැව මංසන්ධියෙන් පිහිටි අතුරු මාර්ගය ඔස්සේ ගමන් කිරීමේදී හමුව,2024-11-26T00:00:00,2024-11-26T00:00:00,04:30,අධික වර්ෂාපතනය,,,,6.841112,80.9986554
Slope Failure,SF,NBRO/LRRMD-BDL/BDU/BANDAR/LI/24/0571,BDU241614,Badulla,Bandarawela,2024-09-25T00:00:00,Kinigama,66,"අංක 108/4, කන්දෙකුඹුර, බිඳුණුවැව, බණ්ඩාරවෙල","අංක 108/4, කන්දෙකුඹුර, බිඳුණුවැව, බණ්ඩාරවෙල",,2023-12-01T00:00:00,2023-11-11T00:00:00,,අධික තීව්‍රතාවයෙන් යුතු වර්ෂාව,,,,6.8485383,81.0010267
Slope Failure,SF,NBRO/LRRMD-BDL/BDU/BANDAR/LI/24/0572,BDU241615,Badulla,Bandarawela,2024-09-25T00:00:00,Wewathenna,67G,"ගස්වත්ත හන්දිය, වැවතැන්න, බණ්ඩාරවෙල","ගස්වත්ත හන්දිය, වැවතැන්න, බණ්ඩාරවෙල",,2023-12-01T00:00:00,2023-11-20T00:00:00,,අධික තීව්‍රතාවයෙන් යුතු වර්ෂාව,,,,6.8416467,80.9744
Slope Failure,SF,NBRO/LRRMD-BDL/BDU/BANDAR/LI/24/0573,BDU241616,Badulla,Bandarawela,2024-09-25T00:00:00,Inikambedda,65E,"ජලාශය පාර, ඉනිකම්බැද්ද, බණ්ඩාරවෙල","ජලාශය පාර, ඉනිකම්බැද්ද, බණ්ඩාරවෙල",-,0001-01-01T00:00:00,,,,,,,6.826785,80.986666
Slope Failure,SF,NBRO/LRRMD-BDL/BDU/BANDAR/LI/24/0577,BDU241620,Badulla,Bandarawela,2024-09-25T00:00:00,Egodagama,66E,"දඹගොල්ල වත්ත, කන්දේආරාව, කිණිගම, බණ්ඩාරවෙල","දඹගොල්ල වත්ත, කන්දේආරාව, කිණිගම, බණ්ඩාරවෙල",-,0001-01-01T00:00:00,,,,,,,6.829045,81.0233609
Slope Failure,SF,NBRO/LRRMD-BDL/BDU/BANDAR/LI/24/0579,BDU241622,Badulla,Bandarawela,2024-09-25T00:00:00,Bandarawela East,65G,"අංක 65/17, වැලිමඩ පාර, බණ්ඩාරවෙල","අංක 65/17, වැලිමඩ පාර, බණ්ඩාරවෙල",-,0001-01-01T00:00:00,,,,,,,6.8317539,80.9851723
Slope Failure,SF,NBRO/LRRMD-BDL/BDU/BADULL/LI/24/0591,BDU241641,Badulla,Badulla,2024-11-28T00:00:00,Pitawelagama,78L,"පිටවෙලගම, බදුල්ල","අංක 117, පිටවෙලගම, බදුල්ල",බදුල්ල මහියංගන මාර්ගයේ 2km ක පමණ ගමන් කිරීමේදී හමුවන ගල්පිල්ල මංසන්ධියෙ සිට 1.5 km පමණ ගල්කන්ද දෙසට ග,2024-11-28T00:00:00,2024-11-25T00:00:00,,අධික වර්ෂාපතනය,,,,7.0029275,81.0537246
Slope Failure,SF,NBRO/LRRMD-BDL/BDU/LUNUGA/LI/24/0602,BDU241669,Badulla,Lunugala,2024-12-06T00:00:00,Galwelagama,18C,"හෙලහෙල්ලි වත්ත, ගල්වෙලගම, මඩොල්සිම","හෙලහෙල්ලි වත්ත, ගල්වෙලගම, මඩොල්සිම",,2024-11-29T00:00:00,2024-11-26T00:00:00,,,,,,7.06247,81.14295
Slope Failure,SF,NBRO/LRRMD-BDL/BDU/BADULL/LI/25/0007,BDU250043,Badulla,Badulla,2025-01-15T00:00:00,Kailagoda,78G,"අංක 36, ග්‍රීන් ලේන් ඩ්‍රයිව්, කයිලගොඩ, බදුල්ල","අංක 36, ග්‍රීන් ලේන් ඩ්‍රයිව්, කයිලගොඩ, බදුල්ල",බදුල්ල නගරයේ සිට මහියංගන මාර්ගයේ පැමිණීමේදී හමුවන කයිලගොඩ මංසන්ධියෙන් ග්‍රීන් ලේන් ඩ්‍රයිව්,2025-01-13T00:00:00,,,අධික වර්ෂාව සහ ඉදි කිරීම් වල අවිධිමත් / පැරණි බව,,,,6.996384,81.060946
Slope Failure,SF,NBRO/LRRMD-BDL/BDU/WELIMA/LI/25/0013,BDU250077,Badulla,Welimada,2025-01-21T00:00:00,Dambavinna,59A,"පහළ දඹවින්න,වැලිමඩ","පහළ දඹවින්න,වැලිමඩ",වැලිමඩ-බණ්ඩාරවෙල මාර්ගයේ  18/3 බෝක්කුවට ආසන්නව පහත GPS ඛණ්ඩාංක මගින් දැක්වෙන ස්ථානයේ පර්ක්ෂිත භුමි,2025-01-16T00:00:00,2025-01-14T00:00:00,06:30,අධික වර්ෂාපතනය,,,,6.841112,80.9986554
Slope Failure,SF,NBRO/LRRMD-BDL/BDU/BADULL/LI/25/0059,BDU250167,Badulla,Badulla,2025-02-11T00:00:00,Thelbedda Estate,81B,"තෙල්බැද්ද වත්ත, පහළ කොටස, අංක 13 පේළි නිවාසය","තෙල්බැද්ද වත්ත, පහළ කොටස, අංක 13 පේළි නිවාසය",,2024-11-26T00:00:00,,,,,,,6.981853,81.09965
Slope Failure,SF,NBRO/LRRMD-BDL/BDU/WELIMA/LI/25/0076,BDU250231,Badulla,Welimada,2025-02-17T00:00:00,Welimada Town,52A,"බ/වැලිමඩ විද්‍යාලය, වැලිමඩ.","බ/වැලිමඩ විද්‍යාලය, වැලිමඩ.",වැලිමඩ නගරයේ සිට වැලිමඩ - බදුල්ල මාර්ගයේ 1kmක් පමණ ගමන් කිරීමේදී මාර්ගයේ වම් පස පරික්ෂිත ස්ථානය පි,2025-01-16T00:00:00,,,,,,,6.907587,80.919857
Slope Failure,SF,NBRO/LRRMD-BDL/BDU/SORANA/LI/25/0077,BDU250235,Badulla,Soranathota,2025-02-18T00:00:00,Rideepana,26C,"දුන්හිඳ පිවිසුම් මාර්ගය, සොරණාතොට","දුන්හිඳ පිවිසුම් මාර්ගය, සොරණාතොට",,0001-01-01T00:00:00,,,,,,,7.025619,81.057495
Slope Failure,SF,NBRO/LRRMD-BDU/BDU/WELIMA/LI/25/0078,BDU250236,Badulla,Welimada,2025-02-19T00:00:00,Ketakella,58A,"කැටකෑල්ල, වැලිමඩ","කැටකෑල්ල, වැලිමඩ",,2025-02-11T00:00:00,,,,,,,6.8932646,80.9307429
Slope Failure,SF,NBRO/LRRMD-BDL/BDU/HALDUM/LI/25/0111,BDU250329,Badulla,Haldummulla,2025-03-07T00:00:00,Ampittithenna,155K,"උඩුමුල්ල,කොස්ලන්ද","උඩුමුල්ල,කොස්ලන්ද",-,2025-03-05T00:00:00,,,අධික වර්ෂාපතනය,,,,6.7403323,81.0229324
Slope Failure,SF,NBRO/LRRMD-BDL/BDU/ELLA/LI/25/0116,BDU250335,Badulla,Ella,2025-03-11T00:00:00,Beddewela,72H,M.D කුසුමාවතීමියගේ කුඹුර ආශ්‍රිතව ඇතිවී ති‌බෙන භූ අස්ථාවරතාව,,,2025-03-01T00:00:00,2025-03-01T00:00:00,06:30,,,,,6.898943,81.082364
Slope Failure,SF,NBRO/LRRMD-BDL/BDU/UVA-PA/LI/25/0117,BDU250336,Badulla,Uva-Paranagama,2025-03-11T00:00:00,Weliulla,54A,"ඉඳිගහදෝව ,ලූණුවත්ත","ඉඳිගහදෝව ,ලූණුවත්ත",,2025-03-06T00:00:00,2024-12-30T00:00:00,,,,,,6.950398,80.939305
Slope Failure,SF,NBRO/LRRMD-BDL/BDU/UVA-PA/LI/25/0118,BDU250337,Badulla,Uva-Paranagama,2025-03-11T00:00:00,Rathamba,47C,"අංක 80,රතඹ,අඹගස්දෝව,වැලිමඩ.","අංක 80,රතඹ,අඹගස්දෝව,වැලිමඩ.",,2025-03-06T00:00:00,2024-12-30T00:00:00,,,,,,6.950398,80.939305
Slope Failure,SF,NBRO/LRRMD-BDL/BDU/UVA-PA/LI/25/0130,BDU250375,Badulla,Uva-Paranagama,2025-03-19T00:00:00,Ilukwela,38D,"මැදලන්ද, ඉලුක්වෙල, අඹගහවත්ත","මැදලන්ද, ඉලුක්වෙල, අඹගහවත්ත",-,2025-03-11T00:00:00,2025-02-26T00:00:00,,අධික වර්ෂාව,,,,7.0120141,80.9368003
Slope Failure,SF,NBRO/LRRMD-BDL/BDU/BANDAR/LI/25/0154,BDU250489,Badulla,Bandarawela,2025-01-30T00:00:00,Kebillawela North,67D,"රටෝරුව, උතුරු කැබිල්ලේවෙල, බණ්ඩාරවෙල","රටෝරුව, උතුරු කැබිල්ලේවෙල, බණ්ඩාරවෙ",-,2025-01-30T00:00:00,,,,,,,6.835412,80.997164
Slope Failure,SF,NBRO/LRRMD-BDL/BDU/WELIMA/LI/25/0184,BDU250610,Badulla,Welimada,2025-04-29T00:00:00,Ambewela,50A,හෙවනකුඹුර-අඹේවෙල-බෝගහකුඹුර මාර්ගයේ බෝක්කු අංක 5/6 ආශ්‍රිතව,හෙවනකුඹුර-අඹේවෙල-බෝගහකුඹුර මාර්ගයේ බෝක්කු අංක 5/6 ආශ්‍රිතව,,2025-04-20T00:00:00,,,,,,,6.8743698,80.847855
Slope Failure,SF,NBRO/LRRMD-BDL/BDU/HALI-E/LI/25/0194,BDU250651,Badulla,Hali-Ela,2025-05-07T00:00:00,Springvalley,85B,"ස්ප්‍රිංවැලි,හාලිඇල.","ස්ප්‍රිංවැලි,හාලිඇල.",ස්ප්‍රිංවැලි නගරයට ආසන්නව පහත GPS ඛණ්ඩාංක මගින් දැක්වෙන ස්ථානයේ පරික්ෂිත නිවාස පිහිටා ඇත.,2025-03-28T00:00:00,,,,,,,6.928658,81.093122
Slope Failure,SF,NBRO/LRRMD-BDL/BDU/LUNUGA/LI/25/0206,BDU250707,Badulla,Lunugala,2025-05-22T00:00:00,Milabedda,90A,"18 කණුව,මිල්ලබැද්ද,ලුණුගල.","18 කණුව,මිල්ලබැද්ද,ලුණුගල.",-,2025-05-21T00:00:00,,,,,,,6.971439,81.190845
Slope Failure,SF,NBRO/LRRMD-BDL/BDU/LUNUGA/LI/25/0208,BDU250710,Badulla,Lunugala,2025-05-22T00:00:00,Yapamma,94B,"අම්බලන්ගොඩ,හොප්ටන්,ලුණුගල.","අම්බලන්ගොඩ,හොප්ටන්,ලුණුගල.",-,2025-05-21T00:00:00,2025-04-13T00:00:00,,අධික වර්ෂාපතනය සහ අවිධිමත් භූමි පරිහරණය,,,,6.999171,81.197189
Slope Failure,SF,NBRO/LRRMD-BDL/BDU/WELIMA/LI/25/0225,BDU250733,Badulla,Welimada,2025-05-26T00:00:00,Ambagahakumbura,48,"අංක 28, උඩුමුල්ල, නුගතලාව","අංක 28, උඩුමුල්ල, නුගතලාව",,2024-12-18T00:00:00,2024-11-25T00:00:00,,,,,,6.9031006,80.896707
Slope Failure,SF,NBRO/LRRMD-BDL/BDU/BANDAR/LI/25/0231,BDU250759,Badulla,Bandarawela,2025-05-28T00:00:00,Mathatilla,67J,"උඩ අරුව, අරළුගහපතන","උඩ අරුව, අරළුගහපතන",,2025-05-20T00:00:00,2025-05-18T00:00:00,,අධික වර්ෂාපතනය සහ අවිධිමත් භූමි පරිහරණය,,,,6.859478,80.961758
Slope Failure,SF,NBRO/LRRMD-BDL/BDU/LUNUGA/LI/25/0236,BDU250777,Badulla,Lunugala,2025-05-28T00:00:00,Kottalbedda,93,"අංක 95, 24 කණුව, මඩකලපු පාර, ලුණුගල","අංක 95, 24 කණුව, මඩකලපු පාර, ලුණුගල",,2025-05-21T00:00:00,2025-05-03T00:00:00,,අධික වර්ෂාපතනය සහ අවිධිමත් භූමි පරිහරණය,,,,7.022719,81.200538
Slope Failure,SF,NBRO/LRRMD-BDL/BDU/BANDAR/LI/25/0241,BDU250786,Badulla,Bandarawela,2025-06-03T00:00:00,Bandarawela West,65B,බ/ ධර්මපාල ද්විතීක මහා විද්‍යාලයේ පවතින අවදානම් ස්ථානය,බ/ ධර්මපාල ද්විතීක මහා විද්‍යාලයේ පවතින අවදානම් ස්ථානය,,2025-05-15T00:00:00,,,-,,,,6.82908,80.995352
Slope Failure,SF,NBRO/LRRMD-BDL/BDU/SORANA/LI/25/0294,BDU250990,Badulla,Soranathota,2025-07-14T00:00:00,Soranathota,28,බදුල්ල - මහියංගණ මාර්ගයේ 5 කණුව,බදුල්ල - මහියංගණ මාර්ගයේ 5 කණුව,,2025-06-13T00:00:00,,,,,,,7.023178,81.055688
Slope Failure,SF,NBRO/LRRMD-BDL/BDU/HALI-E/LI/25/0338,BDU251238,Badulla,Hali-Ela,2025-08-19T00:00:00,Hethekma,75,හැතැක්ම ශ්‍රී තපෝදාරාම විහාරස්ථානයේ ධර්මශාලාව හා විහාර මන්දිරය පිටුපස වේල්ල පිළිබඳව ඇති නාය අ,"ශ්‍රී තපෝධනාරාමය, හැතැක්ම, හාලිඇල",හාලිඇල සිට කැටවල මාර්ගයේ කි.මි. 5ක් පමණ ගමන්කිරීමේදී මෙම ස්ථානය හමුවේ.,2025-08-07T00:00:00,,,-,,,,6.98249,81.016121
Slope Failure,SF,NBRO/LRRMD-BDL/BDU/BADULL/LI/25/0400,BDU251694,Badulla,Badulla,2025-10-24T00:00:00,Glen Alpin Estate,80H,"ග්ලේන්ඇල්පින්  වතුයාය, ග්‍රැහැම්ස්ලෑන්ඩ් කොටසේ, අංක 59 ක්ෂේත්‍රය තුළ, අංක 5 පේළි නිවස","ග්ලේන්ඇල්පින්  වතුයාය, ග්‍රැහැම්ස්ලෑන්ඩ් කොටසේ, අංක 59 ක්ෂේත්‍රය තුළ, අංක 5 පේළි නිවස",,2025-09-30T00:00:00,2024-01-01T00:00:00,,,,,,6.952089,81.104487
Slope Failure,SF,NBRO/LRRMD-CMB/CMB/SEETHA/LI/20/0131,CMB200084,Colombo,Seethawaka,2020-01-01T00:00:00,Eswatta North,429,"275/1, Pragathipura Road, Eswatta North, Puwakpitiya.","275/1, Pragathipura Road, Eswatta North, Puwakpitiya.",,2020-02-18T00:00:00,2019-12-01T00:00:00,,,,,,6.96253,80.17767
Slope Failure,SF,NBRO/LRRMD-CMB/CMB/SEETHA/LI/21/0022,CMB210017,Colombo,Seethawaka,2021-06-05T00:00:00,Kalu Aggala,436,"Salawa Estate,Kosgama.","Salawa Estate,Kosgama.",,2021-10-04T00:00:00,,,,,,,6.93481,80.102113
Slope Failure,SF,NBRO/LRRMD-CMB/CMB/PADUKK/LI/21/0081,CMB210042,Colombo,Padukka,2021-11-16T00:00:00,Thummodara,458A,"62/3,Labugama Road,Thummodara Road,Padukka","62/3,Labugama Road,Thummodara Road,Padukka",,2021-06-17T00:00:00,2021-11-08T00:00:00,,,,,,6.86319,80.16457
Slope Failure,SF,NBRO/LRRMD-GLE/GLE/WANDUR/LI/22/0278,GLE220414,Galle,Wanduramba,2022-09-06T00:00:00,Kokawala,191A,"කොකාවල, වඳුරඹ.","නාවල, කොකාවල, වඳුරඹ.",,2022-09-07T00:00:00,2022-09-06T00:00:00,,,,,,6.130325,80.228642
Slope Failure,SF,NBRO/LRRMD-GLE/GLE/GALLFG/LI/23/0054,GLE230464,Galle,Galle Four Gravets,2023-02-13T00:00:00,Ukwatta West,108B,"160/14, උක්වත්ත, ගිංතොට","160/14, උක්වත්ත, ගිංතොට",ගාල්ල නගරයේ සිට කොළඹ දෙසට 3.7 km ගමන් කිරීමේදී වාලුකාරාම මාර්ගය හමු වේ. එහි 500මm ද එහිදී හමු වන කලේගාන,2022-10-24T00:00:00,2022-10-23T00:00:00,07:30,adhhika warSaapathanaya,,,,6.07808,80.17999
Slope Failure,SF,NBRO/LRRMD-GLE/GLE/WANDUR/LI/23/0173,GLE230993,Galle,Wanduramba,2023-08-31T00:00:00,Gulugahakanda,221B,"නො. 154, සම්පත්, කොස්ගොඩකන්ද, වදුරඹ","නො. 154, සම්පත්, කොස්ගොඩකන්ද, වදුරඹ",ගාල්ල නගරයෙන් ගමන් ආරම්භ කර ගාල්ල-උඩුගම ප්‍රධාන මාර්ගයේ ගමන් කර ඉන් අනතුරුව හමුවන වඳුරඹ-යක්කලම,2024-08-08T00:00:00,,,,,,,6.1305251,80.274068
Slope Failure,SF,NBRO/LRRMD-GLE/GLE/IMADUW/LI/23/0227,GLE231109,Galle,Imaduwa,2023-10-11T00:00:00,Danduwana,153A,අධිවේගී මාර්ගය කිලෝ මීටර් 101.3 අසල මාර්ගය,අධිවේගී මාර්ගය කිලෝ මීටර් 101.3 අසල මාර්ගය,,2023-10-11T00:00:00,2023-10-11T00:00:00,,Heavy Rainfall,22.8,43.8,215 10 days,6.0451481,80.312608
Slope Failure,SF,NBRO/LRRMD-GLE/GLE/NAGODA/LI/23/0365,GLE231378,Galle,Nagoda,2023-11-15T00:00:00,Parana Thanayamgoda Central,213B,"කෙත්සිරි, පරණතානායම්ගොඩ","කෙත්සිරි, පරණතානායම්ගොඩ",,2025-12-12T00:00:00,,,,,,,6.2277069,80.3043272
Slope Failure,SF,NBRO/LRRMD-GLE/GLE/NAGODA/LI/24/0003,GLE240042,Galle,Nagoda,2024-01-03T00:00:00,Urala Central,222B,"කොතේගොඩ කන්ද, ගාල්ල - මාපලගම  ප්‍රධාන මාර්ගයට ගල් පෙරලීම","කොතේගොඩ කන්ද, ගාල්ල",ගාල්ල නගරයේ සිට වඳුරඹ මාපලගම මාර්ගයේ ගමන් කිරීමේදී හමුවන කටඹූරාව මංසන්දිය පසුකර මීටර 300ක් පමණ ග,2024-01-04T00:00:00,2023-12-31T00:00:00,,අධික වර්ෂාපතනය හා දීර්ඝ කාලීනව සිදුවූ අක්‍රමවත් පෘෂ්ඨීය ජලවහනය,,,,6.1451005,80.2627695
Slope Failure,SF,NBRO/LRRMD-MTR/HAB/BELIAT/LI/15/0010,HAB150010,Hambantota,Beliatta,2015-10-12T00:00:00,Maligathenna,325,හ/ තාරපේරිය කණිටු විද්‍යාලය,,,0001-01-01T00:00:00,,,,,,,6.094167,80.693183
Slope Failure,SF,NBRO/LRRMD-MTR/HAB/KATUWN/LI/16/0001,HAB160001,Hambantota,Katuwana,2016-12-06T00:00:00,Alupothdeniya Pahala,522,"අළුදෙණිය, පොකුණුගාවත්ත",,,0001-01-01T00:00:00,,,,,,,6.29915,80.68065
Slope Failure,SF,NBRO/LRRMD-MTR/HAB/KATUWN/LI/16/0003,HAB160003,Hambantota,Katuwana,2016-10-27T00:00:00,Udagomadiya,524,"වේකරිය ගොඩ, මාරගහවත්ත",,,0001-01-01T00:00:00,,,,,,,6.283767,80.6835
Slope Failure,SF,NBRO/LRRMD-MTR/HAB/KATUWN/LI/17/0037,HAB170085,Hambantota,Katuwana,2017-08-18T00:00:00,Udagomadiya,524,"උඩගොමඩිය,ඇහැලගහහේන",,,0001-01-01T00:00:00,,,,,,,6.290233,80.672533
Slope Failure,SF,NBRO/LRRMD-MTR/HAB/WALASM/LI/18/0020,HAB180020,Hambantota,Walasmulla,2018-10-29T00:00:00,Pathegama,563,"දික්වලහේන, පාතෙගම, රම්මල, වරාපිටිය",,,0001-01-01T00:00:00,,,,,,,6.20434,80.63206
Slope Failure,SF,NBRO/LRRMD-MTR/HAB/WALASM/LI/19/0007,HAB190011,Hambantota,Walasmulla,2019-06-11T00:00:00,Dehigahahena,564,"අංක 259/ ඒ, රොටුඹ ගෙදර, දෙහිගහහේන, හඳුගල",,,0001-01-01T00:00:00,,,,,,,6.20841,80.62191
Slope Failure,SF,NBRO/LRRMD-MTR/HAB/WALASM/LI/19/0009,HAB190013,Hambantota,Walasmulla,2019-07-15T00:00:00,Dehigahahena,564,"නො;246 ඒ, රොටුඹ ගෙදර, දෙහිගහහේන, හදුගල, මාතර",,,0001-01-01T00:00:00,,,,,,,6.20476,80.62304
Slope Failure,SF,NBRO/LRRMD-MTR/HAB/WALASM/LI/19/0012,HAB190016,Hambantota,Walasmulla,2019-03-19T00:00:00,Kekiriobada,556,"අංක 195/0/3,  මධු සෙවන , පුස්කොලයාය",,,0001-01-01T00:00:00,,,,,,,6.19257,80.65515
Slope Failure,SF,NBRO/LRRMD-MTR/HAB/KATUWN/LI/19/0044,HAB190048,Hambantota,Katuwana,2019-05-16T00:00:00,Bengamukanda,528,"මැදකොරටුව, බෙංගමුව කන්ද, කටුවන",,,0001-01-01T00:00:00,,,,,,,6.279898,80.66804
Slope Failure,SF,NBRO/LRRMD-MTR/HAB/WEERAK/LI/20/0005,HAB200007,Hambantota,Weeraketiya,2020-06-18T00:00:00,Bedigama West,385,"ඉපිටවත්ත, බැදිගම, විතාරන්දෙණිය",,,0001-01-01T00:00:00,,,,,,,6.11887,80.76885
Slope Failure,SF,NBRO/LRRMD-MTR/HAB/WEERAK/LI/20/0006,HAB200008,Hambantota,Weeraketiya,2020-08-18T00:00:00,Bedigama West,385,"කජුගහකොරටුව, බැඳිගම බටහිර",,,0001-01-01T00:00:00,,,,,,,6.11976,80.76989
Slope Failure,SF,NBRO/LRRMD-MTR/HAB/OKEWEL/LI/20/0007,HAB200009,Hambantota,Okewela,2020-04-30T00:00:00,Modarawana North,485,මොදරවාන මහා විද්‍යාලය,,,0001-01-01T00:00:00,,,,,,,6.10975,80.71384
Slope Failure,SF,NBRO/LRRMD-MTR/HAB/WALASM/LI/20/0022,HAB200024,Hambantota,Walasmulla,2020-05-29T00:00:00,Saputhanthirikanda,561,"අංක 149/ඩී, සපුතන්ත්‍රිකන්ද, රම්මල, වරාපිටිය",,,0001-01-01T00:00:00,,,,,,,6.23049,80.63387
Slope Failure,SF,NBRO/LRRMD-MTR/HAB/WALASM/LI/20/0024,HAB200026,Hambantota,Walasmulla,2020-05-31T00:00:00,Handugala,566,"අංක 556, හදුගල, වලස්මුල්ල",,,0001-01-01T00:00:00,,,,,,,6.19149,80.63323
Slope Failure,SF,NBRO/LRRMD-MTR/HAB/WALASM/LI/20/0025,HAB200027,Hambantota,Walasmulla,2020-04-30T00:00:00,Yahalmulla,461,"හල්ගහවත්ත, යහල්මුල්ල - ඉහල, වලස්මුල්ල",,,0001-01-01T00:00:00,,,,,,,6.169838,80.673563
Slope Failure,SF,NBRO/LRRMD-MTR/HAB/KATUWN/LI/20/0035,HAB200037,Hambantota,Katuwana,2020-11-27T00:00:00,Bengamukanda,528,"102/2, දුම්මලගස් ආර, කටුවන",,,0001-01-01T00:00:00,,,,,,,6.27403,80.67265
Slope Failure,SF,NBRO/LRRMD-MTR/HAB/TANGAL/LI/20/0046,HAB200048,Hambantota,Tangalle,2020-03-31T00:00:00,Seenimodara West,297,"අංක 41 , මෙත් සෙවන, සීනිමෝදර බටහිර, නාකුළුගමුව",,,0001-01-01T00:00:00,,,,,,,6.01144,80.74538
Slope Failure,SF,NBRO/LRRMD-MTR/HAB/TANGAL/LI/20/0047,HAB200049,Hambantota,Tangalle,2020-03-31T00:00:00,Seenimodara West,297,"වල්ගම්මුර සුනාමි ගම්මානය , සීනිමෝදර , නාකුළුගමුව",,,0001-01-01T00:00:00,,,,,,,6.00936,80.74337
Slope Failure,SF,NBRO/LRRMD-MTR/HAB/KATUWN/LI/20/0081,HAB200089,Hambantota,Katuwana,2020-12-20T00:00:00,Karivilakanda,527,කරිවිලකන්ද,,,0001-01-01T00:00:00,,,,,,,6.30042,80.66419
Slope Failure,SF,NBRO/LRRMD-MTR/HAB/WALASM/LI/21/0042,HAB210047,Hambantota,Walasmulla,2021-06-06T00:00:00,Keredeniya,560,"නාවලහේන, රම්මල, වරාපිටිය",,,0001-01-01T00:00:00,,,,,,,6.23055,80.64302
Slope Failure,SF,NBRO/LRRMD-MTR/HAB/KATUWN/LI/21/0049,HAB210054,Hambantota,Katuwana,2021-02-23T00:00:00,Udagomadiya,524,"මිල්ලගහවත්ත, උඩගොමඩිය, කටුවන",,,0001-01-01T00:00:00,,,,,,,6.28334,80.68358
Slope Failure,SF,NBRO/LRRMD-MTR/HAB/KATUWN/LI/21/0052,HAB210057,Hambantota,Katuwana,2021-04-28T00:00:00,Udagomadiya,524,"බන්ගලාවත්ත, උඩගොමඩිය, කටුවන",,,0001-01-01T00:00:00,,,,,,,6.29438,80.66787
Slope Failure,SF,NBRO/LRRMD-MTR/HAB/BELIAT/LI/21/0069,HAB210074,Hambantota,Beliatta,2021-06-30T00:00:00,Getamanna East,340,"නිර්මල සෙවණ , ගැටමාන්න බටහිර, බෙලි අත්ත",,,0001-01-01T00:00:00,,,,,,,6.02705,80.66729
Slope Failure,SF,NBRO/LRRMD-MTR/HAB/BELIAT/LI/23/0111,HAB230117,Hambantota,Beliatta,2023-10-06T00:00:00,Ambala West,370,"දීප්ති, අම්බල - බටහිර, බෙලිඅත්ත",,,0001-01-01T00:00:00,,,,,,,6.022883,80.699723
Slope Failure,SF,NBRO/LRRMD-MTR/HAB/KATUWN/LI/23/0114,HAB230120,Hambantota,Katuwana,2023-10-23T00:00:00,Katuwana,535,"කොටුවේගොඩ, කටුවන","අහිංසා, කොටුවේගොඩ, කටුවන",කටුවන නගරයේ පැරණි ඕලන්ද කොටුවේ ප්‍රධාන පිවිසුම් මාර්ගය ඉදිරිපස අදාල නිවාස පිහිටා ඇත.,2023-10-23T00:00:00,2023-10-23T00:00:00,00:00,"අධික තීව්‍රරතාවයකින් යුක්ත වූ වර්ෂාපතනය, අවිධිමත් භූ පරිහරණ රටාවන් පැවතීම, මතුපිට පාංශු ස්ථරයේ",,,,6.26733,80.69434
Slope Failure,SF,NBRO/LRRMD-MTR/HAB/WALASM/LI/25/0006,HAB250006,Hambantota,Walasmulla,2025-02-17T00:00:00,Kekiriobada,556,"පුස්කොල යාය, කිරම","මධුසෙවණ, පුස්කොල යාය, කිරම",කිරම-කැකිරිඕබඩ- දෙයියන්දර මාර්ගයේ පුස්කොළයාය හන්දිය දක්වා පැමිණ ෙන්නේ එහිදී හමුවන වම් අත දෙසට,2025-08-28T00:00:00,2025-01-06T00:00:00,02:00,,,,,6.192581,80.655128
Slope Failure,SF,NBRO/LRRMD-KLT/KAL/MILLAN/LI/19/0007,KAL190006,Kalutara,Millaniya,2019-07-02T00:00:00,Mulkadakanda,649B,"Mulkadakanda, Batagoda, Galpatha","No.153A/1, Mulkadakanda, Batagoda, Galpatha",,2019-08-26T00:00:00,,,,,,,6.644488,80.034844
Slope Failure,SF,NBRO/LRRMD-KLT/KAL/MILLAN/LI/19/0008,KAL190008,Kalutara,Millaniya,2019-08-15T00:00:00,Panagoda,641,Galpatha Purana Viharaya,Galpatha Purana Viharaya,,2019-08-20T00:00:00,,,,,,,6.628329,80.0270646
Slope Failure,SF,NBRO/LRRMD-KLT/KAL/BULATS/LI/19/0072,KAL190072,Kalutara,Bulathsinhala,2019-11-21T00:00:00,Muduna,819G,"අරඹකන්ද,මහගම",,,2019-11-21T00:00:00,,,,,,,6.599972,80.1664942
Slope Failure,SF,NBRO/LRRMD-KLT/KAL/BULATS/LI/19/0119,KAL190119,Kalutara,Bulathsinhala,2019-06-27T00:00:00,Diwalakada,822B,"දිවලකඩ,බුලත්සිංහල",,,2019-06-27T00:00:00,,,,,,,6.70531847,80.1460199
Slope Failure,SF,NBRO/LRRMD-KLT/KAL/BULATS/LI/19/0139,KAL190139,Kalutara,Bulathsinhala,2019-03-04T00:00:00,Amaragedara South,821C,"දෙල්මෑල්ල,බුලත්සිංහල",,,2019-03-05T00:00:00,,,,,,,6.679746,80.188568
Slope Failure,SF,NBRO/LRRMD-KLT/KAL/MADURW/LI/19/0149,KAL190149,Kalutara,Madurawela,2019-02-21T00:00:00,Warakagoda South,816C,"පීල්ලහේන,වරකාගොඩ,නෑබඩ",,,2019-03-12T00:00:00,,,,,,,6.606183,80.096915
Slope Failure,SF,NBRO/LRRMD-KLT/KAL/PALIND/LI/19/0159,KAL190159,Kalutara,Palindanuwara,2019-07-23T00:00:00,Morapitiya,836A,"කොත්හේන, මොරපිටිය",,,2019-07-23T00:00:00,,,,,,,6.512528,80.273048
Slope Failure,SF,NBRO/LRRMD-KLT/KAL/PALIND/LI/19/0162,KAL190162,Kalutara,Palindanuwara,2019-09-10T00:00:00,Hedigalla,838,"04 කණුව, හැඩිගල්ල,ගුරුළුබැද්ද",,,2019-09-10T00:00:00,,,,,,,6.471895,80.274124
Slope Failure,SF,NBRO/LRRMD-KLT/KAL/BULATS/LI/19/0163,KAL190163,Kalutara,Bulathsinhala,2019-12-04T00:00:00,Mahagama West,819C,"අඹගහකන්ද,පොල්ගොඩ,මහගම",,,2019-12-04T00:00:00,,,,,,,6.586165,80.153793
Slope Failure,SF,NBRO/LRRMD-KLT/KAL/DODANG/LI/19/0183,KAL190183,Kalutara,Dodangoda,2019-09-26T00:00:00,Ihala Nebada,807A,"ඉහළ නෑබොඩ,නෑබොඩ,දොඩංගොඩ",,,2019-09-26T00:00:00,,,,,,,6.581792,80.090357
Slope Failure,SF,NBRO/LRRMD-KLT/KAL/BULATS/LI/20/0063,KAL200063,Kalutara,Bulathsinhala,2020-07-14T00:00:00,Demodarawatta,819E,"Delpawaththa, Mahagama.","Delpawaththa, Mahagama.",,2021-02-08T00:00:00,,,,,,,6.6068952,80.159194
Slope Failure,SF,NBRO/LRRMD-KLT/KAL/MATHUG/LI/20/0118,KAL200118,Kalutara,Mathugama,2020-07-07T00:00:00,Wettewa,805D,"පහල වත්ත පාර, වෑත්තෑව, මතුගම",,,2020-07-21T00:00:00,,,,,,,6.53187321,80.1267626
Slope Failure,SF,NBRO/LRRMD-KLT/KAL/INGIRI/LI/20/0186,KAL200186,Kalutara,Ingiriya,2020-08-18T00:00:00,Eduragala,620E,"ඇදුරගල වත්ත, ඉංගිරිය",,,2020-08-18T00:00:00,,,,,,,6.747707,80.149652
Slope Failure,SF,NBRO/LRRMD-KLT/KAL/BULATS/LI/20/0193,KAL200193,Kalutara,Bulathsinhala,2020-01-02T00:00:00,Yatagampitiya,823,"මගුරුවල,යටගම්පිටිය,බුලත්සිංහල",,,2020-01-02T00:00:00,,,,,,,6.643731,80.208363
Slope Failure,SF,NBRO/LRRMD-KLT/KAL/BULATS/LI/21/0063,KAL210040,Kalutara,Bulathsinhala,2021-01-04T00:00:00,Galahena,824H,"Nawa Niwasa Yojana Kramya, Galahena, Bulathsinhala","Nawa Niwasa Yojana Kramya, Galahena, Bulathsinhala",,2021-01-18T00:00:00,,,,,,,6.659796,80.166694
Slope Failure,SF,NBRO/LRRMD-KLT/KAL/BULATS/LI/21/0071,KAL210048,Kalutara,Bulathsinhala,2021-09-23T00:00:00,Yahalawatta,822D,"Kumburegedara, Bothalegama, Bulathsinhala","Kumburegedara, Bothalegama, Bulathsinhala",,2021-09-23T00:00:00,,,,,,,6.71514,80.159067
Slope Failure,SF,NBRO/LRRMD-KLT/KAL/BULATS/LI/21/0182,KAL210163,Kalutara,Bulathsinhala,2021-09-10T00:00:00,Weyangalla West,818A,"Hirikadana, Weyangalla, Agalawaththa","Hirikadana, Weyangalla, Agalawaththa",,2021-09-21T00:00:00,,,,,,,6.5883128,80.1432293
Slope Failure,SF,NBRO/LRRMD-KLT/KAL/PALIND/LI/21/0328,KAL210310,Kalutara,Palindanuwara,2021-05-14T00:00:00,Addaragoda,840B,"අද්දරගොඩ,ගුරුළුබැද්ද",,,2021-05-19T00:00:00,,,,,,,6.474788,80.247456
Slope Failure,SF,NBRO/LRRMD-KLT/KAL/WALALL/LI/21/0449,KAL210430,Kalutara,Walallavita,2021-05-16T00:00:00,Thundola,843E,"තුන්දොළ, වලල්ලාවිට",,,2021-05-16T00:00:00,,,,,,,6.381775,80.256678
Slope Failure,SF,NBRO/LRRMD-KLT/KAL/BULATS/LI/22/0305,KAL220258,Kalutara,Bulathsinhala,2022-09-12T00:00:00,Halwathura,822A,මහපීල්ල,"මහපීල්ල, හල්වතුර, බුලත්සිංහල",,2022-10-12T00:00:00,,,incident still not happened,,,,6.701698,80.21088
Slope Failure,SF,NBRO/LRRMD-KLT/KAL/PALIND/LI/23/0145,KAL230250,Kalutara,Palindanuwara,2023-06-14T00:00:00,Thiniyawala,842A,"තිනියාවල, පාලින්දනුවර",,,2023-06-13T00:00:00,2023-06-03T00:00:00,,අධික වර්ෂාපතනය හා අවිධිමත් භූමි පරිහරණය,,,,6.406399,80.303679
Slope Failure,SF,NBRO/LRRMD-KLT/KAL/PALIND/LI/23/0175,KAL230284,Kalutara,Palindanuwara,2023-06-13T00:00:00,Addaragoda,840B,"181ඊ, මස්කෙළිහේන, අද්දරගොඩ, ගුරුළුබැද්ද",,,2023-06-13T00:00:00,2023-06-03T00:00:00,,අධික වර්ෂාපතනය,,,,6.468008,80.252924
Slope Failure,SF,NBRO/LRRMD-KLT/KAL/WALALL/LI/23/0182,KAL230295,Kalutara,Walallavita,2023-07-04T00:00:00,Yattapatha,843B,"වෑවැල්ල පාර, යට්ටපාත","වෑවැල්ල පාර, යට්ටපාත",,2023-06-08T00:00:00,,,අධික වර්ෂාපතනය,,,,6.414182,80.280581
Slope Failure,SF,NBRO/LRRMD-KLT/KAL/BULATS/LI/23/0292,KAL230441,Kalutara,Bulathsinhala,2023-10-18T00:00:00,Govinna South,814B,"ගල්වලහේන, ගෝව්න්න",,,2024-01-03T00:00:00,,,,,,,6.6657678,80.127494
Slope Failure,SF,NBRO/LRRMD-KLT/KAL/BULATS/LI/23/0294,KAL230443,Kalutara,Bulathsinhala,2023-10-18T00:00:00,Paragoda East,825A,"ට්‍රැපර්ගාඩ්වත්ත, පරගොඩ, බුලත්සිංහල",,,2023-12-19T00:00:00,,,,,,,6.6150711,80.2349812
Slope Failure,SF,NBRO/LRRMD-KLT/KAL/BULATS/LI/23/0298,KAL230447,Kalutara,Bulathsinhala,2023-10-18T00:00:00,Weyangalla West,818A,"කනීගල, වේයන්ගල්ල, අගලවත්ත",,,2023-10-17T00:00:00,2023-09-18T00:00:00,,අධික වර්ෂාපතනය සහ ස්වභාවික භූ රූපණ,,,,6.5720599,80.1286574
Slope Failure,SF,NBRO/LRRMD-KLT/KAL/AGALAW/LI/23/0299,KAL230449,Kalutara,Agalawatta,2023-07-13T00:00:00,Kevitiyagala North,846B,"උඩුමුල්ල, කෙවිටියාගල, අගලවත්ත","උඩුමුල්ල, කෙවිටියාගල, අගලවත්ත",,2023-06-07T00:00:00,2023-06-04T00:00:00,,අධික වර්ෂාපතනය සහ අක්‍රමවත් භූමි පරිහරණය,2.75,42.25,229.0,6.482406,80.187177
Slope Failure,SF,NBRO/LRRMD-KLT/KAL/BULATS/LI/23/0322,KAL230476,Kalutara,Bulathsinhala,2023-11-07T00:00:00,Yatagampitiya,823,"ගල්කැටිය, බුලත්සිංහල",,,2023-11-08T00:00:00,,,මෙතෙක් භූ අස්ථාවරවීමක් සිදුවී නොමැත,,,,6.6408783,80.204648
Slope Failure,SF,NBRO/LRRMD-KLT/KAL/PALIND/LI/24/0121,KAL240185,Kalutara,Palindanuwara,2024-06-03T00:00:00,Bellana,834,"ආදදොල වත්ත, බෙල්ලන, පාලින්දනුවර.",,,2024-06-03T00:00:00,2024-06-01T00:00:00,03:00,අධික වර්ෂාපතනය සහ අවිධිමත් භූමි පරිහරණය,,,,6.522713,80.190097
Slope Failure,SF,NBRO/LRRMD-KLT/KAL/WALALL/LI/24/0124,KAL240191,Kalutara,Walallavita,2024-06-12T00:00:00,Pahala Hewessa South,843G,පැලවත්ත - නෙළුව ප්‍රධාන මාර්ගය 4 කණුව ආශ්‍රිත මාර්ගය,පැලවත්ත - නෙළුව ප්‍රධාන මාර්ගයේ 4 km කණුව ස්ථානයේ,,2024-06-04T00:00:00,,,,,,,6.395129,80.246113
Slope Failure,SF,NBRO/LRRMD-KLT/KAL/PALIND/LI/24/0128,KAL240198,Kalutara,Palindanuwara,2024-06-02T00:00:00,Athwelthota,836D,"අත්වැල්තොට, පාලින්දනුවර",අත්වැල්තොට ගංගාරාම විහාරස්ථානය අසළ,,2024-06-04T00:00:00,2024-06-02T00:00:00,,,,,,6.54358,80.283896
Slope Failure,SF,NBRO/LRRMD-KLT/KAL/PALIND/LI/24/0144,KAL240216,Kalutara,Palindanuwara,2024-06-04T00:00:00,Yakupitiya,834D,"යකුපිටිය, මැටිගත්තරමුල්ල, පාලින්දනුවර","මැටිගත්තරමුල්ල, යකුපිටිය, බෙල්ලන",,2024-06-04T00:00:00,2024-06-02T00:00:00,,අධික වර්ෂාපතනය,,,,6.516474,80.199102
Slope Failure,SF,NBRO/LRRMD-KLT/KAL/PALIND/LI/24/0155,KAL240231,Kalutara,Palindanuwara,2024-06-01T00:00:00,Athwelthota,836D,අත්වැල්තොට - දිගන්න මාර්ගයේ අධිබල විදුලි රැහැන් කණුව,අත්වැල්තොට දිගන්න මාර්ගයේ අධිබල විදුලි රැහැන් කණුව ආශ්‍රිතව,,2024-06-03T00:00:00,2024-06-01T00:00:00,,න අධික වර්ෂාව,,,,6.541344,80.286726
Slope Failure,SF,NBRO/LRRMD-KLT/KAL/MATHUG/LI/24/0222,KAL240330,Kalutara,Mathugama,2024-06-18T00:00:00,Mathugama North,805B,"හොරකඳමුල්ල, මතුගම්කන්ද, මතුගම.","හොරකඳමුල්ල, මතුගම්කන්ද, මතුගම",,2024-07-03T00:00:00,2024-06-01T00:00:00,10:00,අධික වර්ෂාපතනය සහ අවිධිමත් භූමි පරිහරණය,,302.5,,6.527549,80.11853
Slope Failure,SF,NBRO/LRRMD-KLT/KAL/PALIND/LI/24/0349,KAL240507,Kalutara,Palindanuwara,2024-07-18T00:00:00,Kelinkanda,836B,"පොල්වත්තහේන පාර, කෙලින්කන්ද, පාලින්දනුවර",,,2024-07-18T00:00:00,,,අධික වර්ෂාපතනය සහ අවිධිමත් ජල කළමනාකරණය,,,,6.575484,80.303476
Slope Failure,SF,NBRO/LRRMD-KLT/KAL/PALIND/LI/24/0411,KAL240573,Kalutara,Palindanuwara,2024-06-14T00:00:00,Kosgulana,836L,Kosgulana,,,2025-01-23T00:00:00,,,අධික වර්ෂාපතනය,,,,6.615525,80.27323
Slope Failure,SF,NBRO/LRRMD-KLT/KAL/PALIND/LI/24/0425,KAL240587,Kalutara,Palindanuwara,2024-06-27T00:00:00,Boralugoda,842,"බොරළුගොඩ, මතුගම",,,2025-01-22T00:00:00,,,,,,,6.428736,80.282221
Slope Failure,SF,NBRO/LRRMD-KLT/KAL/AGALAW/LI/25/0164,KAL250314,Kalutara,Agalawatta,2025-10-28T00:00:00,Kekulandala North,829A,"නො.92, ජනසවි උදාගම, අගලවත්ත","ජනසවි උදාගම, අගලවත්ත",,2025-11-19T00:00:00,,,,,,,6.55962,80.16061
Slope Failure,SF,NBRO/LRRMD-KLT/KAL/WALALL/LI/25/0177,KAL250327,Kalutara,Walallavita,2025-10-29T00:00:00,Gorakadoowa,850C,"සේද ගොවිපල, ගොරකදූව, පැලවත්ත, වලල්ලාවිට","සේද ගොවිපල, ගොරකදූව, පැලවත්ත, වලල්ලාවිට",,2025-11-04T00:00:00,,,,,,,6.381365,80.222645
Slope Failure,SF,NBRO/LRRMD-KND/KDN/GANGIK/LI/17/0004,KDN170004,Kandy,Ganga Ihala Korale,2017-09-26T00:00:00,Pellapitiya South,1064,"වැල්හිරිය පාලම අසළ, කොළුවල, උඩහේන්තැන්න","වැල්හිරිය පාලම අසළ, කොළුවල, උඩහේන්තැන්න",,2017-09-26T00:00:00,,,,,,,7.110895,80.53244
Slope Failure,SF,NBRO/LRRMD-KND/KDN/PATHAD/LI/18/0001,KDN180002,Kandy,Pathadumbara,2018-08-26T00:00:00,Yatawara,620,"1/28, පහළ යටවර, වත්තේගම","1/28, පහළ යටවර, වත්තේගම",,2019-09-17T00:00:00,,,,,,,7.3770557,80.66769753
Slope Failure,SF,NBRO/LRRMD-KND/KDN/YATINU/LI/18/0034,KDN180035,Kandy,Yatinuwara,2018-01-01T00:00:00,Giragama,180,"36/ඒ, බුවැලි ඇල්ල, ගිරාගම, පිලිමතලාව","36/ඒ, බුවැලි ඇල්ල, ගිරාගම, පිලිමතලාව",,2017-12-18T00:00:00,2017-12-18T00:00:00,,,,,,7.269761666,80.557048333
Slope Failure,SF,NBRO/LRRMD-KND/KDN/UDAPAL/LI/18/0056,KDN180057,Kandy,Udapalatha,2018-05-10T00:00:00,Paradeka,1178,"1/1 බෝක්කුව, පාර දෙක- දොරගල මාර්ගය","1/1 බෝක්කුව, පාර දෙක- දොරගල මාර්ගය",,2018-05-10T00:00:00,2018-05-09T00:00:00,,,,,,7.111451,80.611072
Slope Failure,SF,NBRO/LRRMD-KND/KDN/UDAPAL/LI/18/0059,KDN180060,Kandy,Udapalatha,2018-01-01T00:00:00,Pallegama,1168,"සැන්කුවර් වත්ත, උඩ කොටස, පාරදෙක","සැන්කුවර් වත්ත, උඩ කොටස, පාරදෙක",,2018-05-21T00:00:00,2018-05-20T00:00:00,17:30,,,,,7.31232199,80.596619701
Slope Failure,SF,NBRO/LRRMD-KND/KDN/UDAPAL/LI/18/0068,KDN180068,Kandy,Udapalatha,2018-01-01T00:00:00,Paradeka,1178,"15, පිටකන්ද ජනපදය, පාරදෙක","15, පිටකන්ද ජනපදය, පාරදෙක",,2018-01-10T00:00:00,2017-10-26T00:00:00,,,,,,7.1158,80.61481
Slope Failure,SF,NBRO/LRRMD-KND/KDN/THUMPA/LI/18/0077,KDN180077,Kandy,Thumpane,2018-01-01T00:00:00,Palukopi Watta,308,"10 කණුව, ගලගෙදර","10 කණුව, ගලගෙදර",,2018-02-08T00:00:00,,,,,,,7.3627376,80.5338824
Slope Failure,SF,NBRO/LRRMD-KND/KDN/THUMPA/LI/18/0078,KDN180078,Kandy,Thumpane,2018-01-01T00:00:00,Palukopi Watta,308,"10 කණුව, ගලගෙදර","10 කණුව, ගලගෙදර",,2019-02-08T00:00:00,,,,,,,7.3629376,80.5338824
Slope Failure,SF,NBRO/LRRMD-KND/KDN/GANGIK/LI/18/0086,KDN180086,Kandy,Ganga Ihala Korale,2018-06-08T00:00:00,Udagama,1069,"76, නවජනපදය, වරකාපිටිය, උලපනේ","76, නවජනපදය, වරකාපිටිය, උලපනේ",,2018-06-08T00:00:00,,,,,,,7.1207266,80.606544
Slope Failure,SF,NBRO/LRRMD-KND/KDN/GANGIK/LI/18/0089,KDN180089,Kandy,Ganga Ihala Korale,2018-04-25T00:00:00,Wetakedeniya,1058,"1/1/ඒ/4, මැදගොඩ පහළ කොටස, වැටකේදෙණිය","1/1/ඒ/4, මැදගොඩ පහළ කොටස, වැටකේදෙණිය",,2018-04-25T00:00:00,,,,,,,7.1181133,80.5107929
Slope Failure,SF,NBRO/LRRMD-KND/KDN/UDUNUW/LI/18/0116,KDN180116,Kandy,Udunuwara,2018-01-01T00:00:00,Sadikkawatta,112,"177/බී, සාදික්කාවත්ත, වට්ටප්පල","177/බී, සාදික්කාවත්ත, වට්ටප්පල",,2018-01-19T00:00:00,2016-05-15T00:00:00,,,,,,7.226907,80.530176
Slope Failure,SF,NBRO/LRRMD-KND/KDN/UDUNUW/LI/18/0124,KDN180124,Kandy,Udunuwara,2018-01-01T00:00:00,Aluthkanda,116,"211, අළුත්කන්ද ලගමුව, කඩුගන්නාව","211, අළුත්කන්ද ලගමුව, කඩුගන්නාව",,2018-01-09T00:00:00,2016-05-17T00:00:00,11:10,,,,,7.239937,80.520965
Slope Failure,SF,NBRO/LRRMD-KND/KDN/GANGIK/LI/18/0129,KDN180129,Kandy,Ganga Ihala Korale,2018-11-09T00:00:00,Karagala,1059,"කරගල , මීතලාව","කරගල , මීතලාව",,2018-11-28T00:00:00,,,,,,,7.1407977,80.5152027
Slope Failure,SF,NBRO/LRRMD-KND/KDN/KUNDAS/LI/18/0166,KDN180166,Kandy,Kundasale,2018-10-29T00:00:00,Deliwalathenna,710,"6, කන්දේගම්මැද්ද,  ලුණුකැටියාමඩිත්ත","6, කන්දේගම්මැද්ද,  ලුණුකැටියාමඩිත්ත",,2018-10-29T00:00:00,2018-10-27T00:00:00,,,,,,7.314492,80.720203
Slope Failure,SF,NBRO/LRRMD-KND/KDN/MEDADU/LI/18/0177,KDN180177,Kandy,Medadumbara,2018-10-29T00:00:00,Kandekumbura,802,"155/2, කන්දේකුඹුර, මැදකුඹුර","155/2, කන්දේකුඹුර, මැදකුඹුර",,2018-12-14T00:00:00,,,,,,,7.3011519,80.814044
Slope Failure,SF,NBRO/LRRMD-KND/KDN/KNDFG/LI/18/0181,KDN180181,Kandy,Kandy Four Gravets & Gangawata Korale,2018-09-14T00:00:00,Katukele,255,මහනුවර උසස් බාලිකා විදුහල,මහනුවර උසස් බාලිකා විදුහල,,2018-09-17T00:00:00,,,,,,,7.2876343,80.6266237
Slope Failure,SF,NBRO/LRRMD-KND/KDN/KNDFG/LI/18/0190,KDN180190,Kandy,Kandy Four Gravets & Gangawata Korale,2018-10-31T00:00:00,Getambe,259,"1060,පළාත් කෘෂිකර් ම හා ගොවිජන සංවර්ධන අමාත්‍යංශය, ගැටඹේ","1060,පළාත් කෘෂිකර් ම හා ගොවිජන සංවර්ධන අමාත්‍යංශය, ගැටඹේ",,2018-10-31T00:00:00,,,,,,,7.267889,80.601533
Slope Failure,SF,NBRO/LRRMD-KND/KDN/KNDFG/LI/18/0193,KDN180193,Kandy,Kandy Four Gravets & Gangawata Korale,2018-11-26T00:00:00,Bahirawa Kanda,236,"අනිවත්ත බිම්ගෙය, අනිවත්ත","අනිවත්ත බිම්ගෙය, අනිවත්ත",,2018-05-25T00:00:00,,,,,,,7.288977,80.622046
Slope Failure,SF,NBRO/LRRMD-KND/KDN/KNDFG/LI/18/0225,KDN180225,Kandy,Kandy Four Gravets & Gangawata Korale,2018-08-13T00:00:00,Godagandeniya,283,"තොග තෙල් ගබඩා සංකීර් ණය, පැණිදෙණිය",,,2018-09-13T00:00:00,,,,,,,7.2572166,80.590698
Slope Failure,SF,NBRO/LRRMD-KND/KDN/PANVIL/LI/18/0237,KDN180237,Kandy,Panvila,2018-01-01T00:00:00,Watakele,734,"මහපතන, මඩොල්කැලේ","මහපතන, මඩොල්කැලේ",,2017-09-07T00:00:00,,,,,,,7.408172,80.736937
Slope Failure,SF,NBRO/LRRMD-KND/KDN/PATHAD/LI/18/0248,KDN180248,Kandy,Pathadumbara,2018-05-28T00:00:00,Madawala,640,"සුමංගලා භික්ෂුණි ආරාමය , අරළුවාගොඩ වත්ත, මඩවල","සුමංගලා භික්ෂුණි ආරාමය , අරළුවාගොඩ වත්ත, මඩවල",,2018-08-02T00:00:00,,,,,,,7.330641139,80.6841363
Slope Failure,SF,NBRO/LRRMD-KND/KDN/HARISP/LI/18/0255,KDN180255,Kandy,Harispattuwa,2018-01-01T00:00:00,Uduwawala East,419,"193/1/ඒ, උඩුවාවෙල, කටුගස්තොට","193/1/ඒ, උඩුවාවෙල, කටුගස්තොට",,2017-09-08T00:00:00,,,,,,,7.328432700005,80.6099806
Slope Failure,SF,NBRO/LRRMD-KND/KDN/AKURAN/LI/19/0004,KDN190005,Kandy,Akurana,2019-05-28T00:00:00,Bulugohothenna,559,"398/7,බුළුගොහොතැන්න, අකුරණ","398/7,බුළුගොහොතැන්න, අකුරණ",,2019-06-11T00:00:00,,,,,,,7.3620975,80.6065178
Slope Failure,SF,NBRO/LRRMD-KND/KDN/GANGIK/LI/19/0053,KDN190054,Kandy,Ganga Ihala Korale,2019-09-25T00:00:00,Yatapana,1056,"තියඹරාඹය, කුරුදුවත්ත තඩවීදිය, බුස්නාව","තියඹරාඹය, කුරුදුවත්ත තඩවීදිය, බුස්නාව",,2019-08-05T00:00:00,,,,,,,7.11209414,80.5172511
Slope Failure,SF,NBRO/LRRMD-KND/KDN/YATINU/LI/19/0086,KDN190087,Kandy,Yatinuwara,2019-01-01T00:00:00,Ilukwatta,173,"551/4, කොලඹ පාර, පිළිමතලාව","551/4, කොලඹ පාර, පිළිමතලාව",,2019-07-19T00:00:00,,,,,,,7.2630612,80.5446582
Slope Failure,SF,NBRO/LRRMD-KND/KDN/YATINU/LI/19/0089,KDN190090,Kandy,Yatinuwara,2019-06-07T00:00:00,Ranawana,150,"121, රණවන, පිළිමතලාව","121, රණවන, පිළිමතලාව",,2019-06-19T00:00:00,,,,,,,7.26810268,80.56736361
Slope Failure,SF,NBRO/LRRMD-KND/KDN/YATINU/LI/19/0093,KDN190094,Kandy,Yatinuwara,2019-05-29T00:00:00,Kadawathgama,204,"157, ගම්පළ පාර, කඩුගන්නාව","157, ගම්පළ පාර, කඩුගන්නාව",,2019-05-29T00:00:00,,,,,,,7.255814068,80.52169527
Slope Failure,SF,NBRO/LRRMD-KND/KDN/KNDFG/LI/19/0108,KDN190109,Kandy,Kandy Four Gravets & Gangawata Korale,2019-01-01T00:00:00,Bahirawa Kanda,236,"මහනුවර ප්‍රධාන මහේස්ත්‍රාත් නිල නිවස, පුෂපදාන මාවත, බහිරවකන්ද","මහනුවර ප්‍රධාන මහේස්ත්‍රාත් නිල නිවස, පුෂපදාන මාවත, බහිරවකන්ද",,2018-12-20T00:00:00,,,,,,,7.29600833,80.6318
Slope Failure,SF,NBRO/LRRMD-KND/KDN/YATINU/LI/19/0113,KDN190114,Kandy,Yatinuwara,2019-04-26T00:00:00,Pelawa Pahalagama,137,"132/B/1, කුඩුගල, මුරුතලාව","132/B/1, කුඩුගල, මුරුතලාව",,2019-05-03T00:00:00,,,,,,,7.301996,80.567426
Slope Failure,SF,NBRO/LRRMD-KND/KDN/YATINU/LI/19/0114,KDN190115,Kandy,Yatinuwara,2019-04-30T00:00:00,Madiligama,195,"199B, ගල්අංග, මැණික්දිවෙල","199B, ගල්අංග, මැණික්දිවෙල",,2019-05-16T00:00:00,,,,,,,7.280367,80.501995
Slope Failure,SF,NBRO/LRRMD-KND/KDN/YATINU/LI/19/0117,KDN190118,Kandy,Yatinuwara,2019-01-01T00:00:00,Kadawathgama,204,"93/8/1, කොහංග, කඩුගන්නාව","93/8/1, කොහංග, කඩුගන්නාව",,2019-02-11T00:00:00,,,,,,,7.2559934,80.5252613
Slope Failure,SF,NBRO/LRRMD-KND/KDN/YATINU/LI/19/0120,KDN190121,Kandy,Yatinuwara,2019-04-30T00:00:00,Gannoruwa West,135,"159D, ස්ප්‍රින්ෆීල්ඩ්, ගන්නොරුව පාර, මුරුතලාව","159D, ස්ප්‍රින්ෆීල්ඩ්, ගන්නොරුව පාර, මුරුතලාව",,2019-05-08T00:00:00,,,,,,,7.291587,80.586004
Slope Failure,SF,NBRO/LRRMD-KND/KDN/YATINU/LI/19/0126,KDN190127,Kandy,Yatinuwara,2019-01-01T00:00:00,Doluwa West,214,"රත්තේපිටිය මහ විද්‍යාලය, මැණික්දිවෙල","රත්තේපිටිය මහ විද්‍යාලය, මැණික්දිවෙල",,2019-01-18T00:00:00,2018-10-16T00:00:00,,,,,,7.284342,80.5177557
Slope Failure,SF,NBRO/LRRMD-KND/KDN/YATINU/LI/19/0128,KDN190129,Kandy,Yatinuwara,2019-01-01T00:00:00,Kadawathgama,204,"130, මාකට් පාර, කඩුගන්නාව","130, මාකට් පාර, කඩුගන්නාව",,2019-01-18T00:00:00,2018-11-07T00:00:00,,,,,,7.25646419,80.5221472
Slope Failure,SF,NBRO/LRRMD-KND/KDN/KNDFG/LI/19/0134,KDN190135,Kandy,Kandy Four Gravets & Gangawata Korale,2019-01-01T00:00:00,Getambe,259,"1095, සිරිමාවෝ බණ්ඩාරනායක මාවත, පේරාදෙණිය","1095, සිරිමාවෝ බණ්ඩාරනායක මාවත, පේරාදෙණිය",,2018-12-07T00:00:00,,,,,,,7.26971,80.60109
Slope Failure,SF,NBRO/LRRMD-KND/KDN/YATINU/LI/19/0152,KDN190153,Kandy,Yatinuwara,2019-01-01T00:00:00,Arambegama West,165,පිළිමතලාව මධ්‍ය මහා විද්‍යාලය,පිළිමතලාව මධ්‍ය මහා විද්‍යාලය,,2018-05-26T00:00:00,2018-05-21T00:00:00,15:30,,,,,7.265305,80.55015
Slope Failure,SF,NBRO/LRRMD-KND/KDN/UDAPAL/LI/19/0178,KDN190179,Kandy,Udapalatha,2019-01-01T00:00:00,Amunupuraya,1165,"කුඩුගල්හේන, මහර, ගම්පොල","කුඩුගල්හේන, මහර, ගම්පොල",,2019-10-11T00:00:00,,,,,,,7.152186,80.577497
Slope Failure,SF,NBRO/LRRMD-KND/KDN/UDAPAL/LI/19/0181,KDN190182,Kandy,Udapalatha,2019-01-01T00:00:00,Polkumbura,1112,"ගඟවට පාර, ගම්පොල","ගඟවට පාර, ගම්පොල",,2019-02-15T00:00:00,,,,,,,7.161274,80.571088
Slope Failure,SF,NBRO/LRRMD-KND/KDN/KNDFG/LI/19/0201,KDN190202,Kandy,Kandy Four Gravets & Gangawata Korale,2019-01-01T00:00:00,Pahala Eriyagama,282,"393, කොළඹ පාර, පොලගහමුල හන්දිය, පේරාදෙණීය","393, කොළඹ පාර, පොලගහමුල හන්දිය, පේරාදෙණීය",,2019-10-21T00:00:00,,,,,,,7.264922,80.585142
Slope Failure,SF,NBRO/LRRMD-KND/KDN/UDADUM/LI/19/0249,KDN190250,Kandy,Udadumbara,2019-01-01T00:00:00,Hapukanda East,865,"48, හපුකන්ද නැගෙනහිර, බෝපාන","48, හපුකන්ද නැගෙනහිර, බෝපාන",,2019-03-08T00:00:00,,,,,,,7.2762374,80.902356
Slope Failure,SF,NBRO/LRRMD-KND/KDN/UDADUM/LI/19/0250,KDN190251,Kandy,Udadumbara,2019-02-20T00:00:00,Halyala,845,"237/1, හාල්යාය, උඩුදුම්බර","237/1, හාල්යාය, උඩුදුම්බර",,2019-05-28T00:00:00,,,,,,,7.3135178,80.875255
Slope Failure,SF,NBRO/LRRMD-KND/KDN/UDADUM/LI/19/0255,KDN190256,Kandy,Udadumbara,2019-01-14T00:00:00,Gerandigala,879,"96B,නාරන්තලාව ,කහටලියද්ද","96B,නාරන්තලාව ,කහටලියද්ද",,2019-01-24T00:00:00,,,,,,,7.36863,80.870234
Slope Failure,SF,NBRO/LRRMD-KND/KDN/HATHRL/LI/19/0280,KDN190281,Kandy,Hatharaliyadda,2019-01-01T00:00:00,Alagalla Pahalagama,381,"162/1, අරඹේදෙණිය, අලගල්ල, පහළගම, හතරලියද්ද","162/1, අරඹේදෙණිය, අලගල්ල, පහළගම, හතරලියද්ද",,2019-01-01T00:00:00,,,,,,,7.318623989,80.4714697
Slope Failure,SF,NBRO/LRRMD-KND/KDN/POOJAP/LI/19/0309,KDN190310,Kandy,Poojapitiya,2019-09-20T00:00:00,Kaluwana North,556,"1/87, කළුවාන,  අඹේතැන්න","1/87, කළුවාන,  අඹේතැන්න",,2019-09-30T00:00:00,,,,,,,7.35619526,80.60074777
Slope Failure,SF,NBRO/LRRMD-KND/KDN/HARISP/LI/19/0312,KDN190313,Kandy,Harispattuwa,2019-01-01T00:00:00,Pallemulla,432,"පහළ කිතුල්ගොල්ල, අංකුඔුර","පහළ කිතුල්ගොල්ල, අංකුඔුර",,2018-06-01T00:00:00,,,,,,,7.4297773,80.56083661
Slope Failure,SF,NBRO/LRRMD-KND/KDN/KUNDAS/LI/19/0337,KDN190338,Kandy,Kundasale,2019-07-05T00:00:00,Maluwegama,720,"8/3/බි, තැන්නෙවත්ත, ගොමගොඩ","8/3/බි, තැන්නෙවත්ත, ගොමගොඩ",,2019-07-30T00:00:00,,,,,,,7.3318725,80.7400923
Slope Failure,SF,NBRO/LRRMD-KND/KDN/KUNDAS/LI/19/0352,KDN190353,Kandy,Kundasale,2019-10-30T00:00:00,Nattarampotha,684,"34/4, පේරලන්ද වත්ත, නත්තරම්පොත","34/4, පේරලන්ද වත්ත, නත්තරම්පොත",,2019-10-22T00:00:00,,,,,,,7.2849044,80.6672248
Slope Failure,SF,NBRO/LRRMD-KND/KDN/MEDADU/LI/19/0375,KDN190376,Kandy,Medadumbara,2019-11-22T00:00:00,Moragahamula,812,"හලියද්ද, මැදමහනුවර","හලියද්ද, මැදමහනුවර",,2019-12-04T00:00:00,,,,,,,7.274794,80.8112672
Slope Failure,SF,NBRO/LRRMD-KND/KDN/MEDADU/LI/19/0376,KDN190377,Kandy,Medadumbara,2019-11-22T00:00:00,Hakmana,800,"1/3/ඩි, හක්මන, උඩිස්පත්තුව","1/3/ඩි, හක්මන, උඩිස්පත්තුව",,2019-12-04T00:00:00,,,,,,,7.3176169,80.8036911
Slope Failure,SF,NBRO/LRRMD-KND/KDN/MEDADU/LI/19/0378,KDN190379,Kandy,Medadumbara,2019-11-22T00:00:00,Pallebage,775,"265/ඒ, උඩමුල්ල, උඩිස්පත්තුව","265/ඒ, උඩමුල්ල, උඩිස්පත්තුව",,2019-12-09T00:00:00,,,,,,,7.3241093,80.7736161
Slope Failure,SF,NBRO/LRRMD-KND/KDN/PATHAH/LI/19/0394,KDN190395,Kandy,Pathahewaheta,2019-01-01T00:00:00,Oluwawatta,1015,"උඩමුල්ල, ඔලුවාවත්ත","උඩමුල්ල, ඔලුවාවත්ත",,2018-10-15T00:00:00,2018-10-13T00:00:00,02:15,,,,,7.1977772,80.726185
Slope Failure,SF,NBRO/LRRMD-KND/KDN/PATHAD/LI/19/0416,KDN190417,Kandy,Pathadumbara,2019-08-26T00:00:00,Meegamawatta,604,"604, මීගමවත්ත, වත්තේගම","604, මීගමවත්ත, වත්තේගම",,2019-09-17T00:00:00,,,,,,,7.3375371,80.67263357
Slope Failure,SF,NBRO/LRRMD-KND/KDN/PATHAD/LI/19/0418,KDN190419,Kandy,Pathadumbara,2019-01-01T00:00:00,Wattegama North,595,"නුවරතැන්න වත්ත, වත්තේගම","නුවරතැන්න වත්ත, වත්තේගම",,2019-01-02T00:00:00,2014-12-24T00:00:00,,,,,,7.3548679,80.6876188
Slope Failure,SF,NBRO/LRRMD-KND/KDN/PASBAG/LI/19/0461,KDN190462,Kandy,Pasbage Korale,2019-01-01T00:00:00,Nawalapitiya East,1085,"106/5, පැණිගොඩමුල්ල, නාවලපිටිය","106/5, පැණිගොඩමුල්ල, නාවලපිටිය",,2019-09-18T00:00:00,,,,,,,7.0515976,80.5300485
Slope Failure,SF,NBRO/LRRMD-KND/KDN/PASBAG/LI/19/0473,KDN190474,Kandy,Pasbage Korale,2019-10-10T00:00:00,Dandubediruppa,1103,"පේළි නිවාස අංක 01 - එන්.සි කොටස, මොන්ටක්‍රිස්ටෝ වතුයාය, නාවලපිටිය","පේළි නිවාස අංක 01 - එන්.සි කොටස, මොන්ටක්‍රිස්ටෝ වතුයාය, නාවලපිටිය",,2019-10-10T00:00:00,,,,,,,7.0928,80.535591
Slope Failure,SF,NBRO/LRRMD-KND/KDN/PASBAG/LI/19/0474,KDN190475,Kandy,Pasbage Korale,2019-09-18T00:00:00,Balanthota North,1091,"ගලමුදුන ජනපදය, 6 වන කණුව, බලන්තොට","ගලමුදුන ජනපදය, 6 වන කණුව, බලන්තොට",,2019-09-18T00:00:00,,,,,,,7.0532957,80.4677043
Slope Failure,SF,NBRO/LRRMD-KND/KDN/PASBAG/LI/19/0475,KDN190476,Kandy,Pasbage Korale,2019-09-05T00:00:00,Bawwagama,1083,"69/2, සේලම්බ්‍රිඩජ්, නාවලපිටිය","69/2, සේලම්බ්‍රිඩජ්, නාවලපිටිය",,2019-09-18T00:00:00,,,,,,,7.0442407,80.5272703
Slope Failure,SF,NBRO/LRRMD-KND/KDN/UDAPAL/LI/20/0019,KDN200019,Kandy,Udapalatha,2020-11-23T00:00:00,Kirinda,1123,"33/1, කිරින්ද , හොඩියාදෙණිය","33/1, කිරින්ද , හොඩියාදෙණිය",,2020-12-09T00:00:00,,,,,,,7.066032,80.539651
Slope Failure,SF,NBRO/LRRMD-KND/KDN/DOLUWA/LI/20/0079,KDN200084,Kandy,Doluwa,2020-01-01T00:00:00,Doluwa,1155,"208/2, ගල්පිහිල්ල, දොළුව","208/2, ගල්පිහිල්ල, දොළුව",,2019-06-22T00:00:00,,,,,,,7.1859409,80.61017794
Slope Failure,SF,NBRO/LRRMD-KND/KDN/GANGIK/LI/20/0093,KDN200098,Kandy,Ganga Ihala Korale,2020-01-01T00:00:00,Galpaya,1066,"470/බි/1, ලැනටන්හිල්, පහළ ගල්පාය","470/බි/1, ලැනටන්හිල්, පහළ ගල්පාය",,2020-10-20T00:00:00,,,,,,,7.144339,80.538797
Slope Failure,SF,NBRO/LRRMD-KND/KDN/HARISP/LI/20/0104,KDN200109,Kandy,Harispattuwa,2020-01-01T00:00:00,Uduwawala East,419,"158/1, උඩුවාවිල, කටුගස්තෙ‍ාට","158/1, උඩුවාවිල, කටුගස්තෙ‍ාට",,2019-10-29T00:00:00,,,,,,,7.334618,80.610686
Slope Failure,SF,NBRO/LRRMD-KND/KDN/HARISP/LI/20/0108,KDN200113,Kandy,Harispattuwa,2020-01-01T00:00:00,Viguhumpola,469,"115/ඒ/4, විගුහුම්පොළ වැරැල්ලගම","115/ඒ/4, විගුහුම්පොළ වැරැල්ලගම",,2019-10-29T00:00:00,,,,,,,7.332738,80.569997
Slope Failure,SF,NBRO/LRRMD-KND/KDN/HARISP/LI/20/0110,KDN200115,Kandy,Harispattuwa,2020-01-01T00:00:00,Karanduwawala Pahala,478,"120/3, කරඩුවාවෙල පහළ, වැරැල්ලගම","120/3, කරඩුවාවෙල පහළ, වැරැල්ලගම",,2019-10-29T00:00:00,,,,,,,7.323551,80.557305
Slope Failure,SF,NBRO/LRRMD-KND/KDN/HARISP/LI/20/0111,KDN200116,Kandy,Harispattuwa,2020-01-01T00:00:00,Ulladupitiya East,465,"266/1, උල්ලදුපිටිය, වැරැල්ලගම","266/1, උල්ලදුපිටිය, වැරැල්ලගම",,2019-10-29T00:00:00,,,,,,,7.340402,80.586013
Slope Failure,SF,NBRO/LRRMD-KND/KDN/HARISP/LI/20/0113,KDN200118,Kandy,Harispattuwa,2020-01-01T00:00:00,Senarathgama South,424,"139/බි/1, බරිගම පාර, හල්ඹළුව","139/බි/1, බරිගම පාර, හල්ඹළුව",,2019-10-29T00:00:00,,,,,,,7.292321,80.605091
Slope Failure,SF,NBRO/LRRMD-KND/KDN/HATHRL/LI/20/0124,KDN200129,Kandy,Hatharaliyadda,2020-10-06T00:00:00,Aluthgama Pahala,393,"382, අලගල්ල ඉහළ, හතරලියද්ද","382, අලගල්ල ඉහළ, හතරලියද්ද",,2020-10-10T00:00:00,,,,,,,7.307385,80.476298
Slope Failure,SF,NBRO/LRRMD-KND/KDN/KUNDAS/LI/20/0146,KDN200151,Kandy,Kundasale,2020-08-08T00:00:00,Malpana,712,"4/බි, හීපිටිය පාර, මල්පාන","4/බි, හීපිටිය පාර, මල්පාන",,2020-08-28T00:00:00,,,,,,,7.312994,80.71999
Slope Failure,SF,NBRO/LRRMD-KND/KDN/KNDFG/LI/20/0168,KDN200173,Kandy,Kandy Four Gravets & Gangawata Korale,2020-01-01T00:00:00,Welata,260,"කිංස්වුඩ් විද්‍යාලය, මහනුවර","කිංස්වුඩ් විද්‍යාලය, මහනුවර",,2020-01-27T00:00:00,,,,,,,7.28885,80.651517
Slope Failure,SF,NBRO/LRRMD-KND/KDN/KNDFG/LI/20/0172,KDN200177,Kandy,Kandy Four Gravets & Gangawata Korale,2020-01-01T00:00:00,Heeressagala,242,"කැබලි 1 හා 2, පැරඩයිස් පාක්, තපෝදාරාම පාර, හන්තාන","කැබලි 1 හා 2, පැරඩයිස් පාක්, තපෝදාරාම පාර, හන්තාන",,2020-07-08T00:00:00,,,,,,,7.2788879,80.6281357
Slope Failure,SF,NBRO/LRRMD-KND/KDN/KNDFG/LI/20/0176,KDN200181,Kandy,Kandy Four Gravets & Gangawata Korale,2020-06-15T00:00:00,Bahirawa Kanda,236,"15/2, බහිරව කන්ද පටුමග, අස්ගිරිය, මහනුවර","15/2, බහිරව කන්ද පටුමග, අස්ගිරිය, මහනුවර",,2020-07-08T00:00:00,,,,,,,7.297545,80.629899
Slope Failure,SF,NBRO/LRRMD-KND/KDN/KNDFG/LI/20/0180,KDN200185,Kandy,Kandy Four Gravets & Gangawata Korale,2020-06-17T00:00:00,Nagasthenna,262,"110/6, හන්තාන පාර, මහනුවර","110/6, හන්තාන පාර, මහනුවර",,2020-07-13T00:00:00,,,,,,,7.282786,80.63275
Slope Failure,SF,NBRO/LRRMD-KND/KDN/KNDFG/LI/20/0187,KDN200192,Kandy,Kandy Four Gravets & Gangawata Korale,2020-07-30T00:00:00,Lewella,222,"117/6, ලේවැල්ල පාර, මහනුවර","117/6, ලේවැල්ල පාර, මහනුවර",,2020-08-25T00:00:00,,,,,,,7.301067,80.652128
Slope Failure,SF,NBRO/LRRMD-KND/KDN/MEDADU/LI/20/0208,KDN200213,Kandy,Medadumbara,2020-01-01T00:00:00,Retiyagama,801,"100්ඒ්, රේටියගම, මැදමහනුවර","100්ඒ්, රේටියගම, මැදමහනුවර",,2020-02-06T00:00:00,,,,,,,7.308419,80.809444
Slope Failure,SF,NBRO/LRRMD-KND/KDN/KNDFG/LI/20/0213,KDN200218,Kandy,Kandy Four Gravets & Gangawata Korale,2020-01-01T00:00:00,Ampitiya North,252,"ධර්මරාජ විදුහල, මහනුවර","ධර්මරාජ විදුහල, මහනුවර",,2020-09-21T00:00:00,,,,,,,7.28948,80.650245
Slope Failure,SF,NBRO/LRRMD-KND/KDN/KNDFG/LI/20/0230,KDN200235,Kandy,Kandy Four Gravets & Gangawata Korale,2020-10-16T00:00:00,Thennakumbura,275,"48, සම්පත් උයන, තැන්නේකුඹුර, මහනුවර","48, සම්පත් උයන, තැන්නේකුඹුර, මහනුවර",,2020-11-11T00:00:00,,,,,,,7.283036,80.6636201
Slope Failure,SF,NBRO/LRRMD-KND/KDN/KNDFG/LI/20/0231,KDN200236,Kandy,Kandy Four Gravets & Gangawata Korale,2020-01-01T00:00:00,Thennakumbura,275,"83/ඒ/3, සම්පත් උයන, තැන්නේකුඹුර, මහනුවර","83/ඒ/3, සම්පත් උයන, තැන්නේකුඹුර, මහනුවර",,2020-11-18T00:00:00,2020-11-18T00:00:00,,,,,,7.282679,80.663967
Slope Failure,SF,NBRO/LRRMD-KND/KDN/KNDFG/LI/20/0232,KDN200237,Kandy,Kandy Four Gravets & Gangawata Korale,2020-01-01T00:00:00,Katukele,255,"25/20, පුෂ්පදාන මාවත, මහනුවර","25/20, පුෂ්පදාන මාවත, මහනුවර",,2020-12-04T00:00:00,2020-12-02T00:00:00,,,,,,7.293938,80.630681
Slope Failure,SF,NBRO/LRRMD-KND/KDN/PASBAG/LI/20/0280,KDN200285,Kandy,Pasbage Korale,2020-01-01T00:00:00,Penithuduwa,1106,"96, පැණිතුඩමුල්ල, නාවලපිටිය",,,2020-10-21T00:00:00,,,,,,,7.051476,80.530344
Slope Failure,SF,NBRO/LRRMD-KND/KDN/PASBAG/LI/20/0281,KDN200286,Kandy,Pasbage Korale,2020-01-01T00:00:00,Mapakanda North,1100,"223/1, අඹගමුව මාර්ගය, නාවලපිටිය","223/1, අඹගමුව මාර්ගය, නාවලපිටිය",,2020-10-21T00:00:00,2020-10-15T00:00:00,15:30,,,,,7.111476,80.527312
Slope Failure,SF,NBRO/LRRMD-KND/KDN/YATINU/LI/20/0285,KDN200290,Kandy,Yatinuwara,2020-01-01T00:00:00,Kotabogoda,175,"265/3, පුස්සෙගොඩ, කොටබොගොඩ","265/3, පුස්සෙගොඩ, කොටබොගොඩ",,2019-12-03T00:00:00,,,,,,,7.264655,80.531378
Slope Failure,SF,NBRO/LRRMD-KND/KDN/PATHAD/LI/20/0298,KDN200303,Kandy,Pathadumbara,2020-06-16T00:00:00,Girakaduwa,631,"15/2, ගිරාකඩුව, ජම්බුගහපිටිය","15/2, ගිරාකඩුව, ජම්බුගහපිටිය",,2020-05-29T00:00:00,,,,,,,7.361206,80.621147
Slope Failure,SF,NBRO/LRRMD-KND/KDN/PATHAD/LI/20/0303,KDN200308,Kandy,Pathadumbara,2020-06-25T00:00:00,Wattegama North,595,"44/1, උඩුගොඩ පාර, අලුත්වත්ත , වත්තේගම","44/1, උඩුගොඩ පාර, අලුත්වත්ත , වත්තේගම",,2020-05-23T00:00:00,2019-11-26T00:00:00,,,,,,7.353046,80.6879
Slope Failure,SF,NBRO/LRRMD-KND/KDN/PATHAD/LI/20/0314,KDN200319,Kandy,Pathadumbara,2020-01-01T00:00:00,Walpaladeniya,602,"32/2, මීගම්මන උතුර, වත්තේගම","32/2, මීගම්මන උතුර, වත්තේගම",,2020-01-06T00:00:00,,,,,,,7.34989379,80.6541574
Slope Failure,SF,NBRO/LRRMD-KND/KDN/UDADUM/LI/20/0338,KDN200343,Kandy,Udadumbara,2020-01-01T00:00:00,Kalalgamuwa,857,"124, කලල්ගමුව, ‌බෝපාන","124, කලල්ගමුව, ‌බෝපාන",,2019-12-19T00:00:00,,,,,,,7.2946669,80.8970327
Slope Failure,SF,NBRO/LRRMD-KND/KDN/UDADUM/LI/20/0341,KDN200346,Kandy,Udadumbara,2020-01-16T00:00:00,Devinnegama,838,"290,  දෙවින්නේගම, හුන්නස්ගිරිය","290,  දෙවින්නේගම, හුන්නස්ගිරිය",,2021-12-24T00:00:00,,,,,,,7.25331,80.851061
Slope Failure,SF,NBRO/LRRMD-KND/KDN/UDADUM/LI/20/0344,KDN200349,Kandy,Udadumbara,2020-01-01T00:00:00,Godakumbura,854,"75/2, ‌ගොඩකුඹුර, බෝපාන","75/2, ‌ගොඩකුඹුර, බෝපාන",,2020-01-09T00:00:00,2019-12-18T00:00:00,,අධීක වර්ෂාව,,,,7.303499,80.6016672
Slope Failure,SF,NBRO/LRRMD-KND/KDN/UDADUM/LI/20/0345,KDN200350,Kandy,Udadumbara,2020-01-01T00:00:00,Poppitiya,871,"උඩගම්මැද්ද, පොප්පිටිය","උඩගම්මැද්ද, පොප්පිටිය",,2020-01-17T00:00:00,,,,,,,7.3618228,80.9113941
Slope Failure,SF,NBRO/LRRMD-KND/KDN/UDADUM/LI/20/0346,KDN200351,Kandy,Udadumbara,2020-01-01T00:00:00,Devinnegama,838,"බඹරමැද්ද ශ්‍රි ‌‌බෝධිමළු විහාරස්ථානය, හුන්නස්ගිරිිය","බඹරමැද්ද ශ්‍රි ‌‌බෝධිමළු විහාරස්ථානය, හුන්නස්ගිරිිය",,2020-01-09T00:00:00,2019-12-20T00:00:00,,,,,,7.2535054,80.84902049
Slope Failure,SF,NBRO/LRRMD-KND/KDN/UDADUM/LI/20/0352,KDN200357,Kandy,Udadumbara,2020-01-06T00:00:00,Udadumbara,847,"7, කන්දේවත්ත","7, කන්දේවත්ත",,2020-01-23T00:00:00,,,අධික වර්ෂාපතනය,,,,7.2454581,80.8472981
Slope Failure,SF,NBRO/LRRMD-KND/KDN/UDADUM/LI/20/0365,KDN200370,Kandy,Udadumbara,2020-08-18T00:00:00,Devinnegama,838,"241/E, දේවින්නේගම, හුන්නස්ගිරිය","241/E, දේවින්නේගම, හුන්නස්ගිරිය",,2020-08-24T00:00:00,,,,,,,7.25362,80.849544
Slope Failure,SF,NBRO/LRRMD-KND/KDN/UDAPAL/LI/20/0374,KDN200378,Kandy,Udapalatha,2020-01-01T00:00:00,Mawathura,1187,"ශ්‍රි මහින්දා විහරස්ථානය , මාවතුර, ගම්පොල","ශ්‍රි මහින්දා විහරස්ථානය , මාවතුර, ගම්පොල",,2020-01-07T00:00:00,,,,,,,7.087917,80.577841
Slope Failure,SF,NBRO/LRRMD-KND/KDN/YATINU/LI/20/0381,KDN200385,Kandy,Yatinuwara,2020-01-01T00:00:00,Embilmeegama South,167,"376/6, අධිකාරම්තැන්න, ඇඹිල්මීගම","376/6, අධිකාරම්තැන්න, ඇඹිල්මීගම",,2020-05-22T00:00:00,,,,,,,7.26218056,80.5613889
Slope Failure,SF,NBRO/LRRMD-KND/KDN/UDAPAL/LI/20/0405,KDN200408,Kandy,Udapalatha,2020-05-19T00:00:00,Weliganga,1188,"63, නව ජනපදය, මාවතුර,ගම්පොල","63, නව ජනපදය, මාවතුර,ගම්පොල",,2020-06-11T00:00:00,,,,,,,7.093386,80.5730227
Slope Failure,SF,NBRO/LRRMD-KND/KDN/UDAPAL/LI/20/0407,KDN200410,Kandy,Udapalatha,2020-05-14T00:00:00,Unambuwa,1121,"විශේෂ කාර්ය බලකාය, ගම්පොල","විශේෂ කාර්ය බලකාය, ගම්පොල",,2020-06-11T00:00:00,,,,,,,7.175398,80.568917
Slope Failure,SF,NBRO/LRRMD-KND/KDN/UDAPAL/LI/20/0418,KDN200421,Kandy,Udapalatha,2020-07-09T00:00:00,Wattehena,1170,"අගුරුමුල්ල පහළ කොටස, අමුහේන","අගුරුමුල්ල පහළ කොටස, අමුහේන",,2020-07-21T00:00:00,,,,,,,7.1409579,80.602555
Slope Failure,SF,NBRO/LRRMD-KND/KDN/UDAPAL/LI/20/0419,KDN200422,Kandy,Udapalatha,2020-08-17T00:00:00,Angammana East,1163,"113, අංගම්මන, ගම්පොල","113, අංගම්මන, ගම්පොල",,2020-09-15T00:00:00,2020-07-29T00:00:00,22:00,,,,,7.156849,80.5636037
Slope Failure,SF,NBRO/LRRMD-KND/KDN/KNDFG/LI/21/0014,KDN210014,Kandy,Kandy Four Gravets & Gangawata Korale,2021-11-07T00:00:00,Mahaiyawa,239,"කැන්ඩි කොටේජ්, 160, ලේඩි ගෝර්ඩන් ඩ්‍රයිව්, මහනුවර150/10, ලේඩි ගෝර්ඩන් ඩ්‍රයිව්, මහනුවර","ලේඩි ගෝර්ඩන් ඩ්‍රයිව්, මහනුවර",,2021-11-19T00:00:00,2021-11-07T00:00:00,,,,,,7.301485,80.626316
Slope Failure,SF,NBRO/LRRMD-KND/KDN/KNDFG/LI/21/0023,KDN210023,Kandy,Kandy Four Gravets & Gangawata Korale,2021-11-09T00:00:00,Ampitiya North,252,"අංක 154/1, කැටවල,ලෙව්ල","අංක 154/1, කැටවල,ලෙව්ල",,2021-11-23T00:00:00,2021-11-06T00:00:00,,,,,,7.238443,80.702636
Slope Failure,SF,NBRO/LRRMD-KND/KDN/KNDFG/LI/21/0025,KDN210025,Kandy,Kandy Four Gravets & Gangawata Korale,2021-11-12T00:00:00,Meddegama,272,"අංක 32/1, මැද්දේපතන, අම්පිටිය","අංක 32/1, මැද්දේපතන, අම්පිටිය",,2021-12-15T00:00:00,2021-11-10T00:00:00,,,,,,7.26291,80.659196
Slope Failure,SF,NBRO/LRRMD-KND/KDN/UDADUM/LI/21/0059,KDN210064,Kandy,Udadumbara,2021-12-10T00:00:00,Dewahandiya East,863,දේවාහන්දිය ග්‍රාමයේ රඹුක්වැල්ල වාරි ඇළ,දේවාහන්දිය ග්‍රාමයේ රඹුක්වැල්ල වාරි ඇළ,,2021-12-10T00:00:00,2021-12-10T00:00:00,,අධික වර්ෂාව,,,,7.268246,80.912762
Slope Failure,SF,NBRO/LRRMD-KND/KDN/PATHAH/LI/21/0063,KDN210072,Kandy,Pathahewaheta,2021-11-28T00:00:00,Thalathuoya West,960,"149/1,නුවර පාර, තළාතුඔය","149/1,නුවර පාර, තළාතුඔය",,2021-11-28T00:00:00,2021-11-27T00:00:00,,,,,,7.256753,80.687339
Slope Failure,SF,NBRO/LRRMD-KND/KDN/UDUNUW/LI/21/0064,KDN210073,Kandy,Udunuwara,2021-11-19T00:00:00,Gangoda North,3,"9ඒ/1, බුලුකන්දේගොඩ, ගංගොඩ, පිළිමතලාව","9ඒ/1, බුලුකන්දේගොඩ, ගංගොඩ, පිළිමතලාව",,2021-11-19T00:00:00,,,,,,,7.261369,80.564058
Slope Failure,SF,NBRO/LRRMD-KND/KDN/KNDFG/LI/21/0073,KDN210084,Kandy,Kandy Four Gravets & Gangawata Korale,2021-11-09T00:00:00,Bogambara,264,"15/15ඒ, ඇහැලේපොළ කුමාරිහාමි මාවත, බෝගම්බර","15/15ඒ, ඇහැලේපොළ කුමාරිහාමි මාවත, බෝගම්බර",,2021-11-12T00:00:00,2021-11-09T00:00:00,,,,,,7.286895,80.636661
Slope Failure,SF,NBRO/LRRMD-KND/KDN/UDUNUW/LI/21/0083,KDN210095,Kandy,Udunuwara,2021-08-12T00:00:00,Dihitideniya,94,"143/1, දිහිටිදෙණීය, වෙලම්බඩ","143/1, දිහිටිදෙණීය, වෙලම්බඩ",,2021-08-30T00:00:00,2021-08-12T00:00:00,,අධික වර්ෂාපතනය හා අවිධිමත් භූමි පරිහරණය,,,,7.192245,80.560711
Slope Failure,SF,NBRO/LRRMD-KND/KDN/KNDFG/LI/21/0085,KDN210097,Kandy,Kandy Four Gravets & Gangawata Korale,2021-11-24T00:00:00,Nittawela,225,"නිත්තවෙල පාර, මහනුවර","නිත්තවෙල පාර, මහනුවර",,2021-12-14T00:00:00,2021-11-09T00:00:00,,,,,,7.316505,80.63332
Slope Failure,SF,NBRO/LRRMD-KND/KDN/KNDFG/LI/21/0110,KDN210123,Kandy,Kandy Four Gravets & Gangawata Korale,2021-10-08T00:00:00,Poorna Watta East,241,"26/4, වැලිකන්ද, මහනුවර","26/4, වැලිකන්ද, මහනුවර",,2021-11-08T00:00:00,2021-11-06T00:00:00,,අධික වර්ෂාව,,,,7.30922,80.634842
Slope Failure,SF,NBRO/LRRMD-KND/KDN/UDAPAL/LI/21/0115,KDN210128,Kandy,Udapalatha,2021-11-11T00:00:00,Wattehena,1170,"154/ඒ, සින්හගිරි, නුවරඑළිය පාර, අටභාගේ","154/ඒ, සින්හගිරි, නුවරඑළිය පාර, අටභාගේ",,2021-11-11T00:00:00,2021-11-10T00:00:00,19:00,අවිධිමත් භූමි පරිහරණය,,,,7.134638,80.594549
Slope Failure,SF,NBRO/LRRMD-KND/KDN/KNDFG/LI/21/0146,KDN210159,Kandy,Kandy Four Gravets & Gangawata Korale,2021-10-26T00:00:00,Bowala,245,"41, උඩබෝවල, මහනුවර","41, උඩබෝවල, මහනුවර",,2021-10-27T00:00:00,2021-10-26T00:00:00,,,,,,7.2675216,80.6132683
Slope Failure,SF,NBRO/LRRMD-KND/KDN/KNDFG/LI/21/0155,KDN210168,Kandy,Kandy Four Gravets & Gangawata Korale,2021-11-12T00:00:00,Bahirawa Kanda,236,"පුෂ්පදාන මාවත, බහිරකන්ද, මහනුවර","42/11, පුෂ්පදාන මාවත, බහිරකන්ද, මහනුවර",,2021-11-12T00:00:00,2021-11-08T00:00:00,,,,,,7.295782,80.630774
Slope Failure,SF,NBRO/LRRMD-KND/KDN/UDUNUW/LI/21/0157,KDN210170,Kandy,Udunuwara,2021-11-09T00:00:00,Angunawala East,18,"29/4, කුරුදුවත්ත, කොස්හින්න, ගෙලිඹය","29/4, කුරුදුවත්ත, කොස්හින්න, ගෙලිඹය",,2021-11-09T00:00:00,,,,,,,7.234384,80.596232
Slope Failure,SF,NBRO/LRRMD-KND/KDN/KNDFG/LI/21/0161,KDN210174,Kandy,Kandy Four Gravets & Gangawata Korale,2021-11-08T00:00:00,Malwatta,254,"ගෝතමි බාලිකා විදුහල, මහනුවර","ගෝතමි බාලිකා විදුහල, මහනුවර",,2021-11-08T00:00:00,2021-11-01T00:00:00,,,,,,7.288892,80.639397
Slope Failure,SF,NBRO/LRRMD-KND/KDN/KNDFG/LI/21/0167,KDN210180,Kandy,Kandy Four Gravets & Gangawata Korale,2021-11-05T00:00:00,Malwatta,254,"343/3/1B, ජලාශ පාර, මහනුවර","343/3/1B, ජලාශ පාර, මහනුවර",,2021-11-04T00:00:00,2021-11-03T00:00:00,,,,,,7.286305,80.637169
Slope Failure,SF,NBRO/LRRMD-KND/KDN/KNDFG/LI/21/0179,KDN210193,Kandy,Kandy Four Gravets & Gangawata Korale,2021-11-08T00:00:00,Bahirawa Kanda,236,"9/10, බහිරවකන්ද පාර, මහනුවර","9/10, බහිරවකන්ද පාර, මහනුවර",,2021-11-04T00:00:00,2021-11-03T00:00:00,,,,,,7.297782,80.629367
Slope Failure,SF,NBRO/LRRMD-KND/KDN/KNDFG/LI/21/0180,KDN210194,Kandy,Kandy Four Gravets & Gangawata Korale,2021-08-18T00:00:00,Heeressagala,242,"කිංස්වුඩ් විද්‍යාලය, මහනුවර","කිංස්වුඩ් විද්‍යාලය, මහනුවර",,2021-09-23T00:00:00,,,,,,,7.27891,80.61516
Slope Failure,SF,NBRO/LRRMD-KND/KDN/KNDFG/LI/21/0181,KDN210195,Kandy,Kandy Four Gravets & Gangawata Korale,2021-11-10T00:00:00,Boowelikada,220,බුවැලිකඩ ඉන්ධන පිරවුම් හල අසල සංඥා බලකායට පිවිසෙන මාර්ගය,බුවැලිකඩ ඉන්ධන පිරවුම් හල අසල සංඥා බලකායට පිවිසෙන මාර්ගය,,2021-11-10T00:00:00,2021-11-09T00:00:00,,,,,,7.293147,80.649212
Slope Failure,SF,NBRO/LRRMD-KND/KDN/KNDFG/LI/21/0232,KDN210253,Kandy,Kandy Four Gravets & Gangawata Korale,2021-08-19T00:00:00,Mahakanda,268,"53, ගලහ පාර, මහනුවර","53, ගලහ පාර, මහනුවර",,2021-09-21T00:00:00,,,,,,,7.223283,80.608145
Slope Failure,SF,NBRO/LRRMD-KND/KDN/KNDFG/LI/21/0243,KDN210264,Kandy,Kandy Four Gravets & Gangawata Korale,2021-08-02T00:00:00,Malwatta,254,"25/41, කිර්ති ශ්‍රි රාජසිංහ මාවත, මහනුවර","25/41, කිර්ති ශ්‍රි රාජසිංහ මාවත, මහනුවර",,2021-08-10T00:00:00,,,,,,,7.2871149,80.640083
Slope Failure,SF,NBRO/LRRMD-KND/KDN/UDUNUW/LI/21/0265,KDN210286,Kandy,Udunuwara,2021-05-18T00:00:00,Pitawalawatta,43,"103/2(517/5) , දඩයංග, පිටවලවත්ත, ගෙලිඹය","103/2(517/5) , දඩයංග, පිටවලවත්ත, ගෙලිඹය",,2021-08-16T00:00:00,,,,,,,7.205062,80.600091
Slope Failure,SF,NBRO/LRRMD-KND/KDN/GANGIK/LI/21/0306,KDN210327,Kandy,Ganga Ihala Korale,2021-09-30T00:00:00,Wetakedeniya,1058,"මැදගොඩ පහළ, වැ‍ටකේදෙණිය","මැදගොඩ පහළ, වැ‍ටකේදෙණිය",,2020-12-24T00:00:00,,,,,,,7.120527,80.509303
Slope Failure,SF,NBRO/LRRMD-KND/KDN/KNDFG/LI/21/0326,KDN210347,Kandy,Kandy Four Gravets & Gangawata Korale,2021-08-02T00:00:00,Bahirawa Kanda,236,"46, බහිරවකන්ද පාර, මහනුවර",,,2021-08-10T00:00:00,,,,,,,7.296023,80.629075
Slope Failure,SF,NBRO/LRRMD-KND/KDN/YATINU/LI/21/0357,KDN210369,Kandy,Yatinuwara,2021-06-10T00:00:00,Kadawathgama,204,"26, කඩවත්ගම,කඩුගන්නාව","26, කඩවත්ගම,කඩුගන්නාව",,2021-06-16T00:00:00,,,,,,,7.2481216,80.560819
Slope Failure,SF,NBRO/LRRMD-KND/KDN/KNDFG/LI/21/0362,KDN210374,Kandy,Kandy Four Gravets & Gangawata Korale,2021-01-01T00:00:00,Malwatta,254,රජවාසල උද්‍යානය අසල මාර්ගයේ පැති බැවුම,රජවාසල උද්‍යානය අසල මාර්ගයේ පැති බැවුම,,2020-12-02T00:00:00,,,,,,,7.291201,80.63745
Slope Failure,SF,NBRO/LRRMD-KND/KDN/KNDFG/LI/21/0365,KDN210377,Kandy,Kandy Four Gravets & Gangawata Korale,2021-01-01T00:00:00,Katukele,255,"3/21, බහිරවකන්ද පාර, මහනුවර","3/21, බහිරවකන්ද පාර, මහනුවර",,2020-11-25T00:00:00,,,,,,,7.2911683,80.6286564
Slope Failure,SF,NBRO/LRRMD-KND/KDN/PASBAG/LI/21/0370,KDN210382,Kandy,Pasbage Korale,2021-01-01T00:00:00,Nawalapitiya North,1087,"118/23 බි, පැණිගොඩමුල්ල, නාවලපිටිය","118/23 බි, පැණිගොඩමුල්ල, නාවලපිටිය",,2020-06-23T00:00:00,,,,,,,7.0591734,80.530511
Slope Failure,SF,NBRO/LRRMD-KND/KDN/UDUNUW/LI/21/0384,KDN210396,Kandy,Udunuwara,2021-01-04T00:00:00,Weligalla,41,"නො 120බී/1, කොහිලංගවත්ත, වත්ත","නො 120බී/1, කොහිලංගවත්ත, වත්ත",,2021-06-08T00:00:00,2021-05-28T00:00:00,,,,,,7.1903647,80.594747
Slope Failure,SF,NBRO/LRRMD-KND/KDN/DOLUWA/LI/21/0401,KDN210413,Kandy,Doluwa,2021-01-01T00:00:00,Naranvita,1149,"අලවත්ගොඩ පාර, නාවලපිටිය, ගම්පොළ","අලවත්ගොඩ පාර, නාවලපිටිය, ගම්පොළ",,2020-09-10T00:00:00,,,,,,,7.190444,80.61612
Slope Failure,SF,NBRO/LRRMD-KND/KDN/DOLUWA/LI/21/0402,KDN210414,Kandy,Doluwa,2021-01-01T00:00:00,Haloya,1160,"398/8, පරණ හල්ඹය , නිල්ලඹ","398/8, පරණ හල්ඹය , නිල්ලඹ",,2020-09-30T00:00:00,,,,,,,7.206089,80.62381
Slope Failure,SF,NBRO/LRRMD-KND/KDN/GANGIK/LI/21/0415,KDN210427,Kandy,Ganga Ihala Korale,2021-01-04T00:00:00,Miyanagolla,1050,"හපාමැරූ ජනපදය, දොලොස්බාගේ","හපාමැරූ ජනපදය, දොලොස්බාගේ",,2021-07-11T00:00:00,2021-07-10T00:00:00,02:30,,,,,7.0840262,80.469672
Slope Failure,SF,NBRO/LRRMD-KND/KDN/THUMPA/LI/21/0430,KDN210442,Kandy,Thumpane,2021-01-01T00:00:00,Ambagahahena,371,"අඹගහහේන, ගලගෙදර","අඹගහහේන, ගලගෙදර",,2019-12-19T00:00:00,,,,,,,7.38571,80.494897
Slope Failure,SF,NBRO/LRRMD-KND/KDN/UDUNUW/LI/21/0458,KDN210470,Kandy,Udunuwara,2021-01-04T00:00:00,Panabokka,124,"69/බී/2, ඇබලකොහේවත්ත, පානබොක්ක, වට්ටප්පල","69/බී/2, ඇබලකොහේවත්ත, පානබොක්ක, වට්ටප්පල",,2021-06-28T00:00:00,,,,,,,7.225653,80.548228
Slope Failure,SF,NBRO/LRRMD-KND/KDN/UDUNUW/LI/21/0461,KDN210473,Kandy,Udunuwara,2021-05-29T00:00:00,Thalawatta,4,"163/A, තල්වත්ත , පේරාදෙණිය","163/A, තල්වත්ත , පේරාදෙණිය",,2021-06-14T00:00:00,,,,,,,7.259328,80.576296
Slope Failure,SF,NBRO/LRRMD-KND/KDN/KNDFG/LI/21/0469,KDN210481,Kandy,Kandy Four Gravets & Gangawata Korale,2021-01-04T00:00:00,Malwatta,254,"S.W.P. එකෝලොඡ් ආයතනය, 6/1, සංඝරාඡ මාවත, මහනුවර","S.W.P. එකෝලොඡ් ආයතනය, 6/1, සංඝරාඡ මාවත, මහනුවර",,2021-03-15T00:00:00,,,,,,,7.2895083,80.6384883
Slope Failure,SF,NBRO/LRRMD-KND/KDN/KNDFG/LI/21/0517,KDN210528,Kandy,Kandy Four Gravets & Gangawata Korale,2021-01-18T00:00:00,Deiyannewela,261,"52/10, හන්තාන පාර, මහනුවර","52/10, හන්තාන පාර, මහනුවර",,2021-02-03T00:00:00,,,,,,,7.2851183,80.632849
Slope Failure,SF,NBRO/LRRMD-KND/KDN/POOJAP/LI/21/0530,KDN210541,Kandy,Poojapitiya,2021-06-06T00:00:00,Batagalla North,548,"137/3, බටගල්ල, පූජාපිටිය",,,2021-06-18T00:00:00,,,,,,,7.369177,80.585281
Slope Failure,SF,NBRO/LRRMD-KND/KDN/HARISP/LI/21/0531,KDN210542,Kandy,Harispattuwa,2021-05-02T00:00:00,Yahalathenna Kanda,457,"21/13A, යහලතැන්න කන්ද, වැරැල්ල්ලගම","21/13A, යහලතැන්න කන්ද, වැරැල්ල්ලගම",,2021-06-18T00:00:00,,,,,,,7.3124,80.580716
Slope Failure,SF,NBRO/LRRMD-KND/KDN/KNDFG/LI/21/0571,KDN210582,Kandy,Kandy Four Gravets & Gangawata Korale,2021-05-17T00:00:00,Pitakanda Gama,250,"255/41, සී.ඩී.එල්.ප්‍රනාන්දු මාවත, මහනුවර","255/41, සී.ඩී.එල්.ප්‍රනාන්දු මාවත, මහනුවර",,2021-06-01T00:00:00,,,,,,,7.3114841,80.6318573
Slope Failure,SF,NBRO/LRRMD-KND/KDN/KNDFG/LI/21/0595,KDN210606,Kandy,Kandy Four Gravets & Gangawata Korale,2021-11-01T00:00:00,Nittawela,225,"16/12ඒ, මාවිල්මඩ පාර, මහනුවර","16/12ඒ, මාවිල්මඩ පාර, මහනුවර",,2021-01-26T00:00:00,,,,,,,7.31814527,80.63193667
Slope Failure,SF,NBRO/LRRMD-KND/KDN/KNDFG/LI/21/0597,KDN210608,Kandy,Kandy Four Gravets & Gangawata Korale,2021-01-19T00:00:00,Boowelikada,220,"3/12, සංඝමිත්තා මාවත, මහනුවර","3/12, සංඝමිත්තා මාවත, මහනුවර",,2021-02-01T00:00:00,,,,,,,7.2918583,80.6464911
Slope Failure,SF,NBRO/LRRMD-KND/KDN/YATINU/LI/21/0599,KDN210610,Kandy,Yatinuwara,2021-01-01T00:00:00,Kandangama North,208,"524/2, කදංගම, කඩුගන්නාව","524/2, කදංගම, කඩුගන්නාව",,2019-06-06T00:00:00,,,,,,,7.28760319,80.6158336
Slope Failure,SF,NBRO/LRRMD-KND/KDN/KNDFG/LI/21/0616,KDN210627,Kandy,Kandy Four Gravets & Gangawata Korale,2021-05-05T00:00:00,Gurudeniya West,278,"ගුඩ්හෝප් මාවත , මහනුවර","ගුඩ්හෝප් මාවත , මහනුවර",,2021-05-19T00:00:00,2021-04-15T00:00:00,,,,,,7.273756,80.674816
Slope Failure,SF,NBRO/LRRMD-KND/KDN/PATHAH/LI/21/0619,KDN210630,Kandy,Pathahewaheta,2021-04-21T00:00:00,Uduwela Pallegama East,949,"283, උඩුවෙල, පල්ලේගම","283, උඩුවෙල, පල්ලේගම",,2021-05-12T00:00:00,2021-04-15T00:00:00,,,,,,7.2517716,80.662586
Slope Failure,SF,NBRO/LRRMD-KND/KDN/KNDFG/LI/21/0623,KDN210634,Kandy,Kandy Four Gravets & Gangawata Korale,2021-04-22T00:00:00,Hindagala,267,"පේරගොල්ල වත්ත, හිඳගල","පේරගොල්ල වත්ත, හිඳගල",,2021-05-12T00:00:00,2021-04-16T00:00:00,,,,,,7.2378716,80.60245
Slope Failure,SF,NBRO/LRRMD-KND/KDN/YATINU/LI/21/0624,KDN210635,Kandy,Yatinuwara,2021-05-27T00:00:00,Dehigama South,145,"2සී, ගන්නෝරුව පාර, මුරුතලාව","2සී, ගන්නෝරුව පාර, මුරුතලාව",,2021-06-01T00:00:00,2021-05-26T00:00:00,,අධික වර්ෂාව,,,,7.294748,80.57275
Slope Failure,SF,NBRO/LRRMD-KND/KDN/KNDFG/LI/21/0627,KDN210638,Kandy,Kandy Four Gravets & Gangawata Korale,2021-05-10T00:00:00,Aruppala West,223,"59/බී,61,9/4ඒ, ධර්මාශෝක මාවත, අරුප්පල, මහනුවර","59/බී,61,9/4ඒ, ධර්මාශෝක මාවත, අරුප්පල, මහනුවර",,2021-05-31T00:00:00,2021-05-09T00:00:00,,,,,,7.2949016,80.652133
Slope Failure,SF,NBRO/LRRMD-KND/KDN/PATHAH/LI/21/0628,KDN210639,Kandy,Pathahewaheta,2021-04-15T00:00:00,Ethulgama East,968,"ගල්ලෙන වත්ත, පින්නරාව, තලාතුඔය","ගල්ලෙන වත්ත, පින්නරාව, තලාතුඔය",,2021-05-12T00:00:00,2021-04-15T00:00:00,,,,,,7.240063,80.673071
Slope Failure,SF,NBRO/LRRMD-KND/KDN/KNDFG/LI/21/0629,KDN210640,Kandy,Kandy Four Gravets & Gangawata Korale,2021-04-22T00:00:00,Pahala Eriyagama,282,"44/ ඒ, ගම්පොළ පාර, පේරාදෙණිය","44/ ඒ, ගම්පොළ පාර, පේරාදෙණිය",,2021-05-04T00:00:00,2021-04-15T00:00:00,,,,,,7.263942,80.592819
Slope Failure,SF,NBRO/LRRMD-KND/KDN/KNDFG/LI/21/0644,KDN210654,Kandy,Kandy Four Gravets & Gangawata Korale,2021-01-01T00:00:00,Welata,260,"මේබල් මාවත, ප්‍රිම්රෝස්","මේබල් මාවත, ප්‍රිම්රෝස්",,2021-04-17T00:00:00,,,,,,,7.2810604,80.61499869
Slope Failure,SF,NBRO/LRRMD-KND/KDN/KNDFG/LI/21/0677,KDN210687,Kandy,Kandy Four Gravets & Gangawata Korale,2021-04-28T00:00:00,Ampitiya North,252,"337, වලගම්මැද්ද, අම්පිටිය","337, වලගම්මැද්ද, අම්පිටිය",,2021-05-03T00:00:00,2021-04-15T00:00:00,,අවිධිමත් කැණීම් හා අධික වර්ෂාව,,,,7.274266,80.659901
Slope Failure,SF,NBRO/LRRMD-KND/KDN/PATHAH/LI/21/0693,KDN210703,Kandy,Pathahewaheta,2021-01-20T00:00:00,Nugaliyadda Ihala,983,"22/ඒ, නුගලියද්ද, හන්දෙස්ස","22/ඒ, නුගලියද්ද, හන්දෙස්ස",,2021-04-02T00:00:00,,,,,,,7.224818,80.684
Slope Failure,SF,NBRO/LRRMD-KND/KDN/KNDFG/LI/22/0005,KDN220022,Kandy,Kandy Four Gravets & Gangawata Korale,2022-01-03T00:00:00,Ampitiya Udagama South,270,"නො. 132, 130/12ඒ, 130/12බී, උඩුවෙල පාර, අම්පිටිය","නො. 132, 130/12ඒ, 130/12බී, උඩුවෙල පාර, අම්පිටිය",,2022-02-17T00:00:00,2021-11-04T00:00:00,,,,,,7.27084,80.65248
Slope Failure,SF,NBRO/LRRMD-KND/KDN/KNDFG/LI/22/0006,KDN220023,Kandy,Kandy Four Gravets & Gangawata Korale,2022-01-03T00:00:00,Ampitiya Udagama South,270,"නො. 138/4, 132 පොල්ගහතැන්න, ගල්පිහිල්ල, අම්පිටිය","නො. 138/4, 132 පොල්ගහතැන්න, ගල්පිහිල්ල, අම්පිටිය",,2022-02-17T00:00:00,2021-11-04T00:00:00,,,,,,7.27126,80.654726
Slope Failure,SF,NBRO/LRRMD-KND/KDN/PATHAH/LI/22/0007,KDN220024,Kandy,Pathahewaheta,2022-01-03T00:00:00,Uduwela Udagama East,946,හන්තාන රජමහ විහාරය ආසන්නයේ පිහිටි හන්තාන වැව,හන්තාන රජමහ විහාරය ආසන්නයේ පිහිටි හන්තාන වැව,,2022-03-02T00:00:00,,,,,,,7.2414099,80.643281
Slope Failure,SF,NBRO/LRRMD-KND/KDN/KNDFG/LI/22/0017,KDN220034,Kandy,Kandy Four Gravets & Gangawata Korale,2022-01-03T00:00:00,Poorna Watta West,240,"නො. 19/68, දෙවන පටුමග, මහයියාව","නො. 19/68, දෙවන පටුමග, මහයියාව .",,2022-03-10T00:00:00,2021-11-19T00:00:00,,,,,,7.302265,80.6326183
Slope Failure,SF,NBRO/LRRMD-KND/KDN/UDAPAL/LI/22/0030,KDN220048,Kandy,Udapalatha,2022-01-03T00:00:00,Galgediyawa,1124,"ගල්ගෙඩියාව, ගම්පල","ගල්ගෙඩියාව, ගම්පල",පේරාදෙණිය සිට ගම්පල පාරේ ගල්ඩෙියාව පාලම දක්වා ගමන් කොට දකුණු පසට ඇති බෝවල මාර්ගයෙන් අදාළ නිවාස,2021-11-14T00:00:00,2021-08-12T00:00:00,,,,,,7.183548,80.576703
Slope Failure,SF,NBRO/LRRMD-KND/KDN/KNDFG/LI/22/0040,KDN220058,Kandy,Kandy Four Gravets & Gangawata Korale,2022-01-03T00:00:00,Mahaiyawa,239,"අංක 20/1, ලේඩි ටොරින්ටන්, මහනුවර",,,2022-02-08T00:00:00,2021-11-01T00:00:00,,,,,,7.3066083,80.6391983
Slope Failure,SF,NBRO/LRRMD-KND/KDN/KNDFG/LI/22/0041,KDN220059,Kandy,Kandy Four Gravets & Gangawata Korale,2022-01-03T00:00:00,Mapanawathura,237,මාපනාවතුර ප්‍රජාශාලාවේ සිට කටුගස්තොට ඉන්ද්‍රා ට්‍රේඩර්ස්   ආයතනය අසලට දිවෙන අතුරු මාර්ගය,,,2022-02-08T00:00:00,2021-11-01T00:00:00,,,,,,7.3137616,80.629812
Slope Failure,SF,NBRO/LRRMD-KND/KDN/KNDFG/LI/22/0046,KDN220064,Kandy,Kandy Four Gravets & Gangawata Korale,2022-01-03T00:00:00,Mahaiyawa,239,"18/1, 18/2, 18/2බී, ලේඩි ටොරින්ටන් මාවත, මහනුවර","18/1, 18/2, 18/2බී, ලේඩි ටොරින්ටන් මාවත, මහනුවර",මහනුවර නගරයේ සිට ශ්‍රි ධර්මාශෝක මාවත මාර්ගයේ මීටර් 300ක් ගමන් කිරීමෙන් මෙම ස්ථානයට ලගා විය හැක.,2022-03-22T00:00:00,2021-12-04T00:00:00,,ආන්තික වර්ෂාපතනය/ තීව්‍ර බෑවුම,,,,7.30648103,80.63889035
Slope Failure,SF,NBRO/LRRMD-KND/KDN/KNDFG/LI/22/0054,KDN220072,Kandy,Kandy Four Gravets & Gangawata Korale,2022-01-03T00:00:00,Hindagala,267,"නො.354, ගලහ පාර, මහකන්ද, හිඳගල","නො.354, ගලහ පාර, මහකන්ද, හිඳගල",,2022-01-28T00:00:00,2021-11-30T00:00:00,,,,,,7.220295,80.609795
Slope Failure,SF,NBRO/LRRMD-KND/KDN/DOLUWA/LI/22/0059,KDN220077,Kandy,Doluwa,2022-01-03T00:00:00,Nillamba,1137,"262/33/A ඉහල ග්‍රාමය, නිල්ලඔ","262/33/A ඉහල ග්‍රාමය, නිල්ලඔ",,2021-11-16T00:00:00,2021-07-09T00:00:00,,,,,,7.194471,80.637488
Slope Failure,SF,NBRO/LRRMD-KND/KDN/PATHAH/LI/22/0073,KDN220091,Kandy,Pathahewaheta,2022-01-03T00:00:00,Uduwela Udagama West,947,"නො. 120/1, ඇල්ලන කුඹුර, උඩගම, උඩුවෙල",,,2022-01-26T00:00:00,2021-11-29T00:00:00,,,,,,7.248463,80.642503
Slope Failure,SF,NBRO/LRRMD-KND/KDN/PATHAH/LI/22/0075,KDN220093,Kandy,Pathahewaheta,2022-01-03T00:00:00,Thalathuoya East,961,"තැපැල් කාර්යාලය, තලාතුඔය",,,2022-01-26T00:00:00,2021-11-30T00:00:00,,,,,,7.2528316,80.690111
Slope Failure,SF,NBRO/LRRMD-KND/KDN/PATHAH/LI/22/0078,KDN220096,Kandy,Pathahewaheta,2022-01-03T00:00:00,Uduwela Pallegama East,949,"නො. 288/4, කැකිරිවෙල, වැල්දඹල, ඇතුල්ගම","නො. 288/4, කැකිරිවෙල, වැල්දඹල, ඇතුල්ගම",,2022-01-26T00:00:00,2021-11-30T00:00:00,,,,,,7.2500783,80.660275
Slope Failure,SF,NBRO/LRRMD-KND/KDN/AKURAN/LI/22/0081,KDN220099,Kandy,Akurana,2022-01-03T00:00:00,Udaweliketiya,561,"33/2/1,බුළුගොහොතැන්න,උඩවැලිකැටිය,","33/2/1,බුළුගොහොතැන්න,උඩවැලිකැටිය,",,2022-04-18T00:00:00,2021-11-09T00:00:00,,,,,,7.362762,80.6147258
Slope Failure,SF,NBRO/LRRMD-KND/KDN/PATHAH/LI/22/0117,KDN220147,Kandy,Pathahewaheta,2022-01-03T00:00:00,Uduwela Pallegama South,948,"නො. 410/2, වැල්දඹ, ඇතුල්ගම","නො. 410/2, වැල්දඹ, ඇතුල්ගම",,2022-03-02T00:00:00,,,,,,,7.247696,80.6602683
Slope Failure,SF,NBRO/LRRMD-KND/KDN/UDAPAL/LI/22/0121,KDN220157,Kandy,Udapalatha,2022-01-03T00:00:00,Galgediyawa,1124,"අංක 07, ගල්ගෙඩියාව, ගම්පොළ","අංක 07, ගල්ගෙඩියාව, ගම්පොළ",පේරාදෙණිය් සිට නුවරඑළිය මාර්ගයේ ගල්ගෙඩියාව පාලම අසලින් දකුණට ඇති අතුරු මාර්ගයෙන් මීටර් 10ක් පම,2021-09-14T00:00:00,2021-08-12T00:00:00,,අධික වර්ෂාපතනය,,,,7.182137,80.582533
Slope Failure,SF,NBRO/LRRMD-KND/KDN/UDUNUW/LI/22/0126,KDN220162,Kandy,Udunuwara,2022-01-20T00:00:00,Weligalla,41,"නො. 118ඒ/1, කටුකිතුල්හේන, වැලිගල්ල","නො. 118ඒ/1, කටුකිතුල්හේන, වැලිගල්ල",,2022-03-15T00:00:00,2021-09-15T00:00:00,,අධික වර්ෂාපතනය,,,,7.11477,80.5851
Slope Failure,SF,NBRO/LRRMD-KND/KDN/KNDFG/LI/22/0129,KDN220165,Kandy,Kandy Four Gravets & Gangawata Korale,2022-01-03T00:00:00,Boowelikada,220,"මහාධිකරණ විනිසුරු නිල නිවස, ලූවි පීරිස් මාවත, මහනුවර",,,2021-12-30T00:00:00,,,,,,,7.289016,80.64681
Slope Failure,SF,NBRO/LRRMD-KND/KDN/UDAPAL/LI/22/0137,KDN220173,Kandy,Udapalatha,2022-01-03T00:00:00,Unambuwa,1121,"අංක 26/2, උනම්බුව, ගම්පොල","අංක 26/2, උනම්බුව, ගම්පොල",පේරාදෙණිය සිට ගම්පොල දෙසට ගමන් කොට කහටපිටිය නගරයෙන් දකුණට ඇති උනම්බුව නගරයෙන් දකුණට ඇති උනම්බු,2021-09-17T00:00:00,2021-08-12T00:00:00,,අධික වර්ෂාපතිනය හා අවිධිමත් භූමි පරිහරණය,,,,7.157028,80.568843
Slope Failure,SF,NBRO/LRRMD-KND/KDN/UDAPAL/LI/22/0138,KDN220174,Kandy,Udapalatha,2022-01-03T00:00:00,Unambuwa,1121,"අංක 39, උනම්බුව, උඩුවැරැල්ල, ගම්පොල","අංක 39, උනම්බුව, උඩුවැරැල්ල, ගම්පොල",පේරාදෙණිය-නුවරඑළිය මාර්ගයෙන් කහටපිටිය දක්වා ගමන් කොට උනම්බුව දෙසට ඇති අතුරු මාර්ගයේ ගමන් කොට අ,2021-09-13T00:00:00,2021-08-12T00:00:00,,අධික වර්ෂාව හා අවිධිමත් භූමි පරිහරණය,,,,7.177617,80.571643
Slope Failure,SF,NBRO/LRRMD-KND/KDN/PATHAH/LI/22/0152,KDN220189,Kandy,Pathahewaheta,2022-01-03T00:00:00,Monarangala,952,"අංක 167/1 හා 129 c, පනන්වල පාර, මොරගොල්ල, තලාතුඔය.","අංක 167/1 හා 129 c, පනන්වල පාර, මොරගොල්ල, තලාතුඔය.",,2021-12-10T00:00:00,2021-11-04T00:00:00,,,,,,7.230525,80.681696
Slope Failure,SF,NBRO/LRRMD-KND/KDN/KNDFG/LI/22/0183,KDN220230,Kandy,Kandy Four Gravets & Gangawata Korale,2022-01-03T00:00:00,Thennakumbura,275,"2/2බී. පහළ තැන්නේකුඹුර, මහනුවර","2/2බී. පහළ තැන්නේකුඹුර, මහනුවර",,2022-02-15T00:00:00,,,,,,,7.28032405,80.66272703
Slope Failure,SF,NBRO/LRRMD-KND/KDN/KNDFG/LI/22/0184,KDN220231,Kandy,Kandy Four Gravets & Gangawata Korale,2022-01-03T00:00:00,Thalwatta,221,"30/15, හේවාහැට පාර, තල්වත්ත, මහනුවර",බ්ලු ස්ටාර් වලව්වත්ත හරහා දිවෙන මාර්ගය,,2022-02-15T00:00:00,,,,,,,7.2937038,80.65147301
Slope Failure,SF,NBRO/LRRMD-KND/KDN/UDAPAL/LI/22/0187,KDN220234,Kandy,Udapalatha,2022-01-03T00:00:00,Sinhapitiya North,1127,"691, ඉහල සිංහපිටිය, ගම්පල","691, ඉහල සිංහපිටිය, ගම්පල",,2021-09-14T00:00:00,2021-08-12T00:00:00,,අධික වර්ෂාපතනය හා අවිධිමත් භූමි පරිහරණය,,,,7.171349,80.55043
Slope Failure,SF,NBRO/LRRMD-KND/KDN/KNDFG/LI/22/0189,KDN220236,Kandy,Kandy Four Gravets & Gangawata Korale,2022-01-03T00:00:00,Thalwatta,221,"11, බෝධියන්ගන මාවත, බූවැලිකඩ","11, බෝධියන්ගන මාවත, බූවැලිකඩ",,2022-02-08T00:00:00,2021-11-10T00:00:00,,,,,,7.292768,80.649469
Slope Failure,SF,NBRO/LRRMD-KND/KDN/PATHAH/LI/22/0218,KDN220285,Kandy,Pathahewaheta,2022-01-31T00:00:00,Thalathuoya West,960,"5/2,නුවර පාර, තලාතුඔය","5/2,නුවර පාර, තලාතුඔය",,2021-11-28T00:00:00,2021-11-27T00:00:00,,,,,,7.255754,80.688313
Slope Failure,SF,NBRO/LRRMD-KND/KDN/KNDFG/LI/22/0222,KDN220294,Kandy,Kandy Four Gravets & Gangawata Korale,2022-01-03T00:00:00,Heeressagala,242,"71/37, හීරැස්සගල දෙවන පටුමග, මහනුවර","71/37, හීරැස්සගල දෙවන පටුමග, මහනුවර",,2021-11-23T00:00:00,2021-12-26T00:00:00,,,,,,7.276043,80.6215083
Slope Failure,SF,NBRO/LRRMD-KND/KDN/UDUNUW/LI/22/0250,KDN220349,Kandy,Udunuwara,2022-01-03T00:00:00,Hendeniya West,9,"හේන්දෙණිය  මුස්ලීම් විද්‍යාලය, හේන්දේණිය, පේරාදෙණිය","හේන්දෙණිය  මුස්ලීම් විද්‍යාලය, හේන්දේණිය, පේරාදෙණිය",,2021-11-17T00:00:00,2021-10-27T00:00:00,,අධික වර්ෂාපතනය,,,,7.253563,80.5854449
Slope Failure,SF,NBRO/LRRMD-KND/KDN/UDUNUW/LI/22/0252,KDN220351,Kandy,Udunuwara,2022-01-03T00:00:00,Karamada North,24,"266/1, කරමඩ, වැලිමඩ","266/1, කරමඩ, වැලිමඩ",,2021-11-16T00:00:00,,,,,,,7.224407,80.598072
Slope Failure,SF,NBRO/LRRMD-KND/KDN/KNDFG/LI/22/0255,KDN220354,Kandy,Kandy Four Gravets & Gangawata Korale,2022-01-03T00:00:00,Thennakumbura,275,"අංක 533, ඉහළ තැන්නේකුඹුර","අංක 533, ඉහළ තැන්නේකුඹුර",,2021-11-23T00:00:00,,,,,,,7.279015,80.663063
Slope Failure,SF,NBRO/LRRMD-KND/KDN/HARISP/LI/22/0262,KDN220361,Kandy,Harispattuwa,2022-01-03T00:00:00,Bothota,483,"අංක 97, බෝතොට, මැදවල","අංක 97, බෝතොට, මැදවල",,2021-12-14T00:00:00,2021-11-02T00:00:00,,,,,,7.357098,80.585546
Slope Failure,SF,NBRO/LRRMD-KND/KDN/UDADUM/LI/22/0264,KDN220363,Kandy,Udadumbara,2022-01-03T00:00:00,Rambukwella West,849,"212, රඹුක්වැල්ල බටහිර, හුන්නස්ගිරිය","212, රඹුක්වැල්ල බටහිර, හුන්නස්ගිරිය",,2022-01-12T00:00:00,,,,,,,7.29319,80.77166
Slope Failure,SF,NBRO/LRRMD-KND/KDN/UDADUM/LI/22/0265,KDN220364,Kandy,Udadumbara,2022-01-03T00:00:00,Halyala,845,"60/2, හාල්යාල, උඩදුම්බර","60/2, හාල්යාල, උඩදුම්බර",,2022-01-12T00:00:00,,,අවිධිමත් භූමි පරිහරණය,,,,7.312512,80.873901
Slope Failure,SF,NBRO/LRRMD-KND/KDN/PATHAH/LI/22/0275,KDN220374,Kandy,Pathahewaheta,2022-01-03T00:00:00,Thalathuoya West,960,"127, දැල්පිටිය, කුවර පාර, තලාතුඔය","127, දැල්පිටිය, කුවර පාර, තලාතුඔය",,2021-11-27T00:00:00,2021-11-27T00:00:00,,අධික වර්ෂාව හා අවිධිමත් භූමි පරිහරණය,,,,7.256753,80.687339
Slope Failure,SF,NBRO/LRRMD-KND/KDN/KNDFG/LI/22/0276,KDN220375,Kandy,Kandy Four Gravets & Gangawata Korale,2022-01-03T00:00:00,Bahirawa Kanda,236,"අංක 83-සී, දොඩම්වල පටුමග, අස්ගිරිය","අංක 83-සී, දොඩම්වල පටුමග, අස්ගිරිය",,2021-11-17T00:00:00,2021-11-08T00:00:00,,,,,,7.299645,80.625963
Slope Failure,SF,NBRO/LRRMD-KND/KDN/KNDFG/LI/22/0278,KDN220377,Kandy,Kandy Four Gravets & Gangawata Korale,2022-01-03T00:00:00,Heeressagala,242,"71/110,71/112,71/115,71/117,71/120,71/120 ඒ, 71/4 හීරැස්සගල දෙවන පටුමග, මහනුවර","71/110,71/112,71/115,71/117,71/120,71/120 ඒ, 71/4 හීරැස්සගල දෙවන පටුමග, මහනුවර",,2021-11-23T00:00:00,,,,,,,7.229065,80.6119816
Slope Failure,SF,NBRO/LRRMD-KND/KDN/KNDFG/LI/22/0462,KDN220695,Kandy,Kandy Four Gravets & Gangawata Korale,2022-09-15T00:00:00,Ogastawatta,246,"ඔගස්ටාවත්ත /  අංක 174, සිරිමල්උයන, ඔගස්ටාවත්ත","අංක 174, සිරිමල්උයන, ඔගස්ටාවත්ත",,2022-09-06T00:00:00,2022-12-13T00:00:00,,අධික වර්ෂාපතනය හා කණ්ඩිය ආශ්‍රිතව පෘෂ්ඨිය ජලවහනය අක්‍රමවත් වීම,,,,7.263068,80.6083
Slope Failure,SF,NBRO/LRRMD-KND/KDN/KNDFG/LI/22/0467,KDN220714,Kandy,Kandy Four Gravets & Gangawata Korale,2022-11-08T00:00:00,Welata,260,"ශ්‍රී පුෂ්පාරාමය,පේරාදෙණිය පාර, මුල්ගම්පල","ශ්‍රී පුෂ්පාරාමය,පේරාදෙණිය පාර, මුල්ගම්පල",,2022-11-09T00:00:00,2022-11-09T00:00:00,,අධික වර්ෂාපතනය,,,,7.279474,80.617368
Slope Failure,SF,NBRO/LRRMD-KND/KDN/MEDADU/LI/22/0485,KDN220758,Kandy,Medadumbara,2022-12-21T00:00:00,Putuhapuwa,755,"අංක 85/3, සිරිදිගන පාර, පුටුහපුව","අංක 85/3, සිරිදිගන පාර, පුටුහපුව",මහනුවර සිට කරල්ලියද්ද දක්වා ගමන් කොට කරල්ලියද්ද නගරයෙන් වමට ඇති පුටුහපුව මාර්ගයේ පුටුහපුව දක්,2022-12-21T00:00:00,2022-12-21T00:00:00,,,,,,7.336049,80.754315
Slope Failure,SF,NBRO/LRRMD-KND/KDN/YATINU/LI/22/0487,KDN220765,Kandy,Yatinuwara,2022-12-19T00:00:00,Embilmeegama North,166,"රන්දිපොල වත්ත,නෙරතල්දෙනිය පාර, පිළිමතලාව","287, රන්දිපොල වත්ත,නෙරතල්දෙනිය පාර, පිළිමතලාව",,2022-12-29T00:00:00,2022-12-25T00:00:00,,අධික වර්ෂාපතනය,,,,7.269581,80.5602048
Slope Failure,SF,NBRO/LRRMD-KND/KDN/UDUNUW/LI/23/0705,KDN230010,Kandy,Udunuwara,2021-11-10T00:00:00,Panabokka,124,"දිහිටියාවල, වට්ටප්පොල","දිහිටියාවල, වට්ටප්පොල",පිළිමතලාව සිට පරනපට්ටිය මාර්ගයේ වට්ටපොල හන්දිය දක්වා ගමන් කොට මාර්ගයේ වම්පසට ඇති වතුපොල මාර්ග,2021-11-03T00:00:00,2021-11-01T00:00:00,,"අධික වර්ෂාපතනය, අධික බෑවුම",,,,7.225184,80.546128
Slope Failure,SF,NBRO/LRRMD-KND/KDN/UDADUM/LI/24/0007,KDN240043,Kandy,Udadumbara,2024-01-05T00:00:00,Kirigankumbura,877,"140 / 3 / 2, කිරිගංකුඹුර, උඩුදුම්බර","140 / 3 / 2, කිරිගංකුඹුර, උඩුදුම්බර",උඩදුම්බර සිට කිරගංකුඹුර මාර්ගය ඔස්සේ ගමන් කිරීමෙන් අදාළ ස්ථානයට ලඟාවිය හැක,2024-01-05T00:00:00,2024-01-05T00:00:00,,අධික තීව්‍රතාවයෙන් යුතු වර්ෂාව,,,,7.323101,80.877851
Slope Failure,SF,NBRO/LRRMD-KND/KDN/PANVIL/LI/24/0152,KDN240574,Kandy,Panvila,2024-04-22T00:00:00,Hathale,732,"හාතලේ කඩේ , හාතලේ,පන්විල","හාතලේ කඩේ , හාතලේ, පන්විල",: මහනුවර නගරයේ සිට පන්විල මාර්ගය ඔස්සේ පන්විල නගරයට ගමන් කොට පන්විල නගරයේ සිට හාතලේ දක්වා දෙසට ග,2023-11-20T00:00:00,,,,,,,7.37486,80.72497
Slope Failure,SF,NBRO/LRRMD-KND/KDN/PANVIL/LI/24/0153,KDN240576,Kandy,Panvila,2024-01-24T00:00:00,Hathale,732,"හාතලේ කඩේ , හාතලේ,පන්විල","හාතලේ කඩේ , හාතලේ,පන්විල",මහනුවර නගරයේ සිට පන්විල මාර්ගය ඔස්සේ පන්විල නගරයට ගමන් කොට පන්විල නගරයේ සිට හාතලේ දක්වා දෙසට ගම,2023-11-20T00:00:00,2023-12-31T00:00:00,,ස්වභාවික නිම්න මාර්ගය අවහිර වී තිබීම,,,,7.37486,80.72497
Slope Failure,SF,NBRO/LRRMD-KND/KDN/KNDFG/LI/24/0216,KDN240824,Kandy,Kandy Four Gravets & Gangawata Korale,2024-06-25T00:00:00,Poorna Watta West,240,"කලිමගල් විද්‍යාලය, මහනුවර","කලිමගල් විද්‍යාලය, මහනුවර",මහනුවර නගරයේ සිට අස්ගිරිය මාර්ගයේ කටුගස්තොට දක්වා කි.මී. 1.5 පමණ ගමන් කිරීමේදී මාර්ගයට වම් පසින් අ,2024-06-28T00:00:00,2023-10-16T00:00:00,,අධික වර්ෂාපතනය හා අවිධිමත් භූමි නව්‍යකරණය,,,,7.302264,80.634668
Slope Failure,SF,NBRO/LRRMD-KND/KDN/UDADUM/LI/24/0254,KDN241006,Kandy,Udadumbara,2024-07-30T00:00:00,Pallekanda,892,පල්ලේකන්ද,"99/සී,පල්ලේකන්ද, කහටලියද්ද",: මහනුවර සිට මහියංගනය මාර්ගයේ ගොස් උඩදුම්බර නගරයෙන් වමට හැරී කළුගල මාර්ගයේ ගමන් කිරීමෙන් පල්ලේ,2024-07-30T00:00:00,,,අධික වර්ෂාපතනය,,,,7.35054,80.8654
Slope Failure,SF,NBRO/LRRMD-KND/KDN/THUMPA/LI/24/0346,KDN241440,Kandy,Thumpane,2024-12-10T00:00:00,Delgasyaya,307,"දෙල්ගස්යාය, ගලගෙදර","140/3, දෙල්ගස්යාය, ගලගෙදර",මහනුවර නගරයේ සිට කටුගස්තොට හරහා කුරුණෑගල- පුත්තලම මාර්ගයේ කිලෝමීටර් 25 ක් පමණ ගමන් කලවිට හමුවන ම,0001-01-01T00:00:00,2024-12-11T00:00:00,,අධික තීව්‍රතාවයෙන් යුතු වර්ෂාව,,,,7.38091,80.53231
Slope Failure,SF,NBRO/LRRMD-KND/KDN/MEDADU/LI/24/0352,KDN241448,Kandy,Medadumbara,2024-11-20T00:00:00,Wathuliyadda,813,"අංක 10/4, ගල්ලැහැවත්ත, වතුලියද්ද","අංක 10/4, ගල්ලැහැවත්ත, වතුලියද්ද",මහනුවර - පදියතලාව A26 මාර්ගයේ මැදමහනුවර නගරය පසු කළ විට හමු වන පළමුවන වංගුවෙන් දකුණට හැරී බෝමුරේ ම,2024-11-20T00:00:00,2024-11-20T00:00:00,,,,,,7.27979,80.81976
Slope Failure,SF,NBRO/LRRMD-KND/KDN/THUMPA/LI/24/0353,KDN241449,Kandy,Thumpane,2024-12-09T00:00:00,Bonakot,304,"බොනකොට්, ගලගෙදර","331/3, බොනකොට්, ගලගෙදර",මහනුවර නගරයේ සිට කටුගස්තොට හරහා කටුගස්තොට - කුරුණෑගල ප්‍රධාන මාර්ගයේ කිලෝමීටර් 16 ක් පමණ ගමන් කළ,2024-12-11T00:00:00,2024-11-27T00:00:00,,අධික තීව්‍රතාවයෙන් යුතු වර්ෂාව,,,,7.382829,80.519357
Slope Failure,SF,NBRO/LRRMD-KND/KDN/PATHAD/LI/24/0379,KDN241522,Kandy,Pathadumbara,2024-12-10T00:00:00,Girakaduwa,631,"කුඩුගල, ගිරාකඩුව","කුඩුගල, ගිරාකඩුව",මහනුවර මාතලේ මාර්ගයේ කුඩුගල මංසන්ධියෙන් හැරී ගමන් කළ විට මෙම ස්ථානයට ළඟා විය හැක.,2024-12-17T00:00:00,2024-11-26T00:00:00,,අධික වර්ෂාපතනය සහ අවිධිමත් භූමි නව්‍යකරණය,,,,7.357907,80.618849
Slope Failure,SF,NBRO/LRRMD-KND/KDN/KNDFG/LI/25/0006,KDN250109,Kandy,Kandy Four Gravets & Gangawata Korale,2025-01-16T00:00:00,Boowelikada,220,යුධ හමුදා කඳවුරේ - සංඥා පුහුණු පාසැල බූවැලිකඩ,යුධ හමුදා කඳවුර - සංඥා පුහුණු පාසැල බූවැලිකඩ,,2025-01-28T00:00:00,2024-11-26T00:00:00,,2024/11 මාසයේ පැවති අධික වර්ෂාපතනය,,,,7.291324,80.65103
Slope Failure,SF,NBRO/LRRMD-KND/KDN/KNDFG/LI/25/0027,KDN250243,Kandy,Kandy Four Gravets & Gangawata Korale,2025-02-05T00:00:00,Aniwatta East,234,අනිවත්ත,"අංක 72, දමුනුපොල ගාර්ඩන්ස්, අනිවත්ත, මහනුවර",මහනුවර නගරයේ සිට අනිවත්ත බිංගෙය පසුකොට දමුනුපොළ මාවත වෙත පැමිණීමෙන් අදාල අස්ථාවරතාවය සිදු වූ ස,2025-02-05T00:00:00,,,අධික වර්ෂාපතනය,,,,7.29191,80.62761
Slope Failure,SF,NBRO/LRRMD-KND/KDN/KUNDAS/LI/25/0033,KDN250290,Kandy,Kundasale,2025-03-12T00:00:00,Wavinna,671,"අංක 14/1, වලල පාර, වාවින්න, වත්තේගම","අංක 14/1, වලල පාර, වාවින්න, වත්තේගම",මහනුවර සිට කටුගස්තොට හරහා කටුගස්තොට - මඩවල - බඹරැල්ල මාර්ගයේ කිලෝමීටර් 08 ක් පමණ ගමන් කල විට හමුවන,2025-01-29T00:00:00,2024-11-28T00:00:00,,අධික වර්ෂාපතනය සහ අවිධිමත් භූමි නව්‍යකරණය,,,,7.332604,80.693836
Slope Failure,SF,NBRO/LRRMD-KND/KDN/THUMPA/LI/25/0044,KDN250389,Kandy,Thumpane,2025-01-08T00:00:00,Damunugasthenna,306,"නො.60, ග්‍රීන්වුඩ් වත්ත, ගලගෙදර","නො.60, ග්‍රීන්වුඩ් වත්ත, ගලගෙදර",මහනුවර සිට කටුගස්තොට හරහා කුරුණෑගල මාර්ගයා කිලෝමීටර් 18 ක් පමණ ගමන් කරන විට හමුවන “බෝයගොඩ ස්ටෝර්,2024-12-11T00:00:00,2024-12-04T00:00:00,,,,,,7.402781,80.520349
Slope Failure,SF,NBRO/LRRMD-KND/KDN/KNDFG/LI/25/0047,KDN250401,Kandy,Kandy Four Gravets & Gangawata Korale,2025-03-28T00:00:00,Mapanawathura,237,"අත්තනායක වලව්ව, අංක 10, පුර්ණවත්ත, මහයියාව","අත්තනායක වලව්ව, අංක 10, පුර්ණවත්ත, මහයියාව",මහනුවර - කටුගස්තොට මාර්ගය- මහයියාව- පුර්ණවත්ත,2025-01-08T00:00:00,2024-07-16T00:00:00,,අධික වර්ෂාපතනය හා අවිධිමත් භූමි නව්‍යකරණය,,,,7.308533,80.631983
Slope Failure,SF,NBRO/LRRMD-KND/KDN/AKURAN/LI/25/0050,KDN250404,Kandy,Akurana,2025-03-24T00:00:00,Mawathupola,580,"නො.12/1/A, මාවතුපොල, අලවතුගොඩ","නො.12/1/A, මාවතුපොල, අලවතුගොඩ",මහනුවර සිට කටුගස්තොට හරහා කුරුණෑගල මාර්ගයා කිලෝමීටර් 18 ක් පමණ ගමන් කරන විට හමුවන “බෝයගොඩ ස්ටෝර්,2025-03-24T00:00:00,2024-12-24T00:00:00,,අධික වර්ෂාපතනය හා අවිධිමත් භූමි නව්‍යකරණය,,,,7.398954,80.624947
Slope Failure,SF,NBRO/LRRMD-KND/KDN/GANGIK/LI/25/0114,KDN250711,Kandy,Ganga Ihala Korale,2025-02-03T00:00:00,Miyanagolla,1050,"107/1,එගොඩවත්ත, මියනගොල්ල, දොළොස්බාගේ","107/1,එගොඩවත්ත, මියනගොල්ල, දොළොස්බාගේ",මහනුවර නගරයේ සිට පේරාදෙණිය හරහා ගම්පොල නගරයට ගමන් කර ගම්පොල - ක්‍රැයිහෙඩ් මාර්ගයේ කිලෝමීටර් 09 ක,2025-05-22T00:00:00,,,අධික වර්ෂාපතනය සහ අවිධිමත් භූමි නව්‍යකරණය,,,,7.090104,80.472658
Slope Failure,SF,NBRO/LRRMD-KND/KDN/DELTHO/LI/25/0123,KDN250768,Kandy,Delthota,2025-01-30T00:00:00,Kolambissa West,1030,"අංක 335/බී, කොළඹිස්ස බටහිර, කොළඹිස්ස","අංක 03 පේළි නිවාස, මාවීකුඹුර",කඩුගන්නාව ගම්පොල මාර්ගයේ කි.මි. 7ක් පමණ ගමන් කිරීමේදී මාර්ගයේ දකුණු පසට පිහිටා ඇති මාවීකුඹුර මාර,2025-06-28T00:00:00,,,අධික වර්ෂාපතනය,,,,7.294919,80.572745
Slope Failure,SF,NBRO/LRRMD-KND/KDN/THUMPA/LI/25/0126,KDN250778,Kandy,Thumpane,2025-06-11T00:00:00,Palukopi Watta,308,රණසිංහ දේවලෑ ගෙදර සුගත්සිරි යන අයට අයත් ගොඩනැගිල්ල ගිලා බැසීම සම්බන්ධයෙනි,"10 කණුව, පාළු කෝපිවත්ත",මහනුවර - අලදෙණිය- ගලගෙදර මාර්ගය- ගොඩනැගිල්ලට හානිවීම සිදු වූ ස්ථානය,2025-05-20T00:00:00,2024-12-24T00:00:00,,අවිධිමත් භූමි නව්‍යකරණය,,,,7.366634,80.530696
Slope Failure,SF,NBRO/LRRMD-KND/KDN/UDUNUW/LI/25/0151,KDN250910,Kandy,Udunuwara,2025-06-23T00:00:00,Maveekumbura North,103,"අංක 03 පේළි නිවාස, මාවීකුඹුර උතුර","අංක 03 පේළි නිවාස, මාවීකුඹුර උතුර",කඩුගන්නාව ගම්පොල මාර්ගයේ කි.මි. 7ක් පමණ ගමන් කිරීමේදී මාර්ගයේ දකුණු පසට පිහිටා ඇති මාවීකුඹුර මාර,2025-06-28T00:00:00,,,අධික වර්ෂාපතනය,,,,7.294919,80.572745
Slope Failure,SF,NBRO/LRRMD-KND/KDN/MEDADU/LI/25/0160,KDN250953,Kandy,Medadumbara,2025-06-18T00:00:00,Metideniya,803,"වෛතලාව වතු යායේ,දෙල්පාන්ඔය කොටසේ පේලි නිවාස අංක 03","වෛතලාව වතු යායේ,දෙල්පාන්ඔය කොටසේ පේලි නිවාස අංක 03",,2025-07-14T00:00:00,,,,,,,7.31596,80.83155
Slope Failure,SF,NBRO/LRRMD-KND/KDN/MEDADU/LI/25/0161,KDN250954,Kandy,Medadumbara,2025-06-24T00:00:00,Metideniya,803,"වෛතලාව වතු යායේ, දෙල්පාන්ඔය කොටසේ පේලි නිවාස අංක 05","වෛතලාව වතු යායේ, දෙල්පාන්ඔය කොටසේ පේලි නිවාස අංක 05",,2025-07-14T00:00:00,,,,,,,7.31721,80.83068
Slope Failure,SF,NBRO/LRRMD-KND/KDN/MEDADU/LI/25/0162,KDN250955,Kandy,Medadumbara,2025-06-26T00:00:00,Metideniya,803,"වෛතලාව වතු යායේ, දෙල්පාන්ඔය කොටසේ පේලි නිවාස අංක 05","වෛතලාව වතු යායේ, දෙල්පාන්ඔය කොටසේ පේලි නිවාස අංක 05",,2025-07-14T00:00:00,,,,,,,7.31606,80.83077
Slope Failure,SF,NBRO/LRRMD-KND/KDN/MEDADU/LI/25/0163,KDN250956,Kandy,Medadumbara,2025-06-26T00:00:00,Metideniya,803,"වෛතලාව වතු යායේ, අගුරුවැල්ල කොටසේ පේලි නිවාස අංක 1,2,3 සහ 4","වෛතලාව වතු යායේ, අගුරුවැල්ල කොටසේ පේලි නිවාස අංක 1,2,3 සහ 4",,2025-07-14T00:00:00,,,,,,,7.3291,80.83068
Slope Failure,SF,NBRO/LRRMD-KND/KDN/YATINU/LI/25/0184,KDN251075,Kandy,Yatinuwara,2025-01-07T00:00:00,Pilimathalawa,172,"ග්‍රාම සංවර්ධන අභ්‍යාස හා පර්යේෂණ ආයතනය, පිළිමතලාව","ග්‍රාම සංවර්ධන අභ්‍යාස හා පර්යේෂණ ආයතනය, පිළිමතලාව",පිළිමතලාව දන්තුරේ මාර්ගයෙන් මීටර් 50ක් පමණ පැමිණීමේදී වම් පසට හමුවන මාර්ගය ඔස්සේ මාර්ගය අවසන් ව,2025-06-28T00:00:00,,,අධික වර්ෂාපතනය,,,,7.264439,80.545671
Slope Failure,SF,NBRO/LRRMD-KND/KDN/HATHRL/LI/25/0209,KDN251196,Kandy,Hatharaliyadda,2025-06-23T00:00:00,Aluthgama Ihala,394,"අංක 47/ඩී, අලුත්ගම ඉහළ, ඉහළ කොබ්බෑකඩුව","අංක 47/ඩී, අලුත්ගම ඉහළ, ඉහළ කොබ්බෑකඩුව",මහනුවර නගරයේ සිට මුරුතලාව හරහා අලදෙණිය - ඊරියගම මාර්ගයේ ගමන් කරන විට මාර්ගයේ වම් පසින් හමුවන අගු,2025-07-24T00:00:00,2024-11-20T00:00:00,,,,,,7.306237,80.53921
Slope Failure,SF,NBRO/LRRMD-KND/KDN/UDUNUW/LI/25/0228,KDN251253,Kandy,Udunuwara,2025-04-01T00:00:00,Piligalla East,22,,"අංක16/1/ඒ, පිලිගල්ල, හන්දෙස්ස",,2025-04-28T00:00:00,,,අධික වර්ෂාපතනය,,,,7.3108815,80.7684085
Slope Failure,SF,NBRO/LRRMD-KND/KDN/KNDFG/LI/25/0229,KDN251259,Kandy,Kandy Four Gravets & Gangawata Korale,2025-02-07T00:00:00,Uda Bowala,244,දංගොල්ල,"අංක 45/9, වටරවුම් පාර, දංගොල්ල",දංගොල්ල හන්දියෙන් දංගොල්ල මාර්ගයේ ගමන් කළ විට මෙම ස්ථානයට ළඟා විය හැක,2025-07-07T00:00:00,,,අධික වර්ෂාපතනය,,,,7.252511,80.611626
Slope Failure,SF,NBRO/LRRMD-KND/KDN/POOJAP/LI/25/0243,KDN251354,Kandy,Poojapitiya,2025-01-06T00:00:00,Alawatta,538,"අංක 352/2ඒ, අලවත්ත, ගල්හින්න","අංක 352/2ඒ, අලවත්ත, ගල්හින්න",,2024-12-02T00:00:00,2024-11-26T00:00:00,,අධික තීව්‍රතාවයෙන් යුතු වර්ෂාව සහ අවිධිමත් භූමි නව්‍යකරණය,,,,7.428735,80.556132
Slope Failure,SF,NBRO/LRRMD-KND/KDN/GANGIK/LI/25/0247,KDN251363,Kandy,Ganga Ihala Korale,2025-01-23T00:00:00,Alugolla,1051,"සුහදගම, අළුගොල්ල, දොලොස්බාගේ","සුහදගම, අළුගොල්ල, දොලොස්බාගේ",මහනුවර නගරයේ සිට පේරාදෙණිය හරහා ගම්පොල නගරයට ගමන් කර ගම්පොල - ක්‍රැයිහෙඩ් මාර්ගයේ කිලෝමීටර් 09 ක,2025-05-07T00:00:00,2024-11-26T00:00:00,,අධික වර්ෂාපතනය සහ අවිධිමත් භූමි නව්‍යකරණය,,,,7.098689,80.498561
Slope Failure,SF,NBRO/LRRMD-KND/KDN/KNDFG/LI/25/0250,KDN251367,Kandy,Kandy Four Gravets & Gangawata Korale,2025-09-03T00:00:00,Hindagala,267,"අංක 17, මොන්ටිරෝස්, ගලහ පාර, හිඳගල",,,2025-09-18T00:00:00,2024-12-10T00:00:00,,,,,,7.241218,80.600529
Slope Failure,SF,NBRO/LRRMD-KEG/KEG/KEGALL/LI/12/0007,KEG120007,Kegalle,Kegalle,2012-11-14T00:00:00,Golahela,51E,"කෑගලු විද්‍යාලය, ෆ්‍රැන්සිස් මොලමුරේ ශාලාව","කෑගලු විද්‍යාලය, ෆ්‍රැන්සිස් මොලමුරේ ශාලාව",කෑගලු පාර ඔස්සේ කිලෝමීටර් 02 ක් පමණ ගිය විට අදාළ ස්ථානයට ළගා විය හැකි ය.,2012-11-06T00:00:00,2012-11-01T00:00:00,,ඉවුරු කඩා වැටීම.,,,,7.251636,80.349583
Slope Failure,SF,NBRO/LRRMD-KEG/KEG/KEGALL/LI/14/0004,KEG140004,Kegalle,Kegalle,2014-02-12T00:00:00,Wathura,54A,"බුදිගේහේන, වතුර.","බුදිගේහේන, වතුර.","බුදිගේහේන, වතුර.",2013-06-23T00:00:00,,,ඉවුරු අස්ථාවර,,,,7.17348,80.383766
Slope Failure,SF,NBRO/LRRMD-KEG/KEG/KEGALL/LI/14/0007,KEG140007,Kegalle,Kegalle,2014-02-05T00:00:00,Bulugahadeniya,55A,බුළුගහදෙණිය,බුළුගහදෙණිය,කෑගල්ල - බුලත්කොහුපිටිය මාර්ගයේ කිලෝමීටර් 03 ක් පමණ ගමන් කළ විට හමුවන පරගම්මන හන්දියෙන් අටුගොඩ ම,2013-09-13T00:00:00,,,ඉවුර කඩා වැටීම,,,,7.204732,80.344989
Slope Failure,SF,NBRO/LRRMD-KEG/KEG/DEHIOV/LI/16/0370,KEG160448,Kegalle,Dehiovita,2016-05-30T00:00:00,Kahanavita,115A,මාහින්කන්ද,මාහින්කන්ද,මාහින්කන්ද,2016-06-06T00:00:00,2016-05-17T00:00:00,,ඉවුරු කඩා වැටීම,,,,6.969106,80.279561
Slope Failure,SF,NBRO/LRRMD-KEG/KEG/DEHIOV/LI/16/0374,KEG160456,Kegalle,Dehiovita,2016-05-30T00:00:00,Kahanavita,115A,මෝදර,මෝදර,මෝදර,2016-06-16T00:00:00,2016-05-17T00:00:00,,ඉවුරු ඛාදනය,,,,6.968363,80.285083
Slope Failure,SF,NBRO/LRRMD-KEG/KEG/DEHIOV/LI/16/0384,KEG160467,Kegalle,Dehiovita,2016-05-30T00:00:00,Dehiovita,119B,දෙහිඕවිට දෙමළ මහා විද්‍යාලය,දෙහිඕවිට දෙමළ මහා විද්‍යාලය,දෙහිඕවිට දෙමළ මහා විද්‍යාලය,2016-06-16T00:00:00,2016-05-17T00:00:00,,බෑවුම් අස්ථාවර වීම,,,,7.191167,80.343067
Slope Failure,SF,NBRO/LRRMD-KEG/KEG/DEHIOV/LI/16/0395,KEG160478,Kegalle,Dehiovita,2016-05-30T00:00:00,Maniyangama,124,"ඇත්පන්තිය පාර, ගල්පීල්ලවත්ත, මානියන්ගම","ඇත්පන්තිය පාර, ගල්පීල්ලවත්ත, මානියන්ගම","ඇත්පන්තිය පාර, ගල්පීල්ලවත්ත, මානියන්ගම",2016-06-16T00:00:00,2016-05-17T00:00:00,,බෑවුම් අස්ථාවර වීම,,,,6.945967,80.229344
Slope Failure,SF,NBRO/LRRMD-KEG/KEG/KEGALL/LI/17/0004,KEG170012,Kegalle,Kegalle,2017-04-20T00:00:00,Kegalle Town,51B,"කේ.සමන්ති පෙරේරා, දෙවැනි පටුමග, තටාක පාර, කෑගල්ල.","කේ.සමන්ති පෙරේරා, දෙවැනි පටුමග, තටාක පාර, කෑගල්ල.",කෑගල්ල නගරයේ තටාක පාරෙහි කිලෝමීටර් 1/4 ක් පමණ ගමන් කර දෙවැනි පටු මග මාර්ගයේ මීටර් 300 ක් පමණ ගමන් කළ ව,2017-04-06T00:00:00,,,,,,,7.257754,80.342724
Slope Failure,SF,NBRO/LRRMD-KEG/KEG/KEGALL/LI/18/0026,KEG180037,Kegalle,Kegalle,0001-01-01T00:00:00,Nilapalagammana,48C,හෙට්ටිමුල්ල - ගැවිලිපිටිය මාර්ගය,හෙට්ටිමුල්ල - ගැවිලිපිටිය මාර්ගය,කෑගල්ල නගරයේ සිට කෑගල්ල - බුලත්කොහුපිටිය - කරවනැල්ල මාර්ගයේ කිලෝමීටර් 6ක් පමණ ගියපසු හෙට්ටිමුල්,2018-11-10T00:00:00,2018-10-18T00:00:00,,හෙට්ටිමුල්ල - ගැවිලිපිටිය මාර්ගයේ (B136) CH7+900 - CH7+927 (RHS) හි සිදුවී ඇති ඉවුරු කඩා වැටීම,,,,7.174826,80.397031
Slope Failure,SF,NBRO/LRRMD-KEG/KEG/KEGALL/LI/18/0041,KEG180069,Kegalle,Kegalle,2018-08-20T00:00:00,Hapuvita Pallegama,54B,"හපුවිට පල්ලේගම, මොරොන්තොට.","හපුවිට පල්ලේගම, මොරොන්තොට.",කෑගල්ල නගරයේ සිට කෑගල්ල-බුලත්කොහුපිටිය -කරවනැල්ල මාර්ගයේ කිලෝමීටර් 10 ක් පමණ ගිය පසු මොරොන්තොට හ,2018-06-27T00:00:00,2018-05-21T00:00:00,16:00,-,,,,7.178007,80.368567
Slope Failure,SF,NBRO/LRRMD-KEG/KEG/KEGALL/LI/18/0043,KEG180071,Kegalle,Kegalle,2018-04-19T00:00:00,Siyambalapitiya,51,"එච්/94/1, උඩම්භා සියඹලාපිටිය, කෑගල්ල.","එච්/94/1, උඩම්භා සියඹලාපිටිය, කෑගල්ල.","එච්/94/1, උඩම්භා සියඹලාපිටිය, කෑගල්ල.",2018-04-10T00:00:00,,,-,,,,7.2675755,80.3345112
Slope Failure,SF,NBRO/LRRMD-KEG/KEG/KEGALL/LI/18/0059,KEG180087,Kegalle,Kegalle,2018-09-03T00:00:00,Golahela,51E,කෑගල්ල මහ රෝහල (ශික්ෂණ),කෑගල්ල මහ රෝහල (ශික්ෂණ),කෑගල්ල නගරයේ කළුගල්ල මාවත මඟින් රෝහල් හන්දියට පිවිස එම හන්දියෙන් රෝහල් පරිශ්‍රයට පිවිසිය හැක.,2018-07-26T00:00:00,2018-07-26T00:00:00,,වාට්ටු අංක 16 (නව මානසික රෝග වාට්ටුව) ගොඩනැගිල්ල ආශ්‍රිතව පවතින බෑවුම් අස්ථාවර වීමේ අවදානම් තත්ව,,,,7.246557,80.344144
Slope Failure,SF,NBRO/LRRMD-KEG/KEG/KEGALL/LI/18/0066,KEG180094,Kegalle,Kegalle,2018-01-04T00:00:00,Meepitiya,51G,"අංක 675/28, මීපිටිය, කෑගල්ල.","අංක 675/28, මීපිටිය, කෑගල්ල.",කෑගල්ල නුවර මාර්ගයේ මීපිටියෙන් වමට දිවෙන රණවිරු සුජීව වෙල්ගම මාර්ගයේ මීටර් 200 ක් පමණ ගමන් කිරීම,2017-12-05T00:00:00,,,භූමියේ කොටසක් අස්ථාවර වීම.,,,,7.251349,80.361031
Slope Failure,SF,NBRO/LRRMD-KEG/KEG/DEHIOV/LI/18/0194,KEG180222,Kegalle,Dehiovita,2018-10-04T00:00:00,Uduvila,118C,"තල්දූව වත්ත, නව ජනපදය, වැලිපිටිය, අවිස්සාවේල්ල.","තල්දූව වත්ත, නව ජනපදය, වැලිපිටිය, අවිස්සාවේල්ල.",දෙහිඕවිට නගරයේ සිට කිලෝමීටර් 4ක් පමණ ගොස් දකුණට දිවෙන මාර්ගයේ කිලෝමීටර් 2ක් පමණ ගමන් කිරීමෙන් අද,2018-09-26T00:00:00,2018-09-01T00:00:00,,ඉවුරු කඩා වැටීම,,,,6.979067,80.217943
Slope Failure,SF,NBRO/LRRMD-KEG/KEG/KEGALL/LI/19/0062,KEG190075,Kegalle,Kegalle,2019-02-19T00:00:00,Ranwala,51A,"අංක 90/7, මොලමුරේ මාවත, මැදකුඹුර, කෑගල්ල.","අංක 90/7, මොලමුරේ මාවත, මැදකුඹුර, කෑගල්ල.",කෑගල්ල නගරයෙන් කෑගල්ල විකල්ප මාර්ගයට පිවිස එමඟින් මැදකුඹුර මාර්ගයටත් එම මාර්ගය මඟින් අදාළ ස්ථ,2018-06-08T00:00:00,2018-05-21T00:00:00,13:30,අවිධිමත් භූමි පරිහරණය,,,,7.245767,80.339894
Slope Failure,SF,NBRO/LRRMD-KEG/KEG/KEGALL/LI/19/0065,KEG190078,Kegalle,Kegalle,2019-05-29T00:00:00,Rotuwa,56,"රොටුව, මොරොන්තොට.","රොටුව, මොරොන්තොට.",කෑගල්ල නගරයේ සිට කෑගල්ල - බුලත්කොහුපිටිය - කරවනැල්ල (A21) මාර්ගයේ කිලෝමීටර් 12ක් පමණ ගියපසු රොටුව ප්,2019-03-29T00:00:00,,,-,,,,7.168962,80.370972
Slope Failure,SF,NBRO/LRRMD-KEG/KEG/BULATK/LI/19/0215,KEG190228,Kegalle,Bulathkohupitiya,2019-10-31T00:00:00,Kiriporuwa,107C,"කිරිපෝරුව වත්ත, ක්ෂේත්‍ර අංක 2018/9/70","කිරිපෝරුව වත්ත, ක්ෂේත්‍ර අංක 2018/9/70",කෑගල්ල නගරයේ සිට කෑගල්ල - බුලත්කොහුපිටිය - කරවනැල්ල මාර්ගයෙන් (A21) පන්නිලට පිවිස එතැන් සිට කිරිපෝ,2019-10-22T00:00:00,2019-10-21T00:00:00,15:00,අධික වර්ෂාපතනය,,,,7.064413,80.293908
Slope Failure,SF,NBRO/LRRMD-KEG/KEG/DEHIOV/LI/20/0081,KEG200091,Kegalle,Dehiovita,2020-11-26T00:00:00,Panawala,122,"කන්දඋඩ, පනාවල, ඇහැලියගොඩ","කන්දඋඩ, පනාවල, ඇහැලියගොඩ",,2020-11-26T00:00:00,2020-11-21T00:00:00,,,,,,6.875135,80.272598
Slope Failure,SF,NBRO/LRRMD-KEG/KEG/KEGALL/LI/20/0102,KEG200112,Kegalle,Kegalle,2020-12-25T00:00:00,Golahela,51E,"අංක 96/8, බෙලිගස් පාර, පිටිහුම, කෑගල්ල","අංක 96/8, බෙලිගස් පාර, පිටිහුම, කෑගල්ල",,2020-12-25T00:00:00,2020-12-23T00:00:00,,,,,,7.244633,80.3559437
Slope Failure,SF,NBRO/LRRMD-KEG/KEG/YATIYN/LI/20/0363,KEG200375,Kegalle,Yatiyanthota,2020-03-02T00:00:00,Garagoda Ihala,115D,"A/272/3, ඉහළ ගරාගොඩ, යටියන්තොට.","A/272/3, ඉහළ ගරාගොඩ, යටියන්තොට.",කෑගල්ලේ සිට යටියන්තොට නගරයට පිවිස යටියන්තොට නගරයෙන් ගරාගොඩ මාර්ගයේ කිලෝමීටර් 01 ක් පමණ ගොස් වමට,2019-04-18T00:00:00,2019-04-01T00:00:00,,අධික වර්ෂාව,,,,7.023627,80.2907408
Slope Failure,SF,NBRO/LRRMD-KEG/KEG/RUWANW/LI/20/0371,KEG200383,Kegalle,Ruwanwella,2020-08-28T00:00:00,Kannattota,109,"ඊ/51/01,කෙලින් විදිය, කන්නත්තොට.","ඊ/51/01,කෙලින් විදිය, කන්නත්තොට.",කෑගල්ල සිට කෑගල්ල අවිස්සාවේල්ල මාර්ගයේ කිලෝමීටර් 25 පැමිණ කන්තත්තොට 2/20 පාළම පසු කරන විට දකුණු පස,2020-07-31T00:00:00,2020-07-19T00:00:00,,අධික වර්ෂාපතනය,,,,7.0884451,80.27662
Slope Failure,SF,NBRO/LRRMD-KEG/KEG/WARAKA/LI/20/0379,KEG200391,Kegalle,Warakapola,2020-09-25T00:00:00,Thumbaliyadda,92C,"මායින්නෙලුව මහා විද්‍යාලය, මායින්නෙලුව.","මායින්නෙලුව මහා විද්‍යාලය, මායින්නෙලුව.",වරකාපොල සිට වරකාපොල - කරවනැල්ල මාර්ගයේ කිලෝමීටර් 2.5 ක් පමණ ගමන් ගත් විට හමුවන මායින්නොලුව හංදියෙ,2020-09-15T00:00:00,2020-09-01T00:00:00,,ඉවුරු ඛාදනය සිදු වීම.,,,,7.207791,80.212261
Slope Failure,SF,NBRO/LRRMD-KEG/KEG/KEGALL/LI/21/0017,KEG210017,Kegalle,Kegalle,2021-06-05T00:00:00,Deewela Medagama,16C,"දීවෙල,පල්ලේගම,කුරුකුලේ","දීවෙල,පල්ලේගම,කුරුකුලේ",,2021-06-05T00:00:00,2021-06-03T00:00:00,03:00,,-,-,-,7.227467,80.393189
Slope Failure,SF,NBRO/LRRMD-KEG/KEG/KEGALL/LI/21/0107,KEG210107,Kegalle,Kegalle,2021-06-04T00:00:00,Ganthuna Pallegama South,58A,"සක්කරාකන්ද, ගන්තුන","සක්කරාකන්ද, ගන්තුන",කෑගල්ල නගරයේ සිට කෑගල්ල බුලත්කොහුපිටිය කරවනැල්ල මාර්ගය ඔස්සේ කිලෝමීටර් 13.6 ක් පමණ ගමන් කල විට මා,2021-06-04T00:00:00,2021-05-27T00:00:00,20:00,,,,,7.1200227,80.4033276
Slope Failure,SF,NBRO/LRRMD-KEG/KEG/KEGALL/LI/21/0113,KEG210113,Kegalle,Kegalle,2021-01-20T00:00:00,Ganthuna Pallegama North,58B,"එපිටකන්ද, පල්ලේගම, ගන්තුන","එපිටකන්ද, පල්ලේගම, ගන්තුන",,2021-01-20T00:00:00,2021-05-27T00:00:00,20:00,අධික වර්ෂාපතනය,,,,7.133102,80.402746
Slope Failure,SF,NBRO/LRRMD-KEG/KEG/KEGALL/LI/21/0114,KEG210114,Kegalle,Kegalle,2021-11-17T00:00:00,Meepitiya,51G,"නිල්වක්ක, කෑගල්ල","නිල්වක්ක, කෑගල්ල",,2021-11-17T00:00:00,2021-11-09T00:00:00,,අධික වර්ෂාපතනය,,,,7.26377,80.364873
Slope Failure,SF,NBRO/LRRMD-KEG/KEG/RAMBUK/LI/21/0155,KEG210156,Kegalle,Rambukkana,2021-11-11T00:00:00,Deliwala,5,"දැලිවල මහා විද්‍යාලය, දැලිවල","දැලිවල මහා විද්‍යාලය, දැලිවල",,2022-02-01T00:00:00,2021-11-09T00:00:00,,අධික වර්ෂාපතනය,,,,7.3505064,80.3811929
Slope Failure,SF,NBRO/LRRMD-KEG/KEG/RAMBUK/LI/21/0175,KEG210176,Kegalle,Rambukkana,2021-11-03T00:00:00,Beligodapitiya,08E,"බෙලිගොඩපිටිය, රඹුක්කන","බෙලිගොඩපිටිය, රඹුක්කන",,2021-12-02T00:00:00,2022-11-03T00:00:00,,අධික වර්ෂාපතනය,,,,7.3154003,80.4043514
Slope Failure,SF,NBRO/LRRMD-KEG/KEG/RAMBUK/LI/21/0178,KEG210179,Kegalle,Rambukkana,2021-11-11T00:00:00,Naranbedda West,11C,"රැත්තහේන, නාරංබැද්ද, හිරිවඩුන්න","රැත්තහේන, නාරංබැද්ද, හිරිවඩුන්න",,2021-11-11T00:00:00,2021-11-09T00:00:00,,,,,,7.313739,80.35153
Slope Failure,SF,NBRO/LRRMD-KEG/KEG/RAMBUK/LI/21/0188,KEG210189,Kegalle,Rambukkana,2021-11-13T00:00:00,Parape South,03F,"උඩ හිඟුරුවගම, කොටවැල්ල","උඩ හිඟුරුවගම, කොටවැල්ල",,2021-11-13T00:00:00,2021-11-09T00:00:00,,අධික වර්ෂාපතනය,,,,7.36041,80.40105
Slope Failure,SF,NBRO/LRRMD-KEG/KEG/RAMBUK/LI/21/0189,KEG210190,Kegalle,Rambukkana,2021-12-01T00:00:00,Deegana Kanda,22D,"බී 20/36, කෙම්පිටිකන්ද, පත්තම්පිටිය","බී 20/36, කෙම්පිටිකන්ද, පත්තම්පිටිය",,2021-12-01T00:00:00,2021-11-09T00:00:00,,,,,,7.301251,80.435007
Slope Failure,SF,NBRO/LRRMD-KEG/KEG/RAMBUK/LI/21/0202,KEG210203,Kegalle,Rambukkana,2021-06-07T00:00:00,Molagoda,13B,"623, වලකඩයාව, මොළගොඩ, නුවර පාර, කෑගල්ල","623, වලකඩයාව, මොළගොඩ, නුවර පාර, කෑගල්ල",,2021-06-07T00:00:00,,,,,,,7.251738,80.416495
Slope Failure,SF,NBRO/LRRMD-KEG/KEG/MAWANE/LI/21/0236,KEG210240,Kegalle,Mawanella,2021-11-16T00:00:00,Uthuwankanda,19C,"බෝන්දිගලවත්ත, මාවනැල්ල","බෝන්දිගලවත්ත, මාවනැල්ල",,2021-11-16T00:00:00,2021-11-09T00:00:00,05:30,අධික වර්ෂාව,,,,7.256919,80.429459
Slope Failure,SF,NBRO/LRRMD-KEG/KEG/GALIGA/LI/21/0256,KEG210260,Kegalle,Galigamuwa,2021-11-10T00:00:00,Kandegedara,75,"කන්දෙගෙදර, දේවාලේගම","කන්දෙගෙදර, දේවාලේගම",,2021-11-10T00:00:00,2021-11-09T00:00:00,,අධික වර්ෂාව හා අක්‍රමවත් භූමි පරිහරණ රටාව,,,,7.2871916,80.335801
Slope Failure,SF,NBRO/LRRMD-KEG/KEG/GALIGA/LI/21/0275,KEG210280,Kegalle,Galigamuwa,2021-11-26T00:00:00,Jeewana,74A,"ඒ20/1, ජීවාන, දේවාලේගම","ඒ20/1, ජීවාන, දේවාලේගම",,2022-01-14T00:00:00,2021-11-09T00:00:00,,,,,,7.28404,80.31097
Slope Failure,SF,NBRO/LRRMD-KEG/KEG/GALIGA/LI/21/0277,KEG210282,Kegalle,Galigamuwa,2021-11-14T00:00:00,Edurapotha East,74B,"දිග්ගල් තාප්පය,  වලව්වත්ත (කී.මී. 8 කණුව - 9/2 බෝක්කුව අතර)","දිග්ගල් තාප්පය,  වලව්වත්ත (කී.මී. 8 කණුව - 9/2 බෝක්කුව අතර)",,2021-11-14T00:00:00,2021-11-09T00:00:00,,,,,,7.276883,80.327523
Slope Failure,SF,NBRO/LRRMD-KEG/KEG/GALIGA/LI/21/0279,KEG210284,Kegalle,Galigamuwa,2021-11-14T00:00:00,Edurapotha East,74B,"දිග්ගල් තාප්පය,  වලව්වත්ත (9/7- 9/4 බෝක්කු අතර)","දිග්ගල් තාප්පය,  වලව්වත්ත (9/7- 9/4 බෝක්කු අතර)",,2021-11-14T00:00:00,2021-11-09T00:00:00,,,,,,7.273592,80.328186
Slope Failure,SF,NBRO/LRRMD-KEG/KEG/GALIGA/LI/21/0281,KEG210286,Kegalle,Galigamuwa,2021-11-14T00:00:00,Hathnagoda,72,"හාල්පන්දෙණිය, දේවාලේගම","හාල්පන්දෙණිය, දේවාලේගම",,2021-11-14T00:00:00,2021-11-10T00:00:00,,,,,,7.263278,80.298118
Slope Failure,SF,NBRO/LRRMD-KEG/KEG/GALIGA/LI/21/0291,KEG210296,Kegalle,Galigamuwa,2021-12-07T00:00:00,Renapana,68B,"වඳුරාදෙණිය, දමුණුපොල","වඳුරාදෙණිය, දමුණුපොල",,2021-12-07T00:00:00,2021-11-09T00:00:00,,අධික වර්ෂාපතනය,,,,7.1880242,80.3203959
Slope Failure,SF,NBRO/LRRMD-KEG/KEG/RUWANW/LI/21/0310,KEG210315,Kegalle,Ruwanwella,2021-12-03T00:00:00,Galapitamada,99B,"අංක 19, බෝධිරාජගම, ගලපිටමඩ","අංක 19, බෝධිරාජගම, ගලපිටමඩ",,2021-12-03T00:00:00,2021-11-27T00:00:00,,,,,,7.14364,80.22846
Slope Failure,SF,NBRO/LRRMD-KEG/KEG/RUWANW/LI/21/0316,KEG210321,Kegalle,Ruwanwella,2021-12-03T00:00:00,Galapitamada,99B,"අගුරුවැල්ල පාර, ගලපිටමඩ","අගුරුවැල්ල පාර, ගලපිටමඩ",,2021-12-03T00:00:00,2021-11-06T00:00:00,,,,,,7.13599,80.23515
Slope Failure,SF,NBRO/LRRMD-KEG/KEG/RUWANW/LI/21/0318,KEG210323,Kegalle,Ruwanwella,2021-10-27T00:00:00,Mahakanda,98B,"එෆ්/83/1, මහකන්ද, වහරක","එෆ්/83/1, මහකන්ද, වහරක",,2021-10-27T00:00:00,,,,,,,7.111748,80.205058
Slope Failure,SF,NBRO/LRRMD-KEG/KEG/RUWANW/LI/21/0319,KEG210324,Kegalle,Ruwanwella,2021-10-20T00:00:00,Doranuwa,105B,"දොරණුව, රුවන්වැල්ල","දොරණුව, රුවන්වැල්ල",,2021-10-20T00:00:00,2021-10-21T00:00:00,,,,,,7.05818,80.27165
Slope Failure,SF,NBRO/LRRMD-KEG/KEG/YATIYN/LI/21/0371,KEG210377,Kegalle,Yatiyanthota,2021-11-12T00:00:00,Kithulgala North,134,"බී13/A, හෙල්අරබ,  කිතුල්ගල","බී13/A, හෙල්අරබ,  කිතුල්ගල",,2021-11-12T00:00:00,2021-11-06T00:00:00,13:00,අධික වර්ෂාපතනය හා අක්‍රමවත් භුමි පරිහරණය,,,,6.9823382,80.421264
Slope Failure,SF,NBRO/LRRMD-KEG/KEG/YATIYN/LI/21/0396,KEG210400,Kegalle,Yatiyanthota,2021-08-18T00:00:00,Berannawa,131D,"ඒ 124-4, බෙරන්නාව, යටියන්තොට","ඒ 124-4, බෙරන්නාව, යටියන්තොට",,2022-02-28T00:00:00,2022-08-08T00:00:00,,,,,,7.073162,80.41346
Slope Failure,SF,NBRO/LRRMD-KEG/KEG/DERANI/LI/21/0408,KEG210412,Kegalle,Deraniyagala,2021-12-09T00:00:00,Nilwala,110A,"28-A, පල්ලෙබාගේ දකුණ, කිතුල්ගල","28-A, පල්ලෙබාගේ දකුණ, කිතුල්ගල",,2021-12-09T00:00:00,2021-11-29T00:00:00,00:00,අධික වර්ෂාපතනය,,,,6.97269,80.39455
Slope Failure,SF,NBRO/LRRMD-KEG/KEG/DERANI/LI/21/0419,KEG210423,Kegalle,Deraniyagala,2021-11-15T00:00:00,Udapola,114A,කුඹුරුගම,"කුඹුරුගම, දැරණියගල",,2021-11-15T00:00:00,2021-11-10T00:00:00,,අධික වර්ෂාපතනය,,,,6.903371,80.336509
Slope Failure,SF,NBRO/LRRMD-KEG/KEG/DEHIOV/LI/21/0433,KEG210437,Kegalle,Dehiovita,2021-10-08T00:00:00,Batangala,123,"ග්ලාසල්වත්ත, යෝගම, දෙහිඕවිට","සී3, ග්ලාසල්වත්ත, යෝගම, දෙහිඕවිට",,2021-10-08T00:00:00,,,අධික වර්ෂාපතනය,,,,6.9317048,80.262692
Slope Failure,SF,NBRO/LRRMD-KEG/KEG/BULATK/LI/21/0445,KEG210449,Kegalle,Bulathkohupitiya,2021-11-03T00:00:00,Uduwa,130,"අංක 116, ඉහළ උඩුව, දේදුගල","අංක 116, ඉහළ උඩුව, දේදුගල",කෑගල්ෙල් සිට කෑගල්ල - බුලත්ෙකාහුපිටිය නගරයට පැමිණ එතැන් සිට බුලත් කොහුපිටිය දේදුගල මාර්ගෙය්කි,2021-11-03T00:00:00,2021-10-31T00:00:00,,අධික වර්ෂාපතනය,,,,7.118663,80.394097
Slope Failure,SF,NBRO/LRRMD-KEG/KEG/ARANAY/LI/21/0457,KEG210461,Kegalle,Aranayaka,2021-08-18T00:00:00,Selawa West,41C,"අමුණ පාර, සැලව බටහිර, හෙම්මාතගම","අමුණ පාර, සැලව බටහිර, හෙම්මාතගම",,2021-11-14T00:00:00,,,,,,,7.139444,80.498847
Slope Failure,SF,NBRO/LRRMD-KEG/KEG/ARANAY/LI/21/0461,KEG210465,Kegalle,Aranayaka,2021-11-14T00:00:00,Rahala,41B,"රහල නැගෙනහිර, හෙම්මාතගම, රහල","රහල නැගෙනහිර, හෙම්මාතගම, රහල",,2021-11-14T00:00:00,2021-11-08T00:00:00,,අධික වර්ෂාපතනය,,,,7.140927,80.49782
Slope Failure,SF,NBRO/LRRMD-KEG/KEG/ARANAY/LI/21/0462,KEG210466,Kegalle,Aranayaka,2021-06-14T00:00:00,Rahala,41B,"සී/9/1, කැබැල්ලගොල්ල, රහල නැගෙනහිර, හෙම්මාතගම","සී/9/1, කැබැල්ලගොල්ල, රහල නැගෙනහිර, හෙම්මාතගම",,2021-11-14T00:00:00,,,,,,,7.140032,80.4357255
Slope Failure,SF,NBRO/LRRMD-KEG/KEG/ARANAY/LI/21/0467,KEG210471,Kegalle,Aranayaka,2021-11-14T00:00:00,Gevilipitiya Gama,45A,"ඒ 230/20, වැලිකුඹුර, ගැවිලිපිටිය","ඒ 230/20, වැලිකුඹුර, ගැවිලිපිටිය",,2021-11-14T00:00:00,2021-11-08T00:00:00,09:00,අධික වර්ෂාපතනය,,,,7.178042,80.450891
Slope Failure,SF,NBRO/LRRMD-KEG/KEG/ARANAY/LI/21/0468,KEG210472,Kegalle,Aranayaka,2021-11-14T00:00:00,Galbokka,43C,"අංක 21, ගල්බොක්ක, අරණායක","අංක 21, ගල්බොක්ක, අරණායක",,2021-11-14T00:00:00,2021-11-12T00:00:00,,අධික වර්ෂාපතනය,,,,7.166286,80.445625
Slope Failure,SF,NBRO/LRRMD-KEG/KEG/MAWANE/LI/21/0519,KEG210523,Kegalle,Mawanella,2021-11-20T00:00:00,Warakapana,26A,"දිදුල වත්ත පහළ කොටස, හිගුළ","දිදුල වත්ත පහළ කොටස, හිගුළ",,2021-11-20T00:00:00,2021-11-10T00:00:00,,,,,,7.252276,80.503605
Slope Failure,SF,NBRO/LRRMD-KEG/KEG/WARAKA/LI/21/0539,KEG210540,Kegalle,Warakapola,2021-05-14T00:00:00,Ganithapura,92B,"මැදගොඩ, වරකාපොල","මැදගොඩ, වරකාපොල",,2021-05-14T00:00:00,2021-05-13T00:00:00,23:00,අධික වර්ෂාව,,,,7.219755,80.209576
Slope Failure,SF,NBRO/LRRMD-KEG/KEG/WARAKA/LI/21/0549,KEG210550,Kegalle,Warakapola,2021-05-17T00:00:00,Nape,84B,"නාවලහේන, නාපේ, නෙලුම්දෙනිය","නාවලහේන, නාපේ, නෙලුම්දෙනිය",,2021-05-17T00:00:00,2021-05-14T00:00:00,,,,,,7.219479,80.241976
Slope Failure,SF,NBRO/LRRMD-KEG/KEG/WARAKA/LI/21/0554,KEG210555,Kegalle,Warakapola,2021-06-14T00:00:00,Tholangamuwa,83,"මොරමුල්ල, තෝලංගමුව","මොරමුල්ල, තෝලංගමුව",,2021-06-14T00:00:00,2021-05-13T00:00:00,23:30,,,,,7.233693,80.234901
Slope Failure,SF,NBRO/LRRMD-KEG/KEG/WARAKA/LI/21/0577,KEG210586,Kegalle,Warakapola,2021-07-20T00:00:00,Thalgahadeniya,95B,"අල්ගම වත්ත මාර්ගය, අල්ගම වත්ත","අල්ගම වත්ත මාර්ගය, අල්ගම වත්ත",,2021-06-06T00:00:00,2021-06-05T00:00:00,,,,,,7.17686621,80.1797059
Slope Failure,SF,NBRO/LRRMD-KEG/KEG/WARAKA/LI/21/0625,KEG210634,Kegalle,Warakapola,2021-06-17T00:00:00,Mampita,80A,"පහළගම, නෙලුම්දෙනිය","පහළගම, නෙලුම්දෙනිය",,2021-08-04T00:00:00,2021-05-04T00:00:00,,,,,,7.2336,80.2694
Slope Failure,SF,NBRO/LRRMD-KEG/KEG/WARAKA/LI/21/0632,KEG210642,Kegalle,Warakapola,2021-05-20T00:00:00,Hallawa,93A,"නො.10/1, හල්ලව, ගලපිටමඩ","නො.10/1, හල්ලව, ගලපිටමඩ",,2021-05-20T00:00:00,,,,,,,7.1570471,80.2256877
Slope Failure,SF,NBRO/LRRMD-KEG/KEG/WARAKA/LI/21/0636,KEG210646,Kegalle,Warakapola,2021-06-17T00:00:00,Menikkadawara,86,"A21, මුකලාන, මැණික්කඩවර, තුංතොට","A21, මුකලාන, මැණික්කඩවර, තුංතොට",,2021-06-17T00:00:00,2021-06-05T00:00:00,,,,,,7.194655,80.250699
Slope Failure,SF,NBRO/LRRMD-KEG/KEG/WARAKA/LI/21/0650,KEG210660,Kegalle,Warakapola,2021-09-06T00:00:00,Thalgama,79B,වඩු කන්ද,තල්ගම- වඩු කන්ද- කොග්ගල වත්ත පාර,,2021-09-06T00:00:00,,,,,,,7.270341,80.274785
Slope Failure,SF,NBRO/LRRMD-KEG/KEG/WARAKA/LI/21/0656,KEG210666,Kegalle,Warakapola,2021-05-20T00:00:00,Tholangamuwa,83,"ඉහලගම, තෝලංගමුව","ඉහලගම, තෝලංගමුව",,2021-05-20T00:00:00,,,,,,,7.242722,80.23637
Slope Failure,SF,NBRO/LRRMD-KEG/KEG/ARANAY/LI/21/0747,KEG210762,Kegalle,Aranayaka,2021-06-22T00:00:00,Deiyanwala,41E,"හදබිම ජනපදය, දෙයියන්වල, අරණායක","හදබිම ජනපදය, දෙයියන්වල, අරණායක",,2021-09-15T00:00:00,,,,,,,7.13105,80.46387
Slope Failure,SF,NBRO/LRRMD-KEG/KEG/ARANAY/LI/21/0765,KEG210780,Kegalle,Aranayaka,2021-09-22T00:00:00,Ambalakanda,43A,"පොල්කොටුව, අම්බලකන්ද","පොල්කොටුව, අම්බලකන්ද",,2020-11-09T00:00:00,,,,,,,7.135992,80.447662
Slope Failure,SF,NBRO/LRRMD-KEG/KEG/DEHIOV/LI/21/0773,KEG210788,Kegalle,Dehiovita,2021-06-22T00:00:00,Dikella,119A,ක්,"4 කණුව, දෙල්ඔළුව",,2019-08-28T00:00:00,,,,,,,6.960497,80.307045
Slope Failure,SF,NBRO/LRRMD-KEG/KEG/DEHIOV/LI/21/0775,KEG210790,Kegalle,Dehiovita,2021-08-04T00:00:00,Kanangama,116C,"පොල්පැරැව්ව, කනංගම, දෙහිඕවිට","පොල්පැරැව්ව, කනංගම, දෙහිඕවිට",,2021-09-03T00:00:00,2021-05-20T00:00:00,,,,,,6.99301,80.28134
Slope Failure,SF,NBRO/LRRMD-KEG/KEG/DERANI/LI/21/0788,KEG210803,Kegalle,Deraniyagala,2021-08-24T00:00:00,Magala,113,"ශ්‍රී අභිනවාරාම පුරාණ විහාරය ආශ, පේරුපල්ල, මාගල, දැරණියගල","ශ්‍රී අභිනවාරාම පුරාණ විහාරය ආශ, පේරුපල්ල, මාගල, දැරණියගල",,2021-08-06T00:00:00,,,,,,,6.874025,80.41011
Slope Failure,SF,NBRO/LRRMD-KEG/KEG/RUWANW/LI/21/0828,KEG210843,Kegalle,Ruwanwella,2021-05-28T00:00:00,Galapitamada,99B,"අඟුරුවැල්ල පාර, ගලපිටමඬ","අඟුරුවැල්ල පාර, ගලපිටමඬ",,2021-05-28T00:00:00,2021-05-13T00:00:00,,,,,,7.13573,80.235028
Slope Failure,SF,NBRO/LRRMD-KEG/KEG/YATIYN/LI/21/0871,KEG210886,Kegalle,Yatiyanthota,2021-07-12T00:00:00,Kalukohuthenna,134D,"කළුකොහුතැන්න, කිතුල්ගල","කළුකොහුතැන්න, කිතුල්ගල",,2021-07-12T00:00:00,2021-07-10T00:00:00,,,,,,6.988417,80.425586
Slope Failure,SF,NBRO/LRRMD-KEG/KEG/YATIYN/LI/21/0900,KEG210915,Kegalle,Yatiyanthota,2021-10-07T00:00:00,Weeragalla,135C,"විරගල්ල, වැලිහෙලතැන්න, යටියන්තොට","විරගල්ල, වැලිහෙලතැන්න, යටියන්තොට",,2021-10-07T00:00:00,,,,,,,7.022829,80.332591
Slope Failure,SF,NBRO/LRRMD-KEG/KEG/RAMBUK/LI/21/0953,KEG210970,Kegalle,Rambukkana,2021-11-09T00:00:00,Puwakmote,04A,"පුවක්මොටේ, යටගම, රඹුක්කන","පුවක්මොටේ, යටගම, රඹුක්කන",,0001-01-01T00:00:00,2021-11-08T00:00:00,,අධික වර්ෂාව,,,,7.331652,80.361625
Slope Failure,SF,NBRO/LRRMD-KEG/KEG/ARANAY/LI/22/1051,KEG220011,Kegalle,Aranayaka,2022-07-06T00:00:00,Podape,43D,"ඩී/91, පෝඩාපේ, අරණායක","ඩී/91, පෝඩාපේ, අරණායක",,2023-04-28T00:00:00,,,,,,,7.139285,80.4644
Slope Failure,SF,NBRO/LRRMD-KEG/KEG/RAMBUK/LI/22/1067,KEG220050,Kegalle,Rambukkana,2022-07-19T00:00:00,Beddawala,22,"ඩී 86, උඩබැද්දවෙල, මාකෙහෙල්වල","ඩී 86, උඩබැද්දවෙල, මාකෙහෙල්වල",,2023-05-25T00:00:00,,,,,,,7.288201,80.451417
Slope Failure,SF,NBRO/LRRMD-KEG/KEG/RAMBUK/LI/22/1068,KEG220052,Kegalle,Rambukkana,2022-07-19T00:00:00,Pitiyegama,11,"එච්.38/3, මාදන, හිරිවඩුන්න",,,2023-05-25T00:00:00,,,,,,,7.287025,80.379057
Slope Failure,SF,NBRO/LRRMD-KEG/KEG/KEGALL/LI/22/0030,KEG220063,Kegalle,Kegalle,2022-03-30T00:00:00,Athurupana,57,දෙගලතිරිය,"සී/58/ඒ, දෙගලතිරිය, උඳුගොඩ",කෑගල්ල නගරයේ සිට කෑගල්ල-බුලත්කොහුපිටිය මාර්ගයේ බුලත්කොහුපිටිය දෙසට කිලෝමීටර් 12.2ක් පමණ ගමන් කළ,2022-03-30T00:00:00,2021-11-28T00:00:00,,,,,,7.155059,80.378617
Slope Failure,SF,NBRO/LRRMD-KEG/KEG/KEGALL/LI/22/0032,KEG220065,Kegalle,Kegalle,2022-03-30T00:00:00,Athurupana,57,මාවතහේන,"මාවතහේන, දෙගලතිරිය, උඳුගොඩ",කෑගල්ල නගරයේ සිට කෑගල්ල-බුලත්කොහුපිටිය මාර්ගයේ බුලත්කොහුපිටිය දෙසට කිලෝමීටර් 12.2ක් පමණ ගමන් කළ,2022-03-30T00:00:00,,,,,,,7.156807,80.38069
Slope Failure,SF,NBRO/LRRMD-KEG/KEG/KEGALL/LI/22/0033,KEG220085,Kegalle,Kegalle,2022-05-10T00:00:00,Meedeniya South,55D,"දික්හේනගෙදර, මීදෙණිය, හෙට්ටිමුල්ල","දික්හේනගෙදර, මීදෙණිය, හෙට්ටිමුල්ල",,2022-05-19T00:00:00,2022-05-10T00:00:00,,අධික වර්ෂාපතනය,,,,7.194992,80.360718
Slope Failure,SF,NBRO/LRRMD-KEG/KEG/RAMBUK/LI/22/0055,KEG220146,Kegalle,Rambukkana,2022-01-18T00:00:00,Kudagama North,02A,"දමුණුකන්ද, උඩගලකන්ද","දමුණුකන්ද, උඩගලකන්ද",,2022-01-18T00:00:00,2021-11-09T00:00:00,,,,,,7.359,80.36445
Slope Failure,SF,NBRO/LRRMD-KEG/KEG/RAMBUK/LI/22/0068,KEG220168,Kegalle,Rambukkana,2022-01-18T00:00:00,Dombemada West,01A,"කහගොල්ලාවල, දොඹේමඩ","කහගොල්ලාවල, දොඹේමඩ",,2022-01-21T00:00:00,2021-11-09T00:00:00,,අධික වර්ෂාපතනය,,,,7.38484,80.35989
Slope Failure,SF,NBRO/LRRMD-KEG/KEG/RAMBUK/LI/22/0111,KEG220229,Kegalle,Rambukkana,2022-01-18T00:00:00,Medagaladeniya,02B,දමුණුකන්ද,"දමුණුකන්ද, උඩගලකන්ද",කෑගල්ල නගරයේ සිට කොළඹ - මහනුවර මාර්ගයේ(A1) මහනුවර දෙසට කිලෝමීටර් 4ක් පමණ ගමන් කළ පසු කරඬුපන මංසංධිය,2022-01-18T00:00:00,,,,,,,7.35643,80.36533
Slope Failure,SF,NBRO/LRRMD-KEG/KEG/RAMBUK/LI/22/0114,KEG220243,Kegalle,Rambukkana,2022-01-18T00:00:00,Kudagama North,02A,"දමුණුකන්ද, උඩගලකන්ද","දමුණුකන්ද, උඩගලකන්ද",,2022-01-18T00:00:00,,,අධික වර්ෂාපතනය,,,,7.35922,80.36411
Slope Failure,SF,NBRO/LRRMD-KEG/KEG/RAMBUK/LI/22/1107,KEG220267,Kegalle,Rambukkana,2022-08-04T00:00:00,Yodhagama,09B,"කොස්ගොල්ල, යෝධගම, රඹුක්කන","කොස්ගොල්ල, යෝධගම, රඹුක්කන",,2023-04-21T00:00:00,,,,,,,7.292827,80.39589
Slope Failure,SF,NBRO/LRRMD-KEG/KEG/RAMBUK/LI/22/0132,KEG220269,Kegalle,Rambukkana,2022-01-20T00:00:00,Madawala,08I,"ඇත්වටේවත්ත, රඹුක්කන","ඇත්වටේවත්ත, රඹුක්කන",,2022-01-20T00:00:00,2021-11-09T00:00:00,,අධික වර්ෂාපතනය,,,,7.331274,80.4007672
Slope Failure,SF,NBRO/LRRMD-KEG/KEG/RAMBUK/LI/22/0134,KEG220271,Kegalle,Rambukkana,2022-01-31T00:00:00,Kansalagamuwa,07B,"ඩී 15 / 2, කන්සලගමුව","ඩී 15 / 2, කන්සලගමුව",,2022-01-31T00:00:00,2021-08-09T00:00:00,,අධික වර්ෂාපතනය,,,,7.332151,80.416069
Slope Failure,SF,NBRO/LRRMD-KEG/KEG/RAMBUK/LI/22/0135,KEG220272,Kegalle,Rambukkana,2022-01-31T00:00:00,Kansalagamuwa,07B,"රබර් වත්ත, කන්සලගමුව , රඹුක්කන","රබර් වත්ත, කන්සලගමුව , රඹුක්කන",,2022-01-31T00:00:00,2021-11-09T00:00:00,,අධික වර්ෂාපතනය,,,,7.333432,80.415819
Slope Failure,SF,NBRO/LRRMD-KEG/KEG/RAMBUK/LI/22/0149,KEG220286,Kegalle,Rambukkana,2022-02-02T00:00:00,Molagoda,13B,"ෆොරස්ට් හිල් වත්ත , මොළගොඩ","ෆොරස්ට් හිල් වත්ත , මොළගොඩ",,2022-02-02T00:00:00,2021-11-09T00:00:00,,අධික වර්ෂාපතනය,,,,7.249218,80.389405
Slope Failure,SF,NBRO/LRRMD-KEG/KEG/RAMBUK/LI/22/0153,KEG220290,Kegalle,Rambukkana,2022-02-02T00:00:00,Pattampitiya,22C,පත්තම්පිටිය,"එළුගල්ල , පත්තම්පිටිය",,2022-02-02T00:00:00,2021-11-09T00:00:00,,අධික වර්ෂාපතනය,,,,7.317713,80.433665
Slope Failure,SF,NBRO/LRRMD-KEG/KEG/RAMBUK/LI/22/0166,KEG220307,Kegalle,Rambukkana,2022-01-27T00:00:00,Halwatta,3L,"පීල්ල උඩ, හල්වත්ත, හේවාදිවෙල","පීල්ල උඩ, හල්වත්ත, හේවාදිවෙල",,2022-01-27T00:00:00,2021-11-09T00:00:00,,,,,,7.37361,80.38754
Slope Failure,SF,NBRO/LRRMD-KEG/KEG/RAMBUK/LI/22/0168,KEG220309,Kegalle,Rambukkana,2022-01-22T00:00:00,Henepola,22E,"බෝලේගෙදර, වත්තේගම, මාකෙහෙල්වල","බෝලේගෙදර, වත්තේගම, මාකෙහෙල්වල",,2022-01-22T00:00:00,,,,,,,7.30619,80.44937
Slope Failure,SF,NBRO/LRRMD-KEG/KEG/RAMBUK/LI/22/0171,KEG220312,Kegalle,Rambukkana,2022-01-21T00:00:00,Dombemada West,01A,"කහගොල්ලාවල, දොඹේමඩ","සිල්වුගල-පඩිහාර මාර්ගය, කහගොල්ලාවල, දොඹේමඩ",,2022-01-21T00:00:00,2021-11-09T00:00:00,,,,,,7.38011,80.35857
Slope Failure,SF,NBRO/LRRMD-KEG/KEG/RAMBUK/LI/22/0175,KEG220327,Kegalle,Rambukkana,2022-01-13T00:00:00,Dombemada West,01A,"සිල්ලුගල, දොඹේමඩ","සිල්ලුගල, දොඹේමඩ",,2022-01-13T00:00:00,2021-11-09T00:00:00,,,,,,7.3778798,80.3568055
Slope Failure,SF,NBRO/LRRMD-KEG/KEG/RAMBUK/LI/22/0181,KEG220334,Kegalle,Rambukkana,2022-01-29T00:00:00,Kadigamuwa,21,"කැබැල්ලවත්ත, කඩිගමුව, පත්තම්පිටිය","කැබැල්ලවත්ත, කඩිගමුව, පත්තම්පිටිය",,2022-01-29T00:00:00,2021-11-09T00:00:00,,,,,,7.32805,80.42491
Slope Failure,SF,NBRO/LRRMD-KEG/KEG/MAWANE/LI/22/0217,KEG220383,Kegalle,Mawanella,2022-02-03T00:00:00,Ganethenna,25A,"45/2, පහළ කඩුගන්නාව, හිඟුල.","45/2, පහළ කඩුගන්නාව, හිඟුල.",,2022-02-03T00:00:00,,,,,,,7.25287,80.49662
Slope Failure,SF,NBRO/LRRMD-KEG/KEG/MAWANE/LI/22/0237,KEG220409,Kegalle,Mawanella,2022-03-04T00:00:00,Ihala Kotte,23A,"ඉහළකෝට්ටේ, මාකෙහෙල්වල, මාවනැල්ල","ඉහළකෝට්ටේ, මාකෙහෙල්වල, මාවනැල්ල",කෑගල්ලේ සිට කෑගල්ල - මාවනැල්ල මාර්ගයේ මාවනැල්ල නගරයට කිලෝමීටර් 13ක් පැමිණ එතැන් සිට මාවනැල්ල-රඹු,2022-03-04T00:00:00,,,අධික වර්ෂාපතනය,,,,7.288289,80.472063
Slope Failure,SF,NBRO/LRRMD-KEG/KEG/DERANI/LI/22/1128,KEG220450,Kegalle,Deraniyagala,2022-08-19T00:00:00,Maliboda,112,සමනලගම,"22 කොටස, සමනලගම","කෑගල්ල නගරයේ සිට කොළඹ - මහනුවර (A01) මාර්ගයෙන් ගලිගමුවටත්, ගලිගමුව සිට ගලිගමුව - වරාවල මාර්ගයෙන් (B127)",2022-08-30T00:00:00,2022-07-24T00:00:00,,,,,,6.903164,80.428934
Slope Failure,SF,NBRO/LRRMD-KEG/KEG/KEGALL/LI/22/1141,KEG220487,Kegalle,Kegalle,2022-08-18T00:00:00,Makoora,53,"අස්වැද්දුම, මාකූර, හෙට්ටිමුල්ල","ඊ/141, අස්වැද්දුම, මාකූර, හෙට්ටිමුල්ල",කෑගල්ල නගරයේ සිට කෑගල්ල - බුලත්කොහුපිටිය මාර්ගයේ (A21) බුලත්කොහුපිටිය දෙසට කිලෝමීටර 4.2 පමන ගමන් කර,2022-09-08T00:00:00,2022-09-05T00:00:00,,අධික වර්ෂාපතනය,,174mm,,7.217322,80.359283
Slope Failure,SF,NBRO/LRRMD-KEG/KEG/GALIGA/LI/22/0315,KEG220543,Kegalle,Galigamuwa,2022-03-11T00:00:00,Bisowela,69C,"නවජනපදය, බිසෝවෙල දකුණ, ගලිගමුව නගරය","නවජනපදය, බිසෝවෙල දකුණ, ගලිගමුව නගරය",,2022-03-29T00:00:00,2021-11-09T00:00:00,,,,,,7.221405,80.307033
Slope Failure,SF,NBRO/LRRMD-KEG/KEG/GALIGA/LI/22/0316,KEG220544,Kegalle,Galigamuwa,2022-03-11T00:00:00,Weragoda,73A,"වේරගොඩ,බෙලිගල","වේරගොඩ,බෙලිගල",,2022-03-29T00:00:00,2021-11-09T00:00:00,,,,,,7.278338,80.287088
Slope Failure,SF,NBRO/LRRMD-KEG/KEG/RUWANW/LI/22/0371,KEG220647,Kegalle,Ruwanwella,2022-06-01T00:00:00,Imbulana,100,"රත්තාගල, ඉඹුලාන","රත්තාගල, ඉඹුලාන",,2022-06-01T00:00:00,2022-05-31T00:00:00,12:00,අධික වර්ෂාපතනය,,,,7.079329,80.23379
Slope Failure,SF,NBRO/LRRMD-KEG/KEG/WARAKA/LI/22/1198,KEG220683,Kegalle,Warakapola,2022-09-01T00:00:00,Alpitiya,89,"සී/5, අල්පිටිය, ගලපිටමඩ","සී/5, අල්පිටිය, ගලපිටමඩ",x,2022-11-28T00:00:00,2022-10-14T00:00:00,,,-,-,-,7.153996,80.246589
Slope Failure,SF,NBRO/LRRMD-KEG/KEG/RAMBUK/LI/22/0388,KEG220730,Kegalle,Rambukkana,2021-11-09T00:00:00,Puwakmote,04A,"පුවක්මොටේ, යටගම, රඹුක්කන",,"කෑගල්ල සිට කොළඹ - නුවර මාර්ගයේ, කරඬුපන හංදිය දක්වා කිලෝමීටර් 3ක් පමණ පැමිණ එතැන්සිට කෑගල්ල - රඹුක්",2021-11-11T00:00:00,2021-11-09T00:00:00,05:00,අධික වර්ෂාපතනය,,,,7.332075,80.360462
Slope Failure,SF,NBRO/LRRMD-KEG/KEG/YATIYN/LI/22/0393,KEG220731,Kegalle,Yatiyanthota,2022-02-15T00:00:00,Mattamagoda,108,"අංක 567/2/A, මත්තමගොඩ, කොටියාකුඹුර","අංක 567/2/A, මත්තමගොඩ, කොටියාකුඹුර",,2022-02-15T00:00:00,,,,,,,7.11049,80.28484
Slope Failure,SF,NBRO/LRRMD-KEG/KEG/RUWANW/LI/22/1220,KEG220733,Kegalle,Ruwanwella,2022-09-13T00:00:00,Galapitamada,99B,"ඌරුවල, ගලපිටමඩ","ඌරුවල, ගලපිටමඩ",,2022-12-29T00:00:00,,,,,,,7.144408,80.22825
Slope Failure,SF,NBRO/LRRMD-KEG/KEG/BULATK/LI/22/1235,KEG220761,Kegalle,Bulathkohupitiya,2022-09-16T00:00:00,Puspane,60D,යටිදෑරිය වත්ත,"අක්කර 50, තන්නිමලේ, උඳුගොඩ",කෑගල්ල නගරයේ සිට කෑගල්ල- බුලත්කොහුපිටිය- කරවනැල්ල (A21) මාර්ගයෙන් තන්නිමලේ මං සංධියට  පිවිස එතැන්,2022-09-06T00:00:00,2022-09-05T00:00:00,17:30,අධික වර්ෂාව,,,,7.13691,80.356494
Slope Failure,SF,NBRO/LRRMD-KEG/KEG/BULATK/LI/22/1236,KEG220762,Kegalle,Bulathkohupitiya,2022-09-16T00:00:00,Puspane,60D,යටිදෑරිය වත්ත,"52 වතු නිවාසය, යටිදෑරිය වත්ත, තන්නිමලේ, උඳුගොඩ",කෑගල්ල නගරයේ සිට කෑගල්ල- බුලත්කොහුපිටිය- කරවනැල්ල (A21) මාර්ගයෙන් තන්නිමලේ මං සංධියට පිවිස එතැන් ස,2022-09-06T00:00:00,2022-09-05T00:00:00,17:30,අධීක වර්ෂාව,,,,7.13691,80.356494
Slope Failure,SF,NBRO/LRRMD-KEG/KEG/DERANI/LI/22/0427,KEG220795,Kegalle,Deraniyagala,2022-05-17T00:00:00,Dikellakanda,112E,"දික්ඇල්ල කන්ද, මාලිබොඩ","දික්ඇල්ල කන්ද, මාලිබොඩ",,2022-05-17T00:00:00,2022-05-13T00:00:00,,,,,,6.868427,80.443361
Slope Failure,SF,NBRO/LRRMD-KEG/KEG/DEHIOV/LI/22/0448,KEG220821,Kegalle,Dehiovita,2022-02-17T00:00:00,Kurupetta,116A,"බී 91/1, කුරුපැත්ත, රුවන්වැල්ල","බී 91/1, කුරුපැත්ත, රුවන්වැල්ල",,2022-02-17T00:00:00,,,,,,,7.0272741,80.2527834
Slope Failure,SF,NBRO/LRRMD-KEG/KEG/DEHIOV/LI/22/0452,KEG220825,Kegalle,Dehiovita,2022-02-17T00:00:00,Kahanavita,115A,"එච්29, ලස්සන මඟ, දෙහිඕවිට","එච්29, ලස්සන මඟ, දෙහිඕවිට",,2022-02-17T00:00:00,,,අධික වර්ෂාපතනය,,,,6.9690517,80.273406
Slope Failure,SF,NBRO/LRRMD-KEG/KEG/DEHIOV/LI/22/0453,KEG220826,Kegalle,Dehiovita,2022-02-21T00:00:00,Hinguralakanda West,120A,"ඒ29, රන්නවඩි කන්ද, උඩයෝගම, බටන්ගල","ඒ29, රන්නවඩි කන්ද, උඩයෝගම, බටන්ගල",,2022-02-21T00:00:00,2021-11-18T00:00:00,,,,,,6.9073323,80.2770185
Slope Failure,SF,NBRO/LRRMD-KEG/KEG/GALIGA/LI/22/1254,KEG220839,Kegalle,Galigamuwa,2022-09-16T00:00:00,Renapana,68B,කැප්පෙටිහේන,"ඊ.78/ඒ, කැප්පෙටිහේන, ගලිගමුව නගරය",කෑගල්ල නගරයේ සිට කෑගල්ල -බුලත්කොහුපිටිය (A21) මාර්ගයෙන් පරගම්මන මං සන්ධියට පිවිස එතැන් සිට අටුගොඩ,2023-05-31T00:00:00,2022-08-21T00:00:00,,අධික වර්ෂාව,,,,7.207501,80.325525
Slope Failure,SF,NBRO/LRRMD-KEG/KEG/ARANAY/LI/22/0477,KEG220862,Kegalle,Aranayaka,2022-02-09T00:00:00,Aranayaka,43,"වීමල්ලවත්ත, අරණායක","වීමල්ලවත්ත, අරණායක",,2022-02-09T00:00:00,,,,,,,7.145108,80.463835
Slope Failure,SF,NBRO/LRRMD-KEG/KEG/ARANAY/LI/22/0480,KEG220865,Kegalle,Aranayaka,2022-02-09T00:00:00,Galbokka,43C,ගල්බොක්ක,ගල්බොක්ක,,2022-02-09T00:00:00,,,,,,,7.169123,80.452113
Slope Failure,SF,NBRO/LRRMD-KEG/KEG/ARANAY/LI/22/1277,KEG220944,Kegalle,Aranayaka,2022-09-27T00:00:00,Gevilipitiya Town,45B,"අංක 06, වසන්තගම, ගැවිලිපිටිය, අරණායක","අංක 06, වසන්තගම, ගැවිලිපිටිය, අරණායක",,2023-04-28T00:00:00,,,,,,,7.18184,80.44733
Slope Failure,SF,NBRO/LRRMD-KEG/KEG/ARANAY/LI/22/0551,KEG220961,Kegalle,Aranayaka,2022-05-26T00:00:00,Jambugasmada,58C,"ජම්බුගස්මඩ, අම්බලකන්ද, අරණායක","ජම්බුගස්මඩ, අම්බලකන්ද, අරණායක",,2021-09-09T00:00:00,2022-05-26T00:00:00,,,,,,7.13173,80.43436
Slope Failure,SF,NBRO/LRRMD-KEG/KEG/KEGALL/LI/22/1298,KEG221015,Kegalle,Kegalle,2022-10-05T00:00:00,Thiyambarahena,59B,"ආර්/15, තියඹරාහේන,  උඳුගොඩ","ආර්/15, තියඹරාහේන,  උඳුගොඩ",,2022-11-03T00:00:00,,,අධික වර්ෂාපතනය,,,,7.148521,80.378181
Slope Failure,SF,NBRO/LRRMD-KEG/KEG/WARAKA/LI/22/1311,KEG221041,Kegalle,Warakapola,2022-10-17T00:00:00,Thumbaliyadda,92C,"මාදෙණිය තේ වත්ත, මායින්නොළුව, වරකාපොළ","මාදෙණිය තේ වත්ත, මායින්නොළුව, වරකාපොළ",කෑගල්ල නගරයේ සිට කොළඹ - මහනුවර මාර්ගයේ(A01) වරකාපොළ නගරයට ගමන් කර වරකාපොළ නගරයේ සිට වරකාපොළ-අඟුරුව,2022-10-14T00:00:00,2022-10-14T00:00:00,14:30,අධික වර්ෂාපතනය හා අක්‍රමවත් භූ පරිහරණ රටාව,71.50mm,108mm,,7.21228,80.2121
Slope Failure,SF,NBRO/LRRMD-KEG/KEG/KEGALL/LI/22/1314,KEG221048,Kegalle,Kegalle,2022-10-14T00:00:00,Meedeniya North,55C,"4 කණුව, හෙට්ටිමුල්ල","4 කණුව, හෙට්ටිමුල්ල",,2022-10-16T00:00:00,2022-10-14T00:00:00,18:00,අධික වර්ෂාපතනය,,,,7.2055832,80.363118
Slope Failure,SF,NBRO/LRRMD-KEG/KEG/YATIYN/LI/22/1328,KEG221071,Kegalle,Yatiyanthota,2022-10-25T00:00:00,Theligama,133A,ටැංකියවත්ත,"පාසල අසල, ඉංගිරියාවත්ත, තැලිගම","කෑගල්ල නගරයේ සිට කොළඹ- මහනුවර (A01) මාර්ගයෙන් ගලිගමුවටත්, ගලිගමුව සිට වරාවල (B127) මාර්ගයෙන් වරාවලටත්,",2022-10-05T00:00:00,2022-09-02T00:00:00,17:00,,,,,6.998505,80.361097
Slope Failure,SF,NBRO/LRRMD-KEG/KEG/WARAKA/LI/22/1420,KEG221178,Kegalle,Warakapola,2022-11-02T00:00:00,Morawaka,80,"ඩී 148/ඒ, ජයනිවස, නුවර පාර, මොරවක, නෙලුන්දෙණිය","ඩී 148/ඒ, ජයනිවස, නුවර පාර, මොරවක, නෙලුන්දෙණිය",,2023-01-30T00:00:00,,,,,,,7.2323,80.25079
Slope Failure,SF,NBRO/LRRMD-KEG/KEG/YATIYN/LI/22/1439,KEG221211,Kegalle,Yatiyanthota,2022-11-14T00:00:00,Malalpola,132A,සීපෝත මාර්ගයේ මලල්පොල සල්ගාදු ප්‍රජාශාලාව අසල මාර්ගය,,"කොළඹ - මහනුවර (A01) මාර්ගයෙන් ගලිගමුවටත්, ගලිගමුව - වරාවල (B127) මාර්ගයෙන් වරාවලටත්, වරාවල සිට කෑගල්ල - බු",2022-10-31T00:00:00,2022-10-30T00:00:00,,,,,,7.052128,80.346799
Slope Failure,SF,NBRO/LRRMD-KEG/KEG/YATIYN/LI/22/1450,KEG221227,Kegalle,Yatiyanthota,2022-11-11T00:00:00,Welihelathenna,135A,රයිටර් ජනදය,"වැලිහෙලතැන්න ජනපදය, වැලිහෙලතැන්න, යටියන්තොට","කෑගල්ල නගරයේ සිට කොළඹ- මහනුවර (A01) මාර්ගයෙන් ගලිගමුවටත්, ගලිගමුව සිට වරාවල (B127) මාර්ගයෙන් වරාවලටත්,",2022-10-30T00:00:00,2022-10-31T00:00:00,17:30,,,,,7.032951,80.342457
Slope Failure,SF,NBRO/LRRMD-KEG/KEG/WARAKA/LI/22/1502,KEG221295,Kegalle,Warakapola,2022-11-29T00:00:00,Morawaka,80,වැලිකන්ද ජනපදය,"මොරවක, නෙලුන්දෙනිය",,2022-10-23T00:00:00,2022-10-22T00:00:00,07:00,,,,,7.232119,80.250228
Slope Failure,SF,NBRO/LRRMD-KEG/KEG/BULATK/LI/22/1531,KEG221335,Kegalle,Bulathkohupitiya,2022-12-05T00:00:00,Bulathkohupitiya,129B,නෙව්සිමියර් පහළ,"ජී 93/1, නෙව්සිමියර් පහළ, බුලත්කොහුපිටිය",,2022-10-18T00:00:00,2022-10-14T00:00:00,,,,,,7.108415,80.344238
Slope Failure,SF,NBRO/LRRMD-KEG/KEG/ARANAY/LI/22/1547,KEG221360,Kegalle,Aranayaka,2022-11-15T00:00:00,Narangala,58F,"ජම්බුගස්මඩ, නාරංගල","ජම්බුගස්මඩ, නාරංගල",අරණායක අම්බලකන්ද  සිට දෝතල් ඔය දක්වා දිවෙන මාර්ගයේ නාරංගල දෙමළ විද්‍යාලය පසුවන විට මාර්ගයේ අවද,2022-12-09T00:00:00,,,මාර්ග ඉදිකිරීම සදහා තීව්‍රර  බෑවුම් කැපීම  දුර්වල ජල වහනය,,,,7.1291,80.4356
Slope Failure,SF,NBRO/LRRMD-KEG/KEG/WARAKA/LI/22/1555,KEG221377,Kegalle,Warakapola,2022-12-02T00:00:00,Alpitiya,89,"සී/30/1, අල්පිටිය, ගලපිටමඩ","සී/30/1, අල්පිටිය, ගලපිටමඩ",,2022-11-28T00:00:00,,,,,,,7.150466,80.245777
Slope Failure,SF,NBRO/LRRMD-KEG/KEG/WARAKA/LI/22/1564,KEG221394,Kegalle,Warakapola,2022-11-21T00:00:00,Menikkadawara,86,"ගල්ලිදවත්ත, මැණික්කඩවර","ගල්ලිදවත්ත, මැණික්කඩවර",කෑගල්ල නගරයේ සිට කෑගල්ල - කොළඹ ප්‍රධාන මාර්ගයේ කොළඹ දෙසට කිලෝමීටර 11.3 පමන ගමන් කළ පසු නෙළුම්දෙණිය,2022-11-15T00:00:00,2022-11-14T00:00:00,21:00,අධික වර්ෂාපතනය,,,,7.186527,80.25638
Slope Failure,SF,NBRO/LRRMD-KEG/KEG/DERANI/LI/23/0003,KEG230003,Kegalle,Deraniyagala,2023-01-03T00:00:00,Kosgahakanda,113A,වීදියවත්ත,"400/1, වීදියවත්ත, දැරණියගල","කෑගල්ල නගරයේ සිට කොළඹ - මහනුවර (A01) මාර්ගයෙන් ගලිගමුවටත්, ගලිගමුව සිට ගලිගමුව - වරාවල මාර්ගයෙන් (B127)",2022-11-02T00:00:00,2022-10-12T00:00:00,,,3.5,49,64,6.877903,80.369655
Slope Failure,SF,NBRO/LRRMD-KEG/KEG/MAWANE/LI/23/1582,KEG230010,Kegalle,Mawanella,2022-12-27T00:00:00,Hemmathagama,38A,"ඒ53/1, දුම්බුළුවාව, හෙම්මාතගම","ඒ53/1, දුම්බුළුවාව, හෙම්මාතගම",,2022-12-25T00:00:00,2022-12-25T00:00:00,08:30,අධික වර්ෂාපතනය,-,-,-,7.159997,80.50769
Slope Failure,SF,NBRO/LRRMD-KEG/KEG/ARANAY/LI/23/1604,KEG230037,Kegalle,Aranayaka,2022-12-30T00:00:00,Rahala,41B,"කන්දෙ දෙණිය හංදිය, රහල, අරණායක","කන්දෙ දෙණිය හංදිය, රහල, අරණායක",,2022-12-30T00:00:00,2022-12-25T00:00:00,08:00,,,,,7.1408587,80.4919851
Slope Failure,SF,NBRO/LRRMD-KEG/KEG/DEHIOV/LI/23/0058,KEG230133,Kegalle,Dehiovita,2023-01-02T00:00:00,Batangala,123,මල්දෙණිය වත්ත,"මල්දෙණිය වත්ත, දෙහිඕවිට","කෑගල්ල නගරයේ සිට කොළඹ - මහනුවර (A01) මාර්ගයෙන් ගලිගමුවටත්, ගලිගමුව සිට ගලිගමුව - වරාවල මාර්ගයෙන් (B127)",2022-08-19T00:00:00,2022-07-01T00:00:00,,අධික වර්ෂාව,,,,6.932187,80.281879
Slope Failure,SF,NBRO/LRRMD-KEG/KEG/MAWANE/LI/23/0060,KEG230140,Kegalle,Mawanella,2023-01-30T00:00:00,Molligoda,25C,මොල්ලිගොඩ,"24, විකසිතුම්ගොඩගම, හිගුල",-,2023-01-20T00:00:00,,,අධික වර්ෂාපතනය,,,,7.234448,80.493678
Slope Failure,SF,NBRO/LRRMD-KEG/KEG/MAWANE/LI/23/0071,KEG230171,Kegalle,Mawanella,2023-02-09T00:00:00,Heenatipana,26B,"පේරමඩුල්ල, උඩුමුල්ල","එෆ් 24/2, පේරමඩුල්ල, උඩුමුල්ල",කෑගල්ල-කොළඹ ප්‍රධාන මාර්ගයේ ගනේතැන්න හන්දියෙන් මහන්තේගම මාර්ගයේ කි.ම් 5ක් පමන ගමන් කර,2023-04-20T00:00:00,,,උස් වූ කණ්ඩි ආසන්නයේ අවිධිමත් ඉදිකිරීම් සිදුකිරීම,,,,7.2323,80.5032
Slope Failure,SF,NBRO/LRRMD-KEG/KEG/DERANI/LI/23/0206,KEG230421,Kegalle,Deraniyagala,2023-05-22T00:00:00,Poddenikanda,112C,බදුල්ල කැටිය,"බදුල්ල කැටිය, මාලිබොඩ","කෑගල්ල නගරයේ සිට කොළඹ - මහනුවර (A01) මාර්ගයෙන් ගලිගමුවටත්, ගලිගමුව සිට ගලිගමුව - වරාවල මාර්ගයෙන් (B127)",2023-05-02T00:00:00,,,සිදු වී නොමැත,,,,6.897205,80.399119
Slope Failure,SF,NBRO/LRRMD-KEG/KEG/DERANI/LI/23/0237,KEG230489,Kegalle,Deraniyagala,0001-01-01T00:00:00,Wattegedara,114D,සමන් සුරිදුගම,"මංචනායක මාවත, දැරණියගල",කෑගල්ල නගරයේ සිට දැරණියගල නගරයට ගමන්කර මංචනායක මාර්ගයේ මීටර 150ක් පමණ ගමන් කිරීමෙන් උක්ත ස්ථානයට,2023-06-05T00:00:00,2023-06-01T00:00:00,00:10,,,,,6.93332,80.33236
Slope Failure,SF,NBRO/LRRMD-KEG/KEG/YATIYN/LI/23/0265,KEG230526,Kegalle,Yatiyanthota,2023-06-14T00:00:00,Gonagamuwa,133,ගෝනගමුව,"ඩී 39, ගෝනගමුව, කිතුල්ගල","කෑගල්ල නගරයේ සිට කොළඹ- මහනුවර (A01) මාර්ගයෙන් ගලිගමුවටත්, ගලිගමුව සිට වරාවල (B127) මාර්ගයෙන් වරාවලටත්,",2023-06-19T00:00:00,,,,,,,7.008473,80.382066
Slope Failure,SF,NBRO/LRRMD-KEG/KEG/DERANI/LI/23/0288,KEG230560,Kegalle,Deraniyagala,2023-06-21T00:00:00,Miyanavita,114G,මියනවිට,"එම් 42, තුනේ කණුව, මියනවිට, දැරණියගල",කෑගල්ල නගරයේ සිට දැරණියගල නගරයට ගමන්කර යටිවල මාර්ගයේ කිලෝමීටර 5.5ක් පමණ ගමන් කිරීමෙන් උක්ත ස්ථාන,2023-06-14T00:00:00,2023-06-12T00:00:00,18:15,,17.75,114.25,133,6.89692,80.35214
Slope Failure,SF,NBRO/LRRMD-KEG/KEG/DERANI/LI/23/0290,KEG230562,Kegalle,Deraniyagala,0001-01-01T00:00:00,Miyanavita,114G,මියනවිට,"එම් 48, තුනේ කණුව, මියනවිට, දැරණියගල",,2023-06-14T00:00:00,2023-06-12T00:00:00,,අධික වර්ෂාව,,,,6.89764,80.35172
Slope Failure,SF,NBRO/LRRMD-KEG/KEG/BULATK/LI/23/0339,KEG230627,Kegalle,Bulathkohupitiya,2023-07-06T00:00:00,Rangalla,129,අක්කර 14,"අක්කර 14, මහරංගල්ල, උඳුගොඩ",කෑගල්ල නගරයේ සිට කෑගල්ල- බුලත්කොහුපිටිය- කරවනැල්ල (A21) මාර්ගයෙන් තන්නිමලේ මං සංධියට පිවිස එතැන් ස,2023-07-28T00:00:00,2023-06-29T00:00:00,16:30,අධික වර්ෂාව,2,24,46,7.127984,80.352758
Slope Failure,SF,NBRO/LRRMD-KEG/KEG/ARANAY/LI/23/0377,KEG230729,Kegalle,Aranayaka,2023-08-03T00:00:00,Selawa West,41C,සැලව,"එෆ්/104, අමුණ පාර, සැලව බටහිර, හෙම්මාතගම",කෑගල්ල නගරයේ සිට මාවනැල්ල නගරයට පිවිස අරණායක මාර්ගයේ ගමන්කිරීමෙන් හමුවන හොරේවල හංදියෙන් හැරී,2023-08-21T00:00:00,,,,,,,7.13748,80.50153
Slope Failure,SF,NBRO/LRRMD-KEG/KEG/ARANAY/LI/23/0409,KEG230818,Kegalle,Aranayaka,2023-09-06T00:00:00,Aranayaka,43,"නො 5, වීමල්ලවත්ත, අරණායක",,,2023-08-21T00:00:00,,,,,,,7.14504,80.46364
Slope Failure,SF,NBRO/LRRMD-KEG/KEG/ARANAY/LI/23/0559,KEG231041,Kegalle,Aranayaka,2023-11-03T00:00:00,Vilpola,45E,මාවතගොඩ,"එෆ්/11, මාවතගොඩ, අරණායක","කෑගල්ල නගරයේ සිට කොළඹ - මහනුවර (A01) මාර්ගයෙන් මාවනැල්ලටත්, මාවනැල්ල සිට මාවනැල්ල- අරණායක මාර්ගයෙන",2023-10-31T00:00:00,,,,,,,7.1663,80.45964
Slope Failure,SF,NBRO/LRRMD-KEG/KEG/RAMBUK/LI/23/0561,KEG231043,Kegalle,Rambukkana,2023-11-01T00:00:00,Henepola,22E,"වත්තේගම, මාකෙහෙල්වල","එෆ්/11/සී, වත්තේගම, මාකෙහෙල්වල",කෑගල්ල නගරයේ සිට රඹුක්කන නගරයට පැමිණ මාවනැල්ල මාර්ගයේ ගමන් කිරීමෙන් හමුවන හේනේපොල උළු කඩය අසල,2024-05-28T00:00:00,,,,,,,7.3029,80.44962
Slope Failure,SF,NBRO/LRRMD-KEG/KEG/KEGALL/LI/23/0614,KEG231112,Kegalle,Kegalle,2023-11-13T00:00:00,Ewunugalla,49A,නාමල්ගම,ඇවුණුගල්ල නාමල්ගම මාර්ගය,කෑගල්ල නගරයේ සිට කෑගල්ල- බුලත්කොහුපිටිය- කරවනැල්ල (A21) මාර්ගයෙන් ගම්සභා මංසංධියට පිවිසිය හැක. එතැ,2023-11-08T00:00:00,,,,,,,7.223276,80.377379
Slope Failure,SF,NBRO/LRRMD-KEG/KEG/ARANAY/LI/23/0700,KEG231216,Kegalle,Aranayaka,2023-11-22T00:00:00,Deiyanwala,41E,"දෙයියන්වල, අරණායක.",,,2024-04-29T00:00:00,,,,,,,7.13157,80.47075
Slope Failure,SF,NBRO/LRRMD-KEG/KEG/BULATK/LI/23/0791,KEG231308,Kegalle,Bulathkohupitiya,2023-11-24T00:00:00,Punehela,128,ඇදුරාපොල වත්ත,"ඇදුරාපොල වත්ත, අක්කර 05 කොටස",කෑගල්ල නගරයේ සිට කෑගල්ල- බුලත්කොහුපිටිය- කරවනැල්ල (A021) මාර්ගයෙන් යක්ඇල්ලට පිවිස එතැන් සිට ඇඳුරාප,2023-12-09T00:00:00,2023-12-08T00:00:00,19:00,අධික වර්ෂාව,0,31.5,50.1,7.087753,80.322173
Slope Failure,SF,NBRO/LRRMD-KEG/KEG/KEGALL/LI/23/0851,KEG231369,Kegalle,Kegalle,2023-11-29T00:00:00,Ewunugalla,49A,ඇවුණුගල්ල,"සැනසුම, කහතුඩුව, හෙට්ටිමුල්ල",කෑගල්ල නගරයේ සිට කෑගල්ල- බුලත්කොහුපිටිය- කරවනැල්ල (A21) මාර්ගයෙන් හෙට්ටිමුල්ලට පිවිසිය හැක. එතැන්,2023-11-20T00:00:00,2023-11-19T00:00:00,16:30,අධික වර්ෂාව,0,119,135.5,7.218447,80.374016
Slope Failure,SF,NBRO/LRRMD-KEG/KEG/KEGALL/LI/23/0856,KEG231374,Kegalle,Kegalle,2023-12-29T00:00:00,Golahela,51E,"අංක 36/3, ඈෂ්ලි පීරිස් මාවත, කෑගල්ල","අංක 36/3, ඈෂ්ලි පීරිස් මාවත, කෑගල්ල","අංක 36/3, ඈෂ්ලි පීරිස් මාවත, කෑගල්ල",2024-01-03T00:00:00,2023-12-19T00:00:00,,intense rainfall,,,,7.249292,80.360612
Slope Failure,SF,NBRO/LRRMD-KEG/KEG/ARANAY/LI/23/0863,KEG231386,Kegalle,Aranayaka,2023-12-01T00:00:00,Gal Athara,15C,"රයිගොඩවත්ත, ගල් අතර.","රයිගොඩවත්ත, ගල් අතර",කෑගල්ල නගරයේ සිට මාවනැල්ල නගරයට පිවිස අරණායක මාර්ගයේ ගමන්කිරීමෙන් හමුවන උස්සාපිටිය හංදියෙන්,2023-11-21T00:00:00,2023-11-19T00:00:00,17:30,,,109.5,,7.21619,80.42665
Slope Failure,SF,NBRO/LRRMD-KEG/KEG/RUWANW/LI/23/1005,KEG231532,Kegalle,Ruwanwella,2023-12-05T00:00:00,Lewangama South,99A,කොටළුගොඩකන්ද,"අයි/36, පහලගම, ලෙවන්ගම දකුණ","කෑගල්ල නගරයේ සිට කොළඹ - මහනුවර (A01) මාර්ගයෙන් ගලිගමුවටත්, ගලිගමුව සිට ගලිගමුව - වරාවල මාර්ගයෙන් (B127)",2023-11-25T00:00:00,2023-11-22T00:00:00,17:55,අධික වර්ෂාව,3,7.5,18.5,7.097476,80.246572
Slope Failure,SF,NBRO/LRRMD-KEG/KEG/MAWANE/LI/23/1026,KEG231567,Kegalle,Mawanella,2023-12-06T00:00:00,Mahanthegama,26C,මහන්තේගම,"D/14/A, මහන්තේගම, උඩමුල්ල.",කොළඹ - මහනුවර (A01) මාර්ගයෙන් ගනේතැන්නට පිවිසිය හැක. ගනේතැන්න සිට මහන්තේගම මාර්ගයේ කී. මී. 8.5 ක් පමණ ගි,2024-05-30T00:00:00,,,,,,,7.22978,80.516776
Slope Failure,SF,NBRO/LRRMD-KEG/KEG/YATIYN/LI/23/1035,KEG231576,Kegalle,Yatiyanthota,2023-12-07T00:00:00,Dombepola,132,"D 75, දොඹේපොල, යටියන්තොට.","D 75, දොඹේපොල, යටියන්තොට.",,2023-11-30T00:00:00,2023-11-19T00:00:00,17:30,,,,,7.07156,80.385614
Slope Failure,SF,NBRO/LRRMD-KEG/KEG/ARANAY/LI/23/1117,KEG231673,Kegalle,Aranayaka,2023-12-14T00:00:00,Deiyanwala,41E,"A/32, දෙයියන්වල, අරණායක.",,,2024-04-29T00:00:00,,,,,,,7.140323,80.469376
Slope Failure,SF,NBRO/LRRMD-KEG/KEG/ARANAY/LI/23/1212,KEG231770,Kegalle,Aranayaka,2023-12-04T00:00:00,Deiyanwala,41E,"දෙයියන්වල, අරණායක","දෙයියන්වල, අරණායක",කෑගල්ල නගරයේ සිට අරණායක හරහා හොරේවලට පැමිණ දෙයියන්වල මාර්ගයේ කිලෝමීටර 2ක් පමණ ගමන්කිරීමෙන් හමු,2024-07-19T00:00:00,,,,,,,7.13032,80.47209
Slope Failure,SF,NBRO/LRRMD-KEG/KEG/ARANAY/LI/23/1249,KEG231807,Kegalle,Aranayaka,2023-11-23T00:00:00,Wattegedara,16G,"වත්තෙගෙදර, ගල්අතර","වලව්වත්ත, වත්තේගෙදර, ගල්අතර",කෑගල්ල නගරයේ සිට මාවනැල්ල හරහා උස්සපිටියට පැමිණ හෙට්ටිමුල්ල මාර්ගයේ ගමන්කිරීමෙන් හමුවන සුදුග,2024-10-03T00:00:00,,,,,,,7.200529,80.41842
Slope Failure,SF,NBRO/LRRMD-KEG/KEG/WARAKA/LI/24/0022,KEG240041,Kegalle,Warakapola,2024-01-08T00:00:00,Nelumdeniya,85B,මොරවක සමෘද්ධි බැංකුව පිටුපස ඉවුර,"මොරවක, නෙලුන්දෙනිය",කෑගල්ල නගරයේ සිට කොළඹ දෙසට ගමන් කිරීමෙන් ගමන්කිරීමෙන් හමුවන නෙලුන්දෙනිය හංදිය පසුකර කොළඹ මීටර,2023-11-23T00:00:00,2023-11-20T00:00:00,19:30,,,,,7.23465,80.25864
Slope Failure,SF,NBRO/LRRMD-KEG/KEG/ARANAY/LI/24/0174,KEG240274,Kegalle,Aranayaka,2024-03-05T00:00:00,Deiyanwala,41E,බෙරවිල ජනපදය,"පාසල අසල, දෙයියන්වල, අරණායක",කෑගල්ල නගරයේ සිට මාවනැල්ල නගරයට පිවිස අරණායක මාර්ගයේ ගමන්කිරීමෙන් හමුවන හොරේවල හංදියෙන් හැරී,2024-02-01T00:00:00,,,,,,,7.13786,80.46667
Slope Failure,SF,NBRO/LRRMD-KEG/KEG/WARAKA/LI/24/0223,KEG240363,Kegalle,Warakapola,2024-03-28T00:00:00,Menikkadawara,86,"ජයතලී, මැණික්කඩවර, තුංතොට.",,,2024-04-30T00:00:00,2023-11-17T00:00:00,,,,,,7.180541,80.256146
Slope Failure,SF,NBRO/LRRMD-KEG/KEG/GALIGA/LI/24/0302,KEG240531,Kegalle,Galigamuwa,2024-05-15T00:00:00,Arandara,64A,"ජී / 34 / 1 , අරන්දර , අටාල.","ජී / 34 / 1 , අරන්දර , අටාල.","ජී / 34 / 1 , අරන්දර , අටාල.",2024-05-27T00:00:00,2024-06-10T00:00:00,14:15,,,,,7.182798,80.30148
Slope Failure,SF,NBRO/LRRMD-KEG/KEG/YATIYN/LI/24/0335,KEG240578,Kegalle,Yatiyanthota,2024-06-11T00:00:00,Amanawala,131A,"E-53, අමනාවල, බෙරන්නාව.","E-53, අමනාවල, බෙරන්නාව.",කෑගල්ල නගරයේ සිට කොළඹ නුවර මාර්ගයේ කොළඹ දෙසට යනවිට හමුවන ගලිගමුව හංදියෙන් හැරී කරවනැල්ලට පැමිණ,2024-06-03T00:00:00,,,,,,,7.06928,80.39396
Slope Failure,SF,NBRO/LRRMD-KEG/KEG/YATIYN/LI/24/0336,KEG240579,Kegalle,Yatiyanthota,2024-06-11T00:00:00,Amanawala,131A,"අමනාවල, බෙරන්නාව.","පුවක්ගහපිටතැන්න, අමනාවල, බෙරන්නාව",කෑගල්ල නගරයේ සිට කොළඹ නුවර මාර්ගයේ කොළඹ දෙසට යනවිට හමුවන ගලිගමුව හංදියෙන් හැරී කරවනැල්ලට පැමිණ,2024-06-03T00:00:00,2024-06-01T00:00:00,20:30,,,,,7.06338,80.39471
Slope Failure,SF,NBRO/LRRMD-KEG/KEG/YATIYN/LI/24/0342,KEG240591,Kegalle,Yatiyanthota,2024-06-11T00:00:00,Amanawala,131A,අමනාවල රෝහල අසළ,"අමනාවල, බෙරන්නාව","කෑගල්ල නගරයේ සිට කොළඹ- මහනුවර (A01) මාර්ගයෙන් ගලිගමුවටත්, ගලිගමුව සිට වරාවල (B127) මාර්ගයෙන් වරාවලටත්,",2024-06-02T00:00:00,2024-06-01T00:00:00,19:15,අධික වර්ෂාව,,,,7.066244,80.384775
Slope Failure,SF,NBRO/LRRMD-KEG/KEG/YATIYN/LI/24/0371,KEG240637,Kegalle,Yatiyanthota,2024-06-12T00:00:00,Malwatta,134C,පෑලීකූරුහින්න,"ජී 03, මල්වත්ත, කිතුල්ගල","කෑගල්ල නගරයේ සිට කොළඹ- මහනුවර (A01) මාර්ගයෙන් ගලිගමුවටත්, ගලිගමුව සිට වරාවල (B127) මාර්ගයෙන් වරාවලටත්,",2024-06-12T00:00:00,,,,,,,7.016314,80.414108
Slope Failure,SF,NBRO/LRRMD-KEG/KEG/WARAKA/LI/24/0402,KEG240696,Kegalle,Warakapola,2024-06-14T00:00:00,Godawela,96,"ගොඩවෙල, දංඕවිට","B/9/2, ගොඩවෙල, දංඕවිට",,2024-06-04T00:00:00,2024-06-02T00:00:00,03:00,අධික වර්ෂාපතනය,58.5,249.5,261.5,7.188236,80.1693596
Slope Failure,SF,NBRO/LRRMD-KEG/KEG/YATIYN/LI/24/0427,KEG240721,Kegalle,Yatiyanthota,2024-07-10T00:00:00,Amanawala,131A,නුගසෙවණ අසල,"නුගසෙවණ අසල, අමනාවල, බෙරන්නාව","කෑගල්ල නගරයේ සිට කොළඹ- මහනුවර (A01) මාර්ගයෙන් ගලිගමුවටත්, ගලිගමුව සිට වරාවල (B127) මාර්ගයෙන් වරාවලටත්,",2024-06-02T00:00:00,2024-06-01T00:00:00,20:00,අධික වර්ෂාව,,,,7.067215,80.386103
Slope Failure,SF,NBRO/LRRMD-KEG/KEG/ARANAY/LI/24/0456,KEG240777,Kegalle,Aranayaka,2024-07-24T00:00:00,Narangammana,45D,"B/21, සෙනෙහෙ සියපත ගම්මානය, වසන්තගම කොටස, නාරංගම්මන, අරණායක.",,කෑගල්ල නගරයේ සිට මාවනැල්ල නගරයට පිවිස අරණායක මාර්ගයේ ගමන්කිරීමෙන් හමුවන ගැවිලිපිටිය හංදියෙන්,2024-07-26T00:00:00,,,,,,,7.18404,80.44863
Slope Failure,SF,NBRO/LRRMD-KEG/KEG/RUWANW/LI/24/0468,KEG240789,Kegalle,Ruwanwella,2024-07-16T00:00:00,Dannoruwa,104C,ඉහළවත්ත,"ජී 36/1, හුඹස්වලාන, ඉහළවත්ත, රුවන්වැල්ල","කෑගල්ල නගරයේ සිට කොළඹ - මහනුවර (A01) මාර්ගයෙන් ගලිගමුවටත්, ගලිගමුව සිට ගලිගමුව - වරාවල මාර්ගයෙන් (B127)",2024-06-06T00:00:00,2024-06-02T00:00:00,12:00,අධික වර්ෂාව,33,73,73,7.062524,80.233696
Slope Failure,SF,NBRO/LRRMD-KEG/KEG/DERANI/LI/24/0469,KEG240790,Kegalle,Deraniyagala,2024-07-30T00:00:00,Dikellakanda,112E,"එල් 26/1, ඌරුවනාව, මාලිබොඩ",,,2024-07-16T00:00:00,,,,,,,6.886763,80.418369
Slope Failure,SF,NBRO/LRRMD-KEG/KEG/YATIYN/LI/24/0558,KEG240944,Kegalle,Yatiyanthota,2024-08-30T00:00:00,Nawata,135D,"ඌරාගල ජනපදය, නවට, යටියන්තොට","ඌරාගල ජනපදය, නවට, යටියන්තොට",,2024-08-22T00:00:00,2024-08-17T00:00:00,14:00,,,,,7.0150078,80.326562
Slope Failure,SF,NBRO/LRRMD-KEG/KEG/WARAKA/LI/24/0609,KEG241080,Kegalle,Warakapola,2024-09-20T00:00:00,Mahena,83B,"මාහේන, වරකාපොල","ගල් හේන, මාහේන, වරකාපොල",කෑගල්ලේ සිට කොළඹ-නුවර මාර්ගයේ කොළඹ දෙසට යනවිට හමුවන මාහේන හංදියෙන් හැරී එළිපත්ගමුව හරහා කොහොඹද,2024-10-11T00:00:00,,,,,,,7.22778,80.2139
Slope Failure,SF,NBRO/LRRMD-KEG/KEG/DERANI/LI/24/0641,KEG241142,Kegalle,Deraniyagala,2024-10-23T00:00:00,Dodawatta,110D,පුංචි දොඩාවත්ත,"බී 71/1, දොඩාවත්ත, නූරිය","කෑගල්ල නගරයේ සිට කොළඹ - මහනුවර (A01) මාර්ගයෙන් ගලිගමුවටත්, ගලිගමුව සිට ගලිගමුව - වරාවල මාර්ගයෙන් (B127)",2024-10-14T00:00:00,2024-10-11T00:00:00,10:15,අධික වර්ෂාව,0,0,18,6.961634,80.397602
Slope Failure,SF,NBRO/LRRMD-KEG/KEG/YATIYN/LI/24/0711,KEG241272,Kegalle,Yatiyanthota,2024-11-21T00:00:00,Amanawala,131A,මාහංගල,"අංක 74/1/බී, මාහංගල, අමනාවල, බෙරන්නාව","කෑගල්ල නගරයේ සිට කොළඹ- මහනුවර (A01) මාර්ගයෙන් ගලිගමුවටත්, ගලිගමුව සිට වරාවල (B127) මාර්ගයෙන් වරාවලටත්,",2024-11-09T00:00:00,2024-11-02T00:00:00,08:00,අධික වර්ෂාව,,,,7.058632,80.402232
Slope Failure,SF,NBRO/LRRMD-KEG/KEG/BULATK/LI/24/0782,KEG241345,Kegalle,Bulathkohupitiya,2024-11-22T00:00:00,Bulathkohupitiya,129B,"කිතුල්වත්ත, වැලිතුඩුව, බුලත්කොහුපිටිය","කිතුල්වත්ත, වැලිතුඩුව, බුලත්කොහුපිටිය",කෑගල්ල නගරයේ සිට බුලත්කොහුපිටිය නගරයට ගමන්කර අවිස්සාවේල්ල මාර්ගයේ ගමන්කිරීමේදී හමුවන වෑගල්ල,2024-11-21T00:00:00,2024-11-19T00:00:00,,,,,,7.11236,80.31011
Slope Failure,SF,NBRO/LRRMD-KEG/KEG/BULATK/LI/24/0783,KEG241346,Kegalle,Bulathkohupitiya,2024-11-22T00:00:00,Lewala,129A,කූඩදෙනිය,"ඩී 85/ 1/ ඒ, කූඩදෙනිය, බුලත්කොහුපිටිය",කෑගල්ල නගරයේ සිට බුලත්කොහුපිටිය නගරයට ගමන්කර දේදුගල මාර්ගයේ ගමන්කිරීමේදී හමුවන අංගුන්න හංදිය,2024-11-21T00:00:00,2024-11-18T00:00:00,19:00,,,,,7.09073,80.34039
Slope Failure,SF,NBRO/LRRMD-KEG/KEG/YATIYN/LI/24/0789,KEG241352,Kegalle,Yatiyanthota,2024-11-21T00:00:00,Hakbellawaka,135E,"නදීගම, හක්බෙල්ලාවක","සී 90, නදීගම, හක්බෙල්ලාවක",කෑගල්ල නගරයේ සිට කොළඹ නුවර මාර්ගයේ කොළඹ දෙසට යනවිට හමුවන ගලිගමුව හංදියෙන් හැරී කරවනැල්ලට පැමිණ,2024-11-22T00:00:00,2024-11-15T00:00:00,20:00,,,,,6.996525,80.331989
Slope Failure,SF,NBRO/LRRMD-KEG/KEG/ARANAY/LI/24/0814,KEG241377,Kegalle,Aranayaka,2024-11-28T00:00:00,Getaberi Kanda,43B,"ලගමුවතැන්න, වැලිමන්න","එෆ් 146/1, ලගමුවතැන්න, වැලිමන්න, අරණායක",කෑගල්ල නගරයේ සිට මාවනැල්ල නගරයට පිවිස අරණායක මාර්ගයේ ගමන්කිරීමෙන් හමුවන වැලිමන්න හංදියෙන් හැ,2024-11-07T00:00:00,2024-11-02T00:00:00,20:00,,,,,7.15288,80.4555
Slope Failure,SF,NBRO/LRRMD-KEG/KEG/YATIYN/LI/24/0830,KEG241407,Kegalle,Yatiyanthota,2024-12-02T00:00:00,Polpitiya,135B,මාලිගාතැන්න ගමට ගමන් කරන මාර්ගය,මාලිගාතැන්න ගමට ගමන් කරන මාර්ගය,"කෑගල්ල නගරයේ සිට කොළඹ- මහනුවර (A01) මාර්ගයෙන් ගලිගමුවටත්, ගලිගමුව සිට වරාවල (B127) මාර්ගයෙන් වරාවලටත්,",2024-11-19T00:00:00,2024-11-18T00:00:00,22:30,අධික වර්ෂාව,,,,7.039501,80.362739
Slope Failure,SF,NBRO/LRRMD-KEG/KEG/DERANI/LI/24/0833,KEG241410,Kegalle,Deraniyagala,2024-12-02T00:00:00,Yatiwala,113B,කොස්වත්තකඩේ,කැන්දලන්ද මාර්ගය,"කෑගල්ල නගරයේ සිට කොළඹ - මහනුවර (A01) මාර්ගයෙන් ගලිගමුවටත්, ගලිගමුව සිට ගලිගමුව - වරාවල මාර්ගයෙන් (B127)",2024-11-25T00:00:00,2024-12-09T00:00:00,18:30,අධික වර්ෂාව,,,,6.865956,80.385865
Slope Failure,SF,NBRO/LRRMD-KEG/KEG/DERANI/LI/24/0834,KEG241411,Kegalle,Deraniyagala,2024-12-02T00:00:00,Udabage,111,ජනහිතගම,ජනහිතගම මාර්ගය,"කෑගල්ල නගරයේ සිට කොළඹ - මහනුවර (A01) මාර්ගයෙන් ගලිගමුවටත්, ගලිගමුව සිට ගලිගමුව - වරාවල මාර්ගයෙන් (B127)",2024-11-25T00:00:00,2024-11-19T00:00:00,18:30,අධික වර්ෂාව,,,,6.956996,80.364618
Slope Failure,SF,NBRO/LRRMD-KEG/KEG/MAWANE/LI/24/0836,KEG241413,Kegalle,Mawanella,2024-12-03T00:00:00,Makadawara,25,"සී 109/5, පල්ලෙමාකඩවර, ගනේතැන්න, හිගුල","පල්ලෙමාකඩවර, ගනේතැන්න, හිගුල",කෑගල්ල නගරයේ සිට කොළඹ මහනුවර මාර්ගයේ මහනුවර දෙසට යනවිට හමුවන හිගුල පාළම අසලින් හැරී මොල්ලිගොඩ,2024-12-03T00:00:00,2024-11-28T00:00:00,01:30,,,,,7.24508,80.480303
Slope Failure,SF,NBRO/LRRMD-KEG/KEG/MAWANE/LI/24/0837,KEG241414,Kegalle,Mawanella,2024-12-03T00:00:00,Ginihappitiya East,36B,"ඩී 1/7, අම්ඹරේගොඩවත්ත, සාමපුර, හෙම්මාතගම","ඩී 1/7, අඹරේගොඩවත්ත, සාමපුර, හෙම්මාතගම",කෑගල්ල නගරයේ සිට මාවනැල්ල හරහා හෙම්මාතගම නගරයට පිවිස ගම්පොල මාර්ගයේ ගමන්කිරීමෙන් හමුවන අඹරේග,2024-12-03T00:00:00,2024-11-27T00:00:00,16:00,,,,,7.17903,80.50691
Slope Failure,SF,NBRO/LRRMD-KEG/KEG/KEGALL/LI/24/0910,KEG241524,Kegalle,Kegalle,2024-06-26T00:00:00,Gurullawala,56A,"කනතේගෙදර, ගුරුල්ලවල, මොරොන්තොට","කනතේගෙදර, ගුරුල්ලවල, මොරොන්තොට",කෑගල්ල නගරයෙන් ආරම්භකර බුලත්කොහුපිටිය මාර් ගයේ කි.මී.10ක් පමණ ගමන් කිරිමෙන් පසු අදාළ ස්ථානයට ලගා,2025-04-03T00:00:00,,,අක්‍රමවත් පෘෂ්ඨිය ජල වහනය,,,,7.1717176,80.3620144
Slope Failure,SF,NBRO/LRRMD-KEG/KEG/KEGALL/LI/24/0919,KEG241533,Kegalle,Kegalle,2024-03-03T00:00:00,Mabopitiya,59,මොරඳන,"තිලකරත්න ස්ටෝර්ස්, මාබෝපිටිය හන්දිය, උදුගොඩ",කෑගල්ල නගරයේ සිට කෑගල්ල- බුලත්කොහුපිටිය- කරවනැල්ල (A21) මාර්ගයෙන් පරීක්ෂා කළ ස්ථානට පිවිසිය හැක.,2025-03-28T00:00:00,2024-11-05T00:00:00,,අධික වර්ෂාව,,,,7.155597,80.367727
Slope Failure,SF,NBRO/LRRMD-KEG/KEG/MAWANE/LI/24/0973,KEG241592,Kegalle,Mawanella,2024-12-04T00:00:00,Ginihappitiya East,36B,"ඩී 170/11, ගිණිහපිටිය බටහිර, හෙම්මාතගම","ඩී 170/11, ගිණිහපිටිය බටහිර, හෙම්මාතගම",කැගල්ල නගරයෙන් ආරම්භකර මාවනැල්ල හරහා හෙම්මාතගම දෙසට පැමිණිමේදි ගිනිහප්පිටියෙන් දකුණට හැරි ග්,2025-03-19T00:00:00,2024-11-28T00:00:00,,අධික වර්ෂාව සමග සිදුවන අක්‍රමවත් පෘෂ්ඨිය ජල වහනය,,,,7.1806076,80.4973914
Slope Failure,SF,NBRO/LRRMD-KEG/KEG/DEHIOV/LI/24/1098,KEG241772,Kegalle,Dehiovita,2024-12-27T00:00:00,Atulugamwela,116F,හතාගොඩකන්ද,"ඊ 349, හතාගොඩකන්ද, අටළුගම දකුණ, දෙහිඕවිට",කෑගල්ල නගරයේ සිට දෙහිඕවිටට දෙසට ගමන් කරන විට හමුවන දෙබෑගම හංදියෙන් හැරී දෙබෑගම මාර්ග‍යේ කිලෝමී,2025-01-16T00:00:00,,,,,,,6.984163,80.25377
Slope Failure,SF,NBRO/LRRMD-KEG/KEG/MAWANE/LI/24/1107,KEG241781,Kegalle,Mawanella,2024-12-03T00:00:00,Heenatipana,26B,"අයි 11/3, නාවන්දල, උඩුමුල්ල, මාවනැල්ල",,,2025-01-20T00:00:00,,,,,,,7.22598,80.500615
Slope Failure,SF,NBRO/LRRMD-KEG/KEG/RUWANW/LI/24/1109,KEG241783,Kegalle,Ruwanwella,2024-10-02T00:00:00,Gonagala North,103C,"ඊ 344/1, ගෝණගල උතුර, වහකුල",,,2024-08-13T00:00:00,,,,,,,7.033906,80.203578
Slope Failure,SF,NBRO/LRRMD-KEG/KEG/ARANAY/LI/25/0017,KEG250053,Kegalle,Aranayaka,2025-02-07T00:00:00,Gevilipitiya Gama,45A,ශ්‍රී ඉසිපතනාරාම විහාරස්ථානයේ බෝධීන්වහන්සේ ස්ථාපිත කර ඇති භූමිය,ශ්‍රී ඉසිපතනාරාම විහාරස්ථානයේ බෝධීන්වහන්සේ ස්ථාපිත කර ඇති භූමිය,කෑගල්ල නගරයෙන් ආරම්භ කර මාවනැල්ලට පැමිණ මාවනැල්ල අරනායක මාර්ගයේ දෙබත්ගම හංදියෙන් දකුණට හැරි ම,2025-02-06T00:00:00,,,අධික වර්ෂාවත් සමග ඇති වන අක්‍රමවත් පෘෂ්ඨීය ජල වහනය,,,,7.182125,80.4483899
Slope Failure,SF,NBRO/LRRMD-KEG/KEG/BULATK/LI/25/0377,KEG251078,Kegalle,Bulathkohupitiya,2025-09-08T00:00:00,Punehela,128,"එගොඩ, පූනහැල, ඉහළගම","ඊ 55, එගොඩවත්ත, පූනහැල ඉහළගම, බුලත්කොහුපිටිය",කෑගල්ල නගරයේ සිට බුලත්කොහුපිටිය නගරයට ගමන්කර අවිස්සාවෙල්ල මාර්ගයේ ගමන්කිරීමෙන් හමුවන පනාපිට,2025-09-11T00:00:00,,,,,,,7.0813766,80.315051
Slope Failure,SF,NBRO/LRRMD-KRG/KUR/ALAWWA/LI/21/0007,KUR210008,Kurunegala,Alawwa,2021-11-10T00:00:00,Damunupola,968,"දම්මැහැර, දමුණුපොල","දම්මැහැර, දමුණුපොල",නාරම්මල සිට නාරම්මල-අලව්ව මාර්ගයේ යනවිට කි.මී. 5.5ක් පමණ ගමන්කරනවිට හමුවන වෑත්තෑව-දමුණුපොල මාර්ග,2021-11-12T00:00:00,2021-11-10T00:00:00,,,,,,7.36109,80.23117
Slope Failure,SF,NBRO/LRRMD-KRG/KUR/POLGAH/LI/21/0074,KUR210093,Kurunegala,Polgahawela,2021-11-09T00:00:00,Epakanda,937,"ඈපාකන්ද, ගොඩවෙල",:,ගොඩවෙල - වීරාගල මාර්ගයේ ගොඩවෙල සිට කි.මී 2ක් පමණ ගමන් කිරීමෙන් අදාල ස්ථානයට ළඟාවිය හැක.,2021-11-11T00:00:00,,,,,,,7.345975,80.296397
Slope Failure,SF,NBRO/LRRMD-KRG/KUR/POLGAH/LI/21/0075,KUR210094,Kurunegala,Polgahawela,2021-11-09T00:00:00,Weeragala,948,ගොඩවෙල-වීරාගල මාර්ගයේ ගොඩවෙල සිට කි.මී. 2.5ක් පමණ දුරින්,,ගොඩවෙල - වීරාගල මාර්ගයේ ගොඩවෙල සිට කි.මී 2.5ක් පමණ ගමන් කිරීමෙන් අදාල ස්ථානයට ළඟාවිය හැක,2021-11-11T00:00:00,,,,,,,7.348521,80.282989
Slope Failure,SF,NBRO/LRRMD-KRG/KUR/POLGAH/LI/21/0076,KUR210095,Kurunegala,Polgahawela,2021-11-09T00:00:00,Epakanda,937,"මොරමැණ්ඩිය, ඈපාකන්ද",,ගොඩවෙල - වීරාගල මාර්ගයේ ගොඩවෙල සිට කි.මී 2ක් පමණ ගමන් කිරීමෙන් අදාල ස්ථානයට ළඟාවිය හැක.,2021-11-11T00:00:00,,,,,,,7.346686,80.29438
Slope Failure,SF,NBRO/LRRMD-KRG/KUR/RIDEEG/LI/21/0119,KUR210134,Kurunegala,Rideegama,2021-11-13T00:00:00,Diniminiyathenna,544,"නිවාස 15, මදුරාගොඩ",,"කුරුණෑගල - මාතලේ ප්‍රධාන මාර්ගයේ, මදුරාගොඩ ප්‍රදේශයෙන් ඇති  කැළෑමුල්ල මාර්ගයේ ගමන් කිරීමෙන් හම",2021-11-10T00:00:00,2022-11-09T00:00:00,,,,,,7.596163,80.556841
Slope Failure,SF,NBRO/LRRMD-MAT/MTL/RATTOT/LI/17/0010,MTL170015,Matale,Rattota,2017-01-24T00:00:00,Kandenuwara East,E368D,"කන්දේනුවර නැගෙනහිර, නාවරියවත්ත",,,2017-03-24T00:00:00,,,,,,,7.456629,80.674992
Slope Failure,SF,NBRO/LRRMD-MAT/MTL/UKUWEL/LI/18/0005,MTL180140,Matale,Ukuwela,2018-10-26T00:00:00,Ukuwela,E355,,,,2018-10-26T00:00:00,,,,,,,7.41072333,80.67620666
Slope Failure,SF,NBRO/LRRMD-MAT/MTL/MATALE/LI/18/0011,MTL180146,Matale,Matale,2018-05-22T00:00:00,Parawatta,E350B,,,,2018-05-22T00:00:00,2018-05-21T00:00:00,14:30,,,,,7.41916939,80.6322475
Slope Failure,SF,NBRO/LRRMD-MAT/MTL/MATALE/LI/18/0066,MTL180515,Matale,Matale,2018-02-22T00:00:00,Walliwela,E330A,"වල්ලිවෙල, කවුඩුපැලැල්ල",,,2018-05-10T00:00:00,,,,,,,7.562488333,80.62561666
Slope Failure,SF,NBRO/LRRMD-MAT/MTL/GALEWE/LI/18/0068,MTL180518,Matale,Galewela,2018-06-24T00:00:00,Pattiwela,E432F,,,,2018-07-26T00:00:00,,,,,,,7.778281,80.5559958
Slope Failure,SF,NBRO/LRRMD-MAT/MTL/RATTOT/LI/18/0069,MTL180519,Matale,Rattota,2018-05-21T00:00:00,Rattota,E376,,,,2018-05-21T00:00:00,,,,,,,7.518712,80.676921
Slope Failure,SF,NBRO/LRRMD-MAT/MTL/RATTOT/LI/19/0067,MTL190528,Matale,Rattota,2019-06-21T00:00:00,Bodhikotuwa,E375A,,"ගෙදරවත්ත, බෝධිකොටුව",,2019-06-25T00:00:00,2012-12-18T00:00:00,,,,,,7.5168,80.686
Slope Failure,SF,NBRO/LRRMD-MAT/MTL/AMBANK/LI/19/0078,MTL190612,Matale,Ambanganga Korale,2019-07-19T00:00:00,Hunukete,E384B,"6/23/1, රත්තොටමලේ ජනපදය, හුණුකැටේ","6/23/1, රත්තොටමලේ ජනපදය, හුණුකැටේ",,2019-09-27T00:00:00,,,,,,,7.5288,80.6745
Slope Failure,SF,NBRO/LRRMD-MAT/MTL/RATTOT/LI/19/0083,MTL190617,Matale,Rattota,2019-12-23T00:00:00,Madakumbura,E375F,"134/2, මඩකුඹුර, වෙලන්ගහවත්ත","134/2, මඩකුඹුර, වෙලන්ගහවත්ත",,2024-12-20T00:00:00,,,,,,,7.5062,80.7031
Slope Failure,SF,NBRO/LRRMD-MAT/MTL/NAULA/LI/19/0110,MTL190653,Matale,Naula,2019-12-16T00:00:00,Meegaha Ela,E412F,මීගහඇල,,,2019-12-23T00:00:00,,,,,,,7.701,80.6667
Slope Failure,SF,NBRO/LRRMD-MAT/MTL/RATTOT/LI/20/0019,MTL200019,Matale,Rattota,2020-07-17T00:00:00,Kandenuwara East,E368D,අල්වත්ත,,,2021-08-08T00:00:00,,,,,,,7.453783,80.677668
Slope Failure,SF,NBRO/LRRMD-MAT/MTL/UKUWEL/LI/20/0020,MTL200020,Matale,Ukuwela,2020-10-26T00:00:00,Udupitiya,E357B,උඩුපිටිය,"68/2/1, උකුවෙල වත්ත, උඩුපිටිය",,2020-10-26T00:00:00,,,,,,,7.4250522,80.6228191
Slope Failure,SF,NBRO/LRRMD-MAT/MTL/RATTOT/LI/20/0023,MTL200023,Matale,Rattota,2020-01-03T00:00:00,Wanaraniya,E375C,වනරාණිය,"52, වනරාණිය, රත්තොට",,2021-09-16T00:00:00,,,,,,,7.5156,80.683
Slope Failure,SF,NBRO/LRRMD-MAT/MTL/RATTOT/LI/20/0024,MTL200024,Matale,Rattota,2020-01-03T00:00:00,Alakolamada,E374C,අලකොළමඩ,"සිසිල, අලකොළමඩ, කයිකාවල,රත්තොට",,2021-10-16T00:00:00,,,,,,,7.4882,80.6772
Slope Failure,SF,NBRO/LRRMD-MAT/MTL/UKUWEL/LI/20/0025,MTL200025,Matale,Ukuwela,2020-06-25T00:00:00,Nagolla,E355D,උකුවෙල වත්ත,"2/15, උකුවෙල, නාගොල්ල, උකුවෙල",,2020-10-05T00:00:00,,,,,,,7.42964,80.62379
Slope Failure,SF,NBRO/LRRMD-MAT/MTL/UKUWEL/LI/20/0028,MTL200028,Matale,Ukuwela,2020-08-31T00:00:00,Galaudahena,E343F,ගලඋඩහේන,"81/1, ගලඋඩහේන, ඕවිලිකන්ද, මාතලේ",,2021-07-28T00:00:00,,,,,,,7.47202876,80.589481
Slope Failure,SF,NBRO/LRRMD-MAT/MTL/RATTOT/LI/20/0029,MTL200029,Matale,Rattota,2020-02-05T00:00:00,Bandarapola,E366,සේරගොල්ල,"සේරගොල්ල, කටුදෙණිට, බණ්ඩාරපොල",,2021-09-15T00:00:00,,,,,,,7.449058,80.648483
Slope Failure,SF,NBRO/LRRMD-MAT/MTL/RATTOT/LI/21/0004,MTL210004,Matale,Rattota,2021-11-06T00:00:00,Alwatta,E369,කන්දේනුවර,"39, කන්දේනුවර, අල්වත්ත",,2021-11-06T00:00:00,,,,,,,7.454602,80.66836
Slope Failure,SF,NBRO/LRRMD-MAT/MTL/RATTOT/LI/21/0028,MTL210028,Matale,Rattota,2021-11-05T00:00:00,Neluwakanda,E368A,නෙළුවාක්ද,"133/1, නෙළුවාකන්ද, අල්වත්ත",,2021-11-05T00:00:00,,,,,,,7.4625329,80.6709289
Slope Failure,SF,NBRO/LRRMD-MAT/MTL/RATTOT/LI/21/0031,MTL210031,Matale,Rattota,2021-11-05T00:00:00,Muwandeniya,E368,කැන්දගොල්ල ජනපදය,මාතලේ නෙළුවාකන්ද මාර්ගයේ කැන්දගොල්ල යන ස්ථානය,,2021-11-03T00:00:00,2021-11-02T00:00:00,,,,,,7.461539,80.666848
Slope Failure,SF,NBRO/LRRMD-MAT/MTL/RATTOT/LI/21/0039,MTL210039,Matale,Rattota,2021-11-03T00:00:00,Muwandeniya,E368,කැන්දගොල්ල ජනපදය,"නො. 30, කැන්දගොල්ල ජනපදය, මුවන්දෙණිය",,2021-11-03T00:00:00,,,,,,,7.458506,80.666586
Slope Failure,SF,NBRO/LRRMD-MAT/MTL/UKUWEL/LI/21/0063,MTL210060,Matale,Ukuwela,2021-01-25T00:00:00,Wehigala,E362A,වැහිගල,,"68/2, පහළ වැහිගල, වැහිගල",2021-03-11T00:00:00,,,,,,,7.404846,80.66975
Slope Failure,SF,NBRO/LRRMD-MAT/MTL/RATTOT/LI/21/0076,MTL210073,Matale,Rattota,2021-11-06T00:00:00,Alwatta,E369,"97/1, අම්බලවත්ත, අල්වත්ත","97/1, අම්බලවත්ත, අල්වත්ත",,2021-11-06T00:00:00,,,,,,,7.45201,80.645351
Slope Failure,SF,NBRO/LRRMD-MAT/MTL/AMBANK/LI/21/0082,MTL210078,Matale,Ambanganga Korale,2021-11-10T00:00:00,Pussella,E384,"283, එගොඩ පුස්සැල්ල, ගම්මඩුව","283, එගොඩපුස්සැල්ල, ගම්මඩුව",,2021-11-10T00:00:00,,,,,,,7.5493,80.6843
Slope Failure,SF,NBRO/LRRMD-MAT/MTL/UKUWEL/LI/21/0149,MTL210136,Matale,Ukuwela,2021-01-04T00:00:00,Gurulawela South,E358A,,"72/සී, ගුරවෙල දකුණ, උකුවෙල",,2021-09-10T00:00:00,,,,,,,7.40649833,80.63798391
Slope Failure,SF,NBRO/LRRMD-MAT/MTL/RATTOT/LI/21/0152,MTL210139,Matale,Rattota,2021-11-30T00:00:00,Welangahawatta,E376A,වෙලන්ගහවත්ත,මා/ධර්ම විජය විද්‍යාලය,,2021-11-30T00:00:00,,,,,,,7.4864,80.6973
Slope Failure,SF,NBRO/LRRMD-MAT/MTL/UKUWEL/LI/21/0154,MTL210141,Matale,Ukuwela,2021-10-27T00:00:00,Karagahahinna,E362F,ඉඔුල්පිටිය,"2/2, හේයවුට් ජනපදය, ඉඹුල්පිටිය",,2021-11-03T00:00:00,,,,,,,7.3938,80.6785
Slope Failure,SF,NBRO/LRRMD-MAT/MTL/RATTOT/LI/21/0257,MTL210908,Matale,Rattota,2021-11-12T00:00:00,Bogambara,E374A,"34, බෝගම්බර බී ජනපදය, කයිකාවල",,,2021-11-11T00:00:00,,,,,,,7.492332,80.671512
Slope Failure,SF,NBRO/LRRMD-MAT/MTL/RATTOT/LI/21/0258,MTL210909,Matale,Rattota,2021-11-12T00:00:00,Pahala Hapuvida,E367A,"105, පහළ හපුවිද, අල්වත්ත",,,2021-11-13T00:00:00,,,,,,,7.432336,80.666139
Slope Failure,SF,NBRO/LRRMD-MAT/MTL/RATTOT/LI/21/0260,MTL210911,Matale,Rattota,2021-11-13T00:00:00,Pahala Hapuvida,E367A,"88/4, රත්වත්ත බී ජනපදය, ලෑලි අඹේ",,,2021-11-13T00:00:00,,,,,,,7.42893,80.663882
Slope Failure,SF,NBRO/LRRMD-MAT/MTL/RATTOT/LI/21/0261,MTL210912,Matale,Rattota,2021-11-12T00:00:00,Pahala Hapuvida,E367A,"13, පහළ හපුවිද, අල්වත්ත",,,2021-11-03T00:00:00,,,,,,,7.438793,80.66033
Slope Failure,SF,NBRO/LRRMD-MAT/MTL/RATTOT/LI/21/0262,MTL210913,Matale,Rattota,2021-11-24T00:00:00,Pahala Hapuvida,E367A,"6/1, අම්බලවත්ත, නව ජනපදය, පහළ හපුවිද",,,2021-11-13T00:00:00,,,,,,,7.437662,80.65904
Slope Failure,SF,NBRO/LRRMD-MAT/MTL/UKUWEL/LI/22/0012,MTL220496,Matale,Ukuwela,2022-03-23T00:00:00,Warakamura,E356,වරකාමුර,"නුවර පාර, වරකාමුර",,2022-04-28T00:00:00,,,,,,,7.4392,80.6296
Slope Failure,SF,NBRO/LRRMD-MAT/MTL/UKUWEL/LI/22/0028,MTL220512,Matale,Ukuwela,2022-04-20T00:00:00,Balakaduwa,E357D,වැලික්,"17/04/03, බලකඩුව, වැලිකන්ද",,2022-04-20T00:00:00,,,,,,,7.416462,80.614992
Slope Failure,SF,NBRO/LRRMD-MAT/MTL/YATAWA/LI/22/0032,MTL220516,Matale,Yatawatta,2022-01-03T00:00:00,Selagama East,E332D,සැලගම,"17, සැලගම, මාතලේ",,2021-10-23T00:00:00,,,,,,,7.5917989,80.593661
Slope Failure,SF,NBRO/LRRMD-MAT/MTL/MATALE/LI/22/0033,MTL220517,Matale,Matale,2022-01-03T00:00:00,Kandegedara,E351,අගලවත්ත ජනදය,"10/4, අගලවත්ත ජනපදය, මාතලේ",,2021-11-23T00:00:00,,,,,,,7.47708,80.614717
Slope Failure,SF,NBRO/LRRMD-MAT/MTL/RATTOT/LI/22/0037,MTL220521,Matale,Rattota,2022-01-03T00:00:00,Rattota,E376,අන්නාසිවත්ත,"164/16 ඒ, අන්නාසිවත්ත, රත්තොට",,2021-01-06T00:00:00,,,,,,,7.5179,80.6737
Slope Failure,SF,NBRO/LRRMD-MAT/MTL/RATTOT/LI/22/0041,MTL220525,Matale,Rattota,2022-01-26T00:00:00,Bodhikotuwa,E375A,බෝධිකොටුව,"බෝධිකොටුව, රත්තොට",,2022-01-26T00:00:00,,,,,,,7.591798,80.593661
Slope Failure,SF,NBRO/LRRMD-MAT/MTL/RATTOT/LI/22/0042,MTL220526,Matale,Rattota,2022-01-19T00:00:00,Wanaraniya,E375C,වනරාණිය,"141/1, වනරාණිය, රත්තොට",,2022-01-19T00:00:00,,,,,,,7.5115928,80.6852198
Slope Failure,SF,NBRO/LRRMD-MAT/MTL/AMBANK/LI/22/0255,MTL220544,Matale,Ambanganga Korale,2022-12-25T00:00:00,Thibbatukanatha,E380C,මිරිස්හේන,"Kithukanda,Raithalawa,Metihakka",Mathale Town-Rattota Town-Leftside-Abangagakoralya-Thibotukantha-Kithulkanda,2022-12-27T00:00:00,2022-12-26T00:00:00,,Unstable slope and poor surface drainage,,>75 mm,,7.546076,80.667136
Slope Failure,SF,NBRO/LRRMD-MAT/MTL/RATTOT/LI/22/0264,MTL220553,Matale,Rattota,2022-12-13T00:00:00,Weralugasthenna,E375B,වෙරළුගස්තැන්න,"දඹගොල්ල ජනපදය, දන්කන්ද",,2022-12-27T00:00:00,,,,,,,7.5217,80.7715
Slope Failure,SF,NBRO/LRRMD-MAT/MTL/AMBANK/LI/22/0272,MTL220562,Matale,Ambanganga Korale,2022-12-30T00:00:00,Hunukete,E384B,කොහිලවත්ත,"හුණුකැටේ -ඇලගල මාර්ගය, ඛොහිලවත්ත",රත්තොට -ගම්මඩුව මාර්ගයෙන් ඇලගල මාර්ගය ඔස්සේ කි.මී 1 ක පමණ දුරක් ගිය පසු මාර්ගයෙන් පහල ප්‍රදේශය අස,2023-01-31T00:00:00,2022-12-25T00:00:00,,,-,,,7.5432139,80.682364
Slope Failure,SF,NBRO/LRRMD-MAT/MTL/YATAWA/LI/22/0047,MTL220567,Matale,Yatawatta,2022-12-01T00:00:00,Wattegedara,E331I,ගලලියද්ද _ මහවෙල,"21/1,වත්තේ ගෙදර, ගලලියද්ද මහවෙල",,2022-12-01T00:00:00,,,,,,,7.5636028,80.6108345
Slope Failure,SF,NBRO/LRRMD-MAT/MTL/MATALE/LI/22/0273,MTL220569,Matale,Matale,2022-12-27T00:00:00,Nagolla,E353A,නාගොල්ල,"16/8, නාගොල්ලගම පාර, මාතලේ",,2023-03-01T00:00:00,,,inadequate toe support & poor drainage,,,,7.454214,80.616502
Slope Failure,SF,NBRO/LRRMD-MAT/MTL/RATTOT/LI/22/0055,MTL220576,Matale,Rattota,2022-01-25T00:00:00,Bodhikotuwa,E375A,"69/8,දික්කුඹුර, රත්තොට","69/8,දික්කුඹුර, රත්තොට",,2022-01-25T00:00:00,,,,,,,7.50877,80.69085
Slope Failure,SF,NBRO/LRRMD-MAT/MTL/YATAWA/LI/22/0105,MTL220636,Matale,Yatawatta,2022-05-03T00:00:00,Alokagama,E337E,"25, ආලොකගම, මාතලේ","25, ආලෝකගම, මාතලේ",,0001-01-01T00:00:00,,,,,,,7.562598,80.592618
Slope Failure,SF,NBRO/LRRMD-MAT/MTL/UKUWEL/LI/22/0108,MTL220639,Matale,Ukuwela,2022-05-17T00:00:00,Elkaduwa,E363A,"ආනන්ද ජනපදය, ඇල්කඩුව",,,2022-05-17T00:00:00,,,,,,,7.412403,80.688733
Slope Failure,SF,NBRO/LRRMD-MAT/MTL/UKUWEL/LI/22/0111,MTL220642,Matale,Ukuwela,2022-05-17T00:00:00,Elkaduwa,E363A,"ආනන්ද ජනපදය, ඇල්කඩුව",,,2022-05-17T00:00:00,,,,,,,7.414238,80.688163
Slope Failure,SF,NBRO/LRRMD-MAT/MTL/YATAWA/LI/22/0112,MTL220643,Matale,Yatawatta,2022-05-03T00:00:00,Rathninda,E340E,"155/2, රත්නින්ඳ, මතලාපිටිය, වාලවෙල",,,2022-05-03T00:00:00,,,,,,,7.5145,80.5717
Slope Failure,SF,NBRO/LRRMD-MAT/MTL/RATTOT/LI/23/0004,MTL230066,Matale,Rattota,2023-03-09T00:00:00,Maussagolla,E375,මාඋස්සාගොල්ල,"සම්පත් නිවස,පන්සල පාර, මාඋස්සාගොල්ල, රත්තොට",,2022-12-27T00:00:00,,,,,,,7.5009,80.6911
Slope Failure,SF,NBRO/LRRMD-MAT/MTL/AMBANK/LI/23/0042,MTL230112,Matale,Ambanganga Korale,2023-02-16T00:00:00,Gammaduwa,E381C,කරගස්තැන්න,,,2023-04-26T00:00:00,,,,,,,7.58548,80.713099
Slope Failure,SF,NBRO/LRRMD-MAT/MTL/RATTOT/LI/23/0096,MTL230464,Matale,Rattota,2023-11-20T00:00:00,Bodhikotuwa,E375A,,,,2003-11-11T00:00:00,,,,,,,7.5055,80.690124
Slope Failure,SF,NBRO/LRRMD-MAT/MTL/YATAWA/LI/24/0133,MTL240582,Matale,Yatawatta,2024-09-12T00:00:00,Daluwela,E341B,බටහිර වත්ත,"බටහිර වත්ත,දළුවත්ත,මාතලේ",,2024-09-11T00:00:00,,,,,,,7.489575,80.591601
Slope Failure,SF,NBRO/LRRMD-MAT/MTL/YATAWA/LI/24/0147,MTL240721,Matale,Yatawatta,2024-11-30T00:00:00,Daluwela,E341B,මාතලේ බටහිරවත්ත,,,2024-11-28T00:00:00,2024-11-27T00:00:00,05:30,,,,,7.492589,80.593126
Slope Failure,SF,NBRO/LRRMD-MAT/MTL/RATTOT/LI/24/0154,MTL240728,Matale,Rattota,2024-11-30T00:00:00,Medawatta,E375E,මැදවත්ත පහළ කොටස,මැදවත්ත පහළ කොටස,,2024-11-29T00:00:00,2024-11-28T00:00:00,,,,,,7.5161193,80.7227718
Slope Failure,SF,NBRO/LRRMD-MAT/MTL/RATTOT/LI/24/0162,MTL240756,Matale,Rattota,2024-12-06T00:00:00,Udagama,E374,වේවැල්මඩ,"වේවැල්මඩ,රත්තොට",,2024-12-02T00:00:00,2024-11-27T00:00:00,,,,,,7.483431,80.688361
Slope Failure,SF,NBRO/LRRMD-MAT/MTL/RATTOT/LI/24/0164,MTL240758,Matale,Rattota,2024-12-06T00:00:00,Kandenuwara West,E368G,ගල්ගේවත්ත,ගල්ගේවත්ත කොටසේ වතු නිවාස පිහිටි බෑවුම,,2024-11-30T00:00:00,2024-11-28T00:00:00,,,,,,7.437994,80.695068
Slope Failure,SF,NBRO/LRRMD-MAT/MTL/YATAWA/LI/24/0186,MTL240817,Matale,Yatawatta,2024-12-20T00:00:00,Mathalapitiya,E340A,මාතලාපිටිය දකුණ,මාතලාපිටිය පල්ලෙගම මාර්ගය,,0001-01-01T00:00:00,,,,,,,7.524339,80.57239
Slope Failure,SF,NBRO/LRRMD-MAT/MTL/LAGGAP/LI/25/0082,MTL250756,Matale,Laggala-Pallegama,2025-10-27T00:00:00,Pitawala,E385,ගොනමඩවත්ත,මාතලේ - ලග්ගල - ඉලික්කුඹුර මාර්ගයේ කිලෝමිට්ට්ර්  28 ආශ්‍රිත ප්‍රදේශය,මාතලේ - ලග්ගල - ඉලික්කුඹුර මාර්ගයේ කිලෝමිට්ට්ර්  28 ආශ්‍රිත ප්‍රදේශය,2025-10-18T00:00:00,2025-10-16T00:00:00,20:00,අධික වර්ෂාපතනය,,,,7.5288939,80.73815
Slope Failure,SF,NBRO/LRRMD-MAT/MTL/YATAWA/LI/25/0084,MTL250768,Matale,Yatawatta,2025-10-27T00:00:00,Daluwela,E341B,"අස්ගිරිය වත්ත, දළුවෙල","අන්තෝනි කන්ද,බටහිරවත්ත,දළුවෙල",,2025-10-24T00:00:00,,,,,,,7.4914751,80.591282
Slope Failure,SF,NBRO/LRRMD-MTR/MTR/ATHURA/LI/13/0034,MTR130038,Matara,Athuraliya,2013-11-18T00:00:00,Thalahagama West,306A,"'සිරිසෙවන'' , අගලකඩ",,,0001-01-01T00:00:00,,,,,,,6.1378,80.49815
Slope Failure,SF,NBRO/LRRMD-MTR/MTR/THIHAG/LI/15/0079,MTR150088,Matara,Thihagoda,2015-06-12T00:00:00,Wellethota,342,"අංක 38 A, පොලිස් ගම්මානය, වැල්ලෙතොට, පාලටුව",,,0001-01-01T00:00:00,,,,,,,6.0235,80.528183
Slope Failure,SF,NBRO/LRRMD-MTR/MTR/PITABE/LI/15/0100,MTR150109,Matara,Pitabeddara,2015-11-30T00:00:00,Pitabeddara,261A,"කොටපොල, පිටබැද්දර",,,0001-01-01T00:00:00,,,,,,,6.19435,80.499733
Slope Failure,SF,NBRO/LRRMD-MTR/MTR/AKURES/LI/15/0122,MTR150146,Matara,Akuressa,2015-09-07T00:00:00,Ketanvila,366,"රත්නගිරි විහාරය, කැටන්විල, මලිදුව, අකුරැස්ස",,,0001-01-01T00:00:00,,,,,,,6.128933,80.425333
Slope Failure,SF,NBRO/LRRMD-MTR/MTR/MALIMB/LI/16/0040,MTR160092,Matara,Malimbada,2016-06-07T00:00:00,Horagoda West,355C,"දොලමුල්ල වත්ත, හොරගොඩ, තෙලිජ්ජවිල",,,0001-01-01T00:00:00,,,,,,,6.044933,80.470167
Slope Failure,SF,NBRO/LRRMD-MTR/MTR/MALIMB/LI/16/0042,MTR160094,Matara,Malimbada,2016-06-07T00:00:00,Akurugoda West,400A,"සේනානි විදුහල පාර, අකුරුගොඩ, සුල්තානාගොඩ",,,0001-01-01T00:00:00,,,,,,,6.010033,80.491783
Slope Failure,SF,NBRO/LRRMD-MTR/MTR/MALIMB/LI/16/0043,MTR160095,Matara,Malimbada,2016-06-07T00:00:00,Pahala Kiyaduwa,355B,"පුළුන්දෙණිය, ඇල්ගිරිය, තෙලිජ්ජවිල",,,0001-01-01T00:00:00,,,,,,,6.053783,80.487233
Slope Failure,SF,NBRO/LRRMD-MTR/MTR/ATHURA/LI/17/0161,MTR170198,Matara,Athuraliya,2017-09-12T00:00:00,Vilpita East 11,313B,"කෝරළදෙණිය, විල්පිට",,,0001-01-01T00:00:00,,,,,,,6.09945,80.51083
Slope Failure,SF,NBRO/LRRMD-MTR/MTR/PITABE/LI/17/0259,MTR170375,Matara,Pitabeddara,2017-05-24T00:00:00,Thalapekumbura,261G,"අතුඇලවත්ත, අතුඇල, පිටබැද්දර",,,0001-01-01T00:00:00,,,,,,,6.234533,80.474067
Slope Failure,SF,NBRO/LRRMD-MTR/MTR/ATHURA/LI/17/0260,MTR170378,Matara,Athuraliya,2017-08-18T00:00:00,Vilpita East 1,313,"132, තල්පාවිල",,,0001-01-01T00:00:00,,,,,,,6.09564,80.5288
Slope Failure,SF,NBRO/LRRMD-MTR/MTR/MULATI/LI/18/0005,MTR180005,Matara,Mulatiyana,2018-06-14T00:00:00,Ketapalakanda,273C,"දොළඉහල හේන, කැටපලකන්ද, මුලටියන","දොළඉහල හේන, කැටපලකන්ද, මුලටියන",,2018-06-14T00:00:00,2017-05-25T00:00:00,,අධික තිව්‍රතාවයකින් යුක්ත වු වර්ෂාව,,,,6.1822,80.59735
Slope Failure,SF,NBRO/LRRMD-MTR/MTR/THIHAG/LI/18/0473,MTR180517,Matara,Thihagoda,2018-07-20T00:00:00,Nadugala 1,337,දෙහිගහවත්ත,,,0001-01-01T00:00:00,,,,,,,5.9825,80.549167
Slope Failure,SF,NBRO/LRRMD-MTR/MTR/KOTAPO/LI/18/0869,MTR180915,Matara,Kotapola,2018-02-17T00:00:00,Kosmodara,242E,"කිරිවානගඟහේන, වේවැල්වෙල, කොස්මෝදර",,,0001-01-01T00:00:00,,,,,,,6.28838,80.57119
Slope Failure,SF,NBRO/LRRMD-MTR/MTR/KOTAPO/LI/18/0905,MTR180952,Matara,Kotapola,2018-03-05T00:00:00,Porupitiya,257B,"58, නිල්නදීගම, පෝරුපිටිය, වරල්ල",,,0001-01-01T00:00:00,,,,,,,6.26855,80.51604
Slope Failure,SF,NBRO/LRRMD-MTR/MTR/PITABE/LI/18/0969,MTR181016,Matara,Pitabeddara,2018-07-30T00:00:00,Banagala West,260A,"මොරවක ගෙදර, බානගල, ඕපාත හා පලාගලවත්ත, බානගල",,,0001-01-01T00:00:00,,,,,,,6.28864,80.42411
Slope Failure,SF,NBRO/LRRMD-MTR/MTR/PASGOD/LI/18/1019,MTR181067,Matara,Pasgoda,2018-10-29T00:00:00,Hulankanda,253B,"ශාන්ත සෙවන , හුළංකන්ද, දම්පහල",,,0001-01-01T00:00:00,,,,,,,6.26662,80.65067
Slope Failure,SF,NBRO/LRRMD-MTR/MTR/MULATI/LI/19/0050,MTR190050,Matara,Mulatiyana,2019-05-31T00:00:00,Pallawela,279C,"මහවත්තහේන, පල්ලාවෙල, රදාවෙල","මහවත්තහේන, පල්ලාවෙල, රදාවෙල",,2019-10-07T00:00:00,2019-09-23T00:00:00,,අධික තිව්‍රතාවයකින් යුත් වර්ෂාව,,,,6.11905,80.62093
Slope Failure,SF,NBRO/LRRMD-MTR/MTR/MULATI/LI/19/0051,MTR190051,Matara,Mulatiyana,2019-11-22T00:00:00,Diddenipotha North,302B,"ගල්පොත්ත, දිද්දෙණිපොත, මාකඳුර","ගල්පොත්ත, දිද්දෙණිපොත, මාකඳුර",,2020-01-09T00:00:00,,,අධික තිව්‍රතාවයකින් යුත් වර්ෂාව,,,,6.158117,80.574448
Slope Failure,SF,NBRO/LRRMD-MTR/MTR/KOTAPO/LI/19/0553,MTR190727,Matara,Kotapola,2019-02-18T00:00:00,Kalugalahena,244B,"හැන්ෆර්ඩ් කොළනිය, ඉහළගම පාර, දෙනියාය",,,0001-01-01T00:00:00,,,,,,,6.36535,80.57737
Slope Failure,SF,NBRO/LRRMD-MTR/MTR/KOTAPO/LI/19/0585,MTR190760,Matara,Kotapola,2019-11-28T00:00:00,Kalugalahena,244B,"නො: 345/B1, කළුගලහේන, දෙනියාය",,,0001-01-01T00:00:00,,,,,,,6.34048,80.57116
Slope Failure,SF,NBRO/LRRMD-MTR/MTR/PITABE/LI/19/0638,MTR190813,Matara,Pitabeddara,2019-07-24T00:00:00,Galabada,259D,"ශ්‍රී මංගලාරාමය, කළුබෝවිටියාන",,,0001-01-01T00:00:00,,,,,,,6.31578,80.40189
Slope Failure,SF,NBRO/LRRMD-MTR/MTR/DEVINU/LI/19/0642,MTR190817,Matara,Devinuwara,2019-09-12T00:00:00,Kapugama Central,436C,"වරාවත්ත, කපුගම, දෙවිනුවර",,,0001-01-01T00:00:00,,,,,,,5.94028,80.59949
Slope Failure,SF,NBRO/LRRMD-MTR/MTR/DEVINU/LI/19/0654,MTR190829,Matara,Devinuwara,2019-02-08T00:00:00,Uda Aparekka,448,"කාංචන, නාකුට්ටිය පාර, උඩ අපරැක්ක - නැගෙනහිර, රත්මලේ",,,0001-01-01T00:00:00,,,,,,,5.99099,80.63093
Slope Failure,SF,NBRO/LRRMD-MTR/MTR/DEVINU/LI/19/0655,MTR190830,Matara,Devinuwara,2019-02-08T00:00:00,Uda Aparekka East,448A,"නදීකා නිවස, නාකුට්ටිය පාර, උඩඅපරැක්ක, නැගෙනහිර, රත්මලේ",,,0001-01-01T00:00:00,,,,,,,5.99085,80.63004
Slope Failure,SF,NBRO/LRRMD-MTR/MTR/DEVINU/LI/19/0657,MTR190832,Matara,Devinuwara,2019-01-31T00:00:00,Uda Aparekka East,448A,"බේරුවලහේන, උඩඅපරැක්ක නැගෙනහිර, නාකුට්ටිය පාර, රත්මලේ",,,0001-01-01T00:00:00,,,,,,,5.99143,80.62965
Slope Failure,SF,NBRO/LRRMD-MTR/MTR/MULATI/LI/20/0200,MTR200302,Matara,Mulatiyana,2020-02-17T00:00:00,Parapamulla East,276,"පොද්දල, පරපාමුල්ල, දෙයියන්දර","පොද්දල, පරපාමුල්ල, දෙයියන්දර",,2020-02-17T00:00:00,2019-11-05T00:00:00,04:30,"අවිධිමත් ජල පරිවහන රටාවන්, අවිධිමත් භූමි පරිහරණ රටාවන්",,,,6.150285,80.626754
Slope Failure,SF,NBRO/LRRMD-MTR/MTR/MULATI/LI/20/0201,MTR200303,Matara,Mulatiyana,2020-01-24T00:00:00,Ketiyape North,273,"නො. 120/03, කැටියේ උතුර, දෙයියන්දර","නො. 120/03, කැටියේ උතුර, දෙයියන්දර",,2020-02-03T00:00:00,,,-,,,,6.173666,80.61698
Slope Failure,SF,NBRO/LRRMD-MTR/MTR/ATHURA/LI/20/0351,MTR200467,Matara,Athuraliya,2020-02-28T00:00:00,Uggashena,313D,"අංක 117, කම්බිඅඩිය, විල්පිට, අකුරැස්ස",,,0001-01-01T00:00:00,,,,,,,6.11365,80.53118
Slope Failure,SF,NBRO/LRRMD-MTR/MTR/ATHURA/LI/20/0359,MTR200475,Matara,Athuraliya,2020-06-18T00:00:00,Urumutta,304,"ධම්මරතනගම, ඌරුමුත්ත, අකුරැස්ස",,,0001-01-01T00:00:00,,,,,,,6.15673,80.52798
Slope Failure,SF,NBRO/LRRMD-MTR/MTR/MALIMB/LI/20/0392,MTR200508,Matara,Malimbada,2020-05-31T00:00:00,Pahala Kiyaduwa,355B,"පුළුන්දෙණියහේන, පරදූව, අකුරැස්ස",,,0001-01-01T00:00:00,,,,,,,6.06231,80.48702
Slope Failure,SF,NBRO/LRRMD-MTR/MTR/THIHAG/LI/20/0400,MTR200517,Matara,Thihagoda,2020-06-30T00:00:00,Batuvita 2,344D,"අලුත්ගෙදරවත්ත, බටුවිට, තිහගොඩ",,,0001-01-01T00:00:00,,,,,,,6.02182,80.58477
Slope Failure,SF,NBRO/LRRMD-MTR/MTR/THIHAG/LI/20/0409,MTR200527,Matara,Thihagoda,2020-04-30T00:00:00,Kithalagama East 3,347B,"ළිඳගාවත්ත, කිතලගම නැගෙනහිර",,,0001-01-01T00:00:00,,,,,,,6.01643,80.55345
Slope Failure,SF,NBRO/LRRMD-MTR/MTR/THIHAG/LI/20/0410,MTR200528,Matara,Thihagoda,2020-06-30T00:00:00,Elambathalagoda,340B,"තලගහගාවහේන, එළඔතලාගොඩ, පාලටුව",,,0001-01-01T00:00:00,,,,,,,5.99079,80.52926
Slope Failure,SF,NBRO/LRRMD-MTR/MTR/HAKMAN/LI/20/0424,MTR200542,Matara,Hakmana,2020-06-18T00:00:00,Denagama North,280C,"අංක 218 සී, දෙනගම උතුර, දෙනගම",,,0001-01-01T00:00:00,,,,,,,6.11318,80.63819
Slope Failure,SF,NBRO/LRRMD-MTR/MTR/HAKMAN/LI/20/0428,MTR200546,Matara,Hakmana,2020-05-29T00:00:00,Denagama North,280C,"අංක 164/1, දෙනගම උතුර, දෙනගම",,,0001-01-01T00:00:00,,,,,,,6.10625,80.64006
Slope Failure,SF,NBRO/LRRMD-MTR/MTR/HAKMAN/LI/20/0431,MTR200549,Matara,Hakmana,2020-03-31T00:00:00,Kebiliyapola South,284A,"220/1, පැලවත්ත, කැබිලියපොළ දකුණ, හක්මණ",,,0001-01-01T00:00:00,,,,,,,6.08131,80.65605
Slope Failure,SF,NBRO/LRRMD-MTR/MTR/PITABE/LI/21/0287,MTR210525,Matara,Pitabeddara,2021-01-15T00:00:00,Diyadawa,263C,"ගාමිණි, දියදාව, සියඔලාගොඩ, පිටබැද්දර",,,0001-01-01T00:00:00,,,,,,,6.20966,80.52592
Slope Failure,SF,NBRO/LRRMD-MTR/MTR/WELIGA/LI/22/0205,MTR220205,Matara,Weligama,2022-03-22T00:00:00,Walliwala South,386B,"මාහේන, වල්ලිවල","නො:06, මාහේන, වල්ලිවල, වැලිගම",,2022-10-10T00:00:00,2021-11-09T00:00:00,17:30,අධික තීවුරතාවයකින් යුක්ත වූ වර්ෂාපතනය අවිධිමත් වැසිජල කළමණාකරණය අවිධිමත් ඉඩම් පරිහරණ රටාව මත,-,,,5.96526,80.4165
Slope Failure,SF,NBRO/LRRMD-MTR/MTR/MATAFG/LI/22/0286,MTR220286,Matara,Matara Four Gravets,2022-07-01T00:00:00,Pahalagoda,428B,"තම්රිගෙවත්ත, නිවාමන","තම්රිගෙවත්ත, සෝමාරාම පාර, නිවාමන",,2022-09-26T00:00:00,2021-11-04T00:00:00,23:00,"අධික තීවුරතාවයකින් යුක්ත වූ  වර්ෂාපතනය, භූරූපන සාධක, භූ විද්‍යාත්මක සාධක, අවිධිමත් පෘෂ්ටීය ජලවහ",-,-,-,5.96779,80.56091
Slope Failure,SF,NBRO/LRRMD-MTR/MTR/PITABE/LI/22/0410,MTR220545,Matara,Pitabeddara,2022-08-05T00:00:00,Paradupalla,262F,පරදපල්ල,"සසිඳු නිවස, පරදපල්ල, වැලිව, මොරවක",මාතර - අකුරැස්ස - දෙනියාය මාර්ගයේ මිල්ලඇල හන්දිය දක්වා පැමිණ එහිදී හමු වන දකුණු අත දිශාවට විහිදී,2022-11-09T00:00:00,2022-08-01T00:00:00,09:45,"අධික තීවුරතාවයකින් යුක්ත වූ  වර්ෂාපතනය,  භූරූපන සාධක,  භූ විද්‍යාත්මක සාධක,  අවිධිමත් පෘෂ්ටීය ජලව",,,,6.2386,80.50311
Slope Failure,SF,NBRO/LRRMD-MTR/MTR/KOTAPO/LI/23/0044,MTR230085,Matara,Kotapola,2023-05-23T00:00:00,Ihalagama,243B,"ඇල්ල කොළනිය, ඉහලගම, දෙනියාය","ඇල්ල කොළනිය, ඉහලගම, දෙනියාය",දෙනියාය නගරයෙන් ඉහළගම පාරේ පාලම පසුකර කන්ද පාරේ වසා දැමූ කුඩා කඩය අසළින් දකුණට වන මාර්ගයේ ගමන් ග,2024-03-06T00:00:00,,,අධික වර්ෂාපතනය,,,,6.35374,80.582548
Slope Failure,SF,NBRO/LRRMD-MTR/MTR/PASGOD/LI/23/0128,MTR230171,Matara,Pasgoda,2023-05-31T00:00:00,Bengamuwa South,255C,"පුංචි මහහේන, බෙංගමුව",,,0001-01-01T00:00:00,,,,,,,6.26025,80.59044
Slope Failure,SF,NBRO/LRRMD-MTR/MTR/HAKMAN/LI/23/0278,MTR230376,Matara,Hakmana,2023-09-22T00:00:00,Kongala West,295A,කෝංගල අභය මහා විද්‍යාලය,,,0001-01-01T00:00:00,,,,,,,6.07851,80.63902
Slope Failure,SF,NBRO/LRRMD-MTR/MTR/MULATI/LI/23/0284,MTR230382,Matara,Mulatiyana,2023-09-25T00:00:00,Pallawela,279C,"905ඒ, ඉහළමුල්ල, පල්ලාවෙල, රඳාවෙල","905ඒ, ඉහළමුල්ල, පල්ලාවෙල, රඳාවෙල2",හක්මණ මුලටියන පාරේ පල්ලාවෙල තෙළඹු ගහ අසලින් පාරේ ගමන් ගන්නා විට අදාළ නිවස පිහිටා ඇත.,2024-01-09T00:00:00,2023-12-13T00:00:00,,"අධික තීව්‍රරතාවයකින් යුක්ත වූ වර්ෂාපතනය, අවිධිමත් භූ පරිහරණ රටාවන් පැවතීම, මතුපිට පාංශු ස්ථරයේ",,,,6.11455,80.61554
Slope Failure,SF,NBRO/LRRMD-MTR/MTR/KAMBUR/LI/23/0317,MTR230415,Matara,Kamburupitiya,2023-10-05T00:00:00,Palolpitiya,346B,"බීරිගෙවත්ත, පලොල්පිටිය, තිහගොඩ",,,0001-01-01T00:00:00,,,,,,,6.03072,80.55889
Slope Failure,SF,NBRO/LRRMD-MTR/MTR/ATHURA/LI/23/0500,MTR230608,Matara,Athuraliya,2023-10-25T00:00:00,Namburukanda,314C,නාඹුරුකන්ද,"කිරිගහදෙණිය, නාඹුරුකන්ද, ඉහල අතුරලිය, අකුරැස්ස",අකුරැස්ස-කඹුරුපිටිය මාර්ගයේ පැමිණ බටුගොඩ හන්දියෙන් ඌරුහේන පාරේ පැමිණ කිරිගහදෙණිය අතුරු මාර්ග,2023-11-17T00:00:00,2023-10-03T00:00:00,15:00,"අධික තීව්‍රරතාවයකින් යුක්ත වූ වර්ෂාපතනය, අවිධිමත් භූ පරිහරණ රටාවන් පැවතීම, මතුපිට පාංශු ස්ථරයේ",,,,6.08694,80.50953
Slope Failure,SF,NBRO/LRRMD-MTR/MTR/KAMBUR/LI/23/0718,MTR230851,Matara,Kamburupitiya,2023-12-06T00:00:00,Palolpitiya,346B,"එච්.එච්.පී. අබේවීර, 197, බෙන්දිග්හේන, පලොල්පිටිය.","එච්.එච්.පී. අබේවීර, 197, බෙන්දිග්හේන, පලොල්පිටිය.",මාතර කඹුරුපිටිය මාර්ගයේ පලොල්පිටිය හන්දියෙන් දකුණු පසටවන හතමුණ පාරේ ගමන් ගන්නා විට අදාළ නිවස හ,2023-02-20T00:00:00,2023-10-18T00:00:00,,"අධික තීව්‍රරතාවයකින් යුක්ත වූ වර්ෂාපතනය, අවිධිමත් භූ පරිහරණ රටාවන් පැවතීම, මතුපිට පාංශු ස්ථරයේ",,,,6.03014,80.56257
Slope Failure,SF,NBRO/LRRMD-MTR/MTR/DICKWE/LI/23/0820,MTR230964,Matara,Dickwella,2023-10-10T00:00:00,Suduwella,440A,"87/1, මහගොඩැල්ල, සුදුවැල්ල, කෝට්ටෙගොඩ",,,0001-01-01T00:00:00,,,,,,,5.94582,80.64132
Slope Failure,SF,NBRO/LRRMD-MTR/MTR/THIHAG/LI/23/0821,MTR230965,Matara,Thihagoda,2023-10-04T00:00:00,Attudawa,341,"70/2 , මුරුතගහවත්ත, අත්තුඩාව, පාලටුව",,,0001-01-01T00:00:00,,,,,,,5.999242,80.538016
Slope Failure,SF,NBRO/LRRMD-MTR/MTR/MATAFG/LI/23/0844,MTR230988,Matara,Matara Four Gravets,2023-10-26T00:00:00,Madiha West,411A,"වීරතුන්ගහේන, මඩිහ, කඹුරුගමුව",,,0001-01-01T00:00:00,,,,,,,5.93836,80.50703
Slope Failure,SF,NBRO/LRRMD-MTR/MTR/MATAFG/LI/23/0851,MTR230995,Matara,Matara Four Gravets,2023-10-04T00:00:00,Walgama North,409B,"සිරි විජය තිලකාරාමය, වල්ගම උතුර , මාතර",,,0001-01-01T00:00:00,,,,,,,5.94864,80.51263
Slope Failure,SF,NBRO/LRRMD-MTR/MTR/AKURES/LI/23/0855,MTR230999,Matara,Akuressa,2023-10-31T00:00:00,Henegama West,370A,"27 කණුව අසල, දොලේගෙදර, හේනේගම, අකුරැස්ස","27 කණුව අසල, දොලේගෙදර, හේනේගම, අකුරැස්ස",අකුරැස්ස නගරයෙන් ගාලු පාරේ ගමන් කර හේනෙගම පාරට හැරී ගමන් කිරීමෙන් අදාළ ස්තානයට ලගා විය හැක.,2023-10-31T00:00:00,2023-09-02T00:00:00,08:00,"අධික තීව්‍රරතාවයකින් යුක්ත වූ වර්ෂාපතනය, අවිධිමත් භූ පරිහරණ රටාවන් පැවතීම, මතුපිට පාංශු ස්ථරයේ",,,,6.05248,80.46017
Slope Failure,SF,NBRO/LRRMD-MTR/MTR/AKURES/LI/23/0858,MTR231002,Matara,Akuressa,2023-10-31T00:00:00,Henegama West,370A,"ගොඩැල්ලේගෙදර, බලපාත, හේනේගම, අකුරැස්ස","ගොඩැල්ලේගෙදර, බලපාත, හේනේගම, අකුරැස්ස",අකුරැස්ස නගරයෙන් ගාලු පාරේ ගමන් කර හේනෙගම පාරට හැරී ගමන් කිරීමෙන් අදාළ ස්තානයට ලගා විය හැක.,2023-10-31T00:00:00,2023-09-22T00:00:00,,"අධික තීව්‍රරතාවයකින් යුක්ත වූ වර්ෂාපතනය, අවිධිමත් භූ පරිහරණ රටාවන් පැවතීම, මතුපිට පාංශු ස්ථරයේ",,,,6.06836,80.46319
Slope Failure,SF,NBRO/LRRMD-MTR/MTR/MATAFG/LI/24/0029,MTR240041,Matara,Matara Four Gravets,2024-01-04T00:00:00,Kekanadura South,447D,"නො.16 , බණ්ඩාරනායකපුර,කැකණදුර","නො.16 , බණ්ඩාරනායකපුර,කැකණදුර",මාතර-වෙහෙරහේන-කැකණදුර මාර්ගයේ ගොවිජන සේවා මධ්‍යස්තානය දක්වා පැමිණ එහිදී හමුවන වම් අත දිශාවට වි,2024-02-02T00:00:00,,,"අධික තීව්‍රරතාවයකින් යුක්ත වූ වර්ෂාපතනය, අවිධිමත් භූ පරිහරණ රටාවන් පැවතීම, මතුපිට පාංශු ස්ථරයේ",,,,5.96959,80.59644
Slope Failure,SF,NBRO/LRRMD-MTR/MTR/MULATI/LI/24/0343,MTR240446,Matara,Mulatiyana,2024-08-20T00:00:00,Pallawela,279C,"සිසිල, රන්සෑගොඩ බටහිර","සිසිල, රන්සෑගොඩ බටහිර",කඹුරුපිටිය-මාකදුර-මුලටියන මාර්ගයේ රන්සෑගොඩ හන්දියෙන් වම් දෙසට වන මාර්ගයේ සුදු බෝක්කුව අසළින්,2025-05-21T00:00:00,,,i.සිදුව ඇති බෑවුම් අස්ථාවරත්වය අධ්‍යයනය කිරිම. ii.එම කලාපය තවදුරටත් අස්ථාවර වීමේ අවදානමක් පවතීද ය,,,,6.10511,80.55074
Slope Failure,SF,NBRO/LRRMD-BDL/MON/MEDAGA/LI/20/0003,MON200003,Moneragala,Medagama,2020-01-02T00:00:00,Thambana,111C,"කිවුලේලන්ද, තඹාන, රුවල්වෙල, උඩුපිටිය.","කිවුලේලන්ද, තඹාන, රුවල්වෙල, උඩුපිටිය.",,2020-08-27T00:00:00,,,,,,,7.063241,81.35518
Slope Failure,SF,NBRO/LRRMD-BDL/MON/BIBILE/LI/20/0004,MON200004,Moneragala,Bibile,2020-01-08T00:00:00,Yalkumbura,98,"32 කණුව,ගොන්නගහමුල්ල වත්ත,යල්කුඹුර,බිබිල","32 කණුව,ගොන්නගහමුල්ල වත්ත,යල්කුඹුර,බිබිල",,2020-01-22T00:00:00,,,,,,,7.112284,81.209602
Slope Failure,SF,NBRO/LRRMD-BDL/MON/BIBILE/LI/20/0007,MON200007,Moneragala,Bibile,2020-01-06T00:00:00,Mudiyala,98B,"32 කණුව, යල්කුඹුර, බිබිල","32 කණුව, යල්කුඹුර, බිබිල",බදුල්ල චෙන්කලඩි මාර්ගයේ යල්කුඹුර සිට මීටර් 500 ක් පමණ බදුල්ල දෙසට වන්නට පිහිටා ඇත.,2020-07-22T00:00:00,,,,,,,7.107093,81.207223
Slope Failure,SF,NBRO/LRRMD-BDL/MON/MONERA/LI/20/0010,MON200010,Moneragala,Moneragala,2020-06-18T00:00:00,Weliyaya,130B,"පුබුදු මාවත, සිරිගල, මොනරාගල","පුබුදු මාවත, සිරිගල, මොනරාගල",වැලියාය කාර්මික විද්‍යාල භූමියට යාබද අතුරු මාර්ගය ඔස්සේ මෙම ක්‍රීඩාංගනයට ලඟාවිය හැක.,2020-08-27T00:00:00,,,,,,,6.8877,81.348025
Slope Failure,SF,NBRO/LRRMD-BDL/MON/MADULL/LI/20/0013,MON200013,Moneragala,Madulla,2020-01-02T00:00:00,Iluklanda,113C,"58B, ඉලුක්ලන්ද, ඔබ්බේගොඩ, මොනරාගල","58B, ඉලුක්ලන්ද, ඔබ්බේගොඩ, මොනරාගල",,2020-08-27T00:00:00,,,අධික වර්ෂාව සහ ඉවුරු ඛාදනය,,,,6.938884,81.335543
Slope Failure,SF,NBRO/LRRMD-BDL/MON/BADALK/LI/20/0016,MON200016,Moneragala,Badalkumbura,2020-01-22T00:00:00,Gedavila,134D,"ඇල්ලඅරාව, ගමේවෙල, පස්සර","ඇල්ලඅරාව, ගමේවෙල, පස්සර",,2020-03-05T00:00:00,,,අධික වර්ෂාව,,,,6.937583,81.224452
Slope Failure,SF,NBRO/LRRMD-BDL/MON/BADALK/LI/20/0017,MON200017,Moneragala,Badalkumbura,2020-01-06T00:00:00,Madugasmulla,132A,"උඩවෙල පාර, මඩුගස්මුල්ල, බඩල්කුඹුර","උඩවෙල පාර, මඩුගස්මුල්ල, බඩල්කුඹුර",,2020-03-05T00:00:00,,,අධික වර්ෂාව සහ අක්‍රමවත් ඉදිකිරීම්,,,,6.882646,81.224327
Slope Failure,SF,NBRO/LRRMD-BDL/MON/BADALK/LI/20/0018,MON200018,Moneragala,Badalkumbura,2020-02-17T00:00:00,Gedavila,134D,"ගැඩවිලගම, ගමේවෙල, පස්සර.","ගැඩවිලගම, ගමේවෙල, පස්සර.",,2020-03-05T00:00:00,,,අධික වර්ෂාව,,,,6.932947,81.221445
Slope Failure,SF,NBRO/LRRMD-BDL/MON/BADALK/LI/20/0021,MON200021,Moneragala,Badalkumbura,2020-01-02T00:00:00,Madukotan Arawa,131B,"අංක 14, මඩුකොටන් අරාව, බඩල්කුඹුර.","අංක 14, මඩුකොටන් අරාව, බඩල්කුඹුර.",මොනරාගල ප්‍රධාන මාර්ගයේ බඩල්කුඹුර පසුකොට 5km ක් පමණ ගමන් කළ පසු වම්පසින් අදාළ ස්ථානයට ළඟාවිය හැක,2020-03-05T00:00:00,,,අධික වර්ෂාව,,,,6.892528,81.263755
Slope Failure,SF,NBRO/LRRMD-BDL/MON/MEDAGA/LI/21/0002,MON210002,Moneragala,Medagama,2021-11-30T00:00:00,Polgahapitiya,110H,මො/ බකිණිගහවෙල කණිෂ්ඨ විද්‍යාලය අසල,මො/ බකිණිගහවෙල කණිෂ්ඨ විද්‍යාලය අසල,,2021-12-22T00:00:00,,,,,,,6.998273,81.285077
Slope Failure,SF,NBRO/LRRMD-BDL/MON/BADALK/LI/21/0012,MON210012,Moneragala,Badalkumbura,2021-03-08T00:00:00,Madugasmulla,132A,"අම්බලන්තැන්න, කොටේලිඳ, බඩල්කුඹුර","අම්බලන්තැන්න, කොටේලිඳ, බඩල්කුඹුර",පස්සර - මොනරාගල මාර්ගයේ (A22) බඩල්කුඹුර නගරයේ සිට අලුපොත මාර්ගයේ 2 km ක් පමණ ගමන් කළ පසු හමුවන අම්බලන්,2020-11-26T00:00:00,,,,,,,6.884911,81.211864
Slope Failure,SF,NBRO/LRRMD-BDL/MON/MADULL/LI/22/0006,MON220007,Moneragala,Madulla,2022-01-11T00:00:00,Ruwalwela,116D,"උඩවෙල්කැටිය, රුවල්වෙල, දඹගල්ල","උඩවෙල්කැටිය, රුවල්වෙල, දඹගල්ල",,2021-12-22T00:00:00,2021-12-02T00:00:00,,අධික වර්ෂාව,,,,6.951599,81.367515
Slope Failure,SF,NBRO/LRRMD-BDL/MON/BIBILE/LI/24/0006,MON240006,Moneragala,Bibile,2024-01-09T00:00:00,Yalkumbura,98,"32, යල්කුඹුර, බිබිල","32, යල්කුඹුර, බිබිල",,2024-01-10T00:00:00,,,2023 වසරේ දෙසැම්බර් මස 29 සහ 30 යන දෙදින තුළ ප්‍රදේශයට ඇදහැළුණු අධික වර්ෂාව,,,,7.10383,81.20777
Slope Failure,SF,NBRO/LRRMD-BDL/MON/BIBILE/LI/24/0005,MON240007,Moneragala,Bibile,2024-01-09T00:00:00,Yalkumbura,98,"32, යල්කුඹුර, බිබිල","32, යල්කුඹුර, බිබිල",,2024-01-10T00:00:00,,,,,,,7.10282,81.2078
Slope Failure,SF,NBRO/LRRMD-BDL/MON/BIBILE/LI/24/0010,MON240011,Moneragala,Bibile,2024-02-15T00:00:00,Yalkumbura,98,"අලුත් ගෙදර, යල්කුඹුර, බිබිල",,,2024-01-02T00:00:00,2023-12-29T00:00:00,,,,,,7.110514,81.207736
Slope Failure,SF,NBRO/LRRMD-BDL/MON/BIBILE/LI/24/0011,MON240012,Moneragala,Bibile,2024-02-15T00:00:00,Yalkumbura,98,"අංක 49/1, අලුත්ගෙදර, යල්කුඹුර, බිබිල","අංක 49/1, අලුත්ගෙදර, යල්කුඹුර, බිබිල",,2024-01-02T00:00:00,2023-12-29T00:00:00,,අධික වර්ෂාව,,,,7.110384,81.207726
Slope Failure,SF,NBRO/LRRMD-BDL/MON/BIBILE/LI/24/0012,MON240013,Moneragala,Bibile,2024-01-01T00:00:00,Yalkumbura,98,"කෙසෙල් වත්ත, යල්කුඹුර, බිබිල",,,2024-01-02T00:00:00,2023-12-29T00:00:00,,,,,,7.110287,81.207085
Slope Failure,SF,NBRO/LRRMD-BDL/MON/BIBILE/LI/24/0013,MON240014,Moneragala,Bibile,2024-01-01T00:00:00,Yalkumbura,98,"32 කණුව, යල්කුඹුර, බිබිල",,,2024-01-02T00:00:00,2023-12-29T00:00:00,,,,,,7.102655,81.208066
Slope Failure,SF,NBRO/LRRMD-BDL/MON/BIBILE/LI/24/0022,MON240025,Moneragala,Bibile,2024-01-02T00:00:00,Mudiyala,98B,"වැලිවත්තේ ගෙදර, යල්කුඹුර, බිබිල",,,2024-01-02T00:00:00,2023-12-29T00:00:00,,,,,,7.113234,81.20597
Slope Failure,SF,NBRO/LRRMD-NWE/NWE/WALAPA/LI/17/0088,NWE170091,Nuwara Eliya,Walapane,2017-08-17T00:00:00,St. Magret,533K,"ඇණික් වත්ත,උඩ කොටස (බෙරික්), ඇණික් වත්ත, උඩුපුස්සැල්ලාව",,,2017-10-12T00:00:00,,,,,,,6.98948,80.903391
Slope Failure,SF,NBRO/LRRMD-NWE/NWE/NUWARE/LI/18/0063,NWE180073,Nuwara Eliya,Nuwara Eliya,2018-07-23T00:00:00,Glasgow,476J,"සමන් ජනපදය, ආගරපතන",,,2018-08-27T00:00:00,,,,,,,6.86221,80.707802
Slope Failure,SF,NBRO/LRRMD-NWE/NWE/NUWARE/LI/18/0122,NWE180132,Nuwara Eliya,Nuwara Eliya,2018-05-21T00:00:00,Hawaeliya East,535H,"- 249/14, ලේඩිමැකලම් පාර, හාවාඑළිය",,,2018-07-19T00:00:00,,,,,,,6.9775684,80.7844967
Slope Failure,SF,NBRO/LRRMD-NWE/NWE/WALAPA/LI/18/0124,NWE180133,Nuwara Eliya,Walapane,2018-10-22T00:00:00,Harasbedda South,526,"ගල්දෙකපතන, හරස්බැද්ද",,නුවරඑළිය - වලපනේ ප්‍රධාන මාර්ගයේ ගමන් කොට දියනිල්ල  ප්‍රදේශය අසලින්  වමට ඇති ගල්දෙකපතන මාර්ගයේ ක,2018-10-23T00:00:00,,,,,,,7.04984152,80.873258
Slope Failure,SF,NBRO/LRRMD-NWE/NWE/KOTHMA/LI/18/0174,NWE180331,Nuwara Eliya,Kothmale,2018-05-21T00:00:00,Karagahayatathenna,468F,"කරගහයටතැන්න, දුණුකේදෙණිය",,,2018-09-28T00:00:00,,,,,,,7.001066,80.642789
Slope Failure,SF,NBRO/LRRMD-NWE/NWE/NUWARE/LI/19/0108,NWE190141,Nuwara Eliya,Nuwara Eliya,2019-03-08T00:00:00,Eildonhall,475T,"මා උස්සා ඇල්ල පහළ කොටස, ට්‍රිලිකුල්ට්‍රි වත්ත.",,,2019-03-06T00:00:00,,,,,,,6.899122,80.665849
Slope Failure,SF,NBRO/LRRMD-NWE/NWE/AMBAGA/LI/19/0151,NWE190184,Nuwara Eliya,Ambagamuwa,2019-10-18T00:00:00,Millagahamula,316E,"කළුවාගලගම, මිල්ලගහමුල, පිටවල",,නුවරඑළිය -හැටන් ප්‍රධාන මාර්ගයේ ගමන් කොට හැටන් කොළඹ ප්‍රධාන මාර්ගයට පිවිස  ලක්ෂපාන මංසන්ධිය අස,2019-10-19T00:00:00,,,,,,,6.9876898,80.4532575
Slope Failure,SF,NBRO/LRRMD-NWE/NWE/NUWARE/LI/19/0169,NWE190264,Nuwara Eliya,Nuwara Eliya,2019-02-15T00:00:00,Bulu Ela,535I,"අංක 65/ඒ, වජිරමාවත, හාවාඑළිය, නුවරඑළිය.",,,2019-02-06T00:00:00,,,,,,,6.9660777,80.78990156
Slope Failure,SF,NBRO/LRRMD-NWE/NWE/NUWARE/LI/19/0178,NWE190315,Nuwara Eliya,Nuwara Eliya,2019-12-08T00:00:00,Windicorner,476E,"අංක 15 හා 16, සමගි උයන, බ්ලැක්පූල්",,,2020-01-04T00:00:00,,,,,,,6.9489251916,80.774162476
Slope Failure,SF,NBRO/LRRMD-NWE/NWE/KOTHMA/LI/19/0194,NWE190339,Nuwara Eliya,Kothmale,2019-10-24T00:00:00,Niyamgamdora,470,දවුල්හේන හා කුඹල්ගමුව.,,,2019-10-12T00:00:00,,,,,,,7.04068341,80.6626353
Slope Failure,SF,NBRO/LRRMD-NWE/NWE/NUWARE/LI/19/0202,NWE190401,Nuwara Eliya,Nuwara Eliya,2019-06-30T00:00:00,Rathnagiriya,475G,"රත්නගිරිය ජනපදය, ලිඳුල",,නුවරඑළිය - හැටන් ප්‍රධාන මාර්ගයේ ගමන් කොට පාමස්ටන් මංසන්ධියෙන් රත්නගිරිය දෙසට ඇති මාර්ගයේ කි.ම,2020-07-21T00:00:00,,,,,,,6.93778633,80.690228277
Slope Failure,SF,NBRO/LRRMD-NWE/NWE/AMBAGA/LI/20/0220,NWE200292,Nuwara Eliya,Ambagamuwa,2020-06-23T00:00:00,Sellipigama,314C,"නව සෙන්කලව් ජනපදය, ආගර ඔය, අඹගමුව, උඩබුලත්ගම",,ගිනිගත්හෙන නගරයේ සිට නාවලපිටිය දෙසට ගමන් කිරීමේදී හමුවන කිතුල්කොටේ හන්දියෙන් හැරී කන්ද මාර්ග,2020-09-24T00:00:00,,,,,,,7.015189,80.501752
Slope Failure,SF,NBRO/LRRMD-NWE/NWE/KOTHMA/LI/20/0240,NWE200312,Nuwara Eliya,Kothmale,2020-09-10T00:00:00,Kotagepitiya South,459A,කොටගේ පිටිය,,,2020-10-29T00:00:00,,,,,,,7.0692874,80.6235853
Slope Failure,SF,NBRO/LRRMD-NWE/NWE/HANGUR/LI/20/0256,NWE200328,Nuwara Eliya,Hanguranketha,2020-12-08T00:00:00,Ketayapathana,508,"'ශ්‍රී නන්ද"" කැටයාපතන, මතුරට",,,2021-01-21T00:00:00,,,,,,,7.0742144721,80.8047233398
Slope Failure,SF,NBRO/LRRMD-NWE/NWE/NUWARE/LI/20/0276,NWE200348,Nuwara Eliya,Nuwara Eliya,2020-10-15T00:00:00,Mount Vernon,475Q,"මවුන්ට් වර්නන්, මැද කොටස ලයින් අංක 24, 25 සහ ද්විත්ව නිල   නිවාස (twin quarters)",,නුවර එළිය - හැටන් ප්‍රධාන මාර්ගයේ ගමන් කොට තලවකැලේ නගරය පසු කොට පතන මංසන්ධියෙන් බෝගහවත්ත දෙසට ඇත,2021-08-23T00:00:00,,,,,,,6.958346175,80.62486745
Slope Failure,SF,NBRO/LRRMD-NWE/NWE/WALAPA/LI/20/0281,NWE200353,Nuwara Eliya,Walapane,2020-04-06T00:00:00,Udapussellawa North,533D,උඩුපස්සල්ලාව මඩුල්ල මාර්ගය,,නුවර ලී සිට රාගල හරහා උඩුපස්සල්ලාව කරා ගමන් කිරීමේදී මඩුල්ල දෙසට හැරි උඩු පුස්සල්ලාව කෙටි මාර්,2025-07-07T00:00:00,,,,,,,7.011169,80.915523
Slope Failure,SF,NBRO/LRRMD-NWE/NWE/NUWARE/LI/20/0290,NWE200415,Nuwara Eliya,Nuwara Eliya,2020-10-17T00:00:00,Nuwara Eliya Central,535D,"වජිර මාවත, හාවා එළිය, නුවර එළිය",,,2020-11-09T00:00:00,,,,,,,6.96731393225,80.78681697
Slope Failure,SF,NBRO/LRRMD-NWE/NWE/NUWARE/LI/20/0360,NWE200488,Nuwara Eliya,Nuwara Eliya,2020-07-31T00:00:00,Kotagala,475,"ජයශිලන් වයලට්, නො 53/ඒ, හැරිසන් ජනපදය, කොටගල","ජයශිලන් වයලට්, නො 53/ඒ, හැරිසන් ජනපදය, කොටගල",නුවරඑළියේ සිට හැටන් මාර්ගයේ කොටගලට පැමිණ කොත්මලේ දක්වා වන කෙටි මාර්ගයේ කිලෝමීටර 02 ක් පමන ගමන් ක,2021-04-03T00:00:00,,,,,,,6.928128,80.604477
Slope Failure,SF,NBRO/LRRMD-NWE/NWE/NUWARE/LI/21/0325,NWE210485,Nuwara Eliya,Nuwara Eliya,2021-05-17T00:00:00,Bulu Ela,535I,"අංක 9B, වජිර පුර, නුවරඑළිය",,,2021-06-23T00:00:00,,,,,,,6.96780226,80.79058463
Slope Failure,SF,NBRO/LRRMD-NWE/NWE/KOTHMA/LI/21/0326,NWE210486,Nuwara Eliya,Kothmale,2021-04-27T00:00:00,Gomburuoya,473C,"ගොඹුරුඔය, ක‍ටුකිතුල.",,,2021-05-23T00:00:00,,,,,,,7.0736025,80.652731
Slope Failure,SF,NBRO/LRRMD-NWE/NWE/NUWARE/LI/21/0418,NWE210567,Nuwara Eliya,Nuwara Eliya,2021-10-15T00:00:00,Lippakelle,476L,"වෙල්ලිකැලේ කොටසේ ලයිම් අංක 07 ආශ්‍රිතව මාර්ගයට පහල කොටස, නො 476/සී, ලිපකැලේ","වෙල්ලිකැලේ කොටසේ ලයිම් අංක 07 ආශ්‍රිතව මාර්ගයට පහල කොටස, නො 476/සී, ලිපකැලේ",නුවරඑළිය -හැටන් මාර්ගයේ පැමිණ ලිඳුල හන්දියෙන් නාගසේන හරහා  මෙරායා දක්වා පැමින මෙරායා සිට ඇල්ජි,2021-09-02T00:00:00,,,,,,,6.88256,80.736001
Slope Failure,SF,NBRO/LRRMD-NWE/NWE/KOTHMA/LI/22/0288,NWE220425,Nuwara Eliya,Kothmale,2022-08-02T00:00:00,Mawela West,456B,"මාවෙල, මාස්වෙල","අංක 113/1, මාවෙල, මාස්වෙල",මාවෙල මාස්වෙල මාර්ගයෙන් තවලම්තැන්නේ සිට කිලෝ මීටර 7ක් පමන ගියවිට හමුවන මාවෙල නගරයේ සිට  මීටර 700ක්,2022-08-04T00:00:00,2022-08-01T00:00:00,,අධික වර්ෂාපතනය ඇද හැලීම හේතුවෙන් කණ්ඩිය අස්ථාවර වී ඇත.,,,,7.072201,80.638851
Slope Failure,SF,NBRO/LRRMD-NWE/NWE/NUWARE/LI/22/0289,NWE220426,Nuwara Eliya,Nuwara Eliya,2022-06-01T00:00:00,Summerset,475W,රදැල්ල වත්ත,"රදැල්ල පහල කොටස, රදැල්ල වත්ත",නුවර එළිය-හැටන්-අවිස්සාවේල්ල (A7) ප්‍රධාන මාර්ගයේ කොලෝමීටර 10ක් පමණ ගමන් කර රදැල්ල පහල කොටසට වන මාර,2022-06-18T00:00:00,2022-05-10T00:00:00,,අධික වර්ෂාපතනය,,,,6.94079,80.718115
Slope Failure,SF,NBRO/LRRMD-NWE/NWE/NUWARE/LI/22/0290,NWE220427,Nuwara Eliya,Nuwara Eliya,2022-08-08T00:00:00,Toppass,535J,"වෙස්ටිවර්ඩි වත්ත, නුවර පාර , නුවරඑළිය","වෙස්ටිවර්ඩි වත්ත, නුවර පාර, නුවරඑළිය.",නුවරඑළිය නගරයේ සිට නුවර එළිය - මහනුවර ප්‍රධාන මාර්ගයේ කි.මී. 6ක් පමණ ගමන් කර වෙස්ටිවර්ඩි හෝ වතුයාය,2022-09-22T00:00:00,2022-08-01T00:00:00,,අධික වර්ෂාපතනය,,,,7.0006614178,80.742182834
Slope Failure,SF,NBRO/LRRMD-NWE/NWE/NUWARE/LI/22/0291,NWE220428,Nuwara Eliya,Nuwara Eliya,2022-08-08T00:00:00,Nuwara Eliya,535,"ලේඩි මැකලම් පාර, නුවරඑළිය","ලේඩි මැකලම් පාර, නුවරඑළිය",නුවරඑළිය නරගයේ සිට ශ්‍රීමත් ජයතිලක මාවතේ මීටර් 700ක් පමණ ගමන් කොට වම් පසට ඇති ලේඩි මැකලම් පාරේ මීට,2022-08-15T00:00:00,2022-08-03T00:00:00,00:00,අධික වර්ෂාපතනය,,,,6.97705232,80.767595591
Slope Failure,SF,NBRO/LRRMD-NWE/NWE/AMBAGA/LI/22/0296,NWE220457,Nuwara Eliya,Ambagamuwa,2022-02-17T00:00:00,Ginigathhena,315A,"කඳුසිරිගම, පේරගහමුල","කඳුසිරිගම, පේරගහමුල",නුවරඑළිය-හැටන්-අවිස්සාවේල්ල (A7) ප්‍රධාන මාර්ගයේ ගමන් කර තලවකැලේ-හැටන්-වටවල දක්වා ගමන් කර කදුසිර,2022-03-21T00:00:00,,,අධික වර්ෂාපතනය,,,,6.979755,80.50397
Slope Failure,SF,NBRO/LRRMD-NWE/NWE/AMBAGA/LI/22/0297,NWE220458,Nuwara Eliya,Ambagamuwa,2022-03-21T00:00:00,Dagampitiya,316F,දාගම්පිටිය,"දාගම්පිටිය, කැලණිගම, ගිනිගත්හේන","නුවර එළිය-හැටන්-අවිස්සාවේල්ල (A7) මාර්ගයේ කිලෝමීටර 67ක් පමණ ගමන් කර, ගිනිගත් හේන සිට රංජුරාව දක්වා ව",2022-05-08T00:00:00,,,අධික වර්ෂාපතනය,,,,6.982384,80.470781
Slope Failure,SF,NBRO/LRRMD-NWE/NWE/KOTHMA/LI/22/0298,NWE220459,Nuwara Eliya,Kothmale,2022-02-14T00:00:00,Mawela East,456,"මහවත්ත, මාවෙල","මහවත්ත, මාවෙල",නුවර එළිය මහනුවර (A5) ප්‍රධාන මාර්ගයේ ගමන් කර තවලන්තැන්න මන්සන්ධිය අසළින් පූණ්ඩලු ඔය දෙසට වන මාර්,2022-03-12T00:00:00,,,අධික වර්ෂාපතනය,,,,7.074838,80.64461
Slope Failure,SF,NBRO/LRRMD-NWE/NWE/KOTHMA/LI/22/0301,NWE220470,Nuwara Eliya,Kothmale,2022-04-06T00:00:00,Malhewa,472A,අඹහෙල,"අඹහෙල, කොත්මලේ",නුවර එළිය-මහනුවර (A5) ප්‍රධාන මාර්ගයේ ගමන් කර තවලන්තැන්න අසළින් තවලන්තැන්න-තලවකැලේ (B412) මාර්ගය භාව,2022-04-28T00:00:00,2022-04-04T00:00:00,,අධික වර්ෂාපතනය,,,,7.053939,80.679678
Slope Failure,SF,NBRO/LRRMD-NWE/NWE/KOTHMA/LI/22/0231,NWE220479,Nuwara Eliya,Kothmale,2021-11-26T00:00:00,Delunthalamada,473A,"දෙළුම්තලාමඩ, ක‍ටුකිතුල","දෙළුම්තලාමඩ, ක‍ටුකිතුල","නුවරඑළිය-මහනුවර ප්‍රධාන මාර්ගයේ ගමන් කර තවලන්තැන්නට පැමිණ, තවලන්තැන්න-තලවකැලේ B 412 මාර්ගයට පිවි",2022-02-07T00:00:00,,,අධික වර්ෂාපතනය,,,,7.067285,80.66456
Slope Failure,SF,NBRO/LRRMD-NWE/NWE/KOTHMA/LI/22/0233,NWE220483,Nuwara Eliya,Kothmale,2021-11-26T00:00:00,Panangammana,473,"කැතිගන්නාහින්න, ක‍ටුකිතුල",කැතිගන්නාහින්න,නුවරඑළිය - මහනුවර (A5) මාර්ගයේ ගමන් කර තවලන්තැන්න අසලින් තවලන්තැන්න - කොත්මලේ මාර්ගයට පිවිසිය යුතු,2022-06-17T00:00:00,,,අධික වර්ෂාපතනය,,,,7.074579,80.672243
Slope Failure,SF,NBRO/LRRMD-NWE/NWE/KOTHMA/LI/22/0302,NWE220484,Nuwara Eliya,Kothmale,2022-04-22T00:00:00,Gomburuoya,473C,"හොරේඇල්ල, ක‍ටුකිතුල","හොරේඇල්ල, ක‍ටුකිතුල",නුවර එළිය-මහනුවර (A5) ප්‍රධාන මාර්ගයේ ගමන් කර තවලන්තැන්න අසළින් තවලන්තැන්න අසළින් තවලන්තැන්න-තලව,2022-04-28T00:00:00,,,අධික වර්ෂාපතනය,,,,7.071336,80.655033
Slope Failure,SF,NBRO/LRRMD-NWE/NWE/KOTHMA/LI/22/0235,NWE220486,Nuwara Eliya,Kothmale,2021-11-16T00:00:00,Palagolla,474C,"අලුත් කොටස, රම්බොඩවත්ත, රම්බොඩ","අලුත් කොටස, රම්බොඩවත්ත, රම්බොඩ",නුවරඑළිය-මහනුවර (A5) ප්‍රධාන මාර්ගය භාවිතා කර කිලෝමීටර 20ක් පමණ ගමන්කර රම්බොඩ ආශ්‍රිතව කොණ්ඩගල පිහ,2022-06-17T00:00:00,,,අධික වර්ෂාපතනය,,,,7.03257,80.705016
Slope Failure,SF,NBRO/LRRMD-NWE/NWE/WALAPA/LI/22/0303,NWE220487,Nuwara Eliya,Walapane,2022-01-24T00:00:00,Ambagaspitiya,505B,"හි‍රැස්සගල, අඹගස්පිටිය","හි‍රැස්සගල, අඹගස්පිටිය",,2022-05-05T00:00:00,2022-01-09T00:00:00,,"අධික වර්ෂාපතනය හා අවිධිමත් භූමි, ජල පරිවහන රටා",,,,7.10565,80.8131083
Slope Failure,SF,NBRO/LRRMD-NWE/NWE/AMBAGA/LI/22/0304,NWE220488,Nuwara Eliya,Ambagamuwa,2022-06-01T00:00:00,Dehigasthenna,314F,"ගොවි ජනපදය, අඹතලාව, ගිනිගත්හේන","ගොවි ජනපදය, අඹතලාව, ගිනිගත්හේන",ගිනිගත්හේන - ඇල්ල උඩ තීනියගල මාර්ගයේ කි.මි. 4ක් පමණ ගමන් කිරීමෙන් අදාළ ස්ථානයට ලගා විය හැක.,2022-06-16T00:00:00,2022-08-01T00:00:00,13:30,,,,,6.965349,80.499111
Slope Failure,SF,NBRO/LRRMD-NWE/NWE/KOTHMA/LI/22/0305,NWE220491,Nuwara Eliya,Kothmale,2022-02-24T00:00:00,Niyamgamdora,470,"නියම්ගම්දොර, කොත්මලේ","නියම්ගම්දොර, කොත්මලේ",,2022-05-06T00:00:00,2021-11-17T00:00:00,,අධික වර්ෂාපතනය,,,,7.050375,80.665673
Slope Failure,SF,NBRO/LRRMD-NWE/NWE/AMBAGA/LI/22/0306,NWE220493,Nuwara Eliya,Ambagamuwa,2022-06-07T00:00:00,Hebbekanda,314G,"හැබ්බෑකන්ද, ගිනිගත්හේන","හැබ්බෑකන්ද, ගිනිගත්හේන","නුවරඑළිය-හැටන්-අවිස්සාවේල්ල (A7) ප්‍රධාන මාර්ගයේ ගමන් කර, පේරගොල්ල මාර්ගය භාවිතා කර ගමන් කිරීමෙන",2022-06-08T00:00:00,2022-05-29T00:00:00,,අධික වර්ෂාපතනය,,,,6.9774583,80.490505
Slope Failure,SF,NBRO/LRRMD-NWE/NWE/HANGUR/LI/22/0239,NWE220495,Nuwara Eliya,Hanguranketha,2021-11-14T00:00:00,Gonakele,508B,"මැදවෙල, මන්දාරම්නුවර","මැදවෙල, මන්දාරම්නුවර","නුවරඑළිය - උඩුපුස්සැල්ලාව ( B332) මාර්ගයේ ගමන් කර , හයිෆොරස්ට් දෙසට වන මාර්ගයට පිවිසිය යුතුයි. අනතුර",2022-05-25T00:00:00,,,අධික වර්ෂාපතනය.,,,,7.05067,80.779458
Slope Failure,SF,NBRO/LRRMD-NWE/NWE/AMBAGA/LI/22/0307,NWE220496,Nuwara Eliya,Ambagamuwa,2022-03-01T00:00:00,Rampadeniya,316A,"සහනගම, රම්පාදෙණිය, ගිනිගත්හේන","සහනගම, රම්පාදෙණිය, ගිනිගත්හේන",ගිනිගත්හේන -කොළඹ මාර්ගයේ මුරුතවෙල මාර්ගයේ කි.මි. 1ක් පමණ ගමන් කිරීමෙන් අදාළ ස්ථානයට ලගා විය හැක.,2022-05-20T00:00:00,2022-03-28T00:00:00,,,,,,6.994825,80.481133
Slope Failure,SF,NBRO/LRRMD-NWE/NWE/AMBAGA/LI/22/0308,NWE220498,Nuwara Eliya,Ambagamuwa,2022-08-03T00:00:00,Dehigasthenna,314F,"අඹතලාව, ගිනිගත්හේන","අඹතලාව, ගිනිගත්හේන",ගිනිගත්හේන - ඇල්ල උඩ තීනියගල මාර්ගයේ කි.මි. 3 ක් පමණ ගමන් කිරීමෙන් අදාළ ස්ථානයට ලගා විය හැක.,2022-08-04T00:00:00,2022-08-01T00:00:00,13:30,,,,,6.968147,80.498076
Slope Failure,SF,NBRO/LRRMD-NWE/NWE/HANGUR/LI/22/0240,NWE220499,Nuwara Eliya,Hanguranketha,2021-12-06T00:00:00,Udawatta East,489A,"උඩවත්ත, හගුරන්කෙත","උඩවත්ත, හගුරන්කෙත",නුවර එළිය-උඩුපුස්සැල්ලාව (B332) මාර්ගයේ ගමන් කර ඇමර්ස්ට් හන්දිය අසලින් ලියන්වෙල-බෲක්සයිඩ් මාර්ගය,2022-05-25T00:00:00,,,අධික වර්ෂාපතනය,,,,7.178915,80.800693
Slope Failure,SF,NBRO/LRRMD-NWE/NWE/AMBAGA/LI/22/0309,NWE220500,Nuwara Eliya,Ambagamuwa,2022-08-05T00:00:00,Welioya,320P,වැලිඔය වත්ත - පහළ කොටස,වැලිඔය වත්ත - පහළ කොටස,හැටන් - ගිනිගත්හේන මාර්ගයේ වැලිඔය මංසන්ධියෙන් වමට ඇති වැලිඔය මාර්ගයේ කි.මි. 10 ක් පමණ ගමන් කිරීමෙන,2022-08-05T00:00:00,2022-08-01T00:00:00,,අධික වර්ෂාපතනය,,,,6.914385,80.555793
Slope Failure,SF,NBRO/LRRMD-NWE/NWE/WALAPA/LI/22/0311,NWE220503,Nuwara Eliya,Walapane,2022-01-24T00:00:00,Ambagaspitiya,505B,"ඇළෙන් උඩහ, අඹගස්පිටිය, පදියපැලැල්ල","ඇළෙන් උඩහ, අඹගස්පිටිය, පදියපැලැල්ල",නුවර එළිය-උඩුපුස්සැල්ලාව (332) මාර්ගයේ කිලෝමීටර 15 ක් පමණ ගමන් කර හයිෆොරස්ට් දෙසට වන මාර්ගයේ කිලෝමී,2022-05-05T00:00:00,2021-12-29T00:00:00,,අධික වර්ෂාපතනය,,,,7.10034,80.816858
Slope Failure,SF,NBRO/LRRMD-NWE/NWE/WALAPA/LI/22/0312,NWE220506,Nuwara Eliya,Walapane,2022-01-24T00:00:00,Ambagaspitiya,505B,"ඇළෙන් උඩහ, අඹගස්පිටිය","ඇළෙන් උඩහ, අඹගස්පිටිය",නුවර එළිය-උඩුපුස්සැල්ලාව (332) මාර්ගයේ කිලෝමීටර 15 ක් පමණ ගමන් කර හයිෆොරස්ට් දෙසට වන මාර්ගයේ කිලෝමී,2022-05-05T00:00:00,2021-12-29T00:00:00,,අධික වර්ෂාපතනය,,,,7.10096,80.816938
Slope Failure,SF,NBRO/LRRMD-NWE/NWE/AMBAGA/LI/22/0313,NWE220508,Nuwara Eliya,Ambagamuwa,2022-04-06T00:00:00,Ginigathhena,315A,"හැටන් පාර, ගිනිගත්හේන.","හැටන් පාර, ගිනිගත්හේන.",නුවරඑළිය-හැටන් -අවිස්සාවේල්ල (A7) ප්‍රධාන මාර්ගයේ  කිලෝ මීටර් 55 ක් පමණ ගමන් කර නාවලපිටිය - ගිනිගත්හ,2022-03-21T00:00:00,2022-02-15T00:00:00,,අධික වර්ෂාපතනය.,,,,6.994755,80.492163
Slope Failure,SF,NBRO/LRRMD-NWE/NWE/WALAPA/LI/22/0314,NWE220509,Nuwara Eliya,Walapane,2022-01-24T00:00:00,Ambagaspitiya,505B,"ඇළෙන් උඩහ, අඹගස්පිටිය, පදියපැලැල්ල","ඇළෙන් උඩහ, අඹගස්පිටිය, පදියපැලැල්ල",නුවර එළිය-උඩුපුස්සැල්ලාව (332) මාර්ගයේ කිලෝමීටර 15 ක් පමණ ගමන් කර හයිෆොරස්ට් දෙසට වන මාර්ගයේ කිලෝමී,2022-05-05T00:00:00,2021-12-29T00:00:00,,අධික වර්ෂාපතනය,,,,7.100556,80.816773
Slope Failure,SF,NBRO/LRRMD-NWE/NWE/KOTHMA/LI/22/0241,NWE220518,Nuwara Eliya,Kothmale,2021-11-05T00:00:00,Medakanda,469C,"මැදකන්ද, පූඩළුඔය","මැදකන්ද, පූඩළුඔය",මහනුවර-නුවරඑළිය (A5) ප්‍රධාන මාර්ගය භාවිත කර ගමන්කර තවලන්තැන්න මංසන්ධිය අසලින් හැරී තවලන්තැන්න-ත,2021-11-02T00:00:00,2021-10-30T00:00:00,,අධික වර්ෂාපතනය,,,,7.026247,80.664539
Slope Failure,SF,NBRO/LRRMD-NWE/NWE/AMBAGA/LI/22/0315,NWE220519,Nuwara Eliya,Ambagamuwa,2022-03-22T00:00:00,Rampadeniya,316A,"සහනගම, රම්පාදෙණිය, ගිනිගත්හේන","සහනගම, රම්පාදෙණිය, ගිනිගත්හේන",ගිනිගත්හේන -කොළඹ මාර්ගයේ මුරුතවෙල මාර්ගයේ කි.මි. 1ක් පමණ ගමන් කිරීමෙන් අදාළ ස්ථානයට ලගා විය හැක.,2022-05-20T00:00:00,2022-03-08T00:00:00,,,,,,6.994348,80.481016
Slope Failure,SF,NBRO/LRRMD-NWE/NWE/AMBAGA/LI/22/0316,NWE220520,Nuwara Eliya,Ambagamuwa,2022-03-22T00:00:00,Rampadeniya,316A,"සහනගම, රම්පාදෙණිය, ගිනිගත්හේන","සහනගම, රම්පාදෙණිය, ගිනිගත්හේන",ගිනිගත්හේන -කොළඹ මාර්ගයේ මුරුතවෙල මාර්ගයේ කි.මි. 1ක් පමණ ගමන් කිරීමෙන් අදාළ ස්ථානයට ලගා විය හැක.,2022-06-20T00:00:00,2022-03-08T00:00:00,,,,,,6.99371,80.480632
Slope Failure,SF,NBRO/LRRMD-NWE/NWE/WALAPA/LI/24/0055,NWE240275,Nuwara Eliya,Walapane,2024-05-31T00:00:00,Mulhalkele,514C,"තැන්නහේන්වල, කුඹල්ගමුව","තැන්නහේන්වල, කුඹල්ගමුව",නුවරඑළිය නගරයේ සිට නුවරඑළිය වලපනේ ප්‍රධාන මාර්ගයේ ගමන් කොට වලපනේ නගරයෙන් වලපනේ - මහනුවර ප්‍රධා,2024-05-06T00:00:00,,,,,,,7.10979833,80.8605033
Slope Failure,SF,NBRO/LRRMD-NWE/NWE/NUWARE/LI/24/0105,NWE240383,Nuwara Eliya,Nuwara Eliya,2024-07-27T00:00:00,Nuwara Eliya,535,"අංක 07, ලෝන්වීදිය නුවරඑළිය","අංක 07, ලෝන්වීදිය නුවරඑළිය",නුවරඑළිය ශාන්ත සේවියර් විදුහල පිටුපස ලෝන්වීදියට ප්‍රවේශ වී මීටර් 150ක් ඉදිරියට ආ විට හමු වේ.,2024-07-28T00:00:00,,,,,,,6.977975,80.764523
Slope Failure,SF,NBRO/LRRMD-NWE/NWE/KOTHMA/LI/24/0209,NWE240784,Nuwara Eliya,Kothmale,2024-12-04T00:00:00,Kosgaha Pathana,468G,"අංක 48, කීනගහහින්න, කොස්ගහපතන, පූඩළුඔය","අංක 48, කීනගහහින්න, කොස්ගහපතන, පූඩළුඔය",,2024-12-16T00:00:00,,,,,,,7.021257,80.651103
Slope Failure,SF,NBRO/LRRMD-NWE/NWE/HANGUR/LI/24/0230,NWE240806,Nuwara Eliya,Hanguranketha,2024-12-20T00:00:00,Deegalahinna,511A,"දීගලහින්න, එළමුල්ල",,මන්දාරම් නුවර  නගරයේ සිට පදියපැලැල්ල - මන්දාරම්නුවර මාර්ගය ඔස්සේ මානකොළ දෙසට කිලෝමීටර 5.6ක් පමණ ග,2025-09-26T00:00:00,,,,,,,7.058866,80.766319
Slope Failure,SF,NBRO/LRRMD-NWE/NWE/HANGUR/LI/24/0231,NWE240807,Nuwara Eliya,Hanguranketha,2024-12-20T00:00:00,Rikillagaskada,492A,"ගල්වංගුව, රිකිල්ලගස්කඩ",,රිකිල්ලගස්කඩ නගරයේ සිට නුවරඑළිය දෙසට මීටර 500ක් පමන ගමන් කල විට ගල්වංගුව ලෙස හඳුන්වන විශාල වංගුව,2025-08-07T00:00:00,,,,,,,7.14343,80.782958
Slope Failure,SF,NBRO/LRRMD-NWE/NWE/KOTHMA/LI/25/0015,NWE250276,Nuwara Eliya,Kothmale,2025-01-28T00:00:00,Labukele,474I,නුවර - නුවරඑළිය ප්‍රධාන මාර්ගයේ කොන්ඩගල යන් ස්ථානයේ,,නුවර එළිය - ගම්පොල ප්‍රධාන මාර්ගයේ 53 සහ 52 වන කිලෝමීටර කණු අතර කොන්ඩගල යන ප්‍රදේශය තුළ මෙම අස්ථාවරත,2024-11-28T00:00:00,,,,,,,7.035797,80.708068
Slope Failure,SF,NBRO/LRRMD-NWE/NWE/KOTHMA/LI/25/0022,NWE250296,Nuwara Eliya,Kothmale,2025-01-24T00:00:00,Mawela West,456B,"මාවෙල, මාස්වෙල.",,"තවලන්තැන්න -මාවෙල ප්‍රධාන මාර්ගයේ, තවලන්තැන්න මංසන්දියේ සිට කි.මී. 7ක් පමන ගමන්කර මෙම මාවෙල බටහි",2024-12-04T00:00:00,,,,,,,7.078271,80.637986
Slope Failure,SF,NBRO/LRRMD-RTP/RTP/KAHAWA/LI/19/0021,RTP190021,Ratnapura,Kahawatta,2019-10-16T00:00:00,Miyanavita West,226F,"අංක 309, කොහොඹකන්ද, බටයාය, කහවත්ත",,,2021-12-22T00:00:00,,,,,,,6.519535,80.538907
Slope Failure,SF,NBRO/LRRMD-RTP/RTP/RATNAP/LI/19/0051,RTP190051,Ratnapura,Ratnapura,2019-10-19T00:00:00,Ethoya,182E,"නො: 78, ඇත්ඔය, රත්නපුර",,,2021-10-27T00:00:00,,,,,,,6.663764,80.39692
Slope Failure,SF,NBRO/LRRMD-RTP/RTP/OPANAY/LI/20/0013,RTP200014,Ratnapura,Opanayaka,2020-11-21T00:00:00,Madola,246,"අංක 52, කඩේවත්ත, මාදොළ, ඕපනායක",,,2022-02-20T00:00:00,2020-11-20T00:00:00,,,,,,6.621052,80.650345
Slope Failure,SF,NBRO/LRRMD-RTP/RTP/ELAPAT/LI/20/0016,RTP200017,Ratnapura,Elapatha,2020-10-20T00:00:00,Palawela,184D,"පලාවෙල, උඩනිරිඇල්ල,ඇලපාත",,,2022-02-18T00:00:00,,,,,,,6.646046,80.3540316
Slope Failure,SF,NBRO/LRRMD-RTP/RTP/NIVITH/LI/20/0030,RTP200032,Ratnapura,Nivithigala,2020-05-22T00:00:00,Horanekarakanda,177C,"14 සැතපුම් කණුව,පෑබොටුව, නිවිතිගල","14 සැතපුම් කණුව,පෑබොටුව, නිවිතිගල",රත්නපුර - කලවාන මාර්ගයේ 14 සැතපුම් කණුව අසල නිවස.,2021-12-23T00:00:00,2020-05-01T00:00:00,,,,,,6.555767,80.440519
Slope Failure,SF,NBRO/LRRMD-RTP/RTP/EHELIY/LI/21/0008,RTP210011,Ratnapura,Eheliyagoda,2021-12-01T00:00:00,Karandana South,143A,"දකුණු කරඳන, උඩුමුල්ල",,,2021-12-17T00:00:00,2021-12-17T00:00:00,,,,,,6.7784049,80.22307
Slope Failure,SF,NBRO/LRRMD-RTP/RTP/KIRIEL/LI/21/0085,RTP210082,Ratnapura,Kiriella,2021-10-29T00:00:00,Epitawala,145A,"අංක 615/C, එපිටවල, කිරිඇල්ල",,,2022-01-31T00:00:00,2021-10-28T00:00:00,,,,,,6.7441599,80.24113166
Slope Failure,SF,NBRO/LRRMD-RTP/RTP/KURUVI/LI/21/0087,RTP210084,Ratnapura,Kuruvita,2021-11-29T00:00:00,Amuhenkanda,146A,"තලාවිටිය වත්ත, අමුහේන්කන්ද, කුරුවිට",,,2022-02-24T00:00:00,2021-11-24T00:00:00,,,,,,6.8425833,80.282345
Slope Failure,SF,NBRO/LRRMD-RTP/RTP/KURUVI/LI/21/0088,RTP210085,Ratnapura,Kuruvita,2021-12-06T00:00:00,Amuhenkanda,146A,"තලාවිටියවත්ත, උඩහගම , කුරුවිට",,,2022-02-24T00:00:00,,,,,,,6.842122,80.281581
Slope Failure,SF,NBRO/LRRMD-RTP/RTP/ELAPAT/LI/21/0117,RTP210114,Ratnapura,Elapatha,2021-06-14T00:00:00,Niriella,184,"ගල්ලෙනකන්ද, නිරිඇල්ල, උඩ නිරිඇල්ල",,,2022-02-25T00:00:00,2021-06-08T00:00:00,,,,,,6.6235766,80.3609633
Slope Failure,SF,NBRO/LRRMD-RTP/RTP/ELAPAT/LI/21/0120,RTP210117,Ratnapura,Elapatha,2021-12-08T00:00:00,Karangoda,186,"වඩුමුල්ල, කරංගොඩ, රත්නපුර",,,2022-03-23T00:00:00,,,,,,,6.668905,80.387355
Slope Failure,SF,NBRO/LRRMD-RTP/RTP/GODAKA/LI/21/0123,RTP210120,Ratnapura,Godakawela,2021-12-22T00:00:00,Madampe South,238A,"මාදම්පේ වත්ත. අංක 01 කොටස, රක්වාන",,,2022-03-08T00:00:00,,,,,,,6.505428,80.582653
Slope Failure,SF,NBRO/LRRMD-RTP/RTP/KURUVI/LI/21/0135,RTP210132,Ratnapura,Kuruvita,2021-12-06T00:00:00,Amuhenkanda,146A,"466/C/13/A, තලාවිටිය වත්ත, උඩහගම, ඇහැළියගොඩ",,,2022-02-24T00:00:00,2021-11-28T00:00:00,,,,,,6.8432666,80.2821
Slope Failure,SF,NBRO/LRRMD-RTP/RTP/KURUVI/LI/21/0137,RTP210134,Ratnapura,Kuruvita,2021-12-20T00:00:00,Sudagala,161A,"පාතලස්සකන්ද, බටතොට, කුරුවිට",,,2022-02-24T00:00:00,2021-11-26T00:00:00,,,,,,6.822518,80.3833833
Slope Failure,SF,NBRO/LRRMD-RTP/RTP/KURUVI/LI/21/0138,RTP210135,Ratnapura,Kuruvita,2021-06-22T00:00:00,Kiragala,159D,"කිරිඇල්ල කඩේ අසල, කීරගල, කුරුවිට",,,2022-03-28T00:00:00,,,,,,,6.7984733,80.3590583
Slope Failure,SF,NBRO/LRRMD-RTP/RTP/NIVITH/LI/21/0140,RTP210137,Ratnapura,Nivithigala,2021-12-16T00:00:00,Delwala,177,"ගොඩගම්පොළ, දෙල්වල, රත්නපුර",,,2022-03-22T00:00:00,2021-11-28T00:00:00,,,,,,6.51822,80.47888
Slope Failure,SF,NBRO/LRRMD-RTP/RTP/PELMAD/LI/21/0145,RTP210142,Ratnapura,Pelmadulla,2021-11-22T00:00:00,Berenduwa,172B,"නො: 310, තුසිත, බැරැණ්ඩුව, ලෙල්ලොපිටිය",,,2022-03-10T00:00:00,2021-10-25T00:00:00,,,,,,6.668597,80.503517
Slope Failure,SF,NBRO/LRRMD-RTP/RTP/PELMAD/LI/21/0150,RTP210147,Ratnapura,Pelmadulla,2021-05-20T00:00:00,Denawaka Udakada,168,"අංක 458/1, මීගහගොඩ, පැල්මඩුල්ල",,,2022-03-09T00:00:00,,,,,,,6.61506,80.56087
Slope Failure,SF,NBRO/LRRMD-RTP/RTP/KIRIEL/LI/21/0162,RTP210159,Ratnapura,Kiriella,2021-07-01T00:00:00,Idangoda,145B,"174/1, බිම්පැලහේන, කිරිඇල්ල",,,2022-03-02T00:00:00,2021-06-04T00:00:00,,,,,,6.73713833,80.2619199
Slope Failure,SF,NBRO/LRRMD-RTP/RTP/NIVITH/LI/21/0172,RTP210169,Ratnapura,Nivithigala,2021-01-11T00:00:00,Uda Karavita,173B,"අක්කර 50 කොටස, අතුකෝරල මාවත, උඩකරවිට",,,2022-04-19T00:00:00,,,,,,,6.58151,80.41894
Slope Failure,SF,NBRO/LRRMD-RTP/RTP/NIVITH/LI/21/0200,RTP210197,Ratnapura,Nivithigala,2021-11-25T00:00:00,Kolombugama,176C,"කොළඹගම, නිවිතිගල, රත්නපුර",,,2021-12-28T00:00:00,,,,,,,6.5746388,80.482575
Slope Failure,SF,NBRO/LRRMD-RTP/RTP/WELIGE/LI/21/0203,RTP210200,Ratnapura,Weligepola,2021-12-22T00:00:00,Panana,240,"පනාන වත්ත, ඉලුක්කුඹුර, ඕපනායක",,,2022-03-15T00:00:00,,,,,,,6.591798,80.6883866
Slope Failure,SF,NBRO/LRRMD-RTP/RTP/WELIGE/LI/21/0204,RTP210201,Ratnapura,Weligepola,2021-12-23T00:00:00,Ilukkumbura,240A,"මැද්දෙකන්ද, ඉළුක්කුඹුර, පනාන, ඕපනායක",,,2022-03-15T00:00:00,,,,,,,6.60572833,80.68064
Slope Failure,SF,NBRO/LRRMD-RTP/RTP/WELIGE/LI/21/0205,RTP210202,Ratnapura,Weligepola,2021-12-22T00:00:00,Panana,240,"හපුගස්තැන්න, වැලිගෙපොල, බලංගොඩ",,,2022-03-15T00:00:00,,,,,,,6.58105,80.6817966
Slope Failure,SF,NBRO/LRRMD-RTP/RTP/BALANG/LI/21/0223,RTP210220,Ratnapura,Balangoda,2021-12-10T00:00:00,Egoda Waleboda,265A,"පැණිපංගුව, එගොඩ වලේබොඩ","පැණිපංගුව, එගොඩ වලේබොඩ",බලංගොඩ නගරයේ සිට රාස්සගල මාර්ගයේ මැද්දේකන්ද හන්දිය දක්වා පැමිණ එගොඩ වලේබොඩ මාර්ගයේ එගොඩ වලේබො,2021-12-16T00:00:00,2021-10-10T00:00:00,,,,,,6.72201,80.60951
Slope Failure,SF,NBRO/LRRMD-RTP/RTP/IMBULP/LI/21/0237,RTP210234,Ratnapura,Imbulpe,2021-08-06T00:00:00,Seelogama,274,"ඉංජිනේරු සේවා නිල නිවස, සීලගම, බෙලිහුල්ඔය","ඉංජිනේරු සේවා නිල නිවස, සීලගම, බෙලිහුල්ඔය","බලංගොඩ - බදුල්ල මාර්ගයේ අළුත්නුවර මංසන්ධිය දක්වා පැමිණ, තවත් කිලෝමීටර් 6ක් පමණ බෙලිහුල්ඔය දෙසට ප",2021-11-16T00:00:00,2017-10-10T00:00:00,,,,,,6.7137,80.76982
Slope Failure,SF,NBRO/LRRMD-RTP/RTP/OPANAY/LI/21/0261,RTP210258,Ratnapura,Opanayaka,2021-12-22T00:00:00,Batadura,242A,"බටදුර, අකරැල්ල, ඕපනායක",,,2021-12-02T00:00:00,,,,,,,6.56179,80.64253
Slope Failure,SF,NBRO/LRRMD-RTP/RTP/RATNAP/LI/21/0293,RTP210290,Ratnapura,Ratnapura,2021-11-11T00:00:00,Gallella,164,"නුගේපොල,රත්නපුර",,,2021-11-11T00:00:00,2021-11-11T00:00:00,,,,,,6.717506,80.497385
Slope Failure,SF,NBRO/LRRMD-RTP/RTP/RATNAP/LI/21/0295,RTP210292,Ratnapura,Ratnapura,2021-11-01T00:00:00,Gallella,164,"පහළ නුගේපොල, ගල්ලෑල්ල, රත්නපුර",,,2021-11-02T00:00:00,,,,,,,6.710295,80.492192
Slope Failure,SF,NBRO/LRRMD-RTP/RTP/GODAKA/LI/21/0327,RTP210324,Ratnapura,Godakawela,2021-11-16T00:00:00,Kottala,231D,"බාල මෝටර්ස්, මාදම්පේ පාර, රක්වාන",,,2021-11-16T00:00:00,,,,,,,6.476617,80.610897
Slope Failure,SF,NBRO/LRRMD-RTP/RTP/RATNAP/LI/21/0450,RTP210447,Ratnapura,Ratnapura,2021-06-05T00:00:00,Mudduwa East,182D,"1/9, ගැටන්ගම, රත්නපුර",,,2021-06-07T00:00:00,2021-06-04T00:00:00,,,,,,6.67042,80.394334
Slope Failure,SF,NBRO/LRRMD-RTP/RTP/AYAGAM/LI/21/0459,RTP210456,Ratnapura,Ayagama,2021-06-04T00:00:00,Dumbara,191,"පහලපොළ, දුම්බර, ඇල්ලගාව",,,2021-06-11T00:00:00,2021-06-04T00:00:00,,,,,,6.730692,80.218987
Slope Failure,SF,NBRO/LRRMD-RTP/RTP/AYAGAM/LI/21/0460,RTP210457,Ratnapura,Ayagama,2021-06-04T00:00:00,Dumbara,191,"මැදපොළ, දුම්බර",,,2021-06-11T00:00:00,2021-06-04T00:00:00,,,,,,6.719565,80.222672
Slope Failure,SF,NBRO/LRRMD-RTP/RTP/EHELIY/LI/21/0500,RTP210497,Ratnapura,Eheliyagoda,2021-06-02T00:00:00,Paleegala,141B,"පීල්ලවලකන්ද, ඇහැලියගොඩ",,,2021-06-08T00:00:00,,,,,,,6.842291,80.2401674
Slope Failure,SF,NBRO/LRRMD-RTP/RTP/KIRIEL/LI/21/0502,RTP210499,Ratnapura,Kiriella,2021-05-26T00:00:00,Epitawala,145A,"පල්ලෙක්කන්ද, එපිටවල, කිරිඇල්ල",,,2021-05-27T00:00:00,2021-05-26T00:00:00,,,,,,6.75215499,80.24192166
Slope Failure,SF,NBRO/LRRMD-RTP/RTP/KIRIEL/LI/21/0503,RTP210500,Ratnapura,Kiriella,2021-06-04T00:00:00,Munasinhapura,145C,"491/ඒ/1, රජමාවත, මුණසිංහපුර, කිරිඇල්ල",,,2021-06-16T00:00:00,2021-06-04T00:00:00,,,,,,6.735758,80.237758
Slope Failure,SF,NBRO/LRRMD-RTP/RTP/KIRIEL/LI/21/0510,RTP210507,Ratnapura,Kiriella,2021-06-04T00:00:00,Epitawala,145A,"397/B, එපිටවල, වරකාගොඩ කන්ද, කිරිඇල්ල",,,2021-06-19T00:00:00,2021-06-04T00:00:00,,,,,,6.7418683,80.255188
Slope Failure,SF,NBRO/LRRMD-RTP/RTP/BALANG/LI/21/0525,RTP210522,Ratnapura,Balangoda,2021-05-09T00:00:00,Vikiliya,252C,"සමනල යොවුන් ගම, විකිලිය, බලන්ගොඩ",,,2021-06-10T00:00:00,2020-05-08T00:00:00,,,,,,6.63992,80.711703
Slope Failure,SF,NBRO/LRRMD-RTP/RTP/IMBULP/LI/22/0004,RTP220018,Ratnapura,Imbulpe,2022-02-09T00:00:00,Maddegama,269,"පඹගොල්ල, පින්නවල, බලංගොඩ",,,2022-01-28T00:00:00,2022-01-10T00:00:00,,,,,,6.729169,80.69522
Slope Failure,SF,NBRO/LRRMD-RTP/RTP/GODAKA/LI/22/0046,RTP220190,Ratnapura,Godakawela,2022-01-11T00:00:00,Madampe North,238,"ඕබඩකන්ද, රක්වාන",,,2022-03-08T00:00:00,,,,,,,6.495974,80.598174
Slope Failure,SF,NBRO/LRRMD-RTP/RTP/KALAWA/LI/22/0091,RTP220488,Ratnapura,Kalawana,2022-03-14T00:00:00,Kodippilikanda,195E,"අම්බලමේහේන, නාවලකන්ද, කලවාන",,,2022-04-27T00:00:00,,,,,,,6.53901,80.30892
Slope Failure,SF,NBRO/LRRMD-RTP/RTP/KALAWA/LI/22/0094,RTP220491,Ratnapura,Kalawana,2022-01-14T00:00:00,Kukulegama North,195,"කුකුලේගම, කලවාන",,,2022-04-27T00:00:00,,,,,,,6.53204,80.36578
Slope Failure,SF,NBRO/LRRMD-RTP/RTP/AYAGAM/LI/22/0121,RTP220552,Ratnapura,Ayagama,2022-05-30T00:00:00,Nikagoda,194B,"බටමණ්ඩිය, නිකගොඩ, කලවාන",,,2022-05-19T00:00:00,,,,,,,6.556403,80.363963
Slope Failure,SF,NBRO/LRRMD-RTP/RTP/EHELIY/LI/22/0122,RTP220553,Ratnapura,Eheliyagoda,2022-01-07T00:00:00,Huladduwa,138D,"459, හුලද්දූව, ගැටහැත්ත",,,2022-05-04T00:00:00,,,,,,,6.872039,80.219749
Slope Failure,SF,NBRO/LRRMD-RTP/RTP/EHELIY/LI/22/0123,RTP220559,Ratnapura,Eheliyagoda,2022-01-07T00:00:00,Nakandala,140B,"318/B, නාකන්දල, ඇහැලියගොඩ",,,2022-04-21T00:00:00,,,,,,,6.8338766,80.259758
Slope Failure,SF,NBRO/LRRMD-RTP/RTP/KALAWA/LI/22/0155,RTP220620,Ratnapura,Kalawana,2022-05-30T00:00:00,Thapassarakanda,196C,"තපස්සරක්නද, කලවාන",,,2022-05-19T00:00:00,2022-05-17T00:00:00,,,,,,6.525744,80.382373
Slope Failure,SF,NBRO/LRRMD-RTP/RTP/RATNAP/LI/22/0175,RTP220665,Ratnapura,Ratnapura,2022-05-31T00:00:00,Samagipura,182C,"918, සමගිපුර, රත්නපුර",,,2022-05-17T00:00:00,2022-05-14T00:00:00,,,,,,6.66871,80.39042833
Slope Failure,SF,NBRO/LRRMD-RTP/RTP/RATNAP/LI/22/0176,RTP220666,Ratnapura,Ratnapura,2022-04-30T00:00:00,Ethoya,182E,"22/බී/2/2, ඇත්ඔය, රත්නපුර",,,2022-04-28T00:00:00,,,,,,,6.658819,80.3966238
Slope Failure,SF,NBRO/LRRMD-RTP/RTP/EHELIY/LI/22/0182,RTP220685,Ratnapura,Eheliyagoda,2022-02-09T00:00:00,Kalatuwawa East,139A,"118/A/3, කරඳන උතුර, කලටුවාව",,,2022-06-06T00:00:00,,,,,,,6.8225683,80.2126233
Slope Failure,SF,NBRO/LRRMD-RTP/RTP/EHELIY/LI/22/0184,RTP220687,Ratnapura,Eheliyagoda,2022-01-11T00:00:00,Karandana South,143A,"48/A, වික්‍රමකන්ද, කරඳන",,,2022-04-25T00:00:00,,,,,,,6.76983166,80.233875
Slope Failure,SF,NBRO/LRRMD-RTP/RTP/RATNAP/LI/22/0212,RTP220760,Ratnapura,Ratnapura,2022-05-10T00:00:00,Dewalegawa,151,"ගනේගොඩ, දේවාලෙගාව, රත්නපුර",,,2022-05-24T00:00:00,,,,,,,6.695194,80.3803
Slope Failure,SF,NBRO/LRRMD-RTP/RTP/OPANAY/LI/22/0575,RTP221075,Ratnapura,Opanayaka,2022-12-15T00:00:00,Akarella,241,"කිතුල්කැටිය,අකරැල්ල,ඕපනායක","කිතුල්කැටිය,අකරැල්ල,ඕපනායක",රත්නපුර නගරයේ සිට ඕපනායක ප්‍රදේශයේ උඩුවෙල හන්දියෙන් වම් දෙසට හරි කිලෝමීටර් 8 ක් පමණ ගිය පසු හමුව,2023-01-17T00:00:00,2020-03-10T00:00:00,-,අවිධිමත් ඉදිකිරීම් සහ භූමි භාවිතය,-,-,-,6.577006,80.656259
Slope Failure,SF,NBRO/LRRMD-RTP/RTP/KOLONN/LI/22/0602,RTP221102,Ratnapura,Kolonna,2022-10-31T00:00:00,Buluthota,202,බුළුතොට,"උඩහ ගෙදර, බුළුතොට",,2023-02-14T00:00:00,,,අධික වර්ෂාපතනය,,,,6.437662,80.651927
Slope Failure,SF,NBRO/LRRMD-RTP/RTP/IMBULP/LI/22/0699,RTP221199,Ratnapura,Imbulpe,2022-09-12T00:00:00,Halpe,277,"හල්පේ, බෙලිහුල්ඔය","හල්පේ, බෙලිහුල්ඔය",රත්නපුර - බදුල්ල මාර්ගයේ 99 කිලෝමීටර් කණුව පසුකොට තලකහවත්ත හන්දිය පසුකොට මීටර් 200 පමණ දුරින් ප්‍ර,2023-05-18T00:00:00,,,,,,,6.740142,80.827447
Slope Failure,SF,NBRO/LRRMD-RTP/RTP/RATNAP/LI/22/0706,RTP221207,Ratnapura,Ratnapura,2022-08-01T00:00:00,Guruluwana,162G,මල්වල - සිරිපාගම මාර්ගය,මල්වල - සිරිපාගම මාර්ගය,,2022-08-01T00:00:00,,,,,,,6.780037,80.434713
Slope Failure,SF,NBRO/LRRMD-RTP/RTP/PELMAD/LI/23/0135,RTP230489,Ratnapura,Pelmadulla,2023-06-20T00:00:00,Halpawala,170A,"පන්සල පාර, හල්පාවල, පනාවැන්න","පන්සල පාර, හල්පාවල, පනාවැන්න",පැල්මඩුල්ල නගරයේ සිට කහවත්ත දෙසට ගමන් කිරීමේදී හමුවන පනාවැන්න හන්දියෙන් දකුණු දෙසට වූ හල්පාවල,2023-06-21T00:00:00,,,අවිධිමත් භූමි භාවිතය,,,,6.589355,80.530911
Slope Failure,SF,NBRO/LRRMD-RTP/RTP/PELMAD/LI/23/0168,RTP230556,Ratnapura,Pelmadulla,2023-07-14T00:00:00,Rilhena,167C,"269/16, සමගිමාවත, රිල්හේන","සමගිමාවත, රිල්හේන",රතනපුර සිට පැල්මඩුල්ල දෙසට ගමන් කිරීමේදී පැල්මඩුල්ල නගරයට ප්‍රථම DW තේ කර්මාන්ත ශාලාව අසලින් පි,2023-08-07T00:00:00,,,අවිධිමත් භූමි භාවිතයන්,,,,6.629096,80.528596
Slope Failure,SF,NBRO/LRRMD-RTP/RTP/PELMAD/LI/23/0225,RTP230758,Ratnapura,Pelmadulla,2023-09-07T00:00:00,Denawaka Pathakada,171,"මාවුදැල්ලවත්ත පාර, මිදිගහමුල්ල, පාතකඩ, පැල්මඩුල්ල","මාවුදැල්ලවත්ත පාර, මිදිගහමුල්ල, පාතකඩ, පැල්මඩුල්ල",රත්නපුර සිට පැල්මඩුල්ල මාර්ගයේ පාතකඩ හන්දියෙන් දකුණු දෙසට වූ මාවුදැල්ලවත්ත පාරේ කිලෝමීටර් 1 ක්,2023-09-20T00:00:00,,,අවිධිමත් භූමි භාවිතය,,,,6.629262,80.51787
Slope Failure,SF,NBRO/LRRMD-RTP/RTP/BALANG/LI/23/0226,RTP230759,Ratnapura,Balangoda,2023-09-07T00:00:00,Horaketiya,266E,"අංක 422/බී, මිල්ලගස්තැන්න, හොරකැටිය, බලංගොඩ","අංක 422/බී, මිල්ලගස්තැන්න, හොරකැටිය, බලංගොඩ",රත්නපුර - බලන්ගොඩ මාර්ගයේ ඕපනායක පසු කොට මාර්ගය ආසන්නයේ හමුවන මාලිගාතැන්න හෝටලය ඉදිරිපිට මාර්ග,2023-09-20T00:00:00,,,අවිධිමත් භූමි භාවිතය,,,,6.628212,80.665575
Slope Failure,SF,NBRO/LRRMD-RTP/RTP/KAHAWA/LI/23/0515,RTP231245,Ratnapura,Kahawatta,2023-11-23T00:00:00,Nugawela East,230,"ඕපාත පාර, ඇල්ලගෙවත්ත, කහවත්ත","ඕපාත පාර, ඇල්ලගෙවත්ත, කහවත්ත",රත්නපුර-කහවත්ත හරහා ඇඹිලිපිටිය මාරගයේ ඩයමන්ඩ් හෝටලය අසලින් වමට ඇති මාරගය ඔස්සේ ගමන් කිරිමෙන්,0001-01-01T00:00:00,2023-11-18T00:00:00,20:00,බැවුම් අස්ථාවර විම්,,,,6.567678,80.576717
Slope Failure,SF,NBRO/LRRMD-RTP/RTP/KOLONN/LI/23/0525,RTP231271,Ratnapura,Kolonna,2023-11-24T00:00:00,Walakada,217B,"වලකඩ හංදිය, ඕමල්පේ","වලකඩ හංදිය, ඕමල්පේ",ඇඹිලිපිටියේ සිට කෑල්ල දෙසට ගමන් කරන විට හමුවන වලකඩ හන්දියෙන් දකුණු දෙසට වූ ගොඩවෙල මාර්ගයේ මීටර,2024-12-05T00:00:00,,,අධික වර්ෂාව,,,,6.3520068,80.6969174
Slope Failure,SF,NBRO/LRRMD-RTP/RTP/RATNAP/LI/23/0648,RTP231439,Ratnapura,Ratnapura,2023-11-30T00:00:00,Balakotunna,164E,"බලකොටුන්න, ගුරුබැවිලාගම, බලංගොඩ","බලකොටුන්න, ගුරුබැවිලාගම, බලංගොඩ",රත්නපුර වේවැල්වත්ත මාර්ගයේ ගොස් වේවැල්වත්ත මංසන්ධියෙන් බලංගොඩ මාර්ගයේ කිලෝමීටර 4 ක් පමණ ගමන් ක,2024-05-09T00:00:00,2023-11-14T00:00:00,,අධික වර්ෂාපතනය,,,,6.7012052,80.5798132
Slope Failure,SF,NBRO/LRRMD-RTP/RTP/RATNAP/LI/23/0725,RTP231521,Ratnapura,Ratnapura,2023-12-15T00:00:00,Alupola,165B,"මහවලවත්ත,ගුරුබැවිලගම,බලංගොඩ","මහවලවත්ත,ගුරුබැවිලගම,බලංගොඩ",රත්නපුර වේවැල්වත්ත මාර්ගයේ ගමන් කර වේවැල්වත්ත හංදියෙන් බලංගොඩ මාර්ගයේ ගමන් කර වැල්ලවල හංදියෙ,2024-05-09T00:00:00,2023-11-16T00:00:00,,අධික වර්ෂාව,,,,6.6917769,80.5616255
Slope Failure,SF,NBRO/LRRMD-RTP/RTP/WELIGE/LI/23/0828,RTP231673,Ratnapura,Weligepola,2023-12-29T00:00:00,Belimaliyadda,247,බෙලිමල්ලියැද්ද,"පොල්ලමුර,බෙලිමල්ලියැද්ද, වැලිගේපොල",,2023-10-19T00:00:00,2023-10-11T00:00:00,,,,,,6.57636833,80.73685833
Slope Failure,SF,NBRO/LRRMD-RTP/RTP/KOLONN/LI/24/0069,RTP240136,Ratnapura,Kolonna,2024-01-18T00:00:00,Buluthota,202,"කටුකිතුල,බුළුතොට","කටුකිතුල,බුළුතොට",රත්නපුර-ඇඹිලිපිටිය මාරගයේ තුංතොට මංසන්ධියේ සිට බුළුතොට මාරගයේ ගමන් කර නැවත බුළුතොටින් වමට ඇති,2023-11-27T00:00:00,2023-11-22T00:00:00,16:00,බැවුම් අස්ථාවර වි පහල නිවස පිටුපස කොටස හානි විම,,,,6.43812,80.6479
Slope Failure,SF,NBRO/LRRMD-RTP/RTP/BALANG/LI/24/0109,RTP240248,Ratnapura,Balangoda,2024-02-08T00:00:00,Pallekanda,255,"බෙලිගල පාර, පල්ලෙකන්ද, බලංගොඩ","බෙලිගල පාර, පල්ලෙකන්ද, බලංගොඩ",රත්නපුර සිට රත්නපුර - බලන්ගොඩ මාර්ගයේ ඇල්ලේපොළ පසු කොට ඇල්ලේපොළ විදුහල අසලින් බෙලිගල පාරේ කිලෝ,2024-02-01T00:00:00,2024-01-18T00:00:00,,,,,,6.635628,80.67624
Slope Failure,SF,NBRO/LRRMD-RTP/RTP/KAHAWA/LI/24/0168,RTP240368,Ratnapura,Kahawatta,2024-02-29T00:00:00,Kalalella,228,"කලල්ඇල්ල,අටකලන්පන්න","ආර්.රවීන්ද්‍ර රණවීර, කලල්ඇල්ල,අටකලන්පන්න","කොළඹ - රත්නපුර - වැල්ලවාය - මඩකලපුව මාර්ගය හරහා පැල්මඩුල්ලටත්, ඉන්පසු පැල්මඩුල්ල - ඇඹිලිපිටිය මාර",2024-09-27T00:00:00,,,අදික වර්ශාව,,,,6.5266534,80.5842139
Slope Failure,SF,NBRO/LRRMD-RTP/RTP/GODAKA/LI/24/0281,RTP240693,Ratnapura,Godakawela,2024-05-15T00:00:00,Rakwana South,231C,"කන්දගම,රක්වාන","කන්දගම,රක්වාන",රත්නපුර සිට රක්වාන නගරයට ගොස් රක්වාන-කලවාන මර්ගයේ කිලෝමීටර 2.5ක් පමණ ගිය පසු මෙම ස්ථානය හමු වේ.,2024-10-01T00:00:00,,,අධික වර්ෂාපතනය,,,,6.4673589,80.5998993
Slope Failure,SF,NBRO/LRRMD-RTP/RTP/IMBULP/LI/24/0288,RTP240702,Ratnapura,Imbulpe,2024-05-16T00:00:00,Waleboda North,266A,වලේබොඩ,"හුදුනාමුව හන්දිය, වලේබොඩ",බලංගොඩ සිට බගවන්තලාව මාර්ගයේ අල්ලේආරාව හන්දියට පිවිස එහි සිට වම් දෙසට වූ වලේබොඩ මාර්ගයේ හුදුනා,2024-05-13T00:00:00,2024-05-11T00:00:00,19:00,අධික වර්ෂාව,,,,6.720355,80.649939
Slope Failure,SF,NBRO/LRRMD-RTP/RTP/IMBULP/LI/24/0289,RTP240705,Ratnapura,Imbulpe,2024-05-16T00:00:00,Waleboda North,266A,"වලේබොඩ, පින්නවල, බලංගොඩ","වලේබොඩ, පින්නවල, බලංගොඩ",බලන්ගොඩ නගරයේ සිට පින්නවල පසු කොට බගවන්තලාව මාර්ගයේ පුදුකාටුව හන්දියෙන් වම් අත දෙසට වූ වලේබොඩ,2024-05-13T00:00:00,,,අධික වර්ෂාව,,,,6.726933,80.640316
Slope Failure,SF,NBRO/LRRMD-RTP/RTP/EHELIY/LI/24/0333,RTP240779,Ratnapura,Eheliyagoda,2024-06-03T00:00:00,Mitipola,142B,"චැසියර් වත්ත, මිටිපොල","චැසියර් වත්ත, මිටිපොල",ඇහැළියගොඩ නගරයේ සිට මිටිපොල මාර්ගයේ කිලෝමීටර් 5 ක් පමණ පිවිසීමෙන් උක්ත ස්ථානයට පිවිසිය හැක.,2024-06-04T00:00:00,2024-06-01T00:00:00,02:00,අධික වර්ෂාව,,,,6.823601,80.22465
Slope Failure,SF,NBRO/LRRMD-RTP/RTP/EHELIY/LI/24/0523,RTP241080,Ratnapura,Eheliyagoda,2024-06-24T00:00:00,Karandana North,143,"අක්කර 40, කොටස",,,2024-06-05T00:00:00,,,,,,,6.815669,80.209993
Slope Failure,SF,NBRO/LRRMD-RTP/RTP/EHELIY/LI/24/0542,RTP241100,Ratnapura,Eheliyagoda,2024-06-24T00:00:00,Mapota,143C,කුමාර මහතාගේ කඩය අසල,"31/A,කොස්හේන,මාපොට,කලටුවාව",රත්නපුර සිට ගැටහැත්තට ගොස් වමට හැරී නාපාවල මාර්ගයේ කොස්හේන හන්දිය පසු කර මීටර 50ක් පමණ කරදන දෙසට,2024-10-14T00:00:00,,,,,,,6.831679,80.213966
Slope Failure,SF,NBRO/LRRMD-RTP/RTP/KALAWA/LI/24/0616,RTP241203,Ratnapura,Kalawana,2024-07-02T00:00:00,Kalawana East,196E,"වැලිකුඹුර,කලවාන","වැලිකුඹුර,කලවාන",රත්නපුර කලවාන මාර්ගයේ ගමන් කර කලවාන ප්‍රාදේශීය ලේකම් කාර්යාලය අසල සිට කිලෝමීටර 3 ක් පමණ කලවාන දෙ,2024-11-18T00:00:00,,,අධික වර්ෂාපතනය,,,,6.5247466,80.4057664
Slope Failure,SF,NBRO/LRRMD-RTP/RTP/KALAWA/LI/24/0648,RTP241252,Ratnapura,Kalawana,2024-07-10T00:00:00,Hapugoda,199A,"පැලවත්ත,පනාපොල,කලවාන","පැලවත්ත,පනාපොල,කලවාන",රත්නපුර කලවාන මාර්ගයේ ගමන් කර කලවාන නගරයෙන් කලවාන පොතුපිටිය මාර්ගයේ ගමන් කර නැවත අඹගහ කන්ද - පැල,2024-11-18T00:00:00,,,අධික වර්ෂාපතනය,,,,6.4184364,80.483395
Slope Failure,SF,NBRO/LRRMD-RTP/RTP/AYAGAM/LI/24/0699,RTP241310,Ratnapura,Ayagama,2024-07-12T00:00:00,Pitakanda,193F,"කළුමැදිරිය,අයගම","කළුමැදිරිය,අයගම",රත්නපුර සිට අයගමට ගොස් අයගම-ගවරගිරිය මාර්ගයේ කිලෝමීටර 7ක් පමණ ගොස් දකුණට හැරී මීටර 700ක් පමණ කළුමැ,2025-01-07T00:00:00,,,අධික වර්ෂාපතනය,,,,6.651596,80.275823
Slope Failure,SF,NBRO/LRRMD-RTP/RTP/AYAGAM/LI/24/0711,RTP241322,Ratnapura,Ayagama,2024-07-12T00:00:00,Paragala,194,"700 වත්ත,පරගල,අයගම","700 වත්ත,පරගල,අයගම",රත්නපුර පානදුර මාර්ගයේ ගමන් කර හැරණියාවක මංසන්ධියෙන් වමට හැරී කිරිඇල්ල අයගම මාර්ගයේ ගමන් කර අය,2024-12-06T00:00:00,2024-06-04T00:00:00,,අධික වර්ෂාපතනය,,,,6.6118533,80.3375132
Slope Failure,SF,NBRO/LRRMD-RTP/RTP/ELAPAT/LI/24/0803,RTP241530,Ratnapura,Elapatha,2024-08-08T00:00:00,Kotamulla,183A,"දෙල්ලබඩ දකුණ, කරංගොඩ","දෙල්ලබඩ දකුණ, කරංගොඩ",රත්නපුර ඇලපාත මාර්ගයේ ගමන් කර ඇලපාත ප්‍රාදේශීය ලේකම් කාර්යාලය පසු කිරීමෙන් හමුවන දකුණුපසට ඇති,2025-01-28T00:00:00,,,අධික වර්ෂාපතනය,,,,6.6594599,80.3530254
Slope Failure,SF,NBRO/LRRMD-RTP/RTP/KIRIEL/LI/24/0849,RTP241653,Ratnapura,Kiriella,2024-08-21T00:00:00,Kiriella,145,"හිඳුරංගල පාර, කිරිඇල්ල","හිඳුරංගල පාර, කිරිඇල්ල",හිඳුරංගල මාර්ගයේ කි.මි. 3 කණුව අසල,2024-08-14T00:00:00,,,,,,,6.76339,80.26209
Slope Failure,SF,NBRO/LRRMD-RTP/RTP/IMBULP/LI/24/0982,RTP242072,Ratnapura,Imbulpe,2024-11-19T00:00:00,Maddegama,269,"මද්දේගම, පින්නවල, බලංගොඩ","මද්දේගම, පින්නවල, බලංගොඩ",රත්නපුර-බලංගොඩ මාර්ගයේ ගමන් කර බලංගොඩ නගරයෙන් රත්නපුර-බදුල්ල මාර්ගයේ ගමන් කර මද්දෙගම-පිඩලිගන්,2025-02-10T00:00:00,,,අධික වර්ෂාපතනය,,,,6.7238128,80.692495
Slope Failure,SF,NBRO/LRRMD-RTP/RTP/PELMAD/LI/24/0987,RTP242077,Ratnapura,Pelmadulla,2024-11-21T00:00:00,Dewalegama,171D,"සිංගප්පුලි කන්ද, දේවාලේගම, පාතකඩ","සිංගප්පුලි කන්ද, දේවාලේගම, පාතකඩ",,0001-01-01T00:00:00,,,,,,,6.6311086,80.4979111
Slope Failure,SF,NBRO/LRRMD-RTP/RTP/RATNAP/LI/24/1004,RTP242126,Ratnapura,Ratnapura,2024-11-29T00:00:00,Amunuthenna,164C,"14 කණුව, අමුණුතැන්න, ගල්ලෑල්ල","14 කණුව, අමුණුතැන්න, ගල්ලෑල්ල",රත්නපුර වේවැල්වත්ත මාර්ගයේ වේවැල්වත්ත දෙසට ගමන් කර අමුණුතැන්න ප්‍රදේශයට ළගා වීමෙන් අදාල ස්ථා,0001-01-01T00:00:00,,,අධික වර්ෂාපතනය,,,,6.7132353,80.5261226
Slope Failure,SF,NBRO/LRRMD-RTP/RTP/IMBULP/LI/25/0077,RTP250226,Ratnapura,Imbulpe,2025-02-07T00:00:00,Maddegama,269,"ඉහළ දෙතනගල කොටස, බලංගොඩ වත්ත, බලංගොඩ","ඉහළ දෙතනගල කොටස, බලංගොඩ වත්ත, බලංගොඩ",රත්නපුර බලංගොඩ මාර්ගයේ ගමන් කර බලංගොඩ නගරයෙන් බදුල්ල මාර්ගයේ ගමන් කර මාරතැන්න මාර්ගයේ ගමන් කිර,2025-04-28T00:00:00,,,අධික වර්ෂාපතනය,,,,6.7374269,80.6890194
Slope Failure,SF,NBRO/LRRMD-RTP/RTP/IMBULP/LI/25/0082,RTP250231,Ratnapura,Imbulpe,2025-02-07T00:00:00,Pidaligannawela,269B,"මැදහින්න උතුර, බොරංගමුව, පින්නවල","මැදහින්න උතුර, බොරංගමුව, පින්නවල",රතනපුර බලංගොඩ මාර්ගයේ ගමන් කර බලංගොඩ නගරයෙන් බදුල්ල මාර්ගයේ ගමන් කර ඇල්ලහේන හංදියෙන් හැරී පින්,2025-02-05T00:00:00,,,අධික වර්ෂාපතනය,,180mm,,6.7405108,80.7147332
Slope Failure,SF,NBRO/LRRMD-RTP/RTP/IMBULP/LI/25/0156,RTP250549,Ratnapura,Imbulpe,2025-03-25T00:00:00,Waleboda North,266A,වලේබොඩ තෝරගල කන්ද මාර්ගයේ කොටසක්,වලේබොඩ තෝරගල කන්ද මාර්ගයේ කොටසක්,වලේබොඩ-තෝරවෙලකන්ද මාර්ගයේ ගයිවත්ත ප්‍රදේශයේ,2025-04-03T00:00:00,,,අධික වර්ශාව,,,,6.7203769,80.64994
Slope Failure,SF,NBRO/LRRMD-RTP/RTP/KALAWA/LI/25/0174,RTP250620,Ratnapura,Kalawana,2025-04-10T00:00:00,Kodippilikanda,195E,"අම්බලමහේන, කලවාන","අම්බලමහේන, කලවාන",රත්නපුර කලවාන මාර්ගයේ ගමන් කර කලවාන නගරයෙන් මතුගම මාර්ගයේ ගමන් කර අම්බලමහේන වංගුව අසලට ළගා වීම,2025-04-25T00:00:00,,,අධික වර්ෂාපතනය,,,,6.5423952,80.3136034
Slope Failure,SF,NBRO/LRRMD-RTP/RTP/BALANG/LI/25/0182,RTP250644,Ratnapura,Balangoda,2025-04-22T00:00:00,Rassagala,265,රාස්සගල තේ කර්මාන්තශාලාව,රාස්සගල තේ කර්මාන්තශාලාව,,2025-03-27T00:00:00,2025-03-26T00:00:00,07:55,අදීක වර්ශාව,,,,6.69146,80.63698
Slope Failure,SF,NBRO/LRRMD-RTP/RTP/KOLONN/LI/25/0265,RTP250875,Ratnapura,Kolonna,2025-05-30T00:00:00,Ittakanda,203A,"ලංකාබේරිය වත්ත, ඉත්තකන්ද","26 කොටස, ලංකාබේරිය වත්ත, ඉත්තකන්ද",රත්නපුර සිට ඉත්තේකන්ද සිට කිලෝමීටර 3.0ක් පමණ දෙනියාය දෙසට ගියපසු මෙම නිවාස හමු වේ.,2025-05-27T00:00:00,,,අධික වර්ෂාපනය,,,,6.397938,80.647518
Slope Failure,SF,NBRO/LRRMD-RTP/RTP/KAHAWA/LI/25/0364,RTP251102,Ratnapura,Kahawatta,2025-06-24T00:00:00,Miyanavita West,226F,"මඩලගම කොටස, ඇන්දාන වත්ත, කහවත්ත","මඩලගම කොටස, ඇන්දාන වත්ත, කහවත්ත",රත්නපුර සිට කහවත්තට ගොස් කහවත්ත- ඇන්දාන මාර්ගයේ ඇන්දාන පසු කර මඩලගම කොටසට ගොස් මීටර 400ක් පමණ ගිය,2025-06-20T00:00:00,,,,,,,6.5316035,80.5085139
Slope Failure,SF,NBRO/LRRMD-RTP/RTP/KOLONN/LI/25/0378,RTP251138,Ratnapura,Kolonna,2025-06-25T00:00:00,Boraluwageaina,206A,"හේයස් වත්ත, උල්ලිඳුවාව","හේයස් වත්ත, උල්ලිඳුවාව",රත්නපුර සිට කොලොන්න පසු කර දෙනියාය-සූරියකන්ද මාර්ගයේ හේයස් වත්ත තේ කර්මාන්ත ශාලාවට පිවිසෙන මාර,2025-06-17T00:00:00,,,අධික බෑවුම් ආනතිය,,,,6.3667648,80.6611537
Slope Failure,SF,NBRO/LRRMD-RTP/RTP/NIVITH/LI/25/0446,RTP251310,Ratnapura,Nivithigala,2025-07-17T00:00:00,Pahala Karavita,173,"නිරිඇල්ලවත්ත, මැද කොටස","නිරිඇල්ලවත්ත, මැද කොටස",රත්නපුර පලාවෙල හරහා කරවිට මාර්ගයේ ගමන් කර දිගාන හංදියෙන් හැරී ගමන් කිරීමෙන් අදාල ස්ථානයට ළඟා ව,2025-08-27T00:00:00,,,ඇළ ඉවුරු ඛාදනය සහ අවිධිමත් භූමි සහ ජල පරිහරණ රටාවන්,,,,6.6046617,80.3767333
Slope Failure,SF,NBRO/LRRMD-RTP/RTP/KAHAWA/LI/25/0666,RTP252214,Ratnapura,Kahawatta,2025-11-18T00:00:00,Kalalella,228,"මොරන්දොල, දෙමුවාන, රක්වාන","මොරන්දොල, දෙමුවාන, රක්වාන",රත්නපුර සිට මාදම්පේ පසු කර රක්වාන මාර්ගයේ කිලෝමීටර 7ක් පමණ ගිය පසු ස්ටෝරුකඩේ මංසන්ධියෙන් දකුණට,2025-11-22T00:00:00,,,අධික වර්ෂාපතනය,,,,6.5085039,80.5767275
