Inc_Type,Type_Code,Request_No,Case_ID,District,DS_Name,Date,GND_Name,GND_No,Village,Address,Pathway,Inv_Date,Inc_Date,Inc_Time,Cause,Rain_1h,Rain_24h,Rain_Cum,Latitude,Longitude
Landslide,L,NBRO/LRRMD-BDL/BDU/LUNUGA/LI/17/0001,BDU170002,Badulla,Lunugala,2017-01-02T00:00:00,Madulsima,89C,මඩොල්සිම,,,0001-01-01T00:00:00,,,,,,,7.4098,80.9961
Landslide,L,NBRO/LRRMD-BDL/BDU/LUNUGA/LI/17/0008,BDU170009,Badulla,Lunugala,2017-01-26T00:00:00,Wewabedda,18A,වැවබැද්ද,,,0001-01-01T00:00:00,,,,,,,7.06341,81.18281
Landslide,L,NBRO/LRRMD-BDL/BDU/LUNUGA/LI/17/0023,BDU170024,Badulla,Lunugala,2017-07-19T00:00:00,Lunugala Town,94A,මිල්ලබැද්ද,,,0001-01-01T00:00:00,,,,,,,7.06341,81.18281
Landslide,L,NBRO/LRRMD-BDL/BDU/LUNUGA/LI/17/0027,BDU170028,Badulla,Lunugala,2017-09-04T00:00:00,Peessagama,94I,වටගොඩ,,,0001-01-01T00:00:00,,,,,,,7.06341,81.18281
Landslide,L,NBRO/LRRMD-BDL/BDU/LUNUGA/LI/17/0028,BDU170029,Badulla,Lunugala,2017-08-07T00:00:00,Janathapura,95,ගල්කොටුව වත්ත.,,,0001-01-01T00:00:00,,,,,,,7.04568,81.18673
Landslide,L,NBRO/LRRMD-BDL/BDU/LUNUGA/LI/17/0029,BDU170030,Badulla,Lunugala,2017-09-27T00:00:00,Batawatta,18D,"බටවත්ත වතුයාය, කුරුවිගොල්ල කොටස",,,0001-01-01T00:00:00,,,,,,,7.0585,81.164832
Landslide,L,NBRO/LRRMD-BDL/BDU/LUNUGA/LI/17/0030,BDU170031,Badulla,Lunugala,2017-10-02T00:00:00,Ekiriya,17,ඇකිරිය,,,0001-01-01T00:00:00,,,,,,,7.06341,81.18218
Landslide,L,NBRO/LRRMD-BDL/BDU/SORANA/LI/18/0003,BDU180005,Badulla,Soranathota,2018-08-06T00:00:00,Kosgolls,25D,"සේවා පියස ඉදිකිරීම - ශ්‍රී ජයසුමනාරාමය, කොස්ගොල්ල, තිඹිරිගස්පිටිය, බදුල්ල",,,0001-01-01T00:00:00,,,,,,,7.0284298,81.0754547
Landslide,L,NBRO/LRRMD-BDL/BDU/SORANA/LI/18/0004,BDU180006,Badulla,Soranathota,2018-10-30T00:00:00,Pussellawa,23AA,"රබර්වත්ත, 6 කණුව, පුස්සල්ලාකන්ද",,,0001-01-01T00:00:00,,,,,,,7.0532067,81.0610291
Landslide,L,NBRO/LRRMD-BDL/BDU/SORANA/LI/18/0005,BDU180007,Badulla,Soranathota,2018-10-30T00:00:00,Soranathota,28,"මුත්තෙට්ටුවගම ,සොරණාතොට",,,0001-01-01T00:00:00,,,,,,,7.0248175,81.0384155
Landslide,L,NBRO/LRRMD-BDL/BDU/SORANA/LI/18/0008,BDU180010,Badulla,Soranathota,2018-10-19T00:00:00,Wattekele,24A,බ/වැල්කැළේ විද්‍යාලය ආශ්‍රිත ප්‍රදේශයේ සිදු වූ භූ නායයෑම් ආපාදා තත්ත්වය පිළිබඳ මූලික භූ සමීක්ෂ,,,0001-01-01T00:00:00,,,,,,,7.046496,81.097443
Landslide,L,NBRO/LRRMD-BDL/BDU/SORANA/LI/18/0010,BDU180012,Badulla,Soranathota,2018-10-19T00:00:00,Pussellawa,23AA,"6 කණුව, පුස්සැල්ලාව තල්දෙන",,,0001-01-01T00:00:00,,,,,,,7.0480484,81.0606756
Landslide,L,NBRO/LRRMD-BDL/BDU/LUNUGA/LI/18/0013,BDU180015,Badulla,Lunugala,2018-03-14T00:00:00,Arawakumbura,94C,කිරවනාගම,,,0001-01-01T00:00:00,,,,,,,7.053555,81.121619
Landslide,L,NBRO/LRRMD-BDL/BDU/LUNUGA/LI/18/0014,BDU180016,Badulla,Lunugala,2018-03-14T00:00:00,Arawakumbura,94C,වැවහේන,,,0001-01-01T00:00:00,,,,,,,7.05151,81.120831
Landslide,L,NBRO/LRRMD-BDL/BDU/LUNUGA/LI/18/0017,BDU180019,Badulla,Lunugala,2018-05-16T00:00:00,Janathapura,95,ජනතාපුර,,,0001-01-01T00:00:00,,,,,,,7.05658,81.18559
Landslide,L,NBRO/LRRMD-BDL/BDU/LUNUGA/LI/18/0018,BDU180020,Badulla,Lunugala,2018-05-16T00:00:00,Yapamma,94B,අම්බලන්ගොඩ කොටසේ ක්ෂේත්‍ර අංක 01 හි ළමා සංවර්ධන මධ්‍යස්ථානය ඉදිකිරීම,,,0001-01-01T00:00:00,,,,,,,6.99847,81.19529
Landslide,L,NBRO/LRRMD-BDL/BDU/LUNUGA/LI/18/0019,BDU180021,Badulla,Lunugala,2018-09-03T00:00:00,Wewabedda,18A,කොකාගල වත්ත,,,0001-01-01T00:00:00,,,,,,,7.09197,81.15388
Landslide,L,NBRO/LRRMD-BDL/BDU/LUNUGA/LI/18/0020,BDU180022,Badulla,Lunugala,2018-09-03T00:00:00,Lunugala Town,94A,අල් අමීන් මුස්ලිම් විද්‍යාලය,,,0001-01-01T00:00:00,,,,,,,7.03732,81.19881
Landslide,L,NBRO/LRRMD-BDL/BDU/LUNUGA/LI/18/0021,BDU180023,Badulla,Lunugala,2018-09-03T00:00:00,Batawatta,18D,බටවත්ත,,,0001-01-01T00:00:00,,,,,,,7.06527,81.16418
Landslide,L,NBRO/LRRMD-BDL/BDU/LUNUGA/LI/18/0025,BDU180027,Badulla,Lunugala,2018-09-19T00:00:00,Janathapura,95,"කනත්තේ ගෙදර වත්ත, ජනතාපුර, ලුණුගල",,,0001-01-01T00:00:00,,,,,,,7.06341,81.18281
Landslide,L,NBRO/LRRMD-BDL/BDU/LUNUGA/LI/18/0026,BDU180028,Badulla,Lunugala,2018-10-08T00:00:00,Janathapura,95,"උහනේගෙදර, ජනතාපුර, ලුණුගල",,,0001-01-01T00:00:00,,,,,,,7.06341,81.18281
Landslide,L,NBRO/LRRMD-BDL/BDU/LUNUGA/LI/18/0027,BDU180029,Badulla,Lunugala,2018-09-18T00:00:00,Peessagama,94I,"හොප්ටන්, පීස්සගම, කොළණිය",,,0001-01-01T00:00:00,,,,,,,7.06341,81.18281
Landslide,L,NBRO/LRRMD-BDL/BDU/LUNUGA/LI/18/0029,BDU180031,Badulla,Lunugala,2018-11-05T00:00:00,Lunugala Town,94A,කොට්ටල්බැද්ද,,,0001-01-01T00:00:00,,,,,,,7.02185,81.20084
Landslide,L,NBRO/LRRMD-BDL/BDU/LUNUGA/LI/18/0030,BDU180032,Badulla,Lunugala,2018-10-09T00:00:00,Kottalbedda,93,කොට්ටල්බැද්ද,,,0001-01-01T00:00:00,,,,,,,7.024911,81.19738
Landslide,L,NBRO/LRRMD-BDL/BDU/SORANA/LI/19/0004,BDU190173,Badulla,Soranathota,2019-05-07T00:00:00,Kandegedara Town,27A,අරාකොණ වත්ත ප්‍රදේශයේ සිදු වූ භූ අස්ථාවරතාවය පිළිබඳ මූලික භූ සමීක්ෂණ වාර්තා,,,0001-01-01T00:00:00,,,,,,,7.0196553,81.0216123
Landslide,L,NBRO/LRRMD-BDL/BDU/SORANA/LI/19/0005,BDU190174,Badulla,Soranathota,2019-04-30T00:00:00,Pussellawa,23AA,පුස්සැල්ලාව වැලිබිස්ස පුවක්ගහවත්ත පාලම ඉදිකිරීමේ ව්‍යාපෘතිය,,,0001-01-01T00:00:00,,,,,,,7.05533851,81.0566233
Landslide,L,NBRO/LRRMD-BDL/BDU/SORANA/LI/19/0006,BDU190175,Badulla,Soranathota,2019-01-24T00:00:00,Kosgolls,25D,"හීනගහකඳුර, කොස්ගොල්ල, තිඹිරිගස්පිටිය, බදුල්ල",,,0001-01-01T00:00:00,,,,,,,7.020927,81.070011
Landslide,L,NBRO/LRRMD-BDL/BDU/SORANA/LI/19/0008,BDU190177,Badulla,Soranathota,2019-06-03T00:00:00,Idamepanguwa,34,මළුවේගොඩ මාර්ගයේ සිට ඉඩමේගම දක්වා මාර්ගය සංවර්ධනය,,,0001-01-01T00:00:00,,,,,,,7.072668889,81.010414464
Landslide,L,NBRO/LRRMD-BDL/BDU/SORANA/LI/19/0009,BDU190178,Badulla,Soranathota,2019-06-03T00:00:00,Pallekanda,29B,පල්ලේකන්ද දෙහිතැන්න මාර්ගය සංවර්ධනය කිරීම,,,0001-01-01T00:00:00,,,,,,,7.076130871,81.035229742
Landslide,L,NBRO/LRRMD-BDL/BDU/SORANA/LI/19/0010,BDU190179,Badulla,Soranathota,2019-04-30T00:00:00,Dikpitiya,34A,ගන්නිලගම විද්‍යාලයේ ක්‍රීඩාපිටිය සංවර්ධනය කිරීම,,,0001-01-01T00:00:00,,,,,,,7.060049667,81.00749458
Landslide,L,NBRO/LRRMD-BDL/BDU/SORANA/LI/19/0013,BDU190182,Badulla,Soranathota,2019-04-26T00:00:00,Ambagasdowa,25C,M.U.M.නුස්රාත් මානකතැනගේ B/SRN/2018/651 අංක දරන පිඹුරුපතෙහි යෝජිත අනුබෙදුම,,,0001-01-01T00:00:00,,,,,,,7.042583,81.068846
Landslide,L,NBRO/LRRMD-BDL/BDU/SORANA/LI/19/0014,BDU190183,Badulla,Soranathota,2019-01-16T00:00:00,Soranathota,28,"උඩඅරාව, වරකාගහකුඹුර, සොරණාතොට",,,0001-01-01T00:00:00,,,,,,,7.0310199,81.0412598
Landslide,L,NBRO/LRRMD-BDL/BDU/SORANA/LI/19/0015,BDU190184,Badulla,Soranathota,2019-01-15T00:00:00,Soranathota,28,"වරකාගහකුඹුර, උඩ අරාව",,,0001-01-01T00:00:00,,,,,,,7.030232,81.0412056
Landslide,L,NBRO/LRRMD-BDL/BDU/SORANA/LI/19/0018,BDU190187,Badulla,Soranathota,2019-05-17T00:00:00,Kosgolls,25D,වෑකඩ-කොස්ගොල්ල මාර්ගය සැකසීමේදී කැණීම් සිදු වන ඉඩම් කොටස් සඳහා භූ අස්ථාවරතා අවදානම පිළිබඳ මූලි,,,0001-01-01T00:00:00,,,,,,,7.01837687,81.08471001
Landslide,L,NBRO/LRRMD-BDL/BDU/SORANA/LI/19/0019,BDU190188,Badulla,Soranathota,2019-05-15T00:00:00,Kirioruwa,27,කිරිඔරුව ග්‍රාම නිලධාරී වසමේ නිවාස කිහිපයක් ආශ්‍රිත නායයෑම් අවදානම පිළිබඳව සිදු කළ මූලික භූ සම,,,0001-01-01T00:00:00,,,,,,,7.01595921,81.02909034
Landslide,L,NBRO/LRRMD-BDL/BDU/SORANA/LI/19/0020,BDU190189,Badulla,Soranathota,2019-09-03T00:00:00,Kandegedara Town,27A,කන්දෙගෙදර ග්‍රාම නිලධාරී වසමේ සාර්නියාවත්ත පහළ කොටස ක්‍රීඩා පිටිය සංවර්ධනය කිරීමේ ව්‍යාපෘතිය,,,0001-01-01T00:00:00,,,,,,,7.017327621,81.01751397
Landslide,L,NBRO/LRRMD-BDL/BDU/SORANA/LI/19/0021,BDU190190,Badulla,Soranathota,2019-08-21T00:00:00,Soranathota,28,කිරින්දේගම පඩිපෙළ ඉදි කිරීම,,,0001-01-01T00:00:00,,,,,,,7.03005931,81.0372853
Landslide,L,NBRO/LRRMD-BDL/BDU/SORANA/LI/19/0022,BDU190191,Badulla,Soranathota,2019-08-30T00:00:00,Kirioruwa,27,කිරිඔරුව ග්‍රාම නිලධාරී වසමේ සාර්නියාවත්ත ඩොට්ලන්ඩ් කොටස ක්‍රීඩා පිටිය සංවර්ධනය කිරීමේ ව්‍යා,,,0001-01-01T00:00:00,,,,,,,7.003144,81.0286206
Landslide,L,NBRO/LRRMD-BDL/BDU/SORANA/LI/19/0023,BDU190192,Badulla,Soranathota,2019-06-10T00:00:00,Dikpitiya,34A,දික්පිටිය ග්‍රාම නිලධාරී වසමේ කීණකැළේ පහළ කොටස ක්‍රීඩා පිටිය සංවර්ධනය කිරීමේ ව්‍යාපෘතිය,,,0001-01-01T00:00:00,,,,,,,7.0500614,81.0181899
Landslide,L,NBRO/LRRMD-BDL/BDU/SORANA/LI/19/0027,BDU190196,Badulla,Soranathota,2019-10-29T00:00:00,Kosgolls,25D,කොස්ගොල්ල ප්‍රජාශාලා මාර්ගය කොන්ක්‍රීට් කිරීම,,,0001-01-01T00:00:00,,,,,,,7.026226,81.075267
Landslide,L,NBRO/LRRMD-BDL/BDU/SORANA/LI/19/0028,BDU190197,Badulla,Soranathota,2019-10-23T00:00:00,Kosgolls,25D,බ/හුඹහමඩ මහා විද්‍යාලයේ ක්‍රීඩා පිටිය සංවර්ධනය කිරීම,,,0001-01-01T00:00:00,,,,,,,7.017127,81.083941
Landslide,L,NBRO/LRRMD-BDL/BDU/SORANA/LI/19/0036,BDU190205,Badulla,Soranathota,2019-07-10T00:00:00,Pussellakanda,28A,"පුස්සැල්ලාකන්ද , පතනවත්ත , කපුකොටුව",,,0001-01-01T00:00:00,,,,,,,7.0421606,81.0438995
Landslide,L,NBRO/LRRMD-BDL/BDU/SORANA/LI/19/0039,BDU190208,Badulla,Soranathota,2019-03-11T00:00:00,Ketakellagama,25B,සොරණාතොට,,,0001-01-01T00:00:00,,,,,,,7.041504,81.087882
Landslide,L,NBRO/LRRMD-BDL/BDU/SORANA/LI/19/0040,BDU190209,Badulla,Soranathota,2019-05-08T00:00:00,Pussellakanda,28A,"මොරගොල්ල වංගුව ,7 කණුව, පුස්සැල්ලාව,බදුල්ල",,,0001-01-01T00:00:00,,,,,,,7.046773,81.039539
Landslide,L,NBRO/LRRMD-BDL/BDU/SORANA/LI/19/0041,BDU190210,Badulla,Soranathota,2019-05-02T00:00:00,Yatilellagama,26A,"අලුගොඩආරාව,දබගහපිටිය ,මීගහවෙල,සොරණාතොට",,,0001-01-01T00:00:00,,,,,,,7.036404,81.050666
Landslide,L,NBRO/LRRMD-BDL/BDU/SORANA/LI/19/0043,BDU190212,Badulla,Soranathota,2019-05-28T00:00:00,Ketakellagama,25B,වැල්කැලේ උදකන්ද මාර්ගයේ පැති බැම්ම ඉදි කිරීම,,,0001-01-01T00:00:00,,,,,,,7.044455021,81.0953466
Landslide,L,NBRO/LRRMD-BDL/BDU/SORANA/LI/19/0044,BDU190213,Badulla,Soranathota,2019-05-02T00:00:00,Kosgolls,25D,"මැදගම , කොස්ගොල්ල ,තිබිරිගස්පිටිය ,බදුල්ල",,,0001-01-01T00:00:00,,,,,,,7.022928,81.070054
Landslide,L,NBRO/LRRMD-BDL/BDU/SORANA/LI/19/0045,BDU190214,Badulla,Soranathota,2019-03-06T00:00:00,Pussellakanda,28A,"‘නාලනී’ පතනවත්ත, පුස්සැල්ලාකන්ද",,,0001-01-01T00:00:00,,,,,,,7.046773,81.039539
Landslide,L,NBRO/LRRMD-BDL/BDU/HAPUTA/LI/19/0057,BDU190226,Badulla,Haputale,2019-08-22T00:00:00,Dambethenna,63O,බණ්ඩාරඑළිය කොටස පොදු සුසාන භූමි කැරකොප්පු ගොඩනැගිල්ල ඉදිකිරීම,,,0001-01-01T00:00:00,,,,,,,6.78648841101,81.02213412523
Landslide,L,NBRO/LRRMD-BDL/BDU/HAPUTA/LI/19/0058,BDU190227,Badulla,Haputale,2019-08-22T00:00:00,Pitarathmale,64D,අංක 01 දෙමළ විද්‍යාලයේ කාර්යාල ගොඩනැගිල්ල ඉදිකිරීම,,,0001-01-01T00:00:00,,,,,,,6.786376722157,80.995174335
Landslide,L,NBRO/LRRMD-BDL/BDU/HAPUTA/LI/19/0059,BDU190228,Badulla,Haputale,2019-08-05T00:00:00,Haputhale Town,63A,දියතලාව ප්‍රාදේශීය ලේකම් කාර්යාලයෙහි යොජිත දෙමහල් ගොඩනැගිල්ල,,,0001-01-01T00:00:00,,,,,,,6.8073951406,80.9548313822
Landslide,L,NBRO/LRRMD-BDL/BDU/HAPUTA/LI/19/0060,BDU190229,Badulla,Haputale,2019-07-18T00:00:00,Kolathenne,63P,හෙලමැද අරාව අමුණ ඉදිකිරීම හා හෙලමැද අරාව ඇළ ප්‍රතිසංස්කරණය කිරීම,,,0001-01-01T00:00:00,,,,,,,6.77389786,80.940886326
Landslide,L,NBRO/LRRMD-BDL/BDU/HAPUTA/LI/19/0061,BDU190230,Badulla,Haputale,2019-07-18T00:00:00,Aluthwela,63D,තිසර ඇළේ විනාශ වී ඇති කොටස් පිළිසකර කිරීම,,,0001-01-01T00:00:00,,,,,,,6.8069587787,80.9337437006
Landslide,L,NBRO/LRRMD-BDL/BDU/HAPUTA/LI/19/0062,BDU190231,Badulla,Haputale,2019-08-22T00:00:00,Haputhale Town,63A,අංක 01 දෙමළ විද්‍යාලයේ කාර්යාල ගොඩනැගිල්ල ඉදිකිරීම,,,0001-01-01T00:00:00,,,,,,,6.786376722157,80.995174335
Landslide,L,NBRO/LRRMD-BDL/BDU/HAPUTA/LI/19/0063,BDU190232,Badulla,Haputale,2019-08-06T00:00:00,Umankandura,63H,ගල්කන්ද මුස්ලිම් පල්ලිය ප්‍රතිසංස්කරණය කිරීම,,,0001-01-01T00:00:00,,,,,,,6.803444,80.965735
Landslide,L,NBRO/LRRMD-BDL/BDU/HAPUTA/LI/19/0064,BDU190233,Badulla,Haputale,2019-10-07T00:00:00,Panketiya,63M,කහගල වතුයායෙහි රොහැම්ටන් කොටසේ ක්ෂේත්‍ර අංක 03 හි යෝජිත නැවත  පදිංචි කිරීම,,,0001-01-01T00:00:00,,,,,,,6.788124,80.967414
Landslide,L,NBRO/LRRMD-BDL/BDU/HAPUTA/LI/19/0065,BDU190234,Badulla,Haputale,2019-10-22T00:00:00,Panketiya,63M,රොහැම්ටන් කොටසේ යෝජිත ප්‍රජාශාලාවක් ඉදිකිරිම,,,0001-01-01T00:00:00,,,,,,,6.7839263146,80.966348871
Landslide,L,NBRO/LRRMD-BDL/BDU/HAPUTA/LI/19/0066,BDU190235,Badulla,Haputale,2019-08-21T00:00:00,Bingethenna,64G,බිගේතැන්න වැලිබිස්ස මාර්ගය සංවර්ධනය කිරීම,,,0001-01-01T00:00:00,,,,,,,6.8150812201,80.96496637
Landslide,L,NBRO/LRRMD-BDL/BDU/HAPUTA/LI/19/0070,BDU190239,Badulla,Haputale,2019-01-09T00:00:00,Viharakele,63F,"දියතලාව, කොස්කණුව පතන",,,0001-01-01T00:00:00,,,,,,,6.777071,80.9594444
Landslide,L,NBRO/LRRMD-BDL/BDU/WELIMA/LI/19/0079,BDU190249,Badulla,Welimada,2019-03-19T00:00:00,Maligathenna,62G,බෝවේස් දෙමළ මහා විද්‍යාල ක්‍රීඩාපිටිය සංවර්ධනය කිරීම,,,0001-01-01T00:00:00,,,,,,,6.7826,80.90527
Landslide,L,NBRO/LRRMD-BDL/BDU/WELIMA/LI/19/0080,BDU190250,Badulla,Welimada,2019-01-15T00:00:00,Boragasa,49A,ශ්‍රී මුත්තුමාරි අම්මන් කෝවිලේ ප්‍රතිසංස්කරණය,,,0001-01-01T00:00:00,,,,,,,6.90373,80.84212
Landslide,L,NBRO/LRRMD-BDL/BDU/WELIMA/LI/19/0081,BDU190251,Badulla,Welimada,2019-02-25T00:00:00,Maligathenna,62G,බෝවේවත්ත නව නිවාස සංකිර්ණය වෙත යන මාර්ගය සංවර්ධනය,,,0001-01-01T00:00:00,,,,,,,6.78491,80.90206
Landslide,L,NBRO/LRRMD-BDL/BDU/WELIMA/LI/19/0088,BDU190258,Badulla,Welimada,2019-03-13T00:00:00,Ambewela,50A,"වෝවික් වත්ත, ග්ලෙන්චි කොටස ආශ්‍රිත ප්‍රදේශයේ සිදු වූ නායයෑම් ආපාදා තත්ත්වය",,,0001-01-01T00:00:00,,,,,,,6.8821395,80.820791
Landslide,L,NBRO/LRRMD-BDL/BDU/WELIMA/LI/19/0090,BDU190260,Badulla,Welimada,2019-07-10T00:00:00,Ambewela,50A,අඹේවෙල වාරිමාර්ග ව්‍යාපාරයේ ප්‍රධාන ඇළ අලුත්වැඩියා කිරීම,,,0001-01-01T00:00:00,,,,,,,6.8818,80.8195
Landslide,L,NBRO/LRRMD-BDL/BDU/WELIMA/LI/19/0091,BDU190261,Badulla,Welimada,2019-07-29T00:00:00,Rathkarawwa,62,ශ්‍රී මුදලින්දාරාම විහාරස්ථානයේ වැසිකිළි පද්ධතිය ඉදිකිරීම,,,0001-01-01T00:00:00,,,,,,,6.8055,80.91046
Landslide,L,NBRO/LRRMD-BDL/BDU/WELIMA/LI/19/0095,BDU190265,Badulla,Welimada,2019-01-30T00:00:00,Welimada Town,52A,බොරගස් කපුරුවත්ත මාර්ගයේ පාලම ඉදිකිරීම,,,0001-01-01T00:00:00,,,,,,,6.90698,80.83721
Landslide,L,NBRO/LRRMD-BDL/BDU/WELIMA/LI/19/0096,BDU190266,Badulla,Welimada,2019-03-28T00:00:00,Mirahawatta,60,නාවෙල දේවාල මහ ළිඳ මාර්ගය සැකසීම,,,0001-01-01T00:00:00,,,,,,,6.88016,80.92771
Landslide,L,NBRO/LRRMD-BDL/BDU/WELIMA/LI/19/0099,BDU190269,Badulla,Welimada,2019-07-12T00:00:00,Hulankapolla,49C,විනයගර් කෝවිල අසල භූමිය ඉරිතලා යාම,,,0001-01-01T00:00:00,,,,,,,6.920059,80.829626
Landslide,L,NBRO/LRRMD-BDL/BDU/LUNUGA/LI/19/0107,BDU190277,Badulla,Lunugala,2019-01-02T00:00:00,Sumudugama,94G,"ෂෝලන්ඩ්ස් වත්ත, පහළ කොටස",,,0001-01-01T00:00:00,,,,,,,7.036006,81.190756
Landslide,L,NBRO/LRRMD-BDL/BDU/LUNUGA/LI/19/0108,BDU190278,Badulla,Lunugala,2019-01-02T00:00:00,Janathapura,95,"ෂෝලන්ඩ්ස් වත්ත, ඉහළ කොටස",,,0001-01-01T00:00:00,,,,,,,7.036006,81.190756
Landslide,L,NBRO/LRRMD-BDL/BDU/LUNUGA/LI/19/0109,BDU190279,Badulla,Lunugala,2019-01-02T00:00:00,Janathapura,95,"ෂෝලන්ඩ්ස් වත්ත, ඉහළ කොටස",,,0001-01-01T00:00:00,,,,,,,7.039368,81.182944
Landslide,L,NBRO/LRRMD-BDL/BDU/LUNUGA/LI/19/0112,BDU190282,Badulla,Lunugala,2019-06-07T00:00:00,Metigahathenne,18,බකිණිලන්ද,,,0001-01-01T00:00:00,,,,,,,7.08057,81.13859
Landslide,L,NBRO/LRRMD-BDL/BDU/LUNUGA/LI/19/0114,BDU190284,Badulla,Lunugala,2019-05-03T00:00:00,Sumudugama,94G,ෂෝලන්ඩ්ස් වත්ත පහළ කොටස,,,0001-01-01T00:00:00,,,,,,,7.03464,81.1929
Landslide,L,NBRO/LRRMD-BDL/BDU/LUNUGA/LI/19/0116,BDU190286,Badulla,Lunugala,2019-05-03T00:00:00,Udapanguwa,94,පාර්ක් වත්ත,,,0001-01-01T00:00:00,,,,,,,7.04907,81.21025
Landslide,L,NBRO/LRRMD-BDL/BDU/LUNUGA/LI/19/0117,BDU190287,Badulla,Lunugala,2019-03-08T00:00:00,Lunugala Town,94A,පත්තිනි කුඹුර,,,0001-01-01T00:00:00,,,,,,,7.0375,81.19859
Landslide,L,NBRO/LRRMD-BDL/BDU/LUNUGA/LI/19/0118,BDU190288,Badulla,Lunugala,2019-03-08T00:00:00,Lunugala Town,94A,ලුණුගල,,,0001-01-01T00:00:00,,,,,,,7.04129,81.20151
Landslide,L,NBRO/LRRMD-BDL/BDU/LUNUGA/LI/19/0119,BDU190289,Badulla,Lunugala,2019-03-18T00:00:00,Wewabedda,18A,අක්කර 70,,,0001-01-01T00:00:00,,,,,,,7.09029,81.14682
Landslide,L,NBRO/LRRMD-BDL/BDU/LUNUGA/LI/19/0120,BDU190290,Badulla,Lunugala,2019-06-03T00:00:00,Arawakumbura,94C,"ක්ෂේත්‍ර අංක 16, අඩාවත්ත වතුයාය, අඩාවත්ත",,,0001-01-01T00:00:00,,,,,,,7.08021,81.20131
Landslide,L,NBRO/LRRMD-BDL/BDU/LUNUGA/LI/19/0121,BDU190291,Badulla,Lunugala,2019-05-03T00:00:00,Lunugala Town,94A,මලිතිපිටිය,,,0001-01-01T00:00:00,,,,,,,6.97975,81.21911
Landslide,L,NBRO/LRRMD-BDL/BDU/LUNUGA/LI/19/0122,BDU190292,Badulla,Lunugala,2019-01-03T00:00:00,Lunugala Town,94A,"පල්ලෙපංගුව, ලුණුගල",,,0001-01-01T00:00:00,,,,,,,7.039445,81.201825
Landslide,L,NBRO/LRRMD-BDL/BDU/LUNUGA/LI/19/0124,BDU190294,Badulla,Lunugala,2019-07-01T00:00:00,Madulsima,89C,වැරැල්ලපතන වත්ත උඩ කොටස,,,0001-01-01T00:00:00,,,,,,,7.03521,81.16467
Landslide,L,NBRO/LRRMD-BDL/BDU/LUNUGA/LI/19/0125,BDU190295,Badulla,Lunugala,2019-07-01T00:00:00,Madulsima,89C,මඩොල්සිම,,,0001-01-01T00:00:00,,,,,,,7.03175,81.1664
Landslide,L,NBRO/LRRMD-BDL/BDU/LUNUGA/LI/19/0126,BDU190296,Badulla,Lunugala,2019-07-01T00:00:00,Arawakumbura,94C,"අඩාවත්ත වතුයාය, අඩාවත්ත කොටස",,,0001-01-01T00:00:00,,,,,,,7.07446,81.20007
Landslide,L,NBRO/LRRMD-BDL/BDU/LUNUGA/LI/19/0127,BDU190297,Badulla,Lunugala,2019-05-02T00:00:00,Madulsima,89C,මඩොල්සිම,,,0001-01-01T00:00:00,,,,,,,7.03202,81.16663
Landslide,L,NBRO/LRRMD-BDL/BDU/LUNUGA/LI/19/0128,BDU190298,Badulla,Lunugala,2019-05-02T00:00:00,Batawatta,18D,බටවත්ත,,,0001-01-01T00:00:00,,,,,,,7.05679,81.16076
Landslide,L,NBRO/LRRMD-BDL/BDU/LUNUGA/LI/19/0129,BDU190299,Badulla,Lunugala,2019-05-02T00:00:00,Batawatta,18D,කුරුවිගොල්ල,,,0001-01-01T00:00:00,,,,,,,7.06226,81.16768
Landslide,L,NBRO/LRRMD-BDL/BDU/LUNUGA/LI/19/0130,BDU190300,Badulla,Lunugala,2019-07-23T00:00:00,Mahadowa,89J,"මහදෝව වත්ත, කුඩුදෝව කොටස",,,0001-01-01T00:00:00,,,,,,,7.02846,81.17312
Landslide,L,NBRO/LRRMD-BDL/BDU/LUNUGA/LI/19/0132,BDU190302,Badulla,Lunugala,2019-08-02T00:00:00,Sumudugama,94G,ෂෝලන්ඩ්ස් වත්ත පහළ කොටස,,,0001-01-01T00:00:00,,,,,,,7.03324,81.1949
Landslide,L,NBRO/LRRMD-BDL/BDU/LUNUGA/LI/19/0134,BDU190304,Badulla,Lunugala,2019-08-09T00:00:00,Kottalbedda,93,ස්වින්ටන්,,,0001-01-01T00:00:00,,,,,,,7.02218,81.2281
Landslide,L,NBRO/LRRMD-BDL/BDU/LUNUGA/LI/19/0135,BDU190305,Badulla,Lunugala,2019-08-09T00:00:00,Maduwatta,90C,"හොප්ටන් වත්ත, A කොටස",,,0001-01-01T00:00:00,,,,,,,6.97534,81.19123
Landslide,L,NBRO/LRRMD-BDL/BDU/LUNUGA/LI/19/0136,BDU190306,Badulla,Lunugala,2019-08-09T00:00:00,Arawakumbura,94C,අරවාකුඹුර,,,0001-01-01T00:00:00,,,,,,,7.08565,81.21004
Landslide,L,NBRO/LRRMD-BDL/BDU/LUNUGA/LI/19/0137,BDU190307,Badulla,Lunugala,2019-08-09T00:00:00,Arawakumbura,94C,අඩාවත්ත,,,0001-01-01T00:00:00,,,,,,,6.97534,81.19123
Landslide,L,NBRO/LRRMD-BDL/BDU/LUNUGA/LI/19/0138,BDU190308,Badulla,Lunugala,2019-08-09T00:00:00,Janathapura,95,ඉලුක්පතන,,,0001-01-01T00:00:00,,,,,,,7.04177,81.1898
Landslide,L,NBRO/LRRMD-BDL/BDU/LUNUGA/LI/19/0139,BDU190309,Badulla,Lunugala,2019-09-02T00:00:00,Arawakumbura,94C,අඩාවත්ත,,,0001-01-01T00:00:00,,,,,,,7.07402,81.19991
Landslide,L,NBRO/LRRMD-BDL/BDU/LUNUGA/LI/19/0140,BDU190310,Badulla,Lunugala,2019-09-09T00:00:00,Lunugala Town,94A,පත්තිනිකුඹුර මාර්ගය,,,0001-01-01T00:00:00,,,,,,,7.03864,81.19998
Landslide,L,NBRO/LRRMD-BDL/BDU/UVA-PA/LI/19/0149,BDU190319,Badulla,Uva-Paranagama,2019-01-02T00:00:00,Panagoda,40A,පනාගොඩ,,,0001-01-01T00:00:00,,,,,,,6.96603,80.96478
Landslide,L,NBRO/LRRMD-BDL/BDU/UVA-PA/LI/19/0150,BDU190320,Badulla,Uva-Paranagama,2019-02-22T00:00:00,Kumarapattiya,45,කුමාරපට්ටිය,,,0001-01-01T00:00:00,,,,,,,6.93031,80.90286
Landslide,L,NBRO/LRRMD-BDL/BDU/UVA-PA/LI/19/0151,BDU190321,Badulla,Uva-Paranagama,2019-02-22T00:00:00,Daragala,47D,දරගල,,,0001-01-01T00:00:00,,,,,,,6.916349,80.908203
Landslide,L,NBRO/LRRMD-BDL/BDU/UVA-PA/LI/19/0152,BDU190322,Badulla,Uva-Paranagama,2019-01-09T00:00:00,Kirawanagama,41,කිරවනාගම,,,0001-01-01T00:00:00,,,,,,,6.973623,80.91828
Landslide,L,NBRO/LRRMD-BDL/BDU/UVA-PA/LI/19/0153,BDU190323,Badulla,Uva-Paranagama,2019-03-28T00:00:00,Kotawera Pahalagama,53F,පහළ කොටවෙර,,,0001-01-01T00:00:00,,,,,,,6.91406,80.91554
Landslide,L,NBRO/LRRMD-BDL/BDU/UVA-PA/LI/19/0154,BDU190324,Badulla,Uva-Paranagama,2019-03-28T00:00:00,Idamegama,43C,ඉඩමේගම,,,0001-01-01T00:00:00,,,,,,,6.94255,80.88503
Landslide,L,NBRO/LRRMD-BDL/BDU/UVA-PA/LI/19/0155,BDU190325,Badulla,Uva-Paranagama,2019-02-22T00:00:00,Galahagama,46B,ගලහගම,,,0001-01-01T00:00:00,,,,,,,6.92595,80.84144
Landslide,L,NBRO/LRRMD-BDL/BDU/UVA-PA/LI/19/0156,BDU190326,Badulla,Uva-Paranagama,2019-03-28T00:00:00,Idamegama,43C,ඉඩමේගම,,,0001-01-01T00:00:00,,,,,,,6.94357,80.88444
Landslide,L,NBRO/LRRMD-BDL/BDU/UVA-PA/LI/19/0157,BDU190327,Badulla,Uva-Paranagama,2019-03-20T00:00:00,Ambagasdowa,47A,අඹගස්දෝව,,,0001-01-01T00:00:00,,,,,,,6.92297,80.89124
Landslide,L,NBRO/LRRMD-BDL/BDU/UVA-PA/LI/19/0158,BDU190328,Badulla,Uva-Paranagama,2019-03-28T00:00:00,Ambagasdowa,47A,අඹගස්දෝව,,,0001-01-01T00:00:00,,,,,,,6.92515,80.87213
Landslide,L,NBRO/LRRMD-BDL/BDU/UVA-PA/LI/19/0159,BDU190329,Badulla,Uva-Paranagama,2019-03-28T00:00:00,Kurundugolla,45C,කුරුඳුගොල්ල,,,0001-01-01T00:00:00,,,,,,,6.93523,80.89585
Landslide,L,NBRO/LRRMD-BDL/BDU/UVA-PA/LI/19/0160,BDU190330,Badulla,Uva-Paranagama,2019-02-13T00:00:00,Ambagasdowa,47A,ගනේතැන්න,,,0001-01-01T00:00:00,,,,,,,6.9395,80.90192
Landslide,L,NBRO/LRRMD-BDL/BDU/UVA-PA/LI/19/0161,BDU190331,Badulla,Uva-Paranagama,2019-02-13T00:00:00,Rathamba,47C,රතඹ,,,0001-01-01T00:00:00,,,,,,,6.91942,80.84887
Landslide,L,NBRO/LRRMD-BDL/BDU/UVA-PA/LI/19/0162,BDU190332,Badulla,Uva-Paranagama,2019-02-13T00:00:00,Pannalagama,47F,පන්නලගම,,,0001-01-01T00:00:00,,,,,,,6.92825,80.88455
Landslide,L,NBRO/LRRMD-BDL/BDU/UVA-PA/LI/19/0163,BDU190333,Badulla,Uva-Paranagama,2019-02-13T00:00:00,Pannalagama,47F,පන්නලගම,,,0001-01-01T00:00:00,,,,,,,6.92825,80.88455
Landslide,L,NBRO/LRRMD-BDL/BDU/UVA-PA/LI/19/0164,BDU190334,Badulla,Uva-Paranagama,2019-02-13T00:00:00,Kotawera Udagama,53E,ඉහළ කොටවෙර,,,0001-01-01T00:00:00,,,,,,,6.91929,80.9232
Landslide,L,NBRO/LRRMD-BDL/BDU/UVA-PA/LI/19/0166,BDU190336,Badulla,Uva-Paranagama,2019-02-13T00:00:00,Kumarapattiya,45,කුමාරපට්ටිය,,,0001-01-01T00:00:00,,,,,,,6.9395,80.90192
Landslide,L,NBRO/LRRMD-BDL/BDU/UVA-PA/LI/19/0167,BDU190337,Badulla,Uva-Paranagama,2019-04-29T00:00:00,Panagoda,40A,පනාගොඩ,,,0001-01-01T00:00:00,,,,,,,6.984066,80.963833
Landslide,L,NBRO/LRRMD-BDL/BDU/UVA-PA/LI/19/0168,BDU190338,Badulla,Uva-Paranagama,2019-05-29T00:00:00,Hathkinda,38B,හත්කිඳ,,,0001-01-01T00:00:00,,,,,,,7.01678,80.96061
Landslide,L,NBRO/LRRMD-BDL/BDU/UVA-PA/LI/19/0169,BDU190339,Badulla,Uva-Paranagama,2019-03-31T00:00:00,Alagolla,42B,"පහළ කොටස, අලගොල්ල වත්ත",,,0001-01-01T00:00:00,,,,,,,6.982602,80.93305
Landslide,L,NBRO/LRRMD-BDL/BDU/UVA-PA/LI/19/0171,BDU190341,Badulla,Uva-Paranagama,2019-08-24T00:00:00,Medipokuna,39B,මැදිපොකුණ උල්පතකුඹුර මාර්ගය,,,0001-01-01T00:00:00,,,,,,,6.990917,80.970073
Landslide,L,NBRO/LRRMD-BDL/BDU/UVA-PA/LI/19/0172,BDU190342,Badulla,Uva-Paranagama,2019-08-24T00:00:00,Panagoda,40A,බුලත්වත්ත ලියන්ගොල්ල මාර්ගය,,,0001-01-01T00:00:00,,,,,,,6.969707,80.964174
Landslide,L,NBRO/LRRMD-BDL/BDU/UVA-PA/LI/19/0173,BDU190343,Badulla,Uva-Paranagama,2019-08-30T00:00:00,Medipokuna,39B,දළුක්ඇල්ල,,,0001-01-01T00:00:00,,,,,,,7.000581,80.971019
Landslide,L,NBRO/LRRMD-BDL/BDU/UVA-PA/LI/19/0179,BDU190349,Badulla,Uva-Paranagama,2019-08-30T00:00:00,Kiridigolla,37B,තොටුපල සිට ගල් කොටුව දක්වා මාර්ගය,,,0001-01-01T00:00:00,,,,,,,7.017507,80.948104
Landslide,L,NBRO/LRRMD-BDL/BDU/ELLA/LI/19/0182,BDU190352,Badulla,Ella,2019-03-25T00:00:00,Ella,68B,කුරුඳුවත්ත,,,0001-01-01T00:00:00,,,,,,,6.87222,81.04334
Landslide,L,NBRO/LRRMD-BDL/BDU/ELLA/LI/19/0184,BDU190354,Badulla,Ella,2019-01-09T00:00:00,Karandagolla,69A,"9 කණුව, ඌව කරඳගොල්ල, ඇල්ල",,,0001-01-01T00:00:00,,,,,,,6.8150123,81.0773634
Landslide,L,NBRO/LRRMD-BDL/BDU/ELLA/LI/19/0188,BDU190358,Badulla,Ella,2019-05-10T00:00:00,Ballaketuwa,72B,බල්ලකෙටුව,,,0001-01-01T00:00:00,,,,,,,6.8615978937,81.093414751
Landslide,L,NBRO/LRRMD-BDL/BDU/ELLA/LI/19/0189,BDU190359,Badulla,Ella,2019-05-10T00:00:00,Namunukula,72B1,ඇල්ල ප්‍රාදේශීය ලේකම්,,,0001-01-01T00:00:00,,,,,,,6.8752626,81.112566
Landslide,L,NBRO/LRRMD-BDL/BDU/ELLA/LI/19/0190,BDU190360,Badulla,Ella,2019-05-10T00:00:00,Nawela West,72F,ඇල්ල වත්ත උඩ කොටස,,,0001-01-01T00:00:00,,,,,,,6.87221227,81.08469
Landslide,L,NBRO/LRRMD-BDL/BDU/ELLA/LI/19/0192,BDU190362,Badulla,Ella,2019-03-06T00:00:00,Beddewela,72H,ගවරවෙල වතු කොටස,,,0001-01-01T00:00:00,,,,,,,6.865914,81.04666
Landslide,L,NBRO/LRRMD-BDL/BDU/ELLA/LI/19/0193,BDU190363,Badulla,Ella,2019-03-06T00:00:00,Maduragama,68C,ගොටුවල,,,0001-01-01T00:00:00,,,,,,,6.88457739,81.05529441
Landslide,L,NBRO/LRRMD-BDL/BDU/ELLA/LI/19/0194,BDU190364,Badulla,Ella,2019-03-06T00:00:00,Halpe,68,හෙළ හල්පේ,,,0001-01-01T00:00:00,,,,,,,6.89070741,81.01994785
Landslide,L,NBRO/LRRMD-BDL/BDU/ELLA/LI/19/0195,BDU190365,Badulla,Ella,2019-03-06T00:00:00,Palleperuwa,69C,පල්ලෙපේරුව,,,0001-01-01T00:00:00,,,,,,,6.84393157,81.02073541
Landslide,L,NBRO/LRRMD-BDL/BDU/ELLA/LI/19/0197,BDU190367,Badulla,Ella,2019-07-15T00:00:00,Medawela West,72G,නාවෙලගම,,,0001-01-01T00:00:00,,,,,,,6.8838917836,81.081639267
Landslide,L,NBRO/LRRMD-BDL/BDU/ELLA/LI/19/0199,BDU190369,Badulla,Ella,2019-03-06T00:00:00,Millagama,68G,පියරපන්දෝව,,,0001-01-01T00:00:00,,,,,,,6.89070741,81.01999478
Landslide,L,NBRO/LRRMD-BDL/BDU/ELLA/LI/19/0200,BDU190370,Badulla,Ella,2019-03-06T00:00:00,Ilukpelessa,71,ඉලුක්පැලැස්ස,,,0001-01-01T00:00:00,,,,,,,6.83889231,81.09729972
Landslide,L,NBRO/LRRMD-BDL/BDU/ELLA/LI/19/0201,BDU190371,Badulla,Ella,2019-03-06T00:00:00,Beddewela,72H,හිඟුරුගමුව,,,0001-01-01T00:00:00,,,,,,,6.9066946,81.08007181
Landslide,L,NBRO/LRRMD-BDL/BDU/ELLA/LI/19/0202,BDU190372,Badulla,Ella,2019-03-06T00:00:00,Palleperuwa,69C,කොළතැන්න,,,0001-01-01T00:00:00,,,,,,,6.84056235,81.0130376
Landslide,L,NBRO/LRRMD-BDL/BDU/ELLA/LI/19/0205,BDU190375,Badulla,Ella,2019-08-28T00:00:00,Palleperuwa,69C,ක්‍රේග් වතුයාය,,,0001-01-01T00:00:00,,,,,,,6.865914,81.04666
Landslide,L,NBRO/LRRMD-BDL/BDU/ELLA/LI/19/0207,BDU190377,Badulla,Ella,2019-10-01T00:00:00,Ella,68B,The Ella- Wellawaya road,,,0001-01-01T00:00:00,,,,,,,6.861472,81.054419
Landslide,L,NBRO/LRRMD-BDL/BDU/ELLA/LI/19/0211,BDU190381,Badulla,Ella,2019-09-20T00:00:00,Halpe,68,අම්බලම ආරාවය,,,0001-01-01T00:00:00,,,,,,,6.88523825,81.0384277
Landslide,L,NBRO/LRRMD-BDL/BDU/PASSAR/LI/19/0214,BDU190384,Badulla,Passara,2019-01-07T00:00:00,Kanawerella East,87D,ගලකුඹුර,,,0001-01-01T00:00:00,,,,,,,6.89435,81.1283
Landslide,L,NBRO/LRRMD-BDL/BDU/PASSAR/LI/19/0219,BDU190389,Badulla,Passara,2019-02-13T00:00:00,Palagolla,88H,පාලාගොල්ල,,,0001-01-01T00:00:00,,,,,,,6.94126,81.14345
Landslide,L,NBRO/LRRMD-BDL/BDU/PASSAR/LI/19/0222,BDU190392,Badulla,Passara,2019-04-22T00:00:00,Tholabowatta,90,තොලබෝවත්ත,,,0001-01-01T00:00:00,,,,,,,6.9407,81.18867
Landslide,L,NBRO/LRRMD-BDL/BDU/PASSAR/LI/19/0223,BDU190393,Badulla,Passara,2019-04-24T00:00:00,Pelgahathenna,89G,යූරි වත්ත කර්මාන්ත ශාලා කොටස,,,0001-01-01T00:00:00,,,,,,,6.95196,81.1235
Landslide,L,NBRO/LRRMD-BDL/BDU/PASSAR/LI/19/0224,BDU190394,Badulla,Passara,2019-04-24T00:00:00,Kanahela,88A,"ගෝණකැලේ වත්ත, පස්සර කොටස",,,0001-01-01T00:00:00,,,,,,,6.92685,81.1468
Landslide,L,NBRO/LRRMD-BDL/BDU/PASSAR/LI/19/0225,BDU190395,Badulla,Passara,2019-05-03T00:00:00,Thennuge,88D,ගොඩේවත්ත,,,0001-01-01T00:00:00,,,,,,,6.93012,81.17965
Landslide,L,NBRO/LRRMD-BDL/BDU/PASSAR/LI/19/0226,BDU190396,Badulla,Passara,2019-06-10T00:00:00,Welgolla,89D,වැල්ගොල්ල,,,0001-01-01T00:00:00,,,,,,,6.98239,81.1414
Landslide,L,NBRO/LRRMD-BDL/BDU/PASSAR/LI/19/0227,BDU190397,Badulla,Passara,2019-05-09T00:00:00,Pelgahathenna,89G,කැකුණගස්වත්ත,,,0001-01-01T00:00:00,,,,,,,6.94498,81.12771
Landslide,L,NBRO/LRRMD-BDL/BDU/PASSAR/LI/19/0228,BDU190398,Badulla,Passara,2019-04-24T00:00:00,Gonagala West,88C,ගෝණකැලේ වත්ත පහළ කොටස,,,0001-01-01T00:00:00,,,,,,,6.93005,81.13857
Landslide,L,NBRO/LRRMD-BDL/BDU/PASSAR/LI/19/0229,BDU190399,Badulla,Passara,2019-05-09T00:00:00,Thalagahagedara,19B,අමුණේගොඩ,,,0001-01-01T00:00:00,,,,,,,7.00683,81.11903
Landslide,L,NBRO/LRRMD-BDL/BDU/PASSAR/LI/19/0230,BDU190400,Badulla,Passara,2019-05-09T00:00:00,Udagama,89A,"බදුල්ලගහමඩ පතන, උක් දඬුහේන",,,0001-01-01T00:00:00,,,,,,,6.95759,81.12528
Landslide,L,NBRO/LRRMD-BDL/BDU/PASSAR/LI/19/0232,BDU190402,Badulla,Passara,2019-04-22T00:00:00,Passara Town East,88L,මහදෝව පහළ කොටස,,,0001-01-01T00:00:00,,,,,,,7.01231,81.17547
Landslide,L,NBRO/LRRMD-BDL/BDU/PASSAR/LI/19/0235,BDU190405,Badulla,Passara,2019-06-28T00:00:00,Meeriyabedde,88,ඩැමේරියා 02 කොටස,,,0001-01-01T00:00:00,,,,,,,6.92683,81.15889
Landslide,L,NBRO/LRRMD-BDL/BDU/PASSAR/LI/19/0236,BDU190406,Badulla,Passara,2019-07-10T00:00:00,Gonagala West,88C,ගෝණකැලේ වත්ත පහළ කොටස,,,0001-01-01T00:00:00,,,,,,,6.92937,81.13725
Landslide,L,NBRO/LRRMD-BDL/BDU/PASSAR/LI/19/0237,BDU190407,Badulla,Passara,2019-06-28T00:00:00,Gonagolla East,88I,ගෝණකැලේ වත්ත පහළ කොටස,,,0001-01-01T00:00:00,,,,,,,6.92996,81.13821
Landslide,L,NBRO/LRRMD-BDL/BDU/PASSAR/LI/19/0238,BDU190408,Badulla,Passara,2019-06-28T00:00:00,Kanawerella East,87D,13 කණුව,,,0001-01-01T00:00:00,,,,,,,6.89184,81.11622
Landslide,L,NBRO/LRRMD-BDL/BDU/PASSAR/LI/19/0239,BDU190409,Badulla,Passara,2019-07-17T00:00:00,Medawelagama,89,එල්ටැබ් ඉහළ කොටස,,,0001-01-01T00:00:00,,,,,,,6.96815,81.17731
Landslide,L,NBRO/LRRMD-BDL/BDU/PASSAR/LI/19/0240,BDU190410,Badulla,Passara,2019-08-13T00:00:00,Thennuge,88D,පොල්ගහලන්ද කොටස,,,0001-01-01T00:00:00,,,,,,,6.94323,81.16325
Landslide,L,NBRO/LRRMD-BDL/BDU/PASSAR/LI/19/0242,BDU190412,Badulla,Passara,2019-09-04T00:00:00,Medawelagama,89,මැදවෙලගම - එගොඩ අරාව මාර්ගය,,,0001-01-01T00:00:00,,,,,,,6.9701,81.16565
Landslide,L,NBRO/LRRMD-BDL/BDU/PASSAR/LI/19/0243,BDU190413,Badulla,Passara,2019-09-04T00:00:00,Wewekele,87G,වැවේකැළේ ඉහළ කොටස,,,0001-01-01T00:00:00,,,,,,,6.88472,81.12848
Landslide,L,NBRO/LRRMD-BDL/BDU/PASSAR/LI/19/0244,BDU190414,Badulla,Passara,2019-08-13T00:00:00,Bibilegama West,87B,බිබිලේගම,,,0001-01-01T00:00:00,,,,,,,6.89517,81.14065
Landslide,L,NBRO/LRRMD-BDL/BDU/PASSAR/LI/19/0245,BDU190415,Badulla,Passara,2019-08-25T00:00:00,Passara Town North,88B,පස්සර,,,0001-01-01T00:00:00,,,,,,,6.93625,81.15666
Landslide,L,NBRO/LRRMD-BDL/BDU/PASSAR/LI/19/0246,BDU190416,Badulla,Passara,2019-08-25T00:00:00,Passara Town North,88B,"මීරියබැද්ද පාර, සමූපකාරය අසල",,,0001-01-01T00:00:00,,,,,,,6.93383,81.15574
Landslide,L,NBRO/LRRMD-BDL/BDU/PASSAR/LI/19/0247,BDU190417,Badulla,Passara,2019-08-25T00:00:00,Ambathenna West,88M,පංගුවත්ත,,,0001-01-01T00:00:00,,,,,,,6.93233,81.16147
Landslide,L,NBRO/LRRMD-BDL/BDU/PASSAR/LI/19/0251,BDU190421,Badulla,Passara,2019-11-04T00:00:00,Thennuge,88D,"අරාවේ ගෙදර, තැන්නුගේ",,,0001-01-01T00:00:00,,,,,,,6.927497,81.177754
Landslide,L,NBRO/LRRMD-BDL/BDU/PASSAR/LI/19/0257,BDU190427,Badulla,Passara,2019-09-11T00:00:00,Palawatta,20B,පාලාවත්ත,,,0001-01-01T00:00:00,,,,,,,7.035935,81.109748
Landslide,L,NBRO/LRRMD-BDL/BDU/HALDUM/LI/19/0261,BDU190431,Badulla,Haldummulla,2019-09-23T00:00:00,Lemasthota,155C,ලේමස්තොට,,,0001-01-01T00:00:00,,,,,,,6.75637,80.98937
Landslide,L,NBRO/LRRMD-BDL/BDU/HALDUM/LI/19/0262,BDU190432,Badulla,Haldummulla,2019-01-02T00:00:00,Beragala,157B,බෙරගල,,,0001-01-01T00:00:00,,,,,,,6.76376,80.91325
Landslide,L,NBRO/LRRMD-BDL/BDU/HALDUM/LI/19/0263,BDU190433,Badulla,Haldummulla,2019-04-23T00:00:00,Kotabakma,155D,කොස්ලන්ද,,,0001-01-01T00:00:00,,,,,,,6.74473,81.01106
Landslide,L,NBRO/LRRMD-BDL/BDU/HALDUM/LI/19/0264,BDU190434,Badulla,Haldummulla,2019-03-13T00:00:00,Kotabakma,155D,කොටබක්ම,,,0001-01-01T00:00:00,,,,,,,6.758066,81.022735
Landslide,L,NBRO/LRRMD-BDL/BDU/HALDUM/LI/19/0266,BDU190436,Badulla,Haldummulla,2019-04-29T00:00:00,Viharagala,157G,බෙරගල,,,0001-01-01T00:00:00,,,,,,,6.76341,80.92472
Landslide,L,NBRO/LRRMD-BDL/BDU/HALDUM/LI/19/0267,BDU190437,Badulla,Haldummulla,2019-04-29T00:00:00,Viharagala,157G,පහළ විහාරගල,,,0001-01-01T00:00:00,,,,,,,6.75075,80.94397
Landslide,L,NBRO/LRRMD-BDL/BDU/HALDUM/LI/19/0268,BDU190438,Badulla,Haldummulla,2019-04-29T00:00:00,Viharagala,157G,නීඩ්වුඩ් අංක 02 කොටස,,,0001-01-01T00:00:00,,,,,,,6.76936,80.89944
Landslide,L,NBRO/LRRMD-BDL/BDU/HALDUM/LI/19/0270,BDU190440,Badulla,Haldummulla,2019-04-29T00:00:00,Beragala,157B,ඉදල්ගස්හින්න ඉහළ කොටස,,,0001-01-01T00:00:00,,,,,,,6.77497,80.89211
Landslide,L,NBRO/LRRMD-BDL/BDU/HALDUM/LI/19/0271,BDU190441,Badulla,Haldummulla,2019-04-29T00:00:00,Haldummulla,157A,නීඩ්වුඩ් අක්කර 40 කොටස,,,0001-01-01T00:00:00,,,,,,,6.76974,80.88788
Landslide,L,NBRO/LRRMD-BDL/BDU/HALDUM/LI/19/0273,BDU190443,Badulla,Haldummulla,2019-04-29T00:00:00,Haldummulla,157A,හල්දුම්මුල්ල,,,0001-01-01T00:00:00,,,,,,,6.76553,80.88911
Landslide,L,NBRO/LRRMD-BDL/BDU/HALDUM/LI/19/0274,BDU190444,Badulla,Haldummulla,2019-04-29T00:00:00,Walhaputhenna,157H,වල්හපුතැන්න,,,0001-01-01T00:00:00,,,,,,,6.76424,80.86954
Landslide,L,NBRO/LRRMD-BDL/BDU/HALDUM/LI/19/0275,BDU190445,Badulla,Haldummulla,2019-04-29T00:00:00,Uvathenna,158C,ඌවතැන්න,,,0001-01-01T00:00:00,,,,,,,6.76666,80.8469
Landslide,L,NBRO/LRRMD-BDL/BDU/HALDUM/LI/19/0276,BDU190446,Badulla,Haldummulla,2019-04-29T00:00:00,Marangahawela,158F,මරංගහවෙල,,,0001-01-01T00:00:00,,,,,,,6.74911,80.83784
Landslide,L,NBRO/LRRMD-BDL/BDU/HALDUM/LI/19/0277,BDU190447,Badulla,Haldummulla,2019-04-29T00:00:00,Uvathenna,158C,ඌවතැන්න,,,0001-01-01T00:00:00,,,,,,,6.75693,80.84477
Landslide,L,NBRO/LRRMD-BDL/BDU/HALDUM/LI/19/0278,BDU190448,Badulla,Haldummulla,2019-04-29T00:00:00,Haldummulla,157A,හල්දුම්මුල්ල,,,0001-01-01T00:00:00,,,,,,,6.76267,80.88845
Landslide,L,NBRO/LRRMD-BDL/BDU/HALDUM/LI/19/0279,BDU190449,Badulla,Haldummulla,2019-04-29T00:00:00,Haldummulla,157A,හල්දුම්මුල්ල,,,0001-01-01T00:00:00,,,,,,,6.76267,80.88845
Landslide,L,NBRO/LRRMD-BDL/BDU/HALDUM/LI/19/0280,BDU190450,Badulla,Haldummulla,2019-04-29T00:00:00,Marangahawela,158F,මරංගහවෙල,,,0001-01-01T00:00:00,,,,,,,6.76364,80.8934
Landslide,L,NBRO/LRRMD-BDL/BDU/HALDUM/LI/19/0281,BDU190451,Badulla,Haldummulla,2019-05-10T00:00:00,Uvathenna,158C,මරංගහවෙල හා ඌවතැන්න,,,0001-01-01T00:00:00,,,,,,,6.75064,80.84242
Landslide,L,NBRO/LRRMD-BDL/BDU/HALDUM/LI/19/0282,BDU190452,Badulla,Haldummulla,2019-04-29T00:00:00,Weerakongama,158G,වීරකෝන්ගම,,,0001-01-01T00:00:00,,,,,,,6.77199,80.84375
Landslide,L,NBRO/LRRMD-BDL/BDU/HALDUM/LI/19/0283,BDU190453,Badulla,Haldummulla,2019-04-29T00:00:00,Kalupahana,158,පුස්සැල,,,0001-01-01T00:00:00,,,,,,,6.76424,80.85426
Landslide,L,NBRO/LRRMD-BDL/BDU/HALDUM/LI/19/0284,BDU190454,Badulla,Haldummulla,2019-04-29T00:00:00,Watagamuwa,157K,හාල්අටුතැන්න,,,0001-01-01T00:00:00,,,,,,,6.76149,80.88036
Landslide,L,NBRO/LRRMD-BDL/BDU/HALDUM/LI/19/0285,BDU190455,Badulla,Haldummulla,2019-04-29T00:00:00,Harankahawa,158B,හෙළ කුඹුර-කිතුල්ගහ අරාව මාර්ගය,,,0001-01-01T00:00:00,,,,,,,6.74525,80.88137
Landslide,L,NBRO/LRRMD-BDL/BDU/HALDUM/LI/19/0286,BDU190456,Badulla,Haldummulla,2019-04-29T00:00:00,Haldummulla,157A,කිරවනාගම,,,0001-01-01T00:00:00,,,,,,,6.73816,80.93222
Landslide,L,NBRO/LRRMD-BDL/BDU/HALDUM/LI/19/0287,BDU190457,Badulla,Haldummulla,2019-04-29T00:00:00,Haldummulla,157A,කිරවනාගම,,,0001-01-01T00:00:00,,,,,,,6.72333,80.9306
Landslide,L,NBRO/LRRMD-BDL/BDU/HALDUM/LI/19/0288,BDU190458,Badulla,Haldummulla,2019-04-29T00:00:00,Amilagama,157E,අමිලගම,,,0001-01-01T00:00:00,,,,,,,6.73984,80.90391
Landslide,L,NBRO/LRRMD-BDL/BDU/HALDUM/LI/19/0289,BDU190459,Badulla,Haldummulla,2019-04-29T00:00:00,Haldummulla,157A,හල්දුම්මුල්ල,,,0001-01-01T00:00:00,,,,,,,6.74635,80.89411
Landslide,L,NBRO/LRRMD-BDL/BDU/HALDUM/LI/19/0290,BDU190460,Badulla,Haldummulla,2019-04-29T00:00:00,Amilagama,157E,ඕක්වෙල් වත්ත,,,0001-01-01T00:00:00,,,,,,,6.75209,80.89969
Landslide,L,NBRO/LRRMD-BDL/BDU/HALDUM/LI/19/0291,BDU190461,Badulla,Haldummulla,2019-04-29T00:00:00,Poonagala,155P,පූනාගල,,,0001-01-01T00:00:00,,,,,,,6.78358,81.0451
Landslide,L,NBRO/LRRMD-BDL/BDU/HALDUM/LI/19/0294,BDU190464,Badulla,Haldummulla,2019-04-29T00:00:00,Poonagala,155P,ගල්බොක්ක කොටස,,,0001-01-01T00:00:00,,,,,,,6.77783,81.05489
Landslide,L,NBRO/LRRMD-BDL/BDU/HALDUM/LI/19/0295,BDU190465,Badulla,Haldummulla,2019-04-29T00:00:00,Poonagala,155P,ගල්බොක්ක,,,0001-01-01T00:00:00,,,,,,,6.77679,81.05669
Landslide,L,NBRO/LRRMD-BDL/BDU/HALDUM/LI/19/0297,BDU190467,Badulla,Haldummulla,2019-04-29T00:00:00,Mahakanda,155N,පෙට්ටිගල කොටස,,,0001-01-01T00:00:00,,,,,,,6.76742,81.04557
Landslide,L,NBRO/LRRMD-BDL/BDU/HALDUM/LI/19/0298,BDU190468,Badulla,Haldummulla,2019-04-10T00:00:00,Mahakanda,155N,කබරගල,,,0001-01-01T00:00:00,,,,,,,6.75908,81.04099
Landslide,L,NBRO/LRRMD-BDL/BDU/HALDUM/LI/19/0299,BDU190469,Badulla,Haldummulla,2019-04-11T00:00:00,Mahakanda,155N,කබරගල,,,0001-01-01T00:00:00,,,,,,,6.75853,81.04089
Landslide,L,NBRO/LRRMD-BDL/BDU/HALDUM/LI/19/0300,BDU190470,Badulla,Haldummulla,2019-04-29T00:00:00,Poonagala,155P,පහළ පූනාගල,,,0001-01-01T00:00:00,,,,,,,6.74688,81.03791
Landslide,L,NBRO/LRRMD-BDL/BDU/HALDUM/LI/19/0303,BDU190473,Badulla,Haldummulla,2019-03-27T00:00:00,Haldummulla,157A,හල්දුම්මුල්ල,,,0001-01-01T00:00:00,,,,,,,6.79191,80.85859
Landslide,L,NBRO/LRRMD-BDL/BDU/HALDUM/LI/19/0304,BDU190474,Badulla,Haldummulla,2019-04-29T00:00:00,Kosgama,158A,ඉලුක්පැලැස්ස,,,0001-01-01T00:00:00,,,,,,,6.667837,80.881296
Landslide,L,NBRO/LRRMD-BDL/BDU/HALDUM/LI/19/0305,BDU190475,Badulla,Haldummulla,2019-05-31T00:00:00,Kosgama,158A,ඉලුක්පැලැස්ස,,,0001-01-01T00:00:00,,,,,,,6.667524,80.88231
Landslide,L,NBRO/LRRMD-BDL/BDU/HALDUM/LI/19/0306,BDU190476,Badulla,Haldummulla,2019-06-06T00:00:00,Haldummulla,157A,පහළ කොටුගොඩැල්ල,,,0001-01-01T00:00:00,,,,,,,6.763786,80.886476
Landslide,L,NBRO/LRRMD-BDL/BDU/HALDUM/LI/19/0307,BDU190477,Badulla,Haldummulla,2019-04-29T00:00:00,Kotabakma,155D,"SK කොටස, මීරියබැද්ද",,,0001-01-01T00:00:00,,,,,,,6.76285,81.02721
Landslide,L,NBRO/LRRMD-BDL/BDU/HALDUM/LI/19/0308,BDU190478,Badulla,Haldummulla,2019-05-15T00:00:00,Kelipanawela,155M,ඔරුකඳවල,,,0001-01-01T00:00:00,,,,,,,6.72061,81.02225
Landslide,L,NBRO/LRRMD-BDL/BDU/HALDUM/LI/19/0309,BDU190479,Badulla,Haldummulla,2019-03-01T00:00:00,Nikapotha Estate,155,"“සමරු” කීණගහවත්ත, නිකපොත.",,,0001-01-01T00:00:00,,,,,,,6.743325,80.96967
Landslide,L,NBRO/LRRMD-BDL/BDU/HALDUM/LI/19/0310,BDU190480,Badulla,Haldummulla,2019-05-31T00:00:00,Viharagala,157G,පහළ විහාරගල,,,0001-01-01T00:00:00,,,,,,,6.75059,80.94392
Landslide,L,NBRO/LRRMD-BDL/BDU/HALDUM/LI/19/0311,BDU190481,Badulla,Haldummulla,2019-05-31T00:00:00,Kiriwanagama,156,කිරවනාගම,,,0001-01-01T00:00:00,,,,,,,6.73677,80.93298
Landslide,L,NBRO/LRRMD-BDL/BDU/HALDUM/LI/19/0312,BDU190482,Badulla,Haldummulla,2019-03-12T00:00:00,Kiriwanagama,156,දඹවෙලගම,,,0001-01-01T00:00:00,,,,,,,6.74631,80.90457
Landslide,L,NBRO/LRRMD-BDL/BDU/HALDUM/LI/19/0313,BDU190483,Badulla,Haldummulla,2019-05-15T00:00:00,Beragala,157B,බත්ගොඩ නව ගම්මාන පාර,,,0001-01-01T00:00:00,,,,,,,6.74631,80.92596
Landslide,L,NBRO/LRRMD-BDL/BDU/HALDUM/LI/19/0314,BDU190484,Badulla,Haldummulla,2019-05-15T00:00:00,Marangahawela,158F,මරංගහවෙල පට්ටියතැන්න මාර්ගය,,,0001-01-01T00:00:00,,,,,,,6.74988,80.83608
Landslide,L,NBRO/LRRMD-BDL/BDU/HALDUM/LI/19/0315,BDU190485,Badulla,Haldummulla,2019-04-11T00:00:00,Haldummulla,157A,ඉදල්ගස්හින්න පහළ කොටස,,,0001-01-01T00:00:00,,,,,,,6.77462,80.89148
Landslide,L,NBRO/LRRMD-BDL/BDU/HALDUM/LI/19/0316,BDU190486,Badulla,Haldummulla,2019-04-11T00:00:00,Beragala,157B,කළුපහන වත්ත,,,0001-01-01T00:00:00,,,,,,,6.75746,80.91891
Landslide,L,NBRO/LRRMD-BDL/BDU/HALDUM/LI/19/0317,BDU190487,Badulla,Haldummulla,2019-04-11T00:00:00,Viharagala,157G,උඩ විහාරගල,,,0001-01-01T00:00:00,,,,,,,6.76053,80.94315
Landslide,L,NBRO/LRRMD-BDL/BDU/HALDUM/LI/19/0318,BDU190488,Badulla,Haldummulla,2019-04-22T00:00:00,Seelathenna,158D,බඹරගස්කන්ද ව්‍යාපෘති මාර්ගය,,,0001-01-01T00:00:00,,,,,,,6.73893,80.8644
Landslide,L,NBRO/LRRMD-BDL/BDU/HALDUM/LI/19/0319,BDU190489,Badulla,Haldummulla,2019-06-26T00:00:00,Nikapotha West,155L,දමිනියතැන්න,,,0001-01-01T00:00:00,,,,,,,6.758237,80.881105
Landslide,L,NBRO/LRRMD-BDL/BDU/HALDUM/LI/19/0320,BDU190490,Badulla,Haldummulla,2019-07-02T00:00:00,Gamhapa,154,දියලුම වත්ත,,,0001-01-01T00:00:00,,,,,,,6.72564,81.0345
Landslide,L,NBRO/LRRMD-BDL/BDU/HALDUM/LI/19/0321,BDU190491,Badulla,Haldummulla,2019-07-02T00:00:00,Gamhapa,154,ඔක්වෙල් වත්ත,,,0001-01-01T00:00:00,,,,,,,6.71748,81.02799
Landslide,L,NBRO/LRRMD-BDL/BDU/HALDUM/LI/19/0322,BDU190492,Badulla,Haldummulla,2019-07-11T00:00:00,Haldummulla,157A,හල්දුම්මුල්ල,,,0001-01-01T00:00:00,,,,,,,6.76324,80.88911
Landslide,L,NBRO/LRRMD-BDL/BDU/HALDUM/LI/19/0323,BDU190493,Badulla,Haldummulla,2019-07-11T00:00:00,Ampittithenna,155K,උඩ දියළුම,,,0001-01-01T00:00:00,,,,,,,6.73366,81.03132
Landslide,L,NBRO/LRRMD-BDL/BDU/HALDUM/LI/19/0324,BDU190494,Badulla,Haldummulla,2019-07-11T00:00:00,Beragala,157B,බත්ගොඩ වත්ත,,,0001-01-01T00:00:00,,,,,,,6.7656,80.90546
Landslide,L,NBRO/LRRMD-BDL/BDU/HALDUM/LI/19/0325,BDU190495,Badulla,Haldummulla,2019-07-11T00:00:00,Watagamuwa,157K,ප්‍රාදේශීය ලේකම් කාර්යාල පරිශ්‍රය,,,0001-01-01T00:00:00,,,,,,,6.75916,80.88287
Landslide,L,NBRO/LRRMD-BDL/BDU/HALDUM/LI/19/0326,BDU190496,Badulla,Haldummulla,2019-07-11T00:00:00,Ranasinghegama,155H,තුන්මංහන්දිය,,,0001-01-01T00:00:00,,,,,,,6.74156,81.00869
Landslide,L,NBRO/LRRMD-BDL/BDU/HALDUM/LI/19/0327,BDU190497,Badulla,Haldummulla,2019-07-11T00:00:00,Ranasinghegama,155H,නාකැටිය,,,0001-01-01T00:00:00,,,,,,,6.74701,81.00654
Landslide,L,NBRO/LRRMD-BDL/BDU/HALDUM/LI/19/0328,BDU190498,Badulla,Haldummulla,2019-07-31T00:00:00,Haldummulla,157A,සුධර්මාරාම පුරාණ විහාරස්ථානයේ බෝධිය අසල බැම්ම,,,0001-01-01T00:00:00,,,,,,,6.76363,80.88951
Landslide,L,NBRO/LRRMD-BDL/BDU/HALDUM/LI/19/0330,BDU190500,Badulla,Haldummulla,2019-05-15T00:00:00,Divulgasmulla,154B,මකල්දෙණිය පහළ කොටස,,,0001-01-01T00:00:00,,,,,,,6.74148,81.04597
Landslide,L,NBRO/LRRMD-BDL/BDU/HALDUM/LI/19/0332,BDU190502,Badulla,Haldummulla,2019-04-23T00:00:00,Poonagala,155P,ගල්බොක්ක කොටස,,,0001-01-01T00:00:00,,,,,,,6.77717,81.05743
Landslide,L,NBRO/LRRMD-BDL/BDU/HALDUM/LI/19/0333,BDU190503,Badulla,Haldummulla,2019-05-15T00:00:00,Poonagala,155P,ගැප්කඩේ,,,0001-01-01T00:00:00,,,,,,,6.77494,81.05054
Landslide,L,NBRO/LRRMD-BDL/BDU/HALDUM/LI/19/0334,BDU190504,Badulla,Haldummulla,2019-05-29T00:00:00,Poonagala,155P,උඩහේන කොටස,,,0001-01-01T00:00:00,,,,,,,6.76849,81.05751
Landslide,L,NBRO/LRRMD-BDL/BDU/HALDUM/LI/19/0335,BDU190505,Badulla,Haldummulla,2019-05-29T00:00:00,Poonagala,155P,උඩහේන කොටස,,,0001-01-01T00:00:00,,,,,,,6.76812,81.0584
Landslide,L,NBRO/LRRMD-BDL/BDU/HALDUM/LI/19/0337,BDU190507,Badulla,Haldummulla,2019-05-22T00:00:00,Poonagala,155P,පූනාගල,,,0001-01-01T00:00:00,,,,,,,6.74909,81.03736
Landslide,L,NBRO/LRRMD-BDL/BDU/HALDUM/LI/19/0338,BDU190508,Badulla,Haldummulla,2019-07-17T00:00:00,Haldummulla,157A,මල්පැළ කුඹුර මාර්ගය,,,0001-01-01T00:00:00,,,,,,,6.71509,81.03474
Landslide,L,NBRO/LRRMD-BDL/BDU/HALDUM/LI/19/0339,BDU190509,Badulla,Haldummulla,2019-07-02T00:00:00,Haldummulla,157A,කබරගල කොටස,,,0001-01-01T00:00:00,,,,,,,6.75686,81.0428
Landslide,L,NBRO/LRRMD-BDL/BDU/HALDUM/LI/19/0340,BDU190510,Badulla,Haldummulla,2019-07-11T00:00:00,Gamhapa,154,දියහිටිතැන්න,,,0001-01-01T00:00:00,,,,,,,6.71816,81.04279
Landslide,L,NBRO/LRRMD-BDL/BDU/HALDUM/LI/19/0341,BDU190511,Badulla,Haldummulla,2019-07-11T00:00:00,Koslanda,155A,අම්පිටිකන්ද-කැටන් කොටස,,,0001-01-01T00:00:00,,,,,,,6.78513,81.03712
Landslide,L,NBRO/LRRMD-BDL/BDU/HALDUM/LI/19/0342,BDU190512,Badulla,Haldummulla,2019-07-02T00:00:00,Koslanda,155A,අම්පිටිකන්ද,,,0001-01-01T00:00:00,,,,,,,6.78321,81.03677
Landslide,L,NBRO/LRRMD-BDL/BDU/HALDUM/LI/19/0343,BDU190513,Badulla,Haldummulla,2019-04-11T00:00:00,Mahalanda,155G,ආර්නෝල්ඩ් කොටස ක්ෂේත්‍ර අංක 2A හා 3,,,0001-01-01T00:00:00,,,,,,,6.75821,81.03006
Landslide,L,NBRO/LRRMD-BDL/BDU/HALDUM/LI/19/0344,BDU190514,Badulla,Haldummulla,2019-04-11T00:00:00,Mahakanda,155N,මල්වර්න් කොටස,,,0001-01-01T00:00:00,,,,,,,6.76939,81.04044
Landslide,L,NBRO/LRRMD-BDL/BDU/HALDUM/LI/19/0345,BDU190515,Badulla,Haldummulla,2019-07-11T00:00:00,Viharagala,157G,බ්ලැක්වුඩ් වත්ත පහළ කොටස,,,0001-01-01T00:00:00,,,,,,,6.75255,80.93935
Landslide,L,NBRO/LRRMD-BDL/BDU/HALDUM/LI/19/0346,BDU190516,Badulla,Haldummulla,2019-07-11T00:00:00,Viharagala,157G,බ්ලැක්වුඩ් වත්ත පහළ කොටස,,,0001-01-01T00:00:00,,,,,,,6.75255,80.93935
Landslide,L,NBRO/LRRMD-BDL/BDU/HALDUM/LI/19/0347,BDU190517,Badulla,Haldummulla,2019-07-11T00:00:00,Amilagama,157E,ඕක්විල්වත්ත,,,0001-01-01T00:00:00,,,,,,,6.75297,80.89915
Landslide,L,NBRO/LRRMD-BDL/BDU/HALDUM/LI/19/0348,BDU190518,Badulla,Haldummulla,2019-09-07T00:00:00,Viharagala,157G,උඩ විහාරගල,,,0001-01-01T00:00:00,,,,,,,6.75948,80.94066
Landslide,L,NBRO/LRRMD-BDL/BDU/HALDUM/LI/19/0349,BDU190519,Badulla,Haldummulla,2019-09-07T00:00:00,Beragala,157B,බත්ගොඩ,,,0001-01-01T00:00:00,,,,,,,6.76314,80.90337
Landslide,L,NBRO/LRRMD-BDL/BDU/HALDUM/LI/19/0350,BDU190520,Badulla,Haldummulla,2019-09-07T00:00:00,Beragala,157B,නීඩ්වුඩ් අංක 02,,,0001-01-01T00:00:00,,,,,,,6.76483,80.90179
Landslide,L,NBRO/LRRMD-BDL/BDU/HALDUM/LI/19/0351,BDU190521,Badulla,Haldummulla,2019-09-07T00:00:00,Viharagala,157G,උඩ විහාරගල,,,0001-01-01T00:00:00,,,,,,,6.75964,80.9435
Landslide,L,NBRO/LRRMD-BDL/BDU/HALDUM/LI/19/0354,BDU190524,Badulla,Haldummulla,2019-09-07T00:00:00,Haldummulla,157A,"හීවැල්කඳුර, නිකපිටිය",,,0001-01-01T00:00:00,,,,,,,6.7057,81.07012
Landslide,L,NBRO/LRRMD-BDL/BDU/HALDUM/LI/19/0355,BDU190525,Badulla,Haldummulla,2019-09-07T00:00:00,Ampittithenna,155K,දියලුමගම,,,0001-01-01T00:00:00,,,,,,,6.73002,81.02908
Landslide,L,NBRO/LRRMD-BDL/BDU/HALDUM/LI/19/0356,BDU190526,Badulla,Haldummulla,2019-09-07T00:00:00,Koslanda,155A,කොස්ලන්ද,,,0001-01-01T00:00:00,,,,,,,6.7409,81.01801
Landslide,L,NBRO/LRRMD-BDL/BDU/HALDUM/LI/19/0357,BDU190527,Badulla,Haldummulla,2019-09-07T00:00:00,Poonagala,155P,උඩහේන කොටස,,,0001-01-01T00:00:00,,,,,,,6.77473,81.05507
Landslide,L,NBRO/LRRMD-BDL/BDU/HALDUM/LI/19/0358,BDU190528,Badulla,Haldummulla,2019-09-07T00:00:00,Ampittithenna,155K,නාඋල්ල,,,0001-01-01T00:00:00,,,,,,,6.72821,81.02004
Landslide,L,NBRO/LRRMD-BDL/BDU/HALDUM/LI/19/0359,BDU190529,Badulla,Haldummulla,2019-07-11T00:00:00,Poonagala,155P,"ULG කොටස, පූනාගල වත්ත",,,0001-01-01T00:00:00,,,,,,,6.78561,81.04787
Landslide,L,NBRO/LRRMD-BDL/BDU/HALDUM/LI/19/0360,BDU190530,Badulla,Haldummulla,2019-07-11T00:00:00,Poonagala,155P,පූනාගල,,,0001-01-01T00:00:00,,,,,,,6.78314,81.04561
Landslide,L,NBRO/LRRMD-BDL/BDU/HALDUM/LI/19/0361,BDU190531,Badulla,Haldummulla,2019-05-30T00:00:00,Haldummulla,157A,හූරිහෙළ,,,0001-01-01T00:00:00,,,,,,,6.758237,80.881105
Landslide,L,NBRO/LRRMD-BDL/BDU/HALDUM/LI/19/0362,BDU190532,Badulla,Haldummulla,2019-10-24T00:00:00,Beragala,157B,පහළ ඉදල්ගස්හින්න,,,0001-01-01T00:00:00,,,,,,,6.7752,80.89252
Landslide,L,NBRO/LRRMD-BDL/BDU/HALDUM/LI/19/0363,BDU190533,Badulla,Haldummulla,2019-01-16T00:00:00,Ampittithenna,155K,මහකන්ද,,,0001-01-01T00:00:00,,,,,,,6.771464,81.043585
Landslide,L,NBRO/LRRMD-BDL/BDU/HALI-E/LI/19/0366,BDU190536,Badulla,Hali-Ela,2019-02-25T00:00:00,Gawela,55C,"තැඹකුඹුර, ගාවෙල, ඇටම්පිටිය",,,0001-01-01T00:00:00,,,,,,,6.9538314,80.9768452
Landslide,L,NBRO/LRRMD-BDL/BDU/HALI-E/LI/19/0367,BDU190537,Badulla,Hali-Ela,2019-01-08T00:00:00,Maligathenna,57H,"කොණ්ඩදිඹුල, ඇත්තලගෙදර, පට්ටියගෙදර",,,0001-01-01T00:00:00,,,,,,,6.9043884,80.972062
Landslide,L,NBRO/LRRMD-BDL/BDU/HALI-E/LI/19/0368,BDU190538,Badulla,Hali-Ela,2019-01-08T00:00:00,Maligathenna,57H,"කොටුවේගෙදර, ඇත්තලගෙදර",,,0001-01-01T00:00:00,,,,,,,6.8973033,80.9699602
Landslide,L,NBRO/LRRMD-BDL/BDU/HALI-E/LI/19/0374,BDU190544,Badulla,Hali-Ela,2019-03-06T00:00:00,Haliela,74A,හාලිඇල නගරයේ සිට එගොඩගමට ඇති අතුරු මාර්ගය,,,0001-01-01T00:00:00,,,,,,,6.9569992,81.0342198
Landslide,L,NBRO/LRRMD-BDL/BDU/HALI-E/LI/19/0375,BDU190545,Badulla,Hali-Ela,2019-03-06T00:00:00,Haliela,74A,අන්තලාව ගමට යන මාර්ගයේ බෝක්කුව පැතිබැම්ම හා මාර්ගය සංවර්ධනය,,,0001-01-01T00:00:00,,,,,,,6.9646766,81.0370947
Landslide,L,NBRO/LRRMD-BDL/BDU/HALI-E/LI/19/0376,BDU190546,Badulla,Hali-Ela,2019-03-06T00:00:00,Haliela,74A,වේරගම උඩඅරාව මාර්ගය පස් කපා සංවර්ධනය කිරීම,,,0001-01-01T00:00:00,,,,,,,6.9658249,80.980644
Landslide,L,NBRO/LRRMD-BDL/BDU/HALI-E/LI/19/0377,BDU190547,Badulla,Hali-Ela,2019-03-06T00:00:00,Mahawattegama,82C,වෙලන්ගොල්ල පහළ කොටස අමුණුවැලපිටිය හංදිය දක්වා ඇති පාර සංවර්ධනය,,,0001-01-01T00:00:00,,,,,,,6.9833275,81.0526675
Landslide,L,NBRO/LRRMD-BDL/BDU/HALI-E/LI/19/0378,BDU190548,Badulla,Hali-Ela,2019-03-06T00:00:00,Springvalley Estate,86B,නල්ලමලේ පාසලේ සිට නල්ලමලේ හනුමාන් දේවාලය දක්වා මාර්ගය සංවර්ධනය,,,0001-01-01T00:00:00,,,,,,,6.9192174,81.1100568
Landslide,L,NBRO/LRRMD-BDL/BDU/HALI-E/LI/19/0379,BDU190549,Badulla,Hali-Ela,2019-03-06T00:00:00,Dematawelhinna,82B,කණුපැළැල්ල ප්‍රධාන මාර්ගයට පිවිසෙන අතුරු මාර්ගය පැතිබැම්ම දැමීම,,,0001-01-01T00:00:00,,,,,,,6.9732101,81.0599383
Landslide,L,NBRO/LRRMD-BDL/BDU/HALI-E/LI/19/0380,BDU190550,Badulla,Hali-Ela,2019-03-06T00:00:00,Pahamunuthota,55D,උඩගම මාර්ගය පල්ලේගම මාර්ගයට යා කිරීමේ ව්‍යාපෘතිය,,,0001-01-01T00:00:00,,,,,,,6.9386408,80.9676564
Landslide,L,NBRO/LRRMD-BDL/BDU/HALI-E/LI/19/0391,BDU190593,Badulla,Hali-Ela,2019-04-01T00:00:00,Pahamunuthota,55D,වත්තේගෙදර කැටමිල්ලගස් වත්ත මාර්ගය සංවර්ධනය කිරීම,,,0001-01-01T00:00:00,,,,,,,6.9386408,80.9676564
Landslide,L,NBRO/LRRMD-BDL/BDU/HALI-E/LI/19/0392,BDU190594,Badulla,Hali-Ela,2019-04-01T00:00:00,Bogahamaditta,74B,බෝගහමඩිත්ත යෙල්වර්ටන් වත්ත වතු නිවාස වෙත යන මාර්ගය සංවර්ධනය කිරීම,,,0001-01-01T00:00:00,,,,,,,6.9716452,81.0391594
Landslide,L,NBRO/LRRMD-BDL/BDU/HALI-E/LI/19/0395,BDU190597,Badulla,Hali-Ela,2019-04-01T00:00:00,Hinnarangolla,55E,හින්නාරංගොල්ල,,,0001-01-01T00:00:00,,,,,,,6.9127047,80.9889521
Landslide,L,NBRO/LRRMD-BDL/BDU/HALI-E/LI/19/0396,BDU190598,Badulla,Hali-Ela,2019-04-01T00:00:00,Beddegama,85,බැද්දේගම,,,0001-01-01T00:00:00,,,,,,,6.93056,81.0880507
Landslide,L,NBRO/LRRMD-BDL/BDU/HALI-E/LI/19/0397,BDU190599,Badulla,Hali-Ela,2019-04-01T00:00:00,Beddegama,85,බැද්දේගම,,,0001-01-01T00:00:00,,,,,,,6.93056,81.0880507
Landslide,L,NBRO/LRRMD-BDL/BDU/HALI-E/LI/19/0398,BDU190600,Badulla,Hali-Ela,2019-04-01T00:00:00,Springvalley,85B,ස්ප්‍රිංවැලි වත්ත,,,0001-01-01T00:00:00,,,,,,,6.919187,81.096579
Landslide,L,NBRO/LRRMD-BDL/BDU/HALI-E/LI/19/0399,BDU190601,Badulla,Hali-Ela,2019-04-01T00:00:00,Medagama,84,මැදගම,,,0001-01-01T00:00:00,,,,,,,6.9360538,81.0688601
Landslide,L,NBRO/LRRMD-BDL/BDU/HALI-E/LI/19/0400,BDU190602,Badulla,Hali-Ela,2019-04-01T00:00:00,Haliela,74A,වැලිකේමුල්ල,,,0001-01-01T00:00:00,,,,,,,6.9678386,81.0644828
Landslide,L,NBRO/LRRMD-BDL/BDU/HALI-E/LI/19/0401,BDU190603,Badulla,Hali-Ela,2019-04-01T00:00:00,Morethota,56A,මොරේතොට,,,0001-01-01T00:00:00,,,,,,,6.932705,81.01611
Landslide,L,NBRO/LRRMD-BDL/BDU/HALI-E/LI/19/0402,BDU190604,Badulla,Hali-Ela,2019-04-01T00:00:00,Ketawala,75C,කැටවල,,,0001-01-01T00:00:00,,,,,,,6.9846512,81.0106164
Landslide,L,NBRO/LRRMD-BDL/BDU/HALI-E/LI/19/0403,BDU190605,Badulla,Hali-Ela,2019-04-01T00:00:00,Deegalla,75A,දීගල්ල,,,0001-01-01T00:00:00,,,,,,,6.9796322,80.9984437
Landslide,L,NBRO/LRRMD-BDL/BDU/HALI-E/LI/19/0404,BDU190606,Badulla,Hali-Ela,2019-04-01T00:00:00,Udagama,75D,උඩගම,,,0001-01-01T00:00:00,,,,,,,6.9700493,81.0005429
Landslide,L,NBRO/LRRMD-BDL/BDU/HALI-E/LI/19/0405,BDU190607,Badulla,Hali-Ela,2019-04-01T00:00:00,Kurukude,57C,කුරුකුදේ,,,0001-01-01T00:00:00,,,,,,,6.8899032,80.9603575
Landslide,L,NBRO/LRRMD-BDL/BDU/HALI-E/LI/19/0406,BDU190608,Badulla,Hali-Ela,2019-04-01T00:00:00,Pattipola,75B,පට්ටිපොල,,,0001-01-01T00:00:00,,,,,,,6.9672117,81.0201112
Landslide,L,NBRO/LRRMD-BDL/BDU/HALI-E/LI/19/0407,BDU190609,Badulla,Hali-Ela,2019-04-01T00:00:00,Pallegama,55A,පල්ලේගම,,,0001-01-01T00:00:00,,,,,,,6.935533,80.964652
Landslide,L,NBRO/LRRMD-BDL/BDU/HALI-E/LI/19/0409,BDU190611,Badulla,Hali-Ela,2019-04-10T00:00:00,Uduwara,73,උඩුවර,,,0001-01-01T00:00:00,,,,,,,6.9234314,81.057918
Landslide,L,NBRO/LRRMD-BDL/BDU/HALI-E/LI/19/0410,BDU190612,Badulla,Hali-Ela,2019-04-11T00:00:00,Springvalley,85B,ස්ප්‍රිංවැලි වත්ත,,,0001-01-01T00:00:00,,,,,,,6.920784,81.108172
Landslide,L,NBRO/LRRMD-BDL/BDU/HALI-E/LI/19/0411,BDU190613,Badulla,Hali-Ela,2019-05-13T00:00:00,Mugunuatha West,73C,මුගුණුමත බටහිර,,,0001-01-01T00:00:00,,,,,,,6.9507469,81.0318919
Landslide,L,NBRO/LRRMD-BDL/BDU/HALI-E/LI/19/0412,BDU190615,Badulla,Hali-Ela,2019-05-06T00:00:00,Medapitigama,74E,මැදපිටිගම,,,0001-01-01T00:00:00,,,,,,,6.9504084,81.0387517
Landslide,L,NBRO/LRRMD-BDL/BDU/HALI-E/LI/19/0413,BDU190616,Badulla,Hali-Ela,2019-04-04T00:00:00,Medagama,84,මැදගම,,,0001-01-01T00:00:00,,,,,,,6.9384539,81.0681989
Landslide,L,NBRO/LRRMD-BDL/BDU/HALI-E/LI/19/0414,BDU190617,Badulla,Hali-Ela,2019-04-22T00:00:00,Mugunuatha West,73C,මුගුණුමත,,,0001-01-01T00:00:00,,,,,,,6.9444859,81.0299444
Landslide,L,NBRO/LRRMD-BDL/BDU/HALI-E/LI/19/0415,BDU190618,Badulla,Hali-Ela,2019-04-22T00:00:00,Udagama,75D,උඩගම,,,0001-01-01T00:00:00,,,,,,,6.9510568,81.0003479
Landslide,L,NBRO/LRRMD-BDL/BDU/HALI-E/LI/19/0417,BDU190620,Badulla,Hali-Ela,2019-06-12T00:00:00,Niliathugoda,56E,නිළිඅතුගොඩ,,,0001-01-01T00:00:00,,,,,,,6.9432838,80.9923953
Landslide,L,NBRO/LRRMD-BDL/BDU/HALI-E/LI/19/0419,BDU190626,Badulla,Hali-Ela,2019-06-27T00:00:00,Jangulla,77B,ජගුල්ල,,,0001-01-01T00:00:00,,,,,,,7.0086198,81.0092954
Landslide,L,NBRO/LRRMD-BDL/BDU/HALI-E/LI/19/0420,BDU190627,Badulla,Hali-Ela,2019-06-27T00:00:00,Dickwella,74,දික්වැල්ල,,,0001-01-01T00:00:00,,,,,,,6.9595717,81.0301919
Landslide,L,NBRO/LRRMD-BDL/BDU/HALI-E/LI/19/0421,BDU190628,Badulla,Hali-Ela,2019-07-11T00:00:00,Dickwella,74,දික්වැල්ල,,,0001-01-01T00:00:00,,,,,,,6.961667,81.036111
Landslide,L,NBRO/LRRMD-BDL/BDU/HALI-E/LI/19/0422,BDU190629,Badulla,Hali-Ela,2019-07-28T00:00:00,Springvalley,85B,ස්ප්‍රිංවැලි වත්ත,,,0001-01-01T00:00:00,,,,,,,6.922594,81.097987
Landslide,L,NBRO/LRRMD-BDL/BDU/HALI-E/LI/19/0423,BDU190635,Badulla,Hali-Ela,2019-07-30T00:00:00,Dickwella,74,දික්වැල්ල,,,0001-01-01T00:00:00,,,,,,,6.963807,81.039323
Landslide,L,NBRO/LRRMD-BDL/BDU/HALI-E/LI/19/0424,BDU190636,Badulla,Hali-Ela,2019-06-28T00:00:00,Springvalley,85B,ස්ප්‍රිංවැලි වත්ත,,,0001-01-01T00:00:00,,,,,,,6.919415,81.107998
Landslide,L,NBRO/LRRMD-BDL/BDU/HALI-E/LI/19/0425,BDU190637,Badulla,Hali-Ela,2019-07-17T00:00:00,Mahawattegama,82C,මහවත්තේගම,,,0001-01-01T00:00:00,,,,,,,6.980599,81.054051
Landslide,L,NBRO/LRRMD-BDL/BDU/HALI-E/LI/19/0426,BDU190642,Badulla,Hali-Ela,2019-07-29T00:00:00,Landewela,76A,ලන්දෙවෙල,,,0001-01-01T00:00:00,,,,,,,7.0045369,81.0050673
Landslide,L,NBRO/LRRMD-BDL/BDU/HALI-E/LI/19/0427,BDU190645,Badulla,Hali-Ela,2019-07-29T00:00:00,Morethota,56A,මොරේතොට,,,0001-01-01T00:00:00,,,,,,,6.932574,81.016051
Landslide,L,NBRO/LRRMD-BDL/BDU/HALI-E/LI/19/0429,BDU190647,Badulla,Hali-Ela,2019-02-20T00:00:00,Bogahamaditta,74B,"අංක 5A, ප්‍රබෝධගම, හාලිඇල",,,0001-01-01T00:00:00,,,,,,,6.955985,81.035218
Landslide,L,NBRO/LRRMD-BDL/BDU/HALI-E/LI/19/0431,BDU190649,Badulla,Hali-Ela,2019-08-06T00:00:00,Mugunumatha East,73B,රොසට්වත්ත,,,0001-01-01T00:00:00,,,,,,,6.94928,81.047843
Landslide,L,NBRO/LRRMD-BDL/BDU/HALI-E/LI/19/0433,BDU190651,Badulla,Hali-Ela,2019-06-12T00:00:00,Gawela,55C,"පියසෙවන, පාලවත්ත, වේරගම, ඇටම්පිටිය",,,0001-01-01T00:00:00,,,,,,,6.96913,80.982252
Landslide,L,NBRO/LRRMD-BDL/BDU/HALI-E/LI/19/0435,BDU190653,Badulla,Hali-Ela,2019-09-04T00:00:00,Morethota,56A,සෙන් ජේම්ස්වත්ත,,,0001-01-01T00:00:00,,,,,,,6.9235863,81.0129304
Landslide,L,NBRO/LRRMD-BDL/BDU/HALI-E/LI/19/0436,BDU190654,Badulla,Hali-Ela,2019-09-03T00:00:00,Uduwara,73,උඩුවර,,,0001-01-01T00:00:00,,,,,,,6.92147,81.063104
Landslide,L,NBRO/LRRMD-BDL/BDU/HALI-E/LI/19/0438,BDU190656,Badulla,Hali-Ela,2019-11-12T00:00:00,Haliela,74A,"05, දෙමටවැලිහින්න පාර, දළුක්හින්න, බදුල්ල",,,0001-01-01T00:00:00,,,,,,,6.97507,81.05653
Landslide,L,NBRO/LRRMD-BDL/BDU/BANDAR/LI/19/0504,BDU190778,Badulla,Bandarawela,2019-02-06T00:00:00,Inikambedda,65E,"ඉනිකම්බැද්ද, බණ්ඩාරවෙල",,,0001-01-01T00:00:00,,,,,,,6.825878,80.998158
Landslide,L,NBRO/LRRMD-BDL/BDU/BANDAR/LI/19/0505,BDU190779,Badulla,Bandarawela,2019-02-07T00:00:00,Bindunuwewa,67B,"ගොවිපළ පාර , බදුලුගස්තැන්න, බිඳුණුවැව",,,0001-01-01T00:00:00,,,,,,,6.825878,80.998158
Landslide,L,NBRO/LRRMD-BDL/BDU/BANDAR/LI/19/0506,BDU190780,Badulla,Bandarawela,2019-01-02T00:00:00,Bandarawela West,65B,"29/A, විශාඛා මාවත, බණ්ඩාරවෙල",,,0001-01-01T00:00:00,,,,,,,6.825878,80.998158
Landslide,L,NBRO/LRRMD-BDL/BDU/BANDAR/LI/19/0507,BDU190781,Badulla,Bandarawela,2019-01-02T00:00:00,Bandarawela West,65B,"29/A, විශාඛා මාවත, බණ්ඩාරවෙල",,,0001-01-01T00:00:00,,,,,,,6.825878,80.998158
Landslide,L,NBRO/LRRMD-BDL/BDU/BANDAR/LI/19/0508,BDU190782,Badulla,Bandarawela,2019-01-02T00:00:00,Bandarawela West,65B,"29/A, විශාඛා මාවත, බණ්ඩාරවෙල",,,0001-01-01T00:00:00,,,,,,,6.825878,80.998158
Landslide,L,NBRO/LRRMD-BDL/BDU/BANDAR/LI/19/0509,BDU190783,Badulla,Bandarawela,2019-01-02T00:00:00,Obadaelle,65F,"හෙවන්විලවත්ත, අලවත්ත, බණ්ඩාරවෙල",,,0001-01-01T00:00:00,,,,,,,6.825878,80.998158
Landslide,L,NBRO/LRRMD-BDL/BDU/BANDAR/LI/19/0510,BDU190784,Badulla,Bandarawela,2019-01-02T00:00:00,Kebillawela North,67D,"අංක 99, උතුරු කැබිල්ලෙවෙල",,,0001-01-01T00:00:00,,,,,,,6.825878,80.998158
Landslide,L,NBRO/LRRMD-BDL/BDU/BANDAR/LI/19/0511,BDU190785,Badulla,Bandarawela,2019-01-02T00:00:00,Gediyaroda,67K,"සඳළු” විශාකා මාවත, බණ්ඩාරවෙල",,,0001-01-01T00:00:00,,,,,,,6.825878,80.998158
Landslide,L,NBRO/LRRMD-BDL/BDU/BANDAR/LI/19/0513,BDU190787,Badulla,Bandarawela,2019-01-02T00:00:00,Bandarawela East,65G,"අංක 35, ජලාශ පාර, බණ්ඩාරවෙල",,,0001-01-01T00:00:00,,,,,,,6.825878,80.998158
Landslide,L,NBRO/LRRMD-BDL/BDU/BANDAR/LI/19/0514,BDU190788,Badulla,Bandarawela,2019-01-02T00:00:00,Udaperuwa,66B,"මොරගහවත්ත, උඩපේරුව, කිණිගම බණ්ඩාරවෙල",,,0001-01-01T00:00:00,,,,,,,6.83634,81.01073
Landslide,L,NBRO/LRRMD-BDL/BDU/BANDAR/LI/19/0515,BDU190789,Badulla,Bandarawela,2019-02-05T00:00:00,Kinigama,66,"අංක 36, වලස්බැද්ද, බණ්ඩාරවෙල",,,0001-01-01T00:00:00,,,,,,,6.825878,80.998158
Landslide,L,NBRO/LRRMD-BDL/BDU/BANDAR/LI/19/0517,BDU190791,Badulla,Bandarawela,2019-02-05T00:00:00,Kinigama,66,"10/1, වැරණියගොඩ නිවස, වලස්බැද්ද බණ්ඩාරවෙල",,,0001-01-01T00:00:00,,,,,,,6.825878,80.998158
Landslide,L,NBRO/LRRMD-BDL/BDU/BANDAR/LI/19/0518,BDU190792,Badulla,Bandarawela,2019-02-12T00:00:00,Watagamuwa,67F,"මඩවලතැන්න, මදුවැල්පතන පාර, බිඳුණුවැව",,,0001-01-01T00:00:00,,,,,,,6.825878,80.998158
Landslide,L,NBRO/LRRMD-BDL/BDU/BANDAR/LI/19/0519,BDU190793,Badulla,Bandarawela,2019-02-04T00:00:00,Bandarawela West,65B,"අංක 07” ජලාශ කන්ද, බණ්ඩාරවෙල",,,0001-01-01T00:00:00,,,,,,,6.825878,80.998158
Landslide,L,NBRO/LRRMD-BDL/BDU/BANDAR/LI/19/0520,BDU190794,Badulla,Bandarawela,2019-02-05T00:00:00,Bandarawela East,65G,"අංක 15, ජලාශ පාර, බණ්ඩාරවෙල",,,0001-01-01T00:00:00,,,,,,,6.825878,80.998158
Landslide,L,NBRO/LRRMD-BDL/BDU/BANDAR/LI/19/0521,BDU190795,Badulla,Bandarawela,2019-02-06T00:00:00,Bandarawela East,65G,"අංක 14, පළමු පටුමග, ජලාශ කන්ද, බණ්ඩාරවෙල",,,0001-01-01T00:00:00,,,,,,,6.825878,80.998158
Landslide,L,NBRO/LRRMD-BDL/BDU/BANDAR/LI/19/0522,BDU190796,Badulla,Bandarawela,2019-02-05T00:00:00,Bandarawela East,65G,"අංක 06, ජලාශ පාර, බණ්ඩාරවෙල",,,0001-01-01T00:00:00,,,,,,,6.825878,80.998158
Landslide,L,NBRO/LRRMD-BDL/BDU/BANDAR/LI/19/0523,BDU190797,Badulla,Bandarawela,2019-02-12T00:00:00,Bandarawela East,65G,"පළමු පටුමග, ජලාශ පාර, බණ්ඩාරවෙල",,,0001-01-01T00:00:00,,,,,,,6.825878,80.998158
Landslide,L,NBRO/LRRMD-BDL/BDU/BANDAR/LI/19/0524,BDU190798,Badulla,Bandarawela,2019-02-04T00:00:00,Bandarawela East,65G,"පළමු පටුමග, ජලාශ පාර, බණ්ඩාරවෙල",,,0001-01-01T00:00:00,,,,,,,6.825878,80.998158
Landslide,L,NBRO/LRRMD-BDL/BDU/BANDAR/LI/19/0525,BDU190799,Badulla,Bandarawela,2019-02-05T00:00:00,Bandarawela East,65G,"29 C, දෙවන පටුමග, ජලාශ කන්ද, බණ්ඩාරවෙල",,,0001-01-01T00:00:00,,,,,,,6.825878,80.998158
Landslide,L,NBRO/LRRMD-BDL/BDU/BANDAR/LI/19/0529,BDU190803,Badulla,Bandarawela,2019-02-06T00:00:00,Bandarawela East,65G,"අංක 49, ජලාශ පාර, බණ්ඩාරවෙල",,,0001-01-01T00:00:00,,,,,,,6.825878,80.998158
Landslide,L,NBRO/LRRMD-BDL/BDU/BANDAR/LI/19/0530,BDU190804,Badulla,Bandarawela,2019-02-04T00:00:00,Ettalapitiya,67,"අංක 7/218, පාසල් මාවත, ඇත්තලපිටිය, බණ්ඩාරවෙල",,,0001-01-01T00:00:00,,,,,,,6.825878,80.998158
Landslide,L,NBRO/LRRMD-BDL/BDU/BANDAR/LI/19/0538,BDU190812,Badulla,Bandarawela,2019-02-06T00:00:00,Gediyaroda,67K,"203/3, විශාකා මාවත, බණ්ඩාරවෙල",,,0001-01-01T00:00:00,,,,,,,6.825878,80.998158
Landslide,L,NBRO/LRRMD-BDL/BDU/BANDAR/LI/19/0540,BDU190814,Badulla,Bandarawela,2019-02-19T00:00:00,Gediyaroda,67K,"203/3, විශාකා මාවත, බණ්ඩාරවෙල",,,0001-01-01T00:00:00,,,,,,,6.825878,80.998158
Landslide,L,NBRO/LRRMD-BDL/BDU/BANDAR/LI/19/0541,BDU190815,Badulla,Bandarawela,2019-02-13T00:00:00,Gediyaroda,67K,"203/3, විශාකා මාවත, බණ්ඩාරවෙල",,,0001-01-01T00:00:00,,,,,,,6.825878,80.998158
Landslide,L,NBRO/LRRMD-BDL/BDU/BANDAR/LI/19/0542,BDU190816,Badulla,Bandarawela,2019-02-06T00:00:00,Ettalapitiya,67,"අංක 96, දෙහිගස්ඇල්ල, ඇත්තලපිටිය, බණ්ඩාරවෙල",,,0001-01-01T00:00:00,,,,,,,6.825878,80.998158
Landslide,L,NBRO/LRRMD-BDL/BDU/BANDAR/LI/19/0543,BDU190817,Badulla,Bandarawela,2019-02-20T00:00:00,Gediyaroda,67K,"203/3, විශාකා මාවත, බණ්ඩාරවෙල",,,0001-01-01T00:00:00,,,,,,,6.825878,80.998158
Landslide,L,NBRO/LRRMD-BDL/BDU/BANDAR/LI/19/0547,BDU190821,Badulla,Bandarawela,2019-05-07T00:00:00,Liyangahawela,70A,ලියන්ගහවෙල බණ්ඩාරවෙල,,,0001-01-01T00:00:00,,,,,,,6.825787,80.998158
Landslide,L,NBRO/LRRMD-BDL/BDU/MEEGAH/LI/19/0560,BDU190845,Badulla,Meegahakivula,2019-05-22T00:00:00,Polwatta,16D,පොල්වත්ත,,,0001-01-01T00:00:00,,,,,,,7.1196348,81.1132346
Landslide,L,NBRO/LRRMD-BDL/BDU/MEEGAH/LI/19/0562,BDU190847,Badulla,Meegahakivula,2019-04-03T00:00:00,Akurukaduwa,22G,අකුරුකඩුව,,,0001-01-01T00:00:00,,,,,,,7.1336659,81.0645725
Landslide,L,NBRO/LRRMD-BDL/BDU/MEEGAH/LI/19/0563,BDU190848,Badulla,Meegahakivula,2019-04-03T00:00:00,Akurukaduwa,22G,අකුරුකඩුව,,,0001-01-01T00:00:00,,,,,,,7.1255283,81.0555627
Landslide,L,NBRO/LRRMD-BDL/BDU/MEEGAH/LI/19/0564,BDU190849,Badulla,Meegahakivula,2019-04-03T00:00:00,Roberiya,18F,රෝබේරිය,,,0001-01-01T00:00:00,,,,,,,7.1093778,81.1525382
Landslide,L,NBRO/LRRMD-BDL/BDU/MEEGAH/LI/19/0565,BDU190850,Badulla,Meegahakivula,2019-04-03T00:00:00,Akurukaduwa,22G,අකුරුකඩුව,,,0001-01-01T00:00:00,,,,,,,7.1305484,81.0648524
Landslide,L,NBRO/LRRMD-BDL/BDU/MEEGAH/LI/19/0566,BDU190851,Badulla,Meegahakivula,2019-04-03T00:00:00,Pitamaruwa,16A,පිටමාරුව,,,0001-01-01T00:00:00,,,,,,,7.1244754,81.1327612
Landslide,L,NBRO/LRRMD-BDL/BDU/MEEGAH/LI/19/0567,BDU190852,Badulla,Meegahakivula,2019-04-03T00:00:00,Kalugahakandura,16,කළුගහකඳුර,,,0001-01-01T00:00:00,,,,,,,7.1247972,81.0951262
Landslide,L,NBRO/LRRMD-BDL/BDU/MEEGAH/LI/19/0568,BDU190853,Badulla,Meegahakivula,2019-02-16T00:00:00,Komarika,22F,කෝමාරික,,,0001-01-01T00:00:00,,,,,,,7.1194856,81.0658498
Landslide,L,NBRO/LRRMD-BDL/BDU/MEEGAH/LI/19/0569,BDU190854,Badulla,Meegahakivula,2019-02-16T00:00:00,Komarika,22F,කෝමාරික,,,0001-01-01T00:00:00,,,,,,,7.1262182,81.0695672
Landslide,L,NBRO/LRRMD-BDL/BDU/MEEGAH/LI/19/0570,BDU190855,Badulla,Meegahakivula,2019-02-16T00:00:00,Pitamaruwa,16A,පිටමාරුව,,,0001-01-01T00:00:00,,,,,,,7.1098145,81.1307097
Landslide,L,NBRO/LRRMD-BDL/BDU/MEEGAH/LI/19/0571,BDU190856,Badulla,Meegahakivula,2019-04-03T00:00:00,Meegahakivula,22,මීගහකිවුල,,,0001-01-01T00:00:00,,,,,,,7.137283,81.048677
Landslide,L,NBRO/LRRMD-BDU/BDU/MEEGAH/LI/19/0572,BDU190899,Badulla,Meegahakivula,2019-04-03T00:00:00,Karandagahamada,22B,කරඳගහමඩ,,,0001-01-01T00:00:00,,,,,,,7.1447867,81.0758555
Landslide,L,NBRO/LRRMD-BDU/BDU/MEEGAH/LI/19/0573,BDU190900,Badulla,Meegahakivula,2019-09-06T00:00:00,Kohana,23C,කොහාන,,,0001-01-01T00:00:00,,,,,,,7.106854,81.046767
Landslide,L,NBRO/LRRMD-BDL/BDU/RIDEEM/LI/19/0575,BDU190902,Badulla,Rideemaliyadda,2019-02-11T00:00:00,Aralupitiya,09C,වරාලන්ද නමැති ඉඩමේ යෝජිත ආදර්ශ ගම්මාන ව්‍යාපෘතිය,,,0001-01-01T00:00:00,,,,,,,7.298428,81.217782
Landslide,L,NBRO/LRRMD-BDL/BDU/KANDAK/LI/19/0576,BDU190903,Badulla,Kandaketiya,2019-05-15T00:00:00,Thetilla,35C,"ගඟසිරි නිවස, තැටිල්ල, ගලඋඩ, හාලිඇල",,,0001-01-01T00:00:00,,,,,,,7.0412797,80.9819366
Landslide,L,NBRO/LRRMD-BDL/BDU/KANDAK/LI/19/0577,BDU190904,Badulla,Kandaketiya,2019-02-12T00:00:00,Bopitiya,33A,"බෝපිටිය, තැන්නෙපංගුව, කන්දෙගෙදර",,,0001-01-01T00:00:00,,,,,,,7.0674265,80.9989098
Landslide,L,NBRO/LRRMD-BDL/BDU/KANDAK/LI/19/0578,BDU190905,Badulla,Kandaketiya,2019-06-26T00:00:00,Thetilla,35C,තැටිල්ල,,,0001-01-01T00:00:00,,,,,,,7.0527905,80.9783015
Landslide,L,NBRO/LRRMD-BDL/BDU/KANDAK/LI/19/0580,BDU190907,Badulla,Kandaketiya,2019-05-27T00:00:00,Wasanagama,32D,තල්පිටිගල,,,0001-01-01T00:00:00,,,,,,,7.0655454,80.9699854
Landslide,L,NBRO/LRRMD-BDL/BDU/BANDAR/LI/20/0057,BDU200059,Badulla,Bandarawela,2020-09-26T00:00:00,Thanthiriya,66G,"තන්තිරිය, උතුරු කැබිල්ලේවෙල, බදුල්ල","තන්තිරිය, උතුරු කැබිල්ලේවෙල, බදුල්ල",,2020-09-28T00:00:00,,,,,,,6.832586,81.002288
Landslide,L,NBRO/LRRMD-BDL/BDU/BADULL/LI/20/0060,BDU200062,Badulla,Badulla,2020-11-25T00:00:00,Glen Alpin Estate,80H,"ලයින් අංක 13, බලගල කොටස, ග්ලේන් ඇල්පීන් වත්ත","ලයින් අංක 13, බලගල කොටස, ග්ලේන් ඇල්පීන් වත්ත",බදුල්ල පස්සර මාර්ගයේ 3 කණුව මංසන්ධියෙන් පවතින ග්ලේන් ඇල්පීන් වතු මාර්ගය ඔස්සේ 2km ක් පමණ ගමන් කළ ය,2020-10-27T00:00:00,,,,,,,6.9628743,81.0829898
Landslide,L,NBRO/LRRMD-BDL/BDU/BADULL/LI/20/0061,BDU200063,Badulla,Badulla,2020-10-14T00:00:00,Badulla South,78,"හෙළ මාවත, මයිලගස්තැන්න, බදුල්ල","හෙළ මාවත, මයිලගස්තැන්න, බදුල්ල",: බදුල්ල - මයිලගස්තැන්න මාර්ගය ඔස්සේ ගමන් කිරීමේදී හමුවන රාහුල විද්‍යාලය අසළින් ඇති අතුරු මාර්ග,2020-10-29T00:00:00,,,,,,,6.977577,81.057965
Landslide,L,NBRO/LRRMD-BDL/BDU/BADULL/LI/20/0064,BDU200066,Badulla,Badulla,2020-08-11T00:00:00,Badulla East,78B,"අංක 28, අනගාරික ධර්මපාල මාවත, බදුල්ල","අංක 28, අනගාරික ධර්මපාල මාවත, බදුල්ල",": බදුල්ල නගරයෙහි, අනගාරික ධර්මපාල මාවතෙහි අංක 28 යන ස්ථානයෙහි පරීක්ෂිත ඉඩම පිහිටා ඇත",2020-10-06T00:00:00,2020-10-06T00:00:00,,"2020/09/06, 2020/09/07, 2020/10/06",,,,6.984547,81.068999
Landslide,L,NBRO/LRRMD-BDL/BDU/ELLA/LI/20/0211,BDU200212,Badulla,Ella,2020-01-01T00:00:00,Maduragama,68C,"අංක 1/232, උහන් කුඹුර, ‍ ගොටුවල, ඇල්ල","අංක 1/232, උහන් කුඹුර, ‍ ගොටුවල, ඇල්ල",,2020-01-02T00:00:00,2019-12-22T00:00:00,,දළ බෑවුම සහ අධික වර්ෂාව,,,,6.88295,81.06055
Landslide,L,NBRO/LRRMD-BDL/BDU/ELLA/LI/20/0220,BDU200221,Badulla,Ella,2020-01-13T00:00:00,Yahalewela,68E,"යහලවෙල, දලුග්ගල","යහලවෙල, දලුග්ගල",,2020-02-19T00:00:00,,,,,,,6.881319,81.068578
Landslide,L,NBRO/LRRMD-BDL/BDU/HALDUM/LI/20/0249,BDU200250,Badulla,Haldummulla,2020-08-27T00:00:00,Medawela,157F,"රඳාකඳුර, මැදවෙල, සොරගුණේ.","රඳාකඳුර, මැදවෙල, සොරගුණේ.","රඳාකඳුර, මැදවෙල, සොරගුණේ.",2020-11-17T00:00:00,,,,,,,6.740962,80.885756
Landslide,L,NBRO/LRRMD-BDL/BDU/WELIMA/LI/20/0393,BDU200396,Badulla,Welimada,2020-01-01T00:00:00,Alakolagala,49D,"අලකොළගාල,වැලිමඩ,බදුල්ල",,කැප්පෙටිපොල සිට 8 km පමණ ගමන් කිරීමෙන් හමුවන රේන්දපොළ මංසන්ධියෙන් 3 km පමණ අඹේවෙල මාර්ගයේ ගමන් කිරී,2020-01-09T00:00:00,,,නිම්නය දෙසට වැසි ජලය ගලා යාමට ඇති බෝක්කුව අවහිර වීම හා පෘෂ්ඨීය කාණු පද්ධතිය අවහිර වීම.,,,,6.905652,80.83221
Landslide,L,NBRO/LRRMD-BDL/BDU/PASSAR/LI/20/0723,BDU200727,Badulla,Passara,2020-01-07T00:00:00,Kanawerella East,87D,"ඇටිකෙහෙල්ලන්ද, කණවරැල්ල, පස්සර","ඇටිකෙහෙල්ලන්ද, කණවරැල්ල, පස්සර",පස්සර නමුණුකුල මාර්ගයේ කොටගහතැන්න මංසන්ධියේ සිට ඉඩමේගෙදර මාර්ගය ඔස්සේ,2020-01-13T00:00:00,,,ලිහිල් පාංශු හා අධික දියසීරාව,,,,6.8998,81.13095
Landslide,L,NBRO/LRRMD-BDL/BDU/HAPUTA/LI/21/0013,BDU210029,Badulla,Haputale,2021-08-18T00:00:00,Panketiya,63M,"පන්කැටිය, හපුතලේ","පන්කැටිය, හපුතලේ",බණ්ඩාරවෙල නගරයේ සිට A16 ප්‍රධාන මාර්ගයේ 9km පමණ හපුතලේ දෙසට ගමන් කළ විට (උඩ පාර) හමුවන කහගල්ල තේ කර්මා,2021-03-30T00:00:00,,,අධික වර්ෂාව,,,,6.7952125,80.972647033
Landslide,L,NBRO/LRRMD-BDL/BDU/HALDUM/LI/21/0028,BDU210050,Badulla,Haldummulla,2021-01-05T00:00:00,Gamhapa,154,"දියළුම වත්ත, දියළුම කොටස, කර්මාන්ත ශාලා ඉහළ ක්ෂේත්‍රය.","දියළුම වත්ත, දියළුම කොටස, කර්මාන්ත ශාලා ඉහළ ක්ෂේත්‍රය.",බෙරගල - වැල්ලවාය මාර්ගයේ දියළුම ඇල්ල පසුකොට දකුණු පසට ඇති දියළුම වත්ත මාර්ගය ඔස්සේ අදාළ ස්ථානයට,2021-02-22T00:00:00,,,,,,,6.730928,81.036807
Landslide,L,NBRO/LRRMD-BDL/BDU/HALDUM/LI/21/0039,BDU210061,Badulla,Haldummulla,2021-02-15T00:00:00,Watagamuwa,157K,ශ්‍රී පුෂ්පාරාම විහාරස්ථානය අසළ,ශ්‍රී පුෂ්පාරාම විහාරස්ථානය අසළ,කොළඹ- වැල්ලවාය මාර්යෙහි (A 4)  වූ බෙරගල මංසන්ධියේ සිට කොළඹ දෙසට 4kmක් පමණ ගමන් කළ පසු ප්‍රධාන මාර්ගයට  1,2021-06-18T00:00:00,,,අධික වර්ෂාව,,,,6.7612916,80.88072194
Landslide,L,NBRO/LRRMD-BDL/BDU/HALDUM/LI/21/0045,BDU210067,Badulla,Haldummulla,2021-06-21T00:00:00,Nikapotha Estate,155,"නිකපොත විද්‍යාලය, නිකපොත","නිකපොත විද්‍යාලය, නිකපොත",බෙරගල සිට - වැල්ලවාය (A4)  ප්‍රධාන මාර්ගයේ ඉදිරියට ගමන් කළ විට හමුවන නිකපොත ප්‍රදේශයේදී මාර්ගයට යා,2021-07-08T00:00:00,2019-12-10T00:00:00,,අධික වර්ෂාව,,,,6.744613,80.968902
Landslide,L,NBRO/LRRMD-BDL/BDU/WELIMA/LI/21/0097,BDU210119,Badulla,Welimada,2021-04-26T00:00:00,Koskanuwegama,58C,"කොස්කණුවේගම, වැලිමඩ","කොස්කණුවේගම, වැලිමඩ",,2021-07-13T00:00:00,,,,,,,6.892193,80.927662
Landslide,L,NBRO/LRRMD-BDL/BDU/WELIMA/LI/21/0101,BDU210123,Badulla,Welimada,2021-06-20T00:00:00,Erabadda,50E,"එරබද්ද, වැලිමඩ","එරබද්ද, වැලිමඩ",,2021-07-29T00:00:00,,,,,,,6.8870858,80.873719
Landslide,L,NBRO/LRRMD-BDL/BDU/WELIMA/LI/21/0108,BDU210130,Badulla,Welimada,2021-01-29T00:00:00,Idamegama,51B,"ගල්ගොඩගම, වැලිමඩ","ගල්ගොඩගම, වැලිමඩ",වැලිමඩ නගරයේ සිට නැදුන්ගමුව මාර්ගයේ 3 km ක් පමණ ගමන් කොට මුත්තයියා හන්දියෙන් ගල්ගොාඩගම දක්වා ඇති,2021-10-05T00:00:00,,,භූමිය අධික ආනතියකින් යුක්ත වීම සහ අවිධිමත් ජල කළමනාකරණය,,,,6.88876,80.896692
Landslide,L,NBRO/LRRMD-BDL/BDU/WELIMA/LI/21/0116,BDU210138,Badulla,Welimada,2021-02-11T00:00:00,Maligathenna,62G,"මාලිගාතැන්න, වැලිමඩ","මාලිගාතැන්න, වැලිමඩ",,2021-10-13T00:00:00,,,දීර්ඝ කාලයක පටන් නිසි අලුත්වැඩියාවක් සිදු නොකිරීමත් නිසා එය ව්‍යුහාත්මක වශයෙන් දැඩි ලෙස අස්ථා,,,,6.7954,80.9023
Landslide,L,NBRO/LRRMD-BDL/BDU/WELIMA/LI/21/0128,BDU210150,Badulla,Welimada,2021-01-07T00:00:00,Bogahakumbura,51,"බෝගහකුඹුර, වැලිමඩ","බෝගහකුඹුර, වැලිමඩ",,2020-01-11T00:00:00,,,,,,,6.863253,80.873755
Landslide,L,NBRO/LRRMD-BDL/BDU/WELIMA/LI/21/0144,BDU210166,Badulla,Welimada,2021-11-16T00:00:00,Ambewela,50A,"ක්ෂේත්‍ර අංක  07, වෝවික් වතුයාය, අඹරගල","ක්ෂේත්‍ර අංක  07, වෝවික් වතුයාය, අඹරගල",බදුල්ල දිස්ත්‍රික්කයේ වැලිමඩ ප්‍රාදේශීය ලේකම් කොට්ඨාශයේ අඹරගල ග්‍රාම නිලධාරී වසමේ වෝවික් වතු,2021-12-02T00:00:00,,,,,,,6.895853,80.824884
Landslide,L,NBRO/LRRMD-BDL/BDU/WELIMA/LI/21/0152,BDU210174,Badulla,Welimada,2021-12-02T00:00:00,Ambewela,50A,"ග්ලෙන්ච් හා වොර්වික් වත්ත , අඹේවෙල හා අලකොලගාල","ග්ලෙන්ච් හා වොර්වික් වත්ත , අඹේවෙල හා අලකොලගාල",,2021-12-02T00:00:00,,,,,,,6.903752,80.884778
Landslide,L,NBRO/LRRMD-BDL/BDU/PASSAR/LI/21/0182,BDU210204,Badulla,Passara,2021-07-07T00:00:00,Thennuge,88D,"13 කණුව, බිබිල පාර, පස්සර","13 කණුව, බිබිල පාර, පස්සර","බදුල්ල - බිබිල (A5) ප්‍රධාන මාර්ගයේ ඉදිරියට ගමන්කළ විට හමුවන 13 කණුව ප්‍රදේශයේ, ප්‍රධාන මාර්ගයට මීටර",2021-08-05T00:00:00,,,,,,,6.939506,81.171324
Landslide,L,NBRO/LRRMD-BDL/BDU/PASSAR/LI/21/0190,BDU210212,Badulla,Passara,2021-10-29T00:00:00,Palagolla,88H,"නව ගම්මානය, කිරිමඩුතැන්න, පාලාගොල්ල","නව ගම්මානය, කිරිමඩුතැන්න, පාලාගොල්ල",බදුල්ල - පස්සර මාර්ගයේ  සැතපුම් 10 කණුවට ආසන්නයෙන් පිහිටි පාලාගොල්ල ගල් වලට ගමන් ගන්නා අතුරු මාර්,2021-11-05T00:00:00,2021-11-02T00:00:00,19:30,අධික වර්ෂාව,,,,6.94148,81.145553
Landslide,L,NBRO/LRRMD-BDL/BDU/PASSAR/LI/21/0202,BDU210224,Badulla,Passara,2021-10-29T00:00:00,Pelgahathenna,89G,"7 කණුව , පස්සර පාර, පැල්ගහතැන්න","7 කණුව , පස්සර පාර, පැල්ගහතැන්න",බදුල්ල පස්සර මාර්ගයේ පස්සර දෙසට 12km පමණ පස්සර දෙසට (7 mile post) ගමන් කිරීමෙන්.,2021-12-04T00:00:00,2021-11-05T00:00:00,,අධික වර්ෂාව,,,,6.95533,81.1213
Landslide,L,NBRO/LRRMD-BDL/BDU/PASSAR/LI/21/0205,BDU210227,Badulla,Passara,2021-10-29T00:00:00,Kanawerella,87,"කණවැරැල්ල වත්ත, M.G. කොටසේ පේළි නිවාස","කණවැරැල්ල වත්ත, M.G. කොටසේ පේළි නිවාස",පස්සර නගරයේ සිට 10 කණුව හරහා ඇල්ල පස්සර මාර්ගයේ 8km  පමණ ඇල්ල දෙසට ගමන් කිරීමෙන් පසුව හමුවන කොටුගහතැ,2021-11-09T00:00:00,2021-11-02T00:00:00,,,,,,6.911085,81.119212
Landslide,L,NBRO/LRRMD-BDL/BDU/PASSAR/LI/21/0206,BDU210228,Badulla,Passara,2021-12-03T00:00:00,Passara Town East,88L,"අංක 41, පාසල් මාවත","අංක 41, පාසල් මාවත",,2020-12-13T00:00:00,,,අධික වර්ෂාව,,,,6.939685,81.157891
Landslide,L,NBRO/LRRMD-BDL/BDU/HALI-E/LI/21/0307,BDU210329,Badulla,Hali-Ela,2021-01-05T00:00:00,Bogahamaditta,74B,"බෝගහමඩිත්ත, පිටපොලවත්ත, හාලිඇල","බෝගහමඩිත්ත, පිටපොලවත්ත, හාලිඇල",,2021-01-20T00:00:00,,,,,,,6.969615,81.036978
Landslide,L,NBRO/LRRMD-BDL/BDU/HALI-E/LI/21/0310,BDU210332,Badulla,Hali-Ela,2021-01-01T00:00:00,Bogahamaditta,74B,"ඌව ජයගම, ප්‍රබෝධ ගම, බෝගහමඩිත්ත, හාලිඇල","ඌව ජයගම, ප්‍රබෝධ ගම, බෝගහමඩිත්ත, හාලිඇල",,2021-02-17T00:00:00,,,,,,,6.969565,81.037026
Landslide,L,NBRO/LRRMD-BDL/BDU/HALI-E/LI/21/0323,BDU210345,Badulla,Hali-Ela,2021-05-05T00:00:00,Pallegama,55A,"රත්නසෙවණ, වේල්ලවෙල, ඇටම්පිටිය","රත්නසෙවණ, වේල්ලවෙල, ඇටම්පිටිය",බදුල්ල - ඇටම්පිටිය පේරාදෙණිය මාර්ගයේ 101 / 3 බෝක්කුව (Culverts) අසළින් අදාළ ස්ථානයට ළඟාවිය හැකිය.,2020-06-12T00:00:00,,,,,,,6.920483,80.962453
Landslide,L,NBRO/LRRMD-BDL/BDU/HALI-E/LI/21/0333,BDU210355,Badulla,Hali-Ela,2021-07-26T00:00:00,Springvalley,85B,"ඉලුක්තැන්න, පිහිල්ලගහවත්ත, කිරිගහකොටුව","ඉලුක්තැන්න, පිහිල්ලගහවත්ත, කිරිගහකොටුව",,2021-10-07T00:00:00,,,අධික වර්ෂාව,,,,6.923806,81.091596
Landslide,L,NBRO/LRRMD-BDL/BDU/ELLA/LI/21/0377,BDU210399,Badulla,Ella,2021-03-09T00:00:00,Dowa,69D,"අංක 30, 31, කෙසෙල්වත්ත, බදුල්ල පාර, බිඳුණුවැව, බණ්ඩාරවෙල","අංක 30, 31, කෙසෙල්වත්ත, බදුල්ල පාර, බිඳුණුවැව, බණ්ඩාරවෙල",,2021-04-05T00:00:00,,,මෙම ප්‍රදේශය උමා ඔය බහුකාර්ය සංවර්ධන ව්‍යාපෘතියේ ප්‍රධාන උමගේ ජල කාන්දුව හේතුවෙන් භූමියේ ඇති ව,,,,6.839605,81.00329
Landslide,L,NBRO/LRRMD-BDL/BDU/SORANA/LI/21/0534,BDU210556,Badulla,Soranathota,2021-11-10T00:00:00,Pussellakanda,28A,"ගමගෙදරවත්ත, පුස්සැල්ලාකන්ද, බදුල්ල","ගමගෙදරවත්ත, පුස්සැල්ලාකන්ද, බදුල්ල",,2021-12-03T00:00:00,,,,,,,7.047031,81.039597
Landslide,L,NBRO/LRRMD-BDL/BDU/UVA-PA/LI/21/0550,BDU210572,Badulla,Uva-Paranagama,2021-02-01T00:00:00,Ritikumbura,37F,"කහටගස්තැන්න, මස්පන්න","කහටගස්තැන්න, මස්පන්න",වැලිමඩ සිය ගලගමුව දක්වා මාර්ගයේ මස්පන්න නගරයේ සිට 1 km ක් පමණ ගලගමුව දෙසට වන්නට පිහිටා ඇත.,2021-02-23T00:00:00,,,,,,,7.035437,80.937975
Landslide,L,NBRO/LRRMD-BDL/BDU/UVA-PA/LI/21/0551,BDU210573,Badulla,Uva-Paranagama,2021-03-17T00:00:00,Pitiyakumbura,39C,"පිටියකුඹුර, ඌව පරණගම","පිටියකුඹුර, ඌව පරණගම",,2021-05-20T00:00:00,,,,,,,6.968531,80.950291
Landslide,L,NBRO/LRRMD-BDL/BDU/UVA-PA/LI/21/0554,BDU210576,Badulla,Uva-Paranagama,2021-01-04T00:00:00,Ritikumbura,37F,"රිටිකුඹුර, ඌව පරණගම","රිටිකුඹුර, ඌව පරණගම",,2021-02-23T00:00:00,,,,,,,7.034447,80.934587
Landslide,L,NBRO/LRRMD-BDL/BDU/UVA-PA/LI/21/0562,BDU210584,Badulla,Uva-Paranagama,2021-09-30T00:00:00,Gampaha,38C,"ගම්පහ, ඌවපරණගම","ගම්පහ, ඌවපරණගම",,2021-10-27T00:00:00,,,"මෙම නිවස ඉතා පැරණි වීමත්, දීර්ඝ කාලයක පටන් නිසි අලුත්වැඩියාවක් සිදු නොකිරීමත් නිසා එය ව්‍යුහාත",,,,6.9960838,80.9235261
Landslide,L,NBRO/LRRMD-BDL/BDU/UVA-PA/LI/21/0567,BDU210589,Badulla,Uva-Paranagama,2021-11-02T00:00:00,Kumarapattiya,45,"කුමාරපට්ටිය, ඌවපරණගම","කුමාරපට්ටිය, ඌවපරණගම",,2021-11-11T00:00:00,,,,,,,6.934156,80.902771
Landslide,L,NBRO/LRRMD-BDL/BDU/MEEGAH/LI/21/0570,BDU210592,Badulla,Meegahakivula,2021-02-02T00:00:00,Pitamaruwa,16A,"කරදේවත්තේ ගෙදර, සූරියගොල්ල, පිටමාරුව","කරදේවත්තේ ගෙදර, සූරියගොල්ල, පිටමාරුව",": මීගහකිවුල නගරයේ සිට බදුල්ල - මහියංගනය මාර්ගයේ (B36) ඉදිරියට ගමන් කළ විට, හමුවන මීගහතැන්න - මීගහකිවු",2021-03-29T00:00:00,,,අධික වර්ෂාව,,,,7.102765,81.135636
Landslide,L,NBRO/LRRMD-BDL/BDU/MEEGAH/LI/21/0572,BDU210594,Badulla,Meegahakivula,2021-01-20T00:00:00,Komarika,22F,"අළුත්ගෙදර, අම්බලම, කැටවත්ත පාර, මීගහකිවුල","අළුත්ගෙදර, අම්බලම, කැටවත්ත පාර, මීගහකිවුල",මීගහකිවුල - කැටවත්ත මාර්ගයේ 6 km ක් පමණ ගමන් කළ පසු මාර්ගයේ දකුණු පසින් අදාළ ස්ථානය පිහිටා ඇත.,2021-03-05T00:00:00,,,,,,,7.116014,81.069773
Landslide,L,NBRO/LRRMD-BDL/BDU/MEEGAH/LI/21/0574,BDU210596,Badulla,Meegahakivula,2021-05-05T00:00:00,Akurukaduwa,22G,"අතුරුකඩුව, ජම්බු ගස් වත්ත","අතුරුකඩුව, ජම්බු ගස් වත්ත",,2021-09-15T00:00:00,,,,,,,7.119319,81.058873
Landslide,L,NBRO/LRRMD-BDL/BDU/BADULL/LI/21/0620,BDU210642,Badulla,Badulla,2021-06-01T00:00:00,Pitawelagama,78L,"33/6A, පිටවෙලගම, දිය කිවුල, බදුල්ල","33/6A, පිටවෙලගම, දිය කිවුල, බදුල්ල",: බදුල්ල නගරයේ සිට අළුගොල්ල මාර්ගයට පිවිස එම මාර්ගයේ ඉදිරියට ගමන් කළ විට හමුවන බුදු පිළිමය සමග ව,2021-06-10T00:00:00,,,අධික වර්ෂාව,,,,7.00227,81.050956
Landslide,L,NBRO/LRRMD-BDL/BDU/WELIMA/LI/22/0197,BDU220198,Badulla,Welimada,2022-04-25T00:00:00,Himbiliyagolla,50G,"මහකුමුර, හිඹිලියගොල්ල, හෙවනකුඹුර","ගලගොඩගම, බොරලන්ද",,2022-05-26T00:00:00,,,අධික වර්ෂාපතනය,,,,6.814284,80.88572
Landslide,L,NBRO/LRRMD-BDL/BDU/HALI-E/LI/22/0238,BDU220239,Badulla,Hali-Ela,2022-01-13T00:00:00,Pahamunuthota,55D,"ඇටම්පිටිය, උඩගම, පාළුගම්තලාව","ඇටම්පිටිය, උඩගම, පාළුගම්තලාව",,2022-01-29T00:00:00,,,,,,,6.93452,80.984641
Landslide,L,NBRO/LRRMD-BDL/BDU/HALI-E/LI/22/0262,BDU220263,Badulla,Hali-Ela,2022-01-04T00:00:00,Jangulla,77B,"කැන්දගොල්ල ගෙදර, ජගුල්ල, හාලිඇල","කැන්දගොල්ල ගෙදර, ජගුල්ල, හාලිඇල",,2022-01-11T00:00:00,2021-12-28T00:00:00,23:00,වර්ෂාව,,,,6.998123,81.009896
Landslide,L,NBRO/LRRMD-BDL/BDU/HALI-E/LI/22/0263,BDU220264,Badulla,Hali-Ela,2022-01-03T00:00:00,Bulathwatta,86A,"වසමේ උඩ අරාව, බැද්දේකුඹුර, ස්ප්‍රිංවැලි","වසමේ උඩ අරාව, බැද්දේකුඹුර, ස්ප්‍රිංවැලි",,2022-01-04T00:00:00,,,,,,,6.936321,81.088231
Landslide,L,NBRO/LRRMD-BDL/BDU/HALI-E/LI/22/0268,BDU220269,Badulla,Hali-Ela,2022-03-23T00:00:00,Ketawala,75C,"හෙලවත්ත, කැටවල, ලන්දේවෙල","හෙලවත්ත, කැටවල, ලන්දේවෙල",,2022-04-21T00:00:00,,,,,,,6.99497,81.01621
Landslide,L,NBRO/LRRMD-BDL/BDU/HALI-E/LI/22/0289,BDU220290,Badulla,Hali-Ela,2022-05-27T00:00:00,Niliathugoda,56E,"නෙළුවවත්ත, ඇටම්පිටිය","නෙළුවවත්ත, ඇටම්පිටිය",,2022-06-02T00:00:00,,,,,,,6.93061,81.00965
Landslide,L,NBRO/LRRMD-BDL/BDU/HALI-E/LI/22/0290,BDU220291,Badulla,Hali-Ela,2022-05-27T00:00:00,Niliathugoda,56E,"නෙළුවවත්ත අංක 08 පේළි නිවාසය, නෙළුවවත්ත, ඇටම්පිටිය","නෙළුවවත්ත අංක 08 පේළි නිවාසය, නෙළුවවත්ත, ඇටම්පිටිය",,2022-06-02T00:00:00,,,,,,,6.93061,81.00965
Landslide,L,NBRO/LRRMD-BDL/BDU/PASSAR/LI/22/0317,BDU220318,Badulla,Passara,2022-05-27T00:00:00,Maussagolla West,87A,"කිතුල්හේන, මාඋස්සාගොල්ල","කිතුල්හේන, මාඋස්සාගොල්ල",,2022-06-03T00:00:00,,,,,,,6.91398,81.13032
Landslide,L,NBRO/LRRMD-BDL/BDU/PASSAR/LI/22/0319,BDU220320,Badulla,Passara,2022-05-18T00:00:00,Maussagolla East,87F,"කීනගහයටගෙදර, මාඋස්සාගොල්ල","කීනගහයටගෙදර, මාඋස්සාගොල්ල",,2022-06-03T00:00:00,,,,,,,6.90908,81.13819
Landslide,L,NBRO/LRRMD-BDL/BDU/ELLA/LI/22/0354,BDU220355,Badulla,Ella,2022-01-31T00:00:00,Pupula,72C,"ඇල්ල, හෙලපුපුල, කුලුගැහැල්ල","ඇල්ල, හෙලපුපුල, කුලුගැහැල්ල",,2021-11-16T00:00:00,2021-10-29T00:00:00,,අධික වර්ෂාව,,,,6.841645,81.020566
Landslide,L,NBRO/LRRMD-BDL/BDU/ELLA/LI/22/0367,BDU220368,Badulla,Ella,2022-02-09T00:00:00,Pupula,72C,"නහවිල වත්ත, මැද කොටස","නහවිල වත්ත, මැද කොටස",,2022-03-01T00:00:00,,,,,,,6.889433,81.102035
Landslide,L,NBRO/LRRMD-BDL/BDU/HALDUM/LI/22/0407,BDU220408,Badulla,Haldummulla,2022-01-01T00:00:00,Marangahawela,158F,"වැවේකුඹුර, මරoගහවෙල","වැවේකුඹුර, මරංගහවෙල",,2022-02-02T00:00:00,,,,,,,6.749989,80.83262
Landslide,L,NBRO/LRRMD-BDL/BDU/HALDUM/LI/22/0408,BDU220412,Badulla,Haldummulla,2022-01-01T00:00:00,Kalupahana,158,"වලකඩ, පුස්සැල්ලාව, කළුපහණ","වලකඩ, පුස්සැල්ලාව, කළුපහණ",,2022-01-01T00:00:00,,,,,,,6.7620117,80.8566515
Landslide,L,NBRO/LRRMD-BDL/BDU/HAPUTA/LI/22/0471,BDU221023,Badulla,Haputale,2022-03-24T00:00:00,Glenanore,64F,"ග්ලැනෝර් වත්ත, හපුතලේ.","ග්ලැනෝර් වත්ත, හපුතලේ.",හපුතලේ නගරයේ සිට බොරලන්ද මාර්ගයේ බොරලන්ද දෙසට  කිලෝමීටර් 5 පමණ ගමන් කිරීමෙන් හමුවන ග්ලනොර් වත්ත,2022-08-17T00:00:00,,,,,,,6.781177,80.924786
Landslide,L,NBRO/LRRMD-BDL/BDU/PASSAR/LI/22/0489,BDU221081,Badulla,Passara,2022-10-14T00:00:00,Wewekele,87G,වැවේකැලේ,"ඇඳනුගේ පතන, වැවේකැලේ, පස්සර",පස්සර-නමුණුකුල මාර්ගයේ ක්ලබ් මංසන්ධියෙන් පිහිටි කන්දහේන මාර්ගයේ මීටර 500 ක් පමණ ගමන් කිරීමේදී මා,2022-10-11T00:00:00,,,,,,,6.880993,81.124286
Landslide,L,NBRO/LRRMD-BDL/BDU/WELIMA/LI/22/0520,BDU221155,Badulla,Welimada,2022-11-01T00:00:00,Medagedaragama,59C,"අන්ජලී, දඹවින්න, වැලිමඩ","අන්ජලී, දඹවින්න, වැලිමඩ",වැලිමඩ හපුතලේ මාර්ගයේගම වැලිමඩ සිට කිලෝමීටර් 3ක් පමණ හපුතලේ දෙසට ගමන් කිරීමෙන් හමු වන මැදගෙදරග,2022-11-09T00:00:00,,,,,,,6.886635,80.918715
Landslide,L,NBRO/LRRMD-BDL/BDU/WELIMA/LI/22/0521,BDU221156,Badulla,Welimada,2022-11-08T00:00:00,Divithotawela,59D,"වින්ඩි කිඩ්ස් පෙර පාසල ,දිවිතොටවෙල, වැලිමඩ","වින්ඩි කිඩ්ස් පෙර පාසල ,දිවිතොටවෙල, වැලිමඩ",,2022-11-09T00:00:00,,,,,,,6.90432,80.91641
Landslide,L,NBRO/LRRMD-BDL/BDU/WELIMA/LI/22/0581,BDU221238,Badulla,Welimada,2022-11-30T00:00:00,Udakendagolla,62J,,"K.R නන්දකුමාර,නායබුන්න,උඩ කැන්දගොල්ල",,2022-11-16T00:00:00,,,,,,,6.8655,80.91957
Landslide,L,NBRO/LRRMD-BDL/BDU/WELIMA/LI/22/0582,BDU221239,Badulla,Welimada,2022-11-30T00:00:00,Rathkarawwa,62,,,,2022-11-16T00:00:00,,,,,,,6.80441,80.91151
Landslide,L,NBRO/LRRMD-BDL/BDU/WELIMA/LI/22/0594,BDU221262,Badulla,Welimada,2022-11-16T00:00:00,Galedanda,62C,,,,2022-11-16T00:00:00,,,,,,,6.82186,80.92508
Landslide,L,NBRO/LRRMD-BDL/BDU/UVA-PA/LI/22/0437,BDU221375,Badulla,Uva-Paranagama,2022-09-07T00:00:00,Gampaha,38C,"ගම්පහවත්ත උඩ කොටස, උඩපුස්සැල්ලාව","ගම්පහවත්ත උඩ කොටස, උඩපුස්සැල්ලාව",වැලිමඩ නගරයේ සිට උඩපුස්සැල්ලාව මාර්ගයේ (B471) ලූණවත්ත නගරය පසුකොට 9 km ක් පමණ ගමන් කිරීමෙන් අදාළ ස්ථා,2022-05-05T00:00:00,2022-03-10T00:00:00,,,,,,6.99135,80.92925
Landslide,L,NBRO/LRRMD-BDL/BDU/SORANA/LI/22/0457,BDU221396,Badulla,Soranathota,2022-03-11T00:00:00,Soranathota,28,"සංස්කෘතික මධ්‍යස්ථානය, සොරණාතොට","සංස්කෘතික මධ්‍යස්ථානය, සොරණාතොට",,2022-06-22T00:00:00,2021-12-15T00:00:00,,පැවති අධික වර්ෂාව,,,,7.026662,81.0445185
Landslide,L,NBRO/LRRMD-BDL/BDU/LUNUGA/LI/23/0619,BDU230009,Badulla,Lunugala,2022-12-27T00:00:00,Yapamma,94B,කීණගොඩ - මහාදෝව මාර්ගය,,,2022-10-25T00:00:00,,,,,,,7.009106,81.19408
Landslide,L,NBRO/LRRMD-BDL/BDU/ELLA/LI/23/0002,BDU230044,Badulla,Ella,2023-01-12T00:00:00,Dowa,69D,"අංක 222, අලුත්ගම, බිදුණුවැව.",,,2022-11-10T00:00:00,,,,,,,6.850581,81.010378
Landslide,L,NBRO/LRRMD-BDL/BDU/UVA-PA/LI/23/0016,BDU230074,Badulla,Uva-Paranagama,2023-01-19T00:00:00,Lunuwatta,41B,"දමයන්ති, ඇත්කඳවක, ලුණුවත්ත.","දමයන්ති, ඇත්කඳවක, ලුණුවත්ත.",,2022-12-30T00:00:00,,,,,,,6.95767,80.91439
Landslide,L,NBRO/LRRMD-BDL/BDU/UVA-PA/LI/23/0017,BDU230075,Badulla,Uva-Paranagama,2023-01-19T00:00:00,Thuppitiya,40,"මල්මාන, ගංදෙනිය ගම, ඇටම්පිටිය.",,,2023-08-25T00:00:00,,,,,,,6.97376,80.97908
Landslide,L,NBRO/LRRMD-BDL/BDU/UVA-PA/LI/23/0019,BDU230077,Badulla,Uva-Paranagama,2023-01-19T00:00:00,Panagoda,40A,"ලියන්ගහවෙල, පනාගොඩ, බඹරපාන.","ලියන්ගහවෙල, පනාගොඩ, බඹරපාන.",,2022-08-25T00:00:00,,,,,,,6.97035,80.96847
Landslide,L,NBRO/LRRMD-BDL/BDU/MEEGAH/LI/23/0020,BDU230078,Badulla,Meegahakivula,2023-01-19T00:00:00,Pitamaruwa,16A,"පිටමාරුව, සූරියගොල්ල, පහළතැන්න.","පිටමාරුව, සූරියගොල්ල, පහළතැන්න.",,2022-12-14T00:00:00,,,,,,,7.10351,81.13629
Landslide,L,NBRO/LRRMD-BDL/BDU/SORANA/LI/23/0030,BDU230139,Badulla,Soranathota,2023-02-07T00:00:00,Idamegama,27B,"හාල් අරාවත්ත, උඩඅරාවේ කුබුර.","හාල් අරාවත්ත, උඩඅරාවේ කුබුර.",,2023-01-18T00:00:00,,,,,,,7.025187,81.021915
Landslide,L,NBRO/LRRMD-BDL/BDU/BADULL/LI/23/0047,BDU230177,Badulla,Badulla,2023-02-15T00:00:00,Glen Alpin Estate,80H,"වේවැස්ස වතුයාය, අංක 8/6, ඉහල කොටස.","වේවැස්ස වතුයාය, අංක 8/6, ඉහල කොටස.",බදුල්ල නගරයේ සිට බදුල්ල-පස්සර මාර්ගයේ 6km ක් පමණ ගමන් කිරීමේදී හමුවන වේවැස්ස අතුරු මාර්ගයේ 1km ක් පම,2023-02-14T00:00:00,,,,,,,6.958281,81.114085
Landslide,L,NBRO/LRRMD-BDL/BDU/WELIMA/LI/23/0071,BDU230296,Badulla,Welimada,2023-03-08T00:00:00,Welimada Town,52A,"වැලිමඩ මධ්‍ය මහා විද්‍යාලය,වැලිමඩ.","වැලිමඩ මධ්‍ය මහා විද්‍යාලය,වැලිමඩ.",බදුල්ල - වැලිමඩ මාරගයේ බදුල්ලේ සිට කිලෝමීටර් 30 පමණ වැලිමඩ දෙසට ගමන් කිරීමෙන් මෙම ස්ථානයට ළඟාවිය,2023-03-02T00:00:00,,,ස්ථානියව සිදු වූ තැන්පත් වීම් (settlements),,,,6.90728,80.91945
Landslide,L,NBRO/LRRMD-BDL/BDU/HALI-E/LI/23/0073,BDU230313,Badulla,Hali-Ela,2023-03-31T00:00:00,Deegalla,75A,"මිල්ලබැද්ද නිවස, ඌව දීගල්ල.",,,2023-03-11T00:00:00,,,,,,,6.97332,81.004032
Landslide,L,NBRO/LRRMD-BDL/BDU/HALI-E/LI/23/0085,BDU230328,Badulla,Hali-Ela,2023-04-05T00:00:00,Godegama,84B,"ගොඩේගම, එගොඩවත්ත.","203, අමර නිවස, සිල්පොලගම",,2022-05-26T00:00:00,2022-05-25T00:00:00,,,,,,6.9549,81.056371
Landslide,L,NBRO/LRRMD-BDL/BDU/HALI-E/LI/23/0151,BDU230504,Badulla,Hali-Ela,2023-06-20T00:00:00,Kokatiyamaluwa,77A,"බොරගොල්ල අරාව, වෑගම, නාරංගල.",,,2023-03-01T00:00:00,,,,,,,7.010771,81.004102
Landslide,L,NBRO/LRRMD-BDL/BDU/PASSAR/LI/23/0177,BDU230550,Badulla,Passara,2023-06-27T00:00:00,Madugasthalawa North,19,ගොඩබිම කුඹුරුයාය,,,2023-06-07T00:00:00,2023-05-04T00:00:00,,,,,,7.000928,81.141863
Landslide,L,NBRO/LRRMD-BDL/BDU/WELIMA/LI/23/0220,BDU230672,Badulla,Welimada,2023-08-09T00:00:00,Ohiya Estate,62K,"ආගරපතන වැවිලි සමාගම,ඔහියවත්ත","ආගරපතන වැවිලි සමාගම,ඔහියවත්ත",,2023-07-27T00:00:00,,,,,,,6.791919,80.863773
Landslide,L,NBRO/LRRMD-BDL/BDU/BADULL/LI/23/0233,BDU230757,Badulla,Badulla,2023-08-04T00:00:00,Pitawelagama,78L,"අංක 15/2, බුලත්වත්ත පටුමග, පිටවෙලගම, බදුල්ල","අංක 15/2, බුලත්වත්ත පටුමග, පිටවෙලගම, බදුල්ල",බදුල්ල නගරයේ සිට ඉහළ අලුත් ඇල මාර්ගයේ ගමන් කිරීමේදී හමුවන බටුවත්ත මාර්ගයේ 700 m ක් පමණ ගමන් කළ යුතු,2023-09-01T00:00:00,,,,,,,6.9996218,81.050849
Landslide,L,NBRO/LRRMD-BDL/BDU/WELIMA/LI/23/0239,BDU230799,Badulla,Welimada,2023-09-13T00:00:00,Gavaramana,49E,"වක්කඩහින්න, කැප්පෙටිපොල.","වක්කඩහින්න, කැප්පෙටිපොල.",වැලිමඩ නගරයේ සිට වැලිමඩ-නුවරඑළිය මාර්ගයේ ගමන් කිරීමේදී හමුවන පාදිනාවෙල - වක්කඩහින්න මාර්ගයේ 4 km,2023-09-12T00:00:00,,,,,,,6.894319,80.857414
Landslide,L,NBRO/LRRMD-BDL/BDU/WELIMA/LI/23/0240,BDU230800,Badulla,Welimada,2023-09-13T00:00:00,Maligathenna,62G,"බෝවත්ත, ඉදල්ගස්හින්න.","බෝවත්ත, ඉදල්ගස්හින්න.","බොරලන්ද නගරයේ සිට ඉදල්ගස්හින්න මාර්ගයේ කිලෝමීටර් 9 ක් පමණ ගමන් කිරීමේදී බෝවවත්ත, බෝව කොටස තුල පර",2023-09-12T00:00:00,,,,,,,6.784593,80.900182
Landslide,L,NBRO/LRRMD-BDL/BDU/WELIMA/LI/23/0265,BDU230918,Badulla,Welimada,2023-10-13T00:00:00,Alakolagala,49D,රේන්දපොල හන්දිය සිට අඹේවෙල දක්වා මාර්ගය,රේන්දපොල හන්දිය සිට අඹේවෙල දක්වා මාර්ගය,වැලිමඩ නගරයේ සිට වැලිමඩ-නුවරඑළිය මාර්ගයේ ගමන් කිරීමේදී හමුවන  රේන්දපොල මංසන්ධියේ සිට අඹේවෙල දක,2023-10-13T00:00:00,2023-10-13T00:00:00,03:00,අධික වර්ෂාව සමග කන්දෙඇලෙහි පිටාර කානුවෙහි ජලය පහල බෑවුම දෙසට අවිධිමත්ව බැහැර වීම,,,141.8,6.905294,80.828838
Landslide,L,NBRO/LRRMD-BDL/BDU/WELIMA/LI/23/0274,BDU230936,Badulla,Welimada,2023-10-20T00:00:00,Divrumgama,48A,"අංක 159,දිවුරුම්ගම,නුගතලාව","අංක 159,දිවුරුම්ගම,නුගතලාව",වැලිමඩ-නුවරඑළිය මාර්ගයේ නුගතලාව මංසන්ධියේ සිට ජයසුරිය මාවතේ දිවුරුම්ගම වෙත පැමිණිය යුතු අතර ප,2023-10-18T00:00:00,2023-10-17T00:00:00,20:30,අධික වර්ෂාව,,,,6.9100233,80.8824567
Landslide,L,NBRO/LRRMD-BDL/BDU/HALDUM/LI/23/0275,BDU230937,Badulla,Haldummulla,2023-10-20T00:00:00,Kotabakma,155D,"කොටබක්ම,මීරියබැද්ද",,,2023-10-19T00:00:00,,,,,,,6.76155,81.02348
Landslide,L,NBRO/LRRMD-BDL/BDU/HALDUM/LI/23/0282,BDU230956,Badulla,Haldummulla,2023-10-18T00:00:00,Ranasinghegama,155H,බෙරගල - කොස්ලන්ද මාර්ගය මහගල (194km කණුව අසල),බෙරගල - කොස්ලන්ද මාර්ගය මහගල (194km කණුව අසල),-,2023-10-12T00:00:00,2023-10-12T00:00:00,,අධික වර්ෂාව,,,,6.754119,80.994224
Landslide,L,NBRO/LRRMD-BDL/BDU/HAPUTA/LI/23/0292,BDU230979,Badulla,Haputale,2023-11-03T00:00:00,Galkanda,64E,ගල්කන්ද මුතුවාන වත්ත,"මුතුවාන වත්ත, හපුතලේ",,2023-10-27T00:00:00,,,,,,,6.753114,80.963839
Landslide,L,NBRO/LRRMD-BDL/BDU/ELLA/LI/23/0299,BDU230987,Badulla,Ella,2023-11-03T00:00:00,Ella,68B,"ප්‍රාදේශීය සභාව ඉදිරිපිට, ඇල්ල","ප්‍රාදේශීය සභාව ඉදිරිපිට, ඇල්ල",-,2023-11-01T00:00:00,,,,,,,6.87528,81.0474828
Landslide,L,NBRO/LRRMD-BDL/BDU/HALI-E/LI/23/0303,BDU230991,Badulla,Hali-Ela,2023-10-30T00:00:00,Hapuwalakumbura,73A,"පහළ වැල්ගොල්ල, දෙමෝදර","පහළ වැල්ගොල්ල, දෙමෝදර",උඩුවර 6 කණුව මංසන්ධියේ සිට වැල්ගොල්ල මාර්ගයේ 2km ක් පමණ ගමන් කල යුතුය.,2023-11-01T00:00:00,,,,,,,6.921679,81.047962
Landslide,L,NBRO/LRRMD-BDL/BDU/HALDUM/LI/23/0319,BDU231031,Badulla,Haldummulla,2023-11-06T00:00:00,Moraketiya,155E,"හෙළගෙදර, හල්දුම්මුල්ල",,,0001-01-01T00:00:00,,,,,,,6.739992,80.958999
Landslide,L,NBRO/LRRMD-BDL/BDU/WELIMA/LI/23/0324,BDU231037,Badulla,Welimada,2023-11-10T00:00:00,Maligathenna,62G,"රෙඩ් හිල් කොටස, බෝවවත්ත, ඉදල්ගස්හින්න","රෙඩ් හිල් කොටස, බෝවවත්ත, ඉදල්ගස්හින්න","බොරලන්ද නගරයේ සිට ඉදල්ගස්හින්න මාර්ගයේ කිලෝමීටර් 9ක් පමණ ගමන් කිරීමේදී බෝවවත්ත, රෙඩ් හිල් කොටස",2023-11-16T00:00:00,,,,,,,6.7868014,80.903625
Landslide,L,NBRO/LRRMD-BDL/BDU/HALDUM/LI/23/0335,BDU231080,Badulla,Haldummulla,2023-11-02T00:00:00,Kalupahana,158,"නායමඩිත්ත ප්‍රදේශයේ, බෙරගල - කොළඹ ප්‍රධාන මාර්ගය",,,2023-12-06T00:00:00,,,,,,,6.766461,80.846764
Landslide,L,NBRO/LRRMD-BDL/BDU/ELLA/LI/23/0354,BDU231115,Badulla,Ella,2023-11-21T00:00:00,Karandagolla,69A,"ගස් මුදුන ප්‍රදේශය, කන්දේවිහාර පාර, උමාඔය ව්‍යාපෘති මාර්ගය",,,2023-11-23T00:00:00,,,,,,,6.817076,81.07919
Landslide,L,NBRO/LRRMD-BDL/BDU/HAPUTA/LI/23/0355,BDU231117,Badulla,Haputale,2023-11-20T00:00:00,Glenanore,64F,"ග්ලැනනෝර් වතුයායේ, B කොටසේ, අංක 10 පේලි නිවාස",,,2023-11-21T00:00:00,,,,,,,6.788342,80.913471
Landslide,L,NBRO/LRRMD-BDL/BDU/HALDUM/LI/23/0360,BDU231122,Badulla,Haldummulla,2023-11-24T00:00:00,Poonagala,155P,"පූනාගල වතුයාය, ගල්බොක්ක කොටස, හල්දුම්මුල්ල",,,2023-11-26T00:00:00,2023-11-22T00:00:00,,,,,,6.778463,81.058942
Landslide,L,NBRO/LRRMD-BDL/BDU/ELLA/LI/23/0361,BDU231123,Badulla,Ella,2023-11-17T00:00:00,Karandagolla,69A,"මලිත්තගොල්ල, කරඳගොල්ල, ඇල්ල",,,2023-11-23T00:00:00,,,,,,,6.822541,81.077767
Landslide,L,NBRO/LRRMD-BDL/BDU/HALDUM/LI/23/0363,BDU231125,Badulla,Haldummulla,2023-10-31T00:00:00,Viharagala,157G,"රාමක්‍රිෂ්ණ වත්ත ඉහළ කොටස, විහාරගල, හල්දුම්මුල්ල",,,2023-10-31T00:00:00,,,,,,,6.768316,80.932226
Landslide,L,NBRO/LRRMD-BDL/BDU/HALDUM/LI/23/0364,BDU231131,Badulla,Haldummulla,2023-11-24T00:00:00,Koslanda,155A,කොස්ලන්ද - වැල්ලවාය ප්‍රධාන මාර්ගයට ආසන්න ඉහළ බෑවුම,,,2023-11-24T00:00:00,,,,,,,6.734992,81.025391
Landslide,L,NBRO/LRRMD-BDL/BDU/HALDUM/LI/23/0365,BDU231132,Badulla,Haldummulla,2023-12-10T00:00:00,Kelipanawela,155M,"කලිපානාවෙල, කොස්ලන්ද","කලිපානාවෙල, කොස්ලන්ද",,2023-12-15T00:00:00,2023-12-09T00:00:00,16:00,,,,,6.724812,81.012489
Landslide,L,NBRO/LRRMD-BDL/BDU/HALDUM/LI/23/0382,BDU231166,Badulla,Haldummulla,2023-12-10T00:00:00,Kotabakma,155D,"කොටබක්ම, කොස්ලන්ද","කොටබක්ම, කොස්ලන්ද",,0001-01-01T00:00:00,,,,,,,6.7353062,81.0054783
Landslide,L,NBRO/LRRMD-BDL/BDU/HALDUM/LI/23/0385,BDU231173,Badulla,Haldummulla,2023-11-26T00:00:00,Poonagala,155P,"L.L.G කොටස, ලුණුගල","L.L.G කොටස, ලුණුගල",පූනගල සිංහල විද්‍යාලයේ සිට ක්ෂේත්‍ර අංක 16හි පිහිටි පේළි නිවාස 01 හා 02 වෙත ඇති ප්‍රවේශ මාර්ගය ඔස්සේ,2023-11-26T00:00:00,,,අධික වර්ෂාව සමඟ ඇති වූ අස්ථවරවීම්,,,,6.779927,81.046223
Landslide,L,NBRO/LRRMD-BDL/BDU/HALDUM/LI/23/0386,BDU231188,Badulla,Haldummulla,2023-11-06T00:00:00,Marangahawela,158F,"වැවේකුඹුර, මරංගහවෙල, හල්දුම්මුල්ල",,,2023-11-14T00:00:00,2023-12-06T00:00:00,,,,,,6.748806,80.833214
Landslide,L,NBRO/LRRMD-BDL/BDU/HALDUM/LI/23/0400,BDU231196,Badulla,Haldummulla,2023-11-07T00:00:00,Kithulgahaarawa,158E,"රුක්අත්තන, කිතුල්ගහඅරාව, හල්දුම්මුල්ල",,,2023-11-07T00:00:00,2023-11-03T00:00:00,,,,,,6.7571001,80.882625
Landslide,L,NBRO/LRRMD-BDL/BDU/UVA-PA/LI/23/0401,BDU231197,Badulla,Uva-Paranagama,2023-11-24T00:00:00,Thelhawadigama,46E,"රණහින්න, තෙල්හවඩිගම, මැදවෙල, උඩුකිඳ","රණහින්න, තෙල්හවඩිගම, මැදවෙල, උඩුකිඳ",,2023-11-23T00:00:00,2023-11-22T00:00:00,,අධික වර්ෂාපතනය අවිධිමත් භුමි පරිහරණය,,,,6.921546,80.856805
Landslide,L,NBRO/LRRMD-BDL/BDU/HALDUM/LI/23/0405,BDU231201,Badulla,Haldummulla,2023-11-06T00:00:00,Beragala,157B,"නීඩ්වුඩ් නව ගම්මානය, බත්ගොඩ","නීඩ්වුඩ් නව ගම්මානය, බත්ගොඩ",බදුල්ල - කොළඹ ප්‍රධාන මාර්ගයේ 179km - 180km අතර ප්‍රධාන මාර්ගයෙන් ඉහළ බෑවුම් කලාපය තුළ පරික්ෂිත නිවාස පි,2023-11-06T00:00:00,2023-11-05T00:00:00,,අධික වර්ෂාපතනය,,,,6.764844,80.901835
Landslide,L,NBRO/LRRMD-BDL/BDU/PASSAR/LI/23/0407,BDU231203,Badulla,Passara,2023-12-07T00:00:00,Thennuge,88D,"13 කණුව, පොල්ගහලන්ද කොටස, බිබිල පාර, පස්සර","13 කණුව, පොල්ගහලන්ද කොටස, බිබිල පාර, පස්සර",පස්සර නගරයේ සිට පස්සර-ලුණුගල මාර්ගයේ 3 km ක් පමණ ගමන් කල යුතුය,2023-12-07T00:00:00,2023-12-06T00:00:00,,-,,,,6.93902,81.166466
Landslide,L,NBRO/LRRMD-BDL/BDU/PASSAR/LI/24/0005,BDU240005,Badulla,Passara,2024-01-01T00:00:00,Tholabowatta,90,"තේ ශක්ති (අරුණ) තේ කර්මාන්තශාලාවට පහළින්, පස්සර - බඩල්කුඹුර ප්‍රධාන මාර්ගයේ 4/6 පාලම අසල",,,2024-01-02T00:00:00,,,,,,,6.941105,81.192145
Landslide,L,NBRO/LRRMD-BDL/BDU/MEEGAH/LI/24/0007,BDU240007,Badulla,Meegahakivula,2024-01-02T00:00:00,Thaldena,23,"බදුලුඔය කුඩා පරිමාණ ජල විදුලි බලාගාරය, කරකොලේ, මාලියද්ද, කන්දකැටිය, බදුල්ල","බදුලුඔය කුඩා පරිමාණ ජල විදුලි බලාගාරය, කරකොලේ, මාලියද්ද, කන්දකැටිය, බදුල්ල",බදුල්ල-මහියංගන මාර්ගයේ තල්දෙන දක්වා ගමන් කර ගල්ගේලන්ද මාර්ගයේ 2.5 km ක් පමණ ගමන් කල යුතුය,2024-01-04T00:00:00,2024-01-01T00:00:00,20:30,අධික වර්ෂාපතනය,,,,7.108403,81.041253
Landslide,L,NBRO/LRRMD-BDL/BDU/HALDUM/LI/24/0008,BDU240008,Badulla,Haldummulla,2024-01-08T00:00:00,Moraketiya,155E,නිකපොත තලාහේන හන්දියට ආසන්නව,"තලාහේන හන්දිය, නිකපොත",,2023-12-17T00:00:00,2023-12-16T00:00:00,,,,,,6.736077,80.969303
Landslide,L,NBRO/LRRMD-BDL/BDU/LUNUGA/LI/24/0010,BDU240020,Badulla,Lunugala,2024-01-01T00:00:00,Maduwatta,90C,"පැරණි කර්මාන්තශාලාව, “බී” කොටස, හොප්ටන්","පැරණි කර්මාන්තශාලාව, “බී” කොටස, හොප්ටන්",පස්සර - ලුණුගල මාර්ගයේ ගමන්කර 19 කණුව ප්‍රදේශයෙන් හොප්ටන් “බී” කොටස දෙසට ඇති ප්‍රවේශ මාර්ගයේ ගමන,2024-01-08T00:00:00,2023-12-29T00:00:00,,අධික වර්ෂාව,,,,6.9733877,81.2004122
Landslide,L,NBRO/LRRMD-BDL/BDU/LUNUGA/LI/24/0014,BDU240024,Badulla,Lunugala,2024-01-01T00:00:00,Madulsima,89C,"ඩුමෝවත්ත, මඩොල්සිම","ඩුමෝවත්ත, මඩොල්සිම",මඩොල්සිම මැටිගහතැන්න මාර්ගයේ ගමන් කිරීමේදී ඩුමෝවත්ත ප්‍රදේශයෙන් ක්ෂේත්‍ර අංක 04 පේළි නිවාස වෙත,2024-01-01T00:00:00,2023-12-02T00:00:00,,අධික වර්ෂාව,,,,7.0514847,81.1546356
Landslide,L,NBRO/LRRMD-BDL/BDU/LUNUGA/LI/24/0016,BDU240026,Badulla,Lunugala,2024-01-05T00:00:00,Wewabedda,18A,"වෑබැද්ද, ලුණුගල","වෑබැද්ද, ලුණුගල",පස්සර මැටිගහතැන්න මාර්ගය ඔස්සේ වෑබැද්ද වෙත ගමන් කළ යුතුය,2024-01-08T00:00:00,2024-01-03T00:00:00,,අධික වර්ෂාව,,,,7.03739368,81.1605515
Landslide,L,NBRO/LRRMD-BDL/BDU/PASSAR/LI/24/0021,BDU240032,Badulla,Passara,2024-01-10T00:00:00,Kudugala Pathana,90D,"“ඒ” කොටස (පහළ), ඩැමේරියා “බී” වතුයාය, මීදුම්පිටිය","“ඒ” කොටස (පහළ), ඩැමේරියා “බී” වතුයාය, මීදුම්පිටිය",මීදුම්පිටිය නගරයෙන් ඩැමේරියා “බී” – “ඒ” කොටස වෙත ඇති ප්‍රවේශ මාර්ගයේ ගමන් කළ යුතුය.,2024-01-11T00:00:00,2024-01-09T00:00:00,,අධික වර්ෂාව,,,,6.9482054,81.2027491
Landslide,L,NBRO/LRRMD-BDL/BDU/PASSAR/LI/24/0022,BDU240033,Badulla,Passara,2024-01-10T00:00:00,Kudugala Pathana,90D,"කැන්දගහමඩපතන, අක්කර 96, මීදුම්පිටිය","කැන්දගහමඩපතන, අක්කර 96, මීදුම්පිටිය",මීදුම්පිටිය ඩැමේරියා තේ කම්හළ ආසන්නයේ ඇති ප්‍රවේශ මාර්ගයෙන් කැන්දගහමඩපතන වෙත ගමන් කළයුතුය,2024-01-11T00:00:00,2024-01-07T00:00:00,,අධික වර්ෂාව,,,,6.9383223,81.2002512
Landslide,L,NBRO/LRRMD-BDL/BDU/PASSAR/LI/24/0023,BDU240034,Badulla,Passara,2024-01-02T00:00:00,Kanahela,88A,"දළුකොටුව, පස්සර","දළුකොටුව, පස්සර",පස්සර නගර මධ්‍යයේ පිහිටා ඇති නගරසභාවට අයත් නව සාප්පු සංකීර්ණය හා ඊට පහළින් ඇති දළුකොටුව ග්‍රාම,2024-01-11T00:00:00,2023-12-30T00:00:00,,අධික වර්ෂාව,,,,6.9355469,81.1535858
Landslide,L,NBRO/LRRMD-BDL/BDU/LUNUGA/LI/24/0024,BDU240035,Badulla,Lunugala,2024-01-12T00:00:00,Maduwatta,90C,"හොප්ටන්, කාංචනා මාවත",,,2024-01-13T00:00:00,2024-01-11T00:00:00,,,,,,6.980549,81.206896
Landslide,L,NBRO/LRRMD-BDL/BDU/PASSAR/LI/24/0026,BDU240038,Badulla,Passara,2024-01-02T00:00:00,Tholabowatta,90,"තොල්බෝවත්ත, 4 කණුව, ගමේවෙල, පස්සර","තොල්බෝවත්ත, 4 කණුව, ගමේවෙල, පස්සර",පස්සර-මොණරාගල මාර්ගයේ මොණරාගල දෙසට ගමන්කරනවිට හමුවන තොලබෝවත්ත ජයන්ති විද්‍යාලය පසුකොට මද දුර,2024-01-07T00:00:00,2023-12-29T00:00:00,,අධික වර්ෂාව,,,,6.9281945,81.1971674
Landslide,L,NBRO/LRRMD-BDL/BDU/LUNUGA/LI/24/0027,BDU240039,Badulla,Lunugala,2024-01-02T00:00:00,Udapanguwa,94,"අඩාවත්ත වතුයාය, උද්‍යාන කොටස",,,2024-01-13T00:00:00,,,,,,,7.049519,81.213179
Landslide,L,NBRO/LRRMD-BDL/BDU/ELLA/LI/24/0042,BDU240101,Badulla,Ella,2024-01-01T00:00:00,Pupula,72C,"කොටබක්ම, කොස්ලන්ද","කොටබක්ම, කොස්ලන්ද",හෙළපුපුල ශ්‍රී බෝධිඥානාරාමය අසලින් ඇති මාර්ගයේ ගවරවෙල දෙසට කිලෝමීටරයකට ආසන්න දුරක් ගමන් කළ යු,2024-01-05T00:00:00,2023-12-29T00:00:00,23:30,අධික වර්ෂාව,,,,6.8854954,81.091263
Landslide,L,NBRO/LRRMD-BDL/BDU/LUNUGA/LI/24/0055,BDU240129,Badulla,Lunugala,2024-01-03T00:00:00,Arawakumbura,94C,"අරවකුඹුර, ලුණුගල","අරවකුඹුර, ලුණුගල",ලුණුගල බිබිල මාර්ගයේ අරවකුඹුර ප්‍රදේශයට ගමන් කළ යුතුය,2024-01-08T00:00:00,2024-01-01T00:00:00,,අධික වර්ෂාව,,,,7.0859503,81.2138594
Landslide,L,NBRO/LRRMD-BDL/BDU/HAPUTA/LI/24/0081,BDU240199,Badulla,Haputale,2024-02-26T00:00:00,Haputhale Town,63A,හපුතලේ වල්ගහවෙල මාර්ගයේ මීටර 600-700 අතර කොටස ආශ්‍රිතව ක්‍රියාකාරී වී ඇති නායයාම,,,2024-02-13T00:00:00,,,,,,,6.768787,80.955351
Landslide,L,NBRO/LRRMD-BDL/BDU/BANDAR/LI/24/0082,BDU240200,Badulla,Bandarawela,2024-02-27T00:00:00,Bandarawela West,65B,"අංක 42/3, වරකාරොද වත්ත, වැලිමඩ පාර, බණ්ඩාරවෙල",,,2024-01-09T00:00:00,,,,,,,6.834498,80.981473
Landslide,L,NBRO/LRRMD-BDL/BDU/BADULL/LI/24/0088,BDU240224,Badulla,Badulla,2024-01-16T00:00:00,Kendagolla,81,"දිවැස්නැල්ල, කැන්දගොල්ල, බදුල්ල","දිවැස්නැල්ල, කැන්දගොල්ල, බදුල්ල",,2024-02-06T00:00:00,,,,,,,6.998159,81.113566
Landslide,L,NBRO/LRRMD-BDL/BDU/LUNUGA/LI/24/0093,BDU240234,Badulla,Lunugala,2024-02-07T00:00:00,Arawakumbura,94C,"කොහිලඇල්ල, අරවකුඹුර, ලුණුගල","කොහිලඇල්ල, අරවකුඹුර, ලුණුගල",,0001-01-01T00:00:00,,,දැඩි වර්ෂාපතනය,,,,7.0816463,81.205904
Landslide,L,NBRO/LRRMD-BDL/BDU/BADULL/LI/24/0118,BDU240268,Badulla,Badulla,2024-01-01T00:00:00,Malangamuwa,80G,"පරණ ස්ටෝරුව, විනීතගම, බදුල්ල","පරණ ස්ටෝරුව, විනීතගම, බදුල්ල",බදුල්ල - පස්සර මාර්ගයේ ගමන් කිරීමේදී හමුවන 2 කණුව මංසන්ධියේ සිට තෙල්බැද්ද මාර්ගයේ කිලෝමීටරයක් ප,2024-01-01T00:00:00,2023-12-30T00:00:00,,අධික වර්ෂාව,,,,6.980946,81.089842
Landslide,L,NBRO/LRRMD-BDL/BDU/HALDUM/LI/24/0141,BDU240338,Badulla,Haldummulla,2024-03-06T00:00:00,Haldummulla,157A,"ඉන්දික සෙවන, හල්දුම්මුල්ල",,,2024-03-06T00:00:00,,,,,,,6.76279,80.88326
Landslide,L,NBRO/LRRMD-BDL/BDU/HALDUM/LI/24/0152,BDU240393,Badulla,Haldummulla,2024-01-01T00:00:00,Kotabakma,155D,"කොටබක්ම, හල්දුම්මුල්ල",,,2023-12-17T00:00:00,,,,,,,6.732449,81.002754
Landslide,L,NBRO/LRRMD-BDL/BDU/PASSAR/LI/24/0157,BDU240414,Badulla,Passara,2024-01-12T00:00:00,Nikebedda,89H,"නිකේබැද්ද වසමේ, නිකේබැද්ද ගම් කොටසේ සහ ගංගොඩ ගම, ගම් කොටසේ","10 කණුව හන්දිය, නිකේබැද්ද, පැල්ගහතැන්න",පස්සර-බදුල්ල මාර්ගයෙන් ආගරතැන්න-වැල්ගොල්ල-උඩගම මාර්ගයේ කිලෝමීටර 3ක් පමණ ගමන් කිරීමේදී අදාල පරී,2024-04-06T00:00:00,,,අධික වර්ශාපතනය,,,,6.965928,81.137181
Landslide,L,NBRO/LRRMD-BDL/BDU/HAPUTA/LI/24/0163,BDU240431,Badulla,Haputale,2024-01-01T00:00:00,Haputhale Town,63A,"නිදහස් සමරු මාවත, බදුල්ල පාර, හපුතලේ",,,2023-11-26T00:00:00,2023-11-22T00:00:00,,,,,,6.770824,80.962868
Landslide,L,NBRO/LRRMD-BDL/BDU/HALI-E/LI/24/0166,BDU240444,Badulla,Hali-Ela,2024-01-10T00:00:00,Hapuwalakumbura,73A,කොලඹ - බදුල්ල ප්‍රධාන මාර්ගයේ 33 සහ 34  කි.මි. කණු අතර උඩුවර 7 කණුව ප්‍රදේශයේ,කොලඹ - බදුල්ල ප්‍රධාන මාර්ගයේ 33 සහ 34  කි.මි. කණු අතර උඩුවර 7 කණුව ප්‍රදේශයේ,කොළඹ - බදුල්ල ප්‍රධාන මාර්ගයේ 33 සහ 34 කි.මි. කණු අතර උඩුවර 7 කණුව ප්‍රදේශයේ බෝක්කු අංක 33/8 අසල පරික්ෂිත,2024-01-10T00:00:00,2024-01-09T00:00:00,21:30,අධික වර්ෂාව,,24.0,66.5,6.9202265,81.055832
Landslide,L,NBRO/LRRMD-BDL/BDU/LUNUGA/LI/24/0210,BDU240507,Badulla,Lunugala,2024-05-03T00:00:00,Alakolagala,94E,"27 කණුව, ලුූණුගල බිබිල ප්‍රධාන මාර් ගය",,,0001-01-01T00:00:00,,,,,,,7.057883,81.205177
Landslide,L,NBRO/LRRMD-BDL/BDU/HALDUM/LI/24/0218,BDU240522,Badulla,Haldummulla,2024-05-08T00:00:00,Beragala,157B,"අංක 33, බත්ගොඩ, හල්දුම්මුල්ල",,,2023-11-14T00:00:00,,,,,,,6.761986,80.904914
Landslide,L,NBRO/LRRMD-BDL/BDU/BADULL/LI/24/0295,BDU240712,Badulla,Badulla,2024-01-01T00:00:00,Malangamuwa,80G,"මලංගමුව , විනිතගම, බදුල්ල","මලංගමුව , විනිතගම, බදුල්ල",බදුල්ල - පස්සර මාර්ගයේ ගමන් කිරීමේදී හමුවන 2 කණුව මංසන්ධියේ සිට තෙල්බැද්ද මාර්ගයේ කිලෝමීටරයක් ප,2024-02-15T00:00:00,2023-12-30T00:00:00,,අධික වර්ෂාව,,,,6.981966,81.091512
Landslide,L,NBRO/LRRMD-BDL/BDU/HALDUM/LI/24/0396,BDU240978,Badulla,Haldummulla,2024-01-01T00:00:00,Walhaputhenna,157H,වල්හපුතැන්න,"ආනන්ද මධ්‍ය මහා විද්‍යාලය, වල්හපුතැන්න",,2024-07-02T00:00:00,,,,,,,6.7633,80.8701
Landslide,L,NBRO/LRRMD-BDL/BDU/PASSAR/LI/24/0433,BDU241092,Badulla,Passara,2024-07-04T00:00:00,Gonagolla East,88I,"ගිඟුරුවත්ත, ගෝනගල, පස්සර","ගිඟුරුවත්ත, ගෝනගල, පස්සර",බදුල්ල - පස්සර මාර්ගයේ 9 කණුව අසලින් පිහිටි අතුරු මාර්ගයේ ගමන් කිරීමේදී පහත GPS ඛණ්ඩාංක වලින් දැක්,2024-07-24T00:00:00,,,-,,,,6.93338279,81.143803
Landslide,L,NBRO/LRRMD-BDL/BDU/HALDUM/LI/24/0454,BDU241216,Badulla,Haldummulla,2024-01-01T00:00:00,Marangahawela,158F,"දෙවුරැන්දේ ආර, මරංගහවෙල",,,2024-07-02T00:00:00,2023-12-16T00:00:00,,,,,,6.75836,80.833683
Landslide,L,NBRO/LRRMD-BDL/BDU/ELLA/LI/24/0473,BDU241244,Badulla,Ella,2024-01-12T00:00:00,Hettipola,69G,"කිනලන් වතුයාය, හෙට්ටිපොල",,,2024-01-12T00:00:00,2024-01-11T00:00:00,,,,,,6.866781,81.034061
Landslide,L,NBRO/LRRMD-BDL/BDU/HALDUM/LI/24/0479,BDU241252,Badulla,Haldummulla,2024-07-01T00:00:00,Poonagala,155P,"පූනාගල, කබරගල",,,2024-07-09T00:00:00,,,,,,,6.756171,81.042516
Landslide,L,NBRO/LRRMD-BDL/BDU/ELLA/LI/24/0484,BDU241291,Badulla,Ella,2024-01-08T00:00:00,Hettipola,69G,"කිනලන් වතුයාය, හෙට්ටිපොල",,,2024-01-12T00:00:00,,,,,,,6.869225,81.034631
Landslide,L,NBRO/LRRMD-BDL/BDU/HALDUM/LI/24/0542,BDU241508,Badulla,Haldummulla,2024-07-30T00:00:00,Poonagala,155P,"කබරගල කොටස, පූනාගල වත්ත",,,2024-07-30T00:00:00,,,,,,,6.732449,81.002754
Landslide,L,NBRO/LRRMD-BDL/BDU/MEEGAH/LI/24/0583,BDU241633,Badulla,Meegahakivula,2024-11-28T00:00:00,Ketawatta,21A,"කැටවත්ත, මීගහකිවුල",,,2024-11-28T00:00:00,2024-11-26T00:00:00,,,,,,7.1071451,81.0814158
Landslide,L,NBRO/LRRMD-BDL/BDU/MEEGAH/LI/24/0584,BDU241634,Badulla,Meegahakivula,2024-11-28T00:00:00,Polwatta,16D,"පොල්වත්ත, මීගහකිවුල","D.M. Ariyarathna, Polgoda, kalugahakandura",,2024-11-28T00:00:00,2024-11-26T00:00:00,,Pepper plantation land is completely destroyed. Meegahakivula-pitamaruwa road at high risk,,,,7.1142852,81.1093351
Landslide,L,NBRO/LRRMD-BDL/BDU/MEEGAH/LI/24/0588,BDU241638,Badulla,Meegahakivula,2024-11-28T00:00:00,Ellekanda,16C,"ඇල්ලන්ද, මීගහකිවුල","වත්තේගෙදර, කොලොන්ගහයට, බොගහතැන්න, කලුගහකදුර",,2024-11-28T00:00:00,2024-11-26T00:00:00,,,,,,7.06983,81.11102
Landslide,L,NBRO/LRRMD-BDL/BDU/LUNUGA/LI/24/0592,BDU241642,Badulla,Lunugala,2024-11-27T00:00:00,Metigahathenne,18,"29KM කණුව අසල, මැටිගහතැන්න මාර්ගය, මඩොල්සිම, පස්සර",,,0001-01-01T00:00:00,,,,,,,7.074004,81.160887
Landslide,L,NBRO/LRRMD-BDL/BDU/ELLA/LI/24/0610,BDU241713,Badulla,Ella,2024-11-27T00:00:00,Halpe,68,"නාදඬුහින්න, හල්පෙ",,,2024-11-27T00:00:00,2024-11-26T00:00:00,,,,,,6.893902,81.04395
Landslide,L,NBRO/LRRMD-BDL/BDU/HALI-E/LI/24/0616,BDU241724,Badulla,Hali-Ela,2024-12-18T00:00:00,Uduwara,73,බදුල්ල - කොළඹ දුම්රිය මාර්ගයේ සැතපුම් 174+ දම්වැල් 56 ස්ථානය,,,2024-11-26T00:00:00,2024-11-25T00:00:00,,,,,,6.924853,81.053319
Landslide,L,NBRO/LRRMD-BDL/BDU/BADULL/LI/25/0021,BDU250095,Badulla,Badulla,2025-01-27T00:00:00,Wewessa,80J,"වේවැස්ස වත්ත උඩ කොටසේ, අංක 03 පේළි නිවස ආසන්නව",,,2025-01-21T00:00:00,,,,,,,6.963818,81.098093
Landslide,L,NBRO/LRRMD-BDL/BDU/LUNUGA/LI/25/0053,BDU250160,Badulla,Lunugala,2025-02-06T00:00:00,Janathapura North,95A,ජනතාපුර පණ්ඩිගොඩ අතුරු මාර්ගය,ජනතාපුර බණ්ඩිගොඩ අතුරු මාර්ගය,-,2025-02-05T00:00:00,,,,,,,7.0710486,81.1762673
Landslide,L,NBRO/LRRMD-BDU/BDU/SORANA/LI/25/0082,BDU250240,Badulla,Soranathota,2025-02-19T00:00:00,Kohovila,26,"අංක 05,මඩුගහ පිටිය,කොහොවිල.","අංක 05, මඩුගහපිටිය, කොහොවිල",,2025-02-18T00:00:00,,,,,,,7.023313,81.0466432
Landslide,L,NBRO/LRRMD-BDL/BDU/MEEGAH/LI/25/0093,BDU250303,Badulla,Meegahakivula,2025-03-03T00:00:00,Pitamaruwa,16A,"පොළඟබැද්දේ ගෙදර,පිටමාරුව.","පොළඟබැද්දේ ගෙදර,පිටමාරුව.",,2024-11-25T00:00:00,,,,,,,7.1231956,81.1309184
Landslide,L,NBRO/LRRMD-BDL/BDU/HALI-E/LI/25/0114,BDU250332,Badulla,Hali-Ela,2025-03-10T00:00:00,Dematawelhinna,82B,දෙමටවැල්හින්න ප්‍රදේශයේ සිදු වී තිබෙන භූ අස්ථාවරතාව,"දෙමටවැල්හින්න, බදුල්ල",-,2025-03-01T00:00:00,2025-03-01T00:00:00,,-,,,,6.974723,81.057337
Landslide,L,NBRO/LRRMD-BDL/BDU/ELLA/LI/25/0131,BDU250388,Badulla,Ella,2025-03-20T00:00:00,Karandagolla,69A,ඇල්ල - වැල්ලවාය මාර්ග්ගයේ2 කණුව ආශ්‍රිත ප්‍රදේශයේ සිදු වී තිබෙන භූ අස්ථාවරතාව,"කරදගොල්ල, ඇල්ල",,0001-01-01T00:00:00,2025-03-13T00:00:00,21:30,,,,,6.841996,81.067873
Landslide,L,NBRO/LRRMD-BDL/BDU/HALI-E/LI/25/0138,BDU250411,Badulla,Hali-Ela,2025-01-22T00:00:00,Godegama,84B,"මොරගොල්ල වත්ත, උණගොල්ල කොටස, හාලිඇල",,,2025-02-17T00:00:00,,,,,,,6.9525462,81.0565452
Landslide,L,NBRO/LRRMD-BDL/BDU/LUNUGA/LI/25/0196,BDU250659,Badulla,Lunugala,2025-03-17T00:00:00,Milabedda,90A,"අංක 12, අත්කම් නිවාස පාර, මිල්ලබැද්ද පාර, හොප්ටන්",,,2025-03-27T00:00:00,,,,,,,6.964674,81.194579
Landslide,L,NBRO/LRRMD-BDL/BDU/HALI-E/LI/25/0232,BDU250760,Badulla,Hali-Ela,2025-05-28T00:00:00,Kurukude,57C,කුරුකුදේ ගම්මානයට පවතින ප්‍රවේශ මාර්ගය,කුරුකුදේ ගම්මානයට පවතින ප්‍රවේශ මාර්ගය,-,2025-05-20T00:00:00,2025-04-25T00:00:00,,"අධික වර්ෂාපතනය, අවිධිමත් භූමි පරිහරණය සහ ස්වභාවික භූ විද්‍යාත්මක, භූ රූපණ තත්වයන්",,,,6.877302,80.966038
Landslide,L,NBRO/LRRMD-BDL/BDU/HALDUM/LI/25/0276,BDU250952,Badulla,Haldummulla,2025-07-03T00:00:00,Viharagala,157G,"රාම ක්‍රිෂ්ණා වත්ත, ක්ෂ්‍රේත්‍ර අංක 03, අංක 04 පේළි නිවස",,,2024-11-20T00:00:00,,,,,,,6.767545,80.927767
Landslide,L,NBRO/LRRMD-BDL/BDU/HALI-E/LI/25/0420,BDU251859,Badulla,Hali-Ela,2025-11-18T00:00:00,Medagama,84,"සිරි නිවස, එගොඩවත්ත, රිල්පොල, බදුල්ල.","“සිරි නිවස”, එගොඩවැලිවත්ත, රිල්පොල, බදුල්ල",,2025-06-06T00:00:00,2025-04-28T00:00:00,13:00,අධික වර්ෂාපතනය,,,,6.9538282,81.0686034
Landslide,L,NBRO/LRRMD-CMB/CMB/KOLONN/LI/19/0001,CMB190002,Colombo,Kolonnawa,2019-06-18T00:00:00,Halmulla,509C,"Kotuwila,  Wellampitiya","Kotuwila,  Wellampitiya",,2019-07-05T00:00:00,2018-06-29T00:00:00,,River Bank Erosion,,,,6.950905,79.89584
Landslide,L,NBRO/LRRMD-CMB/CMB/SEETHA/LI/20/0137,CMB200090,Colombo,Seethawaka,2020-09-24T00:00:00,Kotahera,432D,"Rathnapura Road, Kotahera, Awissawella","Rathnapura Road, Kotahera, Awissawella",,2020-09-05T00:00:00,,,,,,,6.94466,80.214677
Landslide,L,NBRO/LRRMD-GLE/GLE/THAWAL/LI/20/0011,GLE200011,Galle,Thawalama,2020-12-01T00:00:00,Opatha East,229,"දොළදෙවැට, ඕපාත, අකුරැස්ස","දොළදෙවැට, ඕපාත, අකුරැස්ස",,2021-02-17T00:00:00,,,,,,,6.26509,80.415672
Landslide,L,NBRO/LRRMD-GLE/GLE/THAWAL/LI/20/0012,GLE200012,Galle,Thawalama,2020-11-30T00:00:00,Opatha West,229C,"පන්සල අසල,වැල්ලේ කොරටුව, ඕපාත","පන්සල අසල,වැල්ලේ කොරටුව, ඕපාත",,2021-02-17T00:00:00,,,,,,,6.269777,80.411771
Landslide,L,NBRO/LRRMD-GLE/GLE/THAWAL/LI/20/0013,GLE200013,Galle,Thawalama,2020-11-06T00:00:00,Habarakada East,230,"හබරකඩ නැගෙනහිර, වැටකෙයියාව","හබරකඩ නැගෙනහිර, වැටකෙයියාව",,2021-02-17T00:00:00,,,,,,,6.352308,80.347816
Landslide,L,NBRO/LRRMD-GLE/GLE/RATHGA/LI/20/0129,GLE200128,Galle,Rathgama,2020-09-15T00:00:00,Mawadavila,49A,"නිසල උයන, මාවඩවිල, රත්ගම","නිසල උයන, මාවඩවිල, රත්ගම",,2020-12-17T00:00:00,,,,,,,6.121195,80.154576
Landslide,L,NBRO/LRRMD-GLE/GLE/YAKKLM/LI/20/0197,GLE200196,Galle,Yakkalamulla,2020-08-31T00:00:00,Nakiyadeniya,179A,"නාකියාදෙණිය, තලංගගහවත්ත","නාකියාදෙණිය, තලංගගහවත්ත",,2020-09-17T00:00:00,,,,,,,6.153884,80.347977
Landslide,L,NBRO/LRRMD-GLE/GLE/THAWAL/LI/21/0214,GLE210216,Galle,Thawalama,2021-05-17T00:00:00,Ela Ihala,230B,"හබරකඩ, තවලම","හබරකඩ, තවලම",,2021-05-17T00:00:00,,,,,,,6.361914,80.300847
Landslide,L,NBRO/LRRMD-GLE/GLE/NELUWA/LI/21/0226,GLE210228,Galle,Neluwa,2021-01-13T00:00:00,Lankagama,234A,"වතුගල, ලංකාගම, දෙනියාය","වතුගල, ලංකාගම, දෙනියාය",,2021-01-13T00:00:00,,,,,,,6.37248,80.47752
Landslide,L,NBRO/LRRMD-GLE/GLE/NELUWA/LI/21/0228,GLE210230,Galle,Neluwa,2021-01-13T00:00:00,Dewalegama East,235A,දෙල්ලව තේ කර්මාන්ත ශාලාව,දෙල්ලව තේ කර්මාන්ත ශාලාව,,2021-01-13T00:00:00,,,,,,,6.32342,80.43311
Landslide,L,NBRO/LRRMD-GLE/GLE/NELUWA/LI/21/0263,GLE210265,Galle,Neluwa,2021-06-07T00:00:00,Pahala Gigummaduwa,231D,"තබලිංගම, 2 කණුව, මාවනාන, නෙළුව","තබලිංගම, 2 කණුව, මාවනාන, නෙළුව",,2021-07-05T00:00:00,,,,,,,6.3419724,80.3579607
Landslide,L,NBRO/LRRMD-GLE/GLE/NIYAGA/LI/21/0398,GLE210400,Galle,Niyagama,2021-11-11T00:00:00,Amaragama,31B/2,"ගල්කඩුල්ල, අමරගම","ගල්කඩුල්ල, අමරගම",,2021-11-16T00:00:00,,,,,,,6.303611,80.212222
Landslide,L,NBRO/LRRMD-GLE/GLE/HIKKAD/LI/21/0494,GLE210496,Galle,Hikkaduwa,2021-01-15T00:00:00,Nalagasdeniya,59C,"ගුණ සෙවන, බද්දේගම පාර, හික්කඩුව","ගුණ සෙවන, බද්දේගම පාර, හික්කඩුව",,2021-02-01T00:00:00,,,,,,,6.139458,80.108391
Landslide,L,NBRO/LRRMD-GLE/GLE/GALLFG/LI/23/0056,GLE230471,Galle,Galle Four Gravets,2023-05-17T00:00:00,Dangedara West,98D,"මහින්ද විදුහල, වුඩ්වඩ් මාවත, ගාල්ල","මහින්ද විදුහල, වුඩ්වඩ් මාවත, ගාල්ල",ගාල්ල නගරයේ එලියට් මාවතේ පිහිටා ඇත.,2023-09-27T00:00:00,,,,,,,6.049441,80.215586
Landslide,L,NBRO/LRRMD-GLE/GLE/ELPITI/LI/24/0001,GLE240012,Galle,Elpitiya,2024-01-01T00:00:00,Igala East,26D,"විනිසුරු නිල නිවස, ඇල්පිටිය","විනිසුරු නිල නිවස, ඇල්පිටිය",,2024-01-02T00:00:00,,,අධික වර්ෂාව,,,,6.291907,80.164765
Landslide,L,NBRO/LRRMD-MTR/HAB/KATUWN/LI/16/0002,HAB160002,Hambantota,Katuwana,2016-03-02T00:00:00,Alupothdeniya Pahala,522,"උඩඅළුපොත්දෙණිය, වල්ගම්ගොඩ",,,0001-01-01T00:00:00,,,,,,,6.3005,80.694033
Landslide,L,NBRO/LRRMD-MTR/HAB/WEERAK/LI/17/0003,HAB170004,Hambantota,Weeraketiya,2017-08-23T00:00:00,Buddhiyagama East,391,"මහානාග මාවත , කොන්දගල කන්ද , බුද්ධියගම/ නැගෙනහිර",,,0001-01-01T00:00:00,,,,,,,6.13726,80.765067
Landslide,L,NBRO/LRRMD-MTR/HAB/WALASM/LI/17/0009,HAB170010,Hambantota,Walasmulla,2017-10-04T00:00:00,Thalapathkanda,565,"කිතුල්පිටිය හේන, තලපත්කන්ද, රම්මල, වරාපිටිය",,,0001-01-01T00:00:00,,,,,,,6.22118,80.62296
Landslide,L,NBRO/LRRMD-MTR/HAB/WALASM/LI/17/0012,HAB170013,Hambantota,Walasmulla,2017-10-04T00:00:00,Thalapathkanda,565,"කිතුල්පිටිහේන, තලපත්කන්ද, රම්මල, වරාපිටිය",,,0001-01-01T00:00:00,,,,,,,6.22118,80.62296
Landslide,L,NBRO/LRRMD-MTR/HAB/BELIAT/LI/17/0025,HAB170026,Hambantota,Beliatta,2017-02-28T00:00:00,Getamanna West,337,නාරංදෙනියහේන,,,0001-01-01T00:00:00,,,,,,,6.03658,80.6772
Landslide,L,NBRO/LRRMD-MTR/HAB/BELIAT/LI/17/0026,HAB170027,Hambantota,Beliatta,2017-08-15T00:00:00,Mihindupura,364,"කටකලගහවත්ත, මල්පලාව, මිහිදුපුර, බෙලිඅත්ත",,,0001-01-01T00:00:00,,,,,,,6.02972,80.73736
Landslide,L,NBRO/LRRMD-MTR/HAB/WALASM/LI/18/0014,HAB180014,Hambantota,Walasmulla,2018-05-25T00:00:00,Saputhanthirikanda,561,සපුතන්ත්‍රිකන්ද,,,0001-01-01T00:00:00,,,,,,,6.23456,80.63422
Landslide,L,NBRO/LRRMD-MTR/HAB/WALASM/LI/18/0015,HAB180015,Hambantota,Walasmulla,2018-05-16T00:00:00,Rammala,562,‍රම්මල පියවර - 1,,,0001-01-01T00:00:00,,,,,,,6.24088,80.64201
Landslide,L,NBRO/LRRMD-MTR/HAB/WALASM/LI/18/0027,HAB180027,Hambantota,Walasmulla,2018-06-28T00:00:00,Dehigahahena,564,කබරගල කන්දේ තැන්නහේන ප්‍රදේශය,,,0001-01-01T00:00:00,,,,,,,6.20924,80.61695
Landslide,L,NBRO/LRRMD-MTR/HAB/KATUWN/LI/18/0042,HAB180042,Hambantota,Katuwana,2018-11-29T00:00:00,Karivilakanda,527,"කරිවිල කන්ද, කටුවන",,,0001-01-01T00:00:00,,,,,,,6.30128,80.66329
Landslide,L,NBRO/LRRMD-MTR/HAB/TANGAL/LI/18/0048,HAB180048,Hambantota,Tangalle,2018-10-05T00:00:00,Seenimodara East,296,"නාකුළුගමුව, සීනිමෝදර",,,0001-01-01T00:00:00,,,,,,,6.004631,80.748
Landslide,L,NBRO/LRRMD-MTR/HAB/WALASM/LI/21/0045,HAB210050,Hambantota,Walasmulla,2021-03-24T00:00:00,Keredeniya,560,"තුරු සෙවන රෙස්ටූරන්ට්, රම්මල, වරාපිටිය",,,0001-01-01T00:00:00,,,,,,,6.231,80.64198
Landslide,L,NBRO/LRRMD-KLT/KAL/BULATS/LI/17/0056,KAL170061,Kalutara,Bulathsinhala,2017-06-02T00:00:00,Yatagampitiya,823,"Yatagampitiya, Galketiya","Yatagampitiya, Galketiya",,0001-01-01T00:00:00,,,,,,,6.638216,80.207
Landslide,L,NBRO/LRRMD-KLT/KAL/BULATS/LI/17/0060,KAL170065,Kalutara,Bulathsinhala,2017-11-03T00:00:00,Udugalakanda,821G,"Udugalakanda, Dewana piyawara","Udugalakanda, Dewana piyawara",,0001-01-01T00:00:00,,,,,,,6.668002,80.203437
Landslide,L,NBRO/LRRMD-KLT/KAL/PALIND/LI/17/0079,KAL170084,Kalutara,Palindanuwara,2017-10-30T00:00:00,Kapugedara,836C,"Uduwankanda, Molkawa","Uduwankanda, Molkawa",,0001-01-01T00:00:00,,,,,,,6.57763,80.26087
Landslide,L,NBRO/LRRMD-KLT/KAL/BULATS/LI/17/0133,KAL170138,Kalutara,Bulathsinhala,2017-06-30T00:00:00,Demodarawatta,819E,"Ilukketiya, Kanda para","Ilukketiya, Kanda para",,0001-01-01T00:00:00,,,,,,,6.613468,80.173314
Landslide,L,NBRO/LRRMD-KLT/KAL/PALIND/LI/17/0178,KAL170183,Kalutara,Palindanuwara,2017-05-27T00:00:00,Batahena,838A,"Batahena, Morapitiya","Batahena, Morapitiya",,0001-01-01T00:00:00,,,,,,,6.4949879,80.27915
Landslide,L,NBRO/LRRMD-KLT/KAL/PALIND/LI/17/0210,KAL170215,Kalutara,Palindanuwara,2017-05-27T00:00:00,Bellana East,834A,Mawathawatta,Mawathawatta,,0001-01-01T00:00:00,,,,,,,6.523342,80.19805
Landslide,L,NBRO/LRRMD-KLT/KAL/MADURW/LI/17/0226,KAL170231,Kalutara,Madurawela,2017-06-21T00:00:00,Ihalagoda,815C,"Dodaiwatta, Na halla","Dodaiwatta, Na halla",,0001-01-01T00:00:00,,,,,,,6.608698,80.112531
Landslide,L,NBRO/LRRMD-KLT/KAL/BULATS/LI/19/0022,KAL190022,Kalutara,Bulathsinhala,2019-08-01T00:00:00,Thennahena,824D,"Siridola, Mahagama","Kiriwanaketiya Waththa, Siridola, Mahagama",,2021-04-19T00:00:00,,,,,,,6.594728,80.19869
Landslide,L,NBRO/LRRMD-KLT/KAL/BULATS/LI/19/0117,KAL190117,Kalutara,Bulathsinhala,2019-06-27T00:00:00,Niggaha,823A,"නිග්ගහ,බුලත්සිංහල",,,2019-06-27T00:00:00,,,,,,,6.6527277,80.2356776
Landslide,L,NBRO/LRRMD-KLT/KAL/BULATS/LI/19/0118,KAL190118,Kalutara,Bulathsinhala,2019-06-06T00:00:00,Delmella,821A,"මගුරුහේන,සමඟිපුර,දෙල්මෑල්ල",,,2019-06-06T00:00:00,,,,,,,6.6734985,80.2137519
Landslide,L,NBRO/LRRMD-KLT/KAL/BULATS/LI/19/0133,KAL190133,Kalutara,Bulathsinhala,2019-02-21T00:00:00,Muduna,819G,"ගමගේ වත්ත,මහගම",,,2019-02-21T00:00:00,,,,,,,6.5892246,80.1713541
Landslide,L,NBRO/LRRMD-KLT/KAL/WALALL/LI/19/0140,KAL190140,Kalutara,Walallavita,2019-05-08T00:00:00,Ihala Hewessa,843,"පළතුරු උද්‍යානය, ඉහළ හෙවෙස්ස, පිටිගල",,,2019-05-08T00:00:00,,,,,,,6.355942,80.289996
Landslide,L,NBRO/LRRMD-KLT/KAL/WALALL/LI/19/0143,KAL190143,Kalutara,Walallavita,2019-07-23T00:00:00,Walallavita East,787,"සේමිණී, වලල්ලාවිටිය",,,2019-07-23T00:00:00,,,,,,,6.374073,80.191575
Landslide,L,NBRO/LRRMD-KLT/KAL/PALIND/LI/19/0158,KAL190158,Kalutara,Palindanuwara,2019-06-18T00:00:00,Diganna,836N,"දිගන්න,මොරපිටිය",,,2019-06-18T00:00:00,,,,,,,6.510104,80.314133
Landslide,L,NBRO/LRRMD-KLT/KAL/PANADU/LI/20/0001,KAL200001,Kalutara,Panadura,2020-12-02T00:00:00,Walana,679,"No. 100/2A, Jayathunga Mawatha, Walana Road.","No. 100/2A, Jayathunga Mawatha, Walana Road.",,2020-12-22T00:00:00,,,,,,,6.7302,79.907334
Landslide,L,NBRO/LRRMD-KLT/KAL/BULATS/LI/20/0060,KAL200060,Kalutara,Bulathsinhala,2020-03-06T00:00:00,Delmella,821A,"Delmalla North, Bulathsinhala","Delmalla North, Bulathsinhala",,2021-02-08T00:00:00,,,,,,,6.698039,80.20599
Landslide,L,NBRO/LRRMD-KLT/KAL/BULATS/LI/20/0099,KAL200099,Kalutara,Bulathsinhala,2020-10-12T00:00:00,Halwathura,822A,"Thippala, Halwathura, Bulathsinhala","Thippala, Halwathura, Bulathsinhala",,2020-12-04T00:00:00,,,,,,,6.705021,80.199424
Landslide,L,NBRO/LRRMD-KLT/KAL/PALIND/LI/21/0340,KAL210322,Kalutara,Palindanuwara,2021-06-06T00:00:00,Yakupitiya,834D,"යකුපිටිය,පාලින්දනුවර",,,2021-06-06T00:00:00,,,,,,,6.508133,80.199258
Landslide,L,NBRO/LRRMD-KLT/KAL/INGIRI/LI/21/0404,KAL210386,Kalutara,Ingiriya,2021-06-03T00:00:00,Nambapana,619A,"22 කණුව,නම්බපාන, ඉංගිරිය",,,2021-06-03T00:00:00,,,,,,,6.734184,80.199308
Landslide,L,NBRO/LRRMD-KLT/KAL/PALIND/LI/23/0091,KAL230185,Kalutara,Palindanuwara,2023-02-23T00:00:00,Ambegoda,836M,"අඹේගොඩ, අත්වැල්තොට, මොරපිටිය",,,2023-02-23T00:00:00,,,,,,,6.556757,80.2792
Landslide,L,NBRO/LRRMD-KLT/KAL/BULATS/LI/23/0123,KAL230222,Kalutara,Bulathsinhala,2023-05-22T00:00:00,Ihala Kudaligama,817,"ඉහළ කුඩලිගම, නෑබඩ",,,2023-08-10T00:00:00,,,,,,,6.586557,80.123248
Landslide,L,NBRO/LRRMD-KLT/KAL/BULATS/LI/23/0162,KAL230271,Kalutara,Bulathsinhala,2023-06-14T00:00:00,Paragoda East,825A,"තිරිවානගල්ගොඩ, පරගොඩ, බුලත්සිංහල",,,2023-09-20T00:00:00,,,,,,,6.6247569,80.2553469
Landslide,L,NBRO/LRRMD-KLT/KAL/PALIND/LI/23/0272,KAL230418,Kalutara,Palindanuwara,2023-09-06T00:00:00,Lathpandura,835,"ලත්පදුර, පාලින්දනුවර",,,2023-09-27T00:00:00,2023-06-04T00:00:00,,අධික වර්ෂාපතනය සහ ස්වභාවික භූ රූපණ,,,,6.5248236,80.208762
Landslide,L,NBRO/LRRMD-KLT/KAL/BULATS/LI/23/0381,KAL230552,Kalutara,Bulathsinhala,2023-12-19T00:00:00,Paragoda East,825A,"බටහේන, පරගොඩ, බුලත්සිංහල",,,2023-12-19T00:00:00,,,,,,,6.6331331,80.226437
Landslide,L,NBRO/LRRMD-KLT/KAL/BULATS/LI/24/0071,KAL240117,Kalutara,Bulathsinhala,2024-04-08T00:00:00,Paragoda East,825A,"හීන්පන්දල, පරගොඩ, බුලත්සිංහල.","හීන්පන්දල, පරගොඩ, බුලත්සිංහල",,2024-04-09T00:00:00,,,,,,,6.6356544,80.2198824
Landslide,L,NBRO/LRRMD-KLT/KAL/PALIND/LI/24/0111,KAL240168,Kalutara,Palindanuwara,2024-05-14T00:00:00,Athwelthota,836D,-,,,2024-05-16T00:00:00,,,අධික වර්ෂාපතනය සහ අවිධිමත් භූමි පරිහරණය,,,,6.5330572,80.2790285
Landslide,L,NBRO/LRRMD-KLT/KAL/AGALAW/LI/24/0163,KAL240240,Kalutara,Agalawatta,2024-06-02T00:00:00,Ridirekhagama,832B,ශ්‍රී ලංකා රබර් පර්යේෂණ මධ්‍යස්ථානයේ ඔලියකන්ද නව වගා ක්‍ෂේත්‍රය,"ශ්‍රී ලංකා රබර් පර්යේෂණ ආයතනය, ඔලියකන්ද, අගලවත්ත.",,2024-06-02T00:00:00,2024-06-02T00:00:00,09:00,අධික වර්ෂාපතනය සහ අක්‍රමවත් ජල පරිවහනය,,,,6.512458,80.166094
Landslide,L,NBRO/LRRMD-KLT/KAL/BULATS/LI/24/0239,KAL240357,Kalutara,Bulathsinhala,2024-05-27T00:00:00,Niggaha,823A,"නිග්ගහ,බුලත්සිංහල.",,,2024-09-22T00:00:00,,,,,,,6.651207,80.234276
Landslide,L,NBRO/LRRMD-KLT/KAL/BULATS/LI/24/0322,KAL240479,Kalutara,Bulathsinhala,2024-12-02T00:00:00,Niggaha,823A,"Niggaha, Bulathsinhala",,,2024-12-10T00:00:00,,,,,,,6.6449262,80.2304422
Landslide,L,NBRO/LRRMD-KLT/KAL/PALIND/LI/24/0330,KAL240488,Kalutara,Palindanuwara,2024-06-14T00:00:00,Bellana,834,Bellana,,,0001-01-01T00:00:00,,,,,,,6.5187248,80.1866626
Landslide,L,NBRO/LRRMD-KLT/KAL/BULATS/LI/24/0348,KAL240506,Kalutara,Bulathsinhala,2024-10-30T00:00:00,Bogahawatta,819D,"බෝගහවත්ත, මහගම, බුලත්සිංහල",,,2024-10-15T00:00:00,,,අධික වර්ෂාපතනය සහ අවිධිමත් භූමි පරිහරණය,,,,6.6052912,80.148486
Landslide,L,NBRO/LRRMD-KLT/KAL/AGALAW/LI/24/0458,KAL240620,Kalutara,Agalawatta,2024-09-06T00:00:00,Udawela,828,"උඩවෙල, කණ්ඩගල, අගලවත්ත","උඩවෙල, කණ්ඩගල, අගලවත්ත",,2025-03-04T00:00:00,,,,,,,6.561698,80.146598
Landslide,L,NBRO/LRRMD-KLT/KAL/WALALL/LI/24/0467,KAL240629,Kalutara,Walallavita,2024-10-11T00:00:00,Halwalakele Malwathukanda,848C,"දොඩම්පාපිටිය, හලවල්කැලේ, වලල්ලාවිට","දොඩම්පාපිටිය, හලවල්කැලේ, වලල්ලාවිට",,2025-03-12T00:00:00,,,සක්‍රීය වීමක් සිදුව නොමැත,,,,6.434239,80.155521
Landslide,L,NBRO/LRRMD-KLT/KAL/PALIND/LI/24/0485,KAL240647,Kalutara,Palindanuwara,2024-08-29T00:00:00,Yakupitiya,834D,"යකුපිටිය,පාලින්දනුවර",,,2025-04-08T00:00:00,,,,,,,6.50389,80.199685
Landslide,L,NBRO/LRRMD-KLT/KAL/PALIND/LI/24/0503,KAL240666,Kalutara,Palindanuwara,2024-06-10T00:00:00,Maragahadeniya,835C,"මාරගහදෙනිය, බදුරලිය",,,2025-05-26T00:00:00,,,,,,,6.544956,80.22403
Landslide,L,NBRO/LRRMD-KLT/KAL/PALIND/LI/24/0504,KAL240667,Kalutara,Palindanuwara,2024-06-14T00:00:00,Diganna,836N,"දිගන්න, පාලින්දනුවර",,,2025-05-26T00:00:00,,,,,,,6.541952,80.286942
Landslide,L,NBRO/LRRMD-KLT/KAL/PALIND/LI/24/0524,KAL240687,Kalutara,Palindanuwara,2024-06-14T00:00:00,Bellana East,834A,"බෙල්ලන, පාලින්දනුවර","බෙල්ලන, පාලින්දනුවර",,2025-05-15T00:00:00,,,,,,,6.531652,80.189226
Landslide,L,NBRO/LRRMD-KLT/KAL/BULATS/LI/25/0031,KAL250070,Kalutara,Bulathsinhala,2025-03-06T00:00:00,Kobawaka South,813B,"ප්‍ර‍ොසෙස්ටර් වත්ත,කොබවක, ගෝවින්න","ප්‍ර‍ොසෙස්ටර් වත්ත,කොබවක, ගෝවින්න",,2025-03-26T00:00:00,,,,,,,6.675636,80.14144
Landslide,L,NBRO/LRRMD-KLT/KAL/WALALL/LI/25/0038,KAL250088,Kalutara,Walallavita,2025-02-03T00:00:00,Uthumgama,790A,"දොඩම්පාපිටිය ,උතුම්ගම ,වලල්ලාවිට","දොඩම්පාපිටිය ,උතුම්ගම ,වලල්ලාවිට",,0001-01-01T00:00:00,,,අධික වර්ෂාපතනය සහ අවිධිමත් භූමි පරිහරණය,,,,6.434101,80.141377
Landslide,L,NBRO/LRRMD-KLT/KAL/AGALAW/LI/25/0081,KAL250158,Kalutara,Agalawatta,2025-05-30T00:00:00,Yatiyana East,830A,"ගොඩඋඩහේන, යටියන, අගලවත්ත",,,0001-01-01T00:00:00,,,,,,,6.527895,80.146679
Landslide,L,NBRO/LRRMD-KLT/KAL/BULATS/LI/25/0083,KAL250160,Kalutara,Bulathsinhala,2025-06-02T00:00:00,Egaloya,821D,"ඈගල්ඔය, බුලත්සිංහල",,,2025-05-28T00:00:00,,,,,,,6.677401,80.155269
Landslide,L,NBRO/LRRMD-KLT/KAL/MILLAN/LI/25/0131,KAL250246,Kalutara,Millaniya,2025-08-27T00:00:00,Mulkadakanda,649B,"මුල්කඩකන්ද, ගල්පාත",,,2025-08-25T00:00:00,,,,,,,6.639637,80.248198
Landslide,L,NBRO/LRRMD-KLT/KAL/PALIND/LI/25/0139,KAL250254,Kalutara,Palindanuwara,2025-08-28T00:00:00,Bellana East,834A,"බෙල්ලන, පාලින්දනුවර",,,2025-09-18T00:00:00,,,,,,,6.526361,80.275431
Landslide,L,NBRO/LRRMD-KLT/KAL/PALIND/LI/25/0150,KAL250276,Kalutara,Palindanuwara,2025-09-22T00:00:00,Lathpandura,835,"ලත්පදුර, පාලින්දනුවර",,,2025-09-30T00:00:00,,,,,,,6.523991,80.218073
Landslide,L,NBRO/LRRMD-KLT/KAL/PALIND/LI/25/0155,KAL250296,Kalutara,Palindanuwara,2025-10-01T00:00:00,Bampara,836J,"බාම්පාර, පාලින්දනුවර",,,2025-10-16T00:00:00,,,,,,,6.572148,80.27542
Landslide,L,NBRO/LRRMD-KLT/KAL/AGALAW/LI/25/0187,KAL250337,Kalutara,Agalawatta,2025-10-31T00:00:00,Evariwatta,826A,"නාගහකන්ද, ඇවරිවත්ත, ඕමත්ත, අගලවත්ත","නාගහකන්ද, ඇවරිවත්ත, අගලවත්ත",,2025-11-19T00:00:00,,,,,,,6.555102,80.176662
Landslide,L,NBRO/LRRMD-KND/KDN/YATINU/LI/17/0022,KDN170022,Kandy,Yatinuwara,2017-07-24T00:00:00,Udawela Nadithalawa,177,"210, උඩවෙල, දන්තුරේ","210, උඩවෙල, දන්තුරේ",,2017-08-10T00:00:00,,,,,,,7.296208,80.631282
Landslide,L,NBRO/LRRMD-KND/KDN/YATINU/LI/17/0023,KDN170023,Kandy,Yatinuwara,2017-08-04T00:00:00,Danthure,161,"252, ඔමදල්වත්ත, දන්තුරේ","252, ඔමදල්වත්ත, දන්තුරේ",,2017-08-10T00:00:00,,,,,,,7.285142,80.538528
Landslide,L,NBRO/LRRMD-KND/KDN/YATINU/LI/18/0028,KDN180029,Kandy,Yatinuwara,2018-05-16T00:00:00,Embilmeegama South,167,යටිනුවර ප්‍රාදේශිය ලේකම් කාර්යාලය,යටිනුවර ප්‍රාදේශිය ලේකම් කාර්යාලය,,2018-06-14T00:00:00,,,,,,,7.2639528,80.5616978
Landslide,L,NBRO/LRRMD-KND/KDN/UDAPAL/LI/18/0045,KDN180046,Kandy,Udapalatha,2018-01-01T00:00:00,Paradeka,1178,"පිටකන්ද ජනපදය, පාරදෙක","පිටකන්ද ජනපදය, පාරදෙක",,2018-01-10T00:00:00,,,,,,,7.118597,80.615044
Landslide,L,NBRO/LRRMD-KND/KDN/THUMPA/LI/18/0076,KDN180076,Kandy,Thumpane,2018-06-26T00:00:00,Palukopi Watta,308,"ගැරඩිගල කන්ද, පාළු කෝපි වත්ත","ගැරඩිගල කන්ද, පාළු කෝපි වත්ත",,2018-06-19T00:00:00,2018-06-16T00:00:00,14:00,,,,,7.3695638,80.5348098
Landslide,L,NBRO/LRRMD-KND/KDN/GANGIK/LI/18/0083,KDN180083,Kandy,Ganga Ihala Korale,2018-01-01T00:00:00,Herakola,1067,"ලැන්ටන් සි, හැරකොළ, ගම්පොළ",,,2018-01-26T00:00:00,,,,,,,7.147817,80.55199
Landslide,L,NBRO/LRRMD-KND/KDN/UDADUM/LI/18/0133,KDN180133,Kandy,Udadumbara,2018-10-29T00:00:00,Hapukanda West,864,"25B,හපුකන්ද, නැගෙනහිර, බෝපාන","25B,හපුකන්ද, නැගෙනහිර, බෝපාන",,2018-10-10T00:00:00,,,,,,,7.279301,80.902412
Landslide,L,NBRO/LRRMD-KND/KDN/UDADUM/LI/18/0140,KDN180140,Kandy,Udadumbara,2018-01-01T00:00:00,Kirigankumbura,877,"117/A, හපුගස්කුඹුර, උඩුදුම්බර","117/A, හපුගස්කුඹුර, උඩුදුම්බර",,2017-12-05T00:00:00,,,,,,,7.329891,80.870325
Landslide,L,NBRO/LRRMD-KND/KDN/MEDADU/LI/18/0202,KDN180202,Kandy,Medadumbara,2018-01-01T00:00:00,Heeloya,796,"82/2, හලියද්ද, මැදමහනුවර","82/2, හලියද්ද, මැදමහනුවර",,2017-10-31T00:00:00,,,,,,,7.2743533,80.81095606
Landslide,L,NBRO/LRRMD-KND/KDN/PANVIL/LI/18/0243,KDN180243,Kandy,Panvila,2018-01-01T00:00:00,Arattana,730,අරත්තන- ඇල ඇඩිය ජනපදය මාර්ගය,අරත්තන- ඇල ඇඩිය ජනපදය මාර්ගය,,2018-01-26T00:00:00,,,,,,,7.374872,80.745044
Landslide,L,NBRO/LRRMD-KND/KDN/UDAPAL/LI/19/0186,KDN190187,Kandy,Udapalatha,2019-01-01T00:00:00,Sinhapitiya North,1127,"ඉහළ සිංහපිටිය ජනපදය, ගම්පොල","ඉහළ සිංහපිටිය ජනපදය, ගම්පොල",,2019-01-02T00:00:00,,,,,,,7.169491,80.550571
Landslide,L,NBRO/LRRMD-KND/KDN/KNDFG/LI/19/0189,KDN190190,Kandy,Kandy Four Gravets & Gangawata Korale,2019-01-11T00:00:00,Mahakanda,268,"343, ගලහ පාර, මහකන්ද,  හිදගල","343, ගලහ පාර, මහකන්ද,  හිදගල",,2019-03-15T00:00:00,,,,,,,7.224032,80.6061266
Landslide,L,NBRO/LRRMD-KND/KDN/UDADUM/LI/19/0253,KDN190254,Kandy,Udadumbara,2019-01-24T00:00:00,Mediwaka,852,"මැදවක කනිෂ්ඨ විද්‍යාලය (පැරණි), මැදවක","මැදවක කනිෂ්ඨ විද්‍යාලය (පැරණි), මැදවක",,2019-03-08T00:00:00,,,,,,,7.3034169,80.88929
Landslide,L,NBRO/LRRMD-KND/KDN/PANVIL/LI/19/0441,KDN190442,Kandy,Panvila,2019-01-01T00:00:00,Thawalanthenna,737,"8,9 ලෙබනන් වත්ත, තවලන්තැන්න","8,9 ලෙබනන් වත්ත, තවලන්තැන්න",,2018-12-11T00:00:00,,,,,,,7.4077777,80.7729121
Landslide,L,NBRO/LRRMD-KND/KDN/PANVIL/LI/19/0444,KDN190445,Kandy,Panvila,2019-08-15T00:00:00,Arattana,730,"18 කණුව, අරත්තන, මඩොල්කැලේ","18 කණුව, අරත්තන, මඩොල්කැලේ",,2019-08-19T00:00:00,,,,,,,7.3792931,80.7423047
Landslide,L,NBRO/LRRMD-KND/KDN/KNDFG/LI/20/0027,KDN200027,Kandy,Kandy Four Gravets & Gangawata Korale,2020-10-19T00:00:00,Bahirawa Kanda,236,මධ්‍යම පළාත් ප්‍රධාන නිලනිවස,මධ්‍යම පළාත් ප්‍රධාන නිලනිවස,,2020-11-18T00:00:00,,,,,,,7.2958721,80.631645
Landslide,L,NBRO/LRRMD-KND/KDN/DOLUWA/LI/20/0085,KDN200090,Kandy,Doluwa,2020-08-11T00:00:00,Pupuressa,1181,"ඩෙල්ටා රුවන්පුර, පුපරැස්ස","ඩෙල්ටා රුවන්පුර, පුපරැස්ස",,2020-08-25T00:00:00,,,,,,,7.119577,80.685303
Landslide,L,NBRO/LRRMD-KND/KDN/GANGIK/LI/20/0091,KDN200096,Kandy,Ganga Ihala Korale,2020-01-01T00:00:00,Pellapitiya South,1064,"පිටකන්ද උතුර, උඩහේතැන්න","පිටකන්ද උතුර, උඩහේතැන්න",,2020-02-23T00:00:00,,,,,,,7.1035471,80.5328446
Landslide,L,NBRO/LRRMD-KND/KDN/MEDADU/LI/20/0218,KDN200223,Kandy,Medadumbara,2020-02-03T00:00:00,Kandekumbura,802,"148සි, කන්දෙකුඹුර, මැදමහනුවර","148සි, කන්දෙකුඹුර, මැදමහනුවර",,2020-02-06T00:00:00,,,,,,,7.3038656,80.8143947
Landslide,L,NBRO/LRRMD-KND/KDN/MEDADU/LI/20/0246,KDN200251,Kandy,Medadumbara,2020-07-15T00:00:00,Embalagama,777,"65, ඇඹිලගම, උඩිස්පත්තුව","65, ඇඹිලගම, උඩිස්පත්තුව",,2020-08-27T00:00:00,,,,,,,7.3290107,80.78117301
Landslide,L,NBRO/LRRMD-KND/KDN/UDUNUW/LI/20/0282,KDN200287,Kandy,Udunuwara,2020-10-01T00:00:00,Dehipagoda East,37,අංගලකූඹුර මාර්ගය,අංගලකූඹුර මාර්ගය,,2020-12-10T00:00:00,,,,,,,7.207815,80.587384
Landslide,L,NBRO/LRRMD-KND/KDN/UDADUM/LI/20/0340,KDN200345,Kandy,Udadumbara,2020-01-01T00:00:00,Kalugala,885,"14බී, කොස්ලන්ද, කළුගල","14බී, කොස්ලන්ද, කළුගල",,2019-12-20T00:00:00,,,,,,,7.3949315,80.884494
Landslide,L,NBRO/LRRMD-KND/KDN/UDADUM/LI/20/0342,KDN200347,Kandy,Udadumbara,2020-01-01T00:00:00,Pitawala Udagammedda,868,"37, පිටවල, උඩගම්මැද්ද, ‌බෝපාන","37, පිටවල, උඩගම්මැද්ද, ‌බෝපාන",,2020-01-09T00:00:00,,,,,,,7.2906381,80.9109935
Landslide,L,NBRO/LRRMD-KND/KDN/UDADUM/LI/20/0343,KDN200348,Kandy,Udadumbara,2020-01-01T00:00:00,Kandegama,889,"171/1, කන්‌දේගම, ‌‌‌කොබෝනීල","171/1, කන්‌දේගම, ‌‌‌කොබෝනීල",,2020-01-17T00:00:00,,,,,,,7.3597709,80.8557223
Landslide,L,NBRO/LRRMD-KND/KDN/UDADUM/LI/20/0347,KDN200352,Kandy,Udadumbara,2020-01-06T00:00:00,Udailuka,887,"206, උඩඉලුක","206, උඩඉලුක",,2020-02-14T00:00:00,,,අධීක වර්ෂෘපතනය,,,,7.399177,80.9020202
Landslide,L,NBRO/LRRMD-KND/KDN/UDADUM/LI/20/0354,KDN200359,Kandy,Udadumbara,2020-02-14T00:00:00,Hapukanda West,864,"77, හපුකන්ද බටහිර, මැටිවලතැන්න, බෝපාන","77, හපුකන්ද බටහිර, මැටිවලතැන්න, බෝපාන",,2020-01-09T00:00:00,,,,,,,7.25801849,80.901891
Landslide,L,NBRO/LRRMD-KND/KDN/UDADUM/LI/20/0357,KDN200362,Kandy,Udadumbara,2020-01-22T00:00:00,Wadawalakanda,890,"290,වදවලකන්ද, ‌‌කොබෝනීල","290,වදවලකන්ද, ‌‌කොබෝනීල",,2020-02-14T00:00:00,,,,,,,7.35617,80.854025
Landslide,L,NBRO/LRRMD-KND/KDN/UDADUM/LI/20/0359,KDN200364,Kandy,Udadumbara,2020-03-20T00:00:00,Halyala,845,"237/1/1, හාල්යාය, උඩදුම්බර","237/1/1, හාල්යාය, උඩදුම්බර",,2020-01-17T00:00:00,,,,,,,7.313689,80.875005
Landslide,L,NBRO/LRRMD-KND/KDN/YATINU/LI/20/0401,KDN200404,Kandy,Yatinuwara,2020-07-20T00:00:00,Ilukwatta,173,මහ/ඉළුක්වත්ත මුස්ලිම් විද්‍යාලය,මහ/ඉළුක්වත්ත මුස්ලිම් විද්‍යාලය,,2020-08-08T00:00:00,,,,,,,7.259308,80.539892
Landslide,L,NBRO/LRRMD-KND/KDN/UDAPAL/LI/20/0402,KDN200405,Kandy,Udapalatha,2020-01-01T00:00:00,Wattehena,1170,"අගුරුමුල්ලවත්ත, වත්තේහේන","අගුරුමුල්ලවත්ත, වත්තේහේන",,2019-05-07T00:00:00,,,,,,,7.140002,80.602184
Landslide,L,NBRO/LRRMD-KND/KDN/UDAPAL/LI/20/0406,KDN200409,Kandy,Udapalatha,2020-06-03T00:00:00,Sinhapitiya North,1127,"60/1/2, හෙම්මාතගම පාර, 1 කණුව, ගම්පොල","60/1/2, හෙම්මාතගම පාර, 1 කණුව, ගම්පොල",,2020-06-11T00:00:00,,,,,,,7.16970043,80.549737
Landslide,L,NBRO/LRRMD-KND/KDN/KNDFG/LI/21/0255,KDN210276,Kandy,Kandy Four Gravets & Gangawata Korale,2021-04-29T00:00:00,Getambe,259,"බ්ලු රෝස් වි‍ශේෂ පාසල, ගැටඹේ","බ්ලු රෝස් වි‍ශේෂ පාසල, ගැටඹේ",,2021-04-29T00:00:00,,,,,,,7.279844,80.606269
Landslide,L,NBRO/LRRMD-KND/KDN/UDADUM/LI/21/0346,KDN210358,Kandy,Udadumbara,2021-01-04T00:00:00,Udawela,888,කහටගහලියද්ද භූමිය,කහටගහලියද්ද භූමිය,උඩුදුම්බර නගරයේ සිට කලුගල මාර්ගය ඔස්සේ තවත් කිලෝමීටර් 5 ක් පමණ පැමිණීමෙන් අදාල ස්ථානයට ලගා විය හ,2021-07-05T00:00:00,,,,,,,7.21498,80.52151
Landslide,L,NBRO/LRRMD-KND/KDN/GANGIK/LI/21/0373,KDN210385,Kandy,Ganga Ihala Korale,2021-01-01T00:00:00,Pellapitiya North,1065,"පිටකන්ද උතුර, උඩහේන්තැන්න","පිටකන්ද උතුර, උඩහේන්තැන්න",,2020-02-23T00:00:00,,,,,,,7.1035471,80.538446
Landslide,L,NBRO/LRRMD-KND/KDN/HARISP/LI/21/0512,KDN210524,Kandy,Harispattuwa,2021-01-01T00:00:00,Nugawela,452,මහ/නුගවෙල මධ්‍ය විද්‍යාලය,මහ/නුගවෙල මධ්‍ය විද්‍යාලය,,2020-10-13T00:00:00,,,,,,,7.3274,80.58486
Landslide,L,NBRO/LRRMD-KND/KDN/UDAPAL/LI/22/0044,KDN220062,Kandy,Udapalatha,2022-01-03T00:00:00,Galgediyawa,1124,"නො. 172/ඒ/2, /ගල්ගෙඩියාව, ගම්පල","නො. 172/ඒ/2, /ගල්ගෙඩියාව, ගම්පල",පේරාදෙණිය සිට ගම්පල මාර්ගයේ ගල්ගෙඩියාව දක්වා ගමන් කොට ගල්ගෙඩියාව පාලම සිට මීටර් 50ත් පමණ ගම්පල ද,2021-09-14T00:00:00,2021-08-24T00:00:00,,අධික වර්ෂාපතනය,,,,7.180931,80.584113
Landslide,L,NBRO/LRRMD-KND/KDN/PATHAH/LI/22/0072,KDN220090,Kandy,Pathahewaheta,2022-01-03T00:00:00,Kossinna,956,"නො. 30, කොස්හින්න, කැටවල, ලෙව්ල","නො. 30, කොස්හින්න, කැටවල, ලෙව්ල",,2022-01-26T00:00:00,,,,,,,7.25966,80.68335
Landslide,L,NBRO/LRRMD-KND/KDN/PATHAH/LI/22/0074,KDN220092,Kandy,Pathahewaheta,2022-01-03T00:00:00,Hippola,958,"නො. 60/2, හිප්පොල, තලාතුඔය",,,2022-01-25T00:00:00,,,,,,,7.2476316,80.678571
Landslide,L,NBRO/LRRMD-KND/KDN/PATHAH/LI/22/0076,KDN220094,Kandy,Pathahewaheta,2022-01-03T00:00:00,Thalathuoya East,961,තලාතුඔය මධ්‍ය මහා විද්‍යාලය,තලාතුඔය මධ්‍ය මහා විද්‍යාලය,,2022-01-26T00:00:00,2021-11-30T00:00:00,,,,,,7.252806,80.691343
Landslide,L,NBRO/LRRMD-KND/KDN/KNDFG/LI/22/0098,KDN220122,Kandy,Kandy Four Gravets & Gangawata Korale,2022-01-03T00:00:00,Mahanuwara,257,"නො. 64/23, විහාර මාවත, මාපනාවතුර පාර, මහනුවර","නො. 64/23, විහාර මාවත, මාපනාවතුර පාර, මහනුවර",,2022-02-28T00:00:00,2021-12-08T00:00:00,,,,,,7.278009239,80.66280671
Landslide,L,NBRO/LRRMD-KND/KDN/PATHAH/LI/22/0150,KDN220187,Kandy,Pathahewaheta,2022-01-03T00:00:00,Pinnagolla,986,"අංක 165/1, පින්නගොල්ල, තලාතුඔය","අංක 165/1, පින්නගොල්ල, තලාතුඔය",,2021-12-07T00:00:00,2021-11-27T00:00:00,,,,,,7.2535509,80.699388
Landslide,L,NBRO/LRRMD-KND/KDN/GANGIK/LI/22/0193,KDN220243,Kandy,Ganga Ihala Korale,2022-01-03T00:00:00,Pellapitiya North,1065,"නො 71, පැල්ලපිටිය, කුරුදුවත්ත කඩවිදිය","නො 71, පැල්ලපිටිය, කුරුදුවත්ත කඩවිදිය",පැල්ලපිටිය පාසල අසලින් දිවෙන අඩි පාර දිගේ ගමන් කිරීමෙන් මෙම ස්ථානයට ළඟාවිය හැක.,2022-02-14T00:00:00,,,අධික වර්ෂාපතනය සහ අවිධිමත් භූමි පරිහරණය,,,,7.124474,80.534831
Landslide,L,NBRO/LRRMD-KND/KDN/UDAPAL/LI/22/0201,KDN220252,Kandy,Udapalatha,2022-01-03T00:00:00,Galgediyawa,1124,"අංක 439/ඒ, ගල්ගෙඩියාව,ගම්පොල","අංක 439/ඒ, ගල්ගෙඩියාව,ගම්පොල",රාදෙණීය- ගම්පොල මාර්ගයේ ගල්ගෙඩියාව මහවංගුව අසල පිහිටා ඇත.,2021-12-25T00:00:00,2021-11-15T00:00:00,,අධික වර්ෂාපතනය,,,,7.181861,80.582841
Landslide,L,NBRO/LRRMD-KND/KDN/GANGIK/LI/22/0215,KDN220269,Kandy,Ganga Ihala Korale,2022-01-03T00:00:00,Malwattagama,1063,"තැලිහුන්නගම, මීතලාව","තැලිහුන්නගම, මීතලාව",,2021-12-10T00:00:00,2021-08-12T00:00:00,,අධික වර්ෂාපතනය සහ අවිධිමත් භූමි පරිහරණය,,,,7.131086,80.524465
Landslide,L,NBRO/LRRMD-KND/KDN/GANGIK/LI/22/0216,KDN220271,Kandy,Ganga Ihala Korale,2022-01-03T00:00:00,Malwattagama,1063,"අංක 65, උද්දල්කුඩුව, කුරුඳුවත්ත කඩවීදිය","අංක 65, උද්දල්කුඩුව, කුරුඳුවත්ත කඩවීදිය",,2021-12-10T00:00:00,2021-08-12T00:00:00,,අධික වර්ෂාපතනය,,,,7.123724,80.515709
Landslide,L,NBRO/LRRMD-KND/KDN/YATINU/LI/22/0227,KDN220300,Kandy,Yatinuwara,2022-01-03T00:00:00,Uda Eriyagama East,151,"සේවා පියස ,ගල්කඩුව හේන","සේවා පියස ,ගල්කඩුව හේන",මහනුවර  -කොළඹ ප්‍රධාන මාර්ගයේ පොල්ගහමුල මංසන්ධියෙන් මුරුතලාව දෙසට පිහිටා ඇති මාර්ගය ඔස්සේ මීටර,2022-01-10T00:00:00,,,,,,,7.268473,80.585188
Landslide,L,NBRO/LRRMD-KND/KDN/UDADUM/LI/24/0002,KDN240001,Kandy,Udadumbara,2024-01-03T00:00:00,Kalalgamuwa,857,උඩුදුම්බර මාර්ගයේ කළල්ගමුව ග්‍රාමය,"කළල්ගමුව, උඩදුම්බර","මහනුවර මහියංගණය මාර්ගයේ මහනුවර සිට මහියංගනය දෙසට ගමන් කරණ විට හමුවන උඩදුම්බර නගරයෙන් ,මඩුගල්ල",2024-01-03T00:00:00,2023-12-31T00:00:00,,අධික වර්ෂාපතනය සහ පැරණි නාය යාමක් නැවත සක්‍රීය වීම.,,,,7.296005,80.897114
Landslide,L,NBRO/LRRMD-KND/KDN/MEDADU/LI/24/0003,KDN240002,Kandy,Medadumbara,2024-01-04T00:00:00,Giddawa,756,"ගිඩ්ඩව, පුටුහපුව","ගිඩ්ඩව, පුටුහපුව",පුටුහපුව-තෙල්දෙණිය  මාර්ගය,2024-01-02T00:00:00,2023-12-30T00:00:00,,,,,,7.344876,80.738125
Landslide,L,NBRO/LRRMD-KND/KDN/GANGIK/LI/24/0011,KDN240082,Kandy,Ganga Ihala Korale,2024-01-17T00:00:00,Miyanagolla,1050,"ශ්‍රී ලංකා ටෙලිකොම්, දොලොස්බාගේ","ශ්‍රී ලංකා ටෙලිකොම්, දොලොස්බාගේ",කුරැදුවත්ත - දොලොස්බාගේ දොලොස්බාගේ ප්‍රධාන මාර්ගය ඔස්සේ දොලොස්බාගේ වෙත පැමිණීමේදි වම් පසින් හ,0001-01-01T00:00:00,2024-01-30T00:00:00,,අධික වර්ෂාපතනය,,,,7.080268,80.476282
Landslide,L,NBRO/LRRMD-KND/KDN/MEDADU/LI/24/0127,KDN240502,Kandy,Medadumbara,2024-04-18T00:00:00,Mangoda,806,මාන්ගොඩ,"208/B, මහකුඹුර, මීගහලන්ද, මැදමහනුවර",මහනුවර- පල්ලෙකැලේ- දිගන- වේඩරුව පාර - මීගහලන්ද,2024-03-28T00:00:00,2023-12-29T00:00:00,,අධික වර්ෂාපතනය හා අවිධිමත් භූමි නව්‍යකරණය,,,,7.23732,80.827463
Landslide,L,NBRO/LRRMD-KND/KDN/GANGIK/LI/24/0324,KDN241374,Kandy,Ganga Ihala Korale,2024-11-29T00:00:00,Karagala,1059,කරගල,"139/ඒ, කොහොමඩ, කුරුදුවත්ත කඩවීදිය","මහනුවර නගරයේ සිට පේරදෙණිය හරහා ගම්පොල නගරය තෙක් ගමන් කර, ගල්පාය-මීතලාව අතුරු මාර්ගයේ කිලෝමීටර් 6",2024-12-06T00:00:00,2024-11-27T00:00:00,,අධික තීව්‍රතාවයෙන් යුතු වර්ෂාව,,,,7.129867,80.51067
Landslide,L,NBRO/LRRMD-KND/KDN/MEDADU/LI/24/0348,KDN241442,Kandy,Medadumbara,2024-12-13T00:00:00,Kandekumbura,802,"කන්දේකුඹුර, මැදමහනුවර","කන්දේකුඹුර, මැදමහනුවර","තෙල්දෙණියේ සිට රේටියගම ට පැමිණ මැදමහනුවර දෙසට ගමන් කිරීමේදී, ගල්පොතු ඔය පාලමට කිලෝමීටර 1කට පමණ ප",2024-12-17T00:00:00,2024-11-25T00:00:00,,2024/11 මස පැවති අධික වර්ෂාපතනය,,,,7.304552,80.813807
Landslide,L,NBRO/LRRMD-KND/KDN/PATHAH/LI/24/0368,KDN241497,Kandy,Pathahewaheta,2024-12-05T00:00:00,Uduwela Udagama West,947,උඩවෙල උඩගම,උඩවෙල උඩගම,මහනුවර සිට ගාල්තැන්න මාර්ගයේ ගමන් කිරීමේදී හමු වන උඩවෙල උඩගම  ගම්මානය දක්වා ඇති මාර්ගයේ ගමන් කි,2024-12-02T00:00:00,2024-11-26T00:00:00,,අධික වර්ෂාපතනය,,,,7.254827,80.6389
Landslide,L,NBRO/LRRMD-KND/KDN/POOJAP/LI/24/0383,KDN241531,Kandy,Poojapitiya,2024-12-06T00:00:00,Dolapihilla North,518,"අංක 145/1, දොලපිහිල්ල","අංක 145/1, දොලපිහිල්ල",,2024-12-02T00:00:00,2024-11-26T00:00:00,,අධික තීව්‍රතාවයෙන් යුතු වර්ෂාව,,,,7.383548,80.585301
Landslide,L,NBRO/LRRMD-KND/KDN/POOJAP/LI/24/0384,KDN241532,Kandy,Poojapitiya,2024-12-03T00:00:00,Palliya Kotuwa,526,"197/5, කට්ටප්පුව","197/5, කට්ටප්පුව",,2024-12-02T00:00:00,,,අධික තීව්‍රතාවයෙන් යුතු වර්ෂාව සහ අවිධිමත් භූමි නව්‍යකරණය,,,,7.415279,80.567627
Landslide,L,NBRO/LRRMD-KND/KDN/PASBAG/LI/25/0005,KDN250101,Kandy,Pasbage Korale,2025-01-06T00:00:00,Nawalapitiya West,1088,ටිල්ටන් ඉහළ මාර්ගය,ටිල්ටන් ඉහළ මාර්ගය,නාවලපිටිය නගරයේ සිට ගම්පොල දෙසට කි.මි. 4 පමණ ගමන් කිරීමේදී වම් පසට දිවෙන ටිල්ටන් ඉහල මාර්ගය ඔස්සේ,2024-12-26T00:00:00,,,,,,,7.084377,80.548898
Landslide,L,NBRO/LRRMD-KND/KDN/PATHAD/LI/25/0017,KDN250166,Kandy,Pathadumbara,2025-02-07T00:00:00,Wattegama,594,වත්තේගම,"75/13, මාතලේ දුම්රිය පාර, වත්තේගම","මහනුවර නගරයේ සිට කටුගස්තොට හරහා වත්තේගම නගරයට පැමිණ, වත්තේගම නගරයේ ඇති ශ්‍රී ධර්මධ්වීප පිරිවෙණ",2024-11-27T00:00:00,2024-11-25T00:00:00,,අධික වර්ෂාපතනය හා අවිධිමත් භූමි නව්‍යකරණය,,,,7.353702,80.680576
Landslide,L,NBRO/LRRMD-KND/KDN/DOLUWA/LI/25/0095,KDN250575,Kandy,Doluwa,2025-05-09T00:00:00,Legumdeniya,1146,නැඩ්සා ජනපදය,,,2025-05-06T00:00:00,,,,,,,7.130311,80.669625
Landslide,L,NBRO/LRRMD-KND/KDN/GANGIK/LI/25/0104,KDN250653,Kandy,Ganga Ihala Korale,2025-05-20T00:00:00,Pellapitiya South,1064,"කොළුවල, උඩහේන්තැන්න","කොළුවල, උඩහේන්තැන්න","මහනුවර නගරයේ සිට ගම්පොල හරහා කුරුදුවත්ත නගරයට පැමීණ, කුරුදුවත්ත පොලිස් ස්ථානය ඉදිරිපසින් ඇති අ",2025-05-06T00:00:00,2024-11-26T00:00:00,,අධික වර්ෂාපතනය හා අවිධිමත් භූමි නව්‍යකරණය,,,,7.111225,80.532488
Landslide,L,NBRO/LRRMD-KND/KDN/YATINU/LI/25/0105,KDN250659,Kandy,Yatinuwara,2025-02-14T00:00:00,Kadawathgama,204,"පල්ලියවත්ත, කඩුගන්නාව","පල්ලියවත්ත, කඩුගන්නාව",මහනුවර සිට කොලඹ - නුවර මාර්ගයේ කඩුගන්නාව තෙක් පැමිණ ඩෝසන් කුළුණ සදහා වූ ප්‍රවේශ මාර්ගය ඔස්සේ මීට,2025-02-18T00:00:00,2024-11-27T00:00:00,,අධික වර්ෂාපතනය,,,,7.255872,80.517708
Landslide,L,NBRO/LRRMD-KND/KDN/DELTHO/LI/25/0153,KDN250921,Kandy,Delthota,2025-06-27T00:00:00,Udadelthota,976,"02 ලයිම, දෙල්තොටවත්ත, ගලහ","02 ලයිම, දෙල්තොටවත්ත, ගලහ","මහනුවර නගරයේ සිට පේරාදෙණිය හරහා දෙල්තොට මාර්ගයේ ගලහ නගරය දක්වා ගමන් කොට, දෙල්තොටවත්ත මාර්ගයේ ක",2025-07-01T00:00:00,2024-11-26T00:00:00,,අධික වර්ෂාපතනය,,,,7.191821,80.679817
Landslide,L,NBRO/LRRMD-KEG/KEG/KEGALL/LI/14/0002,KEG140002,Kegalle,Kegalle,2014-02-18T00:00:00,Godigamuwa,54,"ඒ / 33 / 3 , ගොඩිගමුව, මොරොන්තොට.","ඒ / 33 / 3 , ගොඩිගමුව, මොරොන්තොට.","ඒ / 33 / 3 , ගොඩිගමුව, මොරොන්තොට.",2014-01-24T00:00:00,,,නායයෑම් අවධානම් තත්ත්වය පිළිබඳ ව පරීක්ෂා කිරීම.,,,,7.175698,80.358847
Landslide,L,NBRO/LRRMD-KEG/KEG/KEGALL/LI/14/0003,KEG140003,Kegalle,Kegalle,2014-02-11T00:00:00,Paranagampola,52C,"අංක 60, ජබුන්වල, රංවල, කෑගල්ල.","අංක 60, ජබුන්වල, රංවල, කෑගල්ල.","අංක 60, ජබුන්වල, රංවල, කෑගල්ල.",2014-01-20T00:00:00,,,නිවස පිටුපසින් ඇති ඉවුරෙහි පස් සහ ගල් නිවස පිටුපස ඇති බිත්තිය දෙසට පෙරලීම නිසා නිවසට හානි සිදු ව,,,,7.252439,80.333829
Landslide,L,NBRO/LRRMD-KEG/KEG/KEGALL/LI/14/0008,KEG140008,Kegalle,Kegalle,2014-12-30T00:00:00,Deewela Pallegama,16B,"දීවෙල වසම, පල්ලේගම.","දීවෙල වසම, පල්ලේගම.","දීවෙල වසම, පල්ලේගම.",2014-12-28T00:00:00,,,නායයෑමේ අවධානම පරීක්ෂාව,,,,7.219624,80.386102
Landslide,L,NBRO/LRRMD-KEG/KEG/DEHIOV/LI/15/0035,KEG150038,Kegalle,Dehiovita,2015-06-22T00:00:00,Dikella,119A,දෙහිඕවිට ප්‍රධාන මාර්ගයේ කහනවිට ප්‍රදේශය,දෙහිඕවිට ප්‍රධාන මාර්ගයේ කහනවිට ප්‍රදේශය,දෙහිඕවිට ප්‍රධාන මාර්ගයේ කහනවිට ප්‍රදේශය,2015-06-07T00:00:00,2015-06-06T00:00:00,15:30,අධික වර්ෂාව සහ නායයෑමේ අවධානම.,,,,7.146345,80.196106
Landslide,L,NBRO/LRRMD-KEG/KEG/ARANAY/LI/15/0042,KEG150046,Kegalle,Aranayaka,2015-06-02T00:00:00,Gammannagoda,17D,කෑ/මාව/තම්මිට කණිෂ්ඨ විද්‍යාලය,කෑ/මාව/තම්මිට කණිෂ්ඨ විද්‍යාලය,කෑ/මාව/තම්මිට කණිෂ්ඨ විද්‍යාලය,2015-05-28T00:00:00,2015-05-01T00:00:00,,නායයෑමේ අවධානම පරීක්ෂා කිරීම.,,,,7.20701,80.434653
Landslide,L,NBRO/LRRMD-KEG/KEG/ARANAY/LI/15/0043,KEG150047,Kegalle,Aranayaka,2015-10-19T00:00:00,Gal Athara,15C,"මී අඹ කන්ද, ලෙව්කේ, ගල්අතර.","මී අඹ කන්ද, ලෙව්කේ, ගල්අතර.","මී අඹ කන්ද, ලෙව්කේ, ගල්අතර.",2015-10-09T00:00:00,2015-10-01T00:00:00,,නායයෑම් අවථානම පරීක්ෂා කිරීම.,,,,7.28243,80.42997
Landslide,L,NBRO/LRRMD-KEG/KEG/BULATK/LI/16/0001,KEG160010,Kegalle,Bulathkohupitiya,2016-12-01T00:00:00,Getiyamulla,61,"ගැටියමුල්ල, අලවතුර",,,2016-12-08T00:00:00,,,,,,,7.136445,80.327119
Landslide,L,NBRO/LRRMD-KEG/KEG/YATIYN/LI/16/0003,KEG160012,Kegalle,Yatiyanthota,2016-05-19T00:00:00,Kithulgala North,134,"මඩමෝදර , කිලෝමීටර් 37 කණුව අසළ","මඩමෝදර , කිලෝමීටර් 37 කණුව අසළ",කරවනැල්ල ගිණිගත්හේන මාර්ගයේ ගමන් කරන විට හමුවන මඩමෝදර ග්‍රාමයේ කිලෝමීටර් 37 කණුව ආසන්නයේ මෙම ස්,2016-05-16T00:00:00,2016-05-15T00:00:00,,නායයෑමේ අවධානම,,,,7.15885,80.19975
Landslide,L,NBRO/LRRMD-KEG/KEG/YATIYN/LI/16/0007,KEG160016,Kegalle,Yatiyanthota,2016-02-01T00:00:00,Garagoda Ihala,115D,"ගරාගොඩ, යටියන්තොට.","ගරාගොඩ, යටියන්තොට.","ගරාගොඩ, යටියන්තොට.",2015-10-23T00:00:00,2015-10-01T00:00:00,,නායයෑමේ අවධානම,,,,7.146684,80.202451
Landslide,L,NBRO/LRRMD-KEG/KEG/BULATK/LI/16/0011,KEG160020,Kegalle,Bulathkohupitiya,2016-05-27T00:00:00,Udapotha,128E,කලුපහනවත්ත අරන්දර උඩ කොටස,කලුපහනවත්ත අරන්දර උඩ කොටස,දේදුගල මාර්ගයේ කිලෝමීටර් 07 ක් පමණ ගොස් රංවල හන්දියෙන් දකුණට හැරී එම මාර්ගය ඔස්සේ ආසන්න ව කිලෝමී,2016-05-18T00:00:00,2016-05-17T00:00:00,22:00,නායයෑම,,,,7.150356,80.269699
Landslide,L,NBRO/LRRMD-KEG/KEG/KEGALL/LI/16/0022,KEG160031,Kegalle,Kegalle,2016-07-25T00:00:00,Kegalle Town,51B,"කෑ/ශාන්ත මරියා මහා විද්‍යාලය, කෑගල්ල","කෑ/ශාන්ත මරියා මහා විද්‍යාලය, කෑගල්ල",-,2016-05-24T00:00:00,2016-05-17T00:00:00,,නායයෑම් අවධානම,,,,7.252185,80.338823
Landslide,L,NBRO/LRRMD-KEG/KEG/MAWANE/LI/16/0072,KEG160081,Kegalle,Mawanella,2016-08-04T00:00:00,Ihala Kotte,23A,ඉහළ කෝට්ටේ,ඉහළ කෝට්ටේ,ඉහළ කෝට්ටේ,2016-06-06T00:00:00,2016-05-17T00:00:00,,නායයෑමේ අවධානම,,,,7.287418,80.472963
Landslide,L,NBRO/LRRMD-KEG/KEG/YATIYN/LI/16/0074,KEG160083,Kegalle,Yatiyanthota,2016-05-30T00:00:00,Malalpola,132A,මලල්පොල මහා විද්‍යාලය,මලල්පොල මහා විද්‍යාලය,-,2016-05-24T00:00:00,2016-05-17T00:00:00,,නායයෑම් අවධානම් තත්ත්වය,,,,7.028925,80.295602
Landslide,L,NBRO/LRRMD-KEG/KEG/GALIGA/LI/16/0093,KEG160103,Kegalle,Galigamuwa,2016-05-23T00:00:00,Hathnagoda,72,හත්නාගොඩ කණිෂ්ඨ විද්‍යාලය,හත්නාගොඩ කණිෂ්ඨ විද්‍යාලය,හත්නාගොඩ කණිෂ්ඨ විද්‍යාලය,2016-05-17T00:00:00,2016-05-17T00:00:00,,නායයෑමේ අවධානම,,,,7.270312,80.289158
Landslide,L,NBRO/LRRMD-KEG/KEG/MAWANE/LI/16/0113,KEG160123,Kegalle,Mawanella,2016-05-23T00:00:00,Ihala Kotte,23A,ඉහළ කෝට්ටේ,ඉහළ කෝට්ටේ,ඉහළ කෝට්ටේ,2016-06-06T00:00:00,2016-05-17T00:00:00,,නායයෑම් අවධානම,,,,7.287466,80.47296
Landslide,L,NBRO/LRRMD-KEG/KEG/DERANI/LI/16/0209,KEG160219,Kegalle,Deraniyagala,2016-05-30T00:00:00,Udapola,114A,කුඹුරුගම,කුඹුරුගම,කුඹුරුගම,2016-06-08T00:00:00,2016-05-17T00:00:00,,නායයෑම,,,,6.904985,80.337543
Landslide,L,NBRO/LRRMD-KEG/KEG/DEHIOV/LI/16/0345,KEG160355,Kegalle,Dehiovita,2016-05-30T00:00:00,Bomaluwa,124A,මානියන්ගම,මානියන්ගම,මානියන්ගම,2016-06-06T00:00:00,2016-05-17T00:00:00,,නායයෑම,,,,6.945991,80.229332
Landslide,L,NBRO/LRRMD-KEG/KEG/DEHIOV/LI/16/0347,KEG160357,Kegalle,Dehiovita,2016-05-30T00:00:00,Maniyangama,124,"මානියන්ගම, අවිස්සාවේල්ල","මානියන්ගම, අවිස්සාවේල්ල","මානියන්ගම, අවිස්සාවේල්ල",2016-06-06T00:00:00,2016-05-17T00:00:00,,නායයෑම,,,,6.946025,80.22934
Landslide,L,NBRO/LRRMD-KEG/KEG/DEHIOV/LI/16/0381,KEG160463,Kegalle,Dehiovita,2016-05-30T00:00:00,Thimbiripola,118D,මෝරුවත්ත,මෝරුවත්ත,මෝරුවත්ත,2016-06-06T00:00:00,2016-05-17T00:00:00,,නායයෑම,,,,7.052506,80.246047
Landslide,L,NBRO/LRRMD-KEG/KEG/DEHIOV/LI/16/0382,KEG160464,Kegalle,Dehiovita,2016-05-30T00:00:00,Debegama,116D,"දෙබෑගම, දෙහිඕවිට","දෙබෑගම, දෙහිඕවිට","දෙබෑගම, දෙහිඕවිට",2016-06-23T00:00:00,2016-05-17T00:00:00,,නායයෑම,,,,6.978124,80.246077
Landslide,L,NBRO/LRRMD-KEG/KEG/DEHIOV/LI/16/0394,KEG160477,Kegalle,Dehiovita,2016-05-30T00:00:00,Batangala,123,"වුඩ්න්වත්ත, යෝගම කොටස","වුඩ්න්වත්ත, යෝගම කොටස","වුඩ්න්වත්ත, යෝගම කොටස",2016-06-06T00:00:00,2016-05-17T00:00:00,,නායයෑම,,,,6.9132006,80.2750368
Landslide,L,NBRO/LRRMD-KEG/KEG/DEHIOV/LI/16/0398,KEG160554,Kegalle,Dehiovita,2016-05-30T00:00:00,Viharakanda,124B,මානියන්ගම,මානියන්ගම,මානියන්ගම,2016-06-06T00:00:00,2016-05-17T00:00:00,,නායයෑම,,,,6.946057,80.229312
Landslide,L,NBRO/LRRMD-KEG/KEG/DEHIOV/LI/16/0399,KEG160555,Kegalle,Dehiovita,2016-05-30T00:00:00,Viharakanda,124B,"විහාරකන්ද, මානියන්ගම, අවිස්සාවේල්ල","විහාරකන්ද, මානියන්ගම, අවිස්සාවේල්ල","විහාරකන්ද, මානියන්ගම, අවිස්සාවේල්ල",2016-06-06T00:00:00,2016-05-17T00:00:00,,නායයෑම,,,,6.946029,80.229329
Landslide,L,NBRO/LRRMD-KEG/KEG/DEHIOV/LI/16/0402,KEG160558,Kegalle,Dehiovita,2016-05-30T00:00:00,Hinguralakanda East,120,දන්කොටුව,දන්කොටුව,දන්කොටුව,2016-06-16T00:00:00,2016-05-17T00:00:00,,නායයෑම,,,,6.913323,80.278317
Landslide,L,NBRO/LRRMD-KEG/KEG/DEHIOV/LI/16/0404,KEG160560,Kegalle,Dehiovita,2016-05-30T00:00:00,Rangegama,122A,"රංගේගම, කෙලින් කන්ද","රංගේගම, කෙලින් කන්ද","රංගේගම, කෙලින් කන්ද",2016-06-06T00:00:00,2016-05-17T00:00:00,,නායයෑම,,,,6.897753,80.257016
Landslide,L,NBRO/LRRMD-KEG/KEG/DEHIOV/LI/16/0405,KEG160561,Kegalle,Dehiovita,2016-05-30T00:00:00,Pukunuwala,122C,"ඉහළවත්ත, පනාවල, ඇහැළියගොඩ","ඉහළවත්ත, පනාවල, ඇහැළියගොඩ","ඉහළවත්ත, පනාවල, ඇහැළියගොඩ",2016-06-06T00:00:00,2016-05-17T00:00:00,,නායයෑම,,,,6.888041,80.277355
Landslide,L,NBRO/LRRMD-KEG/KEG/DEHIOV/LI/16/0407,KEG160563,Kegalle,Dehiovita,2016-05-30T00:00:00,Walpola,115,මීගස්තැන්න,මීගස්තැන්න,මීගස්තැන්න,2016-06-06T00:00:00,2016-05-17T00:00:00,,නායයෑම,,,,7.010806,80.28509
Landslide,L,NBRO/LRRMD-KEG/KEG/DEHIOV/LI/16/0409,KEG160565,Kegalle,Dehiovita,2016-05-30T00:00:00,Maniyangama,124,මාහින්කන්ද,මාහින්කන්ද,මාහින්කන්ද,2016-06-06T00:00:00,2016-05-17T00:00:00,,නායයෑම,,,,6.969048,80.279574
Landslide,L,NBRO/LRRMD-KEG/KEG/KEGALL/LI/16/0410,KEG160590,Kegalle,Kegalle,2016-08-02T00:00:00,Karandupotha,14,කොත්තන්නාගොඩ,කොත්තන්නාගොඩ,කොත්තන්නාගොඩ,2016-08-03T00:00:00,2016-05-17T00:00:00,,නායයෑම,,,,7.248486,80.374896
Landslide,L,NBRO/LRRMD-KEG/KEG/KEGALL/LI/17/0005,KEG170013,Kegalle,Kegalle,2017-07-19T00:00:00,Thalewala,55,"ජී.284/3, තාරකාගම, හෙට්ටිමුල්ල.","ජී.284/3, තාරකාගම, හෙට්ටිමුල්ල.","ජී.284/3, තාරකාගම, හෙට්ටිමුල්ල.",2017-06-06T00:00:00,2016-09-19T00:00:00,,තවදුරටත් අවධානමක් පවතී ද යන්න පරීක්ෂා කරන ලදී.,,,,7.207514,80.35758189
Landslide,L,NBRO/LRRMD-KEG/KEG/KEGALL/LI/17/0006,KEG170014,Kegalle,Kegalle,2017-04-06T00:00:00,Wewaladeniya,51D,කෑගල්ල දිසා අධිකරණ භූමිය,කෑගල්ල දිසා අධිකරණ භූමිය,කෑගල්ල නගරයේ වෑවලදෙණිය මංසන්ධියෙන් සියඹලාපිටිය/උසාවිය මාර්ගයේ මීටර් 20 ක් පමණ ගිය පසු වම් පසින්,2017-03-22T00:00:00,,,නායයෑමේ අවධානම පරීක්ෂා කිරීම,,,,7.151729,80.202538
Landslide,L,NBRO/LRRMD-KEG/KEG/KEGALL/LI/17/0008,KEG170016,Kegalle,Kegalle,2017-09-05T00:00:00,Wathura,54A,"ගොවි සෙවණ අසල, වතුර, හෙට්ටිමුල්ල.","ගොවි සෙවණ අසල, වතුර, හෙට්ටිමුල්ල.",කෑගල්ල සිට බුලත්කොහුපිටිය මාර්ගයේ කිලෝමීටර් 03 ක් පමණ ගිය විට හමු වන හෙට්ටිමුල්ල හන්දියෙන් වමට හ,0001-01-01T00:00:00,,,නායයෑමේ අවධානම පරීක්ෂා කිරීම,,,,7.173527,80.383831
Landslide,L,NBRO/LRRMD-KEG/KEG/KEGALL/LI/17/0010,KEG170018,Kegalle,Kegalle,2017-11-22T00:00:00,Bossella,57B,"බළල්ගල, බොස්සැල්ල.","බළල්ගල, බොස්සැල්ල.",කෑගල්ල නගරයේ සිට බුලත්කොහුපිටිය මාර්ගයේ මාබෝපිටිය හන්දිය තෙක් ගමන් කර එම හන්දියෙන් වම් පස පිහි,2017-10-25T00:00:00,,,නායයෑම් අවධානම් තත්ත්වය පිළිබඳ ව පරීක්ෂා කිරීම.,,,,7.159152,80.215605
Landslide,L,NBRO/LRRMD-KEG/KEG/KEGALL/LI/17/0013,KEG170021,Kegalle,Kegalle,2017-04-28T00:00:00,Kolongalla,14D,"ද.වො. 132 තුල්හිරිය, කෑගල්ල.","ද.වො. 132 තුල්හිරිය, කෑගල්ල.",කෑගල්ලේ සිට නුවර දෙසට යන විට හමුවන කරඩුපන හන්දියෙන් වමට හැරී කිලෝමීටර් 02 ක් පමණ යන විට අදාළ ප්‍රද,2017-04-18T00:00:00,,,විදුලි සම්ප්‍රේෂණ ව්‍යාපෘතිය ඉදිකිරීම නිසා රන්දෙණිය ප්‍රදේශය නායයෑම.,,,,7.156434,80.229632
Landslide,L,NBRO/LRRMD-KEG/KEG/KEGALL/LI/17/0015,KEG170023,Kegalle,Kegalle,2017-06-15T00:00:00,Makoora,53,"ජී 112, පන්වත්තේහේන, මාකූර, හෙට්ටිමුල්ල.","ජී 112, පන්වත්තේහේන, මාකූර, හෙට්ටිමුල්ල.",කෑගල්ල නගරයෙන් බුලත්කොහුපිටිය මාර්ගයේ කිලෝමීටර් 06 ක් පමණ ගොස් හෙට්ටිමුල්ල පසල අසළින් දකුණට ඇත,2017-06-06T00:00:00,2017-05-27T00:00:00,,නිවසට පවතින අවධානම පිළිබඳ සමීක්ෂණය කිරීම.,,,,7.210818,80.351385
Landslide,L,NBRO/LRRMD-KEG/KEG/KEGALL/LI/17/0018,KEG170026,Kegalle,Kegalle,2017-02-10T00:00:00,Golahela,51E,"ළය රෝහල, කෑගල්ල.","ළය රෝහල, කෑගල්ල.","ළය රෝහල, කෑගල්ල.",2017-01-09T00:00:00,,,පැලුම් ඇති වීම,,,,7.244772,80.344337
Landslide,L,NBRO/LRRMD-KEG/KEG/KEGALL/LI/17/0023,KEG170031,Kegalle,Kegalle,2017-07-18T00:00:00,Bogala,58,""" රන්හේන "" , බෝගල , උඳුගොඩ.",""" රන්හේන "" , බෝගල , උඳුගොඩ.",කෑගල්ල-බුලත්කොහුපිටිය මාර්ගයේ ගමන් කර මාබෝපිටිය හන්දියෙන් වම් පසට ඇති දම්පැල්ගොඩ මාර්ගයේ ගමන,2017-06-06T00:00:00,2016-05-18T00:00:00,,අධික වර්ෂාව හේතුවෙන් නායයෑමේ අවධානම් තත්ත්වය,,,,7.157904,80.215048
Landslide,L,NBRO/LRRMD-KEG/KEG/MAWANE/LI/17/0030,KEG170038,Kegalle,Mawanella,2017-11-15T00:00:00,Weganthale,20,වෑගන්තලේ,වෑගන්තලේ,මාවනැල්ලේ සිට මීටර් 600 ක් පමණ කෑගල්ල දෙසට යන විට හමුවන පල්ලිය අසළින් වමට හැරී කෝන්දෙණිය පාරේ කිලෝ,2017-09-26T00:00:00,2017-09-15T00:00:00,,භූ අස්ථාවරත්වය,,,,7.274315,80.424309
Landslide,L,NBRO/LRRMD-KEG/KEG/MAWANE/LI/17/0036,KEG170044,Kegalle,Mawanella,2017-08-15T00:00:00,Beligammana,29E,"විදුහල්පතිතුමිය, කෑ/මාව/මෙඩේරිගම මහා විද්‍යාලය, හිඟුල.","විදුහල්පතිතුමිය, කෑ/මාව/මෙඩේරිගම මහා විද්‍යාලය, හිඟුල.","විදුහල්පතිතුමිය, කෑ/මාව/මෙඩේරිගම මහා විද්‍යාලය, හිඟුල.",2017-07-18T00:00:00,2017-07-16T00:00:00,,භූ අස්ථාවරත්වය,,,,7.14545,80.274887
Landslide,L,NBRO/LRRMD-KEG/KEG/YATIYN/LI/17/0039,KEG170047,Kegalle,Yatiyanthota,2017-11-01T00:00:00,Jayavinda Gama,132B,ජයවින්දාගම,ජයවින්දාගම,ජයවින්දාගම,2017-05-27T00:00:00,2017-05-26T00:00:00,03:00,නායයෑම් අවධානම් තත්ත්වය,,,,7.0587645,80.3333659
Landslide,L,NBRO/LRRMD-KEG/KEG/YATIYN/LI/17/0042,KEG170050,Kegalle,Yatiyanthota,2017-11-01T00:00:00,Polpitiya,135B,"පොල්පිටිය, වැලිහෙලතැන්න.","පොල්පිටිය, වැලිහෙලතැන්න.","පොල්පිටිය, වැලිහෙලතැන්න.",2017-05-15T00:00:00,2017-10-06T00:00:00,,නායයෑම් ආපදා තත්ත්වය,,,,7.0341995,80.355042
Landslide,L,NBRO/LRRMD-KEG/KEG/YATIYN/LI/17/0043,KEG170051,Kegalle,Yatiyanthota,2017-11-01T00:00:00,Polpitiya,135B,"හල්ගොල්ල, වැලිගෙල තැන්න.","හල්ගොල්ල, වැලිගෙල තැන්න.","හල්ගොල්ල, වැලිගෙල තැන්න.",2017-05-30T00:00:00,2017-05-25T00:00:00,,නායයෑමේ අවධානම් තත්ත්වය,,,,7.03615602,80.36084617
Landslide,L,NBRO/LRRMD-KEG/KEG/RUWANW/LI/17/0049,KEG170057,Kegalle,Ruwanwella,2017-10-02T00:00:00,Daluwalana,101A,රුවන්වැල්ල - වේයන්ගොඩ මාර්ගය,රුවන්වැල්ල - වේයන්ගොඩ මාර්ගය,රුවන්වැල්ල - වේයන්ගොඩ මාර්ගයේ කිලෝමීටර් 7.5 ක් පමණ දුර,2007-05-27T00:00:00,2017-05-26T00:00:00,,නායයෑම් ආපදා තත්ත්වය,,,,7.136848,80.2064482
Landslide,L,NBRO/LRRMD-KEG/KEG/RUWANW/LI/17/0063,KEG170071,Kegalle,Ruwanwella,2017-08-14T00:00:00,Mapitigama,103B,"අංක 108 ඒ, කහටගහවත්ත, ගෝණාගල.","අංක 108 ඒ, කහටගහවත්ත, ගෝණාගල.","අංක 108 ඒ, කහටගහවත්ත, ගෝණාගල.",2017-08-08T00:00:00,2017-08-01T00:00:00,,නායයෑම්,,,,7.0212621,80.2112702
Landslide,L,NBRO/LRRMD-KEG/KEG/WARAKA/LI/17/0067,KEG170075,Kegalle,Warakapola,2017-06-08T00:00:00,Welhella,89A,"කිරිගල්පොත්ත, වැල්හැල්ල.","කිරිගල්පොත්ත, වැල්හැල්ල.","කිරිගල්පොත්ත, වැල්හැල්ල.",2017-06-09T00:00:00,2017-06-01T00:00:00,,නායයෑම් ආපදා තත්ත්වය,,,,7.1307313,80.249818
Landslide,L,NBRO/LRRMD-KEG/KEG/DERANI/LI/17/0083,KEG170091,Kegalle,Deraniyagala,2017-06-02T00:00:00,Rasnakkanda,114B,"රස්නක්කන්ද, බුලත්වත්ත, දැරණියගල.","රස්නක්කන්ද, බුලත්වත්ත, දැරණියගල.","රස්නක්කන්ද, බුලත්වත්ත, දැරණියගල.",2017-06-07T00:00:00,2017-05-14T00:00:00,15:30,නායයෑම ආපදා තත්ත්වය,,,,6.922029,80.3174672
Landslide,L,NBRO/LRRMD-KEG/KEG/GALIGA/LI/17/0104,KEG170112,Kegalle,Galigamuwa,2017-06-26T00:00:00,Narangoda,67,"නිව්බෝල්ට් ජනපදය, පිටගල්දෙණිය.","නිව්බෝල්ට් ජනපදය, පිටගල්දෙණිය.","නිව්බෝල්ට් ජනපදය, පිටගල්දෙණිය.",2017-06-09T00:00:00,2017-06-01T00:00:00,,නායයෑම,,,,7.1970687,80.29283
Landslide,L,NBRO/LRRMD-KEG/KEG/BULATK/LI/17/0110,KEG170118,Kegalle,Bulathkohupitiya,2017-06-26T00:00:00,Dedugala,131C,කෙල්වින් ජනපදය,කෙල්වින් ජනපදය,කෙල්වින් ජනපදය,2017-06-11T00:00:00,2017-06-01T00:00:00,-,නායයෑම.,,,,7.162218,80.209453
Landslide,L,NBRO/LRRMD-KEG/KEG/DEHIOV/LI/17/0121,KEG170129,Kegalle,Dehiovita,2017-06-16T00:00:00,Godagampala,121C,"කටුවල කන්ද, ගොඩගම්පල.","කටුවල කන්ද, ගොඩගම්පල.","කටුවල කන්ද, ගොඩගම්පල.",2017-05-29T00:00:00,2017-05-25T00:00:00,,නායයෑමේ අවධානම,,,,6.873889286,80.31215648
Landslide,L,NBRO/LRRMD-KEG/KEG/DEHIOV/LI/17/0124,KEG170132,Kegalle,Dehiovita,2017-06-06T00:00:00,Ambalampitiya,121D,"අම්බලම්පිටිය, ගැටපෝරුවවත්ත, දෙහිඕවිට.","අම්බලම්පිටිය, ගැටපෝරුවවත්ත, දෙහිඕවිට.","අම්බලම්පිටිය, ගැටපෝරුවවත්ත, දෙහිඕවිට.",2017-05-27T00:00:00,2017-05-26T00:00:00,,නායයෑම.,,,,7.14752,80.185301
Landslide,L,NBRO/LRRMD-KEG/KEG/DEHIOV/LI/17/0126,KEG170134,Kegalle,Dehiovita,2017-06-09T00:00:00,Imbulpitiya,121,"අක්කර 70, ලේල්වල ජනපදය.","අක්කර 70, ලේල්වල ජනපදය.","අක්කර 70, ලේල්වල ජනපදය.",2017-05-31T00:00:00,2017-05-26T00:00:00,,නායයෑම.,,,,7.1511,80.186116
Landslide,L,NBRO/LRRMD-KEG/KEG/DEHIOV/LI/17/0127,KEG170135,Kegalle,Dehiovita,2017-06-12T00:00:00,Kurupetta,116A,තොන්ඩු කන්ද,තොන්ඩු කන්ද,තොන්ඩු කන්ද,2017-05-29T00:00:00,2017-05-26T00:00:00,05:00,නායයෑම.,,,,7.142196,80.203234
Landslide,L,NBRO/LRRMD-KEG/KEG/DEHIOV/LI/17/0128,KEG170136,Kegalle,Dehiovita,2017-06-08T00:00:00,Welangalla,125A,"සී 92/1, වෙලන්ගල්ල, ගැටහැත්ත.","සී 92/1, වෙලන්ගල්ල, ගැටහැත්ත.","සී 92/1, වෙලන්ගල්ල, ගැටහැත්ත.",2017-05-28T00:00:00,2017-05-26T00:00:00,,නායයෑම.,,,,7.141616,80.190465
Landslide,L,NBRO/LRRMD-KEG/KEG/DEHIOV/LI/17/0138,KEG170146,Kegalle,Dehiovita,2017-06-19T00:00:00,Batangala,123,"යෝගම කොටස, ලලාන් වැවිලි සමාගම, මහඔය වැවිලි සමාගම, දෙහිඕවිට.","යෝගම කොටස, ලලාන් වැවිලි සමාගම, මහඔය වැවිලි සමාගම, දෙහිඕවිට.","යෝගම කොටස, ලලාන් වැවිලි සමාගම, මහඔය වැවිලි සමාගම, දෙහිඕවිට.",2017-06-07T00:00:00,2017-05-26T00:00:00,05:00,නායයෑම,,,,7.143952,80.190695
Landslide,L,NBRO/LRRMD-KEG/KEG/DEHIOV/LI/17/0140,KEG170148,Kegalle,Dehiovita,2017-06-12T00:00:00,Ambalampitiya,121D,"ඉහළ තලපිටිය, පනාවල.","ඉහළ තලපිටිය, පනාවල.","ඉහළ තලපිටිය, පනාවල.",2017-05-30T00:00:00,2017-05-26T00:00:00,,නායයෑම,,,,7.146205,80.185588
Landslide,L,NBRO/LRRMD-KEG/KEG/DEHIOV/LI/17/0143,KEG170151,Kegalle,Dehiovita,2017-06-13T00:00:00,Kelegama,117A,"කපුඇල්ල, නාපාවල.","කපුඇල්ල, නාපාවල.","කපුඇල්ල, නාපාවල.",2017-05-29T00:00:00,2017-05-26T00:00:00,23:00,නායයෑමේ අවධානම,,,,7.139678,80.199481
Landslide,L,NBRO/LRRMD-KEG/KEG/DEHIOV/LI/17/0144,KEG170152,Kegalle,Dehiovita,2017-06-26T00:00:00,Bomaluwa,124A,"නන්දනී, මානියන්ගම, අවිස්සාවේල්ල.","නන්දනී, මානියන්ගම, අවිස්සාවේල්ල.","නන්දනී, මානියන්ගම, අවිස්සාවේල්ල.",2017-06-12T00:00:00,2017-05-26T00:00:00,03:30,නායයෑම,,,,6.936025,80.239997
Landslide,L,NBRO/LRRMD-KEG/KEG/DEHIOV/LI/17/0146,KEG170154,Kegalle,Dehiovita,2017-06-26T00:00:00,Galabalana Kanda,124C,පොල්හේන කොටසේ අතුලබඩහේන ඉහළ කොටස,පොල්හේන කොටසේ අතුලබඩහේන ඉහළ කොටස,පොල්හේන කොටසේ අතුලබඩහේන ඉහළ කොටස,2017-06-12T00:00:00,2017-06-01T00:00:00,,නායයෑම,,,,6.949155,80.235731
Landslide,L,NBRO/LRRMD-KEG/KEG/DEHIOV/LI/17/0147,KEG170155,Kegalle,Dehiovita,2017-06-06T00:00:00,Madagammana,122B,"තලපිටියවත්ත, නොම්මර 01 ලයින් කාමර","තලපිටියවත්ත, නොම්මර 01 ලයින් කාමර","තලපිටියවත්ත, නොම්මර 01 ලයින් කාමර",2017-05-27T00:00:00,2017-05-26T00:00:00,,නායයෑම,,,,7.145654,80.186503
Landslide,L,NBRO/LRRMD-KEG/KEG/DEHIOV/LI/17/0149,KEG170157,Kegalle,Dehiovita,2017-08-03T00:00:00,Thimbiripola,118D,ඉඹුලකන්ද,ඉඹුලකන්ද,ඉඹුලකන්ද,2017-07-25T00:00:00,2017-07-01T00:00:00,,නායයෑම,,,,7.141704,80.196493
Landslide,L,NBRO/LRRMD-KEG/KEG/DEHIOV/LI/17/0150,KEG170158,Kegalle,Dehiovita,2017-06-16T00:00:00,Rangegama,122A,"ඩී 17, තැලුම්පිටිය, ගැටහැත්ත.","ඩී 17, තැලුම්පිටිය, ගැටහැත්ත.","ඩී 17, තැලුම්පිටිය, ගැටහැත්ත.",2017-06-02T00:00:00,2017-05-20T00:00:00,03:30,නායයෑම,,,,6.917143495,80.2524452
Landslide,L,NBRO/LRRMD-KEG/KEG/DEHIOV/LI/17/0151,KEG170159,Kegalle,Dehiovita,2017-06-12T00:00:00,Madola,125,"මොරගහහේන වත්ත, මාදොල.","මොරගහහේන වත්ත, මාදොල.","මොරගහහේන වත්ත, මාදොල.",2017-05-31T00:00:00,2017-05-26T00:00:00,,නායයෑම,,,,6.92060164,80.2157746
Landslide,L,NBRO/LRRMD-KEG/KEG/ARANAY/LI/17/0173,KEG170181,Kegalle,Aranayaka,2017-10-17T00:00:00,Narangala,58F,"සංග්‍රම්මලය, නාරංගල, අම්බලකන්ද, අරණායක.","සංග්‍රම්මලය, නාරංගල, අම්බලකන්ද, අරණායක.",කෑගල්ල - අරණායක මාර්ගයේ අරණායක හන්දියෙන් අම්බලකන්ද මාර්ගයේ (දකුණු පස මාර්ගයේ) නාරංගල හන්දිය තෙක,2018-01-19T00:00:00,2017-10-01T00:00:00,,නායයෑමේ අවධානම් තත්ත්වය,,,,7.163102,80.216241
Landslide,L,NBRO/LRRMD-KEG/KEG/ARANAY/LI/17/0175,KEG170183,Kegalle,Aranayaka,2017-07-04T00:00:00,Wattegedara,16G,"උඩතැන්න, වත්තේගෙදර, ගල්අතර.","උඩතැන්න, වත්තේගෙදර, ගල්අතර.","උඩතැන්න, වත්තේගෙදර, ගල්අතර.",2017-12-20T00:00:00,2017-06-01T00:00:00,,නායයෑමේ අවධානම් තත්ත්වය,,,,7.160687,80.2212
Landslide,L,NBRO/LRRMD-KEG/KEG/ARANAY/LI/17/0179,KEG170187,Kegalle,Aranayaka,2017-07-05T00:00:00,Asmadala,16D,දියාගල හේන නොහොත් වටදෙණිය වත්ත.,දියාගල හේන නොහොත් වටදෙණිය වත්ත.,මාවනැල්ල නගරයේ සිට අරණායක - මාවනැල්ල - හොරේවල මාර්ගයේ (B278) උස්සාපිටිය හන්දිය තෙක් ගමන් කර එයින් දක,2019-04-09T00:00:00,2017-07-01T00:00:00,,නායයෑම් අවදානම් තත්ත්වය පරීක්ෂා කිරීම.,,,,7.20412,80.4157
Landslide,L,NBRO/LRRMD-KEG/KEG/KEGALL/LI/18/0030,KEG180058,Kegalle,Kegalle,2018-07-18T00:00:00,Athurupana,57,දෙගලතිරිය මාර්ගය     i. CH1+340 RHS - ස්ථානය 01  ii. CH1+565 LHS - ස්ථානය 02,දෙගලතිරිය මාර්ගය     i. CH1+340 RHS - ස්ථානය 01  ii. CH1+565 LHS - ස්ථානය 02,කෑගල්ල නගරයේ සිට කෑගල්ල - බුලත්කොහුපිටිය - කරවනැල්ල (A-21) මාර්ගයේ කිලෝමීටර් 13ක් පමණ ගියපසු හමුවන දම,2018-06-05T00:00:00,2018-05-21T00:00:00,,අධික වර්ෂාව,,,,7.161353,80.376417
Landslide,L,NBRO/LRRMD-KEG/KEG/KEGALL/LI/18/0035,KEG180063,Kegalle,Kegalle,2018-06-20T00:00:00,Godigamuwa,54,කෑගල්ල - බුලත්කොහුපිටිය මාර්ගය (A-21),කෑගල්ල - බුලත්කොහුපිටිය මාර්ගය (A-21),"කෑගල්ල නගරයේ සිට කෑගල්ල - බුලත්කොහුපිටිය මාර්ගයට (A-21)ට පිවිසිය හැකි අතර CH8+715, CH11+960 සහ CH12+845 යන ස්ථාන ආශ්",2018-05-08T00:00:00,,,අධික වර්ෂාව,,,,7.188308,80.359908
Landslide,L,NBRO/LRRMD-KEG/KEG/KEGALL/LI/18/0045,KEG180073,Kegalle,Kegalle,2018-03-01T00:00:00,Wadupola,48E,"අංක 45, පන්දෙණිය, වඩුපොල, අලපලාවල.","අංක 45, පන්දෙණිය, වඩුපොල, අලපලාවල.","අංක 45, පන්දෙණිය, වඩුපොල, අලපලාවල.",2018-02-28T00:00:00,,,-,,,,7.186878,80.39084
Landslide,L,NBRO/LRRMD-KEG/KEG/KEGALL/LI/18/0056,KEG180084,Kegalle,Kegalle,2018-09-03T00:00:00,Malavita,55B,"මලවිට, වැවතැන්න, හෙට්ටිමුල්ල.","මලවිට, වැවතැන්න, හෙට්ටිමුල්ල.",කෑගල්ල නගරයේ සිට කෑගල්ල බුලත්කොහුපිටිය මාර්ගයේ (A-1) කිලෝමීටර 04 ක් පමණ දුරක් ගිය පසු පරගම්මන හන්දි,2018-05-08T00:00:00,2018-04-28T00:00:00,,නායයෑමක් හෝ භූ අස්ථාවරත්වයක් නැත. නිවස ඉදිකිරීමෙහි අවිධිමත් බව නිසාවෙන් පැලුම් ඇති වී ඇත.,,,,7.1888612,80.343887
Landslide,L,NBRO/LRRMD-KEG/KEG/KEGALL/LI/18/0058,KEG180086,Kegalle,Kegalle,2018-09-11T00:00:00,Dikella,53D,"අංක 32, ජයසිරි, දික්ඇල්ල, අඹන්පිටිය, ගලිගමුව නගරය.","අංක 32, ජයසිරි, දික්ඇල්ල, අඹන්පිටිය, ගලිගමුව නගරය.","කෑගල්ල නගරයේ සිට කොළඹ - මහනුවර (A1) ප්‍රධාන මාර්ගයේ , සියඹලාපිටිය ප්‍රදේශයට පිවිස එතැන් සිට බෙරගලට",2018-05-08T00:00:00,2018-04-29T00:00:00,18:00,-,,,,7.2362016,80.3289216
Landslide,L,NBRO/LRRMD-KEG/KEG/MAWANE/LI/18/0077,KEG180105,Kegalle,Mawanella,2018-11-08T00:00:00,Dunugama Maliyadda,24B,"දෙහිඅත්තහේන, මීපිටිවල, දොරොව්ව, පැල්පොලවත්ත, මාලියද්ද, උඩවත්ත, මාකෙහෙල්වල.","දෙහිඅත්තහේන, මීපිටිවල, දොරොව්ව, පැල්පොලවත්ත, මාලියද්ද, උඩවත්ත, මාකෙහෙල්වල.",කෑගල්ල නගරයේ සිට කොළඹ - නුවර මාර්ගයේ මාවනැල්ල නගරය තෙක් ගමන් කර එයින් මාර්ගයේ වම් පස පිහිටි මාවන,2018-05-22T00:00:00,2018-05-15T00:00:00,17:00,භූ අස්ථාවරත්වය,,,,7.27686889,80.473803
Landslide,L,NBRO/LRRMD-KEG/KEG/DERANI/LI/18/0129,KEG180157,Kegalle,Deraniyagala,2018-05-22T00:00:00,Kosgahakanda,113A,"මැලේරියා පාර, වීදියවත්ත, කොස්ගහකන්ද.","මැලේරියා පාර, වීදියවත්ත, කොස්ගහකන්ද.","කෑගල්ල, ගලිගමුව, රුවන්වැල්ල, දෙහිඕවිට නගර හරහා දැරණියගලට පිවිස දැරණියගලින් මියනවිට මාර්ගය හරහා",2018-05-22T00:00:00,2018-05-20T00:00:00,,නායයෑම් ආපදා තත්ත්වය,,,,6.87848,80.3758
Landslide,L,NBRO/LRRMD-KEG/KEG/DERANI/LI/18/0131,KEG180159,Kegalle,Deraniyagala,2018-05-21T00:00:00,Miyanavita,114G,"එම් 89/ඒ, මියනවිට, දැරණියගල.","එම් 89/ඒ, මියනවිට, දැරණියගල.","කෑගල්ල, ගලිගමුව, රුවන්වැල්ල, දෙහිඕවිට නගර හරහා දැරණියගලට පිවිස දැරණියගලින් මියනවිට මාර්ගයේ කිල",2018-05-22T00:00:00,2018-05-19T00:00:00,,අධික වර්ෂාපතනය,,,,6.8827,80.36067
Landslide,L,NBRO/LRRMD-KEG/KEG/DERANI/LI/18/0132,KEG180160,Kegalle,Deraniyagala,2018-05-28T00:00:00,Kosgahakanda,113A,"අංක 114-ජී, මියනවිට ග්‍රාම නිලධාරි වසම","අංක 114-ජී, මියනවිට ග්‍රාම නිලධාරි වසම","කෑගල්ල නගරයේ සිට ගලිගමුව, රුවන්වැල්ල, දෙහිඕවි‍ට නගර හරහා දැරණියගල නගරයට පිවිස එම නගරයේ සිට කොස්",2018-05-22T00:00:00,2018-05-21T00:00:00,14:30,අධික වර්ෂාපතනය,,,,6.871969,80.36585
Landslide,L,NBRO/LRRMD-KEG/KEG/BULATK/LI/18/0171,KEG180199,Kegalle,Bulathkohupitiya,2018-06-11T00:00:00,Alawathura,61A,"ගනේගොඩ කන්ද, පිට්ටෑගම, අලවතුර.","ගනේගොඩ කන්ද, පිට්ටෑගම, අලවතුර.",කෑගල්ල නගරයේ සිට කෑගල්ල - බුලත්කොහුපිටිය මාර්ගයේ කිලෝමීටර් 23 ක් පමණ ගිය පසු අලවතුර ප්‍රදේශයට ළග,2018-06-02T00:00:00,2018-05-20T00:00:00,,නායයෑම් අවධානම,,,,7.11891,80.335411
Landslide,L,NBRO/LRRMD-KEG/KEG/BULATK/LI/18/0181,KEG180209,Kegalle,Bulathkohupitiya,2018-03-08T00:00:00,Uduwa,130,"පන්සල පාර, දේදුගල, බුලත්කොහුපිටිය.","පන්සල පාර, දේදුගල, බුලත්කොහුපිටිය.",කෑගල්ල නගරයේ සිට කෑගල්ල බුලත්කොහුපිටිය කරවනැල්ල මාර්ගයේ කිලෝමීටර් 26 ක පමණ ගිය පසු වම් පසට හමු ව,2018-05-11T00:00:00,2018-02-28T00:00:00,,නායයෑම් අවධානම් තත්ත්වය,,,,7.0982766,80.399617
Landslide,L,NBRO/LRRMD-KEG/KEG/ARANAY/LI/18/0216,KEG180244,Kegalle,Aranayaka,2018-11-26T00:00:00,Gevilipitiya Town,45B,"අංක 11, වසන්තගම. ගැවිලිපිටිය.","අංක 11, වසන්තගම. ගැවිලිපිටිය.",මාවනැල්ල නගරයේ සිට මාවනැල්ල - අරණායක - හොරේවල මාර්ගයේ (B278) ගැවිලිපිටිය හන්දියතෙක් ගමන් කර ගැවිලිප,2019-03-07T00:00:00,2018-11-01T00:00:00,,නායයෑම් අවදානම් තත්ත්වය,,,,7.18154,80.44762
Landslide,L,NBRO/LRRMD-KEG/KEG/KEGALL/LI/19/0040,KEG190053,Kegalle,Kegalle,2019-11-01T00:00:00,Wadupola,48E,"වඩුපොල වත්ත, රංවල කොටස, වතුර.","වඩුපොල වත්ත, රංවල කොටස, වතුර.",කෑගල්ල නගරයේ සිට කෑගල්ල - බුලත්කොහුපිටිය - කරවනැල්ල (A21) මාර්ගයෙන් හෙට්ටිමුල්ලට පිවිස එතැන් සිට ද,2019-10-09T00:00:00,,,නිවස ආශ්‍රිත ප්‍රදේශයේ පවතින නායයෑම් අවදානම් තත්වය,,,,7.194223,80.378713
Landslide,L,NBRO/LRRMD-KEG/KEG/KEGALL/LI/19/0050,KEG190063,Kegalle,Kegalle,2019-05-15T00:00:00,Rotuwa,56,"සමෘද්ධි බැංකුව, මාබෝපිටිය.","සමෘද්ධි බැංකුව, මාබෝපිටිය.",කෑගල්ල නගරයේ සිට කෑගල්ල - බුලත්කොහුපිටිය - කරවනැල්ල මාර්ගයේ (A21) කිලෝමීටර් 13ක් පමණ ගියපසු  මාර්ගයෙ,2018-10-08T00:00:00,2018-10-05T00:00:00,,-,,,,7.157641,80.367531
Landslide,L,NBRO/LRRMD-KEG/KEG/KEGALL/LI/19/0052,KEG190065,Kegalle,Kegalle,2019-02-19T00:00:00,Udumagama,48D,"ඇටීවත්ත, උඩුමාගම, හෙට්ටිමුල්ල.","ඇටීවත්ත, උඩුමාගම, හෙට්ටිමුල්ල.",කෑගල්ල නගරයේ සිට කෑගල්ල - බුලත්කොහුපිටිය - කරවනැල්ල (A-21) මාර්ගයේ කිලෝමීටර් 06 ක් පමණ දුරක් ගියපසු හෙ,2018-11-07T00:00:00,2018-11-06T00:00:00,18:00,අධික වර්ෂාව සහ අවිධිමත් භූමි පරිහරණ රටාව,,,,7.201791,80.38335
Landslide,L,NBRO/LRRMD-KEG/KEG/KEGALL/LI/19/0053,KEG190066,Kegalle,Kegalle,2019-02-20T00:00:00,Udumagama,48D,"මැදගෙදර, පල්ලේගම, ගංතුන.","මැදගෙදර, පල්ලේගම, ගංතුන.",කෑගල්ල නගරයේ සිට කෑගල්ල - බුලත්කොහුපිටිය - කරවනැල්ල මාර්ගයේ කිලෝමීටර් 19 ක් පමණ දුරක් ගිය පසු හමුව,2018-05-27T00:00:00,2018-05-25T00:00:00,11:00,-,,,,7.127811,80.400589
Landslide,L,NBRO/LRRMD-KEG/KEG/MAWANE/LI/19/0073,KEG190086,Kegalle,Mawanella,2019-06-20T00:00:00,Ambulugala,15,"අක්කර 10, අම්බුලුගල, මාවනැල්ල.","අක්කර 10, අම්බුලුගල, මාවනැල්ල.",කෑගල්ල - නගරයේ සිට මාවනැල්ල දෙසට (මාර්ගයේ) ගමන් කළ විට උතුවන්කන්ද හන්දියෙන් දකුණට පිහිටි දෙහිමඩු,2019-02-08T00:00:00,2018-06-04T00:00:00,,නිවාස ආශ්‍රිත ව පැලුම් ඇති වීම.,,,,7.24593913,80.41660286
Landslide,L,NBRO/LRRMD-KEG/KEG/MAWANE/LI/19/0086,KEG190099,Kegalle,Mawanella,2019-05-15T00:00:00,Hingula,29,"සී.117/1, පල්ලෙමාකඩවර, හිඟුල.","සී.117/1, පල්ලෙමාකඩවර, හිඟුල.",මාවනැල්ල නගරයේ සිට නුවර - කොළඹ මාර්ගයේ (A1) ඉදිරියට ගමන් කළ විට හිඟුල පාලම ආරම්භ කිරීමට ප්‍රථම මාර්,2018-10-19T00:00:00,2018-10-09T00:00:00,,නායයෑම් අවධානම් තත්ත්වය,,,,7.24634,80.48057
Landslide,L,NBRO/LRRMD-KEG/KEG/MAWANE/LI/19/0088,KEG190101,Kegalle,Mawanella,2019-03-07T00:00:00,Muruthawala,29D,"කෝවිලේමංකඩ කුඹුර, මුරුතවල.","කෝවිලේමංකඩ කුඹුර, මුරුතවල.","කෝවිලේමංකඩ කුඹුර, මුරුතවල.",2019-03-12T00:00:00,2019-03-07T00:00:00,,භූ විද්‍යාත්මක තත්ත්වය පරීක්ෂා කිරීම,,,,7.25442337,80.45654895
Landslide,L,NBRO/LRRMD-KEG/KEG/MAWANE/LI/19/0098,KEG190111,Kegalle,Mawanella,2019-11-20T00:00:00,Kehelpannala West,40A,"බී 92, පල්ලේගම, කෙහෙල්පන්නල(පල්ලේගම හරහා කොටේගොඩ මාර්ගය)","බී 92, පල්ලේගම, කෙහෙල්පන්නල(පල්ලේගම හරහා කොටේගොඩ මාර්ගය)",මාවනැල්ල නගරයේ සිට මාවනැල්ල - හෙම්මාතගම - සිංහපිටිය මාර්ගයේ කෙහෙල්පන්නල හන්දියෙන් කොට්ගොඩ මාර්,2019-10-04T00:00:00,2016-05-15T00:00:00,,නායයෑම් ආපදා තත්ත්වය,,,,7.16039,80.51626
Landslide,L,NBRO/LRRMD-KEG/KEG/YATIYN/LI/19/0107,KEG190120,Kegalle,Yatiyanthota,2019-05-01T00:00:00,Parussella,106A,"පරුස්සැල්ල, යටියන්තොට.","පරුස්සැල්ල, යටියන්තොට.",යටියන්තොට නගරයෙන් වමට දිවෙන සීපෝත් මාර්ගයේ පරුස්සැල්ල හන්දියෙන් දකුණට දිවෙන නවට මාර්ගයේ කිලෝ,2019-04-18T00:00:00,2017-05-15T00:00:00,,අධික වර්ෂාපතනය,,,,7.027958,80.317147
Landslide,L,NBRO/LRRMD-KEG/KEG/YATIYN/LI/19/0111,KEG190124,Kegalle,Yatiyanthota,2019-01-21T00:00:00,Ganepalla,135,"ඩී 91/9, වෑකන්ද, ගනේපල්ල, තැලිගම.","ඩී 91/9, වෑකන්ද, ගනේපල්ල, තැලිගම.",කිතුල්ගල - හැටන් මාර්ගයේ නවට හන්දියෙන් දකුණට දිවෙන පොල්පිටිය මාර්ගයේ කිලෝමීටර් 10 ගිය පසු හමුවන,2018-11-19T00:00:00,2017-05-15T00:00:00,,ආන්තික වර්ෂාපතනය සහ අවිධිමත් භූමි පරිහරණය,,,,7.026392,80.355327
Landslide,L,NBRO/LRRMD-KEG/KEG/YATIYN/LI/19/0112,KEG190125,Kegalle,Yatiyanthota,2019-10-01T00:00:00,Hakbellawaka,135E,"නදීගම, තණකොලවත්ත, හබ්බෙල්ලාවක.","නදීගම, තණකොලවත්ත, හබ්බෙල්ලාවක.",කෑගල්ල නගරයේ සිට කෑගල්ල - බුලත්කොහුපිටිය කරවනැල්ල (A21) මාර්ගයෙන් කරවනැල්ල නගරයට පිවිස එතැන් සිට ව,2019-09-03T00:00:00,2019-08-01T00:00:00,16:00,අධික වර්ෂාව,,,,6.997668,80.331459
Landslide,L,NBRO/LRRMD-KEG/KEG/YATIYN/LI/19/0123,KEG190136,Kegalle,Yatiyanthota,2019-01-15T00:00:00,Ganepalla,135,"වෑකන්ද, ගනේපල්ල, තැලිගම.","වෑකන්ද, ගනේපල්ල, තැලිගම.",කිතුල්ගල - හැටන් මාර්ගයේ නවට හන්දියෙන් දකුණට දිවෙන පොල්පිටිය මාර්ගයේ කිලෝමීටර් 10 ක් පමණ ගිය පසු,2018-11-19T00:00:00,2013-12-30T00:00:00,,වර්ෂාපතනය සහ අවිධිමත් භූමි පරිහරණය,,,,7.026755,80.355806
Landslide,L,NBRO/LRRMD-KEG/KEG/RUWANW/LI/19/0125,KEG190138,Kegalle,Ruwanwella,2019-03-20T00:00:00,Galapitamada,99B,වරකාපොල - රුවන්වැල්ල මාර්ගයේ 13/4 බෝක්කුව අසල,වරකාපොල - රුවන්වැල්ල මාර්ගයේ 13/4 බෝක්කුව අසල,වරකාපොල - රුවන්වැල්ල මාර්ගයේ 13/4 බෝක්කුව අසල,2019-03-06T00:00:00,2016-06-01T00:00:00,,භූ අස්ථාවරතාවය,,,,7.13682,80.23504
Landslide,L,NBRO/LRRMD-KEG/KEG/RUWANW/LI/19/0128,KEG190141,Kegalle,Ruwanwella,2019-11-01T00:00:00,Palle Kanugala,102B,"සී 63, වටවල, පල්ලේකඳුගල. අමිතිරිගල.","සී 63, වටවල, පල්ලේකඳුගල. අමිතිරිගල.",අවිස්සාවේල්ල - අමිතිරිගල මාර්ගයේ සිට තල්දූවේ සිට නක්කාවල හන්දිය (කිලේ මීටර් 4) පැමිණ එතැන් සිට පල,2019-08-19T00:00:00,2019-08-01T00:00:00,,භූ අස්ථාවරතාවය,,,,6.996869,80.182531
Landslide,L,NBRO/LRRMD-KEG/KEG/DERANI/LI/19/0190,KEG190203,Kegalle,Deraniyagala,2019-12-11T00:00:00,Wattegedara,114D,"පහළකොටස, ඉලුක්තැන්න වත්ත, දැරණියගල.","පහළකොටස, ඉලුක්තැන්න වත්ත, දැරණියගල.","කෑගල්ල නගරයේ සිට කොළඹ - නුවර ප්‍රධාන මාර්ගයෙන් (A1) ගලිගමුවටත්, ගලිගමුවේ සිට ගලිගමුව - වරාවල (B127) මාර්",2019-10-25T00:00:00,2019-10-12T00:00:00,15:00,"එම්.ඩබ්.එල්.අයි.සුගතපාල,ආපදා සහනසේවා නිලධාරී,  දැරණියගල ප්‍රාදේශීය ලේකම් කාර්යාලය",,,,6.948947,80.327184
Landslide,L,NBRO/LRRMD-KEG/KEG/DEHIOV/LI/19/0255,KEG190268,Kegalle,Dehiovita,2019-06-26T00:00:00,Hinguralakanda West,120A,"දීගලවත්ත, හිගුරලකන්ද, දෙහිඕවිට.","දීගලවත්ත, හිගුරලකන්ද, දෙහිඕවිට.",දෙහිඕවිට - පනාවල පාරේ කිලෝමීටර් 07 ක් ගොස් බටංගල හන්දියට පිවිස එතැනින් වමට දිවෙන හිගුරගකන්ද පාරේ,2019-06-25T00:00:00,2019-06-01T00:00:00,,නාය යෑම.,,,,6.917274,80.281818
Landslide,L,NBRO/LRRMD-KEG/KEG/ARANAY/LI/19/0268,KEG190281,Kegalle,Aranayaka,2019-10-28T00:00:00,Elangipitiya,47F,"නාරංගල ජනපද මාර්ගය, තවාන කොටස, ඇටඹ ගස කොටස, එළඟපිටිය.","නාරංගල ජනපද මාර්ගය, තවාන කොටස, ඇටඹ ගස කොටස, එළඟපිටිය.",මාවනැල්ල නගරයේ සිට මාවනැල්ල - අරණායක - හොරේවල (B278) නගරයේ සිට අරණායක දක්වා ඉදිරියට ගමන් ගන්නා විට හම,2019-10-29T00:00:00,2019-10-27T00:00:00,,මාර්ගයේ කුහරයක් ඇතිවී ඒ අභ්‍යන්තරයට වර්ෂා ජලය ගලා යාම.,,,,7.15439,80.43639
Landslide,L,NBRO/LRRMD-KEG/KEG/ARANAY/LI/19/0271,KEG190284,Kegalle,Aranayaka,2019-02-11T00:00:00,Debathgama Pallebage,47A,"ඩී 13, පරපිටිය ජනපදය, දෙබත්ගම, කෑගල්ල.","ඩී 13, පරපිටිය ජනපදය, දෙබත්ගම, කෑගල්ල.",මාවනැල්ලේ සිට අරණායක පාරේ කිලෝ මීටර් 8 ක් ගිය විට හමු වන ගැවිලිපිටිය හන්දියෙන් දකුණට හැරී කිලෝ ම,2019-02-05T00:00:00,2019-02-01T00:00:00,,නායයෑම් ආපදා තත්ත්වය.,,,,7.18237,80.42645
Landslide,L,NBRO/LRRMD-KEG/KEG/ARANAY/LI/19/0273,KEG190286,Kegalle,Aranayaka,2019-01-17T00:00:00,Deiyanwala,41E,"ඩී/45, බෙරවිල ජනපදය, දෙයියන්වල, අරණායක.","ඩී/45, බෙරවිල ජනපදය, දෙයියන්වල, අරණායක.",මාවනැල්ල නගරයේ සිට මාවනැල්ල - අරණායක හොරේවල මාර්ගයේ (බී 278) තෙක් ගමන් කර හොරේවල හන්දියෙන් දකුණට පි,2019-01-09T00:00:00,2018-12-24T00:00:00,15:00,නායයෑම් ආපදා තත්ත්වය.,,,,7.13680862,80.46561225
Landslide,L,NBRO/LRRMD-KEG/KEG/ARANAY/LI/19/0280,KEG190293,Kegalle,Aranayaka,2019-04-08T00:00:00,Moragammana,47C,මෝරාගම්මන - වැලිකන්ද අමුවත්ත මාර්ගය,මෝරාගම්මන - වැලිකන්ද අමුවත්ත මාර්ගය,කෑගල්ල -නුවර මාර්ගයේ (A1) මාවනැල්ල තෙක් ගමන් කර මාවනැල්ලෙන් අරණායක - හොරේවල මාර්ගයේ ගැවිලිපිටිය තෙ,2019-05-02T00:00:00,2019-04-03T00:00:00,,නායයෑම් අවදානම් තත්ත්වය පරීක්ෂා කිරීම.,,,,7.17694,80.44043
Landslide,L,NBRO/LRRMD-KEG/KEG/KEGALL/LI/20/0007,KEG200007,Kegalle,Kegalle,2020-09-28T00:00:00,Dikella,53D,"දික් ඇල්ල, කෑගල්ල","දික් ඇල්ල, කෑගල්ල",-,2021-02-11T00:00:00,2021-02-11T00:00:00,-,-,-,-,-,7.229106,80.342557
Landslide,L,NBRO/LRRMD-KEG/KEG/WARAKA/LI/20/0041,KEG200042,Kegalle,Warakapola,2020-12-28T00:00:00,Thalgahadeniya,95B,"අල්ගම වත්ත, දංඕවිට","අල්ගම වත්ත, දංඕවිට",,2020-12-26T00:00:00,,,,,,,7.1805153,80.1829038
Landslide,L,NBRO/LRRMD-KEG/KEG/WARAKA/LI/20/0044,KEG200045,Kegalle,Warakapola,2020-12-07T00:00:00,Pallepelpita,88C,"62/1, කන්නත්තොට, පරදෙණිය","62/1, කන්නත්තොට, පරදෙණිය",,2020-12-02T00:00:00,,,,,,,7.103832,80.2683236
Landslide,L,NBRO/LRRMD-KEG/KEG/DEHIOV/LI/20/0075,KEG200085,Kegalle,Dehiovita,2020-09-24T00:00:00,Uduvila,118C,"කඹුරාපොල, දෙහිඕවිට","කඹුරාපොල, දෙහිඕවිට",,2020-12-08T00:00:00,,,,,,,6.986074,80.236267
Landslide,L,NBRO/LRRMD-KEG/KEG/RUWANW/LI/20/0085,KEG200095,Kegalle,Ruwanwella,2020-04-08T00:00:00,Medagoda,103,"ක්ලාරා ජනපදය, කුඩගම, අමිතිරිගල","ක්ලාරා ජනපදය, කුඩගම, අමිතිරිගල",,2021-04-08T00:00:00,2021-03-29T00:00:00,,,,,,6.97979,80.19698
Landslide,L,NBRO/LRRMD-KEG/KEG/YATIYN/LI/20/0091,KEG200101,Kegalle,Yatiyanthota,2020-05-22T00:00:00,Meegasthenna,115E,"ගිනිකුළුවත්ත පාර, පනාවත්ත, යටියන්තොට","ගිනිකුළුවත්ත පාර, පනාවත්ත, යටියන්තොට",,2020-09-23T00:00:00,,,,,,,7.0009559,80.30124
Landslide,L,NBRO/LRRMD-KEG/KEG/YATIYN/LI/20/0096,KEG200106,Kegalle,Yatiyanthota,2020-07-08T00:00:00,Berannawa,131D,"බෙරන්නාව, යටියන්තොට","බෙරන්නාව, යටියන්තොට",,2021-03-12T00:00:00,,,,,,,7.07282,80.414081
Landslide,L,NBRO/LRRMD-KEG/KEG/YATIYN/LI/20/0098,KEG200108,Kegalle,Yatiyanthota,2020-07-28T00:00:00,Malalpola,132A,"6 කණුව, නව පොලටගම, මළල්පොල, යටියන්තොට","6 කණුව, නව පොලටගම, මළල්පොල, යටියන්තොට",,2021-02-01T00:00:00,,,,,,,7.054991,80.340838
Landslide,L,NBRO/LRRMD-KEG/KEG/KEGALL/LI/20/0245,KEG200256,Kegalle,Kegalle,0001-01-01T00:00:00,Meepitiya,51G,මීපිටිය,"කෑ/ශාන්ත මරියා විද්‍යාලය, මීපිටිය ප්‍රාථමික විද්‍යාලය,  කෑගල්ල.",කෑගල්ල නගරයේ සිට නුවර දෙසට කිලෝමීටර් දෙකක් පමණ ගමන් කිරීමෙන් අදාළ ස්ථානයට ලඟාවිය හැක.,2020-06-24T00:00:00,,,-,,,,7.249706,80.36515
Landslide,L,NBRO/LRRMD-KEG/KEG/MAWANE/LI/20/0270,KEG200281,Kegalle,Mawanella,2020-11-25T00:00:00,Ambadeniya,37B,"A/08/01, බරන්දරේ ගෙදර,අඹදෙනිය,හෙම්මාතගම.","A/08/01, බරන්දරේ ගෙදර,අඹදෙනිය,හෙම්මාතගම.",කොළඹ - මහනුවර (A1) ප්‍රධාන ගොස් මාවනැල්ලේන් අරණායක මාර්ගය ඔස්සේ ගමන් කර  අඹදෙනිය මාර්ගයට පිවිස මෙම,2020-10-20T00:00:00,2020-09-24T00:00:00,,අධික වර්ෂාපතනය,,,,7.189756,80.479665
Landslide,L,NBRO/LRRMD-KEG/KEG/MAWANE/LI/20/0290,KEG200301,Kegalle,Mawanella,2020-11-20T00:00:00,Muruthawala,29D,"A 17/7, සමිතිය පාර, මුරුතවල, මාවනැල්ල.","A 17/7, සමිතිය පාර, මුරුතවල, මාවනැල්ල.",කොළඹ - නුවර ප්‍රධාන මාර්ගයේ මාවනැල්ල අලුත් පාර ඔස්සේ ගමන් කර මාවනැල්ල-රඹුක්කන මාර්ගයට පිවිස ඒ ඔස,2020-11-17T00:00:00,2020-11-01T00:00:00,,බැම්ම හේතුවෙන් ඇති වී ඇති අස්ථාවරත්වය,,,,7.260694,80.45017
Landslide,L,NBRO/LRRMD-KEG/KEG/YATIYN/LI/20/0304,KEG200315,Kegalle,Yatiyanthota,2020-06-30T00:00:00,Berannawa,131D,"නුගේමුලහේන, බෙරන්නාව, යටියන්තොට.","නුගේමුලහේන, බෙරන්නාව, යටියන්තොට.",යටියත්තොට නගරයෙන් වමට දිවෙන සීපෝත් මාර්ගයේ නිලෝමීටර් 21 පමණ ගමන් කිරීමෙන් අදාල ස්ථානයට ළඟාවිය හ,2019-02-26T00:00:00,2016-05-18T00:00:00,,අධික වර්ෂාපතනය හා අක්‍රමවත් පෘෂ්ඨීය ජලවහන රටාව,,,,7.073121,80.414903
Landslide,L,NBRO/LRRMD-KEG/KEG/YATIYN/LI/20/0305,KEG200316,Kegalle,Yatiyanthota,2020-05-01T00:00:00,Welihelathenna,135A,"මුගුණුවල, වැලිහෙලතැන්න, යටියන්තොට.","මුගුණුවල, වැලිහෙලතැන්න, යටියන්තොට.",යටියන්තොට නගරයේ සිට කිලෝමීටර 6 ක් ගොස් ලැවන්ට් හංදියෙන් වමට දිවෙන පොල්පිටිය පාරේ කිලෝමීටර්  5 ක්,2019-05-15T00:00:00,2017-05-15T00:00:00,,අධික වර්ෂාපතනය,,,,7.036878,80.332634
Landslide,L,NBRO/LRRMD-KEG/KEG/YATIYN/LI/20/0318,KEG200329,Kegalle,Yatiyanthota,2020-05-18T00:00:00,Mahavila,106C,"මහළිඳවත්ත, වරකාගොඩ.","මහළිඳවත්ත, වරකාගොඩ.","කෑගල්ල නගරයේ සිට කොළඹ - මහනුවර (A01) මාර්ගයෙන් ගලිගමුවටත්, ගලිගමුව සිට වරාවල (B127) මාර්ගයෙන් වරාවලටත්,",2020-05-14T00:00:00,2020-04-15T00:00:00,16:00,අධික වර්ෂාව,,,,7.0364,80.297442
Landslide,L,NBRO/LRRMD-KEG/KEG/YATIYN/LI/20/0320,KEG200331,Kegalle,Yatiyanthota,2020-06-15T00:00:00,Yatiyanthota,106,"අංක 399/4/A ගණිතකන්ද පාර, මීගහවෙල්ල, යටියන්තොට.","අංක 399/4/A ගණිතකන්ද පාර, මීගහවෙල්ල, යටියන්තොට.",යටියන්තොට නගරයේ සිට මීටර් 500 ක් කිතුල්ගල දෙසට ගොස් වමට දිවෙන කොන්ක්‍රීට් මාර්ගයේ මීටර් 400ක්  ගමන්,2018-10-20T00:00:00,2018-10-16T00:00:00,16:00,අධික වර්ෂාපතනය,,,,7.020995,80.299405
Landslide,L,NBRO/LRRMD-KEG/KEG/YATIYN/LI/20/0323,KEG200334,Kegalle,Yatiyanthota,2020-06-15T00:00:00,Dombepola,132,"පහලකෝවිලන්ද, දොඹේපොල, මලල්පොල.","පහලකෝවිලන්ද, දොඹේපොල, මලල්පොල.",කෑගල්ල - අවිස්සාවේල්ල මාර්ගයේ කරවනැල්ල හංදියෙන් වමට දිවෙන යටියන්තොට - හැටන් මාර්ගයේ කිලෝමීටර් 6,2019-01-10T00:00:00,2019-01-15T00:00:00,,අධික වර්ෂාපතනය,,,,7.070642,80.378242
Landslide,L,NBRO/LRRMD-KEG/KEG/YATIYN/LI/20/0326,KEG200337,Kegalle,Yatiyanthota,2020-06-10T00:00:00,Welihelathenna,135A,"විකුම්සිරිගම,වැලිහෙලතැන්න,යටියන්තොට.","විකුම්සිරිගම,වැලිහෙලතැන්න,යටියන්තොට.",යටියන්තොට නගරයේ සිට හැටන් පාරේ කිලෝමීටර් 4ක් පමන ගොස් ලැවන්ටි හංදියෙන් ලැවන්ට් මාර්ගයේ කිලෝමීට,2019-05-15T00:00:00,2019-05-05T00:00:00,,අධික වර්ෂාපතනය හා අක්‍රමවත් භූමි පරිහරණය,,,,7.042436,80.342314
Landslide,L,NBRO/LRRMD-KEG/KEG/YATIYN/LI/20/0327,KEG200338,Kegalle,Yatiyanthota,2020-07-20T00:00:00,Kabulumulla,106B,"ගල්ගොඩවෙල, කඹුළුමුල්ල,රුවන්වැල්ල.","ගල්ගොඩවෙල, කඹුළුමුල්ල,රුවන්වැල්ල.",කරවනැල්ල සිට හැටන් මාර්ගයේ කරවනැල්ලේ සිට මීටර් 400ක් පමණ ගොස් කඹුළුමුල්ල ආදර්ශ විද්‍යාලය අසලින්,2019-02-26T00:00:00,2019-02-20T00:00:00,,අධික වර්ෂාපතනය හා අක්‍රමවත් භූමි පරිහරණය,,,,7.0269629,80.263882
Landslide,L,NBRO/LRRMD-KEG/KEG/YATIYN/LI/20/0328,KEG200339,Kegalle,Yatiyanthota,2020-07-20T00:00:00,Malwatta,134C,"ආයුර්වේද පාර, මල්වත්ත, කිතුල්ගල.","ආයුර්වේද පාර, මල්වත්ත, කිතුල්ගල.",යටියන්තොට හැටන් මාර්ගයේ කි.මී. 19 ක් ගොස් හමුවන වමට දිවෙන දුනුකේදෙණිය මාර්ගයේ කි.මී 4 ක් ගමන් කිරීම,2019-05-15T00:00:00,2019-05-10T00:00:00,,"අධික වර්ෂාපතනය, අක්‍රමවත් පෘෂ්ඨීය ජලවහන රටාව හා භූමි පරිහරණය",,,,7.013287,80.414897
Landslide,L,NBRO/LRRMD-KEG/KEG/YATIYN/LI/20/0329,KEG200340,Kegalle,Yatiyanthota,2020-07-20T00:00:00,Malwatta,134C,කිතුල්ගල - දුන්කේදෙණිය මාර්ගය,කිතුල්ගල - දුන්කේදෙණිය මාර්ගය,"යටියන්තොට හැටන් මාර්ගයේ කිලෝමීටර් 19ක් ගොස් වමට දිවෙන දුනුකේදෙණිය මාර්ගයේ, මල්වත්ත හංදියේ සිට ක",2019-05-15T00:00:00,2019-05-05T00:00:00,,අධික වර්ෂාපතනය හා අක්‍රමවත් භූමි පරිහරණය,,,,7.016065,80.413613
Landslide,L,NBRO/LRRMD-KEG/KEG/YATIYN/LI/20/0333,KEG200344,Kegalle,Yatiyanthota,2020-07-13T00:00:00,Seepoth,131E,"කුඩප්පුමලේ, සී-පෝර්ත්  ජනපදය, යටියන්තොට.","කුඩප්පුමලේ, සී-පෝර්ත්  ජනපදය, යටියන්තොට.","කෑගල්ල නගරයේ සිට කොළඹ- මහනුවර (A01) මාර්ගයෙන් ගලිගමුවටත්, ගලිගමුව සිට වරාවල (B127) මාර්ගයෙන් වරාවලටත්,",2020-06-02T00:00:00,2020-06-01T00:00:00,,,,,,7.073438,80.444136
Landslide,L,NBRO/LRRMD-KEG/KEG/YATIYN/LI/20/0334,KEG200345,Kegalle,Yatiyanthota,2020-07-08T00:00:00,Berannawa,131D,"තිලක්සෙවන, බෙරන්නාව, යටියන්තොට.","තිලක්සෙවන, බෙරන්නාව, යටියන්තොට.","තිලක්සෙවන, බෙරන්නාව, යටියන්තොට.",2019-02-26T00:00:00,2019-02-20T00:00:00,,-,,,,7.0731936,80.414152
Landslide,L,NBRO/LRRMD-KEG/KEG/YATIYN/LI/20/0342,KEG200353,Kegalle,Yatiyanthota,2020-09-15T00:00:00,Amanawala,131A,"අමනාවල, බෙරන්නාව, යටියන්තොට.","අමනාවල, බෙරන්නාව, යටියන්තොට.","කෑගල්ල නගරයේ සිට කොළඹ- මහනුවර (A01) මාර්ගයෙන් ගලිගමුවටත්, ගලිගමුව සිට වරාවල (B127) මාර්ගයෙන් වරාවලටත්,",2020-06-17T00:00:00,2020-06-01T00:00:00,,භූ අස්ථාවරත්වය,,,,7.070423,80.390505
Landslide,L,NBRO/LRRMD-KEG/KEG/YATIYN/LI/20/0350,KEG200362,Kegalle,Yatiyanthota,2020-12-01T00:00:00,Dombepola,132,වතු කළමනාකාර බංගලාව.,වතු කළමනාකාර බංගලාව.,"කෑගල්ල නගරයේ සිට කොළඹ- මහනුවර (A01) මාර්ගයෙන් ගලිගමුවටත්, ගලිගමුව සිට වරාවල (B127) මාර්ගයෙන් වරාවලටත්,",2020-06-17T00:00:00,2020-06-01T00:00:00,,නිවස ඉරිතලා ඇත.,,,,7.054199,80.368019
Landslide,L,NBRO/LRRMD-KEG/KEG/YATIYN/LI/20/0351,KEG200363,Kegalle,Yatiyanthota,2020-12-01T00:00:00,Amanawala,131A,"අමනාවල, බෙරන්නාව, යටියන්තොට.","අමනාවල, බෙරන්නාව, යටියන්තොට.","කෑගල්ල නගරයේ සිට කොළඹ- මහනුවර (A01) මාර්ගයෙන් ගලිගමුවටත්, ගලිගමුව සිට වරාවල (B127) මාර්ගයෙන් වරාවලටත්,",2020-09-03T00:00:00,2020-05-16T00:00:00,,මාර්ග කැණීමක් නිසාවෙන් සිදු වූ භූ අස්ථාවර වීම.,,,,7.068741,80.396443
Landslide,L,NBRO/LRRMD-KEG/KEG/BULATK/LI/20/0497,KEG200509,Kegalle,Bulathkohupitiya,2020-06-26T00:00:00,Haloluwa,108A,"හල්ඔළුව, කන්නත්තොට.","හල්ඔළුව, කන්නත්තොට.","කෑගල්ල නගරයේ සිට කොළඹ- මහනුවර (A01) මාර්ගයෙන් ගලිගමුවටත්, ගලිගමුව සිට වරාවල (B127) මාර්ගයෙන් මත්තමගොඩ",2020-06-15T00:00:00,1989-02-01T00:00:00,,අධික වර්ෂාපතනය,,,,7.107127,80.292321
Landslide,L,NBRO/LRRMD-KEG/KEG/DEHIOV/LI/20/0502,KEG200514,Kegalle,Dehiovita,2020-07-06T00:00:00,Elavulla,121B,"දොඩංගොඩ,එලවුල්ල.","දොඩංගොඩ,එලවුල්ල.",කෑගල්ලේ සිට දෙහිඕවිට පනාවල ඇහැලියගොඩ හරහා පරකඩුවට පැමිණ පරකඩුව දිගෝව මාර්ගයේ දිද්දෙණිය හන්දි,2020-06-26T00:00:00,2020-06-26T00:00:00,08:30,අධික වර්ෂාපතනය,,,,6.8524188,80.3359285
Landslide,L,NBRO/LRRMD-KEG/KEG/RAMBUK/LI/21/0149,KEG210150,Kegalle,Rambukkana,2021-11-12T00:00:00,Eriyagolla,08G,ඊරියගොල්ල,"ඊරියගොල්ල, රඹුක්කන",,2021-11-12T00:00:00,2021-11-09T00:00:00,,අධික වර්ෂාපතනය,,,,7.33553,80.4038
Landslide,L,NBRO/LRRMD-KEG/KEG/RAMBUK/LI/21/0150,KEG210151,Kegalle,Rambukkana,2021-11-09T00:00:00,Dambulla,02C,උඩගල්දෙණිය,"දඹුල්ල, උඩගල්දෙණිය, රඹුක්කන",,2021-11-09T00:00:00,2021-11-09T00:00:00,05:00,අධික වර්ෂාපතනය,,,,7.35239,80.36603
Landslide,L,NBRO/LRRMD-KEG/KEG/MAWANE/LI/21/0224,KEG210226,Kegalle,Mawanella,2021-11-20T00:00:00,Mawela,25D,"මැටිහක්කවත්ත, ඉහළ මාවෙල, හිඟුල","මැටිහක්කවත්ත, ඉහළ මාවෙල, හිඟුල",මාවනැල්ල-මහනුවර මාර්ගයේ මාවනැල්ල සිට මහනුවර දෙසට ගනේතැන්න දක්වා ගමන් කොට  ගනේතැන්න-මහන්තේගම මා,2021-11-20T00:00:00,2021-11-10T00:00:00,,අධික වර්ෂාපතනය,,,,7.250676,80.498667
Landslide,L,NBRO/LRRMD-KEG/KEG/MAWANE/LI/21/0226,KEG210228,Kegalle,Mawanella,2021-11-20T00:00:00,Mawela,25D,"ඉහළ මාවෙල, හිගුල","ඉහළ මාවෙල, හිගුල",,2021-11-20T00:00:00,,,,,,,7.250676,80.498667
Landslide,L,NBRO/LRRMD-KEG/KEG/GALIGA/LI/21/0257,KEG210262,Kegalle,Galigamuwa,2021-12-07T00:00:00,Galigamuwa,69B,"ගලිගමුව, ගලිගමුව නගරය","ගලිගමුව, ගලිගමුව නගරය",,2021-12-07T00:00:00,2021-11-27T00:00:00,,අධික වර්ෂාපතනය,,,,7.2401161,80.3102046
Landslide,L,NBRO/LRRMD-KEG/KEG/GALIGA/LI/21/0258,KEG210263,Kegalle,Galigamuwa,2021-12-02T00:00:00,Kobbewala,71,"ඒ 10, ගනේවෙල, කොබ්බෑවෙල","ඒ 10, ගනේවෙල, කොබ්බෑවෙල",,2021-12-02T00:00:00,2021-11-09T00:00:00,,අධික වර්ෂාපතනය,,,,7.2523664,80.2959697
Landslide,L,NBRO/LRRMD-KEG/KEG/GALIGA/LI/21/0263,KEG210268,Kegalle,Galigamuwa,2021-12-02T00:00:00,Makuddala,73,"පල්ලේවෙල, හැලමඩ","පල්ලේවෙල, හැලමඩ",,2021-11-09T00:00:00,2021-12-02T00:00:00,,අධික වර්ෂාපතනය,,,,7.2919312,80.2847017
Landslide,L,NBRO/LRRMD-KEG/KEG/GALIGA/LI/21/0268,KEG210273,Kegalle,Galigamuwa,2021-11-12T00:00:00,Hathnagoda,72,"පුස්සැල්ල, මැටිවලහේන","පුස්සැල්ල, මැටිවලහේන",,2021-11-12T00:00:00,2021-11-10T00:00:00,,අධික වර්ෂාපතනය,,,,7.271774,80.296904
Landslide,L,NBRO/LRRMD-KEG/KEG/GALIGA/LI/21/0270,KEG210275,Kegalle,Galigamuwa,2021-12-07T00:00:00,Galigamuwa,69B,"ගලිගමුව, ගලිගමුව නගරය","ගලිගමුව, ගලිගමුව නගරය",,2021-12-07T00:00:00,2021-11-09T00:00:00,,අධික වර්ෂාපතනය,,,,7.2401161,80.3102046
Landslide,L,NBRO/LRRMD-KEG/KEG/GALIGA/LI/21/0284,KEG210289,Kegalle,Galigamuwa,2021-11-14T00:00:00,Hathnagoda,72,"පුස්ඇල්ල, දේවාලේගම",,,2021-11-14T00:00:00,,,,,,,7.270375,80.297695
Landslide,L,NBRO/LRRMD-KEG/KEG/WARAKA/LI/21/0353,KEG210360,Kegalle,Warakapola,2021-12-20T00:00:00,Dedigama,85,"උඩහ කපුහේන, ජලලත් කන්ද, නෙළුම්දෙණිය","උඩහ කපුහේන, ජලලත් කන්ද, නෙළුම්දෙණිය",,2022-01-10T00:00:00,,,,,,,7.214977,80.257095
Landslide,L,NBRO/LRRMD-KEG/KEG/YATIYN/LI/21/0362,KEG210368,Kegalle,Yatiyanthota,2021-07-29T00:00:00,Dunukedeniya,134E,"F82/2, දුනුකේදෙණිය, මහබාගේ, කිතුල්ගල","F82/2, දුනුකේදෙණිය, මහබාගේ, කිතුල්ගල",,2021-10-06T00:00:00,2021-07-09T00:00:00,,අධික වර්ෂාපතනය හා අක්‍රමවත් භූමි පරිහරණය,,,,7.0233399,80.434936
Landslide,L,NBRO/LRRMD-KEG/KEG/YATIYN/LI/21/0378,KEG210383,Kegalle,Yatiyanthota,2021-11-09T00:00:00,Malalpola,132A,"6 කණුව, නව පොලටගම, පොලටගම, යටියන්තොට","6 කණුව, නව පොලටගම, පොලටගම, යටියන්තොට",,2021-11-09T00:00:00,,,,,,,7.055468,80.340462
Landslide,L,NBRO/LRRMD-KEG/KEG/YATIYN/LI/21/0380,KEG210385,Kegalle,Yatiyanthota,2021-10-07T00:00:00,Dombepola,132,"පීල්ලහේන, මලල්පොල","පීල්ලහේන, මලල්පොල",,2021-10-07T00:00:00,,,,,,,7.06807,80.370127
Landslide,L,NBRO/LRRMD-KEG/KEG/YATIYN/LI/21/0401,KEG210405,Kegalle,Yatiyanthota,2021-11-19T00:00:00,Mahavila,106C,"කෑ/ දෙහි, වරකාගොඩ ප්‍රාථමික විද්‍යාලය, මහවිල","කෑ/ දෙහි, වරකාගොඩ ප්‍රාථමික විද්‍යාලය, මහවිල",,2021-11-19T00:00:00,,,,,,,7.040382,80.301778
Landslide,L,NBRO/LRRMD-KEG/KEG/YATIYN/LI/21/0404,KEG210408,Kegalle,Yatiyanthota,2021-11-19T00:00:00,Mahavila,106C,"ඩී 58/1/ඒ,  කඳන්කඩුව, වරකාගොඩ, මහවිල, යටියන්තොට","ඩී 58/1/ඒ,  කඳන්කඩුව, වරකාගොඩ, මහවිල, යටියන්තොට",,2021-11-19T00:00:00,,,,,,,7.036038,80.302082
Landslide,L,NBRO/LRRMD-KEG/KEG/DEHIOV/LI/21/0429,KEG210433,Kegalle,Dehiovita,2021-09-09T00:00:00,Madagammana,122B,"පොල්වත්ත, ඇහැලියගොඩ","පොල්වත්ත, ඇහැලියගොඩ",,2021-09-09T00:00:00,,,අධික වර්ෂාපතනය හා අක්‍රමවත් භූමි පරිහරණය,,,,6.858381,80.285483
Landslide,L,NBRO/LRRMD-KEG/KEG/DEHIOV/LI/21/0431,KEG210435,Kegalle,Dehiovita,2021-10-08T00:00:00,Welangalla,125A,"සී/48/2, වෙලන්ගල්ල, ගැටහැත්ත","සී/48/2, වෙලන්ගල්ල, ගැටහැත්ත",,2021-10-08T00:00:00,,,අක්‍රමවත් පෘෂ්ඨිය ජලවහනය,,,,6.917369,80.241736
Landslide,L,NBRO/LRRMD-KEG/KEG/DEHIOV/LI/21/0432,KEG210436,Kegalle,Dehiovita,2021-10-08T00:00:00,Pukunuwala,122C,"ඩී 47/4, පූකුණුවල, පනාවල","ඩී 47/4, පූකුණුවල, පනාවල",,2021-10-08T00:00:00,2021-10-04T00:00:00,18:00,,,,,6.888554,80.29134
Landslide,L,NBRO/LRRMD-KEG/KEG/MAWANE/LI/21/0513,KEG210517,Kegalle,Mawanella,2021-10-25T00:00:00,Makehelwala,23,"බී/10/4, නාඹරුව, යටිමහන, මාකෙහෙල්වල","බී/10/4, නාඹරුව, යටිමහන, මාකෙහෙල්වල",,2021-10-25T00:00:00,2021-10-20T00:00:00,,,,,,7.287085,80.445023
Landslide,L,NBRO/LRRMD-KEG/KEG/WARAKA/LI/21/0561,KEG210572,Kegalle,Warakapola,2021-05-04T00:00:00,Kumbalgama,81A,"කුඹල්ගම, බෙලිඔය","කුඹල්ගම, බෙලිඔය",,2021-06-08T00:00:00,2021-06-04T00:00:00,,,,,,7.25159,80.266902
Landslide,L,NBRO/LRRMD-KEG/KEG/WARAKA/LI/21/0567,KEG210577,Kegalle,Warakapola,2021-05-11T00:00:00,Algama,95,"මැදගම, අල්ගම","මැදගම, අල්ගම",,2021-06-06T00:00:00,,,,,,,7.166031,80.172612
Landslide,L,NBRO/LRRMD-KEG/KEG/WARAKA/LI/21/0575,KEG210585,Kegalle,Warakapola,2021-07-20T00:00:00,Malmaduwa,88,"ඉහළගම, මල්මඩුව","ඉහළගම, මල්මඩුව",,2021-06-10T00:00:00,,,,,,,7.141985,80.270523
Landslide,L,NBRO/LRRMD-KEG/KEG/WARAKA/LI/21/0582,KEG210591,Kegalle,Warakapola,2021-08-26T00:00:00,Malmaduwa,88,"ඉහළගම, මල්මඩුව","ඉහළගම, මල්මඩුව",,2021-06-10T00:00:00,2021-05-13T00:00:00,,,,,,7.141072,80.271792
Landslide,L,NBRO/LRRMD-KEG/KEG/WARAKA/LI/21/0610,KEG210619,Kegalle,Warakapola,2021-07-20T00:00:00,Mampita,80A,"E 110/3, ඉහළගම, නෙලුම්දෙණිය.","E 110/3, ඉහළගම, නෙලුම්දෙණිය.",,2021-06-17T00:00:00,2021-05-25T00:00:00,,,,,,7.229236,80.276863
Landslide,L,NBRO/LRRMD-KEG/KEG/WARAKA/LI/21/0616,KEG210625,Kegalle,Warakapola,2021-06-28T00:00:00,Algama Ihalagama,95D,"ඉහළගම, අල්ගම","ඉහළගම, අල්ගම",,2021-06-14T00:00:00,2021-06-04T00:00:00,,අධික වර්ෂාපතනය,,,,7.1616058,80.1798047
Landslide,L,NBRO/LRRMD-KEG/KEG/WARAKA/LI/21/0624,KEG210633,Kegalle,Warakapola,2021-06-22T00:00:00,Penihela,96C,පැණිහෙල වේවැල්දෙණිය,පැණිහෙල වේවැල්දෙණිය,,2021-06-06T00:00:00,2021-06-05T00:00:00,,,,,,7.172284,80.159873
Landslide,L,NBRO/LRRMD-KEG/KEG/WARAKA/LI/21/0634,KEG210644,Kegalle,Warakapola,2021-06-16T00:00:00,Algama,95,"මැදගම, අල්ගම","මැදගම, අල්ගම",,2021-06-16T00:00:00,2021-06-04T00:00:00,,,,,,7.170664821,80.17360523
Landslide,L,NBRO/LRRMD-KEG/KEG/WARAKA/LI/21/0635,KEG210645,Kegalle,Warakapola,2021-06-08T00:00:00,Mahena,83B,"හපුගහදොල, මාහේන, වරකාපොල","හපුගහදොල, මාහේන, වරකාපොල",,2021-06-08T00:00:00,2021-05-14T00:00:00,,,,,,7.227706,80.214066
Landslide,L,NBRO/LRRMD-KEG/KEG/WARAKA/LI/21/0647,KEG210657,Kegalle,Warakapola,2021-06-08T00:00:00,Boorunnawa,84,බුරුන්නාව,බුරුන්නාව තෝලංගමුව,,2021-06-08T00:00:00,2021-06-04T00:00:00,,,,,,7.227837,80.234459
Landslide,L,NBRO/LRRMD-KEG/KEG/WARAKA/LI/21/0648,KEG210658,Kegalle,Warakapola,2021-06-11T00:00:00,Ihala Lenagala,86A,"D19, පනාන, තුංතොට","D19, පනාන, තුංතොට",,2021-06-11T00:00:00,2021-06-04T00:00:00,,,,,,7.195076,80.244901
Landslide,L,NBRO/LRRMD-KEG/KEG/BULATK/LI/21/0691,KEG210706,Kegalle,Bulathkohupitiya,2021-05-21T00:00:00,Urumeewala,129C,"පී 16/4, මා උස්සාව, උරුමීවල","පී 16/4, මා උස්සාව, උරුමීවල",,2021-05-21T00:00:00,2021-05-14T00:00:00,,,,,,7.090619,80.351948
Landslide,L,NBRO/LRRMD-KEG/KEG/BULATK/LI/21/0725,KEG210740,Kegalle,Bulathkohupitiya,2021-06-05T00:00:00,Getiyamulla,61,"මල්වානවත්ත, ඉහළගම, ගැටියමුල්ල","මල්වානවත්ත, ඉහළගම, ගැටියමුල්ල",,2021-06-05T00:00:00,2021-05-24T00:00:00,,,,,,7.140058,80.31829
Landslide,L,NBRO/LRRMD-KEG/KEG/BULATK/LI/21/0726,KEG210741,Kegalle,Bulathkohupitiya,2021-11-25T00:00:00,Uduwa,130,දේදුගල කැකුළපණ ශෛලමස්තකාරාමය,"දේදුගල කැකුළපණ ශෛලමස්තකාරාමය, උඩුව, දේදුගල",,2021-11-25T00:00:00,,,,,,,7.108366,80.401357
Landslide,L,NBRO/LRRMD-KEG/KEG/YATIYN/LI/21/0852,KEG210867,Kegalle,Yatiyanthota,2021-05-19T00:00:00,Kalukohuthenna,134D,"අංක ‍59, මිරිස්වලතැන්න, කිතුල්ගල","අංක ‍59, මිරිස්වලතැන්න, කිතුල්ගල",,2021-05-19T00:00:00,2021-05-14T00:00:00,,,,,,6.993753,80.413719
Landslide,L,NBRO/LRRMD-KEG/KEG/YATIYN/LI/21/0855,KEG210870,Kegalle,Yatiyanthota,2021-05-19T00:00:00,Pelellegama,115F,"පනාවත්ත, 4 කොටස","පනාවත්ත, 4 කොටස",,2021-05-19T00:00:00,2021-05-14T00:00:00,,,,,,6.991698,80.320879
Landslide,L,NBRO/LRRMD-KEG/KEG/YATIYN/LI/21/0858,KEG210873,Kegalle,Yatiyanthota,2021-06-17T00:00:00,Weeragalla,135C,"පේලි නිවාස , අංක 01, ලැවන්ට් වත්ත. උඩ කොටස","පේලි නිවාස , අංක 01, ලැවන්ට් වත්ත. උඩ කොටස",,2021-06-05T00:00:00,2021-05-25T00:00:00,,,,,,7.023943,80.335609
Landslide,L,NBRO/LRRMD-KEG/KEG/YATIYN/LI/21/0887,KEG210902,Kegalle,Yatiyanthota,2021-08-13T00:00:00,Berannawa,131D,"මිල්ලගල, බෙරන්නාව","මිල්ලගල, බෙරන්නාව",,2021-08-14T00:00:00,2021-08-14T00:00:00,06:00,,,,,7.0714247,80.402346
Landslide,L,NBRO/LRRMD-KEG/KEG/YATIYN/LI/21/0897,KEG210912,Kegalle,Yatiyanthota,2021-10-07T00:00:00,Dombepola,132,"දෙනවකවත්ත, මලල්පොල, යටියන්තොට","දෙනවකවත්ත, මලල්පොල, යටියන්තොට",,2021-10-17T00:00:00,,,,,,,7.06517,80.361567
Landslide,L,NBRO/LRRMD-KEG/KEG/YATIYN/LI/21/0898,KEG210913,Kegalle,Yatiyanthota,2021-10-27T00:00:00,Nawata,135D,"පරුස්ඇල්ල පාර, නවට, යටියන්තොට","පරුස්ඇල්ල පාර, නවට, යටියන්තොට",,2021-10-07T00:00:00,,,,,,,7.02112,80.315641
Landslide,L,NBRO/LRRMD-KEG/KEG/KEGALL/LI/21/0911,KEG210926,Kegalle,Kegalle,2021-03-17T00:00:00,Golahela,51E,"36/A, ඇෂ්ලි පීරිස් මාවත, කෑගල්ල","36/A, ඇෂ්ලි පීරිස් මාවත, කෑගල්ල",,2021-03-17T00:00:00,,,,,,,7.249767,80.36048
Landslide,L,NBRO/LRRMD-KEG/KEG/MAWANE/LI/21/0945,KEG210959,Kegalle,Mawanella,0001-01-01T00:00:00,Ganethenna,25A,පහළ කඩුගන්නාව,කොළඹ-මහනුවර ප්‍රධාන මාර්ගයේ (A001) 98 km කණුව    ආශ්‍රිත පහළ කඩුගන්නාව ප්‍රදේශය,-,2021-11-11T00:00:00,2021-11-11T00:00:00,,-,,,,7.253302,80.50441
Landslide,L,NBRO/LRRMD-KEG/KEG/RAMBUK/LI/22/0047,KEG220129,Kegalle,Rambukkana,2022-11-12T00:00:00,Eriyagolla,08G,"F/3/5, ඊරියගොල්ල, රඹුක්කන","F/3/5, ඊරියගොල්ල, රඹුක්කන",,2021-11-12T00:00:00,2021-11-09T00:00:00,,අධික වර්ෂාපතනය,,,,7.33611,80.4034
Landslide,L,NBRO/LRRMD-KEG/KEG/DERANI/LI/22/1108,KEG220268,Kegalle,Deraniyagala,2022-08-03T00:00:00,Dodawatta,110D,දොඩාවත්ත මාර්ගය,,,2022-08-05T00:00:00,,,,,,,6.94401,80.41375
Landslide,L,NBRO/LRRMD-KEG/KEG/RUWANW/LI/22/0332,KEG220593,Kegalle,Ruwanwella,2022-02-18T00:00:00,Ruwanwella,105A,"යටන්වල, රුවන්වැල්ල","යටන්වල, රුවන්වැල්ල",,2022-02-18T00:00:00,,,,,,,7.04284,80.26157
Landslide,L,NBRO/LRRMD-KEG/KEG/YATIYN/LI/22/1171,KEG220630,Kegalle,Yatiyanthota,2022-09-07T00:00:00,Malalpola,132A,"බඹරගල පීල්ල, මලල්පොල","මලල්පොල, යටියන්තොට",කෑගල්ල නගරයේ සිට යටියන්තොට නගරයට ගමන්කර සීෆෝත් මාර්ගයේ කිලෝමීටර 15ක් පමණ ගමන්කිරීමෙන් උක්ත ස්ථ,2022-09-07T00:00:00,2022-09-05T00:00:00,22:00,,,,,7.05436,80.36146
Landslide,L,NBRO/LRRMD-KEG/KEG/BULATK/LI/22/1172,KEG220646,Kegalle,Bulathkohupitiya,2022-09-06T00:00:00,Narangala,128C,නාරංගල,කෑ/ දෙහි/ නාරංගල කණිෂ්ඨ විද්‍යාලය,කෑගල්ල නගරයේ සිට කෑගල්ල- බුලත්කොහුපිටිය- කරවනැල්ල (A021) මාර්ගයෙන් බුලත්කොහුපිටිය නගරයට පිවිස එතැ,2022-09-06T00:00:00,2022-09-03T00:00:00,,,,,,7.09046,80.364582
Landslide,L,NBRO/LRRMD-KEG/KEG/DEHIOV/LI/22/0457,KEG220830,Kegalle,Dehiovita,2022-01-21T00:00:00,Walpola,115,"මි ගස්තැන්න, යටියන්තොට","මි ගස්තැන්න, යටියන්තොට",,2022-01-21T00:00:00,,,,,,,6.992256,80.291691
Landslide,L,NBRO/LRRMD-KEG/KEG/BULATK/LI/22/0465,KEG220850,Kegalle,Bulathkohupitiya,2022-02-14T00:00:00,Ambuwakka,62C,"“සඳසිරි”,යටහපාන, කෑගල්ල හරහා","“සඳසිරි”,යටහපාන, කෑගල්ල හරහා",,2022-02-14T00:00:00,,,,,,,7.13914,80.30984
Landslide,L,NBRO/LRRMD-KEG/KEG/ARANAY/LI/22/0483,KEG220872,Kegalle,Aranayaka,2022-02-17T00:00:00,Elangipitiya,47F,"ඒ/49/2, තොටිල්ලගොල්ල හේන, එළඟපිටිය, අරණායක",,,2022-02-17T00:00:00,,,,,,,7.162123,80.443469
Landslide,L,NBRO/LRRMD-KEG/KEG/ARANAY/LI/22/0518,KEG220920,Kegalle,Aranayaka,2022-02-10T00:00:00,Deiyanwala,41E,"බෙරවිලවත්ත, හදබිම, දෙයියන්නෙවෙල, අරණායක","බෙරවිලවත්ත, හදබිම, දෙයියන්නෙවෙල, අරණායක",,2022-02-10T00:00:00,,,,,,,7.129745,80.464421
Landslide,L,NBRO/LRRMD-KEG/KEG/ARANAY/LI/22/1276,KEG220943,Kegalle,Aranayaka,2022-09-27T00:00:00,Getaberi Kanda,43B,"ගැටබේරිකන්ද, අරණායක","ගැටබේරිකන්ද, අරණායක",,2023-04-28T00:00:00,,,,,,,7.15311,80.4478
Landslide,L,NBRO/LRRMD-KEG/KEG/ARANAY/LI/22/0537,KEG220947,Kegalle,Aranayaka,2022-02-18T00:00:00,Thalgaspitiya,44,"තල්ගස්පිටිය, අරණායක","තල්ගස්පිටිය, අරණායක",,2022-02-18T00:00:00,2021-11-10T00:00:00,,,,,,7.16822,80.478862
Landslide,L,NBRO/LRRMD-KEG/KEG/WARAKA/LI/22/1335,KEG221080,Kegalle,Warakapola,2022-10-21T00:00:00,Niwatuwa,94B,"නාරංඇල්ල, නිවටුව","නාරංඇල්ල, නිවටුව,  වරකාපොළ",,2023-02-21T00:00:00,,,,-,,,7.179211,80.201141
Landslide,L,NBRO/LRRMD-KEG/KEG/WARAKA/LI/22/1431,KEG221199,Kegalle,Warakapola,2022-11-09T00:00:00,Dorawaka Pallebage,91B,"කැකුණ කන්ද, දොරවක","කැකුණ කන්ද, දොරවක",,2023-04-06T00:00:00,,,,,,,7.18681,80.21776
Landslide,L,NBRO/LRRMD-KEG/KEG/RAMBUK/LI/22/1463,KEG221240,Kegalle,Rambukkana,2022-11-11T00:00:00,Kiriwandeniya,9,"වැලිකන්ද, කිරිවන්දෙණිය, රඹුක්කන","වැලිකන්ද, කිරිවන්දෙණිය, රඹුක්කන",,2023-04-21T00:00:00,,,,,,,7.28817,80.4187
Landslide,L,NBRO/LRRMD-KEG/KEG/BULATK/LI/22/1532,KEG221336,Kegalle,Bulathkohupitiya,2022-12-05T00:00:00,Alawathura,61A,කිරිවානා වංගුව,"ඊ 73/4 ඒ, කිරිවානා වංගුව, පිට්ටෑගම",කෑගල්ල නගරයේ සිට කෑගල්ල- බුලත්කොහුපිටිය- කරවනැල්ල (A21) මාර්ගයෙන් පරීක්ෂාකල ස්ථානයට පිවිසිය හැක.,2022-10-18T00:00:00,,,,,,,7.116863,80.331968
Landslide,L,NBRO/LRRMD-KEG/KEG/KEGALL/LI/23/0033,KEG230082,Kegalle,Kegalle,2023-01-11T00:00:00,Ganthuna Pallegama North,58B,"යෝදගෙදර, පල්ලේගම, ගංතුන","යෝදගෙදර, පල්ලේගම, ගංතුන",,2023-01-27T00:00:00,,,,,,,7.12909,80.40237
Landslide,L,NBRO/LRRMD-KEG/KEG/BULATK/LI/23/0094,KEG230235,Kegalle,Bulathkohupitiya,2023-03-03T00:00:00,Narangala,128C,"ඒ /1/6, වරකාහේන, බුලත්කොහුපිටිය","ඒ /1/6, වරකාහේන, බුලත්කොහුපිටිය",,2023-03-17T00:00:00,,,,,,,7.087229,80.35939
Landslide,L,NBRO/LRRMD-KEG/KEG/DEHIOV/LI/23/0098,KEG230239,Kegalle,Dehiovita,2023-03-01T00:00:00,Daigala,117,"46/සී, ඉහළ දයිගල, රුවන්වැල්ල","46/සී, ඉහළ දයිගල, රුවන්වැල්ල",,2023-03-28T00:00:00,,,,,,,7.13018,80.24771
Landslide,L,NBRO/LRRMD-KEG/KEG/ARANAY/LI/23/0124,KEG230309,Kegalle,Aranayaka,2023-04-11T00:00:00,Aranayaka,43,"ඉහලගෙදර, දෙයියන්වල, අරණායක","ඉහලගෙදර, දෙයියන්වල, අරණායක",,2023-04-28T00:00:00,,,,,,,7.12997,80.46984
Landslide,L,NBRO/LRRMD-KEG/KEG/GALIGA/LI/23/0130,KEG230315,Kegalle,Galigamuwa,2023-04-10T00:00:00,Yattogoda,70B,සියඹලාපිටිය,"මහඉන්න වත්ත, සියඹලාපිටිය, යට්ටෝගොඩ","කෑගල්ල නගරයේ සිට කොළඹ- මහනුවර (A01) මාර්ගයෙන් යට්ටෝගොඩටත්, යට්ටෝගොඩට සිට සියඹලාපිටිය- දම්මල මාර්ගය",2023-04-04T00:00:00,,,අවිධීමත් පෘෂ්ඨීය ජලවහන රටාව,,,,7.243529,80.288499
Landslide,L,NBRO/LRRMD-KEG/KEG/BULATK/LI/23/0381,KEG230750,Kegalle,Bulathkohupitiya,0001-01-01T00:00:00,Nevismiyar Ihala,129D,නෙව්ස්මියර් ඉහළ,"ජී 20/3, නෙව්ස්මියර් ඉහළ, උඳුගොඩ",කෑගල්ල නගරයේ සිට කෑගල්ල- බුලත්කොහුපිටිය- කරවනැල්ල (A021) මාර්ගයෙන් බුලත්කොහුපිටිය නගරයට පිවිස එතැ,2023-07-28T00:00:00,,,,,,,7.115318,80.357029
Landslide,L,NBRO/LRRMD-KEG/KEG/WARAKA/LI/23/0621,KEG231119,Kegalle,Warakapola,2023-11-13T00:00:00,Puhulegama,96B,පුහුලේගම,"අල්ගම වත්ත, දංඕවිට",කෑගල්ල නගරයේ සිට කොළඹ- මහනුවර (A01) මාර්ගයේ කි. මී.  26ක් පමණ ගිය පසු හමු වන හොරගස්මංකඩ මං සන්ධියෙන් අල්,2023-11-15T00:00:00,2023-11-01T00:00:00,15:00,අධික වර්ෂාව,6.5,7.5,53.5,7.186887,80.179783
Landslide,L,NBRO/LRRMD-KEG/KEG/GALIGA/LI/23/0983,KEG231510,Kegalle,Galigamuwa,2023-12-11T00:00:00,Alawala,67A,"රත්මල්දෙණිය, අලවල, තුංතොට",,,2023-11-14T00:00:00,2023-11-13T00:00:00,12:30,,,,,7.199792,80.282115
Landslide,L,NBRO/LRRMD-KEG/KEG/ARANAY/LI/23/1162,KEG231720,Kegalle,Aranayaka,2023-12-27T00:00:00,Narangala,58F,පෝඩාපේ ජනපදය,"726/19,පෝඩාපේ ජනපදය,අම්බලකන්ද,අරණායක",,2023-11-24T00:00:00,2023-11-18T00:00:00,05:30,,,,,7.134083,80.451752
Landslide,L,NBRO/LRRMD-KEG/KEG/ARANAY/LI/23/1164,KEG231722,Kegalle,Aranayaka,2023-12-14T00:00:00,Lambutuwa,16F,ලඹුටුව - කොට්ටුන්න මාර්ගය,ලඹුටුව - කොට්ටුන්න මාර්ගය,කෑගල්ල නගරයේ සිට මාවනැල්ල නගරයට පිවිස අරණායක මාර්ගයේ ගමන්කිරීමෙන් හමුවන උස්සාපිටිය හංදියෙන්,2023-11-21T00:00:00,2023-11-18T00:00:00,,,,,,7.19787,80.437
Landslide,L,NBRO/LRRMD-KEG/KEG/KEGALL/LI/23/1217,KEG231775,Kegalle,Kegalle,2023-11-29T00:00:00,Wadupola,48E,"පන්දෙණිය, වතුර",,,2023-11-22T00:00:00,2023-11-19T00:00:00,17:30,,,,,7.18594,80.393946
Landslide,L,NBRO/LRRMD-KEG/KEG/WARAKA/LI/24/0061,KEG240086,Kegalle,Warakapola,2024-01-16T00:00:00,Mampita,80A,නෙලුම්දෙණිය පහළ ගම,"අංක 136/ඒ, ඉහළගම පාර, නෙලුම්දෙණිය",කෑගල්ල නගරයේ සිට කොළඹ- මහනුවර (A01) මාර්ගයේ කි. මී.  22ක් පමණ ගිය පසු හමු වන  මාම්මංපිට සන්ධියෙන් ඉහළගම,2023-11-25T00:00:00,2023-11-18T00:00:00,04:00,අධික වර්ෂාව,0,59.5,59.5,7.230155,80.272354
Landslide,L,NBRO/LRRMD-KEG/KEG/ARANAY/LI/24/0117,KEG240192,Kegalle,Aranayaka,2024-02-19T00:00:00,Deewela Udagama,16A,"ඉහළ දීවෙල, උඩගම","ඒ 23/1, ඇඹුල්මීදෙණිය, ඉහළ දීවෙල, උඩගම",,2023-11-20T00:00:00,2023-11-19T00:00:00,,,3.5mm,225mm,254mm,7.2216,80.3959
Landslide,L,NBRO/LRRMD-KEG/KEG/YATIYN/LI/24/0341,KEG240590,Kegalle,Yatiyanthota,2024-06-11T00:00:00,Berannawa,131D,මිල්ලගල,"බෙරන්නාව, යටියන්තොට","කෑගල්ල නගරයේ සිට කොළඹ- මහනුවර (A01) මාර්ගයෙන් ගලිගමුවටත්, ගලිගමුව සිට වරාවල (B127) මාර්ගයෙන් වරාවලටත්,",2024-06-02T00:00:00,2024-06-01T00:00:00,,අධික වර්ෂාව,,,,7.069441,80.399765
Landslide,L,NBRO/LRRMD-KEG/KEG/YATIYN/LI/24/0381,KEG240666,Kegalle,Yatiyanthota,2024-06-12T00:00:00,Berannawa,131D,මිල්ලගල,"බෙරන්නාව, යටියන්තොට","කෑගල්ල නගරයේ සිට කොළඹ- මහනුවර (A01) මාර්ගයෙන් ගලිගමුවටත්, ගලිගමුව සිට වරාවල (B127) මාර්ගයෙන් වරාවලටත්,",2024-06-02T00:00:00,2024-06-01T00:00:00,20:00,අධික වර්ෂාව,,,,7.069366,80.400213
Landslide,L,NBRO/LRRMD-KEG/KEG/YATIYN/LI/24/0425,KEG240719,Kegalle,Yatiyanthota,2024-07-10T00:00:00,Amanawala,131A,අමනාවල,"අමනාවල, බෙරන්නාව","කෑගල්ල නගරයේ සිට කොළඹ- මහනුවර (A01) මාර්ගයෙන් ගලිගමුවටත්, ගලිගමුව සිට වරාවල (B127) මාර්ගයෙන් වරාවලටත්,",2024-06-02T00:00:00,2024-06-02T00:00:00,20:30,අධික වර්ෂාව,,,,7.066817,80.394436
Landslide,L,NBRO/LRRMD-KEG/KEG/WARAKA/LI/24/0459,KEG240780,Kegalle,Warakapola,2024-07-29T00:00:00,Welhella,89A,"එෆ් 19, වැල්හැල්ල, ගලපිටමඩ","එෆ් 19, වැල්හැල්ල, ගලපිටමඩ",,2024-05-03T00:00:00,,,,,,,7.12379,80.2461038
Landslide,L,NBRO/LRRMD-KEG/KEG/RUWANW/LI/24/0522,KEG240888,Kegalle,Ruwanwella,2024-08-07T00:00:00,Morathota,101B,දිගන්ගල හේන,"ඩී 32/3, වැද්දාවල, වහරක","කෑගල්ල නගරයේ සිට කොළඹ - මහනුවර (A01) මාර්ගයෙන් ගලිගමුවටත්, ගලිගමුව සිට ගලිගමුව - වරාවල මාර්ගයෙන් (B127)",2024-08-26T00:00:00,2024-07-28T00:00:00,15:00,අධික වර්ෂාව,,,,7.085442,80.213899
Landslide,L,NBRO/LRRMD-KEG/KEG/YATIYN/LI/24/0545,KEG240930,Kegalle,Yatiyanthota,2024-08-30T00:00:00,Ganepalla,135,,"ඩී 242, පන්සල්වත්ත, ගනේපල්ල, තැලිගම","කෑගල්ල නගරයේ සිට කොළඹ- මහනුවර (A01) මාර්ගයෙන් ගලිගමුවටත්, ගලිගමුව සිට වරාවල (B127) මාර්ගයෙන් වරාවලටත්,",2024-08-20T00:00:00,2024-08-17T00:00:00,15:00,අධික වර්ෂාව,28.5,130.5,146.5,7.012658,80.359739
Landslide,L,NBRO/LRRMD-KEG/KEG/DERANI/LI/24/0599,KEG241042,Kegalle,Deraniyagala,2024-07-17T00:00:00,Deraniyagala South,114E,එකමුතුගම,"එකමුතුගම, දැරණියගල දකුණ","කෑගල්ල නගරයේ සිට කොළඹ - මහනුවර (A01) මාර්ගයෙන් ගලිගමුවටත්, ගලිගමුව සිට ගලිගමුව - වරාවල මාර්ගයෙන් (B127)",2024-05-08T00:00:00,,,සිදු වී නොමැත,,,,6.923699,80.326223
Landslide,L,NBRO/LRRMD-KEG/KEG/ARANAY/LI/24/0691,KEG241249,Kegalle,Aranayaka,2024-07-11T00:00:00,Moragammana,47C,"එෆ් 23/ඩී, දිග්ගලහේන, මෝරාගම්මන, අරණායක","එෆ් 23/ඩී, දිග්ගලහේන, මෝරාගම්මන, අරණායක",කෑගල්ල නගරයෙන් ආරම්භකර මාවනැල්ල හරහා අරණායක දෙසට පැමිණිමේදි ගැවිලිපිටියෙන් දිග්ගල පාරේ මීටර්,2025-03-20T00:00:00,,,අධික වර්ෂාව සමග සිදුවන අක්‍රමවත් පෘෂ්ඨීය ජල වහනය,,,,7.1811754,80.4393188
Landslide,L,NBRO/LRRMD-KEG/KEG/ARANAY/LI/24/0818,KEG241384,Kegalle,Aranayaka,2024-11-29T00:00:00,Jambugasmada,58C,අම්බලකන්ද දෝතල් ඔය මාර්ගයේ ජම්බුගස්මඩ පැරණි නාය යෑම් සිදු වූ ස්ථානය,අම්බලකන්ද දෝතල් ඔය මාර්ගයේ ජම්බුගස්මඩ පැරණි නාය යෑම් සිදු වූ ස්ථානය,,2024-11-28T00:00:00,,,,,,,7.12948,80.43542
Landslide,L,NBRO/LRRMD-KEG/KEG/YATIYN/LI/25/0024,KEG250101,Kegalle,Yatiyanthota,2025-01-27T00:00:00,Dombepola,132,දොඹේපොල,"ඩී 49/1, දොඹේපොල, මලල්පොල","අදාළ ස්ථානයට ළඟා වෙන ආකාරය: කොළඹ - මහනුවර (A01) මාර්ගයෙන් ගලිගමුවටත්, ගලිගමුව - වරාවල (B127) මාර්ගයෙන් වර",2025-01-23T00:00:00,,,,,,,7.068102,80.37634
Landslide,L,NBRO/LRRMD-KEG/KEG/YATIYN/LI/25/0190,KEG250545,Kegalle,Yatiyanthota,2025-05-16T00:00:00,Neluwathukanda,133B,නෙළුවතුකන්ද,"ඊ 32/4, හල්ගොල්ලවත්ත, යටියන්තොට","කෑගල්ල නගරයේ සිට කොළඹ- මහනුවර (A01) මාර්ගයෙන් ගලිගමුවටත්, ගලිගමුව සිට වරාවල (B127) මාර්ගයෙන් වරාවලටත්,",2025-03-11T00:00:00,2024-11-18T00:00:00,19:30,,,,,7.031158,80.372156
Landslide,L,NBRO/LRRMD-KRG/KUR/POLGAH/LI/20/0032,KUR200032,Kurunegala,Polgahawela,2020-05-17T00:00:00,Panaliya North,930,"ඊදැල්ල වත්ත, පනලිය, පොල්ගහවෙල","ඊදැල්ල වත්ත, පනලිය, පොල්ගහවෙල",පොල්ගහවෙල - කෑගල්ලමාර්ගයේ කෑගල්ල දෙසට ගමන් කිරීමේ දී වම් පසට මෙම අතුරු මාර්ගය පිහිටා ඇත,2020-05-17T00:00:00,,,,,,,7.33347744,80.342439
Landslide,L,NBRO/LRRMD-KRG/KUR/MAWATH/LI/21/0048,KUR210067,Kurunegala,Mawathagama,2021-02-10T00:00:00,Wadiyagoda,646,"වාඩියගොඩ, බුජස්ලෙන රජ මහා විහාරය",,කුරුණෑගල - නුවර මාර්ගයේ මාවතගම නගරය පසුකර කි.මී. 6ක් පමණ නුවර දෙසට යනවිට හමුවන වෑ උඩ ප්‍රදේශයෙන් ද,2021-02-18T00:00:00,,,,,,,7.4056018,80.4894299
Landslide,L,NBRO/LRRMD-KRG/KUR/MAWATH/LI/21/0053,KUR210072,Kurunegala,Mawathagama,2021-06-09T00:00:00,Rathneggama,697,"දහමුනේ, පිලැස්ස",,කුරුණෑගල - මාවතගම නාපේ හංදියෙන් දකුණු දෙසට පවතින පිලැස්ස පංසල මාර්ගයේ කි.මී. 1.2ක් පමණ දුරින් අදාල,2021-06-15T00:00:00,,,,,,,7.4442883,80.418453
Landslide,L,NBRO/LRRMD-KRG/KUR/POLGAH/LI/21/0087,KUR210106,Kurunegala,Polgahawela,2021-11-16T00:00:00,Aragoda,925,"දේවාලේගල, ආරගොඩ","දේවාලේගල, ආරගොඩ",කුරුණෑගල - කොළඹ (06) මාර්ගයේ ගොඩවෙල හංදියෙන් කුඩාගම මාර්ගයේ සුනිලගම හංදියෙන් වමට ඇති ඉහළ ආරගොඩ මාර,2021-11-09T00:00:00,2021-11-09T00:00:00,02:30,නොවැම්බර් මසපැවැති අධික වර්ෂාවත් සමග ආරගොඩ දේවාලේගල ප්‍රදේශය ආශ්‍රිතව නායයෑමක් සිදුව ඇත.,,,>150mm,7.3602662,80.3346572
Landslide,L,NBRO/LRRMD-KRG/KUR/RIDEEG/LI/21/0106,KUR210121,Kurunegala,Rideegama,2021-06-30T00:00:00,Wanduressa,540,වල්මිණිකන්ද පන්සලට ඉහළ කොටස,,"කුරුණෑගල - මාතලේ ප්‍රධාන මාර්ගයේ, මදුරාගොඩ හංදියෙන් පිහිටි කැළෑමුල්ල මාර්ගයේ කි.මී. 3ක් පමණ ගමන්",2021-09-17T00:00:00,,,,,,,7.60203,80.56061
Landslide,L,NBRO/LRRMD-KRG/KUR/RIDEEG/LI/21/0110,KUR210125,Kurunegala,Rideegama,2021-11-13T00:00:00,Korossa,548,"උඩවත්ත, කොරොස්ස",,"කුරුණෑගල - මාතලේ ප්‍රධාන මාර්ගයේ, මිනිරන්ගම ප්‍රදේශයෙන් දකුණට ඇති  අලකොලමඩ මාර්ගයේ කි.මී. 1.2ක් පම",2021-11-10T00:00:00,2021-11-09T00:00:00,21:30,,,,>150mm,7.556273,80.552127
Landslide,L,NBRO/LRRMD-KRG/KUR/RIDEEG/LI/21/0131,KUR210146,Kurunegala,Rideegama,2021-11-13T00:00:00,Kandegedara,599,"කන්දෙගෙදර, පානගමුව",,කුරුණෑගල - කැප්පෙටිගල ප්‍රධාන මාර්ගයේ පිහිටි පල්ලෙමුල්ල අතුරු මාර්ගයේ ගමන් කිරීමෙන් මෙම ස්ථාන,2021-11-19T00:00:00,,,,,,,7.488292,80.509079
Landslide,L,NBRO/LRRMD-KRG/KUR/RIDEEG/LI/21/0137,KUR210152,Kurunegala,Rideegama,2021-11-09T00:00:00,Kandegedara,599,"කන්දෙගෙදර, පානගමුව",,කුරුණෑගල - කැප්පිටිගල ප්‍රධාන මාර්ගයේ පිහිටි පල්ලෙමුල්ල අතුරු මාර්ගයේ ගමන් කර ඉන්අනතුරුව උඩමු,2021-02-11T00:00:00,,,,,,,7.488962,80.508109
Landslide,L,NBRO/LRRMD-KRG/KUR/RIDEEG/LI/22/0037,KUR220039,Kurunegala,Rideegama,2022-01-01T00:00:00,Korossa,548,"උඩවත්ත, කොරොස්ස , දොඩන්ගස්ලන්ද","උඩවත්ත, කොරොස්ස , දොඩන්ගස්ලන්ද","කුරුණෑගල - මාතලේ ප්‍රධාන මාර්ගයේ, මිනිරන්ගම ප්‍රදේශයයෙන් දකුණට ඇති අලකොලමඩ මාර්ගයේ කි.මි. 1.2ක් පම",2022-01-21T00:00:00,2021-11-13T00:00:00,,,,,>150mm,7.5567173,80.552074
Landslide,L,NBRO/LRRMD-KRG/KUR/POLGAH/LI/22/0067,KUR220082,Kurunegala,Polgahawela,2022-01-01T00:00:00,Godigamuwa,927,"ගොඩිගමුව, පනලිය",,කුරුණෑගල නගරයේ  සිට පොල්ගහවෙල දක්වා ඇති   මාර්ගයේ පැමිණ දිවුල්කුඹුර හන්දියෙන්  කොල්ලුර මාර්ගයේ,2021-11-22T00:00:00,,,,,,,7.347852,80.340864
Landslide,L,NBRO/LRRMD-MAT/MTL/RATTOT/LI/17/0026,MTL170031,Matale,Rattota,2017-03-08T00:00:00,Madakumbura,E375F,"වෙලන්ගහවත්ත, රත්තොට",,,2017-05-24T00:00:00,,,,,,,7.50793,80.698708
Landslide,L,NBRO/LRRMD-MAT/MTL/UKUWEL/LI/22/0107,MTL220638,Matale,Ukuwela,2022-05-17T00:00:00,Elkaduwa,E363A,"27/1, ආනන්ද ජනපදය, ඇල්කඩුව",,,2022-05-17T00:00:00,,,,,,,7.7411356,80.6893403
Landslide,L,NBRO/LRRMD-MAT/MTL/RATTOT/LI/23/0007,MTL230069,Matale,Rattota,2023-03-09T00:00:00,Kuruwawa,E376B,වලතලාව,"වලතලාව, රත්තොට",,2021-12-27T00:00:00,,,,,,,7.5237,80.6694
Landslide,L,NBRO/LRRMD-MAT/MTL/UKUWEL/LI/23/0064,MTL230323,Matale,Ukuwela,2023-08-11T00:00:00,Watagoda,E343C,වටගොඩ,"අංක 03, බුලත්වත්ත, වටගොඩ, හුලංගමුව පාර, මාතලේ",මාතලේ- හුලංගමුව පාසල- වටගොඩ මාර්ගය- සමෘධී බැංකුව- මීටර් 100 පමණ ගොස්- කොන්ක්‍රීට් මාර්ගය,2023-08-17T00:00:00,,,ඉවුරු ඛාදනය හා නිවසේ ව්‍යුහාත්මක අස්ථාවර භාවය,,,,7.467372,80.600359
Landslide,L,NBRO/LRRMD-MAT/MTL/UKUWEL/LI/23/0105,MTL230503,Matale,Ukuwela,2023-11-24T00:00:00,Leliambe,E365A,ලෑලි අඹේ,රත්වත්ත ඉහළ කොටස,,2023-11-02T00:00:00,,,,,,,7.420966,80.668984
Landslide,L,NBRO/LRRMD-MAT/MTL/LAGGAP/LI/24/0021,MTL240116,Matale,Laggala-Pallegama,2024-01-03T00:00:00,Etanwala,E386,ඇටැන්වල,"ඇටැන්වල ,මාතලේ",,0001-01-01T00:00:00,,,,,150.0,,7.514363,80.757991
Landslide,L,NBRO/LRRMD-MTR/MTR/KAMBUR/LI/13/0001,MTR130001,Matara,Kamburupitiya,2013-02-06T00:00:00,Godawa,318A,"“උත්සාහය“, පෝහමුල්ල, ගෝදාව, කඹුරුපිටිය","“උත්සාහය“, පෝහමුල්ල, ගෝදාව, කඹුරුපිටිය",,2013-02-17T00:00:00,,,,,,,6.070167,80.552283
Landslide,L,NBRO/LRRMD-MTR/MTR/KAMBUR/LI/13/0004,MTR130004,Matara,Kamburupitiya,2013-08-29T00:00:00,Karaputugala South,324,"ආර්.නන්දසේන, මාතරගෙවත්ත, කරපුටුගල - දකුණ","ආර්.නන්දසේන, මාතරගෙවත්ත, කරපුටුගල - දකුණ",,2013-09-12T00:00:00,,,,,,,6.072933,80.598567
Landslide,L,NBRO/LRRMD-MTR/MTR/MULATI/LI/13/0007,MTR130007,Matara,Mulatiyana,2013-10-08T00:00:00,Bamunugama West,300B,"151/ඒ, බමුණුගම බටහිර, හොරපාවිට.","151/ඒ, බමුණුගම බටහිර, හොරපාවිට.",,2013-10-16T00:00:00,,,,,,,6.130467,80.58515
Landslide,L,NBRO/LRRMD-MTR/MTR/KAMBUR/LI/15/0003,MTR150003,Matara,Kamburupitiya,2015-11-17T00:00:00,Gathara North,320,"වැලිහේන්ගොඩ කුට්ටිය, ගතාර - නැගෙනහිර, කඹුරුපිටිය.","වැලිහේන්ගොඩ කුට්ටිය, ගතාර - නැගෙනහිර, කඹුරුපිටිය.",,2016-01-16T00:00:00,,,,,,,6.084533,80.569867
Landslide,L,NBRO/LRRMD-MTR/MTR/MULATI/LI/16/0006,MTR160006,Matara,Mulatiyana,2016-07-20T00:00:00,Bamunugama West,300B,"166/2, කොළඹ කඩේ, අකුරැස්ස පාර, මාකඳුර.","166/2, කොළඹ කඩේ, අකුරැස්ස පාර, මාකඳුර.",,2016-04-01T00:00:00,,,,,,,6.146567,80.545033
Landslide,L,NBRO/LRRMD-MTR/MTR/MULATI/LI/16/0007,MTR160007,Matara,Mulatiyana,2016-05-02T00:00:00,Kithsiripura,279B,"අංක 203 B, කිත්සිරිපුර, රදාවෙළ.","අංක 203 B, කිත්සිරිපුර, රදාවෙළ.",,2015-04-27T00:00:00,,,,,,,6.135167,80.638467
Landslide,L,NBRO/LRRMD-MTR/MTR/MULATI/LI/16/0008,MTR160008,Matara,Mulatiyana,2016-11-02T00:00:00,Diddenipotha East,302,"ඊරියගහහේන, දිද්දෙනියපොත - නැගෙනහිර.","ඊරියගහහේන, දිද්දෙනියපොත - නැගෙනහිර.",,2016-11-16T00:00:00,,,,,,,6.1425,80.57755
Landslide,L,NBRO/LRRMD-MTR/MTR/WELIGA/LI/16/0010,MTR160010,Matara,Weligama,2016-06-14T00:00:00,Kotavila North,404A,මාර/කොටවිල ශ්‍රී රතනපාල මහ විදුහල.,,,2016-06-28T00:00:00,,,,,,,5.96725,80.48415
Landslide,L,NBRO/LRRMD-MTR/MTR/AKURES/LI/16/0029,MTR160031,Matara,Akuressa,2016-12-20T00:00:00,Lenama North,363F,"වතු අධිකාරි, හුලංදාව වත්ත, අකුරැස්ස",,,0001-01-01T00:00:00,,,,,,,6.1777,80.4621
Landslide,L,NBRO/LRRMD-MTR/MTR/KAMBUR/LI/17/0037,MTR170039,Matara,Kamburupitiya,2017-06-15T00:00:00,Beragammulla,323D,"පීලිහෙල, බැරගම්මුල්ල, කඹුරුපිටිය.","පීලිහෙල, බැරගම්මුල්ල, කඹුරුපිටිය.",,2017-08-16T00:00:00,2017-05-25T00:00:00,,,,,,6.09412,80.56975
Landslide,L,NBRO/LRRMD-MTR/MTR/MULATI/LI/17/0047,MTR170049,Matara,Mulatiyana,2017-06-02T00:00:00,Seenipella East,275B,"අංක 206/A, දොලේහේන, සීනිපැල්ල.","අංක 206/A, දොලේහේන, සීනිපැල්ල.",,2017-07-24T00:00:00,2017-05-25T00:00:00,,,,,,6.14217,80.59429
Landslide,L,NBRO/LRRMD-MTR/MTR/MULATI/LI/17/0048,MTR170050,Matara,Mulatiyana,2017-03-13T00:00:00,Dewalegama West,277A,ඇතාගලහේන නිවසා ව්‍යාපෘතිය 2 අදියර (දියකෙලියහේන නිවාස ව්‍යාපෘතිය),ඇතාගලහේන නිවසා ව්‍යාපෘතිය 2 අදියර (දියකෙලියහේන නිවාස ව්‍යාපෘතිය),,2017-04-26T00:00:00,,,,,,,6.14249,80.63476
Landslide,L,NBRO/LRRMD-MTR/MTR/MULATI/LI/17/0052,MTR170054,Matara,Mulatiyana,2017-06-21T00:00:00,Belpamulla,275E,"සිංහ, බෙල්පාමුල්ල, දෙයියන්දර.","සිංහ, බෙල්පාමුල්ල, දෙයියන්දර.",,2017-08-18T00:00:00,2017-05-25T00:00:00,22:30,,,,,6.13817,80.59655
Landslide,L,NBRO/LRRMD-MTR/MTR/MULATI/LI/18/0012,MTR180033,Matara,Mulatiyana,2018-12-30T00:00:00,Pallawela,279C,"‘නුගසෙවන‘, කළුවලාකැටිය, පල්ලාවෙල, දෙනගම.","‘නුගසෙවන‘, කළුවලාකැටිය, පල්ලාවෙල, දෙනගම.",,2019-05-15T00:00:00,,,,,,,6.111841,80.61938
Landslide,L,NBRO/LRRMD-MTR/MTR/MULATI/LI/18/0040,MTR180061,Matara,Mulatiyana,2018-07-30T00:00:00,Pallawela,279C,"නුගසෙවන, වඩුවවත්ත, පල්ලාවෙල.","නුගසෙවන, වඩුවවත්ත, පල්ලාවෙල.",,2018-07-30T00:00:00,,,,,,,6.11194,80.6198
Landslide,L,NBRO/LRRMD-MTR/MTR/KOTAPO/LI/18/0882,MTR180928,Matara,Kotapola,2018-02-12T00:00:00,Ilukpitiya,242B,"මුගුණහේන යාය, ඉලුක්පිටිය, කොටපොල",,,0001-01-01T00:00:00,,,,,,,6.27266,80.56826
Landslide,L,NBRO/LRRMD-MTR/MTR/KOTAPO/LI/18/0896,MTR180943,Matara,Kotapola,2018-03-15T00:00:00,Koodaludeniya,256C,"ලුම්බිණිවත්ත, කූඩළුදෙණිය, ෙකාටපොල",,,0001-01-01T00:00:00,,,,,,,6.27697,80.53857
Landslide,L,NBRO/LRRMD-MTR/MTR/MULATI/LI/19/0170,MTR190302,Matara,Mulatiyana,2019-02-28T00:00:00,Gammedagama,273A,"සුභසිංහ වත්ත, ගම්මැදගම, දෙයියන්දර.","සුභසිංහ වත්ත, ගම්මැදගම, දෙයියන්දර.",,2019-03-05T00:00:00,,,,,,,6.18165,80.61623
Landslide,L,NBRO/LRRMD-MTR/MTR/MATAFG/LI/22/0105,MTR220126,Matara,Matara Four Gravets,2022-01-03T00:00:00,Eliyakanda South,416A,"නො. 55, සරත් සේදර මාවත, එළියකන්ද, මාතර","නො. 55, සරත් සේදර මාවත, එළියකන්ද, මාතර",,2021-05-20T00:00:00,2021-05-14T00:00:00,,අධික වර්ෂාපතනය,,,,5.94217,80.56798
Landslide,L,NBRO/LRRMD-MTR/MTR/PASGOD/LI/23/0127,MTR230170,Matara,Pasgoda,2023-05-31T00:00:00,Pasgoda,254,රොටුඹ,"ඉඳිගල්ගොඩකන්ද, රොටුඹ",matara මුලටියන කොටපොල මාර්ගයේ පස්ගොඩ නගරය දක්වා පැමිණ එහිදී හමුවන වම් අත දිශාවට විහිදී යන සියඹලාගො,2023-05-15T00:00:00,2023-05-14T00:00:00,15:30,ප්‍රදේශයෙහි/නායෙහි ආරම්භක කලාපය ආශ්‍රිතව පැවති අක්‍රමවත් පෘෂ්ඨීය ජලවහන රටාවත් අක්‍රමවත් භූමි,,,,6.23904,80.58187
Landslide,L,NBRO/LRRMD-MTR/MTR/KAMBUR/LI/23/0308,MTR230406,Matara,Kamburupitiya,2023-10-04T00:00:00,Narandeniya West,323,"බෝගහවත්ත, නාරන්දෙණිය, කඹුරුපිටිය.",,,0001-01-01T00:00:00,,,,,,,6.09061,80.57488
Landslide,L,NBRO/LRRMD-MTR/MTR/HAKMAN/LI/23/0381,MTR230488,Matara,Hakmana,2023-10-16T00:00:00,Kandegoda,293D,කන්දෙගොඩ,"උඩහමාරහේන,   කන්දෙගොඩ",මාතර-හක්මන- වලස් මුල්ල මාර්ගයේ හක්මන නගරය පසුකර ඉදිරියට ගමන් කරන විට හමුවන  දෙනගම වැවෙහි වේල්ල අ,2024-11-18T00:00:00,2023-10-10T00:00:00,16:30,අධික තීව්‍රතාවයකින් යුක්ත වූ වර්ෂාපතනය- - මතුපිට පාංශු ස්ථරයේ භෞතික ගුණාංග- අවිධිමත් පෘෂ්ඨීය ජල,,,,6.101899,80.639398
Landslide,L,NBRO/LRRMD-MTR/MTR/HAKMAN/LI/23/0386,MTR230493,Matara,Hakmana,2023-10-16T00:00:00,Kebiliyapola North,284,කැබිලියපොල උතුර,"49/2  අලහේන, කැබිලියපොල උතුර, හක්ම්ණ",මාතර- තිහගොඩ-හක්මන- වලස්මුල්ල මාර්ගයේ හක්මන නගරය දක්වා පැමිණ හක්මන- බෙලිඅත්ත මාර්ගයේ  ඉදිරියට ගම,2024-05-10T00:00:00,2023-10-09T00:00:00,15:30,දීර්ඝ කාලීන වර්ෂාපතනය- අවිධිමත් ආකාරයට කණ්ඩිය කපා තිබීම- මතුපිට පාංශු ස්ථරයේ භෞතික ගුණාංගයන්- බ,,,,6.091422,80.662799
Landslide,L,NBRO/LRRMD-MTR/MTR/KOTAPO/LI/23/0536,MTR230647,Matara,Kotapola,2023-10-30T00:00:00,Kosmodara,242E,"බී.එච්. විපුල සුරංග, ගුලන කඩේ, කොස්මෝදර, කොටපොල",,,0001-01-01T00:00:00,,,,,,,6.294921,80.565705
Landslide,L,NBRO/LRRMD-MTR/MTR/MULATI/LI/23/0633,MTR230749,Matara,Mulatiyana,2023-11-13T00:00:00,Batadola,279,"කේ. එන්. නිරෝෂා සංජීවනීීීීීීීී, අංක 338/ 2/ බී, පල්ලාවෙල, දෙනගම","අංක 338/ 2/ බී, පල්ලාවෙල, දෙනගම",හක්මන - මුලටියන මාර්ගයේ බටදොල විපුලසාර විද්‍යාලයට පිවිසුම් මාර්ගය අසල නිවස පිහිටා ඇත.,2024-01-09T00:00:00,,,"අධික තීව්‍රරතාවයකින් යුක්ත වූ වර්ෂාපතනය, අවිධිමත් භූ පරිහරණ රටාවන් පැවතීම, මතුපිට පාංශු ස්ථරයේ",,,,6.11701,80.63589
Landslide,L,NBRO/LRRMD-MTR/MTR/AKURES/LI/23/0812,MTR230956,Matara,Akuressa,2023-10-09T00:00:00,Iluppella,361B,"නීල් ප්‍රදේශ, ඉළුක්පැල්ල, අකුරැස්ස",,,0001-01-01T00:00:00,,,,,,,6.11253,80.45499
Landslide,L,NBRO/LRRMD-MTR/MTR/DICKWE/LI/23/0819,MTR230963,Matara,Dickwella,2023-10-09T00:00:00,Urugamuwa East,456,"'' අරුණ '' , අරංකහ දෙණිය, ඌරුගමුව නැගෙනහිර, දික්වැල්ල",,,0001-01-01T00:00:00,,,,,,,6.00999,80.67974
Landslide,L,NBRO/LRRMD-MTR/MTR/ATHURA/LI/24/0271,MTR240343,Matara,Athuraliya,2024-07-04T00:00:00,Thalahagama East,306,"ඩී.බී සුමනදාස, මෙගොඩවත්ත, තලහගම, මාකඳුර","මෙගොඩවත්ත, තලහගම, මාකඳුර",අකුරැස්ස මාකදුර මාර්ගයේ ගමන් කිරීමෙන් අදාල ස්තානයට ලගා විය හැක.,2024-07-17T00:00:00,2024-06-02T00:00:00,05:20,අධික වර්ෂාපතනය,,,,6.12728,80.52862
Landslide,L,NBRO/LRRMD-MTR/MTR/MULATI/LI/24/0344,MTR240447,Matara,Mulatiyana,2024-08-20T00:00:00,Pallawela,279C,"වෙල්ලප්පිලිගෙවත්තහේන, පල්ලාවෙල","86/3, වෙල්ලප්පිලිගෙවත්තහේන, පල්ලාවෙල, රදාවෙල",මාතර - kaburuපිටිය-මුලටියන - දෙයියන්දර- හක්මන මාර්ගයේ රඳාවෙල හංදිය/ පල්ලාවෙල පාසල පසුකර ඉදිරියට ගමන්,2025-04-03T00:00:00,2024-06-02T00:00:00,05:00,අධික තීව්‍රතාවයකින් යුක්ත වූ වර්ෂාපතනය- - මතුපිට පාංශු ස්ථරයේ භෞතික ගුණාංගයන් - ූ රූපණ සාධක- අවිධ,,,,6.116352,80.617589
Landslide,L,NBRO/LRRMD-MTR/MTR/MULATI/LI/25/0056,MTR250100,Matara,Mulatiyana,2025-03-26T00:00:00,Pallawela,279C,"බටදොළ යාය, පල්ලාවෙල","90/1 D,  බටදොළ යාය, පල්ලාවෙල, රදාවෙළ",මාතර - kaburuපිටිය-මුලටියන - දෙයියන්දර- හක්මන මාර්ගයේ රඳාවෙල හංදිය පසුකර පීල්ල හන්දිය දක්වා පැමිණ  එහ,2025-04-03T00:00:00,,,අධික තීව්‍රතාවයකින් යුක්ත වූ වර්ෂාපතනය- - මතුපිට පාංශු ස්ථරයේ භෞතික ගුණාංගයන්- භූ විද්‍යාත්මක ස,,,,6.117933,80.616941
Landslide,L,NBRO/LRRMD-BDL/MON/MEDAGA/LI/19/0001,MON190001,Moneragala,Medagama,2019-02-10T00:00:00,Medagama,110D,"කොහුකුඹුර, බොක්කේමඩ, වරකාගහතැන්න",,,0001-01-01T00:00:00,,,,,,,7.0799136,81.2365384
Landslide,L,NBRO/LRRMD-BDL/MON/MEDAGA/LI/19/0002,MON190002,Moneragala,Medagama,2019-04-16T00:00:00,Medagama,110D,සේනාපතිය,,,0001-01-01T00:00:00,,,,,,,7.093504,81.232373
Landslide,L,NBRO/LRRMD-BDL/MON/BADALK/LI/19/0003,MON190003,Moneragala,Badalkumbura,2019-04-29T00:00:00,Miyanakadura,136,මියනකඳුර,,,0001-01-01T00:00:00,,,,,,,6.877983,81.136751
Landslide,L,NBRO/LRRMD-BDL/MON/BADALK/LI/19/0004,MON190004,Moneragala,Badalkumbura,2019-04-29T00:00:00,Dewathura,136B,දේවතුර 136 B,,,0001-01-01T00:00:00,,,,,,,6.856323,81.122616
Landslide,L,NBRO/LRRMD-BDL/MON/BADALK/LI/19/0005,MON190005,Moneragala,Badalkumbura,2019-07-09T00:00:00,Kotamuduna,135A,කොටමුදුන,,,0001-01-01T00:00:00,,,,,,,6.882884,81.1786
Landslide,L,NBRO/LRRMD-BDL/MON/BADALK/LI/19/0006,MON190006,Moneragala,Badalkumbura,2019-07-09T00:00:00,Ankada,135C,අංකඩ,,,0001-01-01T00:00:00,,,,,,,6.906394,81.189588
Landslide,L,NBRO/LRRMD-BDL/MON/BIBILE/LI/19/0007,MON190007,Moneragala,Bibile,2019-01-28T00:00:00,Yalkumbura,98,යල්කුඹුර,,,0001-01-01T00:00:00,,,,,,,7.112387,81.2102203
Landslide,L,NBRO/LRRMD-BDL/MON/BIBILE/LI/19/0009,MON190009,Moneragala,Bibile,2019-01-18T00:00:00,Ambagolla,102D,අඹගොල්ල,,,0001-01-01T00:00:00,,,,,,,7.1776075,81.220211
Landslide,L,NBRO/LRRMD-BDL/MON/BIBILE/LI/19/0010,MON190010,Moneragala,Bibile,2019-01-28T00:00:00,Hewelwela,100E,හෙවෙල්වල,,,0001-01-01T00:00:00,,,,,,,7.127323,81.212397
Landslide,L,NBRO/LRRMD-BDL/MON/BIBILE/LI/19/0011,MON190011,Moneragala,Bibile,2019-01-28T00:00:00,Yalkumbura,98,යල්කුඹුර,,,0001-01-01T00:00:00,,,,,,,7.1150505,81.2106198
Landslide,L,NBRO/LRRMD-BDL/MON/BIBILE/LI/19/0012,MON190012,Moneragala,Bibile,2019-01-28T00:00:00,Yalkumbura,98,යල්කුඹුර,,,0001-01-01T00:00:00,,,,,,,7.1140939,81.2110787
Landslide,L,NBRO/LRRMD-BDL/MON/MONERA/LI/20/0009,MON200009,Moneragala,Moneragala,2020-02-20T00:00:00,Weliyaya,130B,"මොණරකැලේ වත්ත,සිරිගල,මොණරාගල","මොණරකැලේ වත්ත,සිරිගල,මොණරාගල",මොණරාගල නගරයේ සිට පොතුවිල් මාර් ගයේ ගමන් කර මොණරාගල කාර් මික විදුහල අසලින් දකුණට හැරී මොණරකැලේ,2020-04-22T00:00:00,,,අධික වර්ෂාව,,,,6.389543,81.346583
Landslide,L,NBRO/LRRMD-BDL/MON/BADALK/LI/21/0013,MON210013,Moneragala,Badalkumbura,2021-07-08T00:00:00,Maligathenna,133C,"පරණ අලුපොත, කරවිල පාර, බඩල්කුඹුර","පරණ අලුපොත, කරවිල පාර, බඩල්කුඹුර",,2020-11-26T00:00:00,,,,,,,6.908978,81.237466
Landslide,L,NBRO/LRRMD-BDL/MON/WELLAW/LI/21/0016,MON210016,Moneragala,Wellawaya,2021-02-10T00:00:00,Thelulla,150,"පතනයාය, කුඩාඔය","පතනයාය, කුඩාඔය",,2021-03-30T00:00:00,,,,,,,6.5143848,81.134066
Landslide,L,NBRO/LRRMD-BDL/MON/MADULL/LI/21/0020,MON210020,Moneragala,Madulla,2021-01-04T00:00:00,Ellekona,113E,"155, ගම්පති නිවස, ගලබඩ අරාව, ඔබ්බේගොඩ, මොනරාගල","155, ගම්පති නිවස, ගලබඩ අරාව, ඔබ්බේගොඩ, මොනරාගල",,2021-01-13T00:00:00,,,ඇළ ඉවුරු ඛාදනය,,,,6.929457,81.36349
Landslide,L,NBRO/LRRMD-BDL/MON/MADULL/LI/21/0021,MON210021,Moneragala,Madulla,2021-07-20T00:00:00,Mariarawa,114B,"මාරිඅරාව, මඩුල්ල","මාරිඅරාව, මඩුල්ල",,2020-11-19T00:00:00,,,"ඇතැම් පැළුම් නිවාසවල පවතින ව්‍යුහාත්මක දුර්වලතා හේතුවෙන් හටගත් ඒවා""",,,,6.968288,81.476193
Landslide,L,NBRO/LRRMD-BDL/MON/MADULL/LI/21/0022,MON210022,Moneragala,Madulla,2021-07-20T00:00:00,Iluklanda,113C,"අංක 16 A, බුලත්වත්ත, ඔබ්බේගොඩ, මොනරාගල","අංක 16 A, බුලත්වත්ත, ඔබ්බේගොඩ, මොනරාගල",,2020-11-19T00:00:00,,,,,,,6.914405,81.353531
Landslide,L,NBRO/LRRMD-BDL/MON/BUTTAL/LI/21/0023,MON210023,Moneragala,Buttala,2021-10-14T00:00:00,Yudaganawa,140A,"අංක 520/2්A, යුධගනාව, අමුණුගම, පන්සල පාර, බුත්තල","අංක 520/2්A, යුධගනාව, අමුණුගම, පන්සල පාර, බුත්තල",,2021-11-04T00:00:00,,,පාංශු ස්වභාවය හා අවිධිමත් පෘෂ්ඨිය ජලවහනය,,,,6.773202,81.239073
Landslide,L,NBRO/LRRMD-BDL/MON/BADALK/LI/23/0009,MON230012,Moneragala,Badalkumbura,2023-04-28T00:00:00,Dambagahawela,137A,"මඩුගොල්ල, සියඹලාගුණේ, වැල්ලවාය","මඩුගොල්ල, සියඹලාගුණේ, වැල්ලවාය",,2023-05-08T00:00:00,,,,,,,6.83059,81.13768
Landslide,L,NBRO/LRRMD-BDL/MON/WELLAW/LI/23/0010,MON230013,Moneragala,Wellawaya,2023-11-23T00:00:00,Kurugama,153,"සාදින්නාවල, ඌව කරදගොල්ල, ඇල්ල","සාදින්නාවල, ඌව කරදගොල්ල, ඇල්ල",-,2023-11-27T00:00:00,2023-11-17T00:00:00,,අධික වර්ෂාව,,,,6.78688,81.065738
Landslide,L,NBRO/LRRMD-BDL/MON/WELLAW/LI/23/0011,MON230014,Moneragala,Wellawaya,2023-12-07T00:00:00,Kurugama,153,"අඹතැන්න, ඌව කරදගොල්ල, ඇල්ල","අඹතැන්න, ඌව කරදගොල්ල, ඇල්ල",ඇල්ල වැල්ලවාය මාර්ගයේ ගමන්කර කුරුගම මංසන්දියෙන් අඹතැන්න දෙසට ඇති මාර්ගයේ ගමන්කල යුතුය,2023-12-11T00:00:00,2023-12-02T00:00:00,,අධික වර්ෂාව,,,,6.7846121,81.0817885
Landslide,L,NBRO/LRRMD-BDL/MON/BADALK/LI/24/0001,MON240001,Moneragala,Badalkumbura,2024-01-01T00:00:00,Ankada,135C,"වරාදොළ ඉහළ කොටස, වරාදොළවත්ත, පස්සර","වරාදොළ ඉහළ කොටස, වරාදොළවත්ත, පස්සර",පස්සර - පැලවත්ත මාර්ගයේ ගමන්කොට අඹතැන්න ප්‍රදේශයෙන් වරාදොළවත්ත ඉහළ කොටසට ඇති ප්‍රවේශ මාර්ගයේ ග,2023-11-26T00:00:00,,,අධික වර්ෂාව,,,,6.9075234,81.1808733
Landslide,L,NBRO/LRRMD-BDL/MON/BADALK/LI/24/0002,MON240002,Moneragala,Badalkumbura,2024-01-13T00:00:00,Waradola,135,"වරාදොළ, බඩල්කුඹුර, මොණරාගල",,,2024-01-13T00:00:00,,,,,,,6.908501,81.181306
Landslide,L,NBRO/LRRMD-BDL/MON/MEDAGA/LI/24/0024,MON240030,Moneragala,Medagama,2024-05-20T00:00:00,Bibilamulla,107B,"කෝන්ගහවත්ත, බිබිලමුල්ල, නන්නපුරාව","කෝන්ගහවත්ත, බිබිලමුල්ල, නන්නපුරාව",බිබිලමුල්ල ක්‍රීඩා පිටිය අසල හතරමන් හන්දියෙන් නිරිත දිශාවට මාර්ගයේ මීටර් 650ක් පමණ ඉහළට ගමන් කිර,0001-01-01T00:00:00,,,,,,,7.082098,81.239245
Landslide,L,NBRO/LRRMD-BDL/MON/BADALK/LI/24/0050,MON240058,Moneragala,Badalkumbura,2024-05-28T00:00:00,Dewathura,136B,"මාගල වත්ත, ක්ෂේත්‍ර අංක 01",,,2024-05-27T00:00:00,,,,,,,6.867822,81.138152
Landslide,L,NBRO/LRRMD-BDL/MON/BADALK/LI/24/0051,MON240059,Moneragala,Badalkumbura,2024-01-13T00:00:00,Badalkumbura,133B,"“මන්දාකිණි”, ගමේවෙල, පස්සර",,,2024-05-27T00:00:00,2024-01-11T00:00:00,,,,,,6.914566,81.198873
Landslide,L,NBRO/LRRMD-BDL/MON/BADALK/LI/25/0007,MON250009,Moneragala,Badalkumbura,2025-05-29T00:00:00,Miyanakadura,136,"බූටාවත්ත,කන්දේහේන පහළ කොටස මාර්ගය නායයෑෑම","බූටාවත්ත,කන්දේහේන පහළ කොටස මාර්ගය නායයෑෑම",-,2025-05-02T00:00:00,2025-04-30T00:00:00,,අධික වර්ෂාව,,,,6.870481,81.144152
Landslide,L,NBRO/LRRMD-BDL/MON/BADALK/LI/25/0010,MON250015,Moneragala,Badalkumbura,2025-07-25T00:00:00,Dewathura,136B,"යහල් අරාව, දේවතුර, නමුණුකුල",,,2025-07-22T00:00:00,,,,,,,6.858021,81.137483
Landslide,L,NBRO/LRRMD-BDL/MON/WELLAW/LI/25/0011,MON250018,Moneragala,Wellawaya,2025-08-01T00:00:00,Maha Aragama,150G,"ඇතිලිවැව, මහආරගම","ඇතිලිවැව, මහආරගම",,2025-06-27T00:00:00,,,,,,,6.6155407,81.1623684
Landslide,L,NBRO/LRRMD-BDL/MON/BUTTAL/LI/25/0014,MON250023,Moneragala,Buttala,2025-10-09T00:00:00,Kukurampola,143A,"නාරංගස්යාය, කුකුරම්පොළ, උෘව පැල්වත්ත.","නාරංගස්යාය, කුකුරම්පොළ, උෘව පැල්වත්ත.",,2025-07-24T00:00:00,,,මෙන්ම භුමියේ පවත්නා පස් ස්ථර වලට නොගැළපෙන පාදම් (Foundation) යොදා නොතිබීම හේතුවෙන් නිවසේ ඇති වී ඇති ව්‍,,,,6.620681,81.113534
Landslide,L,NBRO/LRRMD-NWE/NWE/HANGUR/LI/15/0043,NWE150043,Nuwara Eliya,Hanguranketha,2015-02-16T00:00:00,Deniyagama,481B,"දෙනියගම, දෙහිපේ",,,2017-03-24T00:00:00,,,,,,,7.116142255,80.79195455
Landslide,L,NBRO/LRRMD-NWE/NWE/WALAPA/LI/18/0046,NWE180056,Nuwara Eliya,Walapane,2018-09-11T00:00:00,Alakolawewa,504C,"උමඟතැන්නවත්ත, අලකොලවැව, මතුරට","උමඟතැන්නවත්ත, අලකොලවැව, මතුරට",,2019-03-18T00:00:00,,,,,,,7.075404,80.808525
Landslide,L,NBRO/LRRMD-NWE/NWE/NUWARE/LI/18/0070,NWE180080,Nuwara Eliya,Nuwara Eliya,2018-06-29T00:00:00,Shanthipura,535M,"ශාන්තිපුර, 3 වන පියවර",,,2018-07-19T00:00:00,,,,,,,6.9736944,80.742754
Landslide,L,NBRO/LRRMD-NWE/NWE/NUWARE/LI/18/0084,NWE180094,Nuwara Eliya,Nuwara Eliya,2018-09-17T00:00:00,Lippakelle,476L,"අංක 10, ඇල්ජින්, ලිඳුල","අංක 10, ඇල්ජින්, ලිඳුල",නුවරඑළිය - හැටන් ප්‍රධාන මාර්ගයේ ගමන් කොට නානුඔය නගරයේ සිට රදැල්ල මංසන්ධියේ සිට වම් පසට ඇති මාර්,2018-09-14T00:00:00,,,,,,,6.895857,80.74750366
Landslide,L,NBRO/LRRMD-NWE/NWE/AMBAGA/LI/18/0102,NWE180112,Nuwara Eliya,Ambagamuwa,2018-08-17T00:00:00,Newvalleygama,319H,"නිව්වැලිගම, නොර්වුඩ්",,,2018-08-17T00:00:00,,,,,,,6.845037,80.607061
Landslide,L,NBRO/LRRMD-NWE/NWE/AMBAGA/LI/18/0112,NWE180122,Nuwara Eliya,Ambagamuwa,2018-08-20T00:00:00,Panmur,320R,"ස්ත්‍රැදන් වතුයායේ, බටහිර කොටස, හැටන්",,,2018-08-20T00:00:00,,,,,,,6.913689,80.570511
Landslide,L,NBRO/LRRMD-NWE/NWE/NUWARE/LI/18/0120,NWE180130,Nuwara Eliya,Nuwara Eliya,2018-11-08T00:00:00,Bearwell,475X,බෙයාවෙල්,"නො 429, බෙයාවෙල් තේ කර්මාන්ත ශාලාව අසල, ලිඳුල",නුවරඑළිය හැටන් මාර්ගයේ ලිඳුල පසුකර කි.මී.3 ක් ගමන් කළ පසු බෙයාවෙල් තේ කර්මාන්තශාලාව අසල ලයින් නි,2019-08-19T00:00:00,,,,,,,6.931679821,80.67924572112
Landslide,L,NBRO/LRRMD-NWE/NWE/KOTHMA/LI/18/0184,NWE180379,Nuwara Eliya,Kothmale,2018-05-22T00:00:00,Dunukedeniya,468B,"දකුණු කොටස, මැදකුඹුර වත්ත, දුණුකේදෙණිය",,පුඩළුඔය - තලවාකැලේ මාර්ගයේ මැදකුඹුර වතුයායේ දකුණු කොටසේ පිහිටා ඇත (map 01),2018-05-24T00:00:00,,,,,,,6.969234,80.634837
Landslide,L,NBRO/LRRMD-NWE/NWE/HANGUR/LI/19/0009,NWE190009,Nuwara Eliya,Hanguranketha,2019-12-30T00:00:00,Udakanda,489C,"උඩකන්ද, ඉල්ලගොල්ල, බටගොල්ල.",,,2020-01-27T00:00:00,,,,,,,7.162215472,80.80774
Landslide,L,NBRO/LRRMD-NWE/NWE/HANGUR/LI/19/0012,NWE190012,Nuwara Eliya,Hanguranketha,2019-12-23T00:00:00,Hope,501G,"හෝප් වතුයාය, මැද කොටස, උඩ කොටස හා පහල කොටස, හේවාහැට",,,2020-01-23T00:00:00,,,,,,,7.1076060365,80.74278223
Landslide,L,NBRO/LRRMD-NWE/NWE/WALAPA/LI/19/0028,NWE190028,Nuwara Eliya,Walapane,2019-12-31T00:00:00,Palalpathana,526A,පලල්පතන / දියනිල්ල පතන,,,2019-12-10T00:00:00,,,,,,,7.039183389,80.86243944
Landslide,L,NBRO/LRRMD-NWE/NWE/WALAPA/LI/19/0029,NWE190030,Nuwara Eliya,Walapane,2019-12-06T00:00:00,Watambe,517A,වටඹේ.,,,2019-12-27T00:00:00,,,,,,,7.09262889,80.8790431
Landslide,L,NBRO/LRRMD-NWE/NWE/WALAPA/LI/19/0030,NWE190031,Nuwara Eliya,Walapane,2019-01-01T00:00:00,Alakolawewa,504C,"උමඟතැන්නවත්ත, අලකොලවැව, මතුරට.",,,2019-03-13T00:00:00,,,,,,,7.075404,80.808525
Landslide,L,NBRO/LRRMD-NWE/NWE/WALAPA/LI/19/0046,NWE190047,Nuwara Eliya,Walapane,2019-12-31T00:00:00,Liyanwela Pahalagama,506B,"ලියන්වල, වලපනේ.",,,2019-12-28T00:00:00,,,,,,,7.11759817,80.8321253285
Landslide,L,NBRO/LRRMD-NWE/NWE/WALAPA/LI/19/0047,NWE190048,Nuwara Eliya,Walapane,2019-12-31T00:00:00,Werellapathana,516C,"වැටකේපතන, වලපනේ.",,,2019-10-13T00:00:00,,,,,,,7.0798762,80.8090908186
Landslide,L,NBRO/LRRMD-NWE/NWE/AMBAGA/LI/19/0130,NWE190163,Nuwara Eliya,Ambagamuwa,2019-10-18T00:00:00,Lethant,319K,කාසල්රී ජනපදය දික්ඔය.,,,2019-11-28T00:00:00,,,,,,,6.87376,80.561448
Landslide,L,NBRO/LRRMD-NWE/NWE/NUWARE/LI/19/0147,NWE190180,Nuwara Eliya,Nuwara Eliya,2019-10-11T00:00:00,Hawaeliya North,535G,හාවාඑළිය,"නො 73/1, ලේඩි මැකලම් පාර, හාවාඑළිය, නුවරඑළිය",නුවරඑළිය නගර සභා හන්දියේ සිට කිලෝමීටර 1.2 ක් ගැමුණු මාවතේ ගිය විට අදාළ ස්ථානය හමුවේ.,2020-12-15T00:00:00,,,,,,,6.976849,80.78106601816
Landslide,L,NBRO/LRRMD-NWE/NWE/NUWARE/LI/19/0148,NWE190181,Nuwara Eliya,Nuwara Eliya,2019-12-08T00:00:00,Henfold,476N,"හෙන්ෆෝල්ඩ් වත්ත, ලිඳුල","හෙන්ෆෝල්ඩ් වත්ත, ලිඳුල",නුවරඑළිය - හැටන් ප්‍රධාන මාර්ගයේ ගමන් කොට හෙන්ෆෝල්ඩ් වතුයායේ ගමන් කිරිමෙන් පසු අදාළ ස්ථානයට ලඟ,2020-08-11T00:00:00,,,,,,,6.8886647,80.7149537
Landslide,L,NBRO/LRRMD-NWE/NWE/KOTHMA/LI/19/0150,NWE190183,Nuwara Eliya,Kothmale,2019-12-18T00:00:00,Hapugasthalawa,460,"අහස්වැව පාර, හපුගස්තලාව","අහස්වැව පාර, හපුගස්තලාව",නුවර එළිය - පූඩලුඔය ප්‍රධාන මාර්ගයේ ගමන් කොට පූඩලුඔය නගරය පසු කොට තවලන්තැන්න - තලවාකැලේ මාර්ගයේ,2020-02-25T00:00:00,,,,,,,7.0608112541,80.572445858
Landslide,L,NBRO/LRRMD-NWE/NWE/NUWARE/LI/19/0153,NWE190186,Nuwara Eliya,Nuwara Eliya,2019-12-20T00:00:00,Nuwara Eliya Central,535D,"අංක 10, මහින්ද මාවත, හාවාඑළිය, නුවරඑළිය","අංක 10, මහින්ද මාවත, හාවාඑළිය, නුවරඑළිය","නුවරඑළිය - උඩපුස්සැල්ලාව ප්‍රධාන මාර්ගයේ ගමන් කොට, මහින්ද මාවතට පිවිස, මීටර් 200ක් පමණ ගමන් කිරීමෙ",2019-12-02T00:00:00,,,,,,,6.96983579,80.78102138
Landslide,L,NBRO/LRRMD-NWE/NWE/KOTHMA/LI/19/0163,NWE190196,Nuwara Eliya,Kothmale,2019-10-02T00:00:00,Sangilipalama,471/A,සංගිලි පාලම,සංගිලි පාලම,කොත්මලේ නව නගරයේ සිට මාවෙල- මාස්වෙල මාර්ගයේ කි.මි.1 ක් පමන ගමන් කරන විට මෙම ස්ථානයට ලගා විය හැක.,2020-12-03T00:00:00,,,,,,,7.066471939,80.678583075
Landslide,L,NBRO/LRRMD-NWE/NWE/KOTHMA/LI/19/0179,NWE190316,Nuwara Eliya,Kothmale,2019-08-05T00:00:00,Mawela East,456,මාවෙල බටහිර,"මාවෙල-බටහිර, කොත්මලේ.",,2019-11-01T00:00:00,,,,,,,7.0744253089,80.6362303
Landslide,L,NBRO/LRRMD-NWE/NWE/WALAPA/LI/19/0201,NWE190383,Nuwara Eliya,Walapane,2019-12-05T00:00:00,Naranthalawa,514A,වලපනේ  - පදියපැලැල්ල ප්‍රධාන මාර්ගය (B413),,,2019-12-05T00:00:00,,,,,,,7.124827,80.8337173
Landslide,L,NBRO/LRRMD-NWE/NWE/KOTHMA/LI/20/0017,NWE200009,Nuwara Eliya,Kothmale,2020-11-21T00:00:00,Niyamgamdora,470,"නියම්ගම්දොර, කොත්මලේ","නියම්ගම්දොර, කොත්මලේ",,2021-12-10T00:00:00,2021-11-17T00:00:00,,,,,,7.04639,80.662517
Landslide,L,NBRO/LRRMD-NWE/NWE/NUWARE/LI/20/0021,NWE200013,Nuwara Eliya,Nuwara Eliya,2020-12-16T00:00:00,Windicorner,476E,"අංක 17, නානුඔය පාර, බ්ලැක්පූල්, නුවර එලිය",,නුවර එලිය - හැටන් මාර්ගයේ බ්ලැක්පූල් මංසංධියේ සිට නානුඔය දෙසට මීටර 250 ක් පමණ ගමන් කිරීමෙන් අදාල ස,2022-01-27T00:00:00,2021-12-16T00:00:00,,,,,,6.949545,80.772435
Landslide,L,NBRO/LRRMD-NWE/NWE/HANGUR/LI/20/0052,NWE200057,Nuwara Eliya,Hanguranketha,2020-12-07T00:00:00,Udawela Pathana,482C,"උඩවෙලපතන, රිකිල්ලගස්කඩ",,,2020-12-30T00:00:00,,,,,,,7.141659026,80.781456911
Landslide,L,NBRO/LRRMD-NWE/NWE/HANGUR/LI/20/0075,NWE200080,Nuwara Eliya,Hanguranketha,2020-11-23T00:00:00,Uda Padiyapelella,510A,"උඩ පදියපැලැල්ල, පදියපැලැල්ල",,,2021-09-06T00:00:00,,,,,,,7.100096438,80.7995553687
Landslide,L,NBRO/LRRMD-NWE/NWE/NUWARE/LI/20/0223,NWE200295,Nuwara Eliya,Nuwara Eliya,2020-08-18T00:00:00,Henfold,476N,"ශාන්ත රෙගියුලස් කොටස, හෙන්ෆෝල්ඩ් වත්ත","ශාන්ත රෙගියුලස් කොටස, හෙන්ෆෝල්ඩ් වත්ත",නුවරඑළිය සිට නුවරඑළිය - හැටන් මාර්ගයේ හෙන්ෆෝල්ඩ් වත්ත දෙසට කිලෝමීටර 10 ක් පමණ ගිය තැන අදාළ ස්ථානය,2020-12-13T00:00:00,,,,,,,6.8813205,80.7134461
Landslide,L,NBRO/LRRMD-NWE/NWE/NUWARE/LI/20/0228,NWE200300,Nuwara Eliya,Nuwara Eliya,2020-08-18T00:00:00,Henfold,476N,"ශාන්ත රෙගියුලස් කොටස, හෙන්ෆෝල්ඩ් වත්ත, ලිඳුල","ශාන්ත රෙගියුලස් කොටස, හෙන්ෆෝල්ඩ් වත්ත, ලිඳුල",නුවරඑළිය සිට නුවරඑළිය - හැටන් මාර්ගයේ හෙන්ෆෝල්ඩ් දෙසට කිලෝමීටර 10 ක් පමණ ගිය තැන අදාල ස්තානය හමුව,2020-12-13T00:00:00,,,,,,,6.8817485,80.71156382613
Landslide,L,NBRO/LRRMD-NWE/NWE/NUWARE/LI/20/0229,NWE200301,Nuwara Eliya,Nuwara Eliya,2020-08-18T00:00:00,Henfold,476N,"ශාන්ත රෙගියුලස් කොටස, හෙන්ෆෝල්ඩ් වත්ත, ලිඳුල","ශාන්ත රෙගියුලස් කොටස, හෙන්ෆෝල්ඩ් වත්ත, ලිඳුල",නුවරඑළිය සිට නුවරඑළිය - හැටන් මාර්ගයේ හෙන්ෆෝල්ඩ් දෙසට කිලෝමීටර 10 ක් පමණ ගිය තැන අදාළ ස්ථානය හමුව,2020-12-13T00:00:00,,,,,,,6.8817374,80.71156382622
Landslide,L,NBRO/LRRMD-NWE/NWE/KOTHMA/LI/20/0230,NWE200302,Nuwara Eliya,Kothmale,2020-10-05T00:00:00,Kalapitiya West,465C,"පුහුල්පිටිය රජ මහා විහාරය, කලපිටිය","පුහුල්පිටිය රජ මහා විහාරය, කලපිටිය",කොත්මලේ හපුගස්තලාව මාර්ගයේ පුහුල්පිටිය විහාරස්ථානය අසල මාර්ගය.,2020-08-18T00:00:00,,,,,,,7.052784,80.649413
Landslide,L,NBRO/LRRMD-NWE/NWE/KOTHMA/LI/20/0232,NWE200304,Nuwara Eliya,Kothmale,2020-08-11T00:00:00,Labukele,474I,"ලබුකැලේ වත්ත, අංක 08 කොටස, ලබුකැලේ","ලබුකැලේ වත්ත, අංක 08 කොටස, ලබුකැලේ",නුවරඑළිය - මහනුවර ප්‍රධාන මාර්ගයේ (A5)ලබුකැලේ පිහිටා  ඇති දම්රෝ ලබුකැලේ තේ කර්මාන්ත ශාලාව අසලින් ප,2020-09-11T00:00:00,,,,,,,7.026128,80.713381
Landslide,L,NBRO/LRRMD-NWE/NWE/HANGUR/LI/20/0233,NWE200305,Nuwara Eliya,Hanguranketha,2020-12-23T00:00:00,Wegama,498,"වෑගම රජමහා විහාරස්ථානය,වෑගම, හේවාහැට.",,,2020-12-18T00:00:00,,,,,,,7.132082401,80.7590026315
Landslide,L,NBRO/LRRMD-NWE/NWE/KOTHMA/LI/20/0234,NWE200306,Nuwara Eliya,Kothmale,2020-08-16T00:00:00,Maswela,457,"ඩී 16 සි, මොරපේ, මාස්වෙල","ඩී 16 සි, මොරපේ, මාස්වෙල",නුවරඑළිය - මහනුවර ප්‍රධාන මාර්ගයේ ගමන් කොට තවලන්තැන්න මංසන්ධිය අසලින් පූඬලුඔය දෙසට ඇති මාර්ගයේ,2020-02-09T00:00:00,,,,,,,7.0660450821,80.619015041
Landslide,L,NBRO/LRRMD-NWE/NWE/NUWARE/LI/20/0235,NWE200307,Nuwara Eliya,Nuwara Eliya,2020-08-18T00:00:00,Henfold,476N,"කැලිඩෝනියා කොටස, හෙන්ෆෝල්ඩ් වත්ත, ලිඳුල (බ්ලොක් ඕ , බ්ලොක් පී)","බ්ලොක් පී, කැලිඩෝනියා කොටස, හෙන්ෆෝල්ඩ් වත්ත, ලිඳුල",නුවරඑළිය සිට නුවරඑළිය-හැටන් මාර්ගයේ හෙන්‍f‍ෆdaල්ඩ් දෙසට කිලෝමීටර 10ක් පමණ ගිය තැන අදාළ ස්ථානය හමු,2020-12-14T00:00:00,,,,,,,6.8981765,80.707065875
Landslide,L,NBRO/LRRMD-NWE/NWE/NUWARE/LI/20/0236,NWE200308,Nuwara Eliya,Nuwara Eliya,2020-08-11T00:00:00,Bambarakele,535K,SOS ළමා ගම්මානය ආහ්‍රිත මාර්ගය අසල,SOS ළමා ගම්මානය ආහ්‍රිත මාර්ගය අසල,නුවරඑළිය සිට නුවරඑළිය-නුවර ප්‍රධාන මාර්ගයේ කිලෝමීටර 1.5ක් පමණ ගිය තැන අදාළ ස්ථානය හමුවේ.,2020-12-15T00:00:00,,,,,,,6.9811121,80.75570671812
Landslide,L,NBRO/LRRMD-NWE/NWE/NUWARE/LI/20/0237,NWE200309,Nuwara Eliya,Nuwara Eliya,2020-08-12T00:00:00,Summerset,475W,"සමර්සෙට් වතුයාය , නානුඔය","සමර්සෙට් වතුයාය , නානුඔය",නුවරඑළිය හැටන් මාර්ගයේ නානුඔය පසුකර කි.මී. 3ක් පමණ ගොස් කෝවිල අසලින් ඇති සමර්සෙට් වතු මාර්ගයේ මී,2020-11-11T00:00:00,,,,,,,6.9366507,80.70242881331
Landslide,L,NBRO/LRRMD-NWE/NWE/NUWARE/LI/20/0239,NWE200311,Nuwara Eliya,Nuwara Eliya,2020-08-18T00:00:00,Henfold,476N,"බ්ලොක් ඕ, කැලිඩෝනියා කොටස, හෙන්ෆෝල්ඩ් වත්ත, ලිඳුල","බ්ලොක් ඕ, කැලිඩෝනියා කොටස, හෙන්ෆෝල්ඩ් වත්ත, ලිඳුල",නුවරඑළිය සිට නුවරඑළිය-හැටන් මාර්ගයේ හෙන්‍f‍ෆdaල්ඩ් දෙසට කිලෝමීටර 10ක් පමණ ගිය තැන අදාළ ස්ථානය හමු,2020-12-15T00:00:00,,,,,,,6.8983083,80.70717161262
Landslide,L,NBRO/LRRMD-NWE/NWE/NUWARE/LI/20/0246,NWE200318,Nuwara Eliya,Nuwara Eliya,2020-08-18T00:00:00,Henfold,476N,"හෙන්ෆෝල්ඩ් වත්ත, ලිදුල","හෙන්ෆෝල්ඩ් වත්ත, ලිදුල",නුවරඑළිය සිට නුවරඑළිය-හැටන් මාර්ගයේ නාගසේන හරහා හෙන්‍f‍ෆdaල්ඩ් දෙසට කිලෝමීටර 10ක් පමණ ගිය තැන අදා,2020-12-15T00:00:00,,,,,,,6.8812466,80.71350021301
Landslide,L,NBRO/LRRMD-NWE/NWE/NUWARE/LI/20/0248,NWE200320,Nuwara Eliya,Nuwara Eliya,2020-08-18T00:00:00,Henfold,476N,"ශාන්ත රෙගියුලස් කොටස, හෙන්ෆෝල්ඩ් වත්ත, ලිඳුල","ශාන්ත රෙගියුලස් කොටස, හෙන්ෆෝල්ඩ් වත්ත, ලිඳුල",නුවරඑළිය සිට නුවරඑළිය-හැටන් මාර්ගයේ හෙන්‍f‍ෆdaල්ඩ් වත්ත දෙසට කිලෝමීටර 10ක් පමණ ගිය තැන අදාළ ස්ථාන,2020-12-15T00:00:00,,,,,,,6.8813842,80.7135268
Landslide,L,NBRO/LRRMD-NWE/NWE/NUWARE/LI/20/0249,NWE200321,Nuwara Eliya,Nuwara Eliya,2020-08-20T00:00:00,Lindula,475F,"ආගරපතන පාර, ලිදුල","ආගරපතන පාර, ලිදුල",නුවරඑළිය හැටන් ප්‍රධාන මාර්ගයේ කිලෝමීටර 20ක් ගිය තැන ලිඳුල නගරයේ පන්සල අසල අදාළ ස්ථානය පිහිටා ඇත,2020-12-15T00:00:00,,,,,,,6.92556,80.686507
Landslide,L,NBRO/LRRMD-NWE/NWE/NUWARE/LI/20/0250,NWE200322,Nuwara Eliya,Nuwara Eliya,2020-08-18T00:00:00,Henfold,476N,"ශාන්ත රෙගියුලස් කොටස, හෙන්ෆෝල්ඩ් වත්ත, ලිඳුල","ශාන්ත රෙගියුලස් කොටස, හෙන්ෆෝල්ඩ් වත්ත, ලිඳුල",නුවරඑළිය සිට නුවරඑළිය-හැටන් මාර්ගයේ හෙන්‍f‍ෆdaල්ඩ් දෙසට කිලෝමීටර 12ක් පමණ ගිය තැන අදාළ ස්ථානය හමු,2020-12-15T00:00:00,,,,,,,6.8817285,80.71156382511
Landslide,L,NBRO/LRRMD-NWE/NWE/NUWARE/LI/20/0258,NWE200330,Nuwara Eliya,Nuwara Eliya,2020-08-18T00:00:00,Henfold,476N,"හෙන්ෆෝල්ඩ් වත්ත, හෙන්ෆෝල්ඩ් කොටස, ලිදුල","හෙන්ෆෝල්ඩ් වත්ත, හෙන්ෆෝල්ඩ් කොටස, ලිදුල",නුවරඑළිය සිට නුවරඑළිය-හැටන් මාර්ගයේ නාගසේන හරහා හෙන්‍f‍ෆdaල්ඩ් දෙසට කිලෝමීටර 10ක් පමණ ගිය තැන අදා,2020-12-15T00:00:00,,,,,,,6.881727,80.7115638241
Landslide,L,NBRO/LRRMD-NWE/NWE/NUWARE/LI/20/0259,NWE200331,Nuwara Eliya,Nuwara Eliya,2020-09-16T00:00:00,Hawaeliya North,535G,"නො 59/4, ලේඩිමැක්ලම් පාර, හාවාඑළිය , නුවරඑඑළිය","නො 59/4, ලේඩිමැක්ලම් පාර, හාවාඑළිය , නුවරඑඑළිය",නුවරඑළිය හාවාඑළියට පැමිණ ලේඩිමැක්ලම් මාර්ගයේ කිලෝමිටරයක් පමණ ගිය තැන අදාළ ස්ථානය හමුවේ.,2020-11-12T00:00:00,,,,,,,6.9758421,80.77724001888
Landslide,L,NBRO/LRRMD-NWE/NWE/KOTHMA/LI/20/0282,NWE200354,Nuwara Eliya,Kothmale,2020-04-29T00:00:00,Dombagasthalawa,465H,දොඹගස්තලාව,"දොඹගස්තලාව, මල්දෙණිය, හැටන්",තවලන්තැන්න - තලවාකැලේ ප්‍රධාන මාර්ගයේ ගමන් කිරීමේදී හමුවන කලපිටිය හන්දියෙන් හරංගල -කලපිටිය -කු,2020-09-05T00:00:00,,,,,,,7.02725,80.630038
Landslide,L,NBRO/LRRMD-NWE/NWE/KOTHMA/LI/20/0292,NWE200417,Nuwara Eliya,Kothmale,2020-08-18T00:00:00,Ramboda,474,"නො 30, ඉහළ කඩවිදිය, රම්බොඩ","නො 30, ඉහළ කඩවිදිය, රම්බොඩ",නුවරඑලියේ සිට නුවරඑලිය මහනුවර මාර්ගයේ රම්බොඩ නගරයට පැමිණ ඉන් දකුණට ඇති කුඩා මාර්ගයේ ගමන් කිරීම,2021-03-07T00:00:00,,,,,,,7.055471,80.701098
Landslide,L,NBRO/LRRMD-NWE/NWE/KOTHMA/LI/20/0293,NWE200418,Nuwara Eliya,Kothmale,2020-08-12T00:00:00,Beramana South,467C,"මහවැලිගම, විජයබාහුකන්ද, හැටන් හරහා","මහවැලිගම, විජයබාහුකන්ද, හැටන් හරහා",නුවරඑළියේ සිට නුවරඑළිය මහනුවර ප්‍රධාන මාර්ගයේ තවලන්තැන්න දක්වා පැමිණ පූඬළුඔය දෙසට ගමන් කිරීම,2021-02-02T00:00:00,,,,,,,6.983202,80.629243
Landslide,L,NBRO/LRRMD-NWE/NWE/NUWARE/LI/20/0302,NWE200429,Nuwara Eliya,Nuwara Eliya,2020-08-11T00:00:00,Summerset,475W,වංගිඔය වතුයාය පහල කොටසේ සිට තලවකැලේ දක්වා වූ වතු මාර්ගය.,,,2020-08-10T00:00:00,,,,,,,6.942813671,80.706307953
Landslide,L,NBRO/LRRMD-NWE/NWE/KOTHMA/LI/20/0311,NWE200438,Nuwara Eliya,Kothmale,2020-12-07T00:00:00,Thispane Kanda,462A,තිස්පනේ ප්‍රාථමික වෛද්‍ය මධ්‍යස්තානය,තිස්පනේ ප්‍රාථමික වෛද්‍ය මධ්‍යස්තානය,තවලන්තැන්න - නාවලපිටිය මාර්ගයේ හරංගල හන්දියේ දකුණට ඇති නවතිස්පනේ මාර්ගයෙන් අදාල ස්ථානයට ලඟා වි,2021-02-24T00:00:00,,,,,,,7.034838,80.600187
Landslide,L,NBRO/LRRMD-NWE/NWE/KOTHMA/LI/20/0312,NWE200439,Nuwara Eliya,Kothmale,2020-11-03T00:00:00,Katarandana,466B,"ෆයින්හිල් වත්ත ගම් කොටස, කටාරන්දන, මල්දෙණිය","ෆයින්හිල් වත්ත, කටාරන්දන, මල්දෙණිය",තවලන්තැන්න - හපුගස්තලාව මාර්ගයේ ෆයින්හිල්වත්ත-  කටාරන්දර මාර්ගයෙන් ගමන් කිරීමෙන් අදාල ස්ථානයට,2021-05-05T00:00:00,,,,,,,7.032568,80.640459
Landslide,L,NBRO/LRRMD-NWE/NWE/KOTHMA/LI/20/0353,NWE200480,Nuwara Eliya,Kothmale,2020-07-31T00:00:00,Beramana South,467C,"මහවැලිගම, විජයබාහුකන්ද, හැටන් හරහා","මහවැලිගම, විජයබාහුකන්ද, හැටන් හරහා",නුවරඑළියේ සිට නුවරඑළිය මහනුවර ප්‍රධාන මාර්ගයේ තවලන්තැන්න දක්වා පැමිණ පූඬළුඔය දෙසට ගමන් කිරීම,2020-07-30T00:00:00,,,,,,,6.982156,80.627387
Landslide,L,NBRO/LRRMD-NWE/NWE/KOTHMA/LI/20/0364,NWE200501,Nuwara Eliya,Kothmale,2020-11-12T00:00:00,Sangilipalama,471/A,"කොත්මලේ ආයුර්වේද මුලික රෝහල, කොත්මලේ","කොත්මලේ ආයුර්වේද මුලික රෝහල, කොත්මලේ",නුවරඑළියේ සිට නුවරඑළිය මහනුවර ප්‍රධාන මාර්ගයේ තවලන්තැන්නට පැමිණ තවලන්තැන්නෙන් පුඩළුඔය දෙසට හ,2021-01-13T00:00:00,,,,,,,7.060742,80.683777
Landslide,L,NBRO/LRRMD-NWE/NWE/KOTHMA/LI/21/0091,NWE210081,Nuwara Eliya,Kothmale,2021-11-17T00:00:00,Niyamgamdora,470,"නියම්ගම්දොර, කොත්මලේ","නියම්ගම්දොර, කොත්මලේ",,2021-12-10T00:00:00,2021-11-17T00:00:00,,,,,,7.046362,80.661913
Landslide,L,NBRO/LRRMD-NWE/NWE/KOTHMA/LI/21/0092,NWE210082,Nuwara Eliya,Kothmale,2021-11-17T00:00:00,Niyamgamdora,470,"නියම්ගම්දොර, කොත්මලේ","නියම්ගම්දොර, කොත්මලේ",,2021-12-10T00:00:00,2021-11-17T00:00:00,,,,,,7.047652,80.664472
Landslide,L,NBRO/LRRMD-NWE/NWE/KOTHMA/LI/21/0093,NWE210083,Nuwara Eliya,Kothmale,2021-11-17T00:00:00,Niyamgamdora,470,"නියම්ගම්දොර, කොත්මලේ.","නියම්ගම්දොර, කොත්මලේ.",,2021-12-10T00:00:00,2021-11-17T00:00:00,,,,,,7.04816,80.664414
Landslide,L,NBRO/LRRMD-NWE/NWE/KOTHMA/LI/21/0127,NWE210117,Nuwara Eliya,Kothmale,2021-11-17T00:00:00,Niyamgamdora,470,"නියම්ගම්දොර, කොත්මලේ",,,2021-12-10T00:00:00,2021-11-17T00:00:00,,,,,,7.047984,80.660625
Landslide,L,NBRO/LRRMD-NWE/NWE/HANGUR/LI/21/0188,NWE210276,Nuwara Eliya,Hanguranketha,2021-05-20T00:00:00,Gedereiyawa,503B,"මාවුස්සාවේගෙදර, ගන්නෑව, උඩගම",,,2021-09-22T00:00:00,,,,,,,7.1387737244,80.72030786
Landslide,L,NBRO/LRRMD-NWE/NWE/KOTHMA/LI/21/0322,NWE210482,Nuwara Eliya,Kothmale,2021-04-09T00:00:00,Bogahawela,468D,"බෝගහවෙල, පුඩළුඔය","බෝගහවෙල, පුඩළුඔය",නුවරඑලියේ සිට හැටන් දක්වා පැමිණිමේදී තලවාකැලේ නගරයෙන් දකුණට ඇති පුඩළුඔය මාර්ගයේ 10 ක් ගමන් කිරි,2021-06-30T00:00:00,,,,,,,7.017488,80.651266
Landslide,L,NBRO/LRRMD-NWE/NWE/NUWARE/LI/21/0340,NWE210494,Nuwara Eliya,Nuwara Eliya,2021-11-16T00:00:00,Bangalahatha,476C,වන්ගීඔය ඉහල කොටසේ ලයින් අංක 1 සහ 2 පිහිටි නිවාස 41,"රදැල්ල වතුයාය, වංගිඔය ඉහල කොටස, ලයින් කාමර අංක 1 හා 2",නුවරඑළිය - හැටන් ප්‍රධාන මාර්ගයේ ගමන්කොට නානුඔය ප්‍රාදේශිය සභාව අසලින් රදැල්ල වතු මාර්ගයේ කි.ම,2022-04-28T00:00:00,,,,,,,6.949453,80.707525
Landslide,L,NBRO/LRRMD-NWE/NWE/KOTHMA/LI/21/0410,NWE210559,Nuwara Eliya,Kothmale,2021-12-13T00:00:00,Helsirigama,474D,"හෙල්සිරිගම, කටුකිතුල","හෙල්සිරිගම, කටුකිතුල","නුවරඑළිය-මහනුවර (A5) ප්‍රධාන මාර්ගයේ ගමන් කර, තවලන්තැන්න මන්සංධිය අසළින් තවලන්තැන්න-කොත්මලේ (B412) ද",2022-02-07T00:00:00,,,,,,,7.0778399,80.651733
Landslide,L,NBRO/LRRMD-NWE/NWE/KOTHMA/LI/21/0411,NWE210560,Nuwara Eliya,Kothmale,2021-11-14T00:00:00,Sangilipalama,471/A,"බලපොකුණ, කොත්මලේ","බලපොකුණ, කොත්මලේ",නුවර එළිය-මහනුවර (A5) ප්‍රධාන මාර්ගයේ ගමන් කර තවලන්තැන්න අසළින්  තවලන්තැන්න-තලවකැලේ (B/412) මාර්ගයට පි,2022-02-12T00:00:00,,,,,,,7.06065,80.679061
Landslide,L,NBRO/LRRMD-NWE/NWE/WALAPA/LI/22/0359,NWE220673,Nuwara Eliya,Walapane,2022-12-16T00:00:00,Padiyapelella,505A,"ගලබඩ හංදිය, පදියපැලැල්ල",,,2022-12-27T00:00:00,,,,,,,7.09614206571,80.8015002217
Landslide,L,NBRO/LRRMD-NWE/NWE/KOTHMA/LI/23/0058,NWE230317,Nuwara Eliya,Kothmale,0001-01-01T00:00:00,Kalapitiya East,465,"මුස්ලිම් ගම්මානය, කලපිටිය, හැදුනුවැව","මුස්ලිම් ගම්මානය, කලපිටිය, හැදුනුවැව",,2023-06-29T00:00:00,,,,,,,7.050236,80.652785
Landslide,L,NBRO/LRRMD-NWE/NWE/KOTHMA/LI/23/0062,NWE230338,Nuwara Eliya,Kothmale,0001-01-01T00:00:00,Kothmalgama,474G,"කොත්මල්ගම, කටුකිතුල","නො 103, කොත්මල්ගම, කටුකිතුල",,2023-08-11T00:00:00,,,,,,,7.084447,80.659977
Landslide,L,NBRO/LRRMD-NWE/NWE/AMBAGA/LI/23/0081,NWE230426,Nuwara Eliya,Ambagamuwa,0001-01-01T00:00:00,Theeniyagala,315,වගුරවත්ත,"තීනියගල, අලගල, ගිණිගත්හේන",,2023-07-20T00:00:00,,,,,,,6.980825,80.4966633
Landslide,L,NBRO/LRRMD-NWE/NWE/AMBAGA/LI/23/0085,NWE230428,Nuwara Eliya,Ambagamuwa,0001-01-01T00:00:00,Theeniyagala,315,වගුරවත්ත,"නිතියගල, අලගල, ගිණිගත්හේන",,0001-01-01T00:00:00,,,,,,,6.98079666,80.49667833
Landslide,L,NBRO/LRRMD-NWE/NWE/AMBAGA/LI/23/0087,NWE230429,Nuwara Eliya,Ambagamuwa,0001-01-01T00:00:00,Theeniyagala,315,වගුරවත්ත,"තීනියගල, අලගල, ගිණිගත්හේන",,0001-01-01T00:00:00,,,,,,,6.979175,80.49773833
Landslide,L,NBRO/LRRMD-NWE/NWE/AMBAGA/LI/23/0088,NWE230430,Nuwara Eliya,Ambagamuwa,0001-01-01T00:00:00,Theeniyagala,315,වගුරවත්ත,"තීනියගල, අලගල, ගිණිගත්හේන",,0001-01-01T00:00:00,,,,,,,6.97995499,80.49886
Landslide,L,NBRO/LRRMD-NWE/NWE/KOTHMA/LI/24/0123,NWE240417,Nuwara Eliya,Kothmale,2024-07-26T00:00:00,Maldeniya,466A,"නුගතොට, මල්දෙණිය","නුගතොට, මල්දෙණිය","තවලන්තැන්න -හපුගස්තලාව ප්‍රධාන මාර්ගයේ, තවලන්තැන්න මංසන්දියේ සිට කි.මී. 12ක් පමන ගමන්කර මෙම ස්ථා",2024-07-26T00:00:00,2023-07-23T00:00:00,,,,,,7.02655,80.650996
Landslide,L,NBRO/LRRMD-NWE/NWE/KOTHMA/LI/24/0131,NWE240424,Nuwara Eliya,Kothmale,2024-06-12T00:00:00,Ramboda,474,වැවන්ඩන් වත්ත. රම්බොඩ,වැවන්ඩන් වත්ත. රම්බොඩ,නුවර එළිය - මහනුවර ප්‍රධාන මාරගයේ තවලම්තැන්න ආසන්නයෙන් වැවන්ඩන් වත්ත වෙත ගමන් කිරීමට ඇති මාර්ග,2024-05-31T00:00:00,,,,,,,7.072561,80.690566
Landslide,L,NBRO/LRRMD-NWE/NWE/KOTHMA/LI/24/0134,NWE240430,Nuwara Eliya,Kothmale,2024-08-08T00:00:00,Kikiliyamana,468I,කිකිළියාමාන ජනපදය,"කිකිළියාමාන ජනපදය, තුනේ කණුව, පූඩලුඔය",නුවර එළිය - මහනුවර ප්‍රධාන මාර්ගයේ ඩන්සිනන් වෙතට ගමන්කිරීමට ඇති මාර්ගයේ කි.මී 6ක් පමන ගමන්කර මෙම,2024-05-31T00:00:00,,,,,,,6.998087,80.711546
Landslide,L,NBRO/LRRMD-NWE/NWE/KOTHMA/LI/24/0207,NWE240782,Nuwara Eliya,Kothmale,2024-12-28T00:00:00,Ramboda,474,නුවරඑළිය- මහනුවර ප්‍රධාන මාර්ගයේ බෝක්කු අංක 43/5 ආසන්නයේ ගැරඩිඇල්ල ප්‍රදේශය.,,නුවරඑළිය -මහනුවර  ප්‍රධාන මාර්ගයේ නුවරඑළිය නගරයේ සිට කි.මී. 20ක්  පමන ගමන් කර මෙම ස්ථානයට ලගා විය හැ,2024-11-28T00:00:00,,,,,,,7.0668664,80.690125
Landslide,L,NBRO/LRRMD-NWE/NWE/HANGUR/LI/24/0219,NWE240794,Nuwara Eliya,Hanguranketha,2024-12-20T00:00:00,Merrygoll,509A,"මෙරිගෝල්ඩ් ජනපදය, මතුරට",,නුවරඑළිය-උඩුපුස්සල්ලාව මාර්ගයට පිවිස එම මාර්ගය ඔස්සේ රාගල දෙසට ගමන් කර ලියන්වල-බෲක්සයිඩ් මාර්,2025-02-18T00:00:00,,,,,,,7.066708,80.810411
Landslide,L,NBRO/LRRMD-NWE/NWE/WALAPA/LI/25/0001,NWE250018,Nuwara Eliya,Walapane,2025-01-02T00:00:00,Ambaliyadda,531,අඹලියද්ද,,"නුවරඑළිය නගරයේ සිට නුවරඑළිය උඩුපුස්සැල්ලාව මාර්ගයට පිවිස එම මාර්ගයේ ඉදිරියට ගමන් කර, ඇම්හස්ට්",2024-11-27T00:00:00,,,,,,,7.015817,80.901103
Landslide,L,NBRO/LRRMD-NWE/NWE/WALAPA/LI/25/0014,NWE250275,Nuwara Eliya,Walapane,2025-02-19T00:00:00,Hegama,523A,"හෑගම, නිල්දණ්ඩාහින්න",,,2025-03-04T00:00:00,,,,,,,7.075138,80.903927
Landslide,L,NBRO/LRRMD-NWE/NWE/WALAPA/LI/25/0064,NWE250573,Nuwara Eliya,Walapane,2025-06-25T00:00:00,Padiyapelella,505A,පදියපැලැල්ල ප්‍රාදේශීය සභා උප කාර්‍යාලය පිහිටි භූමිය,,නුවරඑළිය-හගුරන්කෙත මාර්ගයේ වලපනේ නගරය දෙසට ගමන් කරන විට මතුරට දෙසට පවතින මාර්ගය ඔස්සේ මීටර 50ක ප,2025-07-02T00:00:00,,,,,,,7.093827,80.799413
Landslide,L,NBRO/LRRMD-NWE/NWE/NUWARE/LI/25/0076,NWE250621,Nuwara Eliya,Nuwara Eliya,2025-05-22T00:00:00,Perakumpura,476B,"මහෙළි වත්ත, නානුඔය",,අවිස්සාවෙල්ල-හැටන්-නුවරඑළිය මාර්ගය ආරම්භ වන ස්ථානයේ සිට පේරකුඹුර දෙසට කිලෝමීටර 1.1ක් පමණ ගමන් කළ,2025-06-25T00:00:00,,,,,,,6.913254,80.746114
Landslide,L,NBRO/LRRMD-NWE/NWE/WALAPA/LI/25/0093,NWE250685,Nuwara Eliya,Walapane,2025-08-12T00:00:00,Serasunthenna,513B,කිර්තිබණ්ඩාරපුර අඩවි ආරක්ෂක කාර්යාලය හා නිල නිවස,,,2025-09-17T00:00:00,,,,,,,7.153994,80.862902
Landslide,L,NBRO/LRRMD-NWE/NWE/WALAPA/LI/25/0144,NWE250826,Nuwara Eliya,Walapane,2025-10-28T00:00:00,Pannala,513,"ලිහිණියාගල, කිර්තිබණ්ඩාරපුර",,බෙලිහුල් ඔය පාලම අසළින් ලිහිණියාගල පන්සල දෙසට පවතින මෙම මාර්ගය දිගේ මීටර් 300ක් පමණ ගමන් කළ විට මෙ,2025-10-14T00:00:00,,,,,,,7.165272,80.843569
Landslide,L,NBRO/LRRMD-NWE/NWE/AMBAGA/LI/25/0150,NWE250853,Nuwara Eliya,Ambagamuwa,2025-07-23T00:00:00,Millagahamula,316E,"මහනෙලු ගම, අප්කට්","මහනෙලු ගම, අප්කට්",හැටන් - අප්කට් මාර්ගයේ ගමන් කිරීමේදී හමුවන මහනෙලු වතු යාය ආශ්‍රිතව මාර්ගයට ඉහළින් අදාළ නිවස පිහ,2025-10-10T00:00:00,,,,,,,6.80974,80.61217
Landslide,L,NBRO/LRRMD-NWE/NWE/KOTHMA/LI/25/0165,NWE250899,Nuwara Eliya,Kothmale,2025-07-18T00:00:00,Sheengama,468J,"අංක 126/2, වීරසේකර පෙදෙස, පූඩලුඔය","වීරසේකර පෙදෙස, පූඩලුඔය","වීරසේකර පෙදෙස, පූඩලුඔය",2025-07-18T00:00:00,,,,,,,7.010139,80.673992
Landslide,L,NBRO/LRRMD-RTP/RTP/NIVITH/LI/17/0095,RTP170100,Ratnapura,Nivithigala,2017-05-29T00:00:00,Erabadda,175D,"උඩඑරබද්ද- දෑල,රත්නපුර",,,0001-01-01T00:00:00,,,,,,,6.62127,80.47576
Landslide,L,NBRO/LRRMD-RTP/RTP/IMBULP/LI/17/0132,RTP170209,Ratnapura,Imbulpe,2017-11-02T00:00:00,Pidaligannawela,269B,"පිඩලිගන්නාව, ඉඹුල්පේ",,,0001-01-01T00:00:00,,,,,,,6.71931,80.69569
Landslide,L,NBRO/LRRMD-RTP/RTP/IMBULP/LI/17/0132,RTP170210,Ratnapura,Imbulpe,2017-11-02T00:00:00,Pidaligannawela,269B,"පිඩලිගන්නාව, ඉඹුල්පේ",,,0001-01-01T00:00:00,,,,,,,6.71931,80.69569
Landslide,L,NBRO/LRRMD-RTP/RTP/ELAPAT/LI/17/0142,RTP170253,Ratnapura,Elapatha,2017-06-05T00:00:00,Pallegedara,185A,ගෝනමලදෙනිය,,,0001-01-01T00:00:00,,,,,,,6.6694475,80.360502
Landslide,L,NBRO/LRRMD-RTP/RTP/ELAPAT/LI/17/0142,RTP170254,Ratnapura,Elapatha,2017-06-05T00:00:00,Pallegedara,185A,ගෝනමලදෙනිය,,,0001-01-01T00:00:00,,,,,,,6.6694475,80.360502
Landslide,L,NBRO/LRRMD-RTP/RTP/KURUVI/LI/17/0155,RTP170289,Ratnapura,Kuruvita,2017-09-22T00:00:00,Pussella,158,ගොංකුරේවත්ත/ දේවාලේකැලෙ,,,0001-01-01T00:00:00,,,,,,,6.8084357,80.33591103
Landslide,L,NBRO/LRRMD-RTP/RTP/KIRIEL/LI/17/0211,RTP170386,Ratnapura,Kiriella,2017-09-28T00:00:00,Kiriella,145,බොරළුගොඩ,,,0001-01-01T00:00:00,,,,,,,6.77569,80.26082
Landslide,L,NBRO/LRRMD-RTP/RTP/KIRIEL/LI/17/0211,RTP170390,Ratnapura,Kiriella,2017-09-28T00:00:00,Kiriella,145,බොරළුගොඩ,,,0001-01-01T00:00:00,,,,,,,6.77569,80.26082
Landslide,L,NBRO/LRRMD-RTP/RTP/AYAGAM/LI/17/0286,RTP170521,Ratnapura,Ayagama,2017-07-14T00:00:00,Dethabadakanda,191D,බදුවලකන්ද,,,0001-01-01T00:00:00,,,,,,,6.6922,80.2771
Landslide,L,NBRO/LRRMD-RTP/RTP/AYAGAM/LI/17/0288,RTP170526,Ratnapura,Ayagama,2017-07-20T00:00:00,Pallekada,192A,පල්ලේකඩ පාසල අසල,,,0001-01-01T00:00:00,,,,,,,6.65277,80.29739
Landslide,L,NBRO/LRRMD-RTP/RTP/AYAGAM/LI/17/0300,RTP170543,Ratnapura,Ayagama,2017-09-30T00:00:00,Udugala,193A,උඩුගල,,,0001-01-01T00:00:00,,,,,,,6.61795,80.32681
Landslide,L,NBRO/LRRMD-RTP/RTP/AYAGAM/LI/17/0320,RTP170571,Ratnapura,Ayagama,2017-12-22T00:00:00,Gangodakanda,193C,ගමික්කන්ද,,,0001-01-01T00:00:00,,,,,,,6.65889,80.28421
Landslide,L,NBRO/LRRMD-RTP/RTP/AYAGAM/LI/17/0328,RTP170580,Ratnapura,Ayagama,2017-07-09T00:00:00,Udugala,193A,උඩුගල,,,0001-01-01T00:00:00,,,,,,,6.60462,80.32504
Landslide,L,NBRO/LRRMD-RTP/RTP/AYAGAM/LI/17/0328,RTP170581,Ratnapura,Ayagama,2017-07-09T00:00:00,Udugala,193A,උඩුගල,,,0001-01-01T00:00:00,,,,,,,6.60462,80.32504
Landslide,L,NBRO/LRRMD-RTP/RTP/EHELIY/LI/17/0357,RTP170621,Ratnapura,Eheliyagoda,2017-05-26T00:00:00,Pelpitiya,136E,අරබ්බඩ,,,0001-01-01T00:00:00,,,,,,,6.838616965758,80.24556386453
Landslide,L,NBRO/LRRMD-RTP/RTP/PELMAD/LI/17/0556,RTP170819,Ratnapura,Pelmadulla,2017-05-26T00:00:00,Pelmadulla Town,168A,"බේකරිය උඩපාර, පාතකඩ, පැල්මඩුල්ල",,,0001-01-01T00:00:00,,,,,,,6.63433,80.51067
Landslide,L,NBRO/LRRMD-RTP/RTP/RATNAP/LI/17/0563,RTP170826,Ratnapura,Ratnapura,2017-06-26T00:00:00,Kahangama,151B,"අංක 07 ලයිම් කාමර, කොස්ගලවත්ත",,,0001-01-01T00:00:00,,,,,,,6.71234,80.35382
Landslide,L,NBRO/LRRMD-RTP/RTP/RATNAP/LI/17/0580,RTP170843,Ratnapura,Ratnapura,2017-05-26T00:00:00,Kospelavinna,153D,"ගෝල්ඩන් ක්‍රෝ, කොස්පැලවින්න",,,0001-01-01T00:00:00,,,,,,,6.702573,80.400553
Landslide,L,NBRO/LRRMD-RTP/RTP/RATNAP/LI/17/0594,RTP170857,Ratnapura,Ratnapura,2017-05-26T00:00:00,Gileemale North,162,"කනේගල්ල, ගිලීමලේ",,,0001-01-01T00:00:00,,,,,,,6.76127,80.40717
Landslide,L,NBRO/LRRMD-RTP/RTP/OPANAY/LI/18/0006,RTP180007,Ratnapura,Opanayaka,2018-12-19T00:00:00,Opanayaka,245,"කොස්ගහවතුගොඩ, පැලපොල්වත්ත","කොස්ගහවතුගොඩ, පැලපොල්වත්ත",රත්නපුර - ඇඹිලිපිටිය ප්‍රධාන මාර්ගයෙහි බෝගහ මංසන්ධියෙන් මීගස්දෙණිය මාර්ගයෙහි මීටර් 200ක් පමණ ගම,2021-09-14T00:00:00,2018-11-26T00:00:00,,,,,,6.605375,80.626967
Landslide,L,NBRO/LRRMD-RTP/RTP/EHELIY/LI/18/0007,RTP180008,Ratnapura,Eheliyagoda,2018-06-08T00:00:00,Nugadanda,143B,"ර/නුගදණ්ඩ භද්‍රාවතී විද්‍යාලය, නුගදණ්ඩ, කලටුවාව","ර/නුගදණ්ඩ භද්‍රාවතී විද්‍යාලය, නුගදණ්ඩ, කලටුවාව",: රත්නපුර - අවිස්සාවේල්ල මාර්ගයේ ගැටහැත්ත හන්දියෙන් ගැටහැත්ත - ඉංගිරිය මාර්ගයේ (686 Rd) ගමන් කළ විට හම,2021-09-22T00:00:00,2018-04-30T00:00:00,,,,,,6.76014,80.195214
Landslide,L,NBRO/LRRMD-RTP/RTP/PELMAD/LI/19/0047,RTP190047,Ratnapura,Pelmadulla,2019-10-08T00:00:00,Kattange,169A,"කුසුම්වාස, කහවතුකන්ද පාර, කහවත්ත","කුසුම්වාස, කහවතුකන්ද පාර, කහවත්ත",,2021-11-22T00:00:00,2019-10-01T00:00:00,,,,,,6.583738,80.579022
Landslide,L,NBRO/LRRMD-RTP/RTP/OPANAY/LI/19/0049,RTP190049,Ratnapura,Opanayaka,2019-12-10T00:00:00,Kendaketiya,245B,"නො:86/ජේ/1/1, කොට්ටුන්ඇල්ල, කැන්දකැටිය,ඕපනායක","නො:86/ජේ/1/1, කොට්ටුන්ඇල්ල, කැන්දකැටිය,ඕපනායක",ඕපනායක සිට පේරකැටිය මංසන්දිය දක්වා පැමිණ කැන්දකැටිය මාර්ගයේ කිලෝමීටර 5ක් පමණ ගමන් කිරීමෙන් අදා,2021-10-26T00:00:00,2019-10-10T00:00:00,,,,,,6.63285,80.64725
Landslide,L,NBRO/LRRMD-RTP/RTP/RATNAP/LI/19/0066,RTP190066,Ratnapura,Ratnapura,2019-03-06T00:00:00,Mihindugama,152D,"25/31, පළමු පටුමග, පොල්හේන්ගොඩ, රත්නපුර","25/31, පළමු පටුමග, පොල්හේන්ගොඩ, රත්නපුර",රත්නපුර - වේවැල්වත්ත මාර්ගයේ කිලෝමීටර් 3ක් පමණ ගමන් කළ විට හමුවන එක්වල හන්දියෙන් වමට පවතින මහවලව,2021-10-27T00:00:00,,,,,,,6.694589,80.406518
Landslide,L,NBRO/LRRMD-RTP/RTP/BALANG/LI/19/0067,RTP190067,Ratnapura,Balangoda,2019-12-26T00:00:00,Polwathugoda,265B,"නො.02, යහලගම, රාස්සගල පාර, බලංගොඩ","නො.02, යහලගම, රාස්සගල පාර, බලංගොඩ",බලංගොඩ නගරයේ සිට රාස්සගල පාරේ කිලෝමීටර 7ක් පමණ ගමන් කිරීමෙන් හමුවන මැද්දෙකන්ද මංසන්ධියෙන් එගොඩ,2021-09-28T00:00:00,2019-10-12T00:00:00,,,,,,6.69031,80.6506
Landslide,L,NBRO/LRRMD-RTP/RTP/AYAGAM/LI/20/0001,RTP200001,Ratnapura,Ayagama,2020-05-20T00:00:00,Vithanagama,193B,"රත්මල්තැන්න, විතානගම, අයගම.",,,2021-12-21T00:00:00,2019-05-19T00:00:00,,,,,,6.644275,80.315853
Landslide,L,NBRO/LRRMD-RTP/RTP/PELMAD/LI/20/0011,RTP200012,Ratnapura,Pelmadulla,2020-11-17T00:00:00,Ihala Bopitiya,167B,"රිටිදොලවත්ත, වැලිහිඳ, පැල්මඩුල්ල",,,2021-12-29T00:00:00,2017-07-20T00:00:00,,,,,,6.606694,80.54361
Landslide,L,NBRO/LRRMD-RTP/RTP/EHELIY/LI/20/0025,RTP200027,Ratnapura,Eheliyagoda,2020-01-24T00:00:00,Ganegoda,138B,"අංක 89, ගනේගොඩ, ගැටහැත්ත","අංක 89, ගනේගොඩ, ගැටහැත්ත",,2021-11-22T00:00:00,2020-01-10T00:00:00,,,,,,6.86079,80.2377183
Landslide,L,NBRO/LRRMD-RTP/RTP/ELAPAT/LI/20/0026,RTP200028,Ratnapura,Elapatha,2020-11-18T00:00:00,Weragama,184A,"අළුපත්ගල, යොවුන් ගම්මානය, උඩ නිරිඇල්ල, රත්නපුර",,,2021-12-09T00:00:00,,,,,,,6.6638497,80.3302173
Landslide,L,NBRO/LRRMD-RTP/RTP/PELMAD/LI/20/0041,RTP200043,Ratnapura,Pelmadulla,2020-12-10T00:00:00,Dewalegama,171D,දේවාලේගම -සින්ගම්පුලිකන්ද,දේවාලේගම -සින්ගම්පුලිකන්ද,රත්නපුර නගරයේ සිට A4 ප්‍රධාන මාර්ගයේ පැල්මඩුල්ල දෙසට ගමන් කල විට හමුවන පාතකඩ මහා විද්‍යාලය අසලින,2021-11-01T00:00:00,2020-11-04T00:00:00,,,,,,6.6355911,80.502294
Landslide,L,NBRO/LRRMD-RTP/RTP/OPANAY/LI/20/0048,RTP200050,Ratnapura,Opanayaka,2020-11-10T00:00:00,Kendaketiya,245B,"නො. 105, කැන්දකැටිය, මාදොළ, ඕපනායක","නො. 105, කැන්දකැටිය, මාදොළ, ඕපනායක",ඕපනායක සිට බලංගොඩ දෙසට ගමන් කිරීමේදී හමුවන පේරකැටිය හන්දියෙන් කැන්දකැටිය මාර්ගයේ කිලෝමීටර 2ක්,2021-10-26T00:00:00,2017-10-10T00:00:00,,,,,,6.63373,80.65048
Landslide,L,NBRO/LRRMD-RTP/RTP/KAHAWA/LI/20/0068,RTP200070,Ratnapura,Kahawatta,2020-05-28T00:00:00,Gabbela,226E,"දිගන්දල, දෙමුවාත, රක්වාන","දිගන්දල, දෙමුවාත, රක්වාන",කහවත්ත - ඇන්දාන මාර්ගයේ ගමන් කිරීමේදී හමුවන දිගන්දල හන්දියේ බෝගහ අසලින් ඇති මාර්ගයේ මද දුරක් ගම,2021-11-14T00:00:00,2020-01-15T00:00:00,,,,,,6.502728,80.556199
Landslide,L,NBRO/LRRMD-RTP/RTP/RATNAP/LI/20/0079,RTP200081,Ratnapura,Ratnapura,2020-11-21T00:00:00,Hapugasthenna,164G,"නව ඉඩම්යාය, වේවැල්කැටිය, ගල්ලෑල්ල, රත්නපුර","නව ඉඩම්යාය, වේවැල්කැටිය, ගල්ලෑල්ල, රත්නපුර",රත්නපුර - වේවැල්වත්ත මාර්ගයේ ගමන් කරන විට හමුවන නුගේපල හන්දියෙන් දෙහෙනකන්ද මාර්ගට පිවිස ගමන් ක,2021-10-15T00:00:00,2020-11-12T00:00:00,,,,,,6.72136,80.505885
Landslide,L,NBRO/LRRMD-RTP/RTP/RATNAP/LI/20/0081,RTP200083,Ratnapura,Ratnapura,2020-12-25T00:00:00,Meehitiya,163B,"මීහිටිය,රත්නපුර","මීහිටිය,රත්නපුර",,2021-10-15T00:00:00,,,,,,,6.690054,80.421815
Landslide,L,NBRO/LRRMD-RTP/RTP/OPANAY/LI/20/0105,RTP200107,Ratnapura,Opanayaka,2020-09-09T00:00:00,Kendaketiya,245B,"කැන්දකැටිය,මාදොළ, ඕපනායක","කැන්දකැටිය,මාදොළ, ඕපනායක",ඕපනායක සිට බලංගොඩ දෙසට ගමන් කිරීමේදී හමුවන පේරකැටිය හන්දියෙන් කැන්දකැටිය මාර්ගයේ කිලෝමීටර් 2ක,2021-10-26T00:00:00,2020-03-26T00:00:00,,,,,,6.6335,80.65048
Landslide,L,NBRO/LRRMD-RTP/RTP/ELAPAT/LI/20/0188,RTP200190,Ratnapura,Elapatha,2020-05-28T00:00:00,Elapatha,185,"344/7, අක්කර 65, ඇලපාත",රත්නපුර ප්‍රාදේශීය ලේකම් කාර්යාලය,රත්නපුර - කරවිට මාර්ගයේ රත්නපුර සිට කිලෝමීටර් 6ක් පමණ ගමන් කර දම්මේ හන්දියෙන් දකුණට පවතින අක්කර 65,2021-07-18T00:00:00,2020-05-09T00:00:00,,,,,,6.659464,80.364059
Landslide,L,NBRO/LRRMD-RTP/RTP/KAHAWA/LI/20/0191,RTP200193,Ratnapura,Kahawatta,2020-09-25T00:00:00,Nambuluwa,228A,"167, කහටගහවත්ත, නාඹුළුව, අටකලන්පන්න","167, කහටගහවත්ත, නාඹුළුව, අටකලන්පන්න",අටකලම්පන්න හන්දියේ සිට කළල්ඇල්ල මාර්ගයේ කිලෝමීටර 2ක් පමණ ගමන් කිරීමෙන් කහටගහවත්ත මාර්ගයට යාබද,2021-07-28T00:00:00,2017-05-31T00:00:00,,,,,,6.53477,80.57513
Landslide,L,NBRO/LRRMD-RTP/RTP/OPANAY/LI/21/0022,RTP210026,Ratnapura,Opanayaka,2021-04-09T00:00:00,Polwattahena,244D,"කැබැල්ලකැටිය, බෝගස්වත්ත, හල්ලින්න, ඕපනායක",,,2021-12-19T00:00:00,2017-07-20T00:00:00,,,,,,6.624159,80.593074
Landslide,L,NBRO/LRRMD-RTP/RTP/GODAKA/LI/21/0030,RTP210029,Ratnapura,Godakawela,2021-12-27T00:00:00,Madampe North,238,ඕබඩකන්ද ප්‍රදේශයේ ගාල්ල - දෙනියාය - මාදම්පේ මාර්ගයේ බෝක්කු අංක 137/5- 137/6 ආශ්‍රිතව,,,2021-12-28T00:00:00,2021-12-05T00:00:00,,,,,,6.49823,80.597
Landslide,L,NBRO/LRRMD-RTP/RTP/PELMAD/LI/21/0064,RTP210061,Ratnapura,Pelmadulla,2021-05-25T00:00:00,Gallinna,179C,"නො:54, මාරපන, රත්නපුර",,,2022-01-28T00:00:00,2021-05-09T00:00:00,,,,,,6.66065,80.43359
Landslide,L,NBRO/LRRMD-RTP/RTP/ELAPAT/LI/21/0118,RTP210115,Ratnapura,Elapatha,2021-12-20T00:00:00,Weragama,184A,"වේරගම‍, අළුපත්ගල ආරණ්‍ය සේනාසනය, ඇලපාත",,,2022-02-25T00:00:00,,,,,,,6.6647183,80.327255
Landslide,L,NBRO/LRRMD-RTP/RTP/PELMAD/LI/21/0144,RTP210141,Ratnapura,Pelmadulla,2021-11-03T00:00:00,Berenduwa,172B,"නො. 52, අක්කර 54, බැරැණ්ඩුව, ලෙල්ලොපිටිය",,,2022-03-11T00:00:00,,,,,,,6.67829,80.51365
Landslide,L,NBRO/LRRMD-RTP/RTP/PELMAD/LI/21/0152,RTP210149,Ratnapura,Pelmadulla,2021-06-22T00:00:00,Berenduwa,172B,"උඩ දළුව කොටස, බැරැණ්ඩුව, ලෙල්ලොපිටිය වත්ත, පැල්මඩුල්ල",,,2022-03-24T00:00:00,,,,,,,6.66909,80.50617
Landslide,L,NBRO/LRRMD-RTP/RTP/KIRIEL/LI/21/0163,RTP210160,Ratnapura,Kiriella,2021-11-17T00:00:00,Handukanda,145D,"241/A, කොඩිතුවක්කු කන්ද, කිරිඇල්ල",,,2022-03-02T00:00:00,2021-11-12T00:00:00,,,,,,6.759795,80.2611833
Landslide,L,NBRO/LRRMD-RTP/RTP/KIRIEL/LI/21/0165,RTP210162,Ratnapura,Kiriella,2021-10-25T00:00:00,Idangoda,145B,"නාරංගස්හේන, ඉඩංගොඩ",,,2022-03-21T00:00:00,,,,,,,6.7463616,80.27502833
Landslide,L,NBRO/LRRMD-RTP/RTP/KIRIEL/LI/21/0171,RTP210168,Ratnapura,Kiriella,2021-08-16T00:00:00,Ellawala Pahalagama,147A,"දිසානායක වත්ත, පහළගම, එල්ලාවල",,,2022-03-02T00:00:00,,,,,,,6.78008,80.26845
Landslide,L,NBRO/LRRMD-RTP/RTP/PELMAD/LI/21/0174,RTP210171,Ratnapura,Pelmadulla,2021-06-22T00:00:00,Bopetta,178,"බටේකන්ද, බෝපැත්ත, පැල්මඩුල්ල",,,2022-03-10T00:00:00,,,,,,,6.674896,80.487232
Landslide,L,NBRO/LRRMD-RTP/RTP/AYAGAM/LI/21/0185,RTP210182,Ratnapura,Ayagama,2021-06-05T00:00:00,Dethabadakanda,191D,"නමුණුතැන්න, කිරිඇල්ල",,,2021-06-06T00:00:00,2021-06-05T00:00:00,,,,,,6.69499,80.26555
Landslide,L,NBRO/LRRMD-RTP/RTP/AYAGAM/LI/21/0188,RTP210185,Ratnapura,Ayagama,2021-12-16T00:00:00,Pitakanda,193F,"හැරැස්ස, තේ ජනපදය, අයගම",,,2022-05-15T00:00:00,2021-12-16T00:00:00,,,,,,6.6554916,80.2777383
Landslide,L,NBRO/LRRMD-RTP/RTP/AYAGAM/LI/21/0193,RTP210190,Ratnapura,Ayagama,2021-12-21T00:00:00,Pitakanda,193F,"පිටකන්ද,අයගම",,,2022-06-07T00:00:00,2021-12-21T00:00:00,,,,,,6.63344,80.291568
Landslide,L,NBRO/LRRMD-RTP/RTP/WELIGE/LI/21/0207,RTP210204,Ratnapura,Weligepola,2021-12-17T00:00:00,Thalagaskanda,220D,බලංගොඩ - පල්ලෙබැද්ද මාර්ගය,,,2022-04-20T00:00:00,,,,,,,6.558918,80.705012
Landslide,L,NBRO/LRRMD-RTP/RTP/RATNAP/LI/21/0209,RTP210206,Ratnapura,Ratnapura,2021-11-24T00:00:00,Kempanawatta,165D,"ගංගොඩගම, වේවැල්වත්ත, රත්නපුර",,,2022-05-18T00:00:00,2021-11-20T00:00:00,,,,,,6.69593,80.53954
Landslide,L,NBRO/LRRMD-RTP/RTP/EHELIY/LI/21/0230,RTP210227,Ratnapura,Eheliyagoda,2021-09-22T00:00:00,Ganegoda,138B,"142/17, ශ්‍රී විභූතිස්ස මාවත, මිටිපොල, ඉද්දමල්ගොඩ","142/17, ශ්‍රී විභූතිස්ස මාවත, මිටිපොල, ඉද්දමල්ගොඩ",,2021-10-07T00:00:00,2021-10-10T00:00:00,,,,,,6.869558,80.229226
Landslide,L,NBRO/LRRMD-RTP/RTP/GODAKA/LI/21/0233,RTP210230,Ratnapura,Godakawela,2021-10-07T00:00:00,Ematiyagoda,233B,"ඇමිටියගොඩ, ගොඩකවෙල","ඇමිටියගොඩ, ගොඩකවෙල",ගොඩකවෙල නගරයේ සිට වේරහැර මාර්ගයේ කිලෝමීටරයක් පමණ ගමන් කිරීමේදී හමුවන අම්මඩුව හන්දියෙන් වෙළඟප,2021-12-14T00:00:00,2016-10-10T00:00:00,,,,,,6.52925,80.6446
Landslide,L,NBRO/LRRMD-RTP/RTP/OPANAY/LI/21/0259,RTP210256,Ratnapura,Opanayaka,2021-05-21T00:00:00,Batadura,242A,"දෙනිපල්ල, අකරැල්ල, ඕපනායක","දෙනිපල්ල, අකරැල්ල, ඕපනායක","ඕපනායක, දෙල්ගස් හන්දියෙන් ගල්කන්ද මාර්ගයේ බටදුර හන්දිය දක්වා පැමිණ, පාකියවත්ත මාර්ගයේ කිලෝමීට",2021-12-02T00:00:00,2021-05-06T00:00:00,,,,,,6.56472,80.65394
Landslide,L,NBRO/LRRMD-RTP/RTP/RATNAP/LI/21/0266,RTP210263,Ratnapura,Ratnapura,2021-05-25T00:00:00,Durekkanda,163E,දුරෙක්කන්ද පන්සල අසල,දුරෙක්කන්ද පන්සල අසල,රත්නපුර - වේවැල්වත්ත මාර්ගය ඔස්සේ කිලෝමිටර් 9 ක් පමණ දුරෙක්කන්ද මංසන්ධිය දක්වා ගමන් කිරිමෙන්,2021-05-28T00:00:00,2021-05-24T00:00:00,,,,,,6.71094,80.449824
Landslide,L,NBRO/LRRMD-RTP/RTP/RATNAP/LI/21/0279,RTP210276,Ratnapura,Ratnapura,2021-10-11T00:00:00,Embuldeniya,162D,"උඩකන්දවත්ත, ගිලීමලේ","උඩකන්දවත්ත, ගිලීමලේ",රත්නපුර - කොළඹ ප්‍රධාන මාර්ගයේ ගමන් කිරීමේදී හමුවන වෙරළුප හන්දියෙන් හැරී කොස්පැලවින්න මාර්ගයේ,2021-11-12T00:00:00,2021-08-10T00:00:00,,,,,,6.7366685,80.416627
Landslide,L,NBRO/LRRMD-RTP/RTP/IMBULP/LI/21/0282,RTP210279,Ratnapura,Imbulpe,2021-11-03T00:00:00,Yakdehiwela,279B,"පේලි නිවාස 03, නන්පේරියල් වතුයාය, බෙලිහුල්ඔය","පේලි නිවාස 03, නන්පේරියල් වතුයාය, බෙලිහුල්ඔය",බලංගොඩ සිට බෙලිහුල්ඔය දක්වා පැමිණ බදුල්ල දෙසට තවත් කිලෝමීටර් 2ක් පමණ ගමන් කිරීමෙන් පසු හමුවන නන,2021-11-01T00:00:00,2017-10-10T00:00:00,,,,,,6.76049,80.79139
Landslide,L,NBRO/LRRMD-RTP/RTP/IMBULP/LI/21/0285,RTP210282,Ratnapura,Imbulpe,2021-11-03T00:00:00,Yakdehiwela,279B,"නන්පේරියල් වතුයාය, බෙලිහුල්ඔය","නන්පේරියල් වතුයාය, බෙලිහුල්ඔය",බලංගොඩ සිට බෙලිහුල්ඔය දක්වා පැමිණ බදුල්ල දෙසට තවත් කිලෝමීටර් 2ක් පමණ ගමන් කිරීමෙන් පසු හමුවන නන,2021-11-01T00:00:00,2021-11-01T00:00:00,,,,,,6.76006,80.79071
Landslide,L,NBRO/LRRMD-RTP/RTP/OPANAY/LI/21/0287,RTP210284,Ratnapura,Opanayaka,2021-08-10T00:00:00,Pelendakanda,246B,"හොරගහළග, මාදොළ, ඕපනායක","හොරගහළග, මාදොළ, ඕපනායක",ඕපනායක නගරයේ සිට උඩවෙල හන්දිය දක්වා පැමිණ පැලැන්දකන්ද මාර්ගයේ මීටර 500ක් පමණ ගමන් කිරීමෙන් අදාළ,2021-10-26T00:00:00,2017-10-10T00:00:00,,,,,,6.62111,80.64662
Landslide,L,NBRO/LRRMD-RTP/RTP/OPANAY/LI/21/0289,RTP210286,Ratnapura,Opanayaka,2021-05-12T00:00:00,Pelendakanda,246B,"දිග්ගල අසල, මාදොළ, ඕපනායක","දිග්ගල අසල, මාදොළ, ඕපනායක",ඕපනායක නගරයේ සිට උඩවෙල හන්දිය දක්වා පසුකර බලංගොඩ දෙසට කිලෝමීටර් 2ක් පමණ ගමන් කිරීමෙන් ප්‍රධාන ම,2021-11-08T00:00:00,2017-10-10T00:00:00,,,,,,6.61695,80.64414
Landslide,L,NBRO/LRRMD-RTP/RTP/OPANAY/LI/21/0290,RTP210287,Ratnapura,Opanayaka,2021-05-12T00:00:00,Kendaketiya,245B,"නො. 127/A, වතුකන්ද, කැන්දකැටිය, ඕපනායක","නො. 127/A, වතුකන්ද, කැන්දකැටිය, ඕපනායක",ඕපනායක සිට බලංගොඩ දෙසට ගමන් කිරීමේදී හමුවන පේරකැටිය හන්දියෙන් කැන්දකැටිය මාර්ගයේ කිලෝමීටර 2ක්,2021-10-26T00:00:00,2017-10-10T00:00:00,,,,,,6.63545,80.6508
Landslide,L,NBRO/LRRMD-RTP/RTP/RATNAP/LI/21/0294,RTP210291,Ratnapura,Ratnapura,2021-05-26T00:00:00,Egoda Malwala,163C,"එගොඩ මල්වල, රත්නපුර",,,2019-09-08T00:00:00,,,,,,,6.69959,80.4361433
Landslide,L,NBRO/LRRMD-RTP/RTP/EHELIY/LI/21/0300,RTP210297,Ratnapura,Eheliyagoda,2021-06-07T00:00:00,Bulugahapitiya,141,"ගොඩකැලේවත්ත, මෝරගල පාර, බුළුගහපිටිය, ඇහැලියගොඩ",,,2021-06-16T00:00:00,2021-06-13T00:00:00,,,,,,6.8525816,80.245978
Landslide,L,NBRO/LRRMD-RTP/RTP/BALANG/LI/21/0303,RTP210300,Ratnapura,Balangoda,2021-07-14T00:00:00,Durakanda,265D,"තලගහවත්ත, දුරකන්ද, රාස්සගල",,,2021-07-09T00:00:00,2021-07-09T00:00:00,,,,,,6.71064,80.62344
Landslide,L,NBRO/LRRMD-RTP/RTP/AYAGAM/LI/21/0318,RTP210315,Ratnapura,Ayagama,2021-10-11T00:00:00,Pitakanda,193F,"පිටකන්ද, අයගම","පිටකන්ද, අයගම",අයගම - අගලවත්ත මාර්ගයේ පිටකන්දට පිවිසෙන මාර්ගයේ කිලෝමීටර් 1ක් පමණ ගමන් කළ පසු මෙම ස්ථානයට පිවිසි,2021-11-04T00:00:00,,,,,,,6.630473,80.292852
Landslide,L,NBRO/LRRMD-RTP/RTP/KALAWA/LI/21/0345,RTP210342,Ratnapura,Kalawana,2021-07-12T00:00:00,Dolekanda,201C,"ර/නිවි/ඩිප්ඩීන් දෙමළ විද්‍යාලය, රජවත්ත, කලවාන","ර/නිවි/ඩිප්ඩීන් දෙමළ විද්‍යාලය, රජවත්ත, කලවාන",කලවාන - රක්වාන මාර්ගයේ කලවාන නගරයේ සිට කිලෝමීටර් 28ක් පමණ ගමන් කළ පසු අදාල ස්ථානයට ලඟාවිය හැක.,2021-10-13T00:00:00,2021-03-31T00:00:00,,,,,,6.4594666,80.548353
Landslide,L,NBRO/LRRMD-RTP/RTP/EHELIY/LI/21/0363,RTP210360,Ratnapura,Eheliyagoda,2021-03-05T00:00:00,Karandana West,143D,"අක්කර 20 වත්ත, කනුග්ගල්ල, කරඳන",,,2021-08-17T00:00:00,,,,,,,6.76775,80.2128
Landslide,L,NBRO/LRRMD-RTP/RTP/RATNAP/LI/21/0374,RTP210371,Ratnapura,Ratnapura,2021-07-19T00:00:00,Batewela,165,"බටේවෙල, වේවැල්වත්ත","බටේවෙල, වේවැල්වත්ත",බටේවෙල - තෝරකන්ද ප්‍රධාන මාර්ගයේ පැමිණ බටේවෙල උඩ පාරේ මීටර් 300ක් පමණ ගමන් කිරීමෙන් අදාල ස්ථානයට ල,2021-08-03T00:00:00,2021-07-10T00:00:00,,,,,,6.6822466,80.55399166
Landslide,L,NBRO/LRRMD-RTP/RTP/RATNAP/LI/21/0375,RTP210372,Ratnapura,Ratnapura,2021-07-19T00:00:00,Batewela,165,"බටේවෙල, වේවැල්වත්ත","බටේවෙල, වේවැල්වත්ත",රත්නපුර - වේවැල්වත්ත මාර්ගයේ බඹරබොටුව පාසල දක්වා ගමන් කර එතැනින් දකුණට පවතින බටේවෙල මාර්ගයේ කි,2021-08-03T00:00:00,2021-07-28T00:00:00,,,,,,6.6831783,80.54906833
Landslide,L,NBRO/LRRMD-RTP/RTP/RATNAP/LI/21/0379,RTP210376,Ratnapura,Ratnapura,2021-08-31T00:00:00,Mihindugama,152D,"87/18, අලුත් කොටස, මහවල පාර, රත්නපුර","87/18, අලුත් කොටස, මහවල පාර, රත්නපුර",රත්නපුර නගරයේ සිට කුරුවිට දෙසට ගමන් කළ විට හමුවන වෙරළුප හන්දියෙන් දකුණට මහවලවත්ත මාර්ගයේ කිලෝම,2021-06-10T00:00:00,2021-06-03T00:00:00,,,,,,6.69465,80.40906
Landslide,L,NBRO/LRRMD-RTP/RTP/AYAGAM/LI/21/0382,RTP210379,Ratnapura,Ayagama,2021-06-07T00:00:00,Dumbara Manana,191B,"කුට්ටිකන්ද, දුම්බර මානාන","කුට්ටිකන්ද, දුම්බර මානාන",ඇල්ල පාලම අසලින් දුම්බර මානාන මාර්ගයේ කිලෝමීටර්  8 පමණ ගමන් කර දුම්බර මානාන හන්දියෙන් කුට්ටිකන්,2021-07-21T00:00:00,2021-06-04T00:00:00,,,,,,6.6770583,80.2570016
Landslide,L,NBRO/LRRMD-RTP/RTP/AYAGAM/LI/21/0383,RTP210380,Ratnapura,Ayagama,2021-07-30T00:00:00,Ketepola,191A,"පල්ලෙඔවිට, කැටේපොළ","පල්ලෙඔවිට, කැටේපොළ",රත්නපුර නගරයේ සිට පානදුර දෙසට කිලෝමීටර් 16 ක් පමණ ගමන් කළ පසු හමුවන හැරණියාවක මංසන්ධියෙන් වමට හැ,2021-07-12T00:00:00,2021-07-04T00:00:00,,,,,,6.7314018,80.2435441
Landslide,L,NBRO/LRRMD-RTP/RTP/AYAGAM/LI/21/0384,RTP210381,Ratnapura,Ayagama,2021-07-19T00:00:00,Dumbara,191,"අංක 4 කොටස, දුම්බර වත්ත, මිණිපුර, අයගම","අංක 4 කොටස, දුම්බර වත්ත, මිණිපුර, අයගම",කොළඹ - පානදුර මාර්ගයෙහි (A4) එල්ලගාව මංසන්ධියෙන් දුම්බර මාර්ගයෙහි කිලෝමීටර් 1.5ක් පමණ ගමන් කිරීමෙන,2021-06-04T00:00:00,2021-06-04T00:00:00,,,,,,6.7223,80.21396
Landslide,L,NBRO/LRRMD-RTP/RTP/AYAGAM/LI/21/0389,RTP210386,Ratnapura,Ayagama,2021-06-04T00:00:00,Dumbara,191,"මිණිපුර, දුම්බර, අයගම","මිණිපුර, දුම්බර, අයගම","රත්නපුර - පානදුර ප්‍රධාන මාර්ගයේ, ඇල්ලගාව මංසන්ධියේ සිට දුම්බර මාර්ගයේ නො. 01 මංසන්ධිය දක්වා පැමි",2021-06-04T00:00:00,2021-06-04T00:00:00,,,,,,6.71229,80.22415
Landslide,L,NBRO/LRRMD-RTP/RTP/AYAGAM/LI/21/0390,RTP210387,Ratnapura,Ayagama,2021-07-30T00:00:00,Ketepola,191A,"මරේකන්ද, කැටේපොල","මරේකන්ද, කැටේපොල",ඉඩංගොඩ නගරයේ සිට හොරණ - රත්නපුර (A8) මාර්ගයේ හොරණ දෙසට කිලෝමීටර් 9.6ක් පමණ ගමන් කිරීමෙන් හමුවන ඇල්ලග,2021-06-10T00:00:00,2018-06-12T00:00:00,,,,,,6.7029861,80.2399538
Landslide,L,NBRO/LRRMD-RTP/RTP/KALAWA/LI/21/0397,RTP210394,Ratnapura,Kalawana,2021-06-04T00:00:00,Koswatta,197B,"නිහාල් ස්ටෝර්ස්, කොස්වත්ත, කලවාන",,,2021-07-07T00:00:00,2017-05-26T00:00:00,,,,,,6.509489,80.388647
Landslide,L,NBRO/LRRMD-RTP/RTP/EHELIY/LI/21/0421,RTP210418,Ratnapura,Eheliyagoda,2021-06-07T00:00:00,Karandana South,143A,"කොතේ හේන, දකුණු කරඳන","කොතේ හේන, දකුණු කරඳන",රත්නපුර - පානදුර A-08 මාර්ගය ඔස්සේ මඩල මංසන්ධියට පැමිණ නැවත දකුණට ඇති කරඳන මාර්ගයේ ගමන් කිරීමෙන් අ,2021-06-13T00:00:00,2021-06-04T00:00:00,,,,,,6.766228,80.223316
Landslide,L,NBRO/LRRMD-RTP/RTP/EHELIY/LI/21/0422,RTP210419,Ratnapura,Eheliyagoda,2021-06-07T00:00:00,Miyanakolathenna,141C,"ෆෙයාෆීල් වත්ත, මියනකොළතැන්න","ෆෙයාෆීල් වත්ත, මියනකොළතැන්න",ඇහැලියගොඩ නගරයේ සිට කිලෝමීටර් 1.6 පමණ අවිස්සාවේල්ල දෙසට ගමන් කිරීමෙන් වම් දෙසට හමුවන සන්ඩර්ලන්ඩ,2021-06-12T00:00:00,2021-06-04T00:00:00,,,,,,6.8514851,80.2375722
Landslide,L,NBRO/LRRMD-RTP/RTP/EHELIY/LI/21/0424,RTP210421,Ratnapura,Eheliyagoda,2021-06-03T00:00:00,Karandana South,143A,"ට්‍රොසලි වත්ත, දකුණු කරඳන","ට්‍රොසලි වත්ත, දකුණු කරඳන",මඩල හන්දියේ සිට කිලෝමීටර් 3 ගැටහැත්ත දෙසට පැමිණි විට දකුණු පසට පවතින දකුණු කරඳන කණිෂ්ඨ විද්‍යාල,2021-06-05T00:00:00,2021-06-03T00:00:00,,,,,,6.761975,80.2274035
Landslide,L,NBRO/LRRMD-RTP/RTP/AYAGAM/LI/21/0478,RTP210475,Ratnapura,Ayagama,2021-06-04T00:00:00,Dumbara,191,"ඇටහෙරළියගොඩ, දුම්බර","ඇටහෙරළියගොඩ, දුම්බර",ඇල්ල පාලම අසලින් දුම්බර මානාන මාර්ගයේ කිලෝමීටර් 4ක් පමණ ගමන් කළ පසු හමුවන ඇටහෙරලියගොඩ කැලේ කඩේ අ,2021-06-07T00:00:00,2021-06-04T00:00:00,,,,,,6.75215499,80.24192166
Landslide,L,NBRO/LRRMD-RTP/RTP/AYAGAM/LI/21/0480,RTP210477,Ratnapura,Ayagama,2021-06-04T00:00:00,Dumbara,191,"පැනිගලවත්ත, මිණිපුර, අයගම","පැනිගලවත්ත, මිණිපුර, අයගම",කොළඹ - පානදුර  මාර්ගහි (A4) එල්ලගාව මංසන්ධියෙන්  දුම්බර මාර්ගයෙහි කි.මි.3ක් පමණ ගමන් කිරීමෙන් හමුවන,2021-06-04T00:00:00,2021-06-04T00:00:00,,,,,,6.719189,80.208796
Landslide,L,NBRO/LRRMD-RTP/RTP/AYAGAM/LI/21/0481,RTP210478,Ratnapura,Ayagama,2021-06-04T00:00:00,Madabaddara,190B,"නො. 03 කොටස, කිරිඇල්ලවත්ත, මඩබද්දර","නො. 03 කොටස, කිරිඇල්ලවත්ත, මඩබද්දර",ඉඩංගොඩ සිට හැරණියාවක හන්දියෙන් මඩබද්දර පාරේ කිලෝමීටර් 5ක් පමණ ගමන් කිරීමෙන් අදාළ ස්ථානයට ලඟා ව,2021-06-06T00:00:00,2021-06-04T00:00:00,,,,,,6.71547,80.26909
Landslide,L,NBRO/LRRMD-RTP/RTP/AYAGAM/LI/21/0483,RTP210480,Ratnapura,Ayagama,2021-06-04T00:00:00,Dumbara,191,"ඇටහෙරළියගොඩ, මිණිපුර, දුම්බර","ඇටහෙරළියගොඩ, මිණිපුර, දුම්බර",රත්නපුර - පානදුර මාර්ගයේ ඇල්ලගාව මංසන්ධියේ සිට දුම්බර මාර්ගයේ කිලෝමීටර 4ක් පමණ පැමිණීමෙන් නො. 01 ම,2021-06-04T00:00:00,2021-06-04T00:00:00,,,,,,6.70964,80.22248
Landslide,L,NBRO/LRRMD-RTP/RTP/KURUVI/LI/21/0488,RTP210485,Ratnapura,Kuruvita,2021-06-04T00:00:00,Lassakanda,161C,ඇල්ලඋඩ කඩේ අසල,ඇල්ලඋඩ කඩේ අසල,කුරුවිට - එරත්න මාර්ගයෙහි කිලෝමීටර් 8ක් පමණ ගමන් කිරීමේදී හමුවන ලස්සකන්ද මාර්ගය ඔස්සේ කිලෝමීටර,2021-06-09T00:00:00,,,,,,,6.82046,80.40194
Landslide,L,NBRO/LRRMD-RTP/RTP/KURUVI/LI/21/0489,RTP210486,Ratnapura,Kuruvita,2021-06-04T00:00:00,Pussella,158,"පිටලියද්ද පාර. පුස්සැල්ල, පරකඩුව","පිටලියද්ද පාර. පුස්සැල්ල, පරකඩුව",පුස්සැල්ල නගරයේ සල්ගස අසලින් වමට පවතින පිටලියද්ද මාර්ගයේ කිලෝමීටර් 1ක් පමණ ගමන් කළ විට අදාළ නිව,2021-06-11T00:00:00,2021-06-04T00:00:00,,,,,,6.808535,80.311296
Landslide,L,NBRO/LRRMD-RTP/RTP/EHELIY/LI/21/0492,RTP210489,Ratnapura,Eheliyagoda,2021-06-04T00:00:00,Walavita,137,"පොල්වත්ත හේන, මින්නාන","පොල්වත්ත හේන, මින්නාන",රත්නපුර - කොළඔ A-04 මාර්ගය ඔස්සේ ඇහැලියගොඩ පසුකර නැවත මින්නානද පසුකල විට ඇති පොල්වත්ත හේන මංසන්ධිය,2021-06-04T00:00:00,2021-06-04T00:00:00,,,,,,6.8953919,80.2297826
Landslide,L,NBRO/LRRMD-RTP/RTP/EHELIY/LI/21/0493,RTP210490,Ratnapura,Eheliyagoda,2021-06-04T00:00:00,Karandana South,143A,"නාවල හේන, දකුණු කරදන","නාවල හේන, දකුණු කරදන",රත්නපුර - පානදුර A-08 මාර්ගය ඔස්සේ මඩල මංසන්ධියට පැමිණ නැවත දකුණට ඇති කරඳන මාර්ගයේ ගමන් කිරිමෙන් අ,2021-06-04T00:00:00,2021-06-04T00:00:00,,,,,,6.7661545,80.2228423
Landslide,L,NBRO/LRRMD-RTP/RTP/EHELIY/LI/21/0494,RTP210491,Ratnapura,Eheliyagoda,2021-06-04T00:00:00,Bulugahapitiya,141,"කෑල්ලපතන කොටස, සන්දර්ලන්ඩ් පාර, ඇහැලියගොඩ","කෑල්ලපතන කොටස, සන්දර්ලන්ඩ් පාර, ඇහැලියගොඩ",ඇහැලියගොඩ නගරයේ සිට කොළඹ - අවිස්සාවේල්ල මාර්ගය ඔස්සේ කිලෝමීටර් 1.6 යෑමෙන් අනතුරුව වම් පසට හමුවන ස,2021-06-07T00:00:00,2021-06-03T00:00:00,,,,,,6.85565,80.244983
Landslide,L,NBRO/LRRMD-RTP/RTP/EHELIY/LI/21/0495,RTP210492,Ratnapura,Eheliyagoda,2021-06-04T00:00:00,Uduwaka,138C,"උඩුවක, ඇහැලියගොඩ","උඩුවක, ඇහැලියගොඩ",ඇහැලියගොඩ නගරයේ සිට කොළඹ - අවිස්සාවේල්ල මාර්ගය ඔස්සේ 4.4km යෑමෙන් අනතුරුව වම පසට හමුවන ගැටහැත්ත හන,2021-06-08T00:00:00,2021-07-02T00:00:00,,,,,,6.871777,80.2161355
Landslide,L,NBRO/LRRMD-RTP/RTP/KIRIEL/LI/21/0506,RTP210503,Ratnapura,Kiriella,2021-06-05T00:00:00,Idangoda,145B,"4/29, නාරංගස්හේන වත්ත, ඉඩංගොඩ",,,2021-06-05T00:00:00,2021-06-05T00:00:00,,,,,,6.746065,80.275345
Landslide,L,NBRO/LRRMD-RTP/RTP/KIRIEL/LI/21/0519,RTP210516,Ratnapura,Kiriella,2021-06-04T00:00:00,Epitawala,145A,"අංක 412/1, එපිටවල, කිරිඇල්ල",,,2021-06-19T00:00:00,2021-06-04T00:00:00,,,,,,6.738943,80.255178
Landslide,L,NBRO/LRRMD-RTP/RTP/BALANG/LI/21/0523,RTP210520,Ratnapura,Balangoda,2021-05-09T00:00:00,Ampitiyawatta,254B,"පාසල අසල, මස්සැන්න, බලංගොඩ",,,2021-05-09T00:00:00,2021-05-08T00:00:00,,,,,,6.65962,80.67195
Landslide,L,NBRO/LRRMD-RTP/RTP/AYAGAM/LI/21/0571,RTP210568,Ratnapura,Ayagama,2021-12-23T00:00:00,Paragala,194,"පරගල, අයගම","පරගල, අයගම",,2023-01-24T00:00:00,,,,,,,6.6048966,80.3340183
Landslide,L,NBRO/LRRMD-RTP/RTP/AYAGAM/LI/21/0599,RTP210596,Ratnapura,Ayagama,2021-12-21T00:00:00,Udugala,193A,"හඳුන්කන්ද, උඩුගල, අයගම","හඳුන්කන්ද, උඩුගල, අයගම",,2022-07-12T00:00:00,2017-05-31T00:00:00,,,,,,6.60179,80.329481
Landslide,L,NBRO/LRRMD-RTP/RTP/PELMAD/LI/22/0036,RTP220121,Ratnapura,Pelmadulla,2022-01-24T00:00:00,Rilhena,167C,"වෙරළුගස්  වත්ත, රිල්හේන, පැල්මඩුල්ල",,,2022-02-02T00:00:00,,,,,,,6.628755,80.524925
Landslide,L,NBRO/LRRMD-RTP/RTP/RATNAP/LI/22/0107,RTP220517,Ratnapura,Ratnapura,2022-03-07T00:00:00,Malwala,163A,"මල්වල විදුහල ක්‍රීඩාපිටිය,රත්නපුර",,,2022-04-20T00:00:00,,,,,,,6.70667,80.431738
Landslide,L,NBRO/LRRMD-RTP/RTP/AYAGAM/LI/22/0132,RTP220573,Ratnapura,Ayagama,2022-06-22T00:00:00,Sinhalagoda,190A,"ගල්කරාකන්ද, මැදගලතුර, රත්නපුර",,,2022-06-22T00:00:00,2022-06-22T00:00:00,,,,,,6.694917,80.286569
Landslide,L,NBRO/LRRMD-RTP/RTP/AYAGAM/LI/22/0136,RTP220577,Ratnapura,Ayagama,2022-01-24T00:00:00,Pitakanda,193F,"පාසල අසල, පිටකන්ද, අයගම",,,2022-06-17T00:00:00,2017-06-22T00:00:00,,,,,,6.63319,80.289503
Landslide,L,NBRO/LRRMD-RTP/RTP/IMBULP/LI/22/0149,RTP220590,Ratnapura,Imbulpe,2022-05-05T00:00:00,Kumbalgama,275A,"නැඳුන්ගම, සමනල වැව, බෙලිහුල්ඔය",,,2022-05-18T00:00:00,2022-05-12T00:00:00,,,,,,6.69434036,80.80158089
Landslide,L,NBRO/LRRMD-RTP/RTP/NIVITH/LI/22/0162,RTP220642,Ratnapura,Nivithigala,2022-05-19T00:00:00,Thuttiripitiya,174C,"ගෝනමඩිත්ත, තුත්තිරිපිටිය",,,2022-05-16T00:00:00,2022-05-13T00:00:00,,,,,,6.59539,80.471
Landslide,L,NBRO/LRRMD-RTP/RTP/PELMAD/LI/22/0167,RTP220649,Ratnapura,Pelmadulla,2022-05-13T00:00:00,Rilhena,167C,"රිල්හේන වත්ත - වෙරලුගස්වත්ත,පැල්මඩුල්ල",,,2022-05-14T00:00:00,,,,,,,6.62874,80.5248
Landslide,L,NBRO/LRRMD-RTP/RTP/PELMAD/LI/22/0170,RTP220655,Ratnapura,Pelmadulla,2022-05-20T00:00:00,Halpawala,170A,"පාළුපංගුව, හන්දුරුකන්ද",,,2022-05-19T00:00:00,,,,,,,6.60054,80.52361
Landslide,L,NBRO/LRRMD-RTP/RTP/RATNAP/LI/22/0174,RTP220664,Ratnapura,Ratnapura,2022-05-03T00:00:00,Samagipura,182C,"13/5, ගොරොක්ගොඩ,රත්නපුර",,,2022-05-05T00:00:00,,,,,,,6.677724,80.390654
Landslide,L,NBRO/LRRMD-RTP/RTP/KIRIEL/LI/22/0194,RTP220697,Ratnapura,Kiriella,2022-02-10T00:00:00,Holeepitiya,150B,"බාලගංගොඩ, හොලිපිටිය,කිරිඇල්ල",,,2022-04-25T00:00:00,,,,,,,6.7146633,80.34548
Landslide,L,NBRO/LRRMD-RTP/RTP/RATNAP/LI/22/0205,RTP220723,Ratnapura,Ratnapura,2022-06-06T00:00:00,Hapugasthenna,164G,"හපුගස්තැන්න,පහළ වේවැල්කැටිය,රත්නපුර",,,2022-06-08T00:00:00,,,,,,,6.717908,80.502878
Landslide,L,NBRO/LRRMD-RTP/RTP/RATNAP/LI/22/0211,RTP220739,Ratnapura,Ratnapura,2022-06-01T00:00:00,Dewalegawa,151,"කපුගම්පිටිය, කහංගම, රත්නපුර",,,2022-06-01T00:00:00,2022-06-01T00:00:00,,,,,,6.691478,80.376137
Landslide,L,NBRO/LRRMD-RTP/RTP/BALANG/LI/22/0239,RTP220799,Ratnapura,Balangoda,2022-06-08T00:00:00,Kirindigala,256B,"කිරිඳිගල , බලංගොඩ",,,2022-06-08T00:00:00,2022-06-08T00:00:00,,,,,,6.654293,80.710358
Landslide,L,NBRO/LRRMD-RTP/RTP/KURUVI/LI/22/0241,RTP220801,Ratnapura,Kuruvita,2022-06-03T00:00:00,Kuruvita,155,කුරුවිට,,,2022-06-06T00:00:00,2022-06-03T00:00:00,,,,,,6.78125833,80.3644533
Landslide,L,NBRO/LRRMD-RTP/RTP/NIVITH/LI/22/0247,RTP220807,Ratnapura,Nivithigala,2022-03-28T00:00:00,Dombagammana,175C,දොඹගම්මන - කැටවලවත්ත,,,2022-06-06T00:00:00,2022-03-08T00:00:00,,,,,,6.446621,80.637167
Landslide,L,NBRO/LRRMD-RTP/RTP/KAHAWA/LI/22/0536,RTP221035,Ratnapura,Kahawatta,2022-12-08T00:00:00,Bungiriya,230C,බුංගිරි කන්ද,"බුංගිරි කන්ද, බුංගිරිය, කහවත්ත.",,2023-02-16T00:00:00,,,අධික වර්ෂාපතනය,,,,6.555165,80.5618256
Landslide,L,NBRO/LRRMD-RTP/RTP/RATNAP/LI/22/0564,RTP221063,Ratnapura,Ratnapura,2022-11-08T00:00:00,Mahawala,152C,"අංක 16, දෙවන පටුමග, රත්නපුර","අංක 16, දෙවන පටුමග, රත්නපුර",,2023-01-24T00:00:00,,,,,,,6.6048966,80.3340183
Landslide,L,NBRO/LRRMD-RTP/RTP/AYAGAM/LI/22/0681,RTP221181,Ratnapura,Ayagama,2022-01-24T00:00:00,Udugala North,193D,"101/A/2 බෙරලියන ගම, උඩුගල උතුර","101/A/2 බෙරලියන ගම, උඩුගල උතුර",අයගම-කලවාන මාර්ගයේ කිලොමිටර් 2කණුව අසලින් වමට පවතින මාර්ගයේ කිලෝමිටර 1ක් පමණ ගමන් කළ පසු හමු වේ.,2023-05-10T00:00:00,2017-05-24T00:00:00,,,,,,6.626715,80.3232733
Landslide,L,NBRO/LRRMD-RTP/RTP/AYAGAM/LI/22/0685,RTP221185,Ratnapura,Ayagama,2022-12-16T00:00:00,Pitakanda,193F,"බොගහවංගුව, තේ ජනපදය","බෝ ගහවංගුව, තේ ජනපදය",අයගම-ගවරගිරිය මාර්ගයේ තේ ජනපදය අසල.,2023-05-10T00:00:00,,,,,,,6.64359499,80.2901199
Landslide,L,NBRO/LRRMD-RTP/RTP/PELMAD/LI/23/0018,RTP230131,Ratnapura,Pelmadulla,2023-02-13T00:00:00,Panawenna,170,රිල්හේනවත්ත,"රිල්හේනවත්ත,ගනේගම,පැල්මඩුල්ල.",,2023-03-20T00:00:00,,,,,,,6.62642071,80.5219014
Landslide,L,NBRO/LRRMD-RTP/RTP/KOLONN/LI/23/0073,RTP230341,Ratnapura,Kolonna,2023-05-11T00:00:00,Wijeriya,203,"31(361/බී) මානේන ,විජේරිය","31(361/බී) මානේන ,විජේරිය",මාහේන මාර්ගයේ මිටර 150ක් පමණ ගමන් කර පසු හමු වේ.(සරත් කඩය අසල),2023-09-12T00:00:00,,,,,,,6.425825,80.6604716
Landslide,L,NBRO/LRRMD-RTP/RTP/PELMAD/LI/23/0167,RTP230555,Ratnapura,Pelmadulla,2023-07-14T00:00:00,Gallinna,179C,"ගල්ලින්න,මාරපන","ගල්ලින්න,මාරපන",රත්නපුර පැල්මඩුල්ල මාර්ගයේ ගමන් කර තිරිවානකැටිය මංසන්ධියෙන් නිවිතිගල මාර්ගය දෙසට හැරී මාරපන 1,2024-05-20T00:00:00,2023-06-11T00:00:00,,,,,,6.6562195,80.4519683
Landslide,L,NBRO/LRRMD-RTP/RTP/RATNAP/LI/23/0303,RTP230923,Ratnapura,Ratnapura,2023-10-10T00:00:00,Ellegedara,153,"සමිතිශාලාව පාර,මලංකන්ද,හිදැල්ලන","සමිතිශාලාව පාර,මලංකන්ද,හිදැල්ලන",රත්නපුර කොළඹ මාර්ගයේ ගමන් කර හිදැල්ලන ප්‍ර්දේශයේදී දකුණු පසට ඇති පනුකැරෑපිටිය මාර්ගයේ ගමන් කර,0001-01-01T00:00:00,2023-09-20T00:00:00,,අධික වර්ෂාපතනය,,,,6.73086756,80.4023395
Landslide,L,NBRO/LRRMD-RTP/RTP/KIRIEL/LI/23/0310,RTP230930,Ratnapura,Kiriella,2023-10-11T00:00:00,Epitawala,145A,"ර/එපිටවල විද්‍යාලය,එපිටවල,කිරිඇල්ල","ර/එපිටවල විද්‍යාලය,එපිටවල,කිරිඇල්ල",පානදුර රත්නපුර මාර්ගයේ රත්නපුර සිට ගමන් කරන විට ඉඩංගොඩ පසු වි කිලෝමිටර 7ක් පමණ ගමන් කළ පසු හමු වේ.,2024-02-14T00:00:00,,,,,,,6.742725,80.242065
Landslide,L,NBRO/LRRMD-RTP/RTP/PELMAD/LI/23/0312,RTP230955,Ratnapura,Pelmadulla,2023-10-12T00:00:00,Ihala Bopitiya,167B,"මැදවත්ත,ඉහලබෝපිටිය,පැල්මඩුල්ල","මැදවත්ත,ඉහලබෝපිටිය,පැල්මඩුල්ල",ඉහලබෝපිටිය මාර්ගයේ කිලෝමීටර 3ක් පමණ ගොස් ඉහලබෝපිටිය පාසල අසලින් වමට ඇති කොන්ක්‍රීට් මාර්ගයේ අව,2024-05-15T00:00:00,,,,,,,6.6107484,80.5320455
Landslide,L,NBRO/LRRMD-RTP/RTP/PELMAD/LI/23/0313,RTP230956,Ratnapura,Pelmadulla,2023-10-12T00:00:00,Ihala Bopitiya,167B,"අක්කර 10,ඉහළ බෝපිටිය,පැල්මඩුල්ල","අක්කර 10,ඉහළ බෝපිටිය,පැල්මඩුල්ල",රත්නපුර කහවත්ත මාර්ගයේ පැමිණ දකුණු දෙසට ඇති ජැක්සන් ලී මෝල මාර්ගයේ රණවිරු මාවතට පැමිණ අදාල ස්ථ,2024-05-15T00:00:00,2023-10-09T00:00:00,,,,,,6.6172933,80.536465
Landslide,L,NBRO/LRRMD-RTP/RTP/EHELIY/LI/23/0314,RTP230957,Ratnapura,Eheliyagoda,2023-10-13T00:00:00,Karandana North,143,"අංක 101,උතුරු කරඳන,කලටුවාව","අංක 101,උතුරු කරඳන,කලටුවාව",ගැටහැත්ත-මඩල මාාර්ගයේ උතුරු කරදන ප්‍රෙද්ශයේ,2023-11-02T00:00:00,,,,,,,6.8222883,80.21185
Landslide,L,NBRO/LRRMD-RTP/RTP/PELMAD/LI/23/0412,RTP231142,Ratnapura,Pelmadulla,2023-11-07T00:00:00,Niralgama,180A,"පොත්ත කන්ද , මාරපන, රත්නපුර","පොත්ත කන්ද , මාරපන, රත්නපුර","රත්නපුර සිට මාරපන හන්දියට ගමන් කර, එතනින් දකුණට හැරී හන්දිය මාර්ගයේ ගමන් කර පොත්තකන්ද විද්‍යාල",2024-05-20T00:00:00,,,,,,,6.6349256,80.4250308
Landslide,L,NBRO/LRRMD-RTP/RTP/KOLONN/LI/23/0417,RTP231147,Ratnapura,Kolonna,2023-11-08T00:00:00,Kolonna,205,"පිටවෙල ගම, කොස්ගහදොල, කොලොන්න","පිටවෙල ගම, කොස්ගහදොල, කොලොන්න",කොළොන්න නගරයේ සිට නෑදොළ මාර්ගය ඔස්සේ ගමන් කර ප්‍රජා ශාලාව අසලින් දකුණට ඇති මාර්ගයෙහි මීටර් 600ක්,2023-10-31T00:00:00,2023-10-29T00:00:00,20:30,,,,,6.40367,80.671897
Landslide,L,NBRO/LRRMD-RTP/RTP/KIRIEL/LI/23/0433,RTP231163,Ratnapura,Kiriella,2023-11-10T00:00:00,Matuwagala,149A,"ඉහළ කොටස, මාටුවාගලවත්ත, කිරිඇල්ල","ඉහළ කොටස, මාටුවාගලවත්ත, කිරිඇල්ල",,2024-02-14T00:00:00,,,,,,,6.7414566,80.28097
Landslide,L,NBRO/LRRMD-RTP/RTP/KALTHO/LI/23/0447,RTP231177,Ratnapura,Kalthota,2023-11-13T00:00:00,Kalthota,-,"කොළොම්මඩ, කල්තොට","කොලොම්මඩ, කල්තොට",රත්නපුර-බලංගොඩ හරහා කල්තොට මාරගයේ කල්තොට මංසන්ධියෙන් දකුණට ඇති දියවින්න මාරගයේ කිලෝමිටර් 1.5 පම,2023-10-30T00:00:00,2023-10-27T00:00:00,19:00,නායයැමක් සහා සුන්බුන් ගලනය,114.0,77.5,154.5,6.64936,80.87369
Landslide,L,NBRO/LRRMD-RTP/RTP/PELMAD/LI/23/0495,RTP231225,Ratnapura,Pelmadulla,2023-11-20T00:00:00,Denawaka Pathakada,171,"අංක 46, සමනල ගම, පාතකඩ, පැල්මඩුල්ල","අංක 46, සමනල ගම, පාතකඩ, පැල්මඩුල්ල",රත්නපුර සිට පාතකඩට පැමිණ පාතකඩ හන්දියෙන් දකුණට හැරී බේකරිය උඩ පාර කෝවිල අසල පාලමෙන් ඇතුලු වී ඉද,2024-05-20T00:00:00,,,,,,,6.632366,80.50915
Landslide,L,NBRO/LRRMD-RTP/RTP/PELMAD/LI/23/0496,RTP231226,Ratnapura,Pelmadulla,2023-11-20T00:00:00,Berenduwa,172B,"බැරැණ්ඩුව පාර, ලෙල්ලුපිටිය","බැරැණ්ඩුව පාර, ලෙල්ලුපිටිය",රත්නපුර පැල්මඩුල්ල මාර්ගය ඔස්සේ ලෙල්ලොපිටියට පැමින බැරැණ්ඩුව පාර ඔස්සේ කැලේ කඩේ අසලට පැමිණ අද,2024-05-02T00:00:00,,,,,,,6.6666,80.4972
Landslide,L,NBRO/LRRMD-RTP/RTP/EHELIY/LI/23/0531,RTP231278,Ratnapura,Eheliyagoda,2023-11-27T00:00:00,Karandana North,143,"අංක 89/3, උතුරු කරඳන, කලටුවාව","අංක 89/3, උතුරු කරඳන, කලටුවාව",ගැටහැත්ත සිට මඩල හංදිය දක්වා පවතින මාර්ගයේ උතුරු කරදන දක්වා ගමන් කළ පසු හමු වේ.,2023-11-16T00:00:00,,,,,,,6.82228166,80.2120266
Landslide,L,NBRO/LRRMD-RTP/RTP/EHELIY/LI/23/0532,RTP231279,Ratnapura,Eheliyagoda,2023-11-27T00:00:00,Karandana North,143,"අංක 101 ඒ, උතුරු කරඳන,කලටුවාව","අංක 101 ඒ, උතුරු කරඳන,කලටුවාව",,2023-11-02T00:00:00,,,,,,,6.8222816,80.2120266
Landslide,L,NBRO/LRRMD-RTP/RTP/KAHAWA/LI/23/0589,RTP231345,Ratnapura,Kahawatta,2023-11-29T00:00:00,Pannila,226,"පන්නිල,කහවත්ත",,,2023-12-07T00:00:00,2023-11-23T00:00:00,,,,,,6.490177,80.55162
Landslide,L,NBRO/LRRMD-RTP/RTP/GODAKA/LI/23/0698,RTP231489,Ratnapura,Godakawela,2023-12-08T00:00:00,Bibilegama East,223,"ප්‍රාථමික වෛද්‍ය ප්‍රතිකාර ඒකකය, බලවින්න, පල්ලේබැද්ද","ප්‍රාථමික වෛද්‍ය ප්‍රතිකාර ඒකකය, බලවින්න, පල්ලේබැද්ද",ගොඩකවෙල නගරයේ සිට කිලෝමිටර 5ක් පමණ පල්ලේබැද්ද දෙසට ගමන් කළ පසු මාර්ගයේ වම්පිසින් පිහිටා ඇත.,2024-03-06T00:00:00,,,,,,,6.4829616,80.6946583
Landslide,L,NBRO/LRRMD-RTP/RTP/BALANG/LI/23/0702,RTP231495,Ratnapura,Balangoda,2023-12-13T00:00:00,Gawaranhena,251B,"වැහින්තැන්න,උඩවෙල,ඕපනායක","වැහින්තැන්න,උඩවෙල,ඕපනායක",රත්නපුර සිට බදුල්ල මාරගයේ ඕපනායක පසුකර උඩවෙල  මංසන්ධියෙන් දකුණට ඇති හොරන්කදුර මාරගය ඔස්සේ ගමන්,2023-11-13T00:00:00,2023-11-12T00:00:00,19:00,නායයැම,,,,6.60824,80.65751
Landslide,L,NBRO/LRRMD-RTP/RTP/NIVITH/LI/23/0724,RTP231519,Ratnapura,Nivithigala,2023-12-14T00:00:00,Nivithigala,174,"දොඩම්පාවත්ත,නිවිතිගල","දොඩම්පාවත්ත,නිවිතිගල",රත්නපුර පැල්මඩුල්ල මාර්ගයේ ගමන් කර තිරිවානකැටිය මංසන්ධියෙන් හැරී රත්නපුර නිවිතිගල මාර්ගයේ ගම,2024-08-01T00:00:00,2024-06-02T00:00:00,,අධික වර්ෂාපතනය,,,,6.5968799,80.4704831
Landslide,L,NBRO/LRRMD-RTP/RTP/RATNAP/LI/23/0726,RTP231523,Ratnapura,Ratnapura,2023-12-15T00:00:00,Alupola,165B,"මහවලවත්ත,ගුරුබැවිලාගම,බලංගොඩ","මහවලවත්ත,ගුරුබැවිලාගම,බලංගොඩ",රත්නපුර වේවැල්වත්ත මාර්ගයේ ගොස් වේවැල්වත්ත මංසන්ධියෙන් බලංගොඩ මාර්ගයේ ගමන් කර වැල්ලවල හංදියෙ,2024-05-09T00:00:00,2023-10-01T00:00:00,,අධික වර්ෂාපතනය,,,,6.6971875,80.5677535
Landslide,L,NBRO/LRRMD-RTP/RTP/OPANAY/LI/23/0732,RTP231538,Ratnapura,Opanayaka,2023-12-15T00:00:00,Wallaketiya,246C,"කොරටුවේගොඩ, ඕපනායක","කොරටුවේගොඩ, ඕපනායක",කොළඹ-බදුල්ල මාර්ගයේ ඕපනායක දෙල්ගස් හංදියෙන් දකුණට පවතින හුන්ගල්ල මාර්ගයේ ගමන් කර මුත්තෙට්ටුව,2023-10-26T00:00:00,,,,,,,6.5907,80.6319
Landslide,L,NBRO/LRRMD-RTP/RTP/OPANAY/LI/23/0733,RTP231539,Ratnapura,Opanayaka,2023-12-15T00:00:00,Wallaketiya,246C,"හත්තැලිහෙල, අකරැල්ල","හත්තැලිහෙල, අකරැල්ල",රත්නපුර-බලංගොඩ මාරගයේ උඩවෙල මංසන්ධියෙන් දකුණට ඇති අකරුල්ල හරහා රංවල මාරගයේ හත්තැල්ලට ගොස් නැව,2023-11-24T00:00:00,2023-11-12T00:00:00,19:00,නායයැම් තත්වයක් වරධනය විම,,,,6.58618,80.64183
Landslide,L,NBRO/LRRMD-RTP/RTP/NIVITH/LI/23/0760,RTP231594,Ratnapura,Nivithigala,2023-12-21T00:00:00,Yakdehiwatta,174A,"ගැටනිගෙවත්ත,නිවිතිගල","ගැටනිගෙවත්ත, නිවිතිගල",නිවිතිගල නගරයේ සිට කලවාන දෙසට පවතින ප්‍රධාන මාර්ගයේ නිවිතිගල ජල සම්පාදන මණ්ඩලය අසලින් දකුණට පව,2024-01-23T00:00:00,,,,,,,6.5974499,80.44878
Landslide,L,NBRO/LRRMD-RTP/RTP/OPANAY/LI/23/0805,RTP231650,Ratnapura,Opanayaka,2023-12-29T00:00:00,Metihakwala,244C,තලගහවත්ත මැටිහක්වල ඹ්පනායක,තලගහවත්ත මැටිහක්වල ඹ්පනායක,,2023-12-05T00:00:00,,,,,,,6.64149,80.598886
Landslide,L,NBRO/LRRMD-RTP/RTP/RATNAP/LI/23/0816,RTP231661,Ratnapura,Ratnapura,2023-12-29T00:00:00,Alupola,165B,"මහවලවත්ත,ගුරුබැවිලාගම,බලංගොඩ","මහවලවත්ත,ගුරුබැවිලාගම,බලංගොඩ",රත්නපුර වේවැල්වත්ත මාර්ගයේ ගමන් කර වේවැල්වත්ත හංදියෙන් බලංගොඩ මාර්ගයේ ගමන් කර වැල්ලවල හංදියෙ,2024-05-09T00:00:00,2023-10-01T00:00:00,,අධික වර්ෂාපතනය,,,,6.6975239,80.5675725
Landslide,L,NBRO/LRRMD-RTP/RTP/KOLONN/LI/24/0070,RTP240137,Ratnapura,Kolonna,2024-01-18T00:00:00,Ittakanda,203A,"තුන්දොල,ඉත්තෑකන්ද","තුන්දොල,ඉත්තෑකන්ද",රත්නපුර සිට කොලොන්නට ගොස් සූරියකන්ද මාර්ගයේ ඉත්තෑකන්ද පසු කර වමට හැරී විජේරිය මාර්ගයේ මීටර 500ක්,2024-12-04T00:00:00,2024-11-28T00:00:00,,අධික වර්ෂාපතනය,,,,6.4068705,80.6491769
Landslide,L,NBRO/LRRMD-RTP/RTP/KOLONN/LI/24/0073,RTP240140,Ratnapura,Kolonna,2024-01-18T00:00:00,Ereporuwa,204,"17 කණුව,ඇරෑපෝරුව,කොලොන්න","17 කණුව,ඇරෑපෝරුව,කොලොන්න",රත්නපුර සිට කොලොන්න හරහා ඈරුපොල මාරගයේ 17 කණව අසලින් දකුණට ඇති මාරගයේ ගමන් කිරිමේන,2023-11-27T00:00:00,2023-11-23T00:00:00,,නායයැම් අවධානම් තත්වයක් සකස් විම,,,,6.41842,80.67922
Landslide,L,NBRO/LRRMD-RTP/RTP/OPANAY/LI/24/0077,RTP240153,Ratnapura,Opanayaka,2024-01-16T00:00:00,Akarella,241,"විෂමබාරගොඩ ,උඩගම, අකරැල්ල, ඕපනායක","විෂමබාරගොඩ ,උඩගම, අකරැල්ල, ඕපනායක",බදුල්ල- පැල්මඩුල්ල ප්‍රධාන මාර්ගයේ උඩවෙල මංසන්දියෙන් දකුණු දෙසට වූ මාර්ගයේ පැමිණි විට හමු වේ.,2023-12-12T00:00:00,,,අධික වර්ෂාපතනය,,,,6.5923573,80.661797
Landslide,L,NBRO/LRRMD-RTP/RTP/RATNAP/LI/24/0096,RTP240205,Ratnapura,Ratnapura,2024-02-02T00:00:00,Kudawa,162A,"හඳලකඳ,ගල්ලෑල්ල,රත්නපුර","හඳලකඳ,ගල්ලෑල්ල,රත්නපුර",රත්නපුර වේවැල්වත්ත මාර්ගයේ වේවැල්වත්ත දෙසට ගමන් කර නුගේපොල මංසන්ධියෙන් හැරී වේවැල්කැටිය දක්ව,2024-07-02T00:00:00,,,අධික වර්ෂාපතනය,,,,6.7339003,80.5093341
Landslide,L,NBRO/LRRMD-RTP/RTP/IMBULP/LI/24/0099,RTP240208,Ratnapura,Imbulpe,2024-02-02T00:00:00,Pidaligannawela,269B,"පිඩලිගන්නාවල,පින්නවල",,,2024-10-15T00:00:00,,,,,,,6.72361,80.69767
Landslide,L,NBRO/LRRMD-RTP/RTP/IMBULP/LI/24/0156,RTP240348,Ratnapura,Imbulpe,2024-02-21T00:00:00,Pinnawala,268A,"නන්දෙකුඹුර,පිනන්වල,බලංගොඩ",,,2024-10-15T00:00:00,,,,,,,6.720424,80.677085
Landslide,L,NBRO/LRRMD-RTP/RTP/EMBILI/LI/24/0311,RTP240737,Ratnapura,Embilipitiya,2024-05-28T00:00:00,Ranchamadama,207B,"ගල්වල ආර, හිඟුර ගම","හිඟුර, රංචමඩම",,2023-12-29T00:00:00,2023-12-17T00:00:00,08:00,,,,,6.372548,80.770029
Landslide,L,NBRO/LRRMD-RTP/RTP/RATNAP/LI/24/0360,RTP240841,Ratnapura,Ratnapura,2024-06-07T00:00:00,Bambarabotuwa,164A,"කඳුරුගල වත්ත, වේවැල්වත්ත, රත්නපුර","කඳුරුගල වත්ත, වේවැල්වත්ත, රත්නපුර",රත්නපුර වේවැල්වත්ත මාර්ගයේ වේවැල්වත්ත දෙසට ගමන් කර බටේවෙල මංසන්ධිය පසු කිරීමෙන් අදාල ස්ථානයට,2024-07-17T00:00:00,,,අධික වර්ෂාපතනය,,,,6.7087951,80.5514364
Landslide,L,NBRO/LRRMD-RTP/RTP/NIVITH/LI/24/0391,RTP240882,Ratnapura,Nivithigala,2024-06-05T00:00:00,Horangala,173C,උඩකරවිට,"Waduwagulana, Uda - Wathupitiya, Uda - Karawita",,2024-06-07T00:00:00,2024-06-02T00:00:00,04:30,,,,,6.60676,80.411268
Landslide,L,NBRO/LRRMD-RTP/RTP/PELMAD/LI/24/0399,RTP240896,Ratnapura,Pelmadulla,2024-06-12T00:00:00,Dombagasvinna,171C,"දොඹගස්වින්න, ලෙල්ලොපිටිය","දොඹගස්වින්න, ලෙල්ලොපිටිය",බලංගොඩ රත්නපුර ප්‍රධාන මාර්ගයේ බලංගොඩ දෙසට ගොස් සන්නස්ගම ඉන්ධන පිරවුම්හල පසුකර පැල්මඩුල්ල දෙ,2024-07-10T00:00:00,2024-06-02T00:00:00,,අධික වර්ෂාපතනය,,,,6.647065,80.5048967
Landslide,L,NBRO/LRRMD-RTP/RTP/EHELIY/LI/24/0440,RTP240974,Ratnapura,Eheliyagoda,2024-06-24T00:00:00,Kiriporuwa,142,කිරිපෝරුව පන්සල පිටුපස,,,2024-07-10T00:00:00,,,,,,,6.8162066,80.230004
Landslide,L,NBRO/LRRMD-RTP/RTP/EHELIY/LI/24/0441,RTP240975,Ratnapura,Eheliyagoda,2024-06-24T00:00:00,Kiriporuwa,142,කිරිපෝරුව පංසල පිටුපස,,,2024-07-17T00:00:00,,,,,,,6.812054,80.230639
Landslide,L,NBRO/LRRMD-RTP/RTP/OPANAY/LI/24/0456,RTP240997,Ratnapura,Opanayaka,2024-06-18T00:00:00,Polwattahena,244D,"උතුරු හුණුවල,ඕපනායක","උතුරු හුණුවල,ඕපනායක",රත්නපුර බලංගොඩ මාර්ගයේ බලංගොඩ දෙසට ගොස් හුණුවල ධර්මරාජ විදුහල අසලින් වම්පසට ඇති මාර්ගයේ ගමන් ක,2024-09-30T00:00:00,2024-05-26T00:00:00,,අධික වර්ෂාපතනය,,,,6.6271834,80.5893349
Landslide,L,NBRO/LRRMD-RTP/RTP/IMBULP/LI/24/0465,RTP241006,Ratnapura,Imbulpe,2024-06-18T00:00:00,Pinnawala,268A,"කන්දෙකුඹුර,පින්නවල",,,2025-10-15T00:00:00,,,,,,,6.720328,80.677211
Landslide,L,NBRO/LRRMD-RTP/RTP/EHELIY/LI/24/0521,RTP241073,Ratnapura,Eheliyagoda,2024-06-24T00:00:00,Miyanakolathenna,141C,"මියනකොලතැන්න,ඇහැලියගොඩ","මියනකොලතැන්න,ඇහැලියගොඩ",ඇහැලියගොඩ- නැදුරන මාර්ගයේ නැදුරන හංදියෙන් දකුණට පවතින පලීගල මාර්ගයේ ගමන් කොට මියනකොළතැන්න ප්‍,2024-06-03T00:00:00,2024-06-02T00:00:00,01:00,අධික වර්ෂාව අවිධිමත් භූ පරිහරණ රටාවන්,0.75,153.75,160.75,6.850313,80.233099
Landslide,L,NBRO/LRRMD-RTP/RTP/NIVITH/LI/24/0569,RTP241144,Ratnapura,Nivithigala,2024-06-26T00:00:00,Kiribathgala,175A,"හේන්යාය,වටාපොත,රත්නපුර","හේන්යාය,වටාපොත,රත්නපුර",රත්නපුර කලවාන මාර්ගයේ ගමන් කර නිවිතිගල නගරයෙන් වටාපොත මාර්ගයේ ගමන් කර නැවත හේන්යාය මාර්ගයේ ගමන,2025-11-06T00:00:00,,,,,,,6.5893156,80.5070067
Landslide,L,NBRO/LRRMD-RTP/RTP/PELMAD/LI/24/0574,RTP241154,Ratnapura,Pelmadulla,2024-06-14T00:00:00,Alupotha,180C,"පෑලිමෝදර,රත්න හංගමුව,රත්නපුර","පෑලිමෝදර,රත්න හංගමුව,රත්නපුර",රත්නපුර ඇලපාත මාර්ගයේ ඇලපාත දෙසට ගොස් හංගමු හංදියෙන් වම්පසට ඇති හංගමුව හරහා කරවිට මාර්ගයේ පෑලි,2024-07-10T00:00:00,2024-06-02T00:00:00,07:00,අධික වර්ෂාව,,,,6.6161281,80.4084161
Landslide,L,NBRO/LRRMD-RTP/RTP/ELAPAT/LI/24/0605,RTP241188,Ratnapura,Elapatha,2024-06-28T00:00:00,Niriella,184,"ගල්ලෙන කන්ද,නිරිඇල්ල","ගල්ලෙන කන්ද,නිරිඇල්ල",රත්නපුර කරවිට ප්‍රධාන මාර්ගයේ ගමන් කර නිරිවත්ත ප්‍රදේශයෙන් ගල්ලෙනකන්ද මාර්ගයේ මීටර 800 ක් පමණ ගම,2024-11-24T00:00:00,2024-06-23T00:00:00,,අධික වර්ෂාපතනය,,,,6.6248255,80.3558684
Landslide,L,NBRO/LRRMD-RTP/RTP/PELMAD/LI/24/0620,RTP241207,Ratnapura,Pelmadulla,2024-06-12T00:00:00,Gallinna,179C,"පොල්ගහතැන්න ගම,ගල්ලින්න","පොල්ගහතැන්න ගම,ගල්ලින්න",රත්නපුර සිට පැල්මඩුල්ල දෙසට ගොස් තිරිවානකැටිය මංසන්ධිය පසු කර මීටර 200 ක් පමණ ගොස් කැටන්දොල පාලම,2024-07-10T00:00:00,2024-06-02T00:00:00,,අධික වර්ෂාව,,,,6.6622408,80.4363296
Landslide,L,NBRO/LRRMD-RTP/RTP/KALAWA/LI/24/0646,RTP241250,Ratnapura,Kalawana,2024-07-10T00:00:00,Hapugoda,199A,"කුඹුරුගොඩ,පනාපොල,කලවාන","කුඹුරුගොඩ,පනාපොල,කලවාන",රත්නපුර කලවාන මාර්ගයේ කලවාන දෙසට ගමන් කර කලවාන නගරයෙන් කලවාන පොතුපිටිය මාර්ගයේ ගමන් කර වැද්දගල,2024-12-19T00:00:00,,,අධික වර්ෂාපතනය,,,,6.4194132,80.46782
Landslide,L,NBRO/LRRMD-RTP/RTP/KAHAWA/LI/24/0807,RTP241534,Ratnapura,Kahawatta,2024-07-22T00:00:00,Gabbela,226E,"දෙමුවාත, රත්නපුර",,,2024-07-05T00:00:00,,,,,,,6.50221,80.555786
Landslide,L,NBRO/LRRMD-RTP/RTP/EHELIY/LI/24/0917,RTP241860,Ratnapura,Eheliyagoda,2024-08-29T00:00:00,Mapota,143C,"මාපොට, කොස්හේන, කලටුවාව","මාපොට, කොස්හේන, කලටුවාව",රත්නපුර සිට ගැටහැත්තට ගොස් වමට හැරී  කරඳනමාර්ගයේ කිලෝමීටර 9.2ක් පමණ ගිය ප්සු මෙම ස්ථනය හමු වේ,2025-05-19T00:00:00,,,,,,,6.843269,80.2150622
Landslide,L,NBRO/LRRMD-RTP/RTP/IMBULP/LI/25/0039,RTP250158,Ratnapura,Imbulpe,2025-01-27T00:00:00,Halpe,277,හල්පේ,"හල්පේ, බෙලිහුල්ඔය",කොළඹ - මඩකලපුව ප්‍රධාන මාර්ගයෙහි බෙලිහුල්ඔය ප්‍රදේශයෙහි 167/11 බෝක්කුව අසල මෙම ස්ථානය පිහිටා ඇත.,2023-11-23T00:00:00,2023-11-15T00:00:00,,,,,,6.742644,80.828767
Landslide,L,NBRO/LRRMD-RTP/RTP/IMBULP/LI/25/0080,RTP250229,Ratnapura,Imbulpe,2025-02-07T00:00:00,Pidaligannawela,269B,"මැදහින්න උතුර, බොරංගමුව, පින්නවල, බලංගොඩ","මැදහින්න උතුර, බොරංගමුව, පින්නවල, බලංගොඩ",රත්නපුර බලංගොඩ මාර්ගයේ ගමන් කර බලංගොඩ නගරයෙන් කොළඹ-බදුල්ල මාර්ගයේ ගමන් කර ඇල්ලෙඅරාව හංදියෙන් හ,2025-02-05T00:00:00,,,අධික වර්ෂාපතනය,,,,6.7374998,80.7144767
Landslide,L,NBRO/LRRMD-RTP/RTP/IMBULP/LI/25/0081,RTP250230,Ratnapura,Imbulpe,2025-02-07T00:00:00,Pidaligannawela,269B,"මැදහින්න උතුර, බොරංගමුව, පින්නවල, බලංගොඩ","මැදහින්න උතුර, බොරංගමුව, පින්නවල, බලංගොඩ",රත්නපුර බලංගොඩ මාර්ගයේ ගමන් කර බලංගොඩ නගරයෙන් බදුල්ල මාර්ගයේ ගමන් කර ඇල්ලෙඅරාව හංදියෙන් හැරී ප,2025-02-05T00:00:00,,,අධික වර්ෂාපතනය,,180mm,,6.7348489,80.7071883
Landslide,L,NBRO/LRRMD-RTP/RTP/OPANAY/LI/25/0147,RTP250489,Ratnapura,Opanayaka,2025-03-20T00:00:00,Udawela,246A,"හොරන්කඳුර, උඩවෙල, ඕපනායක","හොරන්කඳුර, උඩවෙල, ඕපනායක",රත්නපුර සිට රත්නපුර-බලංගොඅ මාර්ගයේ උඩවෙල පසු කර හොරන්කදුර  මාරගයේ මීටර 500ක් පමණ ගිය පසු මෙම ස්ථනය,2025-04-28T00:00:00,,,,,,,6.6094975,80.648099
Landslide,L,NBRO/LRRMD-RTP/RTP/EHELIY/LI/25/0207,RTP250698,Ratnapura,Eheliyagoda,2025-04-30T00:00:00,Huladduwa,138D,"හුලද්දුව, ගැටහැත්ත","498/1, හුලද්දුව, ගැටහැත්ත",රත්නපුර සිට ගැටහැත්ත හන්දියට ගොස් කරදන මාර්ගයේ මාරබේ බස් නැවතුම අසලින් දකුණුට හැරී කිලෝමීටරයක,2025-04-23T00:00:00,,,,,,,6.879474,80.2182497
Landslide,L,NBRO/LRRMD-RTP/RTP/BALANG/LI/25/0533,RTP251752,Ratnapura,Balangoda,2025-09-17T00:00:00,Horaketiya,266E,"ටිල්බරිවත්ත, හොරකැටිය, බලංගොඩ.","ටිල්බරිවත්ත, හොරකැටිය, බලංගොඩ.",,2025-09-10T00:00:00,2023-11-06T00:00:00,,අධික වර්ශාව,,,,6.627117,80.669767
Landslide,L,NBRO/LRRMD-RTP/RTP/NIVITH/LI/25/0930,RTP252696,Ratnapura,Nivithigala,2025-12-18T00:00:00,Kolombugama,176C,"ආර්. කිත්සිරි රාජපක්ෂ, කෝට්ටුන්න, දම්මෝරුව, කොළොම්බුගම, නිවිතිගල.",,,0001-01-01T00:00:00,,,,,,,6.567895,80.494715
