Long,Lat,District,DSD,GND_Name,Risk_Level,HR_Priorit,Reference_,Ref_No,Ref_Code,GND_Num,Const_Type,Disast_Dat,Disast_Tim,Insp_Date,Disast_Nat,Temp_Recom,Damage_Lvl,Revisit,Other_Btns,Field,Count_HR_P,Count_HR_1,Count_HR_2,Count_HR,Count_MR,Count_LR,Total_Risk,GND,ADM2_EN,Longitude,Latitude
80.605579,7.278497,Kandy,හතරලියද්ද,වරාතැන්න,HR1,HR1,NBRI/KND/HAT/2025/SUJ/012,NBRI/KND/HAT/2025/SUJ/012,NBRI/KND/HAT/2025/SUJ/012,,,,,,,,,,,,1.0,,,,,,1,,Kandy,80.605579,7.278497
80.562165,7.331079,Kandy,හාරිස්පත්තුව,කුරුදුගොල්ල,HR1,HR1,NBRI/KND/HRS/2025/SUJ/04,NBRI/KND/HRS/2025/SUJ/04,NBRI/KND/HRS/2025/SUJ/04,,,,,,,,,,,,1.0,,,,,,1,,Kandy,80.562165,7.331079
80.535184,7.379367,Kandy,තුම්පනේ,දෙල්‍ගස්‍ යාය,HR1,HR1,NBRI/KND/TUM/2025/SUJ/011,NBRI/KND/TUM/2025/SUJ/011,NBRI/KND/TUM/2025/SUJ/011,,,,,,,,,,,,2.0,,,,,,2,,Kandy,80.535184,7.379367
80.527968,7.38343,Kandy,තුම්පනේ,දෙල්‍ගස්‍ යාය,HR1,HR1,NBRI/KND/TUM/2025/SUJ/00,NBRI/KND/TUM/2025/SUJ/00,NBRI/KND/TUM/2025/SUJ/00,,,,,,,,,,,,1.0,,,,,,1,,Kandy,80.527968,7.38343
80.634227,7.131435,Kandy,උඩපළාත,ඉහළගම,HR1,HR1,NBRI/KND/UDP/2025/SUJ/09,NBRI/KND/UDP/2025/SUJ/09,NBRI/KND/UDP/2025/SUJ/09,,,,,,,,,,,,1.0,23.0,9.0,,9.0,,42,,Kandy,80.634227,7.131435
80.624666,7.110359,Kandy,උඩපළාත,අඹගස්හේන,HR1,HR1,NBRI/KND/UDP/2025/SUJ/15,NBRI/KND/UDP/2025/SUJ/15,NBRI/KND/UDP/2025/SUJ/15,,,,,,,,,,,,4.0,,8.0,,2.0,,14,,Kandy,80.624666,7.110359
80.543011,7.181526,Kandy,උඩුනුවර,"මාවිල්කුඹුර උතුර, 103",HR1,HR1,NBRI/KND/UDN/2025/HML/001,NBRI/KND/UDN/2025/HML/001,NBRI/KND/UDN/2025/HML/001,,,,,,,,,,,,1.0,,,,,,1,,Kandy,80.543011,7.181526
80.784015,7.406557,Kandy,පන්විල,බටගල පහල,HR1,HR1,NBRI/KND/PAN/2025/HML/002,NBRI/KND/PAN/2025/HML/002,NBRI/KND/PAN/2025/HML/002,,,,,,,,,,,,1.0,,,,,,1,,Kandy,80.784015,7.406557
80.775681,7.398274,Kandy,පන්විල,තවලන්තැන්න,HR1,HR1,NBRI/KND/PAN/2025/HML/003,NBRI/KND/PAN/2025/HML/003,NBRI/KND/PAN/2025/HML/003,,,,,,,,,,,,1.0,,,,,,1,,Kandy,80.775681,7.398274
80.735557,7.418257,Kandy,පන්විල,වටකෑලේ- 734,HR1,HR1,NBRI/KND/PAN/2025/HML/007,NBRI/KND/PAN/2025/HML/007,NBRI/KND/PAN/2025/HML/007,,,,,,,,,,,,1.0,,,,,,1,,Kandy,80.735557,7.418257
80.648657,7.117534,Kandy,පන්විල,දුනුකේඋල්ල-1183,HR1,HR1,NBRI/KND/PAN/2025/HML/013,NBRI/KND/PAN/2025/HML/013,NBRI/KND/PAN/2025/HML/013,,,,,,,,,,,,1.0,,,,,14.0,15,,Kandy,80.648657,7.117534
80.750043,7.391216,Kandy,පන්විල,බැද්දේගම 736,HR1,HR1,NBRI/KND/PAN/2025/HML/014,NBRI/KND/PAN/2025/HML/014,NBRI/KND/PAN/2025/HML/014,,,,,,,,,,,,1.0,,,,,,1,,Kandy,80.750043,7.391216
80.761484,7.38877,Kandy,පන්විල,බැද්දේගම,HR1,HR1,NBRI/KND/PAN/2025/HML/015,NBRI/KND/PAN/2025/HML/015,NBRI/KND/PAN/2025/HML/015,,,,,,,,,,,,1.0,,,,,,1,,Kandy,80.761484,7.38877
80.540844,7.164783,Kandy,උඩපළාත,සිංහපිටිය උතුර,HR1,HR1,NBRI/KND/UDP/2025/HML/ 002,NBRI/KND/UDP/2025/HML/ 002,NBRI/KND/UDP/2025/HML/ 002,,,,,,,,,,,,1.0,,23.0,,,,24,,Kandy,80.540844,7.164783
80.563346,7.170602,Kandy,උඩපළාත,මවුන්ට්ටෙම්පල්,HR1,HR1,NBRI/KND/UDP/2025/HML/004,NBRI/KND/UDP/2025/HML/004,NBRI/KND/UDP/2025/HML/004,,,,,,,,,,,,1.0,,33.0,,1.0,,35,,Kandy,80.563346,7.170602
80.568972,7.170421,Kandy,උඩපළාත,මවුන්ට්කාමල්,HR1,HR1,NBRI/KND/UDP/2025/HML/005,NBRI/KND/UDP/2025/HML/005,NBRI/KND/UDP/2025/HML/005,,,,,,,,,,,,1.0,,7.0,,,,8,,Kandy,80.568972,7.170421
80.562017,7.168625,Kandy,උඩපළාත,හපුගස්පිටිය 1128,HR1,HR1,NBRI/KND/UDP/2025/HML/011,NBRI/KND/UDP/2025/HML/011,NBRI/KND/UDP/2025/HML/011,,,,,,,,,,,,1.0,,8.0,,,,9,,Kandy,80.562017,7.168625
80.641629,7.102199,Kandy,උඩපළාත,පුස්සැල්ලාව 1176,HR1,HR1,NBRI/KND/UDP/2025/HML/012,NBRI/KND/UDP/2025/HML/012,NBRI/KND/UDP/2025/HML/012,,,,,,,,,,,,1.0,,29.0,,,,30,,Kandy,80.641629,7.102199
80.640193,7.106393,Kandy,උඩපළාත,"පුස්සැල්ලාව (1176) , බ්ලැක්වුඩ් කොටස",HR1,HR1,NBRI/KND/UDP/2025/HML/013,NBRI/KND/UDP/2025/HML/013,NBRI/KND/UDP/2025/HML/013,,,,,,,,,,,,1.0,,,,,,1,,Kandy,80.640193,7.106393
80.568313,7.156625,Kandy,උඩපළාත,මවුන්ට්ටෙම්පල්,HR1,HR1,NBRI/KND/UDP/2025/HML/014,NBRI/KND/UDP/2025/HML/014,NBRI/KND/UDP/2025/HML/014,,,,,,,,,,,,1.0,,,,,,1,,Kandy,80.568313,7.156625
80.579834,7.089249,Kandy,උඩපළාත,මාවතුර,HR1,HR1,NBRI/KND/UDP/2025/ERB/001,NBRI/KND/UDP/2025/ERB/001,NBRI/KND/UDP/2025/ERB/001,,,,,,,,,,,,1.0,,49.0,,,,50,,Kandy,80.579834,7.089249
80.586702,7.114132,Kandy,උඩපළාත,ගලත -1185,HR1,HR1,NBRI/KND/UDP/2025/ERB/002,NBRI/KND/UDP/2025/ERB/002,NBRI/KND/UDP/2025/ERB/002,,,,,,,,,,,,1.0,,21.0,,,,22,,Kandy,80.586702,7.114132
80.584839,7.432337,Kandy,පුජාපිටිය,උග්ගල 535,HR1,HR1,NBRI/KND/PJP/2025/ERB/005,NBRI/KND/PJP/2025/ERB/005,NBRI/KND/PJP/2025/ERB/005,,,,,,,,,,,,1.0,,,,,,1,,Kandy,80.584839,7.432337
80.675695,7.210526,Kandy,දෙල්තොට,"977, පාළුගම",HR1,HR1,NBRI / KND / DEL / 2025 / MVN / 001,NBRI / KND / DEL / 2025 / MVN / 001,NBRI / KND / DEL / 2025 / MVN / 001,,,,,,,,,,,,2.0,1.0,1.0,,2.0,,6,,Kandy,80.675695,7.210526
80.688646,7.202392,Kandy,දෙල්තොට,"976, උඩ දෙල්තොට",HR1,HR1,NBRI / KND / DEL / 2025 / MVN / 003,NBRI / KND / DEL / 2025 / MVN / 003,NBRI / KND / DEL / 2025 / MVN / 003,,,,,,,,,,,,2.0,1.0,,,16.0,,19,,Kandy,80.688646,7.202392
80.716959,7.146648,Kandy,දෙල්තොට,ගබඩාගම උතුර,HR1,HR1,NBRI / KND / DEL / 2025 / MVN / 005,NBRI / KND / DEL / 2025 / MVN / 005,NBRI / KND / DEL / 2025 / MVN / 005,,,,,,,,,,,,2.0,,,,6.0,8.0,16,,Kandy,80.716959,7.146648
80.637491,7.135057,Kandy,උඩපළාත,ඉහලගම,HR1,HR1,NBRI / KND / UDP / 2025 / MVN / 007,NBRI / KND / UDP / 2025 / MVN / 007,NBRI / KND / UDP / 2025 / MVN / 007,,,,,,,,,,,,2.0,,8.0,,1.0,8.0,19,,Kandy,80.637491,7.135057
80.564792,7.168357,Kandy,උඩපළාත,"කීරපනේ, 1129",HR1,HR1,NBRI / KND / UDP / 2025 / MVN / 009,NBRI / KND / UDP / 2025 / MVN / 009,NBRI / KND / UDP / 2025 / MVN / 009,,,,,,,,,,,,14.0,19.0,52.0,,22.0,7.0,114,,Kandy,80.564792,7.168357
80.65849,7.213677,Kandy,දෙල්තොට,පේරවත්ත බටහිර 981,HR1,HR1,NBRI / KND / DEL / 2025 / MVN / 011,NBRI / KND / DEL / 2025 / MVN / 011,NBRI / KND / DEL / 2025 / MVN / 011,,,,,,,,,,,,5.0,2.0,1.0,,3.0,,11,,Kandy,80.65849,7.213677
80.676109,7.160022,Kandy,දොළුව ප්රා.ලේ.කො,පිටවල,HR1,HR1,,DMLP/044,DMLP/044,165.0,House / නිවාස,2025-11-27 00:00:00,,2025-12-17 00:00:00,Landslide / නායයෑම්,Resettle / නැවත පදිංචිකිරීම,,,,,51.0,3.0,,,,,54,,Kandy,80.676109,7.160022
80.472714,7.140222,Kegalle,අරණායක ප්රා.ලේ.කො,අරම,HR1,HR1,,LRR-ARP-76,LRR-ARP-76,,House / නිවාස,2025-11-28 00:00:00,,2026-01-10 00:00:00,Landslide / නායයෑම්,Resettle / නැවත පදිංචිකිරීම,Fully / පුර්ණහානි,0.0,,,2.0,,,,5.0,,7,,Kegalle,80.472714,7.140222
80.741264,7.187231,Kandy,දෙල්තොට,"මුරපොල බටහිර, 1032",HR1,HR1,NBRI / KND / DEL / 2025 / MVN / 028,NBRI / KND / DEL / 2025 / MVN / 028,NBRI / KND / DEL / 2025 / MVN / 028,,,,,,,,,,,,5.0,2.0,9.0,,9.0,,25,,Kandy,80.741264,7.187231
80.744662,7.184305,Kandy,දෙල්තොට,මුරපොල බටහිර,HR1,HR1,NBRI / KND / DEL / 2025 / MVN / 030,NBRI / KND / DEL / 2025 / MVN / 030,NBRI / KND / DEL / 2025 / MVN / 030,,,,,,,,,,,,2.0,,,,10.0,1.0,13,,Kandy,80.744662,7.184305
80.578224,7.253588,Kandy,උඩුනුවර,හේන්දෙණිය බටහිර,HR1,HR1,NBRI/KND/UDN/2025/GSL2/04,NBRI/KND/UDN/2025/GSL2/04,NBRI/KND/UDN/2025/GSL2/04,,,,,,,,,,,,1.0,,,,,,1,,Kandy,80.578224,7.253588
80.555681,7.192311,Kandy,උඩුනුවර,අප්පල්ලගොඩ ඊසාන,HR1,HR1,NBRI/KND/UDN/2025/GSL2/12,NBRI/KND/UDN/2025/GSL2/12,NBRI/KND/UDN/2025/GSL2/12,,,,,,,,,,,,1.0,,,,,,1,,Kandy,80.555681,7.192311
80.498231,7.311437,Kandy,හතරලියද්ද,පට්ටපොල පහළ සහ ඉහල,HR1,HR1,NBRI/KND/HAT/2025/GSL2/17,NBRI/KND/HAT/2025/GSL2/17,NBRI/KND/HAT/2025/GSL2/17,,,,,,,,,,,,1.0,,,,,4.0,5,,Kandy,80.498231,7.311437
80.537478,7.321715,Kandy,හතරලියද්ද,වල්පලාගොල්ල උතුර,HR1,HR1,NBRI/KND/HAT/2025/GSL2/19,NBRI/KND/HAT/2025/GSL2/19,NBRI/KND/HAT/2025/GSL2/19,,,,,,,,,,,,1.0,,,,,2.0,3,,Kandy,80.537478,7.321715
80.541428,7.321266,Kandy,හතරලියද්ද,වල්පලාගොල්ල දකුණ,HR1,HR1,NBRI/KND/HAT/2025/IGSL2/20,NBRI/KND/HAT/2025/IGSL2/20,NBRI/KND/HAT/2025/IGSL2/20,,,,,,,,,,,,1.0,,,,,2.0,3,,Kandy,80.541428,7.321266
80.551628,7.173187,Kandy,උඩපළාත,සිංහපිටිය උතුර,HR1,HR1,NBRI/KND/UDP/2025/IGSL2/022,NBRI/KND/UDP/2025/IGSL2/022,NBRI/KND/UDP/2025/IGSL2/022,,,,,,,,,,,,1.0,,,,,,1,,Kandy,80.551628,7.173187
80.551316,7.17037,Kandy,උඩපළාත,සිංහපිටිය උතුර,HR1,HR1,NBRI/KND/UDP/2025/IGSL2/023,NBRI/KND/UDP/2025/IGSL2/023,NBRI/KND/UDP/2025/IGSL2/023,,,,,,,,,,,,1.0,,,,,,1,,Kandy,80.551316,7.17037
80.553352,7.166786,Kandy,උඩපළාත,සිංහපිටිය උතුර,HR1,HR1,NBRI/KND/UDP/2025/IGSL2/024,NBRI/KND/UDP/2025/IGSL2/024,NBRI/KND/UDP/2025/IGSL2/024,,,,,,,,,,,,1.0,,,,,,1,,Kandy,80.553352,7.166786
80.624259,7.136138,Kandy,උඩපළාත,උඩගම 1171,HR1,HR1,NBRI / KND / UDP / 2025 / IGSL / 0027,NBRI / KND / UDP / 2025 / IGSL / 0027,NBRI / KND / UDP / 2025 / IGSL / 0027,,,,,,,,,,,,1.0,,,,,,1,,Kandy,80.624259,7.136138
80.597963,7.189683,Kandy,උඩුනුවර,වැලිගල 41,HR1,HR1,NBRI / KND / UDN / 2025 / IGSL / 0031,NBRI / KND / UDN / 2025 / IGSL / 0031,NBRI / KND / UDN / 2025 / IGSL / 0031,,,,,,,,,,,,1.0,,,,,,1,,Kandy,80.597963,7.189683
80.596568,7.19462,Kandy,උඩුනුවර,වැලිගල 41,HR1,HR1,NBRI / KND / UDN / 2025 / IGSL / 0039,NBRI / KND / UDN / 2025 / IGSL / 0039,NBRI / KND / UDN / 2025 / IGSL / 0039,,,,,,,,,,,,3.0,,,,1.0,,4,,Kandy,80.596568,7.19462
80.568885,7.169272,Kandy,උඩපළාත,ටවුන්ටෙම්පල්,HR1,HR1,NBRI/KND/UDP/2025/HML/006,NBRI/KND/UDP/2025/HML/006,NBRI/KND/UDP/2025/HML/006,,,,,,,,,,,,1.0,,,,,,1,,Kandy,80.568885,7.169272
80.584176,7.095636,Kandy,උඩපළාත,මාවතුර,HR1,HR1,NBRI/KND/UDP/2025/HML/007,NBRI/KND/UDP/2025/HML/007,NBRI/KND/UDP/2025/HML/007,,,,,,,,,,,,1.0,,8.0,,,,9,,Kandy,80.584176,7.095636
80.561952,7.168766,Kandy,උඩපළාත,"හපුගස්පිටිය, 1128",HR1,HR1,NBRI/KND/UDP/2025/HML/010,NBRI/KND/UDP/2025/HML/010,NBRI/KND/UDP/2025/HML/010,,,,,,,,,,,,1.0,,9.0,,,,10,,Kandy,80.561952,7.168766
80.529282,7.112188,Kandy,ගඟඉහළ කෝරලේ,පැල්ලපිටිය දකුණ (10/64),HR1,HR1,NBRI/KND/GIK/2025/JSB/ 143,NBRI/KND/GIK/2025/JSB/ 143,NBRI/KND/GIK/2025/JSB/ 143,,,,,,,,,,,,2.0,,,,9.0,,11,,Kandy,80.529282,7.112188
80.50331,7.129123,Kandy,ගඟඉහළ කෝරලේ,වැටකෙයිදෙණිය (1058),HR1,HR1,NBRI/KND/GIK/2025/JSB/ 144,NBRI/KND/GIK/2025/JSB/ 144,NBRI/KND/GIK/2025/JSB/ 144,,,,,,,,,,,,2.0,3.0,5.0,,4.0,,14,,Kandy,80.50331,7.129123
80.61372,7.285278,Kandy,ගඟවට කෝරළේ,KMC – කළාප 01,HR1,HR1,NBRI/KND/GWK/2025/JSB/ 141,NBRI/KND/GWK/2025/JSB/ 141,NBRI/KND/GWK/2025/JSB/ 141,,,,,,,,,,,,2.0,,3.0,,,,5,,Kandy,80.61372,7.285278
80.704852,7.218918,Kandy,පාතහේවාහැට,"996 - මැදගම, උඩගම",HR1,HR1,NBRI/KND/PHT/2025/JSB/ 074,NBRI/KND/PHT/2025/JSB/ 074,NBRI/KND/PHT/2025/JSB/ 074,,,,,,,,,,,,3.0,,4.0,,2.0,,9,,Kandy,80.704852,7.218918
80.711681,7.215969,Kandy,පාතහේවාහැට,"997 - මැදගම, පල්ලේගම",HR1,HR1,NBRI/KND/PHT/2025/JSB/ 084,NBRI/KND/PHT/2025/JSB/ 084,NBRI/KND/PHT/2025/JSB/ 084,,,,,,,,,,,,11.0,,4.0,,,,15,,Kandy,80.711681,7.215969
80.712169,7.216676,Kandy,පාතහේවාහැට,"997 - මැදගම, පල්ලේගම",HR1,HR1,NBRI/KND/PHT/2025/JSB/ 085,NBRI/KND/PHT/2025/JSB/ 085,NBRI/KND/PHT/2025/JSB/ 085,,,,,,,,,,,,3.0,,,,10.0,,13,,Kandy,80.712169,7.216676
80.713946,7.219523,Kandy,පාතහේවාහැට,"997 - මැදගම, පල්ලේගම",HR1,HR1,NBRI/KND/PHT/2025/JSB/ 087 A,NBRI/KND/PHT/2025/JSB/ 087 A,NBRI/KND/PHT/2025/JSB/ 087 A,,,,,,,,,,,,2.0,,1.0,,3.0,,6,,Kandy,80.713946,7.219523
80.714301,7.217292,Kandy,පාතහේවාහැට,"997 - මැදගම, පල්ලේගම",HR1,HR1,NBRI/KND/PHT/2025/JSB/ 087 B,NBRI/KND/PHT/2025/JSB/ 087 B,NBRI/KND/PHT/2025/JSB/ 087 B,,,,,,,,,,,,4.0,,5.0,,3.0,,12,,Kandy,80.714301,7.217292
80.715059,7.211004,Kandy,පාතහේවාහැට,බව්ලාන,HR1,HR1,NBRI/KND/PHT/2025/JSB/ 096,NBRI/KND/PHT/2025/JSB/ 096,NBRI/KND/PHT/2025/JSB/ 096,,,,,,,,,,,,2.0,1.0,3.0,,,,6,,Kandy,80.715059,7.211004
80.687451,7.229471,Kandy,පාතහේවාහැට,"983, නුගලියැද්ද-ඉහළ",HR1,HR1,NBRI/KND/PHT/2025/JSB/ 106,NBRI/KND/PHT/2025/JSB/ 106,NBRI/KND/PHT/2025/JSB/ 106,,,,,,,,,,,,3.0,,,,,,3,,Kandy,80.687451,7.229471
80.770029,7.199304,Kandy,පාතහේවාහැට,උණුවින්න නැගෙනහිර - 1024,HR1,HR1,NBRI/KND/PHT/2025/JSB/ 125,NBRI/KND/PHT/2025/JSB/ 125,NBRI/KND/PHT/2025/JSB/ 125,,,,,,,,,,,,3.0,,,,15.0,,18,,Kandy,80.770029,7.199304
80.76489,7.214176,Kandy,පාතහේවාහැට,උණුවින්න නැගෙනහිර - 1024,HR1,HR1,NBRI/KND/PHT/2025/JSB/ 129,NBRI/KND/PHT/2025/JSB/ 129,NBRI/KND/PHT/2025/JSB/ 129,,,,,,,,,,,,2.0,,,,7.0,,9,,Kandy,80.76489,7.214176
80.892403,7.292876,Kandy,උඩුදුම්බර,856 මිනුවන්ගමුව,HR1,HR1,NBRI/KND/UDD/2025/JSB/ 067,NBRI/KND/UDD/2025/JSB/ 067,NBRI/KND/UDD/2025/JSB/ 067,,,,,,,,,,,,3.0,,6.0,,6.0,1.0,16,,Kandy,80.892403,7.292876
80.708687,7.163945,Kandy,දෙල්තොට,"ගෝනන්ගොඩ, 1040",HR1,HR1,NBRI / KND / DEL / 2025 / MVN / 018,NBRI / KND / DEL / 2025 / MVN / 018,NBRI / KND / DEL / 2025 / MVN / 018,,,,,,,,,,,,4.0,2.0,,,5.0,,11,,Kandy,80.708687,7.163945
80.702936,7.153968,Kandy,දෙල්තොට,"ගෝනන්ගොඩ, 1040",HR1,HR1,NBRI / KND / DEL / 2025 / MVN / 019,NBRI / KND / DEL / 2025 / MVN / 019,NBRI / KND / DEL / 2025 / MVN / 019,,,,,,,,,,,,7.0,1.0,4.0,,28.0,,40,,Kandy,80.702936,7.153968
80.846236,7.269779,Kandy,උඩුදුම්බර,"838, දේවින්දේගම",HR1,HR1,NBRI/KND/UDD/2025/JSB/ 072,NBRI/KND/UDD/2025/JSB/ 072,NBRI/KND/UDD/2025/JSB/ 072,,,,,,,,,,,,2.0,1.0,,,,,3,,Kandy,80.846236,7.269779
80.626195,7.2096,Kandy,දොළුව,හල්ඔය,HR1,HR1,NBRI/KND/DOL/2025/HMTL/011,NBRI/KND/DOL/2025/HMTL/011,NBRI/KND/DOL/2025/HMTL/011,,,,,,,,,,,,3.0,3.0,1.0,,2.0,,9,,Kandy,80.626195,7.2096
80.590218,7.157354,Kandy,උඩපළාත,අංගම්මන නැගෙනහිර,HR1,HR1,NBRI/KND/UDP/2025/HMTL/018,NBRI/KND/UDP/2025/HMTL/018,NBRI/KND/UDP/2025/HMTL/018,,,,,,,,,,,,1.0,,6.0,,,,7,,Kandy,80.590218,7.157354
80.588271,7.154316,Kandy,උඩපළාත,අංගම්මන නරිගල කොටස,HR1,HR1,NBRI/KND/UDP/2025/HMTL/019,NBRI/KND/UDP/2025/HMTL/019,NBRI/KND/UDP/2025/HMTL/019,,,,,,,,,,,,1.0,,52.0,,,,53,,Kandy,80.588271,7.154316
80.610878,7.256401,Kandy,ගඟවට කෝරළේ,උඩපේරාදෙණිය,HR1,HR1,NBRI/KND/GWK/2025/HMTL/025,NBRI/KND/GWK/2025/HMTL/025,NBRI/KND/GWK/2025/HMTL/025,,,,,,,,,,,,3.0,,2.0,,7.0,,12,,Kandy,80.610878,7.256401
80.617027,7.288958,Kandy,ගඟවට කෝරළේ,අනිවත්ත නැගෙනහිර සහ අනිවත්ත බටහිර,HR1,HR1,NBRI/KND/GWK/2025/HMTL/026,NBRI/KND/GWK/2025/HMTL/026,NBRI/KND/GWK/2025/HMTL/026,,,,,,,,,,,,2.0,,,,13.0,,15,,Kandy,80.617027,7.288958
80.612998,7.11008,Kandy,උඩපළාත,දොරගල වසම- 1180,HR1,HR1,NBRI/KND/UDP/2025/HMTL/032,NBRI/KND/UDP/2025/HMTL/032,NBRI/KND/UDP/2025/HMTL/032,,,,,,,,,,,,1.0,,12.0,,,,13,,Kandy,80.612998,7.11008
80.499292,7.097268,Kandy,ගඟඉහළ කෝරලේ,අළුගොල්ල/ උඩුවැල්ල,HR1,HR1,NBRI/KND/GIK/2025/HMTL/037,NBRI/KND/GIK/2025/HMTL/037,NBRI/KND/GIK/2025/HMTL/037,,,,,,,,,,,,7.0,,6.0,,21.0,,34,,Kandy,80.499292,7.097268
80.500066,7.112014,Kandy,ගඟඉහළ කෝරලේ,වැටකේදෙණිය,HR1,HR1,NBRI/KND/GIK/2025/HMTL/046,NBRI/KND/GIK/2025/HMTL/046,NBRI/KND/GIK/2025/HMTL/046,,,,,,,,,,,,3.0,1.0,1.0,,1.0,,6,,Kandy,80.500066,7.112014
80.50526,7.111408,Kandy,ගඟඉහළ කෝරලේ,වැටකේදෙණිය,HR1,HR1,NBRI/KND/GIK/2025/HMTL/047,NBRI/KND/GIK/2025/HMTL/047,NBRI/KND/GIK/2025/HMTL/047,,,,,,,,,,,,2.0,1.0,,,1.0,,4,,Kandy,80.50526,7.111408
80.495564,7.1261,Kandy,ගඟඉහළ කෝරලේ,වැටකේදෙණිය,HR1,HR1,NBRI/KND/GIK/2025/HMTL/049,NBRI/KND/GIK/2025/HMTL/049,NBRI/KND/GIK/2025/HMTL/049,,,,,,,,,,,,4.0,,,,,,4,,Kandy,80.495564,7.1261
80.82129,7.290464,Kandy,මැදදුම්බර,නැමදගල,HR1,HR1,NBRI/KND/MDB/2025/HMTL/050,NBRI/KND/MDB/2025/HMTL/050,NBRI/KND/MDB/2025/HMTL/050,,,,,,,,,,,,2.0,1.0,4.0,,8.0,,15,,Kandy,80.82129,7.290464
80.579419,7.190693,Kandy,උඩුනුවර,හොඩියාදෙණිය,HR1,HR1,NBRI/KND/ UDN/2025/DMLP/064,NBRI/KND/ UDN/2025/DMLP/064,NBRI/KND/ UDN/2025/DMLP/064,,,,,,,,,,,,1.0,,,,,,1,,Kandy,80.579419,7.190693
80.673738,7.357394,Kandy,පාතදුම්බර,ඉහළ යටවර,HR1,HR1,NBRI/KND/PDM/2025/JSB/52,NBRI/KND/PDM/2025/JSB/52,NBRI/KND/PDM/2025/JSB/52,,,,,,,,,,,,2.0,1.0,,,2.0,,5,,Kandy,80.673738,7.357394
80.711604,7.133611,Kandy,දෙල්තොට,ගබඩාගම දකුණ - 1044,HR1,HR1,NBRI/KND/DEL/2025/JSB/ 59,NBRI/KND/DEL/2025/JSB/ 59,NBRI/KND/DEL/2025/JSB/ 59,,,,,,,,,,,,6.0,1.0,,,1.0,,8,,Kandy,80.711604,7.133611
80.706778,7.131952,Kandy,දෙල්තොට,ගබඩාගම දකුණ,HR1,HR1,NBRI/KND/DEL/2025/JSB/ 61,NBRI/KND/DEL/2025/JSB/ 61,NBRI/KND/DEL/2025/JSB/ 61,,,,,,,,,,,,2.0,,,,1.0,,3,,Kandy,80.706778,7.131952
80.580297,7.190126,Kandy,උඩුනුවර,හොඩියාදෙණිය,HR1,HR1,NBRI/KND/ UDN/2025/DMLP/066,NBRI/KND/ UDN/2025/DMLP/066,NBRI/KND/ UDN/2025/DMLP/066,,,,,,,,,,,,2.0,,,,,,2,,Kandy,80.580297,7.190126
80.58307,7.190693,Kandy,උඩුනුවර,හොඩියාදෙණිය,HR1,HR1,NBRI/KND/ UDN/2025/DMLP/072,NBRI/KND/ UDN/2025/DMLP/072,NBRI/KND/ UDN/2025/DMLP/072,,,,,,,,,,,,2.0,,,,,,2,,Kandy,80.58307,7.190693
80.650366,7.188866,Kandy,දොළුව,නව නිල්ලඹ,HR1,HR1,NBRI/KND/DOL/2025/DMLP/080,NBRI/KND/DOL/2025/DMLP/080,NBRI/KND/DOL/2025/DMLP/080,,,,,,,,,,,,7.0,16.0,,,6.0,,29,,Kandy,80.650366,7.188866
80.652072,7.135479,Kandy,දොළුව,රජතලාව,HR1,HR1,NBRI/KND/DOL/2025/DMLP/090,NBRI/KND/DOL/2025/DMLP/090,NBRI/KND/DOL/2025/DMLP/090,,,,,,,,,,,,13.0,17.0,,,15.0,,45,,Kandy,80.652072,7.135479
80.676742,7.11676,Kandy,දොළුව,පුපුරැස්ස,HR1,HR1,NBRI/KND/DOL/2025/DMLP/094,NBRI/KND/DOL/2025/DMLP/094,NBRI/KND/DOL/2025/DMLP/094,,,,,,,,,,,,13.0,,,,,,13,,Kandy,80.676742,7.11676
80.48719,7.277122,Kandy,යටිනුවර,මොටන,HR1,HR1,NBRI/KND/YTI/2025/DMLP/102,NBRI/KND/YTI/2025/DMLP/102,NBRI/KND/YTI/2025/DMLP/102,,,,,,,,,,,,4.0,2.0,,,,,6,,Kandy,80.48719,7.277122
80.484658,7.273576,Kandy,යටිනුවර,මොටන,HR1,HR1,NBRI/KND/YTI/2025/DMLP/103,NBRI/KND/YTI/2025/DMLP/103,NBRI/KND/YTI/2025/DMLP/103,,,,,,,,,,,,2.0,,1.0,,1.0,,4,,Kandy,80.484658,7.273576
80.584235,7.189346,Kandy,උඩුනුවර,හොඬියාදෙණිය,HR1,HR1,NBRI/KND/ UDN/2025/DMLP/074,NBRI/KND/ UDN/2025/DMLP/074,NBRI/KND/ UDN/2025/DMLP/074,,,,,,,,,,,,2.0,,,,,,2,,Kandy,80.584235,7.189346
80.47952,7.270569,Kandy,යටිනුවර,මොටන,HR1,HR1,NBRI/KND/YTI/2025/DMLP/112,NBRI/KND/YTI/2025/DMLP/112,NBRI/KND/YTI/2025/DMLP/112,,,,,,,,,,,,3.0,,,,,,3,,Kandy,80.47952,7.270569
80.488536,7.267171,Kandy,යටිනුවර,"බලන, කඩුගන්නාව",HR1,HR1,NBRI/KND/YTI/2025/DMLP/086,NBRI/KND/YTI/2025/DMLP/086,NBRI/KND/YTI/2025/DMLP/086,,,,,,,,,,,,2.0,,7.0,,7.0,,16,,Kandy,80.488536,7.267171
80.490636,7.26624,Kandy,යටිනුවර,බලන,HR1,HR1,NBRI/KND/YTI/2025/DMLP/087,NBRI/KND/YTI/2025/DMLP/087,NBRI/KND/YTI/2025/DMLP/087,,,,,,,,,,,,2.0,,2.0,,2.0,,6,,Kandy,80.490636,7.26624
80.624411,7.188435,Kandy,දොළුව,නවගුරුකැලේ,HR1,HR1,NBRI/KND/DOL/2025/DMLP/012,NBRI/KND/DOL/2025/DMLP/012,NBRI/KND/DOL/2025/DMLP/012,,,,,,,,,,,,9.0,12.0,,,15.0,,36,,Kandy,80.624411,7.188435
80.619053,7.181685,Kandy,දොළුව,නවගුරුකැලේ,HR1,HR1,NBRI/KND/DOL/2025/DMLP/013,NBRI/KND/DOL/2025/DMLP/013,NBRI/KND/DOL/2025/DMLP/013,,,,,,,,,,,,4.0,16.0,2.0,,16.0,,38,,Kandy,80.619053,7.181685
80.88829,7.289545,Kandy,උඩුදුම්බර,856 මිනුවන්ගමුව,HR1,HR1,NBRI/KND/UDD/2025/JSB/ 069,NBRI/KND/UDD/2025/JSB/ 069,NBRI/KND/UDD/2025/JSB/ 069,,,,,,,,,,,,5.0,1.0,,,2.0,2.0,10,,Kandy,80.88829,7.289545
80.888162,7.290413,Kandy,උඩුදුම්බර,856 මිනුවන්ගමුව,HR1,HR1,NBRI/KND/UDD/2025/JSB/ 070,NBRI/KND/UDD/2025/JSB/ 070,NBRI/KND/UDD/2025/JSB/ 070,,,,,,,,,,,,2.0,1.0,2.0,,4.0,2.0,11,,Kandy,80.888162,7.290413
80.880417,7.29148,Kandy,උඩුදුම්බර,856 මිනුවන්ගමුව,HR1,HR1,NBRI/KND/UDD/2025/JSB/ 071,NBRI/KND/UDD/2025/JSB/ 071,NBRI/KND/UDD/2025/JSB/ 071,,,,,,,,,,,,3.0,,,,8.0,,11,,Kandy,80.880417,7.29148
80.515813,7.115192,Kandy,ගඟඉහළ කෝරලේ,වැටකේදෙණිය / යටපාන,HR1,HR1,NBRI/KND/GIK/2025/DMLP/2025/062,NBRI/KND/GIK/2025/DMLP/2025/062,NBRI/KND/GIK/2025/DMLP/2025/062,,,,,,,,,,,,1.0,1.0,,,19.0,,21,,Kandy,80.515813,7.115192
80.626444,7.214682,Kandy,දොළුව,හල්ඔය,HR1,HR1,NBRI/KND/DOL/2025/DMLP/2025/023,NBRI/KND/DOL/2025/DMLP/2025/023,NBRI/KND/DOL/2025/DMLP/2025/023,,,,,,,,,,,,1.0,2.0,,,,,3,,Kandy,80.626444,7.214682
80.649493,7.141238,Kandy,දොළුව,රජතලාව,HR1,HR1,NBRI/KND/DOL/2025/DMLP/2025/026,NBRI/KND/DOL/2025/DMLP/2025/026,NBRI/KND/DOL/2025/DMLP/2025/026,,,,,,,,,,,,8.0,20.0,,,23.0,,51,,Kandy,80.649493,7.141238
80.535498,7.082859,Kandy,පස්බාගෙ කෝරලේ,වැලිගොඩවත්ත,HR1,HR1,NBRI/KND/PAS/2025/DMLP/053,NBRI/KND/PAS/2025/DMLP/053,NBRI/KND/PAS/2025/DMLP/053,,,,,,,,,,,,5.0,,4.0,,2.0,,11,,Kandy,80.535498,7.082859
80.539375,7.086811,Kandy,පස්බාගෙ කෝරලේ,වැලිගොඩවත්ත-1102,HR1,HR1,NBRI/KND/PAS/2025/DMLP/055,NBRI/KND/PAS/2025/DMLP/055,NBRI/KND/PAS/2025/DMLP/055,,,,,,,,,,,,3.0,,,,,,3,,Kandy,80.539375,7.086811
80.536743,7.081235,Kandy,පස්බාගෙ කෝරලේ,වැලිගොඩවත්ත-1102,HR1,HR1,NBRI/KND/PAS/2025/DMLP/057,NBRI/KND/PAS/2025/DMLP/057,NBRI/KND/PAS/2025/DMLP/057,,,,,,,,,,,,2.0,,,,,,2,,Kandy,80.536743,7.081235
80.540581,7.079728,Kandy,පස්බාගෙ කෝරලේ,වරකාව,HR1,HR1,NBRI/KND/PAS/2025/DMLP/009,NBRI/KND/PAS/2025/DMLP/009,NBRI/KND/PAS/2025/DMLP/009,,,,,,,,,,,,5.0,16.0,19.0,,9.0,,49,,Kandy,80.540581,7.079728
80.544756,7.083335,Kandy,පස්බාගෙ කෝරලේ,වරකාව,HR1,HR1,NBRI/KND/PAS/2025/DMLP/010,NBRI/KND/PAS/2025/DMLP/010,NBRI/KND/PAS/2025/DMLP/010,,,,,,,,,,,,4.0,22.0,,,,,26,,Kandy,80.544756,7.083335
80.537552,7.06309,Kandy,පස්බාගෙ කෝරලේ,නාවලපිටිය දකුණ වසම,HR1,HR1,NBRI/KND/PAS/2025/DMPL/049,NBRI/KND/PAS/2025/DMPL/049,NBRI/KND/PAS/2025/DMPL/049,,,,,,,,,,,,2.0,,,,,,2,,Kandy,80.537552,7.06309
80.899276,7.287876,Kandy,උඩුදුම්බර,කලල්ගමුව,HR1,HR1,NBRI/KND/UDD/2025/JSB/039,NBRI/KND/UDD/2025/JSB/039,NBRI/KND/UDD/2025/JSB/039,,,,,,,,,,,,2.0,,,,,,2,,Kandy,80.899276,7.287876
80.681797,7.342504,Kandy,පාතදුම්බර,යටිරාවණ 641,HR1,HR1,NBRI / KND / PDM / 2025 / JSB /045,NBRI / KND / PDM / 2025 / JSB /045,NBRI / KND / PDM / 2025 / JSB /045,,,,,,,,,,,,5.0,,,,11.0,,16,,Kandy,80.681797,7.342504
80.823966,7.216738,Kandy,මැදදුම්බර,වෙල පහළ,HR1,HR1,NBRI/KND/MDB/2025/IBE/016,NBRI/KND/MDB/2025/IBE/016,NBRI/KND/MDB/2025/IBE/016,,,,,,,,,,,,6.0,8.0,39.0,,41.0,,94,,Kandy,80.823966,7.216738
80.807888,7.282423,Kandy,මැදදුම්බර,දකුණු දොරලියද්ද,HR1,HR1,NBRI/KND/MDB/2025/IBE/023,NBRI/KND/MDB/2025/IBE/023,NBRI/KND/MDB/2025/IBE/023,,,,,,,,,,,,3.0,2.0,,,,,5,,Kandy,80.807888,7.282423
80.582603,7.193394,Kandy,උඩුනුවර,හොඩියාදෙණිය,HR1,HR1,NBRI/KND/ UDN/2025/DMLP/071,NBRI/KND/ UDN/2025/DMLP/071,NBRI/KND/ UDN/2025/DMLP/071,,,,,,,,,,,,1.0,,,,2.0,,3,,Kandy,80.582603,7.193394
80.58128,7.190306,Kandy,උඩුනුවර,හොඩියාදෙණිය,HR1,HR1,NBRI/KND/ UDN/2025/DMLP/076,NBRI/KND/ UDN/2025/DMLP/076,NBRI/KND/ UDN/2025/DMLP/076,,,,,,,,,,,,1.0,3.0,,,,,4,,Kandy,80.58128,7.190306
80.5793,7.190982,Kandy,උඩුනුවර,හොඩියාදෙණිය,HR1,HR1,NBRI/KND/ UDN/2025/DMLP/065,NBRI/KND/ UDN/2025/DMLP/065,NBRI/KND/ UDN/2025/DMLP/065,,,,,,,,,,,,1.0,6.0,,,4.0,,11,,Kandy,80.5793,7.190982
80.67963,7.359753,Kandy,පාතදුම්බර,595-වත්තේගම උතුර,HR1,HR1,NBRI/KND/PDM/2025/IBE/005,NBRI/KND/PDM/2025/IBE/005,NBRI/KND/PDM/2025/IBE/005,,,,,,,,,,,,3.0,,1.0,,,,4,,Kandy,80.67963,7.359753
80.578529,7.418471,Kandy,පුජාපිටිය,පල්ලේගම පහල,HR1,HR1,NBRI/KND/PJP/2025/IBE/031,NBRI/KND/PJP/2025/IBE/031,NBRI/KND/PJP/2025/IBE/031,,,,,,,,,,,,7.0,11.0,7.0,,,,25,,Kandy,80.578529,7.418471
80.857821,7.22589,Kandy,උඩුදුම්බර,පිටිගොඩ 834,HR1,HR1,NBRI/KND/UDD/2025/IBE/038,NBRI/KND/UDD/2025/IBE/038,NBRI/KND/UDD/2025/IBE/038,,,,,,,,,,,,7.0,4.0,21.0,,,,32,,Kandy,80.857821,7.22589
80.539179,7.300568,Kandy,යටිනුවර,වතුර කුඹුර,HR1,HR1,NBRI/KND/YTI/2025/JSB/011,NBRI/KND/YTI/2025/JSB/011,NBRI/KND/YTI/2025/JSB/011,,,,,,,,,,,,4.0,1.0,,,,,5,,Kandy,80.539179,7.300568
80.530341,7.303334,Kandy,හතරලියද්ද,අළුත්ගම ඉහල,HR1,HR1,NBRI/KND/HAT/2025/JSB/013,NBRI/KND/HAT/2025/JSB/013,NBRI/KND/HAT/2025/JSB/013,,,,,,,,,,,,2.0,,,,2.0,,4,,Kandy,80.530341,7.303334
80.527663,7.302121,Kandy,යටිනුවර,පල්ලේමඩිත්ත,HR1,HR1,NBRI/KND/YTI/2025/JSB/015,NBRI/KND/YTI/2025/JSB/015,NBRI/KND/YTI/2025/JSB/015,,,,,,,,,,,,3.0,,,,,,3,,Kandy,80.527663,7.302121
80.604597,7.27814,Kandy,හාරිස්පත්තුව,වරාතැන්න,HR1,HR1,NBRI/KND/HRS/2025/JSB/001,NBRI/KND/HRS/2025/JSB/001,NBRI/KND/HRS/2025/JSB/001,,,,,,,,,,,,6.0,,,,,,6,,Kandy,80.604597,7.27814
80.725945,7.202551,Kandy,පාතහේවාහැට,ඔලුවාවත්ත,HR1,HR1,NBRI/KND/PHT/2025/JSB/004,NBRI/KND/PHT/2025/JSB/004,NBRI/KND/PHT/2025/JSB/004,,,,,,,,,,,,5.0,,,,2.0,,7,,Kandy,80.725945,7.202551
80.500194,7.075812,Kandy,ගඟඉහළ කෝරලේ,රාක්ෂාව - 1052,HR1,HR1,NBRI/KND/GIK/2025/UIJ/82,NBRI/KND/GIK/2025/UIJ/82,NBRI/KND/GIK/2025/UIJ/82,,,,,,,,,,,,3.0,,,,6.0,,9,,Kandy,80.500194,7.075812
80.739173,7.402949,Kandy,පන්විල,කොස්ගම - 736,HR1,HR1,NBRI/KND/PAN/2025/UIJ/08,NBRI/KND/PAN/2025/UIJ/08,NBRI/KND/PAN/2025/UIJ/08,,,,,,,,,,,,5.0,3.0,20.0,,,,28,,Kandy,80.739173,7.402949
80.554304,7.089352,Kandy,පස්බාගෙ කෝරලේ,පල්ලේගම 1104,HR1,HR1,NBRI/KND/PAS/2025/UIJ/73,NBRI/KND/PAS/2025/UIJ/73,NBRI/KND/PAS/2025/UIJ/73,,,,,,,,,,,,5.0,13.0,11.0,,16.0,4.0,49,,Kandy,80.554304,7.089352
80.479464,7.406495,Kandy,තුම්පනේ,මීගහහේන - 379,HR1,HR1,NBRI/KND/TUM/2025/UIJ/010,NBRI/KND/TUM/2025/UIJ/010,NBRI/KND/TUM/2025/UIJ/010,,,,,,,,,,,,7.0,4.0,1.0,,2.0,,14,,Kandy,80.479464,7.406495
80.480555,7.403619,Kandy,තුම්පනේ,මීගහහේන - 379,HR1,HR1,NBRI/KND/TUM/2025/UIJ/011,NBRI/KND/TUM/2025/UIJ/011,NBRI/KND/TUM/2025/UIJ/011,,,,,,,,,,,,3.0,,3.0,,6.0,,12,,Kandy,80.480555,7.403619
80.619676,7.162001,Kandy,දොළුව,ගොතටුවෙල - 1145,HR1,HR1,NBRI/KND/DOL/2025/DMLP/2025/025,NBRI/KND/DOL/2025/DMLP/2025/025,NBRI/KND/DOL/2025/DMLP/2025/025,,,,,,,,,,,,4.0,,,,,,4,,Kandy,80.619676,7.162001
80.642403,7.147212,Kandy,දොළුව,රජතලාව,HR1,HR1,NBRI/KND/DOL/2025/DMLP/2025/027,NBRI/KND/DOL/2025/DMLP/2025/027,NBRI/KND/DOL/2025/DMLP/2025/027,,,,,,,,,,,,63.0,4.0,,,6.0,,73,,Kandy,80.642403,7.147212
80.670243,7.121345,Kandy,දොළුව,පුපුරැස්ස,HR1,HR1,NBRI/KND/DOL//2025/DMLP/032,NBRI/KND/DOL//2025/DMLP/032,NBRI/KND/DOL//2025/DMLP/032,,,,,,,,,,,,5.0,,,,,,5,,Kandy,80.670243,7.121345
80.55923,7.119916,Kandy,ගඟඉහළ කෝරලේ,උඩගම - 1069,HR1,HR1,NBRI/KND/GIK/2025/UIJ/16,NBRI/KND/GIK/2025/UIJ/16,NBRI/KND/GIK/2025/UIJ/16,,,,,,,,,,,,5.0,,2.0,,14.0,,21,,Kandy,80.55923,7.119916
80.5169,7.141707,Kandy,ගඟඉහළ කෝරලේ,"කොහොවල , 1060 සහ කරගල 1059",HR1,HR1,NBRI/KND/GIK/2025/UIJ/31,NBRI/KND/GIK/2025/UIJ/31,NBRI/KND/GIK/2025/UIJ/31,,,,,,,,,,,,3.0,8.0,12.0,,3.0,,26,,Kandy,80.5169,7.141707
80.515518,7.146161,Kandy,ගඟඉහළ කෝරලේ,කොහොවල - 1060,HR1,HR1,NBRI/KND/GIK/2025/UIJ/32,NBRI/KND/GIK/2025/UIJ/32,NBRI/KND/GIK/2025/UIJ/32,,,,,,,,,,,,3.0,2.0,4.0,,2.0,,11,,Kandy,80.515518,7.146161
80.509319,7.098453,Kandy,ගඟඉහළ කෝරලේ,උඩුවැල්ල 1052,HR1,HR1,NBRI/KND/GIK/2025/UIJ/33,NBRI/KND/GIK/2025/UIJ/33,NBRI/KND/GIK/2025/UIJ/33,,,,,,,,,,,,4.0,2.0,,,9.0,,15,,Kandy,80.509319,7.098453
80.504133,7.10358,Kandy,ගඟඉහළ කෝරලේ,උඩුවැල්ල 1052,HR1,HR1,NBRI/KND/GIK/2025/UIJ/34,NBRI/KND/GIK/2025/UIJ/34,NBRI/KND/GIK/2025/UIJ/34,,,,,,,,,,,,3.0,,,,,,3,,Kandy,80.504133,7.10358
80.468773,7.112887,Kandy,ගඟඉහළ කෝරලේ,පටිතලාව 1048,HR1,HR1,NBRI/KND/GIK/2025/UIJ/43,NBRI/KND/GIK/2025/UIJ/43,NBRI/KND/GIK/2025/UIJ/43,,,,,,,,,,,,48.0,,,,3.0,,51,,Kandy,80.468773,7.112887
80.581501,7.42326,Kandy,පුජාපිටිය,උග්ගල ජනපදය,HR1,HR1,NBRI/KND/PJP/2025/IBE/032,NBRI/KND/PJP/2025/IBE/032,NBRI/KND/PJP/2025/IBE/032,,,,,,,,,,,,3.0,,4.0,,9.0,,16,,Kandy,80.581501,7.42326
80.897221,7.253746,Kandy,පාතදුම්බර,කළුගලවත්ත,HR1,HR1,NRBI-KND-PDM-2025-AW-017,NRBI-KND-PDM-2025-AW-017,NRBI-KND-PDM-2025-AW-017,,,,,,,,,,,,2.0,,,,2.0,,4,,Kandy,80.897221,7.253746
80.705133,7.21115,Kandy,පාතහේවාහැට,මැදගම උඩගම,HR1,HR1,NRBI-KND-PHT-2025-AW-018,NRBI-KND-PHT-2025-AW-018,NRBI-KND-PHT-2025-AW-018,,,,,,,,,,,,2.0,2.0,6.0,,12.0,6.0,28,,Kandy,80.705133,7.21115
80.710793,7.21798,Kandy,පාතහේවාහැට,මැදගම උඩගම,HR1,HR1,NRBI-KND-PHT-2025-AW-019,NRBI-KND-PHT-2025-AW-019,NRBI-KND-PHT-2025-AW-019,,,,,,,,,,,,2.0,3.0,10.0,,9.0,12.0,36,,Kandy,80.710793,7.21798
80.847624,7.25405,Kandy,උඩුදුම්බර,බබරබැද්ද නැගෙනහිර,HR1,HR1,NBRI/KND/UDD/2025/AW/020,NBRI/KND/UDD/2025/AW/020,NBRI/KND/UDD/2025/AW/020,,,,,,,,,,,,28.0,,9.0,,20.0,4.0,61,,Kandy,80.847624,7.25405
80.897237,7.256537,Kandy,උඩුදුම්බර,දෙවහන්දිය-බටහිර (864),HR1,HR1,NRBI-KND-UDD-2025-AW-025,NRBI-KND-UDD-2025-AW-025,NRBI-KND-UDD-2025-AW-025,,,,,,,,,,,,2.0,2.0,1.0,,4.0,6.0,15,,Kandy,80.897237,7.256537
80.860586,7.298432,Kandy,මැදදුම්බර,දකුණු දොරලියද්ද,HR1,HR1,NBRI/KND/MDB/2025/IBE/024,NBRI/KND/MDB/2025/IBE/024,NBRI/KND/MDB/2025/IBE/024,,,,,,,,,,,,3.0,,18.0,,7.0,,28,,Kandy,80.860586,7.298432
80.786854,7.356363,Kandy,මැදදුම්බර,ඩක්වාරි,HR1,HR1,NBRI/KND/MDB/2025/IBE/034,NBRI/KND/MDB/2025/IBE/034,NBRI/KND/MDB/2025/IBE/034,,,,,,,,,,,,2.0,19.0,2.0,,,,23,,Kandy,80.786854,7.356363
80.789777,7.353263,Kandy,මැදදුම්බර,ඩක්වාරි,HR1,HR1,NBRI/KND/MDB/2025/IBE/035,NBRI/KND/MDB/2025/IBE/035,NBRI/KND/MDB/2025/IBE/035,,,,,,,,,,,,2.0,5.0,5.0,,,,12,,Kandy,80.789777,7.353263
80.853699,7.300894,Kandy,උඩුදුම්බර,හුන්නස්ගිරිය (843),HR1,HR1,NRBI-KND-UDD-2025-AW-044,NRBI-KND-UDD-2025-AW-044,NRBI-KND-UDD-2025-AW-044,,,,,,,,,,,,9.0,5.0,7.0,,9.0,,30,,Kandy,80.853699,7.300894
80.631848,7.279698,Kandy,ගඟවට කෝරළේ,නාගස්තැන්න,HR1,HR1,,,,,,,,,,,,,,,1.0,,,,,,1,,Kandy,80.631848,7.279698
80.631794,7.279565,Kandy,ගඟවට කෝරළේ,නාගස්තැන්න,HR1,HR1,,,,,,,,,,,,,,,1.0,,,,,,1,,Kandy,80.631794,7.279565
80.512983,7.142898,Kandy,ගඟඉහළ කෝරලේ,කරගල,HR1,HR1,,,,,,,,,,,,,,,3.0,2.0,,,3.0,1.0,9,,Kandy,80.512983,7.142898
80.508621,7.081181,Kandy,ගඟඉහළ කෝරලේ,රාක්ෂාව,HR1,HR1,NBRI/KND/GIK/2025/UIJ/017,NBRI/KND/GIK/2025/UIJ/017,NBRI/KND/GIK/2025/UIJ/017,,,,,,,,,,,,3.0,5.0,11.0,,11.0,,30,,Kandy,80.508621,7.081181
80.497674,7.106688,Kandy,ගඟඉහළ කෝරලේ,උඩුවැල්ල,HR1,HR1,NBRI/KND/GIK/2025/UIJ/037,NBRI/KND/GIK/2025/UIJ/037,NBRI/KND/GIK/2025/UIJ/037,,,,,,,,,,,,3.0,,,,,,3,,Kandy,80.497674,7.106688
80.499437,7.10898,Kandy,ගඟඉහළ කෝරලේ,උඩුවැල්ල,HR1,HR1,NBRI/KND/GIK/2025/UIJ/038,NBRI/KND/GIK/2025/UIJ/038,NBRI/KND/GIK/2025/UIJ/038,,,,,,,,,,,,7.0,4.0,,,,,11,,Kandy,80.499437,7.10898
80.693262,7.358911,Kandy,පන්විල,උඩුගොඩ,HR1,HR1,NBRI/KND/PAN/2025/UIJ/006,NBRI/KND/PAN/2025/UIJ/006,NBRI/KND/PAN/2025/UIJ/006,,,,,,,,,,,,3.0,,,,,,3,,Kandy,80.693262,7.358911
80.561437,7.434644,Kandy,පුජාපිටිය,පහළ කිතුල්ගොල්ල,HR1,HR1,NBRI/KND/PJP/2025/UIJ/002,NBRI/KND/PJP/2025/UIJ/002,NBRI/KND/PJP/2025/UIJ/002,,,,,,,,,,,,1.0,1.0,1.0,,1.0,,4,,Kandy,80.561437,7.434644
80.544158,7.240871,Kandy,උඩුනුවර,උරුලෑවත්ත,HR1,HR1,NBRI/KND/UDN/2025/UIJ/004,NBRI/KND/UDN/2025/UIJ/004,NBRI/KND/UDN/2025/UIJ/004,,,,,,,,,,,,3.0,2.0,82.0,,,,87,,Kandy,80.544158,7.240871
80.748013,7.28531,Kandy,කුණ්ඩසාලේ,රජවැල්ල - දකුණ,HR1,HR1,NBRI/KN/KUN/2025/CNS/002,NBRI/KN/KUN/2025/CNS/002,NBRI/KN/KUN/2025/CNS/002,,,,,,,,,,,,1.0,,,,,,1,,Kandy,80.748013,7.28531
80.746538,7.287135,Kandy,කුණ්ඩසාලේ,රජවැල්ල - දකුණ,HR1,HR1,NBRI/KN/KUN/2025/CNS/003,NBRI/KN/KUN/2025/CNS/003,NBRI/KN/KUN/2025/CNS/003,,,,,,,,,,,,1.0,,,,,,1,,Kandy,80.746538,7.287135
80.483315,7.39693,Kandy,තුම්පනේ,ගලබාව - 378,HR1,HR1,NBRI/KND/TUM/2025/UIJ/012,NBRI/KND/TUM/2025/UIJ/012,NBRI/KND/TUM/2025/UIJ/012,,,,,,,,,,,,3.0,1.0,,,7.0,,11,,Kandy,80.483315,7.39693
80.514859,7.142855,Kandy,ගඟඉහළ කෝරලේ,කරගල - 1059,HR1,HR1,NBRI/KND/GIK/2025/UIJ/030,NBRI/KND/GIK/2025/UIJ/030,NBRI/KND/GIK/2025/UIJ/030,,,,,,,,,,,,11.0,4.0,13.0,,17.0,,45,,Kandy,80.514859,7.142855
80.464975,7.118561,Kandy,ගඟඉහළ කෝරලේ,1048-පටිතලාව,HR1,HR1,NBRI/KND/GIK/2025/UIJ/41,NBRI/KND/GIK/2025/UIJ/41,NBRI/KND/GIK/2025/UIJ/41,,,,,,,,,,,,3.0,,,,,,3,,Kandy,80.464975,7.118561
80.728415,7.201067,Kandy,පාතහේවාහැට,ඕලුවාවත්ත,HR1,HR1,NBRI/KND/PHT/2025/SUJ/008,NBRI/KND/PHT/2025/SUJ/008,NBRI/KND/PHT/2025/SUJ/008,,,,,,,,,,,,4.0,1.0,,,1.0,,6,,Kandy,80.728415,7.201067
80.733317,7.201387,Kandy,පාතහේවාහැට,ඕලුවාවත්ත,HR1,HR1,NBRI/KND/PHT/2025/SUJ/009,NBRI/KND/PHT/2025/SUJ/009,NBRI/KND/PHT/2025/SUJ/009,,,,,,,,,,,,1.0,1.0,,,11.0,,13,,Kandy,80.733317,7.201387
80.555222,7.153409,Kandy,ගඟඉහළ කෝරලේ,වල්හාගොඩ,HR1,HR1,NBRI/KND/GIK/2025/SUJ/002,NBRI/KND/GIK/2025/SUJ/002,NBRI/KND/GIK/2025/SUJ/002,,,,,,,,,,,,2.0,1.0,7.0,,3.0,,13,,Kandy,80.555222,7.153409
80.494391,7.312397,Kandy,හතරලියද්ද,පට්ටිපොල ඉහල හා පට්ටිපොල පහල,HR1,HR1,NBRI/KND/HAT/2025/SUJ/034,NBRI/KND/HAT/2025/SUJ/034,NBRI/KND/HAT/2025/SUJ/034,,,,,,,,,,,,1.0,,,,,,1,,Kandy,80.494391,7.312397
80.6894,7.357162,Kandy,පාතදුම්බර,596 - ගුණැම්බිල්ල,HR1,HR1,NBRI / KND / PDM / 2025 /IBE / 047,NBRI / KND / PDM / 2025 /IBE / 047,NBRI / KND / PDM / 2025 /IBE / 047,,,,,,,,,,,,,,1.0,,,,1,,Kandy,80.6894,7.357162
80.690552,7.343755,Kandy,පාතදුම්බර,577 - ඊරියගස්තැන්න,HR1,HR1,NBRI / KND / PDM / 2025 /IBE / 048,NBRI / KND / PDM / 2025 /IBE / 048,NBRI / KND / PDM / 2025 /IBE / 048,,,,,,,,,,,,3.0,,,,2.0,,5,,Kandy,80.690552,7.343755
80.672054,7.362044,Kandy,පාතදුම්බර,ඉහළ යටවර,HR1,HR1,NBRI / KND / PDM / 2025 /IBE / 049,NBRI / KND / PDM / 2025 /IBE / 049,NBRI / KND / PDM / 2025 /IBE / 049,,,,,,,,,,,,2.0,,,,,,2,,Kandy,80.672054,7.362044
80.67375,7.338575,Kandy,පාතදුම්බර,ඉහළ යටවර,HR1,HR1,NBRI / KND / PDM / 2025 /IBE / 050,NBRI / KND / PDM / 2025 /IBE / 050,NBRI / KND / PDM / 2025 /IBE / 050,,,,,,,,,,,,3.0,,,,1.0,,4,,Kandy,80.67375,7.338575
80.652384,7.362219,Kandy,පාතදුම්බර,දොරගමුව,HR1,HR1,NBRI / KND / PDM / 2025 /IBE / 051,NBRI / KND / PDM / 2025 /IBE / 051,NBRI / KND / PDM / 2025 /IBE / 051,,,,,,,,,,,,2.0,,,,4.0,,6,,Kandy,80.652384,7.362219
80.677821,7.383504,Kandy,පාතදුම්බර,යටවර කන්දේගම,HR1,HR1,NBRI / KND / PDM / 2025 /IBE / 054,NBRI / KND / PDM / 2025 /IBE / 054,NBRI / KND / PDM / 2025 /IBE / 054,,,,,,,,,,,,7.0,,,,,,7,,Kandy,80.677821,7.383504
80.598525,7.149628,Kandy,උඩපළාත,වත්තේහේන 1170,HR1,HR1,NBRI / KND / UDP / 2025/ HML /018,NBRI / KND / UDP / 2025/ HML /018,NBRI / KND / UDP / 2025/ HML /018,,,,,,,,,,,,1.0,,,,,,1,,Kandy,80.598525,7.149628
80.602501,7.144185,Kandy,උඩපළාත,වත්තේහේන 1170,HR1,HR1,NBRI / KND / UDP/ 2025/ HML /019,NBRI / KND / UDP/ 2025/ HML /019,NBRI / KND / UDP/ 2025/ HML /019,,,,,,,,,,,,1.0,,,,,,1,,Kandy,80.602501,7.144185
80.5817,7.145893,Kandy,උඩපළාත,දැල්පිටිය - 1166,HR1,HR1,NBRI / KND / UDP / 2025/ HML /020,NBRI / KND / UDP / 2025/ HML /020,NBRI / KND / UDP / 2025/ HML /020,,,,,,,,,,,,1.0,,,,,,1,,Kandy,80.5817,7.145893
80.847352,7.258573,Kandy,උඩුදුම්බර,දෙවින්නේගම (838),HR1,HR1,NRBI-KND-UDD-2025-AW-026,NRBI-KND-UDD-2025-AW-026,NRBI-KND-UDD-2025-AW-026,,,,,,,,,,,,3.0,2.0,,,,,5,,Kandy,80.847352,7.258573
80.8477,7.255616,Kandy,උඩුදුම්බර,දෙවින්නේගම (838),HR1,HR1,NRBI-KND-UDD-2025-AW-029,NRBI-KND-UDD-2025-AW-029,NRBI-KND-UDD-2025-AW-029,,,,,,,,,,,,4.0,,,,,,4,,Kandy,80.8477,7.255616
80.903507,7.272174,Kandy,උඩුදුම්බර,හපුකන්ද-නැගෙනහිර,HR1,HR1,NRBI-KND-UDD-2025-AW-032,NRBI-KND-UDD-2025-AW-032,NRBI-KND-UDD-2025-AW-032,,,,,,,,,,,,3.0,1.0,1.0,,6.0,6.0,17,,Kandy,80.903507,7.272174
80.68008,7.228297,Kandy,පාතහේවාහැට,"මොරගොල්ල, 973",HR1,HR1,NBRI/KND/PHT/2025/JSB/178,NBRI/KND/PHT/2025/JSB/178,NBRI/KND/PHT/2025/JSB/178,,,,,,,,,,,,2.0,,,,,,2,,Kandy,80.68008,7.228297
80.673431,7.240394,Kandy,පාතහේවාහැට,"ඇතුල්ගම නැඟෙනහිර, 968",HR1,HR1,NBRI/KND/PHT/2025/JSB/184,NBRI/KND/PHT/2025/JSB/184,NBRI/KND/PHT/2025/JSB/184,,,,,,,,,,,,2.0,,,,5.0,,7,,Kandy,80.673431,7.240394
80.68275,7.24633,Kandy,පාතහේවාහැට,"බටගල්ල, 959",HR1,HR1,NBRI/KND/PHT/2025/JSB/186,NBRI/KND/PHT/2025/JSB/186,NBRI/KND/PHT/2025/JSB/186,,,,,,,,,,,,2.0,,,,1.0,,3,,Kandy,80.68275,7.24633
80.677794,7.227546,Kandy,පාතහේවාහැට,973 - මොරගොල්ල,HR1,HR1,NBRI / KND / PHT / 2025 / JSB / 174,NBRI / KND / PHT / 2025 / JSB / 174,NBRI / KND / PHT / 2025 / JSB / 174,,,,,,,,,,,,2.0,,1.0,,4.0,,7,,Kandy,80.677794,7.227546
80.588548,7.430139,Kandy,අකුරණ,රඹුකේඇල,HR1,HR1,NBRI/KND/AKU/2025/IBE /046,NBRI/KND/AKU/2025/IBE /046,NBRI/KND/AKU/2025/IBE /046,,,,,,,,,,,,4.0,,,,,,4,,Kandy,80.588548,7.430139
80.662449,7.131251,Kandy,දොළුව,"පුපරැස්ස, 1181",HR1,HR1,NBRI/KND/DOL/2025/DMLP/138,NBRI/KND/DOL/2025/DMLP/138,NBRI/KND/DOL/2025/DMLP/138,,,,,,,,,,,,1.0,,,,50.0,,51,,Kandy,80.662449,7.131251
80.680464,7.115051,Kandy,දොළුව,"පුපරැස්ස, 1181",HR1,HR1,NBRI/KND/DOL/2025/DMLP/141,NBRI/KND/DOL/2025/DMLP/141,NBRI/KND/DOL/2025/DMLP/141,,,,,,,,,,,,1.0,,,,34.0,,35,,Kandy,80.680464,7.115051
80.537061,7.073656,Kandy,පස්බාගේ කෝරළේ,"වරකාව, 1105",HR1,HR1,NBRI/KND/PAS/2025/UIJ/96,NBRI/KND/PAS/2025/UIJ/96,NBRI/KND/PAS/2025/UIJ/96,,,,,,,,,,,,2.0,,4.0,,8.0,,14,,Kandy,80.537061,7.073656
80.642651,7.25357,Kandy,පාතහේවාහැට,උඩුවෙලවත්ත,HR1,HR1,NBRI/KND/PHT/2025/JSB/217,NBRI/KND/PHT/2025/JSB/217,NBRI/KND/PHT/2025/JSB/217,,,,,,,,,,,,1.0,,,,,,1,,Kandy,80.642651,7.25357
80.664025,7.250881,Kandy,පාතහේවාහැට,නැහිනිවල,HR1,HR1,NBRI/KND/PHT/2025/JSB/189,NBRI/KND/PHT/2025/JSB/189,NBRI/KND/PHT/2025/JSB/189,,,,,,,,,,,,1.0,,,,,,1,,Kandy,80.664025,7.250881
80.659801,7.250307,Kandy,පාතහේවාහැට,උඩුවෙල - පල්ලේගම - නැගෙනහිර,HR1,HR1,NBRI/KND/PHT/2025/JSB/190,NBRI/KND/PHT/2025/JSB/190,NBRI/KND/PHT/2025/JSB/190,,,,,,,,,,,,1.0,,,,,,1,,Kandy,80.659801,7.250307
80.644097,7.259676,Kandy,පාතහේවාහැට,වතුලියද්ද,HR1,HR1,NBRI/KND/PHT/2025/JSB/191,NBRI/KND/PHT/2025/JSB/191,NBRI/KND/PHT/2025/JSB/191,,,,,,,,,,,,1.0,,,,,,1,,Kandy,80.644097,7.259676
80.702019,7.228008,Kandy,පාතහේවාහැට,ගොඩමුන්න - නැගෙනහිර,HR1,HR1,NBRI/KND/PHT/2025/JSB/196,NBRI/KND/PHT/2025/JSB/196,NBRI/KND/PHT/2025/JSB/196,,,,,,,,,,,,1.0,,,,,,1,,Kandy,80.702019,7.228008
80.74492,7.29011,Kandy,කුණ්ඩසාලේ,රජවැල්ල - උතුර,HR1,HR1,NBRI/KN/KUN/2025/CNS/004,NBRI/KN/KUN/2025/CNS/004,NBRI/KN/KUN/2025/CNS/004,,,,,,,,,,,,1.0,,,,,,1,,Kandy,80.74492,7.29011
80.74357,7.292691,Kandy,කුණ්ඩසාලේ,රජවැල්ල - උතුර,HR1,HR1,NBRI/KN/KUN/2025/CNS/005,NBRI/KN/KUN/2025/CNS/005,NBRI/KN/KUN/2025/CNS/005,,,,,,,,,,,,1.0,,,,,,1,,Kandy,80.74357,7.292691
80.729372,7.200609,Kandy,පාතහේවාහැට,ඕලුවාවත්ත,HR1,HR1,NBRI/KND/PHT/2025/SUJ/003,NBRI/KND/PHT/2025/SUJ/003,NBRI/KND/PHT/2025/SUJ/003,,,,,,,,,,,,1.0,4.0,,,5.0,,10,,Kandy,80.729372,7.200609
80.741986,7.221717,Kandy,පාතහේවාහැට,දමුණුගොල්ල,HR1,HR1,NBRI/KND/PHT/2025/JSB/203,NBRI/KND/PHT/2025/JSB/203,NBRI/KND/PHT/2025/JSB/203,,,,,,,,,,,,1.0,,,,,,1,,Kandy,80.741986,7.221717
80.738632,7.250407,Kandy,පාතහේවාහැට,හාරගම,HR1,HR1,NBRI/KND/PHT/2025/JSB/205,NBRI/KND/PHT/2025/JSB/205,NBRI/KND/PHT/2025/JSB/205,,,,,,,,,,,,1.0,,,,,,1,,Kandy,80.738632,7.250407
80.760953,7.220215,Kandy,පාතහේවාහැට,උඩමයිලපිටිය දකුණ,HR1,HR1,NBRI/KND/PHT/2025/JSB/206,NBRI/KND/PHT/2025/JSB/206,NBRI/KND/PHT/2025/JSB/206,,,,,,,,,,,,1.0,,,,,,1,,Kandy,80.760953,7.220215
80.760422,7.219754,Kandy,පාතහේවාහැට,උඩමයිලපිටිය දකුණ,HR1,HR1,NBRI/KND/PHT/2025/JSB/207,NBRI/KND/PHT/2025/JSB/207,NBRI/KND/PHT/2025/JSB/207,,,,,,,,,,,,1.0,,,,,,1,,Kandy,80.760422,7.219754
80.749932,7.213162,Kandy,පාතහේවාහැට,කැතිගන්නාවෙල,HR1,HR1,NBRI/KND/PHT/2025/JSB/210,NBRI/KND/PHT/2025/JSB/210,NBRI/KND/PHT/2025/JSB/210,,,,,,,,,,,,1.0,,,,,,1,,Kandy,80.749932,7.213162
80.751974,7.207867,Kandy,පාතහේවාහැට,උණුවින්න - බටහිර,HR1,HR1,NBRI/KND/PHT/2025/JSB/213,NBRI/KND/PHT/2025/JSB/213,NBRI/KND/PHT/2025/JSB/213,,,,,,,,,,,,1.0,,,,,,1,,Kandy,80.751974,7.207867
80.753964,7.208955,Kandy,පාතහේවාහැට,උණුවින්න - බටහිර (1025),HR1,HR1,NBRI/KND/PHT/2025/JSB/214,NBRI/KND/PHT/2025/JSB/214,NBRI/KND/PHT/2025/JSB/214,,,,,,,,,,,,1.0,,,,,,1,,Kandy,80.753964,7.208955
80.730961,7.206371,Kandy,පාතහේවාහැට,1016-හේවාවිස්ස - නැගෙනහිර,HR1,HR1,NBRI / KND /PHT/2025/ JSB/ 215,NBRI / KND /PHT/2025/ JSB/ 215,NBRI / KND /PHT/2025/ JSB/ 215,,,,,,,,,,,,1.0,,,,,,1,,Kandy,80.730961,7.206371
80.736174,7.197704,Kandy,පාතහේවාහැට,1018 -බෝපිටිය,HR1,HR1,NBRI / KND / PHT/2025/ DMLP/ 136,NBRI / KND / PHT/2025/ DMLP/ 136,NBRI / KND / PHT/2025/ DMLP/ 136,,,,,,,,,,,,2.0,1.0,,,2.0,,5,,Kandy,80.736174,7.197704
80.819237,7.252441,Kandy,මැදදුම්බර,"පුවක්ගහදිවෙල ,817",HR1,HR1,NBRI / KND /MDB /2025/ SUJ/006,NBRI / KND /MDB /2025/ SUJ/006,NBRI / KND /MDB /2025/ SUJ/006,,,,,,,,,,,,1.0,,,,,,1,,Kandy,80.819237,7.252441
80.817338,7.254124,Kandy,මැදදුම්බර,"පුවත්ගහදිවෙල ,817",HR1,HR1,NBRI / KND /MDB /2025 SUJ/ 010,NBRI / KND /MDB /2025 SUJ/ 010,NBRI / KND /MDB /2025 SUJ/ 010,,,,,,,,,,,,1.0,,,,,,1,,Kandy,80.817338,7.254124
80.817324,7.254244,Kandy,මැදදුම්බර,"පුවත්ගහදිවෙල ,817",HR1,HR1,NBRI / KND /MDB /2025 SUJ/ 011,NBRI / KND /MDB /2025 SUJ/ 011,NBRI / KND /MDB /2025 SUJ/ 011,,,,,,,,,,,,1.0,,,,,,1,,Kandy,80.817324,7.254244
80.605778,7.277342,Kandy,ගඟවට කෝරලේ,ගැටඹේ,HR1,HR1,NBRI/KND/GWK/2025/BGS/096,NBRI/KND/GWK/2025/BGS/096,NBRI/KND/GWK/2025/BGS/096,,,,,,,,,,,,1.0,,,,1.0,,2,,Kandy,80.605778,7.277342
80.667258,7.276243,Kandy,ගගවටකෝරළේ,"තැන්නේකුඹුර, 275",HR1,HR1,NBRI/KND/GWK/2025/JSB/148,NBRI/KND/GWK/2025/JSB/148,NBRI/KND/GWK/2025/JSB/148,,,,,,,,,,,,2.0,,,,,,2,,Kandy,80.667258,7.276243
80.663631,7.280186,Kandy,ගගවටකෝරළේ,"තැන්නේකුඹුර, 275",HR1,HR1,NBRI/KND/GWK/2025/JSB/150,NBRI/KND/GWK/2025/JSB/150,NBRI/KND/GWK/2025/JSB/150,,,,,,,,,,,,2.0,,,,,,2,,Kandy,80.663631,7.280186
80.637863,7.28754,Kandy,ගගවටකෝරළේ,"මල්වත්ත, 254",HR1,HR1,NBRI/KND/GWK/2025/JSB/153,NBRI/KND/GWK/2025/JSB/153,NBRI/KND/GWK/2025/JSB/153,,,,,,,,,,,,3.0,,5.0,,,,8,,Kandy,80.637863,7.28754
80.857131,7.366166,Kandy,උඩදුම්බර,වදවලකන්ද,HR1,HR1,NBRI/KND/UDD/2025/AW/055,NBRI/KND/UDD/2025/AW/055,NBRI/KND/UDD/2025/AW/055,,,,,,,,,,,,2.0,,,,2.0,,4,,Kandy,80.857131,7.366166
80.845713,7.366166,Kandy,උඩදුම්බර,වදවලකන්ද,HR1,HR1,NBRI/KND/UDD/2025/AW/056,NBRI/KND/UDD/2025/AW/056,NBRI/KND/UDD/2025/AW/056,,,,,,,,,,,,2.0,2.0,1.0,,,,5,,Kandy,80.845713,7.366166
80.853173,7.358842,Kandy,උඩදුම්බර,වදවලකන්ද,HR1,HR1,NBRI/KND/UDD/2025/AW/058,NBRI/KND/UDD/2025/AW/058,NBRI/KND/UDD/2025/AW/058,,,,,,,,,,,,2.0,,3.0,,5.0,4.0,14,,Kandy,80.853173,7.358842
80.858993,7.357997,Kandy,උඩදුම්බර,කන්දේගම,HR1,HR1,NBRI/KND/UDD/2025/AW/062,NBRI/KND/UDD/2025/AW/062,NBRI/KND/UDD/2025/AW/062,,,,,,,,,,,,3.0,1.0,6.0,,12.0,6.0,28,,Kandy,80.858993,7.357997
80.856308,7.358498,Kandy,උඩදුම්බර,කන්දේගම,HR1,HR1,NBRI/KND/UDD/2025/AW/064,NBRI/KND/UDD/2025/AW/064,NBRI/KND/UDD/2025/AW/064,,,,,,,,,,,,3.0,,4.0,,9.0,,16,,Kandy,80.856308,7.358498
80.868775,7.358727,Kandy,උඩදුම්බර,කන්දේගම,HR1,HR1,NBRI/KND/UDD/2025/AW/065,NBRI/KND/UDD/2025/AW/065,NBRI/KND/UDD/2025/AW/065,,,,,,,,,,,,5.0,,8.0,,4.0,,17,,Kandy,80.868775,7.358727
80.868963,7.354956,Kandy,උඩදුම්බර,උඩවෙල,HR1,HR1,NBRI/KND/UDD/2025/AW/066,NBRI/KND/UDD/2025/AW/066,NBRI/KND/UDD/2025/AW/066,,,,,,,,,,,,4.0,,2.0,,5.0,1.0,12,,Kandy,80.868963,7.354956
80.870172,7.362737,Kandy,උඩදුම්බර,උඩවෙල,HR1,HR1,NBRI/KND/UDD/2025/AW/067,NBRI/KND/UDD/2025/AW/067,NBRI/KND/UDD/2025/AW/067,,,,,,,,,,,,3.0,,4.0,,26.0,8.0,41,,Kandy,80.870172,7.362737
80.541205,7.310938,Kandy,හතරලියද්ද,අලුත්ගම ඉහල,HR1,HR1,NBRI/KND/HAT/2025/SUJ/010,NBRI/KND/HAT/2025/SUJ/010,NBRI/KND/HAT/2025/SUJ/010,,,,,,,,,,,,1.0,,,,,,1,,Kandy,80.541205,7.310938
80.551314,7.246293,Kandy,උඩුනුවර,වරකාගොඩ,HR1,HR1,NBRI/KND/UDN /2025/SUJ/006,NBRI/KND/UDN /2025/SUJ/006,NBRI/KND/UDN /2025/SUJ/006,,,,,,,,,,,,1.0,,,,,,1,,Kandy,80.551314,7.246293
80.551995,7.245861,Kandy,උඩුනුවර,වරකාගොඩ,HR1,HR1,NBRI/KND/UDN /2025/SUJ/007,NBRI/KND/UDN /2025/SUJ/007,NBRI/KND/UDN /2025/SUJ/007,,,,,,,,,,,,1.0,,,,1.0,,2,,Kandy,80.551995,7.245861
80.708426,7.33012,Kandy,කුණ්ඩසාලේ,ඉහළගෝණාගම,HR1,HR1,NBRI / KND /KUN  / 2025 /DMLP  / 121,NBRI / KND /KUN  / 2025 /DMLP  / 121,NBRI / KND /KUN  / 2025 /DMLP  / 121,,,,,,,,,,,,4.0,,,,6.0,,10,,Kandy,80.708426,7.33012
80.662293,7.18968,Kandy,දොඵව,පල්ලේදෙල්තොට,HR1,HR1,NBRI / KND /DOL  / 2025 /DMLP  / 128,NBRI / KND /DOL  / 2025 /DMLP  / 128,NBRI / KND /DOL  / 2025 /DMLP  / 128,,,,,,,,,,,,22.0,,,,32.0,,54,,Kandy,80.662293,7.18968
80.702937,7.227002,Kandy,පාතහේවාහැට,ගොඩමුන්න - නැගෙනහිර,HR1,HR1,NBRI/KND/PHT/2025/JSB/198,NBRI/KND/PHT/2025/JSB/198,NBRI/KND/PHT/2025/JSB/198,,,,,,,,,,,,1.0,,,,,,1,,Kandy,80.702937,7.227002
80.640216,7.182143,Kandy,දොළුව,ගුරුකැලේ,HR1,HR1,NBRI/KND/DOL/2025/IBE/074,NBRI/KND/DOL/2025/IBE/074,NBRI/KND/DOL/2025/IBE/074,,,,,,,,,,,,6.0,4.0,6.0,,1.0,,17,,Kandy,80.640216,7.182143
80.725901,7.216923,Kandy,පාතහේවාහැට,කන්දෙවෙල,HR1,HR1,NBRI/KND/PHT/2025/JSB/202,NBRI/KND/PHT/2025/JSB/202,NBRI/KND/PHT/2025/JSB/202,,,,,,,,,,,,1.0,,,,,,1,,Kandy,80.725901,7.216923
80.782221,7.332316,Kandy,මැදදුම්බර,ගොඩමුන්න,HR1,HR1,NBRI/KND/MDB/2025/AW/083,NBRI/KND/MDB/2025/AW/083,NBRI/KND/MDB/2025/AW/083,,,,,,,,,,,,2.0,,,,,,2,,Kandy,80.782221,7.332316
80.918823,7.34879,Kandy,මිනිපේ,ගුරුළුපොත,HR1,HR1,NBRI/KND/MNP/2025/AW/089,NBRI/KND/MNP/2025/AW/089,NBRI/KND/MNP/2025/AW/089,,,,,,,,,,,,2.0,,,,,,2,,Kandy,80.918823,7.34879
80.535355,7.397241,Kandy,පූජාපිටිය,උඩහිගුල්වල -163,HR1,HR1,NBRI / KND / PJP / 2025 /UIJ / 105,NBRI / KND / PJP / 2025 /UIJ / 105,NBRI / KND / PJP / 2025 /UIJ / 105,,,,,,,,,,,,1.0,,,,,,1,,Kandy,80.535355,7.397241
80.5393,7.3949,Kandy,පූජාපිටිය,උඩපිගුල්වල,HR1,HR1,NBRI / KND /PJP  / 2025 /UIJ / 106,NBRI / KND /PJP  / 2025 /UIJ / 106,NBRI / KND /PJP  / 2025 /UIJ / 106,,,,,,,,,,,,1.0,,,,,,1,,Kandy,80.5393,7.3949
80.535147,7.363232,Kandy,තුම්පනේ,"30 , පාඵකෝපිවත්ත",HR1,HR1,NBRI / KND /TUM/ 2025 /UIJ / 127,NBRI / KND /TUM/ 2025 /UIJ / 127,NBRI / KND /TUM/ 2025 /UIJ / 127,,,,,,,,,,,,1.0,,,,,,1,,Kandy,80.535147,7.363232
80.540328,7.35481,Kandy,තුම්පනේ,කන්දේකුඹුර -361,HR1,HR1,NBRI / KND /TUM/ 2025 /UIJ / 130,NBRI / KND /TUM/ 2025 /UIJ / 130,NBRI / KND /TUM/ 2025 /UIJ / 130,,,,,,,,,,,,1.0,,,,,,1,,Kandy,80.540328,7.35481
80.521876,7.376904,Kandy,තුම්පනේ,බොනකොට් -304,HR1,HR1,NBRI / KND /TUM/ 2025 /UIJ / 132,NBRI / KND /TUM/ 2025 /UIJ / 132,NBRI / KND /TUM/ 2025 /UIJ / 132,,,,,,,,,,,,1.0,,,,,,1,,Kandy,80.521876,7.376904
80.707172,7.255061,Kandy,ගඟවට කෝරලේ,279- මාලිඟාතැන්න,HR1,HR1,NBRI/KND/GWK /2025/BGS/024,NBRI/KND/GWK /2025/BGS/024,NBRI/KND/GWK /2025/BGS/024,,,,,,,,,,,,5.0,2.0,1.0,,3.0,,11,,Kandy,80.707172,7.255061
80.652733,7.270736,Kandy,ගඟවට කෝරලේ,අම්පිටිය -උඩගම දකුණ,HR1,HR1,NBRI/KND/GWK /2025/BGS/025,NBRI/KND/GWK /2025/BGS/025,NBRI/KND/GWK /2025/BGS/025,,,,,,,,,,,,3.0,5.0,,,2.0,,10,,Kandy,80.652733,7.270736
80.652733,7.257816,Kandy,ගඟවට කෝරලේ,279- මාලිඟාතැන්න,HR1,HR1,NBRI/KND/GWK/2025/BGS/026,NBRI/KND/GWK/2025/BGS/026,NBRI/KND/GWK/2025/BGS/026,,,,,,,,,,,,1.0,,,,,,1,,Kandy,80.652733,7.257816
80.652733,7.285755,Kandy,ගඟවට කෝරලේ,275- තැන්නේකුඹුර,HR1,HR1,NBRI/KND/GWK/2025/BGS/027,NBRI/KND/GWK/2025/BGS/027,NBRI/KND/GWK/2025/BGS/027,,,,,,,,,,,,1.0,,,,,,1,,Kandy,80.652733,7.285755
80.670779,7.383404,Kandy,පාතදුම්බර,යටවර කන්දේගම - 621,HR1,HR1,NBRI/KND/PDM/2025/UIJ/054,NBRI/KND/PDM/2025/UIJ/054,NBRI/KND/PDM/2025/UIJ/054,,,,,,,,,,,,5.0,,,,,,5,,Kandy,80.670779,7.383404
80.481765,7.296064,Kandy,යටිනුවර,අලගල්ල වත්ත,HR1,HR1,NBRI / KND / YTI / 2025 / DMLP / 038,NBRI / KND / YTI / 2025 / DMLP / 038,NBRI / KND / YTI / 2025 / DMLP / 038,,,,,,,,,,,,30.0,,5.0,,5.0,,40,,Kandy,80.481765,7.296064
80.847533,7.255839,Kandy,උඩදුම්බර,"දේවින්දේගම,",HR1,HR1,NBRI/KND/UDD/2025/BGS/011,NBRI/KND/UDD/2025/BGS/011,NBRI/KND/UDD/2025/BGS/011,,,,,,,,,,,,11.0,,,,15.0,,26,,Kandy,80.847533,7.255839
80.544437,7.182396,Kandy,උඩුනුවර,මාවීකුඹුර උතුර,HR1,HR1,NBRI/KND/UDN/2025/BGS/014,NBRI/KND/UDN/2025/BGS/014,NBRI/KND/UDN/2025/BGS/014,,,,,,,,,,,,4.0,,,,,,4,,Kandy,80.544437,7.182396
80.509745,7.128517,Kandy,ගඟ ඉහළ කෝරළේ,කරගල,HR1,HR1,NBRI/KND/GIK/2025/AW/045,NBRI/KND/GIK/2025/AW/045,NBRI/KND/GIK/2025/AW/045,,,,,,,,,,,,2.0,,10.0,,12.0,2.0,26,,Kandy,80.509745,7.128517
80.553627,7.248535,Kandy,දෙල්තොට,කරගස්කඩ -උතුර,HR1,HR1,NBRI / KND /DEL / 2025 /DMLP  / 156,NBRI / KND /DEL / 2025 /DMLP  / 156,NBRI / KND /DEL / 2025 /DMLP  / 156,,,,,,,,,,,,2.0,,,,3.0,,5,,Kandy,80.553627,7.248535
80.621017,7.336733,Kandy,පාතදුම්බර,කළුගලවත්ත,HR1,HR1,NBRI / KND /PDM/ 2025 /IBE / 056,NBRI / KND /PDM/ 2025 /IBE / 056,NBRI / KND /PDM/ 2025 /IBE / 056,,,,,,,,,,,,2.0,,,,,,2,,Kandy,80.621017,7.336733
80.825252,7.244155,Kandy,මැදදුම්බර,මීගහලන්ද,HR1,HR1,NBRI / KND /MDB/ 2025 /IBE / 086,NBRI / KND /MDB/ 2025 /IBE / 086,NBRI / KND /MDB/ 2025 /IBE / 086,,,,,,,,,,,,1.0,,,,1.0,,2,,Kandy,80.825252,7.244155
80.680716,7.353893,Kandy,පාතදුම්බර,"75/11, මාතලේ දුම්රිය පාර, වත්තේගම",HR1,HR1,NBRI/KND/PDM/2025/AW/004,NBRI/KND/PDM/2025/AW/004,NBRI/KND/PDM/2025/AW/004,,,,,,,,,,,,3.0,,,,1.0,,4,,Kandy,80.680716,7.353893
80.661202,7.11747,Kandy,දොළුව,පුපුරැස්ස,HR1,HR1,NBRI/KND/DOL/2025/MVN/0032,NBRI/KND/DOL/2025/MVN/0032,NBRI/KND/DOL/2025/MVN/0032,,,,,,,,,,,,6.0,,14.0,,7.0,,27,,Kandy,80.661202,7.11747
80.659266,7.183845,Kandy,දොළුව,පල්ලෙදෙල්තොට,HR1,HR1,NBRI/KND/DOL/2025/MVN/0034,NBRI/KND/DOL/2025/MVN/0034,NBRI/KND/DOL/2025/MVN/0034,,,,,,,,,,,,3.0,6.0,8.0,,6.0,1.0,24,,Kandy,80.659266,7.183845
80.668336,7.195188,Kandy,දොළුව,පල්ලෙදෙල්තොට,HR1,HR1,NBRI/KND/DOL/2025/MVN/0035,NBRI/KND/DOL/2025/MVN/0035,NBRI/KND/DOL/2025/MVN/0035,,,,,,,,,,,,3.0,21.0,12.0,,10.0,2.0,48,,Kandy,80.668336,7.195188
80.526565,7.257052,Kandy,යටිනුවර,කඩවත්ගම,HR1,HR1,NBRI/KND/YTI/2025/MVN/0039,NBRI/KND/YTI/2025/MVN/0039,NBRI/KND/YTI/2025/MVN/0039,,,,,,,,,,,,11.0,4.0,2.0,,4.0,,21,,Kandy,80.526565,7.257052
80.746482,7.2004,Kandy,පාතහේවාහැට/ දෙල්තොට,දෙහල්කඩ මූනමලය/ කොළඹිස්ස නැගෙනහිර,HR1,HR1,NBRI / KND / DEL / 2025 / MVN / 010,NBRI / KND / DEL / 2025 / MVN / 010,NBRI / KND / DEL / 2025 / MVN / 010,,,,,,,,,,,,1.0,,,,,,1,,Kandy,80.746482,7.2004
80.542608,7.184418,Kandy,උඩුනුවර,මාවීකුඔුර උතුර,HR1,HR1,NBRI/KND/UDN/2025/BGS/015,NBRI/KND/UDN/2025/BGS/015,NBRI/KND/UDN/2025/BGS/015,,,,,,,,,,,,8.0,,,,2.0,,10,,Kandy,80.542608,7.184418
80.664193,7.340486,Kandy,පාතදුම්බර,මීගම්මන වත්ත,HR1,HR1,NBRI / KND /PDM/ 2025 /IBE / 058,NBRI / KND /PDM/ 2025 /IBE / 058,NBRI / KND /PDM/ 2025 /IBE / 058,,,,,,,,,,,,2.0,,,,,,2,,Kandy,80.664193,7.340486
80.599825,7.421746,Kandy,අකුරණ,රඹුකේඇල 590,HR1,HR1,NBRI / KND /AKU/ 2025 /IBE / 042,NBRI / KND /AKU/ 2025 /IBE / 042,NBRI / KND /AKU/ 2025 /IBE / 042,,,,,,,,,,,,2.0,1.0,,,,,3,,Kandy,80.599825,7.421746
80.553635,7.249205,Kandy,උඩුනුවර,හෑපාන-87,HR1,HR1,NBRI / KND /UDN / 2025 /DMLP  / 164,NBRI / KND /UDN / 2025 /DMLP  / 164,NBRI / KND /UDN / 2025 /DMLP  / 164,,,,,,,,,,,,2.0,,,,18.0,,20,,Kandy,80.553635,7.249205
80.79045,7.342008,Kandy,මැදදුම්බර,වෙලදරාඩ,HR1,HR1,NBRI/KND/MDB/2025/AW/068,NBRI/KND/MDB/2025/AW/068,NBRI/KND/MDB/2025/AW/068,,,,,,,,,,,,2.0,,,,1.0,,3,,Kandy,80.79045,7.342008
80.779019,7.333848,Kandy,මැදදුම්බර,ගොඩමුන්න,HR1,HR1,NBRI/KND/MDB/2025/AW/079,NBRI/KND/MDB/2025/AW/079,NBRI/KND/MDB/2025/AW/079,,,,,,,,,,,,3.0,,1.0,,2.0,,6,,Kandy,80.779019,7.333848
80.831463,7.254377,Kandy,මැදදුම්බර,බඹරගහදෙණිය  818,HR1,HR1,NBRI / KND /MDB/ 2025 /IBE / 084,NBRI / KND /MDB/ 2025 /IBE / 084,NBRI / KND /MDB/ 2025 /IBE / 084,,,,,,,,,,,,2.0,1.0,,,1.0,,4,,Kandy,80.831463,7.254377
80.877966,7.377355,Kandy,උඩදුම්බර,"ගැරඬිගල, 879",HR1,HR1,NBRI/KND/UDD/2025/AW/104,NBRI/KND/UDD/2025/AW/104,NBRI/KND/UDD/2025/AW/104,,,,,,,,,,,,2.0,,1.0,,2.0,,5,,Kandy,80.877966,7.377355
80.88,7.378837,Kandy,උඩදුම්බර,"මූණමල්පැලැස්ස, 880",HR1,HR1,NBRI/KND/UDD/2025/AW/106,NBRI/KND/UDD/2025/AW/106,NBRI/KND/UDD/2025/AW/106,,,,,,,,,,,,2.0,,,,,,2,,Kandy,80.88,7.378837
80.53253,7.309112,Kandy,හතරලියද්ද,ඉහළ අලුත්ගම (394),HR1,HR1,NBRI / KND / HAT / 2025 / SUJ / 043,NBRI / KND / HAT / 2025 / SUJ / 043,NBRI / KND / HAT / 2025 / SUJ / 043,,,,,,,,,,,,1.0,,,,,,1,,Kandy,80.53253,7.309112
80.537937,7.31163,Kandy,හතරලියද්ද,පහළ අලුත්ගම (393),HR1,HR1,NBRI / KND / HAT / 2025 / SUJ / 045,NBRI / KND / HAT / 2025 / SUJ / 045,NBRI / KND / HAT / 2025 / SUJ / 045,,,,,,,,,,,,1.0,,,,,,1,,Kandy,80.537937,7.31163
80.54067,7.311817,Kandy,හතරලියද්ද,වල්පලාගොල්ල උතුර / දකුණ,HR1,HR1,NBRI / KND / HAT / 2025 / SUJ / 047,NBRI / KND / HAT / 2025 / SUJ / 047,NBRI / KND / HAT / 2025 / SUJ / 047,,,,,,,,,,,,1.0,1.0,,,,,2,,Kandy,80.54067,7.311817
80.5275,7.31108,Kandy,හතරලියද්ද,කිතුල්දොර (356),HR1,HR1,NBRI / KND / HAT / 2025 / SUJ / 051,NBRI / KND / HAT / 2025 / SUJ / 051,NBRI / KND / HAT / 2025 / SUJ / 051,,,,,,,,,,,,1.0,,,,,,1,,Kandy,80.5275,7.31108
80.691032,7.338692,Kandy,කුණ්ඩසාලේ,"පල්ලේගම, 670",HR1,HR1,NBRI/KND/KUN/2025/AW/097,NBRI/KND/KUN/2025/AW/097,NBRI/KND/KUN/2025/AW/097,,,,,,,,,,,,3.0,,,,,,3,,Kandy,80.691032,7.338692
80.693842,7.33256,Kandy,කුණ්ඩසාලේ,"පල්ලේගම, 670",HR1,HR1,NBRI/KND/KUN/2025/AW/098,NBRI/KND/KUN/2025/AW/098,NBRI/KND/KUN/2025/AW/098,,,,,,,,,,,,2.0,,1.0,,1.0,,4,,Kandy,80.693842,7.33256
80.692947,7.34124,Kandy,කුණ්ඩසාලේ,වාවින්න,HR1,HR1,NBRI/KND/KUN/2025/AW/0101,NBRI/KND/KUN/2025/AW/0101,NBRI/KND/KUN/2025/AW/0101,,,,,,,,,,,,2.0,,2.0,,8.0,,12,,Kandy,80.692947,7.34124
80.669196,7.343418,Kandy,පාතදුම්බර,මීගම්මන,HR1,HR1,NBRI / KND /PDM/ 2025 /SUJ / 001,NBRI / KND /PDM/ 2025 /SUJ / 001,NBRI / KND /PDM/ 2025 /SUJ / 001,,,,,,,,,,,,1.0,,,,,,1,,Kandy,80.669196,7.343418
80.669317,7.345813,Kandy,පාතදුම්බර,මීගම්මන,HR1,HR1,NBRI / KND /PDM/ 2025 /SUJ / 003,NBRI / KND /PDM/ 2025 /SUJ / 003,NBRI / KND /PDM/ 2025 /SUJ / 003,,,,,,,,,,,,1.0,,,,,,1,,Kandy,80.669317,7.345813
80.526327,7.294191,Kandy,යටිනුවර,වල්ගම්පාය,HR1,HR1,NBRI / KND / YTI / 2025 / DMLP / 158,NBRI / KND / YTI / 2025 / DMLP / 158,NBRI / KND / YTI / 2025 / DMLP / 158,,,,,,,,,,,,3.0,,1.0,,1.0,,5,,Kandy,80.526327,7.294191
80.696426,7.16772,Kandy,දෙල්තොට,ගෝනන්ගොඩ,HR1,HR1,NBRI / KND /DEL / 2025 /DMLP / 147,NBRI / KND /DEL / 2025 /DMLP / 147,NBRI / KND /DEL / 2025 /DMLP / 147,,,,,,,,,,,,3.0,,,,,,3,,Kandy,80.696426,7.16772
80.672619,7.152914,Kandy,දොළුව,මහමුල්ගම 1132,HR1,HR1,NBRI/KND/DOL/2025/DMLP/116,NBRI/KND/DOL/2025/DMLP/116,NBRI/KND/DOL/2025/DMLP/116,,,,,,,,,,,,1.0,,7.0,,30.0,,38,,Kandy,80.672619,7.152914
80.721,7.166001,Kandy,දෙල්තොට,වාඩියගොඩ,HR1,HR1,NBRI/KND/ DEL /2025/ JSB / 226,NBRI/KND/ DEL /2025/ JSB / 226,NBRI/KND/ DEL /2025/ JSB / 226,,,,,,,,,,,,1.0,,,,,,1,,Kandy,80.721,7.166001
80.720937,7.199124,Kandy,දෙල්තොට,බවුලාන,HR1,HR1,NBRI/KND/ DEL /2025/ JSB / 232,NBRI/KND/ DEL /2025/ JSB / 232,NBRI/KND/ DEL /2025/ JSB / 232,,,,,,,,,,,,1.0,,,,,,1,,Kandy,80.720937,7.199124
80.720991,7.199235,Kandy,දෙල්තොට,බවුලාන,HR1,HR1,NBRI/KND/ DEL /2025/ JSB / 233,NBRI/KND/ DEL /2025/ JSB / 233,NBRI/KND/ DEL /2025/ JSB / 233,,,,,,,,,,,,1.0,,,,,,1,,Kandy,80.720991,7.199235
80.597429,7.219138,Kandy,දොළුව,1162 ගල්ඔය (Gal-Oya),HR1,HR1,NBRI / KND / DOL / 2025 / IBE / 103,NBRI / KND / DOL / 2025 / IBE / 103,NBRI / KND / DOL / 2025 / IBE / 103,,,,,,,,,,,,7.0,,1.0,,,,8,,Kandy,80.597429,7.219138
80.44723,7.098103,Kandy,ගග ඉහල කෝරලේ,ගැමණු පුර-1058,HR1,HR1,NBRI / KND / GIK / 2025 / UIJ /144,NBRI / KND / GIK / 2025 / UIJ /144,NBRI / KND / GIK / 2025 / UIJ /144,,,,,,,,,,,,1.0,,,,,,1,,Kandy,80.44723,7.098103
80.688977,7.182698,Kandy,දෙල්තොට,979 - සුදුවැල්ල,HR1,HR1,NBRI/KND/DEL/2025/JSB/235,NBRI/KND/DEL/2025/JSB/235,NBRI/KND/DEL/2025/JSB/235,,,,,,,,,,,,1.0,,,,,,1,,Kandy,80.688977,7.182698
80.65666,7.373101,Kandy,අකුරණ,දුනුවිල දකුණ,HR1,HR1,NBRI/KND/AKU/2025/SUJ/023,NBRI/KND/AKU/2025/SUJ/023,NBRI/KND/AKU/2025/SUJ/023,,,,,,,,,,,,2.0,,,,,,2,,Kandy,80.65666,7.373101
80.53428,7.124589,Kandy,ගඟ ඉහල කෝරලේ,පැල්ලපිටිය උතුර,HR1,HR1,NBRI/KND/GIK/2025/SUJ/004,NBRI/KND/GIK/2025/SUJ/004,NBRI/KND/GIK/2025/SUJ/004,,,,,,,,,,,,2.0,,5.0,,2.0,,9,,Kandy,80.53428,7.124589
80.541711,7.126522,Kandy,ගඟ ඉහල කෝරලේ,පැල්ලපිටිය උතුර,HR1,HR1,NBRI/KND/GIK/2025/SUJ/009,NBRI/KND/GIK/2025/SUJ/009,NBRI/KND/GIK/2025/SUJ/009,,,,,,,,,,,,1.0,,,,,,1,,Kandy,80.541711,7.126522
80.537986,7.12341,Kandy,ගඟ ඉහල කෝරලේ,පැල්ලපිටිය උතුර,HR1,HR1,NBRI/KND/GIK/2025/SUJ/010,NBRI/KND/GIK/2025/SUJ/010,NBRI/KND/GIK/2025/SUJ/010,,,,,,,,,,,,1.0,,,,,,1,,Kandy,80.537986,7.12341
80.5558,7.123103,Kandy,ගඟ ඉහල කෝරලේ,තැඹිලිගල,HR1,HR1,NBRI/KND/GIK/2025/SUJ/023,NBRI/KND/GIK/2025/SUJ/023,NBRI/KND/GIK/2025/SUJ/023,,,,,,,,,,,,1.0,5.0,,,,,6,,Kandy,80.5558,7.123103
80.556887,7.122274,Kandy,ගඟ ඉහල කෝරලේ,තැඹිලිගල,HR1,HR1,NBRI/KND/GIK/2025/SUJ/024,NBRI/KND/GIK/2025/SUJ/024,NBRI/KND/GIK/2025/SUJ/024,,,,,,,,,,,,1.0,1.0,,,,,2,,Kandy,80.556887,7.122274
80.775029,7.351997,Kandy,මැදදුම්බර,"753,රන්දිවෙල",HR1,HR1,NBRI / KND /MDB/ 2025 /IBE / 091,NBRI / KND /MDB/ 2025 /IBE / 091,NBRI / KND /MDB/ 2025 /IBE / 091,,,,,,,,,,,,3.0,1.0,,,,,4,,Kandy,80.775029,7.351997
80.59355,7.428934,Kandy,අකුරණ,රඹුකේඇල 590,HR1,HR1,NBRI / KND /AKU/ 2025 /IBE / 044,NBRI / KND /AKU/ 2025 /IBE / 044,NBRI / KND /AKU/ 2025 /IBE / 044,,,,,,,,,,,,2.0,2.0,27.0,,8.0,,39,,Kandy,80.59355,7.428934
80.646042,7.346299,Kandy,පාතදුම්බර,උඩතලවින්න,HR1,HR1,NBRI / KND /PDM/ 2025 /IBE / 057,NBRI / KND /PDM/ 2025 /IBE / 057,NBRI / KND /PDM/ 2025 /IBE / 057,,,,,,,,,,,,2.0,1.0,1.0,,1.0,,5,,Kandy,80.646042,7.346299
80.605363,7.29272,Kandy,හාරිස්පත්තුව,හල්ලොළුව,HR1,HR1,NBRI / KND /HRS/ 2025 /IBE / 059,NBRI / KND /HRS/ 2025 /IBE / 059,NBRI / KND /HRS/ 2025 /IBE / 059,,,,,,,,,,,,3.0,,,,2.0,,5,,Kandy,80.605363,7.29272
80.497815,7.259737,Kandy,යටිනුවර,වෙරලුගොල්ල,HR1,HR1,NBRI/KND/DOL/2025/DMLP/040,NBRI/KND/DOL/2025/DMLP/040,NBRI/KND/DOL/2025/DMLP/040,,,,,,,,,,,,7.0,6.0,3.0,,,,16,,Kandy,80.497815,7.259737
80.622116,7.371656,Kandy,අකුරණ,උග්ගල,HR1,HR1,NBRI/KND/AKU/2025/SUJ/05,NBRI/KND/AKU/2025/SUJ/05,NBRI/KND/AKU/2025/SUJ/05,,,,,,,,,,,,2.0,1.0,1.0,,1.0,,5,,Kandy,80.622116,7.371656
80.622111,7.371688,Kandy,අකුරණ,උග්ගල,HR1,HR1,NBRI/KND/AKU/2025/SUJ/06,NBRI/KND/AKU/2025/SUJ/06,NBRI/KND/AKU/2025/SUJ/06,,,,,,,,,,,,2.0,,,,2.0,,4,,Kandy,80.622111,7.371688
80.615714,7.370541,Kandy,අකුරණ,බුලුගොහොතැන්න,HR1,HR1,NBRI/KND/AKU/2025/SUJ/07,NBRI/KND/AKU/2025/SUJ/07,NBRI/KND/AKU/2025/SUJ/07,,,,,,,,,,,,3.0,2.0,2.0,,3.0,,10,,Kandy,80.615714,7.370541
80.83242,7.22138,Kandy,මැදදුම්බර,මැදගම්මැද්ද,HR1,HR1,NBRI/KND/MDB/2025/IBE/082,NBRI/KND/MDB/2025/IBE/082,NBRI/KND/MDB/2025/IBE/082,,,,,,,,,,,,2.0,,,,,,2,,Kandy,80.83242,7.22138
80.557923,7.136909,Kandy,ගඟ ඉහළ කෝරළේ,"තැඹිලිගල,  හැරකොල",HR1,HR1,NBRI/KND/GIK/2025/IBE/089,NBRI/KND/GIK/2025/IBE/089,NBRI/KND/GIK/2025/IBE/089,,,,,,,,,,,,6.0,15.0,42.0,,,,63,,Kandy,80.557923,7.136909
80.610451,7.15612,Kandy,දොළුව,ගොණටුවෙල -1145,HR1,HR1,NBRI / KND /DOL/2025 /IGSL / 052,NBRI / KND /DOL/2025 /IGSL / 052,NBRI / KND /DOL/2025 /IGSL / 052,,,,,,,,,,,,1.0,,,,,,1,,Kandy,80.610451,7.15612
80.616519,7.156581,Kandy,දොළුව,ගොණටුවෙල -1145,HR1,HR1,NBRI / KND /DOL/2025 /IGSL / 057,NBRI / KND /DOL/2025 /IGSL / 057,NBRI / KND /DOL/2025 /IGSL / 057,,,,,,,,,,,,1.0,,,,,,1,,Kandy,80.616519,7.156581
80.610268,7.157517,Kandy,දොළුව,ගොණටුවෙල -1145,HR1,HR1,NBRI / KND /DOL/2025 /IGSL / 064,NBRI / KND /DOL/2025 /IGSL / 064,NBRI / KND /DOL/2025 /IGSL / 064,,,,,,,,,,,,1.0,,,,,,1,,Kandy,80.610268,7.157517
80.617993,7.158542,Kandy,දොළුව,ගොණටුවෙල -1145,HR1,HR1,NBRI / KND /DOL/2025 /IGSL / 069,NBRI / KND /DOL/2025 /IGSL / 069,NBRI / KND /DOL/2025 /IGSL / 069,,,,,,,,,,,,1.0,,,,,,1,,Kandy,80.617993,7.158542
80.566332,7.335941,Kandy,හාරිස්පත්තුව,471- අලදෙණිය,HR1,HR1,NBRI / KND /HRS/ 2025 /IBE / 64,NBRI / KND /HRS/ 2025 /IBE / 64,NBRI / KND /HRS/ 2025 /IBE / 64,,,,,,,,,,,,2.0,,,,,,2,,Kandy,80.566332,7.335941
80.554974,7.321649,Kandy,හාරිස්පත්තුව,479 - ඕවතැන්න,HR1,HR1,NBRI / KND /HRS/ 2025 /IBE / 65,NBRI / KND /HRS/ 2025 /IBE / 65,NBRI / KND /HRS/ 2025 /IBE / 65,,,,,,,,,,,,2.0,,,,1.0,,3,,Kandy,80.554974,7.321649
80.87227,7.35163,Kandy,උඩදුම්බර,"හංවැල්ල, 882",HR1,HR1,NBRI/KND/UDD/2025/AW/094,NBRI/KND/UDD/2025/AW/094,NBRI/KND/UDD/2025/AW/094,,,,,,,,,,,,4.0,,11.0,,5.0,,20,,Kandy,80.87227,7.35163
80.717037,7.143778,Kandy,දෙල්තොට,කරගස්කඩ දකුණ,HR1,HR1,NBRI/KND/DEL /2025/JSB/221,NBRI/KND/DEL /2025/JSB/221,NBRI/KND/DEL /2025/JSB/221,,,,,,,,,,,,1.0,,,,,,1,,Kandy,80.717037,7.143778
80.732289,7.169842,Kandy,දෙල්තොට,නවනැලිය,HR1,HR1,NBRI/KND/ DEL /2025/ JSB / 224,NBRI/KND/ DEL /2025/ JSB / 224,NBRI/KND/ DEL /2025/ JSB / 224,,,,,,,,,,,,1.0,,,,,,1,,Kandy,80.732289,7.169842
80.482555,7.338182,Kandy,හතරලියද්ද,"323, පොල්වත්ත",HR1,HR1,NBRI / KND /HRS/2025 /SUJ/ 052,NBRI / KND /HRS/2025 /SUJ/ 052,NBRI / KND /HRS/2025 /SUJ/ 052,,,,,,,,,,,,1.0,,,,,,1,,Kandy,80.482555,7.338182
80.500584,7.30914,Kandy,හතරලියද්ද,පට්ටපොල ඉහල,HR1,HR1,NBRI / KND /HRS/2025 /SUJ/ 059,NBRI / KND /HRS/2025 /SUJ/ 059,NBRI / KND /HRS/2025 /SUJ/ 059,,,,,,,,,,,,1.0,,,,,,1,,Kandy,80.500584,7.30914
80.915129,7.245316,Kandy,උඩදුම්බර,දේවහන්දිය නැගෙනහිර,HR1,HR1,NBRI/KND/UDD/2025/AW/116,NBRI/KND/UDD/2025/AW/116,NBRI/KND/UDD/2025/AW/116,,,,,,,,,,,,1.0,,,,,,1,,Kandy,80.915129,7.245316
80.915847,7.258605,Kandy,උඩදුම්බර,දේවහන්දිය නැගෙනහිර,HR1,HR1,NBRI/KND/UDD/2025/AW/117,NBRI/KND/UDD/2025/AW/117,NBRI/KND/UDD/2025/AW/117,,,,,,,,,,,,1.0,,,,,,1,,Kandy,80.915847,7.258605
80.90982,7.254739,Kandy,උඩදුම්බර,දේවහන්දිය බටහිර,HR1,HR1,NBRI/KND/UDD/2025/AW/119,NBRI/KND/UDD/2025/AW/119,NBRI/KND/UDD/2025/AW/119,,,,,,,,,,,,1.0,,,,,,1,,Kandy,80.90982,7.254739
80.527243,7.290823,Kandy,යටිනුවර,වල්ගම්පාය (211),HR1,HR1,NBRI / KND / YTI / 2025 / IGSL / 080,NBRI / KND / YTI / 2025 / IGSL / 080,NBRI / KND / YTI / 2025 / IGSL / 080,,,,,,,,,,,,1.0,,,,,,1,,Kandy,80.527243,7.290823
80.602133,7.220696,Kandy,උඩුනුවර,ගෙලිඔය,HR1,HR1,NBRI / KND / UDN / 2025 / DMLP /210,NBRI / KND / UDN / 2025 / DMLP /210,NBRI / KND / UDN / 2025 / DMLP /210,,,,,,,,,,,,3.0,,,,,,3,,Kandy,80.602133,7.220696
80.59542,7.215962,Kandy,උඩුනුවර,පල්ලෙඅලුදෙණිය,HR1,HR1,NBRI / KND / UDN / 2025 / DMLP /211,NBRI / KND / UDN / 2025 / DMLP /211,NBRI / KND / UDN / 2025 / DMLP /211,,,,,,,,,,,,2.0,,,,,,2,,Kandy,80.59542,7.215962
80.915014,7.347232,Kandy,කුණ්ඩසාලේ,අලවතුගිරිගම,HR1,HR1,NBRI / KND /  KUN / 2025 / DMLP / 225,NBRI / KND /  KUN / 2025 / DMLP / 225,NBRI / KND /  KUN / 2025 / DMLP / 225,,,,,,,,,,,,1.0,,,,,,1,,Kandy,80.915014,7.347232
80.548245,7.284214,Kandy,යටිනුවර,126 -පිලපිටිය,HR1,HR1,NBRI / KND /YTI/ 2025 /BGS / 121,NBRI / KND /YTI/ 2025 /BGS / 121,NBRI / KND /YTI/ 2025 /BGS / 121,,,,,,,,,,,,2.0,,1.0,,,,3,,Kandy,80.548245,7.284214
80.554581,7.149563,Kandy,ගඟ ඉහල කෝරලේ,"හැරකොල, බ්‍රේසයිඩ්-1067",HR1,HR1,NBRI / KND /GIK/ 2025 /UIJ / 166,NBRI / KND /GIK/ 2025 /UIJ / 166,NBRI / KND /GIK/ 2025 /UIJ / 166,,,,,,,,,,,,1.0,,,,,,1,,Kandy,80.554581,7.149563
80.548298,7.169384,Kandy,උඩපලාත,"1127, සිංහපිටිය උතුර",HR1,HR1,NBRI / KND /UDP /2025/ SUJ/ 036,NBRI / KND /UDP /2025/ SUJ/ 036,NBRI / KND /UDP /2025/ SUJ/ 036,,,,,,,,,,,,3.0,,,,,,3,,Kandy,80.548298,7.169384
80.638244,7.135837,Kandy,උඩපළාත,"ඉහළගම ,දුනුකේඋල්ල",HR1,HR1,NBRI / KND /UDP/ 2025 /IGSL / 051,NBRI / KND /UDP/ 2025 /IGSL / 051,NBRI / KND /UDP/ 2025 /IGSL / 051,,,,,,,,,,,,1.0,,,,,,1,,Kandy,80.638244,7.135837
80.499261,7.264102,Kandy,යටිනුවර,වෙරලුගොල්ල,HR1,HR1,NBRI/KND/DOL/2025/DMLP/039,NBRI/KND/DOL/2025/DMLP/039,NBRI/KND/DOL/2025/DMLP/039,,,,,,,,,,,,11.0,30.0,26.0,,28.0,,95,,Kandy,80.499261,7.264102
80.561082,7.119447,Kandy,ගගඉහළ කෝරලේ,උඩගම-1069,HR1,HR1,NBRI / KND /  GIK  / 2025 / UIJ /174,NBRI / KND /  GIK  / 2025 / UIJ /174,NBRI / KND /  GIK  / 2025 / UIJ /174,,,,,,,,,,,,1.0,,,,,,1,,Kandy,80.561082,7.119447
80.497338,7.106421,Kandy,ගගඉහළ කෝරලේ,උඩුවැල්ල-1052,HR1,HR1,NBRI / KND /  GIK  / 2025 / UIJ /178,NBRI / KND /  GIK  / 2025 / UIJ /178,NBRI / KND /  GIK  / 2025 / UIJ /178,,,,,,,,,,,,1.0,,,,,,1,,Kandy,80.497338,7.106421
80.752799,7.313077,Kandy,මැදදුම්බර,නුගේපතන,HR1,HR1,NBRI / KND /MDB/ 2025 / IBE /127,NBRI / KND /MDB/ 2025 / IBE /127,NBRI / KND /MDB/ 2025 / IBE /127,,,,,,,,,,,,2.0,,1.0,,,,3,,Kandy,80.752799,7.313077
80.748116,7.333323,Kandy,මැදදුම්බර,758 - වටපාන,HR1,HR1,NBRI / KND /MDB/ 2025 / IBE /129,NBRI / KND /MDB/ 2025 / IBE /129,NBRI / KND /MDB/ 2025 / IBE /129,,,,,,,,,,,,2.0,,1.0,,,,3,,Kandy,80.748116,7.333323
80.77378,7.324462,Kandy,මැදදුම්බර,පල්ලෙබාගේ,HR1,HR1,NBRI / KND /MDB/ 2025 / IBE /132,NBRI / KND /MDB/ 2025 / IBE /132,NBRI / KND /MDB/ 2025 / IBE /132,,,,,,,,,,,,2.0,,,,,,2,,Kandy,80.77378,7.324462
80.781814,7.321293,Kandy,මැදදුම්බර,776- ගබ්බෙල,HR1,HR1,NBRI / KND /MDB/ 2025 / IBE /133,NBRI / KND /MDB/ 2025 / IBE /133,NBRI / KND /MDB/ 2025 / IBE /133,,,,,,,,,,,,2.0,,,,,,2,,Kandy,80.781814,7.321293
80.82803,7.294462,Kandy,මැදදුම්බර,805-නමදගල,HR1,HR1,NBRI / KND /MDB/ 2025 / IBE /136,NBRI / KND /MDB/ 2025 / IBE /136,NBRI / KND /MDB/ 2025 / IBE /136,,,,,,,,,,,,2.0,,,,,,2,,Kandy,80.82803,7.294462
80.816385,7.255314,Kandy,මැදදුම්බර,පුවක්ගහදිවෙල,HR1,HR1,NBRI / KND /MDB/ 2025 / IBE /141,NBRI / KND /MDB/ 2025 / IBE /141,NBRI / KND /MDB/ 2025 / IBE /141,,,,,,,,,,,,2.0,,1.0,,,,3,,Kandy,80.816385,7.255314
80.58245,7.174915,Kandy,දොළුව,නාරංවිට,HR1,HR1,NBRI / KND /DOL/ 2025 / IBE /147,NBRI / KND /DOL/ 2025 / IBE /147,NBRI / KND /DOL/ 2025 / IBE /147,,,,,,,,,,,,2.0,,,,4.0,,6,,Kandy,80.58245,7.174915
80.606233,7.156955,Kandy,දොළුව,කහවත්ත -1144,HR1,HR1,NBRI / KND / DOL/ 2025 / DMLP /187,NBRI / KND / DOL/ 2025 / DMLP /187,NBRI / KND / DOL/ 2025 / DMLP /187,,,,,,,,,,,,1.0,,,,1.0,,2,,Kandy,80.606233,7.156955
80.731959,7.345676,Kandy,කුණ්ඩසාලේ,නාරම්පනාව නැගෙනහිර 723,HR1,HR1,NBRI / KND / KUN / 2025 / DMLP /180,NBRI / KND / KUN / 2025 / DMLP /180,NBRI / KND / KUN / 2025 / DMLP /180,,,,,,,,,,,,1.0,,,,,,1,,Kandy,80.731959,7.345676
80.531445,7.068229,Kandy,පස්බාගේ කෝරලේ,වැලිගොඩවත්ත-1103,HR1,HR1,NBRI / KND / PAS / 2025 / DMLP /193,NBRI / KND / PAS / 2025 / DMLP /193,NBRI / KND / PAS / 2025 / DMLP /193,,,,,,,,,,,,2.0,,,,,,2,,Kandy,80.531445,7.068229
80.859669,7.285264,Kandy,උඩදුම්බර,"නුගේතැන්න නැගෙනහිර, 842",HR1,HR1,NBRI/KND/UDD/2025/AW/152,NBRI/KND/UDD/2025/AW/152,NBRI/KND/UDD/2025/AW/152,,,,,,,,,,,,1.0,,,,,,1,,Kandy,80.859669,7.285264
80.550652,7.332529,Kandy,හාරිස්පත්තුව,475- පල්කුුඹුර,HR1,HR1,NBRI / KND /HRS/ 2025 /IBE / 67,NBRI / KND /HRS/ 2025 /IBE / 67,NBRI / KND /HRS/ 2025 /IBE / 67,,,,,,,,,,,,2.0,,,,1.0,,3,,Kandy,80.550652,7.332529
80.605679,7.344731,Kandy,හාරිස්පත්තුව,411-උඩබොකලවෙල,HR1,HR1,NBRI / KND /HRS/ 2025 /IBE / 70,NBRI / KND /HRS/ 2025 /IBE / 70,NBRI / KND /HRS/ 2025 /IBE / 70,,,,,,,,,,,,2.0,,,,,,2,,Kandy,80.605679,7.344731
80.556732,7.370973,Kandy,හාරිස්පත්තුව,488 - අමුවන්දෙණිය,HR1,HR1,NBRI / KND /HRS/ 2025 /IBE / 78,NBRI / KND /HRS/ 2025 /IBE / 78,NBRI / KND /HRS/ 2025 /IBE / 78,,,,,,,,,,,,2.0,,1.0,,1.0,,4,,Kandy,80.556732,7.370973
80.901975,7.39793,Kandy,උඩදුම්බර,උඩඉළුක,HR1,HR1,NBRI/KND/UDD/2025/AW/166,NBRI/KND/UDD/2025/AW/166,NBRI/KND/UDD/2025/AW/166,,,,,,,,,,,,1.0,,,,,,1,,Kandy,80.901975,7.39793
80.575672,7.117758,Kandy,උඩපලාත,ගලත,HR1,HR1,NBRI/KND/UDP/2025/IGSL/11-B,NBRI/KND/UDP/2025/IGSL/11-B,NBRI/KND/UDP/2025/IGSL/11-B,,,,,,,,,,,,1.0,,,,,,1,,Kandy,80.575672,7.117758
80.629472,7.115736,Kandy,උඩපලාත,වහුගපිටිය,HR1,HR1,NBRI/KND/UDP/2025/SUJ/30,NBRI/KND/UDP/2025/SUJ/30,NBRI/KND/UDP/2025/SUJ/30,,,,,,,,,,,,1.0,,,,,,1,,Kandy,80.629472,7.115736
80.952452,7.37037,Kandy,මිනිපේ,"කීනපැලැස්ස,",HR1,HR1,NBRI/KND/MNP/2025/AW/135,NBRI/KND/MNP/2025/AW/135,NBRI/KND/MNP/2025/AW/135,,,,,,,,,,,,1.0,,,,,,1,,Kandy,80.952452,7.37037
80.96006,7.3746,Kandy,මිනිපේ,මහගලහින්න,HR1,HR1,NBRI/KND/MNP/2025/AW/136,NBRI/KND/MNP/2025/AW/136,NBRI/KND/MNP/2025/AW/136,,,,,,,,,,,,1.0,,,,,,1,,Kandy,80.96006,7.3746
80.932133,7.37524,Kandy,මිනිපේ,තෝරපිටිය,HR1,HR1,NBRI/KND/MNP/2025/AW/138,NBRI/KND/MNP/2025/AW/138,NBRI/KND/MNP/2025/AW/138,,,,,,,,,,,,1.0,,,,,,1,,Kandy,80.932133,7.37524
80.939435,7.399473,Kandy,මිනිපේ,වැල්ගහවාඩිය,HR1,HR1,NBRI/KND/MNP/2025/AW/139,NBRI/KND/MNP/2025/AW/139,NBRI/KND/MNP/2025/AW/139,,,,,,,,,,,,1.0,,,,,,1,,Kandy,80.939435,7.399473
80.91441,7.303466,Kandy,උඩදුම්බර,උඩපිටවල,HR1,HR1,NBRI/KND/UDD/2025/AW/124,NBRI/KND/UDD/2025/AW/124,NBRI/KND/UDD/2025/AW/124,,,,,,,,,,,,1.0,,,,,,1,,Kandy,80.91441,7.303466
80.914828,7.300495,Kandy,උඩදුම්බර,උඩපිටවල,HR1,HR1,NBRI/KND/UDD/2025/AW/125,NBRI/KND/UDD/2025/AW/125,NBRI/KND/UDD/2025/AW/125,,,,,,,,,,,,1.0,,,,,,1,,Kandy,80.914828,7.300495
80.911325,7.302122,Kandy,උඩදුම්බර,උඩපිටවල,HR1,HR1,NBRI/KND/UDD/2025/AW/129,NBRI/KND/UDD/2025/AW/129,NBRI/KND/UDD/2025/AW/129,,,,,,,,,,,,1.0,,,,,,1,,Kandy,80.911325,7.302122
80.885743,7.392618,Kandy,උඩදුම්බර,කළුගල,HR1,HR1,NBRI/KND/UDD/2025/AW/142,NBRI/KND/UDD/2025/AW/142,NBRI/KND/UDD/2025/AW/142,,,,,,,,,,,,1.0,,,,,,1,,Kandy,80.885743,7.392618
80.886927,7.394812,Kandy,උඩදුම්බර,කළුගල,HR1,HR1,NBRI/KND/UDD/2025/AW/144,NBRI/KND/UDD/2025/AW/144,NBRI/KND/UDD/2025/AW/144,,,,,,,,,,,,1.0,,,,,,1,,Kandy,80.886927,7.394812
80.537445,7.208528,Kandy,උඩුනුවර,මාණික්කාව -108,HR1,HR1,NBRI / KND /UDU / 2025 /DMLP  / 242,NBRI / KND /UDU / 2025 /DMLP  / 242,NBRI / KND /UDU / 2025 /DMLP  / 242,,,,,,,,,,,,2.0,,,,1.0,,3,,Kandy,80.537445,7.208528
80.536696,7.209219,Kandy,උඩුනුවර,මාණික්කාව -108,HR1,HR1,NBRI / KND /UDU / 2025 /DMLP  / 243,NBRI / KND /UDU / 2025 /DMLP  / 243,NBRI / KND /UDU / 2025 /DMLP  / 243,,,,,,,,,,,,2.0,,,,,,2,,Kandy,80.536696,7.209219
80.536408,7.20994,Kandy,උඩුනුවර,මාණික්කාව -108,HR1,HR1,NBRI / KND /UDU  / 2025 /DMLP  / 241,NBRI / KND /UDU  / 2025 /DMLP  / 241,NBRI / KND /UDU  / 2025 /DMLP  / 241,,,,,,,,,,,,2.0,,,,,,2,,Kandy,80.536408,7.20994
80.548739,7.19327,Kandy,උඩුනුවර,102-වටදෙණිය,HR1,HR1,NBRI / KND /UDN / 2025 / TPB / 008,NBRI / KND /UDN / 2025 / TPB / 008,NBRI / KND /UDN / 2025 / TPB / 008,,,,,,,,,,,,2.0,,,,3.0,,5,,Kandy,80.548739,7.19327
80.536366,7.208449,Kandy,උඩුනුවර,මාවීකුඹුර උතුර,HR1,HR1,NBRI / KND /UDN / 2025 / TPB / 009,NBRI / KND /UDN / 2025 / TPB / 009,NBRI / KND /UDN / 2025 / TPB / 009,,,,,,,,,,,,3.0,,,,,,3,,Kandy,80.536366,7.208449
80.54813,7.2096,Kandy,උඩුනුවර,අඹන්වල,HR1,HR1,NBRI / KND /UDN / 2025 / TPB / 014,NBRI / KND /UDN / 2025 / TPB / 014,NBRI / KND /UDN / 2025 / TPB / 014,,,,,,,,,,,,2.0,1.0,,,,,3,,Kandy,80.54813,7.2096
80.529115,7.252844,Kandy,උඩුනුවර,කුරුකුත්තල ඉහල,HR1,HR1,NBRI / KND /UDN / 2025 / TPB / 015,NBRI / KND /UDN / 2025 / TPB / 015,NBRI / KND /UDN / 2025 / TPB / 015,,,,,,,,,,,,3.0,1.0,1.0,,2.0,,7,,Kandy,80.529115,7.252844
80.57818,7.235535,Kandy,උඩුනුවර,නාරංවල,HR1,HR1,NBRI / KND /UDN / 2025 / TPB / 019,NBRI / KND /UDN / 2025 / TPB / 019,NBRI / KND /UDN / 2025 / TPB / 019,,,,,,,,,,,,2.0,,,,,,2,,Kandy,80.57818,7.235535
80.575744,7.235935,Kandy,උඩුනුවර,හීවල,HR1,HR1,NBRI / KND / UDN / 2025 /TPB /025,NBRI / KND / UDN / 2025 /TPB /025,NBRI / KND / UDN / 2025 /TPB /025,,,,,,,,,,,,2.0,,,,1.0,,3,,Kandy,80.575744,7.235935
80.563067,7.261281,Kandy,උඩුනුවර,03- ගංගොඩ උතුර,HR1,HR1,NBRI / KND / UDN / 2025 /TPB /033,NBRI / KND / UDN / 2025 /TPB /033,NBRI / KND / UDN / 2025 /TPB /033,,,,,,,,,,,,2.0,,,,2.0,,4,,Kandy,80.563067,7.261281
80.601513,7.200714,Kandy,උඩුනුවර,40- නව ඇල්පිටිය දකුණ,HR1,HR1,BRI / KND / UDN / 2025 /TPB /037,BRI / KND / UDN / 2025 /TPB /037,BRI / KND / UDN / 2025 /TPB /037,,,,,,,,,,,,1.0,,,,,,1,,Kandy,80.601513,7.200714
80.568004,7.277482,Kandy,යටිනුවර,126 -පිලපිටිය,HR1,HR1,NBRI / KND /YTI/ 2025 /BGS / 118,NBRI / KND /YTI/ 2025 /BGS / 118,NBRI / KND /YTI/ 2025 /BGS / 118,,,,,,,,,,,,2.0,,,,,,2,,Kandy,80.568004,7.277482
80.576942,7.27889,Kandy,යටිනුවර,126 -පිලපිටිය,HR1,HR1,NBRI / KND /YTI/ 2025 /BGS / 119,NBRI / KND /YTI/ 2025 /BGS / 119,NBRI / KND /YTI/ 2025 /BGS / 119,,,,,,,,,,,,2.0,,,,,,2,,Kandy,80.576942,7.27889
80.525391,7.251364,Kandy,උඩුනුවර,බැලුම්ගල -115,HR1,HR1,NBRI / KND /UDN/2025/ DMLP/ 171,NBRI / KND /UDN/2025/ DMLP/ 171,NBRI / KND /UDN/2025/ DMLP/ 171,,,,,,,,,,,,2.0,1.0,,,3.0,,6,,Kandy,80.525391,7.251364
80.532655,7.212759,Kandy,උඩුනුවර,මාණික්කාව -108,HR1,HR1,NBRI / KND /UDN/2025/ DMLP/ 240,NBRI / KND /UDN/2025/ DMLP/ 240,NBRI / KND /UDN/2025/ DMLP/ 240,,,,,,,,,,,,2.0,,,,,,2,,Kandy,80.532655,7.212759
80.536211,7.210054,Kandy,උඩුනුවර,මාණික්කාව -108,HR1,HR1,NBRI / KND /UDN/2025/ DMLP/ 244,NBRI / KND /UDN/2025/ DMLP/ 244,NBRI / KND /UDN/2025/ DMLP/ 244,,,,,,,,,,,,2.0,,,,1.0,,3,,Kandy,80.536211,7.210054
80.894329,7.392174,Kandy,උඩදුම්බර,උඩඉළුක,HR1,HR1,NBRI/KND/UDD/2025/AW/153,NBRI/KND/UDD/2025/AW/153,NBRI/KND/UDD/2025/AW/153,,,,,,,,,,,,1.0,,,,,,1,,Kandy,80.894329,7.392174
80.89465,7.397149,Kandy,උඩදුම්බර,උඩඉළුක,HR1,HR1,NBRI/KND/UDD/2025/AW/160,NBRI/KND/UDD/2025/AW/160,NBRI/KND/UDD/2025/AW/160,,,,,,,,,,,,1.0,,,,,,1,,Kandy,80.89465,7.397149
80.893198,7.398437,Kandy,උඩදුම්බර,උඩඉළුක,HR1,HR1,NBRI/KND/UDD/2025/AW/164,NBRI/KND/UDD/2025/AW/164,NBRI/KND/UDD/2025/AW/164,,,,,,,,,,,,1.0,,,,,,1,,Kandy,80.893198,7.398437
80.585719,7.098446,Kandy,උඩපළාත,කැකුළන්ද -1186,HR1,HR1,NBRI / KND /UDP  / 2025 /DMLP  / 245,NBRI / KND /UDP  / 2025 /DMLP  / 245,NBRI / KND /UDP  / 2025 /DMLP  / 245,,,,,,,,,,,,5.0,14.0,,,43.0,,62,,Kandy,80.585719,7.098446
80.524849,7.144277,Kandy,ගඟ ඉහල කෝරලේ,කොහොවල,HR1,HR1,NBRI / KND / GIK / 2025 /UIJ / 186,NBRI / KND / GIK / 2025 /UIJ / 186,NBRI / KND / GIK / 2025 /UIJ / 186,,,,,,,,,,,,1.0,,,,,,1,,Kandy,80.524849,7.144277
80.555678,7.095079,Kandy,ගඟ ඉහල කෝරලේ,උලපනේ- දකුණ,HR1,HR1,NBRI / KND / GIK/ 2025 /UIJ / 198,NBRI / KND / GIK/ 2025 /UIJ / 198,NBRI / KND / GIK/ 2025 /UIJ / 198,,,,,,,,,,,,1.0,,,,,,1,,Kandy,80.555678,7.095079
80.548453,7.099374,Kandy,ගඟ ඉහල කෝරලේ,උලපනේ- දකුණ,HR1,HR1,NBRI / KND / GIK/ 2025 /UIJ / 200,NBRI / KND / GIK/ 2025 /UIJ / 200,NBRI / KND / GIK/ 2025 /UIJ / 200,,,,,,,,,,,,1.0,,,,,,1,,Kandy,80.548453,7.099374
80.55879,7.102628,Kandy,ගඟ ඉහල කෝරලේ,උලපනේ- දකුණ,HR1,HR1,NBRI / KND / GIK/ 2025 /UIJ / 195,NBRI / KND / GIK/ 2025 /UIJ / 195,NBRI / KND / GIK/ 2025 /UIJ / 195,,,,,,,,,,,,1.0,,,,,,1,,Kandy,80.55879,7.102628
80.568114,7.245089,Kandy,උඩුනුවර,පමුණුව  නැගෙනහිර  -83,HR1,HR1,NBRI / KND /UDN/2025/ DMLP/ 231,NBRI / KND /UDN/2025/ DMLP/ 231,NBRI / KND /UDN/2025/ DMLP/ 231,,,,,,,,,,,,3.0,,,,,,3,,Kandy,80.568114,7.245089
80.561504,7.236541,Kandy,උඩුනුවර,රබ්බේගමුව උතුර -79,HR1,HR1,NBRI / KND /UDN/2025/ DMLP/230,NBRI / KND /UDN/2025/ DMLP/230,NBRI / KND /UDN/2025/ DMLP/230,,,,,,,,,,,,2.0,,,,1.0,,3,,Kandy,80.561504,7.236541
80.584207,7.282641,Kandy,යටිනුවර,දෙහිදෙණිය බටහිර 154,HR1,HR1,NBRI / KND / YTI / 2025 / IGSL / 091,NBRI / KND / YTI / 2025 / IGSL / 091,NBRI / KND / YTI / 2025 / IGSL / 091,,,,,,,,,,,,1.0,,,,,,1,,Kandy,80.584207,7.282641
80.627433,7.132748,Kandy,උඩපළාත,ඉහළගම,HR1,HR1,NBRI/KND/UDP/2025/SUJ/010,NBRI/KND/UDP/2025/SUJ/010,NBRI/KND/UDP/2025/SUJ/010,,,,,,,,,,,,1.0,,126.0,,50.0,,177,,Kandy,80.627433,7.132748
80.543006,7.24758,Kandy,උඩුනුවර,"උරුලෑවත්ත,වට්ටප්පල",HR1,HR1,NBRI/KND/UDN/2025/SUJ/001,NBRI/KND/UDN/2025/SUJ/001,NBRI/KND/UDN/2025/SUJ/001,,,,,,,,,,,,1.0,,,,,,1,,Kandy,80.543006,7.24758
80.547693,7.241724,Kandy,උඩුනුවර,වරකාගොඩ,HR1,HR1,NBRI / KND / UDN / 2025 / SUJ /005,NBRI / KND / UDN / 2025 / SUJ /005,NBRI / KND / UDN / 2025 / SUJ /005,,,,,,,,,,,,1.0,,,,,,1,,Kandy,80.547693,7.241724
80.907631,7.383839,Kandy,උඩදුම්බර,පදුපොල,HR1,HR1,NBRI/KND/UDD/2025/AW/173,NBRI/KND/UDD/2025/AW/173,NBRI/KND/UDD/2025/AW/173,,,,,,,,,,,,1.0,,,,,,1,,Kandy,80.907631,7.383839
80.907732,7.394599,Kandy,උඩදුම්බර,පදුපොල,HR1,HR1,NBRI/KND/UDD/2025/AW/174,NBRI/KND/UDD/2025/AW/174,NBRI/KND/UDD/2025/AW/174,,,,,,,,,,,,1.0,,,,,,1,,Kandy,80.907732,7.394599
80.644765,7.386878,Kandy,අකුරණ,පන්ගොල්ලාමඩ,HR1,HR1,NBRI / KND / AKU / 2025 /SUJ/031,NBRI / KND / AKU / 2025 /SUJ/031,NBRI / KND / AKU / 2025 /SUJ/031,,,,,,,,,,,,1.0,,,,,,1,,Kandy,80.644765,7.386878
80.631713,7.397505,Kandy,අකුරණ,මල්ගම්මන්දෙණිය,HR1,HR1,NBRI / KND / AKU / 2025 /SUJ/037,NBRI / KND / AKU / 2025 /SUJ/037,NBRI / KND / AKU / 2025 /SUJ/037,,,,,,,,,,,,1.0,,,,,,1,,Kandy,80.631713,7.397505
80.500642,7.351604,Kandy,හතරලියද්ද,ඉල්පෙමඩ,HR1,HR1,NBRI / KND /‍ HAT / 2025 /SUJ/076,NBRI / KND /‍ HAT / 2025 /SUJ/076,NBRI / KND /‍ HAT / 2025 /SUJ/076,,,,,,,,,,,,1.0,,,,,,1,,Kandy,80.500642,7.351604
80.663791,7.145621,Kandy,දොළුව,හුණුගල,HR1,HR1,NBRI / KND / DOL / 2025 /IBE / 118,NBRI / KND / DOL / 2025 /IBE / 118,NBRI / KND / DOL / 2025 /IBE / 118,,,,,,,,,,,,3.0,13.0,36.0,,44.0,,96,,Kandy,80.663791,7.145621
80.637197,7.160303,Kandy,දොළුව,පන්විලතැන්න,HR1,HR1,NBRI / KND / DOL / 2025 /IBE / 123,NBRI / KND / DOL / 2025 /IBE / 123,NBRI / KND / DOL / 2025 /IBE / 123,,,,,,,,,,,,3.0,1.0,4.0,,17.0,,25,,Kandy,80.637197,7.160303
80.641503,7.211362,Kandy,දොළුව,වාරියගල,HR1,HR1,NBRI / KND / DOL / 2025 /IBE / 152,NBRI / KND / DOL / 2025 /IBE / 152,NBRI / KND / DOL / 2025 /IBE / 152,,,,,,,,,,,,2.0,2.0,13.0,,9.0,,26,,Kandy,80.641503,7.211362
80.920061,7.428062,Kandy,මිනිපේ,පල්ලේගලබොක්ක,HR1,HR1,NBRI / KND /MNP / 2025 /IBE /183,NBRI / KND /MNP / 2025 /IBE /183,NBRI / KND /MNP / 2025 /IBE /183,,,,,,,,,,,,14.0,,,,,,14,,Kandy,80.920061,7.428062
80.53881,7.136649,Kandy,ගඟ ඉහළ කෝරලේ,ගල්පාය - 1046,HR1,HR1,NBRI / KND / GIK / 2025 / TPB / 089,NBRI / KND / GIK / 2025 / TPB / 089,NBRI / KND / GIK / 2025 / TPB / 089,,,,,,,,,,,,1.0,,,,,,1,,Kandy,80.53881,7.136649
80.668346,7.159066,Kandy,දොලුව,තුම්පෑලවක- 1140,HR1,HR1,NBRI / KND / DOL / 2025 / TPB / 097,NBRI / KND / DOL / 2025 / TPB / 097,NBRI / KND / DOL / 2025 / TPB / 097,,,,,,,,,,,,7.0,,,,3.0,,10,,Kandy,80.668346,7.159066
80.665651,7.159179,Kandy,දොලුව,මස්ගොල්ල- 1141,HR1,HR1,NBRI / KND / DOL / 2025 / TPB / 099,NBRI / KND / DOL / 2025 / TPB / 099,NBRI / KND / DOL / 2025 / TPB / 099,,,,,,,,,,,,2.0,,,,1.0,,3,,Kandy,80.665651,7.159179
80.614364,7.152408,Kandy,දොලුව,මිල්ලගහමුල,HR1,HR1,NBRI / KND /DOL/ 2025 / SUJ / 008,NBRI / KND /DOL/ 2025 / SUJ / 008,NBRI / KND /DOL/ 2025 / SUJ / 008,,,,,,,,,,,,1.0,,,,,,1,,Kandy,80.614364,7.152408
80.55531,7.22163,Kandy,උඩුනුවර,වතුපොල,HR1,HR1,NBRI / KND /UDN/ 2025 / SUJ / 004,NBRI / KND /UDN/ 2025 / SUJ / 004,NBRI / KND /UDN/ 2025 / SUJ / 004,,,,,,,,,,,,1.0,,,,,,1,,Kandy,80.55531,7.22163
80.564189,7.177606,Kandy,උඩපලාත,උනම්බුව,HR1,HR1,NBRI/KAN/2025/UDP/NBC/008,NBRI/KAN/2025/UDP/NBC/008,NBRI/KAN/2025/UDP/NBC/008,,,,,,,,,,,,1.0,,,,,,1,,Kandy,80.564189,7.177606
80.562269,7.176096,Kandy,උඩපලාත,රනවල,HR1,HR1,NBRI/KAN/2025/UDP/NBC/021,NBRI/KAN/2025/UDP/NBC/021,NBRI/KAN/2025/UDP/NBC/021,,,,,,,,,,,,1.0,,,,,,1,,Kandy,80.562269,7.176096
80.520529,7.295481,Kandy,යටිනුවර,දොළුව බටහිර,HR1,HR1,NBRI / KND / YTI / 2025 / BGS / 158,NBRI / KND / YTI / 2025 / BGS / 158,NBRI / KND / YTI / 2025 / BGS / 158,,,,,,,,,,,,2.0,,1.0,,4.0,,7,,Kandy,80.520529,7.295481
80.545572,7.229744,Kandy,උඩුනුවර,පානබොක්ක-124,HR1,HR1,NBRI / KND /UDN/2025/ DMLP/ 234,NBRI / KND /UDN/2025/ DMLP/ 234,NBRI / KND /UDN/2025/ DMLP/ 234,,,,,,,,,,,,5.0,,,,2.0,,7,,Kandy,80.545572,7.229744
80.530343,7.243172,Kandy,උඩුනුවර,ලගමුව -114,HR1,HR1,NBRI / KND /UDN/2025/ DMLP/ 235,NBRI / KND /UDN/2025/ DMLP/ 235,NBRI / KND /UDN/2025/ DMLP/ 235,,,,,,,,,,,,3.0,,,,2.0,,5,,Kandy,80.530343,7.243172
80.531473,7.230617,Kandy,උඩුනුවර,"සාදික්කාවත්ත, 112",HR1,HR1,NBRI / KND /UDN/2025/ DMLP/ 236,NBRI / KND /UDN/2025/ DMLP/ 236,NBRI / KND /UDN/2025/ DMLP/ 236,,,,,,,,,,,,2.0,,,,1.0,,3,,Kandy,80.531473,7.230617
80.637391,7.205505,Kandy,දොළුව,වාරියගල,HR1,HR1,NBRI / KND /  DOL / 2025 /​​IBE /168,NBRI / KND /  DOL / 2025 /​​IBE /168,NBRI / KND /  DOL / 2025 /​​IBE /168,,,,,,,,,,,,2.0,,,,,,2,,Kandy,80.637391,7.205505
80.607276,7.197328,Kandy,දොළුව,ගනේගොඩ,HR1,HR1,NBRI / KND /  DOL / 2025 /​​IBE /174,NBRI / KND /  DOL / 2025 /​​IBE /174,NBRI / KND /  DOL / 2025 /​​IBE /174,,,,,,,,,,,,2.0,,,,,,2,,Kandy,80.607276,7.197328
80.843145,7.296122,Kandy,මැදදුම්බර,රඹුක්පොත,HR1,HR1,NBRI / KND /MDB/ 2025 /IBE / 137,NBRI / KND /MDB/ 2025 /IBE / 137,NBRI / KND /MDB/ 2025 /IBE / 137,,,,,,,,,,,,2.0,,,,2.0,,4,,Kandy,80.843145,7.296122
80.820463,7.29083,Kandy,මැදදුම්බර,805-නමදගල,HR1,HR1,NBRI / KND /MDB/ 2025 /IBE / 135,NBRI / KND /MDB/ 2025 /IBE / 135,NBRI / KND /MDB/ 2025 /IBE / 135,,,,,,,,,,,,2.0,,,,1.0,,3,,Kandy,80.820463,7.29083
80.736772,7.285545,Kandy,කුණ්ඩසාලේ,693 -විජය ශ්‍රිගම,HR1,HR1,NBRI / KND / KUN/ 2025 / JSB  / 264,NBRI / KND / KUN/ 2025 / JSB  / 264,NBRI / KND / KUN/ 2025 / JSB  / 264,,,,,,,,,,,,2.0,,,,,,2,,Kandy,80.736772,7.285545
80.614247,7.21626,Kandy,දොලුව,ගල්ඔය- 1162,HR1,HR1,NBRI / KND / DOL / 2025 / TPB / 125,NBRI / KND / DOL / 2025 / TPB / 125,NBRI / KND / DOL / 2025 / TPB / 125,,,,,,,,,,,,2.0,,1.0,,,,3,,Kandy,80.614247,7.21626
80.597329,7.457201,Matale,උකුවෙල ප්රා.ලේ.කො,කිරිමැටියාව,HR1,HR1,,NBRO/LRRMD-MAT/MTL/UKUWELA/LI/26/0740,NBRO/LRRMD-MAT/MTL/UKUWELA/LI/26/0740,,House / නිවාස,2025-11-27 00:00:00,,2026-06-04 00:00:00,Cutting failure / කණ්ඩි අස්ථාවරවීම්,,,,,,1.0,,,,,,1,,Matale,80.597329,7.457201
80.437441,7.134358,Kegalle,අරණායක ප්රා.ලේ.කො,නාරංගල,HR1,HR1,,LRR ARP 75 A,LRR ARP 75 A,,House / නිවාස,2025-11-28 00:00:00,,2025-12-24 00:00:00,Landslide / නායයෑම්,Resettle / නැවත පදිංචිකිරීම,Fully / පුර්ණහානි,1.0,,,9.0,3.0,31.0,,16.0,2.0,61,,Kegalle,80.437441,7.134358
80.876452,7.373034,Kandy,උඩදුම්බර,ගැරඬිගල,HR1,HR1,NBRI/KND/UDD/2025/AW/175,NBRI/KND/UDD/2025/AW/175,NBRI/KND/UDD/2025/AW/175,,,,,,,,,,,,1.0,,,,,,1,,Kandy,80.876452,7.373034
80.617013,7.206654,Kandy,දොළුව,වාරියගල,HR1,HR1,NBRI / KND / DOL / 2025 /IBE / 148,NBRI / KND / DOL / 2025 /IBE / 148,NBRI / KND / DOL / 2025 /IBE / 148,,,,,,,,,,,,5.0,3.0,4.0,,3.0,,15,,Kandy,80.617013,7.206654
80.62798,7.177365,Kandy,දොළුව,ගුරුකැලේ,HR1,HR1,BRI / KND / DOL / 2025 /IBE / 075,BRI / KND / DOL / 2025 /IBE / 075,BRI / KND / DOL / 2025 /IBE / 075,,,,,,,,,,,,4.0,1.0,5.0,,10.0,,20,,Kandy,80.62798,7.177365
80.447357,7.136638,Kegalle,අරණායක ප්රා.ලේ.කො,අම්බලකන්ද,HR1,HR1,,LRR-ARP-74,LRR-ARP-74,43ඒ,House / නිවාස,2025-11-27 00:00:00,,2025-12-27 00:00:00,Rock fall / ගල් පෙරලීම්,Resettle / නැවත පදිංචිකිරීම,Fully / පුර්ණහානි,0.0,,,1.0,4.0,7.0,,17.0,,29,,Kegalle,80.447357,7.136638
80.420799,7.110159,Kegalle,අරණායක ප්රා.ලේ.කො,ගංතුන මැදගම,HR1,HR1,,LRR-ARP-61,LRR-ARP-61,,House / නිවාස,2025-11-28 00:00:00,,2025-12-26 00:00:00,Landslide / නායයෑම්,Resettle / නැවත පදිංචිකිරීම,Fully / පුර්ණහානි,0.0,,,1.0,2.0,5.0,,14.0,,22,,Kegalle,80.420799,7.110159
80.420092,7.13056,Kegalle,අරණායක ප්රා.ලේ.කො,ගංතුන මැදගම,HR1,HR1,,LRR-ARP-49,LRR-ARP-49,,House / නිවාස,2025-11-28 00:00:00,,2025-12-25 00:00:00,Slope failures / බැවුම් අස්ථාවරවීම්,Resettle / නැවත පදිංචිකිරීම,Fully / පුර්ණහානි,0.0,,,1.0,1.0,7.0,,19.0,,28,,Kegalle,80.420092,7.13056
80.415826,7.108996,Kegalle,අරණායක ප්රා.ලේ.කො,හත්ගම්පල,HR1,HR1,,LRR-ARP-46,LRR-ARP-46,,House / නිවාස,2025-11-27 00:00:00,,2025-12-26 00:00:00,Landslide / නායයෑම්,Resettle / නැවත පදිංචිකිරීම,Fully / පුර්ණහානි,0.0,,,2.0,1.0,2.0,,27.0,4.0,36,,Kegalle,80.415826,7.108996
80.89064,7.307961,Kandy,උඩදුම්බර ප්රා.ලේ.කො,ගංගොඩ,HR1,HR1,,BGS 001,BGS 001,855.0,House / නිවාස,2025-11-27 00:00:00,,2026-07-08 00:00:00,,,,,,,31.0,,,,,,31,,Kandy,80.89064,7.307961
80.516366,7.29198,Kandy,යටිනුවර,දොළුව බටහිර,HR1,HR1,NBRI / KND / YTI / 2025 / BGS / 160,NBRI / KND / YTI / 2025 / BGS / 160,NBRI / KND / YTI / 2025 / BGS / 160,,,,,,,,,,,,2.0,,,,,,2,,Kandy,80.516366,7.29198
80.52744,7.299994,Kandy,යටිනුවර,උඩවෙල - පල්ලේමඩිත්ත,HR1,HR1,NBRI / KND / YTI / 2025 / BGS / 163,NBRI / KND / YTI / 2025 / BGS / 163,NBRI / KND / YTI / 2025 / BGS / 163,,,,,,,,,,,,1.0,,,,1.0,,2,,Kandy,80.52744,7.299994
80.52525,7.29771,Kandy,යටිනුවර,උඩවෙල - නාඩිතලාව,HR1,HR1,NBRI / KND / YTI / 2025 / BGS / 165,NBRI / KND / YTI / 2025 / BGS / 165,NBRI / KND / YTI / 2025 / BGS / 165,,,,,,,,,,,,2.0,,,,2.0,,4,,Kandy,80.52525,7.29771
80.89195,7.3,Kandy,උඩදුම්බර ප්රා.ලේ.කො,ගංගොඩ,HR1,HR1,,BGS 190,BGS 190,855.0,House / නිවාස,2025-11-27 00:00:00,,2026-05-05 00:00:00,,,,,,,7.0,3.0,3.0,,,,13,,Kandy,80.89195,7.3
80.872911,7.29476,Kandy,උඩදුම්බර ප්රා.ලේ.කො,රඹුක්වැල්ල නැගෙනහිර,HR1,HR1,,BGS 187,BGS 187,,House / නිවාස,2025-11-27 00:00:00,,2026-05-05 00:00:00,,,,,,,1.0,,,,1.0,,2,,Kandy,80.872911,7.29476
80.434516,7.128332,Kegalle,අරණායක ප්රා.ලේ.කො,ජම්බුගස්මඩ,HR1,HR1,,LRR  - ARP- 37,LRR  - ARP- 37,,House / නිවාස,2025-11-28 00:00:00,,2025-12-28 00:00:00,Other / වෙනත් (වෙනත් කරුණු යටතේ සදහන් කරන්න),Resettle / නැවත පදිංචිකිරීම,Minor / සුළුහානි,0.0,,,1.0,1.0,2.0,,6.0,,10,,Kegalle,80.434516,7.128332
80.439605,7.147605,Kegalle,අරණායක ප්රා.ලේ.කො,නාරංගල,HR1,HR1,,LRR  - ARP- 36,LRR  - ARP- 36,,House / නිවාස,2025-11-27 00:00:00,,2025-12-22 00:00:00,Landslide / නායයෑම්,Resettle / නැවත පදිංචිකිරීම,Minor / සුළුහානි,0.0,,,2.0,1.0,34.0,,75.0,,112,,Kegalle,80.439605,7.147605
80.876594,7.29324,Kandy,උඩදුම්බර ප්රා.ලේ.කො,කිරිපට්ටිය,HR1,HR1,,BGS 188,BGS 188,,House / නිවාස,2025-11-27 00:00:00,,2026-05-05 00:00:00,,,,,,,2.0,,,,2.0,,4,,Kandy,80.876594,7.29324
80.872911,7.294768,Kandy,උඩදුම්බර ප්රා.ලේ.කො,කිරිපට්ටිය,HR1,HR1,,BGS 197,BGS 197,851.0,House / නිවාස,2025-11-27 00:00:00,,2026-05-05 00:00:00,,,,,,,3.0,,,,3.0,,6,,Kandy,80.872911,7.294768
80.870926,7.297414,Kandy,උඩදුම්බර ප්රා.ලේ.කො,කිරිපට්ටිය,HR1,HR1,,BGS 194,BGS 194,851.0,House / නිවාස,2025-11-27 00:00:00,,2026-05-05 00:00:00,,,,,,,1.0,,,,1.0,,2,,Kandy,80.870926,7.297414
80.684466,7.451788,Matale,රත්තොට ප්රා.ලේ.කො,කන්දෙනුවර නැගෙනහිර,HR1,HR1,,NBRO/MTL/RATHTHOTA/2026/MJ/130,NBRO/MTL/RATHTHOTA/2026/MJ/130,,House / නිවාස,2025-11-27 00:00:00,,2026-01-06 00:00:00,"Slope failures / බැවුම් අස්ථාවරවීම්, Cutting failure / කණ්ඩි අස්ථාවරවීම්, Other / වෙනත් (වෙනත් කරුණු යටතේ සදහන් කරන්න)",Resettle / නැවත පදිංචිකිරීම,,,,,10.0,11.0,1.0,,4.0,,26,,Matale,80.684466,7.451788
80.53342,7.291086,Kandy,යටිනුවර ප්රා.ලේ.කො,උඩවෙල පහළගම,HR1,HR1,,HLK/222,HLK/222,179.0,House / නිවාස,2025-11-27 00:00:00,,2026-03-13 00:00:00,Slope failures / බැවුම් අස්ථාවරවීම්,,,0.0,,,1.0,1.0,,,1.0,,3,,Kandy,80.53342,7.291086
80.60775,7.208585,Kandy,දොළුව ප්රා.ලේ.කො,පුපුරැස්ස,HR1,HR1,,IBE 228,IBE 228,,House / නිවාස,2025-11-27 00:00:00,,2026-07-06 00:00:00,Other / වෙනත් (වෙනත් කරුණු යටතේ සදහන් කරන්න),,,,නාය යෑම් අවදානම,,2.0,2.0,5.0,,4.0,,13,,Kandy,80.60775,7.208585
80.444693,7.15406,Kegalle,අරණායක ප්රා.ලේ.කො,ගැටඹේරි කන්ද,HR1,HR1,,LRR  - ARP- 34,LRR  - ARP- 34,එන් 43 බී,House / නිවාස,2025-11-27 00:00:00,,2025-12-27 00:00:00,Slope failures / බැවුම් අස්ථාවරවීම්,Resettle / නැවත පදිංචිකිරීම,Minor / සුළුහානි,0.0,,,1.0,6.0,3.0,,46.0,2.0,58,,Kegalle,80.444693,7.15406
80.42511,7.134337,Kegalle,අරණායක ප්රා.ලේ.කො,ගංතුන උඩගම,HR1,HR1,,LRR  - ARP- 30/30A,LRR  - ARP- 30/30A,54 බ්,House / නිවාස,2025-11-27 00:00:00,,2025-12-13 00:00:00,Landslide / නායයෑම්,Resettle / නැවත පදිංචිකිරීම,Fully / පුර්ණහානි,0.0,,,3.0,6.0,16.0,,37.0,,62,,Kegalle,80.42511,7.134337
80.863913,7.081365,Nuwara Eliya,වලපනේ ප්රා.ලේ.කො,මහඌව / කන්දේගම,HR1,HR1,,NBRI/NE/WLD/2026/SMK/83),NBRI/NE/WLD/2026/SMK/83),,House / නිවාස,2025-11-27 00:00:00,සවස 3.00 සහ රාත්‍රී,2026-01-13 00:00:00,Slope failures / බැවුම් අස්ථාවරවීම්,Resettle / නැවත පදිංචිකිරීම,Fully / පුර්ණහානි,,,,1.0,4.0,5.0,,3.0,,13,,Nuwara Eliya,80.863913,7.081365
80.451632,7.123098,Kegalle,අරණායක ප්රා.ලේ.කො,නාරංගල,HR1,HR1,,LRR  - ARP- 29,LRR  - ARP- 29,58 එෆ්,House / නිවාස,2025-11-27 00:00:00,,2025-12-26 00:00:00,Landslide / නායයෑම්,Resettle / නැවත පදිංචිකිරීම,Fully / පුර්ණහානි,0.0,,,1.0,,6.0,,15.0,6.0,28,,Kegalle,80.451632,7.123098
80.444122,7.141176,Kegalle,අරණායක ප්රා.ලේ.කො,අම්බලකන්ද,HR1,HR1,,LRR  - ARP- 16,LRR  - ARP- 16,43ඒ,House / නිවාස,,,2025-12-26 00:00:00,Landslide / නායයෑම්,Resettle / නැවත පදිංචිකිරීම,Fully / පුර්ණහානි,0.0,,,4.0,3.0,15.0,,32.0,,54,,Kegalle,80.444122,7.141176
80.61276,6.809881,Nuwara Eliya,නොර්වුඩ් ප්රා.ලේ.කො,මහනෙලු,HR1,HR1,,NBRI/NE/ABD[Norwood]/2026/LY/142),NBRI/NE/ABD[Norwood]/2026/LY/142),320/කේ,House / නිවාස,2025.11.27,,2026.03.27,Other / වෙනත් (වෙනත් කරුණු යටතේ සදහන් කරන්න),Resettle / නැවත පදිංචිකිරීම,Fully / පුර්ණහානි,,නිවාස ඉරිතැලීම,,1.0,,1.0,,,,2,,Nuwara Eliya,80.61276,6.809881
80.48037,7.264431,Kegalle,මාවනැල්ල ප්රා.ලේ.කො,උඩමාකඩවර,HR1,HR1,,LRR-MWP-68,LRR-MWP-68,25 බී -,House / නිවාස,2025-11-28 00:00:00,,2026-02-06 00:00:00,Slope failures / බැවුම් අස්ථාවරවීම්,Resettle / නැවත පදිංචිකිරීම,Fully / පුර්ණහානි,,,,2.0,,3.0,,28.0,,33,,Kegalle,80.48037,7.264431
80.393159,7.205417,Kegalle,අරණායක ප්රා.ලේ.කො,කන්දමුල්ල,HR1,HR1,,LRR  - ARP- 12,LRR  - ARP- 12,116ඊ,House / නිවාස,2025-11-28 00:00:00,,2025-12-10 00:00:00,Landslide / නායයෑම්,Resettle / නැවත පදිංචිකිරීම,Fully / පුර්ණහානි,0.0,,,1.0,,,,4.0,,5,,Kegalle,80.393159,7.205417
80.53525,7.285537,Kandy,යටිනුවර ප්රා.ලේ.කො,මුංවතුගොඩ,HR1,HR1,,HLK/223,HLK/223,,House / නිවාස,2025-11-27 00:00:00,,2026-03-13 00:00:00,Landslide / නායයෑම්,,,0.0,,,1.0,,,,3.0,,4,,Kandy,80.53525,7.285537
80.417951,7.172373,Kegalle,අරණායක ප්රා.ලේ.කො,"දෙබත්ගම, උඩබාගේ",HR1,HR1,,LRR  - ARP- 09,LRR  - ARP- 09,41බී,House / නිවාස,2025-11-28 00:00:00,,2025-12-07 00:00:00,Slope failures / බැවුම් අස්ථාවරවීම්,Resettle / නැවත පදිංචිකිරීම,Fully / පුර්ණහානි,0.0,,,1.0,,1.0,,14.0,,16,,Kegalle,80.417951,7.172373
80.420933,7.167415,Kegalle,අරණායක ප්රා.ලේ.කො,දෙබත්ගම උඩබාගේ,HR1,HR1,,LRR  - ARP- 05,LRR  - ARP- 05,47බී,House / නිවාස,2025-11-27 00:00:00,,2026-01-24 00:00:00,Landslide / නායයෑම්,Resettle / නැවත පදිංචිකිරීම,Fully / පුර්ණහානි,0.0,,,4.0,4.0,7.0,,51.0,2.0,68,,Kegalle,80.420933,7.167415
80.487065,7.147494,Kegalle,අරණායක ප්රා.ලේ.කො,රන්දිලිගම,HR1,HR1,,LRR  - ARP- 03,LRR  - ARP- 03,,House / නිවාස,2025-11-28 00:00:00,,2025-12-18 00:00:00,Slope failures / බැවුම් අස්ථාවරවීම්,Resettle / නැවත පදිංචිකිරීම,Fully / පුර්ණහානි,0.0,,,1.0,,,,,2.0,3,,Kegalle,80.487065,7.147494
80.426707,7.134924,Kegalle,අරණායක ප්රා.ලේ.කො,ගංතුන උඩගම,HR1,HR1,,ERR/ARP/20,ERR/ARP/20,,House / නිවාස,2025-11-28 00:00:00,,2025-12-18 00:00:00,Landslide / නායයෑම්,Resettle / නැවත පදිංචිකිරීම,Fully / පුර්ණහානි,0.0,,,4.0,2.0,6.0,,3.0,31.0,46,,Kegalle,80.426707,7.134924
80.50515,7.147008,Kegalle,අරණායක ප්රා.ලේ.කො,සැලව නැගෙනහිර,HR1,HR1,,ERR/ARP/12/LRR-ARP-186,ERR/ARP/12/LRR-ARP-186,,House / නිවාස,2025-11-28 00:00:00,,2025-11-28 00:00:00,Landslide / නායයෑම්,Resettle / නැවත පදිංචිකිරීම,Fully / පුර්ණහානි,0.0,,,6.0,1.0,11.0,,68.0,2.0,88,,Kegalle,80.50515,7.147008
80.71235,7.127314,Nuwara Eliya,හඟුරන්කෙත ප්රා.ලේ.කො,හෝප්වත්ත,HR1,HR1,,NBRI/NE/HKD/2025/SMK/සංශෝධන/12 - Rev(iii),NBRI/NE/HKD/2025/SMK/සංශෝධන/12 - Rev(iii),501 G,House / නිවාස,2025-11-28 00:00:00,,2025-12-10 00:00:00,Landslide / නායයෑම්,Resettle / නැවත පදිංචිකිරීම,Fully / පුර්ණහානි,,,,9.0,2.0,12.0,,,,23,,Nuwara Eliya,80.71235,7.127314
80.500079,7.139249,Kegalle,අරණායක ප්රා.ලේ.කො,සැලව - බටහිර,HR1,HR1,,ERR/ARP/05,ERR/ARP/05,41සී,House / නිවාස,2025-11-28 00:00:00,,2025-12-12 00:00:00,Landslide / නායයෑම්,Resettle / නැවත පදිංචිකිරීම,Fully / පුර්ණහානි,0.0,,,3.0,2.0,5.0,,10.0,,20,,Kegalle,80.500079,7.139249
80.337638,7.481618,Kurunegala,කුරුණෑගල ප්රා.ලේ.කො,මල්කඩුවාව,HR1,HR1,,KRG,KRG,816.0,House / නිවාස,2025-11-28 00:00:00,,2026-02-27 00:00:00,Slope failures / බැවුම් අස්ථාවරවීම්,,Fully / පුර්ණහානි,,,,1.0,,,,1.0,,2,,Kurunegala,80.337638,7.481618
80.37214,7.494253,Kurunegala,කුරුණෑගල ප්රා.ලේ.කො,නගරය ඊසාන,HR1,HR1,,KRG,KRG,834.0,House / නිවාස,2025-11-28 00:00:00,12:00:00,2025-11-30 00:00:00,Rock fall / ගල් පෙරලීම්,,,,,,9.0,1.0,,,3.0,,13,,Kurunegala,80.37214,7.494253
80.566892,7.63425,Matale,පල්ලෙපොල ප්රා.ලේ.කො,අම්බොක්ක,HR1,HR1,,"NBRO/MTL/PALLEPOLA/2026/MMCUB,BC/16","NBRO/MTL/PALLEPOLA/2026/MMCUB,BC/16",,House / නිවාස,2025-11-27 00:00:00,,2026-01-03 00:00:00,"Landslide / නායයෑම්, Slope failures / බැවුම් අස්ථාවරවීම්",Resettle / නැවත පදිංචිකිරීම,Fully / පුර්ණහානි,,,,4.0,4.0,9.0,,20.0,,37,,Matale,80.566892,7.63425
80.3504,7.467024,Kurunegala,කුරුණෑගල ප්රා.ලේ.කො,අකරගහ උතුර,HR1,HR1,,KRG,KRG,813.0,House / නිවාස,,,2026-01-13 00:00:00,"Cutting failure / කණ්ඩි අස්ථාවරවීම්, Rock fall / ගල් පෙරලීම්",,Fully / පුර්ණහානි,,,,1.0,,,,1.0,,2,,Kurunegala,80.3504,7.467024
80.35569,7.388646,Kurunegala,කුරුණෑගල ප්රා.ලේ.කො,කුඩුම්බුව,HR1,HR1,,KRG,KRG,826.0,House / නිවාස,2025-11-29 00:00:00,01:05:00,2025-12-11 00:00:00,Slope failures / බැවුම් අස්ථාවරවීම්,,Fully / පුර්ණහානි,,,,1.0,,,,,,1,,Kurunegala,80.35569,7.388646
80.37421,7.478364,Kurunegala,කුරුණෑගල ප්රා.ලේ.කො,කුරුණෑගල නගරය-ගැට්ටුවාන,HR1,HR1,,KRG,KRG,833.0,House / නිවාස,2025-12-29 00:00:00,,2025-12-08 00:00:00,Rock fall / ගල් පෙරලීම්,,,,,,1.0,,3.0,,8.0,,12,,Kurunegala,80.37421,7.478364
80.401193,7.412584,Kurunegala,මල්ලවපිටිය ප්රා.ලේ.කො,මොරතැන්න,HR1,HR1,,MLP,MLP,741.0,House / නිවාස,2025-11-27 00:00:00,,2026-03-27 00:00:00,"Rock fall / ගල් පෙරලීම්, Slope failures / බැවුම් අස්ථාවරවීම්",,,,,,4.0,,,,10.0,,14,,Kurunegala,80.401193,7.412584
80.38617,7.420886,Kurunegala,මල්ලවපිටිය ප්රා.ලේ.කො,වේරවැල්ල,HR1,HR1,,MLP,MLP,749.0,House / නිවාස,2025-11-27 00:00:00,00:45:00,2025-12-14 00:00:00,Slope failures / බැවුම් අස්ථාවරවීම්,,Partially / අර්ධහානි,,,,2.0,,1.0,,1.0,,4,,Kurunegala,80.38617,7.420886
80.37961,7.395248,Kurunegala,මල්ලවපිටිය ප්රා.ලේ.කො,ඉහළ තැලම්පිටිය,HR1,HR1,,MLP,MLP,753.0,House / නිවාස,2025-11-28 00:00:00,,2025-12-13 00:00:00,Cutting failure / කණ්ඩි අස්ථාවරවීම්,,Partially / අර්ධහානි,,,,2.0,,,,2.0,,4,,Kurunegala,80.37961,7.395248
80.40819,7.436052,Kurunegala,මල්ලවපිටිය ප්රා.ලේ.කො,වල්පොලකන්ද උතුර,HR1,HR1,,MLP,MLP,745.0,House / නිවාස,2025-11-28 00:00:00,,2025-12-13 00:00:00,Landslide / නායයෑම්,,Minor / සුළුහානි,,,,3.0,1.0,,,12.0,,16,,Kurunegala,80.40819,7.436052
80.38803,7.417479,Kurunegala,මල්ලවපිටිය ප්රා.ලේ.කො,ඉදුල්ගොගොඩකන්ද,HR1,HR1,,MLP,MLP,742.0,House / නිවාස,2025-11-28 00:00:00,,2025-12-14 00:00:00,Landslide / නායයෑම්,,,,,,1.0,,,,1.0,,2,,Kurunegala,80.38803,7.417479
80.39797,7.413481,Kurunegala,මල්ලවපිටිය ප්රා.ලේ.කො,මොරතැන්න,HR1,HR1,,MLP,MLP,752.0,House / නිවාස,2025-11-29 00:00:00,,2025-12-12 00:00:00,Slope failures / බැවුම් අස්ථාවරවීම්,,Fully / පුර්ණහානි,,,,2.0,3.0,6.0,,4.0,,15,,Kurunegala,80.39797,7.413481
80.37992,7.412109,Kurunegala,මල්ලවපිටිය ප්රා.ලේ.කො,කටුපිටිය දකුණ,HR1,HR1,,MLP,MLP,748.0,House / නිවාස,2025-11-28 00:00:00,,2025-12-13 00:00:00,Slope failures / බැවුම් අස්ථාවරවීම්,,Fully / පුර්ණහානි,,,,2.0,2.0,3.0,,2.0,,9,,Kurunegala,80.37992,7.412109
80.38552,7.415375,Kurunegala,මල්ලවපිටිය ප්රා.ලේ.කො,බෝගමුව,HR1,HR1,,MLP,MLP,741.0,House / නිවාස,2025-11-28 00:00:00,,2025-12-13 00:00:00,Cutting failure / කණ්ඩි අස්ථාවරවීම්,,Partially / අර්ධහානි,,,,1.0,,,,2.0,,3,,Kurunegala,80.38552,7.415375
80.38726,7.424428,Kurunegala,මල්ලවපිටිය ප්රා.ලේ.කො,ඉදුල්ගොඩකන්ද,HR1,HR1,,MLP,MLP,744.0,House / නිවාස,2025-11-28 00:00:00,23:45:00,2025-12-08 00:00:00,Slope failures / බැවුම් අස්ථාවරවීම්,,,,,,4.0,,,,3.0,,7,,Kurunegala,80.38726,7.424428
80.40571,7.419926,Kurunegala,මල්ලවපිටිය ප්රා.ලේ.කො,වල්පොල කන්ද උතුර,HR1,HR1,,MLP,MLP,,House / නිවාස,2025-11-28 00:00:00,23:30:00,2025-12-03 00:00:00,Slope failures / බැවුම් අස්ථාවරවීම්,,Partially / අර්ධහානි,,,,7.0,,6.0,,,,13,,Kurunegala,80.40571,7.419926
80.37833,7.409053,Kurunegala,මල්ලවපිටිය ප්රා.ලේ.කො,ඉහළ තැලම්පිටිය,HR1,HR1,,MLP,MLP,753.0,House / නිවාස,2025-11-28 00:00:00,,2025-12-13 00:00:00,Slope failures / බැවුම් අස්ථාවරවීම්,,Fully / පුර්ණහානි,,,,1.0,,3.0,,2.0,,6,,Kurunegala,80.37833,7.409053
80.44779,7.40708,Kurunegala,මාවතගම ප්රා.ලේ.කො,මැද්දගම්ගොගොඩ,HR1,HR1,,MWG,MWG,,House / නිවාස,2025-11-28 00:00:00,,2025-12-31 00:00:00,"Cutting failure / කණ්ඩි අස්ථාවරවීම්, Rock fall / ගල් පෙරලීම්, Slope failures / බැවුම් අස්ථාවරවීම්",,Fully / පුර්ණහානි,,,,17.0,,9.0,,14.0,,40,,Kurunegala,80.44779,7.40708
80.43954,7.389791,Kurunegala,මාවතගම ප්රා.ලේ.කො,වටරැක,HR1,HR1,,MWG,MWG,,House / නිවාස,2025-11-28 00:00:00,,2025-12-31 00:00:00,"Slope failures / බැවුම් අස්ථාවරවීම්, Cutting failure / කණ්ඩි අස්ථාවරවීම්",,Fully / පුර්ණහානි,,,,1.0,,1.0,,,,2,,Kurunegala,80.43954,7.389791
80.51667,7.398395,Kurunegala,මාවතගම ප්රා.ලේ.කො,මැටිබොක්ක,HR1,HR1,,MWG,MWG,142.0,House / නිවාස,2025-11-27 00:00:00,19:30:00,2025-12-07 00:00:00,"Slope failures / බැවුම් අස්ථාවරවීම්, Cutting failure / කණ්ඩි අස්ථාවරවීම්",,Fully / පුර්ණහානි,,,,1.0,,1.0,,2.0,,4,,Kurunegala,80.51667,7.398395
80.624561,7.06431,Nuwara Eliya,කොත්මලේ බටහිර ප්රා.ලේ.කො,රන්වන්තලාව,HR1,HR1,,NBRI/NE/KTD[West]-30/2025/LY/18 -Rev,NBRI/NE/KTD[West]-30/2025/LY/18 -Rev,,House / නිවාස,2025-11-27 00:00:00,,2025-12-19 00:00:00,Landslide / නායයෑම්,Resettle / නැවත පදිංචිකිරීම,Fully / පුර්ණහානි,,,,1.0,9.0,2.0,,16.0,,28,,Nuwara Eliya,80.624561,7.06431
80.598856,7.157561,Kandy,දොළුව ප්රා.ලේ.කො,තුන්දෙනිය,HR1,HR1,,MVN 051,MVN 051,,House / නිවාස,2025-11-28 00:00:00,,2026-04-03 00:00:00,Landslide / නායයෑම්,,,0.0,,,2.0,,2.0,,2.0,,6,,Kandy,80.598856,7.157561
80.688774,7.483465,Matale,රත්තොට ප්රා.ලේ.කො,උඩගම,HR1,HR1,,NBRO/MTL/RATHTHOTA/2026/MJ/119,NBRO/MTL/RATHTHOTA/2026/MJ/119,,House / නිවාස,,,2026-01-19 00:00:00,Other / වෙනත් (වෙනත් කරුණු යටතේ සදහන් කරන්න),Resettle / නැවත පදිංචිකිරීම,,,,,1.0,7.0,,,4.0,,12,,Matale,80.688774,7.483465
80.856035,7.097578,Nuwara Eliya,වලපනේ ප්රා.ලේ.කො,මුලහල්කැලේ,HR1,HR1,,NBRI/NE/WLD/2026/SMK/88),NBRI/NE/WLD/2026/SMK/88),,House / නිවාස,2025-11-27 00:00:00,,2026-01-15 00:00:00,Slope failures / බැවුම් අස්ථාවරවීම්,Resettle / නැවත පදිංචිකිරීම,Fully / පුර්ණහානි,,,,1.0,,,,1.0,,2,,Nuwara Eliya,80.856035,7.097578
80.42246,7.378413,Kurunegala,මාවතගම ප්රා.ලේ.කො,උග්ගල්පාය,HR1,HR1,,MWG,MWG,,House / නිවාස,2025-11-28 00:00:00,,2026-01-11 00:00:00,Slope failures / බැවුම් අස්ථාවරවීම්,,,,,,1.0,,,,,,1,,Kurunegala,80.42246,7.378413
80.42201,7.477334,Kurunegala,මාවතගම ප්රා.ලේ.කො,කඳුබොඩ,HR1,HR1,,MWG,MWG,700.0,House / නිවාස,2025-11-28 00:00:00,19:30:00,2025-12-07 00:00:00,"Cutting failure / කණ්ඩි අස්ථාවරවීම්, Slope failures / බැවුම් අස්ථාවරවීම්",,Partially / අර්ධහානි,,,,1.0,,,,2.0,,3,,Kurunegala,80.42201,7.477334
80.59373,7.186166,Kandy,උඩපළාත ප්රා.ලේ.කො,උඩෝවිට,HR1,HR1,,DMLP 297,DMLP 297,1125,House / නිවාස,2025-11-27 00:00:00,,2026-05-08 00:00:00,Cutting failure / කණ්ඩි අස්ථාවරවීම්,,,0.0,,,1.0,,,,4.0,,5,,Kandy,80.59373,7.186166
80.42488,7.470489,Kurunegala,මාවතගම ප්රා.ලේ.කො,කඳුබොඩ,HR1,HR1,,MWG,MWG,700.0,House / නිවාස,2025-11-27 00:00:00,00:40:00,2025-12-07 00:00:00,"Slope failures / බැවුම් අස්ථාවරවීම්, Cutting failure / කණ්ඩි අස්ථාවරවීම්",,Fully / පුර්ණහානි,,,,1.0,,,,1.0,,2,,Kurunegala,80.42488,7.470489
80.448,7.367277,Kurunegala,මාවතගම ප්රා.ලේ.කො,කොස්හින්න,HR1,HR1,,MWG,MWG,654.0,House / නිවාස,2025-11-28 00:00:00,,2025-12-23 00:00:00,Landslide / නායයෑම්,,,,,,1.0,,,,9.0,,10,,Kurunegala,80.448,7.367277
80.748873,7.155314,Nuwara Eliya,හඟුරන්කෙත ප්රා.ලේ.කො,කොස්ගහදෙබල,HR1,HR1,,NBRI/NE/HKD/2026/DMCP/121),NBRI/NE/HKD/2026/DMCP/121),500/ඩී,House / නිවාස,2025.11.26,,2026.03.17,Landslide / නායයෑම්,Resettle / නැවත පදිංචිකිරීම,Fully / පුර්ණහානි,,ගල් පෙරලීම්,,1.0,,4.0,,3.0,,8,,Nuwara Eliya,80.748873,7.155314
80.43708,7.433683,Kurunegala,මාවතගම ප්රා.ලේ.කො,මී පැලේගම උතුර,HR1,HR1,,MWG,MWG,672.0,House / නිවාස,2025-11-28 00:00:00,01:30:00,2025-12-24 00:00:00,Landslide / නායයෑම්,,,,,,2.0,,,,2.0,,4,,Kurunegala,80.43708,7.433683
80.50971,7.393578,Kurunegala,මාවතගම ප්රා.ලේ.කො,උඩපොට්ටමුල්ල,HR1,HR1,,MWG,MWG,643.0,House / නිවාස,2025-11-28 00:00:00,,2025-12-16 00:00:00,"Landslide / නායයෑම්, Slope failures / බැවුම් අස්ථාවරවීම්",,Partially / අර්ධහානි,,,,3.0,,2.0,,,,5,,Kurunegala,80.50971,7.393578
80.694468,7.066715,Nuwara Eliya,කොත්මලේ නැගෙනහිර ප්රා.ලේ.කො,රම්බොඩ සහ රම්බොඩගම,HR1,HR1,,NBRI/NE/KTD[East]/2025/LY/සංශෝධනය/15(ii)),NBRI/NE/KTD[East]/2025/LY/සංශෝධනය/15(ii)),,House / නිවාස,2025-11-27 00:00:00,,2025-12-15 00:00:00,Landslide / නායයෑම්,Resettle / නැවත පදිංචිකිරීම,Fully / පුර්ණහානි,,"බෑවුම් අස්ථාවර වීම,ගල් පෙරලීම්",,24.0,5.0,19.0,,,,48,,Nuwara Eliya,80.694468,7.066715
80.51051,7.394018,Kurunegala,මාවතගම ප්රා.ලේ.කො,උඩපොට්ටමුල්ල,HR1,HR1,,MWG,MWG,643.0,House / නිවාස,2025-11-28 00:00:00,22:10:00,2025-12-16 00:00:00,"Cutting failure / කණ්ඩි අස්ථාවරවීම්, Slope failures / බැවුම් අස්ථාවරවීම්",,Partially / අර්ධහානි,,,,1.0,,1.0,,1.0,,3,,Kurunegala,80.51051,7.394018
80.51359,7.391859,Kurunegala,මාවතගම ප්රා.ලේ.කො,මැටිබොක්ක,HR1,HR1,,MWG,MWG,642.0,House / නිවාස,2025-11-27 00:00:00,19:30:00,2025-12-14 00:00:00,"Cutting failure / කණ්ඩි අස්ථාවරවීම්, Slope failures / බැවුම් අස්ථාවරවීම්",,Fully / පුර්ණහානි,,,,2.0,1.0,,,7.0,,10,,Kurunegala,80.51359,7.391859
80.776983,7.146769,Nuwara Eliya,හඟුරන්කෙත ප්රා.ලේ.කො,රත්මැටිය,HR1,HR1,,NBRI/NE/HKD/2026/WGMSS/36),NBRI/NE/HKD/2026/WGMSS/36),494/සී,House / නිවාස,2025.11.27,,2026-03-11 00:00:00,Slope failures / බැවුම් අස්ථාවරවීම්,Resettle / නැවත පදිංචිකිරීම,Fully / පුර්ණහානි,,,,1.0,1.0,,,4.0,,6,,Nuwara Eliya,80.776983,7.146769
80.41789,7.39017,Kurunegala,මාවතගම ප්රා.ලේ.කො,දුනුකේවත්ත,HR1,HR1,,MWG,MWG,665.0,House / නිවාස,2025-11-28 00:00:00,23:15:00,2025-12-12 00:00:00,Landslide / නායයෑම්,,Fully / පුර්ණහානි,,,,1.0,,,,,2.0,3,,Kurunegala,80.41789,7.39017
80.40808,7.483741,Kurunegala,මාවතගම ප්රා.ලේ.කො,ගෝනගල්දෙනිය,HR1,HR1,,MWG,MWG,,House / නිවාස,2025-11-27 00:00:00,22:45:00,2025-12-03 00:00:00,"Slope failures / බැවුම් අස්ථාවරවීම්, Cutting failure / කණ්ඩි අස්ථාවරවීම්",,Fully / පුර්ණහානි,,,,4.0,,2.0,,1.0,,7,,Kurunegala,80.40808,7.483741
80.41717,7.391165,Kurunegala,මාවතගම ප්රා.ලේ.කො,දුනුකේවත්ත,HR1,HR1,,MWG,MWG,665.0,House / නිවාස,2025-11-28 00:00:00,,2025-12-12 00:00:00,Landslide / නායයෑම්,,Fully / පුර්ණහානි,,,,1.0,2.0,1.0,,,,4,,Kurunegala,80.41717,7.391165
80.593306,7.038561,Nuwara Eliya,කොත්මලේ බටහිර ප්රා.ලේ.කො,හුණුගල්ඔය,HR1,HR1,,NBRI/NE/KTD[West]/2025/DMCP/06 -Rev,NBRI/NE/KTD[West]/2025/DMCP/06 -Rev,460 එච්,House / නිවාස,2025-11-28 00:00:00,,2025-12-08 00:00:00,Landslide / නායයෑම්,Resettle / නැවත පදිංචිකිරීම,Fully / පුර්ණහානි,,,,1.0,,,,1.0,,2,,Nuwara Eliya,80.593306,7.038561
80.41852,7.402033,Kurunegala,මාවතගම ප්රා.ලේ.කො,දුනුකේවත්ත,HR1,HR1,,MWG,MWG,665.0,House / නිවාස,2025-11-28 00:00:00,23:00:00,2025-12-11 00:00:00,"Cutting failure / කණ්ඩි අස්ථාවරවීම්, Slope failures / බැවුම් අස්ථාවරවීම්",,Minor / සුළුහානි,,,,1.0,,1.0,,,,2,,Kurunegala,80.41852,7.402033
80.522776,7.175893,Kegalle,මාවනැල්ල ප්රා.ලේ.කො,බලත්ගමුව,HR1,HR1,,LRR MWP 80,LRR MWP 80,40 බී,House / නිවාස,2025-11-27 00:00:00,,2026-02-17 00:00:00,Slope failures / බැවුම් අස්ථාවරවීම්,Resettle / නැවත පදිංචිකිරීම,Partially / අර්ධහානි,,,,1.0,,1.0,,11.0,,13,,Kegalle,80.522776,7.175893
80.25629,7.314241,Kurunegala,අලව්ව ප්රා.ලේ.කො,ඉහලවලකුඹුර,HR1,HR1,,ALW,ALW,,House / නිවාස,2025-11-28 00:00:00,,2025-12-16 00:00:00,"Landslide / නායයෑම්, Rock fall / ගල් පෙරලීම්",,Partially / අර්ධහානි,,,,1.0,1.0,6.0,,16.0,4.0,28,,Kurunegala,80.25629,7.314241
80.24755,7.35565,Kurunegala,අලව්ව ප්රා.ලේ.කො,වඩුවාව,HR1,HR1,,ALW,ALW,971.0,House / නිවාස,2025-11-28 00:00:00,,2025-12-04 00:00:00,Slope failures / බැවුම් අස්ථාවරවීම්,,Fully / පුර්ණහානි,,,,2.0,,1.0,,1.0,,4,,Kurunegala,80.24755,7.35565
80.2646,7.379793,Kurunegala,අලව්ව ප්රා.ලේ.කො,වදාව,HR1,HR1,,ALW,ALW,965.0,House / නිවාස,2025-11-08 00:00:00,,2025-12-08 00:00:00,Landslide / නායයෑම්,,Partially / අර්ධහානි,,,,3.0,,4.0,,32.0,,39,,Kurunegala,80.2646,7.379793
80.41884,7.636492,Kurunegala,ගනේවත්ත ප්රා.ලේ.කො,අරන්කැලේ,HR1,HR1,,GNW,GNW,441.0,Religiou / ආගමික ස්ථානය,2025-11-29 00:00:00,,2025-12-13 00:00:00,Slope failures / බැවුම් අස්ථාවරවීම්,,Partially / අර්ධහානි,,,,1.0,,1.0,,7.0,,9,,Kurunegala,80.41884,7.636492
80.33741,7.369511,Kurunegala,පොල්ගහවෙල ප්රා.ලේ.කො,වැල්ලෑව,HR1,HR1,,PLG,PLG,116,Business / ව්‍යාපාරික ස්ථානය,2025-11-27 00:00:00,21:35:00,2025-12-23 00:00:00,Slope failures / බැවුම් අස්ථාවරවීම්,,Fully / පුර්ණහානි,,,,1.0,,,,9.0,,10,,Kurunegala,80.33741,7.369511
80.27867,7.350253,Kurunegala,පොල්ගහවෙල ප්රා.ලේ.කො,වීරාගල,HR1,HR1,,PLG,PLG,948,House / නිවාස,2025-11-28 00:00:00,23:00:00,2025-12-11 00:00:00,Landslide / නායයෑම්,,,,,,1.0,,,,10.0,,11,,Kurunegala,80.27867,7.350253
80.30292,7.337154,Kurunegala,පොල්ගහවෙල ප්රා.ලේ.කො,ගනේගොඩ දකුණ,HR1,HR1,,PLG,PLG,,House / නිවාස,2025-11-28 00:00:00,,2025-12-09 00:00:00,Cutting failure / කණ්ඩි අස්ථාවරවීම්,,,,,,1.0,1.0,,,8.0,,10,,Kurunegala,80.30292,7.337154
80.34842,7.359826,Kurunegala,පොල්ගහවෙල ප්රා.ලේ.කො,සුනිලගම,HR1,HR1,,PLG,PLG,929,House / නිවාස,2025-11-28 00:00:00,,,Other / වෙනත් (වෙනත් කරුණු යටතේ සදහන් කරන්න),,Fully / පුර්ණහානි,,,,1.0,,,,,,1,,Kurunegala,80.34842,7.359826
80.29762,7.334545,Kurunegala,පොල්ගහවෙල ප්රා.ලේ.කො,"ගනේගොඩ දකුණ, මැද්දලන්ද",HR1,HR1,,PLG,PLG,"942, 935",House / නිවාස,2025-11-29 00:00:00,03:00:00,2025-12-09 00:00:00,Slope failures / බැවුම් අස්ථාවරවීම්,,,,,,1.0,,1.0,,6.0,,8,,Kurunegala,80.29762,7.334545
80.33626,7.360782,Kurunegala,පොල්ගහවෙල ප්රා.ලේ.කො,අරාගොඩ,HR1,HR1,,PLG,PLG,925,House / නිවාස,,,2025-12-04 00:00:00,Slope failures / බැවුම් අස්ථාවරවීම්,,,,,,1.0,4.0,,,,,5,,Kurunegala,80.33626,7.360782
80.28296,7.370073,Kurunegala,පොල්ගහවෙල ප්රා.ලේ.කො,ගල්ලෙනමුල්ල,HR1,HR1,,PLG,PLG,951,House / නිවාස,2025-11-28 00:00:00,20:50:00,2025-12-03 00:00:00,Landslide / නායයෑම්,,Partially / අර්ධහානි,,,,4.0,2.0,,,4.0,,10,,Kurunegala,80.28296,7.370073
80.670548,7.087255,Nuwara Eliya,කොත්මලේ නැගෙනහිර ප්රා.ලේ.කො,හෙල්බොඩ,HR1,HR1,,NBRI/NE/KTD[East]/2025/LY/16)-Rev,NBRI/NE/KTD[East]/2025/LY/16)-Rev,479 ජේ,House / නිවාස,2025-11-27 00:00:00,7.30 PM,2025-12-17 00:00:00,Landslide / නායයෑම්,Resettle / නැවත පදිංචිකිරීම,Fully / පුර්ණහානි,,,,2.0,7.0,9.0,,19.0,,37,,Nuwara Eliya,80.670548,7.087255
80.902085,7.019946,Nuwara Eliya,නිල්දණ්ඩහින්න ප්රා.ලේ.කො,අඹලියද්ද,HR1,HR1,,NBRI/NE/WLD[Nildandahinna]/2026/BBW/18),NBRI/NE/WLD[Nildandahinna]/2026/BBW/18),531,House / නිවාස,"2025 නොවැම්බර් 27 දින, දිත්වා සුළි කුණාටුවත් සමග මෙම ස්ථානයේ පෙර පැවති භූ අස්තාවරත්වය තවදුරටත් වර්ධ",,මෙම ස්ථානයට අදාළව 2022 අප්‍රේල් 30 දින අංක NBRO/LRRMD/31/NE/WLD/LI22/0806 දරණ මූලික භූ සමීක්ෂණ වාර්තාවක් ලබා දී ඇත.,Rock fall / ගල් පෙරලීම්,Resettle / නැවත පදිංචිකිරීම,Fully / පුර්ණහානි,,,,3.0,,,,,,3,,Nuwara Eliya,80.902085,7.019946
80.509592,7.732651,Kurunegala,පොල්පිතිගම ප්රා.ලේ.කො,බද්දේගම,HR1,HR1,,PPG,PPG,408,House / නිවාස,2025-11-28 00:00:00,,2025-12-10 00:00:00,"Slope failures / බැවුම් අස්ථාවරවීම්, Rock fall / ගල් පෙරලීම්",,Fully / පුර්ණහානි,,,,2.0,,,,1.0,1.0,4,,Kurunegala,80.509592,7.732651
80.34065,7.347795,Kurunegala,පොල්ගහවෙල ප්රා.ලේ.කො,ගොඩිගමුව,HR1,HR1,,PLG,PLG,927,House / නිවාස,2025-11-28 00:00:00,,2025-12-04 00:00:00,Landslide / නායයෑම්,,,,,,1.0,15.0,,,9.0,,25,,Kurunegala,80.34065,7.347795
80.534763,7.707958,Kurunegala,පොල්පිතිගම ප්රා.ලේ.කො,මැදකන්ද,HR1,HR1,,PPG,PPG,410,House / නිවාස,2025-11-27 00:00:00,,2025-12-05 00:00:00,Slope failures / බැවුම් අස්ථාවරවීම්,,Partially / අර්ධහානි,,,,1.0,,,,,,1,,Kurunegala,80.534763,7.707958
80.53487,7.716379,Kurunegala,පොල්පිතිගම ප්රා.ලේ.කො,පරගහ ඇල,HR1,HR1,,PPG,PPG,411,House / නිවාස,2025-11-28 00:00:00,,2025-12-04 00:00:00,Slope failures / බැවුම් අස්ථාවරවීම්,,Partially / අර්ධහානි,,,,1.0,,,,,,1,,Kurunegala,80.53487,7.716379
80.536264,7.717636,Kurunegala,පොල්පිතිගම ප්රා.ලේ.කො,පරගහ ඇල,HR1,HR1,,PPG,PPG,411,House / නිවාස,2025-11-28 00:00:00,,2025-12-04 00:00:00,Slope failures / බැවුම් අස්ථාවරවීම්,,Fully / පුර්ණහානි,,,,2.0,,2.0,,2.0,,6,,Kurunegala,80.536264,7.717636
80.482406,7.190865,Kegalle,මාවනැල්ල ප්රා.ලේ.කො,කූරගල,HR1,HR1,,LRR-MWP-87,LRR-MWP-87,,House / නිවාස,2025-11-27 00:00:00,,2026-03-22 00:00:00,Slope failures / බැවුම් අස්ථාවරවීම්,Resettle / නැවත පදිංචිකිරීම,Fully / පුර්ණහානි,,,,1.0,,,,6.0,,7,,Kegalle,80.482406,7.190865
80.8063,7.101138,Nuwara Eliya,වලපනේ ප්රා.ලේ.කො,ලදුපිට,HR1,HR1,,NBRI/NE/WLD/2026/DMCP/153),NBRI/NE/WLD/2026/DMCP/153),,House / නිවාස,2025.11.27,,2026. 06.15,Landslide / නායයෑම්,Resettle / නැවත පදිංචිකිරීම,Fully / පුර්ණහානි,,,,1.0,,17.0,,19.0,,37,,Nuwara Eliya,80.8063,7.101138
80.436203,7.242446,Kegalle,මාවනැල්ල ප්රා.ලේ.කො,වැලිගල්ල,HR1,HR1,,LRR-MWP-86,LRR-MWP-86,,House / නිවාස,2025-11-27 00:00:00,,2026-03-22 00:00:00,Slope failures / බැවුම් අස්ථාවරවීම්,Resettle / නැවත පදිංචිකිරීම,Fully / පුර්ණහානි,,,,1.0,,,,3.0,,4,,Kegalle,80.436203,7.242446
80.53619,7.706374,Kurunegala,ඉබ්බාගමුව ප්රා.ලේ.කො,ඕමාරගොල්ල,HR1,HR1,,IBB,IBB,,House / නිවාස,2025-11-11 00:00:00,13:00:00,2025-12-09 00:00:00,Slope failures / බැවුම් අස්ථාවරවීම්,,,,,,2.0,,,,11.0,31.0,44,,Kurunegala,80.53619,7.706374
80.53028,7.68637,Kurunegala,ඉබ්බාගමුව ප්රා.ලේ.කො,පන්ලියද්ද,HR1,HR1,,IBB,IBB,416,House / නිවාස,2025-11-28 00:00:00,,2025-12-08 00:00:00,"Slope failures / බැවුම් අස්ථාවරවීම්, Cutting failure / කණ්ඩි අස්ථාවරවීම්",,Partially / අර්ධහානි,,,,1.0,,,,3.0,,4,,Kurunegala,80.53028,7.68637
80.52533,7.69608,Kurunegala,ඉබ්බාගමුව ප්රා.ලේ.කො,ගුරුස්ස,HR1,HR1,,IBB,IBB,416,House / නිවාස,2025-11-28 00:00:00,03:00:00,2025-12-12 00:00:00,Landslide / නායයෑම්,,Fully / පුර්ණහානි,,,,7.0,,2.0,,15.0,,24,,Kurunegala,80.52533,7.69608
80.44904,7.611992,Kurunegala,ඉබ්බාගමුව ප්රා.ලේ.කො,පුදුක්කුලම,HR1,HR1,,IBB,IBB,439,House / නිවාස,2025-11-28 00:00:00,20:20:00,2025-12-02 00:00:00,Landslide / නායයෑම්,,Partially / අර්ධහානි,,,,6.0,2.0,,,5.0,,13,,Kurunegala,80.44904,7.611992
80.689286,7.005897,Nuwara Eliya,කොත්මලේ නැගෙනහිර ප්රා.ලේ.කො,නියම්ගන්දොර,HR1,HR1,,(NBRI/NE/KTD[East]/2025/PTG/සංශෝධන08(iii)-REV (iii),(NBRI/NE/KTD[East]/2025/PTG/සංශෝධන08(iii)-REV (iii),,House / නිවාස,2025-11-27 00:00:00,,2025-12-14 00:00:00,Landslide / නායයෑම්,Resettle / නැවත පදිංචිකිරීම,Fully / පුර්ණහානි,,,,3.0,4.0,11.0,,,,18,,Nuwara Eliya,80.689286,7.005897
80.53535,7.700921,Kurunegala,ඉබ්බාගමුව ප්රා.ලේ.කො,ඕමාරගොල්ල,HR1,HR1,,IBB,IBB,415,House / නිවාස,2025-11-27 00:00:00,22:00:00,2025-12-04 00:00:00,Landslide / නායයෑම්,,,,,,1.0,,5.0,,8.0,,14,,Kurunegala,80.53535,7.700921
80.4383,7.600537,Kurunegala,ඉබ්බාගමුව ප්රා.ලේ.කො,දීයාව,HR1,HR1,,IBB,IBB,490,House / නිවාස,2025-11-28 00:00:00,,2025-12-08 00:00:00,"Slope failures / බැවුම් අස්ථාවරවීම්, Cutting failure / කණ්ඩි අස්ථාවරවීම්, Landslide / නායයෑම්",,,,,,2.0,,,,4.0,,6,,Kurunegala,80.4383,7.600537
80.41316,7.569451,Kurunegala,ඉබ්බාගමුව ප්රා.ලේ.කො,පේද්දව,HR1,HR1,,IBB,IBB,475,House / නිවාස,2025-11-28 00:00:00,,2025-12-17 00:00:00,Landslide / නායයෑම්,,Partially / අර්ධහානි,,,,1.0,,1.0,,2.0,,4,,Kurunegala,80.41316,7.569451
80.55462,7.45441,Kurunegala,රිදීගම ප්රා.ලේ.කො,මිරිස්සල,HR1,HR1,,RDG,RDG,,House / නිවාස,2025-11-28 00:00:00,,2026-01-24 00:00:00,Slope failures / බැවුම් අස්ථාවරවීම්,,Fully / පුර්ණහානි,,,1478.0,10.0,3.0,12.0,,14.0,4.0,43,,Kurunegala,80.55462,7.45441
80.51253,7.473073,Kurunegala,රිදීගම ප්රා.ලේ.කො,මාල්බේ,HR1,HR1,,RDG,RDG,"මාල්බේ ජනපදය, පිහිඹුව",House / නිවාස,2025-11-27 00:00:00,,2025-12-28 00:00:00,Slope failures / බැවුම් අස්ථාවරවීම්,,Fully / පුර්ණහානි,,,1293.0,1.0,,,,1.0,,2,,Kurunegala,80.51253,7.473073
80.53106,7.459877,Kurunegala,රිදීගම ප්රා.ලේ.කො,මහවෙල,HR1,HR1,,RDG,RDG,"මහවෙල, පිහිම්බුව",House / නිවාස,2025-11-28 00:00:00,,2026-01-10 00:00:00,Slope failures / බැවුම් අස්ථාවරවීම්,,,,,1323.0,1.0,,5.0,1.0,15.0,,22,,Kurunegala,80.53106,7.459877
80.5559,7.604573,Kurunegala,රිදීගම ප්රා.ලේ.කො,වඳුරැස්ස,HR1,HR1,,RDG,RDG,"වදුරෑස්ස, උඩහේන, මදුරාගොඩ",House / නිවාස,2025-11-28 00:00:00,,2025-12-19 00:00:00,,,Minor / සුළුහානි,,,1214.0,2.0,9.0,15.0,,19.0,,45,,Kurunegala,80.5559,7.604573
80.707023,7.04909,Nuwara Eliya,කොත්මලේ නැගෙනහිර ප්රා.ලේ.කො,පලාගොල්ල,HR1,HR1,,NBRI/NE/KTD[East]-40/2025/RR/10)-Rev,NBRI/NE/KTD[East]-40/2025/RR/10)-Rev,474 සී,House / නිවාස,2025-11-27 00:00:00,4.45 PM,2025-12-13 00:00:00,Slope failures / බැවුම් අස්ථාවරවීම්,Resettle / නැවත පදිංචිකිරීම,Fully / පුර්ණහානි,,,,1.0,2.0,,,1.0,,4,,Nuwara Eliya,80.707023,7.04909
80.50055,7.48,Kurunegala,රිදීගම ප්රා.ලේ.කො,රන්තැටිකන්ද,HR1,HR1,,RDG,RDG,"රන්තැතැටිකන්ද, පානගමුව",House / නිවාස,,,2025-12-30 00:00:00,Slope failures / බැවුම් අස්ථාවරවීම්,,Fully / පුර්ණහානි,,,1143.0,1.0,,,,,,1,,Kurunegala,80.50055,7.48
80.49722,7.481944,Kurunegala,රිදීගම ප්රා.ලේ.කො,‍රන්තැටිකන්ද,HR1,HR1,,RDG,RDG,‍රන්තැටිකන්ද,House / නිවාස,,,2025-12-30 00:00:00,Landslide / නායයෑම්,,,,,1135.0,1.0,,,,,,1,,Kurunegala,80.49722,7.481944
80.5539,7.419563,Kurunegala,රිදීගම ප්රා.ලේ.කො,නියන්ගම,HR1,HR1,,RDG,RDG,"පල්දෙණිය, නියන්ගම, කණදෙනියාවල",House / නිවාස,2025-11-27 00:00:00,,2025-12-25 00:00:00,,,Minor / සුළුහානි,,,1078.0,1.0,4.0,6.0,,14.0,,25,,Kurunegala,80.5539,7.419563
80.49745,7.442493,Kurunegala,රිදීගම ප්රා.ලේ.කො,පුස්සැලිකන්ද,HR1,HR1,,RDG,RDG,"පුස්සැලිකන්ද, පුස්සැලිතැන්න",House / නිවාස,2025-11-27 00:00:00,19:30:00,2025-12-26 00:00:00,"Slope failures / බැවුම් අස්ථාවරවීම්, Other / වෙනත් (වෙනත් කරුණු යටතේ සදහන් කරන්න)",,Fully / පුර්ණහානි,,,1089.0,1.0,,,,,,1,,Kurunegala,80.49745,7.442493
80.53783,7.590808,Kurunegala,රිදීගම ප්රා.ලේ.කො,මීපිටිය,HR1,HR1,,RDG,RDG,"වාගොල්ලවත්ත, මීපිටිය, දොඩම්ගස්ලන්ද",House / නිවාස,2025-11-28 00:00:00,13:00:00,2025-12-31 00:00:00,Cutting failure / කණ්ඩි අස්ථාවරවීම්,,Partially / අර්ධහානි,,,1073.0,1.0,,,,2.0,,3,,Kurunegala,80.53783,7.590808
80.54579,7.56955,Kurunegala,රිදීගම ප්රා.ලේ.කො,මිනිරංගම,HR1,HR1,,RDG,RDG,"නාගොල්ල ජනපදය, දොඩම්ගස්ලන්ද",House / නිවාස,2025-11-28 00:00:00,21:30:00,2025-12-31 00:00:00,Slope failures / බැවුම් අස්ථාවරවීම්,,Fully / පුර්ණහානි,,,1074.0,1.0,,,,,,1,,Kurunegala,80.54579,7.56955
80.54417,7.590668,Kurunegala,රිදීගම ප්රා.ලේ.කො,කොටුහේන,HR1,HR1,,RDG,RDG,"වෙලන්රූප්ප, කොටුහේන",House / නිවාස,2025-11-27 00:00:00,,2025-12-26 00:00:00,Landslide / නායයෑම්,,Partially / අර්ධහානි,,,1031.0,2.0,,3.0,,2.0,4.0,11,,Kurunegala,80.54417,7.590668
80.608205,7.511285,Matale,මාතලේ ප්රා.ලේ.කො,බිබිරිදවෙල,HR1,HR1,,NBRO/MTL/MATALE/2025/EIJ/27,NBRO/MTL/MATALE/2025/EIJ/27,E - 327,House / නිවාස,,,2025-12-11 00:00:00,"Landslide / නායයෑම්, Rock fall / ගල් පෙරලීම්, Slope failures / බැවුම් අස්ථාවරවීම්",Resettle / නැවත පදිංචිකිරීම,,0.0,,,1.0,,1.0,,2.0,,4,,Matale,80.608205,7.511285
80.54585,7.589659,Kurunegala,රිදීගම ප්රා.ලේ.කො,කොටුහේන,HR1,HR1,,RDG,RDG,කොටුහේන,House / නිවාස,2025-11-28 00:00:00,,2025-12-26 00:00:00,Landslide / නායයෑම්,,Fully / පුර්ණහානි,,,1041.0,1.0,1.0,2.0,,1.0,3.0,8,,Kurunegala,80.54585,7.589659
80.617002,7.536357,Matale,මාතලේ ප්රා.ලේ.කො,ඇල්ලේපොල,HR1,HR1,,"NBRO/MTL/MATALE/2025/MMCUB,BCA/52","NBRO/MTL/MATALE/2025/MMCUB,BCA/52",,House / නිවාස,2025-11-27 00:00:00,,2025-12-04 00:00:00,"Rock fall / ගල් පෙරලීම්, Slope failures / බැවුම් අස්ථාවරවීම්",Resettle / නැවත පදිංචිකිරීම,Fully / පුර්ණහානි,0.0,,,12.0,14.0,14.0,,18.0,,58,,Matale,80.617002,7.536357
80.68263,7.071,Nuwara Eliya,කොත්මලේ නැගෙනහිර ප්රා.ලේ.කො,රම්බොඩ,HR1,HR1,,NBRI/NE/KTD[East]-48/2025/RR/18)-Rev,NBRI/NE/KTD[East]-48/2025/RR/18)-Rev,474,House / නිවාස,2025-11-27 00:00:00,6.00 PM,2025-12-11 00:00:00,Slope failures / බැවුම් අස්ථාවරවීම්,Resettle / නැවත පදිංචිකිරීම,Fully / පුර්ණහානි,,,,1.0,6.0,1.0,,,,8,,Nuwara Eliya,80.68263,7.071
80.56285,7.497335,Kurunegala,රිදීගම ප්රා.ලේ.කො,කිරිබත්ගල්ල,HR1,HR1,,RDG,RDG,"රුප්ප, කිරිබත්ගල්ල, දෙල්විට",House / නිවාස,2025-11-28 00:00:00,,2025-12-23 00:00:00,Cutting failure / කණ්ඩි අස්ථාවරවීම්,,Fully / පුර්ණහානි,,,914.0,1.0,,3.0,,3.0,,7,,Kurunegala,80.56285,7.497335
80.5362,7.449211,Kurunegala,රිදීගම ප්රා.ලේ.කො,මීලියද්ද,HR1,HR1,,RDG,RDG,මීලියද්ද,House / නිවාස,2025-11-28 00:00:00,,2025-12-29 00:00:00,Slope failures / බැවුම් අස්ථාවරවීම්,,Fully / පුර්ණහානි,,,885.0,4.0,5.0,,,1.0,,10,,Kurunegala,80.5362,7.449211
80.51484,7.542111,Kurunegala,රිදීගම ප්රා.ලේ.කො,තෙලඹුගල්ල,HR1,HR1,,RDG,RDG,තෙලඹුගල්ල,House / නිවාස,2025-11-28 00:00:00,,2025-12-25 00:00:00,Other / වෙනත් (වෙනත් කරුණු යටතේ සදහන් කරන්න),,,,,841.0,1.0,,,,,,1,,Kurunegala,80.51484,7.542111
80.54632,7.465193,Kurunegala,රිදීගම ප්රා.ලේ.කො,මිරිස්සල,HR1,HR1,,RDG,RDG,"මිරිස්සල, මිරිස්සල",House / නිවාස,2025-11-28 00:00:00,,2025-11-26 00:00:00,Slope failures / බැවුම් අස්ථාවරවීම්,,Fully / පුර්ණහානි,,,862.0,1.0,,1.0,,14.0,,16,,Kurunegala,80.54632,7.465193
80.669145,7.076513,Nuwara Eliya,කොත්මලේ නැගෙනහිර ප්රා.ලේ.කො,දෙලුම්තලාමඩ,HR1,HR1,,NBRI/NE/KTD[East]/2025/SMK/31-Rev,NBRI/NE/KTD[East]/2025/SMK/31-Rev,,House / නිවාස,2025-11-27 00:00:00,,2025-12-16 00:00:00,Landslide / නායයෑම්,Resettle / නැවත පදිංචිකිරීම,Fully / පුර්ණහානි,,,,4.0,16.0,,,,,20,,Nuwara Eliya,80.669145,7.076513
80.48001,7.483567,Kurunegala,රිදීගම ප්රා.ලේ.කො,"බුළුවල, බුළුවල කන්ද",HR1,HR1,,RDG,RDG,"ඇල්ලෙවැව, බුළුවල",House / නිවාස,2025-11-28 00:00:00,23:45:00,2025-11-22 00:00:00,"Landslide / නායයෑම්, Slope failures / බැවුම් අස්ථාවරවීම්, Rock fall / ගල් පෙරලීම්",,Fully / පුර්ණහානි,,,810.0,4.0,,1.0,,9.0,,14,,Kurunegala,80.48001,7.483567
80.49361,7.451489,Kurunegala,රිදීගම ප්රා.ලේ.කො,ඇරපොලකන්ද,HR1,HR1,,RDG,RDG,"ඇරපොලකන්ද, අංහන්දිය",House / නිවාස,2025-11-27 00:00:00,,2025-12-28 00:00:00,Slope failures / බැවුම් අස්ථාවරවීම්,,Fully / පුර්ණහානි,,,777.0,1.0,1.0,2.0,,3.0,1.0,8,,Kurunegala,80.49361,7.451489
80.51936,7.48174,Kurunegala,රිදීගම ප්රා.ලේ.කො,ඕගොඩපොල,HR1,HR1,,RDG,RDG,"නැරවුල්ල වත්ත, ඕගොඩපොල, රිදීගම",House / නිවාස,2025-11-28 00:00:00,02:00:00,2025-12-24 00:00:00,Other / වෙනත් (වෙනත් කරුණු යටතේ සදහන් කරන්න),,Fully / පුර්ණහානි,,,732.0,1.0,1.0,6.0,,10.0,2.0,20,,Kurunegala,80.51936,7.48174
80.51062,7.471668,Kurunegala,රිදීගම ප්රා.ලේ.කො,නැලඋල්ල,HR1,HR1,,RDG,RDG,"පහළහේන, නැලඋල්ල,පිහිඹුව",House / නිවාස,2025-11-27 00:00:00,,2025-12-21 00:00:00,Slope failures / බැවුම් අස්ථාවරවීම්,,Partially / අර්ධහානි,,,729.0,3.0,,,,5.0,,8,,Kurunegala,80.51062,7.471668
80.48897,7.470157,Kurunegala,රිදීගම ප්රා.ලේ.කො,මැදකන්ද,HR1,HR1,,RDG,RDG,මැදකන්ද,House / නිවාස,2025-11-27 00:00:00,,2025-12-17 00:00:00,Slope failures / බැවුම් අස්ථාවරවීම්,,Partially / අර්ධහානි,,,697.0,5.0,7.0,1.0,,8.0,8.0,29,,Kurunegala,80.48897,7.470157
80.51081,7.462347,Kurunegala,රිදීගම ප්රා.ලේ.කො,නැලඋල්ල,HR1,HR1,,RDG,RDG,"ගලපිටදමුණ් හේන,හපුගහතැන්න",House / නිවාස,2025-11-28 00:00:00,,2025-12-21 00:00:00,Landslide / නායයෑම්,,Minor / සුළුහානි,,,719.0,2.0,,1.0,,,,3,,Kurunegala,80.51081,7.462347
80.666355,7.034552,Nuwara Eliya,කොත්මලේ නැගෙනහිර ප්රා.ලේ.කො,මැදකන්ද,HR1,HR1,,NBRI/NE/KTD[East]/2025/KLKT/16),NBRI/NE/KTD[East]/2025/KLKT/16),469 සී,House / නිවාස,2025-11-27 00:00:00,රාත්‍රී 7.15 – 7.30,2025-12-26 00:00:00,Landslide / නායයෑම්,Resettle / නැවත පදිංචිකිරීම,Fully / පුර්ණහානි,,,,4.0,1.0,6.0,,46.0,,57,,Nuwara Eliya,80.666355,7.034552
80.640386,7.128983,Kandy,උඩපළාත ප්රා.ලේ.කො,දුනුකේඋල්ල,HR1,HR1,,DMLP 253,DMLP 253,1183,House / නිවාස,2025-11-27 00:00:00,,2026-03-12 00:00:00,Cutting failure / කණ්ඩි අස්ථාවරවීම්,,,0.0,,,1.0,2.0,,,2.0,,5,,Kandy,80.640386,7.128983
80.48184,7.473945,Kurunegala,රිදීගම ප්රා.ලේ.කො,ගෝනමඩ,HR1,HR1,,RDG,RDG,ගෝනමඩ,House / නිවාස,2025-11-28 00:00:00,,2025-12-17 00:00:00,Slope failures / බැවුම් අස්ථාවරවීම්,,Partially / අර්ධහානි,,,675.0,1.0,,3.0,,3.0,,7,,Kurunegala,80.48184,7.473945
80.48934,7.458578,Kurunegala,රිදීගම ප්රා.ලේ.කො,ඇරූපොල කන්ද,HR1,HR1,,RDG,RDG,"ඇරූපොල කන්ද,අං හන්දිය",House / නිවාස,2025-11-28 00:00:00,,2025-12-17 00:00:00,Cutting failure / කණ්ඩි අස්ථාවරවීම්,,Partially / අර්ධහානි,,,684.0,1.0,1.0,1.0,,,,3,,Kurunegala,80.48934,7.458578
80.50606,7.5193,Kurunegala,රිදීගම ප්රා.ලේ.කො,නහල්ල,HR1,HR1,,RDG,RDG,කැබැල්ල කන්ද,House / නිවාස,2025-11-28 00:00:00,,2025-12-25 00:00:00,Landslide / නායයෑම්,,Fully / පුර්ණහානි,,,647.0,2.0,1.0,11.0,,1.0,,15,,Kurunegala,80.50606,7.5193
80.56201,7.481788,Kurunegala,රිදීගම ප්රා.ලේ.කො,බඹරගහකන්ද,HR1,HR1,,RDG,RDG,"බඹරගහකන්ද, අලවතුවල",House / නිවාස,2025-11-27 00:00:00,22:00:00,2025-12-25 00:00:00,"Slope failures / බැවුම් අස්ථාවරවීම්, Cutting failure / කණ්ඩි අස්ථාවරවීම්",,Partially / අර්ධහානි,,,670.0,1.0,,2.0,,,,3,,Kurunegala,80.56201,7.481788
80.56087,7.474878,Kurunegala,රිදීගම ප්රා.ලේ.කො,බඹරගහකන්ද,HR1,HR1,,RDG,RDG,"බඹරගහකන්ද, අලවතුවල",House / නිවාස,2025-11-27 00:00:00,18:30:00,2025-12-25 00:00:00,"Slope failures / බැවුම් අස්ථාවරවීම්, Cutting failure / කණ්ඩි අස්ථාවරවීම්",,Partially / අර්ධහානි,,,669.0,1.0,,,,,,1,,Kurunegala,80.56087,7.474878
80.55349,7.465192,Kurunegala,රිදීගම ප්රා.ලේ.කො,දුනුමාව,HR1,HR1,,RDG,RDG,"පාරාවත්ත, දුනුමාව, අලවැවල",House / නිවාස,2025-12-28 00:00:00,,2025-12-22 00:00:00,Slope failures / බැවුම් අස්ථාවරවීම්,,Partially / අර්ධහානි,,,561.0,2.0,2.0,,,,,4,,Kurunegala,80.55349,7.465192
80.5693,7.485367,Kurunegala,රිදීගම ප්රා.ලේ.කො,කිරිබත්ගල්ල,HR1,HR1,,RDG,RDG,,House / නිවාස,2025-11-27 00:00:00,,2025-12-23 00:00:00,Landslide / නායයෑම්,,,,,510.0,1.0,,1.0,,6.0,1.0,9,,Kurunegala,80.5693,7.485367
80.57013,7.483994,Kurunegala,රිදීගම ප්රා.ලේ.කො,කිරිබත්ගල්ල,HR1,HR1,,RDG,RDG,,House / නිවාස,2025-11-27 00:00:00,,2025-12-23 00:00:00,Cutting failure / කණ්ඩි අස්ථාවරවීම්,,Fully / පුර්ණහානි,,,505.0,1.0,1.0,3.0,,,,5,,Kurunegala,80.57013,7.483994
80.48147,7.496405,Kurunegala,රිදීගම ප්රා.ලේ.කො,දොරනෑපොල,HR1,HR1,,RDG,RDG,"හුණුපොලකන්ද, මොරතිය",House / නිවාස,2025-11-29 00:00:00,,2025-12-24 00:00:00,Landslide / නායයෑම්,,,,,493.0,2.0,,1.0,,3.0,4.0,10,,Kurunegala,80.48147,7.496405
80.48863,7.479363,Kurunegala,රිදීගම ප්රා.ලේ.කො,ගෝනමඩ,HR1,HR1,,RDG,RDG,,House / නිවාස,2025-11-27 00:00:00,15:30:00,2025-12-09 00:00:00,Landslide / නායයෑම්,,Fully / පුර්ණහානි,,,1096.0,2.0,1.0,,,5.0,,8,,Kurunegala,80.48863,7.479363
80.49143,7.483564,Kurunegala,රිදීගම ප්රා.ලේ.කො,ගෝනමඩ,HR1,HR1,,RDG,RDG,,House / නිවාස,,,2025-12-09 00:00:00,Other / වෙනත් (වෙනත් කරුණු යටතේ සදහන් කරන්න),,,,,1099.0,1.0,1.0,3.0,,5.0,,10,,Kurunegala,80.49143,7.483564
80.630426,7.480731,Matale,මාතලේ ප්රා.ලේ.කො,කළුදෑවල,HR1,HR1,,NBRO/MTL/MATALE/2025/BCA/54,NBRO/MTL/MATALE/2025/BCA/54,,House / නිවාස,2025-11-27 00:00:00,,2025-12-16 00:00:00,Slope failures / බැවුම් අස්ථාවරවීම්,Resettle / නැවත පදිංචිකිරීම,,0.0,,,2.0,1.0,7.0,,7.0,,17,,Matale,80.630426,7.480731
80.695983,7.092329,Nuwara Eliya,කොත්මලේ නැගෙනහිර ප්රා.ලේ.කො,කරගස්තලාව,HR1,HR1,,NBRI/NE/KTD[East]/2025/LY/සංශෝධන/19),NBRI/NE/KTD[East]/2025/LY/සංශෝධන/19),474 / ඒ,House / නිවාස,2025-11-27 00:00:00,,2025-12-22 00:00:00,Landslide / නායයෑම්,Resettle / නැවත පදිංචිකිරීම,Fully / පුර්ණහානි,,,,4.0,3.0,4.0,,10.0,,21,,Nuwara Eliya,80.695983,7.092329
80.678825,7.074155,Nuwara Eliya,කොත්මලේ නැගෙනහිර ප්රා.ලේ.කො,කරගස්තලාව,HR1,HR1,,NBRI/NE/KTD[East]/2026/LY/63),NBRI/NE/KTD[East]/2026/LY/63),474 / ඒ,House / නිවාස,2025.11.27,,2026.01.24,Slope failures / බැවුම් අස්ථාවරවීම්,Resettle / නැවත පදිංචිකිරීම,Fully / පුර්ණහානි,,,,1.0,1.0,1.0,,3.0,,6,,Nuwara Eliya,80.678825,7.074155
80.55707,7.484527,Kurunegala,රිදීගම ප්රා.ලේ.කො,කළුගහතැන්න,HR1,HR1,,RDG,RDG,"කළුගහතැන්න, දෙල්විට",House / නිවාස,2025-11-28 00:00:00,,2025-12-16 00:00:00,Landslide / නායයෑම්,,,,,399.0,1.0,,,,4.0,1.0,6,,Kurunegala,80.55707,7.484527
80.4915,7.483448,Kurunegala,රිදීගම ප්රා.ලේ.කො,ගෝනමඩ,HR1,HR1,,RDG,RDG,,House / නිවාස,2025-11-27 00:00:00,,2025-12-12 00:00:00,Other / වෙනත් (වෙනත් කරුණු යටතේ සදහන් කරන්න),,,,,1095.0,1.0,,,,8.0,,9,,Kurunegala,80.4915,7.483448
80.55201,7.470819,Kurunegala,රිදීගම ප්රා.ලේ.කො,කිතුල්ගොල්ල,HR1,HR1,,RDG,RDG,"කිතුල්ගොල්ල, මිරිස්සල",House / නිවාස,2025-11-28 00:00:00,,2025-12-12 00:00:00,Slope failures / බැවුම් අස්ථාවරවීම්,,,,,376.0,1.0,2.0,,,,,3,,Kurunegala,80.55201,7.470819
80.51035,7.431271,Kurunegala,රිදීගම ප්රා.ලේ.කො,පාරාගොඩ,HR1,HR1,,RDG,RDG,582,House / නිවාස,2025-11-28 00:00:00,,2026-02-10 00:00:00,Slope failures / බැවුම් අස්ථාවරවීම්,,Fully / පුර්ණහානි,,,345.0,1.0,,,,,,1,,Kurunegala,80.51035,7.431271
80.699129,7.499014,Matale,රත්තොට ප්රා.ලේ.කො,බෝධිකොටුව,HR1,HR1,,"NBRO/MTL/RATHTHOTA/2026/MAKS,RMSRS/217","NBRO/MTL/RATHTHOTA/2026/MAKS,RMSRS/217",E 375 A,House / නිවාස,2025-11-27 00:00:00,,2026-02-02 00:00:00,"Landslide / නායයෑම්, Slope failures / බැවුම් අස්ථාවරවීම්, Cutting failure / කණ්ඩි අස්ථාවරවීම්",Resettle / නැවත පදිංචිකිරීම,,,,,6.0,1.0,4.0,,15.0,,26,,Matale,80.699129,7.499014
80.55865,7.625936,Kurunegala,රිදීගම ප්රා.ලේ.කො,කටියාව,HR1,HR1,,RDG,RDG,"උඩහේන, කටියාව, දොඩම්ගස්ලන්ද",House / නිවාස,2025-11-28 00:00:00,,2025-12-15 00:00:00,Landslide / නායයෑම්,,Partially / අර්ධහානි,,,364.0,1.0,,4.0,,4.0,,9,,Kurunegala,80.55865,7.625936
80.5468,7.482961,Kurunegala,රිදීගම ප්රා.ලේ.කො,කිතුල්ගොල්ල,HR1,HR1,,RDG,RDG,"කිතුල්ගොල්ල, කිතුල්ගොල්ල",House / නිවාස,2025-11-28 00:00:00,,2025-12-11 00:00:00,Landslide / නායයෑම්,,Fully / පුර්ණහානි,,,296.0,6.0,2.0,1.0,,,,9,,Kurunegala,80.5468,7.482961
80.605378,7.152404,Kandy,දොළුව ප්රා.ලේ.කො,තුන්දෙනිය,HR1,HR1,,MVN 054,MVN 054,,House / නිවාස,2025-11-28 00:00:00,,2026-04-03 00:00:00,Landslide / නායයෑම්,,,0.0,,,2.0,,9.0,,18.0,,29,,Kandy,80.605378,7.152404
80.55298,7.458546,Kurunegala,රිදීගම ප්රා.ලේ.කො,මිරිස්සල,HR1,HR1,,RDG,RDG,"මිරිස්සල, මිරිස්සල",House / නිවාස,2025-11-28 00:00:00,,2025-12-10 00:00:00,Landslide / නායයෑම්,,,,,126.0,1.0,1.0,,,5.0,,7,,Kurunegala,80.55298,7.458546
80.55982,7.45836,Kurunegala,රිදීගම ප්රා.ලේ.කො,දුනුමාව,HR1,HR1,,RDG,RDG,"මහඅරඹ, දුනුමාව",House / නිවාස,2025-11-28 00:00:00,,2025-12-10 00:00:00,Landslide / නායයෑම්,,Partially / අර්ධහානි,,,300.0,1.0,,3.0,,,,4,,Kurunegala,80.55982,7.45836
80.55695,7.46,Kurunegala,රිදීගම ප්රා.ලේ.කො,දුනුමාව,HR1,HR1,,RDG,RDG,,House / නිවාස,2025-11-27 00:00:00,,2025-12-09 00:00:00,Slope failures / බැවුම් අස්ථාවරවීම්,,,,,41.0,1.0,,,,2.0,,3,,Kurunegala,80.55695,7.46
80.55694,7.46,Kurunegala,රිදීගම ප්රා.ලේ.කො,දුනුමාව,HR1,HR1,,RDG,RDG,,Religiou / ආගමික ස්ථානය,2025-11-27 00:00:00,,2025-12-09 00:00:00,Slope failures / බැවුම් අස්ථාවරවීම්,,,,,40.0,2.0,2.0,2.0,,8.0,,14,,Kurunegala,80.55694,7.46
80.50373,7.478772,Kurunegala,රිදීගම ප්රා.ලේ.කො,"රන්තැටිකන්ද , කන්දේගෙදර,හදිරාමුල්ල",HR1,HR1,,RDG,RDG,,House / නිවාස,2025-11-27 00:00:00,,2025-12-10 00:00:00,"Landslide / නායයෑම්, Slope failures / බැවුම් අස්ථාවරවීම්, Rock fall / ගල් පෙරලීම්",,,,,51.0,3.0,,,,1.0,,4,,Kurunegala,80.50373,7.478772
80.963084,6.745939,Badulla,හල්දුම්මුල්ල ප්රා.ලේ.කො,නිකපොත බටහිර,HR1,HR1,,NBRO/LRRMD-BDL/BDU/HALDUM/LI/26/1290,NBRO/LRRMD-BDL/BDU/HALDUM/LI/26/1290,,House / නිවාස,2026-05-05 00:00:00,,2026-05-13 00:00:00,"Rock fall / ගල් පෙරලීම්, Cutting failure / කණ්ඩි අස්ථාවරවීම්",,,,,,1.0,,,,,,1,,Badulla,80.963084,6.745939
80.706632,7.034955,Nuwara Eliya,කොත්මලේ නැගෙනහිර ප්රා.ලේ.කො,පලාගොල්ල,HR1,HR1,,NBRI/NE/KTD[East]/2025/DSDD/38),NBRI/NE/KTD[East]/2025/DSDD/38),,House / නිවාස,2025-11-27 00:00:00,,2025-12-26 00:00:00,Slope failures / බැවුම් අස්ථාවරවීම්,Resettle / නැවත පදිංචිකිරීම,Fully / පුර්ණහානි,,,,1.0,,15.0,,9.0,,25,,Nuwara Eliya,80.706632,7.034955
80.982018,7.569965,Badulla,මහියංගනය ප්රා.ලේ.කො,තෙල්දෙණියාය,HR1,HR1,,NBRO/LRRMD-BDL/BDU/MAHIYA/LI/26/1212,NBRO/LRRMD-BDL/BDU/MAHIYA/LI/26/1212,1L,House / නිවාස,2025-11-27 00:00:00,,2026-04-28 00:00:00,Slope failures / බැවුම් අස්ථාවරවීම්,,,,,,1.0,,,,3.0,,4,,Badulla,80.982018,7.569965
81.013243,7.457634,Badulla,මහියංගනය ප්රා.ලේ.කො,මිල්ලැත්තෑව,HR1,HR1,,NBRO/LRRMD/LT/2025/00167,NBRO/LRRMD/LT/2025/00167,1 B,House / නිවාස,2025-11-27 00:00:00,14.300000000000001,2025-12-16 00:00:00,Slope failures / බැවුම් අස්ථාවරවීම්,Resettle / නැවත පදිංචිකිරීම,,,,,1.0,,1.0,,2.0,,4,,Badulla,81.013243,7.457634
80.606889,7.16809,Kandy,දොළුව ප්රා.ලේ.කො,කහවත්ත,HR1,HR1,,MVN 060,MVN 060,,House / නිවාස,2025-11-28 00:00:00,,2026-04-03 00:00:00,Slope failures / බැවුම් අස්ථාවරවීම්,,,0.0,,,2.0,2.0,,,,,4,,Kandy,80.606889,7.16809
80.59195,7.168298,Kandy,දොළුව ප්රා.ලේ.කො,වැවතැන්න,HR1,HR1,,MVN 063,MVN 063,,House / නිවාස,2025-11-28 00:00:00,,2026-04-03 00:00:00,Slope failures / බැවුම් අස්ථාවරවීම්,,,0.0,,,2.0,2.0,4.0,,,,8,,Kandy,80.59195,7.168298
80.962727,6.917623,Badulla,හාලිඇල ප්රා.ලේ.කො,පල්ලේගම,HR1,HR1,,NBRO/LRRMD-BDL/BDU/HALI-E/LI/26/1382,NBRO/LRRMD-BDL/BDU/HALI-E/LI/26/1382,,House / නිවාස,2026-11-27 00:00:00,,2026-12-07 00:00:00,Slope failures / බැවුම් අස්ථාවරවීම්,,,,,,1.0,,4.0,,33.0,,38,,Badulla,80.962727,6.917623
80.970273,6.952463,Badulla,හාලිඇල ප්රා.ලේ.කො,පහමුලතොට,HR1,HR1,,NBRO/LRRMD-BDL/BDU/HALI-E/LI/26/0616,NBRO/LRRMD-BDL/BDU/HALI-E/LI/26/0616,55D,House / නිවාස,2025-11-27 00:00:00,,2026-03-13 00:00:00,Slope failures / බැවුම් අස්ථාවරවීම්,Resettle / නැවත පදිංචිකිරීම,,,,,1.0,1.0,,,,,2,,Badulla,80.970273,6.952463
80.623878,7.116586,Kandy,උඩපළාත ප්රා.ලේ.කො,වහුගුපිටිය,HR1,HR1,,SUJ 025,SUJ 025,,House / නිවාස,2025-11-28 00:00:00,,2026-03-26 00:00:00,"Slope failures / බැවුම් අස්ථාවරවීම්, Landslide / නායයෑම්",,,0.0,,,1.0,8.0,1.0,,8.0,,18,,Kandy,80.623878,7.116586
81.01777,6.991441,Badulla,හාලිඇල ප්රා.ලේ.කො,කැටවල,HR1,HR1,,NBRO/LRRMD-BDL/BDU/HALI-E/LI/26/0634,NBRO/LRRMD-BDL/BDU/HALI-E/LI/26/0634,75C,House / නිවාස,2025-11-27 00:00:00,,2026-01-23 00:00:00,Slope failures / බැවුම් අස්ථාවරවීම්,Resettle / නැවත පදිංචිකිරීම,,,,,1.0,1.0,,,2.0,,4,,Badulla,81.01777,6.991441
80.984738,6.958844,Badulla,හාලිඇල ප්රා.ලේ.කො,ගාවල,HR1,HR1,,NBRO/LRRMD-BDL/BDU/HALI-E/LI/26/0544,NBRO/LRRMD-BDL/BDU/HALI-E/LI/26/0544,55C,House / නිවාස,2025-11-27 00:00:00,,2026-03-10 00:00:00,Slope failures / බැවුම් අස්ථාවරවීම්,Resettle / නැවත පදිංචිකිරීම,,,,,1.0,,,,7.0,,8,,Badulla,80.984738,6.958844
80.991672,6.964026,Badulla,හාලිඇල ප්රා.ලේ.කො,ගාවල,HR1,HR1,,NBRO/LRRMD-BDL/BDU/HALI-E/LI/26/0542,NBRO/LRRMD-BDL/BDU/HALI-E/LI/26/0542,55C,House / නිවාස,2025-11-27 00:00:00,,2026-03-10 00:00:00,Slope failures / බැවුම් අස්ථාවරවීම්,Resettle / නැවත පදිංචිකිරීම,,,,,1.0,,3.0,,6.0,,10,,Badulla,80.991672,6.964026
80.983485,7.011726,Badulla,හාලිඇල ප්රා.ලේ.කො,කොකටියමලුව,HR1,HR1,,NBRO/LRRMD-BDL/BDU/HALI-E/LI/26/0459,NBRO/LRRMD-BDL/BDU/HALI-E/LI/26/0459,77A,House / නිවාස,2025-11-27 00:00:00,,2026-02-21 00:00:00,Slope failures / බැවුම් අස්ථාවරවීම්,Resettle / නැවත පදිංචිකිරීම,,,,,2.0,1.0,,,12.0,,15,,Badulla,80.983485,7.011726
80.989486,7.016581,Badulla,හාලිඇල ප්රා.ලේ.කො,කොකටියමලුව,HR1,HR1,,NBRO/LRRMD-BDL/BDU/HALI-E/LI/26/0458,NBRO/LRRMD-BDL/BDU/HALI-E/LI/26/0458,77A,House / නිවාස,2025-11-27 00:00:00,,2026-02-22 00:00:00,Landslide / නායයෑම්,Resettle / නැවත පදිංචිකිරීම,,,,,1.0,,1.0,,11.0,,13,,Badulla,80.989486,7.016581
80.599419,7.486347,Matale,මාතලේ ප්රා.ලේ.කො,පඩිිවිට,HR1,HR1,,NBRO/MTL/MATALE/2026/EIJ/1,NBRO/MTL/MATALE/2026/EIJ/1,E 349,House / නිවාස,2025-11-27 00:00:00,,2025-12-31 00:00:00,"Landslide / නායයෑම්, Rock fall / ගල් පෙරලීම්, Slope failures / බැවුම් අස්ථාවරවීම්, Cutting failure / කණ්ඩි අස්ථාවරවීම්",Resettle / නැවත පදිංචිකිරීම,,0.0,,,1.0,2.0,9.0,,23.0,,35,,Matale,80.599419,7.486347
80.997145,7.016826,Badulla,හාලිඇල ප්රා.ලේ.කො,කොකටියමලුව,HR1,HR1,,NBRO/LRRMD-BDL/BDU/HALI-E/LI/26/0460,NBRO/LRRMD-BDL/BDU/HALI-E/LI/26/0460,77A,House / නිවාස,2025-11-27 00:00:00,,2026-02-24 00:00:00,Slope failures / බැවුම් අස්ථාවරවීම්,Resettle / නැවත පදිංචිකිරීම,,,,,1.0,,,,4.0,,5,,Badulla,80.997145,7.016826
80.679273,7.062111,Nuwara Eliya,කොත්මලේ නැගෙනහිර ප්රා.ලේ.කො,සංගිලිපාලම,HR1,HR1,,NBRI/NE/KTD[East]/2025/KLKT/20),NBRI/NE/KTD[East]/2025/KLKT/20),471 ඒ,House / නිවාස,2025-11-27 00:00:00,,2025-12-30 00:00:00,Slope failures / බැවුම් අස්ථාවරවීම්,Resettle / නැවත පදිංචිකිරීම,Fully / පුර්ණහානි,,,,1.0,,,,3.0,,4,,Nuwara Eliya,80.679273,7.062111
81.001564,6.895291,Badulla,හාලිඇල ප්රා.ලේ.කො,කටුගහ,HR1,HR1,,NBRO/LRRMD-BDL/BDU/HALI-E/LI/26/0330,NBRO/LRRMD-BDL/BDU/HALI-E/LI/26/0330,57F,House / නිවාස,2025-11-27 00:00:00,,2026-02-07 00:00:00,"Landslide / නායයෑම්, Cutting failure / කණ්ඩි අස්ථාවරවීම්",Resettle / නැවත පදිංචිකිරීම,,,,,1.0,1.0,,,9.0,,11,,Badulla,81.001564,6.895291
81.010282,6.966921,Badulla,හාලිඇල ප්රා.ලේ.කො,පට්ටිපොල,HR1,HR1,,NBRO/LRRMD-BDL/BDU/HALI-E/LI/26/0364,NBRO/LRRMD-BDL/BDU/HALI-E/LI/26/0364,75B,House / නිවාස,2025-11-27 00:00:00,,2026-01-22 00:00:00,Landslide / නායයෑම්,Resettle / නැවත පදිංචිකිරීම,,,,,2.0,3.0,1.0,,8.0,,14,,Badulla,81.010282,6.966921
80.609605,7.461403,Matale,මාතලේ ප්රා.ලේ.කො,හුලංගමුව දකුණ,HR1,HR1,,NBRO/MTL/MATALE/2025/ATHULA SENARATHNA/69,NBRO/MTL/MATALE/2025/ATHULA SENARATHNA/69,,House / නිවාස,2025-11-27 00:00:00,,2025-12-08 00:00:00,Other / වෙනත් (වෙනත් කරුණු යටතේ සදහන් කරන්න),Resettle / නැවත පදිංචිකිරීම,,0.0,,,1.0,,,,2.0,,3,,Matale,80.609605,7.461403
80.986572,6.922352,Badulla,හාලිඇල ප්රා.ලේ.කො,හින්නාරංගොල්ල,HR1,HR1,,NBRO/LRRMD-BDL/BDU/HALI-E/LI/26/0271,NBRO/LRRMD-BDL/BDU/HALI-E/LI/26/0271,55E,House / නිවාස,2025-11-27 00:00:00,,2026-12-28 00:00:00,"Landslide / නායයෑම්, Slope failures / බැවුම් අස්ථාවරවීම්, Cutting failure / කණ්ඩි අස්ථාවරවීම්, Rock fall / ගල් පෙරලීම්",Resettle / නැවත පදිංචිකිරීම,,,,,3.0,,,,2.0,,5,,Badulla,80.986572,6.922352
80.979855,6.913207,Badulla,හාලිඇල ප්රා.ලේ.කො,දෙහිවින්න,HR1,HR1,,NBRO/LRRMD-BDL/BDU/HALI-E/LI/26/0326,NBRO/LRRMD-BDL/BDU/HALI-E/LI/26/0326,56,House / නිවාස,2025-11-27 00:00:00,,2026-02-06 00:00:00,"Landslide / නායයෑම්, Rock fall / ගල් පෙරලීම්",Resettle / නැවත පදිංචිකිරීම,,,,,3.0,,2.0,,4.0,,9,,Badulla,80.979855,6.913207
80.593883,7.540762,Matale,යටවත්ත ප්රා.ලේ.කො,නාගොල්ල,HR1,HR1,,"NBRO/MTL/YATAWATTA/2025/WAES,EIJ/16","NBRO/MTL/YATAWATTA/2025/WAES,EIJ/16",,House / නිවාස,2025-11-28 00:00:00,23:00:00,2025-12-01 00:00:00,"Slope failures / බැවුම් අස්ථාවරවීම්, Rock fall / ගල් පෙරලීම්",Resettle / නැවත පදිංචිකිරීම,Fully / පුර්ණහානි,0.0,,,1.0,3.0,,,1.0,,5,,Matale,80.593883,7.540762
81.051335,6.982538,Badulla,හාලිඇල ප්රා.ලේ.කො,මහවත්තේගම,HR1,HR1,,NBRO/LRRMD-BDL/BDU/HALI/E/LI/26/0240,NBRO/LRRMD-BDL/BDU/HALI/E/LI/26/0240,82C,House / නිවාස,2025-11-27 00:00:00,,2025-12-23 00:00:00,Landslide / නායයෑම්,Resettle / නැවත පදිංචිකිරීම,,,,,3.0,14.0,8.0,,,,25,,Badulla,81.051335,6.982538
81.052351,6.957078,Badulla,හාලිඇල ප්රා.ලේ.කො,උනගොල්ල,HR1,HR1,,NBRO/LRRMD-BDL/BDU/HALI/E/LI/26/0224,NBRO/LRRMD-BDL/BDU/HALI/E/LI/26/0224,84A,House / නිවාස,2025-11-27 00:00:00,,2026-01-15 00:00:00,Slope failures / බැවුම් අස්ථාවරවීම්,Resettle / නැවත පදිංචිකිරීම,,,,,1.0,,1.0,,,,2,,Badulla,81.052351,6.957078
80.59363,7.540762,Matale,යටවත්ත ප්රා.ලේ.කො,නාගොල්ල,HR1,HR1,,"NBRO/MTL/YATAWATTA/2025/WAES,EIJ/17","NBRO/MTL/YATAWATTA/2025/WAES,EIJ/17",,House / නිවාස,2025-11-28 00:00:00,23:00:00,2025-12-01 00:00:00,Landslide / නායයෑම්,Resettle / නැවත පදිංචිකිරීම,,,,,3.0,,1.0,,1.0,,5,,Matale,80.59363,7.540762
81.036444,6.968476,Badulla,හාලිඇල ප්රා.ලේ.කො,දික්වැල්ල,HR1,HR1,,NBRO/LRRMD-BDL/BDU/HALI/E/LI/26/0223,NBRO/LRRMD-BDL/BDU/HALI/E/LI/26/0223,74,House / නිවාස,2025-11-27 00:00:00,,2025-11-28 00:00:00,Slope failures / බැවුම් අස්ථාවරවීම්,Resettle / නැවත පදිංචිකිරීම,,,,,2.0,1.0,1.0,,3.0,,7,,Badulla,81.036444,6.968476
81.066525,6.963899,Badulla,හාලිඇල ප්රා.ලේ.කො,වැලිකෙමුල්ල,HR1,HR1,,NBRO/LRRMD-BDL/BDU/HALI/E/LI/26/0186,NBRO/LRRMD-BDL/BDU/HALI/E/LI/26/0186,61C,House / නිවාස,2025-11-27 00:00:00,,2026-01-15 00:00:00,Slope failures / බැවුම් අස්ථාවරවීම්,Resettle / නැවත පදිංචිකිරීම,,,,,2.0,,1.0,,2.0,,5,,Badulla,81.066525,6.963899
81.016749,7.002703,Badulla,හාලිඇල ප්රා.ලේ.කො,ජඟුල්ල,HR1,HR1,,NBRO/LRRMD-BDL/BDU/HALI/E/LI/26/0181,NBRO/LRRMD-BDL/BDU/HALI/E/LI/26/0181,77B,House / නිවාස,2025-11-27 00:00:00,,2026-01-13 00:00:00,Landslide / නායයෑම්,Resettle / නැවත පදිංචිකිරීම,,,,,5.0,3.0,4.0,,7.0,,19,,Badulla,81.016749,7.002703
81.009997,6.969387,Badulla,හාලිඇල ප්රා.ලේ.කො,පට්ටිපොල,HR1,HR1,,NBRO/LRRMD-BDL/BDU/HALI/E/LI/26/0191,NBRO/LRRMD-BDL/BDU/HALI/E/LI/26/0191,75B,House / නිවාස,2025-11-27 00:00:00,,2025-12-28 00:00:00,Slope failures / බැවුම් අස්ථාවරවීම්,Resettle / නැවත පදිංචිකිරීම,,,,,2.0,2.0,2.0,,10.0,,16,,Badulla,81.009997,6.969387
80.612438,7.075382,Nuwara Eliya,කොත්මලේ බටහිර ප්රා.ලේ.කො,උතුරු කොටගේපිටිය,HR1,HR1,,NBRI/NE/ KTD[WEST]/2026/LY/58),NBRI/NE/ KTD[WEST]/2026/LY/58),459 /B,House / නිවාස,2025-11-27 00:00:00,,2026-01-19 00:00:00,Landslide / නායයෑම්,Resettle / නැවත පදිංචිකිරීම,Fully / පුර්ණහානි,,නායයාම් සහ සුන්බුන් ගලනය වීමේ අවධානම,,1.0,,4.0,,26.0,,31,,Nuwara Eliya,80.612438,7.075382
81.19058,6.995291,Badulla,හාලිඇල ප්රා.ලේ.කො,කැටවල,HR1,HR1,,NBRO/LRRMD-BDL/BDU/HALI/E/LI/26/0076,NBRO/LRRMD-BDL/BDU/HALI/E/LI/26/0076,75C,House / නිවාස,2025-11-27 00:00:00,,2026-01-08 00:00:00,Landslide / නායයෑම්,Resettle / නැවත පදිංචිකිරීම,,,,,1.0,1.0,2.0,,2.0,,6,,Badulla,81.19058,6.995291
80.974816,6.929538,Badulla,හාලිඇල ප්රා.ලේ.කො,දෙහිවින්න,HR1,HR1,,NBRO/LRRMD- BDL /BDU/HALIE/LI/25/00160,NBRO/LRRMD- BDL /BDU/HALIE/LI/25/00160,56,House / නිවාස,2025/11 මස අග භාගයේ දී,,2025-11-29 00:00:00,Landslide / නායයෑම්,Resettle / නැවත පදිංචිකිරීම,,,,,2.0,8.0,,,2.0,,12,,Badulla,80.974816,6.929538
81.023573,6.94494,Badulla,හාලිඇල ප්රා.ලේ.කො,සමගිපුර,HR1,HR1,,NBRO/LRRMD- BDL /BDU/HALIE/LI/25/0005,NBRO/LRRMD- BDL /BDU/HALIE/LI/25/0005,74C,House / නිවාස,2025-11-26 00:00:00,,2025-12-31 00:00:00,Slope failures / බැවුම් අස්ථාවරවීම්,Resettle / නැවත පදිංචිකිරීම,,,,,5.0,,5.0,,15.0,,25,,Badulla,81.023573,6.94494
81.08786,6.94101,Badulla,හාලිඇල ප්රා.ලේ.කො,කඳන,HR1,HR1,,NBRO/LRRMD- BDL /BDU/HALIE/LI/25/0026,NBRO/LRRMD- BDL /BDU/HALIE/LI/25/0026,86,House / නිවාස,2025-11-26 00:00:00,,2025-01-03 00:00:00,Landslide / නායයෑම්,Resettle / නැවත පදිංචිකිරීම,,,,,2.0,,1.0,,4.0,1.0,8,,Badulla,81.08786,6.94101
80.375987,7.07462,Kegalle,යටියන්තොට ප්රා.ලේ.කො,අමනාවල,HR1,HR1,,LRR-YTP-80,LRR-YTP-80,,House / නිවාස,2025-11-28 00:00:00,,2025-12-29 00:00:00,Rock fall / ගල් පෙරලීම්,Resettle / නැවත පදිංචිකිරීම,Fully / පුර්ණහානි,,,,1.0,,3.0,,,,4,,Kegalle,80.375987,7.07462
81.111503,6.923003,Badulla,හාලිඇල ප්රා.ලේ.කො,බුලත්වත්ත,HR1,HR1,,NBRO/LRRMD- BDL /BDU/HALIE/LI/25/0039,NBRO/LRRMD- BDL /BDU/HALIE/LI/25/0039,86A,House / නිවාස,2025-11-27 00:00:00,,"2026/01/02,06","Landslide / නායයෑම්, Slope failures / බැවුම් අස්ථාවරවීම්",Resettle / නැවත පදිංචිකිරීම,,,,,1.0,5.0,7.0,,,,13,,Badulla,81.111503,6.923003
80.862787,6.895728,Badulla,වැලිමඩ ප්රා.ලේ.කො,ගවරම්මාන,HR1,HR1,,NBRO/LRRMD-BDL/BDU/WELIMA/LI/26/0317,NBRO/LRRMD-BDL/BDU/WELIMA/LI/26/0317,49E,House / නිවාස,2025-11-27 00:00:00,,2026-01-15 00:00:00,Slope failures / බැවුම් අස්ථාවරවීම්,Resettle / නැවත පදිංචිකිරීම,,,,,1.0,2.0,38.0,,24.0,,65,,Badulla,80.862787,6.895728
80.863202,6.895549,Badulla,වැලිමඩ ප්රා.ලේ.කො,ගවරම්මාන,HR1,HR1,,NBRO/LRRMD-BDL/BDU/WELIMA/LI/26/0190,NBRO/LRRMD-BDL/BDU/WELIMA/LI/26/0190,49E,House / නිවාස,2025-11-26 00:00:00,,2026-01-16 00:00:00,Slope failures / බැවුම් අස්ථාවරවීම්,Resettle / නැවත පදිංචිකිරීම,,,,,1.0,1.0,,,,1.0,3,,Badulla,80.863202,6.895549
80.852621,6.910107,Badulla,වැලිමඩ ප්රා.ලේ.කො,රජකඳුරුවෙල,HR1,HR1,,NBRO/LRRMD-BDL/BDU/WELIMA/LI/26/0161,NBRO/LRRMD-BDL/BDU/WELIMA/LI/26/0161,49A,House / නිවාස,2025-11-27 00:00:00,,2025-12-23 00:00:00,Slope failures / බැවුම් අස්ථාවරවීම්,Resettle / නැවත පදිංචිකිරීම,,,,,1.0,1.0,,,7.0,1.0,10,,Badulla,80.852621,6.910107
80.863271,6.895239,Badulla,වැලිමඩ ප්රා.ලේ.කො,ගවරම්මාන,HR1,HR1,,NBRO/LRRMD-BDL/BDU/WELIMA/LI/26/0160,NBRO/LRRMD-BDL/BDU/WELIMA/LI/26/0160,49E,House / නිවාස,2025-11-26 00:00:00,,2026-01-16 00:00:00,Slope failures / බැවුම් අස්ථාවරවීම්,Resettle / නැවත පදිංචිකිරීම,,,,,2.0,,,,1.0,,3,,Badulla,80.863271,6.895239
80.860212,6.904781,Badulla,වැලිමඩ ප්රා.ලේ.කො,විදුරුපොල,HR1,HR1,,NBRO/LRRMD-BDL/BDU/WELIMA/LI/26/0158,NBRO/LRRMD-BDL/BDU/WELIMA/LI/26/0158,49,House / නිවාස,2025-11-27 00:00:00,,2025-12-23 00:00:00,Slope failures / බැවුම් අස්ථාවරවීම්,Resettle / නැවත පදිංචිකිරීම,,,,,1.0,1.0,,,4.0,,6,,Badulla,80.860212,6.904781
80.911928,6.896897,Badulla,වැලිමඩ ප්රා.ලේ.කො,දඹවින්න,HR1,HR1,,NBRO/LRRMD-BDL/BDU/WELIMA/LI/26/0139,NBRO/LRRMD-BDL/BDU/WELIMA/LI/26/0139,59A,House / නිවාස,2025-11-27 00:00:00,,2026-01-12 00:00:00,"Cutting failure / කණ්ඩි අස්ථාවරවීම්, Slope failures / බැවුම් අස්ථාවරවීම්",Resettle / නැවත පදිංචිකිරීම,,,,,1.0,,,,,,1,,Badulla,80.911928,6.896897
80.826187,6.879625,Badulla,වැලිමඩ ප්රා.ලේ.කො,අඹේවෙලවත්ත,HR1,HR1,,NBRO/LRRMD-BDL/BDU/WELIMA/LI/26/0101,NBRO/LRRMD-BDL/BDU/WELIMA/LI/26/0101,50A,House / නිවාස,2025-11-27 00:00:00,,2026-01-13 00:00:00,Landslide / නායයෑම්,Resettle / නැවත පදිංචිකිරීම,,,,,2.0,,5.0,,,,7,,Badulla,80.826187,6.879625
80.831473,6.911863,Badulla,වැලිමඩ ප්රා.ලේ.කො,අලකොලගාල,HR1,HR1,,NBRO/LRRMD/LT/2025/0044,NBRO/LRRMD/LT/2025/0044,49D,House / නිවාස,2025-11-29 00:00:00,,,Landslide / නායයෑම්,Resettle / නැවත පදිංචිකිරීම,,,,,12.0,3.0,11.0,,4.0,,30,,Badulla,80.831473,6.911863
80.805968,7.075229,Nuwara Eliya,වලපනේ ප්රා.ලේ.කො,අලකොළවැව,HR1,HR1,,NBRI/NE/WLD/2026/LY/42),NBRI/NE/WLD/2026/LY/42),504සී,House / නිවාස,,,2026-01-08 00:00:00,Landslide / නායයෑම්,Resettle / නැවත පදිංචිකිරීම,Fully / පුර්ණහානි,,,,1.0,,8.0,,9.0,,18,,Nuwara Eliya,80.805968,7.075229
80.594869,7.540762,Matale,යටවත්ත ප්රා.ලේ.කො,අලුත්ගම උතුර,HR1,HR1,,"NBRO/MTL/YATAWATTA/2025/WAES,EIJ/13","NBRO/MTL/YATAWATTA/2025/WAES,EIJ/13",,House / නිවාස,2025-11-28 00:00:00,01:03:00,2025-12-01 00:00:00,Landslide / නායයෑම්,Resettle / නැවත පදිංචිකිරීම,Fully / පුර්ණහානි,,,,1.0,3.0,,,3.0,,7,,Matale,80.594869,7.540762
80.58227,7.526179,Matale,යටවත්ත ප්රා.ලේ.කො,මඩදෙණිය,HR1,HR1,,NBRO/MTL/YATAWATTA/2025/MJ/103,NBRO/MTL/YATAWATTA/2025/MJ/103,,House / නිවාස,2025-11-28 00:00:00,,2025-12-19 00:00:00,Landslide / නායයෑම්,Resettle / නැවත පදිංචිකිරීම,,,,,8.0,,,,,,8,,Matale,80.58227,7.526179
80.85424,6.909254,Badulla,වැලිමඩ ප්රා.ලේ.කො,විදුරුපොල,HR1,HR1,,NBRO/LRRMD/LT/2025/00159,NBRO/LRRMD/LT/2025/00159,49,House / නිවාස,2027-11-27 00:00:00,,2025-12-23 00:00:00,Slope failures / බැවුම් අස්ථාවරවීම්,Resettle / නැවත පදිංචිකිරීම,,0.0,,,1.0,,,,,,1,,Badulla,80.85424,6.909254
80.858544,6.910669,Badulla,වැලිමඩ ප්රා.ලේ.කො,විදුරුපොල,HR1,HR1,,NBRO/LRRMD/LT/2025/00158,NBRO/LRRMD/LT/2025/00158,49,House / නිවාස,2027-11-27 00:00:00,,2025-12-23 00:00:00,Slope failures / බැවුම් අස්ථාවරවීම්,Resettle / නැවත පදිංචිකිරීම,,,,,2.0,1.0,2.0,,34.0,,39,,Badulla,80.858544,6.910669
80.610404,7.5033,Matale,මාතලේ ප්රා.ලේ.කො,බිිරිදිවෙල,HR1,HR1,,NBRO/MTL/MATALE/2026/EIJ/48,NBRO/MTL/MATALE/2026/EIJ/48,E 327 - A,House / නිවාස,2025-11-27 00:00:00,,2026-01-08 00:00:00,"Landslide / නායයෑම්, Slope failures / බැවුම් අස්ථාවරවීම්, Cutting failure / කණ්ඩි අස්ථාවරවීම්",Resettle / නැවත පදිංචිකිරීම,,0.0,,,1.0,,,,,1.0,2,,Matale,80.610404,7.5033
80.830884,6.886041,Badulla,වැලිමඩ ප්රා.ලේ.කො,අඹේවෙල,HR1,HR1,,NBRO/LRRMD/LT/2025/00214,NBRO/LRRMD/LT/2025/00214,50 A,House / නිවාස,2025-11-27 00:00:00,,2025-12-20 00:00:00,Landslide / නායයෑම්,Resettle / නැවත පදිංචිකිරීම,,,,,4.0,1.0,,,12.0,,17,,Badulla,80.830884,6.886041
80.833818,6.913643,Badulla,වැලිමඩ ප්රා.ලේ.කො,සිල්මියාපුර,HR1,HR1,,NBRO/LRRMD-BDL/BDU/WELIMA/LI/26/0016,NBRO/LRRMD-BDL/BDU/WELIMA/LI/26/0016,49B,House / නිවාස,2025-11-26 00:00:00,,2025-12-25 00:00:00,"Landslide / නායයෑම්, Slope failures / බැවුම් අස්ථාවරවීම්, Rock fall / ගල් පෙරලීම්",Resettle / නැවත පදිංචිකිරීම,,,,,1.0,,,,,,1,,Badulla,80.833818,6.913643
80.86173,6.959565,Badulla,ඌව පරණගම ප්රා.ලේ.කො,කොරොදේකුඹුර,HR1,HR1,,NBRO/LRRMD-BDL/BDU/UVA-PA/LI/26/1083,NBRO/LRRMD-BDL/BDU/UVA-PA/LI/26/1083,44,House / නිවාස,2025-11-27 00:00:00,,2026-04-25 00:00:00,Landslide / නායයෑම්,,,,,,1.0,,,,7.0,,8,,Badulla,80.86173,6.959565
80.682082,7.015362,Nuwara Eliya,කොත්මලේ නැගෙනහිර ප්රා.ලේ.කො,උතුරු පූඩළුඔය,HR1,HR1,,NBRI/NE/KTD[East]/2025/DSDD/37),NBRI/NE/KTD[East]/2025/DSDD/37),468 - ඊ,House / නිවාස,2025-11-27 00:00:00,,2025-12-20 00:00:00,Landslide / නායයෑම්,Resettle / නැවත පදිංචිකිරීම,Fully / පුර්ණහානි,,,,2.0,,1.0,,8.0,,11,,Nuwara Eliya,80.682082,7.015362
80.95423,6.923565,Badulla,ඌව පරණගම ප්රා.ලේ.කො,හාඟිලිඇල්ල,HR1,HR1,,NBRO/LRRMD-BDL/BDU/UVA-PA/LI/26/1073,NBRO/LRRMD-BDL/BDU/UVA-PA/LI/26/1073,53A,House / නිවාස,2025-11-27 00:00:00,,2026-04-23 00:00:00,"Slope failures / බැවුම් අස්ථාවරවීම්, Rock fall / ගල් පෙරලීම්",,,,,,2.0,,,,6.0,,8,,Badulla,80.95423,6.923565
80.956938,6.961598,Badulla,ඌව පරණගම ප්රා.ලේ.කො,රහුපොල,HR1,HR1,,NBRO/LRRMD-BDL/BDU/UVA-PA/LI/26/1040,NBRO/LRRMD-BDL/BDU/UVA-PA/LI/26/1040,41D,House / නිවාස,2025-11-27 00:00:00,,2026-05-06 00:00:00,"Slope failures / බැවුම් අස්ථාවරවීම්, Cutting failure / කණ්ඩි අස්ථාවරවීම්",Resettle / නැවත පදිංචිකිරීම,,,,,1.0,,,,,,1,,Badulla,80.956938,6.961598
80.62928,7.04201,Nuwara Eliya,කොත්මලේ බටහිර ප්රා.ලේ.කො,රොජසන්ගම උතුර සහ රොජසන්ගම දකුණ,HR1,HR1,,NBRI/NE/KTD[West]/2026/KLKT/84),NBRI/NE/KTD[West]/2026/KLKT/84),,House / නිවාස,2025-11-27 00:00:00,,2026.01.20,Slope failures / බැවුම් අස්ථාවරවීම්,Resettle / නැවත පදිංචිකිරීම,Fully / පුර්ණහානි,,,,2.0,,,,6.0,,8,,Nuwara Eliya,80.62928,7.04201
80.512873,7.302683,Kandy,හතරලියද්ද,ආඩියාතැන්න,HR1,HR1,NBRI/KND/HAT/2025/SUJ/027,NBRI/KND/HAT/2025/SUJ/027,NBRI/KND/HAT/2025/SUJ/027,,,,,,,,,,,,1.0,,,,,,1,,Kandy,80.512873,7.302683
80.927088,6.986337,Badulla,ඌව පරණගම ප්රා.ලේ.කො,අලගොල්ල,HR1,HR1,,NBRO/LRRMD-BDL/BDU/UVA-PA/LI/26/0691,NBRO/LRRMD-BDL/BDU/UVA-PA/LI/26/0691,42B,House / නිවාස,2025-11-27 00:00:00,,,Landslide / නායයෑම්,Resettle / නැවත පදිංචිකිරීම,,,,,6.0,,,,1.0,,7,,Badulla,80.927088,6.986337
80.439913,6.985931,Nuwara Eliya,අඹගමුව ප්රා.ලේ.කො,කලුගල,HR1,HR1,,NBRI/NE/ABD/2026/PTG/203),NBRI/NE/ABD/2026/PTG/203),,House / නිවාස,2025-11-26 00:00:00,,2026.01.26,Slope failures / බැවුම් අස්ථාවරවීම්,Resettle / නැවත පදිංචිකිරීම,Fully / පුර්ණහානි,,,,1.0,,,,,,1,,Nuwara Eliya,80.439913,6.985931
80.907438,6.969188,Badulla,ඌව පරණගම ප්රා.ලේ.කො,ඇත්කඳවක,HR1,HR1,,NBRO/LRRMD-BDL/BDU/UVA-PA/LI/26/0363,NBRO/LRRMD-BDL/BDU/UVA-PA/LI/26/0363,42A,House / නිවාස,2025-11-26 00:00:00,,2026-02-10 00:00:00,Slope failures / බැවුම් අස්ථාවරවීම්,Resettle / නැවත පදිංචිකිරීම,,,,,1.0,,,,2.0,,3,,Badulla,80.907438,6.969188
80.938684,7.026133,Badulla,ඌව පරණගම ප්රා.ලේ.කො,කොහිලේගම,HR1,HR1,,NBRO/LRRMD-BDL/BDU/UVA-PA/LI/26/0337,NBRO/LRRMD-BDL/BDU/UVA-PA/LI/26/0337,37C,House / නිවාස,2025-11-27 00:00:00,,2026-02-01 00:00:00,Slope failures / බැවුම් අස්ථාවරවීම්,Resettle / නැවත පදිංචිකිරීම,,,,,1.0,,,,8.0,,9,,Badulla,80.938684,7.026133
80.570912,7.052456,Nuwara Eliya,කොත්මලේ බටහිර ප්රා.ලේ.කො,රුවන්පුර,HR1,HR1,,NBRI/NE/KTD[West]/2026/KLKT/96),NBRI/NE/KTD[West]/2026/KLKT/96),460සී,House / නිවාස,2025.11.28,,2026.01.22,Slope failures / බැවුම් අස්ථාවරවීම්,Resettle / නැවත පදිංචිකිරීම,Fully / පුර්ණහානි,,,,1.0,,,,,,1,,Nuwara Eliya,80.570912,7.052456
80.590623,7.587775,Matale,යටවත්ත ප්රා.ලේ.කො,නාාගොල්ල,HR1,HR1,,"NBRO/MTL/YATAWATTA/2026/TW,DJ/22","NBRO/MTL/YATAWATTA/2026/TW,DJ/22",,House / නිවාස,2025-11-28 00:00:00,,2026-01-06 00:00:00,"Slope failures / බැවුම් අස්ථාවරවීම්, Cutting failure / කණ්ඩි අස්ථාවරවීම්",Resettle / නැවත පදිංචිකිරීම,,,,,1.0,,,,3.0,7.0,11,,Matale,80.590623,7.587775
80.941507,7.027636,Badulla,ඌව පරණගම ප්රා.ලේ.කො,කොහිලේගම,HR1,HR1,,NBRO/LRRMD-BDL/BDU/UVA-PA/LI/26/0333,NBRO/LRRMD-BDL/BDU/UVA-PA/LI/26/0333,37C,House / නිවාස,2025-11-27 00:00:00,,2026-02-01 00:00:00,"Rock fall / ගල් පෙරලීම්, Slope failures / බැවුම් අස්ථාවරවීම්",Resettle / නැවත පදිංචිකිරීම,,,,,1.0,,,,2.0,,3,,Badulla,80.941507,7.027636
80.561161,7.057912,Nuwara Eliya,කොත්මලේ බටහිර ප්රා.ලේ.කො,රුවන්පුර,HR1,HR1,,NBRI/NE/KTD(West)/2026/KLKT/89),NBRI/NE/KTD(West)/2026/KLKT/89),460 සි,House / නිවාස,2025-11-27 00:00:00,,2026.01.22,Slope failures / බැවුම් අස්ථාවරවීම්,Resettle / නැවත පදිංචිකිරීම,Fully / පුර්ණහානි,,,,1.0,,,,,,1,,Nuwara Eliya,80.561161,7.057912
80.852106,6.956648,Badulla,ඌව පරණගම ප්රා.ලේ.කො,මලපොලගම,HR1,HR1,,NBRO/LRRMD-BDL/BDU/UVA-PA/LI/26/0332,NBRO/LRRMD-BDL/BDU/UVA-PA/LI/26/0332,44A,House / නිවාස,2025-11-27 00:00:00,,2026-02-03 00:00:00,Slope failures / බැවුම් අස්ථාවරවීම්,Resettle / නැවත පදිංචිකිරීම,,,,,1.0,,1.0,,,,2,,Badulla,80.852106,6.956648
80.851514,6.954963,Badulla,ඌව පරණගම ප්රා.ලේ.කො,මලපොලගම,HR1,HR1,,NBRO/LRRMD-BDL/BDU/UVA-PA/LI/26/0327,NBRO/LRRMD-BDL/BDU/UVA-PA/LI/26/0327,44A,House / නිවාස,2025-11-27 00:00:00,,2026-02-03 00:00:00,Slope failures / බැවුම් අස්ථාවරවීම්,Resettle / නැවත පදිංචිකිරීම,,,,,2.0,,,,,,2,,Badulla,80.851514,6.954963
80.947776,7.027176,Badulla,ඌව පරණගම ප්රා.ලේ.කො,මස්පන්න,HR1,HR1,,NBRO/LRRMD-BDL/BDU/UVA-PA/LI/26/0325,NBRO/LRRMD-BDL/BDU/UVA-PA/LI/26/0325,37,House / නිවාස,2025-11-27 00:00:00,,2026-02-01 00:00:00,"Rock fall / ගල් පෙරලීම්, Slope failures / බැවුම් අස්ථාවරවීම්",Resettle / නැවත පදිංචිකිරීම,,,,,1.0,1.0,,,1.0,,3,,Badulla,80.947776,7.027176
80.942883,7.024861,Badulla,ඌව පරණගම ප්රා.ලේ.කො,මස්පන්න,HR1,HR1,,NBRO/LRRMD-BDL/BDU/UVA-PA/LI/26/0322,NBRO/LRRMD-BDL/BDU/UVA-PA/LI/26/0322,37,House / නිවාස,2025-11-27 00:00:00,,2026-02-01 00:00:00,Slope failures / බැවුම් අස්ථාවරවීම්,Resettle / නැවත පදිංචිකිරීම,,,,,1.0,2.0,,,,,3,,Badulla,80.942883,7.024861
80.907473,6.978299,Badulla,ඌව පරණගම ප්රා.ලේ.කො,වොල්ඩිමාර්,HR1,HR1,,NBRO/LRRMD-BDL/BDU/UVA-PA/LI/26/0277,NBRO/LRRMD-BDL/BDU/UVA-PA/LI/26/0277,43G,House / නිවාස,2025-11-27 00:00:00,,2026-01-29 00:00:00,Landslide / නායයෑම්,Resettle / නැවත පදිංචිකිරීම,,,,,4.0,1.0,5.0,,11.0,,21,,Badulla,80.907473,6.978299
80.967278,6.976639,Badulla,ඌව පරණගම ප්රා.ලේ.කො,පනාගොඩ,HR1,HR1,,NBRO/LRRMD-BDL/BDU/UVA-PA/LI/26/0235,NBRO/LRRMD-BDL/BDU/UVA-PA/LI/26/0235,40A,House / නිවාස,2025-11-27 00:00:00,,2026-01-25 00:00:00,Slope failures / බැවුම් අස්ථාවරවීම්,Resettle / නැවත පදිංචිකිරීම,,,,,1.0,,,,,,1,,Badulla,80.967278,6.976639
80.954143,7.029633,Badulla,ඌව පරණගම ප්රා.ලේ.කො,වෑතලාව,HR1,HR1,,NBRO/LRRMD-BDL/BDU/UVA/-PA/LI/26/0130,NBRO/LRRMD-BDL/BDU/UVA/-PA/LI/26/0130,37A,House / නිවාස,2025-11-27 00:00:00,,2026-01-12 00:00:00,Slope failures / බැවුම් අස්ථාවරවීම්,Resettle / නැවත පදිංචිකිරීම,,,,,4.0,4.0,3.0,,1.0,,12,,Badulla,80.954143,7.029633
80.601671,7.516424,Matale,යටවත්ත ප්රා.ලේ.කො,එරමුදුගොල්ල,HR1,HR1,,"NBRO/MTL/YATAWATTA/2026/TW,ST/57","NBRO/MTL/YATAWATTA/2026/TW,ST/57",E 339 B,House / නිවාස,2025-11-27 00:00:00,,2026-01-11 00:00:00,"Slope failures / බැවුම් අස්ථාවරවීම්, Other / වෙනත් (වෙනත් කරුණු යටතේ සදහන් කරන්න)",Resettle / නැවත පදිංචිකිරීම,,,,,2.0,1.0,,,1.0,,4,,Matale,80.601671,7.516424
80.930397,7.006027,Badulla,ඌව පරණගම ප්රා.ලේ.කො,ඉලුක්වෙල,HR1,HR1,,NBRO/LRRMD-BDL/BDU/UVA/-PA/LI/26/0128,NBRO/LRRMD-BDL/BDU/UVA/-PA/LI/26/0128,38D,House / නිවාස,2025-11-27 00:00:00,,2026-01-08 00:00:00,"Cutting failure / කණ්ඩි අස්ථාවරවීම්, Rock fall / ගල් පෙරලීම්",Resettle / නැවත පදිංචිකිරීම,,,,,4.0,11.0,13.0,,21.0,,49,,Badulla,80.930397,7.006027
80.95029,7.012397,Badulla,ඌව පරණගම ප්රා.ලේ.කො,දිඹුලාන,HR1,HR1,,NBRO/LRRMD-BDL/BDU/UVA/-PA/LI/26/0127,NBRO/LRRMD-BDL/BDU/UVA/-PA/LI/26/0127,38A,House / නිවාස,2025-11-27 00:00:00,,2026-01-12 00:00:00,"Slope failures / බැවුම් අස්ථාවරවීම්, Rock fall / ගල් පෙරලීම්",Resettle / නැවත පදිංචිකිරීම,,,,,5.0,1.0,3.0,,1.0,,10,,Badulla,80.95029,7.012397
80.298347,7.247838,Kegalle,ගලිගමුව ප්රා.ලේ.කො,කොබ්බෑවල,HR1,HR1,,ERR - GLP-01,ERR - GLP-01,71,House / නිවාස,2025-11-29 00:00:00,07:00:00,2025-12-02 00:00:00,Other / වෙනත් (වෙනත් කරුණු යටතේ සදහන් කරන්න),Resettle / නැවත පදිංචිකිරීම,Fully / පුර්ණහානි,,,,9.0,,6.0,,6.0,15.0,36,,Kegalle,80.298347,7.247838
80.406926,7.013629,Kegalle,යටියන්තොට ප්රා.ලේ.කො,කිරිකොහුතැන්නන,HR1,HR1,,LRR-YTP-33,LRR-YTP-33,134එෆ්,House / නිවාස,2025-11-28 00:00:00,,2025-12-20 00:00:00,Cutting failure / කණ්ඩි අස්ථාවරවීම්,Resettle / නැවත පදිංචිකිරීම,Fully / පුර්ණහානි,,,,1.0,,,,1.0,,2,,Kegalle,80.406926,7.013629
80.759173,7.141525,Nuwara Eliya,හඟුරන්කෙත ප්රා.ලේ.කො,මාකෙම්පේ,HR1,HR1,,NBRI/NE/HKD/2026/DSDD/250),NBRI/NE/HKD/2026/DSDD/250),,House / නිවාස,2025.11.27,,2026.04.06,Slope failures / බැවුම් අස්ථාවරවීම්,Resettle / නැවත පදිංචිකිරීම,Fully / පුර්ණහානි,,,,1.0,,,,9.0,,10,,Nuwara Eliya,80.759173,7.141525
80.569327,7.555982,Matale,යටවත්ත ප්රා.ලේ.කො,වල්පොළ,HR1,HR1,,NBRO/MTL/YATAWATTA/2026/WAES/52,NBRO/MTL/YATAWATTA/2026/WAES/52,334/B,House / නිවාස,2025-11-28 00:00:00,,2025-12-22 00:00:00,Landslide / නායයෑම්,Resettle / නැවත පදිංචිකිරීම,,,,,1.0,1.0,,,1.0,,3,,Matale,80.569327,7.555982
80.847467,6.923402,Badulla,ඌව පරණගම ප්රා.ලේ.කො,ගලහගම,HR1,HR1,,NBRO /LRRMD /LT /2025/00162,NBRO /LRRMD /LT /2025/00162,46B,House / නිවාස,2025-11-27 00:00:00,,2025-12-23 00:00:00,Landslide / නායයෑම්,Resettle / නැවත පදිංචිකිරීම,,,,,4.0,6.0,16.0,,13.0,3.0,42,,Badulla,80.847467,6.923402
80.933102,7.019782,Badulla,ඌව පරණගම ප්රා.ලේ.කො,ඇල්ලන්ද,HR1,HR1,,NBRO/LRRMD-BDL/BDU/UVA/-PA/LI/26/0126,NBRO/LRRMD-BDL/BDU/UVA/-PA/LI/26/0126,37D,House / නිවාස,2025-11-27 00:00:00,,2026-01-12 00:00:00,Landslide / නායයෑම්,Resettle / නැවත පදිංචිකිරීම,,0.0,,,1.0,1.0,1.0,,1.0,,4,,Badulla,80.933102,7.019782
80.603773,7.504313,Matale,යටවත්ත ප්රා.ලේ.කො,දුල්ලැව නැගෙනහිර,HR1,HR1,,"NBRO/MTL/YATAWATTA/2026/TW,ST/58","NBRO/MTL/YATAWATTA/2026/TW,ST/58",,House / නිවාස,2025-11-27 00:00:00,,2026-01-11 00:00:00,"Slope failures / බැවුම් අස්ථාවරවීම්, Cutting failure / කණ්ඩි අස්ථාවරවීම්",Resettle / නැවත පදිංචිකිරීම,,,,,1.0,,,,,,1,,Matale,80.603773,7.504313
80.934746,6.979455,Badulla,ඌව පරණගම ප්රා.ලේ.කො,අලගොල්ල,HR1,HR1,,NBRO /LRRMD /LT /2025/00165,NBRO /LRRMD /LT /2025/00165,42B,House / නිවාස,2025-11-27 00:00:00,,2025-12-24 00:00:00,Landslide / නායයෑම්,Resettle / නැවත පදිංචිකිරීම,,,,,1.0,9.0,24.0,,6.0,3.0,43,,Badulla,80.934746,6.979455
81.10605,6.839295,Badulla,ඇල්ල ප්රා.ලේ.කො,දොඩන්ගොල්ල,HR1,HR1,,NBRO/LRRMD-BDL/BDU/ELLA/LI/26/1549,NBRO/LRRMD-BDL/BDU/ELLA/LI/26/1549,71B,House / නිවාස,2026-05-08 00:00:00,,2026-05-10 00:00:00,Rock fall / ගල් පෙරලීම්,,,,,,2.0,,,,,,2,,Badulla,81.10605,6.839295
80.452825,7.002022,Nuwara Eliya,අඹගමුව ප්රා.ලේ.කො,පිටවල,HR1,HR1,,NBRI/NE/ABD/2026/KLKT/135),NBRI/NE/ABD/2026/KLKT/135),316/ඩිි,House / නිවාස,2026.08.03 උදේ 9.00 – 9.30,,2026.08.06,Slope failures / බැවුම් අස්ථාවරවීම්,Resettle / නැවත පදිංචිකිරීම,Fully / පුර්ණහානි,,,,1.0,4.0,,,,,5,,Nuwara Eliya,80.452825,7.002022
81.156243,6.997729,Badulla,පස්සර ප්රා.ලේ.කො,මඩුගස්තලාව,HR1,HR1,,NBRO/LRRMD-BDL/BDU/PASSAR/LI/26/1219,NBRO/LRRMD-BDL/BDU/PASSAR/LI/26/1219,19C,House / නිවාස,2026-11-27 00:00:00,,2027-04-29 00:00:00,"Slope failures / බැවුම් අස්ථාවරවීම්, Rock fall / ගල් පෙරලීම්",,,,,,1.0,,2.0,,,,3,,Badulla,81.156243,6.997729
81.193943,6.942012,Badulla,පස්සර ප්රා.ලේ.කො,කුඩුගලපතන,HR1,HR1,,NBRO/LRRMD-BDL/BDU/PASSAR/LI/26/0747,NBRO/LRRMD-BDL/BDU/PASSAR/LI/26/0747,,House / නිවාස,2025-11-27 00:00:00,,2026-03-31 00:00:00,"Rock fall / ගල් පෙරලීම්, Cutting failure / කණ්ඩි අස්ථාවරවීම්",Resettle / නැවත පදිංචිකිරීම,,,,,1.0,,,,,,1,,Badulla,81.193943,6.942012
80.617781,7.48036,Matale,මාතලේ ප්රා.ලේ.කො,ඉහළ හරස්ගම,HR1,HR1,,NBRO/MTL/MATALE/2026/EIJ/172,NBRO/MTL/MATALE/2026/EIJ/172,E 350,House / නිවාස,2025-11-27 00:00:00,20:00:00,2026-02-12 00:00:00,Other / වෙනත් (වෙනත් කරුණු යටතේ සදහන් කරන්න),Resettle / නැවත පදිංචිකිරීම,Fully / පුර්ණහානි,0.0,,,1.0,,,,,,1,,Matale,80.617781,7.48036
81.129804,6.962753,Badulla,පස්සර ප්රා.ලේ.කො,උඩගම,HR1,HR1,,NBRO/LRRMD-BDL/BDU/PASSAR/LI/26/0483,NBRO/LRRMD-BDL/BDU/PASSAR/LI/26/0483,89A,House / නිවාස,2025-11-27 00:00:00,,2026-02-14 00:00:00,"Landslide / නායයෑම්, Slope failures / බැවුම් අස්ථාවරවීම්",Resettle / නැවත පදිංචිකිරීම,,,,,4.0,,2.0,,1.0,,7,,Badulla,81.129804,6.962753
80.38698,7.070181,Kegalle,යටියන්තොට ප්රා.ලේ.කො,දොඹේපොල,HR1,HR1,,LRR-KGP-73,LRR-KGP-73,,House / නිවාස,2025-11-28 00:00:00,,2025-12-18 00:00:00,Landslide / නායයෑම්,Resettle / නැවත පදිංචිකිරීම,Fully / පුර්ණහානි,,,,1.0,1.0,,,1.0,,3,,Kegalle,80.38698,7.070181
80.363921,7.029207,Kegalle,යටියන්තොට ප්රා.ලේ.කො,පොල්පිටිය,HR1,HR1,,LRR-YTP-54,LRR-YTP-54,,House / නිවාස,2025-11-27 00:00:00,17:30:00,2026-01-10 00:00:00,Landslide / නායයෑම්,Resettle / නැවත පදිංචිකිරීම,Fully / පුර්ණහානි,,,,1.0,,7.0,,4.0,,12,,Kegalle,80.363921,7.029207
80.380289,7.027288,Kegalle,යටියන්තොට ප්රා.ලේ.කො,දොඹේපොල,HR1,HR1,,LRR-YTP-31,LRR-YTP-31,,House / නිවාස,2025-11-27 00:00:00,,2026-01-06 00:00:00,Rock fall / ගල් පෙරලීම්,Resettle / නැවත පදිංචිකිරීම,Fully / පුර්ණහානි,,,,1.0,,1.0,,5.0,1.0,8,,Kegalle,80.380289,7.027288
81.184623,6.975805,Badulla,පස්සර ප්රා.ලේ.කො,මාලිගාතැන්න,HR1,HR1,,NBRO/LRRMD-BDL/BDU/PASSAR/LI/26/0388,NBRO/LRRMD-BDL/BDU/PASSAR/LI/26/0388,89E,House / නිවාස,2025-12-06 00:00:00,,2025-02-14 00:00:00,Slope failures / බැවුම් අස්ථාවරවීම්,Resettle / නැවත පදිංචිකිරීම,,,,,3.0,2.0,5.0,,9.0,,19,,Badulla,81.184623,6.975805
80.442567,7.064279,Kegalle,යටියන්තොට ප්රා.ලේ.කො,සීපෝත්,HR1,HR1,,LRR-YTP-32,LRR-YTP-32,,House / නිවාස,2025-11-28 00:00:00,,2026-01-03 00:00:00,Landslide / නායයෑම්,Resettle / නැවත පදිංචිකිරීම,Fully / පුර්ණහානි,,,,2.0,2.0,1.0,,5.0,10.0,20,,Kegalle,80.442567,7.064279
80.475436,6.953582,Nuwara Eliya,අඹගමුව ප්රා.ලේ.කො,කෙහෙල්අරාව,HR1,HR1,,NBRI/NE/ABD/2026/VKG/115),NBRI/NE/ABD/2026/VKG/115),316/ජී,House / නිවාස,2026.08.03 උදෑසන 10.45 පමණ,,2026.08.04,Slope failures / බැවුම් අස්ථාවරවීම්,Resettle / නැවත පදිංචිකිරීම,Fully / පුර්ණහානි,,,,1.0,,,,,,1,,Nuwara Eliya,80.475436,6.953582
80.558109,7.673094,Matale,ගලේවෙල ප්රා.ලේ.කො,කැදන්ගමුව,HR1,HR1,,NBRO/MTL/GALEWELA/2026/WAES/128,NBRO/MTL/GALEWELA/2026/WAES/128,E 430C,House / නිවාස,2025-11-27 00:00:00,,2026-01-27 00:00:00,"Slope failures / බැවුම් අස්ථාවරවීම්, Cutting failure / කණ්ඩි අස්ථාවරවීම්, Rock fall / ගල් පෙරලීම්",Resettle / නැවත පදිංචිකිරීම,,,,,1.0,2.0,,,,,3,,Matale,80.558109,7.673094
80.616541,7.510061,Matale,මාතලේ ප්රා.ලේ.කො,කිරිගල්පොත්ත,HR1,HR1,,"NBRO/MTL/MATALE/2026/MAKS,RMSRS/252","NBRO/MTL/MATALE/2026/MAKS,RMSRS/252",,House / නිවාස,2025-11-26 00:00:00,,2026-03-12 00:00:00,"Slope failures / බැවුම් අස්ථාවරවීම්, Other / වෙනත් (වෙනත් කරුණු යටතේ සදහන් කරන්න)",Resettle / නැවත පදිංචිකිරීම,Partially / අර්ධහානි,0.0,,,2.0,,,,,,2,,Matale,80.616541,7.510061
80.560103,7.685045,Matale,ගලේවෙල ප්රා.ලේ.කො,කැදන්ගමුව,HR1,HR1,,NBRO/MTL/GALEWELA/2026/WAES/129,NBRO/MTL/GALEWELA/2026/WAES/129,E 430C,House / නිවාස,2025-11-28 00:00:00,,2026-01-28 00:00:00,"Landslide / නායයෑම්, Slope failures / බැවුම් අස්ථාවරවීම්, Rock fall / ගල් පෙරලීම්",Resettle / නැවත පදිංචිකිරීම,,,,,2.0,2.0,3.0,,1.0,1.0,9,,Matale,80.560103,7.685045
80.830361,7.183606,Nuwara Eliya,හඟුරන්කෙත ප්රා.ලේ.කො,ඇදිරිබැද්ද,HR1,HR1,,NBRI/NE/HKD/2026/VKG/55),NBRI/NE/HKD/2026/VKG/55),,House / නිවාස,2025.11.27,,2026.05.11,Slope failures / බැවුම් අස්ථාවරවීම්,Resettle / නැවත පදිංචිකිරීම,Fully / පුර්ණහානි,,,,1.0,,,,,,1,,Nuwara Eliya,80.830361,7.183606
81.132355,6.968124,Badulla,පස්සර ප්රා.ලේ.කො,නිකේබැද්ද,HR1,HR1,,NBRO/LRRMD-BDL/BDU/PASSAR/LI/26/0374,NBRO/LRRMD-BDL/BDU/PASSAR/LI/26/0374,89H,House / නිවාස,2025-11-27 00:00:00,,2026-02-11 00:00:00,"Slope failures / බැවුම් අස්ථාවරවීම්, Cutting failure / කණ්ඩි අස්ථාවරවීම්, Other / වෙනත් (වෙනත් කරුණු යටතේ සදහන් කරන්න)",Resettle / නැවත පදිංචිකිරීම,,,,,1.0,,1.0,,2.0,,4,,Badulla,81.132355,6.968124
81.169788,6.929352,Badulla,පස්සර ප්රා.ලේ.කො,අඹතැන්න බටහිර,HR1,HR1,,NBRO/LRRMD-BDL/BDU/PASSAR/LI/26/0373,NBRO/LRRMD-BDL/BDU/PASSAR/LI/26/0373,88M,House / නිවාස,2025-11-27 00:00:00,,2026-02-11 00:00:00,"Landslide / නායයෑම්, Slope failures / බැවුම් අස්ථාවරවීම්, Cutting failure / කණ්ඩි අස්ථාවරවීම්",Resettle / නැවත පදිංචිකිරීම,,,,,1.0,,,,,,1,,Badulla,81.169788,6.929352
81.123863,6.906873,Badulla,පස්සර ප්රා.ලේ.කො,කණවැරැල්ල,HR1,HR1,,NBRO/LRRMD-BDL/BDU/PASSAR/LI/26/0304,NBRO/LRRMD-BDL/BDU/PASSAR/LI/26/0304,87,House / නිවාස,2025-11-27 00:00:00,,2026-01-27 00:00:00,"Cutting failure / කණ්ඩි අස්ථාවරවීම්, Slope failures / බැවුම් අස්ථාවරවීම්",Resettle / නැවත පදිංචිකිරීම,,,,,1.0,,,,,,1,,Badulla,81.123863,6.906873
81.165179,6.983514,Badulla,පස්සර ප්රා.ලේ.කො,මාලිගාතැන්න,HR1,HR1,,NBRO/LRRMD-BDL/BDU/PASSAR/LI/26/0385,NBRO/LRRMD-BDL/BDU/PASSAR/LI/26/0385,89E,House / නිවාස,2025-11-27 00:00:00,,2026-02-14 00:00:00,"Rock fall / ගල් පෙරලීම්, Slope failures / බැවුම් අස්ථාවරවීම්",Resettle / නැවත පදිංචිකිරීම,,,,,1.0,,,,1.0,,2,,Badulla,81.165179,6.983514
81.129484,6.913072,Badulla,පස්සර ප්රා.ලේ.කො,මාවුස්සාගොල්ල බටහිර,HR1,HR1,,NBRO/LRRMD-BDL/BDU/PASSAR/LI/26/0148,NBRO/LRRMD-BDL/BDU/PASSAR/LI/26/0148,87A,House / නිවාස,2025-11-27 00:00:00,,2025-12-16 00:00:00,"Landslide / නායයෑම්, Slope failures / බැවුම් අස්ථාවරවීම්, Other / වෙනත් (වෙනත් කරුණු යටතේ සදහන් කරන්න)",Resettle / නැවත පදිංචිකිරීම,,,,,1.0,2.0,,,,,3,,Badulla,81.129484,6.913072
81.146972,6.979046,Badulla,පස්සර ප්රා.ලේ.කො,වැල්ගොල්ල,HR1,HR1,,NBRO/LRRMD-BDL/BDU/PASSAR/LI/26/0124,NBRO/LRRMD-BDL/BDU/PASSAR/LI/26/0124,89D,House / නිවාස,2025-11-27 00:00:00,,,Slope failures / බැවුම් අස්ථාවරවීම්,Resettle / නැවත පදිංචිකිරීම,,,,,3.0,,2.0,,9.0,,14,,Badulla,81.146972,6.979046
80.779809,7.110902,Nuwara Eliya,හඟුරන්කෙත ප්රා.ලේ.කො,රුක්වුඩ්,HR1,HR1,,NBRI/NE/HKD/2026/SMK/181),NBRI/NE/HKD/2026/SMK/181),,House / නිවාස,2025.11.27,,2026.03.29,Landslide / නායයෑම්,Resettle / නැවත පදිංචිකිරීම,Fully / පුර්ණහානි,,,,1.0,,,,11.0,,12,,Nuwara Eliya,80.779809,7.110902
81.153716,6.935251,Badulla,පස්සර ප්රා.ලේ.කො,පස්සර උතුර,HR1,HR1,,NBRO/LRRMD-BDL/BDU/PASSAR/LI/26/0111,NBRO/LRRMD-BDL/BDU/PASSAR/LI/26/0111,88B,House / නිවාස,2025-11-27 00:00:00,,,"Landslide / නායයෑම්, Other / වෙනත් (වෙනත් කරුණු යටතේ සදහන් කරන්න)",Resettle / නැවත පදිංචිකිරීම,,,,,9.0,8.0,2.0,,8.0,6.0,33,,Badulla,81.153716,6.935251
80.770766,7.055598,Nuwara Eliya,මතුරට ප්රා.ලේ.කො,කඩදොර,HR1,HR1,,NBRI/NE/HKD[Mathurata]-33/2025/RR/27 - Rev,NBRI/NE/HKD[Mathurata]-33/2025/RR/27 - Rev,459,House / නිවාස,2025-11-27 00:00:00,,2025-12-21 00:00:00,Landslide / නායයෑම්,Resettle / නැවත පදිංචිකිරීම,Fully / පුර්ණහානි,,,,1.0,,1.0,,,,2,,Nuwara Eliya,80.770766,7.055598
80.535734,7.758498,Matale,ගලේවෙල ප්රා.ලේ.කො,හොම්බා,HR1,HR1,,NBRO/MTL/GALEWELA/2026/EIJ/117,NBRO/MTL/GALEWELA/2026/EIJ/117,E 431 A,House / නිවාස,,,2026-01-16 00:00:00,Slope failures / බැවුම් අස්ථාවරවීම්,Resettle / නැවත පදිංචිකිරීම,,,,,1.0,,,,,,1,,Matale,80.535734,7.758498
80.66385,7.026146,Nuwara Eliya,කොත්මලේ නැගෙනහිර ප්රා.ලේ.කො,මැදකන්ද,HR1,HR1,,NBRI/NE/KTD[East] /2025/PTG/80 - REV),NBRI/NE/KTD[East] /2025/PTG/80 - REV),469 / සී,House / නිවාස,2025-11-28 00:00:00,,2025-12-20 00:00:00,Other / වෙනත් (වෙනත් කරුණු යටතේ සදහන් කරන්න),Resettle / නැවත පදිංචිකිරීම,Fully / පුර්ණහානි,,ආතති පැලුම්,,2.0,,1.0,,9.0,,12,,Nuwara Eliya,80.66385,7.026146
81.147053,7.004138,Badulla,පස්සර ප්රා.ලේ.කො,මඩුගස්තලාව උතුර,HR1,HR1,,NBRO/LRRMD-BDL/BDU/PASSAR/LI/26/0078,NBRO/LRRMD-BDL/BDU/PASSAR/LI/26/0078,19,House / නිවාස,2025-11-27 00:00:00,,2026-01-09 00:00:00,"Slope failures / බැවුම් අස්ථාවරවීම්, Other / වෙනත් (වෙනත් කරුණු යටතේ සදහන් කරන්න)",Resettle / නැවත පදිංචිකිරීම,,,,,2.0,,2.0,,2.0,,6,,Badulla,81.147053,7.004138
81.102512,7.024172,Badulla,පස්සර ප්රා.ලේ.කො,කහටරුප්ප,HR1,HR1,,NBRO/LRRMD-BDL/BDU/PASSAR/LI/26/0067,NBRO/LRRMD-BDL/BDU/PASSAR/LI/26/0067,19A,House / නිවාස,2025-11-27 00:00:00,,2026-01-04 00:00:00,Slope failures / බැවුම් අස්ථාවරවීම්,Resettle / නැවත පදිංචිකිරීම,,0.0,,,1.0,,,,12.0,2.0,15,,Badulla,81.102512,7.024172
81.130021,6.95854,Badulla,පස්සර ප්රා.ලේ.කො,උඩගම,HR1,HR1,,NBRO/LRRMD-BDL/BDU/PASSARA/LI/25/0014,NBRO/LRRMD-BDL/BDU/PASSARA/LI/25/0014,89A,House / නිවාස,2025-11-27 00:00:00,,2026-01-01 00:00:00,"Slope failures / බැවුම් අස්ථාවරවීම්, Landslide / නායයෑම්, Other / වෙනත් (වෙනත් කරුණු යටතේ සදහන් කරන්න)",Resettle / නැවත පදිංචිකිරීම,,,,,4.0,4.0,4.0,,2.0,,14,,Badulla,81.130021,6.95854
80.78088,7.149365,Nuwara Eliya,හඟුරන්කෙත ප්රා.ලේ.කො,රිකිල්ලගස්කඩ,HR1,HR1,,NBRI/NE/HKD/2026/VKG/65),NBRI/NE/HKD/2026/VKG/65),492/ඒ,House / නිවාස,2025.11.27,,2026.05.24,Slope failures / බැවුම් අස්ථාවරවීම්,Resettle / නැවත පදිංචිකිරීම,Fully / පුර්ණහානි,,,,1.0,,,,,,1,,Nuwara Eliya,80.78088,7.149365
80.816808,7.149378,Nuwara Eliya,මතුරට ප්රා.ලේ.කො,මොරගොල්ල,HR1,HR1,,NBRI/NE/HKD[Mathurata]/2025/LY/09  - Rev,NBRI/NE/HKD[Mathurata]/2025/LY/09  - Rev,491A,House / නිවාස,2025-11-28 00:00:00,5.30 am,2025-12-09 00:00:00,Slope failures / බැවුම් අස්ථාවරවීම්,Resettle / නැවත පදිංචිකිරීම,Fully / පුර්ණහානි,,,,5.0,3.0,3.0,,8.0,,19,,Nuwara Eliya,80.816808,7.149378
81.106623,7.038551,Badulla,පස්සර ප්රා.ලේ.කො,පාලාවත්ත,HR1,HR1,,NBRO/LRRMD-BDL/BDU/PASSARA/LI/25/0518,NBRO/LRRMD-BDL/BDU/PASSARA/LI/25/0518,20B,House / නිවාස,27/11/0225,,2025-12-28 00:00:00,Landslide / නායයෑම්,Resettle / නැවත පදිංචිකිරීම,,,,,6.0,,6.0,,20.0,2.0,34,,Badulla,81.106623,7.038551
81.126175,6.960071,Badulla,පස්සර ප්රා.ලේ.කො,උඩගම,HR1,HR1,,NBRO/LRRMD-BDL/BDU/PASSARA/LI/25/0498,NBRO/LRRMD-BDL/BDU/PASSARA/LI/25/0498,89A,House / නිවාස,2025-11-27 00:00:00,,2025-12-27 00:00:00,"Slope failures / බැවුම් අස්ථාවරවීම්, Other / වෙනත් (වෙනත් කරුණු යටතේ සදහන් කරන්න)",Resettle / නැවත පදිංචිකිරීම,,,,,2.0,1.0,2.0,,11.0,,16,,Badulla,81.126175,6.960071
80.286911,7.276731,Kegalle,ගලිගමුව ප්රා.ලේ.කො,වේරගොඩ,HR1,HR1,,ERR - GLP-03,ERR - GLP-03,73ඒ,House / නිවාස,2025-11-28 00:00:00,08:30:00,2025-12-01 00:00:00,Slope failures / බැවුම් අස්ථාවරවීම්,Resettle / නැවත පදිංචිකිරීම,Fully / පුර්ණහානි,,,,2.0,,,,,,2,,Kegalle,80.286911,7.276731
81.123863,6.998341,Badulla,පස්සර ප්රා.ලේ.කො,තලගහගෙදර,HR1,HR1,,NBRO/LRRMD-BDL/BDU/PASSARA/LI/25/0497,NBRO/LRRMD-BDL/BDU/PASSARA/LI/25/0497,19B,House / නිවාස,2025-11-27 00:00:00,,2025-12-26 00:00:00,Landslide / නායයෑම්,Resettle / නැවත පදිංචිකිරීම,,,,,1.0,2.0,7.0,,25.0,23.0,58,,Badulla,81.123863,6.998341
80.66386,7.170838,Kandy,උඩුනුවර ප්රා.ලේ.කො,තුම්පෑලවක-,HR1,HR1,,TPB/238,TPB/238,1140,House / නිවාස,2025-11-27 00:00:00,,2026-03-11 00:00:00,Landslide / නායයෑම්,,,,,,2.0,,,,,,2,,Kandy,80.66386,7.170838
80.273724,7.188202,Kegalle,ගලිගමුව ප්රා.ලේ.කො,බෝයගොඩ,HR1,HR1,,LRR- GLP-01,LRR- GLP-01,,House / නිවාස,2025-11-29 00:00:00,,2025-12-10 00:00:00,Landslide / නායයෑම්,Resettle / නැවත පදිංචිකිරීම,Fully / පුර්ණහානි,,,,4.0,2.0,1.0,,26.0,,33,,Kegalle,80.273724,7.188202
81.116052,7.007159,Badulla,පස්සර ප්රා.ලේ.කො,තලගහගෙදර,HR1,HR1,,NBRO /LRRMD-BDL/BDU/PASSARA/LI/25/0505,NBRO /LRRMD-BDL/BDU/PASSARA/LI/25/0505,19B,House / නිවාස,2025-11-27 00:00:00,,2025-12-28 00:00:00,Landslide / නායයෑම්,Resettle / නැවත පදිංචිකිරීම,,,,,3.0,,3.0,,19.0,27.0,52,,Badulla,81.116052,7.007159
80.674169,7.17141,Kandy,උඩුනුවර ප්රා.ලේ.කො,තුම්පෑලවක-,HR1,HR1,,TPB/228,TPB/228,1140,House / නිවාස,2025-11-27 00:00:00,,2026-03-11 00:00:00,Landslide / නායයෑම්,,,,,,2.0,,,,,,2,,Kandy,80.674169,7.17141
80.545808,7.207938,Kandy,උඩුනුවර ප්රා.ලේ.කො,කූරදෙනිය -,HR1,HR1,,TPB/223,TPB/223,106,House / නිවාස,2025-11-27 00:00:00,,2026-03-11 00:00:00,Cutting failure / කණ්ඩි අස්ථාවරවීම්,,,,,,1.0,,,,,,1,,Kandy,80.545808,7.207938
80.672055,7.172049,Kandy,උඩුනුවර ප්රා.ලේ.කො,තුම්පෑලවක-,HR1,HR1,,TPB/232,TPB/232,1140,House / නිවාස,2025-11-27 00:00:00,,2026-03-11 00:00:00,Landslide / නායයෑම්,,,,,,2.0,,,,,,2,,Kandy,80.672055,7.172049
80.81132,7.05649,Nuwara Eliya,මතුරට ප්රා.ලේ.කො,ගෝනකැලේ,HR1,HR1,,NBRI/NE/HKD[Mathurata]/2025/SMK/16 -Rev,NBRI/NE/HKD[Mathurata]/2025/SMK/16 -Rev,508 B,House / නිවාස,2025-11-27 00:00:00,8.30 am,2025-12-12 00:00:00,Landslide / නායයෑම්,Resettle / නැවත පදිංචිකිරීම,Fully / පුර්ණහානි,,,,1.0,,,,3.0,,4,,Nuwara Eliya,80.81132,7.05649
80.813047,7.066025,Nuwara Eliya,මතුරට ප්රා.ලේ.කො,මේරිගෝල්ඩ්,HR1,HR1,,NBRI/NE/HKD[Mathurata]/2025/SMK/30 - Rev,NBRI/NE/HKD[Mathurata]/2025/SMK/30 - Rev,509 A,House / නිවාස,2025-11-27 00:00:00,,2025-12-12 00:00:00,Other / වෙනත් (වෙනත් කරුණු යටතේ සදහන් කරන්න),Resettle / නැවත පදිංචිකිරීම,Fully / පුර්ණහානි,,,,1.0,,1.0,,1.0,,3,,Nuwara Eliya,80.813047,7.066025
80.805202,7.059849,Nuwara Eliya,මතුරට ප්රා.ලේ.කො,බොමැල්ලගොඩ / අම්පිටිගොඩ / දුනුකේබැද්ද / කැටයාපතන / ගෝනකැලේ,HR1,HR1,,NBRI/NE/HKD[Mathurata]/2025/SMK/සංශෝධන/32 - Rev,NBRI/NE/HKD[Mathurata]/2025/SMK/සංශෝධන/32 - Rev,,House / නිවාස,2025-11-27 00:00:00,,2025-12-15 00:00:00,Landslide / නායයෑම්,Resettle / නැවත පදිංචිකිරීම,Fully / පුර්ණහානි,,,,10.0,5.0,,,4.0,,19,,Nuwara Eliya,80.805202,7.059849
80.543662,7.202048,Kandy,උඩුනුවර ප්රා.ලේ.කො,ලියන්ගහවත්ත,HR1,HR1,,TPB / 148,TPB / 148,,House / නිවාස,2025-11-27 00:00:00,,2026-02-19 00:00:00,"Landslide / නායයෑම්, Slope failures / බැවුම් අස්ථාවරවීම්",,,,,,2.0,7.0,4.0,,8.0,,21,,Kandy,80.543662,7.202048
80.708047,7.487453,Matale,රත්තොට ප්රා.ලේ.කො,බඹරකිරි ඇල්ල,HR1,HR1,,NBRO/MTL/RATHTHOTA/2025/WAES/82,NBRO/MTL/RATHTHOTA/2025/WAES/82,,House / නිවාස,2025-11-27 00:00:00,20:30:00,2025-12-08 00:00:00,Landslide / නායයෑම්,Resettle / නැවත පදිංචිකිරීම,,,,,3.0,,,,6.0,,9,,Matale,80.708047,7.487453
80.798074,7.066622,Nuwara Eliya,මතුරට ප්රා.ලේ.කො,බොමැල්ලගොඩ / අම්පිටිගොඩ,HR1,HR1,,NBRI/NE/HKD[Mathurata]/2025/SMK/33 - Rev,NBRI/NE/HKD[Mathurata]/2025/SMK/33 - Rev,,House / නිවාස,2025-11-27 00:00:00,,2025-12-15 00:00:00,Slope failures / බැවුම් අස්ථාවරවීම්,Resettle / නැවත පදිංචිකිරීම,Fully / පුර්ණහානි,,,,1.0,4.0,4.0,,5.0,,14,,Nuwara Eliya,80.798074,7.066622
81.141875,6.988874,Badulla,පස්සර ප්රා.ලේ.කො,වැල්ගොල්ල,HR1,HR1,,NBRO /LRRMD/LT/2025/000222,NBRO /LRRMD/LT/2025/000222,89D,House / නිවාස,2025-11-27 00:00:00,,2025-12-25 00:00:00,"Landslide / නායයෑම්, Cutting failure / කණ්ඩි අස්ථාවරවීම්, Other / වෙනත් (වෙනත් කරුණු යටතේ සදහන් කරන්න)",Resettle / නැවත පදිංචිකිරීම,,,,,1.0,,,,,,1,,Badulla,81.141875,6.988874
81.104429,7.049353,Badulla,පස්සර ප්රා.ලේ.කො,දෙමෝදර,HR1,HR1,,NBRO /LRRMD-BDL/BDU/PASSARA/LI/26/0033,NBRO /LRRMD-BDL/BDU/PASSARA/LI/26/0033,20,House / නිවාස,2025-11-27 00:00:00,,2025-12-31 00:00:00,"Slope failures / බැවුම් අස්ථාවරවීම්, Rock fall / ගල් පෙරලීම්",Resettle / නැවත පදිංචිකිරීම,,,,,2.0,2.0,4.0,,40.0,,48,,Badulla,81.104429,7.049353
80.589386,7.446226,Matale,උකුවෙල ප්රා.ලේ.කො,ඹ්විල්ල,HR1,HR1,,"NBRO/MTL/UKUWELA/2025/MMCUB,EIJ/24","NBRO/MTL/UKUWELA/2025/MMCUB,EIJ/24",E - 344,House / නිවාස,2025-11-28 00:00:00,12:30:00,2025-12-07 00:00:00,Landslide / නායයෑම්,Resettle / නැවත පදිංචිකිරීම,,,,,2.0,18.0,15.0,,9.0,,44,,Matale,80.589386,7.446226
80.522221,7.246,Kandy,උඩුනුවර ප්රා.ලේ.කො,ලගමුව,HR1,HR1,,TPB / 136,TPB / 136,,House / නිවාස,2025-11-27 00:00:00,,2026-02-18 00:00:00,"Cutting failure / කණ්ඩි අස්ථාවරවීම්, Other / වෙනත් (වෙනත් කරුණු යටතේ සදහන් කරන්න)",,,,,,1.0,,,,,,1,,Kandy,80.522221,7.246
81.116912,7.0234,Badulla,පස්සර ප්රා.ලේ.කො,දඹකොටේ,HR1,HR1,,NBRO /LRRMD-BDL/BDU/PASSARA/LI/25/0495,NBRO /LRRMD-BDL/BDU/PASSARA/LI/25/0495,20A,House / නිවාස,2025-11-27 00:00:00,,2025-12-27 00:00:00,"Landslide / නායයෑම්, Rock fall / ගල් පෙරලීම්, Slope failures / බැවුම් අස්ථාවරවීම්, Cutting failure / කණ්ඩි අස්ථාවරවීම්",Resettle / නැවත පදිංචිකිරීම,,,,,1.0,2.0,7.0,,19.0,6.0,35,,Badulla,81.116912,7.0234
80.330236,7.191974,Kegalle,ගලිගමුව ප්රා.ලේ.කො,අටුගොඩ,HR1,HR1,,LRR-GLP-14,LRR-GLP-14,,House / නිවාස,2025-11-28 00:00:00,08:30:00,2026-01-04 00:00:00,Other / වෙනත් (වෙනත් කරුණු යටතේ සදහන් කරන්න),Resettle / නැවත පදිංචිකිරීම,Fully / පුර්ණහානි,,,,1.0,1.0,,,1.0,,3,,Kegalle,80.330236,7.191974
80.328793,7.200133,Kegalle,ගලිගමුව ප්රා.ලේ.කො,අටුගොඩ,HR1,HR1,,LRR-GLP-13,LRR-GLP-13,,House / නිවාස,2025-11-28 00:00:00,14:30:00,2026-01-04 00:00:00,Cutting failure / කණ්ඩි අස්ථාවරවීම්,Resettle / නැවත පදිංචිකිරීම,Fully / පුර්ණහානි,,,,2.0,,,,,,2,,Kegalle,80.328793,7.200133
81.110843,7.02121,Badulla,පස්සර ප්රා.ලේ.කො,කහටරුප්ප,HR1,HR1,,NBRO /LRRMD/LT/2025/00179,NBRO /LRRMD/LT/2025/00179,19A,House / නිවාස,2025-11-27 00:00:00,,2025-12-23 00:00:00,Landslide / නායයෑම්,Resettle / නැවත පදිංචිකිරීම,,,,,2.0,2.0,,,29.0,17.0,50,,Badulla,81.110843,7.02121
81.129228,6.912884,Badulla,පස්සර ප්රා.ලේ.කො,කණවරැල්ල බටහිර,HR1,HR1,,NBRO /LRRMD-BDL/BDU/PASSARA/LI/26/0017,NBRO /LRRMD-BDL/BDU/PASSARA/LI/26/0017,87C,House / නිවාස,2025-11-27 00:00:00,,2025-12-04 00:00:00,Slope failures / බැවුම් අස්ථාවරවීම්,Resettle / නැවත පදිංචිකිරීම,,,,,1.0,1.0,,,1.0,,3,,Badulla,81.129228,6.912884
80.361201,7.038378,Kegalle,යටියන්තොට ප්රා.ලේ.කො,පොල්පිටිය,HR1,HR1,,LRR-YTP-107,LRR-YTP-107,,House / නිවාස,2025-11-28 00:00:00,,2026-01-09 00:00:00,Landslide / නායයෑම්,Resettle / නැවත පදිංචිකිරීම,Fully / පුර්ණහානි,,,,1.0,3.0,17.0,,8.0,,29,,Kegalle,80.361201,7.038378
81.12661,6.952686,Badulla,පස්සර ප්රා.ලේ.කො,උඩගම,HR1,HR1,,NBRO /LRRMD/LT/2025/00193,NBRO /LRRMD/LT/2025/00193,89A,House / නිවාස,2025-11-27 00:00:00,,2025-12-24 00:00:00,"Landslide / නායයෑම්, Slope failures / බැවුම් අස්ථාවරවීම්, Cutting failure / කණ්ඩි අස්ථාවරවීම්, Rock fall / ගල් පෙරලීම්",Resettle / නැවත පදිංචිකිරීම,,,,,2.0,,3.0,,5.0,,10,,Badulla,81.12661,6.952686
81.132616,6.981715,Badulla,පස්සර ප්රා.ලේ.කො,වැල්ගොල්ල,HR1,HR1,,NBRO /LRRMD/LT/2025/00223,NBRO /LRRMD/LT/2025/00223,89D,House / නිවාස,2025-11-27 00:00:00,,"2025/12/25,26","Landslide / නායයෑම්, Slope failures / බැවුම් අස්ථාවරවීම්, Rock fall / ගල් පෙරලීම්, Other / වෙනත් (වෙනත් කරුණු යටතේ සදහන් කරන්න)",Resettle / නැවත පදිංචිකිරීම,,,,,8.0,,,,8.0,,16,,Badulla,81.132616,6.981715
81.149647,6.94629,Badulla,පස්සර ප්රා.ලේ.කො,පාලාගොල්ල,HR1,HR1,,NBRO /LRRMD-BDL/BDU/PASSARA/LI/26/0001,NBRO /LRRMD-BDL/BDU/PASSARA/LI/26/0001,88H,House / නිවාස,2025-11-27 00:00:00,,2025-12-31 00:00:00,Landslide / නායයෑම්,Resettle / නැවත පදිංචිකිරීම,,,,,4.0,3.0,,,1.0,2.0,10,,Badulla,81.149647,6.94629
80.675632,7.0658,Nuwara Eliya,කොත්මලේ නැගෙනහිර ප්රා.ලේ.කො,පනම්ගම්මන,HR1,HR1,,NBRI/NE/KTD[East]/2025/KLKT/39),NBRI/NE/KTD[East]/2025/KLKT/39),,Business / ව්‍යාපාරික ස්ථානය,2025-11-27 00:00:00,රාත්‍රී 8.20 පමණ,2026-01-06 00:00:00,Landslide / නායයෑම්,Resettle / නැවත පදිංචිකිරීම,Fully / පුර්ණහානි,,,,1.0,,2.0,,,,3,,Nuwara Eliya,80.675632,7.0658
81.131745,6.953419,Badulla,පස්සර ප්රා.ලේ.කො,උඩගම,HR1,HR1,,NBRO /LRRMD-BDL/BDU/PASSARA/LI/26/0002,NBRO /LRRMD-BDL/BDU/PASSARA/LI/26/0002,89A,House / නිවාස,2025-11-27 00:00:00,,2025-12-30 00:00:00,"Slope failures / බැවුම් අස්ථාවරවීම්, Cutting failure / කණ්ඩි අස්ථාවරවීම්",Resettle / නැවත පදිංචිකිරීම,,,,,1.0,,,,1.0,,2,,Badulla,81.131745,6.953419
80.623773,7.069284,Nuwara Eliya,කොත්මලේ බටහිර ප්රා.ලේ.කො,කොටගේපිටිය දකුණ,HR1,HR1,,NBRI/NE/KTD[West]/2026/KLKT/122),NBRI/NE/KTD[West]/2026/KLKT/122),,House / නිවාස,මීට වසර ගණනාවක සිට මෙම අස්ථාවරවීම් ක්‍රමිකව වර්ධනය වේ.,,2026.05.04,Other / වෙනත් (වෙනත් කරුණු යටතේ සදහන් කරන්න),Resettle / නැවත පදිංචිකිරීම,Fully / පුර්ණහානි,,සුනුපහන් පාංශූ ස්ථරය මත පිහිටි නිවාස අස්ථාවරවීම,,5.0,6.0,35.0,,16.0,,62,,Nuwara Eliya,80.623773,7.069284
80.681236,7.475804,Matale,රත්තොට ප්රා.ලේ.කො,"අලකොලමඩ, උඩගම",HR1,HR1,,"NBRO/MTL/RATHTHOTA/2025/MMCUB,BCA/18","NBRO/MTL/RATHTHOTA/2025/MMCUB,BCA/18",,House / නිවාස,2025-11-27 00:00:00,19:00:00,2025-12-30 00:00:00,Slope failures / බැවුම් අස්ථාවරවීම්,Resettle / නැවත පදිංචිකිරීම,,,,,6.0,22.0,16.0,,39.0,,83,,Matale,80.681236,7.475804
81.122894,6.948503,Badulla,පස්සර ප්රා.ලේ.කො,පැල්ගහතැන්න,HR1,HR1,,NBRO /LRRMD-BDL/BDU/PASSARA/LI/26/0004,NBRO /LRRMD-BDL/BDU/PASSARA/LI/26/0004,89G,House / නිවාස,2025-11-27 00:00:00,,2025/12/05- 2025/12/30,Other / වෙනත් (වෙනත් කරුණු යටතේ සදහන් කරන්න),Resettle / නැවත පදිංචිකිරීම,,,,,10.0,8.0,4.0,,28.0,7.0,57,,Badulla,81.122894,6.948503
80.591426,7.449247,Matale,උකුවෙල ප්රා.ලේ.කො,ඹ්විල්ල,HR1,HR1,,NBRO/MTL/UKUWELA/2025/EIJ/23,NBRO/MTL/UKUWELA/2025/EIJ/23,E - 344,House / නිවාස,2025-11-28 00:00:00,12:45:00,2025-12-06 00:00:00,Landslide / නායයෑම්,Resettle / නැවත පදිංචිකිරීම,Fully / පුර්ණහානි,,,,1.0,2.0,10.0,,1.0,1.0,15,,Matale,80.591426,7.449247
81.240252,7.007992,Badulla,පස්සර ප්රා.ලේ.කො,තලගහගෙදර,HR1,HR1,,NBRO /LRRMD-BDL/BDU/PASSARA/LI/26/0031,NBRO /LRRMD-BDL/BDU/PASSARA/LI/26/0031,19 B,House / නිවාස,2025-11-27 00:00:00,16.0,2026-01-02 00:00:00,Slope failures / බැවුම් අස්ථාවරවීම්,Resettle / නැවත පදිංචිකිරීම,,,,,1.0,,1.0,,14.0,,16,,Badulla,81.240252,7.007992
81.106338,7.015745,Badulla,පස්සර ප්රා.ලේ.කො,කහටරුප්ප,HR1,HR1,,NBRO /LRRMD-BDL/BDU/PASSARA/LI/26/0023,NBRO /LRRMD-BDL/BDU/PASSARA/LI/26/0023,19 A,House / නිවාස,2025-11-27 00:00:00,,2025-12-30 00:00:00,Landslide / නායයෑම්,Resettle / නැවත පදිංචිකිරීම,,,,,3.0,3.0,6.0,,15.0,7.0,34,,Badulla,81.106338,7.015745
80.287211,7.24848,Kegalle,ගලිගමුව ප්රා.ලේ.කො,පෙහෙරඹේ - 70,HR1,HR1,,LRR-GLP-23,LRR-GLP-23,,House / නිවාස,2025-11-28 00:00:00,,2026-01-12 00:00:00,Landslide / නායයෑම්,Resettle / නැවත පදිංචිකිරීම,Fully / පුර්ණහානි,,,,3.0,2.0,4.0,,10.0,,19,,Kegalle,80.287211,7.24848
80.271221,7.238158,Kegalle,ගලිගමුව ප්රා.ලේ.කො,පළපොළුව -70 A,HR1,HR1,,LRR-GLP-22,LRR-GLP-22,,House / නිවාස,2025-11-28 00:00:00,,2026-01-12 00:00:00,Cutting failure / කණ්ඩි අස්ථාවරවීම්,Resettle / නැවත පදිංචිකිරීම,Fully / පුර්ණහානි,,,,1.0,,,,4.0,,5,,Kegalle,80.271221,7.238158
80.290323,7.265666,Kegalle,ගලිගමුව ප්රා.ලේ.කො,මකුද්දන,HR1,HR1,,LRR-GLP-20,LRR-GLP-20,,House / නිවාස,2025-11-28 00:00:00,,2026-01-09 00:00:00,Slope failures / බැවුම් අස්ථාවරවීම්,Resettle / නැවත පදිංචිකිරීම,Fully / පුර්ණහානි,,,,1.0,,,,,,1,,Kegalle,80.290323,7.265666
80.666982,7.01056,Nuwara Eliya,කොත්මලේ නැගෙනහිර ප්රා.ලේ.කො,ෂීන් ගම,HR1,HR1,,NBRI/NE/KTD[East]/2026/LY/38),NBRI/NE/KTD[East]/2026/LY/38),468ජේ,House / නිවාස,2025-11-27 00:00:00,,2026-01-02 00:00:00,Landslide / නායයෑම්,Resettle / නැවත පදිංචිකිරීම,Fully / පුර්ණහානි,,,,1.0,6.0,1.0,,12.0,,20,,Nuwara Eliya,80.666982,7.01056
81.123037,7.005578,Badulla,පස්සර ප්රා.ලේ.කො,තලගහගෙදර,HR1,HR1,,NBRO /LRRMD-BDL/BDU/PASSARA/LI/26/0024,NBRO /LRRMD-BDL/BDU/PASSARA/LI/26/0024,19 B,House / නිවාස,2025-11-27 00:00:00,,"2025/12/29,30",Landslide / නායයෑම්,Resettle / නැවත පදිංචිකිරීම,,,,,2.0,,2.0,,13.0,11.0,28,,Badulla,81.123037,7.005578
81.08667,7.13857,Badulla,මීගහකිවුල ප්රා.ලේ.කො,පොල්ගහ අරාව,HR1,HR1,,NBRO/LRRMD-BDL/BDU/MEEGAH/LI/26/1208,NBRO/LRRMD-BDL/BDU/MEEGAH/LI/26/1208,22E,House / නිවාස,2025-11-27 00:00:00,,2026-04-23 00:00:00,Slope failures / බැවුම් අස්ථාවරවීම්,,,,,,2.0,,,,,,2,,Badulla,81.08667,7.13857
81.098842,7.119124,Badulla,මීගහකිවුල ප්රා.ලේ.කො,කලුගහකදුර,HR1,HR1,,NBRO/LRRMD-BDL/BDU/MEEGAH/LI/26/0706,NBRO/LRRMD-BDL/BDU/MEEGAH/LI/26/0706,16,House / නිවාස,2025-11-27 00:00:00,,2026-03-15 00:00:00,"Cutting failure / කණ්ඩි අස්ථාවරවීම්, Landslide / නායයෑම්",Resettle / නැවත පදිංචිකිරීම,,,,,1.0,,3.0,,15.0,,19,,Badulla,81.098842,7.119124
81.113979,7.116127,Badulla,මීගහකිවුල ප්රා.ලේ.කො,පොල්වත්ත,HR1,HR1,,NBRO/LRRMD-BDL/BDU/MEEGAH/LI/26/0558,NBRO/LRRMD-BDL/BDU/MEEGAH/LI/26/0558,16D,House / නිවාස,2025-11-27 00:00:00,,2026-01-12 00:00:00,Landslide / නායයෑම්,Resettle / නැවත පදිංචිකිරීම,,,,,6.0,2.0,10.0,,15.0,17.0,50,,Badulla,81.113979,7.116127
80.381383,7.012273,Kegalle,යටියන්තොට ප්රා.ලේ.කො,ගෝනගමුව,HR1,HR1,,ERR - YTP - 08,ERR - YTP - 08,133,House / නිවාස,2025-11-28 00:00:00,,2025-12-16 00:00:00,Slope failures / බැවුම් අස්ථාවරවීම්,Resettle / නැවත පදිංචිකිරීම,Minor / සුළුහානි,,,,1.0,,,,,1.0,2,,Kegalle,80.381383,7.012273
81.036918,7.092637,Badulla,මීගහකිවුල ප්රා.ලේ.කො,තල්දෙන,HR1,HR1,,NBRO/LRRMD-BDL/BDU/MEEGAH/LI/26/0566,NBRO/LRRMD-BDL/BDU/MEEGAH/LI/26/0566,23,House / නිවාස,2025-11-27 00:00:00,,2026-01-10 00:00:00,Landslide / නායයෑම්,Resettle / නැවත පදිංචිකිරීම,,,,,1.0,1.0,5.0,,13.0,22.0,42,,Badulla,81.036918,7.092637
81.142103,7.099317,Badulla,මීගහකිවුල ප්රා.ලේ.කො,පිටමාරුව,HR1,HR1,,NBRO/LRRMD-BDL/BDU/MEEGAH/LI/26/0221,NBRO/LRRMD-BDL/BDU/MEEGAH/LI/26/0221,16A,House / නිවාස,2025-11-27 00:00:00,,2026-01-24 00:00:00,Landslide / නායයෑම්,Resettle / නැවත පදිංචිකිරීම,,0.0,,,4.0,,2.0,,2.0,,8,,Badulla,81.142103,7.099317
80.427976,7.072111,Kegalle,යටියන්තොට ප්රා.ලේ.කො,සීපොත්,HR1,HR1,,ERR - YTP - 11,ERR - YTP - 11,131ඊ,House / නිවාස,2025-11-27 00:00:00,12:00:00,2025-12-03 00:00:00,Landslide / නායයෑම්,Resettle / නැවත පදිංචිකිරීම,Fully / පුර්ණහානි,,,,1.0,,1.0,,1.0,1.0,4,,Kegalle,80.427976,7.072111
81.101723,7.1234,Badulla,මීගහකිවුල ප්රා.ලේ.කො,කළුගහකඳුර,HR1,HR1,,NBRO/LRRMD-BDL/BDU/MEEGAH/LI/26/0509,NBRO/LRRMD-BDL/BDU/MEEGAH/LI/26/0509,16,House / නිවාස,2025-11-27 00:00:00,,2026-01-12 00:00:00,Landslide / නායයෑම්,Resettle / නැවත පදිංචිකිරීම,,,,,1.0,1.0,,,4.0,,6,,Badulla,81.101723,7.1234
80.775375,7.063782,Nuwara Eliya,මතුරට ප්රා.ලේ.කො,කැටහිර,HR1,HR1,,NBRI/NE/HKD[Mathurata]/2025/KLKT/35),NBRI/NE/HKD[Mathurata]/2025/KLKT/35),511එෆ්,House / නිවාස,2025-11-27 00:00:00,,2026-01-05 00:00:00,Slope failures / බැවුම් අස්ථාවරවීම්,Resettle / නැවත පදිංචිකිරීම,Fully / පුර්ණහානි,,,,1.0,,2.0,,,,3,,Nuwara Eliya,80.775375,7.063782
81.114952,7.111415,Badulla,මීගහකිවුල ප්රා.ලේ.කො,ඇල්ලන්ද,HR1,HR1,,NBRO/LRRMD-BDL/BDU/MEEGAH/LI/26/0557,NBRO/LRRMD-BDL/BDU/MEEGAH/LI/26/0557,16C,House / නිවාස,2025-11-27 00:00:00,,2026-01-12 00:00:00,Landslide / නායයෑම්,Resettle / නැවත පදිංචිකිරීම,,,,,1.0,,1.0,,,,2,,Badulla,81.114952,7.111415
81.079824,7.109835,Badulla,මීගහකිවුල ප්රා.ලේ.කො,කැටවත්ත,HR1,HR1,,NBRO/LRRMD-BDL/BDU/MEEGAH/LI/26/0454,NBRO/LRRMD-BDL/BDU/MEEGAH/LI/26/0454,21A,School / පාසැල,2025-11-27 00:00:00,,2026-03-06 00:00:00,Landslide / නායයෑම්,Resettle / නැවත පදිංචිකිරීම,,,,,1.0,,,,,,1,,Badulla,81.079824,7.109835
81.126017,7.099315,Badulla,මීගහකිවුල ප්රා.ලේ.කො,වැවතැන්න,HR1,HR1,,NBRO/LRRMD-BDL/BDU/MEEGAH/LI/26/0217,NBRO/LRRMD-BDL/BDU/MEEGAH/LI/26/0217,16B,House / නිවාස,2025-11-27 00:00:00,,2026-01-21 00:00:00,Landslide / නායයෑම්,Resettle / නැවත පදිංචිකිරීම,,,,,9.0,1.0,2.0,,11.0,,23,,Badulla,81.126017,7.099315
80.737025,7.093232,Nuwara Eliya,මතුරට ප්රා.ලේ.කො,උඩ පදියපැලැල්ල,HR1,HR1,,NBRI/NE/HKD/[Mathurata]2026/KLKT/52),NBRI/NE/HKD/[Mathurata]2026/KLKT/52),510 ඒ,House / නිවාස,2025-11-27 00:00:00,,2026-01-11 00:00:00,Slope failures / බැවුම් අස්ථාවරවීම්,Resettle / නැවත පදිංචිකිරීම,Fully / පුර්ණහානි,,,,1.0,2.0,,,,,3,,Nuwara Eliya,80.737025,7.093232
80.575981,7.55199,Matale,යටවත්ත ප්රා.ලේ.කො,අඔන්පොළ,HR1,HR1,,NBRO/MTL/YATAWATTA/2026/KA/276,NBRO/MTL/YATAWATTA/2026/KA/276,E 335,House / නිවාස,2025-11-27 00:00:00,,2026-03-27 00:00:00,"Landslide / නායයෑම්, Cutting failure / කණ්ඩි අස්ථාවරවීම්",Resettle / නැවත පදිංචිකිරීම,,,,,1.0,,,,1.0,,2,,Matale,80.575981,7.55199
80.783081,7.03216,Nuwara Eliya,මතුරට ප්රා.ලේ.කො,මන්දාරම්නුවර,HR1,HR1,,NBRI/NE/HKD/[Mathurata]2026/KLKT/53),NBRI/NE/HKD/[Mathurata]2026/KLKT/53),,House / නිවාස,2025-11-27 00:00:00,,2026-01-05 00:00:00,Landslide / නායයෑම්,Resettle / නැවත පදිංචිකිරීම,Fully / පුර්ණහානි,,,,1.0,4.0,6.0,,15.0,,26,,Nuwara Eliya,80.783081,7.03216
80.665075,7.0806,Nuwara Eliya,කොත්මලේ නැගෙනහිර ප්රා.ලේ.කො,කටුකිතුල,HR1,HR1,,NBRI/NE/KTD[East]/2026/KLKT/63),NBRI/NE/KTD[East]/2026/KLKT/63),474 ඊ,House / නිවාස,2025-11-27 00:00:00,,2026-01-12 00:00:00,Slope failures / බැවුම් අස්ථාවරවීම්,Resettle / නැවත පදිංචිකිරීම,Fully / පුර්ණහානි,,,,1.0,,,,,,1,,Nuwara Eliya,80.665075,7.0806
81.099119,7.126525,Badulla,මීගහකිවුල ප්රා.ලේ.කො,කලුගහකදුර,HR1,HR1,,NBRO/LRRMD-BDL/BDU/MEEGAH/LI/26/0180,NBRO/LRRMD-BDL/BDU/MEEGAH/LI/26/0180,16,House / නිවාස,2025-11-27 00:00:00,,2026-01-19 00:00:00,Slope failures / බැවුම් අස්ථාවරවීම්,Resettle / නැවත පදිංචිකිරීම,,,,,1.0,1.0,1.0,,5.0,,8,,Badulla,81.099119,7.126525
81.047794,7.117733,Badulla,මීගහකිවුල ප්රා.ලේ.කො,අකුරුකඩුව,HR1,HR1,,NBRO/LRRMD-BDL/BDU/MEEGAH/LI/26/0177,NBRO/LRRMD-BDL/BDU/MEEGAH/LI/26/0177,22G,House / නිවාස,2025-11-27 00:00:00,,2026-01-19 00:00:00,Slope failures / බැවුම් අස්ථාවරවීම්,Resettle / නැවත පදිංචිකිරීම,,,,,2.0,,,,,,2,,Badulla,81.047794,7.117733
80.454,7.113335,Kandy,ගඟ ඉහළ කෝරලේ ප්රා.ලේ.කො,පටිතලාව,HR1,HR1,,UIJ/043,UIJ/043,1048,House / නිවාස,2025-11-28 00:00:00,,2025-12-13 00:00:00,Landslide / නායයෑම්,Resettle / නැවත පදිංචිකිරීම,,,,,35.0,,,,,,35,,Kandy,80.454,7.113335
80.895049,7.119135,Nuwara Eliya,නිල්දණ්ඩහින්න ප්රා.ලේ.කො,"හපුගහපිටිය , ගල්කැටිවල , මීරියබැද්ද",HR1,HR1,,NBRI/NE/WLD[Nildandahinna]/2025/DSDD/43,NBRI/NE/WLD[Nildandahinna]/2025/DSDD/43,,House / නිවාස,2025.11.27,දවල් 1.00 – 2.00,2026.01.01 - 2026.01.02,Landslide / නායයෑම්,Resettle / නැවත පදිංචිකිරීම,Fully / පුර්ණහානි,,භුමි ගිලා බැසිම (GS)/රැඳවුම් ව්‍යුහයන් අස්‍ථාවරවීම,,3.0,2.0,4.0,,26.0,,35,,Nuwara Eliya,80.895049,7.119135
80.591446,7.456717,Matale,උකුවෙල ප්රා.ලේ.කො,කිරිමැටියාව,HR1,HR1,,"NBRO/MTL/UKUWELA/2025/MMCUB,BCA/106","NBRO/MTL/UKUWELA/2025/MMCUB,BCA/106",,House / නිවාස,2025-11-26 00:00:00,,2025-12-07 00:00:00,Landslide / නායයෑම්,Resettle / නැවත පදිංචිකිරීම,,,,,1.0,,8.0,,16.0,5.0,30,,Matale,80.591446,7.456717
81.078374,7.08813,Badulla,මීගහකිවුල ප්රා.ලේ.කො,කැටවත්ත,HR1,HR1,,NBRO/LRRMD-BDL/BDU/MEEGAH/LI/26/0175,NBRO/LRRMD-BDL/BDU/MEEGAH/LI/26/0175,21A,House / නිවාස,2025-11-27 00:00:00,,2026-01-17 00:00:00,Landslide / නායයෑම්,Resettle / නැවත පදිංචිකිරීම,,,,,1.0,1.0,7.0,,4.0,,13,,Badulla,81.078374,7.08813
81.058403,7.087411,Badulla,මීගහකිවුල ප්රා.ලේ.කො,කොහාන,HR1,HR1,,NBRO/LRRMD-BDL/BDU/MEEGAH/LI/26/0173,NBRO/LRRMD-BDL/BDU/MEEGAH/LI/26/0173,23C,House / නිවාස,2025-11-27 00:00:00,,2026-01-19 00:00:00,"Landslide / නායයෑම්, Cutting failure / කණ්ඩි අස්ථාවරවීම්, Rock fall / ගල් පෙරලීම්",Resettle / නැවත පදිංචිකිරීම,,,,,1.0,,,,8.0,2.0,11,,Badulla,81.058403,7.087411
81.071684,7.116976,Badulla,මීගහකිවුල ප්රා.ලේ.කො,කෝමාරික,HR1,HR1,,NBRO/LRRMD-BDL/BDU/MEEGAH/LI/26/0169,NBRO/LRRMD-BDL/BDU/MEEGAH/LI/26/0169,22F,House / නිවාස,2025-11-27 00:00:00,,2026-01-19 00:00:00,"Landslide / නායයෑම්, Slope failures / බැවුම් අස්ථාවරවීම්",Resettle / නැවත පදිංචිකිරීම,,,,,1.0,,,,,1.0,2,,Badulla,81.071684,7.116976
81.099536,7.106056,Badulla,මීගහකිවුල ප්රා.ලේ.කො,ඇල්ලන්ද,HR1,HR1,,NBRO/LRRMD-BDL/BDU/MEEGAH/LI/26/0125,NBRO/LRRMD-BDL/BDU/MEEGAH/LI/26/0125,16C,House / නිවාස,2025-11-27 00:00:00,,2026-01-12 00:00:00,"Landslide / නායයෑම්, Cutting failure / කණ්ඩි අස්ථාවරවීම්, Rock fall / ගල් පෙරලීම්",Resettle / නැවත පදිංචිකිරීම,,,,,4.0,,5.0,,4.0,,13,,Badulla,81.099536,7.106056
80.621354,7.222092,Kandy,දොළුව ප්රා.ලේ.කො,ගල්ඔය,HR1,HR1,,DMLP 017,DMLP 017,,House / නිවාස,2025-11-27 00:00:00,,2026-01-27 00:00:00,Landslide / නායයෑම්,,,0.0,,,2.0,10.0,,,9.0,,21,,Kandy,80.621354,7.222092
81.097853,7.084975,Badulla,මීගහකිවුල ප්රා.ලේ.කො,මොරහෙල,HR1,HR1,,NBRO/LRRMD-BDL/BDU/MEEGAH/LI/26/0171,NBRO/LRRMD-BDL/BDU/MEEGAH/LI/26/0171,21,House / නිවාස,2025-11-27 00:00:00,,2026-01-19 00:00:00,"Cutting failure / කණ්ඩි අස්ථාවරවීම්, Slope failures / බැවුම් අස්ථාවරවීම්",Resettle / නැවත පදිංචිකිරීම,,,,,1.0,,1.0,,3.0,,5,,Badulla,81.097853,7.084975
81.087831,7.090205,Badulla,මීගහකිවුල ප්රා.ලේ.කො,කැටවත්ත,HR1,HR1,,NBRO/LRRMD-BDL/BDU/MEEGAH/LI/26/0168,NBRO/LRRMD-BDL/BDU/MEEGAH/LI/26/0168,21A,House / නිවාස,2025-11-27 00:00:00,,2026-01-10 00:00:00,Landslide / නායයෑම්,Resettle / නැවත පදිංචිකිරීම,,,,,2.0,,,,2.0,1.0,5,,Badulla,81.087831,7.090205
80.58146,7.527336,Matale,යටවත්ත ප්රා.ලේ.කො,මඩදෙණිය,HR1,HR1,,NBRO/LRRMD-MAT/YATAWATTA/LI/26/1121,NBRO/LRRMD-MAT/YATAWATTA/LI/26/1121,,House / නිවාස,2025-11-27 00:00:00,,2026-07-31 00:00:00,Other / වෙනත් (වෙනත් කරුණු යටතේ සදහන් කරන්න),Resettle / නැවත පදිංචිකිරීම,,,,,1.0,,,,,,1,,Matale,80.58146,7.527336
80.643112,7.042798,Nuwara Eliya,කොත්මලේ බටහිර ප්රා.ලේ.කො,කලපිටිය බටහිර,HR1,HR1,,NBRI/NE/KTD[West]/2026/PTG/18-REV),NBRI/NE/KTD[West]/2026/PTG/18-REV),,House / නිවාස,2025.11.27,,2025.12.08,Cutting failure / කණ්ඩි අස්ථාවරවීම්,Resettle / නැවත පදිංචිකිරීම,Fully / පුර්ණහානි,,බෑවුම් අස්ථාවර වීම,,1.0,,,,1.0,,2,,Nuwara Eliya,80.643112,7.042798
81.095113,7.138407,Badulla,මීගහකිවුල ප්රා.ලේ.කො,පොල්ගහඅරාව,HR1,HR1,,NBRO/LRRMD - BDL /BDU/MEEGAH/LI/25/00174,NBRO/LRRMD - BDL /BDU/MEEGAH/LI/25/00174,22E,House / නිවාස,2025-11-27 00:00:00,,2025-12-17 00:00:00,Landslide / නායයෑම්,Resettle / නැවත පදිංචිකිරීම,,,,,4.0,,6.0,,14.0,,24,,Badulla,81.095113,7.138407
80.638844,7.072318,Nuwara Eliya,කොත්මලේ නැගෙනහිර ප්රා.ලේ.කො,මාවෙල බටහිර,HR1,HR1,,NBRI/NE/KTD[East]/2026/KLKT/69),NBRI/NE/KTD[East]/2026/KLKT/69),,House / නිවාස,2025-11-27 00:00:00,,2026-01-18 00:00:00,Slope failures / බැවුම් අස්ථාවරවීම්,Resettle / නැවත පදිංචිකිරීම,Fully / පුර්ණහානි,,,,1.0,,,,2.0,,3,,Nuwara Eliya,80.638844,7.072318
81.044083,7.134653,Badulla,මීගහකිවුල ප්රා.ලේ.කො,මීගහකිවුල,HR1,HR1,,NBRO/LRRMD - BDL /BDU/MEEGAH/LI/25/0516,NBRO/LRRMD - BDL /BDU/MEEGAH/LI/25/0516,22,House / නිවාස,2025-11-27 00:00:00,,"2025/12/11,28","Landslide / නායයෑම්, Slope failures / බැවුම් අස්ථාවරවීම්, Rock fall / ගල් පෙරලීම්",Resettle / නැවත පදිංචිකිරීම,,,,,5.0,,18.0,,20.0,,43,,Badulla,81.044083,7.134653
81.053276,7.066279,Badulla,සොරනාතොට ප්රා.ලේ.කො,පුස්සැල්ලාව,HR1,HR1,,NBRO /LRRMD-BDL/BDU/SORANA/LI/26/1502,NBRO /LRRMD-BDL/BDU/SORANA/LI/26/1502,,House / නිවාස,2026-11-11 00:00:00,,2026-06-05 00:00:00,Landslide / නායයෑම්,,,,,,1.0,,,,,,1,,Badulla,81.053276,7.066279
81.074926,7.0565,Badulla,සොරනාතොට ප්රා.ලේ.කො,වත්තෙ කැලේ,HR1,HR1,,NBRO /LRRMD-BDL/BDU/SORANA/LI/26/1420,NBRO /LRRMD-BDL/BDU/SORANA/LI/26/1420,,House / නිවාස,2025-11-27 00:00:00,,2026-05-05 00:00:00,"Cutting failure / කණ්ඩි අස්ථාවරවීම්, Rock fall / ගල් පෙරලීම්",,,,,,1.0,,,,,,1,,Badulla,81.074926,7.0565
80.638359,7.071599,Nuwara Eliya,කොත්මලේ නැගෙනහිර ප්රා.ලේ.කො,මාවෙල බටහිර,HR1,HR1,,NBRI/NE/KTD[East]/2026/KLKT/68),NBRI/NE/KTD[East]/2026/KLKT/68),,House / නිවාස,2025-11-27 00:00:00,,2026-01-19 00:00:00,Slope failures / බැවුම් අස්ථාවරවීම්,Resettle / නැවත පදිංචිකිරීම,Fully / පුර්ණහානි,,,,1.0,,,,,,1,,Nuwara Eliya,80.638359,7.071599
80.920646,7.09374,Nuwara Eliya,නිල්දණ්ඩහින්න ප්රා.ලේ.කො,උඩමාදුර,HR1,HR1,,NBRI/NE/WLD[Nildandahinna]/2025/SMK/48,NBRI/NE/WLD[Nildandahinna]/2025/SMK/48,518 A,House / නිවාස,2025.11.27,,2025.12.23,Landslide / නායයෑම්,Resettle / නැවත පදිංචිකිරීම,Fully / පුර්ණහානි,,,,2.0,1.0,1.0,,9.0,,13,,Nuwara Eliya,80.920646,7.09374
80.650449,7.166073,Kandy,දොළුව ප්රා.ලේ.කො,තුම්පෑලවක,HR1,HR1,,TPB/151,TPB/151,,House / නිවාස,2025-11-27 00:00:00,,2026-02-21 00:00:00,Other / වෙනත් (වෙනත් කරුණු යටතේ සදහන් කරන්න),,,,,,3.0,8.0,1.0,,2.0,,14,,Kandy,80.650449,7.166073
80.685669,7.551074,Matale,අඹන්ගඟ කෝරලේ ප්රා.ලේ.කො,පුස්සැල්ල,HR1,HR1,,NBRO/MTL/AMBANGAGAKORALE/2025/BMKA/72,NBRO/MTL/AMBANGAGAKORALE/2025/BMKA/72,E 384,House / නිවාස,2025-11-27 00:00:00,20:10:00,2025-12-18 00:00:00,"Landslide / නායයෑම්, Rock fall / ගල් පෙරලීම්, Slope failures / බැවුම් අස්ථාවරවීම්, Cutting failure / කණ්ඩි අස්ථාවරවීම්",Resettle / නැවත පදිංචිකිරීම,,,,,2.0,2.0,67.0,,,,71,,Matale,80.685669,7.551074
81.057402,7.024483,Badulla,සොරනාතොට ප්රා.ලේ.කො,රිදීපාන,HR1,HR1,,NBRO /LRRMD-BDL/BDU/SORANA/LI/26/0841,NBRO /LRRMD-BDL/BDU/SORANA/LI/26/0841,26C,House / නිවාස,2025-11-26 00:00:00,,2026-04-22 00:00:00,"Cutting failure / කණ්ඩි අස්ථාවරවීම්, Slope failures / බැවුම් අස්ථාවරවීම්",Resettle / නැවත පදිංචිකිරීම,,,,,1.0,,,,1.0,,2,,Badulla,81.057402,7.024483
81.036016,7.065873,Badulla,සොරනාතොට ප්රා.ලේ.කො,පල්ලෙකන්ද,HR1,HR1,,NBRO /LRRMD-BDL/BDU/SORANA/LI/26/0840,NBRO /LRRMD-BDL/BDU/SORANA/LI/26/0840,29B,House / නිවාස,2025-11-27 00:00:00,,2026-01-29 00:00:00,"Slope failures / බැවුම් අස්ථාවරවීම්, Cutting failure / කණ්ඩි අස්ථාවරවීම්",Resettle / නැවත පදිංචිකිරීම,,,,,1.0,,,,,,1,,Badulla,81.036016,7.065873
80.667711,7.081775,Nuwara Eliya,කොත්මලේ නැගෙනහිර ප්රා.ලේ.කො,කටුකිතුල,HR1,HR1,,NBRI/NE/KTD[East]/2026/KLKT/64),NBRI/NE/KTD[East]/2026/KLKT/64),474 ඊ,House / නිවාස,2025-11-27 00:00:00,,2026.01.12,Slope failures / බැවුම් අස්ථාවරවීම්,Resettle / නැවත පදිංචිකිරීම,Fully / පුර්ණහානි,,,,1.0,4.0,,,2.0,,7,,Nuwara Eliya,80.667711,7.081775
81.046143,7.036632,Badulla,සොරනාතොට ප්රා.ලේ.කො,යටිලෑල්ල,HR1,HR1,,NBRO /LRRMD-BDL/BDU/SORANA/LI/26/0654,NBRO /LRRMD-BDL/BDU/SORANA/LI/26/0654,26A,House / නිවාස,2025-11-27 00:00:00,,2026-03-24 00:00:00,"Slope failures / බැවුම් අස්ථාවරවීම්, Cutting failure / කණ්ඩි අස්ථාවරවීම්",Resettle / නැවත පදිංචිකිරීම,,,,,1.0,,,,,,1,,Badulla,81.046143,7.036632
81.02627,7.07318,Badulla,සොරනාතොට ප්රා.ලේ.කො,බුදුගේකන්ද,HR1,HR1,,NBRO /LRRMD-BDL/BDU/SORANA/LI/26/0427,NBRO /LRRMD-BDL/BDU/SORANA/LI/26/0427,29A,House / නිවාස,2025-11-27 00:00:00,,2026-02-09 00:00:00,Slope failures / බැවුම් අස්ථාවරවීම්,Resettle / නැවත පදිංචිකිරීම,,,,,1.0,1.0,,,1.0,,3,,Badulla,81.02627,7.07318
80.255838,7.270019,Kegalle,වරකාපොළ ප්රා.ලේ.කො,හෑලියගොඩ - 78A,HR1,HR1,,LRR-WRP-39,LRR-WRP-39,,House / නිවාස,2025-11-28 00:00:00,,2026-01-08 00:00:00,Landslide / නායයෑම්,Resettle / නැවත පදිංචිකිරීම,Fully / පුර්ණහානි,,,,1.0,,1.0,,2.0,,4,,Kegalle,80.255838,7.270019
81.021801,7.045322,Badulla,සොරනාතොට ප්රා.ලේ.කො,පල්ලේකන්ද,HR1,HR1,,NBRO /LRRMD-BDL/BDU/SORANA/LI/26/0424,NBRO /LRRMD-BDL/BDU/SORANA/LI/26/0424,29B,House / නිවාස,2025-11-27 00:00:00,,2026-02-11 00:00:00,Landslide / නායයෑම්,Resettle / නැවත පදිංචිකිරීම,,,,,1.0,,2.0,,10.0,,13,,Badulla,81.021801,7.045322
81.083815,7.062025,Badulla,සොරනාතොට ප්රා.ලේ.කො,වත්තකැලේගම,HR1,HR1,,NBRO/LRRMD-BDL/BDU/SORANA/LI/26/0318,NBRO/LRRMD-BDL/BDU/SORANA/LI/26/0318,24A,House / නිවාස,2026-01-27 00:00:00,,2025-12-27 00:00:00,"Landslide / නායයෑම්, Slope failures / බැවුම් අස්ථාවරවීම්, Cutting failure / කණ්ඩි අස්ථාවරවීම්, Rock fall / ගල් පෙරලීම්, Other / වෙනත් (වෙන",Resettle / නැවත පදිංචිකිරීම,,0.0,,,1.0,2.0,,,5.0,,8,,Badulla,81.083815,7.062025
81.066817,7.049743,Badulla,සොරනාතොට ප්රා.ලේ.කො,අඹගස්දෝව,HR1,HR1,,NBRO/LRRMD-BDL/BDU/SORANA/LI/26/0313,NBRO/LRRMD-BDL/BDU/SORANA/LI/26/0313,25C,House / නිවාස,2025-11-27 00:00:00,,2026-01-20 00:00:00,Slope failures / බැවුම් අස්ථාවරවීම්,Resettle / නැවත පදිංචිකිරීම,,0.0,,,1.0,,,,1.0,,2,,Badulla,81.066817,7.049743
81.047739,7.019964,Badulla,සොරනාතොට ප්රා.ලේ.කො,කොහොවිල,HR1,HR1,,NBRO/LRRMD-BDL/BDU/SORANA/LI/26/0302,NBRO/LRRMD-BDL/BDU/SORANA/LI/26/0302,26,House / නිවාස,2026-01-12 00:00:00,,2026-02-06 00:00:00,Rock fall / ගල් පෙරලීම්,Resettle / නැවත පදිංචිකිරීම,,0.0,,,13.0,,,,1.0,,14,,Badulla,81.047739,7.019964
80.2336,7.258355,Kegalle,වරකාපොළ ප්රා.ලේ.කො,මංගෙදර - 82,HR1,HR1,,LRR-WRP-51/ 51A,LRR-WRP-51/ 51A,,House / නිවාස,2025-11-28 00:00:00,,2025-12-05 00:00:00,Landslide / නායයෑම්,Resettle / නැවත පදිංචිකිරීම,Fully / පුර්ණහානි,1.0,,,3.0,1.0,6.0,,21.0,,31,,Kegalle,80.2336,7.258355
80.67882,7.07415,Nuwara Eliya,කොත්මලේ නැගෙනහිර ප්රා.ලේ.කො,කරගස්තලාව,HR1,HR1,,NBRI/NE/KTD[East]/2026/LY/64),NBRI/NE/KTD[East]/2026/LY/64),"474/ ඒ,",House / නිවාස,2025-11-27 00:00:00,,2026-01-24 00:00:00,Slope failures / බැවුම් අස්ථාවරවීම්,Resettle / නැවත පදිංචිකිරීම,Fully / පුර්ණහානි,,,,1.0,2.0,,,1.0,,4,,Nuwara Eliya,80.67882,7.07415
80.918302,7.097263,Nuwara Eliya,නිල්දණ්ඩහින්න ප්රා.ලේ.කො,උඩමාදුර,HR1,HR1,,NBRI/NE/WLD[Nildandahinna]/2025/SMK/46,NBRI/NE/WLD[Nildandahinna]/2025/SMK/46,,House / නිවාස,2025.11.27,,2025.12.23,Other / වෙනත් (වෙනත් කරුණු යටතේ සදහන් කරන්න),Resettle / නැවත පදිංචිකිරීම,Fully / පුර්ණහානි,,ගිලා බැසිම,,2.0,1.0,,,4.0,,7,,Nuwara Eliya,80.918302,7.097263
81.035618,7.06303,Badulla,සොරනාතොට ප්රා.ලේ.කො,බුදුුගේකන්ද,HR1,HR1,,NBRO/LRRMD-BDL/BDU/SORANA/LI/26/0316,NBRO/LRRMD-BDL/BDU/SORANA/LI/26/0316,29A,House / නිවාස,2025-11-27 00:00:00,,2026-01-29 00:00:00,"Slope failures / බැවුම් අස්ථාවරවීම්, Rock fall / ගල් පෙරලීම්",Resettle / නැවත පදිංචිකිරීම,,0.0,,,4.0,,4.0,,19.0,,27,,Badulla,81.035618,7.06303
80.780268,6.977459,Nuwara Eliya,නුවරඑළිය ප්රා.ලේ.කො,හාවාඑළිය උතුර,HR1,HR1,,NBRI/NE/NED/2025/SMK/63/සංශෝධන ii),NBRI/NE/NED/2025/SMK/63/සංශෝධන ii),535 ජී,House / නිවාස,2025-11-27 00:00:00,,"2025.12.28 , 2025.12.29",Slope failures / බැවුම් අස්ථාවරවීම්,Resettle / නැවත පදිංචිකිරීම,Fully / පුර්ණහානි,,,,1.0,,3.0,,43.0,45.0,92,,Nuwara Eliya,80.780268,6.977459
80.595938,7.462085,Matale,උකුවෙල ප්රා.ලේ.කො,වටගොඩ,HR1,HR1,,NBRO/MTL/UKUWELA/2025/MJ/100,NBRO/MTL/UKUWELA/2025/MJ/100,,House / නිවාස,2025-11-28 00:00:00,,2025-12-14 00:00:00,"Slope failures / බැවුම් අස්ථාවරවීම්, Cutting failure / කණ්ඩි අස්ථාවරවීම්",Resettle / නැවත පදිංචිකිරීම,,,,,1.0,2.0,,,,,3,,Matale,80.595938,7.462085
80.696427,7.574797,Matale,අඹන්ගඟ කෝරලේ ප්රා.ලේ.කො,ගම්මඩුව,HR1,HR1,,NBRO/MTL/AMBANGAGAKORALE/2025/MJ/,NBRO/MTL/AMBANGAGAKORALE/2025/MJ/,,School / පාසැල,2025-11-29 00:00:00,,2025-12-08 00:00:00,"Landslide / නායයෑම්, Other / වෙනත් (වෙනත් කරුණු යටතේ සදහන් කරන්න)",Resettle / නැවත පදිංචිකිරීම,Fully / පුර්ණහානි,0.0,,,1.0,,,,,,1,,Matale,80.696427,7.574797
81.055012,7.055607,Badulla,සොරනාතොට ප්රා.ලේ.කො,පුස්සැල්ලාව,HR1,HR1,,NBRO/LRRMD-BDL/BDU/SORANA/LI/26/0314,NBRO/LRRMD-BDL/BDU/SORANA/LI/26/0314,23AA,House / නිවාස,2025-11-27 00:00:00,,2026-01-20 00:00:00,Cutting failure / කණ්ඩි අස්ථාවරවීම්,Resettle / නැවත පදිංචිකිරීම,,0.0,,,3.0,,,,4.0,,7,,Badulla,81.055012,7.055607
81.062916,7.046553,Badulla,සොරනාතොට ප්රා.ලේ.කො,අඹගස්දෝව,HR1,HR1,,NBRO/LRRMD-BDL/BDU/SORANA/LI/26/0311,NBRO/LRRMD-BDL/BDU/SORANA/LI/26/0311,25C,House / නිවාස,2025-11-27 00:00:00,,2026-01-20 00:00:00,Slope failures / බැවුම් අස්ථාවරවීම්,Resettle / නැවත පදිංචිකිරීම,,0.0,,,1.0,,,,2.0,,3,,Badulla,81.062916,7.046553
80.91492,7.040158,Nuwara Eliya,නිල්දණ්ඩහින්න ප්රා.ලේ.කො,රූපහ නැගෙනහිර,HR1,HR1,,NBRI/NE/WLD[Nildandahinna]/2025/DMCP/47,NBRI/NE/WLD[Nildandahinna]/2025/DMCP/47,528 ඊ,House / නිවාස,2025.11.27,,2026.01.02,Cutting failure / කණ්ඩි අස්ථාවරවීම්,Resettle / නැවත පදිංචිකිරීම,Fully / පුර්ණහානි,,,,1.0,2.0,3.0,,,,6,,Nuwara Eliya,80.91492,7.040158
80.827604,7.017644,Nuwara Eliya,වලපනේ ප්රා.ලේ.කො,බෲක්සයිඩ්,HR1,HR1,,NBRI/NE/WLD/2026/DMCP/සංශෝධන/64),NBRI/NE/WLD/2026/DMCP/සංශෝධන/64),,House / නිවාස,2025-11-27 00:00:00,,2025.12.21,Slope failures / බැවුම් අස්ථාවරවීම්,Resettle / නැවත පදිංචිකිරීම,Fully / පුර්ණහානි,,,,1.0,3.0,,,6.0,,10,,Nuwara Eliya,80.827604,7.017644
80.437968,7.062325,Kegalle,යටියන්තොට ප්රා.ලේ.කො,සීපොත්,HR1,HR1,,ERR - YTP - 16,ERR - YTP - 16,131 ඊ,House / නිවාස,2025-11-28 00:00:00,13:00:00,2025-12-04 00:00:00,"Slope failures / බැවුම් අස්ථාවරවීම්, Rock fall / ගල් පෙරලීම්",Resettle / නැවත පදිංචිකිරීම,Fully / පුර්ණහානි,,,,1.0,,,,,,1,,Kegalle,80.437968,7.062325
81.055568,7.034058,Badulla,සොරනාතොට ප්රා.ලේ.කො,යටිලෑල්ල,HR1,HR1,,NBRO/LRRMD-BDL/BDU/SORANA/LI/26/0310,NBRO/LRRMD-BDL/BDU/SORANA/LI/26/0310,26A,House / නිවාස,2025-11-27 00:00:00,,2026-01-20 00:00:00,"Slope failures / බැවුම් අස්ථාවරවීම්, Rock fall / ගල් පෙරලීම්",Resettle / නැවත පදිංචිකිරීම,,0.0,,,1.0,,,,1.0,,2,,Badulla,81.055568,7.034058
80.597276,7.468183,Matale,උකුවෙල ප්රා.ලේ.කො,වටගොඩ,HR1,HR1,,NBRO/MTL/UKUWELA/2025/MJ/102,NBRO/MTL/UKUWELA/2025/MJ/102,,House / නිවාස,2025-11-28 00:00:00,,2025-12-13 00:00:00,"Landslide / නායයෑම්, Slope failures / බැවුම් අස්ථාවරවීම්",Resettle / නැවත පදිංචිකිරීම,,,,,3.0,6.0,4.0,,,,13,,Matale,80.597276,7.468183
80.25795,7.175536,Kegalle,වරකාපොළ ප්රා.ලේ.කො,මහපල්ලේගම - 87,HR1,HR1,,LRR-WRP-47,LRR-WRP-47,,House / නිවාස,2025-11-28 00:00:00,,2026-01-09 00:00:00,Cutting failure / කණ්ඩි අස්ථාවරවීම්,Resettle / නැවත පදිංචිකිරීම,Fully / පුර්ණහානි,,,,1.0,,,,1.0,,2,,Kegalle,80.25795,7.175536
80.596288,7.464788,Matale,උකුවෙල ප්රා.ලේ.කො,වටගොඩ,HR1,HR1,,NBRO/MTL/UKUWELA/2025/MS/98,NBRO/MTL/UKUWELA/2025/MS/98,,House / නිවාස,2025-11-28 00:00:00,,2025-12-14 00:00:00,"Landslide / නායයෑම්, Slope failures / බැවුම් අස්ථාවරවීම්",Resettle / නැවත පදිංචිකිරීම,,,,,1.0,,1.0,,6.0,,8,,Matale,80.596288,7.464788
80.272401,7.23013,Kegalle,වරකාපොළ ප්රා.ලේ.කො,මාම්පිට - 80A,HR1,HR1,,LRR-WRP-55,LRR-WRP-55,,House / නිවාස,2025-11-28 00:00:00,,2026-01-23 00:00:00,Other / වෙනත් (වෙනත් කරුණු යටතේ සදහන් කරන්න),Resettle / නැවත පදිංචිකිරීම,Fully / පුර්ණහානි,,,,1.0,,,,1.0,,2,,Kegalle,80.272401,7.23013
80.923959,7.09812,Nuwara Eliya,නිල්දණ්ඩහින්න ප්රා.ලේ.කො,උඩමාදුර,HR1,HR1,,NBRI/NE/WLD[Nildandahinna]/2025/SMK/44,NBRI/NE/WLD[Nildandahinna]/2025/SMK/44,,House / නිවාස,2025.11.27,,2025.12.23,Landslide / නායයෑම්,Resettle / නැවත පදිංචිකිරීම,Fully / පුර්ණහානි,,ගිලා බැසිම,,1.0,,,,4.0,,5,,Nuwara Eliya,80.923959,7.09812
80.78341,7.046588,Nuwara Eliya,මතුරට ප්රා.ලේ.කො,මැදවෙල,HR1,HR1,,NBRI/NE/WLD (Mathurata) /2026/IC/26,NBRI/NE/WLD (Mathurata) /2026/IC/26,512/ජි,House / නිවාස,2025.11.27,,2026.01.21,Slope failures / බැවුම් අස්ථාවරවීම්,Resettle / නැවත පදිංචිකිරීම,Fully / පුර්ණහානි,,,,1.0,,,,3.0,,4,,Nuwara Eliya,80.78341,7.046588
80.582916,7.462051,Matale,උකුවෙල ප්රා.ලේ.කො,පන්වත්ත,HR1,HR1,,NBRO/MTL/UKUWELA/2025/EIJ/139,NBRO/MTL/UKUWELA/2025/EIJ/139,E 343/D,House / නිවාස,2025-11-27 00:00:00,,2025-12-30 00:00:00,"Landslide / නායයෑම්, Slope failures / බැවුම් අස්ථාවරවීම්, Cutting failure / කණ්ඩි අස්ථාවරවීම්, Rock fall / ගල් පෙරලීම්",Resettle / නැවත පදිංචිකිරීම,,,,,1.0,3.0,1.0,,11.0,7.0,23,,Matale,80.582916,7.462051
80.353982,7.040508,Kegalle,යටියන්තොට ප්රා.ලේ.කො,මලල්පොල,HR1,HR1,,LRR-YTP-57,LRR-YTP-57,,House / නිවාස,2025-11-28 00:00:00,,2026-01-10 00:00:00,Landslide / නායයෑම්,Resettle / නැවත පදිංචිකිරීම,Fully / පුර්ණහානි,,,,2.0,2.0,3.0,,5.0,4.0,16,,Kegalle,80.353982,7.040508
80.693144,7.579072,Matale,අඹන්ගඟ කෝරලේ ප්රා.ලේ.කො,ගම්මඩුව,HR1,HR1,,NBRO/MTL/AMBANGAGAKORALE/2025/MS/79,NBRO/MTL/AMBANGAGAKORALE/2025/MS/79,,House / නිවාස,2025-11-27 00:00:00,,2025-12-22 00:00:00,"Landslide / නායයෑම්, Slope failures / බැවුම් අස්ථාවරවීම්, Cutting failure / කණ්ඩි අස්ථාවරවීම්, Rock fall / ගල් පෙරලීම්",Resettle / නැවත පදිංචිකිරීම,,,,,5.0,4.0,1.0,,,,10,,Matale,80.693144,7.579072
80.781624,7.07151,Nuwara Eliya,මතුරට ප්රා.ලේ.කො,මානකොළ,HR1,HR1,,NBRI/NE/HKD[Mathurata]/2026/SMK/107),NBRI/NE/HKD[Mathurata]/2026/SMK/107),,House / නිවාස,2025.11.27,,2026.01.26,Slope failures / බැවුම් අස්ථාවරවීම්,Resettle / නැවත පදිංචිකිරීම,Fully / පුර්ණහානි,,,,1.0,,,,14.0,,15,,Nuwara Eliya,80.781624,7.07151
81.028702,7.061023,Badulla,සොරනාතොට ප්රා.ලේ.කො,බුුදුගේකන්ද,HR1,HR1,,NBRO/LRRMD-BDL/BDU/SORANA/LI/26/0266,NBRO/LRRMD-BDL/BDU/SORANA/LI/26/0266,29A,House / නිවාස,2025-11-27 00:00:00,,2026-01-29 00:00:00,"Cutting failure / කණ්ඩි අස්ථාවරවීම්, Slope failures / බැවුම් අස්ථාවරවීම්, Rock fall / ගල් පෙරලීම්",Resettle / නැවත පදිංචිකිරීම,,0.0,,,1.0,,,,,,1,,Badulla,81.028702,7.061023
81.056967,7.026684,Badulla,සොරනාතොට ප්රා.ලේ.කො,රිදීපාන,HR1,HR1,,NBRO/LRRMD-BDL/BDU/SORANA/LI/26/0203,NBRO/LRRMD-BDL/BDU/SORANA/LI/26/0203,26C,House / නිවාස,2025-11-27 00:00:00,,2026-01-19 00:00:00,"Cutting failure / කණ්ඩි අස්ථාවරවීම්, Slope failures / බැවුම් අස්ථාවරවීම්",Resettle / නැවත පදිංචිකිරීම,,,,,2.0,,,,,,2,,Badulla,81.056967,7.026684
80.656565,7.027079,Nuwara Eliya,කොත්මලේ නැගෙනහිර ප්රා.ලේ.කො,කිරිදිවෙල,HR1,HR1,,NBRI/NE/KTD[East]/2026/DSDD/98),NBRI/NE/KTD[East]/2026/DSDD/98),,House / නිවාස,2025-11-27 00:00:00,,2026-01-26 00:00:00,Slope failures / බැවුම් අස්ථාවරවීම්,Resettle / නැවත පදිංචිකිරීම,Fully / පුර්ණහානි,,,,1.0,1.0,,,17.0,,19,,Nuwara Eliya,80.656565,7.027079
80.405928,7.015543,Kegalle,යටියන්තොට ප්රා.ලේ.කො,කිරිකොහුතැන්න,HR1,HR1,,LRR-YTP-86,LRR-YTP-86,134එෆ්,House / නිවාස,2025-11-28 00:00:00,,2026-01-21 00:00:00,Landslide / නායයෑම්,Resettle / නැවත පදිංචිකිරීම,Fully / පුර්ණහානි,,,,1.0,,1.0,,6.0,6.0,14,,Kegalle,80.405928,7.015543
81.028822,7.065406,Badulla,සොරනාතොට ප්රා.ලේ.කො,බුදුගේකන්ද,HR1,HR1,,NBRO/LRRMD-BDL/BDU/SORANA/LI/26/0200,NBRO/LRRMD-BDL/BDU/SORANA/LI/26/0200,29A,House / නිවාස,2025-11-27 00:00:00,,2026-01-21 00:00:00,"Landslide / නායයෑම්, Cutting failure / කණ්ඩි අස්ථාවරවීම්, Other / වෙනත් (වෙනත් කරුණු යටතේ සදහන් කරන්න)",Resettle / නැවත පදිංචිකිරීම,,,,,1.0,1.0,1.0,,1.0,,4,,Badulla,81.028822,7.065406
81.097739,7.027575,Badulla,සොරනාතොට ප්රා.ලේ.කො,කුට්ටියගොල්ල,HR1,HR1,,NBRO/LRRMD-BDL/BDU/SORANA/LI/26/0215,NBRO/LRRMD-BDL/BDU/SORANA/LI/26/0215,25A,House / නිවාස,2025-11-27 00:00:00,,2026-01-22 00:00:00,"Landslide / නායයෑම්, Slope failures / බැවුම් අස්ථාවරවීම්, Cutting failure / කණ්ඩි අස්ථාවරවීම්, Rock fall / ගල් පෙරලීම්",Resettle / නැවත පදිංචිකිරීම,,,,,1.0,,,,1.0,,2,,Badulla,81.097739,7.027575
81.101257,7.021198,Badulla,සොරනාතොට ප්රා.ලේ.කො,කුට්ටියගොල්ල,HR1,HR1,,NBRO/LRRMD-BDL/BDU/SORANA/LI/26/0214,NBRO/LRRMD-BDL/BDU/SORANA/LI/26/0214,25A,House / නිවාස,2025-11-27 00:00:00,,2026-01-22 00:00:00,"Cutting failure / කණ්ඩි අස්ථාවරවීම්, Landslide / නායයෑම්, Slope failures / බැවුම් අස්ථාවරවීම්",Resettle / නැවත පදිංචිකිරීම,,,,,1.0,1.0,1.0,,1.0,,4,,Badulla,81.101257,7.021198
80.797226,7.138658,Nuwara Eliya,මතුරට ප්රා.ලේ.කො,මකුරුප්ප,HR1,HR1,,NBRI/NE/HKD[Mathurata]/2026/LY/86),NBRI/NE/HKD[Mathurata]/2026/LY/86),484බිි,House / නිවාස,2025.11.27,,2026.01.28,Cutting failure / කණ්ඩි අස්ථාවරවීම්,Resettle / නැවත පදිංචිකිරීම,Fully / පුර්ණහානි,,,,3.0,,,,1.0,,4,,Nuwara Eliya,80.797226,7.138658
81.084855,7.036756,Badulla,සොරනාතොට ප්රා.ලේ.කො,කැටකෑල්ල,HR1,HR1,,NBRO/LRRMD-BDL/BDU/SORANA/LI/26/0213,NBRO/LRRMD-BDL/BDU/SORANA/LI/26/0213,25B,House / නිවාස,2025-11-27 00:00:00,,2026-01-22 00:00:00,"Cutting failure / කණ්ඩි අස්ථාවරවීම්, Landslide / නායයෑම්, Slope failures / බැවුම් අස්ථාවරවීම්",Resettle / නැවත පදිංචිකිරීම,,,,,1.0,,,,,,1,,Badulla,81.084855,7.036756
81.081477,7.036572,Badulla,සොරනාතොට ප්රා.ලේ.කො,අංගොඩ,HR1,HR1,,NBRO/LRRMD-BDL/BDU/SORANA/LI/26/0211,NBRO/LRRMD-BDL/BDU/SORANA/LI/26/0211,25,House / නිවාස,2025-11-27 00:00:00,,2026-01-27 00:00:00,"Slope failures / බැවුම් අස්ථාවරවීම්, Other / වෙනත් (වෙනත් කරුණු යටතේ සදහන් කරන්න)",Resettle / නැවත පදිංචිකිරීම,,,,,1.0,,,,1.0,,2,,Badulla,81.081477,7.036572
81.031078,7.079656,Badulla,සොරනාතොට ප්රා.ලේ.කො,පල්ලේකන්ද,HR1,HR1,,NBRO/LRRMD-BDL/BDU/SORANA/LI/26/0199,NBRO/LRRMD-BDL/BDU/SORANA/LI/26/0199,29B,House / නිවාස,2025-11-27 00:00:00,,2026-01-21 00:00:00,"Landslide / නායයෑම්, Slope failures / බැවුම් අස්ථාවරවීම්, Other / වෙනත් (වෙනත් කරුණු යටතේ සදහන් කරන්න)",Resettle / නැවත පදිංචිකිරීම,,,,,2.0,,1.0,,5.0,1.0,9,,Badulla,81.031078,7.079656
81.068928,7.051169,Badulla,සොරනාතොට ප්රා.ලේ.කො,අඹගස්දෝව,HR1,HR1,,NBRO/LRRMD-BDL/BDU/SORANA/LI/26/0188,NBRO/LRRMD-BDL/BDU/SORANA/LI/26/0188,25C,House / නිවාස,2025-11-27 00:00:00,,2025-12-27 00:00:00,Landslide / නායයෑම්,Resettle / නැවත පදිංචිකිරීම,,,,,1.0,1.0,1.0,,9.0,,12,,Badulla,81.068928,7.051169
80.577278,7.414575,Kandy,පුජාපිටිය ප්රා.ලේ.කො,බටගොල්ලාදෙණිය,HR1,HR1,,HLK/225,HLK/225,527.0,House / නිවාස,2025-11-27 00:00:00,,2025-05-27 00:00:00,Landslide / නායයෑම්,,,,,,1.0,,1.0,,2.0,,4,,Kandy,80.577278,7.414575
80.649667,7.08174,Nuwara Eliya,කොත්මලේ නැගෙනහිර ප්රා.ලේ.කො,රජ ඇළ,HR1,HR1,,NBRI/NE/KTD[East]/2026/KLKT/102),NBRI/NE/KTD[East]/2026/KLKT/102),456ඊ,House / නිවාස,2025.11.27,,2026.02.02,Slope failures / බැවුම් අස්ථාවරවීම්,Resettle / නැවත පදිංචිකිරීම,Fully / පුර්ණහානි,,,,1.0,,,,2.0,,3,,Nuwara Eliya,80.649667,7.08174
80.77431,7.04371,Nuwara Eliya,මතුරට ප්රා.ලේ.කො,උඩවෙල,HR1,HR1,,NBRI/NE/HKD (Mathurata)/2026/IC/23),NBRI/NE/HKD (Mathurata)/2026/IC/23),512/ ඩී,House / නිවාස,2025-11-27 00:00:00,,2026.01.21,Other / වෙනත් (වෙනත් කරුණු යටතේ සදහන් කරන්න),Resettle / නැවත පදිංචිකිරීම,Fully / පුර්ණහානි,,සුන්බුන් ගලන මාර්ගය,,1.0,,,,4.0,,5,,Nuwara Eliya,80.77431,7.04371
80.692924,7.512202,Matale,රත්තොට ප්රා.ලේ.කො,බෝධිකොටුව,HR1,HR1,,NBRO/MTL/RATHTHOTA/2026/MJ/11,NBRO/MTL/RATHTHOTA/2026/MJ/11,,House / නිවාස,2025-11-27 00:00:00,,,"Slope failures / බැවුම් අස්ථාවරවීම්, Cutting failure / කණ්ඩි අස්ථාවරවීම්",Resettle / නැවත පදිංචිකිරීම,,,,,1.0,1.0,,,,,2,,Matale,80.692924,7.512202
80.383088,7.021936,Kegalle,යටියන්තොට ප්රා.ලේ.කො,ගෝනගමුව,HR1,HR1,,LRR-YTP-143,LRR-YTP-143,,House / නිවාස,2025-11-28 00:00:00,12:30:00,2025-12-11 00:00:00,Landslide / නායයෑම්,Resettle / නැවත පදිංචිකිරීම,Fully / පුර්ණහානි,,,,1.0,1.0,1.0,,8.0,,11,,Kegalle,80.383088,7.021936
81.006807,7.057097,Badulla,සොරනාතොට ප්රා.ලේ.කො,දික්පිටිය,HR1,HR1,,NBRO/LRRMD-BDL/BDU/SORANA/LI/26/0071,NBRO/LRRMD-BDL/BDU/SORANA/LI/26/0071,34A,House / නිවාස,2025-11-27 00:00:00,,,"Rock fall / ගල් පෙරලීම්, Cutting failure / කණ්ඩි අස්ථාවරවීම්, Slope failures / බැවුම් අස්ථාවරවීම්",Resettle / නැවත පදිංචිකිරීම,,,,,2.0,1.0,,,11.0,,14,,Badulla,81.006807,7.057097
80.651577,7.086789,Nuwara Eliya,කොත්මලේ නැගෙනහිර ප්රා.ලේ.කො,රජඇළ,HR1,HR1,,NBRI/NE/KTD[East]/2026/KLKT/103),NBRI/NE/KTD[East]/2026/KLKT/103),456ඊ,House / නිවාස,2025.11.28,,2026.02.02,Slope failures / බැවුම් අස්ථාවරවීම්,Resettle / නැවත පදිංචිකිරීම,Fully / පුර්ණහානි,,,,1.0,,,,,,1,,Nuwara Eliya,80.651577,7.086789
80.684153,7.069565,Nuwara Eliya,කොත්මලේ නැගෙනහිර ප්රා.ලේ.කො,රම්බොඩ,HR1,HR1,,NBRI/NE/KTD[East]/2026/LY/76),NBRI/NE/KTD[East]/2026/LY/76),474 /,House / නිවාස,2025.11.27,,2026.02.03,Slope failures / බැවුම් අස්ථාවරවීම්,Resettle / නැවත පදිංචිකිරීම,Fully / පුර්ණහානි,,,,1.0,,,,,,1,,Nuwara Eliya,80.684153,7.069565
80.689265,7.068245,Nuwara Eliya,කොත්මලේ නැගෙනහිර ප්රා.ලේ.කො,රම්බොඩ,HR1,HR1,,NBRI/NE/KTD[East]/2026/LY/79),NBRI/NE/KTD[East]/2026/LY/79),474,House / නිවාස,2025.11.27,,2026.02.03,Cutting failure / කණ්ඩි අස්ථාවරවීම්,Resettle / නැවත පදිංචිකිරීම,Fully / පුර්ණහානි,,,,1.0,,,,,,1,,Nuwara Eliya,80.689265,7.068245
80.730874,7.018778,Nuwara Eliya,කොත්මලේ නැගෙනහිර ප්රා.ලේ.කො,සමන්එළිය,HR1,HR1,,NBRI/NE/KTD[East]/2026/LY/77),NBRI/NE/KTD[East]/2026/LY/77),,House / නිවාස,2025.11.27,,2026.02.03,Slope failures / බැවුම් අස්ථාවරවීම්,Resettle / නැවත පදිංචිකිරීම,Fully / පුර්ණහානි,,,,1.0,,,,,,1,,Nuwara Eliya,80.730874,7.018778
81.046682,7.070556,Badulla,සොරනාතොට ප්රා.ලේ.කො,බෝලියද්ද,HR1,HR1,,NBRO/LRRMD-BDL/BDU/SORANA/LI/26/0070,NBRO/LRRMD-BDL/BDU/SORANA/LI/26/0070,23A,House / නිවාස,2025-11-27 00:00:00,,2026-01-05 00:00:00,Landslide / නායයෑම්,Resettle / නැවත පදිංචිකිරීම,,,,,5.0,,20.0,,14.0,,39,,Badulla,81.046682,7.070556
80.583275,7.468447,Matale,උකුවෙල ප්රා.ලේ.කො,වත්තේගෙදර,HR1,HR1,,NBRO/MTL/UKUWELA/2025/TW/140,NBRO/MTL/UKUWELA/2025/TW/140,E 343/I,House / නිවාස,2025-11-27 00:00:00,,2025-12-30 00:00:00,Other / වෙනත් (වෙනත් කරුණු යටතේ සදහන් කරන්න),Resettle / නැවත පදිංචිකිරීම,,,,,1.0,,,,,,1,,Matale,80.583275,7.468447
80.6553,7.39903,Matale,උකුවෙල ප්රා.ලේ.කො,කඩුවෙල,HR1,HR1,,NBRO/MTL/UKUWELA/2025/MMCUB/141,NBRO/MTL/UKUWELA/2025/MMCUB/141,,House / නිවාස,2025-11-27 00:00:00,21:05:00,2025-12-12 00:00:00,Landslide / නායයෑම්,Resettle / නැවත පදිංචිකිරීම,,,,,2.0,2.0,,,,,4,,Matale,80.6553,7.39903
80.892142,7.002866,Nuwara Eliya,නිල්දණ්ඩහින්න ප්රා.ලේ.කො,"සූර්යපතන, පහළ කොටස",HR1,HR1,,NBRI/NE/WLD (Nildandahinna)/2025/DMCP/31,NBRI/NE/WLD (Nildandahinna)/2025/DMCP/31,,House / නිවාස,2025.11.26,,2025.12.24,Landslide / නායයෑම්,Resettle / නැවත පදිංචිකිරීම,Fully / පුර්ණහානි,,,,1.0,3.0,27.0,,23.0,,54,,Nuwara Eliya,80.892142,7.002866
80.832481,7.111168,Nuwara Eliya,වලපනේ ප්රා.ලේ.කො,මඩුමාන,HR1,HR1,,NBRI/NE/WLD/2026/LY/60),NBRI/NE/WLD/2026/LY/60),506 ඒ,House / නිවාස,2025-11-27 00:00:00,,2026-01-21 00:00:00,Other / වෙනත් (වෙනත් කරුණු යටතේ සදහන් කරන්න),Resettle / නැවත පදිංචිකිරීම,Fully / පුර්ණහානි,,කණ්ඩි අස්‍ථාවරවීම බෑවුම් අස්ථාවරතාවක් දක්වා වර්ධනය වී ඇත.,,1.0,,,,,,1,,Nuwara Eliya,80.832481,7.111168
80.58705,7.443265,Matale,උකුවෙල ප්රා.ලේ.කො,තිබ්බටුවාව,HR1,HR1,,NBRO/MTL/UKUWELA/2025/KS/145,NBRO/MTL/UKUWELA/2025/KS/145,,House / නිවාස,2025-11-27 00:00:00,,2025-12-25 00:00:00,"Landslide / නායයෑම්, Slope failures / බැවුම් අස්ථාවරවීම්, Cutting failure / කණ්ඩි අස්ථාවරවීම්, Rock fall / ගල් පෙරලීම්",Resettle / නැවත පදිංචිකිරීම,,,,,1.0,11.0,,,17.0,,29,,Matale,80.58705,7.443265
80.692566,7.574306,Matale,අඹන්ගඟ කෝරලේ ප්රා.ලේ.කො,ගම්මඩුව,HR1,HR1,,NBRO/MTL/AMBANGAGAKORALE/2025/MS/80,NBRO/MTL/AMBANGAGAKORALE/2025/MS/80,,House / නිවාස,2025-11-27 00:00:00,,2025-12-22 00:00:00,"Landslide / නායයෑම්, Slope failures / බැවුම් අස්ථාවරවීම්, Rock fall / ගල් පෙරලීම්",Resettle / නැවත පදිංචිකිරීම,,,,,2.0,4.0,2.0,,1.0,,9,,Matale,80.692566,7.574306
80.256474,7.220289,Kegalle,වරකාපොළ ප්රා.ලේ.කො,බූරුන්නාව,HR1,HR1,,LRR-WRP-63,LRR-WRP-63,-84,Religiou / ආගමික ස්ථානය,2025-11-28 00:00:00,,2026-01-20 00:00:00,Landslide / නායයෑම්,Resettle / නැවත පදිංචිකිරීම,Fully / පුර්ණහානි,,,,1.0,,1.0,,6.0,,8,,Kegalle,80.256474,7.220289
80.574408,7.456528,Matale,උකුවෙල ප්රා.ලේ.කො,අලවතුවල,HR1,HR1,,NBRO/MTL/UKUWELA/2026/KA/41,NBRO/MTL/UKUWELA/2026/KA/41,,House / නිවාස,2025-11-28 00:00:00,,2026-01-08 00:00:00,"Slope failures / බැවුම් අස්ථාවරවීම්, Cutting failure / කණ්ඩි අස්ථාවරවීම්",Resettle / නැවත පදිංචිකිරීම,Fully / පුර්ණහානි,,,,1.0,,,,1.0,,2,,Matale,80.574408,7.456528
80.566442,7.466199,Matale,උකුවෙල ප්රා.ලේ.කො,පතිංගොල්ල,HR1,HR1,,NBRO/MTL/UKUWELA/2026/KA/42,NBRO/MTL/UKUWELA/2026/KA/42,,House / නිවාස,2025-11-27 00:00:00,,2026-01-08 00:00:00,"Slope failures / බැවුම් අස්ථාවරවීම්, Cutting failure / කණ්ඩි අස්ථාවරවීම්",Resettle / නැවත පදිංචිකිරීම,Fully / පුර්ණහානි,,,,1.0,,,,,,1,,Matale,80.566442,7.466199
81.019985,7.029374,Badulla,සොරනාතොට ප්රා.ලේ.කො,ලෙජර්වත්ත,HR1,HR1,,NBRO /LRRMD/LT/2025/00084,NBRO /LRRMD/LT/2025/00084,27C,House / නිවාස,2025-11-27 00:00:00,,,Landslide / නායයෑම්,Resettle / නැවත පදිංචිකිරීම,,,,,5.0,14.0,6.0,,,,25,,Badulla,81.019985,7.029374
80.648546,7.666668,Matale,නාඋල ප්රා.ලේ.කො,හපුගස්යාය,HR1,HR1,,"NBRO/MTL/NAULA/2026/TW,SW/168","NBRO/MTL/NAULA/2026/TW,SW/168",E 415D,Religiou / ආගමික ස්ථානය,2025-11-28 00:00:00,,2026-02-06 00:00:00,Other / වෙනත් (වෙනත් කරුණු යටතේ සදහන් කරන්න),Resettle / නැවත පදිංචිකිරීම,,,,,1.0,,,,,,1,,Matale,80.648546,7.666668
80.722725,7.516416,Matale,රත්තොට ප්රා.ලේ.කො,මැදවත්ත,HR1,HR1,,"NBRO/MTL/RATHTHOTA/2026/WAES,MMCUB/15","NBRO/MTL/RATHTHOTA/2026/WAES,MMCUB/15",E 375,House / නිවාස,2025-11-27 00:00:00,05:00:00,2026-01-02 00:00:00,Landslide / නායයෑම්,Resettle / නැවත පදිංචිකිරීම,Fully / පුර්ණහානි,,,,15.0,6.0,3.0,,,,24,,Matale,80.722725,7.516416
80.690578,7.592907,Matale,අඹන්ගඟ කෝරලේ ප්රා.ලේ.කො,ගම්මඩුව,HR1,HR1,,NBRO/MTL/AMBANGAGAKORALE/2025/EIJ/88,NBRO/MTL/AMBANGAGAKORALE/2025/EIJ/88,381 C,House / නිවාස,2025-11-27 00:00:00,17:00:00,2025-12-22 00:00:00,Landslide / නායයෑම්,Resettle / නැවත පදිංචිකිරීම,,,,,1.0,5.0,3.0,,,,9,,Matale,80.690578,7.592907
80.689612,7.585086,Matale,අඹන්ගඟ කෝරලේ ප්රා.ලේ.කො,ගම්මඩුව,HR1,HR1,,NBRO/MTL/AMBANGAGAKORALE/2025/KA/121,NBRO/MTL/AMBANGAGAKORALE/2025/KA/121,381/C,House / නිවාස,2025-11-27 00:00:00,19:00:00,2025-12-22 00:00:00,"Landslide / නායයෑම්, Rock fall / ගල් පෙරලීම්, Slope failures / බැවුම් අස්ථාවරවීම්, Cutting failure / කණ්ඩි අස්ථාවරවීම්",Resettle / නැවත පදිංචිකිරීම,,,,,24.0,1.0,4.0,,17.0,1.0,47,,Matale,80.689612,7.585086
80.678255,7.410522,Matale,උකුවෙල ප්රා.ලේ.කො,තිාලිංගාමඩ,HR1,HR1,,"NBRO/MTL/UKUWELA/2026/SA,RMSR/53","NBRO/MTL/UKUWELA/2026/SA,RMSR/53",,House / නිවාස,,,2026-01-03 00:00:00,"Landslide / නායයෑම්, Slope failures / බැවුම් අස්ථාවරවීම්, Cutting failure / කණ්ඩි අස්ථාවරවීම්",Resettle / නැවත පදිංචිකිරීම,,,,,3.0,1.0,7.0,,14.0,,25,,Matale,80.678255,7.410522
80.6694,7.01087,Nuwara Eliya,කොත්මලේ නැගෙනහිර ප්රා.ලේ.කො,ශීන් ගම,HR1,HR1,,NBRI/NE/KTD[East]/2026/RR/68),NBRI/NE/KTD[East]/2026/RR/68),468ජේ,House / නිවාස,2025.11.27,,2026.01.22,Other / වෙනත් (වෙනත් කරුණු යටතේ සදහන් කරන්න),Resettle / නැවත පදිංචිකිරීම,Fully / පුර්ණහානි,,ආතති පැලුම්,,1.0,1.0,3.0,,2.0,,7,,Nuwara Eliya,80.6694,7.01087
81.018509,7.021468,Badulla,සොරනාතොට ප්රා.ලේ.කො,කන්දෙගෙදර,HR1,HR1,,NBRO /LRRMD/LT/2025/00082,NBRO /LRRMD/LT/2025/00082,27A,Business / ව්‍යාපාරික ස්ථානය,2025-11-27 00:00:00,,2025-12-27 00:00:00,Landslide / නායයෑම්,Resettle / නැවත පදිංචිකිරීම,,0.0,,,2.0,,4.0,,,,6,,Badulla,81.018509,7.021468
80.918315,7.055285,Nuwara Eliya,නිල්දණ්ඩහින්න ප්රා.ලේ.කො,මඩුල්ල උතුර,HR1,HR1,,NBRI/NE/WLD-(Nildandahinna) /2025/DMCP/30,NBRI/NE/WLD-(Nildandahinna) /2025/DMCP/30,527,House / නිවාස,2025.11.27,ප.ව. 7.30,2025.12.27,Landslide / නායයෑම්,Resettle / නැවත පදිංචිකිරීම,Fully / පුර්ණහානි,,,,5.0,,8.0,,3.0,,16,,Nuwara Eliya,80.918315,7.055285
80.655915,7.032945,Nuwara Eliya,කොත්මලේ නැගෙනහිර ප්රා.ලේ.කො,කුඹල්ඔළුව,HR1,HR1,,NBRI/NE/KTD[East]/2026/SMK/146),NBRI/NE/KTD[East]/2026/SMK/146),469,House / නිවාස,2025.11.27,,2026.02.12,Other / වෙනත් (වෙනත් කරුණු යටතේ සදහන් කරන්න),Resettle / නැවත පදිංචිකිරීම,Fully / පුර්ණහානි,,ආතති පැලුම්,,1.0,2.0,8.0,,7.0,,18,,Nuwara Eliya,80.655915,7.032945
81.024277,7.066251,Badulla,සොරනාතොට ප්රා.ලේ.කො,මොරගොල්ල,HR1,HR1,,NBRO /LRRMD/LT/2025/00169,NBRO /LRRMD/LT/2025/00169,29,House / නිවාස,2025-11-27 00:00:00,,2025-12-22 00:00:00,Slope failures / බැවුම් අස්ථාවරවීම්,Resettle / නැවත පදිංචිකිරීම,,,,,1.0,,2.0,,3.0,,6,,Badulla,81.024277,7.066251
81.032573,7.048689,Badulla,සොරනාතොට ප්රා.ලේ.කො,මොරගොල්ල,HR1,HR1,,NBRO /LRRMD/LT/2025/00180,NBRO /LRRMD/LT/2025/00180,29,Religiou / ආගමික ස්ථානය,2025-11-27 00:00:00,,2025-12-22 00:00:00,Landslide / නායයෑම්,Resettle / නැවත පදිංචිකිරීම,,,,,1.0,,1.0,,,,2,,Badulla,81.032573,7.048689
81.033592,7.02811,Badulla,සොරනාතොට ප්රා.ලේ.කො,සොරණාතොට,HR1,HR1,,NBRO /LRRMD/LT/2025/00211,NBRO /LRRMD/LT/2025/00211,28,House / නිවාස,2025-11-27 00:00:00,,2025-12-25 00:00:00,Landslide / නායයෑම්,Resettle / නැවත පදිංචිකිරීම,,,,,1.0,,,,,,1,,Badulla,81.033592,7.02811
81.087594,7.032886,Badulla,සොරනාතොට ප්රා.ලේ.කො,කුට්ටියගොල්ල,HR1,HR1,,NBRO /LRRMD-BDL / BDU /SORANA/LI/25/00504,NBRO /LRRMD-BDL / BDU /SORANA/LI/25/00504,25A,House / නිවාස,2025-11-27 00:00:00,,2025-12-25 00:00:00,Landslide / නායයෑම්,Resettle / නැවත පදිංචිකිරීම,,,,,2.0,1.0,1.0,,7.0,,11,,Badulla,81.087594,7.032886
80.567657,7.4596,Matale,උකුවෙල ප්රා.ලේ.කො,අලවතුවල,HR1,HR1,,NBRO/MTL/UKUWELA/2026/KA/41,NBRO/MTL/UKUWELA/2026/KA/41,,House / නිවාස,2025-11-28 00:00:00,,2026-01-08 00:00:00,"Slope failures / බැවුම් අස්ථාවරවීම්, Cutting failure / කණ්ඩි අස්ථාවරවීම්",Resettle / නැවත පදිංචිකිරීම,Fully / පුර්ණහානි,,,,1.0,,,,,,1,,Matale,80.567657,7.4596
81.046105,7.012865,Badulla,සොරනාතොට ප්රා.ලේ.කො,කොහොවිල,HR1,HR1,,NBRO /LRRMD-BDL / BDU /SORANA/LI/26/00519,NBRO /LRRMD-BDL / BDU /SORANA/LI/26/00519,26,House / නිවාස,2025-11-27 00:00:00,,2025-12-24 00:00:00,Landslide / නායයෑම්,Resettle / නැවත පදිංචිකිරීම,,,,,1.0,3.0,5.0,,2.0,,11,,Badulla,81.046105,7.012865
80.650811,7.158369,Kandy,දොළුව ප්රා.ලේ.කො,මස්ගොල්ල,HR1,HR1,,TPB/154,TPB/154,,House / නිවාස,2025-11-27 00:00:00,,2026-02-21 00:00:00,Other / වෙනත් (වෙනත් කරුණු යටතේ සදහන් කරන්න),,,,,,1.0,1.0,,,1.0,,3,,Kandy,80.650811,7.158369
81.046117,7.02238,Badulla,සොරනාතොට ප්රා.ලේ.කො,කොහොවිල,HR1,HR1,,NBRO /LRRMD-BDL / BDU /SORANA/LI/25/00522,NBRO /LRRMD-BDL / BDU /SORANA/LI/25/00522,26,House / නිවාස,2025-11-27 00:00:00,,2025-12-24 00:00:00,"Landslide / නායයෑම්, Cutting failure / කණ්ඩි අස්ථාවරවීම්",Resettle / නැවත පදිංචිකිරීම,,,,,3.0,,3.0,,1.0,,7,,Badulla,81.046117,7.02238
80.669871,7.405935,Matale,උකුවෙල ප්රා.ලේ.කො,පහළ වැහිගල,HR1,HR1,,"NBRO/MTL/UKUWELA/2026/TW,SA/71","NBRO/MTL/UKUWELA/2026/TW,SA/71",E 362C,House / නිවාස,2025-11-27 00:00:00,,2026-01-13 00:00:00,"Slope failures / බැවුම් අස්ථාවරවීම්, Cutting failure / කණ්ඩි අස්ථාවරවීම්",Resettle / නැවත පදිංචිකිරීම,,,,,2.0,,,,5.0,,7,,Matale,80.669871,7.405935
80.687753,7.659401,Matale,නාඋල ප්රා.ලේ.කො,මොරගහමඩ,HR1,HR1,,"NBRO/MTL/NAULA/2026/MMCUB,BCA/154","NBRO/MTL/NAULA/2026/MMCUB,BCA/154",,House / නිවාස,2025-11-27 00:00:00,,2026-01-13 00:00:00,"Slope failures / බැවුම් අස්ථාවරවීම්, Cutting failure / කණ්ඩි අස්ථාවරවීම්",Resettle / නැවත පදිංචිකිරීම,,,,,1.0,,15.0,,19.0,,35,,Matale,80.687753,7.659401
80.711368,7.506271,Matale,රත්තොට ප්රා.ලේ.කො,මඩකුඹුර,HR1,HR1,,NBRO/MTL/RATHTHOTA/2026/KA/HOUSE 39,NBRO/MTL/RATHTHOTA/2026/KA/HOUSE 39,E 368 C,House / නිවාස,2025-11-27 00:00:00,,2026-01-27 00:00:00,Other / වෙනත් (වෙනත් කරුණු යටතේ සදහන් කරන්න),Resettle / නැවත පදිංචිකිරීම,Fully / පුර්ණහානි,,,,1.0,,,,,,1,,Matale,80.711368,7.506271
81.208568,6.989877,Badulla,ලුණුගල ප්රා.ලේ.කො,පීස්සගම,HR1,HR1,,NBRO/LRRMD-BDL/BDU/LUNUGA/LI/26/0296,NBRO/LRRMD-BDL/BDU/LUNUGA/LI/26/0296,94I,House / නිවාස,2025-11-27 00:00:00,,2026-01-10 00:00:00,Landslide / නායයෑම්,Resettle / නැවත පදිංචිකිරීම,,0.0,,,1.0,,,,5.0,,6,,Badulla,81.208568,6.989877
81.134368,7.0432,Badulla,ලුණුගල ප්රා.ලේ.කො,මඩොල්සිම,HR1,HR1,,NBRO/LRRMD-BDL/BDU/LUNUGA/LI/26/0285,NBRO/LRRMD-BDL/BDU/LUNUGA/LI/26/0285,89,House / නිවාස,2025-11-27 00:00:00,,2026-01-28 00:00:00,Landslide / නායයෑම්,Resettle / නැවත පදිංචිකිරීම,,0.0,,,2.0,1.0,,,8.0,,11,,Badulla,81.134368,7.0432
81.140499,7.049536,Badulla,ලුණුගල ප්රා.ලේ.කො,ගල්ලූල්ල,HR1,HR1,,NBRO/LRRMD-BDL/BDU/LUNUGA/LI/26/0273,NBRO/LRRMD-BDL/BDU/LUNUGA/LI/26/0273,18B,House / නිවාස,2025-11-27 00:00:00,,2026-01-27 00:00:00,"Rock fall / ගල් පෙරලීම්, Cutting failure / කණ්ඩි අස්ථාවරවීම්",Resettle / නැවත පදිංචිකිරීම,,0.0,,,3.0,1.0,5.0,,3.0,,12,,Badulla,81.140499,7.049536
80.67055,7.395109,Matale,උකුවෙල ප්රා.ලේ.කො,පහළ වැහිගල,HR1,HR1,,"NBRO/MTL/UKUWELA/2026/TW,SA/72","NBRO/MTL/UKUWELA/2026/TW,SA/72",E 362C,House / නිවාස,2025-11-27 00:00:00,,2026-01-13 00:00:00,"Slope failures / බැවුම් අස්ථාවරවීම්, Cutting failure / කණ්ඩි අස්ථාවරවීම්",Resettle / නැවත පදිංචිකිරීම,,,,,1.0,,,,2.0,,3,,Matale,80.67055,7.395109
80.829182,7.014828,Nuwara Eliya,වලපනේ ප්රා.ලේ.කො,බෲක්සයිඩ්,HR1,HR1,,NBRI/NE/WLD/2026/SMK/121),NBRI/NE/WLD/2026/SMK/121),33 / 0,House / නිවාස,2025.11.27,,2026.02.02,Other / වෙනත් (වෙනත් කරුණු යටතේ සදහන් කරන්න),Resettle / නැවත පදිංචිකිරීම,Fully / පුර්ණහානි,,සුන්බුන් ගලනය,,3.0,,,,,,3,,Nuwara Eliya,80.829182,7.014828
80.66072,7.158934,Kandy,දොළුව ප්රා.ලේ.කො,මස්ගොල්ල,HR1,HR1,,TPB/161,TPB/161,,House / නිවාස,2025-11-27 00:00:00,,2026-02-21 00:00:00,Other / වෙනත් (වෙනත් කරුණු යටතේ සදහන් කරන්න),,,,,,2.0,1.0,2.0,,,,5,,Kandy,80.66072,7.158934
80.694441,7.570074,Matale,අඹන්ගඟ කෝරලේ ප්රා.ලේ.කො,කලුගල්තැන්න,HR1,HR1,,NBRO/MTL/AMBANGAGAKORALE/2025/TW/129,NBRO/MTL/AMBANGAGAKORALE/2025/TW/129,E 381/A,House / නිවාස,2025-11-27 00:00:00,19:00:00,2025-12-27 00:00:00,"Landslide / නායයෑම්, Rock fall / ගල් පෙරලීම්, Cutting failure / කණ්ඩි අස්ථාවරවීම්",Resettle / නැවත පදිංචිකිරීම,,,,,3.0,3.0,10.0,,12.0,4.0,32,,Matale,80.694441,7.570074
81.188373,7.045503,Badulla,ලුණුගල ප්රා.ලේ.කො,ජනතාපුර මධ්‍යම,HR1,HR1,,NBRO/LRRMD-BDL/BDU/LUNUGA/LI/26/0282,NBRO/LRRMD-BDL/BDU/LUNUGA/LI/26/0282,95,House / නිවාස,2025-11-27 00:00:00,,2026-01-22 00:00:00,Slope failures / බැවුම් අස්ථාවරවීම්,Resettle / නැවත පදිංචිකිරීම,,0.0,,,2.0,2.0,,,25.0,,29,,Badulla,81.188373,7.045503
81.195745,7.056768,Badulla,ලුණුගල ප්රා.ලේ.කො,උඩපංගුව,HR1,HR1,,NBRO/LRRMD-BDL/BDU/LUNUGA/LI/26/0239,NBRO/LRRMD-BDL/BDU/LUNUGA/LI/26/0239,94,House / නිවාස,2025-11-27 00:00:00,,2026-01-12 00:00:00,Landslide / නායයෑම්,Resettle / නැවත පදිංචිකිරීම,,,,,1.0,1.0,1.0,,3.0,,6,,Badulla,81.195745,7.056768
81.145195,7.05848,Badulla,ලුණුගල ප්රා.ලේ.කො,ගල්වෙලගම,HR1,HR1,,NBRO/LRRMD-BDL/BDU/LUNUGA/LI/26/0209,NBRO/LRRMD-BDL/BDU/LUNUGA/LI/26/0209,18C,House / නිවාස,2025-11-27 00:00:00,,2026-01-11 00:00:00,Slope failures / බැවුම් අස්ථාවරවීම්,Resettle / නැවත පදිංචිකිරීම,,,,,4.0,3.0,2.0,,16.0,,25,,Badulla,81.145195,7.05848
81.195448,7.040385,Badulla,ලුණුගල ප්රා.ලේ.කො,ජනතාපුර දකුණ,HR1,HR1,,NBRO/LRRMD-BDL/BDU/LUNUGA/LI/26/0179,NBRO/LRRMD-BDL/BDU/LUNUGA/LI/26/0179,95B,House / නිවාස,2025-11-27 00:00:00,,2026-01-10 00:00:00,Slope failures / බැවුම් අස්ථාවරවීම්,Resettle / නැවත පදිංචිකිරීම,,,,,1.0,3.0,,,18.0,,22,,Badulla,81.195448,7.040385
81.180018,7.060832,Badulla,ලුණුගල ප්රා.ලේ.කො,ජනතාපුර උතුර,HR1,HR1,,NBRO/LRRMD-BDL/BDU/LUNUGA/LI/26/0166,NBRO/LRRMD-BDL/BDU/LUNUGA/LI/26/0166,95A,House / නිවාස,2025-11-27 00:00:00,,2026-01-09 00:00:00,Landslide / නායයෑම්,Resettle / නැවත පදිංචිකිරීම,,,,,5.0,2.0,,,66.0,,73,,Badulla,81.180018,7.060832
80.833672,7.007774,Nuwara Eliya,වලපනේ ප්රා.ලේ.කො,බෲක්සයිඩ්,HR1,HR1,,NBRI/NE/WLD/2026/SMK/120),NBRI/NE/WLD/2026/SMK/120),33 / 0,House / නිවාස,2025.11.26,,2026.02.02,Other / වෙනත් (වෙනත් කරුණු යටතේ සදහන් කරන්න),Resettle / නැවත පදිංචිකිරීම,Fully / පුර්ණහානි,,සුන්බුන් ගලනය,,4.0,,,,,,4,,Nuwara Eliya,80.833672,7.007774
80.289411,7.038365,Kegalle,යටියන්තොට ප්රා.ලේ.කො,කබුළුමුල්ල,HR1,HR1,,LRR-YTP-72,LRR-YTP-72,,House / නිවාස,2025-11-28 00:00:00,,2026-01-16 00:00:00,Slope failures / බැවුම් අස්ථාවරවීම්,Resettle / නැවත පදිංචිකිරීම,Fully / පුර්ණහානි,,,,1.0,,2.0,,37.0,7.0,47,,Kegalle,80.289411,7.038365
81.176945,7.063882,Badulla,ලුණුගල ප්රා.ලේ.කො,ජනතාපුර උතුර,HR1,HR1,,NBRO /LRRMD/LI/2025/000150,NBRO /LRRMD/LI/2025/000150,95A,House / නිවාස,2025-11-27 00:00:00,,2025-12-07 00:00:00,"Landslide / නායයෑම්, Slope failures / බැවුම් අස්ථාවරවීම්, Rock fall / ගල් පෙරලීම්",Resettle / නැවත පදිංචිකිරීම,,,,,1.0,2.0,,,,,3,,Badulla,81.176945,7.063882
81.212687,7.049703,Badulla,ලුණුගල ප්රා.ලේ.කො,උඩපංගුව,HR1,HR1,,NBRO /LRRMD/LI/2025/000149,NBRO /LRRMD/LI/2025/000149,94,House / නිවාස,2025-11-27 00:00:00,,,Landslide / නායයෑම්,Resettle / නැවත පදිංචිකිරීම,,,,,1.0,1.0,3.0,,,,5,,Badulla,81.212687,7.049703
81.207676,7.075276,Badulla,ලුණුගල ප්රා.ලේ.කො,අලකොලගල,HR1,HR1,,NBRO /LRRMD/LI/2025/00175,NBRO /LRRMD/LI/2025/00175,94E,House / නිවාස,2025-11-27 00:00:00,,2025-12-22 00:00:00,Landslide / නායයෑම්,Resettle / නැවත පදිංචිකිරීම,,,,,1.0,2.0,,,,,3,,Badulla,81.207676,7.075276
81.155178,7.053649,Badulla,ලුණුගල ප්රා.ලේ.කො,ගල්ලූල්ල,HR1,HR1,,NBRO /LRRMD/LI/2025/000152,NBRO /LRRMD/LI/2025/000152,18B,House / නිවාස,2025-11-27 00:00:00,,2025-12-14 00:00:00,"Slope failures / බැවුම් අස්ථාවරවීම්, Rock fall / ගල් පෙරලීම්",Resettle / නැවත පදිංචිකිරීම,,,,,4.0,3.0,,,,,7,,Badulla,81.155178,7.053649
81.206255,7.061382,Badulla,ලුණුගල ප්රා.ලේ.කො,අලකොලගල,HR1,HR1,,NBRO /LRRMD/LI/2025/00181,NBRO /LRRMD/LI/2025/00181,94E,House / නිවාස,2025-11-27 00:00:00,,2025-12-22 00:00:00,Landslide / නායයෑම්,Resettle / නැවත පදිංචිකිරීම,,,,,1.0,2.0,,,7.0,,10,,Badulla,81.206255,7.061382
80.642162,7.102111,Nuwara Eliya,කොත්මලේ නැගෙනහිර ප්රා.ලේ.කො,නවකඩදොර,HR1,HR1,,NBRI/NE/KTD[East]/2026/DSDD/179),NBRI/NE/KTD[East]/2026/DSDD/179),456/ඒ,House / නිවාස,2025-11-27 00:00:00,,2026-03-04 00:00:00,Slope failures / බැවුම් අස්ථාවරවීම්,Resettle / නැවත පදිංචිකිරීම,Fully / පුර්ණහානි,,,,2.0,,,,3.0,1.0,6,,Nuwara Eliya,80.642162,7.102111
81.207135,7.08492,Badulla,ලුණුගල ප්රා.ලේ.කො,අරවාකුඹුර,HR1,HR1,,NBRO /LRRMD-BDL/BDU/LUNUGA/LI/26/0038,NBRO /LRRMD-BDL/BDU/LUNUGA/LI/26/0038,94C,House / නිවාස,2025-11-27 00:00:00,,2026-01-03 00:00:00,Slope failures / බැවුම් අස්ථාවරවීම්,Resettle / නැවත පදිංචිකිරීම,,,,,3.0,12.0,,,30.0,10.0,55,,Badulla,81.207135,7.08492
80.234783,7.233697,Kegalle,වරකාපොළ ප්රා.ලේ.කො,අල්ගම ඉහළගම - 95D / තෝලංගමුව - 83,HR1,HR1,,LRR-WRP-77/ 77A,LRR-WRP-77/ 77A,,House / නිවාස,2025-11-28 00:00:00,,2026-02-13 00:00:00,Landslide / නායයෑම්,Resettle / නැවත පදිංචිකිරීම,Fully / පුර්ණහානි,,,,1.0,1.0,2.0,,16.0,,20,,Kegalle,80.234783,7.233697
81.136828,7.082482,Badulla,ලුණුගල ප්රා.ලේ.කො,මැටිගහතැන්න,HR1,HR1,,NBRO /LRRMD-BDL/BDU/LUNUGA/LI/26/0019,NBRO /LRRMD-BDL/BDU/LUNUGA/LI/26/0019,18,House / නිවාස,2025-11-27 00:00:00,,,Landslide / නායයෑම්,Resettle / නැවත පදිංචිකිරීම,,,,,4.0,6.0,1.0,,30.0,5.0,46,,Badulla,81.136828,7.082482
81.009616,7.115431,Badulla,කන්දකැටිය ප්රා.ලේ.කො,වැවතැන්න,HR1,HR1,,NBRO/LRRMD-BDL/BDU/KANDAK/LI/26/0744,NBRO/LRRMD-BDL/BDU/KANDAK/LI/26/0744,30B,House / නිවාස,2025-11-27 00:00:00,,2026-04-05 00:00:00,Landslide / නායයෑම්,Resettle / නැවත පදිංචිකිරීම,,,,,1.0,,,,,,1,,Badulla,81.009616,7.115431
80.985722,7.045046,Badulla,කන්දකැටිය ප්රා.ලේ.කො,බොකන්ඔරුව,HR1,HR1,,NBRO/LRRMD-BDL/BDU/KANDAK/LI/26/0482,NBRO/LRRMD-BDL/BDU/KANDAK/LI/26/0482,35B,House / නිවාස,2025-11-27 00:00:00,,2026-03-07 00:00:00,"Slope failures / බැවුම් අස්ථාවරවීම්, Rock fall / ගල් පෙරලීම්",Resettle / නැවත පදිංචිකිරීම,,,,,1.0,,,,,,1,,Badulla,80.985722,7.045046
81.001217,7.074196,Badulla,කන්දකැටිය ප්රා.ලේ.කො,බෝපිටිය,HR1,HR1,,NBRO/LRRMD-BDL/BDU/KANDAK/LI/26/0474,NBRO/LRRMD-BDL/BDU/KANDAK/LI/26/0474,33A,House / නිවාස,2025-11-27 00:00:00,,2026-03-07 00:00:00,Other / වෙනත් (වෙනත් කරුණු යටතේ සදහන් කරන්න),Resettle / නැවත පදිංචිකිරීම,,,,,1.0,,,,,,1,,Badulla,81.001217,7.074196
80.692968,7.353835,Kandy,පන්විල ප්රා.ලේ.කො,උඩුගොඩ,HR1,HR1,,UIJ/005,UIJ/005,,House / නිවාස,2025-11-28 00:00:00,,2025-12-04 00:00:00,"Slope failures / බැවුම් අස්ථාවරවීම්, Cutting failure / කණ්ඩි අස්ථාවරවීම්",Resettle / නැවත පදිංචිකිරීම,,,,,1.0,1.0,2.0,,2.0,,6,,Kandy,80.692968,7.353835
80.600988,7.1224,Kandy,උඩපළාත ප්රා.ලේ.කො,පල්ලේගම,HR1,HR1,,WDN 144,WDN 144,1168,House / නිවාස,2025-11-27 00:00:00,,2026-05-26 00:00:00,Landslide / නායයෑම්,,,,,,1.0,1.0,1.0,,,,3,,Kandy,80.600988,7.1224
80.99601,7.040674,Badulla,කන්දකැටිය ප්රා.ලේ.කො,බොකන්ඔරුව,HR1,HR1,,NBRO/LRRMD-BDL/BDU/KANDAK/LI/26/0473,NBRO/LRRMD-BDL/BDU/KANDAK/LI/26/0473,35B,House / නිවාස,2025-11-27 00:00:00,,2026-03-07 00:00:00,Slope failures / බැවුම් අස්ථාවරවීම්,Resettle / නැවත පදිංචිකිරීම,,,,,1.0,,,,3.0,,4,,Badulla,80.99601,7.040674
80.974357,7.098311,Badulla,කන්දකැටිය ප්රා.ලේ.කො,දික්කුඹුර,HR1,HR1,,NBRO/LRRMD-BDL/BDU/KANDAK/LI/26/0472,NBRO/LRRMD-BDL/BDU/KANDAK/LI/26/0472,32B,House / නිවාස,2025-11-27 00:00:00,,2026-03-07 00:00:00,Slope failures / බැවුම් අස්ථාවරවීම්,Resettle / නැවත පදිංචිකිරීම,,,,,1.0,,,,1.0,,2,,Badulla,80.974357,7.098311
80.639611,7.7058,Matale,නාඋල ප්රා.ලේ.කො,පෙනලබඩ,HR1,HR1,,NBRO/LRRMD-MAT/NAULA/LI/26/0564,NBRO/LRRMD-MAT/NAULA/LI/26/0564,,House / නිවාස,2025-11-27 00:00:00,,2026-05-06 00:00:00,Other / වෙනත් (වෙනත් කරුණු යටතේ සදහන් කරන්න),Resettle / නැවත පදිංචිකිරීම,,,,,1.0,,,,,,1,,Matale,80.639611,7.7058
81.01063,7.093502,Badulla,කන්දකැටිය ප්රා.ලේ.කො,මාලියද්ද,HR1,HR1,,NBRO/LRRMD-BDL/BDU/KANDAK/LI/26/0742,NBRO/LRRMD-BDL/BDU/KANDAK/LI/26/0742,30,House / නිවාස,2025-11-27 00:00:00,,2026-04-05 00:00:00,Landslide / නායයෑම්,Resettle / නැවත පදිංචිකිරීම,,,,,1.0,,7.0,,1.0,,9,,Badulla,81.01063,7.093502
80.639374,7.24669,Kandy,පාතහේවාහැට ප්රා.ලේ.කො,"‍උඩුවෙල, උඩුගම නැගෙනහිර",HR1,HR1,,PHT/004,PHT/004,946,House / නිවාස,2025-11-26 00:00:00,,2025-12-13 00:00:00,"Landslide / නායයෑම්, Slope failures / බැවුම් අස්ථාවරවීම්, Cutting failure / කණ්ඩි අස්ථාවරවීම්, Rock fall / ගල් පෙරලීම්",Resettle / නැවත පදිංචිකිරීම,Fully / පුර්ණහානි,,,,1.0,,,,12.0,,13,,Kandy,80.639374,7.24669
80.865156,7.095149,Nuwara Eliya,වලපනේ ප්රා.ලේ.කො,වලපනේ,HR1,HR1,,NBRI/NE/WLD/2026/DMCP/138),NBRI/NE/WLD/2026/DMCP/138),515/බී,House / නිවාස,2025.11.27,,2026.05.05,Other / වෙනත් (වෙනත් කරුණු යටතේ සදහන් කරන්න),Resettle / නැවත පදිංචිකිරීම,Fully / පුර්ණහානි,,ව්‍යූහාත්මක අස්ථාවරතා,,1.0,,,,,,1,,Nuwara Eliya,80.865156,7.095149
80.704303,7.531609,Matale,රත්තොට ප්රා.ලේ.කො,දඹගොල්ල,HR1,HR1,,NBRO/MTL/RATHTHOTA/2026/MJ/17,NBRO/MTL/RATHTHOTA/2026/MJ/17,,Business / ව්‍යාපාරික ස්ථානය,2025-11-27 00:00:00,,2026-01-02 00:00:00,Landslide / නායයෑම්,Resettle / නැවත පදිංචිකිරීම,Fully / පුර්ණහානි,,,,1.0,1.0,,,,,2,,Matale,80.704303,7.531609
80.699822,7.522687,Matale,රත්තොට ප්රා.ලේ.කො,දඹගොල්ල,HR1,HR1,,NBRO/MTL/RATHTHOTA/2026/MJ/18,NBRO/MTL/RATHTHOTA/2026/MJ/18,,House / නිවාස,2025-11-27 00:00:00,,2026-01-02 00:00:00,"Slope failures / බැවුම් අස්ථාවරවීම්, Cutting failure / කණ්ඩි අස්ථාවරවීම්",Resettle / නැවත පදිංචිකිරීම,Partially / අර්ධහානි,,,,1.0,,,,,,1,,Matale,80.699822,7.522687
80.984287,7.045596,Badulla,කන්දකැටිය ප්රා.ලේ.කො,බෙරාමඩ,HR1,HR1,,NBRO/LRRMD-BDL/BDU/KANDAK/LI/26/0468,NBRO/LRRMD-BDL/BDU/KANDAK/LI/26/0468,35A,House / නිවාස,2025-11-27 00:00:00,,2026-03-07 00:00:00,"Rock fall / ගල් පෙරලීම්, Slope failures / බැවුම් අස්ථාවරවීම්",Resettle / නැවත පදිංචිකිරීම,,,,,1.0,1.0,,,1.0,,3,,Badulla,80.984287,7.045596
80.978525,7.030507,Badulla,කන්දකැටිය ප්රා.ලේ.කො,තලාකුඹුර,HR1,HR1,,NBRO/LRRMD-BDL/BDU/KANDAK/LI/26/0183,NBRO/LRRMD-BDL/BDU/KANDAK/LI/26/0183,35E,House / නිවාස,2025-11-27 00:00:00,,2025-12-24 00:00:00,Landslide / නායයෑම්,Resettle / නැවත පදිංචිකිරීම,,,,,3.0,,1.0,,5.0,,9,,Badulla,80.978525,7.030507
80.245122,7.210553,Kegalle,වරකාපොළ ප්රා.ලේ.කො,ඔත්නාපිටිය -,HR1,HR1,,LRR-WRP-64,LRR-WRP-64,84A,House / නිවාස,2025-11-27 00:00:00,,2026-01-20 00:00:00,Landslide / නායයෑම්,Resettle / නැවත පදිංචිකිරීම,Fully / පුර්ණහානි,,,,1.0,,,,2.0,,3,,Kegalle,80.245122,7.210553
80.164948,7.18347,Kegalle,වරකාපොළ ප්රා.ලේ.කො,තාඹුගල -,HR1,HR1,,LRR-WRP-68,LRR-WRP-68,96A,House / නිවාස,2025-11-28 00:00:00,,2026-02-03 00:00:00,Landslide / නායයෑම්,Resettle / නැවත පදිංචිකිරීම,Fully / පුර්ණහානි,,,,3.0,4.0,,,,,7,,Kegalle,80.164948,7.18347
80.753966,7.521284,Matale,ලග්ගල පල්ලෙගම ප්රා.ලේ.කො,රත්තින්ද,HR1,HR1,,"NBRO/MTL/LAGGALA/2025/MMCUB,EIJ/62","NBRO/MTL/LAGGALA/2025/MMCUB,EIJ/62",E 386 /A,House / නිවාස,2025-12-27 00:00:00,23:30:00,2025-12-16 00:00:00,"Slope failures / බැවුම් අස්ථාවරවීම්, Cutting failure / කණ්ඩි අස්ථාවරවීම්, Landslide / නායයෑම්",Resettle / නැවත පදිංචිකිරීම,,,,,1.0,2.0,10.0,,9.0,,22,,Matale,80.753966,7.521284
80.66674,6.936142,Nuwara Eliya,තලවකැලේ ප්රා.ලේ.කො,හෝලිරූඩ්,HR1,HR1,,NBRI/NE/NED[Thalawakale]/2026/SMK/164),NBRI/NE/NED[Thalawakale]/2026/SMK/164),,House / නිවාස,2025.11.27 රාත්‍රී 12 සහ 2026/11/28 සවස 4.30,,2026.03.06,Other / වෙනත් (වෙනත් කරුණු යටතේ සදහන් කරන්න),Resettle / නැවත පදිංචිකිරීම,Fully / පුර්ණහානි,,රැඳවුම් ව්‍යුහයන් අස්‍ථාවරවීම,,1.0,,1.0,,7.0,,9,,Nuwara Eliya,80.66674,6.936142
80.659624,7.431395,Matale,රත්තොට ප්රා.ලේ.කො,පහළ හපුවිද,HR1,HR1,,NBRO/LRRMD-MAT/RATTOTA/LI/26/0301,NBRO/LRRMD-MAT/RATTOTA/LI/26/0301,,House / නිවාස,2025-11-27 00:00:00,,,"Slope failures / බැවුම් අස්ථාවරවීම්, Cutting failure / කණ්ඩි අස්ථාවරවීම්",Resettle / නැවත පදිංචිකිරීම,,,,,1.0,,,,,,1,,Matale,80.659624,7.431395
80.665923,7.469921,Matale,රත්තොට ප්රා.ලේ.කො,එපිටමුල්ල,HR1,HR1,,NBRO/LRRMD-MAT/RATTOTA/LI/26/0703,NBRO/LRRMD-MAT/RATTOTA/LI/26/0703,,House / නිවාස,2025-11-27 00:00:00,,2026-05-28 00:00:00,"Slope failures / බැවුම් අස්ථාවරවීම්, Cutting failure / කණ්ඩි අස්ථාවරවීම්, Rock fall / ගල් පෙරලීම්, Other / වෙනත් (වෙනත් කරුණු යටතේ",,,,,,1.0,,1.0,,3.0,,5,,Matale,80.665923,7.469921
80.829835,7.088832,Nuwara Eliya,වලපනේ ප්රා.ලේ.කො,කුරුඳු ඔය,HR1,HR1,,NBRI/NE/WLD/2026/DMCP/144),NBRI/NE/WLD/2026/DMCP/144),504 ඊ,House / නිවාස,2025.11.27,,2026.04.27,Slope failures / බැවුම් අස්ථාවරවීම්,Resettle / නැවත පදිංචිකිරීම,Fully / පුර්ණහානි,,,,1.0,,,,1.0,,2,,Nuwara Eliya,80.829835,7.088832
81.005584,7.147184,Badulla,කන්දකැටිය ප්රා.ලේ.කො,කිරිවෙහෙර,HR1,HR1,,NBRO/LRRMD/LT/2025/00188,NBRO/LRRMD/LT/2025/00188,31H,House / නිවාස,2025-11-27 00:00:00,,2025-12-22 00:00:00,Landslide / නායයෑම්,Resettle / නැවත පදිංචිකිරීම,,,,,1.0,,,,2.0,,3,,Badulla,81.005584,7.147184
81.001464,7.148058,Badulla,කන්දකැටිය ප්රා.ලේ.කො,කිරිිවෙහෙර,HR1,HR1,,NBRO/LRRMD/LT/2025/00186,NBRO/LRRMD/LT/2025/00186,31H,House / නිවාස,2025-11-27 00:00:00,,2025-12-22 00:00:00,"Rock fall / ගල් පෙරලීම්, Slope failures / බැවුම් අස්ථාවරවීම්, Cutting failure / කණ්ඩි අස්ථාවරවීම්, Other / වෙනත් (වෙනත් කරුණු යටතේ",Resettle / නැවත පදිංචිකිරීම,,,,,1.0,,,,2.0,,3,,Badulla,81.001464,7.148058
80.903925,7.011572,Nuwara Eliya,නිල්දණ්ඩහින්න ප්රා.ලේ.කො,අඹලියද්ද,HR1,HR1,,NBRI/NE/WLD[Nildandahinna] /2025/LY/සංශෝධනය/20),NBRI/NE/WLD[Nildandahinna] /2025/LY/සංශෝධනය/20),531,House / නිවාස,2025.11.27,,2025.12.23,Landslide / නායයෑම්,Resettle / නැවත පදිංචිකිරීම,Fully / පුර්ණහානි,,,,2.0,1.0,3.0,,8.0,,14,,Nuwara Eliya,80.903925,7.011572
80.977313,7.025118,Badulla,කන්දකැටිය ප්රා.ලේ.කො,තලාකුඹුර,HR1,HR1,,NBRO/LRRMD-BDL/BDU/KANDAK/LI/26/0182,NBRO/LRRMD-BDL/BDU/KANDAK/LI/26/0182,35E,House / නිවාස,2025-11-26 00:00:00,,2025-12-24 00:00:00,Landslide / නායයෑම්,Resettle / නැවත පදිංචිකිරීම,,,,,2.0,,1.0,,7.0,,10,,Badulla,80.977313,7.025118
81.019243,7.094699,Badulla,කන්දකැටිය ප්රා.ලේ.කො,මාලියද්ද,HR1,HR1,,NBRO/LRRMD/LT/2025/00173,NBRO/LRRMD/LT/2025/00173,30,House / නිවාස,2025-11-27 00:00:00,,2025-12-18 00:00:00,Landslide / නායයෑම්,Resettle / නැවත පදිංචිකිරීම,,,,,13.0,7.0,3.0,,12.0,,35,,Badulla,81.019243,7.094699
80.699955,7.596527,Matale,අඹන්ගඟ කෝරලේ ප්රා.ලේ.කො,ගම්මඩුව,HR1,HR1,,NBRO/MTL/AMBANGAGAKORALE/2025/TW/136,NBRO/MTL/AMBANGAGAKORALE/2025/TW/136,,House / නිවාස,2025-11-27 00:00:00,,2025-12-22 00:00:00,"Landslide / නායයෑම්, Slope failures / බැවුම් අස්ථාවරවීම්, Cutting failure / කණ්ඩි අස්ථාවරවීම්, Rock fall / ගල් පෙරලීම්",Resettle / නැවත පදිංචිකිරීම,,,,,3.0,2.0,56.0,,45.0,6.0,112,,Matale,80.699955,7.596527
80.999306,7.140374,Badulla,කන්දකැටිය ප්රා.ලේ.කො,කිරිවෙහෙර,HR1,HR1,,NBRO/LRRMD/LT/2025/00183,NBRO/LRRMD/LT/2025/00183,31H,House / නිවාස,2025-11-27 00:00:00,,2025-12-22 00:00:00,"Landslide / නායයෑම්, Slope failures / බැවුම් අස්ථාවරවීම්, Cutting failure / කණ්ඩි අස්ථාවරවීම්",Resettle / නැවත පදිංචිකිරීම,,,,,2.0,,,,19.0,,21,,Badulla,80.999306,7.140374
80.507668,7.065497,Kandy,පස්බාගේ කෝරලේ ප්රා.ලේ.කො,පහල රබුක්පිටිය,HR1,HR1,,WDN 105,WDN 105,1090.0,House / නිවාස,2025-11-27 00:00:00,,2026-05-11 00:00:00,Slope failures / බැවුම් අස්ථාවරවීම්,,,,,,1.0,,,,,,1,,Kandy,80.507668,7.065497
80.779665,7.056912,Nuwara Eliya,මතුරට ප්රා.ලේ.කො,ලබුහේන්වල,HR1,HR1,,NBRI/NE/HKD[Mathurata]/2026/DMCP/සංශෝධන/129),NBRI/NE/HKD[Mathurata]/2026/DMCP/සංශෝධන/129),,House / නිවාස,2025.11.27,,2026.02.20,Other / වෙනත් (වෙනත් කරුණු යටතේ සදහන් කරන්න),Resettle / නැවත පදිංචිකිරීම,Fully / පුර්ණහානි,,භුමි ගිලා බැසිම,,1.0,,2.0,,,,3,,Nuwara Eliya,80.779665,7.056912
80.991784,7.151812,Badulla,කන්දකැටිය ප්රා.ලේ.කො,කිවුලේගෙදර,HR1,HR1,,NBRO/LRRMD/LT/2025/00119,NBRO/LRRMD/LT/2025/00119,31G,House / නිවාස,2025-11-27 00:00:00,,2025-12-08 00:00:00,"Landslide / නායයෑම්, Other / වෙනත් (වෙනත් කරුණු යටතේ සදහන් කරන්න)",Resettle / නැවත පදිංචිකිරීම,,,,,34.0,,,,53.0,13.0,100,,Badulla,80.991784,7.151812
80.536995,7.063885,Kandy,පස්බාගේ කෝරලේ ප්රා.ලේ.කො,නාවලපිටිය - දකුණ,HR1,HR1,,DMLP/052,DMLP/052,,House / නිවාස,2025-11-27 00:00:00,,,Other / වෙනත් (වෙනත් කරුණු යටතේ සදහන් කරන්න),Resettle / නැවත පදිංචිකිරීම,,,,,3.0,1.0,2.0,,,,6,,Kandy,80.536995,7.063885
80.698137,7.573532,Matale,අඹන්ගඟ කෝරලේ ප්රා.ලේ.කො,ගම්මඩුව,HR1,HR1,,"NBRO/MTL/AMBANGAGAKORALE/2026/NB,N/5","NBRO/MTL/AMBANGAGAKORALE/2026/NB,N/5",,House / නිවාස,2025-11-29 00:00:00,18:00:00,2025-12-08 00:00:00,Landslide / නායයෑම්,Resettle / නැවත පදිංචිකිරීම,,,,,2.0,,,,,,2,,Matale,80.698137,7.573532
80.697056,7.573532,Matale,අඹන්ගඟ කෝරලේ ප්රා.ලේ.කො,ගම්මඩුව,HR1,HR1,,"NBRO/MTL/AMBANGAGAKORALE/2026/NB,MJ/6","NBRO/MTL/AMBANGAGAKORALE/2026/NB,MJ/6",,House / නිවාස,2025-11-28 00:00:00,,2025-12-09 00:00:00,Slope failures / බැවුම් අස්ථාවරවීම්,Resettle / නැවත පදිංචිකිරීම,,,,,2.0,1.0,1.0,,7.0,,11,,Matale,80.697056,7.573532
80.652955,7.173538,Kandy,දොළුව ප්රා.ලේ.කො,පල්ලෙදෙල්තොට,HR1,HR1,,TPB/306,TPB/306,,House / නිවාස,2025-11-27 00:00:00,,2026-03-28 00:00:00,Cutting failure / කණ්ඩි අස්ථාවරවීම්,,,,,,1.0,,,,,,1,,Kandy,80.652955,7.173538
80.971416,7.083402,Badulla,කන්දකැටිය ප්රා.ලේ.කො,ගෝඩුන්න,HR1,HR1,,NBRO/LRRMD/LT/2025/00203,NBRO/LRRMD/LT/2025/00203,32,House / නිවාස,2025-11-27 00:00:00,,2025-12-24 00:00:00,Landslide / නායයෑම්,Resettle / නැවත පදිංචිකිරීම,,,,,1.0,,,,,,1,,Badulla,80.971416,7.083402
80.90289,7.058373,Nuwara Eliya,නිල්දණ්ඩහින්න ප්රා.ලේ.කො,කරදගොල්ල,HR1,HR1,,NBRI/NE/WLD[Nildandahinna]/2025/PTG/සංශෝධනය/128 (ii),NBRI/NE/WLD[Nildandahinna]/2025/PTG/සංශෝධනය/128 (ii),525-බී,House / නිවාස,2025.11.27,රාත්‍රී 7.18,2026.01.01,Slope failures / බැවුම් අස්ථාවරවීම්,Resettle / නැවත පදිංචිකිරීම,Fully / පුර්ණහානි,,,,1.0,,2.0,,31.0,,34,,Nuwara Eliya,80.90289,7.058373
80.979957,7.064378,Badulla,කන්දකැටිය ප්රා.ලේ.කො,හාපත්ගමුව,HR1,HR1,,NBRO/LRRMD/LT/2025/00205,NBRO/LRRMD/LT/2025/00205,32C,House / නිවාස,2025-11-27 00:00:00,,2025-12-25 00:00:00,"Landslide / නායයෑම්, Slope failures / බැවුම් අස්ථාවරවීම්, Other / වෙනත් (වෙනත් කරුණු යටතේ සදහන් කරන්න)",Resettle / නැවත පදිංචිකිරීම,,,,,1.0,,,,,,1,,Badulla,80.979957,7.064378
80.693468,7.487399,Matale,රත්තොට ප්රා.ලේ.කො,වෙලන්ගහවත්ත,HR1,HR1,,NBRO/MTL/RATHTHOTA/2026/MAKS/291,NBRO/MTL/RATHTHOTA/2026/MAKS/291,,House / නිවාස,2025-11-27 00:00:00,,2026-05-06 00:00:00,"Landslide / නායයෑම්, Rock fall / ගල් පෙරලීම්",Resettle / නැවත පදිංචිකිරීම,,,,,1.0,2.0,,,,,3,,Matale,80.693468,7.487399
80.863534,7.087636,Nuwara Eliya,වලපනේ ප්රා.ලේ.කො,කන්දේගම,HR1,HR1,,NBRI/NE/WLD/2026/SMK/10 – Rev (සංශෝධන - (ii) ),NBRI/NE/WLD/2026/SMK/10 – Rev (සංශෝධන - (ii) ),515 සී,House / නිවාස,2025.11.27,,2025.12.09,Slope failures / බැවුම් අස්ථාවරවීම්,Resettle / නැවත පදිංචිකිරීම,Fully / පුර්ණහානි,,,,2.0,,,,35.0,,37,,Nuwara Eliya,80.863534,7.087636
80.618954,7.187721,Kandy,දොළුව ප්රා.ලේ.කො,නවගුරුකැලේ,HR1,HR1,,TPB/311,TPB/311,,House / නිවාස,2025-11-27 00:00:00,,2026-03-28 00:00:00,Landslide / නායයෑම්,,,,,,1.0,,,,,,1,,Kandy,80.618954,7.187721
80.86041,7.08932,Nuwara Eliya,වලපනේ ප්රා.ලේ.කො,කන්දේගම,HR1,HR1,,NBRI/NE/WLD/2025/SMK/09  -Rev(II),NBRI/NE/WLD/2025/SMK/09  -Rev(II),515 සී / වලපනේ 515 බී,House / නිවාස,2025.11.27,,2025.12.09,Landslide / නායයෑම්,Resettle / නැවත පදිංචිකිරීම,Fully / පුර්ණහානි,,ගල් පෙරලිම්,,7.0,6.0,1.0,,10.0,,24,,Nuwara Eliya,80.86041,7.08932
80.788671,6.973258,Nuwara Eliya,නුවරඑළිය ප්රා.ලේ.කො,පීඩෲ,HR1,HR1,,NBRI/NE/NED/2025/BBW/02),NBRI/NE/NED/2025/BBW/02),534 / H,House / නිවාස,2025-12-27 00:00:00,,2025-12-27 00:00:00,Landslide / නායයෑම්,Resettle / නැවත පදිංචිකිරීම,Fully / පුර්ණහානි,,,,1.0,1.0,6.0,,6.0,,14,,Nuwara Eliya,80.788671,6.973258
80.797763,6.976183,Nuwara Eliya,නුවරඑළිය ප්රා.ලේ.කො,පීඩෘෘ,HR1,HR1,,NBRI/NE/NED/2025/SMK/02,NBRI/NE/NED/2025/SMK/02,534 එච්,House / නිවාස,2025-11-27 00:00:00,,2025-11-29 00:00:00,Landslide / නායයෑම්,Resettle / නැවත පදිංචිකිරීම,Fully / පුර්ණහානි,,,,10.0,,26.0,,,,36,,Nuwara Eliya,80.797763,6.976183
80.67747,7.467868,Matale,රත්තොට ප්රා.ලේ.කො,පුංචිසෙළුවාකන්ද,HR1,HR1,,NBRO/MTL/RATHTHOTA/2026/MJ/36,NBRO/MTL/RATHTHOTA/2026/MJ/36,,House / නිවාස,2025-11-27 00:00:00,,2026-01-08 00:00:00,"Slope failures / බැවුම් අස්ථාවරවීම්, Cutting failure / කණ්ඩි අස්ථාවරවීම්",Resettle / නැවත පදිංචිකිරීම,Partially / අර්ධහානි,,,,1.0,,,,,,1,,Matale,80.67747,7.467868
80.82831,7.056214,Nuwara Eliya,වලපනේ ප්රා.ලේ.කො,හයිෆොරස්ට්,HR1,HR1,,NBRI/NE/WLD/2025/SMK/සංශෝධන/50),NBRI/NE/WLD/2025/SMK/සංශෝධන/50),504 ඩී,House / නිවාස,2025.11.27,,2025.12.24,Other / වෙනත් (වෙනත් කරුණු යටතේ සදහන් කරන්න),Resettle / නැවත පදිංචිකිරීම,Fully / පුර්ණහානි,,ආතති පැලුම්,,3.0,,,,6.0,,9,,Nuwara Eliya,80.82831,7.056214
80.804693,7.100326,Nuwara Eliya,වලපනේ ප්රා.ලේ.කො,වැටකේගම,HR1,HR1,,NBRI/NE/WLD/2025/SMK/17 -Rev,NBRI/NE/WLD/2025/SMK/17 -Rev,,House / නිවාස,2025-11-27 00:00:00,Night,2025-12-11 00:00:00,Landslide / නායයෑම්,Resettle / නැවත පදිංචිකිරීම,Fully / පුර්ණහානි,,,,2.0,1.0,3.0,,4.0,,10,,Nuwara Eliya,80.804693,7.100326
80.494041,7.316669,Kandy,හතරලියද්ද,අලුත්ගම ඉහළ,HR1,HR1,NBRI/KND/HAT/2025/SUJ/019,NBRI/KND/HAT/2025/SUJ/019,NBRI/KND/HAT/2025/SUJ/019,,,,,,,,,,,,1.0,,,,,,1,,Kandy,80.494041,7.316669
80.71,7.482927,Matale,රත්තොට ප්රා.ලේ.කො,බඹරකිරිඇල්ල,HR1,HR1,,NBRO/MTL/RATHTHOTA/2026/MMCUB/69,NBRO/MTL/RATHTHOTA/2026/MMCUB/69,,House / නිවාස,2025-11-28 00:00:00,,2026-01-02 00:00:00,Landslide / නායයෑම්,Resettle / නැවත පදිංචිකිරීම,Fully / පුර්ණහානි,,,,1.0,,16.0,,,,17,,Matale,80.71,7.482927
80.738372,7.190418,Kandy,පාතහේවාහැට ප්රා.ලේ.කො,බෝපිටිය,HR1,HR1,,DMLP/133,DMLP/133,1018,House / නිවාස,2025-11-27 00:00:00,,2026-01-06 00:00:00,Landslide / නායයෑම්,Resettle / නැවත පදිංචිකිරීම,,,,,1.0,17.0,,,,,18,,Kandy,80.738372,7.190418
80.838948,7.02343,Nuwara Eliya,වලපනේ ප්රා.ලේ.කො,බෲක්සයිඩ්,HR1,HR1,,NBRI/NE/WLD/20/2025/PTG/76 -Rev,NBRI/NE/WLD/20/2025/PTG/76 -Rev,,House / නිවාස,2025-11-27 00:00:00,,2025-12-21 00:00:00,Slope failures / බැවුම් අස්ථාවරවීම්,Resettle / නැවත පදිංචිකිරීම,Fully / පුර්ණහානි,,,,1.0,,3.0,,2.0,,6,,Nuwara Eliya,80.838948,7.02343
80.836423,7.502107,Matale,ලග්ගල පල්ලෙගම ප්රා.ලේ.කො,රණමුරේ,HR1,HR1,,"NBRO/MTL/LAGGALA/2026/TW,DJ/120","NBRO/MTL/LAGGALA/2026/TW,DJ/120",E 392 B,House / නිවාස,2025-11-27 00:00:00,,2026-01-23 00:00:00,"Landslide / නායයෑම්, Other / වෙනත් (වෙනත් කරුණු යටතේ සදහන් කරන්න)",Resettle / නැවත පදිංචිකිරීම,,,,,1.0,2.0,,,4.0,,7,,Matale,80.836423,7.502107
80.874677,7.059967,Nuwara Eliya,වලපනේ ප්රා.ලේ.කො,මහපතන,HR1,HR1,,NBRI/NE/WLD/2026/SMK/සංගශෝධනය/26) – Rev (ii),NBRI/NE/WLD/2026/SMK/සංගශෝධනය/26) – Rev (ii),516 ඩී,House / නිවාස,2025-11-27 00:00:00,7.10 pm,2025-12-14 00:00:00,Landslide / නායයෑම්,Resettle / නැවත පදිංචිකිරීම,Fully / පුර්ණහානි,,,,2.0,4.0,,,16.0,,22,,Nuwara Eliya,80.874677,7.059967
80.784391,6.976042,Nuwara Eliya,නුවරඑළිය ප්රා.ලේ.කො,,HR1,HR1,,NBRI/NE/NED/2025/SMK/61),NBRI/NE/NED/2025/SMK/61),535 - එච්,House / නිවාස,2025-11-27 00:00:00,,2025-12-29 00:00:00,Slope failures / බැවුම් අස්ථාවරවීම්,Resettle / නැවත පදිංචිකිරීම,Fully / පුර්ණහානි,,,,1.0,,,,2.0,,3,,Nuwara Eliya,80.784391,6.976042
80.795085,6.996583,Nuwara Eliya,නුවරඑළිය ප්රා.ලේ.කො,පාර්ක්,HR1,HR1,,NBRI/NE/NED/2025/SMK/25,NBRI/NE/NED/2025/SMK/25,534 G,House / නිවාස,2025-11-27 00:00:00,,2025-12-13 00:00:00,Landslide / නායයෑම්,Resettle / නැවත පදිංචිකිරීම,Fully / පුර්ණහානි,,,,1.0,,,,3.0,,4,,Nuwara Eliya,80.795085,6.996583
80.873028,7.049694,Nuwara Eliya,වලපනේ ප්රා.ලේ.කො,හරස්බැද්ද,HR1,HR1,,NBRI/NE/WLD/2025/SMK/27 - Rev,NBRI/NE/WLD/2025/SMK/27 - Rev,526,House / නිවාස,2025-11-27 00:00:00,,2025-12-15 00:00:00,Cutting failure / කණ්ඩි අස්ථාවරවීම්,Resettle / නැවත පදිංචිකිරීම,Fully / පුර්ණහානි,,,,1.0,,3.0,,,,4,,Nuwara Eliya,80.873028,7.049694
80.811862,7.004244,Nuwara Eliya,නුවරඑළිය ප්රා.ලේ.කො,පාර්ක්,HR1,HR1,,NBRI/NE/NED/2025/SMK/24,NBRI/NE/NED/2025/SMK/24,534 ජී,House / නිවාස,2025-11-27 00:00:00,,2025-12-13 00:00:00,Landslide / නායයෑම්,Resettle / නැවත පදිංචිකිරීම,Fully / පුර්ණහානි,,,,1.0,5.0,,,,,6,,Nuwara Eliya,80.811862,7.004244
80.872723,7.060018,Nuwara Eliya,වලපනේ ප්රා.ලේ.කො,මහපතන,HR1,HR1,,NBRI/NE/WLD/2025/SMK/28 - Rev,NBRI/NE/WLD/2025/SMK/28 - Rev,516 ඩී,House / නිවාස,2025-11-27 00:00:00,6.30 pm,2025-12-14 00:00:00,Landslide / නායයෑම්,Resettle / නැවත පදිංචිකිරීම,Fully / පුර්ණහානි,,,,6.0,,,,,,6,,Nuwara Eliya,80.872723,7.060018
80.819993,7.075025,Nuwara Eliya,වලපනේ ප්රා.ලේ.කො,උකුතුලේ නැගෙනහිර,HR1,HR1,,NBRI/NE/WLD/19/2025/SMK/39 -Rev,NBRI/NE/WLD/19/2025/SMK/39 -Rev,,House / නිවාස,2025-11-27 00:00:00,Morning,2025-12-19 00:00:00,Landslide / නායයෑම්,Resettle / නැවත පදිංචිකිරීම,Fully / පුර්ණහානි,,,,2.0,2.0,6.0,,,,10,,Nuwara Eliya,80.819993,7.075025
80.687963,7.503992,Matale,රත්තොට ප්රා.ලේ.කො,වෙනරාණි,HR1,HR1,,NBRO/MTL/RATHTHOTA/2026/MJ/19,NBRO/MTL/RATHTHOTA/2026/MJ/19,,House / නිවාස,2025-11-27 00:00:00,,2026-01-02 00:00:00,"Slope failures / බැවුම් අස්ථාවරවීම්, Cutting failure / කණ්ඩි අස්ථාවරවීම්",Resettle / නැවත පදිංචිකිරීම,Fully / පුර්ණහානි,,,,1.0,,,,,,1,,Matale,80.687963,7.503992
80.674229,7.480358,Matale,රත්තොට ප්රා.ලේ.කො,පිටකන්ද,HR1,HR1,,NBRO/MTL/RATHTHOTA/2026/MJ/178,NBRO/MTL/RATHTHOTA/2026/MJ/178,,House / නිවාස,2025-11-27 00:00:00,,2026-02-08 00:00:00,Slope failures / බැවුම් අස්ථාවරවීම්,Resettle / නැවත පදිංචිකිරීම,Fully / පුර්ණහානි,,,,1.0,10.0,,,2.0,,13,,Matale,80.674229,7.480358
80.792801,6.998178,Nuwara Eliya,නුවරඑළිය ප්රා.ලේ.කො,"මධ්‍යම කදපොල,ජයලංකා",HR1,HR1,,NBRI/NE/NED/2025/SMK/23,NBRI/NE/NED/2025/SMK/23,ජයලංකා 534 B සහ මධ්‍යම කදපොල 534 C,House / නිවාස,2025-11-27 00:00:00,,2025-12-13 00:00:00,Landslide / නායයෑම්,Resettle / නැවත පදිංචිකිරීම,Fully / පුර්ණහානි,,,,1.0,2.0,,,,,3,,Nuwara Eliya,80.792801,6.998178
80.805372,7.102845,Nuwara Eliya,වලපනේ ප්රා.ලේ.කො,වැටකේගම,HR1,HR1,,NBRI/NE/WLD/2025/SMK/18 – Rev(II),NBRI/NE/WLD/2025/SMK/18 – Rev(II),,House / නිවාස,2025.11.27,,2025.12.11,Landslide / නායයෑම්,Resettle / නැවත පදිංචිකිරීම,Fully / පුර්ණහානි,,,,3.0,2.0,1.0,,4.0,,10,,Nuwara Eliya,80.805372,7.102845
80.875021,7.05412,Nuwara Eliya,වලපනේ ප්රා.ලේ.කො,හරස්බැද්ද,HR1,HR1,,NBRI/NE/WLD/2025/SMK/29/-Rev(II),NBRI/NE/WLD/2025/SMK/29/-Rev(II),526,House / නිවාස,2025.11.27,,2025.12.14,Landslide / නායයෑම්,Resettle / නැවත පදිංචිකිරීම,Fully / පුර්ණහානි,,,,3.0,8.0,6.0,,,,17,,Nuwara Eliya,80.875021,7.05412
80.640509,6.963119,Nuwara Eliya,තලවකැලේ ප්රා.ලේ.කො,වටගොඩ,HR1,HR1,,NBRI/NE/NED/(THLAWAKALE)/2025/DSDD/01,NBRI/NE/NED/(THLAWAKALE)/2025/DSDD/01,,(වෙනත් කරුණු යටතේ සටහන් කරන්න),2025-11-27 00:00:00,,2025-12-03 00:00:00,Landslide / නායයෑම්,Resettle / නැවත පදිංචිකිරීම,Fully / පුර්ණහානි,,MUSTER SHED,,7.0,3.0,,,5.0,,15,,Nuwara Eliya,80.640509,6.963119
80.797443,6.997069,Nuwara Eliya,නුවරඑළිය ප්රා.ලේ.කො,මධ්‍යම කදපොල,HR1,HR1,,NBRI/NE/NED/2025/SMK/22,NBRI/NE/NED/2025/SMK/22,534 C,House / නිවාස,2025-11-27 00:00:00,,2025-12-15 00:00:00,Cutting failure / කණ්ඩි අස්ථාවරවීම්,Resettle / නැවත පදිංචිකිරීම,Fully / පුර්ණහානි,,,,4.0,,,,,,4,,Nuwara Eliya,80.797443,6.997069
80.828408,7.50288,Matale,ලග්ගල පල්ලෙගම ප්රා.ලේ.කො,හල්මිණිය,HR1,HR1,,NBRO/MTL/LAGGALA/2026/EIJ/184,NBRO/MTL/LAGGALA/2026/EIJ/184,E 393,House / නිවාස,2025-11-26 00:00:00,,2026-01-23 00:00:00,Landslide / නායයෑම්,Resettle / නැවත පදිංචිකිරීම,Partially / අර්ධහානි,,,,1.0,,1.0,,2.0,1.0,5,,Matale,80.828408,7.50288
80.677855,7.567242,Matale,අඹන්ගඟ කෝරලේ ප්රා.ලේ.කො,කොස්ගොල්ල,HR1,HR1,,"NBRO/MTL/AMBANGAGAKORALE/2026/WAES,MJ/24","NBRO/MTL/AMBANGAGAKORALE/2026/WAES,MJ/24",E 381 D,House / නිවාස,2025-11-27 00:00:00,18:30:00,2026-01-04 00:00:00,Slope failures / බැවුම් අස්ථාවරවීම්,Resettle / නැවත පදිංචිකිරීම,,,,,1.0,,,,,,1,,Matale,80.677855,7.567242
81.087418,7.15909,Badulla,රිදීමාලියද්ද ප්රා.ලේ.කො,දික්යාය,HR1,HR1,,NBRO/LRRMD-BDL/BDU/RIDEEM/LI/26/0085,NBRO/LRRMD-BDL/BDU/RIDEEM/LI/26/0085,15A,House / නිවාස,2025-11-27 00:00:00,,2026-01-11 00:00:00,"Slope failures / බැවුම් අස්ථාවරවීම්, Cutting failure / කණ්ඩි අස්ථාවරවීම්",Resettle / නැවත පදිංචිකිරීම,,,,,3.0,,4.0,,24.0,,31,,Badulla,81.087418,7.15909
80.66915,7.546008,Matale,අඹන්ගඟ කෝරලේ ප්රා.ලේ.කො,පල්ලේතැන්න,HR1,HR1,,"NBRO/MTL/AMBANGAGAKORALE/2026/WAES,MJ/25","NBRO/MTL/AMBANGAGAKORALE/2026/WAES,MJ/25",E 384 F,House / නිවාස,2025-11-28 00:00:00,18:15:00,2026-01-04 00:00:00,Landslide / නායයෑම්,Resettle / නැවත පදිංචිකිරීම,,,,,1.0,,,,,,1,,Matale,80.66915,7.546008
80.952337,6.860228,Badulla,බණ්ඩාරවෙල ප්රා.ලේ.කො,මාතැටිල්ල,HR1,HR1,,NBRO/LRRMD-BDL/BDU/BANDAR/LI/26/0131,NBRO/LRRMD-BDL/BDU/BANDAR/LI/26/0131,67J,House / නිවාස,2025-11-27 00:00:00,,2025-12-02 00:00:00,Landslide / නායයෑම්,Resettle / නැවත පදිංචිකිරීම,,,,,3.0,,1.0,,1.0,,5,,Badulla,80.952337,6.860228
80.672582,7.53131,Matale,අඹන්ගඟ කෝරලේ ප්රා.ලේ.කො,හුණුකැටේ,HR1,HR1,,"NBRO/MTL/AMBANGAGAKORALE/2026/WAES,MJ/26","NBRO/MTL/AMBANGAGAKORALE/2026/WAES,MJ/26",E 384 B,House / නිවාස,2025-11-27 00:00:00,,2026-01-04 00:00:00,Slope failures / බැවුම් අස්ථාවරවීම්,Resettle / නැවත පදිංචිකිරීම,,,,,2.0,,,,,,2,,Matale,80.672582,7.53131
80.678232,7.568337,Matale,අඹන්ගඟ කෝරලේ ප්රා.ලේ.කො,නාගුලියද්ද,HR1,HR1,,"NBRO/MTL/AMBANGAGAKORALE/2026/WAES,MJ/29","NBRO/MTL/AMBANGAGAKORALE/2026/WAES,MJ/29",E 384 C,House / නිවාස,2025-11-27 00:00:00,18:30:00,2026-01-04 00:00:00,Slope failures / බැවුම් අස්ථාවරවීම්,Resettle / නැවත පදිංචිකිරීම,,,,,1.0,,1.0,,,,2,,Matale,80.678232,7.568337
80.823745,7.502242,Matale,ලග්ගල පල්ලෙගම ප්රා.ලේ.කො,හල්මිණිය,HR1,HR1,,NBRO/MTL/LAGGALA/2026/EIJ/183,NBRO/MTL/LAGGALA/2026/EIJ/183,E 392,House / නිවාස,2025-11-27 00:00:00,,2026-01-23 00:00:00,Landslide / නායයෑම්,Resettle / නැවත පදිංචිකිරීම,,,,,1.0,1.0,,,,,2,,Matale,80.823745,7.502242
80.694204,7.401036,Matale,උකුවෙල ප්රා.ලේ.කො,හුන්නස්ගිරිවත්ත,HR1,HR1,,NBRO/MTL/UKUWELA/2026/EIJ/131,NBRO/MTL/UKUWELA/2026/EIJ/131,E 362 E,House / නිවාස,2025-11-27 00:00:00,,2026-01-26 00:00:00,Other / වෙනත් (වෙනත් කරුණු යටතේ සදහන් කරන්න),Resettle / නැවත පදිංචිකිරීම,,,,,3.0,1.0,,,18.0,,22,,Matale,80.694204,7.401036
80.689125,6.937903,Nuwara Eliya,නුවරඑළිය ප්රා.ලේ.කො,රත්නගිරිය,HR1,HR1,,NBRI/NE/NED/2025/SMK/සංශෝධනය/07(i),NBRI/NE/NED/2025/SMK/සංශෝධනය/07(i),,House / නිවාස,2025-11-27 00:00:00,,2025-12-06 00:00:00,Slope failures / බැවුම් අස්ථාවරවීම්,Resettle / නැවත පදිංචිකිරීම,Fully / පුර්ණහානි,,,,3.0,,,,,,3,,Nuwara Eliya,80.689125,6.937903
80.972221,6.796525,Badulla,හපුතලේ ප්රා.ලේ.කො,පන්කැටිය,HR1,HR1,,NBRO/LRRMD-BDL/BDU/HAPUTA/LI/26/0189,NBRO/LRRMD-BDL/BDU/HAPUTA/LI/26/0189,63M,House / නිවාස,2025-11-26 00:00:00,,2025-11-29 00:00:00,Slope failures / බැවුම් අස්ථාවරවීම්,Resettle / නැවත පදිංචිකිරීම,,,,,1.0,,3.0,,2.0,,6,,Badulla,80.972221,6.796525
81.09474,7.004624,Badulla,බදුල්ල ප්රා.ලේ.කො,දමන්වර,HR1,HR1,,NBRO/LRRMD-BDL/BDU/BADULL/LI/26/1203,NBRO/LRRMD-BDL/BDU/BADULL/LI/26/1203,81F,House / නිවාස,2025-11-27 00:00:00,,2026-04-08 00:00:00,Slope failures / බැවුම් අස්ථාවරවීම්,,,0.0,,,1.0,,,,5.0,,6,,Badulla,81.09474,7.004624
80.89179,7.106421,Nuwara Eliya,නිල්දණ්ඩහින්න ප්රා.ලේ.කො,යොබුවෙල්තැන්න,HR1,HR1,,NBRI/NE/WLD[Nildandahinna]/2026/LY/41,NBRI/NE/WLD[Nildandahinna]/2026/LY/41,,House / නිවාස,2025.11.27,,2026.01.01,Slope failures / බැවුම් අස්ථාවරවීම්,Resettle / නැවත පදිංචිකිරීම,Fully / පුර්ණහානි,,,,1.0,1.0,5.0,,6.0,,13,,Nuwara Eliya,80.89179,7.106421
81.057944,7.005766,Badulla,බදුල්ල ප්රා.ලේ.කො,කයිලගොඩ,HR1,HR1,,NBRO/LRRMD-BDL/BDU/BADULL/LI/26/1183,NBRO/LRRMD-BDL/BDU/BADULL/LI/26/1183,78G,House / නිවාස,2025-11-27 00:00:00,,2026-01-14 00:00:00,"Cutting failure / කණ්ඩි අස්ථාවරවීම්, Slope failures / බැවුම් අස්ථාවරවීම්",,,0.0,,,1.0,,,,1.0,,2,,Badulla,81.057944,7.005766
80.847689,7.059857,Nuwara Eliya,වලපනේ ප්රා.ලේ.කො,හයිෆොරස්ට්,HR1,HR1,,NBRI/NE/WLD/2025/SMK/49),NBRI/NE/WLD/2025/SMK/49),504 බී,House / නිවාස,2025-11-27 00:00:00,,2025-12-24 00:00:00,Slope failures / බැවුම් අස්ථාවරවීම්,Resettle / නැවත පදිංචිකිරීම,Fully / පුර්ණහානි,,,,6.0,,,,14.0,,20,,Nuwara Eliya,80.847689,7.059857
80.796057,6.996682,Nuwara Eliya,නුවරඑළිය ප්රා.ලේ.කො,,HR1,HR1,,NBRI/NE/NED/2025/SMK/20,NBRI/NE/NED/2025/SMK/20,534 G,House / නිවාස,2025-11-28 00:00:00,,2025-12-13 00:00:00,Slope failures / බැවුම් අස්ථාවරවීම්,Resettle / නැවත පදිංචිකිරීම,Fully / පුර්ණහානි,,,,1.0,6.0,,,,,7,,Nuwara Eliya,80.796057,6.996682
81.094208,7.004899,Badulla,බදුල්ල ප්රා.ලේ.කො,දමන්වර,HR1,HR1,,NBRO/LRRMD-BDL/BDU/BADULL/LI/26/0642,NBRO/LRRMD-BDL/BDU/BADULL/LI/26/0642,81F,House / නිවාස,2025-11-27 00:00:00,,2026-01-23 00:00:00,Landslide / නායයෑම්,Resettle / නැවත පදිංචිකිරීම,,0.0,,,1.0,,,,2.0,,3,,Badulla,81.094208,7.004899
81.093466,6.987745,Badulla,බදුල්ල ප්රා.ලේ.කො,තෙල්බැද්ද,HR1,HR1,,NBRO/LRRMD-BDL/BDU/BADULL/LI/26/0641,NBRO/LRRMD-BDL/BDU/BADULL/LI/26/0641,81B,House / නිවාස,,,2026-03-06 00:00:00,"Slope failures / බැවුම් අස්ථාවරවීම්, Other / වෙනත් (වෙනත් කරුණු යටතේ සදහන් කරන්න)",Resettle / නැවත පදිංචිකිරීම,,0.0,,,1.0,,,,,,1,,Badulla,81.093466,6.987745
81.100207,6.974954,Badulla,බදුල්ල ප්රා.ලේ.කො,වියදිගුණ,HR1,HR1,,NBRO/LRRMD-BDL/BDU/BADULL/LI/26/0464,NBRO/LRRMD-BDL/BDU/BADULL/LI/26/0464,80E,House / නිවාස,2025-11-27 00:00:00,,2025-12-26 00:00:00,"Cutting failure / කණ්ඩි අස්ථාවරවීම්, Slope failures / බැවුම් අස්ථාවරවීම්, Other / වෙනත් (වෙනත් කරුණු යටතේ සදහන් කරන්න)",Resettle / නැවත පදිංචිකිරීම,,0.0,,,1.0,,39.0,,,,40,,Badulla,81.100207,6.974954
80.627311,7.15746,Kandy,දොළුව ප්රා.ලේ.කො,පඹදෙණිය,HR1,HR1,,HLK/039,HLK/039,1148.0,House / නිවාස,2025-11-27 00:00:00,,2026-03-28 00:00:00,"Slope failures / බැවුම් අස්ථාවරවීම්, Cutting failure / කණ්ඩි අස්ථාවරවීම්",,,,,,1.0,,,,,,1,,Kandy,80.627311,7.15746
81.055978,7.006019,Badulla,බදුල්ල ප්රා.ලේ.කො,කයිලගොඩ,HR1,HR1,,NBRO/LRRMD-BDL/BDU/BADULL/LI/26/0462,NBRO/LRRMD-BDL/BDU/BADULL/LI/26/0462,78G,House / නිවාස,2025-11-27 00:00:00,,2026-01-28 00:00:00,Slope failures / බැවුම් අස්ථාවරවීම්,Resettle / නැවත පදිංචිකිරීම,,0.0,,,2.0,1.0,3.0,,5.0,,11,,Badulla,81.055978,7.006019
81.061427,7.00359,Badulla,බදුල්ල ප්රා.ලේ.කො,මැදපතන,HR1,HR1,,NBRO/LRRMD-BDL/BDU/BADULL/LI/26/0397,NBRO/LRRMD-BDL/BDU/BADULL/LI/26/0397,78M,House / නිවාස,2025-11-27 00:00:00,,2026-01-27 00:00:00,Slope failures / බැවුම් අස්ථාවරවීම්,Resettle / නැවත පදිංචිකිරීම,,0.0,,,2.0,,1.0,,2.0,,5,,Badulla,81.061427,7.00359
81.063581,7.004605,Badulla,බදුල්ල ප්රා.ලේ.කො,මැදපතන,HR1,HR1,,NBRO/LRRMD-BDL/BDU/BADULL/LI/26/0396,NBRO/LRRMD-BDL/BDU/BADULL/LI/26/0396,78M,House / නිවාස,2025-11-27 00:00:00,,2026-01-27 00:00:00,"Slope failures / බැවුම් අස්ථාවරවීම්, Cutting failure / කණ්ඩි අස්ථාවරවීම්",Resettle / නැවත පදිංචිකිරීම,,0.0,,,1.0,1.0,4.0,,3.0,,9,,Badulla,81.063581,7.004605
81.117685,6.99222,Badulla,බදුල්ල ප්රා.ලේ.කො,කැන්දගොල්ල,HR1,HR1,,NBRO/LRRMD-BDL/BDU/BADULL/LI/26/0392,NBRO/LRRMD-BDL/BDU/BADULL/LI/26/0392,81,House / නිවාස,2025-11-27 00:00:00,,2026-01-23 00:00:00,Landslide / නායයෑම්,Resettle / නැවත පදිංචිකිරීම,,0.0,,,2.0,,,,3.0,,5,,Badulla,81.117685,6.99222
80.918475,7.469638,Matale,විල්ගමුව ප්රා.ලේ.කො,උඩුවල්වෙල,HR1,HR1,,NBRO/MTL/WILGAMUWA/2025/EIJ/35,NBRO/MTL/WILGAMUWA/2025/EIJ/35,E/393/C,House / නිවාස,2025-11-27 00:00:00,,2025-12-10 00:00:00,Landslide / නායයෑම්,Resettle / නැවත පදිංචිකිරීම,,,,,3.0,2.0,2.0,,17.0,,24,,Matale,80.918475,7.469638
80.83545,6.98718,Nuwara Eliya,නුවරඑළිය ප්රා.ලේ.කො,‌කොන්කෝඩියා,HR1,HR1,,NBRI/NE/NED/2025/RR/03,NBRI/NE/NED/2025/RR/03,534 F,House / නිවාස,2025-11-26 00:00:00,සවස 7.30,2025-12-14 00:00:00,Cutting failure / කණ්ඩි අස්ථාවරවීම්,Resettle / නැවත පදිංචිකිරීම,Fully / පුර්ණහානි,,,,1.0,,1.0,,2.0,,4,,Nuwara Eliya,80.83545,6.98718
81.074803,6.987575,Badulla,බදුල්ල ප්රා.ලේ.කො,රඹුක්පොත,HR1,HR1,,NBRO/LRRMD-BDL/BDU/BADULL/LI/26/0295,NBRO/LRRMD-BDL/BDU/BADULL/LI/26/0295,80,House / නිවාස,2025-11-27 00:00:00,,2026-01-15 00:00:00,Slope failures / බැවුම් අස්ථාවරවීම්,Resettle / නැවත පදිංචිකිරීම,,,,,1.0,,,,26.0,,27,,Badulla,81.074803,6.987575
80.681153,7.491684,Matale,රත්තොට ප්රා.ලේ.කො,ගාලේකොළුව,HR1,HR1,,"NBRO/MTL/RATHTHOTA/2026/WAES,MJ/31","NBRO/MTL/RATHTHOTA/2026/WAES,MJ/31",,House / නිවාස,2025-11-27 00:00:00,,2026-01-07 00:00:00,Slope failures / බැවුම් අස්ථාවරවීම්,Resettle / නැවත පදිංචිකිරීම,Fully / පුර්ණහානි,,,,1.0,1.0,,,,,2,,Matale,80.681153,7.491684
81.100489,6.986446,Badulla,බදුල්ල ප්රා.ලේ.කො,තෙල්බැද්ද,HR1,HR1,,NBRO/LRRMD-BDL/BDU/BADULL/LI/26/0307,NBRO/LRRMD-BDL/BDU/BADULL/LI/26/0307,81B,House / නිවාස,2025-11-27 00:00:00,,2026-01-22 00:00:00,Cutting failure / කණ්ඩි අස්ථාවරවීම්,Resettle / නැවත පදිංචිකිරීම,,,,,1.0,,,,3.0,,4,,Badulla,81.100489,6.986446
81.117722,6.98343,Badulla,බදුල්ල ප්රා.ලේ.කො,කැන්දගොල්ල,HR1,HR1,,NBRO/LRRMD-BDL/BDU/BADULL/LI/26/0196,NBRO/LRRMD-BDL/BDU/BADULL/LI/26/0196,81,House / නිවාස,2025-11-26 00:00:00,,2026-01-14 00:00:00,"Landslide / නායයෑම්, Slope failures / බැවුම් අස්ථාවරවීම්, Other / වෙනත් (වෙනත් කරුණු යටතේ සදහන් කරන්න)",Resettle / නැවත පදිංචිකිරීම,,0.0,,,1.0,1.0,1.0,,4.0,,7,,Badulla,81.117722,6.98343
81.051728,7.001802,Badulla,බදුල්ල ප්රා.ලේ.කො,පිටවෙලගම,HR1,HR1,,NBRO/LRRMD-BDL/BDU/BADULL/LI/26/0138,NBRO/LRRMD-BDL/BDU/BADULL/LI/26/0138,78L,House / නිවාස,2025-11-27 00:00:00,,2026-01-14 00:00:00,"Slope failures / බැවුම් අස්ථාවරවීම්, Cutting failure / කණ්ඩි අස්ථාවරවීම්",Resettle / නැවත පදිංචිකිරීම,,0.0,,,1.0,,,,,,1,,Badulla,81.051728,7.001802
80.683413,7.460004,Matale,රත්තොට ප්රා.ලේ.කො,කන්දෙනුවර බටහිර,HR1,HR1,,NBRO/MTL/RATHTHOTA/2026/MJ/34,NBRO/MTL/RATHTHOTA/2026/MJ/34,,House / නිවාස,2025-11-27 00:00:00,,2026-01-06 00:00:00,"Landslide / නායයෑම්, Slope failures / බැවුම් අස්ථාවරවීම්",Resettle / නැවත පදිංචිකිරීම,Fully / පුර්ණහානි,,,,3.0,1.0,,,,,4,,Matale,80.683413,7.460004
81.052232,6.987503,Badulla,බදුල්ල ප්රා.ලේ.කො,බදුල්ල බටහිර,HR1,HR1,,NBRO/LRRMD-BDL/BDU/BADULL/LI/26/0146,NBRO/LRRMD-BDL/BDU/BADULL/LI/26/0146,78C,House / නිවාස,2025-11-27 00:00:00,,2026-01-14 00:00:00,"Cutting failure / කණ්ඩි අස්ථාවරවීම්, Slope failures / බැවුම් අස්ථාවරවීම්",Resettle / නැවත පදිංචිකිරීම,,0.0,,,1.0,,,,,,1,,Badulla,81.052232,6.987503
80.780632,7.175739,Nuwara Eliya,හඟුරන්කෙත ප්රා.ලේ.කො,මිරහන්පේ,HR1,HR1,,NBRI/NE/HKD/2025/DMCP/11-Rev,NBRI/NE/HKD/2025/DMCP/11-Rev,,House / නිවාස,2025-11-28 00:00:00,,2025-12-11 00:00:00,Landslide / නායයෑම්,Resettle / නැවත පදිංචිකිරීම,Fully / පුර්ණහානි,,ගල් පෙරලීම්,,11.0,,,,,,11,,Nuwara Eliya,80.780632,7.175739
81.062863,7.004909,Badulla,බදුල්ල ප්රා.ලේ.කො,බදුල්ල බටහිර,HR1,HR1,,NBRO/LRRMD-BDL/BDU/BADULL/LI/26/0145,NBRO/LRRMD-BDL/BDU/BADULL/LI/26/0145,78C,House / නිවාස,2025-11-27 00:00:00,,2026-01-14 00:00:00,"Cutting failure / කණ්ඩි අස්ථාවරවීම්, Slope failures / බැවුම් අස්ථාවරවීම්",Resettle / නැවත පදිංචිකිරීම,,0.0,,,2.0,,,,,,2,,Badulla,81.062863,7.004909
81.049705,7.003256,Badulla,බදුල්ල ප්රා.ලේ.කො,හෑගොඩ,HR1,HR1,,NBRO/LRRMD-BDL/BDU/BADULL/LI/26/0143,NBRO/LRRMD-BDL/BDU/BADULL/LI/26/0143,79,House / නිවාස,2025-11-27 00:00:00,,2026-01-14 00:00:00,Slope failures / බැවුම් අස්ථාවරවීම්,Resettle / නැවත පදිංචිකිරීම,,0.0,,,2.0,,,,,,2,,Badulla,81.049705,7.003256
80.784085,7.087363,Nuwara Eliya,හඟුරන්කෙත ප්රා.ලේ.කො,මාර්තුවෙල - දොඩම්කෑල්ල,HR1,HR1,,NBRI/NE/HKD/2025/DMCP/15-REV,NBRI/NE/HKD/2025/DMCP/15-REV,511 / B,House / නිවාස,2025-11-27 00:00:00,,2025-12-12 00:00:00,Cutting failure / කණ්ඩි අස්ථාවරවීම්,Resettle / නැවත පදිංචිකිරීම,Fully / පුර්ණහානි,,,,2.0,,,,,,2,,Nuwara Eliya,80.784085,7.087363
80.68504,6.935252,Nuwara Eliya,නුවරඑළිය ප්රා.ලේ.කො,රත්නගිරිය ජනපදය,HR1,HR1,,NBRI/NE/NED/2025/SMK/08/REV),NBRI/NE/NED/2025/SMK/08/REV),,House / නිවාස,2025-11-29 00:00:00,,2025-12-07 00:00:00,Slope failures / බැවුම් අස්ථාවරවීම්,Resettle / නැවත පදිංචිකිරීම,Fully / පුර්ණහානි,,,,1.0,,,,,,1,,Nuwara Eliya,80.68504,6.935252
81.086021,6.966983,Badulla,බදුල්ල ප්රා.ලේ.කො,උඩවෙල,HR1,HR1,,NBRO /LRRMD/LT/2025/00227,NBRO /LRRMD/LT/2025/00227,80D,House / නිවාස,2025-11-27 00:00:00,,2025-12-26 00:00:00,"Slope failures / බැවුම් අස්ථාවරවීම්, Rock fall / ගල් පෙරලීම්",Resettle / නැවත පදිංචිකිරීම,,0.0,,,2.0,,3.0,,6.0,,11,,Badulla,81.086021,6.966983
80.818231,7.119166,Nuwara Eliya,වලපනේ ප්රා.ලේ.කො,උණගොල්ල,HR1,HR1,,NBRI/NE/WLD/2025/LY/සංශෝධන/31),NBRI/NE/WLD/2025/LY/සංශෝධන/31),506 - ඒ,House / නිවාස,2025-11-26 00:00:00,2.30 AM,2026.06.15,Slope failures / බැවුම් අස්ථාවරවීම්,Resettle / නැවත පදිංචිකිරීම,Fully / පුර්ණහානි,,,,3.0,1.0,26.0,,37.0,,67,,Nuwara Eliya,80.818231,7.119166
80.61835,7.431958,Matale,උකුවෙල ප්රා.ලේ.කො,දෙහිපිටිය,HR1,HR1,,NBRO/MTL/UKUWELA/2026/PS/148,NBRO/MTL/UKUWELA/2026/PS/148,,House / නිවාස,2025-11-26 00:00:00,,2026-01-31 00:00:00,"Slope failures / බැවුම් අස්ථාවරවීම්, Cutting failure / කණ්ඩි අස්ථාවරවීම්, Other / වෙනත් (වෙනත් කරුණු යටතේ සදහන් කරන්න)",Resettle / නැවත පදිංචිකිරීම,,,,,2.0,1.0,,,,,3,,Matale,80.61835,7.431958
80.947637,7.4897,Matale,විල්ගමුව ප්රා.ලේ.කො,සෝනුත්ත,HR1,HR1,,NBRO/MTL/WILGAMUWA/2025/MJ/47,NBRO/MTL/WILGAMUWA/2025/MJ/47,,House / නිවාස,2025-11-27 00:00:00,,2025-12-15 00:00:00,,Resettle / නැවත පදිංචිකිරීම,Fully / පුර්ණහානි,,,,1.0,1.0,,,1.0,,3,,Matale,80.947637,7.4897
80.394521,7.066403,Kegalle,යටියන්තොට ප්රා.ලේ.කො,අමනාවල,HR1,HR1,,LRR-YTP-116,LRR-YTP-116,,House / නිවාස,2025-11-28 00:00:00,,2025-12-23 00:00:00,Landslide / නායයෑම්,Resettle / නැවත පදිංචිකිරීම,Fully / පුර්ණහානි,,,,1.0,,8.0,,3.0,,12,,Kegalle,80.394521,7.066403
79.970913,7.092485,Gampaha,මිනුවන්ගොඩ ප්රා.ලේ.කො,කිරිඳිවිට,HR1,HR1,,ERR - Gampaha - 1,ERR - Gampaha - 1,220,House / නිවාස,28/11/2025,,13/12/2025,Other / වෙනත් (වෙනත් කරුණු යටතේ සදහන් කරන්න),Resettle / නැවත පදිංචිකිරීම,Partially / අර්ධහානි,,"නිවසේ වර්තමානයේ පවතින බිත්තිවල,පාදම පැළුම් හා ගිලාබැසීම් නිසා ඇතිවූ අස්ථාවර්භාවය ගංවතුරට ඔරො",,1.0,,,,,,1,,Gampaha,79.970913,7.092485
80.893012,7.096241,Nuwara Eliya,නුවරඑළිය ප්රා.ලේ.කො,කොන්කෝඩියා,HR1,HR1,,NBRI/NE/NED/2026/DMCP/52),NBRI/NE/NED/2026/DMCP/52),534/එෆ්,House / නිවාස,2025.11.26 - 2025.11.28,,2025-11-28 00:00:00,Landslide / නායයෑම්,Resettle / නැවත පදිංචිකිරීම,Fully / පුර්ණහානි,0.0,,,7.0,2.0,28.0,,43.0,,80,,Nuwara Eliya,80.893012,7.096241
79.849562,7.271577,Gampaha,මීගමුව ප්රා.ලේ.කො,උ/පල්ලන්සේන,HR1,HR1,,ERR - Negombo - 10,ERR - Negombo - 10,77,House / නිවාස,28/11/2025,,2025-12-12 00:00:00,Other / වෙනත් (වෙනත් කරුණු යටතේ සදහන් කරන්න),Relocate / නැවත ස්ථානගත කිරීම,,,ඔයෙහි ඉවුරු ඛාදනය හා නිවාස ආශ්‍රිත භූමිය ඛාදනය වීම,,3.0,,,,5.0,,8,,Gampaha,79.849562,7.271577
79.845278,7.242858,Gampaha,මීගමුව ප්රා.ලේ.කො,පළඟුතුරය,HR1,HR1,,NBRO/GAM/NEGOM/2025/TPC/11,NBRO/GAM/NEGOM/2025/TPC/11,75 ඒ,House / නිවාස,29/11/2025,,26/01/2025,Other / වෙනත් (වෙනත් කරුණු යටතේ සදහන් කරන්න),Resettle / නැවත පදිංචිකිරීම,Fully / පුර්ණහානි,0.0,භූමිය අස්ථාවර වීම,,1.0,,,,,,1,,Gampaha,79.845278,7.242858
80.103495,7.276751,Gampaha,දිවුලපිටිය ප්රා.ලේ.කො,මොරගල්කන්ද,HR1,HR1,,NBRO/GAM/DIULA/2025/TPC/14,NBRO/GAM/DIULA/2025/TPC/14,,House / නිවාස,29/11/2025,16:30:00,21/01/2026,Slope failures / බැවුම් අස්ථාවරවීම්,Resettle / නැවත පදිංචිකිරීම,Partially / අර්ධහානි,,,,1.0,,,,,,1,,Gampaha,80.103495,7.276751
80.189705,7.125847,Gampaha,අත්තනගල්ල ප්රා.ලේ.කො,අලවල,HR1,HR1,,ERR - Attanagalla - 04,ERR - Attanagalla - 04,364,House / නිවාස,28/11/2025,,2025-06-12 00:00:00,Cutting failure / කණ්ඩි අස්ථාවරවීම්,Resettle / නැවත පදිංචිකිරීම,,,"නිවසේ බිත්තිවල හා ගෙබිමේ ආතති පැළුම්, භූමියේ අසාමාන්‍ය ඉලිප්පීම්",,1.0,,,,1.0,1.0,3,,Gampaha,80.189705,7.125847
80.195006,7.136475,Gampaha,අත්තනගල්ල ප්රා.ලේ.කො,ඇතාඋඩකන්ද,HR1,HR1,,ERR - Attanagalla - 08,ERR - Attanagalla - 08,364/බී,House / නිවාස,28/11/2025,,2025-06-12 00:00:00,Landslide / නායයෑම්,Relocate / නැවත ස්ථානගත කිරීම,,,වහාම බෑවුමේ පවතින පැළුම් වසා දැමීමට පියවර ගත යුතුය,,1.0,,1.0,,,,2,,Gampaha,80.195006,7.136475
80.726674,7.126164,Nuwara Eliya,හඟුරන්කෙත ප්රා.ලේ.කො,හෝප්වත්ත,HR1,HR1,,NBRI/NE/HKD/2025/SMK/13-REV,NBRI/NE/HKD/2025/SMK/13-REV,501 G,House / නිවාස,2025-11-27 00:00:00,9.45 PM,2025-12-10 00:00:00,Landslide / නායයෑම්,Resettle / නැවත පදිංචිකිරීම,Fully / පුර්ණහානි,,,,1.0,4.0,,,,,5,,Nuwara Eliya,80.726674,7.126164
80.669045,7.478517,Matale,රත්තොට ප්රා.ලේ.කො,ගාන්සරපොල,HR1,HR1,,NBRO/MTL/RATHTHOTA/2026/MJ/81,NBRO/MTL/RATHTHOTA/2026/MJ/81,,House / නිවාස,2025-11-27 00:00:00,,2026-01-14 00:00:00,Cutting failure / කණ්ඩි අස්ථාවරවීම්,Resettle / නැවත පදිංචිකිරීම,Fully / පුර්ණහානි,,,,1.0,,,,1.0,,2,,Matale,80.669045,7.478517
80.693898,7.487267,Matale,රත්තොට ප්රා.ලේ.කො,වෙලන්ගහවත්ත,HR1,HR1,,NBRO/MTL/RATHTHOTA/2026/MJ/232,NBRO/MTL/RATHTHOTA/2026/MJ/232,,House / නිවාස,2025-11-27 00:00:00,,2025-12-30 00:00:00,Other / වෙනත් (වෙනත් කරුණු යටතේ සදහන් කරන්න),,Minor / සුළුහානි,,,,2.0,,1.0,,4.0,,7,,Matale,80.693898,7.487267
80.191829,7.116333,Gampaha,අත්තනගල්ල ප්රා.ලේ.කො,අලවල - දකුණ,HR1,HR1,,ERR - Attanagalla - 14,ERR - Attanagalla - 14,364/ඒ,House / නිවාස,28/11/2025,,2025-06-12 00:00:00,Landslide / නායයෑම්,Relocate / නැවත ස්ථානගත කිරීම,,,,,2.0,,1.0,,6.0,,9,,Gampaha,80.191829,7.116333
80.209901,7.115187,Kegalle,රුවන්වැල්ල ප්රා.ලේ.කො,මහකන්ද,HR1,HR1,,ERR - RWP -04,ERR - RWP -04,,House / නිවාස,2025-11-28 00:00:00,,2025-12-04 00:00:00,Landslide / නායයෑම්,Resettle / නැවත පදිංචිකිරීම,Fully / පුර්ණහානි,,,,5.0,,,,8.0,,13,,Kegalle,80.209901,7.115187
80.130158,7.218302,Gampaha,මීරිගම ප්රා.ලේ.කො,පමුණුවත්ත,HR1,HR1,,ERR 05,ERR 05,19ඒ,House / නිවාස,2025-11-28 00:00:00,රාත්‍රී,2025-12-01 00:00:00,,,,0.0,,,1.0,,,,,,1,,Gampaha,80.130158,7.218302
80.15931,7.201453,Gampaha,මීරිගම ප්රා.ලේ.කො,වේවැල්දෙණිය ඉහල බටහිර,HR1,HR1,,ERR 02,ERR 02,20 සී,House / නිවාස,2025-11-28 00:00:00,19:00:00,2025-02-12 00:00:00,Cutting failure / කණ්ඩි අස්ථාවරවීම්,,,0.0,,,2.0,2.0,,,,,4,,Gampaha,80.15931,7.201453
80.892541,7.068918,Nuwara Eliya,නිල්දණ්ඩහින්න ප්රා.ලේ.කො,දෙනමුරේ,HR1,HR1,,NBRI/NE/WLD(Nildandahinna)/DMCP/54),NBRI/NE/WLD(Nildandahinna)/DMCP/54),524/,House / නිවාස,2025-11-26 00:00:00,,2026-01-13 00:00:00,Slope failures / බැවුම් අස්ථාවරවීම්,Resettle / නැවත පදිංචිකිරීම,Fully / පුර්ණහානි,,,,1.0,,6.0,,10.0,,17,,Nuwara Eliya,80.892541,7.068918
80.651757,7.499103,Matale,රත්තොට ප්රා.ලේ.කො,ඉහල ඕවල,HR1,HR1,,NBRO/MTL/RATHTHOTA/2026/MJ/82,NBRO/MTL/RATHTHOTA/2026/MJ/82,,House / නිවාස,2025-11-27 00:00:00,,2026-01-14 00:00:00,Other / වෙනත් (වෙනත් කරුණු යටතේ සදහන් කරන්න),Resettle / නැවත පදිංචිකිරීම,Fully / පුර්ණහානි,,,,1.0,1.0,1.0,,,,3,,Matale,80.651757,7.499103
80.580165,7.474237,Matale,උකුවෙල ප්රා.ලේ.කො,මකුලේමඩ,HR1,HR1,,NBRO/MTL/UKUWELA/2026/KA/135,NBRO/MTL/UKUWELA/2026/KA/135,E 343 B,House / නිවාස,2025-11-27 00:00:00,,2026-01-28 00:00:00,"Slope failures / බැවුම් අස්ථාවරවීම්, Other / වෙනත් (වෙනත් කරුණු යටතේ සදහන් කරන්න)",Resettle / නැවත පදිංචිකිරීම,,,,,1.0,1.0,5.0,,6.0,,13,,Matale,80.580165,7.474237
80.81943,7.271086,Kandy,මැදදුම්බර ප්රා.ලේ.කො,වතුලියද්ද,HR1,HR1,,IBE 145,IBE 145,813,House / නිවාස,2025-11-27 00:00:00,,2026-08-07 00:00:00,Slope failures / බැවුම් අස්ථාවරවීම්,,,,,,2.0,1.0,1.0,,1.0,,5,,Kandy,80.81943,7.271086
80.775589,7.310226,Kandy,මැදදුම්බර ප්රා.ලේ.කො,ඇඹලගම,HR1,HR1,,HLK/0107,HLK/0107,,House / නිවාස,2025-11-27 00:00:00,,2026-04-09 00:00:00,Cutting failure / කණ්ඩි අස්ථාවරවීම්,,,,,,1.0,,,,,,1,,Kandy,80.775589,7.310226
80.235319,7.137447,Kegalle,රුවන්වැල්ල ප්රා.ලේ.කො,ගලපිටමඩ,HR1,HR1,,ERR - RWP 06,ERR - RWP 06,,House / නිවාස,2025-11-27 00:00:00,,2025-12-04 00:00:00,Cutting failure / කණ්ඩි අස්ථාවරවීම්,Resettle / නැවත පදිංචිකිරීම,Fully / පුර්ණහානි,,,,3.0,,,,6.0,,9,,Kegalle,80.235319,7.137447
80.202255,7.110021,Kegalle,රුවන්වැල්ල ප්රා.ලේ.කො,මහකන්ද,HR1,HR1,,ERR - RWP -05/LRR - RWP-05,ERR - RWP -05/LRR - RWP-05,,House / නිවාස,2025-11-28 00:00:00,,2025-12-04 00:00:00,Landslide / නායයෑම්,Resettle / නැවත පදිංචිකිරීම,Fully / පුර්ණහානි,,,,7.0,,,,1.0,,8,,Kegalle,80.202255,7.110021
80.707803,7.51695,Matale,රත්තොට ප්රා.ලේ.කො,වෙරළුගස්තැ්තැන්න,HR1,HR1,,"NBRO/MTL/RATHTHOTA/2026/MJ,WAES/95","NBRO/MTL/RATHTHOTA/2026/MJ,WAES/95",,House / නිවාස,2025-11-27 00:00:00,,2026-01-12 00:00:00,Other / වෙනත් (වෙනත් කරුණු යටතේ සදහන් කරන්න),Resettle / නැවත පදිංචිකිරීම,,,,,1.0,,,,1.0,,2,,Matale,80.707803,7.51695
80.592383,7.468165,Matale,උකුවෙල ප්රා.ලේ.කො,ගලඋඩහේන,HR1,HR1,,NBRO/MTL/UKUWELA/2026/RMSRS/139,NBRO/MTL/UKUWELA/2026/RMSRS/139,E 343 F,House / නිවාස,2025-11-27 00:00:00,,2026-01-31 00:00:00,"Slope failures / බැවුම් අස්ථාවරවීම්, Cutting failure / කණ්ඩි අස්ථාවරවීම්, Rock fall / ගල් පෙරලීම්, Other / වෙනත් (වෙනත් කරුණු යටතේ",Resettle / නැවත පදිංචිකිරීම,,,,,3.0,,,,,,3,,Matale,80.592383,7.468165
80.742138,6.975501,Nuwara Eliya,නුවරඑළිය ප්රා.ලේ.කො,ශාන්තිපුර,HR1,HR1,,NBRI/NE/NED/2026/DMCP/80),NBRI/NE/NED/2026/DMCP/80),535එම්,House / නිවාස,2025.11.27,,2026.01.31,Slope failures / බැවුම් අස්ථාවරවීම්,Resettle / නැවත පදිංචිකිරීම,Fully / පුර්ණහානි,,,,2.0,1.0,,,1.0,,4,,Nuwara Eliya,80.742138,6.975501
80.419366,7.069473,Kegalle,යටියන්තොට ප්රා.ලේ.කො,බෙරන්නාව,HR1,HR1,,LRR - YTP - 16,LRR - YTP - 16,131ඩී,House / නිවාස,2025-11-27 00:00:00,,2025-12-18 00:00:00,Landslide / නායයෑම්,Resettle / නැවත පදිංචිකිරීම,Fully / පුර්ණහානි,,,,3.0,1.0,3.0,,20.0,5.0,32,,Kegalle,80.419366,7.069473
80.708128,7.035111,Nuwara Eliya,නුවරඑළිය ප්රා.ලේ.කො,පලාගොල්ල,HR1,HR1,,NBRI/NE/NED/2025/DMCP/08/REV,NBRI/NE/NED/2025/DMCP/08/REV,74,House / නිවාස,2025-11-28 00:00:00,,2025-12-09 00:00:00,"Landslide / නායයෑම්, Slope failures / බැවුම් අස්ථාවරවීම්, Cutting failure / කණ්ඩි අස්ථාවරවීම්",Resettle / නැවත පදිංචිකිරීම,Fully / පුර්ණහානි,,,,1.0,,,,,,1,,Nuwara Eliya,80.708128,7.035111
80.69018,7.410923,Matale,උකුවෙල ප්රා.ලේ.කො,ඇල්කඩුව,HR1,HR1,,NBRO/MTL/UKUWELA/2026/EIJ/160,NBRO/MTL/UKUWELA/2026/EIJ/160,E 363A,House / නිවාස,2025-11-27 00:00:00,,2026-01-01 00:00:00,Other / වෙනත් (වෙනත් කරුණු යටතේ සදහන් කරන්න),Resettle / නැවත පදිංචිකිරීම,,,,,13.0,2.0,26.0,,6.0,1.0,48,,Matale,80.69018,7.410923
80.775,7.351997,Kandy,මැදදුම්බර ප්රා.ලේ.කො,",රන්දිවෙල",HR1,HR1,,IBE /091,IBE /091,753,House / නිවාස,2025-11-27 00:00:00,,2026-01-26 00:00:00,Slope failures / බැවුම් අස්ථාවරවීම්,,,,,,2.0,1.0,,,,,3,,Kandy,80.775,7.351997
80.8315,7.254377,Kandy,මැදදුම්බර ප්රා.ලේ.කො,බඹරගහදෙණිය,HR1,HR1,,IBE/084,IBE/084,818,House / නිවාස,2025-11-27 00:00:00,,2026-01-20 00:00:00,"Landslide / නායයෑම්, Cutting failure / කණ්ඩි අස්ථාවරවීම්",,,,,,1.0,1.0,,,1.0,,3,,Kandy,80.8315,7.254377
80.651607,7.07439,Nuwara Eliya,කොත්මලේ නැගෙනහිර ප්රා.ලේ.කො,මාවෙළ කන්ද,HR1,HR1,,NBRI/NE/KTD[East]/2026/DMCP/136),NBRI/NE/KTD[East]/2026/DMCP/136),456 සී,House / නිවාස,2025.11.27,,2026.05.07,Landslide / නායයෑම්,Resettle / නැවත පදිංචිකිරීම,Fully / පුර්ණහානි,0.0,,,1.0,,,,,,1,,Nuwara Eliya,80.651607,7.07439
80.242354,7.115093,Kegalle,රුවන්වැල්ල ප්රා.ලේ.කො,ලෙවන්ගම උතුර,HR1,HR1,,ERR- RWP 13,ERR- RWP 13,,House / නිවාස,2025-11-28 00:00:00,,2025-12-16 00:00:00,Landslide / නායයෑම්,Resettle / නැවත පදිංචිකිරීම,Fully / පුර්ණහානි,,,,1.0,,,,1.0,,2,,Kegalle,80.242354,7.115093
80.690189,7.521214,Matale,රත්තොට ප්රා.ලේ.කො,දංකන්ද,HR1,HR1,,NBRO/MTL/RATHTHOTA/2026/MJ/96,NBRO/MTL/RATHTHOTA/2026/MJ/96,,House / නිවාස,2025-11-27 00:00:00,,2026-01-02 00:00:00,Other / වෙනත් (වෙනත් කරුණු යටතේ සදහන් කරන්න),Resettle / නැවත පදිංචිකිරීම,Fully / පුර්ණහානි,,,,1.0,,,,,,1,,Matale,80.690189,7.521214
80.692234,7.525453,Matale,රත්තොට ප්රා.ලේ.කො,කිරිමැටිය,HR1,HR1,,NBRO/MTL/RATHTHOTA/2026/MJ/97,NBRO/MTL/RATHTHOTA/2026/MJ/97,,House / නිවාස,2025-11-27 00:00:00,,2026-01-10 00:00:00,Other / වෙනත් (වෙනත් කරුණු යටතේ සදහන් කරන්න),Resettle / නැවත පදිංචිකිරීම,Fully / පුර්ණහානි,,,,1.0,,,,,,1,,Matale,80.692234,7.525453
80.716227,7.204339,Kandy,දෙල්තොට ප්රා.ලේ.කො,බව්ලානවත්ත ජනපදය,HR1,HR1,,JSB 418,JSB 418,,House / නිවාස,2025-11-27 00:00:00,,2026-04-10 00:00:00,Other / වෙනත් (වෙනත් කරුණු යටතේ සදහන් කරන්න),,,,,,3.0,,,,,,3,,Kandy,80.716227,7.204339
80.682157,7.55485,Matale,අඹන්ගඟ කෝරලේ ප්රා.ලේ.කො,පුස්සැල්ල,HR1,HR1,,"NBRO/MTL/AMBANGAGAKORALE/2026/MJ,WAES/39","NBRO/MTL/AMBANGAGAKORALE/2026/MJ,WAES/39",,House / නිවාස,2025-11-27 00:00:00,,2026-01-04 00:00:00,"Slope failures / බැවුම් අස්ථාවරවීම්, Cutting failure / කණ්ඩි අස්ථාවරවීම්",Resettle / නැවත පදිංචිකිරීම,,,,,3.0,,2.0,,,,5,,Matale,80.682157,7.55485
80.698775,7.541,Matale,අඹන්ගඟ කෝරලේ ප්රා.ලේ.කො,ශිරගෙහ වත්ත,HR1,HR1,,"NBRO/MTL/AMBANGAGAKORALE/2026/TW,DJ/59","NBRO/MTL/AMBANGAGAKORALE/2026/TW,DJ/59",,House / නිවාස,2025-11-27 00:00:00,,2026-01-09 00:00:00,"Slope failures / බැවුම් අස්ථාවරවීම්, Cutting failure / කණ්ඩි අස්ථාවරවීම්",Resettle / නැවත පදිංචිකිරීම,,,,,1.0,,,,,,1,,Matale,80.698775,7.541
80.687206,7.530889,Matale,අඹන්ගඟ කෝරලේ ප්රා.ලේ.කො,කොවුඩාගම්මාන,HR1,HR1,,"NBRO/MTL/AMBANGAGAKORALE/2026/TW,DJ/60","NBRO/MTL/AMBANGAGAKORALE/2026/TW,DJ/60",,House / නිවාස,2025-11-27 00:00:00,,2026-01-09 00:00:00,Slope failures / බැවුම් අස්ථාවරවීම්,Resettle / නැවත පදිංචිකිරීම,,,,,1.0,,,,,,1,,Matale,80.687206,7.530889
80.658863,7.564149,Matale,අඹන්ගඟ කෝරලේ ප්රා.ලේ.කො,රයිතලාව,HR1,HR1,,"NBRO/MTL/AMBANGAGAKORALE/2026/TW,DJ/61","NBRO/MTL/AMBANGAGAKORALE/2026/TW,DJ/61",,House / නිවාස,2025-11-27 00:00:00,,2026-01-09 00:00:00,"Landslide / නායයෑම්, Other / වෙනත් (වෙනත් කරුණු යටතේ සදහන් කරන්න)",Resettle / නැවත පදිංචිකිරීම,,,,,1.0,,1.0,,,,2,,Matale,80.658863,7.564149
80.753957,6.980078,Nuwara Eliya,නුවරඑළිය ප්රා.ලේ.කො,කලාපුර,HR1,HR1,,NBRI/NE/NED/2026/WGMSS/02),NBRI/NE/NED/2026/WGMSS/02),535එන්,House / නිවාස,2025.11.28,,2026.02.08,Slope failures / බැවුම් අස්ථාවරවීම්,Resettle / නැවත පදිංචිකිරීම,Fully / පුර්ණහානි,0.0,,,1.0,,,,6.0,,7,,Nuwara Eliya,80.753957,6.980078
80.802895,7.095273,Nuwara Eliya,වලපනේ ප්රා.ලේ.කො,නාපටවෙල,HR1,HR1,,NBRI/NE/WLD/2025/SMK/55),NBRI/NE/WLD/2025/SMK/55),,House / නිවාස,2025-11-27 00:00:00,රාත්‍රිි 8.30 – 10.00,2025.12.17,Landslide / නායයෑම්,Resettle / නැවත පදිංචිකිරීම,Fully / පුර්ණහානි,,,,12.0,,5.0,,,,17,,Nuwara Eliya,80.802895,7.095273
80.848957,7.057058,Nuwara Eliya,වලපනේ ප්රා.ලේ.කො,හයිෆොරස්ට්,HR1,HR1,,NBRI/NE/WLD/2025/SMK/47,NBRI/NE/WLD/2025/SMK/47,504 බී,House / නිවාස,2025-11-27 00:00:00,,2025-12-24 00:00:00,Landslide / නායයෑම්,Resettle / නැවත පදිංචිකිරීම,Fully / පුර්ණහානි,,,,4.0,,,,1.0,,5,,Nuwara Eliya,80.848957,7.057058
80.700106,7.05458,Nuwara Eliya,කොත්මලේ නැගෙනහිර ප්රා.ලේ.කො,රම්බොඩ,HR1,HR1,,NBRI/NE/KTD[East]/2026/LY/161),NBRI/NE/KTD[East]/2026/LY/161),474,House / නිවාස,2025.11.27 සහ ඊට පෙර අවස්ථාවන් කිහිපයකදී,,2026.02.16 සහ ඊට පෙර අවස්ථාවන් කිහිපයකදී,Slope failures / බැවුම් අස්ථාවරවීම්,Resettle / නැවත පදිංචිකිරීම,Fully / පුර්ණහානි,0.0,,,1.0,,,,,,1,,Nuwara Eliya,80.700106,7.05458
80.724265,7.130905,Nuwara Eliya,හඟුරන්කෙත ප්රා.ලේ.කො,හදවලපිටිය,HR1,HR1,,NBRI/NE/HKD/2025/IC/01,NBRI/NE/HKD/2025/IC/01,,House / නිවාස,2025-11-27 00:00:00,,2025-12-24 00:00:00,Landslide / නායයෑම්,Resettle / නැවත පදිංචිකිරීම,Fully / පුර්ණහානි,,,,2.0,1.0,1.0,,5.0,,9,,Nuwara Eliya,80.724265,7.130905
80.805311,7.103234,Nuwara Eliya,වලපනේ ප්රා.ලේ.කො,වැටකේගම,HR1,HR1,,NBRI/NE/WLD/2025/DMCP/23,NBRI/NE/WLD/2025/DMCP/23,505 ඊ,House / නිවාස,2025-11-27 00:00:00,,2025-12-18 00:00:00,Slope failures / බැවුම් අස්ථාවරවීම්,Resettle / නැවත පදිංචිකිරීම,Fully / පුර්ණහානි,,,,1.0,,1.0,,3.0,,5,,Nuwara Eliya,80.805311,7.103234
80.783728,6.936198,Nuwara Eliya,නුවරඑළිය ප්රා.ලේ.කො,රුවන්එළිය,HR1,HR1,,NBRI/NE/NED/2026/DSDD/164),NBRI/NE/NED/2026/DSDD/164),,House / නිවාස,2025.11.27,,2026.02.19,Other / වෙනත් (වෙනත් කරුණු යටතේ සදහන් කරන්න),Resettle / නැවත පදිංචිකිරීම,Fully / පුර්ණහානි,0.0,නිවස අස්ථාවර වූ නිම්නයේ පිහිටීම,,1.0,,,,5.0,,6,,Nuwara Eliya,80.783728,6.936198
80.228251,7.270958,Kegalle,වරකාපොළ ප්රා.ලේ.කො,තල්ගම,HR1,HR1,,ERR - WRP 05,ERR - WRP 05,,House / නිවාස,2025-11-28 00:00:00,,2025-12-13 00:00:00,Slope failures / බැවුම් අස්ථාවරවීම්,Resettle / නැවත පදිංචිකිරීම,Fully / පුර්ණහානි,,,,1.0,,3.0,,,,4,,Kegalle,80.228251,7.270958
80.243407,7.232482,Kegalle,වරකාපොළ ප්රා.ලේ.කො,නාපේ,HR1,HR1,,LRR-WRP-06,LRR-WRP-06,,House / නිවාස,2025-11-28 00:00:00,,2025-12-20 00:00:00,Landslide / නායයෑම්,Resettle / නැවත පදිංචිකිරීම,Fully / පුර්ණහානි,,,,2.0,1.0,3.0,,15.0,,21,,Kegalle,80.243407,7.232482
80.337171,7.282571,Kegalle,වරකාපොළ ප්රා.ලේ.කො,තුල්හිරිය,HR1,HR1,,LRR - WRP - 02,LRR - WRP - 02,,House / නිවාස,2025-11-28 00:00:00,10:00:00,2025-12-25 00:00:00,Landslide / නායයෑම්,Resettle / නැවත පදිංචිකිරීම,Fully / පුර්ණහානි,,,,8.0,4.0,3.0,,,,15,,Kegalle,80.337171,7.282571
80.272562,7.141357,Kegalle,වරකාපොළ ප්රා.ලේ.කො,මල්මඩුව,HR1,HR1,,ERR -WRP-08,ERR -WRP-08,,House / නිවාස,2025-11-28 00:00:00,,2025-12-04 00:00:00,Other / වෙනත් (වෙනත් කරුණු යටතේ සදහන් කරන්න),Resettle / නැවත පදිංචිකිරීම,Fully / පුර්ණහානි,,,,12.0,5.0,1.0,,30.0,,48,,Kegalle,80.272562,7.141357
80.401505,7.006928,Kegalle,යටියන්තොට ප්රා.ලේ.කො,බෙරන්නාව,HR1,HR1,,LRR - YTP - 10,LRR - YTP - 10,131 ඩී,House / නිවාස,2025-11-28 00:00:00,,2025-12-13 00:00:00,Landslide / නායයෑම්,Resettle / නැවත පදිංචිකිරීම,Partially / අර්ධහානි,,,,1.0,3.0,6.0,,7.0,,17,,Kegalle,80.401505,7.006928
80.741942,7.14788,Nuwara Eliya,හඟුරන්කෙත ප්රා.ලේ.කො,අගප්පල වසම,HR1,HR1,,NBRI/NE/HKD/2025/LY/සංශෝධන/25),NBRI/NE/HKD/2025/LY/සංශෝධන/25),498 බී,House / නිවාස,2025-11-27 00:00:00,,2025-12-26 00:00:00,Cutting failure / කණ්ඩි අස්ථාවරවීම්,Resettle / නැවත පදිංචිකිරීම,Fully / පුර්ණහානි,,,,1.0,1.0,,,8.0,,10,,Nuwara Eliya,80.741942,7.14788
80.232364,7.170624,Kegalle,වරකාපොළ ප්රා.ලේ.කො,දොරවක උඩබාගේ,HR1,HR1,,LRR-WRP-17-A,LRR-WRP-17-A,,House / නිවාස,2025-11-28 00:00:00,11:30:00,2025-12-17 00:00:00,Landslide / නායයෑම්,Resettle / නැවත පදිංචිකිරීම,Fully / පුර්ණහානි,,,,1.0,2.0,4.0,,4.0,,11,,Kegalle,80.232364,7.170624
80.587993,7.430721,Kandy,අකුරණ ප්රා.ලේ.කො,රඹුකේ ඇල,HR1,HR1,,UIJ 48,UIJ 48,,House / නිවාස,2025-11-27 00:00:00,,2026-05-27 00:00:00,Landslide / නායයෑම්,,,,,,45.0,19.0,4.0,,28.0,,96,,Kandy,80.587993,7.430721
80.882676,7.084239,Nuwara Eliya,නිල්දණ්ඩහින්න ප්රා.ලේ.කො,තිබ්බුගොඩ,HR1,HR1,,NBRI/NE/WLD[Nildandahinna]/2026/PTG/166),NBRI/NE/WLD[Nildandahinna]/2026/PTG/166),517 බිි,House / නිවාස,,,2026-01-16 00:00:00,Other / වෙනත් (වෙනත් කරුණු යටතේ සදහන් කරන්න),Resettle / නැවත පදිංචිකිරීම,Fully / පුර්ණහානි,,භුමි ගිලා බැසිම (GS),,1.0,,,,59.0,,60,,Nuwara Eliya,80.882676,7.084239
80.825746,7.125769,Nuwara Eliya,වලපනේ ප්රා.ලේ.කො,ආදාවල,HR1,HR1,,NBRI/NE/WLD/2026/LY/103),NBRI/NE/WLD/2026/LY/103),,House / නිවාස,2025.11.27,,2026.02.10,Other / වෙනත් (වෙනත් කරුණු යටතේ සදහන් කරන්න),Resettle / නැවත පදිංචිකිරීම,Fully / පුර්ණහානි,,සුන්බුන් ගලනය වීමේ අවදානම,,1.0,,2.0,,3.0,,6,,Nuwara Eliya,80.825746,7.125769
80.588627,7.472581,Matale,උකුවෙල ප්රා.ලේ.කො,ගලඋඩහේන,HR1,HR1,,NBRO/MTL/UKUWELA/2026/SS/199,NBRO/MTL/UKUWELA/2026/SS/199,,House / නිවාස,2025-11-27 00:00:00,,2026-01-16 00:00:00,Landslide / නායයෑම්,Resettle / නැවත පදිංචිකිරීම,,,,,1.0,1.0,,,,,2,,Matale,80.588627,7.472581
80.663923,7.440756,Matale,රත්තොට ප්රා.ලේ.කො,"පහල හපුවිද, දොඩගොඩ, වරාපිටිය",HR1,HR1,,NBRO/MTL/RATHTHOTA/2026/BCA/HOUSE 13,NBRO/MTL/RATHTHOTA/2026/BCA/HOUSE 13,,House / නිවාස,2025-11-28 00:00:00,,2026-01-17 00:00:00,Cutting failure / කණ්ඩි අස්ථාවරවීම්,Resettle / නැවත පදිංචිකිරීම,,,,,1.0,,,,,,1,,Matale,80.663923,7.440756
80.279858,7.286361,Kegalle,වරකාපොළ ප්රා.ලේ.කො,කළුගල 79A,HR1,HR1,,LRR-WRP-74 (LRR-WRP-74A,LRR-WRP-74 (LRR-WRP-74A,79A,House / නිවාස,2025-11-28 00:00:00,,2026-02-11 00:00:00,Slope failures / බැවුම් අස්ථාවරවීම්,Resettle / නැවත පදිංචිකිරීම,Fully / පුර්ණහානි,,,,1.0,1.0,1.0,,1.0,,4,,Kegalle,80.279858,7.286361
80.664092,7.499925,Matale,රත්තොට ප්රා.ලේ.කො,කොස්වාන උතුර,HR1,HR1,,NBRO/MTL/RATHTHOTA/2026/MJ/98,NBRO/MTL/RATHTHOTA/2026/MJ/98,,House / නිවාස,2025-11-27 00:00:00,,2026-01-10 00:00:00,Cutting failure / කණ්ඩි අස්ථාවරවීම්,Resettle / නැවත පදිංචිකිරීම,Fully / පුර්ණහානි,,,,1.0,,,,,,1,,Matale,80.664092,7.499925
80.55923,7.11916,Kandy,ගඟ ඉහළ කෝරලේ ප්රා.ලේ.කො,උඩගම,HR1,HR1,,UIJ/016,UIJ/016,1069,House / නිවාස,2025-11-28 00:00:00,,2025-12-06 00:00:00,"Landslide / නායයෑම්, Slope failures / බැවුම් අස්ථාවරවීම්, Cutting failure / කණ්ඩි අස්ථාවරවීම්",Resettle / නැවත පදිංචිකිරීම,,,,,2.0,,2.0,,7.0,,11,,Kandy,80.55923,7.11916
80.65734,7.28716,Kandy,ගඟ වට කෝරලේ ප්රා.ලේ.කො,තැන්නෙකුඹුර,HR1,HR1,,BGS 209,BGS 209,275.0,House / නිවාස,2025-11-27 00:00:00,,2026-06-07 00:00:00,,,,,,,2.0,,,,4.0,,6,,Kandy,80.65734,7.28716
80.636615,7.265206,Kandy,ගඟ වට කෝරලේ ප්රා.ලේ.කො,හීරස්සගල,HR1,HR1,,BGS 069,BGS 069,,House / නිවාස,2025-11-27 00:00:00,,2026-03-20 00:00:00,,,,,,,1.0,,,,3.0,,4,,Kandy,80.636615,7.265206
80.825626,7.016198,Nuwara Eliya,නුවරඑළිය ප්රා.ලේ.කො,කද‌පොළ,HR1,HR1,,NBRI/NE/NED/2026/DMCP/සංශෝධන/122(ii),NBRI/NE/NED/2026/DMCP/සංශෝධන/122(ii),,House / නිවාස,2025.11.27,,2026.03.13,Landslide / නායයෑම්,Resettle / නැවත පදිංචිකිරීම,Fully / පුර්ණහානි,0.0,,,4.0,5.0,47.0,,33.0,,89,,Nuwara Eliya,80.825626,7.016198
80.590008,7.260167,Kandy,ගඟ වට කෝරලේ ප්රා.ලේ.කො,පහල ඊරියගම,HR1,HR1,,WDN 82,WDN 82,282.0,House / නිවාස,2025-11-27 00:00:00,,2026-03-23 00:00:00,Slope failures / බැවුම් අස්ථාවරවීම්,,,,,,1.0,,,,1.0,,2,,Kandy,80.590008,7.260167
80.675442,7.154905,Kandy,දොළුව ප්රා.ලේ.කො,මුල්ගම,HR1,HR1,,WDN 97,WDN 97,1132.0,House / නිවාස,2025-11-27 00:00:00,,2026-04-24 00:00:00,Other / වෙනත් (වෙනත් කරුණු යටතේ සදහන් කරන්න),,,,නායයෑම් අවධානම්,,1.0,,,,,,1,,Kandy,80.675442,7.154905
80.811582,7.194218,Nuwara Eliya,හඟුරන්කෙත ප්රා.ලේ.කො,ඉල්පැන් කදුර,HR1,HR1,,NBRI/NE/HKD/2025/PTG/105),NBRI/NE/HKD/2025/PTG/105),,House / නිවාස,2025-11-27 00:00:00,,2025-12-29 00:00:00,Slope failures / බැවුම් අස්ථාවරවීම්,Resettle / නැවත පදිංචිකිරීම,Fully / පුර්ණහානි,,,,1.0,,,,66.0,,67,,Nuwara Eliya,80.811582,7.194218
80.911397,7.103519,Nuwara Eliya,නිල්දණ්ඩහින්න ප්රා.ලේ.කො,කලගන්වත්ත,HR1,HR1,,NBRI/NE/WLD[Nildandahinna]/2026/SMK/102),NBRI/NE/WLD[Nildandahinna]/2026/SMK/102),519,House / නිවාස,2025.11.27,,2026.01.23,Other / වෙනත් (වෙනත් කරුණු යටතේ සදහන් කරන්න),Resettle / නැවත පදිංචිකිරීම,Fully / පුර්ණහානි,,ආතති පැලුම්,,1.0,,,,8.0,,9,,Nuwara Eliya,80.911397,7.103519
80.623014,7.160463,Kandy,දොළුව ප්රා.ලේ.කො,පඹදෙණිය,HR1,HR1,,HLK/040,HLK/040,1148.0,House / නිවාස,2025-11-27 00:00:00,,2026-03-28 00:00:00,"Landslide / නායයෑම්, Slope failures / බැවුම් අස්ථාවරවීම්",,,,,,4.0,5.0,6.0,,,,15,,Kandy,80.623014,7.160463
80.889418,7.073254,Nuwara Eliya,නිල්දණ්ඩහින්න ප්රා.ලේ.කො,ගොරඩිගොල්ල,HR1,HR1,,NBRI/NE/WLD(Nildandahinna)2026/DMCP/70),NBRI/NE/WLD(Nildandahinna)2026/DMCP/70),524 බී,House / නිවාස,2025-11-27 00:00:00,,2026-01-08 00:00:00,Landslide / නායයෑම්,Resettle / නැවත පදිංචිකිරීම,Fully / පුර්ණහානි,,,,4.0,,8.0,,7.0,,19,,Nuwara Eliya,80.889418,7.073254
80.695753,7.500117,Matale,රත්තොට ප්රා.ලේ.කො,මාවුස්සා‍ගොල්ල,HR1,HR1,,"NBRO/MTL/RATHTHOTA/2026/TW,SW/111","NBRO/MTL/RATHTHOTA/2026/TW,SW/111",E 375,House / නිවාස,2025-11-27 00:00:00,,2026-01-18 00:00:00,"Slope failures / බැවුම් අස්ථාවරවීම්, Cutting failure / කණ්ඩි අස්ථාවරවීම්, Rock fall / ගල් පෙරලීම්, Other / වෙනත් (වෙනත් කරුණු යටතේ",Resettle / නැවත පදිංචිකිරීම,,,,,1.0,,2.0,,8.0,,11,,Matale,80.695753,7.500117
80.670415,7.584385,Matale,අඹන්ගඟ කෝරලේ ප්රා.ලේ.කො,කුබල්ඔලුුව,HR1,HR1,,NBRO/MTL/AMBANGAGAKORALE/2026/RMSR/91,NBRO/MTL/AMBANGAGAKORALE/2026/RMSR/91,E 381,House / නිවාස,2025-11-27 00:00:00,,2026-01-15 00:00:00,"Landslide / නායයෑම්, Slope failures / බැවුම් අස්ථාවරවීම්, Cutting failure / කණ්ඩි අස්ථාවරවීම්, Rock fall / ගල් පෙරලීම්",Resettle / නැවත පදිංචිකිරීම,,,,,1.0,6.0,,,,,7,,Matale,80.670415,7.584385
80.677146,7.572734,Matale,අඹන්ගඟ කෝරලේ ප්රා.ලේ.කො,කොස්ගොල්ල,HR1,HR1,,NBRO/MTL/AMBANGAGAKORALE/2026/RMSR/92,NBRO/MTL/AMBANGAGAKORALE/2026/RMSR/92,E 381 / D,House / නිවාස,2025-11-27 00:00:00,,2026-01-15 00:00:00,"Slope failures / බැවුම් අස්ථාවරවීම්, Cutting failure / කණ්ඩි අස්ථාවරවීම්, Rock fall / ගල් පෙරලීම්",Resettle / නැවත පදිංචිකිරීම,,,,,1.0,1.0,,,2.0,,4,,Matale,80.677146,7.572734
80.621662,7.156934,Kandy,දොළුව ප්රා.ලේ.කො,පඹදෙණිය,HR1,HR1,,HLK/041,HLK/041,1148.0,House / නිවාස,2025-11-27 00:00:00,,2026-03-28 00:00:00,"Landslide / නායයෑම්, Slope failures / බැවුම් අස්ථාවරවීම්, Cutting failure / කණ්ඩි අස්ථාවරවීම්",,,,,,1.0,,,,,,1,,Kandy,80.621662,7.156934
80.656926,7.285755,Kandy,ගඟ වට කෝරලේ ප්රා.ලේ.කො,තැන්නේකුඹුර,HR1,HR1,,BGS/027,BGS/027,275.0,House / නිවාස,,,,Slope failures / බැවුම් අස්ථාවරවීම්,Resettle / නැවත පදිංචිකිරීම,,,,,2.0,,,,,,2,,Kandy,80.656926,7.285755
80.714948,7.257816,Kandy,ගඟ වට කෝරලේ ප්රා.ලේ.කො,මාලිඟාතැන්න,HR1,HR1,,BGS/026,BGS/026,279.0,House / නිවාස,,,2025-12-18 00:00:00,Landslide / නායයෑම්,Resettle / නැවත පදිංචිකිරීම,,,,,1.0,,1.0,,5.0,,7,,Kandy,80.714948,7.257816
80.645354,7.192951,Kandy,දොළුව ප්රා.ලේ.කො,නවනිල්ල්ඹ,HR1,HR1,,HLK 324,HLK 324,1136.0,House / නිවාස,2025-11-27 00:00:00,,2026-06-26 00:00:00,"Cutting failure / කණ්ඩි අස්ථාවරවීම්, Slope failures / බැවුම් අස්ථාවරවීම්",,,,,,1.0,1.0,,,,,2,,Kandy,80.645354,7.192951
80.350253,7.046182,Kegalle,යටියන්තොට ප්රා.ලේ.කො,මලල්පොල,HR1,HR1,,LRR-YTP-59,LRR-YTP-59,,House / නිවාස,2025-11-29 00:00:00,,2026-01-08 00:00:00,Landslide / නායයෑම්,Resettle / නැවත පදිංචිකිරීම,Fully / පුර්ණහානි,,,,1.0,,1.0,,14.0,2.0,18,,Kegalle,80.350253,7.046182
80.882462,7.375679,Kandy,උඩදුම්බර ප්රා.ලේ.කො,මුනමල්පැලැස්ස,HR1,HR1,,TPB/179,TPB/179,,House / නිවාස,2025-11-27 00:00:00,,2026-02-21 00:00:00,Other / වෙනත් (වෙනත් කරුණු යටතේ සදහන් කරන්න),,,,,,1.0,,,,,,1,,Kandy,80.882462,7.375679
80.530822,7.364421,Kandy,හතරලියද්ද,ආඩියාතැන්න,HR1,HR1,NBRI/KND/HAT/2025/SUJ/024,NBRI/KND/HAT/2025/SUJ/024,NBRI/KND/HAT/2025/SUJ/024,,,,,,,,,,,,1.0,,,,,,1,,Kandy,80.530822,7.364421
80.514494,7.216549,Kegalle,මාවනැල්ල ප්රා.ලේ.කො,වේරකේ,HR1,HR1,,LRR-MWP-27,LRR-MWP-27,,House / නිවාස,2025-11-27 00:00:00,,2026-01-02 00:00:00,Landslide / නායයෑම්,Resettle / නැවත පදිංචිකිරීම,Fully / පුර්ණහානි,,,,1.0,,,,2.0,,3,,Kegalle,80.514494,7.216549
80.417962,7.247011,Kegalle,මාවනැල්ල ප්රා.ලේ.කො,දෙහිමඩුව,HR1,HR1,,LRR -MWP-26,LRR -MWP-26,15ඊ,House / නිවාස,2025-11-29 00:00:00,,2026-01-07 00:00:00,Landslide / නායයෑම්,Resettle / නැවත පදිංචිකිරීම,Fully / පුර්ණහානි,,,,6.0,4.0,4.0,,8.0,,22,,Kegalle,80.417962,7.247011
80.412474,7.245651,Kegalle,මාවනැල්ල ප්රා.ලේ.කො,අම්බුළුගල,HR1,HR1,,LRR -MWP-25,LRR -MWP-25,,House / නිවාස,2025-11-29 00:00:00,,2026-01-07 00:00:00,Slope failures / බැවුම් අස්ථාවරවීම්,Resettle / නැවත පදිංචිකිරීම,Fully / පුර්ණහානි,,,,1.0,,,,,,1,,Kegalle,80.412474,7.245651
80.414369,7.246839,Kegalle,මාවනැල්ල ප්රා.ලේ.කො,අම්බුළුගල,HR1,HR1,,LRR -MWP-24,LRR -MWP-24,,House / නිවාස,2025-11-29 00:00:00,,2026-01-07 00:00:00,Slope failures / බැවුම් අස්ථාවරවීම්,Resettle / නැවත පදිංචිකිරීම,Fully / පුර්ණහානි,,,,1.0,,,,,,1,,Kegalle,80.414369,7.246839
80.522497,7.158722,Kegalle,මාවනැල්ල ප්රා.ලේ.කො,කෙහෙල්පන්නල නැගෙනහිර,HR1,HR1,,LRR-MWP-23,LRR-MWP-23,40,House / නිවාස,2025-11-28 00:00:00,,2026-01-22 00:00:00,Slope failures / බැවුම් අස්ථාවරවීම්,Resettle / නැවත පදිංචිකිරීම,Fully / පුර්ණහානි,,,,1.0,,,,1.0,,2,,Kegalle,80.522497,7.158722
80.474891,7.28298,Kegalle,මාවනැල්ල ප්රා.ලේ.කො,25 මාකඩවර,HR1,HR1,,LRR-MWP-30,LRR-MWP-30,,House / නිවාස,2025-11-28 00:00:00,,2026-01-07 00:00:00,Slope failures / බැවුම් අස්ථාවරවීම්,Resettle / නැවත පදිංචිකිරීම,Fully / පුර්ණහානි,,,,7.0,,3.0,,25.0,,35,,Kegalle,80.474891,7.28298
80.739791,6.915715,Nuwara Eliya,නුවරඑළිය ප්රා.ලේ.කො,කිරිමැටිය,HR1,HR1,,NBRI/NE/NED/2026/DMCP/123),NBRI/NE/NED/2026/DMCP/123),476/ඒ,House / නිවාස,2025.11.29,,2026.03.19,Slope failures / බැවුම් අස්ථාවරවීම්,Resettle / නැවත පදිංචිකිරීම,Fully / පුර්ණහානි,0.0,,,1.0,,1.0,,,,2,,Nuwara Eliya,80.739791,6.915715
80.496405,7.254003,Kegalle,මාවනැල්ල ප්රා.ලේ.කො,ගනේතැන්න,HR1,HR1,,LRR-MWP-17/17A,LRR-MWP-17/17A,,House / නිවාස,2025-11-28 00:00:00,,2025-12-22 00:00:00,Slope failures / බැවුම් අස්ථාවරවීම්,Resettle / නැවත පදිංචිකිරීම,Fully / පුර්ණහානි,1.0,,,1.0,,5.0,,,,6,,Kegalle,80.496405,7.254003
80.494465,7.254488,Kegalle,මාවනැල්ල ප්රා.ලේ.කො,ගනේතැන්න,HR1,HR1,,LRR-MWP-16/MWP-16-A,LRR-MWP-16/MWP-16-A,,House / නිවාස,2025-11-22 00:00:00,,2025-12-23 00:00:00,Rock fall / ගල් පෙරලීම්,Resettle / නැවත පදිංචිකිරීම,Fully / පුර්ණහානි,1.0,,,1.0,3.0,11.0,,5.0,,20,,Kegalle,80.494465,7.254488
80.516647,7.228891,Kegalle,මාවනැල්ල ප්රා.ලේ.කො,මහන්තේගම,HR1,HR1,,LRR - MWP -11,LRR - MWP -11,,House / නිවාස,2025-11-30 00:00:00,,2025-12-23 00:00:00,Landslide / නායයෑම්,Resettle / නැවත පදිංචිකිරීම,Fully / පුර්ණහානි,,,,8.0,15.0,18.0,,7.0,13.0,61,,Kegalle,80.516647,7.228891
80.681108,7.542198,Matale,අඹන්ගඟ කෝරලේ ප්රා.ලේ.කො,සිරංගහවත්ත,HR1,HR1,,NBRO/MTL/AMBANGAGAKORALE/2026/MMCUB/115,NBRO/MTL/AMBANGAGAKORALE/2026/MMCUB/115,,House / නිවාස,2025-11-27 00:00:00,,2025-12-20 00:00:00,"Slope failures / බැවුම් අස්ථාවරවීම්, Cutting failure / කණ්ඩි අස්ථාවරවීම්",Resettle / නැවත පදිංචිකිරීම,,,,,1.0,,,,1.0,,2,,Matale,80.681108,7.542198
80.936098,7.055771,Nuwara Eliya,නිල්දණ්ඩහින්න ප්රා.ලේ.කො,කන්දෙයාය,HR1,HR1,,NBRI/NE/WLD[Nildandahinna]/2026/LY/73,NBRI/NE/WLD[Nildandahinna]/2026/LY/73,527සී,House / නිවාස,2025.11.27,,2026.01.30,Other / වෙනත් (වෙනත් කරුණු යටතේ සදහන් කරන්න),Resettle / නැවත පදිංචිකිරීම,Fully / පුර්ණහානි,,කණ්ඩි අස්ථාවරවීම බෑවුම් අස්ථාවරවීමක් දක්වා වර්ධනය වීම,,1.0,,,,,,1,,Nuwara Eliya,80.936098,7.055771
80.934471,7.065013,Nuwara Eliya,නිල්දණ්ඩහින්න ප්රා.ලේ.කො,කන්දෙයාය,HR1,HR1,,NBRI/NE/WLD[Nildandahinna]/2026/LY/74),NBRI/NE/WLD[Nildandahinna]/2026/LY/74),527සී,House / නිවාස,2025.11.27,,2026.01.30,Slope failures / බැවුම් අස්ථාවරවීම්,Resettle / නැවත පදිංචිකිරීම,Fully / පුර්ණහානි,,,,1.0,1.0,,,,,2,,Nuwara Eliya,80.934471,7.065013
80.904101,7.014642,Nuwara Eliya,නිල්දණ්ඩහින්න ප්රා.ලේ.කො,අඹලියද්ද,HR1,HR1,,NBRI/NE/WLD[Nildandahinna]/2026/LY/75),NBRI/NE/WLD[Nildandahinna]/2026/LY/75),531,House / නිවාස,2025.11.27,,2026.01.30,Other / වෙනත් (වෙනත් කරුණු යටතේ සදහන් කරන්න),Resettle / නැවත පදිංචිකිරීම,Fully / පුර්ණහානි,,කණ්ඩි අස්‍ථාවරවීම (අර්ධ හානි)/ බෑවුම් අස්ථාවර වීම (SF),,1.0,,,,,,1,,Nuwara Eliya,80.904101,7.014642
80.784752,7.110922,Nuwara Eliya,හඟුරන්කෙත ප්රා.ලේ.කො,රුක්වුඩ්,HR1,HR1,,NBRI/NE/HKD/2026/DMCP/58),NBRI/NE/HKD/2026/DMCP/58),501එෆ්,House / නිවාස,2025-11-27 00:00:00,,2026-01-19 00:00:00,Landslide / නායයෑම්,Resettle / නැවත පදිංචිකිරීම,Fully / පුර්ණහානි,,,,3.0,2.0,1.0,,11.0,,17,,Nuwara Eliya,80.784752,7.110922
80.475182,7.286854,Kegalle,මාවනැල්ල ප්රා.ලේ.කො,මාකෙහෙල්වල,HR1,HR1,,LRR - MWP - 09/09A,LRR - MWP - 09/09A,,House / නිවාස,2025-11-28 00:00:00,,2025-12-10 00:00:00,Slope failures / බැවුම් අස්ථාවරවීම්,Resettle / නැවත පදිංචිකිරීම,Fully / පුර්ණහානි,,,,6.0,7.0,12.0,,64.0,,89,,Kegalle,80.475182,7.286854
80.497521,7.165967,Kegalle,මාවනැල්ල ප්රා.ලේ.කො,හෙම්මාතගම,HR1,HR1,,LRR - MWP - 07,LRR - MWP - 07,,House / නිවාස,2025-11-28 00:00:00,,2025-12-23 00:00:00,Landslide / නායයෑම්,Resettle / නැවත පදිංචිකිරීම,Fully / පුර්ණහානි,,,,3.0,,2.0,,,,5,,Kegalle,80.497521,7.165967
80.488744,7.259641,Kegalle,මාවනැල්ල ප්රා.ලේ.කො,මාකඩවර,HR1,HR1,,LRR-MWP-34,LRR-MWP-34,25,House / නිවාස,2025-11-27 00:00:00,,2026-01-08 00:00:00,Landslide / නායයෑම්,Resettle / නැවත පදිංචිකිරීම,Fully / පුර්ණහානි,,,,1.0,,1.0,,13.0,,15,,Kegalle,80.488744,7.259641
80.521401,7.170037,Kegalle,මාවනැල්ල ප්රා.ලේ.කො,බලත්ගමුව,HR1,HR1,,LRR - MWP - 33,LRR - MWP - 33,,House / නිවාස,2025-11-27 00:00:00,,2026-01-08 00:00:00,Cutting failure / කණ්ඩි අස්ථාවරවීම්,Resettle / නැවත පදිංචිකිරීම,Fully / පුර්ණහානි,,,,1.0,,,,3.0,,4,,Kegalle,80.521401,7.170037
80.491488,7.237854,Kegalle,මාවනැල්ල ප්රා.ලේ.කො,මොල්ලිගොඩ,HR1,HR1,,LRR-MWP-31,LRR-MWP-31,,House / නිවාස,2025-11-27 00:00:00,,2026-01-07 00:00:00,Slope failures / බැවුම් අස්ථාවරවීම්,Resettle / නැවත පදිංචිකිරීම,Minor / සුළුහානි,,,,1.0,,,,2.0,,3,,Kegalle,80.491488,7.237854
80.516331,7.160789,Kegalle,මාවනැල්ල ප්රා.ලේ.කො,කෙහෙල්පන්නල බටහිර,HR1,HR1,,LRR-MWP-35,LRR-MWP-35,40 ඒ,House / නිවාස,2025-11-27 00:00:00,,2026-01-09 00:00:00,Cutting failure / කණ්ඩි අස්ථාවරවීම්,Resettle / නැවත පදිංචිකිරීම,Fully / පුර්ණහානි,,,,2.0,,3.0,,5.0,,10,,Kegalle,80.516331,7.160789
80.914458,7.123701,Nuwara Eliya,නිල්දණ්ඩහින්න ප්රා.ලේ.කො,මල්ලාගම,HR1,HR1,,NBRI/NE/WLD[Nildandahinna]/2026/DSDD/111),NBRI/NE/WLD[Nildandahinna]/2026/DSDD/111),,House / නිවාස,2025-11-27 00:00:00,,2026-01-29 00:00:00,Slope failures / බැවුම් අස්ථාවරවීම්,Resettle / නැවත පදිංචිකිරීම,Fully / පුර්ණහානි,,,,1.0,,,,2.0,,3,,Nuwara Eliya,80.914458,7.123701
80.476641,7.275044,Kegalle,මාවනැල්ල ප්රා.ලේ.කො,දුණුගම - මාලියද්ද,HR1,HR1,,LRR- MWP - 05,LRR- MWP - 05,,House / නිවාස,2025-11-28 00:00:00,,2025-12-05 00:00:00,Landslide / නායයෑම්,Resettle / නැවත පදිංචිකිරීම,Fully / පුර්ණහානි,,,,2.0,1.0,33.0,,53.0,32.0,121,,Kegalle,80.476641,7.275044
80.918182,7.127445,Nuwara Eliya,නිල්දණ්ඩහින්න ප්රා.ලේ.කො,දුලන,HR1,HR1,,NBRI/NE/WLD[Nildandahinna]/2026/DSDD/115),NBRI/NE/WLD[Nildandahinna]/2026/DSDD/115),,House / නිවාස,2025.11.27,,2026.01.29,Slope failures / බැවුම් අස්ථාවරවීම්,Resettle / නැවත පදිංචිකිරීම,Fully / පුර්ණහානි,,,,1.0,,,,,,1,,Nuwara Eliya,80.918182,7.127445
80.4757,7.27543,Kegalle,මාවනැල්ල ප්රා.ලේ.කො,දුණූගම,HR1,HR1,,LRR- MWP - 01,LRR- MWP - 01,,House / නිවාස,2025-11-29 00:00:00,,2025-12-19 00:00:00,Landslide / නායයෑම්,Resettle / නැවත පදිංචිකිරීම,Fully / පුර්ණහානි,,,,1.0,7.0,,,29.0,,37,,Kegalle,80.4757,7.27543
80.537979,7.291811,Kandy,යටිනුවර ප්රා.ලේ.කො,දන්තුරේ,HR1,HR1,,DMLP/007,DMLP/007,181.0,House / නිවාස,,,,Landslide / නායයෑම්,Resettle / නැවත පදිංචිකිරීම,Fully / පුර්ණහානි,0.0,,,1.0,,1.0,,1.0,,3,,Kandy,80.537979,7.291811
80.80946,7.179,Nuwara Eliya,හඟුරන්කෙත ප්රා.ලේ.කො,ගලඋඩ - උතුර,HR1,HR1,,NBRI/NE/HKD/2026/PTG/191),NBRI/NE/HKD/2026/PTG/191),,House / නිවාස,2025-11-27 00:00:00,,2026-01-21 00:00:00,Landslide / නායයෑම්,Resettle / නැවත පදිංචිකිරීම,Fully / පුර්ණහානි,,,,2.0,,,,,,2,,Nuwara Eliya,80.80946,7.179
80.417656,7.247941,Kegalle,රඹුක්කන ප්රා.ලේ.කො,වලකඩයාව(මංගලගම),HR1,HR1,,LRR - MWP- 10,LRR - MWP- 10,13ඒ,House / නිවාස,2025-11-28 00:00:00,,2025-12-26 00:00:00,Landslide / නායයෑම්,Resettle / නැවත පදිංචිකිරීම,Fully / පුර්ණහානි,,,,4.0,,,,5.0,,9,,Kegalle,80.417656,7.247941
80.695286,7.574104,Matale,අඹන්ගඟ කෝරලේ ප්රා.ලේ.කො,ගම්මඩුව,HR1,HR1,,NBRO/MTL/AMBANGAGAKORALE/2026/EIJ/149,NBRO/MTL/AMBANGAGAKORALE/2026/EIJ/149,,Religiou / ආගමික ස්ථානය,,,2026-01-30 00:00:00,,Resettle / නැවත පදිංචිකිරීම,,,,,1.0,,,,,,1,,Matale,80.695286,7.574104
80.517134,7.382812,Kandy,තුම්පනේ ප්රා.ලේ.කො,බොනකොට්,HR1,HR1,,SUJ 054,SUJ 054,,House / නිවාස,2025-11-27 00:00:00,,2026-03-19 00:00:00,Slope failures / බැවුම් අස්ථාවරවීම්,,,,,,1.0,1.0,,,,,2,,Kandy,80.517134,7.382812
80.363843,7.298684,Kegalle,රඹුක්කන ප්රා.ලේ.කො,"දුනුකේවෙල ,",HR1,HR1,,LRR RBP- 128,LRR RBP- 128,බී11,House / නිවාස,,,2026-05-19 00:00:00,Rock fall / ගල් පෙරලීම්,Resettle / නැවත පදිංචිකිරීම,Fully / පුර්ණහානි,,,,1.0,,,,1.0,,2,,Kegalle,80.363843,7.298684
80.35199,7.297501,Kegalle,රඹුක්කන ප්රා.ලේ.කො,පුවක්මොටේ,HR1,HR1,,LRR-RBP-94,LRR-RBP-94,4- ඒ -,House / නිවාස,2025-11-28 00:00:00,,2026-02-13 00:00:00,Slope failures / බැවුම් අස්ථාවරවීම්,Resettle / නැවත පදිංචිකිරීම,Minor / සුළුහානි,,,,1.0,,1.0,,4.0,3.0,9,,Kegalle,80.35199,7.297501
80.409476,7.314018,Kegalle,රඹුක්කන ප්රා.ලේ.කො,මුවපිටිය,HR1,HR1,,LRR - RBPP-71,LRR - RBPP-71,9සී,House / නිවාස,2025-11-29 00:00:00,,2025-12-07 00:00:00,Cutting failure / කණ්ඩි අස්ථාවරවීම්,Resettle / නැවත පදිංචිකිරීම,Fully / පුර්ණහානි,,,,2.0,,,,1.0,1.0,4,,Kegalle,80.409476,7.314018
80.356776,7.377872,Kegalle,රඹුක්කන ප්රා.ලේ.කො,කුඩාගම උතුර,HR1,HR1,,LRR - RBPP-54,LRR - RBPP-54,2-ඒ,House / නිවාස,2025-11-28 00:00:00,,2026-01-14 00:00:00,Landslide / නායයෑම්,Resettle / නැවත පදිංචිකිරීම,Fully / පුර්ණහානි,,,,1.0,6.0,,,,,7,,Kegalle,80.356776,7.377872
80.357064,7.339583,Kegalle,රඹුක්කන ප්රා.ලේ.කො,4- වල්ගම 4සී - උඩුගම,HR1,HR1,,LRR - RBPP-53,LRR - RBPP-53,,House / නිවාස,2025-11-28 00:00:00,,2026-01-14 00:00:00,Landslide / නායයෑම්,Resettle / නැවත පදිංචිකිරීම,Fully / පුර්ණහානි,,,,1.0,,1.0,,1.0,,3,,Kegalle,80.357064,7.339583
80.402518,7.067243,Kegalle,යටියන්තොට ප්රා.ලේ.කො,බෙරන්නාව,HR1,HR1,,LRR - YTP - 02,LRR - YTP - 02,131 ඩී,House / නිවාස,2025-11-27 00:00:00,,2025-12-13 00:00:00,Landslide / නායයෑම්,Resettle / නැවත පදිංචිකිරීම,Partially / අර්ධහානි,,,,3.0,,1.0,,,,4,,Kegalle,80.402518,7.067243
80.451088,7.299125,Kegalle,රඹුක්කන ප්රා.ලේ.කො,ගංගොඩ,HR1,HR1,,LRR - RBPP-33,LRR - RBPP-33,22ඒ-,House / නිවාස,2025-11-28 00:00:00,,2026-01-03 00:00:00,Landslide / නායයෑම්,Resettle / නැවත පදිංචිකිරීම,Fully / පුර්ණහානි,,,,2.0,1.0,4.0,,15.0,,22,,Kegalle,80.451088,7.299125
80.205584,7.208846,Kegalle,වරකාපොළ ප්රා.ලේ.කො,ගණිතපුර,HR1,HR1,,LRR-WRP-18,LRR-WRP-18,,House / නිවාස,2025-11-28 00:00:00,06:00:00,2025-12-17 00:00:00,Slope failures / බැවුම් අස්ථාවරවීම්,Resettle / නැවත පදිංචිකිරීම,Fully / පුර්ණහානි,,,,4.0,2.0,2.0,,15.0,,23,,Kegalle,80.205584,7.208846
80.357329,7.034611,Kegalle,යටියන්තොට ප්රා.ලේ.කො,පොල්පිටිය,HR1,HR1,,LRR-YTP-70,LRR-YTP-70,,House / නිවාස,2025-11-28 00:00:00,,2026-01-14 00:00:00,Landslide / නායයෑම්,Resettle / නැවත පදිංචිකිරීම,Fully / පුර්ණහානි,,,,1.0,,,,5.0,,6,,Kegalle,80.357329,7.034611
80.479464,7.406496,Kandy,තුම්පනේ ප්රා.ලේ.කො,මීගහහේන,HR1,HR1,,UIJ/010,UIJ/010,379.0,House / නිවාස,2025-11-30 00:00:00,,2025-12-05 00:00:00,Landslide / නායයෑම්,Resettle / නැවත පදිංචිකිරීම,,,,,6.0,3.0,1.0,,,,10,,Kandy,80.479464,7.406496
80.926003,7.068362,Nuwara Eliya,නිල්දණ්ඩහින්න ප්රා.ලේ.කො,"තුංහිටියාව,යටිමාදුර,",HR1,HR1,,NBRI/NE/WLD[Nildandahinna]/2026/LY/105,NBRI/NE/WLD[Nildandahinna]/2026/LY/105,"518/ඊ,518/ඩිි",House / නිවාස,2025.11.27,,2026.02.10,Other / වෙනත් (වෙනත් කරුණු යටතේ සදහන් කරන්න),Resettle / නැවත පදිංචිකිරීම,Fully / පුර්ණහානි,,සුන්බුන් ගලනය,,1.0,,,,17.0,,18,,Nuwara Eliya,80.926003,7.068362
80.388011,7.374129,Kegalle,රඹුක්කන ප්රා.ලේ.කො,හල්වත්ත,HR1,HR1,,LRR - RBPP-32,LRR - RBPP-32,3එල්-,House / නිවාස,2025-11-28 00:00:00,,2026-01-06 00:00:00,Cutting failure / කණ්ඩි අස්ථාවරවීම්,Resettle / නැවත පදිංචිකිරීම,Fully / පුර්ණහානි,,,,1.0,,,,3.0,,4,,Kegalle,80.388011,7.374129
80.379608,7.287101,Kegalle,රඹුක්කන ප්රා.ලේ.කො,පිටියේගම,HR1,HR1,,LRR - RBPP-35,LRR - RBPP-35,11,House / නිවාස,2025-11-28 00:00:00,,2026-01-13 00:00:00,Slope failures / බැවුම් අස්ථාවරවීම්,Resettle / නැවත පදිංචිකිරීම,Fully / පුර්ණහානි,,,,1.0,,,,,,1,,Kegalle,80.379608,7.287101
80.388021,7.373752,Kegalle,රඹුක්කන ප්රා.ලේ.කො,3එල්-හල්වත්ත,HR1,HR1,,LRR - RBP-25,LRR - RBP-25,3-එච්,House / නිවාස,2025-11-27 00:00:00,,2026-01-05 00:00:00,Slope failures / බැවුම් අස්ථාවරවීම්,Resettle / නැවත පදිංචිකිරීම,Fully / පුර්ණහානි,,,,1.0,1.0,1.0,,1.0,,4,,Kegalle,80.388021,7.373752
80.390694,7.389702,Kegalle,රඹුක්කන ප්රා.ලේ.කො,ගබ්බල උතුර,HR1,HR1,,LRR - RBP-24,LRR - RBP-24,3-එච්,House / නිවාස,2025-11-27 00:00:00,,2026-01-05 00:00:00,Slope failures / බැවුම් අස්ථාවරවීම්,Resettle / නැවත පදිංචිකිරීම,Fully / පුර්ණහානි,,,,1.0,1.0,,,,,2,,Kegalle,80.390694,7.389702
80.409881,7.37776,Kegalle,රඹුක්කන ප්රා.ලේ.කො,පරපේ උතුර,HR1,HR1,,LRR - RBP-23,LRR - RBP-23,,House / නිවාස,2025-11-27 00:00:00,,2026-01-05 00:00:00,Landslide / නායයෑම්,Resettle / නැවත පදිංචිකිරීම,Fully / පුර්ණහානි,,,,1.0,,,,,,1,,Kegalle,80.409881,7.37776
80.384002,7.388551,Kegalle,රඹුක්කන ප්රා.ලේ.කො,අලුගොල්ල,HR1,HR1,,LRR - RBP-26,LRR - RBP-26,3සී-,House / නිවාස,2025-11-29 00:00:00,,2026-01-05 00:00:00,Slope failures / බැවුම් අස්ථාවරවීම්,Resettle / නැවත පදිංචිකිරීම,Fully / පුර්ණහානි,,,,1.0,,,,1.0,,2,,Kegalle,80.384002,7.388551
80.36189,7.293622,Kegalle,රඹුක්කන ප්රා.ලේ.කො,11 බී -දුනුකේවල,HR1,HR1,,LRR - RBP-22,LRR - RBP-22,,House / නිවාස,2025-11-27 00:00:00,,2026-01-03 00:00:00,Slope failures / බැවුම් අස්ථාවරවීම්,Resettle / නැවත පදිංචිකිරීම,Fully / පුර්ණහානි,,,,1.0,,1.0,,,,2,,Kegalle,80.36189,7.293622
80.41462,7.32751,Kegalle,රඹුක්කන ප්රා.ලේ.කො,7 බී කන්සලගමුව,HR1,HR1,,LRR - RBP-19,LRR - RBP-19,,House / නිවාස,2025-11-27 00:00:00,,2025-12-02 00:00:00,Landslide / නායයෑම්,Resettle / නැවත පදිංචිකිරීම,Fully / පුර්ණහානි,,,,16.0,10.0,16.0,,94.0,,136,,Kegalle,80.41462,7.32751
80.913913,7.068185,Nuwara Eliya,නිල්දණ්ඩහින්න ප්රා.ලේ.කො,දෙමටඅරාව,HR1,HR1,,NBRI/NE/WLD[Nildandahinna]/2026/DMCP/81),NBRI/NE/WLD[Nildandahinna]/2026/DMCP/81),518 / එෆ්,House / නිවාස,2025.11.27,,2026.02.03,Slope failures / බැවුම් අස්ථාවරවීම්,Resettle / නැවත පදිංචිකිරීම,Fully / පුර්ණහානි,,,,2.0,,,,,,2,,Nuwara Eliya,80.913913,7.068185
80.690467,7.565982,Matale,අඹන්ගඟ කෝරලේ ප්රා.ලේ.කො,කළුගල්තැන්න,HR1,HR1,,NBRO/MTL/AMBANGAGAKORALE/2026/RMSRS/214,NBRO/MTL/AMBANGAGAKORALE/2026/RMSRS/214,,House / නිවාස,2025-11-27 00:00:00,,2026-02-17 00:00:00,"Slope failures / බැවුම් අස්ථාවරවීම්, Cutting failure / කණ්ඩි අස්ථාවරවීම්, Other / වෙනත් (වෙනත් කරුණු යටතේ සදහන් කරන්න)",Resettle / නැවත පදිංචිකිරීම,,,,,2.0,29.0,3.0,,17.0,1.0,52,,Matale,80.690467,7.565982
80.433778,7.301937,Kegalle,රඹුක්කන ප්රා.ලේ.කො,දීගන කන්ද,HR1,HR1,,LRR - RBP-15,LRR - RBP-15,,House / නිවාස,2025-11-27 00:00:00,,2025-12-23 00:00:00,Landslide / නායයෑම්,Resettle / නැවත පදිංචිකිරීම,Fully / පුර්ණහානි,,,,4.0,1.0,,,1.0,,6,,Kegalle,80.433778,7.301937
80.425276,7.321333,Kegalle,රඹුක්කන ප්රා.ලේ.කො,21- කඩිගමුව,HR1,HR1,,LRR - RBP-12,LRR - RBP-12,,House / නිවාස,2025-11-28 00:00:00,,2025-12-19 00:00:00,Landslide / නායයෑම්,Resettle / නැවත පදිංචිකිරීම,Fully / පුර්ණහානි,,,,14.0,1.0,10.0,,23.0,,48,,Kegalle,80.425276,7.321333
80.398011,7.04328,Kegalle,යටියන්තොට ප්රා.ලේ.කො,බෙරන්නාව,HR1,HR1,,LRR-YTP-45,LRR-YTP-45,,House / නිවාස,2025-11-28 00:00:00,,2025-12-15 00:00:00,Landslide / නායයෑම්,Resettle / නැවත පදිංචිකිරීම,Fully / පුර්ණහානි,,,,1.0,1.0,9.0,,12.0,,23,,Kegalle,80.398011,7.04328
80.766114,7.175607,Nuwara Eliya,හඟුරන්කෙත ප්රා.ලේ.කො,අඹලියද්ද,HR1,HR1,,NBRI/NE/HKD/2026/DMCP/69),NBRI/NE/HKD/2026/DMCP/69),469 ඒ්,House / නිවාස,2025.11.27,රාත්‍රි 9.45  හෝ ඊට ආසන්න වේලාවකදී,2026.01.27,Landslide / නායයෑම්,Resettle / නැවත පදිංචිකිරීම,Fully / පුර්ණහානි,,,,1.0,,1.0,,4.0,,6,,Nuwara Eliya,80.766114,7.175607
80.444057,7.309785,Kegalle,රඹුක්කන ප්රා.ලේ.කො,22 ඊ- හේනේපොල,HR1,HR1,,LRR - RBP-09,LRR - RBP-09,,House / නිවාස,2025-11-28 00:00:00,,2025-12-24 00:00:00,Slope failures / බැවුම් අස්ථාවරවීම්,Resettle / නැවත පදිංචිකිරීම,Fully / පුර්ණහානි,,,,1.0,,,,,,1,,Kegalle,80.444057,7.309785
80.440944,7.306514,Kegalle,රඹුක්කන ප්රා.ලේ.කො,22 ඊ- හේනේපොල,HR1,HR1,,LRR - RBP-08,LRR - RBP-08,,House / නිවාස,2025-11-28 00:00:00,,2025-12-24 00:00:00,Landslide / නායයෑම්,Resettle / නැවත පදිංචිකිරීම,Fully / පුර්ණහානි,,,,1.0,2.0,3.0,,4.0,,10,,Kegalle,80.440944,7.306514
80.78375,7.147436,Nuwara Eliya,හඟුරන්කෙත ප්රා.ලේ.කො,රිකිල්ලගස්කඩ,HR1,HR1,,NBRI/NE/HKD/2026/DMCP/සංශෝධනය/66),NBRI/NE/HKD/2026/DMCP/සංශෝධනය/66),492 ඒ,House / නිවාස,2025-11-27 00:00:00,,2026-01-15 00:00:00,Landslide / නායයෑම්,Resettle / නැවත පදිංචිකිරීම,Fully / පුර්ණහානි,,,,3.0,5.0,10.0,,14.0,,32,,Nuwara Eliya,80.78375,7.147436
80.405557,7.252248,Kegalle,රඹුක්කන ප්රා.ලේ.කො,වරාගොඩ,HR1,HR1,,LRR - RBP-01,LRR - RBP-01,,House / නිවාස,2025-11-28 00:00:00,,2025-12-26 00:00:00,Landslide / නායයෑම්,Resettle / නැවත පදිංචිකිරීම,Fully / පුර්ණහානි,,,,2.0,,,,4.0,,6,,Kegalle,80.405557,7.252248
80.432683,7.319513,Kegalle,රඹුක්කන ප්රා.ලේ.කො,කඩිගමුව,HR1,HR1,,LRR - RBP-10,LRR - RBP-10,,House / නිවාස,2025-11-28 00:00:00,,2025-12-20 00:00:00,Landslide / නායයෑම්,Resettle / නැවත පදිංචිකිරීම,Fully / පුර්ණහානි,,,,5.0,,,,1.0,,6,,Kegalle,80.432683,7.319513
80.423682,7.322534,Kegalle,රඹුක්කන ප්රා.ලේ.කො,කඩිගමුව,HR1,HR1,,ERR-RBP 16,ERR-RBP 16,,House / නිවාස,2025-11-28 00:00:00,,2025-12-17 00:00:00,Landslide / නායයෑම්,Resettle / නැවත පදිංචිකිරීම,Fully / පුර්ණහානි,,,,2.0,1.0,4.0,,3.0,,10,,Kegalle,80.423682,7.322534
80.394003,7.364151,Kegalle,රඹුක්කන ප්රා.ලේ.කො,3ජී-කොටවැල්ල,HR1,HR1,,ERR-RBP 15,ERR-RBP 15,,House / නිවාස,2025-11-28 00:00:00,,2025-12-17 00:00:00,Landslide / නායයෑම්,Resettle / නැවත පදිංචිකිරීම,Fully / පුර්ණහානි,,,,2.0,1.0,1.0,,,,4,,Kegalle,80.394003,7.364151
80.400338,7.250146,Kegalle,රඹුක්කන ප්රා.ලේ.කො,වරාගොඩ,HR1,HR1,,LRR - RBP-07,LRR - RBP-07,,House / නිවාස,2025-11-28 00:00:00,,2025-12-26 00:00:00,Landslide / නායයෑම්,Resettle / නැවත පදිංචිකිරීම,Fully / පුර්ණහානි,,,,2.0,1.0,,,,,3,,Kegalle,80.400338,7.250146
80.427743,7.272909,Kegalle,මාවනැල්ල ප්රා.ලේ.කො,වෑගන්තලේ,HR1,HR1,,LRR-MWP-39,LRR-MWP-39,20,House / නිවාස,2025-11-27 00:00:00,,2026-01-07 00:00:00,Slope failures / බැවුම් අස්ථාවරවීම්,Resettle / නැවත පදිංචිකිරීම,Fully / පුර්ණහානි,,,,2.0,,1.0,,15.0,,18,,Kegalle,80.427743,7.272909
80.904971,7.020985,Nuwara Eliya,නිල්දණ්ඩහින්න ප්රා.ලේ.කො,අඹලියද්ද,HR1,HR1,,NBRI/NE/WLD[Nildandahinna]/2026/LY/92),NBRI/NE/WLD[Nildandahinna]/2026/LY/92),531,House / නිවාස,2025.11.26,,2026.01.30,Cutting failure / කණ්ඩි අස්ථාවරවීම්,Resettle / නැවත පදිංචිකිරීම,Fully / පුර්ණහානි,,,,1.0,,,,3.0,,4,,Nuwara Eliya,80.904971,7.020985
80.416616,7.35155,Kegalle,රඹුක්කන ප්රා.ලේ.කො,කන්සලගමුව,HR1,HR1,,ERR-RBP 14,ERR-RBP 14,,House / නිවාස,2025-11-28 00:00:00,,2025-12-11 00:00:00,Landslide / නායයෑම්,Resettle / නැවත පදිංචිකිරීම,Fully / පුර්ණහානි,,,,2.0,1.0,7.0,,18.0,10.0,38,,Kegalle,80.416616,7.35155
80.409375,7.37075,Kegalle,රඹුක්කන ප්රා.ලේ.කො,"පරපේ උතුර,කණුගොල්ල",HR1,HR1,,ERR-RBP 12,ERR-RBP 12,,House / නිවාස,2025-11-28 00:00:00,,2025-12-09 00:00:00,Landslide / නායයෑම්,Resettle / නැවත පදිංචිකිරීම,Fully / පුර්ණහානි,,,,1.0,,11.0,,71.0,14.0,97,,Kegalle,80.409375,7.37075
80.402749,7.358723,Kegalle,රඹුක්කන ප්රා.ලේ.කො,එෆ්- පරපේ දකුණ,HR1,HR1,,ERR-RBP 11,ERR-RBP 11,,House / නිවාස,2025-11-28 00:00:00,06:30:00,2025-12-10 00:00:00,Landslide / නායයෑම්,Resettle / නැවත පදිංචිකිරීම,Fully / පුර්ණහානි,,,,1.0,,3.0,,8.0,,12,,Kegalle,80.402749,7.358723
80.400687,7.335457,Kegalle,රඹුක්කන ප්රා.ලේ.කො,ඊරියගොල්ල,HR1,HR1,,RBP 09/LRR 66,RBP 09/LRR 66,,House / නිවාස,2025-11-28 00:00:00,,2025-12-05 00:00:00,Slope failures / බැවුම් අස්ථාවරවීම්,Resettle / නැවත පදිංචිකිරීම,Fully / පුර්ණහානි,,,,1.0,,5.0,,27.0,,33,,Kegalle,80.400687,7.335457
80.527973,7.301531,Kandy,යටිනුවර ප්රා.ලේ.කො,පල්ලේමඩිත්ත,HR1,HR1,,JSB/017,JSB/017,,House / නිවාස,2025-11-28 00:00:00,,2025-12-05 00:00:00,Slope failures / බැවුම් අස්ථාවරවීම්,,,0.0,,,1.0,2.0,2.0,,,,5,,Kandy,80.527973,7.301531
80.333103,7.025772,Kegalle,යටියන්තොට ප්රා.ලේ.කො,වැලිහෙලතැන්න,HR1,HR1,,LRR-YTP-71,LRR-YTP-71,,House / නිවාස,2025-11-28 00:00:00,,2026-01-15 00:00:00,Slope failures / බැවුම් අස්ථාවරවීම්,Resettle / නැවත පදිංචිකිරීම,Fully / පුර්ණහානි,,,,1.0,1.0,3.0,,13.0,3.0,21,,Kegalle,80.333103,7.025772
80.781199,7.152334,Nuwara Eliya,හඟුරන්කෙත ප්රා.ලේ.කො,වලලෙවල,HR1,HR1,,NBRI/NE/HKD/2026/DMCP/සංශෝධනය/68),NBRI/NE/HKD/2026/DMCP/සංශෝධනය/68),492 සී,House / නිවාස,2025-11-27 00:00:00,,2026.01.15,Slope failures / බැවුම් අස්ථාවරවීම්,Resettle / නැවත පදිංචිකිරීම,Fully / පුර්ණහානි,,,,3.0,,5.0,,3.0,,11,,Nuwara Eliya,80.781199,7.152334
80.397981,6.964372,Kegalle,දැරණියගල ප්රා.ලේ.කො,නිල්වලා,HR1,HR1,,LRR DRP 12,LRR DRP 12,,House / නිවාස,2025-11-28 00:00:00,,2026-01-10 00:00:00,Cutting failure / කණ්ඩි අස්ථාවරවීම්,Resettle / නැවත පදිංචිකිරීම,Fully / පුර්ණහානි,,,,1.0,,1.0,,7.0,,9,,Kegalle,80.397981,6.964372
80.76104,7.13975,Nuwara Eliya,හඟුරන්කෙත ප්රා.ලේ.කො,මාකෙම්පේ,HR1,HR1,,NBRI/NE/HKD/2026/DMCP/63),NBRI/NE/HKD/2026/DMCP/63),498 සී,House / නිවාස,2025-11-27 00:00:00,,2026-01-22 00:00:00,Slope failures / බැවුම් අස්ථාවරවීම්,Resettle / නැවත පදිංචිකිරීම,Fully / පුර්ණහානි,,,,1.0,,3.0,,1.0,,5,,Nuwara Eliya,80.76104,7.13975
80.412412,6.944269,Kegalle,දැරණියගල ප්රා.ලේ.කො,දොඩාවත්ත,HR1,HR1,,ERR DRP 01,ERR DRP 01,,House / නිවාස,2025-11-27 00:00:00,,2025-12-02 00:00:00,Other / වෙනත් (වෙනත් කරුණු යටතේ සදහන් කරන්න),Resettle / නැවත පදිංචිකිරීම,Fully / පුර්ණහානි,0.0,,,1.0,,,,4.0,,5,,Kegalle,80.412412,6.944269
80.443619,6.868314,Kegalle,දැරණියගල ප්රා.ලේ.කො,දික්වැල්ලකන්ද,HR1,HR1,,LRR DRP 03,LRR DRP 03,,House / නිවාස,2025-11-28 00:00:00,,2026-01-26 00:00:00,Cutting failure / කණ්ඩි අස්ථාවරවීම්,Resettle / නැවත පදිංචිකිරීම,Fully / පුර්ණහානි,,,,1.0,1.0,,,,,2,,Kegalle,80.443619,6.868314
80.355133,7.192529,Kegalle,කෑගල්ල ප්රා.ලේ.කො,මලවිට,HR1,HR1,,LRR-KGP-112,LRR-KGP-112,,House / නිවාස,,,2025-01-29 00:00:00,Slope failures / බැවුම් අස්ථාවරවීම්,Resettle / නැවත පදිංචිකිරීම,Fully / පුර්ණහානි,0.0,,,2.0,,,,2.0,,4,,Kegalle,80.355133,7.192529
80.768594,7.150269,Nuwara Eliya,හඟුරන්කෙත ප්රා.ලේ.කො,හපුගස්දෙනිය,HR1,HR1,,NBRI/NE/HKD/2026/SMK/104),NBRI/NE/HKD/2026/SMK/104),,House / නිවාස,2025.11.27,,2026.01.24,"Slope failures / බැවුම් අස්ථාවරවීම්, Rock fall / ගල් පෙරලීම්",Resettle / නැවත පදිංචිකිරීම,Fully / පුර්ණහානි,,,,1.0,,,,8.0,1.0,10,,Nuwara Eliya,80.768594,7.150269
80.499028,7.252065,Kegalle,මාවනැල්ල ප්රා.ලේ.කො,මාවෙල,HR1,HR1,,LRR-MWP-40,LRR-MWP-40,25 D,House / නිවාස,2025-11-28 00:00:00,,2025-12-29 00:00:00,Landslide / නායයෑම්,Resettle / නැවත පදිංචිකිරීම,Fully / පුර්ණහානි,,,,4.0,8.0,1.0,,17.0,,30,,Kegalle,80.499028,7.252065
80.381337,7.234128,Kegalle,කෑගල්ල ප්රා.ලේ.කො,දීවෙල මැදගම,HR1,HR1,,LRR-KGP-84,LRR-KGP-84,,House / නිවාස,2025-11-28 00:00:00,,2025-12-07 00:00:00,Landslide / නායයෑම්,Resettle / නැවත පදිංචිකිරීම,Fully / පුර්ණහානි,0.0,,,2.0,1.0,6.0,,29.0,,38,,Kegalle,80.381337,7.234128
80.397121,7.12855,Kegalle,කෑගල්ල ප්රා.ලේ.කො,ගංතුන පල්ලේගම උතුර,HR1,HR1,,LRR-KGP-55,LRR-KGP-55,,House / නිවාස,2025-11-28 00:00:00,,2026-01-07 00:00:00,Landslide / නායයෑම්,Resettle / නැවත පදිංචිකිරීම,Fully / පුර්ණහානි,0.0,,,1.0,,1.0,,6.0,,8,,Kegalle,80.397121,7.12855
80.381359,7.281831,Kegalle,කෑගල්ල ප්රා.ලේ.කො,කොළොන්ගල්ල,HR1,HR1,,LRR-KGP-45,LRR-KGP-45,,House / නිවාස,2025-11-28 00:00:00,,2026-01-08 00:00:00,Cutting failure / කණ්ඩි අස්ථාවරවීම්,Resettle / නැවත පදිංචිකිරීම,Fully / පුර්ණහානි,0.0,,,1.0,,,,,,1,,Kegalle,80.381359,7.281831
80.389416,7.191435,Kegalle,කෑගල්ල ප්රා.ලේ.කො,වඩුපොල,HR1,HR1,,LRR-KGP-44,LRR-KGP-44,,House / නිවාස,2025-11-27 00:00:00,,2026-01-08 00:00:00,Slope failures / බැවුම් අස්ථාවරවීම්,Resettle / නැවත පදිංචිකිරීම,Fully / පුර්ණහානි,,,,1.0,1.0,,,2.0,,4,,Kegalle,80.389416,7.191435
80.326123,7.248165,Kegalle,කෑගල්ල ප්රා.ලේ.කො,පරණගම්පල,HR1,HR1,,LRR-KGP-43,LRR-KGP-43,,House / නිවාස,2025-11-27 00:00:00,,2026-01-09 00:00:00,Landslide / නායයෑම්,Resettle / නැවත පදිංචිකිරීම,Fully / පුර්ණහානි,0.0,,,1.0,,5.0,,1.0,,7,,Kegalle,80.326123,7.248165
80.328957,7.227396,Kegalle,කෑගල්ල ප්රා.ලේ.කො,ඌරාවුල්ල,HR1,HR1,,LRR-KGP-48,LRR-KGP-48,,House / නිවාස,2025-11-28 00:00:00,,2026-01-09 00:00:00,Slope failures / බැවුම් අස්ථාවරවීම්,Resettle / නැවත පදිංචිකිරීම,Minor / සුළුහානි,0.0,,,1.0,,,,,,1,,Kegalle,80.328957,7.227396
80.381326,7.282655,Kegalle,කෑගල්ල ප්රා.ලේ.කො,කොළොන්ගල්ල,HR1,HR1,,LRR-KGP-47,LRR-KGP-47,,House / නිවාස,2025-11-28 00:00:00,,2026-01-09 00:00:00,Cutting failure / කණ්ඩි අස්ථාවරවීම්,Resettle / නැවත පදිංචිකිරීම,Minor / සුළුහානි,0.0,,,1.0,,,,,,1,,Kegalle,80.381326,7.282655
80.354783,7.192509,Kegalle,කෑගල්ල ප්රා.ලේ.කො,මලවිට,HR1,HR1,,LRR-KGP-41,LRR-KGP-41,,House / නිවාස,2025-11-28 00:00:00,,2026-01-08 00:00:00,Slope failures / බැවුම් අස්ථාවරවීම්,Resettle / නැවත පදිංචිකිරීම,Fully / පුර්ණහානි,0.0,,,1.0,,,,1.0,,2,,Kegalle,80.354783,7.192509
80.391514,7.119823,Kegalle,කෑගල්ල ප්රා.ලේ.කො,බෙලිහුල්වාන,HR1,HR1,,LRR-KGP-38,LRR-KGP-38,,House / නිවාස,2025-11-28 00:00:00,,2026-01-06 00:00:00,Landslide / නායයෑම්,Resettle / නැවත පදිංචිකිරීම,Fully / පුර්ණහානි,0.0,,,3.0,,16.0,,23.0,1.0,43,,Kegalle,80.391514,7.119823
80.352592,7.239866,Kegalle,කෑගල්ල ප්රා.ලේ.කො,පරගම්මන,HR1,HR1,,LRR-KGP-33(ERR-16),LRR-KGP-33(ERR-16),,House / නිවාස,2025-11-28 00:00:00,,2025-12-05 00:00:00,Landslide / නායයෑම්,Resettle / නැවත පදිංචිකිරීම,Fully / පුර්ණහානි,0.0,,,1.0,,,,11.0,,12,,Kegalle,80.352592,7.239866
80.712146,6.94054,Nuwara Eliya,නුවරඑළිය ප්රා.ලේ.කො,සමර්සෙට්,HR1,HR1,,NBRI/NE/NED/2026/WGMSS/79),NBRI/NE/NED/2026/WGMSS/79),475/ඩබ්,House / නිවාස,2025.11.27,,2026.05.21,Landslide / නායයෑම්,Resettle / නැවත පදිංචිකිරීම,Fully / පුර්ණහානි,0.0,,,2.0,,,,4.0,,6,,Nuwara Eliya,80.712146,6.94054
80.3544,7.233741,Kegalle,කෑගල්ල ප්රා.ලේ.කො,පරගම්මන,HR1,HR1,,LRR-KGP-32(ERR-12),LRR-KGP-32(ERR-12),,House / නිවාස,2025-11-28 00:00:00,,2025-12-05 00:00:00,Landslide / නායයෑම්,Resettle / නැවත පදිංචිකිරීම,Fully / පුර්ණහානි,0.0,,,1.0,,1.0,,4.0,1.0,7,,Kegalle,80.3544,7.233741
80.383452,7.180278,Kegalle,කෑගල්ල ප්රා.ලේ.කො,වතුර,HR1,HR1,,LRR-KGP-30,LRR-KGP-30,,House / නිවාස,2025-11-28 00:00:00,,2025-12-22 00:00:00,Landslide / නායයෑම්,Resettle / නැවත පදිංචිකිරීම,Fully / පුර්ණහානි,0.0,,,1.0,2.0,5.0,,14.0,,22,,Kegalle,80.383452,7.180278
80.482535,7.394796,Kandy,තුම්පනේ ප්රා.ලේ.කො,ගලබාව,HR1,HR1,,UIJ/013,UIJ/013,378.0,House / නිවාස,2025-11-25 00:00:00,,2025-12-05 00:00:00,Landslide / නායයෑම්,Resettle / නැවත පදිංචිකිරීම,,0.0,,,1.0,3.0,,,2.0,,6,,Kandy,80.482535,7.394796
80.826619,7.125822,Nuwara Eliya,වලපනේ ප්රා.ලේ.කො,ආදාවල,HR1,HR1,,NBRI/NE/WLD/2026/LY/116),NBRI/NE/WLD/2026/LY/116),513,House / නිවාස,2025.11.27,,2026.02.09,Landslide / නායයෑම්,Resettle / නැවත පදිංචිකිරීම,Fully / පුර්ණහානි,,NBRO/31/NE/WLD/LI19/9177 අංක යටතේ වාර්තාවක් නිකුත් කර ඇති,,2.0,,,,,,2,,Nuwara Eliya,80.826619,7.125822
80.354998,7.210847,Kegalle,කෑගල්ල ප්රා.ලේ.කො,මීපිටිය,HR1,HR1,,LRR - KGP - 27,LRR - KGP - 27,51ජී,House / නිවාස,2025-11-28 00:00:00,,2025-12-17 00:00:00,Landslide / නායයෑම්,Resettle / නැවත පදිංචිකිරීම,Fully / පුර්ණහානි,0.0,,,4.0,,1.0,,7.0,2.0,14,,Kegalle,80.354998,7.210847
80.35339,7.210485,Kegalle,කෑගල්ල ප්රා.ලේ.කො,හෙට්ටිටිමුල්ල,HR1,HR1,,LRR - KGP - 07,LRR - KGP - 07,49,House / නිවාස,2025-11-27 00:00:00,,2025-12-22 00:00:00,Landslide / නායයෑම්,Resettle / නැවත පදිංචිකිරීම,Fully / පුර්ණහානි,0.0,,,2.0,1.0,1.0,,2.0,,6,,Kegalle,80.35339,7.210485
80.67926,7.419431,Matale,උකුවෙල ප්රා.ලේ.කො,ඇල්කඩුව,HR1,HR1,,NBRO/MTL/UKUWELA/2026/EIJ/268,NBRO/MTL/UKUWELA/2026/EIJ/268,E 363 A,House / නිවාස,2025-11-27 00:00:00,08:00:00,2026-01-08 00:00:00,Slope failures / බැවුම් අස්ථාවරවීම්,Resettle / නැවත පදිංචිකිරීම,,,,,3.0,,,,,,3,,Matale,80.67926,7.419431
80.369834,7.202199,Kegalle,කෑගල්ල ප්රා.ලේ.කො,මීදෙණිය උතුර,HR1,HR1,,LRR - KGP - 10,LRR - KGP - 10,55සී,House / නිවාස,2025-11-27 00:00:00,,2025-12-12 00:00:00,Cutting failure / කණ්ඩි අස්ථාවරවීම්,Resettle / නැවත පදිංචිකිරීම,Fully / පුර්ණහානි,0.0,,,1.0,,,,,,1,,Kegalle,80.369834,7.202199
80.356538,7.235685,Kegalle,කෑගල්ල ප්රා.ලේ.කො,ඇකිරියගල,HR1,HR1,,LRR - KGP - 04,LRR - KGP - 04,50,House / නිවාස,2025-11-27 00:00:00,10:30:00,2025-12-16 00:00:00,Landslide / නායයෑම්,Resettle / නැවත පදිංචිකිරීම,Fully / පුර්ණහානි,0.0,,,2.0,1.0,,,4.0,,7,,Kegalle,80.356538,7.235685
80.355285,7.235853,Kegalle,කෑගල්ල ප්රා.ලේ.කො,ඇකිරියගල,HR1,HR1,,LRR - KGP - 03,LRR - KGP - 03,50,House / නිවාස,2025-11-28 00:00:00,04:30:00,2025-12-16 00:00:00,Landslide / නායයෑම්,Resettle / නැවත පදිංචිකිරීම,Minor / සුළුහානි,0.0,,,3.0,1.0,5.0,,7.0,,16,,Kegalle,80.355285,7.235853
80.363031,7.208728,Kegalle,කෑගල්ල ප්රා.ලේ.කො,හෙට්ටිමුල්ල,HR1,HR1,,LRR - KGP - 05,LRR - KGP - 05,49,House / නිවාස,2025-11-27 00:00:00,,2025-12-22 00:00:00,Landslide / නායයෑම්,Resettle / නැවත පදිංචිකිරීම,Fully / පුර්ණහානි,0.0,,,1.0,,,,4.0,,5,,Kegalle,80.363031,7.208728
80.363974,7.219392,Kegalle,කෑගල්ල ප්රා.ලේ.කො,කවුඩුගම,HR1,HR1,,LRR - KGP - 02,LRR - KGP - 02,53ඒ,House / නිවාස,2025-11-28 00:00:00,08:30:00,2025-12-22 00:00:00,Landslide / නායයෑම්,Resettle / නැවත පදිංචිකිරීම,Fully / පුර්ණහානි,0.0,,,3.0,3.0,10.0,,9.0,,25,,Kegalle,80.363974,7.219392
80.367474,7.176993,Kegalle,කෑගල්ල ප්රා.ලේ.කො,හපුවිට පල්ලේලේගම,HR1,HR1,,ERR - KGP - 31,ERR - KGP - 31,,House / නිවාස,2025-11-28 00:00:00,,2025-12-04 00:00:00,Landslide / නායයෑම්,Resettle / නැවත පදිංචිකිරීම,Fully / පුර්ණහානි,,,,2.0,1.0,6.0,,12.0,,21,,Kegalle,80.367474,7.176993
80.367201,7.17544,Kegalle,කෑගල්ල ප්රා.ලේ.කො,හපුවිට පල්ලේලේගම,HR1,HR1,,ERR - KGP - 30,ERR - KGP - 30,,House / නිවාස,2025-11-28 00:00:00,05:00:00,2025-12-04 00:00:00,Landslide / නායයෑම්,Resettle / නැවත පදිංචිකිරීම,Fully / පුර්ණහානි,,,,1.0,,,,1.0,,2,,Kegalle,80.367201,7.17544
80.371052,7.251239,Kegalle,කෑගල්ල ප්රා.ලේ.කො,මිපිටිය,HR1,HR1,,LRR - KGP - 01,LRR - KGP - 01,51 ජී,House / නිවාස,2025-11-29 00:00:00,23:00:00,2025-12-09 00:00:00,Landslide / නායයෑම්,Resettle / නැවත පදිංචිකිරීම,Fully / පුර්ණහානි,0.0,,,2.0,,8.0,,20.0,,30,,Kegalle,80.371052,7.251239
80.68401,7.390718,Matale,උකුවෙල ප්රා.ලේ.කො,කරගහහින්න,HR1,HR1,,NBRO/MTL/UKUWELA/2026/EIJ/270,NBRO/MTL/UKUWELA/2026/EIJ/270,362 ‍F,House / නිවාස,2025-11-27 00:00:00,,2026-01-28 00:00:00,Slope failures / බැවුම් අස්ථාවරවීම්,Resettle / නැවත පදිංචිකිරීම,,,,,1.0,,,,,,1,,Matale,80.68401,7.390718
80.55547,7.094907,Kandy,ගඟ ඉහළ කෝරලේ ප්රා.ලේ.කො,උලපනේ දකුණ,HR1,HR1,,UIJ 283,UIJ 283,,House / නිවාස,2025-11-27 00:00:00,,2026-08-07 00:00:00,Landslide / නායයෑම්,,,,,,2.0,,,,,,2,,Kandy,80.55547,7.094907
80.337607,7.270038,Kegalle,කෑගල්ල ප්රා.ලේ.කො,සියඹලාපිටිය,HR1,HR1,,ERR - KGP - 29/ LRR -KGP-51,ERR - KGP - 29/ LRR -KGP-51,,House / නිවාස,2025-11-27 00:00:00,07:00:00,2025-12-06 00:00:00,Landslide / නායයෑම්,Resettle / නැවත පදිංචිකිරීම,Fully / පුර්ණහානි,,,,9.0,11.0,1.0,,14.0,,35,,Kegalle,80.337607,7.270038
80.393802,7.065441,Kegalle,යටියන්තොට ප්රා.ලේ.කො,අමනාවල,HR1,HR1,,LRR-YTP-126,LRR-YTP-126,,House / නිවාස,2025-11-28 00:00:00,,2025-12-18 00:00:00,Other / වෙනත් (වෙනත් කරුණු යටතේ සදහන් කරන්න),Resettle / නැවත පදිංචිකිරීම,Fully / පුර්ණහානි,,,,1.0,1.0,4.0,,17.0,,23,,Kegalle,80.393802,7.065441
80.67922,7.417335,Matale,උකුවෙල ප්රා.ලේ.කො,ඇල්කඩුව ගම,HR1,HR1,,NBRO/MTL/UKUWELA/2026/EIJ/278,NBRO/MTL/UKUWELA/2026/EIJ/278,E 363 A,Religiou / ආගමික ස්ථානය,2025-11-27 00:00:00,,2026-01-26 00:00:00,Landslide / නායයෑම්,Resettle / නැවත පදිංචිකිරීම,,,,,1.0,,5.0,,1.0,,7,,Matale,80.67922,7.417335
80.542036,7.145522,Kandy,ගඟ ඉහළ කෝරලේ ප්රා.ලේ.කො,ගල්පාය,HR1,HR1,,TPB /075,TPB /075,1066,House / නිවාස,2025-11-27 00:00:00,,2026-02-06 00:00:00,Landslide / නායයෑම්,,,,,,2.0,4.0,3.0,,2.0,,11,,Kandy,80.542036,7.145522
80.537321,7.137625,Kandy,ගඟ ඉහළ කෝරලේ ප්රා.ලේ.කො,ගල්පාය,HR1,HR1,,TPB /090,TPB /090,1066,House / නිවාස,2025-11-27 00:00:00,,2026-02-06 00:00:00,Other / වෙනත් (වෙනත් කරුණු යටතේ සදහන් කරන්න),,,,,,1.0,1.0,,,3.0,,5,,Kandy,80.537321,7.137625
80.53881,7.139649,Kandy,ගඟ ඉහළ කෝරලේ ප්රා.ලේ.කො,ගල්පාය,HR1,HR1,,TPB /089,TPB /089,1066,House / නිවාස,2025-11-27 00:00:00,,2026-02-06 00:00:00,Cutting failure / කණ්ඩි අස්ථාවරවීම්,,,,,,1.0,,,,,,1,,Kandy,80.53881,7.139649
80.36767,7.194826,Kegalle,කෑගල්ල ප්රා.ලේ.කො,මීදෙණිය උතුර,HR1,HR1,,ERR - KGP - 26,ERR - KGP - 26,,House / නිවාස,2025-11-27 00:00:00,,2025-12-12 00:00:00,Landslide / නායයෑම්,Resettle / නැවත පදිංචිකිරීම,Fully / පුර්ණහානි,,,,1.0,,,,8.0,,9,,Kegalle,80.36767,7.194826
80.364259,7.205753,Kegalle,කෑගල්ල ප්රා.ලේ.කො,මීදෙණිය උතුර,HR1,HR1,,ERR - KGP - 25,ERR - KGP - 25,,House / නිවාස,2025-11-27 00:00:00,05:00:00,2025-12-12 00:00:00,Landslide / නායයෑම්,Resettle / නැවත පදිංචිකිරීම,Fully / පුර්ණහානි,,,,3.0,1.0,2.0,,11.0,,17,,Kegalle,80.364259,7.205753
80.368591,7.248277,Kegalle,කෑගල්ල ප්රා.ලේ.කො,පල්ලේවෙල,HR1,HR1,,ERR - KGP - 21,ERR - KGP - 21,,House / නිවාස,2025-11-28 00:00:00,,2025-12-02 00:00:00,Landslide / නායයෑම්,Resettle / නැවත පදිංචිකිරීම,Fully / පුර්ණහානි,,,,1.0,5.0,24.0,,29.0,,59,,Kegalle,80.368591,7.248277
80.378051,7.235391,Kegalle,කෑගල්ල ප්රා.ලේ.කො,උඩකරඩුපන,HR1,HR1,,ERR - KGP - 13,ERR - KGP - 13,,House / නිවාස,2025-11-28 00:00:00,,2025-12-09 00:00:00,Landslide / නායයෑම්,Resettle / නැවත පදිංචිකිරීම,Fully / පුර්ණහානි,,,,1.0,,,,10.0,,11,,Kegalle,80.378051,7.235391
80.519284,7.267261,Kandy,යටිනුවර ප්රා.ලේ.කො,මාමුඩවෙල,HR1,HR1,,HLK/027,HLK/027,201.0,House / නිවාස,2025-11-27 00:00:00,,2026-03-11 00:00:00,"Slope failures / බැවුම් අස්ථාවරවීම්, Rock fall / ගල් පෙරලීම්",,,0.0,,,3.0,,,,,,3,,Kandy,80.519284,7.267261
80.486255,7.280459,Kandy,යටිනුවර ප්රා.ලේ.කො,ගොඩිගමුව,HR1,HR1,,HLK/028,HLK/028,187.0,House / නිවාස,2025-11-27 00:00:00,,2026-03-11 00:00:00,"Landslide / නායයෑම්, Slope failures / බැවුම් අස්ථාවරවීම්",,,0.0,,,3.0,,,,,,3,,Kandy,80.486255,7.280459
80.334353,7.26749,Kegalle,කෑගල්ල ප්රා.ලේ.කො,සියඹලාපිටිය,HR1,HR1,,ERR - KGP - 06,ERR - KGP - 06,51,House / නිවාස,2025-11-28 00:00:00,,2025-12-02 00:00:00,Rock fall / ගල් පෙරලීම්,Resettle / නැවත පදිංචිකිරීම,Fully / පුර්ණහානි,,,,2.0,5.0,,,1.0,,8,,Kegalle,80.334353,7.26749
80.715075,7.029975,Nuwara Eliya,කොත්මලේ නැගෙනහිර ප්රා.ලේ.කො,ලබුකැලේ,HR1,HR1,,NBRI/NE/KTD[East]/2026/WGMSS/124),NBRI/NE/KTD[East]/2026/WGMSS/124),474/අයි,House / නිවාස,2025.11.27,,2026.07.14,Slope failures / බැවුම් අස්ථාවරවීම්,Resettle / නැවත පදිංචිකිරීම,Fully / පුර්ණහානි,0.0,,,1.0,,,,7.0,,8,,Nuwara Eliya,80.715075,7.029975
80.353652,7.173104,Kegalle,කෑගල්ල ප්රා.ලේ.කො,ගුරුල්ලවල,HR1,HR1,,ERR - KGP - 04,ERR - KGP - 04,,House / නිවාස,2025-11-27 00:00:00,,2025-12-08 00:00:00,Landslide / නායයෑම්,Resettle / නැවත පදිංචිකිරීම,Fully / පුර්ණහානි,,,,6.0,2.0,7.0,,11.0,,26,,Kegalle,80.353652,7.173104
80.350586,7.176385,Kegalle,කෑගල්ල ප්රා.ලේ.කො,"ගුරුල්ලවල, ගොඩිගමුව",HR1,HR1,,ERR - KGP - 03,ERR - KGP - 03,,House / නිවාස,2025-11-27 00:00:00,,2025-12-10 00:00:00,Landslide / නායයෑම්,Resettle / නැවත පදිංචිකිරීම,Fully / පුර්ණහානි,,,,9.0,2.0,14.0,,8.0,,33,,Kegalle,80.350586,7.176385
80.870926,7.297844,Kandy,උඩදුම්බර ප්රා.ලේ.කො,කිරිපට්ටිය,HR1,HR1,,BGS 195,BGS 195,851.0,House / නිවාස,2025-11-27 00:00:00,,2026-05-05 00:00:00,,,,,,,2.0,,,,2.0,,4,,Kandy,80.870926,7.297844
80.777759,7.159847,Nuwara Eliya,හඟුරන්කෙත ප්රා.ලේ.කො,මාදන්වල,HR1,HR1,,NBRI/NE/HKD/2026/DMCP/72),NBRI/NE/HKD/2026/DMCP/72),,House / නිවාස,2025.11.26,,2026.01.25,Slope failures / බැවුම් අස්ථාවරවීම්,Resettle / නැවත පදිංචිකිරීම,Fully / පුර්ණහානි,,,,1.0,2.0,2.0,,2.0,,7,,Nuwara Eliya,80.777759,7.159847
80.774878,7.174659,Nuwara Eliya,හඟුරන්කෙත ප්රා.ලේ.කො,දමුණුමෑය,HR1,HR1,,NBRI/NE/HKD/2026/BBW/11),NBRI/NE/HKD/2026/BBW/11),494,House / නිවාස,2025.11.27,,2026.01.23,Slope failures / බැවුම් අස්ථාවරවීම්,Resettle / නැවත පදිංචිකිරීම,Fully / පුර්ණහානි,,,,1.0,,,,,,1,,Nuwara Eliya,80.774878,7.174659
80.789001,7.153525,Nuwara Eliya,හඟුරන්කෙත ප්රා.ලේ.කො,දොඩම්කුඹුර,HR1,HR1,,NBRI/NE/HKD/2026/LY/68),NBRI/NE/HKD/2026/LY/68),,House / නිවාස,2025.11.27,,2026.01.25,Slope failures / බැවුම් අස්ථාවරවීම්,Resettle / නැවත පදිංචිකිරීම,Fully / පුර්ණහානි,,,,1.0,,,,4.0,,5,,Nuwara Eliya,80.789001,7.153525
80.681046,7.414924,Matale,උකුවෙල ප්රා.ලේ.කො,ඇල්කඩුව,HR1,HR1,,NBRO/MTL/UKUWELA/2026/EIJ/279,NBRO/MTL/UKUWELA/2026/EIJ/279,,House / නිවාස,2025-11-27 00:00:00,,2026-01-26 00:00:00,Landslide / නායයෑම්,,,,,,1.0,1.0,3.0,,4.0,4.0,13,,Matale,80.681046,7.414924
80.597241,7.457374,Matale,උකුවෙල ප්රා.ලේ.කො,කිරිමැටියාව,HR1,HR1,,NBRO/LRRMD-MAT/MTL/UKUWELA/LI/26/0776,NBRO/LRRMD-MAT/MTL/UKUWELA/LI/26/0776,,House / නිවාස,2025-11-27 00:00:00,,2026-06-05 00:00:00,"Cutting failure / කණ්ඩි අස්ථාවරවීම්, Slope failures / බැවුම් අස්ථාවරවීම්",Resettle / නැවත පදිංචිකිරීම,,,,,1.0,,,,,,1,,Matale,80.597241,7.457374
80.633687,7.414829,Matale,උකුවෙල ප්රා.ලේ.කො,ගුරලවෙල දකුණ,HR1,HR1,,NBRO/LRRMD-MAT/MTL/UKUWELA/LI/26/0785,NBRO/LRRMD-MAT/MTL/UKUWELA/LI/26/0785,,House / නිවාස,2025-11-27 00:00:00,,2026-05-11 00:00:00,Landslide / නායයෑම්,Resettle / නැවත පදිංචිකිරීම,,,,,1.0,,,,,,1,,Matale,80.633687,7.414829
80.422999,7.095946,Kegalle,බුලත්කොහුපිටිය ප්රා.ලේ.කො,දේදුගල,HR1,HR1,,LRR - BLP - 28,LRR - BLP - 28,,House / නිවාස,2025-11-28 00:00:00,,2025-12-21 00:00:00,Landslide / නායයෑම්,Resettle / නැවත පදිංචිකිරීම,Fully / පුර්ණහානි,,,,6.0,1.0,1.0,,14.0,,22,,Kegalle,80.422999,7.095946
80.573002,7.265517,Kandy,යටිනුවර ප්රා.ලේ.කො,කිරිබත්කුඹර බටහිර,HR1,HR1,,HLK/043,HLK/043,130.0,House / නිවාස,2025-11-27 00:00:00,,2026-03-30 00:00:00,Slope failures / බැවුම් අස්ථාවරවීම්,,,0.0,,,2.0,,,,,,2,,Kandy,80.573002,7.265517
80.420301,7.09525,Kegalle,බුලත්කොහුපිටිය ප්රා.ලේ.කො,දේදූගල,HR1,HR1,,LRR - BLP - 25,LRR - BLP - 25,,(වෙනත් කරුණු යටතේ සටහන් කරන්න),2025-11-28 00:00:00,,2026-01-16 00:00:00,Other / වෙනත් (වෙනත් කරුණු යටතේ සදහන් කරන්න),Resettle / නැවත පදිංචිකිරීම,Fully / පුර්ණහානි,,,,1.0,,2.0,,2.0,,5,,Kegalle,80.420301,7.09525
80.408855,7.095943,Kegalle,බුලත්කොහුපිටිය ප්රා.ලේ.කො,දේදුගල -,HR1,HR1,,LRR-BLP-09,LRR-BLP-09,131සී,House / නිවාස,2025-11-28 00:00:00,,2025-12-19 00:00:00,Slope failures / බැවුම් අස්ථාවරවීම්,Resettle / නැවත පදිංචිකිරීම,Fully / පුර්ණහානි,,,,2.0,7.0,44.0,,40.0,,93,,Kegalle,80.408855,7.095943
80.773274,7.185117,Nuwara Eliya,හඟුරන්කෙත ප්රා.ලේ.කො,දෙල්ගහපිටිය,HR1,HR1,,NBRI/NE/HKD/2026/DMCP/74),NBRI/NE/HKD/2026/DMCP/74),,House / නිවාස,,,2026.01.28,Slope failures / බැවුම් අස්ථාවරවීම්,Resettle / නැවත පදිංචිකිරීම,Fully / පුර්ණහානි,,,,1.0,,,,15.0,,16,,Nuwara Eliya,80.773274,7.185117
80.409623,7.070388,Kegalle,යටියන්තොට ප්රා.ලේ.කො,බෙරන්නාව,HR1,HR1,,LRR - YTP - 01,LRR - YTP - 01,,House / නිවාස,2025-11-27 00:00:00,11:00:00,2025-12-11 00:00:00,Landslide / නායයෑම්,Resettle / නැවත පදිංචිකිරීම,Partially / අර්ධහානි,,,,3.0,,4.0,,1.0,,8,,Kegalle,80.409623,7.070388
80.418512,7.078418,Kegalle,බුලත්කොහුපිටිය ප්රා.ලේ.කො,පුැලම්පිටිය,HR1,HR1,,LRR-BLP-07/07 -A,LRR-BLP-07/07 -A,- 131බී,House / නිවාස,2025-11-28 00:00:00,,2025-12-14 00:00:00,Landslide / නායයෑම්,Resettle / නැවත පදිංචිකිරීම,Fully / පුර්ණහානි,,,,2.0,,18.0,,13.0,1.0,34,,Kegalle,80.418512,7.078418
80.42973,7.0831,Kegalle,බුලත්කොහුපිටිය ප්රා.ලේ.කො,පැලැම්පිටිය,HR1,HR1,,LRR-BLP-06,LRR-BLP-06,- 131බී,House / නිවාස,2025-11-28 00:00:00,,2025-12-06 00:00:00,Landslide / නායයෑම්,Resettle / නැවත පදිංචිකිරීම,Fully / පුර්ණහානි,,,,1.0,3.0,2.0,,6.0,2.0,14,,Kegalle,80.42973,7.0831
80.398018,7.092164,Kegalle,බුලත්කොහුපිටිය ප්රා.ලේ.කො,නෙළුවක්කන - 131,HR1,HR1,,LRR-BLP-04,LRR-BLP-04,131,House / නිවාස,,,2025-12-13 00:00:00,Landslide / නායයෑම්,Resettle / නැවත පදිංචිකිරීම,Fully / පුර්ණහානි,,,,1.0,12.0,36.0,,14.0,,63,,Kegalle,80.398018,7.092164
80.399392,7.108363,Kegalle,බුලත්කොහුපිටිය ප්රා.ලේ.කො,උඩුව - 130,HR1,HR1,,LRR - BLP - 03,LRR - BLP - 03,130,House / නිවාස,2025-11-29 00:00:00,,2025-12-07 00:00:00,Landslide / නායයෑම්,Resettle / නැවත පදිංචිකිරීම,Fully / පුර්ණහානි,,,,2.0,3.0,9.0,,,,14,,Kegalle,80.399392,7.108363
80.413082,7.09467,Kegalle,බුලත්කොහුපිටිය ප්රා.ලේ.කො,දේදුගල - 131සී,HR1,HR1,,LRR - BLP - 02,LRR - BLP - 02,,House / නිවාස,,,2025-12-22 00:00:00,Landslide / නායයෑම්,Resettle / නැවත පදිංචිකිරීම,Fully / පුර්ණහානි,,,,5.0,,,,3.0,,8,,Kegalle,80.413082,7.09467
80.753619,7.122487,Nuwara Eliya,හඟුරන්කෙත ප්රා.ලේ.කො,මඩුමාන,HR1,HR1,,NBRI/NE/HKD/2026/SMK/105),NBRI/NE/HKD/2026/SMK/105),501 ඩී,House / නිවාස,2025.11.27,,2026.01.25,Slope failures / බැවුම් අස්ථාවරවීම්,Resettle / නැවත පදිංචිකිරීම,Fully / පුර්ණහානි,,,,1.0,,,,7.0,,8,,Nuwara Eliya,80.753619,7.122487
80.761844,7.139739,Nuwara Eliya,හඟුරන්කෙත ප්රා.ලේ.කො,මාකෙම්පේ,HR1,HR1,,NBRI/NE/HKD/2026/SMK/106),NBRI/NE/HKD/2026/SMK/106),,House / නිවාස,2025.11.27,,2026.01.25,Slope failures / බැවුම් අස්ථාවරවීම්,Resettle / නැවත පදිංචිකිරීම,Fully / පුර්ණහානි,,,,1.0,,,,4.0,,5,,Nuwara Eliya,80.761844,7.139739
80.500521,7.26469,Kandy,යටිනුවර ප්රා.ලේ.කො,මුදලිවත්ත පහළ,HR1,HR1,,HLK/052,HLK/052,,House / නිවාස,2025-11-27 00:00:00,,2026-03-30 00:00:00,Landslide / නායයෑම්,,,0.0,,,1.0,,,,,,1,,Kandy,80.500521,7.26469
80.513351,7.241316,Kegalle,මාවනැල්ල ප්රා.ලේ.කො,කහවන්දල,HR1,HR1,,LRR-MWP-43,LRR-MWP-43,26,House / නිවාස,2025-11-27 00:00:00,,2026-01-20 00:00:00,Slope failures / බැවුම් අස්ථාවරවීම්,Resettle / නැවත පදිංචිකිරීම,Fully / පුර්ණහානි,,,,1.0,,1.0,,17.0,,19,,Kegalle,80.513351,7.241316
80.320904,6.9351,Kegalle,දෙහිඕවිට ප්රා.ලේ.කො,දික් ඇල්ල,HR1,HR1,,ERR - DOP- 03,ERR - DOP- 03,119ඒ,House / නිවාස,2025-11-27 00:00:00,,2025-12-02 00:00:00,Slope failures / බැවුම් අස්ථාවරවීම්,Resettle / නැවත පදිංචිකිරීම,Fully / පුර්ණහානි,,,,2.0,,,,,,2,,Kegalle,80.320904,6.9351
80.862993,7.076957,Nuwara Eliya,වලපනේ ප්රා.ලේ.කො,මහඌව / කන්දේගම,HR1,HR1,,NBRI/NE/WLD/2026/SMK/81),NBRI/NE/WLD/2026/SMK/81),,House / නිවාස,2025-11-27 00:00:00,,2026.01.13 සහ 2026.01.14,Slope failures / බැවුම් අස්ථාවරවීම්,Resettle / නැවත පදිංචිකිරීම,Fully / පුර්ණහානි,,,,1.0,2.0,1.0,,15.0,,19,,Nuwara Eliya,80.862993,7.076957
80.514828,7.188045,Kegalle,මාවනැල්ල ප්රා.ලේ.කො,- තඹවිට,HR1,HR1,,LRR-MWP-50,LRR-MWP-50,36 ඒ,House / නිවාස,2025-11-27 00:00:00,,2026-01-21 00:00:00,Cutting failure / කණ්ඩි අස්ථාවරවීම්,Resettle / නැවත පදිංචිකිරීම,Fully / පුර්ණහානි,,,,2.0,,1.0,,13.0,,16,,Kegalle,80.514828,7.188045
80.505723,7.15698,Kegalle,මාවනැල්ල ප්රා.ලේ.කො,- හෙම්මාතගම,HR1,HR1,,LRR-MWP-49,LRR-MWP-49,33 ඒ,House / නිවාස,2025-11-28 00:00:00,,2026-01-27 00:00:00,Slope failures / බැවුම් අස්ථාවරවීම්,Resettle / නැවත පදිංචිකිරීම,Fully / පුර්ණහානි,,,,1.0,,,,,,1,,Kegalle,80.505723,7.15698
80.475967,7.183672,Kegalle,අරණායක ප්රා.ලේ.කො,හබලක්කාව,HR1,HR1,,LRR-ARP-122,LRR-ARP-122,44ඒ,House / නිවාස,2025-11-28 00:00:00,,2026-01-20 00:00:00,Landslide / නායයෑම්,Resettle / නැවත පදිංචිකිරීම,Fully / පුර්ණහානි,0.0,,,1.0,,,,1.0,,2,,Kegalle,80.475967,7.183672
80.419312,7.196062,Kegalle,අරණායක ප්රා.ලේ.කො,වත්තේගෙදර,HR1,HR1,,LRR-ARP-102,LRR-ARP-102,,House / නිවාස,2025-11-28 00:00:00,,2026-01-11 00:00:00,Slope failures / බැවුම් අස්ථාවරවීම්,Resettle / නැවත පදිංචිකිරීම,Fully / පුර්ණහානි,0.0,,,1.0,,1.0,,3.0,,5,,Kegalle,80.419312,7.196062
80.404157,7.207717,Kegalle,අරණායක ප්රා.ලේ.කො,වාකිරිගල,HR1,HR1,,LRR-ARP-95,LRR-ARP-95,16,House / නිවාස,2025-11-28 00:00:00,12:40:00,2026-01-21 00:00:00,Slope failures / බැවුම් අස්ථාවරවීම්,Resettle / නැවත පදිංචිකිරීම,Fully / පුර්ණහානි,0.0,,,2.0,,,,2.0,,4,,Kegalle,80.404157,7.207717
80.945148,7.062492,Nuwara Eliya,නිල්දණ්ඩහින්න ප්රා.ලේ.කො,කන්දේයාය,HR1,HR1,,NBRI/NE/WLD[Nildandahinna]/2026/LY/138),NBRI/NE/WLD[Nildandahinna]/2026/LY/138),427/සී,House / නිවාස,2025.11.27,,2026.03.23,Slope failures / බැවුම් අස්ථාවරවීම්,Resettle / නැවත පදිංචිකිරීම,Fully / පුර්ණහානි,,,,1.0,,,,,,1,,Nuwara Eliya,80.945148,7.062492
80.460891,7.149235,Kegalle,අරණායක ප්රා.ලේ.කො,උඩගම,HR1,HR1,,LRR-ARP-91,LRR-ARP-91,,House / නිවාස,2025-11-27 00:00:00,23:30:00,2026-01-22 00:00:00,Slope failures / බැවුම් අස්ථාවරවීම්,Resettle / නැවත පදිංචිකිරීම,Fully / පුර්ණහානි,0.0,,,1.0,,,,1.0,,2,,Kegalle,80.460891,7.149235
80.427203,7.12274,Kegalle,අරණායක ප්රා.ලේ.කො,ගංතුන උඩගම,HR1,HR1,,LRR-ARP-90,LRR-ARP-90,,House / නිවාස,2025-11-27 00:00:00,,2025-12-13 00:00:00,Landslide / නායයෑම්,Resettle / නැවත පදිංචිකිරීම,Fully / පුර්ණහානි,0.0,,,5.0,6.0,58.0,,65.0,,134,,Kegalle,80.427203,7.12274
80.778666,7.212561,Nuwara Eliya,හඟුරන්කෙත ප්රා.ලේ.කො,අධිකාරිගම,HR1,HR1,,NBRI/NE/HKD/2026/DMCP/78),NBRI/NE/HKD/2026/DMCP/78),486සී,House / නිවාස,2025.11.27,,2026.01.29,Slope failures / බැවුම් අස්ථාවරවීම්,Resettle / නැවත පදිංචිකිරීම,Fully / පුර්ණහානි,,,,1.0,,,,5.0,,6,,Nuwara Eliya,80.778666,7.212561
80.477888,7.167736,Kegalle,අරණායක ප්රා.ලේ.කො,තල්ගස්පිටිය,HR1,HR1,,LRR-ARP-78,LRR-ARP-78,,House / නිවාස,2025-11-27 00:00:00,,2026-01-10 00:00:00,Landslide / නායයෑම්,Resettle / නැවත පදිංචිකිරීම,Fully / පුර්ණහානි,0.0,,,2.0,,12.0,,,,14,,Kegalle,80.477888,7.167736
80.6842,7.11337,Kandy,දොළුව ප්රා.ලේ.කො,පුපරැස්ස,HR2,HR2,,DMLP/144,DMLP/144,1181.0,House / නිවාස,,,,Other / වෙනත් (වෙනත් කරුණු යටතේ සදහන් කරන්න),Resettle / නැවත පදිංචිකිරීම,,,,,,4.0,,,,,4,,Kandy,80.6842,7.11337
80.539241,7.307469,Kandy,හතරලියද්ද,අලුත්ගම ඉහල,HR2,HR2,NBRI/KND/HAT/2025/SUJ/007,NBRI/KND/HAT/2025/SUJ/007,NBRI/KND/HAT/2025/SUJ/007,,,,,,,,,,,,,1.0,,,,,1,,Kandy,80.539241,7.307469
80.536178,7.309218,Kandy,හතරලියද්ද,අලුත්ගම ඉහල,HR2,HR2,NBRI/KND/HAT/2025/SUJ/012,NBRI/KND/HAT/2025/SUJ/012,NBRI/KND/HAT/2025/SUJ/012,,,,,,,,,,,,,1.0,,,,,1,,Kandy,80.536178,7.309218
80.569454,7.327403,Kandy,හතරලියද්ද,වැරැල්ලගම,HR2,HR2,NBRI/KND/HAT/2025/SUJ/003,NBRI/KND/HAT/2025/SUJ/003,NBRI/KND/HAT/2025/SUJ/003,,,,,,,,,,,,,1.0,,,,,1,,Kandy,80.569454,7.327403
80.612344,7.13928,Kandy,උඩපළාත,අමුහේන හා මිල්ගස්පිටිය වසම,HR2,HR2,NBRI/KND/UDP/2025/SUJ/05,NBRI/KND/UDP/2025/SUJ/05,NBRI/KND/UDP/2025/SUJ/05,,,,,,,,,,,,,24.0,,,5.0,,29,,Kandy,80.612344,7.13928
80.561182,7.33176,Kandy,හාරිස්පත්තුව,කුරුදුගොල්ල,HR2,HR2,NBRI/KND/HRS/2025/SUJ/005,NBRI/KND/HRS/2025/SUJ/005,NBRI/KND/HRS/2025/SUJ/005,,,,,,,,,,,,,1.0,,,,,1,,Kandy,80.561182,7.33176
80.539846,7.193317,Kandy,උඩුනුවර,ගෝනාදිකාවත්ත - උඩකොටස,HR2,HR2,NBRI/KND/UDN/2025/HML/002,NBRI/KND/UDN/2025/HML/002,NBRI/KND/UDN/2025/HML/002,,,,,,,,,,,,,1.0,,,,,1,,Kandy,80.539846,7.193317
80.75404,7.38398,Kandy,පන්විල,බැද්දේගම-736,HR2,HR2,NBRI/KND/PAN/2025/HML/012,NBRI/KND/PAN/2025/HML/012,NBRI/KND/PAN/2025/HML/012,,,,,,,,,,,,,1.0,,,,,1,,Kandy,80.75404,7.38398
80.698194,7.161426,Kandy,දෙල්තොට,"ගෝනංගොඩ , 1040",HR2,HR2,NBRI / KND / DEL / 2025 / MVN / 016,NBRI / KND / DEL / 2025 / MVN / 016,NBRI / KND / DEL / 2025 / MVN / 016,,,,,,,,,,,,,4.0,5.0,,,,9,,Kandy,80.698194,7.161426
80.796223,7.370908,Kandy,මැදදුම්බර,"කොටගඟ, 741",HR2,HR2,NBRI / KND / MDB / 2025 / MVN / 023,NBRI / KND / MDB / 2025 / MVN / 023,NBRI / KND / MDB / 2025 / MVN / 023,,,,,,,,,,,,,4.0,6.0,,17.0,,27,,Kandy,80.796223,7.370908
80.443346,7.344479,Kandy,හතරලියද්ද,දේදුණුපිටිය,HR2,HR2,NBRI/KND/HAT/2025/GSL2/09,NBRI/KND/HAT/2025/GSL2/09,NBRI/KND/HAT/2025/GSL2/09,,,,,,,,,,,,,1.0,,,,,1,,Kandy,80.443346,7.344479
80.440246,7.324056,Kandy,හතරලියද්ද,දේදුණුපිටිය,HR2,HR2,NBRI/KND/HAT/2025/GSL2/10,NBRI/KND/HAT/2025/GSL2/10,NBRI/KND/HAT/2025/GSL2/10,,,,,,,,,,,,,1.0,,,,,1,,Kandy,80.440246,7.324056
80.436206,7.326691,Kandy,හතරලියද්ද,දේදුණුපිටිය,HR2,HR2,NBRI/KND/HAT/2025/GSL2/11,NBRI/KND/HAT/2025/GSL2/11,NBRI/KND/HAT/2025/GSL2/11,,,,,,,,,,,,,1.0,,,,,1,,Kandy,80.436206,7.326691
80.55518,7.160108,Kandy,උඩපළාත,ගොඩගම 1117,HR2,HR2,NBRI/KND/UDP/2025/IGSL2/021,NBRI/KND/UDP/2025/IGSL2/021,NBRI/KND/UDP/2025/IGSL2/021,,,,,,,,,,,,,1.0,,,,,1,,Kandy,80.55518,7.160108
80.618104,7.138128,Kandy,උඩපළාත,මිල්ලගස්පිටිය 1172,HR2,HR2,NBRI / KND / UDP / 2025 / IGSL / 0028,NBRI / KND / UDP / 2025 / IGSL / 0028,NBRI / KND / UDP / 2025 / IGSL / 0028,,,,,,,,,,,,,1.0,,,,,1,,Kandy,80.618104,7.138128
80.612258,7.141097,Kandy,උඩපළාත,මිල්ලගස්පිටිය 1172,HR2,HR2,NBRI / KND / UDP / 2025 / IGSL / 0029,NBRI / KND / UDP / 2025 / IGSL / 0029,NBRI / KND / UDP / 2025 / IGSL / 0029,,,,,,,,,,,,,1.0,,,,,1,,Kandy,80.612258,7.141097
80.59102,7.193438,Kandy,උඩුනුවර,වැලිගල 41,HR2,HR2,NBRI / KND / UDN / 2025 / IGSL / 0036,NBRI / KND / UDN / 2025 / IGSL / 0036,NBRI / KND / UDN / 2025 / IGSL / 0036,,,,,,,,,,,,,1.0,,,,,1,,Kandy,80.59102,7.193438
80.871152,7.314128,Kandy,උඩුදුම්බර,හාල්යාල,HR2,HR2,NBRI/KND/UDD/2025/JSB/55,NBRI/KND/UDD/2025/JSB/55,NBRI/KND/UDD/2025/JSB/55,,,,,,,,,,,,,3.0,,,3.0,,6,,Kandy,80.871152,7.314128
80.875693,7.31307,Kandy,උඩුදුම්බර,හාල්යාල,HR2,HR2,NBRI/KND/UDD/2025/JSB/56,NBRI/KND/UDD/2025/JSB/56,NBRI/KND/UDD/2025/JSB/56,,,,,,,,,,,,,6.0,1.0,,6.0,,13,,Kandy,80.875693,7.31307
80.894127,7.294652,Kandy,උඩුදුම්බර,කලල්ගමුව,HR2,HR2,NBRI/KND/UDD/2025/JSB/62,NBRI/KND/UDD/2025/JSB/62,NBRI/KND/UDD/2025/JSB/62,,,,,,,,,,,,,4.0,,,,,4,,Kandy,80.894127,7.294652
80.717712,7.140804,Kandy,දෙල්තොට,ගබඩාගම දකුණ - 1044,HR2,HR2,NBRI/KND/DEL/2025/JSB/ 60,NBRI/KND/DEL/2025/JSB/ 60,NBRI/KND/DEL/2025/JSB/ 60,,,,,,,,,,,,,11.0,,,2.0,,13,,Kandy,80.717712,7.140804
80.681897,7.225906,Kandy,පාතහේවාහැට,ලෑටියගොල්ල,HR2,HR2,NBRI/KND/PHT/2025/JSB/ 112,NBRI/KND/PHT/2025/JSB/ 112,NBRI/KND/PHT/2025/JSB/ 112,,,,,,,,,,,,,2.0,,,,,2,,Kandy,80.681897,7.225906
80.682427,7.22615,Kandy,පාතහේවාහැට,ලෑටියගොල්ල,HR2,HR2,NBRI/KND/PHT/2025/JSB/ 113,NBRI/KND/PHT/2025/JSB/ 113,NBRI/KND/PHT/2025/JSB/ 113,,,,,,,,,,,,,3.0,,,,,3,,Kandy,80.682427,7.22615
80.683068,7.226629,Kandy,පාතහේවාහැට,ලෑටියගොල්ල,HR2,HR2,NBRI/KND/PHT/2025/JSB/ 114,NBRI/KND/PHT/2025/JSB/ 114,NBRI/KND/PHT/2025/JSB/ 114,,,,,,,,,,,,,2.0,,,,,2,,Kandy,80.683068,7.226629
80.684809,7.226492,Kandy,පාතහේවාහැට,ලෑටියගොල්ල,HR2,HR2,NBRI/KND/PHT/2025/JSB/ 117,NBRI/KND/PHT/2025/JSB/ 117,NBRI/KND/PHT/2025/JSB/ 117,,,,,,,,,,,,,2.0,,,,,2,,Kandy,80.684809,7.226492
80.688214,7.220201,Kandy,පාතහේවාහැට,ලෑටියගොල්ල,HR2,HR2,NBRI/KND/PHT/2025/JSB/ 122,NBRI/KND/PHT/2025/JSB/ 122,NBRI/KND/PHT/2025/JSB/ 122,,,,,,,,,,,,,5.0,2.0,,,,7,,Kandy,80.688214,7.220201
80.683066,7.213114,Kandy,පාතහේවාහැට,යාගම,HR2,HR2,NBRI/KND/PHT/2025/JSB/ 124,NBRI/KND/PHT/2025/JSB/ 124,NBRI/KND/PHT/2025/JSB/ 124,,,,,,,,,,,,,3.0,,,,,3,,Kandy,80.683066,7.213114
80.63412,7.218505,Kandy,දොළුව,හල්ඔය,HR2,HR2,NBRI/KND/DOL/2025/HMTL/013,NBRI/KND/DOL/2025/HMTL/013,NBRI/KND/DOL/2025/HMTL/013,,,,,,,,,,,,,2.0,,,,,2,,Kandy,80.63412,7.218505
80.598608,7.092717,Kandy,උඩපළාත,දොරගල,HR2,HR2,NBRI/KND/UDP/2025/HMTL/029,NBRI/KND/UDP/2025/HMTL/029,NBRI/KND/UDP/2025/HMTL/029,,,,,,,,,,,,,1.0,18.0,,,,19,,Kandy,80.598608,7.092717
80.500668,7.379396,Kandy,තුම්පනේ,ගුණදහ,HR2,HR2,NBRI/KND/TUM/2025/HMTL/041,NBRI/KND/TUM/2025/HMTL/041,NBRI/KND/TUM/2025/HMTL/041,,,,,,,,,,,,,4.0,1.0,,2.0,,7,,Kandy,80.500668,7.379396
80.488675,7.398791,Kandy,තුම්පනේ,කොබ්බෑගල,HR2,HR2,NBRI/KND/TUM/2025/HMTL/042,NBRI/KND/TUM/2025/HMTL/042,NBRI/KND/TUM/2025/HMTL/042,,,,,,,,,,,,,2.0,2.0,,7.0,,11,,Kandy,80.488675,7.398791
80.672407,7.11951,Kandy,දොළුව,පුපුරැස්ස,HR2,HR2,NBRI/KND/ DOL/2025/DMLP/092,NBRI/KND/ DOL/2025/DMLP/092,NBRI/KND/ DOL/2025/DMLP/092,,,,,,,,,,,,,8.0,,,,,8,,Kandy,80.672407,7.11951
80.688592,7.149182,Kandy,දොළුව,පුපුරැස්ස,HR2,HR2,NBRI/KND/ DOL/2025/DMLP/045,NBRI/KND/ DOL/2025/DMLP/045,NBRI/KND/ DOL/2025/DMLP/045,,,,,,,,,,,,,5.0,,,,,5,,Kandy,80.688592,7.149182
80.621227,7.227556,Kandy,දොළුව,ගල් ඔය- 878,HR2,HR2,NBRI/KND/DOL/2025/DMLP/018,NBRI/KND/DOL/2025/DMLP/018,NBRI/KND/DOL/2025/DMLP/018,,,,,,,,,,,,,2.0,,,,,2,,Kandy,80.621227,7.227556
80.580693,7.094688,Kandy,උඩපළාත,මාවතුර,HR2,HR2,NBRI/KND/UDP/2025/HML/008,NBRI/KND/UDP/2025/HML/008,NBRI/KND/UDP/2025/HML/008,,,,,,,,,,,,,1.0,3.0,,,,4,,Kandy,80.580693,7.094688
80.711378,7.146762,Kandy,දෙල්තොට,ගබඩාගම උතුර,HR2,HR2,NBRI / KND / DEL / 2025 / MVN / 004,NBRI / KND / DEL / 2025 / MVN / 004,NBRI / KND / DEL / 2025 / MVN / 004,,,,,,,,,,,,,4.0,13.0,,24.0,18.0,59,,Kandy,80.711378,7.146762
80.655863,7.207522,Kandy,දෙල්තොට,පේරවත්ත බටහිර 981,HR2,HR2,NBRI / KND / DEL / 2025 / MVN / 012,NBRI / KND / DEL / 2025 / MVN / 012,NBRI / KND / DEL / 2025 / MVN / 012,,,,,,,,,,,,,5.0,18.0,,2.0,,25,,Kandy,80.655863,7.207522
80.680842,7.341794,Kandy,පාතදුම්බර,641 යටිරාවණ,HR2,HR2,NBRI / KND / PDM / 2025 / JSB / 043,NBRI / KND / PDM / 2025 / JSB / 043,NBRI / KND / PDM / 2025 / JSB / 043,,,,,,,,,,,,,5.0,,,,,5,,Kandy,80.680842,7.341794
80.896805,7.287327,Kandy,උඩුදුම්බර,කලල්ගමුව,HR2,HR2,NBRI / KND / UDD / 2025 / JSB / 040,NBRI / KND / UDD / 2025 / JSB / 040,NBRI / KND / UDD / 2025 / JSB / 040,,,,,,,,,,,,,2.0,,,1.0,,3,,Kandy,80.896805,7.287327
80.895303,7.286822,Kandy,උඩුදුම්බර,කලල්ගමුව,HR2,HR2,NBRI / KND / UDD / 2025 / JSB / 042,NBRI / KND / UDD / 2025 / JSB / 042,NBRI / KND / UDD / 2025 / JSB / 042,,,,,,,,,,,,,2.0,,,,,2,,Kandy,80.895303,7.286822
80.593989,7.42762,Kandy,අකුරණ,රඹුකේඇල,HR2,HR2,NBRI / KND / AKU / 2025 / JSB / 140,NBRI / KND / AKU / 2025 / JSB / 140,NBRI / KND / AKU / 2025 / JSB / 140,,,,,,,,,,,,,2.0,,,2.0,,4,,Kandy,80.593989,7.42762
80.71177,7.130695,Kandy,දෙල්තොට,ගබඩාගම දකුණ / 1044,HR2,HR2,NBRI / KND / DEL / 2025 / JSB / 057,NBRI / KND / DEL / 2025 / JSB / 057,NBRI / KND / DEL / 2025 / JSB / 057,,,,,,,,,,,,,3.0,,,,,3,,Kandy,80.71177,7.130695
80.924579,7.402155,Kandy,මිනිපේ,උඩක්තව දකුණ,HR2,HR2,NBRI/KND/MNP/2025/IBE/029,NBRI/KND/MNP/2025/IBE/029,NBRI/KND/MNP/2025/IBE/029,,,,,,,,,,,,,2.0,23.0,,,,25,,Kandy,80.924579,7.402155
80.716835,7.196807,Kandy,දෙල්තොට,බවුලාන,HR2,HR2,NBRI/KND/DEL/2025/IBE/039,NBRI/KND/DEL/2025/IBE/039,NBRI/KND/DEL/2025/IBE/039,,,,,,,,,,,,,7.0,14.0,,,,21,,Kandy,80.716835,7.196807
80.542007,7.077214,Kandy,පස්බාගෙ කෝරලේ,වරකාව-1105,HR2,HR2,NBRI/KND/PAS/2025/IBE/003,NBRI/KND/PAS/2025/IBE/003,NBRI/KND/PAS/2025/IBE/003,,,,,,,,,,,,,6.0,14.0,,,,20,,Kandy,80.542007,7.077214
80.57797,7.421144,Kandy,පුජාපිටිය,වැලිගල්ල,HR2,HR2,NBRI/KND/PJP/2025/IBE/030,NBRI/KND/PJP/2025/IBE/030,NBRI/KND/PJP/2025/IBE/030,,,,,,,,,,,,,1.0,,,,,1,,Kandy,80.57797,7.421144
80.616212,7.224748,Kandy,ගඟවට කෝරළේ,මහකන්ද,HR2,HR2,NBRI/KND/GWK/2025/JSB/028,NBRI/KND/GWK/2025/JSB/028,NBRI/KND/GWK/2025/JSB/028,,,,,,,,,,,,,3.0,8.0,,2.0,,13,,Kandy,80.616212,7.224748
80.639653,7.260162,Kandy,ගඟවට කෝරළේ,හීරස්සගල,HR2,HR2,NBRI/KND/GWK/2025/JSB/021,NBRI/KND/GWK/2025/JSB/021,NBRI/KND/GWK/2025/JSB/021,,,,,,,,,,,,,3.0,10.0,,,,13,,Kandy,80.639653,7.260162
80.479441,7.097688,Kandy,ගඟඉහළ කෝරලේ,අළුගොල්ල,HR2,HR2,NBRI/KND/GIK/2025/UIJ/80,NBRI/KND/GIK/2025/UIJ/80,NBRI/KND/GIK/2025/UIJ/80,,,,,,,,,,,,,3.0,12.0,,6.0,,21,,Kandy,80.479441,7.097688
80.712502,7.210035,Kandy,පාතහේවාහැට,බව්ලාන,HR2,HR2,NBRI/KND/PHT/2025/JSB/ 094,NBRI/KND/PHT/2025/JSB/ 094,NBRI/KND/PHT/2025/JSB/ 094,,,,,,,,,,,,,2.0,,,10.0,,12,,Kandy,80.712502,7.210035
80.715044,7.2405,Kandy,පාතහේවාහැට,බව්ලාන,HR2,HR2,NBRI/KND/PHT/2025/JSB/ 095,NBRI/KND/PHT/2025/JSB/ 095,NBRI/KND/PHT/2025/JSB/ 095,,,,,,,,,,,,,2.0,,,,,2,,Kandy,80.715044,7.2405
80.685624,7.227051,Kandy,පාතහේවාහැට,ලෑටියගොල්ල,HR2,HR2,NBRI/KND/PHT/2025/JSB/ 111,NBRI/KND/PHT/2025/JSB/ 111,NBRI/KND/PHT/2025/JSB/ 111,,,,,,,,,,,,,3.0,,,,,3,,Kandy,80.685624,7.227051
80.524402,7.253913,Kandy,යටිනුවර,කඩවත්ගම 204,HR2,HR2,NBRI/KND/YTI/2025/UIJ/65,NBRI/KND/YTI/2025/UIJ/65,NBRI/KND/YTI/2025/UIJ/65,,,,,,,,,,,,,22.0,12.0,,12.0,,46,,Kandy,80.524402,7.253913
80.62546,7.395589,Kandy,අකුරණ,කොනකළගල  - 581,HR2,HR2,NBRI/KND/AKU/2025/UIJ/78,NBRI/KND/AKU/2025/UIJ/78,NBRI/KND/AKU/2025/UIJ/78,,,,,,,,,,,,,2.0,,,,,2,,Kandy,80.62546,7.395589
80.499714,7.084103,Kandy,ගඟඉහළ කෝරලේ,රාක්ෂාව-1053,HR2,HR2,NBRI/KND/GIK/2025/UIJ/18,NBRI/KND/GIK/2025/UIJ/18,NBRI/KND/GIK/2025/UIJ/18,,,,,,,,,,,,,3.0,,,,,3,,Kandy,80.499714,7.084103
80.560777,7.112667,Kandy,ගඟඉහළ කෝරලේ,උලපනේ උතුර - 1071,HR2,HR2,NBRI/KND/GIK/2025/UIJ/76,NBRI/KND/GIK/2025/UIJ/76,NBRI/KND/GIK/2025/UIJ/76,,,,,,,,,,,,,3.0,14.0,,12.0,,29,,Kandy,80.560777,7.112667
80.510324,7.094625,Kandy,ගඟඉහළ කෝරලේ,උඩහේන්තැන්න - 1055,HR2,HR2,NBRI/KND/GIK/2025/UIJ/77,NBRI/KND/GIK/2025/UIJ/77,NBRI/KND/GIK/2025/UIJ/77,,,,,,,,,,,,,5.0,8.0,,48.0,,61,,Kandy,80.510324,7.094625
80.835398,7.288198,Kandy,මැදදුම්බර,මාංගොඩ,HR2,HR2,NBRI/KND/MDB/2025/IBE/025,NBRI/KND/MDB/2025/IBE/025,NBRI/KND/MDB/2025/IBE/025,,,,,,,,,,,,,2.0,2.0,,,,4,,Kandy,80.835398,7.288198
80.826251,7.295085,Kandy,මැදදුම්බර,මාංගොඩ,HR2,HR2,NBRI/KND/MDB/2025/IBE/026,NBRI/KND/MDB/2025/IBE/026,NBRI/KND/MDB/2025/IBE/026,,,,,,,,,,,,,2.0,3.0,,7.0,,12,,Kandy,80.826251,7.295085
80.682067,7.35287,Kandy,පාතදුම්බර,වත්තේගම,HR2,HR2,NRBI-KND-PDM-2025-AW-007,NRBI-KND-PDM-2025-AW-007,NRBI-KND-PDM-2025-AW-007,,,,,,,,,,,,,2.0,2.0,,2.0,,6,,Kandy,80.682067,7.35287
80.67543,7.35506,Kandy,පාතදුම්බර,වත්තේගම,HR2,HR2,NRBI-KND-PDM-2025-AW-011,NRBI-KND-PDM-2025-AW-011,NRBI-KND-PDM-2025-AW-011,,,,,,,,,,,,,2.0,,,3.0,,5,,Kandy,80.67543,7.35506
80.67779,7.350498,Kandy,පාතදුම්බර,වත්තේගම,HR2,HR2,NRBI-KND-PDM-2025-AW-015,NRBI-KND-PDM-2025-AW-015,NRBI-KND-PDM-2025-AW-015,,,,,,,,,,,,,2.0,,,,,2,,Kandy,80.67779,7.350498
80.690834,7.351477,Kandy,පාතදුම්බර,ගුනන්බිල්,HR2,HR2,NRBI-KND-PDM-2025-AW-016,NRBI-KND-PDM-2025-AW-016,NRBI-KND-PDM-2025-AW-016,,,,,,,,,,,,,3.0,1.0,,,,4,,Kandy,80.690834,7.351477
80.51475,7.137784,Kandy,ගඟඉහළ කෝරලේ,කරගල,HR2,HR2,,,,,,,,,,,,,,,,1.0,,,,,1,,Kandy,80.51475,7.137784
80.514927,7.137619,Kandy,ගඟඉහළ කෝරලේ,කරගල,HR2,HR2,,,,,,,,,,,,,,,,1.0,,,,,1,,Kandy,80.514927,7.137619
80.610592,7.149692,Kandy,දොළුව,මිල්ලගහමූල,HR2,HR2,NBRI/KND/DOL/2025/DMLP/028,NBRI/KND/DOL/2025/DMLP/028,NBRI/KND/DOL/2025/DMLP/028,,,,,,,,,,,,,4.0,,,4.0,,8,,Kandy,80.610592,7.149692
80.688597,7.149182,Kandy,දොළුව,පිටවල,HR2,HR2,NBRI/KND/DOL/2025/DMLP/2025/046,NBRI/KND/DOL/2025/DMLP/2025/046,NBRI/KND/DOL/2025/DMLP/2025/046,,,,,,,,,,,,,51.0,,,6.0,,57,,Kandy,80.688597,7.149182
80.63459,7.249628,Kandy,පාතහේවාහැට,උඩුවෙල උඩුගම,HR2,HR2,,,,,,,,,,,,,,,,1.0,,,,,1,,Kandy,80.63459,7.249628
80.634666,7.249734,Kandy,පාතහේවාහැට,උඩුවෙල උඩුගම,HR2,HR2,,,,,,,,,,,,,,,,1.0,,,,,1,,Kandy,80.634666,7.249734
80.634688,7.249864,Kandy,පාතහේවාහැට,උඩුවෙල උඩුගම,HR2,HR2,,,,,,,,,,,,,,,,1.0,,,,,1,,Kandy,80.634688,7.249864
80.634582,7.249761,Kandy,පාතහේවාහැට,උඩුවෙල උඩුගම,HR2,HR2,,,,,,,,,,,,,,,,1.0,,,,,1,,Kandy,80.634582,7.249761
80.634517,7.249657,Kandy,පාතහේවාහැට,උඩුවෙල උඩුගම,HR2,HR2,,,,,,,,,,,,,,,,1.0,,,,,1,,Kandy,80.634517,7.249657
80.557515,7.121773,Kandy,ගඟඉහළ කෝරලේ,උඩගම,HR2,HR2,NBRI/KND/GIK/2025/UIJ/015,NBRI/KND/GIK/2025/UIJ/015,NBRI/KND/GIK/2025/UIJ/015,,,,,,,,,,,,,3.0,10.0,,37.0,,50,,Kandy,80.557515,7.121773
80.502619,7.105802,Kandy,ගඟඉහළ කෝරලේ,උඩුවැල්ල,HR2,HR2,NBRI/KND/GIK/2025/UIJ/035,NBRI/KND/GIK/2025/UIJ/035,NBRI/KND/GIK/2025/UIJ/035,,,,,,,,,,,,,15.0,,,5.0,,20,,Kandy,80.502619,7.105802
80.732155,7.201337,Kandy,පාතහේවාහැට,ඕලුවාවත්ත,HR2,HR2,NBRI/KND/PHT/2025/SUJ/004,NBRI/KND/PHT/2025/SUJ/004,NBRI/KND/PHT/2025/SUJ/004,,,,,,,,,,,,,5.0,,,2.0,,7,,Kandy,80.732155,7.201337
80.735019,7.202226,Kandy,පාතහේවාහැට,ඕලුවාවත්ත,HR2,HR2,NBRI/KND/PHT/2025/SUJ/007,NBRI/KND/PHT/2025/SUJ/007,NBRI/KND/PHT/2025/SUJ/007,,,,,,,,,,,,,1.0,,,,,1,,Kandy,80.735019,7.202226
80.506552,7.282306,Kandy,තුම්පනේ,"අඹගහ හේන, 371",HR2,HR2,NBRI/KND/TUM/2025/SUJ/003,NBRI/KND/TUM/2025/SUJ/003,NBRI/KND/TUM/2025/SUJ/003,,,,,,,,,,,,,2.0,,,3.0,,5,,Kandy,80.506552,7.282306
80.527024,7.382639,Kandy,තුම්පනේ,"දෙල්ගස් යාය, 307",HR2,HR2,NBRI/KND/TUM/2025/SUJ/007,NBRI/KND/TUM/2025/SUJ/007,NBRI/KND/TUM/2025/SUJ/007,,,,,,,,,,,,,3.0,,,1.0,,4,,Kandy,80.527024,7.382639
80.531895,7.380733,Kandy,තුම්පනේ,"දෙලිගස් යාය, 307",HR2,HR2,NBRI/KND/TUM/2025/SUJ/009,NBRI/KND/TUM/2025/SUJ/009,NBRI/KND/TUM/2025/SUJ/009,,,,,,,,,,,,,2.0,,,,,2,,Kandy,80.531895,7.380733
80.5318,7.381311,Kandy,තුම්පනේ,"දෙල්ගස් යාය, 307",HR2,HR2,NBRI/KND/TUM/2025/SUJ/010,NBRI/KND/TUM/2025/SUJ/010,NBRI/KND/TUM/2025/SUJ/010,,,,,,,,,,,,,2.0,,,,,2,,Kandy,80.5318,7.381311
80.486844,7.084908,Kandy,ගඟඉහළ කෝරලේ,රක්ෂාව - 1053,HR2,HR2,NBRI/KND/GIK/2025/UIJ/84,NBRI/KND/GIK/2025/UIJ/84,NBRI/KND/GIK/2025/UIJ/84,,,,,,,,,,,,,3.0,8.0,,6.0,,17,,Kandy,80.486844,7.084908
80.494044,7.111391,Kandy,ගඟඉහළ කෝරලේ,උඩුවැල්ල 1052,HR2,HR2,NBRI/KND/GIK/2025/UIJ/085,NBRI/KND/GIK/2025/UIJ/085,NBRI/KND/GIK/2025/UIJ/085,,,,,,,,,,,,,8.0,7.0,,9.0,,24,,Kandy,80.494044,7.111391
80.57391,7.403718,Kandy,පුජාපිටිය,ගොඩහේන - 521,HR2,HR2,NBRI/KND/PJP/2025/UIJ/67,NBRI/KND/PJP/2025/UIJ/67,NBRI/KND/PJP/2025/UIJ/67,,,,,,,,,,,,,13.0,4.0,,12.0,,29,,Kandy,80.57391,7.403718
80.719808,7.264621,Kandy,ගගවටකෝරළේ,ගුරුදෙණිය නැගෙනහිර,HR2,HR2,NBRI/KND/GWK/2025/JSB/147,NBRI/KND/GWK/2025/JSB/147,NBRI/KND/GWK/2025/JSB/147,,,,,,,,,,,,,1.0,,,,,1,,Kandy,80.719808,7.264621
80.662362,7.277167,Kandy,ගගවටකෝරළේ,"තැන්නේකුඹුර, 275",HR2,HR2,NBRI/KND/GWK/2025/JSB/‍151,NBRI/KND/GWK/2025/JSB/‍151,NBRI/KND/GWK/2025/JSB/‍151,,,,,,,,,,,,,1.0,,,,,1,,Kandy,80.662362,7.277167
80.66237,7.27716,Kandy,ගගවටකෝරළේ,"තැන්නේකුඹුර, 275",HR2,HR2,NBRI/KND/GWK/2025/JSB/‍152,NBRI/KND/GWK/2025/JSB/‍152,NBRI/KND/GWK/2025/JSB/‍152,,,,,,,,,,,,,1.0,,,,,1,,Kandy,80.66237,7.27716
80.637567,7.285269,Kandy,ගගවටකෝරළේ,"මල්වත්ත, 254",HR2,HR2,NBRI/KND/GWK/2025/JSB/‍154,NBRI/KND/GWK/2025/JSB/‍154,NBRI/KND/GWK/2025/JSB/‍154,,,,,,,,,,,,,1.0,2.0,,,,3,,Kandy,80.637567,7.285269
80.743829,7.178293,Kandy,දෙල්තොට,කොළඹිස්ස නැඟෙනහිර,HR2,HR2,NBRI/KND/DEL/2025/JSB/161,NBRI/KND/DEL/2025/JSB/161,NBRI/KND/DEL/2025/JSB/161,,,,,,,,,,,,,1.0,,,1.0,,2,,Kandy,80.743829,7.178293
80.743843,7.178594,Kandy,දෙල්තොට,කොළඹිස්ස නැඟෙනහිර,HR2,HR2,NBRI/KND/DEL/2025/JSB/160,NBRI/KND/DEL/2025/JSB/160,NBRI/KND/DEL/2025/JSB/160,,,,,,,,,,,,,1.0,,,,,1,,Kandy,80.743843,7.178594
80.658566,7.23381,Kandy,පාතහේවාහැට,"ඇතුල්ගම බටහිර, 966",HR2,HR2,NBRI/KND/PHT/2025/JSB/180,NBRI/KND/PHT/2025/JSB/180,NBRI/KND/PHT/2025/JSB/180,,,,,,,,,,,,,1.0,,,,,1,,Kandy,80.658566,7.23381
80.658791,7.233046,Kandy,පාතහේවාහැට,"ඇතුල්ගම බටහිර, 966",HR2,HR2,NBRI/KND/PHT/2025/JSB/181,NBRI/KND/PHT/2025/JSB/181,NBRI/KND/PHT/2025/JSB/181,,,,,,,,,,,,,1.0,1.0,,,,2,,Kandy,80.658791,7.233046
80.682774,7.246346,Kandy,පාතහේවාහැට,"බටගල්ල, 959",HR2,HR2,NBRI/KND/PHT/2025/JSB/187,NBRI/KND/PHT/2025/JSB/187,NBRI/KND/PHT/2025/JSB/187,,,,,,,,,,,,,1.0,,,1.0,,2,,Kandy,80.682774,7.246346
80.6827,7.24633,Kandy,පාතහේවාහැට,"බටගල්ල, 959",HR2,HR2,NBRI/KND/PHT/2025/JSB/188,NBRI/KND/PHT/2025/JSB/188,NBRI/KND/PHT/2025/JSB/188,,,,,,,,,,,,,2.0,,,1.0,,3,,Kandy,80.6827,7.24633
80.593645,7.428666,Kandy,අකුරණ,රඹුකේඇල,HR2,HR2,NBRI/KND/AKU/2025/IBE /043,NBRI/KND/AKU/2025/IBE /043,NBRI/KND/AKU/2025/IBE /043,,,,,,,,,,,,,1.0,,,,,1,,Kandy,80.593645,7.428666
80.65419,7.137429,Kandy,දොළුව,රජතලාව,HR2,HR2,NBRI/KND/DOL/2025/IBE /072,NBRI/KND/DOL/2025/IBE /072,NBRI/KND/DOL/2025/IBE /072,,,,,,,,,,,,,1.0,,,,,1,,Kandy,80.65419,7.137429
80.796096,7.346844,Kandy,මැදදුම්බර,රංගල  791,HR2,HR2,NBRI/KND/MDB/2025/IBE /037,NBRI/KND/MDB/2025/IBE /037,NBRI/KND/MDB/2025/IBE /037,,,,,,,,,,,,,2.0,,,,,2,,Kandy,80.796096,7.346844
80.634278,7.249689,Kandy,පාතහේවාහැට,උඩුවෙල උඩුගම,HR2,HR2,,,,,,,,,,,,,,,,1.0,,,,,1,,Kandy,80.634278,7.249689
80.634401,7.249603,Kandy,පාතහේවාහැට,උඩුවෙල උඩුගම,HR2,HR2,,,,,,,,,,,,,,,,1.0,,,,,1,,Kandy,80.634401,7.249603
80.63442,7.249659,Kandy,පාතහේවාහැට,උඩුවෙල උඩුගම,HR2,HR2,,,,,,,,,,,,,,,,1.0,,,,,1,,Kandy,80.63442,7.249659
80.548722,7.086572,Kandy,පස්බාගේ කෝරළේ,"පල්ලේගම, 1104",HR2,HR2,NBRI/KND/PAS/2025/UIJ/97,NBRI/KND/PAS/2025/UIJ/97,NBRI/KND/PAS/2025/UIJ/97,,,,,,,,,,,,,4.0,8.0,,9.0,,21,,Kandy,80.548722,7.086572
80.525693,7.051524,Kandy,පස්බාගේ කෝරළේ,"නාවලපිටිය උතුර, 1087",HR2,HR2,NBRI/KND/PAS/2025/UIJ/98,NBRI/KND/PAS/2025/UIJ/98,NBRI/KND/PAS/2025/UIJ/98,,,,,,,,,,,,,1.0,2.0,,13.0,,16,,Kandy,80.525693,7.051524
80.529949,7.0512,Kandy,පස්බාගේ කෝරළේ,"නාවලපිටිය දකුණ, 1086",HR2,HR2,NBRI/KND/PAS/2025/UIJ/99,NBRI/KND/PAS/2025/UIJ/99,NBRI/KND/PAS/2025/UIJ/99,,,,,,,,,,,,,2.0,3.0,,4.0,,9,,Kandy,80.529949,7.0512
80.529848,7.056224,Kandy,පස්බාගේ කෝරළේ,"නාවලපිටිය දකුණ, 1086",HR2,HR2,NBRI/KND/PAS/2025/UIJ/101,NBRI/KND/PAS/2025/UIJ/101,NBRI/KND/PAS/2025/UIJ/101,,,,,,,,,,,,,3.0,,,2.0,,5,,Kandy,80.529848,7.056224
80.557731,7.146524,Kandy,ගඟඉහළ කෝරලේ,"හැරකොල, වල්ලහගොඩ",HR2,HR2,NBRI / KND / GIK / 2025 / SUJ / 001,NBRI / KND / GIK / 2025 / SUJ / 001,NBRI / KND / GIK / 2025 / SUJ / 001,,,,,,,,,,,,,1.0,,,,,1,,Kandy,80.557731,7.146524
80.698435,7.238357,Kandy,පාතහේවාහැට,බුටාවත්ත,HR2,HR2,NBRI/KND/PHT/2025/JSB/193,NBRI/KND/PHT/2025/JSB/193,NBRI/KND/PHT/2025/JSB/193,,,,,,,,,,,,,1.0,,,,,1,,Kandy,80.698435,7.238357
80.70929,7.226593,Kandy,පාතහේවාහැට,වෙලේගම,HR2,HR2,NBRI/KND/PHT/2025/JSB/199,NBRI/KND/PHT/2025/JSB/199,NBRI/KND/PHT/2025/JSB/199,,,,,,,,,,,,,1.0,,,,,1,,Kandy,80.70929,7.226593
80.687201,7.176954,Kandy,දෙල්තොට,සුදුවැල්ල,HR2,HR2,NBRI / KND /DEL /2025/ JSB/ 036,NBRI / KND /DEL /2025/ JSB/ 036,NBRI / KND /DEL /2025/ JSB/ 036,,,,,,,,,,,,,1.0,,,12.0,,13,,Kandy,80.687201,7.176954
80.735361,7.193678,Kandy,පාතහේවාහැට,1018 -බෝපිටිය,HR2,HR2,NBRI / KND / PHT/2025/ DMLP/ 135,NBRI / KND / PHT/2025/ DMLP/ 135,NBRI / KND / PHT/2025/ DMLP/ 135,,,,,,,,,,,,,1.0,,,,,1,,Kandy,80.735361,7.193678
80.861597,7.354668,Kandy,උඩදුම්බර,කන්දේගම,HR2,HR2,NBRI/KND/UDD/2025/AW/061,NBRI/KND/UDD/2025/AW/061,NBRI/KND/UDD/2025/AW/061,,,,,,,,,,,,,2.0,9.0,,9.0,,20,,Kandy,80.861597,7.354668
80.47844,7.301222,Kandy,හතරලියද්ද,අලගල්ල ඉහල,HR2,HR2,NBRI/KND/HAT/2025/SUJ/035,NBRI/KND/HAT/2025/SUJ/035,NBRI/KND/HAT/2025/SUJ/035,,,,,,,,,,,,,1.0,,,,,1,,Kandy,80.47844,7.301222
80.603224,7.20736,Kandy,උඩපලාත,එගොඩ කළුගමුව,HR2,HR2,NBRI/KND/UDP/2025/MVN/0049,NBRI/KND/UDP/2025/MVN/0049,NBRI/KND/UDP/2025/MVN/0049,,,,,,,,,,,,,1.0,19.0,,37.0,,57,,Kandy,80.603224,7.20736
80.884727,7.319855,Kandy,උඩුදුම්බර,කිරිගංකුඹුර,HR2,HR2,NBRI/KND/UDD/2025/SUJ/001,NBRI/KND/UDD/2025/SUJ/001,NBRI/KND/UDD/2025/SUJ/001,,,,,,,,,,,,,1.0,,,,,1,,Kandy,80.884727,7.319855
80.59701,7.146406,Kandy,උඩපළාත,වත්තේහේන 1170,HR2,HR2,NBRI / KND / UDP / 2025/ HML /017,NBRI / KND / UDP / 2025/ HML /017,NBRI / KND / UDP / 2025/ HML /017,,,,,,,,,,,,,1.0,,,,,1,,Kandy,80.59701,7.146406
80.770434,7.384242,Kandy,පන්විල,ගෝමරය - 738,HR2,HR2,NBRI / KND / PAN/ 2025/ HML /025,NBRI / KND / PAN/ 2025/ HML /025,NBRI / KND / PAN/ 2025/ HML /025,,,,,,,,,,,,,1.0,,,,2.0,3,,Kandy,80.770434,7.384242
80.856232,7.421211,Kandy,ගඟ ඉහල කෝරලේ,ගල්හින්න -524,HR2,HR2,NBRI / KND /G​IK  / 2025 /UIJ / 109,NBRI / KND /G​IK  / 2025 /UIJ / 109,NBRI / KND /G​IK  / 2025 /UIJ / 109,,,,,,,,,,,,,1.0,,,,,1,,Kandy,80.856232,7.421211
80.532618,7.140282,Kandy,ගඟ ඉහල කෝරලේ,පොල්මලගම-1062,HR2,HR2,NBRI / KND /GIK / 2025 /UIJ / 110,NBRI / KND /GIK / 2025 /UIJ / 110,NBRI / KND /GIK / 2025 /UIJ / 110,,,,,,,,,,,,,1.0,,,,,1,,Kandy,80.532618,7.140282
80.538686,7.362061,Kandy,තුම්පනේ,326- ඈතමුල්ල,HR2,HR2,NBRI / KND /TUM/ 2025 /UIJ / 129,NBRI / KND /TUM/ 2025 /UIJ / 129,NBRI / KND /TUM/ 2025 /UIJ / 129,,,,,,,,,,,,,1.0,,,,,1,,Kandy,80.538686,7.362061
80.541822,7.148815,Kandy,ගග ඉහල කෝරලේ,ගල්පාය-1066,HR2,HR2,NBRI / KND /GIK/ 2025 /UIJ / 136,NBRI / KND /GIK/ 2025 /UIJ / 136,NBRI / KND /GIK/ 2025 /UIJ / 136,,,,,,,,,,,,,1.0,,,,,1,,Kandy,80.541822,7.148815
80.578416,7.387155,Kandy,පූජාපිටිය,මැදගොඩ  -513,HR2,HR2,NBRI / KND /PJP/ 2025 /UIJ / 141,NBRI / KND /PJP/ 2025 /UIJ / 141,NBRI / KND /PJP/ 2025 /UIJ / 141,,,,,,,,,,,,,1.0,,,,,1,,Kandy,80.578416,7.387155
80.697861,7.161754,Kandy,දෙල්තොට,පට්ටියගම,HR2,HR2,NBRI / KND /DEL  / 2025 /DMLP  / 146,NBRI / KND /DEL  / 2025 /DMLP  / 146,NBRI / KND /DEL  / 2025 /DMLP  / 146,,,,,,,,,,,,,1.0,,,,,1,,Kandy,80.697861,7.161754
80.677772,7.187735,Kandy,දෙල්තොට,උඩදෙල්‍තොට,HR2,HR2,KN/KND/DEL/2025/JSB/034,KN/KND/DEL/2025/JSB/034,KN/KND/DEL/2025/JSB/034,,,,,,,,,,,,,2.0,,,8.0,,10,,Kandy,80.677772,7.187735
80.809554,7.233266,Kandy,මැදදුම්බර,තැන්නලන්ද,HR2,HR2,NBRI / KND /MDB/ 2025 /IBE / 077,NBRI / KND /MDB/ 2025 /IBE / 077,NBRI / KND /MDB/ 2025 /IBE / 077,,,,,,,,,,,,,1.0,,,,,1,,Kandy,80.809554,7.233266
80.893842,7.418484,Kandy,මිනිපේ,උඩගලදෙබොක්ක,HR2,HR2,NBRI / KND /MNP/ 2025 /IBE / 081,NBRI / KND /MNP/ 2025 /IBE / 081,NBRI / KND /MNP/ 2025 /IBE / 081,,,,,,,,,,,,,39.0,,,,,39,,Kandy,80.893842,7.418484
80.678796,7.145245,Kandy,දොළුව,උඩුදෙනිය,HR2,HR2,NBRI/KND/DOL/2025/MVN/0033,NBRI/KND/DOL/2025/MVN/0033,NBRI/KND/DOL/2025/MVN/0033,,,,,,,,,,,,,2.0,1.0,,8.0,3.0,14,,Kandy,80.678796,7.145245
80.525636,7.257878,Kandy,යටිනුවර,කඩවත්ගම සහ කඩුගන්නාව නගරය,HR2,HR2,NBRI/KND/YTI/2025/MVN/0040,NBRI/KND/YTI/2025/MVN/0040,NBRI/KND/YTI/2025/MVN/0040,,,,,,,,,,,,,1.0,,,,,1,,Kandy,80.525636,7.257878
80.681023,7.112884,Kandy,දොළුව,"පුපරැස්ස, 1181",HR2,HR2,NBRI/KND/DOL/2025/DMLP/142,NBRI/KND/DOL/2025/DMLP/142,NBRI/KND/DOL/2025/DMLP/142,,,,,,,,,,,,,1.0,,,,,1,,Kandy,80.681023,7.112884
80.684381,7.11181,Kandy,දොළුව,"පුපරැස්ස, 1181",HR2,HR2,NBRI/KND/DOL/2025/DMLP/143,NBRI/KND/DOL/2025/DMLP/143,NBRI/KND/DOL/2025/DMLP/143,,,,,,,,,,,,,1.0,,,8.0,,9,,Kandy,80.684381,7.11181
80.684228,7.11337,Kandy,දොළුව,"පුපරැස්ස, 1181",HR2,HR2,NBRI/KND/DOL/2025/DMLP/144,NBRI/KND/DOL/2025/DMLP/144,NBRI/KND/DOL/2025/DMLP/144,,,,,,,,,,,,,1.0,,,14.0,,15,,Kandy,80.684228,7.11337
80.735278,7.170278,Kandy,දෙල්තොට,නවනැලිය,HR2,HR2,NBRI/KND/ DEL /2025/ JSB / 225,NBRI/KND/ DEL /2025/ JSB / 225,NBRI/KND/ DEL /2025/ JSB / 225,,,,,,,,,,,,,1.0,,,,,1,,Kandy,80.735278,7.170278
80.824888,7.300297,Kandy,මැදදුම්බර,803- නමදගල,HR2,HR2,NBRI / KND / MDB / 2025 / IBE /111 DB,NBRI / KND / MDB / 2025 / IBE /111 DB,NBRI / KND / MDB / 2025 / IBE /111 DB,,,,,,,,,,,,,1.0,,,,,1,,Kandy,80.824888,7.300297
80.445174,7.096724,Kandy,ගග ඉහල කෝරලේ,කෙලිගෘෘප් 1049,HR2,HR2,NBRI / KND / GIK / 2025 / UIJ /146,NBRI / KND / GIK / 2025 / UIJ /146,NBRI / KND / GIK / 2025 / UIJ /146,,,,,,,,,,,,,1.0,,,,,1,,Kandy,80.445174,7.096724
80.576267,7.414329,Kandy,පූජාපිටිය,බටගොල්ලාදෙණිය 527,HR2,HR2,NBRI / KND / PJP / 2025 / UIJ /154,NBRI / KND / PJP / 2025 / UIJ /154,NBRI / KND / PJP / 2025 / UIJ /154,,,,,,,,,,,,,1.0,,,,,1,,Kandy,80.576267,7.414329
80.687855,7.183114,Kandy,දෙල්තොට,979 - සුදුවැල්ල,HR2,HR2,NBRI/KND/DEL/2025/JSB/236,NBRI/KND/DEL/2025/JSB/236,NBRI/KND/DEL/2025/JSB/236,,,,,,,,,,,,,1.0,,,,,1,,Kandy,80.687855,7.183114
80.67733,7.186829,Kandy,දෙල්තොට,උඩදෙල්තොට,HR2,HR2,NBRI/KND/DEL/2025/JSB/238,NBRI/KND/DEL/2025/JSB/238,NBRI/KND/DEL/2025/JSB/238,,,,,,,,,,,,,1.0,,,,,1,,Kandy,80.67733,7.186829
80.677457,7.188118,Kandy,දෙල්තොට,උඩදෙල්තොට,HR2,HR2,NBRI/KND/DEL/2025/JSB/240,NBRI/KND/DEL/2025/JSB/240,NBRI/KND/DEL/2025/JSB/240,,,,,,,,,,,,,1.0,,,,,1,,Kandy,80.677457,7.188118
80.669045,7.200943,Kandy,දෙල්තොට,උඩදෙල්තොට,HR2,HR2,NBRI/KND/DEL/2025/JSB/241,NBRI/KND/DEL/2025/JSB/241,NBRI/KND/DEL/2025/JSB/241,,,,,,,,,,,,,1.0,,,,,1,,Kandy,80.669045,7.200943
80.58762,7.392863,Kandy,පූජාපිටිය,දොලපිහිල්ල - උතුර - 518,HR2,HR2,NBRI/KND/PJP/2025/UIJ/161,NBRI/KND/PJP/2025/UIJ/161,NBRI/KND/PJP/2025/UIJ/161,,,,,,,,,,,,,1.0,,,,,1,,Kandy,80.58762,7.392863
80.558355,7.125172,Kandy,ගඟ ඉහළ කෝරළේ,තැඹිලිගල,HR2,HR2,NBRI/KND/GIK/2025/SUJ/027,NBRI/KND/GIK/2025/SUJ/027,NBRI/KND/GIK/2025/SUJ/027,,,,,,,,,,,,,7.0,,,,,7,,Kandy,80.558355,7.125172
80.541365,7.388684,Kandy,පූජාපිටිය,හරන්කහව,HR2,HR2,NBRI/KND /PJP/ 2025 /UIJ / 148,NBRI/KND /PJP/ 2025 /UIJ / 148,NBRI/KND /PJP/ 2025 /UIJ / 148,,,,,,,,,,,,,1.0,,,,,1,,Kandy,80.541365,7.388684
80.769876,7.349456,Kandy,මැදදුම්බර,"753,රන්දිවෙල",HR2,HR2,NBRI / KND /MDB/ 2025 /IBE / 093,NBRI / KND /MDB/ 2025 /IBE / 093,NBRI / KND /MDB/ 2025 /IBE / 093,,,,,,,,,,,,,1.0,,,,,1,,Kandy,80.769876,7.349456
80.623056,7.133505,Kandy,උඩපළාත,"ඉහළම ,පාර දෙක",HR2,HR2,NBRI/ KND /HRS/ 2025 /IGSL / 048,NBRI/ KND /HRS/ 2025 /IGSL / 048,NBRI/ KND /HRS/ 2025 /IGSL / 048,,,,,,,,,,,,,1.0,,,,,1,,Kandy,80.623056,7.133505
80.790764,7.327362,Kandy,මැදදුම්බර,ගොඩමුන්න,HR2,HR2,NBRI/KND/MDB/2025/AW/082,NBRI/KND/MDB/2025/AW/082,NBRI/KND/MDB/2025/AW/082,,,,,,,,,,,,,3.0,,,1.0,,4,,Kandy,80.790764,7.327362
80.555571,7.126626,Kandy,ගඟ ඉහල කෝරලේ,තැඹිලිගල -1070,HR2,HR2,NBRI / KND / GIK / 2025 /UIJ / 104,NBRI / KND / GIK / 2025 /UIJ / 104,NBRI / KND / GIK / 2025 /UIJ / 104,,,,,,,,,,,,,1.0,,,,,1,,Kandy,80.555571,7.126626
80.575092,7.386393,Kandy,පූජාපිටිය,මඳගොඩ -513,HR2,HR2,BRI / KND /PJP  / 2025 /UIJ / 107,BRI / KND /PJP  / 2025 /UIJ / 107,BRI / KND /PJP  / 2025 /UIJ / 107,,,,,,,,,,,,,1.0,,,,,1,,Kandy,80.575092,7.386393
80.583481,7.303681,Kandy,හාරිස්පත්තුව,මහතැන්න,HR2,HR2,NBRI/KND/HRS/2025/IBE/0108,NBRI/KND/HRS/2025/IBE/0108,NBRI/KND/HRS/2025/IBE/0108,,,,,,,,,,,,,3.0,1.0,,9.0,2.0,15,,Kandy,80.583481,7.303681
80.616589,7.159552,Kandy,දොළුව,ගොණටුවෙල -1145,HR2,HR2,NBRI / KND /DOL/2025 /IGSL / 063,NBRI / KND /DOL/2025 /IGSL / 063,NBRI / KND /DOL/2025 /IGSL / 063,,,,,,,,,,,,,1.0,,,,,1,,Kandy,80.616589,7.159552
80.557815,7.320179,Kandy,හාරිස්පත්තුව,477 -කරඩුවාවල  ඉහළ,HR2,HR2,NBRI / KND /HRS/ 2025 /IBE / 66,NBRI / KND /HRS/ 2025 /IBE / 66,NBRI / KND /HRS/ 2025 /IBE / 66,,,,,,,,,,,,,2.0,,,2.0,,4,,Kandy,80.557815,7.320179
80.592547,7.301958,Kandy,හාරිස්පත්තුව,සීවලීකන්ද,HR2,HR2,NBRI / KND / HRS / 2025 /IBE / 111,NBRI / KND / HRS / 2025 /IBE / 111,NBRI / KND / HRS / 2025 /IBE / 111,,,,,,,,,,,,,2.0,,,,,2,,Kandy,80.592547,7.301958
80.85724,7.295608,Kandy,උඩදුම්බර,දේනාපිටිය,HR2,HR2,NBRI/KND/UDD/2025/AW/111,NBRI/KND/UDD/2025/AW/111,NBRI/KND/UDD/2025/AW/111,,,,,,,,,,,,,1.0,,,,,1,,Kandy,80.85724,7.295608
80.915204,7.266186,Kandy,උඩදුම්බර,දේවහන්දිය නැගෙනහිර,HR2,HR2,NBRI/KND/UDD/2025/AW/114,NBRI/KND/UDD/2025/AW/114,NBRI/KND/UDD/2025/AW/114,,,,,,,,,,,,,1.0,,,,,1,,Kandy,80.915204,7.266186
80.915111,7.24966,Kandy,උඩදුම්බර,දේවහන්දිය නැගෙනහිර,HR2,HR2,NBRI/KND/UDD/2025/AW/115,NBRI/KND/UDD/2025/AW/115,NBRI/KND/UDD/2025/AW/115,,,,,,,,,,,,,1.0,,,,,1,,Kandy,80.915111,7.24966
80.52925,7.29282,Kandy,යටිනුවර,වල්ගම්පාය (211),HR2,HR2,NBRI / KND / YTI / 2025 / IGSL / 083,NBRI / KND / YTI / 2025 / IGSL / 083,NBRI / KND / YTI / 2025 / IGSL / 083,,,,,,,,,,,,,1.0,,,,,1,,Kandy,80.52925,7.29282
80.531751,7.28971,Kandy,යටිනුවර,වල්ගම්පාය (211),HR2,HR2,NBRI / KND / YTI / 2025 / IGSL / 084,NBRI / KND / YTI / 2025 / IGSL / 084,NBRI / KND / YTI / 2025 / IGSL / 084,,,,,,,,,,,,,1.0,,,,,1,,Kandy,80.531751,7.28971
80.600593,7.209223,Kandy,උඩුනුවර,ගෙලිඔය,HR2,HR2,NBRI / KND / UDN / 2025 / DMLP /216,NBRI / KND / UDN / 2025 / DMLP /216,NBRI / KND / UDN / 2025 / DMLP /216,,,,,,,,,,,,,2.0,,,,,2,,Kandy,80.600593,7.209223
80.61396,7.116443,Kandy,උඩපලාත,පාරදෙක,HR2,HR2,NBRI / KND /UDP/2025/ SUJ/ 021,NBRI / KND /UDP/2025/ SUJ/ 021,NBRI / KND /UDP/2025/ SUJ/ 021,,,,,,,,,,,,,2.0,1.0,,1.0,,4,,Kandy,80.61396,7.116443
80.550444,7.171724,Kandy,උඩපලාත,"1127, සිංහපිටිය උතුර",HR2,HR2,NBRI / KND /UDP/2025/ SUJ/ 038,NBRI / KND /UDP/2025/ SUJ/ 038,NBRI / KND /UDP/2025/ SUJ/ 038,,,,,,,,,,,,,2.0,,,1.0,,3,,Kandy,80.550444,7.171724
80.534076,7.059284,Kandy,පස්බාගේ කෝරලේ,නාවලපිටිය දකුණ,HR2,HR2,NBRI / KND /PAS / 2025 /DMLP  / 280,NBRI / KND /PAS / 2025 /DMLP  / 280,NBRI / KND /PAS / 2025 /DMLP  / 280,,,,,,,,,,,,,2.0,,,1.0,,3,,Kandy,80.534076,7.059284
80.883586,7.374664,Kandy,උඩදුම්බර,"මූණමල්පැලැස්ස, 880",HR2,HR2,NBRI/KND/UDD/2025/AW/105,NBRI/KND/UDD/2025/AW/105,NBRI/KND/UDD/2025/AW/105,,,,,,,,,,,,,2.0,1.0,,,,3,,Kandy,80.883586,7.374664
80.884812,7.367314,Kandy,උඩදුම්බර,"මූණමල්පැලැස්ස, 880",HR2,HR2,NBRI/KND/UDD/2025/AW/108,NBRI/KND/UDD/2025/AW/108,NBRI/KND/UDD/2025/AW/108,,,,,,,,,,,,,2.0,,,1.0,,3,,Kandy,80.884812,7.367314
80.521097,7.36288,Kandy,තුම්පනේ,නිකතැන්න,HR2,HR2,NBRI/KND /TUM/2025/SUJ /033,NBRI/KND /TUM/2025/SUJ /033,NBRI/KND /TUM/2025/SUJ /033,,,,,,,,,,,,,2.0,,,,,2,,Kandy,80.521097,7.36288
80.809815,7.264475,Kandy,මැදදුම්බර,814-මහදොරලියද්ද,HR2,HR2,NBRI / KND /MDB/ 2025 / IBE /138,NBRI / KND /MDB/ 2025 / IBE /138,NBRI / KND /MDB/ 2025 / IBE /138,,,,,,,,,,,,,3.0,,,1.0,,4,,Kandy,80.809815,7.264475
80.815145,7.268977,Kandy,මැදදුම්බර,වතුලියද්ද,HR2,HR2,NBRI / KND /MDB/ 2025 / IBE /144,NBRI / KND /MDB/ 2025 / IBE /144,NBRI / KND /MDB/ 2025 / IBE /144,,,,,,,,,,,,,2.0,,,,,2,,Kandy,80.815145,7.268977
80.847592,7.25405,Kandy,උඩදුම්බර,බබරබැද්ද නැගෙනහිර,HR2,HR2,NBRI/KND/UDD/2025/AW/146,NBRI/KND/UDD/2025/AW/146,NBRI/KND/UDD/2025/AW/146,,,,,,,,,,,,,1.0,,,,,1,,Kandy,80.847592,7.25405
80.894919,7.395053,Kandy,උඩදුම්බර,උඩඉළුක,HR2,HR2,NBRI/KND/UDD/2025/AW/156,NBRI/KND/UDD/2025/AW/156,NBRI/KND/UDD/2025/AW/156,,,,,,,,,,,,,1.0,,,,,1,,Kandy,80.894919,7.395053
80.94568,7.412385,Kandy,මිනිපේ,දඹේපිටිය,HR2,HR2,NBRI/KND/MNP/2025/AW/134,NBRI/KND/MNP/2025/AW/134,NBRI/KND/MNP/2025/AW/134,,,,,,,,,,,,,1.0,,,,,1,,Kandy,80.94568,7.412385
80.918836,7.306844,Kandy,උඩදුම්බර,මහවල,HR2,HR2,NBRI/KND/UDD/2025/AW/122,NBRI/KND/UDD/2025/AW/122,NBRI/KND/UDD/2025/AW/122,,,,,,,,,,,,,1.0,,,,,1,,Kandy,80.918836,7.306844
80.515922,7.131984,Kandy,ගගඉහළ කෝරලේ,ගිරා උල්ල,HR2,HR2,BRI / KND / GIK / 2025 / SUJ / 019,BRI / KND / GIK / 2025 / SUJ / 019,BRI / KND / GIK / 2025 / SUJ / 019,,,,,,,,,,,,,1.0,,,,,1,,Kandy,80.515922,7.131984
80.51991,7.137283,Kandy,ගගඉහළ කෝරලේ,ගිරා උල්ල,HR2,HR2,BRI / KND / GIK / 2025 / SUJ / 020,BRI / KND / GIK / 2025 / SUJ / 020,BRI / KND / GIK / 2025 / SUJ / 020,,,,,,,,,,,,,1.0,,,,,1,,Kandy,80.51991,7.137283
80.566594,7.199562,Kandy,උඩුනුවර,ගංහත,HR2,HR2,NBRI / KND /UDN / 2025 / TPB / 002,NBRI / KND /UDN / 2025 / TPB / 002,NBRI / KND /UDN / 2025 / TPB / 002,,,,,,,,,,,,,2.0,3.0,,,,5,,Kandy,80.566594,7.199562
80.589773,7.244126,Kandy,උඩුනුවර,යාලේගොඩ - නැගෙනහිර,HR2,HR2,NBRI / KND / UDN / 2025 /TPB /026,NBRI / KND / UDN / 2025 /TPB /026,NBRI / KND / UDN / 2025 /TPB /026,,,,,,,,,,,,,2.0,,,3.0,,5,,Kandy,80.589773,7.244126
80.601558,7.201844,Kandy,උඩුනුවර,40- නව ඇල්පිටිය දකුණ,HR2,HR2,NBRI / KND / UDN / 2025 /TPB /036,NBRI / KND / UDN / 2025 /TPB /036,NBRI / KND / UDN / 2025 /TPB /036,,,,,,,,,,,,,2.0,2.0,,,,4,,Kandy,80.601558,7.201844
80.525736,7.250296,Kandy,උඩුනුවර,බැලුම්ගල -115,HR2,HR2,NBRI / KND /UDN/2025/ DMLP/ 175,NBRI / KND /UDN/2025/ DMLP/ 175,NBRI / KND /UDN/2025/ DMLP/ 175,,,,,,,,,,,,,2.0,,,,,2,,Kandy,80.525736,7.250296
80.625841,7.250869,Kandy,උඩුනුවර,බැලුම්ගල -115,HR2,HR2,NBRI / KND /UDN/2025/ DMLP/ 176,NBRI / KND /UDN/2025/ DMLP/ 176,NBRI / KND /UDN/2025/ DMLP/ 176,,,,,,,,,,,,,3.0,,,1.0,,4,,Kandy,80.625841,7.250869
80.670067,7.349276,Kandy,පාතදුම්බර,මීගම්මන,HR2,HR2,NBRI/KND/PDM/2025/SUJ/09,NBRI/KND/PDM/2025/SUJ/09,NBRI/KND/PDM/2025/SUJ/09,,,,,,,,,,,,,1.0,,,,,1,,Kandy,80.670067,7.349276
80.651808,7.139093,Kandy,දොළුව,රජතලාව,HR2,HR2,NBRI/KND/DOL/2025/IBE/071,NBRI/KND/DOL/2025/IBE/071,NBRI/KND/DOL/2025/IBE/071,,,,,,,,,,,,,20.0,,,15.0,,35,,Kandy,80.651808,7.139093
80.518282,7.142111,Kandy,ගඟ ඉහල කෝරලේ,කොහොවල -1060,HR2,HR2,NBRI / KND / GIK / 2025 /UIJ / 185,NBRI / KND / GIK / 2025 /UIJ / 185,NBRI / KND / GIK / 2025 /UIJ / 185,,,,,,,,,,,,,1.0,,,,,1,,Kandy,80.518282,7.142111
80.510109,7.340378,Kandy,තුම්පනේ,තැන්නේවල -292,HR2,HR2,NBRI / KND / TUM / 2025 /UIJ /191,NBRI / KND / TUM / 2025 /UIJ /191,NBRI / KND / TUM / 2025 /UIJ /191,,,,,,,,,,,,,1.0,,,,,1,,Kandy,80.510109,7.340378
80.54063,7.368905,Kandy,තුම්පනේ,බාඅංග -363,HR2,HR2,NBRI / KND / TUM / 2025 /UIJ /194,NBRI / KND / TUM / 2025 /UIJ /194,NBRI / KND / TUM / 2025 /UIJ /194,,,,,,,,,,,,,1.0,,,,,1,,Kandy,80.54063,7.368905
80.58519,7.118616,Kandy,උඩපළාත,"ගලත,1185",HR2,HR2,NBRI / KND /UDP/2025/ DMLP/ 263,NBRI / KND /UDP/2025/ DMLP/ 263,NBRI / KND /UDP/2025/ DMLP/ 263,,,,,,,,,,,,,2.0,,,,,2,,Kandy,80.58519,7.118616
80.574785,7.227337,Kandy,උඩපළාත,"ගලත,1185",HR2,HR2,NBRI / KND /UDN/2025/ DMLP/270,NBRI / KND /UDN/2025/ DMLP/270,NBRI / KND /UDN/2025/ DMLP/270,,,,,,,,,,,,,2.0,,,3.0,,5,,Kandy,80.574785,7.227337
80.572745,7.198747,Kandy,උඩපළාත,වේගිරිය - බටහිර  47,HR2,HR2,NBRI / KND /UDN/2025/ DMLP/273,NBRI / KND /UDN/2025/ DMLP/273,NBRI / KND /UDN/2025/ DMLP/273,,,,,,,,,,,,,4.0,,,4.0,,8,,Kandy,80.572745,7.198747
80.572094,7.198397,Kandy,උඩනුවර,වේගිරිය බටහිර 47,HR2,HR2,NBRI / KND /UDN/2025/ DMLP/274,NBRI / KND /UDN/2025/ DMLP/274,NBRI / KND /UDN/2025/ DMLP/274,,,,,,,,,,,,,3.0,,,,,3,,Kandy,80.572094,7.198397
80.528055,7.384133,Kandy,තුම්පනේ,දෙල්ගස්‍ යාය,HR2,HR2,NBRI / KND / TUM / 2025 / SUJ / 006,NBRI / KND / TUM / 2025 / SUJ / 006,NBRI / KND / TUM / 2025 / SUJ / 006,,,,,,,,,,,,,1.0,,,,,1,,Kandy,80.528055,7.384133
80.543027,7.346738,Kandy,තුම්පනේ,කන්දෙ කුඹුර (361),HR2,HR2,NBRI / KND / TUM / 2025 / SUJ / 012,NBRI / KND / TUM / 2025 / SUJ / 012,NBRI / KND / TUM / 2025 / SUJ / 012,,,,,,,,,,,,,1.0,,,,,1,,Kandy,80.543027,7.346738
80.607255,7.127633,Kandy,උඩපළාත,"පල්ලෙගම,අටබාගේ",HR2,HR2,NBRI / KND / UDP / 2025 / SUJ / 006,NBRI / KND / UDP / 2025 / SUJ / 006,NBRI / KND / UDP / 2025 / SUJ / 006,,,,,,,,,,,,,1.0,,,,,1,,Kandy,80.607255,7.127633
80.912755,7.386168,Kandy,උඩදුම්බර,පදුපොල,HR2,HR2,NBRI/KND/UDD/2025/AW/0170,NBRI/KND/UDD/2025/AW/0170,NBRI/KND/UDD/2025/AW/0170,,,,,,,,,,,,,1.0,,,,,1,,Kandy,80.912755,7.386168
80.920764,7.425351,Kandy,මිනිපේ,පල්ලේගලබොක්ක,HR2,HR2,NBRI / KND / MNP / 2025 /IBE / 182,NBRI / KND / MNP / 2025 /IBE / 182,NBRI / KND / MNP / 2025 /IBE / 182,,,,,,,,,,,,,5.0,24.0,,,,29,,Kandy,80.920764,7.425351
80.926208,7.427051,Kandy,මිනිපේ,පල්ලේගලබොක්ක,HR2,HR2,NBRI / KND / MNP / 2025 /IBE / 181,NBRI / KND / MNP / 2025 /IBE / 181,NBRI / KND / MNP / 2025 /IBE / 181,,,,,,,,,,,,,2.0,2.0,,3.0,,7,,Kandy,80.926208,7.427051
80.516804,7.253272,Kandy,උඩුනුවර,බැලුම්ගල -115,HR2,HR2,NBRI / KND /UDU/2025/ DMLP/ 172,NBRI / KND /UDU/2025/ DMLP/ 172,NBRI / KND /UDU/2025/ DMLP/ 172,,,,,,,,,,,,,6.0,,,,,6,,Kandy,80.516804,7.253272
80.560049,7.121174,Kandy,ගගඉහළ කෝරලේ,උඩගම-1069,HR2,HR2,NBRI / KND /  GIK  / 2025 / UIJ /175,NBRI / KND /  GIK  / 2025 / UIJ /175,NBRI / KND /  GIK  / 2025 / UIJ /175,,,,,,,,,,,,,1.0,,,,,1,,Kandy,80.560049,7.121174
80.564031,7.116976,Kandy,ගගඉහළ කෝරලේ,උඩගම-1069,HR2,HR2,NBRI / KND /  GIK  / 2025 / UIJ /176,NBRI / KND /  GIK  / 2025 / UIJ /176,NBRI / KND /  GIK  / 2025 / UIJ /176,,,,,,,,,,,,,1.0,,,,,1,,Kandy,80.564031,7.116976
80.630762,7.149385,Kandy,දොලුව,1148 පඹදෙණිය,HR2,HR2,NBRI / KND /DOL/ 2025 / SUJ / 014,NBRI / KND /DOL/ 2025 / SUJ / 014,NBRI / KND /DOL/ 2025 / SUJ / 014,,,,,,,,,,,,,1.0,,,,,1,,Kandy,80.630762,7.149385
80.570821,7.17563,Kandy,උඩපලාත,උනම්බුව,HR2,HR2,NBRI/KAN/2025/UDP/NBC/005,NBRI/KAN/2025/UDP/NBC/005,NBRI/KAN/2025/UDP/NBC/005,,,,,,,,,,,,,1.0,,,,,1,,Kandy,80.570821,7.17563
80.636513,7.201857,Kandy,දොළුව,වාරියගල,HR2,HR2,NBRI / KND /  DOL / 2025 /IBE / 165,NBRI / KND /  DOL / 2025 /IBE / 165,NBRI / KND /  DOL / 2025 /IBE / 165,,,,,,,,,,,,,3.0,,,,,3,,Kandy,80.636513,7.201857
80.609812,7.212783,Kandy,දොළුව,ගනේගොඩ,HR2,HR2,NBRI / KND /  DOL / 2025 /​​IBE /175,NBRI / KND /  DOL / 2025 /​​IBE /175,NBRI / KND /  DOL / 2025 /​​IBE /175,,,,,,,,,,,,,2.0,,,,,2,,Kandy,80.609812,7.212783
80.758496,7.334854,Kandy,මැදදුම්බර,755/පුටුහටුව,HR2,HR2,NBRI / KND /MDB/ 2025 /IBE / 128,NBRI / KND /MDB/ 2025 /IBE / 128,NBRI / KND /MDB/ 2025 /IBE / 128,,,,,,,,,,,,,2.0,,,1.0,,3,,Kandy,80.758496,7.334854
80.556088,7.133795,Kandy,ගඟ ඉහල කෝරලේ,තැඹිලිගල,HR2,HR2,NBRI / KND /GIK/ 2025 / JSB  / 268,NBRI / KND /GIK/ 2025 / JSB  / 268,NBRI / KND /GIK/ 2025 / JSB  / 268,,,,,,,,,,,,,1.0,,,,,1,,Kandy,80.556088,7.133795
80.679454,7.135602,Kandy,දෙල්තොට,උඩදෙල්තොට,HR2,HR2,NBRI / KND /DEL/ 2025 / JSB  /035,NBRI / KND /DEL/ 2025 / JSB  /035,NBRI / KND /DEL/ 2025 / JSB  /035,,,,,,,,,,,,,1.0,,,,,1,,Kandy,80.679454,7.135602
80.523236,7.076743,Kandy,පස්බාගේ කෝරලේ,"1103, දඩුමැදුර",HR2,HR2,NBRI / KND /PAS /2025/ DMLP/ 279,NBRI / KND /PAS /2025/ DMLP/ 279,NBRI / KND /PAS /2025/ DMLP/ 279,,,,,,,,,,,,,5.0,3.0,,22.0,,30,,Kandy,80.523236,7.076743
80.534955,7.058867,Kandy,පසබාගේ කෝරලේ,නාවලපිටිය දකුණ,HR2,HR2,NBRI / KND /PAS  / 2025 /DMLP  / 278,NBRI / KND /PAS  / 2025 /DMLP  / 278,NBRI / KND /PAS  / 2025 /DMLP  / 278,,,,,,,,,,,,,2.0,,,,,2,,Kandy,80.534955,7.058867
80.508056,7.135642,Kandy,ගඟ ඉහල කෝරලේ,කරගල-1059,HR2,HR2,NBRI / KND / GIK / 2025 /UIJ / 183,NBRI / KND / GIK / 2025 /UIJ / 183,NBRI / KND / GIK / 2025 /UIJ / 183,,,,,,,,,,,,,1.0,,,,,1,,Kandy,80.508056,7.135642
80.5256,7.257878,Kandy,යටිනුවර ප්රා.ලේ.කො,කඩවත්ගම සහ කඩුගන්නාව නගරය,HR2,HR2,,MVN/0040,MVN/0040,,House / නිවාස,2025-11-27 00:00:00,,,,Resettle / නැවත පදිංචිකිරීම,,0.0,,,,7.0,4.0,,10.0,,21,,Kandy,80.5256,7.257878
80.538318,7.144065,Kandy,ගඟ ඉහළ කෝරලේ,ගල්පාය- 1046,HR2,HR2,NBRI / KND /GIK / 2025 / TPB / 086,NBRI / KND /GIK / 2025 / TPB / 086,NBRI / KND /GIK / 2025 / TPB / 086,,,,,,,,,,,,,2.0,,,,,2,,Kandy,80.538318,7.144065
80.612698,7.151855,Kandy,දොලුව,මිල්ලගහමුල,HR2,HR2,NBRI / KND /DOL/ 2025 / SUJ / 007,NBRI / KND /DOL/ 2025 / SUJ / 007,NBRI / KND /DOL/ 2025 / SUJ / 007,,,,,,,,,,,,,1.0,,,,,1,,Kandy,80.612698,7.151855
80.618191,7.153105,Kandy,දොලුව,මිල්ලගහමුල,HR2,HR2,NBRI / KND /DOL/ 2025 / SUJ / 012,NBRI / KND /DOL/ 2025 / SUJ / 012,NBRI / KND /DOL/ 2025 / SUJ / 012,,,,,,,,,,,,,1.0,,,,,1,,Kandy,80.618191,7.153105
80.502967,7.237765,Kegalle,මාවනැල්ල ප්රා.ලේ.කො,කහවන්දල,HR2,HR2,,LRR-MWP-20,LRR-MWP-20,,House / නිවාස,2025-11-28 00:00:00,,2025-12-31 00:00:00,Slope failures / බැවුම් අස්ථාවරවීම්,Resettle / නැවත පදිංචිකිරීම,Partially / අර්ධහානි,,,,,2.0,,,,,2,,Kegalle,80.502967,7.237765
80.914904,7.080013,Nuwara Eliya,නිල්දණ්ඩහින්න ප්රා.ලේ.කො,අඹංඇල්ල,HR2,HR2,,NBRI/NE/WLD[Nildandahinna]/2026/SMK/114),NBRI/NE/WLD[Nildandahinna]/2026/SMK/114),520/3,House / නිවාස,2025.11.27,,2026.01.30,Other / වෙනත් (වෙනත් කරුණු යටතේ සදහන් කරන්න),Resettle / නැවත පදිංචිකිරීම,Partially / අර්ධහානි,,නිම්නය අසල කණ්ඩි අස්ථාවරවීම,,,3.0,,,5.0,,8,,Nuwara Eliya,80.914904,7.080013
80.898795,7.012501,Nuwara Eliya,නිල්දණ්ඩහින්න ප්රා.ලේ.කො,සූරියගහපතන පහළ,HR2,HR2,,NBRI/NE/WLD[Nildandahinna]/2026/DMCP/96),NBRI/NE/WLD[Nildandahinna]/2026/DMCP/96),533/ එෆ්,House / නිවාස,2025.11.27,,2026.02.17,"Slope failures / බැවුම් අස්ථාවරවීම්, Rock fall / ගල් පෙරලීම්",Resettle / නැවත පදිංචිකිරීම,Partially / අර්ධහානි,,,,,1.0,1.0,,9.0,,11,,Nuwara Eliya,80.898795,7.012501
80.911899,7.127276,Nuwara Eliya,නිල්දණ්ඩහින්න ප්රා.ලේ.කො,දුලන,HR2,HR2,,NBRI/NE/WLD[Nildandahinna]/2026/DSDD/110),NBRI/NE/WLD[Nildandahinna]/2026/DSDD/110),,House / නිවාස,2025-11-27 00:00:00,,2026-01-29 00:00:00,Rock fall / ගල් පෙරලීම්,Resettle / නැවත පදිංචිකිරීම,Partially / අර්ධහානි,,,,,3.0,,,3.0,,6,,Nuwara Eliya,80.911899,7.127276
80.915886,7.125579,Nuwara Eliya,නිල්දණ්ඩහින්න ප්රා.ලේ.කො,මල්ලාගම,HR2,HR2,,NBRI/NE/WLD[Nildandahinna]/2026/DSDD/113),NBRI/NE/WLD[Nildandahinna]/2026/DSDD/113),,House / නිවාස,2025.11.27,,2026.01.29,Slope failures / බැවුම් අස්ථාවරවීම්,Resettle / නැවත පදිංචිකිරීම,Partially / අර්ධහානි,,,,,1.0,,,1.0,,2,,Nuwara Eliya,80.915886,7.125579
80.904618,6.988265,Nuwara Eliya,නිල්දණ්ඩහින්න ප්රා.ලේ.කො,සෙන්මාග්‍රට්,HR2,HR2,,NBRI/NE/WLD[Nildandahinna]/2026/IC/11),NBRI/NE/WLD[Nildandahinna]/2026/IC/11),,House / නිවාස,2025.11.27,,2026.01.01,Landslide / නායයෑම්,Resettle / නැවත පදිංචිකිරීම,Partially / අර්ධහානි,,,,,5.0,1.0,,26.0,,32,,Nuwara Eliya,80.904618,6.988265
80.359011,7.052426,Kegalle,යටියන්තොට ප්රා.ලේ.කො,මලල්පොල,HR2,HR2,,ERR - YTP - 03,ERR - YTP - 03,,House / නිවාස,2025-11-28 00:00:00,13:00:00,2025-12-28 00:00:00,Landslide / නායයෑම්,Resettle / නැවත පදිංචිකිරීම,Partially / අර්ධහානි,,,,,2.0,,,,,2,,Kegalle,80.359011,7.052426
80.893417,7.053802,Nuwara Eliya,නිල්දණ්ඩහින්න ප්රා.ලේ.කො,උඩගම,HR2,HR2,,NBRI/NE/WLD[Nildandahinna]/2026/DSDD/126),NBRI/NE/WLD[Nildandahinna]/2026/DSDD/126),,House / නිවාස,2025.11.27,,2026.02.05,Slope failures / බැවුම් අස්ථාවරවීම්,Resettle / නැවත පදිංචිකිරීම,Partially / අර්ධහානි,,,,,1.0,1.0,,8.0,,10,,Nuwara Eliya,80.893417,7.053802
80.919553,7.037773,Nuwara Eliya,නිල්දණ්ඩහින්න ප්රා.ලේ.කො,මීපනාව,HR2,HR2,,NBRI/NE/WLD[Nildandahinna]/2026/VKG/24),NBRI/NE/WLD[Nildandahinna]/2026/VKG/24),528ඩී,House / නිවාස,2025.11.27,,2026.02.22,Other / වෙනත් (වෙනත් කරුණු යටතේ සදහන් කරන්න),Resettle / නැවත පදිංචිකිරීම,Partially / අර්ධහානි,,භූමි ගිලා බැසීම,,,2.0,,,1.0,4.0,7,,Nuwara Eliya,80.919553,7.037773
80.932841,7.075069,Nuwara Eliya,නිල්දණ්ඩහින්න ප්රා.ලේ.කො,යටිමාදුර,HR2,HR2,,NBRI/NE/WLD[Nildandahinna]/2026/DMCP/103),NBRI/NE/WLD[Nildandahinna]/2026/DMCP/103),518ඩී,House / නිවාස,2025.11.27,,2026.02.22,Slope failures / බැවුම් අස්ථාවරවීම්,Resettle / නැවත පදිංචිකිරීම,Partially / අර්ධහානි,,,,,2.0,,,,,2,,Nuwara Eliya,80.932841,7.075069
80.907987,7.025399,Nuwara Eliya,නිල්දණ්ඩහින්න ප්රා.ලේ.කො,ඇඹුලම්පහ,HR2,HR2,,NBRI/NE/WLD[Nildandahinna]/2026/DMCP/98),NBRI/NE/WLD[Nildandahinna]/2026/DMCP/98),531ඒ,House / නිවාස,2025.11.27,,2026.02.18,Slope failures / බැවුම් අස්ථාවරවීම්,Resettle / නැවත පදිංචිකිරීම,Partially / අර්ධහානි,,,,,1.0,,,2.0,,3,,Nuwara Eliya,80.907987,7.025399
80.894259,7.087965,Nuwara Eliya,නිල්දණ්ඩහින්න ප්රා.ලේ.කො,නිල්දණ්ඩාහින්න,HR2,HR2,,NBRI/NE/WLD[Nildandahinna]/2026/LY/114),NBRI/NE/WLD[Nildandahinna]/2026/LY/114),524/ඊ,House / නිවාස,2025.11.27,,2026.02.24,Slope failures / බැවුම් අස්ථාවරවීම්,Resettle / නැවත පදිංචිකිරීම,Partially / අර්ධහානි,,,,,1.0,,,1.0,,2,,Nuwara Eliya,80.894259,7.087965
80.906295,7.097677,Nuwara Eliya,නිල්දණ්ඩහින්න ප්රා.ලේ.කො,උඩවෙල,HR2,HR2,,NBRI/NE/WLD[Nildandahinna]/2026/DMCP/105),NBRI/NE/WLD[Nildandahinna]/2026/DMCP/105),519/ඒ,House / නිවාස,2025.11.27,,2026.02.21,Rock fall / ගල් පෙරලීම්,Resettle / නැවත පදිංචිකිරීම,Partially / අර්ධහානි,,නාය ගැලීම් මාර්ගය තුළ පිහිටා තිබීම,,,1.0,,,,,1,,Nuwara Eliya,80.906295,7.097677
80.683373,7.009557,Nuwara Eliya,කොත්මලේ නැගෙනහිර ප්රා.ලේ.කො,උතුරු පූඩළුඔය,HR2,HR2,,NBRI/NE/KTD[East]/2026/LSG/61),NBRI/NE/KTD[East]/2026/LSG/61),468/ඊ,House / නිවාස,2025.11.27,,2026.07.23,Other / වෙනත් (වෙනත් කරුණු යටතේ සදහන් කරන්න),Resettle / නැවත පදිංචිකිරීම,Partially / අර්ධහානි,0.0,නායයෑම්/ බෑවුම් අස්ථාවරවීම/ ගල්‌ පෙරළීම,,,8.0,,,,,8,,Nuwara Eliya,80.683373,7.009557
80.668496,7.019644,Nuwara Eliya,කොත්මලේ නැගෙනහිර ප්රා.ලේ.කො,උතුරු පූඩළුඔය,HR2,HR2,,NBRI/NE/KTD[East]/2026/LSG/60),NBRI/NE/KTD[East]/2026/LSG/60),468/ඊ,House / නිවාස,2025.11.27,,2026.07.23,Other / වෙනත් (වෙනත් කරුණු යටතේ සදහන් කරන්න),Resettle / නැවත පදිංචිකිරීම,Partially / අර්ධහානි,0.0,"නායයෑම්, බෑවුම් අස්ථාවරතා",,,9.0,,,,,9,,Nuwara Eliya,80.668496,7.019644
80.567297,7.302037,Kandy,යටිනුවර ප්රා.ලේ.කො,පෑලව ඉහළ මැද,HR2,HR2,,GHD 091-R,GHD 091-R,139.0,House / නිවාස,2025-11-27 00:00:00,,2026-04-23 00:00:00,Slope failures / බැවුම් අස්ථාවරවීම්,,,0.0,,,,2.0,,,6.0,,8,,Kandy,80.567297,7.302037
80.38474,7.070216,Kegalle,යටියන්තොට ප්රා.ලේ.කො,අමනාවල,HR2,HR2,,LRR - YTP - 12,LRR - YTP - 12,,House / නිවාස,2025-11-28 00:00:00,,2025-12-29 00:00:00,Landslide / නායයෑම්,Resettle / නැවත පදිංචිකිරීම,Partially / අර්ධහානි,,,,,23.0,,,3.0,,26,,Kegalle,80.38474,7.070216
80.546128,7.251653,Kandy,යටිනුවර ප්රා.ලේ.කො,කඩවත්ගම,HR2,HR2,,GHD 032,GHD 032,204.0,House / නිවාස,2025-11-27 00:00:00,,2026-02-24 00:00:00,Other / වෙනත් (වෙනත් කරුණු යටතේ සදහන් කරන්න),,,0.0,ගල් පෙරලීම,,,1.0,,,,,1,,Kandy,80.546128,7.251653
80.566419,7.30602,Kandy,යටිනුවර ප්රා.ලේ.කො,පෑලව ඉහල මැද,HR2,HR2,,GHD 093,GHD 093,139.0,House / නිවාස,2025-11-27 00:00:00,,2026-04-23 00:00:00,Slope failures / බැවුම් අස්ථාවරවීම්,,,0.0,,,,2.0,,,,,2,,Kandy,80.566419,7.30602
80.538001,7.302333,Kandy,යටිනුවර ප්රා.ලේ.කො,වතුරකුඹුර,HR2,HR2,,GHD 047,GHD 047,157.0,House / නිවාස,2025-11-27 00:00:00,,2026-03-24 00:00:00,Other / වෙනත් (වෙනත් කරුණු යටතේ සදහන් කරන්න),,,0.0,නයයාමේ අවදානම්,,,1.0,,,4.0,,5,,Kandy,80.538001,7.302333
80.581548,7.280427,Kandy,යටිනුවර ප්රා.ලේ.කො,පිලපිටිය,HR2,HR2,,HLK/024,HLK/024,,House / නිවාස,2025-11-27 00:00:00,,2026-03-07 00:00:00,Slope failures / බැවුම් අස්ථාවරවීම්,,,0.0,,,,1.0,,,3.0,,4,,Kandy,80.581548,7.280427
80.578297,7.282242,Kandy,යටිනුවර ප්රා.ලේ.කො,පිලපිටිය,HR2,HR2,,HLK/0109,HLK/0109,,House / නිවාස,2025-11-27 00:00:00,,2026-03-07 00:00:00,"Slope failures / බැවුම් අස්ථාවරවීම්, Cutting failure / කණ්ඩි අස්ථාවරවීම්",,,0.0,,,,1.0,,,13.0,2.0,16,,Kandy,80.578297,7.282242
80.895565,7.117642,Nuwara Eliya,නිල්දණ්ඩහින්න ප්රා.ලේ.කො,ගල්කැටිවල,HR2,HR2,,NBRI/NE/WLD[Nildandahinna]/2026/SMK/203),NBRI/NE/WLD[Nildandahinna]/2026/SMK/203),,House / නිවාස,2025.11.27,,2026.05.05,"Slope failures / බැවුම් අස්ථාවරවීම්, Rock fall / ගල් පෙරලීම්",Resettle / නැවත පදිංචිකිරීම,Partially / අර්ධහානි,,,,,1.0,,,,,1,,Nuwara Eliya,80.895565,7.117642
80.922939,7.130217,Nuwara Eliya,නිල්දණ්ඩහින්න ප්රා.ලේ.කො,හෑගස්උල්ල,HR2,HR2,,NBRI/NE/WLD[Nildandahinna]/2026/SMK/179),NBRI/NE/WLD[Nildandahinna]/2026/SMK/179),521/ඒ,House / නිවාස,2025.11.27,,2026.04.04,Slope failures / බැවුම් අස්ථාවරවීම්,Resettle / නැවත පදිංචිකිරීම,Partially / අර්ධහානි,,,,,1.0,,,3.0,,4,,Nuwara Eliya,80.922939,7.130217
80.917462,7.110235,Nuwara Eliya,නිල්දණ්ඩහින්න ප්රා.ලේ.කො,තෙරිපැහැ,HR2,HR2,,NBRI/NE/WLD[Nildandahinna]/2026/LY/152),NBRI/NE/WLD[Nildandahinna]/2026/LY/152),521/සී,House / නිවාස,2025.11.27,,2026.05.05,Other / වෙනත් (වෙනත් කරුණු යටතේ සදහන් කරන්න),Resettle / නැවත පදිංචිකිරීම,Partially / අර්ධහානි,,බෑවුම් අස්ථාවරවීම (නායයෑම් පූර්ව ලක්ෂණ),,,2.0,,,1.0,,3,,Nuwara Eliya,80.917462,7.110235
80.919238,7.082688,Nuwara Eliya,නිල්දණ්ඩහින්න ප්රා.ලේ.කො,කොස්ගොල්ල,HR2,HR2,,NBRI/NE/WLD[Nildandahinna]/2026/KATD/15),NBRI/NE/WLD[Nildandahinna]/2026/KATD/15),518/ඒ,House / නිවාස,2025.11.27,,2026.05.25,Slope failures / බැවුම් අස්ථාවරවීම්,Resettle / නැවත පදිංචිකිරීම,Partially / අර්ධහානි,,,,,1.0,,,2.0,,3,,Nuwara Eliya,80.919238,7.082688
80.536226,7.294787,Kandy,යටිනුවර ප්රා.ලේ.කො,උඩවෙල පහළගම,HR2,HR2,,HLK/248,HLK/248,179.0,House / නිවාස,2025-11-27 00:00:00,,2025-06-02 00:00:00,"Slope failures / බැවුම් අස්ථාවරවීම්, Cutting failure / කණ්ඩි අස්ථාවරවීම්",,,0.0,,,,2.0,,,,,2,,Kandy,80.536226,7.294787
80.512642,7.259418,Kandy,යටිනුවර ප්රා.ලේ.කො,මුදළිවත්ත ඉහළ,HR2,HR2,,HLK/256,HLK/256,,House / නිවාස,2025-11-27 00:00:00,,2026-06-11 00:00:00,Slope failures / බැවුම් අස්ථාවරවීම්,,,0.0,,,,1.0,,,,,1,,Kandy,80.512642,7.259418
80.559541,7.06433,Nuwara Eliya,කොත්මලේ බටහිර ප්රා.ලේ.කො,ඉහළ ගොරකඔය,HR2,HR2,,NBRI/NE/KTD[West]/2025/DSDD/​04 -Rev,NBRI/NE/KTD[West]/2025/DSDD/​04 -Rev,460ජේ,House / නිවාස,2025-11-27 00:00:00,5.00 am-9.00 am,2025-12-06 00:00:00,Landslide / නායයෑම්,Resettle / නැවත පදිංචිකිරීම,Partially / අර්ධහානි,,,,,1.0,1.0,,1.0,,3,,Nuwara Eliya,80.559541,7.06433
80.592806,7.031581,Nuwara Eliya,කොත්මලේ බටහිර ප්රා.ලේ.කො,තෙලිස්සාගල,HR2,HR2,,NBRI/NE/KTD[West]/2025/DSDD/​සංශෝධන/18 - Rev,NBRI/NE/KTD[West]/2025/DSDD/​සංශෝධන/18 - Rev,460 I,House / නිවාස,2025-11-28 00:00:00,Morning,2025-12-12 00:00:00,Slope failures / බැවුම් අස්ථාවරවීම්,Resettle / නැවත පදිංචිකිරීම,Partially / අර්ධහානි,,,,,2.0,2.0,,10.0,,14,,Nuwara Eliya,80.592806,7.031581
80.6623,7.18968,Kandy,දොළුව ප්රා.ලේ.කො,පල්ලේදෙල්තොට,HR2,HR2,,DMLP  / 128,DMLP  / 128,,House / නිවාස,,,,Landslide / නායයෑම්,Resettle / නැවත පදිංචිකිරීම,,,,,,20.0,,,,,20,,Kandy,80.6623,7.18968
80.663353,7.481002,Matale,රත්තොට ප්රා.ලේ.කො,එපිටමුල්ල,HR2,HR2,,NBRO/LRRMD-MAT/RATTOTA/LI/26/0741,NBRO/LRRMD-MAT/RATTOTA/LI/26/0741,,House / නිවාස,2025-11-27 00:00:00,,2026-05-28 00:00:00,"Slope failures / බැවුම් අස්ථාවරවීම්, Cutting failure / කණ්ඩි අස්ථාවරවීම්",,,,,,,2.0,2.0,,3.0,,7,,Matale,80.663353,7.481002
80.683234,7.504297,Matale,රත්තොට ප්රා.ලේ.කො,ලෝන්විල්,HR2,HR2,,NBRO/LRRMD-MAT/RATTOTA/LI/26/0958,NBRO/LRRMD-MAT/RATTOTA/LI/26/0958,,House / නිවාස,2025-11-27 00:00:00,,2026-05-18 00:00:00,"Cutting failure / කණ්ඩි අස්ථාවරවීම්, Slope failures / බැවුම් අස්ථාවරවීම්",,,,,,,2.0,,,,,2,,Matale,80.683234,7.504297
80.677525,7.151888,Kandy,දොළුව ප්රා.ලේ.කො,මහමුල්ගම,HR2,HR2,,DMLP/117,DMLP/117,,House / නිවාස,,,,"Slope failures / බැවුම් අස්ථාවරවීම්, Landslide / නායයෑම්",Resettle / නැවත පදිංචිකිරීම,,,,,,1.0,,,,,1,,Kandy,80.677525,7.151888
80.751571,7.238036,Kandy,පාතහේවාහැට ප්රා.ලේ.කො,පාතමයිලපිටිය උතුර,HR2,HR2,,WDN 164,WDN 164,1005,House / නිවාස,2025-11-27 00:00:00,,2026-05-18 00:00:00,Other / වෙනත් (වෙනත් කරුණු යටතේ සදහන් කරන්න),,,,ගොඩනැගිලි ව්‍යුහයන් අස්‍ථාවරවීම,,,2.0,,,,,2,,Kandy,80.751571,7.238036
80.605226,7.454715,Matale,මාතලේ ප්රා.ලේ.කො,පඩිවිට,HR2,HR2,,NBRO/MTL/MATALE/2025/BMK/41,NBRO/MTL/MATALE/2025/BMK/41,E - 349,House / නිවාස,2025-11-27 00:00:00,,2025-12-15 00:00:00,"Slope failures / බැවුම් අස්ථාවරවීම්, Cutting failure / කණ්ඩි අස්ථාවරවීම්",,,0.0,,,,1.0,1.0,,1.0,,3,,Matale,80.605226,7.454715
80.674631,7.356012,Kandy,පාතදුම්බර ප්රා.ලේ.කො,වත්තේගම,HR2,HR2,,HLK/062,HLK/062,,House / නිවාස,2025-11-27 00:00:00,,2026-04-04 00:00:00,Slope failures / බැවුම් අස්ථාවරවීම්,,,,,,,1.0,,,,,1,,Kandy,80.674631,7.356012
80.604457,7.071181,Nuwara Eliya,කොත්මලේ බටහිර ප්රා.ලේ.කො,කඩදොර,HR2,HR2,,NBRI/NE/KTD[West]/2026/SMK/සංශෝධන/6(ii)),NBRI/NE/KTD[West]/2026/SMK/සංශෝධන/6(ii)),469,House / නිවාස,2025-11-27 00:00:00,,2025-12-05 00:00:00,,Resettle / නැවත පදිංචිකිරීම,Partially / අර්ධහානි,,,,,3.0,3.0,,25.0,3.0,34,,Nuwara Eliya,80.604457,7.071181
80.625451,7.134409,Kandy,උඩපළාත ප්රා.ලේ.කො,ඉහළගම,HR2,HR2,,SUJ/011,SUJ/011,,House / නිවාස,2025-11-27 00:00:00,,2025-12-11 00:00:00,Slope failures / බැවුම් අස්ථාවරවීම්,,,0.0,,,,1.0,8.0,,2.0,,11,,Kandy,80.625451,7.134409
80.619728,7.523503,Matale,මාතලේ ප්රා.ලේ.කො,උඩුුගම,HR2,HR2,,NBRO/MTL/MATALE/2025/BCA/107,NBRO/MTL/MATALE/2025/BCA/107,E 328,House / නිවාස,2025-11-27 00:00:00,,2025-12-25 00:00:00,"Slope failures / බැවුම් අස්ථාවරවීම්, Cutting failure / කණ්ඩි අස්ථාවරවීම්",,,0.0,,,,1.0,1.0,,,,2,,Matale,80.619728,7.523503
80.415319,7.064494,Kegalle,යටියන්තොට ප්රා.ලේ.කො,බෙරන්නාව,HR2,HR2,,LRR-YTP-124,LRR-YTP-124,,House / නිවාස,2025-11-28 00:00:00,03:30:00,2025-12-30 00:00:00,Landslide / නායයෑම්,Resettle / නැවත පදිංචිකිරීම,Partially / අර්ධහානි,,,,,6.0,,,11.0,,17,,Kegalle,80.415319,7.064494
80.667586,7.345333,Kandy,පාතදුම්බර ප්රා.ලේ.කො,මීගම්මන,HR2,HR2,,KYP/208,KYP/208,601.0,House / නිවාස,2025-11-27 00:00:00,,2026-06-23 00:00:00,"Cutting failure / කණ්ඩි අස්ථාවරවීම්, Rock fall / ගල් පෙරලීම්, Slope failures / බැවුම් අස්ථාවරවීම්",,,,,,,1.0,,,,,1,,Kandy,80.667586,7.345333
80.610741,7.463487,Matale,මාතලේ ප්රා.ලේ.කො,දොඩම්දෙණිය,HR2,HR2,,NBRO/MTL/MATALE/2025/ATHULA SENARATHNA/70,NBRO/MTL/MATALE/2025/ATHULA SENARATHNA/70,,House / නිවාස,2025-11-27 00:00:00,,2025-12-08 00:00:00,Landslide / නායයෑම්,,,0.0,,,,3.0,,,,,3,,Matale,80.610741,7.463487
80.5835,7.540762,Matale,යටවත්ත ප්රා.ලේ.කො,ඇටිපොල බටහිර,HR2,HR2,,"NBRO/MTL/YATAWATTA/2025/WAES,EIJ/15","NBRO/MTL/YATAWATTA/2025/WAES,EIJ/15",,House / නිවාස,2025-11-27 00:00:00,18:30:00,2025-12-01 00:00:00,Landslide / නායයෑම්,,,,,,,11.0,,,,,11,,Matale,80.5835,7.540762
80.685633,6.901406,Nuwara Eliya,තලවකැලේ ප්රා.ලේ.කො,නාගසේන,HR2,HR2,,NBRI/NE/NED[Thalawakale]/2026/DSDD/286),NBRI/NE/NED[Thalawakale]/2026/DSDD/286),475/එච්,House / නිවාස,2025.11.27,,2026.05.08,Other / වෙනත් (වෙනත් කරුණු යටතේ සදහන් කරන්න),Resettle / නැවත පදිංචිකිරීම,Partially / අර්ධහානි,,ගං ඉවුරු ඛාදනය සහ භූමි අස්ථාවර වීම,,,1.0,,,3.0,,4,,Nuwara Eliya,80.685633,6.901406
80.51519,7.290954,Kandy,යටිනුවර ප්රා.ලේ.කො,දොළුව බටහිර,HR2,HR2,,JSB 458,JSB 458,,House / නිවාස,2025-11-27 00:00:00,,2026-05-27 00:00:00,Slope failures / බැවුම් අස්ථාවරවීම්,,,0.0,,,,1.0,,,,,1,,Kandy,80.51519,7.290954
80.558355,7.070584,Nuwara Eliya,කොත්මලේ බටහිර ප්රා.ලේ.කො,පහළ ගොරකඔය,HR2,HR2,,NBRI/NE/KTD(West)/2026/KLKT/66),NBRI/NE/KTD(West)/2026/KLKT/66),,House / නිවාස,2025-11-27 00:00:00,,2026-01-16 00:00:00,Slope failures / බැවුම් අස්ථාවරවීම්,Resettle / නැවත පදිංචිකිරීම,Partially / අර්ධහානි,,,,,1.0,,,1.0,,2,,Nuwara Eliya,80.558355,7.070584
80.565012,7.071685,Nuwara Eliya,කොත්මලේ බටහිර ප්රා.ලේ.කො,පහළ ගොරකඔය,HR2,HR2,,NBRI/NE/KTD[West]/2026/KLKT/සංශෝධනය/72),NBRI/NE/KTD[West]/2026/KLKT/සංශෝධනය/72),,House / නිවාස,2025.11.27,,2026.01.16,Slope failures / බැවුම් අස්ථාවරවීම්,Resettle / නැවත පදිංචිකිරීම,Partially / අර්ධහානි,,,,,5.0,1.0,,16.0,,22,,Nuwara Eliya,80.565012,7.071685
80.512171,7.290204,Kandy,යටිනුවර ප්රා.ලේ.කො,කොටලිගොඩ උතුර,HR2,HR2,,BGS 168,BGS 168,,House / නිවාස,2025-11-27 00:00:00,,2026-04-10 00:00:00,,,,0.0,,,,1.0,,,,,1,,Kandy,80.512171,7.290204
80.397389,7.073137,Kegalle,යටියන්තොට ප්රා.ලේ.කො,අමනාවල,HR2,HR2,,LRR-YTP-79,LRR-YTP-79,,House / නිවාස,2025-11-28 00:00:00,,2025-12-29 00:00:00,Landslide / නායයෑම්,Resettle / නැවත පදිංචිකිරීම,Partially / අර්ධහානි,,,,,3.0,,,,,3,,Kegalle,80.397389,7.073137
80.627593,7.07693,Nuwara Eliya,කොත්මලේ බටහිර ප්රා.ලේ.කො,උතුරු කොටගේපිටිය,HR2,HR2,,NBRI/NE/ KTD[West]/2026/LY/57),NBRI/NE/ KTD[West]/2026/LY/57),,House / නිවාස,2025-11-27 00:00:00,,2026-01-19 00:00:00,Slope failures / බැවුම් අස්ථාවරවීම්,Resettle / නැවත පදිංචිකිරීම,Partially / අර්ධහානි,,,,,2.0,3.0,,3.0,,8,,Nuwara Eliya,80.627593,7.07693
80.598538,7.590362,Matale,යටවත්ත ප්රා.ලේ.කො,සැලගම නැගෙනහිර,HR2,HR2,,"NBRO/MTL/YATAWATTA/2025/WAES,EIJ/14","NBRO/MTL/YATAWATTA/2025/WAES,EIJ/14",,House / නිවාස,2025-11-28 00:00:00,20:30:00,2025-12-01 00:00:00,Slope failures / බැවුම් අස්ථාවරවීම්,,,,,,,2.0,,,,,2,,Matale,80.598538,7.590362
80.534694,7.295232,Kandy,යටිනුවර ප්රා.ලේ.කො,උඩවෙල පහල,HR2,HR2,,DMLP 008,DMLP 008,,House / නිවාස,2025-11-27 00:00:00,,2026-03-26 00:00:00,Landslide / නායයෑම්,,,0.0,,,,5.0,,,3.0,,8,,Kandy,80.534694,7.295232
80.610133,7.54754,Matale,මාතලේ ප්රා.ලේ.කො,පරණ දොඹවෙල,HR2,HR2,,NBRO/MTL/MATALE/2026/KA/190,NBRO/MTL/MATALE/2026/KA/190,E 329A,House / නිවාස,2025-11-27 00:00:00,,2026-02-10 00:00:00,"Landslide / නායයෑම්, Slope failures / බැවුම් අස්ථාවරවීම්, Cutting failure / කණ්ඩි අස්ථාවරවීම්, Rock fall / ගල් පෙරලීම්",,Partially / අර්ධහානි,0.0,,,,2.0,1.0,,4.0,1.0,8,,Matale,80.610133,7.54754
80.651601,7.04219,Nuwara Eliya,කොත්මලේ බටහිර ප්රා.ලේ.කො,කලපිටිය,HR2,HR2,,NBRI/NE/KTD[West]/2026/DSDD/142),NBRI/NE/KTD[West]/2026/DSDD/142),,House / නිවාස,2025.11.27,,2026.02.12,Slope failures / බැවුම් අස්ථාවරවීම්,Resettle / නැවත පදිංචිකිරීම,Partially / අර්ධහානි,,,,,1.0,,,5.0,,6,,Nuwara Eliya,80.651601,7.04219
80.621765,7.538391,Matale,මාතලේ ප්රා.ලේ.කො,ඇල්ලේපොල,HR2,HR2,,"NBRO/MTL/MATALE/2026/KA,PW/236","NBRO/MTL/MATALE/2026/KA,PW/236",,House / නිවාස,2025-11-28 00:00:00,,2026-02-25 00:00:00,"Slope failures / බැවුම් අස්ථාවරවීම්, Cutting failure / කණ්ඩි අස්ථාවරවීම්, Other / වෙනත් (වෙනත් කරුණු යටතේ සදහන් කරන්න)",,Partially / අර්ධහානි,0.0,,,,1.0,,,4.0,1.0,6,,Matale,80.621765,7.538391
80.381994,7.070577,Kegalle,යටියන්තොට ප්රා.ලේ.කො,දොඹේපොල,HR2,HR2,,LRR-YTP-74,LRR-YTP-74,,House / නිවාස,2025-11-28 00:00:00,,2025-12-18 00:00:00,Landslide / නායයෑම්,Resettle / නැවත පදිංචිකිරීම,Partially / අර්ධහානි,,,,,1.0,,,2.0,,3,,Kegalle,80.381994,7.070577
80.590598,7.580526,Matale,යටවත්ත ප්රා.ලේ.කො,"ගලගට, උඩගම",HR2,HR2,,NBRO/MTL/YATAWATTA/2025/BCA/29,NBRO/MTL/YATAWATTA/2025/BCA/29,,House / නිවාස,2025-11-28 00:00:00,,2025-12-10 00:00:00,Landslide / නායයෑම්,,,,,,,1.0,2.0,,2.0,,5,,Matale,80.590598,7.580526
80.381455,7.07159,Kegalle,යටියන්තොට ප්රා.ලේ.කො,දොඹේපොල,HR2,HR2,,LRR-YTP-75,LRR-YTP-75,,House / නිවාස,2025-11-28 00:00:00,,2025-12-18 00:00:00,Landslide / නායයෑම්,Resettle / නැවත පදිංචිකිරීම,Partially / අර්ධහානි,,,,,1.0,,,4.0,,5,,Kegalle,80.381455,7.07159
80.34518,7.074797,Kegalle,යටියන්තොට ප්රා.ලේ.කො,අමනාවල,HR2,HR2,,LRR-YTP-78,LRR-YTP-78,,House / නිවාස,2025-11-28 00:00:00,,2025-12-29 00:00:00,Landslide / නායයෑම්,Resettle / නැවත පදිංචිකිරීම,Partially / අර්ධහානි,,,,,3.0,,,,3.0,6,,Kegalle,80.34518,7.074797
80.625028,7.542591,Matale,මාතලේ ප්රා.ලේ.කො,පලාපත්වල,HR2,HR2,,NBRO/LRRMD-MAT/MTL/MATALE/LI/26/0383,NBRO/LRRMD-MAT/MTL/MATALE/LI/26/0383,,House / නිවාස,2025-11-28 00:00:00,,2026-03-27 00:00:00,"Cutting failure / කණ්ඩි අස්ථාවරවීම්, Rock fall / ගල් පෙරලීම්",,Partially / අර්ධහානි,0.0,,,,1.0,,,,,1,,Matale,80.625028,7.542591
80.493227,7.325716,Kandy,යටිනුවර ප්රා.ලේ.කො,තිස්මඩ,HR2,HR2,,KYP 314,KYP 314,,House / නිවාස,2025-11-27 00:00:00,,2026-08-14 00:00:00,Slope failures / බැවුම් අස්ථාවරවීම්,,,0.0,,,,2.0,6.0,,,,8,,Kandy,80.493227,7.325716
80.636567,7.339776,Kandy,පාතදුම්බර ප්රා.ලේ.කො,පල්ලෙතලවින්න,HR2,HR2,,TPB 385,TPB 385,613.0,House / නිවාස,2025-11-27 00:00:00,,2026-05-19 00:00:00,Slope failures / බැවුම් අස්ථාවරවීම්,,,,,,,1.0,,,1.0,,2,,Kandy,80.636567,7.339776
80.643701,7.33232,Kandy,පාතදුම්බර ප්රා.ලේ.කො,බලනගල,HR2,HR2,,TPB 391,TPB 391,610.0,House / නිවාස,2025-11-27 00:00:00,,2026-05-19 00:00:00,Slope failures / බැවුම් අස්ථාවරවීම්,,,,,,,1.0,,,1.0,,2,,Kandy,80.643701,7.33232
80.627086,7.483318,Matale,මාතලේ ප්රා.ලේ.කො,කළුදෑෑවල,HR2,HR2,,NBRO/LRRMD-MAT/MTL/MATALE/LI/26/0557,NBRO/LRRMD-MAT/MTL/MATALE/LI/26/0557,,House / නිවාස,2025-11-27 00:00:00,,2026-05-08 00:00:00,Slope failures / බැවුම් අස්ථාවරවීම්,,Partially / අර්ධහානි,0.0,,,,1.0,,,,,1,,Matale,80.627086,7.483318
80.625991,7.481288,Matale,මාතලේ ප්රා.ලේ.කො,කළුදෑවල,HR2,HR2,,NBRO/LRRMD-MAT/MTL/MATALE/LI/26/0378,NBRO/LRRMD-MAT/MTL/MATALE/LI/26/0378,,House / නිවාස,2025-11-27 00:00:00,,,Other / වෙනත් (වෙනත් කරුණු යටතේ සදහන් කරන්න),Resettle / නැවත පදිංචිකිරීම,,0.0,,,,1.0,,,,,1,,Matale,80.625991,7.481288
80.381367,7.012848,Kegalle,යටියන්තොට ප්රා.ලේ.කො,ගෝනගමුව,HR2,HR2,,LRR-YTP-55,LRR-YTP-55,,House / නිවාස,2025-11-28 00:00:00,,2026-01-12 00:00:00,Landslide / නායයෑම්,Resettle / නැවත පදිංචිකිරීම,Partially / අර්ධහානි,,,,,1.0,1.0,,11.0,1.0,14,,Kegalle,80.381367,7.012848
80.660583,7.387107,Matale,උකුවෙල ප්රා.ලේ.කො,උල්පතපිටිය,HR2,HR2,,NBRO/MTL/UKUWELA/2025/MMCUB/7,NBRO/MTL/UKUWELA/2025/MMCUB/7,,House / නිවාස,2025-11-28 00:00:00,,2025-12-03 00:00:00,Landslide / නායයෑම්,,,,,,,17.0,,,2.0,,19,,Matale,80.660583,7.387107
80.607727,7.422105,Matale,උකුවෙල ප්රා.ලේ.කො,,HR2,HR2,,NBRO/MTL/UKUWELA/2025/MMCUB/1,NBRO/MTL/UKUWELA/2025/MMCUB/1,,House / නිවාස,,,2025-12-03 00:00:00,Slope failures / බැවුම් අස්ථාවරවීම්,,,,,,,8.0,,,,,8,,Matale,80.607727,7.422105
80.58613,7.530658,Matale,යටවත්ත ප්රා.ලේ.කො,උණවෙරුව,HR2,HR2,,NBRO/MTL/YATAWATTA/2025/MJ/138,NBRO/MTL/YATAWATTA/2025/MJ/138,,House / නිවාස,,,,Rock fall / ගල් පෙරලීම්,,,,,,,5.0,,,,,5,,Matale,80.58613,7.530658
80.590995,7.586104,Matale,යටවත්ත ප්රා.ලේ.කො,උඩගම,HR2,HR2,,"NBRO/MTL/YATAWATTA/2026/TW,DJ/20","NBRO/MTL/YATAWATTA/2026/TW,DJ/20",A 332 B,House / නිවාස,2025-11-27 00:00:00,,2026-01-06 00:00:00,"Cutting failure / කණ්ඩි අස්ථාවරවීම්, Rock fall / ගල් පෙරලීම්",,,,,,,1.0,,,,,1,,Matale,80.590995,7.586104
80.59061,7.586992,Matale,යටවත්ත ප්රා.ලේ.කො,උඩගම,HR2,HR2,,"NBRO/MTL/YATAWATTA/2026/TW,DJ/20","NBRO/MTL/YATAWATTA/2026/TW,DJ/20",A 332 B,House / නිවාස,2025-11-27 00:00:00,,2026-01-06 00:00:00,"Cutting failure / කණ්ඩි අස්ථාවරවීම්, Rock fall / ගල් පෙරලීම්",,,,,,,1.0,,,4.0,1.0,6,,Matale,80.59061,7.586992
80.594012,7.586946,Matale,යටවත්ත ප්රා.ලේ.කො,නාාගොල්ල,HR2,HR2,,"NBRO/MTL/YATAWATTA/2026/TW,DJ/22","NBRO/MTL/YATAWATTA/2026/TW,DJ/22",,House / නිවාස,2025-11-28 00:00:00,,2026-01-06 00:00:00,"Slope failures / බැවුම් අස්ථාවරවීම්, Cutting failure / කණ්ඩි අස්ථාවරවීම්",,,,,,,1.0,,,,,1,,Matale,80.594012,7.586946
80.588325,7.503282,Matale,යටවත්ත ප්රා.ලේ.කො,ඇටිපොල,HR2,HR2,,NBRO/MTL/YATAWATTA/2026/WAES/35,NBRO/MTL/YATAWATTA/2026/WAES/35,E 341,House / නිවාස,,,2026-01-01 00:00:00,"Landslide / නායයෑම්, Cutting failure / කණ්ඩි අස්ථාවරවීම්",,,,,,,19.0,5.0,,,,24,,Matale,80.588325,7.503282
80.596218,7.547422,Matale,යටවත්ත ප්රා.ලේ.කො,ගම්මු්මුල්ල,HR2,HR2,,"NBRO/MTL/YATAWATTA/2026/TW,ST/56","NBRO/MTL/YATAWATTA/2026/TW,ST/56",E 337,House / නිවාස,2025-11-27 00:00:00,,2026-01-11 00:00:00,"Slope failures / බැවුම් අස්ථාවරවීම්, Cutting failure / කණ්ඩි අස්ථාවරවීම්",,,,,,,1.0,,,,,1,,Matale,80.596218,7.547422
80.59475,7.547223,Matale,යටවත්ත ප්රා.ලේ.කො,ගම්මු්මුල්ල,HR2,HR2,,"NBRO/MTL/YATAWATTA/2026/TW,ST/56","NBRO/MTL/YATAWATTA/2026/TW,ST/56",E 337,House / නිවාස,2025-11-27 00:00:00,,2026-01-11 00:00:00,"Slope failures / බැවුම් අස්ථාවරවීම්, Cutting failure / කණ්ඩි අස්ථාවරවීම්",,,,,,,1.0,,,1.0,,2,,Matale,80.59475,7.547223
80.634506,7.048818,Nuwara Eliya,කොත්මලේ බටහිර ප්රා.ලේ.කො,වටද්දර,HR2,HR2,,NBRI/NE/KTD(West)/2025/DSDD/08 - REV),NBRI/NE/KTD(West)/2025/DSDD/08 - REV),,House / නිවාස,2025.11.27 උදේ 6.00,,2025.12.08,,Resettle / නැවත පදිංචිකිරීම,Partially / අර්ධහානි,,,,,2.0,1.0,,,,3,,Nuwara Eliya,80.634506,7.048818
80.615507,7.566445,Matale,යටවත්ත ප්රා.ලේ.කො,ගලලියද්ද,HR2,HR2,,"NBRO/MTL/YATAWATTA/2026/TW,ST/54","NBRO/MTL/YATAWATTA/2026/TW,ST/54",E 331/H,House / නිවාස,2025-11-27 00:00:00,,2026-01-11 00:00:00,"Slope failures / බැවුම් අස්ථාවරවීම්, Cutting failure / කණ්ඩි අස්ථාවරවීම්",,,,,,,1.0,,,,,1,,Matale,80.615507,7.566445
80.612153,7.570463,Matale,යටවත්ත ප්රා.ලේ.කො,රතලවැව,HR2,HR2,,"NBRO/MTL/YATAWATTA/2026/TW,ST/55","NBRO/MTL/YATAWATTA/2026/TW,ST/55",E 331/C,House / නිවාස,2025-11-27 00:00:00,,2026-01-11 00:00:00,"Slope failures / බැවුම් අස්ථාවරවීම්, Cutting failure / කණ්ඩි අස්ථාවරවීම්, Other / වෙනත් (වෙනත් කරුණු යටතේ සදහන් කරන්න)",,,,,,,3.0,,,2.0,,5,,Matale,80.612153,7.570463
80.607046,7.584281,Matale,යටවත්ත ප්රා.ලේ.කො,දෙල්ගොල්ල,HR2,HR2,,NBRO/MTL/YATAWATTA/2026/WAES/75,NBRO/MTL/YATAWATTA/2026/WAES/75,E 331 F,House / නිවාස,2025-11-29 00:00:00,,2026-01-14 00:00:00,"Rock fall / ගල් පෙරලීම්, Other / වෙනත් (වෙනත් කරුණු යටතේ සදහන් කරන්න)",,,,,,,1.0,5.0,,1.0,,7,,Matale,80.607046,7.584281
80.50398,6.965774,Nuwara Eliya,අඹගමුව ප්රා.ලේ.කො,දෙහිගස්තැන්න,HR2,HR2,,NBRI/NE/ABD/2026/SMK/222),NBRI/NE/ABD/2026/SMK/222),,House / නිවාස,2025.11.27 (නිතර නිතර ගල් පෙරළීම් සිදුවේ.),,2026.05.20,Rock fall / ගල් පෙරලීම්,Resettle / නැවත පදිංචිකිරීම,Minor or No Damages / සුළුහානි හෝ හානි නොමැති,,ඇළ ඉවුරු ඛාදනය / සුනුපහන් පාංශු ස්ථරය අසංතතික ස්ථායිකරණය වීම,,,1.0,4.0,,17.0,,22,,Nuwara Eliya,80.50398,6.965774
80.550723,7.071658,Nuwara Eliya,කොත්මලේ බටහිර ප්රා.ලේ.කො,මල්ලන්ද,HR2,HR2,,NBRI/NE/KTD[West]/2026/DMCP/සංශෝධන/148),NBRI/NE/KTD[West]/2026/DMCP/සංශෝධන/148),460,House / නිවාස,2025/11/27-29,,2026-05-26 00:00:00,Slope failures / බැවුම් අස්ථාවරවීම්,Resettle / නැවත පදිංචිකිරීම,Minor or No Damages / සුළුහානි හෝ හානි නොමැති,,,,,1.0,1.0,,25.0,,27,,Nuwara Eliya,80.550723,7.071658
80.367308,7.02652,Kegalle,යටියන්තොට ප්රා.ලේ.කො,පොල්පිටිය,HR2,HR2,,LRR-YTP-53,LRR-YTP-53,,House / නිවාස,2025-11-27 00:00:00,,2026-01-10 00:00:00,Slope failures / බැවුම් අස්ථාවරවීම්,Resettle / නැවත පදිංචිකිරීම,Partially / අර්ධහානි,,,,,1.0,2.0,,2.0,,5,,Kegalle,80.367308,7.02652
80.573854,7.462076,Matale,උකුවෙල ප්රා.ලේ.කො,වදේමඩ,HR2,HR2,,NBRO/MTL/UKUWELA/2025/EIJ/92,NBRO/MTL/UKUWELA/2025/EIJ/92,E 344,House / නිවාස,2025-11-27 00:00:00,,2025-12-13 00:00:00,"Landslide / නායයෑම්, Rock fall / ගල් පෙරලීම්",,,,,,,2.0,22.0,,5.0,1.0,30,,Matale,80.573854,7.462076
80.596069,7.464006,Matale,උකුවෙල ප්රා.ලේ.කො,වටගොඩ,HR2,HR2,,NBRO/MTL/UKUWELA/2025/MJ/99,NBRO/MTL/UKUWELA/2025/MJ/99,,House / නිවාස,2025-11-28 00:00:00,,2025-12-14 00:00:00,"Landslide / නායයෑම්, Slope failures / බැවුම් අස්ථාවරවීම්",,,,,,,1.0,4.0,,,,5,,Matale,80.596069,7.464006
80.613906,7.562075,Matale,යටවත්ත ප්රා.ලේ.කො,ගලලිියද්ද,HR2,HR2,,"NBRO/MTL/YATAWATTA/2026/TW,WR/106","NBRO/MTL/YATAWATTA/2026/TW,WR/106",E 331 H,House / නිවාස,2025-11-27 00:00:00,,2026-01-19 00:00:00,"Slope failures / බැවුම් අස්ථාවරවීම්, Cutting failure / කණ්ඩි අස්ථාවරවීම්, Rock fall / ගල් පෙරලීම්",,,,,,,1.0,6.0,,6.0,,13,,Matale,80.613906,7.562075
80.594725,7.445777,Matale,උකුවෙල ප්රා.ලේ.කො,පල්ලේකුඹුර,HR2,HR2,,NBRO/MTL/UKUWELA/2025/TW/130,NBRO/MTL/UKUWELA/2025/TW/130,E 343/H,House / නිවාස,2025-11-27 00:00:00,,2025-12-25 00:00:00,"Landslide / නායයෑම්, Slope failures / බැවුම් අස්ථාවරවීම්, Cutting failure / කණ්ඩි අස්ථාවරවීම්",,,,,,,2.0,3.0,,6.0,3.0,14,,Matale,80.594725,7.445777
80.572632,7.534379,Matale,යටවත්ත ප්රා.ලේ.කො,ඉඩංගම,HR2,HR2,,"NBRO/MTL/YATAWATTA/2026/TW,DJ/159","NBRO/MTL/YATAWATTA/2026/TW,DJ/159",E 335 A,House / නිවාස,2025-11-28 00:00:00,,2026-02-02 00:00:00,"Slope failures / බැවුම් අස්ථාවරවීම්, Other / වෙනත් (වෙනත් කරුණු යටතේ සදහන් කරන්න)",,,,,,,2.0,,,8.0,,10,,Matale,80.572632,7.534379
80.8727,7.35163,Kandy,උඩදුම්බර ප්රා.ලේ.කො,හංවැල්ල,HR2,HR2,,AW/094,AW/094,882.0,House / නිවාස,2025-11-27 00:00:00,,2026-01-27 00:00:00,Slope failures / බැවුම් අස්ථාවරවීම්,Resettle / නැවත පදිංචිකිරීම,,,,,,6.0,,,,,6,,Kandy,80.8727,7.35163
80.637297,7.035905,Nuwara Eliya,කොත්මලේ බටහිර ප්රා.ලේ.කො,රොජසන්ගම දකුණ,HR2,HR2,,NBRI/NE/KTD[West]/2026/WGMSS/89),NBRI/NE/KTD[West]/2026/WGMSS/89),465/ඩී,House / නිවාස,2025.11.27,,2026.05.29,Rock fall / ගල් පෙරලීම්,Resettle / නැවත පදිංචිකිරීම,Partially / අර්ධහානි,,,,,1.0,1.0,,1.0,,3,,Nuwara Eliya,80.637297,7.035905
80.791859,7.081398,Nuwara Eliya,මතුරට ප්රා.ලේ.කො,ඉඩම්පිටිය,HR2,HR2,,NBRI/NE/HKD[Mathurata]/2025/DMCP/සංශෝධන/12 -Rev,NBRI/NE/HKD[Mathurata]/2025/DMCP/සංශෝධන/12 -Rev,510,House / නිවාස,2025-11-27 00:00:00,,2025-12-12 00:00:00,Landslide / නායයෑම්,Resettle / නැවත පදිංචිකිරීම,Partially / අර්ධහානි,,,,,2.0,1.0,,,,3,,Nuwara Eliya,80.791859,7.081398
80.569666,7.463015,Matale,උකුවෙල ප්රා.ලේ.කො,පතිංගොල්ල,HR2,HR2,,NBRO/MTL/UKUWELA/2026/KA/42,NBRO/MTL/UKUWELA/2026/KA/42,,House / නිවාස,2025-11-27 00:00:00,,2026-01-08 00:00:00,"Slope failures / බැවුම් අස්ථාවරවීම්, Cutting failure / කණ්ඩි අස්ථාවරවීම්",,Partially / අර්ධහානි,,,,,1.0,,,,,1,,Matale,80.569666,7.463015
80.575521,7.565283,Matale,යටවත්ත ප්රා.ලේ.කො,යටවත්ත,HR2,HR2,,NBRO/MTL/YATAWATTA/2026/PS/121,NBRO/MTL/YATAWATTA/2026/PS/121,E 334,House / නිවාස,,,2026-01-26 00:00:00,"Slope failures / බැවුම් අස්ථාවරවීම්, Cutting failure / කණ්ඩි අස්ථාවරවීම්",,,,,,,1.0,,,,,1,,Matale,80.575521,7.565283
80.577258,7.398253,Kandy,පුජාපිටිය ප්රා.ලේ.කො,ගොඩගහේන,HR2,HR2,,WDN 136,WDN 136,521.0,House / නිවාස,2025-11-27 00:00:00,,2026-05-27 00:00:00,Slope failures / බැවුම් අස්ථාවරවීම්,,,,,,,1.0,,,,,1,,Kandy,80.577258,7.398253
80.549449,7.390969,Kandy,පුජාපිටිය ප්රා.ලේ.කො,උඩහිගුල්වල,HR2,HR2,,WDN 117,WDN 117,499.0,House / නිවාස,2025-11-27 00:00:00,,2026-05-21 00:00:00,Cutting failure / කණ්ඩි අස්ථාවරවීම්,,,,,,,1.0,,,,,1,,Kandy,80.549449,7.390969
80.579864,7.468216,Matale,උකුවෙල ප්රා.ලේ.කො,වත්තේගෙදර,HR2,HR2,,"NBRO/MTL/UKUWELA/2026/TW,VR/112","NBRO/MTL/UKUWELA/2026/TW,VR/112",E 343 I,House / නිවාස,2025-11-27 00:00:00,,2026-01-21 00:00:00,"Landslide / නායයෑම්, Slope failures / බැවුම් අස්ථාවරවීම්, Other / වෙනත් (වෙනත් කරුණු යටතේ සදහන් කරන්න)",,Minor / සුළුහානි,,,,,18.0,1.0,,8.0,,27,,Matale,80.579864,7.468216
80.535276,7.397156,Kandy,පුජාපිටිය ප්රා.ලේ.කො,උඩහිගුල්වල,HR2,HR2,,WDN 120,WDN 120,499.0,House / නිවාස,2025-11-27 00:00:00,,2026-05-21 00:00:00,Slope failures / බැවුම් අස්ථාවරවීම්,,,,,,,1.0,,,,,1,,Kandy,80.535276,7.397156
80.53387,7.400782,Kandy,පුජාපිටිය ප්රා.ලේ.කො,උඩහිගුල්වල,HR2,HR2,,WDN 122,WDN 122,499.0,House / නිවාස,2025-11-27 00:00:00,,2026-05-21 00:00:00,Cutting failure / කණ්ඩි අස්ථාවරවීම්,,,,,,,1.0,,,,,1,,Kandy,80.53387,7.400782
80.541809,7.404186,Kandy,පුජාපිටිය ප්රා.ලේ.කො,උඩහේන,HR2,HR2,,WDN 123,WDN 123,500.0,House / නිවාස,2025-11-27 00:00:00,,2026-05-21 00:00:00,Cutting failure / කණ්ඩි අස්ථාවරවීම්,,,,,,,1.0,,,,,1,,Kandy,80.541809,7.404186
80.683854,7.404143,Matale,උකුවෙල ප්රා.ලේ.කො,කරගහහින්න,HR2,HR2,,NBRO/MTL/UKUWELA/2026/RMSR/90,NBRO/MTL/UKUWELA/2026/RMSR/90,362 / F,House / නිවාස,,,2026-01-03 00:00:00,"Landslide / නායයෑම්, Slope failures / බැවුම් අස්ථාවරවීම්, Cutting failure / කණ්ඩි අස්ථාවරවීම්",,,,,,,2.0,2.0,,2.0,,6,,Matale,80.683854,7.404143
80.627865,7.05075,Nuwara Eliya,කොත්මලේ බටහිර ප්රා.ලේ.කො,වටද්දර,HR2,HR2,,NBRI/NE/KTD[West]/2026/DSDD/320),NBRI/NE/KTD[West]/2026/DSDD/320),,House / නිවාස,2025.11.27,,2026.07.15,Other / වෙනත් (වෙනත් කරුණු යටතේ සදහන් කරන්න),Resettle / නැවත පදිංචිකිරීම,Partially / අර්ධහානි,,අසංතතික ස්ථායිකරණය,,,3.0,,,,,3,,Nuwara Eliya,80.627865,7.05075
80.593756,7.45543,Matale,උකුවෙල ප්රා.ලේ.කො,තැන්න,HR2,HR2,,NBRO/MTL/UKUWELA/2026/MJ/99,NBRO/MTL/UKUWELA/2026/MJ/99,E 343,House / නිවාස,2025-11-27 00:00:00,,2026-01-16 00:00:00,Cutting failure / කණ්ඩි අස්ථාවරවීම්,,Partially / අර්ධහානි,,,,,1.0,,,,,1,,Matale,80.593756,7.45543
80.575531,7.460408,Matale,උකුවෙල ප්රා.ලේ.කො,වදේමඩ,HR2,HR2,,NBRO/MTL/UKUWELA/2026/MJ/123,NBRO/MTL/UKUWELA/2026/MJ/123,,House / නිවාස,2025-11-27 00:00:00,,2026-01-16 00:00:00,"Landslide / නායයෑම්, Rock fall / ගල් පෙරලීම්, Other / වෙනත් (වෙනත් කරුණු යටතේ සදහන් කරන්න)",,,,,,,5.0,8.0,,29.0,,42,,Matale,80.575531,7.460408
80.827176,7.019222,Nuwara Eliya,වලපනේ ප්රා.ලේ.කො,බෲක්සයිඩ්,HR2,HR2,,NBRI/NE/WLD/2025/DMCP/18 -Rev,NBRI/NE/WLD/2025/DMCP/18 -Rev,533O,House / නිවාස,2025-11-27 00:00:00,Noon,2025-12-13 00:00:00,Slope failures / බැවුම් අස්ථාවරවීම්,Resettle / නැවත පදිංචිකිරීම,Partially / අර්ධහානි,,,,,12.0,,,5.0,,17,,Nuwara Eliya,80.827176,7.019222
80.8654,7.0936,Nuwara Eliya,වලපනේ ප්රා.ලේ.කො,කන්දේගම,HR2,HR2,,NBRI/NE/WLD/2025/JMH/02/සංශෝධන/Rev(II),NBRI/NE/WLD/2025/JMH/02/සංශෝධන/Rev(II),515 / සී,House / නිවාස,2025-11-27 00:00:00,,2025-12-09 00:00:00,Slope failures / බැවුම් අස්ථාවරවීම්,Resettle / නැවත පදිංචිකිරීම,Partially / අර්ධහානි,,,,,1.0,,,8.0,,9,,Nuwara Eliya,80.8654,7.0936
80.567089,7.424906,Kandy,පුජාපිටිය ප්රා.ලේ.කො,ගල්හින්න,HR2,HR2,,UIJ 282,UIJ 282,,House / නිවාස,2025-11-27 00:00:00,,2026-06-07 00:00:00,Slope failures / බැවුම් අස්ථාවරවීම්,,,,,,,1.0,,,1.0,,2,,Kandy,80.567089,7.424906
80.570716,7.433581,Kandy,පුජාපිටිය ප්රා.ලේ.කො,අංකූඹුර දකුණ,HR2,HR2,,UIJ 274,UIJ 274,,House / නිවාස,2025-11-27 00:00:00,,2026-06-07 00:00:00,Slope failures / බැවුම් අස්ථාවරවීම්,,,,,,,6.0,,,6.0,,12,,Kandy,80.570716,7.433581
80.6542,7.137429,Kandy,දොළුව ප්රා.ලේ.කො,රජතලාව,HR2,HR2,,IBE/0072,IBE/0072,,House / නිවාස,2025-11-27 00:00:00,,2026-01-15 00:00:00,"Landslide / නායයෑම්, Cutting failure / කණ්ඩි අස්ථාවරවීම්",,,,,,,1.0,2.0,,9.0,,12,,Kandy,80.6542,7.137429
80.584295,7.367357,Kandy,පුජාපිටිය ප්රා.ලේ.කො,බටගල්ල උතුර,HR2,HR2,,KYP 126,KYP 126,548.0,House / නිවාස,2025-11-27 00:00:00,,2026-06-10 00:00:00,"Cutting failure / කණ්ඩි අස්ථාවරවීම්, Other / වෙනත් (වෙනත් කරුණු යටතේ සදහන් කරන්න)",,,,ගල් පෙරළීමෙ අවදානම,,,1.0,,,1.0,,2,,Kandy,80.584295,7.367357
80.56688,7.43785,Kandy,පුජාපිටිය ප්රා.ලේ.කො,අංකුඹුරවත්ත,HR2,HR2,,BGS 174,BGS 174,,House / නිවාස,2025-11-27 00:00:00,,2026-04-10 00:00:00,,,,,,,,4.0,5.0,,1.0,,10,,Kandy,80.56688,7.43785
80.601611,7.501341,Matale,යටවත්ත ප්රා.ලේ.කො,දුල්ලැව නැගෙනහිර,HR2,HR2,,NBRO/MTL/YATAWATTA/2026/WAES/146,NBRO/MTL/YATAWATTA/2026/WAES/146,,House / නිවාස,2025-11-28 00:00:00,,2025-12-19 00:00:00,Landslide / නායයෑම්,,,,,,,2.0,,,,,2,,Matale,80.601611,7.501341
80.683003,7.403788,Matale,උකුවෙල ප්රා.ලේ.කො,කරගහහින්න,HR2,HR2,,NBRO/MTL/UKUWELA/2026/EIJ/132,NBRO/MTL/UKUWELA/2026/EIJ/132,362 F,House / නිවාස,2025-11-28 00:00:00,,2026-01-03 00:00:00,Other / වෙනත් (වෙනත් කරුණු යටතේ සදහන් කරන්න),,,,,,,3.0,2.0,,5.0,1.0,11,,Matale,80.683003,7.403788
80.550477,7.433309,Kandy,පුජාපිටිය ප්රා.ලේ.කො,පහළ කිතුල්ගොල්ල,HR2,HR2,,UIJ 278,UIJ 278,,House / නිවාස,2025-11-27 00:00:00,,2026-06-07 00:00:00,Other / වෙනත් (වෙනත් කරුණු යටතේ සදහන් කරන්න),,,,නායයෑම් අවධානම් (PLS),,,1.0,1.0,,1.0,,3,,Kandy,80.550477,7.433309
80.571428,7.431613,Kandy,පුජාපිටිය ප්රා.ලේ.කො,අංකූඹුර දකුණ,HR2,HR2,,UIJ 279,UIJ 279,,House / නිවාස,2025-11-27 00:00:00,,2026-06-07 00:00:00,Other / වෙනත් (වෙනත් කරුණු යටතේ සදහන් කරන්න),,,,නායයෑම් අවධානම් (PLS),,,3.0,,,,,3,,Kandy,80.571428,7.431613
80.8081,7.061727,Nuwara Eliya,මතුරට ප්රා.ලේ.කො,ගෝනකැලේ,HR2,HR2,,NBRI/NE/HKD[Mathurata]/2025/DSDD/36),NBRI/NE/HKD[Mathurata]/2025/DSDD/36),508 / B,House / නිවාස,2025-11-27 00:00:00,,2025-12-25 00:00:00,Slope failures / බැවුම් අස්ථාවරවීම්,Resettle / නැවත පදිංචිකිරීම,Partially / අර්ධහානි,,,,,1.0,21.0,,22.0,,44,,Nuwara Eliya,80.8081,7.061727
80.693386,7.408848,Matale,උකුවෙල ප්රා.ලේ.කො,ඇල්කඩුව,HR2,HR2,,NBRO/MTL/UKUWELA/2026/EIJ/162,NBRO/MTL/UKUWELA/2026/EIJ/162,E 363A,House / නිවාස,2025-11-27 00:00:00,,2026-01-13 00:00:00,"Landslide / නායයෑම්, Other / වෙනත් (වෙනත් කරුණු යටතේ සදහන් කරන්න)",,,,,,,3.0,,,,,3,,Matale,80.693386,7.408848
80.684242,7.405914,Matale,උකුවෙල ප්රා.ලේ.කො,තාලිංගාමඩ,HR2,HR2,,NBRO/MTL/UKUWELA/2026/EIJ/133,NBRO/MTL/UKUWELA/2026/EIJ/133,,Business / ව්‍යාපාරික ස්ථානය,2025-11-27 00:00:00,,2026-01-03 00:00:00,Other / වෙනත් (වෙනත් කරුණු යටතේ සදහන් කරන්න),,,,,,,1.0,1.0,,,,2,,Matale,80.684242,7.405914
80.603842,7.507517,Matale,යටවත්ත ප්රා.ලේ.කො,දුල්ලැව,HR2,HR2,,"NBRO/MTL/YATAWATTA/2026/MMCUB,WAES/166","NBRO/MTL/YATAWATTA/2026/MMCUB,WAES/166",,House / නිවාස,2025-11-22 00:00:00,,,Cutting failure / කණ්ඩි අස්ථාවරවීම්,,,,,,,1.0,,,,,1,,Matale,80.603842,7.507517
80.823423,7.107552,Nuwara Eliya,වලපනේ ප්රා.ලේ.කො,උණගොල්ල,HR2,HR2,,NBRI/NE/WLD/2025/LY/29),NBRI/NE/WLD/2025/LY/29),506 / A,House / නිවාස,"2025.11.26 , 2025.11.27",,2025-12-28 00:00:00,Landslide / නායයෑම්,Resettle / නැවත පදිංචිකිරීම,Partially / අර්ධහානි,,,,,1.0,15.0,,30.0,,46,,Nuwara Eliya,80.823423,7.107552
80.873094,7.056772,Nuwara Eliya,වලපනේ ප්රා.ලේ.කො,හරස්බැද්ද දකුණ,HR2,HR2,,NBRI/NE/WLD/2025/SMK/60),NBRI/NE/WLD/2025/SMK/60),,House / නිවාස,2025-11-27 00:00:00,,2025-12-26 00:00:00,Slope failures / බැවුම් අස්ථාවරවීම්,Resettle / නැවත පදිංචිකිරීම,Partially / අර්ධහානි,,,,,1.0,,,,,1,,Nuwara Eliya,80.873094,7.056772
80.780843,7.126839,Nuwara Eliya,මතුරට ප්රා.ලේ.කො,ඇහැළ මල්පේ,HR2,HR2,,NBRI/NE/HKD[Mathurata]/2025/KLKT/36),NBRI/NE/HKD[Mathurata]/2025/KLKT/36),483ඒ,House / නිවාස,2025-11-27 00:00:00,,2025-12-05 00:00:00,Slope failures / බැවුම් අස්ථාවරවීම්,Resettle / නැවත පදිංචිකිරීම,Partially / අර්ධහානි,,ගල් පෙරලිම්,,,1.0,,,1.0,,2,,Nuwara Eliya,80.780843,7.126839
80.82688,7.079423,Nuwara Eliya,වලපනේ ප්රා.ලේ.කො,හයිෆොරස්ට් 504 ඊ කුරුදුඔය,HR2,HR2,,NBRI/NE/WLD/2025/SMK/51,NBRI/NE/WLD/2025/SMK/51,504 ඊ,House / නිවාස,2025-11-27 00:00:00,,2025-12-24 00:00:00,Other / වෙනත් (වෙනත් කරුණු යටතේ සදහන් කරන්න),Resettle / නැවත පදිංචිකිරීම,Partially / අර්ධහානි,,,,,2.0,,,2.0,,4,,Nuwara Eliya,80.82688,7.079423
80.8589,7.0841,Nuwara Eliya,වලපනේ ප්රා.ලේ.කො,කන්දේගම,HR2,HR2,,NBRI/NE/WLD/2025/JMH/03,NBRI/NE/WLD/2025/JMH/03,515/ සී,House / නිවාස,2025-11-28 00:00:00,,2025-11-28 00:00:00,Landslide / නායයෑම්,Resettle / නැවත පදිංචිකිරීම,Partially / අර්ධහානි,,,,,6.0,,,12.0,,18,,Nuwara Eliya,80.8589,7.0841
80.769713,7.057853,Nuwara Eliya,මතුරට ප්රා.ලේ.කො,එළමුල්ල,HR2,HR2,,NBRI/NE/HKD (Mathurata) /2025/DSDD/33),NBRI/NE/HKD (Mathurata) /2025/DSDD/33),511/E,House / නිවාස,2025-11-27 00:00:00,,2025-12-24 00:00:00,Other / වෙනත් (වෙනත් කරුණු යටතේ සදහන් කරන්න),Resettle / නැවත පදිංචිකිරීම,Partially / අර්ධහානි,,,,,1.0,3.0,,4.0,,8,,Nuwara Eliya,80.769713,7.057853
80.585446,7.447798,Matale,උකුවෙල ප්රා.ලේ.කො,එනසල්මඩ,HR2,HR2,,NBRO/MTL/UKUWELA/2026/KA/173,NBRO/MTL/UKUWELA/2026/KA/173,,House / නිවාස,,,2026-01-08 00:00:00,Slope failures / බැවුම් අස්ථාවරවීම්,,,,,,,1.0,,,,,1,,Matale,80.585446,7.447798
80.804811,7.111228,Nuwara Eliya,වලපනේ ප්රා.ලේ.කො,ලදුපිට,HR2,HR2,,NBRI/NE/WLD/2025/SMK/14,NBRI/NE/WLD/2025/SMK/14,505 ඩී,House / නිවාස,,,2025-12-11 00:00:00,Other / වෙනත් (වෙනත් කරුණු යටතේ සදහන් කරන්න),Resettle / නැවත පදිංචිකිරීම,Partially / අර්ධහානි,,,,,35.0,,,,,35,,Nuwara Eliya,80.804811,7.111228
80.396885,7.068464,Kegalle,යටියන්තොට ප්රා.ලේ.කො,අමනාවල,HR2,HR2,,LRR-YTP-101,LRR-YTP-101,,House / නිවාස,2025-11-28 00:00:00,,2026-01-22 00:00:00,Landslide / නායයෑම්,Resettle / නැවත පදිංචිකිරීම,Partially / අර්ධහානි,,,,,1.0,,,3.0,,4,,Kegalle,80.396885,7.068464
80.578029,7.524255,Matale,යටවත්ත ප්රා.ලේ.කො,මාතලාපිටිය,HR2,HR2,,NBRO/MTL/YATAWATTA/2026/KA/200,NBRO/MTL/YATAWATTA/2026/KA/200,E 340 A,House / නිවාස,2025-11-27 00:00:00,,2026-02-05 00:00:00,"Cutting failure / කණ්ඩි අස්ථාවරවීම්, Rock fall / ගල් පෙරලීම්, Other / වෙනත් (වෙනත් කරුණු යටතේ සදහන් කරන්න)",,Partially / අර්ධහානි,,,,,1.0,,,6.0,,7,,Matale,80.578029,7.524255
80.61056,7.423695,Matale,උකුවෙල ප්රා.ලේ.කො,බලකඩුව,HR2,HR2,,NBRO/MTL/UKUWELA/2026/KA/267,NBRO/MTL/UKUWELA/2026/KA/267,,House / නිවාස,2025-11-27 00:00:00,,2026-03-20 00:00:00,"Slope failures / බැවුම් අස්ථාවරවීම්, Cutting failure / කණ්ඩි අස්ථාවරවීම්",,,,,,,1.0,2.0,,9.0,,12,,Matale,80.61056,7.423695
80.797601,7.09058,Nuwara Eliya,මතුරට ප්රා.ලේ.කො,උඩ පදියපැලැල්ල,HR2,HR2,,NBRI/NE/HKD(Mathurata)/2026/KLKT-54),NBRI/NE/HKD(Mathurata)/2026/KLKT-54),510/ඒ,House / නිවාස,2025-11-27 00:00:00,,2026-01-11 00:00:00,Slope failures / බැවුම් අස්ථාවරවීම්,Resettle / නැවත පදිංචිකිරීම,Partially / අර්ධහානි,,,,,1.0,,,3.0,,4,,Nuwara Eliya,80.797601,7.09058
80.669442,7.162019,Kandy,දොළුව ප්රා.ලේ.කො,තුම්පෑලවක-,HR2,HR2,,TPB/095,TPB/095,1140.0,House / නිවාස,2025-11-27 00:00:00,,2026-02-12 00:00:00,"Rock fall / ගල් පෙරලීම්, Landslide / නායයෑම්",,,,,,,1.0,2.0,,4.0,,7,,Kandy,80.669442,7.162019
80.768405,7.045456,Nuwara Eliya,මතුරට ප්රා.ලේ.කො,හොරගොල්ල,HR2,HR2,,NBRI/NE/HKD[Mathurata]/2026/DSDD/70),NBRI/NE/HKD[Mathurata]/2026/DSDD/70),,House / නිවාස,2025-11-27 00:00:00,,2026-01-14 00:00:00,Slope failures / බැවුම් අස්ථාවරවීම්,Resettle / නැවත පදිංචිකිරීම,Partially / අර්ධහානි,,ගල් පෙරලිම්,,,1.0,2.0,,,,3,,Nuwara Eliya,80.768405,7.045456
80.771846,7.036261,Nuwara Eliya,මතුරට ප්රා.ලේ.කො,හොරගොල්ල,HR2,HR2,,NBRI/NE/HKD[Mathurata]/2026/DSDD/71),NBRI/NE/HKD[Mathurata]/2026/DSDD/71),,House / නිවාස,2025-11-27 00:00:00,,2026-01-14 00:00:00,Other / වෙනත් (වෙනත් කරුණු යටතේ සදහන් කරන්න),Resettle / නැවත පදිංචිකිරීම,Partially / අර්ධහානි,,"ගිලා බැසීම් ,නිම්නය අසල",,,1.0,,,9.0,,10,,Nuwara Eliya,80.771846,7.036261
80.591787,7.569822,Matale,යටවත්ත ප්රා.ලේ.කො,දුල්ලෑව නැගෙනහිර,HR2,HR2,,NBRO/LRRMD-MAT/YATAWATTA/LI/26/1004,NBRO/LRRMD-MAT/YATAWATTA/LI/26/1004,,House / නිවාස,2025-11-27 00:00:00,,2026-05-20 00:00:00,Cutting failure / කණ්ඩි අස්ථාවරවීම්,Resettle / නැවත පදිංචිකිරීම,,,,,,1.0,,,,,1,,Matale,80.591787,7.569822
80.580285,7.469108,Matale,උකුවෙල ප්රා.ලේ.කො,වත්තේගෙදර,HR2,HR2,,NBRO/MTL/UKUWELA/2026/SS/198,NBRO/MTL/UKUWELA/2026/SS/198,E 343/I,House / නිවාස,2025-11-27 00:00:00,,2026-01-16 00:00:00,Slope failures / බැවුම් අස්ථාවරවීම්,,,,,,,1.0,,,5.0,2.0,8,,Matale,80.580285,7.469108
80.877692,7.08108,Nuwara Eliya,වලපනේ ප්රා.ලේ.කො,ඉලුක්පතන,HR2,HR2,,NBRI/NE/WLD/2026/DSDD/51),NBRI/NE/WLD/2026/DSDD/51),,House / නිවාස,2025.11.27 - 2025.11.28,,2026-01-08 00:00:00,Landslide / නායයෑම්,Resettle / නැවත පදිංචිකිරීම,Partially / අර්ධහානි,,,,,1.0,8.0,,1.0,,10,,Nuwara Eliya,80.877692,7.08108
80.387061,7.065573,Kegalle,යටියන්තොට ප්රා.ලේ.කො,අමනාවල,HR2,HR2,,LRR - YTP - 08,LRR - YTP - 08,131 ඒ,House / නිවාස,2025-11-28 00:00:00,,2025-12-26 00:00:00,Landslide / නායයෑම්,Resettle / නැවත පදිංචිකිරීම,Partially / අර්ධහානි,,,,,1.0,,,12.0,7.0,20,,Kegalle,80.387061,7.065573
80.771507,7.047379,Nuwara Eliya,මතුරට ප්රා.ලේ.කො,එළමුල්ල,HR2,HR2,,NBRI/NE/HKD[Mathurata]/2026/DSDD/65),NBRI/NE/HKD[Mathurata]/2026/DSDD/65),,House / නිවාස,2025-11-27 00:00:00,,2026-01-13 00:00:00,Other / වෙනත් (වෙනත් කරුණු යටතේ සදහන් කරන්න),Resettle / නැවත පදිංචිකිරීම,Partially / අර්ධහානි,,ආතති පැලුම්,,,1.0,1.0,,9.0,6.0,17,,Nuwara Eliya,80.771507,7.047379
80.38423,7.065108,Kegalle,යටියන්තොට ප්රා.ලේ.කො,අමනාවල,HR2,HR2,,LRR - YTP - 07,LRR - YTP - 07,131 ඒ,House / නිවාස,2025-11-28 00:00:00,13:00:00,2025-12-09 00:00:00,Landslide / නායයෑම්,Resettle / නැවත පදිංචිකිරීම,Partially / අර්ධහානි,,,,,2.0,4.0,,11.0,,17,,Kegalle,80.38423,7.065108
80.671814,7.388058,Matale,උකුවෙල ප්රා.ලේ.කො,ඉඹුල්පිටිය,HR2,HR2,,NBRO/MTL/UKUWELA/2026/EIJ/269,NBRO/MTL/UKUWELA/2026/EIJ/269,E 362,House / නිවාස,2025-11-27 00:00:00,,2026-01-26 00:00:00,Slope failures / බැවුම් අස්ථාවරවීම්,,,,,,,1.0,,,,,1,,Matale,80.671814,7.388058
80.59727,7.454267,Matale,උකුවෙල ප්රා.ලේ.කො,කිරිමැටියාව,HR2,HR2,,NBRO/LRRMD-MAT/MTL/UKUWELA/LI/26/0779,NBRO/LRRMD-MAT/MTL/UKUWELA/LI/26/0779,,House / නිවාස,2025-11-27 00:00:00,,2026-06-05 00:00:00,"Slope failures / බැවුම් අස්ථාවරවීම්, Cutting failure / කණ්ඩි අස්ථාවරවීම්",Resettle / නැවත පදිංචිකිරීම,,,,,,1.0,,,,,1,,Matale,80.59727,7.454267
80.670756,7.393885,Matale,උකුවෙල ප්රා.ලේ.කො,රංගම,HR2,HR2,,NBRO/MTL/UKUWELA/LI/26/0441,NBRO/MTL/UKUWELA/LI/26/0441,,House / නිවාස,2025-11-27 00:00:00,,2026-04-25 00:00:00,Cutting failure / කණ්ඩි අස්ථාවරවීම්,Resettle / නැවත පදිංචිකිරීම,Partially / අර්ධහානි,,,,,2.0,,,,,2,,Matale,80.670756,7.393885
80.671266,7.39805,Matale,උකුවෙල ප්රා.ලේ.කො,රංගම,HR2,HR2,,NBRO/MTL/UKUWELA/LI/26/0439,NBRO/MTL/UKUWELA/LI/26/0439,,House / නිවාස,2025-11-27 00:00:00,,2026-04-25 00:00:00,Cutting failure / කණ්ඩි අස්ථාවරවීම්,Resettle / නැවත පදිංචිකිරීම,Partially / අර්ධහානි,,,,,2.0,,,,,2,,Matale,80.671266,7.39805
80.670469,7.395071,Matale,උකුවෙල ප්රා.ලේ.කො,රංගම,HR2,HR2,,NBRO/MTL/UKUWELA/LI/26/0437,NBRO/MTL/UKUWELA/LI/26/0437,,House / නිවාස,2025-11-27 00:00:00,,2026-04-25 00:00:00,"Cutting failure / කණ්ඩි අස්ථාවරවීම්, Rock fall / ගල් පෙරලීම්",Resettle / නැවත පදිංචිකිරීම,Partially / අර්ධහානි,,,,,1.0,,,,,1,,Matale,80.670469,7.395071
80.669849,7.395165,Matale,උකුවෙල ප්රා.ලේ.කො,රංගම,HR2,HR2,,NBRO/MTL/UKUWELA/LI/26/0438,NBRO/MTL/UKUWELA/LI/26/0438,,House / නිවාස,2025-11-27 00:00:00,,2026-04-25 00:00:00,Cutting failure / කණ්ඩි අස්ථාවරවීම්,Resettle / නැවත පදිංචිකිරීම,Partially / අර්ධහානි,,,,,1.0,,,,,1,,Matale,80.669849,7.395165
80.671703,7.394704,Matale,උකුවෙල ප්රා.ලේ.කො,රංගම,HR2,HR2,,NBRO/MTL/UKUWELA/LI/26/0442,NBRO/MTL/UKUWELA/LI/26/0442,,House / නිවාස,2025-11-27 00:00:00,,2026-04-25 00:00:00,Cutting failure / කණ්ඩි අස්ථාවරවීම්,Resettle / නැවත පදිංචිකිරීම,Partially / අර්ධහානි,,,,,1.0,,,,,1,,Matale,80.671703,7.394704
80.874903,7.096209,Nuwara Eliya,වලපනේ ප්රා.ලේ.කො,කැන්දගොල්ල,HR2,HR2,,NBRI/NE/WLD/2026/DSDD/61),NBRI/NE/WLD/2026/DSDD/61),,House / නිවාස,2025-11-27 00:00:00,,2026-01-12 00:00:00,Slope failures / බැවුම් අස්ථාවරවීම්,Resettle / නැවත පදිංචිකිරීම,Partially / අර්ධහානි,,,,,1.0,3.0,,1.0,,5,,Nuwara Eliya,80.874903,7.096209
80.582894,7.444837,Matale,උකුවෙල ප්රා.ලේ.කො,තිිබ්බටුවාව,HR2,HR2,,NBRI/MTL/LRRMD-MAT/UKUWELA/26/1002,NBRI/MTL/LRRMD-MAT/UKUWELA/26/1002,,House / නිවාස,2025-11-27 00:00:00,,2026-05-19 00:00:00,Cutting failure / කණ්ඩි අස්ථාවරවීම්,Resettle / නැවත පදිංචිකිරීම,,,,,,1.0,,,,,1,,Matale,80.582894,7.444837
80.717543,7.535707,Matale,රත්තොට ප්රා.ලේ.කො,දඹගොල්ල,HR2,HR2,,"NBRO/MTL/RATHTHOTA/2025/WAES,MJ/19","NBRO/MTL/RATHTHOTA/2025/WAES,MJ/19",,House / නිවාස,2025-11-27 00:00:00,,2025-12-03 00:00:00,"Landslide / නායයෑම්, Rock fall / ගල් පෙරලීම්",,,,,,,14.0,,,,,14,,Matale,80.717543,7.535707
80.866714,7.08166,Nuwara Eliya,වලපනේ ප්රා.ලේ.කො,මහඌව / කන්දේගම,HR2,HR2,,NBRI/NE/WLD/2026/SMK/84),NBRI/NE/WLD/2026/SMK/84),,House / නිවාස,2025-11-27 00:00:00,,2026-01-13 00:00:00,Slope failures / බැවුම් අස්ථාවරවීම්,Resettle / නැවත පදිංචිකිරීම,Partially / අර්ධහානි,,,,,1.0,1.0,,,,2,,Nuwara Eliya,80.866714,7.08166
80.428948,7.068878,Kegalle,යටියන්තොට ප්රා.ලේ.කො,සීපොත්,HR2,HR2,,ERR - YTP - 20,ERR - YTP - 20,131 ඊ,House / නිවාස,2025-11-28 00:00:00,,2025-12-05 00:00:00,Landslide / නායයෑම්,Resettle / නැවත පදිංචිකිරීම,Partially / අර්ධහානි,,,,,1.0,5.0,,2.0,,8,,Kegalle,80.428948,7.068878
80.706226,7.466796,Matale,රත්තොට ප්රා.ලේ.කො,හොරගොල්ල,HR2,HR2,,"NBRO/MTL/RATHTHOTA/2025/WAES,MJ/9","NBRO/MTL/RATHTHOTA/2025/WAES,MJ/9",,House / නිවාස,2025-11-28 00:00:00,,2025-12-04 00:00:00,Slope failures / බැවුම් අස්ථාවරවීම්,,,,,,,2.0,,,,,2,,Matale,80.706226,7.466796
80.776533,7.078676,Nuwara Eliya,මතුරට ප්රා.ලේ.කො,ගොඩිගමුව,HR2,HR2,,NBRI/NE/HKD[Mathurata]/2026/DSDD/76),NBRI/NE/HKD[Mathurata]/2026/DSDD/76),,House / නිවාස,2025-11-27 00:00:00,,2026-01-20 00:00:00,Cutting failure / කණ්ඩි අස්ථාවරවීම්,Resettle / නැවත පදිංචිකිරීම,Partially / අර්ධහානි,,,,,1.0,4.0,,,,5,,Nuwara Eliya,80.776533,7.078676
80.779392,7.141516,Nuwara Eliya,මතුරට ප්රා.ලේ.කො,උඩුවෙල පතන,HR2,HR2,,NBRI/NE/HKD[Mathurata]/2026/KLKT/සංශෝධනය/59),NBRI/NE/HKD[Mathurata]/2026/KLKT/සංශෝධනය/59),482 සී,House / නිවාස,2025-11-27 00:00:00,,2026-01-10 00:00:00,Slope failures / බැවුම් අස්ථාවරවීම්,Resettle / නැවත පදිංචිකිරීම,Partially / අර්ධහානි,,,,,1.0,2.0,,14.0,,17,,Nuwara Eliya,80.779392,7.141516
80.67955,7.45961,Matale,රත්තොට ප්රා.ලේ.කො,මහසෙළුවා කන්ද,HR2,HR2,,NBRO/MTL/RATHTHOTA/2025/MMCUB/38,NBRO/MTL/RATHTHOTA/2025/MMCUB/38,,House / නිවාස,2025-11-27 00:00:00,16:45:00,2025-12-07 00:00:00,Landslide / නායයෑම්,,,,,,,4.0,,,,,4,,Matale,80.67955,7.45961
80.765536,7.067045,Nuwara Eliya,මතුරට ප්රා.ලේ.කො,කැටහිර,HR2,HR2,,NBRI/NE/HKD[Mathurata]/2026/LY/48),NBRI/NE/HKD[Mathurata]/2026/LY/48),511එෆ්,House / නිවාස,2025-11-27 00:00:00,,2026-01-12 00:00:00,Landslide / නායයෑම්,Resettle / නැවත පදිංචිකිරීම,Partially / අර්ධහානි,,,,,1.0,,,11.0,,12,,Nuwara Eliya,80.765536,7.067045
80.877109,7.078867,Nuwara Eliya,වලපනේ ප්රා.ලේ.කො,වැරැල්ලපතන,HR2,HR2,,NBRI/NE/WLD/2026/DSDD/72),NBRI/NE/WLD/2026/DSDD/72),,House / නිවාස,2025-11-27 00:00:00,,2026-01-11 00:00:00,Slope failures / බැවුම් අස්ථාවරවීම්,Resettle / නැවත පදිංචිකිරීම,Partially / අර්ධහානි,,ගල් පෙරලිම්,,,1.0,,,1.0,,2,,Nuwara Eliya,80.877109,7.078867
80.705202,7.489448,Matale,රත්තොට ප්රා.ලේ.කො,බඹරකිරි ඇල්ල,HR2,HR2,,NBRO/MTL/RATHTHOTA/2025/WAES/21,NBRO/MTL/RATHTHOTA/2025/WAES/21,,House / නිවාස,2025-11-27 00:00:00,,2025-12-08 00:00:00,Slope failures / බැවුම් අස්ථාවරවීම්,,,,,,,4.0,,,2.0,,6,,Matale,80.705202,7.489448
80.69939,7.49563,Matale,රත්තොට ප්රා.ලේ.කො,බඹරකිරි ඇල්ල,HR2,HR2,,NBRO/MTL/RATHTHOTA/2025/WAES/20,NBRO/MTL/RATHTHOTA/2025/WAES/20,,House / නිවාස,2025-11-27 00:00:00,,2025-12-08 00:00:00,Landslide / නායයෑම්,,,,,,,2.0,,,,,2,,Matale,80.69939,7.49563
80.621276,7.227568,Kandy,දොළුව ප්රා.ලේ.කො,ගල් ඔය,HR2,HR2,,DMLP/018,DMLP/018,878.0,House / නිවාස,2025-11-27 00:00:00,,2025-12-08 00:00:00,Landslide / නායයෑම්,Resettle / නැවත පදිංචිකිරීම,,,,,,1.0,,,,,1,,Kandy,80.621276,7.227568
80.39046,7.020586,Kegalle,යටියන්තොට ප්රා.ලේ.කො,අමනාවල,HR2,HR2,,LRR-YTP-147,LRR-YTP-147,,House / නිවාස,2025-11-22 00:00:00,,2025-11-14 00:00:00,Landslide / නායයෑම්,Resettle / නැවත පදිංචිකිරීම,Partially / අර්ධහානි,,,,,1.0,,,,,1,,Kegalle,80.39046,7.020586
80.695068,7.437994,Matale,රත්තොට ප්රා.ලේ.කො,කන්දෙනුවර බටහිර,HR2,HR2,,"NBRO/MTL/RATHTHOTA/2025/MMCUB,/128","NBRO/MTL/RATHTHOTA/2025/MMCUB,/128",E 368 G,House / නිවාස,2025-11-27 00:00:00,,2025-12-30 00:00:00,Landslide / නායයෑම්,,,,,,,11.0,,,,,11,,Matale,80.695068,7.437994
80.689035,7.590877,Matale,අඹන්ගඟ කෝරලේ ප්රා.ලේ.කො,ගම්මඩුව,HR2,HR2,,NBRO/MTL/AMBANGAGAKORALE/2025/EIJ/89,NBRO/MTL/AMBANGAGAKORALE/2025/EIJ/89,381C,House / නිවාස,2025-11-27 00:00:00,16:00:00,2025-12-22 00:00:00,"Landslide / නායයෑම්, Cutting failure / කණ්ඩි අස්ථාවරවීම්, Rock fall / ගල් පෙරලීම්",,,,,,,17.0,,,,,17,,Matale,80.689035,7.590877
80.775833,7.073056,Nuwara Eliya,මතුරට ප්රා.ලේ.කො,ගොඩිගමුව,HR2,HR2,,NBRI/NE/HKD[Mathurata]/2026/IC/30),NBRI/NE/HKD[Mathurata]/2026/IC/30),511   ඩී,House / නිවාස,2025-11-27 00:00:00,,2026-01-20 00:00:00,Slope failures / බැවුම් අස්ථාවරවීම්,Resettle / නැවත පදිංචිකිරීම,Partially / අර්ධහානි,,,,,1.0,,,6.0,,7,,Nuwara Eliya,80.775833,7.073056
80.429689,7.070809,Kegalle,යටියන්තොට ප්රා.ලේ.කො,සීපොත්,HR2,HR2,,ERR - YTP - 17,ERR - YTP - 17,131 ඊ,House / නිවාස,2025-11-28 00:00:00,,2025-12-03 00:00:00,"Landslide / නායයෑම්, Slope failures / බැවුම් අස්ථාවරවීම්",Resettle / නැවත පදිංචිකිරීම,Partially / අර්ධහානි,,,,,1.0,1.0,,1.0,,3,,Kegalle,80.429689,7.070809
80.57052,7.045382,Nuwara Eliya,වලපනේ ප්රා.ලේ.කො,පළල්පතන,HR2,HR2,,NBRI/NE/WLD]/2026/DSDD/118),NBRI/NE/WLD]/2026/DSDD/118),,House / නිවාස,2025.11.27,,2026.01.30,Other / වෙනත් (වෙනත් කරුණු යටතේ සදහන් කරන්න),Resettle / නැවත පදිංචිකිරීම,Partially / අර්ධහානි,,බෑවුම් අස්ථාවර වූ නිම්නය අසළ,,,2.0,,,9.0,,11,,Nuwara Eliya,80.57052,7.045382
80.683839,7.520295,Matale,රත්තොට ප්රා.ලේ.කො,බෝධිකොටුව,HR2,HR2,,NBRO/MTL/RATHTHOTA/2026/MJ/11,NBRO/MTL/RATHTHOTA/2026/MJ/11,,House / නිවාස,2025-11-27 00:00:00,,,"Slope failures / බැවුම් අස්ථාවරවීම්, Cutting failure / කණ්ඩි අස්ථාවරවීම්",,,,,,,1.0,,,,,1,,Matale,80.683839,7.520295
80.857214,7.040006,Nuwara Eliya,වලපනේ ප්රා.ලේ.කො,පළල්පතන,HR2,HR2,,NBRI/NE/WLD/2026/DSDD/117),NBRI/NE/WLD/2026/DSDD/117),526ඒ,House / නිවාස,2025.11.27,,2026.01.30,Slope failures / බැවුම් අස්ථාවරවීම්,Resettle / නැවත පදිංචිකිරීම,Partially / අර්ධහානි,,,,,1.0,1.0,,6.0,,8,,Nuwara Eliya,80.857214,7.040006
80.436761,7.073676,Kegalle,යටියන්තොට ප්රා.ලේ.කො,සීපොත්,HR2,HR2,,ERR - YTP - 13,ERR - YTP - 13,131 ඊ,House / නිවාස,2025-11-28 00:00:00,13:00:00,2025-12-03 00:00:00,Landslide / නායයෑම්,Resettle / නැවත පදිංචිකිරීම,Minor / සුළුහානි,,,,,6.0,,,,,6,,Kegalle,80.436761,7.073676
80.846739,7.029412,Nuwara Eliya,වලපනේ ප්රා.ලේ.කො,බෲක්සයිඩ්,HR2,HR2,,NBRI/NE/WLD/2026/SMK/123),NBRI/NE/WLD/2026/SMK/123),33 / 0,House / නිවාස,2025.11.27,,2026.02.02,Other / වෙනත් (වෙනත් කරුණු යටතේ සදහන් කරන්න),Resettle / නැවත පදිංචිකිරීම,Partially / අර්ධහානි,,සුන්බුන් ගලනය,,,1.0,,,,,1,,Nuwara Eliya,80.846739,7.029412
80.573543,7.52421,Matale,රත්තොට ප්රා.ලේ.කො,මාතලාපිටිය දකුණ,HR2,HR2,,NBRO/MTL/RATHTHOTA/2026/WAES/27,NBRO/MTL/RATHTHOTA/2026/WAES/27,,House / නිවාස,2025-11-27 00:00:00,,2026-01-07 00:00:00,Landslide / නායයෑම්,,,,,,,9.0,,,,,9,,Matale,80.573543,7.52421
80.585586,7.584668,Matale,රත්තොට ප්රා.ලේ.කො,උඩගම දකුණ,HR2,HR2,,NBRO/MTL/RATHTHOTA/2026/WAES/28,NBRO/MTL/RATHTHOTA/2026/WAES/28,,House / නිවාස,2025-11-27 00:00:00,,2026-01-07 00:00:00,"Slope failures / බැවුම් අස්ථාවරවීම්, Other / වෙනත් (වෙනත් කරුණු යටතේ සදහන් කරන්න)",,,,,,,1.0,1.0,,,,2,,Matale,80.585586,7.584668
80.69165,7.458819,Matale,රත්තොට ප්රා.ලේ.කො,පුංචිසෙළුවාකන්ද,HR2,HR2,,NBRO/MTL/RATHTHOTA/2026/MJ/37,NBRO/MTL/RATHTHOTA/2026/MJ/37,,House / නිවාස,2025-11-27 00:00:00,,2026-01-08 00:00:00,Other / වෙනත් (වෙනත් කරුණු යටතේ සදහන් කරන්න),,Partially / අර්ධහානි,,,,,1.0,,,,,1,,Matale,80.69165,7.458819
80.683256,7.460069,Matale,රත්තොට ප්රා.ලේ.කො,පුංචිසෙළුවාකන්ද,HR2,HR2,,NBRO/MTL/RATHTHOTA/2026/MJ/38,NBRO/MTL/RATHTHOTA/2026/MJ/38,,House / නිවාස,2025-11-27 00:00:00,,2026-01-08 00:00:00,Other / වෙනත් (වෙනත් කරුණු යටතේ සදහන් කරන්න),,Partially / අර්ධහානි,,,,,2.0,1.0,,,,3,,Matale,80.683256,7.460069
80.682505,7.520921,Matale,රත්තොට ප්රා.ලේ.කො,වෙනරාණි,HR2,HR2,,NBRO/MTL/RATHTHOTA/2026/MJ/19,NBRO/MTL/RATHTHOTA/2026/MJ/19,,House / නිවාස,2025-11-27 00:00:00,,2026-01-02 00:00:00,"Slope failures / බැවුම් අස්ථාවරවීම්, Cutting failure / කණ්ඩි අස්ථාවරවීම්",,Minor / සුළුහානි,,,,,1.0,,,,,1,,Matale,80.682505,7.520921
80.848385,7.184191,Nuwara Eliya,වලපනේ ප්රා.ලේ.කො,පන්නල,HR2,HR2,,NBRI/NE/WLD/2026/DSDD/146),NBRI/NE/WLD/2026/DSDD/146),,House / නිවාස,2025.11.27,,2026.02.13,"Slope failures / බැවුම් අස්ථාවරවීම්, Rock fall / ගල් පෙරලීම්",Resettle / නැවත පදිංචිකිරීම,Partially / අර්ධහානි,,,,,1.0,1.0,,7.0,,9,,Nuwara Eliya,80.848385,7.184191
80.581564,7.515129,Matale,රත්තොට ප්රා.ලේ.කො,අස්ගිරිදොරකුඹුර,HR2,HR2,,NBRO/MTL/RATHTHOTA/2026/WAES/23,NBRO/MTL/RATHTHOTA/2026/WAES/23,,House / නිවාස,,,2026-01-01 00:00:00,"Cutting failure / කණ්ඩි අස්ථාවරවීම්, Other / වෙනත් (වෙනත් කරුණු යටතේ සදහන් කරන්න)",,,,,,,1.0,1.0,,,,2,,Matale,80.581564,7.515129
80.863046,7.038435,Nuwara Eliya,වලපනේ ප්රා.ලේ.කො,පළල්පතන,HR2,HR2,,NBRI/NE/WLD/2026/DSDD/129),NBRI/NE/WLD/2026/DSDD/129),526ඒ,House / නිවාස,2025.11.27,,2026.01.30,Slope failures / බැවුම් අස්ථාවරවීම්,Resettle / නැවත පදිංචිකිරීම,Partially / අර්ධහානි,,,,,2.0,4.0,,3.0,,9,,Nuwara Eliya,80.863046,7.038435
80.650325,7.168433,Kandy,දොළුව ප්රා.ලේ.කො,මස්ගොල්ල,HR2,HR2,,TPB/152,TPB/152,,House / නිවාස,2025-11-27 00:00:00,,2026-02-21 00:00:00,Other / වෙනත් (වෙනත් කරුණු යටතේ සදහන් කරන්න),,,,,,,1.0,,,,,1,,Kandy,80.650325,7.168433
80.654182,7.169,Kandy,දොළුව ප්රා.ලේ.කො,මස්ගොල්ල,HR2,HR2,,TPB/155,TPB/155,,House / නිවාස,2025-11-27 00:00:00,,2026-02-21 00:00:00,Other / වෙනත් (වෙනත් කරුණු යටතේ සදහන් කරන්න),,,,,,,2.0,,,3.0,,5,,Kandy,80.654182,7.169
80.844593,7.162817,Nuwara Eliya,වලපනේ ප්රා.ලේ.කො,පන්නල,HR2,HR2,,NBRI/NE/WLD/2026/DSDD/145),NBRI/NE/WLD/2026/DSDD/145),,House / නිවාස,2025.11.27,,2026.02.13,Slope failures / බැවුම් අස්ථාවරවීම්,Resettle / නැවත පදිංචිකිරීම,Partially / අර්ධහානි,,,,,1.0,,,2.0,,3,,Nuwara Eliya,80.844593,7.162817
80.38563,7.065658,Kegalle,යටියන්තොට ප්රා.ලේ.කො,අමනාවල,HR2,HR2,,LRR-YTP-63,LRR-YTP-63,,House / නිවාස,2025-11-27 00:00:00,,2026-01-15 00:00:00,Landslide / නායයෑම්,Resettle / නැවත පදිංචිකිරීම,Partially / අර්ධහානි,,,,,1.0,,,1.0,,2,,Kegalle,80.38563,7.065658
80.804261,7.103286,Nuwara Eliya,වලපනේ ප්රා.ලේ.කො,වැටකේගම,HR2,HR2,,NBRI/NE/WLD/2026/SMK/147),NBRI/NE/WLD/2026/SMK/147),,House / නිවාස,2025.11.27,,2026.02.17,Cutting failure / කණ්ඩි අස්ථාවරවීම්,Resettle / නැවත පදිංචිකිරීම,Partially / අර්ධහානි,,ඉරිතැලීම්,,,1.0,1.0,,7.0,,9,,Nuwara Eliya,80.804261,7.103286
80.713634,7.483265,Matale,රත්තොට ප්රා.ලේ.කො,බඹරකිරිඇල්ල,HR2,HR2,,NBRO/MTL/RATHTHOTA/2026/MMCUB/125,NBRO/MTL/RATHTHOTA/2026/MMCUB/125,,House / නිවාස,2025-11-27 00:00:00,,2026-01-02 00:00:00,Landslide / නායයෑම්,,,,,,,11.0,,,,,11,,Matale,80.713634,7.483265
80.256076,7.176199,Kegalle,වරකාපොළ ප්රා.ලේ.කො,මැණික්කඩවර,HR2,HR2,,LRR-WRP-114,LRR-WRP-114,86,House / නිවාස,2025-11-28 00:00:00,,2026-03-26 00:00:00,Landslide / නායයෑම්,Resettle / නැවත පදිංචිකිරීම,Partially / අර්ධහානි,,,,,1.0,3.0,,5.0,,9,,Kegalle,80.256076,7.176199
80.682187,7.521005,Matale,රත්තොට ප්රා.ලේ.කො,වණරාණිය,HR2,HR2,,"NBRO/MTL/RATHTHOTA/2026/TW,SJ/104","NBRO/MTL/RATHTHOTA/2026/TW,SJ/104",E 375 C,House / නිවාස,2025-11-28 00:00:00,,2026-01-18 00:00:00,"Slope failures / බැවුම් අස්ථාවරවීම්, Cutting failure / කණ්ඩි අස්ථාවරවීම්, Rock fall / ගල් පෙරලීම්",,,,,,,1.0,4.0,,1.0,,6,,Matale,80.682187,7.521005
80.814601,7.081213,Nuwara Eliya,වලපනේ ප්රා.ලේ.කො,උකුතුලේ නැගෙනහිර,HR2,HR2,,NBRI/NE/WLD/2026/DMCP/124),NBRI/NE/WLD/2026/DMCP/124),517/ඒ,House / නිවාස,2025.11.27,,2026.02.25,"Cutting failure / කණ්ඩි අස්ථාවරවීම්, Slope failures / බැවුම් අස්ථාවරවීම්",Resettle / නැවත පදිංචිකිරීම,Minor or No Damages / සුළුහානි හෝ හානි නොමැති,,,,,1.0,,,2.0,,3,,Nuwara Eliya,80.814601,7.081213
80.689642,7.563162,Matale,අඹන්ගඟ කෝරලේ ප්රා.ලේ.කො,පුස්සැල්ල,HR2,HR2,,NBRO/MTL/AMBANGAGAKORALE/2025/TW/135,NBRO/MTL/AMBANGAGAKORALE/2025/TW/135,,House / නිවාස,2025-11-27 00:00:00,,2025-12-27 00:00:00,"Slope failures / බැවුම් අස්ථාවරවීම්, Cutting failure / කණ්ඩි අස්ථාවරවීම්, Rock fall / ගල් පෙරලීම්",,,,,,,9.0,4.0,,17.0,2.0,32,,Matale,80.689642,7.563162
80.686227,7.55665,Matale,අඹන්ගඟ කෝරලේ ප්රා.ලේ.කො,පුස්සැල්ල,HR2,HR2,,NBRO/MTL/AMBANGAGAKORALE/2025/TW/133,NBRO/MTL/AMBANGAGAKORALE/2025/TW/133,,House / නිවාස,2025-11-28 00:00:00,,2025-12-27 00:00:00,"Landslide / නායයෑම්, Slope failures / බැවුම් අස්ථාවරවීම්, Other / වෙනත් (වෙනත් කරුණු යටතේ සදහන් කරන්න)",,,,,,,1.0,3.0,,1.0,,5,,Matale,80.686227,7.55665
80.819586,7.12219,Nuwara Eliya,වලපනේ ප්රා.ලේ.කො,ඉලුක්පැලැස්ස,HR2,HR2,,NBRI/NE/WLD/2026/LY/124),NBRI/NE/WLD/2026/LY/124),,House / නිවාස,2025.11.27,,2026.02.09,Rock fall / ගල් පෙරලීම්,Resettle / නැවත පදිංචිකිරීම,Partially / අර්ධහානි,,,,,1.0,,,,,1,,Nuwara Eliya,80.819586,7.12219
80.790406,7.119112,Nuwara Eliya,මතුරට ප්රා.ලේ.කො,දෙහිපේ,HR2,HR2,,NBRI/NE/HKD[Mathurata]/2026/DSDD/163),NBRI/NE/HKD[Mathurata]/2026/DSDD/163),,House / නිවාස,2025.11.27,,2026.02.17,Slope failures / බැවුම් අස්ථාවරවීම්,Resettle / නැවත පදිංචිකිරීම,Partially / අර්ධහානි,,,,,1.0,1.0,,1.0,,3,,Nuwara Eliya,80.790406,7.119112
80.690751,7.557586,Matale,අඹන්ගඟ කෝරලේ ප්රා.ලේ.කො,පුස්සැල්ල,HR2,HR2,,NBRO/MTL/AMBANGAGAKORALE/2025/TW/134,NBRO/MTL/AMBANGAGAKORALE/2025/TW/134,,House / නිවාස,2025-11-27 00:00:00,,2025-12-28 00:00:00,"Slope failures / බැවුම් අස්ථාවරවීම්, Cutting failure / කණ්ඩි අස්ථාවරවීම්",,,,,,,6.0,,,6.0,,12,,Matale,80.690751,7.557586
80.687605,7.480509,Matale,රත්තොට ප්රා.ලේ.කො,උඩගම,HR2,HR2,,NBRO/MTL/RATHTHOTA/2026/MJ/150,NBRO/MTL/RATHTHOTA/2026/MJ/150,E 374,House / නිවාස,,,2025-12-19 00:00:00,Other / වෙනත් (වෙනත් කරුණු යටතේ සදහන් කරන්න),,,,,,,2.0,12.0,,12.0,6.0,32,,Matale,80.687605,7.480509
80.256224,7.185705,Kegalle,වරකාපොළ ප්රා.ලේ.කො,තෝලංගමුව,HR2,HR2,,LRR-WRP-108,LRR-WRP-108,-83,House / නිවාස,2025-11-28 00:00:00,,2026-04-03 00:00:00,Slope failures / බැවුම් අස්ථාවරවීම්,Resettle / නැවත පදිංචිකිරීම,Partially / අර්ධහානි,,,,,1.0,,,2.0,,3,,Kegalle,80.256224,7.185705
80.785103,7.124402,Nuwara Eliya,මතුරට ප්රා.ලේ.කො,විල්වල,HR2,HR2,,NBRI/NE/HKD[Mathurata]/2026/DSDD/194),NBRI/NE/HKD[Mathurata]/2026/DSDD/194),483,House / නිවාස,2025.11.27,,2026.03.09,"Other / වෙනත් (වෙනත් කරුණු යටතේ සදහන් කරන්න), Slope failures / බැවුම් අස්ථාවරවීම්",Resettle / නැවත පදිංචිකිරීම,Partially / අර්ධහානි,,"බෑවුම අස්‍ථාවරවීම, නාය ගලන මාර්ගය",,,1.0,,,,,1,,Nuwara Eliya,80.785103,7.124402
80.679683,7.459591,Matale,රත්තොට ප්රා.ලේ.කො,කන්දෙනුවර නැගෙනහිර,HR2,HR2,,"NBRO/MTL/RATHTHOTA/2026/WR,SW/156","NBRO/MTL/RATHTHOTA/2026/WR,SW/156",,House / නිවාස,2025-11-27 00:00:00,,2026-01-03 00:00:00,"Slope failures / බැවුම් අස්ථාවරවීම්, Cutting failure / කණ්ඩි අස්ථාවරවීම්, Rock fall / ගල් පෙරලීම්, Other / වෙනත් (වෙනත් කරුණු යටතේ",,Partially / අර්ධහානි,,,,,1.0,,,,,1,,Matale,80.679683,7.459591
80.864936,7.041236,Nuwara Eliya,වලපනේ ප්රා.ලේ.කො,පළල්පතන,HR2,HR2,,NBRI/NE/WLD/2026/VKG/52),NBRI/NE/WLD/2026/VKG/52),526/ඒ,House / නිවාස,2025.11.27,,2026.05.05,Landslide / නායයෑම්,Resettle / නැවත පදිංචිකිරීම,Partially / අර්ධහානි,,,,,2.0,1.0,,,,3,,Nuwara Eliya,80.864936,7.041236
80.874534,7.054669,Nuwara Eliya,වලපනේ ප්රා.ලේ.කො,හරස්බැද්ද,HR2,HR2,,NBRI/NE/WLD/2026/DMCP/143),NBRI/NE/WLD/2026/DMCP/143),,House / නිවාස,2025.11.27,,2026.05.05,Slope failures / බැවුම් අස්ථාවරවීම්,Resettle / නැවත පදිංචිකිරීම,Partially / අර්ධහානි,,,,,2.0,1.0,,3.0,,6,,Nuwara Eliya,80.874534,7.054669
80.701474,7.533614,Matale,රත්තොට ප්රා.ලේ.කො,පොල්වත්තාකන්ද,HR2,HR2,,"NBRO/MTL/RATHTHOTA/2026/TW,WR/179","NBRO/MTL/RATHTHOTA/2026/TW,WR/179",,House / නිවාස,2025-11-27 00:00:00,,2026-02-09 00:00:00,"Slope failures / බැවුම් අස්ථාවරවීම්, Cutting failure / කණ්ඩි අස්ථාවරවීම්, Rock fall / ගල් පෙරලීම්",,,,,,,1.0,2.0,,14.0,6.0,23,,Matale,80.701474,7.533614
80.693886,7.487154,Matale,රත්තොට ප්රා.ලේ.කො,වෙලන්ගහවත්ත,HR2,HR2,,NBRO/MTL/RATHTHOTA/2026/MJ/182,NBRO/MTL/RATHTHOTA/2026/MJ/182,,House / නිවාස,2025-11-27 00:00:00,12:00:00,2025-12-30 00:00:00,Other / වෙනත් (වෙනත් කරුණු යටතේ සදහන් කරන්න),,,,,,,1.0,,,,,1,,Matale,80.693886,7.487154
80.349656,7.008809,Kegalle,යටියන්තොට ප්රා.ලේ.කො,ගනේපල්ල,HR2,HR2,,LRR-YTP-56,LRR-YTP-56,,House / නිවාස,2025-11-28 00:00:00,,2026-01-13 00:00:00,Landslide / නායයෑම්,Resettle / නැවත පදිංචිකිරීම,Partially / අර්ධහානි,,,,,1.0,,,7.0,4.0,12,,Kegalle,80.349656,7.008809
80.635537,7.531427,Matale,රත්තොට ප්රා.ලේ.කො,කිරිමැටිය,HR2,HR2,,"NBRO/MTL/RATHTHOTA/2026/WR,SW/208","NBRO/MTL/RATHTHOTA/2026/WR,SW/208",E 378 B,House / නිවාස,2025-11-27 00:00:00,,2026-02-16 00:00:00,"Slope failures / බැවුම් අස්ථාවරවීම්, Cutting failure / කණ්ඩි අස්ථාවරවීම්, Other / වෙනත් (වෙනත් කරුණු යටතේ සදහන් කරන්න)",,Partially / අර්ධහානි,,,,,1.0,3.0,,,,4,,Matale,80.635537,7.531427
80.700307,7.500982,Matale,රත්තොට ප්රා.ලේ.කො,බඹරකිරි ඇල්ල,HR2,HR2,,NBRO/MTL/RATHTHOTA/2026/WAES/206,NBRO/MTL/RATHTHOTA/2026/WAES/206,E 375 D,House / නිවාස,2025-11-27 00:00:00,,2026-02-05 00:00:00,"Landslide / නායයෑම්, Slope failures / බැවුම් අස්ථාවරවීම්, Cutting failure / කණ්ඩි අස්ථාවරවීම්",,,,,,,2.0,,,6.0,4.0,12,,Matale,80.700307,7.500982
80.668279,7.067763,Nuwara Eliya,කොත්මලේ නැගෙනහිර ප්රා.ලේ.කො,පනම්ගම්මන,HR2,HR2,,NBRI/NE/KTD[east]/2025/DSDD/සංශෝධන19(ii))-Rev,NBRI/NE/KTD[east]/2025/DSDD/සංශෝධන19(ii))-Rev,,House / නිවාස,2025-11-27 00:00:00,,2025-12-16 00:00:00,Slope failures / බැවුම් අස්ථාවරවීම්,Resettle / නැවත පදිංචිකිරීම,Partially / අර්ධහානි,,,,,8.0,5.0,,12.0,,25,,Nuwara Eliya,80.668279,7.067763
80.812929,7.065914,Nuwara Eliya,මතුරට ප්රා.ලේ.කො,මෙරිගෝල්ඩ්,HR2,HR2,,NBRI/NE/HKD[Mathurata]/2026/WGMSS/69),NBRI/NE/HKD[Mathurata]/2026/WGMSS/69),509/ඒ,House / නිවාස,2025.11.27,,2026.05.09,"Landslide / නායයෑම්, Rock fall / ගල් පෙරලීම්",Resettle / නැවත පදිංචිකිරීම,Partially / අර්ධහානි,,,,,3.0,3.0,,,,6,,Nuwara Eliya,80.812929,7.065914
80.6929,7.4843,Matale,රත්තොට ප්රා.ලේ.කො,හොරගොල්ල,HR2,HR2,,NBRO/MTL/RATHTHOTA/2026/KA/230,NBRO/MTL/RATHTHOTA/2026/KA/230,,House / නිවාස,2025-11-27 00:00:00,,2026-02-19 00:00:00,"Cutting failure / කණ්ඩි අස්ථාවරවීම්, Rock fall / ගල් පෙරලීම්",,,,,,,1.0,,,9.0,,10,,Matale,80.6929,7.4843
80.655372,7.150391,Kandy,දොළුව ප්රා.ලේ.කො,නවගුරුකැලේ,HR2,HR2,,TPB/309,TPB/309,,House / නිවාස,2025-11-27 00:00:00,,2026-03-28 00:00:00,Landslide / නායයෑම්,,,,,,,1.0,,,2.0,,3,,Kandy,80.655372,7.150391
80.692397,7.487856,Matale,රත්තොට ප්රා.ලේ.කො,වෙලන්ගහවත්ත,HR2,HR2,,NBRO/MTL/RATHTHOTA/2026/MJ/231,NBRO/MTL/RATHTHOTA/2026/MJ/231,,House / නිවාස,2025-11-27 00:00:00,,2025-12-30 00:00:00,"Landslide / නායයෑම්, Slope failures / බැවුම් අස්ථාවරවීම්",,Minor / සුළුහානි,,,,,3.0,,,,,3,,Matale,80.692397,7.487856
80.744137,6.857822,Nuwara Eliya,තලවකැලේ ප්රා.ලේ.කො,ඩයගම බටහිර,HR2,HR2,,NBRI/NE/NED(THALAWAKALE)/2025/PTG/99),NBRI/NE/NED(THALAWAKALE)/2025/PTG/99),475 L,Religiou / ආගමික ස්ථානය,2025-11-26 00:00:00,,2025-12-27 00:00:00,Landslide / නායයෑම්,Resettle / නැවත පදිංචිකිරීම,Partially / අර්ධහානි,,,,,4.0,2.0,,2.0,,8,,Nuwara Eliya,80.744137,6.857822
80.606045,7.171046,Kandy,දොළුව ප්රා.ලේ.කො,ඔරායන්වත්ත,HR2,HR2,,TPB/312,TPB/312,,House / නිවාස,2025-11-27 00:00:00,,2026-03-28 00:00:00,Landslide / නායයෑම්,,,,,,,3.0,,,,,3,,Kandy,80.606045,7.171046
80.748291,6.844155,Nuwara Eliya,තලවකැලේ ප්රා.ලේ.කො,සැන්ඩිග්‍රාම,HR2,HR2,,NBRI/NE/NED(THALAWAKAKE)/2025/PTG/88,NBRI/NE/NED(THALAWAKAKE)/2025/PTG/88,,House / නිවාස,2025-11-27 00:00:00,,2025-12-25 00:00:00,Other / වෙනත් (වෙනත් කරුණු යටතේ සදහන් කරන්න),Resettle / නැවත පදිංචිකිරීම,Partially / අර්ධහානි,,,,,1.0,,,,,1,,Nuwara Eliya,80.748291,6.844155
80.799754,6.978164,Nuwara Eliya,නුවරඑළිය ප්රා.ලේ.කො,පීඩෲ,HR2,HR2,,NBRI/NE/NED/2025/LY/28),NBRI/NE/NED/2025/LY/28),534 - H,House / නිවාස,2025-11-27 00:00:00,,2025-12-27 00:00:00,Slope failures / බැවුම් අස්ථාවරවීම්,Resettle / නැවත පදිංචිකිරීම,Partially / අර්ධහානි,,,,,2.0,,,2.0,,4,,Nuwara Eliya,80.799754,6.978164
80.679315,7.518583,Matale,රත්තොට ප්රා.ලේ.කො,රත්තොට,HR2,HR2,,NBRO/MTL/RATHTHOTA/2026/BCA/256,NBRO/MTL/RATHTHOTA/2026/BCA/256,,House / නිවාස,2025-11-27 00:00:00,,2026-03-10 00:00:00,"Slope failures / බැවුම් අස්ථාවරවීම්, Cutting failure / කණ්ඩි අස්ථාවරවීම්",,,,,,,1.0,,,,,1,,Matale,80.679315,7.518583
80.702873,7.50412,Matale,රත්තොට ප්රා.ලේ.කො,මඩකුඹුර,HR2,HR2,,NBRO/MTL/RATHTHOTA/2026/MJ/234,NBRO/MTL/RATHTHOTA/2026/MJ/234,,House / නිවාස,2025-11-27 00:00:00,,2025-12-20 00:00:00,Landslide / නායයෑම්,,,,,,,2.0,,,,,2,,Matale,80.702873,7.50412
80.671393,7.521213,Matale,රත්තොට ප්රා.ලේ.කො,කුරුවාව,HR2,HR2,,NBRO/MTL/RATHTHOTA/2026/WAES/275,NBRO/MTL/RATHTHOTA/2026/WAES/275,,House / නිවාස,2025-11-28 00:00:00,,2026-04-09 00:00:00,Other / වෙනත් (වෙනත් කරුණු යටතේ සදහන් කරන්න),,,,,,,2.0,,,,,2,,Matale,80.671393,7.521213
80.669558,6.905841,Nuwara Eliya,තලවකැලේ ප්රා.ලේ.කො,නාගසේන,HR2,HR2,,NBRI/NE/NED[Thalawakale]/2026/DSDD/153),NBRI/NE/NED[Thalawakale]/2026/DSDD/153),,House / නිවාස,2025.11.27,,2026.02.16,Slope failures / බැවුම් අස්ථාවරවීම්,Resettle / නැවත පදිංචිකිරීම,Partially / අර්ධහානි,,,,,1.0,2.0,,1.0,,4,,Nuwara Eliya,80.669558,6.905841
80.749638,6.847804,Nuwara Eliya,තලවකැලේ ප්රා.ලේ.කො,සැන්ඩ්‍රිගම් වත්ත,HR2,HR2,,NBRI/NE/NED[Thalawakale]/2025/IC/05),NBRI/NE/NED[Thalawakale]/2025/IC/05),,(වෙනත් කරුණු යටතේ සටහන් කරන්න),2025-11-28 00:00:00,,2025-12-25 00:00:00,Landslide / නායයෑම්,Resettle / නැවත පදිංචිකිරීම,Partially / අර්ධහානි,,වතු අධිකාරි නිළ නිවාස,,,2.0,,,2.0,,4,,Nuwara Eliya,80.749638,6.847804
80.687798,6.900228,Nuwara Eliya,තලවකැලේ ප්රා.ලේ.කො,නාගසේන,HR2,HR2,,NBRI/NE/NED[Thalawakale]/2026/IC/13,NBRI/NE/NED[Thalawakale]/2026/IC/13,475 එච්,House / නිවාස,2025-11-27 00:00:00,,2026-01-02 00:00:00,Other / වෙනත් (වෙනත් කරුණු යටතේ සදහන් කරන්න),Resettle / නැවත පදිංචිකිරීම,Partially / අර්ධහානි,,ඇළ ඉවුර අස්ථාවර වීම,,,1.0,,,1.0,,2,,Nuwara Eliya,80.687798,6.900228
80.67036,7.551914,Matale,අඹන්ගඟ කෝරලේ ප්රා.ලේ.කො,පුල්ලේ අස්වැද්දුම,HR2,HR2,,"NBRO/MTL/AMBANGAGAKORALE/2026/WAES,MJ/10","NBRO/MTL/AMBANGAGAKORALE/2026/WAES,MJ/10",,House / නිවාස,2025-11-27 00:00:00,,2026-01-04 00:00:00,Slope failures / බැවුම් අස්ථාවරවීම්,,,,,,,1.0,6.0,,2.0,,9,,Matale,80.67036,7.551914
80.684543,7.515088,Matale,රත්තොට ප්රා.ලේ.කො,වනරානී,HR2,HR2,,NBRO/MTL/RATHTHOTA/2026/MAKS/292,NBRO/MTL/RATHTHOTA/2026/MAKS/292,,House / නිවාස,,,2026-05-06 00:00:00,Slope failures / බැවුම් අස්ථාවරවීම්,,,,,,,1.0,,,,,1,,Matale,80.684543,7.515088
80.695375,6.942871,Nuwara Eliya,තලවකැලේ ප්රා.ලේ.කො,බෙයාර්වෙල්,HR2,HR2,,NBRI/NE/NED[Thalawakale]/2026/DSDD/190),NBRI/NE/NED[Thalawakale]/2026/DSDD/190),,House / නිවාස,2025.11.27,,2026.03.06,Slope failures / බැවුම් අස්ථාවරවීම්,Resettle / නැවත පදිංචිකිරීම,Partially / අර්ධහානි,,,,,1.0,,,,,1,,Nuwara Eliya,80.695375,6.942871
80.667065,7.445308,Matale,රත්තොට ප්රා.ලේ.කො,අල්වත්ත,HR2,HR2,,NBRO/LRRMD-MAT/RATTOTA/LI/26/0305,NBRO/LRRMD-MAT/RATTOTA/LI/26/0305,,House / නිවාස,2025-11-27 00:00:00,,,Cutting failure / කණ්ඩි අස්ථාවරවීම්,Resettle / නැවත පදිංචිකිරීම,Partially / අර්ධහානි,,,,,1.0,,,,,1,,Matale,80.667065,7.445308
80.663691,7.472571,Matale,රත්තොට ප්රා.ලේ.කො,එපිටමුල්ල,HR2,HR2,,NBRO/LRRMD-MAT/RATTOTA/LI/26/0298,NBRO/LRRMD-MAT/RATTOTA/LI/26/0298,,House / නිවාස,2025-11-27 00:00:00,,,Cutting failure / කණ්ඩි අස්ථාවරවීම්,Resettle / නැවත පදිංචිකිරීම,Partially / අර්ධහානි,,,,,1.0,,,,,1,,Matale,80.663691,7.472571
80.659005,7.45799,Matale,රත්තොට ප්රා.ලේ.කො,අල්වත්ත,HR2,HR2,,NBRO/LRRMD-MAT/RATTOTA/LI/26/0314,NBRO/LRRMD-MAT/RATTOTA/LI/26/0314,,House / නිවාස,2025-11-27 00:00:00,,,Cutting failure / කණ්ඩි අස්ථාවරවීම්,Resettle / නැවත පදිංචිකිරීම,Partially / අර්ධහානි,,,,,1.0,,,,,1,,Matale,80.659005,7.45799
80.66178,7.45454,Matale,රත්තොට ප්රා.ලේ.කො,අල්වත්ත,HR2,HR2,,NBRO/LRRMD-MAT/RATTOTA/LI/26/0306,NBRO/LRRMD-MAT/RATTOTA/LI/26/0306,,House / නිවාස,2025-11-27 00:00:00,,,Cutting failure / කණ්ඩි අස්ථාවරවීම්,Resettle / නැවත පදිංචිකිරීම,Partially / අර්ධහානි,,,,,1.0,,,,,1,,Matale,80.66178,7.45454
80.683517,6.936357,Nuwara Eliya,නුවරඑළිය ප්රා.ලේ.කො,රත්නගිරිය,HR2,HR2,,NBRI/NE/NED[Thalawa]/2025/DSDD/07/සංශෝධන/Rev,NBRI/NE/NED[Thalawa]/2025/DSDD/07/සංශෝධන/Rev,,House / නිවාස,2025-11-28 00:00:00,දවල් 2.30 - 3.00,2025-12-07 00:00:00,Slope failures / බැවුම් අස්ථාවරවීම්,Resettle / නැවත පදිංචිකිරීම,Partially / අර්ධහානි,,,,,3.0,,,,,3,,Nuwara Eliya,80.683517,6.936357
80.686883,7.515434,Matale,රත්තොට ප්රා.ලේ.කො,බෝධිිකොටුව,HR2,HR2,,NBRO/MTL/RATHTHOTA/2026/RMSRS/300,NBRO/MTL/RATHTHOTA/2026/RMSRS/300,,House / නිවාස,2025-11-27 00:00:00,,2026-05-15 00:00:00,"Cutting failure / කණ්ඩි අස්ථාවරවීම්, Rock fall / ගල් පෙරලීම්",Resettle / නැවත පදිංචිකිරීම,,,,,,1.0,,,,,1,,Matale,80.686883,7.515434
80.680535,7.522058,Matale,රත්තොට ප්රා.ලේ.කො,රත්තොට,HR2,HR2,,NBRO/LRRMD-MAT/RATTOTA/LI/26/0590,NBRO/LRRMD-MAT/RATTOTA/LI/26/0590,,House / නිවාස,2025-11-27 00:00:00,,2026-04-29 00:00:00,"Landslide / නායයෑම්, Cutting failure / කණ්ඩි අස්ථාවරවීම්",,,,,,,1.0,,,,,1,,Matale,80.680535,7.522058
80.681,7.112884,Kandy,දොළුව ප්රා.ලේ.කො,පුපරැස්ස,HR2,HR2,,DMLP/142,DMLP/142,1181.0,House / නිවාස,,,,Other / වෙනත් (වෙනත් කරුණු යටතේ සදහන් කරන්න),Resettle / නැවත පදිංචිකිරීම,,,,,,14.0,,,,,14,,Kandy,80.681,7.112884
80.70061,7.496343,Matale,රත්තොට ප්රා.ලේ.කො,ගන්සරපොල,HR2,HR2,,NBRO/LRRMD-MAT/RATTOTA/LI/26/0784,NBRO/LRRMD-MAT/RATTOTA/LI/26/0784,,House / නිවාස,2025-11-27 00:00:00,,2026-05-11 00:00:00,Cutting failure / කණ්ඩි අස්ථාවරවීම්,Resettle / නැවත පදිංචිකිරීම,Partially / අර්ධහානි,,,,,1.0,,,,,1,,Matale,80.70061,7.496343
80.6844,7.11181,Kandy,දොළුව ප්රා.ලේ.කො,පුපරැස්ස,HR2,HR2,,DMLP/143,DMLP/143,1181.0,House / නිවාස,,,,Other / වෙනත් (වෙනත් කරුණු යටතේ සදහන් කරන්න),Resettle / නැවත පදිංචිකිරීම,,,,,,2.0,,,,,2,,Kandy,80.6844,7.11181
80.711441,7.521686,Matale,රත්තොට ප්රා.ලේ.කො,වෙරළුගස්තැන්න,HR2,HR2,,NBRO/LRRMD-MAT/RATTOTA/LI/26/0697,NBRO/LRRMD-MAT/RATTOTA/LI/26/0697,,House / නිවාස,2025-11-27 00:00:00,,2026-05-11 00:00:00,Cutting failure / කණ්ඩි අස්ථාවරවීම්,,,,,,,1.0,,,,,1,,Matale,80.711441,7.521686
80.760873,7.165474,Nuwara Eliya,හඟුරන්කෙත ප්රා.ලේ.කො,දැලිවල,HR2,HR2,,NBRI/NE/HKD/2025/DMCP/09-REV,NBRI/NE/HKD/2025/DMCP/09-REV,494 ඩී,House / නිවාස,2025-11-28 00:00:00,,2025-12-12 00:00:00,Landslide / නායයෑම්,Resettle / නැවත පදිංචිකිරීම,Partially / අර්ධහානි,,ගල් පෙරලීම්,,,9.0,,,,,9,,Nuwara Eliya,80.760873,7.165474
80.83411,6.98895,Nuwara Eliya,නුවරඑළිය ප්රා.ලේ.කො,‌කොන්කෝඩියා,HR2,HR2,,NBRI/NE/NED/2025/RR/02,NBRI/NE/NED/2025/RR/02,534 F,House / නිවාස,2025-11-28 00:00:00,උදේ 3.40,2025-12-14 00:00:00,Slope failures / බැවුම් අස්ථාවරවීම්,Resettle / නැවත පදිංචිකිරීම,Partially / අර්ධහානි,,,,,1.0,,,1.0,,2,,Nuwara Eliya,80.83411,6.98895
80.599244,7.121884,Kandy,උඩපළාත ප්රා.ලේ.කො,පල්ලේගම,HR2,HR2,,WDN 145,WDN 145,1168,House / නිවාස,2025-11-27 00:00:00,,2026-05-26 00:00:00,Slope failures / බැවුම් අස්ථාවරවීම්,,,,,,,1.0,,,,,1,,Kandy,80.599244,7.121884
80.57438,7.172733,Kandy,උඩපළාත ප්රා.ලේ.කො,ගම්පොළ,HR2,HR2,,KYP 55,KYP 55,1108,House / නිවාස,2025-11-27 00:00:00,,2026-05-19 00:00:00,Slope failures / බැවුම් අස්ථාවරවීම්,,,0.0,,,,2.0,1.0,,1.0,,4,,Kandy,80.57438,7.172733
80.555587,7.157773,Kandy,උඩපළාත ප්රා.ලේ.කො,ගොඩගම,HR2,HR2,,KYP 59,KYP 59,1117,House / නිවාස,2025-11-27 00:00:00,,2026-05-19 00:00:00,Slope failures / බැවුම් අස්ථාවරවීම්,,,0.0,,,,1.0,,,,,1,,Kandy,80.555587,7.157773
80.77705,7.145088,Nuwara Eliya,හඟුරන්කෙත ප්රා.ලේ.කො,ලබුහේන,HR2,HR2,,NBRI/NE/HKD-16/2025/DMCP/27-Rev,NBRI/NE/HKD-16/2025/DMCP/27-Rev,498 I,House / නිවාස,2025-11-28 00:00:00,,2025-12-20 00:00:00,Landslide / නායයෑම්,Resettle / නැවත පදිංචිකිරීම,Partially / අර්ධහානි,,,,,20.0,2.0,,1.0,,23,,Nuwara Eliya,80.77705,7.145088
80.584375,7.180664,Kandy,උඩපළාත ප්රා.ලේ.කො,කහටපිටිය,HR2,HR2,,KYP 48,KYP 48,1119,House / නිවාස,2025-11-27 00:00:00,,2026-05-19 00:00:00,Slope failures / බැවුම් අස්ථාවරවීම්,,,0.0,,,,1.0,,,,,1,,Kandy,80.584375,7.180664
80.57427,7.178607,Kandy,උඩපළාත ප්රා.ලේ.කො,ඉහන්ගහවත්ත,HR2,HR2,,KYP 51,KYP 51,1120,House / නිවාස,2025-11-27 00:00:00,,2026-05-19 00:00:00,Slope failures / බැවුම් අස්ථාවරවීම්,,,0.0,,,,1.0,,,3.0,,4,,Kandy,80.57427,7.178607
80.589574,7.130427,Kandy,උඩපළාත ප්රා.ලේ.කො,නවදේවිට,HR2,HR2,,DMLP 328,DMLP 328,,House / නිවාස,2025-11-27 00:00:00,,2026-05-08 00:00:00,Landslide / නායයෑම්,,,,,,,3.0,,,13.0,,16,,Kandy,80.589574,7.130427
80.628069,7.146069,Kandy,උඩපළාත ප්රා.ලේ.කො,හුණුකොටුගම,HR2,HR2,,DMLP 334,DMLP 334,1175,House / නිවාස,2025-11-27 00:00:00,,2026-05-08 00:00:00,Slope failures / බැවුම් අස්ථාවරවීම්,,,,,,,2.0,,,3.0,,5,,Kandy,80.628069,7.146069
80.628956,7.14427,Kandy,උඩපළාත ප්රා.ලේ.කො,හුණුකොටුගම,HR2,HR2,,DMLP 345,DMLP 345,1175,House / නිවාස,2025-11-27 00:00:00,,2026-05-08 00:00:00,Slope failures / බැවුම් අස්ථාවරවීම්,,,,,,,1.0,,,2.0,,3,,Kandy,80.628956,7.14427
80.575978,7.166354,Kandy,උඩපළාත ප්රා.ලේ.කො,එගොඩකලුගමුව,HR2,HR2,,WDN 260,WDN 260,1159,House / නිවාස,2025-11-27 00:00:00,,2026-07-27 00:00:00,Cutting failure / කණ්ඩි අස්ථාවරවීම්,,,0.0,,,,1.0,,,8.0,,9,,Kandy,80.575978,7.166354
80.5371,7.073656,Kandy,පස්බාගේ කෝරලේ ප්රා.ලේ.කො,වරකාව,HR2,HR2,,UIJ/96,UIJ/96,1105.0,House / නිවාස,2025-11-27 00:00:00,,2026-01-07 00:00:00,Other / වෙනත් (වෙනත් කරුණු යටතේ සදහන් කරන්න),Resettle / නැවත පදිංචිකිරීම,,,,,,1.0,,,,,1,,Kandy,80.5371,7.073656
80.685674,6.931885,Nuwara Eliya,නුවරඑළිය ප්රා.ලේ.කො,රත්නගිරිය,HR2,HR2,,NBRI/NE/NED/2026/SMK/115),NBRI/NE/NED/2026/SMK/115),475ජී,House / නිවාස,2025.11.27,,2026.01.31,Slope failures / බැවුම් අස්ථාවරවීම්,Resettle / නැවත පදිංචිකිරීම,Partially / අර්ධහානි,,,,,5.0,,,2.0,,7,,Nuwara Eliya,80.685674,6.931885
80.5257,7.051524,Kandy,පස්බාගේ කෝරලේ ප්රා.ලේ.කො,නාවලපිටිය උතුර,HR2,HR2,,UIJ/98,UIJ/98,1087.0,House / නිවාස,2025-11-27 00:00:00,,2026-01-08 00:00:00,Other / වෙනත් (වෙනත් කරුණු යටතේ සදහන් කරන්න),Resettle / නැවත පදිංචිකිරීම,,,,,,2.0,,,,,2,,Kandy,80.5257,7.051524
80.79552,7.179488,Nuwara Eliya,හඟුරන්කෙත ප්රා.ලේ.කො,උඩවත්ත නැගෙනහිර,HR2,HR2,,NBRI/NE/HKD-15/2025/DMCP/26-Rev,NBRI/NE/HKD-15/2025/DMCP/26-Rev,489 ඒ,House / නිවාස,2025-11-28 00:00:00,,2025-12-19 00:00:00,Landslide / නායයෑම්,Resettle / නැවත පදිංචිකිරීම,Partially / අර්ධහානි,,,,,6.0,56.0,,30.0,,92,,Nuwara Eliya,80.79552,7.179488
80.79996,6.93734,Nuwara Eliya,නුවරඑළිය ප්රා.ලේ.කො,සිිතාඑළිය,HR2,HR2,,NBRI/NE/NED/2026/RR/102),NBRI/NE/NED/2026/RR/102),,House / නිවාස,2025.11.27,,2026.01.31,Other / වෙනත් (වෙනත් කරුණු යටතේ සදහන් කරන්න),Resettle / නැවත පදිංචිකිරීම,Partially / අර්ධහානි,,බෑවුම අස්‍ථාවරවීම සහ නිම්නයේ මැද පිහිටා ඇත.,,,1.0,,,,,1,,Nuwara Eliya,80.79996,6.93734
80.771902,7.186458,Nuwara Eliya,හඟුරන්කෙත ප්රා.ලේ.කො,පුස්සලමංකඩ,HR2,HR2,,NBRI/NE/HKD/2025/DMCP/35),NBRI/NE/HKD/2025/DMCP/35),495 ඒ,House / නිවාස,2025-11-27 00:00:00,,2025-12-12 00:00:00,Landslide / නායයෑම්,Resettle / නැවත පදිංචිකිරීම,Partially / අර්ධහානි,,,,,4.0,,,36.0,,40,,Nuwara Eliya,80.771902,7.186458
80.683446,7.559521,Matale,අඹන්ගඟ කෝරලේ ප්රා.ලේ.කො,පුස්සැල්ල,HR2,HR2,,"NBRO/MTL/AMBANGAGAKORALE/2026/TW,DJ/62","NBRO/MTL/AMBANGAGAKORALE/2026/TW,DJ/62",E 384,House / නිවාස,2025-11-29 00:00:00,,2026-01-09 00:00:00,Other / වෙනත් (වෙනත් කරුණු යටතේ සදහන් කරන්න),,,,,,,1.0,1.0,,3.0,,5,,Matale,80.683446,7.559521
80.543754,7.085067,Kandy,පස්බාගේ කෝරලේ ප්රා.ලේ.කො,වරකාව,HR2,HR2,,DMLP 336,DMLP 336,,House / නිවාස,2025-11-27 00:00:00,,2026-05-08 00:00:00,Landslide / නායයෑම්,,,,,,,2.0,,,8.0,,10,,Kandy,80.543754,7.085067
80.754707,7.395774,Kandy,පන්විල ප්රා.ලේ.කො,තවලන්තැන්න,HR2,HR2,,UIJ 259,UIJ 259,,House / නිවාස,2025-11-27 00:00:00,,2026-05-06 00:00:00,Slope failures / බැවුම් අස්ථාවරවීම්,,,,,,,1.0,,,9.0,,10,,Kandy,80.754707,7.395774
80.728467,7.132522,Nuwara Eliya,හඟුරන්කෙත ප්රා.ලේ.කො,හදවලපිටිය,HR2,HR2,,NBRI/NE/HKD/2025/IC/04 ),NBRI/NE/HKD/2025/IC/04 ),,House / නිවාස,2025-11-29 00:00:00,,2025-12-24 00:00:00,Landslide / නායයෑම්,Resettle / නැවත පදිංචිකිරීම,Partially / අර්ධහානි,,,,,1.0,1.0,,2.0,,4,,Nuwara Eliya,80.728467,7.132522
80.613538,7.172281,Kandy,දොළුව ප්රා.ලේ.කො,ඔරායන්වත්ත,HR2,HR2,,TPB/313,TPB/313,,House / නිවාස,2025-11-27 00:00:00,,2026-03-28 00:00:00,Other / වෙනත් (වෙනත් කරුණු යටතේ සදහන් කරන්න),,,,,,,1.0,,,3.0,,4,,Kandy,80.613538,7.172281
80.577962,7.235547,Kandy,උඩුනුවර ප්රා.ලේ.කො,නාරංවල,HR2,HR2,,TPB / 022,TPB / 022,,House / නිවාස,2025-11-27 00:00:00,,2026-02-05 00:00:00,Cutting failure / කණ්ඩි අස්ථාවරවීම්,,,,,,,1.0,1.0,,1.0,,3,,Kandy,80.577962,7.235547
80.530122,7.240226,Kandy,උඩුනුවර ප්රා.ලේ.කො,අලුත්කන්ද,HR2,HR2,,TPB / 063,TPB / 063,,House / නිවාස,2025-11-27 00:00:00,,2026-02-10 00:00:00,Slope failures / බැවුම් අස්ථාවරවීම්,,,,,,,1.0,,,2.0,,3,,Kandy,80.530122,7.240226
80.524735,7.244325,Kandy,උඩුනුවර ප්රා.ලේ.කො,බැලුම්ගල,HR2,HR2,,TPB / 134,TPB / 134,,House / නිවාස,2025-11-27 00:00:00,,2026-02-18 00:00:00,Cutting failure / කණ්ඩි අස්ථාවරවීම්,,,,,,,1.0,,,,,1,,Kandy,80.524735,7.244325
80.52367,7.251197,Kandy,උඩුනුවර ප්රා.ලේ.කො,බැලුම්ගල,HR2,HR2,,TPB / 143,TPB / 143,,House / නිවාස,2025-11-27 00:00:00,,2026-02-18 00:00:00,"Slope failures / බැවුම් අස්ථාවරවීම්, Rock fall / ගල් පෙරලීම්",,,,,,,1.0,1.0,,1.0,,3,,Kandy,80.52367,7.251197
80.547216,7.198497,Kandy,උඩුනුවර ප්රා.ලේ.කො,වටදෙනිය වෙලම්බඩ,HR2,HR2,,TPB/368,TPB/368,,House / නිවාස,2025-11-27 00:00:00,,2026-05-05 00:00:00,Slope failures / බැවුම් අස්ථාවරවීම්,,,,,,,1.0,,,,,1,,Kandy,80.547216,7.198497
80.583674,7.242003,Kandy,උඩුනුවර ප්රා.ලේ.කො,යාලේගොඩ බටහිර,HR2,HR2,,WDN 132,WDN 132,,House / නිවාස,2025-11-27 00:00:00,,2026-06-05 00:00:00,Slope failures / බැවුම් අස්ථාවරවීම්,,,,,,,1.0,,,,,1,,Kandy,80.583674,7.242003
80.530368,7.253428,Kandy,උඩුනුවර ප්රා.ලේ.කො,කුරුකුත්තල,HR2,HR2,,TPB/280,TPB/280,,House / නිවාස,2025-11-27 00:00:00,,2026-03-26 00:00:00,Landslide / නායයෑම්,,,,,,,1.0,,,1.0,,2,,Kandy,80.530368,7.253428
80.600964,7.222566,Kandy,උඩුනුවර ප්රා.ලේ.කො,නිව් පේරාදෙණිය,HR2,HR2,,KYP 177,KYP 177,26,House / නිවාස,2025-11-27 00:00:00,,2026-06-15 00:00:00,Slope failures / බැවුම් අස්ථාවරවීම්,,,,,,,1.0,,,,,1,,Kandy,80.600964,7.222566
80.563288,7.26033,Kandy,උඩුනුවර ප්රා.ලේ.කො,ගංගොඩ උතුර,HR2,HR2,,KYP/188,KYP/188,3,House / නිවාස,2025-11-27 00:00:00,,2026-06-19 00:00:00,"Slope failures / බැවුම් අස්ථාවරවීම්, Cutting failure / කණ්ඩි අස්ථාවරවීම්",,,,,,,1.0,,,,,1,,Kandy,80.563288,7.26033
80.565894,7.256059,Kandy,උඩුනුවර ප්රා.ලේ.කො,ගංගොඩ දකුණ,HR2,HR2,,KYP/199,KYP/199,2,House / නිවාස,2025-11-27 00:00:00,,2026-06-19 00:00:00,Slope failures / බැවුම් අස්ථාවරවීම්,,,,,,,1.0,,,,,1,,Kandy,80.565894,7.256059
80.570793,7.196205,Kandy,උඩුනුවර ප්රා.ලේ.කො,වේගිරිය බටහිර,HR2,HR2,,UIJ 263,UIJ 263,47,House / නිවාස,2025-11-27 00:00:00,,2026-05-29 00:00:00,"Landslide / නායයෑම්, Other / වෙනත් (වෙනත් කරුණු යටතේ සදහන් කරන්න)",,,,නායයෑම් අවධානම් (PLS),,,1.0,,,,,1,,Kandy,80.570793,7.196205
80.531041,7.213705,Kandy,උඩුනුවර ප්රා.ලේ.කො,මාණික්කාව,HR2,HR2,,TPB 475,TPB 475,108,House / නිවාස,2025-11-27 00:00:00,,2026-06-18 00:00:00,"Slope failures / බැවුම් අස්ථාවරවීම්, Rock fall / ගල් පෙරලීම්",,,,,,,2.0,,,,,2,,Kandy,80.531041,7.213705
80.536975,7.248394,Kandy,උඩුනුවර ප්රා.ලේ.කො,මාත්ගමුව,HR2,HR2,,DMLP 367,DMLP 367,,House / නිවාස,2025-11-27 00:00:00,,2026-08-20 00:00:00,,,,,,,,2.0,,,,,2,,Kandy,80.536975,7.248394
80.9188,7.34879,Kandy,මිණිපෙ ප්රා.ලේ.කො,ගුරුළුපොත,HR2,HR2,,AW/089,AW/089,927.0,House / නිවාස,2025-11-27 00:00:00,,2026-01-18 00:00:00,Slope failures / බැවුම් අස්ථාවරවීම්,Resettle / නැවත පදිංචිකිරීම,,,,,,1.0,,,,,1,,Kandy,80.9188,7.34879
80.819074,7.287421,Kandy,උඩුනුවර ප්රා.ලේ.කො,මැදමහනුවර,HR2,HR2,,DMLP 003,DMLP 003,810,House / නිවාස,2025-11-27 00:00:00,,2026-03-26 00:00:00,,,,,,,,2.0,,,6.0,,8,,Kandy,80.819074,7.287421
80.678248,7.56692,Matale,අඹන්ගඟ කෝරලේ ප්රා.ලේ.කො,නාගුලියද්ද,HR2,HR2,,NBRO/MTL/AMBANGAGAKORALE/2026/RMSR/88,NBRO/MTL/AMBANGAGAKORALE/2026/RMSR/88,,House / නිවාස,2025-11-27 00:00:00,,2026-01-15 00:00:00,"Cutting failure / කණ්ඩි අස්ථාවරවීම්, Rock fall / ගල් පෙරලීම්",,,,,,,1.0,,,1.0,,2,,Matale,80.678248,7.56692
80.65981,7.531938,Matale,අඹන්ගඟ කෝරලේ ප්රා.ලේ.කො,ගුරුබැබිල,HR2,HR2,,NBRO/MTL/AMBANGAGAKORALE/2026/RMSR/89,NBRO/MTL/AMBANGAGAKORALE/2026/RMSR/89,,House / නිවාස,2025-11-27 00:00:00,,2026-01-15 00:00:00,"Slope failures / බැවුම් අස්ථාවරවීම්, Cutting failure / කණ්ඩි අස්ථාවරවීම්, Rock fall / ගල් පෙරලීම්",,,,,,,2.0,,,5.0,,7,,Matale,80.65981,7.531938
80.678641,7.158946,Kandy,දොළුව ප්රා.ලේ.කො,පිටවල,HR2,HR2,,WDN 94,WDN 94,1133.0,House / නිවාස,2025-11-27 00:00:00,,2026-04-24 00:00:00,Slope failures / බැවුම් අස්ථාවරවීම්,,,,,,,1.0,1.0,,1.0,,3,,Kandy,80.678641,7.158946
80.672337,7.157587,Kandy,දොළුව ප්රා.ලේ.කො,පිටවල,HR2,HR2,,WDN 98,WDN 98,1133.0,House / නිවාස,2025-11-27 00:00:00,,2026-04-24 00:00:00,Other / වෙනත් (වෙනත් කරුණු යටතේ සදහන් කරන්න),,,,නායයෑම් අවධානම්,,,1.0,2.0,,5.0,,8,,Kandy,80.672337,7.157587
80.332614,7.022861,Kegalle,යටියන්තොට ප්රා.ලේ.කො,වීරගල්ල,HR2,HR2,,LRR-YTP-46,LRR-YTP-46,,House / නිවාස,2025-11-28 00:00:00,07:30:00,2026-01-05 00:00:00,Slope failures / බැවුම් අස්ථාවරවීම්,Resettle / නැවත පදිංචිකිරීම,Partially / අර්ධහානි,,,,,1.0,,,,,1,,Kegalle,80.332614,7.022861
80.7198,7.264621,Kandy,ගඟ වට කෝරලේ ප්රා.ලේ.කො,ගුරුදෙණිය නැගෙනහිර,HR2,HR2,,JSB/147,JSB/147,,House / නිවාස,2025-11-27 00:00:00,,2026-01-06 00:00:00,Cutting failure / කණ්ඩි අස්ථාවරවීම්,Resettle / නැවත පදිංචිකිරීම,,,,,,1.0,,,,,1,,Kandy,80.7198,7.264621
80.6376,7.285269,Kandy,ගඟ වට කෝරලේ ප්රා.ලේ.කො,"මල්වත්ත,",HR2,HR2,,JSB/‍154,JSB/‍154,254.0,House / නිවාස,2025-11-27 00:00:00,,2026-01-06 00:00:00,"Landslide / නායයෑම්, Cutting failure / කණ්ඩි අස්ථාවරවීම්",Resettle / නැවත පදිංචිකිරීම,,,,,,2.0,,,,,2,,Kandy,80.6376,7.285269
80.6673,7.276243,Kandy,ගඟ වට කෝරලේ ප්රා.ලේ.කො,"තැන්නේකුඹුර,",HR2,HR2,,JSB/148,JSB/148,275.0,House / නිවාස,2025-11-27 00:00:00,,2026-01-06 00:00:00,Slope failures / බැවුම් අස්ථාවරවීම්,Resettle / නැවත පදිංචිකිරීම,,,,,,1.0,,,,,1,,Kandy,80.6673,7.276243
80.6624,7.277167,Kandy,ගඟ වට කෝරලේ ප්රා.ලේ.කො,"තැන්නේකුඹුර,",HR2,HR2,,JSB/‍151,JSB/‍151,275.0,House / නිවාස,2025-11-27 00:00:00,,2026-01-06 00:00:00,Landslide / නායයෑම්,Resettle / නැවත පදිංචිකිරීම,,,,,,2.0,,,,,2,,Kandy,80.6624,7.277167
80.6624,7.27716,Kandy,ගඟ වට කෝරලේ ප්රා.ලේ.කො,"තැන්නේකුඹුර,",HR2,HR2,,JSB/‍152,JSB/‍152,275.0,House / නිවාස,2025-11-27 00:00:00,,2026-01-06 00:00:00,Landslide / නායයෑම්,Resettle / නැවත පදිංචිකිරීම,,,,,,1.0,,,,,1,,Kandy,80.6624,7.27716
80.616675,7.22482,Kandy,ගඟ වට කෝරලේ ප්රා.ලේ.කො,"මහකන්ද , සරසවිගම",HR2,HR2,,BGS 067,BGS 067,,House / නිවාස,2025-11-27 00:00:00,,2026-03-20 00:00:00,,,,,,,,1.0,4.0,,6.0,,11,,Kandy,80.616675,7.22482
80.762981,6.947925,Nuwara Eliya,නුවරඑළිය ප්රා.ලේ.කො,බන්ගලාහත,HR2,HR2,,NBRI/NE/NED/2026/WGMSS/34),NBRI/NE/NED/2026/WGMSS/34),476/සිි,House / නිවාස,2025.11.27,,2026.03.19,Slope failures / බැවුම් අස්ථාවරවීම්,Resettle / නැවත පදිංචිකිරීම,Partially / අර්ධහානි,0.0,,,,1.0,,,2.0,,3,,Nuwara Eliya,80.762981,6.947925
80.635198,7.271555,Kandy,ගඟ වට කෝරලේ ප්රා.ලේ.කො,හීරස්සගල,HR2,HR2,,BGS 061,BGS 061,,House / නිවාස,2025-11-27 00:00:00,,2026-03-20 00:00:00,,,,,,,,1.0,,,10.0,,11,,Kandy,80.635198,7.271555
80.645282,7.193236,Kandy,දොළුව ප්රා.ලේ.කො,නවනිල්ල්ඹ,HR2,HR2,,HLK 325,HLK 325,1136.0,House / නිවාස,2025-11-27 00:00:00,,2026-06-26 00:00:00,Slope failures / බැවුම් අස්ථාවරවීම්,,,,,,,1.0,,,,,1,,Kandy,80.645282,7.193236
80.557516,7.121774,Kandy,ගඟ ඉහළ කෝරලේ ප්රා.ලේ.කො,උඩගම,HR2,HR2,,UIJ/015,UIJ/015,,House / නිවාස,2025-11-28 00:00:00,,2025-12-06 00:00:00,"Landslide / නායයෑම්, Slope failures / බැවුම් අස්ථාවරවීම්, Cutting failure / කණ්ඩි අස්ථාවරවීම්",Resettle / නැවත පදිංචිකිරීම,,,,,,2.0,10.0,,,,12,,Kandy,80.557516,7.121774
80.856185,7.292905,Kandy,උඩදුම්බර ප්රා.ලේ.කො,නුගේතැන්න නැගෙනහිර,HR2,HR2,,SUJ 012,SUJ 012,842.0,House / නිවාස,2025-11-28 00:00:00,,2026-04-03 00:00:00,Landslide / නායයෑම්,,,,,,,2.0,3.0,,3.0,,8,,Kandy,80.856185,7.292905
80.233814,7.237568,Kegalle,වරකාපොළ ප්රා.ලේ.කො,තෝලංගමුව - 83,HR2,HR2,,LRR-WRP-50A/ 50A,LRR-WRP-50A/ 50A,,House / නිවාස,2025-11-28 00:00:00,,2025-12-05 00:00:00,Landslide / නායයෑම්,Resettle / නැවත පදිංචිකිරීම,Partially / අර්ධහානි,1.0,,,,1.0,1.0,,44.0,4.0,50,,Kegalle,80.233814,7.237568
80.276611,7.27017,Kegalle,වරකාපොළ ප්රා.ලේ.කො,තල්ගම 79-B,HR2,HR2,,LRR-WRP-38,LRR-WRP-38,,House / නිවාස,2025-11-29 00:00:00,,2026-01-08 00:00:00,Landslide / නායයෑම්,Resettle / නැවත පදිංචිකිරීම,Partially / අර්ධහානි,,,,,1.0,1.0,,,,2,,Kegalle,80.276611,7.27017
80.25443,7.268788,Kegalle,වරකාපොළ ප්රා.ලේ.කො,78 A - හෑලියගොඩ,HR2,HR2,,LRR-WRP-40,LRR-WRP-40,,House / නිවාස,2025-11-28 00:00:00,06:30:00,2026-01-08 00:00:00,Landslide / නායයෑම්,Resettle / නැවත පදිංචිකිරීම,Partially / අර්ධහානි,,,,,1.0,,,3.0,,4,,Kegalle,80.25443,7.268788
80.709166,7.117409,Nuwara Eliya,හඟුරන්කෙත ප්රා.ලේ.කො,හෝප්,HR2,HR2,,NBRI/NE/HKD/2025/SMK/76,NBRI/NE/HKD/2025/SMK/76,501ජී,(වෙනත් කරුණු යටතේ සටහන් කරන්න),2025-11-27 00:00:00,,2026-01-02 00:00:00,"Slope failures / බැවුම් අස්ථාවරවීම්, Rock fall / ගල් පෙරලීම්",Resettle / නැවත පදිංචිකිරීම,Partially / අර්ධහානි,,Twin cottage අංක 10,,,1.0,,,2.0,2.0,5,,Nuwara Eliya,80.709166,7.117409
80.67928,7.555979,Matale,අඹන්ගඟ කෝරලේ ප්රා.ලේ.කො,නාගුලියද්ද,HR2,HR2,,NBRO/MTL/AMBANGAGAKORALE/2026/MAKS/102,NBRO/MTL/AMBANGAGAKORALE/2026/MAKS/102,,House / නිවාස,2025-11-27 00:00:00,,,"Landslide / නායයෑම්, Slope failures / බැවුම් අස්ථාවරවීම්, Cutting failure / කණ්ඩි අස්ථාවරවීම්, Rock fall / ගල් පෙරලීම්, Other / වෙනත් (වෙන",,,,,,,1.0,1.0,,8.0,3.0,13,,Matale,80.67928,7.555979
80.791287,7.118736,Nuwara Eliya,හඟුරන්කෙත ප්රා.ලේ.කො,දෙනිපේ -,HR2,HR2,,NBRI/NE/HKD/2026/IC/09,NBRI/NE/HKD/2026/IC/09,481,House / නිවාස,28/11/2025,,28/12/2025,Other / වෙනත් (වෙනත් කරුණු යටතේ සදහන් කරන්න),Resettle / නැවත පදිංචිකිරීම,Partially / අර්ධහානි,,භුමි ගිලා බැසිම,,,1.0,1.0,,2.0,,4,,Nuwara Eliya,80.791287,7.118736
80.747008,6.982387,Nuwara Eliya,නුවරඑළිය ප්රා.ලේ.කො,ශාන්තිපුර,HR2,HR2,,NBRI/NE/NED/2026/DSDD/219),NBRI/NE/NED/2026/DSDD/219),535එම්,House / නිවාස,2025.11.27,,2026.03.19,Slope failures / බැවුම් අස්ථාවරවීම්,Resettle / නැවත පදිංචිකිරීම,Partially / අර්ධහානි,0.0,,,,1.0,2.0,,12.0,,15,,Nuwara Eliya,80.747008,6.982387
80.594165,7.163215,Kandy,දොළුව ප්රා.ලේ.කො,තුන්දෙනිය,HR2,HR2,,MVN 0056,MVN 0056,,House / නිවාස,2025-11-28 00:00:00,,2026-04-03 00:00:00,"Slope failures / බැවුම් අස්ථාවරවීම්, Rock fall / ගල් පෙරලීම්",,,,,,,1.0,,,,,1,,Kandy,80.594165,7.163215
80.588819,7.168185,Kandy,දොළුව ප්රා.ලේ.කො,වැවතැන්න,HR2,HR2,,MVN 0064,MVN 0064,,House / නිවාස,2025-11-28 00:00:00,,2026-04-03 00:00:00,Slope failures / බැවුම් අස්ථාවරවීම්,,,,,,,2.0,10.0,,,2.0,14,,Kandy,80.588819,7.168185
80.772681,7.167357,Nuwara Eliya,හඟුරන්කෙත ප්රා.ලේ.කො,දැලිවල,HR2,HR2,,NBRI/NE/HKD/2026/IC/14),NBRI/NE/HKD/2026/IC/14),494 ඩී,House / නිවාස,2025.11.27 උදේ 6.10 පමණ,,2026-01-13 00:00:00,Other / වෙනත් (වෙනත් කරුණු යටතේ සදහන් කරන්න),Resettle / නැවත පදිංචිකිරීම,Partially / අර්ධහානි,,කදුරු මාර්ගයක මැදිව කණ්ඩි කඩා වැටීම,,,1.0,,,9.0,,10,,Nuwara Eliya,80.772681,7.167357
80.5577,7.146524,Kandy,ගඟ ඉහළ කෝරලේ ප්රා.ලේ.කො,"හැරකොල, වල්ලහගොඩ",HR2,HR2,,SUJ/001,SUJ/001,,House / නිවාස,2025-11-28 00:00:00,,2026-01-15 00:00:00,Landslide / නායයෑම්,,,,,,,143.0,89.0,,,,232,,Kandy,80.5577,7.146524
80.754337,7.16544,Nuwara Eliya,හඟුරන්කෙත ප්රා.ලේ.කො,හපුවල,HR2,HR2,,NBRI/NE/HKD/2026/LY/47),NBRI/NE/HKD/2026/LY/47),,House / නිවාස,2025-11-27 00:00:00,,2026-01-10 00:00:00,Slope failures / බැවුම් අස්ථාවරවීම්,Resettle / නැවත පදිංචිකිරීම,Partially / අර්ධහානි,,,,,4.0,,,,,4,,Nuwara Eliya,80.754337,7.16544
80.785028,7.176516,Nuwara Eliya,හඟුරන්කෙත ප්රා.ලේ.කො,උඩවත්තකුඹුර,HR2,HR2,,NBRI/NE/HKD/2026/DMCP/55),NBRI/NE/HKD/2026/DMCP/55),494 / එෆ්,House / නිවාස,2025-11-27 00:00:00,,2025-12-29 00:00:00,Landslide / නායයෑම්,Resettle / නැවත පදිංචිකිරීම,Partially / අර්ධහානි,,,,,6.0,3.0,,,,9,,Nuwara Eliya,80.785028,7.176516
80.876636,7.313416,Kandy,උඩදුම්බර ප්රා.ලේ.කො,හාල්යාල,HR2,HR2,,IBE 222,IBE 222,,House / නිවාස,2025-11-27 00:00:00,,2026-07-06 00:00:00,Slope failures / බැවුම් අස්ථාවරවීම්,,,,,,,3.0,2.0,,2.0,,7,,Kandy,80.876636,7.313416
80.672742,7.583163,Matale,අඹන්ගඟ කෝරලේ ප්රා.ලේ.කො,කුඹල්ඔලුව,HR2,HR2,,NBRO/MTL/AMBANGAGAKORALE/2026/KA/155,NBRO/MTL/AMBANGAGAKORALE/2026/KA/155,E 381,House / නිවාස,2025-11-27 00:00:00,,2026-01-30 00:00:00,"Slope failures / බැවුම් අස්ථාවරවීම්, Cutting failure / කණ්ඩි අස්ථාවරවීම්, Rock fall / ගල් පෙරලීම්, Other / වෙනත් (වෙනත් කරුණු යටතේ",,,,,,,2.0,2.0,,15.0,,19,,Matale,80.672742,7.583163
80.900281,7.377552,Kandy,උඩදුම්බර ප්රා.ලේ.කො,දුම්බරගම,HR2,HR2,,IBE 210,IBE 210,,House / නිවාස,2025-11-27 00:00:00,,2026-05-29 00:00:00,Slope failures / බැවුම් අස්ථාවරවීම්,,,,,,,3.0,2.0,,,,5,,Kandy,80.900281,7.377552
80.892461,7.308197,Kandy,උඩදුම්බර ප්රා.ලේ.කො,ගංගොඩ,HR2,HR2,,IBE 207,IBE 207,,House / නිවාස,2025-11-27 00:00:00,,2026-05-29 00:00:00,Landslide / නායයෑම්,,,,,,,6.0,6.0,,18.0,,30,,Kandy,80.892461,7.308197
80.821171,7.162197,Nuwara Eliya,හඟුරන්කෙත ප්රා.ලේ.කො,ගලඋඩ - දකුණ /උතුර,HR2,HR2,,NBRI/NE/HKD/2026/PTG/182),NBRI/NE/HKD/2026/PTG/182),489/E,House / නිවාස,2025-11-27 00:00:00,,2026.01.21,Rock fall / ගල් පෙරලීම්,Resettle / නැවත පදිංචිකිරීම,Partially / අර්ධහානි,,,,,1.0,1.0,,3.0,,5,,Nuwara Eliya,80.821171,7.162197
80.751668,6.917015,Nuwara Eliya,නුවරඑළිය ප්රා.ලේ.කො,පැරකුම්පුර,HR2,HR2,,NBRI/NE/NED/2026/DSDD/271),NBRI/NE/NED/2026/DSDD/271),,House / නිවාස,2025.11.27,,2026.04.26,Slope failures / බැවුම් අස්ථාවරවීම්,Resettle / නැවත පදිංචිකිරීම,Minor or No Damages / සුළුහානි හෝ හානි නොමැති,0.0,,,,2.0,3.0,,9.0,,14,,Nuwara Eliya,80.751668,6.917015
80.676481,7.549083,Matale,අඹන්ගඟ කෝරලේ ප්රා.ලේ.කො,නාගුලියද්ද,HR2,HR2,,"NBRO/MTL/AMBANGAGAKORALE/2026/TW,DJ/186","NBRO/MTL/AMBANGAGAKORALE/2026/TW,DJ/186",E 384 C,House / නිවාස,2025-11-27 00:00:00,,2026-02-11 00:00:00,,,,,,,,3.0,8.0,,11.0,,22,,Matale,80.676481,7.549083
80.662763,7.570433,Matale,අඹන්ගඟ කෝරලේ ප්රා.ලේ.කො,ඉඹුල්ගොල්ල,HR2,HR2,,"NBRO/MTL/AMBANGAGAKORALE/2026/DJ,SN/213","NBRO/MTL/AMBANGAGAKORALE/2026/DJ,SN/213",E 381 B,House / නිවාස,,,2026-02-16 00:00:00,"Landslide / නායයෑම්, Slope failures / බැවුම් අස්ථාවරවීම්, Rock fall / ගල් පෙරලීම්",,,,,,,1.0,,,3.0,8.0,12,,Matale,80.662763,7.570433
80.661977,7.5493,Matale,අඹන්ගඟ කෝරලේ ප්රා.ලේ.කො,රයිතලාව,HR2,HR2,,"NBRO/MTL/AMBANGAGAKORALE/2026/TW,DJ/187","NBRO/MTL/AMBANGAGAKORALE/2026/TW,DJ/187",E 380,House / නිවාස,2025-11-27 00:00:00,,2026-02-11 00:00:00,"Slope failures / බැවුම් අස්ථාවරවීම්, Cutting failure / කණ්ඩි අස්ථාවරවීම්, Other / වෙනත් (වෙනත් කරුණු යටතේ සදහන් කරන්න)",,,,,,,1.0,1.0,,,,2,,Matale,80.661977,7.5493
80.534136,7.123702,Kandy,ගඟ ඉහළ කෝරලේ ප්රා.ලේ.කො,පැල්ලපිටිය උතුර,HR2,HR2,,SUJ/006,SUJ/006,,House / නිවාස,,,,,,,,,,,2.0,1.0,,,,3,,Kandy,80.534136,7.123702
80.555541,7.104484,Kandy,ගඟ ඉහළ කෝරලේ ප්රා.ලේ.කො,උලපනේ උතුර,HR2,HR2,,IBE/7-B,IBE/7-B,,House / නිවාස,,,,,,,,,,,3.0,1.0,,,,4,,Kandy,80.555541,7.104484
80.540852,7.145964,Kandy,ගඟ ඉහළ කෝරලේ ප්රා.ලේ.කො,ගල්පාය,HR2,HR2,,TPB /074,TPB /074,1066,House / නිවාස,2025-11-27 00:00:00,,2026-02-06 00:00:00,Slope failures / බැවුම් අස්ථාවරවීම්,,,,,,,1.0,,,,,1,,Kandy,80.540852,7.145964
80.5584,7.125172,Kandy,ගඟ ඉහළ කෝරලේ ප්රා.ලේ.කො,තැඹිලිගල,HR2,HR2,,SUJ/027,SUJ/027,,House / නිවාස,,,,,,,,,,,1.0,,,,,1,,Kandy,80.5584,7.125172
80.682167,6.934603,Nuwara Eliya,නුවරඑළිය ප්රා.ලේ.කො,රත්නගිරිය,HR2,HR2,,NBRI/NE/NED/2026/LSG/41),NBRI/NE/NED/2026/LSG/41),475/ජිි,House / නිවාස,2025.11.27,,2026.06.06,Other / වෙනත් (වෙනත් කරුණු යටතේ සදහන් කරන්න),Resettle / නැවත පදිංචිකිරීම,Partially / අර්ධහානි,0.0,අධික බෑවුම සහ නිම්න ආශ්‍රිත කලාප හේතුවෙන්,,,2.0,5.0,,6.0,,13,,Nuwara Eliya,80.682167,6.934603
80.498839,7.092081,Kandy,ගඟ ඉහළ කෝරලේ ප්රා.ලේ.කො,රාක්ෂාව,HR2,HR2,,GHD 177,GHD 177,1053,House / නිවාස,2025-11-27 00:00:00,,2026-04-06 00:00:00,Slope failures / බැවුම් අස්ථාවරවීම්,,,,,,,1.0,1.0,,1.0,,3,,Kandy,80.498839,7.092081
80.547515,7.11088,Kandy,ගඟ ඉහළ කෝරලේ ප්රා.ලේ.කො,පල්ලේපිටිය දකුණ - 1064,HR2,HR2,,WDN 64,WDN 64,1064,House / නිවාස,2025-11-27 00:00:00,,2026-03-31 00:00:00,Slope failures / බැවුම් අස්ථාවරවීම්,,,,,,,1.0,,,,,1,,Kandy,80.547515,7.11088
80.522125,7.097911,Kandy,ගඟ ඉහළ කෝරලේ ප්රා.ලේ.කො,උඩහේන්තැන්න,HR2,HR2,,GHD 063,GHD 063,1055,House / නිවාස,2025-11-27 00:00:00,,2026-03-31 00:00:00,Cutting failure / කණ්ඩි අස්ථාවරවීම්,,,,,,,1.0,,,1.0,,2,,Kandy,80.522125,7.097911
80.558879,7.111225,Kandy,ගඟ ඉහළ කෝරලේ ප්රා.ලේ.කො,උලපනේ උතුර,HR2,HR2,,WDN 210,WDN 210,,House / නිවාස,2025-11-27 00:00:00,,2026-07-01 00:00:00,Other / වෙනත් (වෙනත් කරුණු යටතේ සදහන් කරන්න),,,,නාය යෑම් අවදානම්,,,4.0,,,,,4,,Kandy,80.558879,7.111225
80.558942,7.110634,Kandy,ගඟ ඉහළ කෝරලේ ප්රා.ලේ.කො,උලපනේ උතුර,HR2,HR2,,WDN 211,WDN 211,,House / නිවාස,2025-11-27 00:00:00,,2026-07-01 00:00:00,Other / වෙනත් (වෙනත් කරුණු යටතේ සදහන් කරන්න),,,,නාය යෑම් අවදානම්,,,2.0,,,,,2,,Kandy,80.558942,7.110634
80.571695,7.133971,Kandy,ගඟ ඉහළ කෝරලේ ප්රා.ලේ.කො,ගම්පලවෙල,HR2,HR2,,HLK/274,HLK/274,1077,House / නිවාස,2025-11-27 00:00:00,,2026-05-29 00:00:00,Landslide / නායයෑම්,,,,,,,1.0,,,1.0,,2,,Kandy,80.571695,7.133971
80.452807,7.113436,Kandy,ගඟ ඉහළ කෝරලේ ප්රා.ලේ.කො,පටිතලාව,HR2,HR2,,IBE 198,IBE 198,1048,House / නිවාස,2025-11-27 00:00:00,,2026-05-29 00:00:00,"Other / වෙනත් (වෙනත් කරුණු යටතේ සදහන් කරන්න), Slope failures / බැවුම් අස්ථාවරවීම්",,,,නායයෑම් අවදානම,,,4.0,4.0,,15.0,,23,,Kandy,80.452807,7.113436
80.747054,6.993756,Nuwara Eliya,නුවරඑළිය ප්රා.ලේ.කො,ටොප්පාස්,HR2,HR2,,NBRI/NE/NED/2026/VKG/82),NBRI/NE/NED/2026/VKG/82),535ජේ,House / නිවාස,2025.11.27,,2026.06.07,Other / වෙනත් (වෙනත් කරුණු යටතේ සදහන් කරන්න),Resettle / නැවත පදිංචිකිරීම,Partially / අර්ධහානි,0.0,ඇළ මාර්ගයක පිහිටා තිබීම,,,1.0,,,,,1,,Nuwara Eliya,80.747054,6.993756
80.248525,7.19402,Kegalle,වරකාපොළ ප්රා.ලේ.කො,මැණික් කඩවර 86,HR2,HR2,,LRR-WRP-21,LRR-WRP-21,,House / නිවාස,,,2026-01-06 00:00:00,Landslide / නායයෑම්,Resettle / නැවත පදිංචිකිරීම,Partially / අර්ධහානි,,,,,1.0,,,2.0,,3,,Kegalle,80.248525,7.19402
80.76041,6.96452,Nuwara Eliya,නුවරඑළිය ප්රා.ලේ.කො,නුවරඑළිය බටහිර,HR2,HR2,,NBRI/NE/NED/2026/DSDD/311),NBRI/NE/NED/2026/DSDD/311),,House / නිවාස,2025.11.27,,2026.06.02,Other / වෙනත් (වෙනත් කරුණු යටතේ සදහන් කරන්න),Resettle / නැවත පදිංචිකිරීම,Partially / අර්ධහානි,0.0,නිම්නය අසල අස්ථාවර වීම,,,1.0,9.0,,,,10,,Nuwara Eliya,80.76041,6.96452
80.4991,7.384601,Kandy,තුම්පනේ ප්රා.ලේ.කො,"අඹගහ හේන,",HR2,HR2,,SUJ/005,SUJ/005,371.0,House / නිවාස,2025-11-27 00:00:00,,2025-12-22 00:00:00,Cutting failure / කණ්ඩි අස්ථාවරවීම්,,,,,,,1.0,3.0,,5.0,,9,,Kandy,80.4991,7.384601
80.527,7.382639,Kandy,තුම්පනේ ප්රා.ලේ.කො,"දෙල්ගස් යාය,",HR2,HR2,,SUJ/007,SUJ/007,307.0,House / නිවාස,2025-11-27 00:00:00,,2025-12-22 00:00:00,Cutting failure / කණ්ඩි අස්ථාවරවීම්,,,,,,,2.0,,,1.0,,3,,Kandy,80.527,7.382639
80.530102,7.330065,Kandy,තුම්පනේ ප්රා.ලේ.කො,පල්ලේකොටුව,HR2,HR2,,WDN 238,WDN 238,392.0,House / නිවාස,2025-11-27 00:00:00,,2026-07-20 00:00:00,Other / වෙනත් (වෙනත් කරුණු යටතේ සදහන් කරන්න),,,,නාය යෑම් අවදානම්,,,2.0,,,2.0,,4,,Kandy,80.530102,7.330065
80.778629,7.153185,Nuwara Eliya,හඟුරන්කෙත ප්රා.ලේ.කො,දොළුගල,HR2,HR2,,NBRI/NE/HKD/2026/DMCP/75),NBRI/NE/HKD/2026/DMCP/75),494ඒ,House / නිවාස,2025.11.27,,2026.01.28,Cutting failure / කණ්ඩි අස්ථාවරවීම්,Resettle / නැවත පදිංචිකිරීම,Partially / අර්ධහානි,,,,,1.0,1.0,,3.0,,5,,Nuwara Eliya,80.778629,7.153185
80.531459,7.328713,Kandy,තුම්පනේ ප්රා.ලේ.කො,පල්ලේකොටුව,HR2,HR2,,WDN 245,WDN 245,392.0,House / නිවාස,2025-11-27 00:00:00,,2026-07-20 00:00:00,"Cutting failure / කණ්ඩි අස්ථාවරවීම්, Other / වෙනත් (වෙනත් කරුණු යටතේ සදහන් කරන්න)",,,,ගල් පෙරලීම,,,2.0,,,,,2,,Kandy,80.531459,7.328713
80.509361,7.373295,Kandy,තුම්පනේ ප්රා.ලේ.කො,හියදල වල්පොල,HR2,HR2,,HLK 362,HLK 362,294.0,House / නිවාස,2025-11-27 00:00:00,,2026-07-07 00:00:00,Cutting failure / කණ්ඩි අස්ථාවරවීම්,,,,,,,1.0,,,,,1,,Kandy,80.509361,7.373295
80.517119,7.382275,Kandy,තුම්පනේ ප්රා.ලේ.කො,බොනකොට්,HR2,HR2,,SUJ 053,SUJ 053,,House / නිවාස,2025-11-27 00:00:00,,2026-03-19 00:00:00,Slope failures / බැවුම් අස්ථාවරවීම්,,,,,,,1.0,,,,,1,,Kandy,80.517119,7.382275
80.749447,6.917902,Nuwara Eliya,නුවරඑළිය ප්රා.ලේ.කො,පැරකුම්පුර,HR2,HR2,,NBRI/NE/NED/2026/WGMSS/112),NBRI/NE/NED/2026/WGMSS/112),476/බී,House / නිවාස,2025.11.27,,2026.07.08,Slope failures / බැවුම් අස්ථාවරවීම්,Resettle / නැවත පදිංචිකිරීම,Partially / අර්ධහානි,,,,,2.0,,,8.0,,10,,Nuwara Eliya,80.749447,6.917902
80.517017,7.38244,Kandy,තුම්පනේ ප්රා.ලේ.කො,බොනකොට්,HR2,HR2,,SUJ 052,SUJ 052,,House / නිවාස,2025-11-27 00:00:00,,2026-03-19 00:00:00,Slope failures / බැවුම් අස්ථාවරවීම්,,,,,,,1.0,,,,,1,,Kandy,80.517017,7.38244
80.774353,7.157197,Nuwara Eliya,හඟුරන්කෙත ප්රා.ලේ.කො,දොළුගල,HR2,HR2,,NBRI/NE/HKD/2026/DMCP/77),NBRI/NE/HKD/2026/DMCP/77),494ඒ,House / නිවාස,2025.11.27,,2026.01.28,Slope failures / බැවුම් අස්ථාවරවීම්,Resettle / නැවත පදිංචිකිරීම,Partially / අර්ධහානි,,,,,1.0,3.0,,7.0,,11,,Nuwara Eliya,80.774353,7.157197
80.668851,7.545691,Matale,අඹන්ගඟ කෝරලේ ප්රා.ලේ.කො,පල්ලේතැන්න,HR2,HR2,,NBRO/MTL/AMBANGAGAKORALE/2026/KA/238,NBRO/MTL/AMBANGAGAKORALE/2026/KA/238,,House / නිවාස,2025-11-27 00:00:00,,2026-02-20 00:00:00,"Landslide / නායයෑම්, Rock fall / ගල් පෙරලීම්, Slope failures / බැවුම් අස්ථාවරවීම්, Cutting failure / කණ්ඩි අස්ථාවරවීම්",,Partially / අර්ධහානි,,,,,1.0,,,11.0,1.0,13,,Matale,80.668851,7.545691
80.5936,7.428666,Kandy,අකුරණ ප්රා.ලේ.කො,රඹුකේඇල,HR2,HR2,,IBE /043,IBE /043,,Institution / ආයතනය,2025-11-27 00:00:00,,2026-01-10 00:00:00,Landslide / නායයෑම්,,,,,,,1.0,,,,,1,,Kandy,80.5936,7.428666
80.681245,7.5408,Matale,අඹන්ගඟ කෝරලේ ප්රා.ලේ.කො,සිිරංගහවත්ත,HR2,HR2,,"NBRO/MTL/AMBANGAGAKORALE/2026/KA,KH/243","NBRO/MTL/AMBANGAGAKORALE/2026/KA,KH/243",E 384 E,House / නිවාස,2025-11-27 00:00:00,,2026-02-27 00:00:00,"Landslide / නායයෑම්, Slope failures / බැවුම් අස්ථාවරවීම්, Cutting failure / කණ්ඩි අස්ථාවරවීම්, Rock fall / ගල් පෙරලීම්",,,,,,,2.0,5.0,,6.0,9.0,22,,Matale,80.681245,7.5408
80.627818,7.378953,Kandy,අකුරණ ප්රා.ලේ.කො,දෙල්ගස්තැන්න,HR2,HR2,,GHD 020,GHD 020,572.0,House / නිවාස,2025-11-27 00:00:00,,2026-03-06 00:00:00,Cutting failure / කණ්ඩි අස්ථාවරවීම්,,,,,,,1.0,,,,,1,,Kandy,80.627818,7.378953
80.617815,7.410423,Kandy,අකුරණ ප්රා.ලේ.කො,බලකඩුව,HR2,HR2,,GHD 022,GHD 022,585.0,House / නිවාස,2025-11-27 00:00:00,,2026-03-06 00:00:00,Slope failures / බැවුම් අස්ථාවරවීම්,,,,,,,1.0,,,4.0,,5,,Kandy,80.617815,7.410423
80.625366,7.391454,Kandy,අකුරණ ප්රා.ලේ.කො,මාරහෙල,HR2,HR2,,SUJ 098,SUJ 098,,House / නිවාස,2025-11-27 00:00:00,,2026-05-06 00:00:00,"Slope failures / බැවුම් අස්ථාවරවීම්, Cutting failure / කණ්ඩි අස්ථාවරවීම්",,,,,,,1.0,,,,,1,,Kandy,80.625366,7.391454
80.518568,6.825426,Nuwara Eliya,නොර්වුඩ් ප්රා.ලේ.කො,සිතගඟුල,HR2,HR2,,NBRI/NE/ABD[Norwood]/2025/SMK/04/REV,NBRI/NE/ABD[Norwood]/2025/SMK/04/REV,320 බී,House / නිවාස,2025.11.28,පෙ.ව. 11 පමණ,2025.12.04,Landslide / නායයෑම්,Resettle / නැවත පදිංචිකිරීම,Partially / අර්ධහානි,,,,,4.0,,,,,4,,Nuwara Eliya,80.518568,6.825426
80.181152,7.186108,Kegalle,වරකාපොළ ප්රා.ලේ.කො,පුහුලේ ගම,HR2,HR2,,LRR-WRP-16,LRR-WRP-16,,House / නිවාස,2025-11-28 00:00:00,,2025-12-30 00:00:00,Cutting failure / කණ්ඩි අස්ථාවරවීම්,Resettle / නැවත පදිංචිකිරීම,Partially / අර්ධහානි,,,,,1.0,,,,,1,,Kegalle,80.181152,7.186108
80.56001,6.91418,Nuwara Eliya,නොර්වුඩ් ප්රා.ලේ.කො,රොසැල්ල,HR2,HR2,,NBRI/NE/NED[Norwood]/2025/JMH/04/REV,NBRI/NE/NED[Norwood]/2025/JMH/04/REV,320 ඊ,House / නිවාස,-,-,2025.12.10,Cutting failure / කණ්ඩි අස්ථාවරවීම්,Resettle / නැවත පදිංචිකිරීම,Partially / අර්ධහානි,1.0,,,,7.0,,,18.0,,25,,Nuwara Eliya,80.56001,6.91418
80.26934,7.147959,Kegalle,වරකාපොළ ප්රා.ලේ.කො,තඹදිය,HR2,HR2,,ERR - WRP 06,ERR - WRP 06,,House / නිවාස,2025-11-28 00:00:00,,2025-12-10 00:00:00,Landslide / නායයෑම්,Resettle / නැවත පදිංචිකිරීම,Partially / අර්ධහානි,,,,,1.0,7.0,,,,8,,Kegalle,80.26934,7.147959
80.76554,7.19018,Nuwara Eliya,හඟුරන්කෙත ප්රා.ලේ.කො,පුස්සලමංකඩ,HR2,HR2,,NBRI/NE/HKD/2026/DMCP/88),NBRI/NE/HKD/2026/DMCP/88),495/ඒ,House / නිවාස,2025-11-27 00:00:00,,2025-02-06 00:00:00,"Slope failures / බැවුම් අස්ථාවරවීම්, Rock fall / ගල් පෙරලීම්",Resettle / නැවත පදිංචිකිරීම,Partially / අර්ධහානි,,,,,1.0,,,1.0,,2,,Nuwara Eliya,80.76554,7.19018
80.213986,7.196353,Kegalle,වරකාපොළ ප්රා.ලේ.කො,"තල්ලියද්දද, දොරවක",HR2,HR2,,WRP-07 (LRR-WRP-73),WRP-07 (LRR-WRP-73),,House / නිවාස,2025-11-28 00:00:00,,2025-12-09 00:00:00,Landslide / නායයෑම්,Resettle / නැවත පදිංචිකිරීම,Partially / අර්ධහානි,1.0,,,,5.0,,,9.0,,14,,Kegalle,80.213986,7.196353
80.755985,7.148768,Nuwara Eliya,හඟුරන්කෙත ප්රා.ලේ.කො,අගප්පල,HR2,HR2,,NBRI/NE/HKD/2026/DSDD/121),NBRI/NE/HKD/2026/DSDD/121),,House / නිවාස,2025.11.27,,2026.02.02,Slope failures / බැවුම් අස්ථාවරවීම්,Resettle / නැවත පදිංචිකිරීම,Partially / අර්ධහානි,,,,,1.0,,,4.0,,5,,Nuwara Eliya,80.755985,7.148768
80.264653,7.255125,Kegalle,වරකාපොළ ප්රා.ලේ.කො,කුඹල්ගම,HR2,HR2,,LRR-WRP- 03,LRR-WRP- 03,,House / නිවාස,2025-11-28 00:00:00,,2025-12-13 00:00:00,Landslide / නායයෑම්,Resettle / නැවත පදිංචිකිරීම,Partially / අර්ධහානි,,,,,2.0,2.0,,21.0,1.0,26,,Kegalle,80.264653,7.255125
80.235969,7.167162,Kegalle,වරකාපොළ ප්රා.ලේ.කො,හපුගොඩ,HR2,HR2,,LRR-WRP-05,LRR-WRP-05,,House / නිවාස,2025-11-28 00:00:00,,2025-12-12 00:00:00,Landslide / නායයෑම්,Resettle / නැවත පදිංචිකිරීම,Partially / අර්ධහානි,,,,,3.0,6.0,,,,9,,Kegalle,80.235969,7.167162
80.728561,7.157112,Nuwara Eliya,හඟුරන්කෙත ප්රා.ලේ.කො,මැදගම,HR2,HR2,,NBRI/NE/HKD/2026/SMK/113),NBRI/NE/HKD/2026/SMK/113),500බී,House / නිවාස,2025.11.27,,2026.01.27,Slope failures / බැවුම් අස්ථාවරවීම්,Resettle / නැවත පදිංචිකිරීම,Partially / අර්ධහානි,,,,,1.0,,,6.0,,7,,Nuwara Eliya,80.728561,7.157112
80.752393,7.130498,Nuwara Eliya,හඟුරන්කෙත ප්රා.ලේ.කො,කරාමිදුල,HR2,HR2,,NBRI/NE/HKD/2026/BBW/13),NBRI/NE/HKD/2026/BBW/13),,House / නිවාස,2025.11.27,,2026.02.17,Slope failures / බැවුම් අස්ථාවරවීම්,Resettle / නැවත පදිංචිකිරීම,Partially / අර්ධහානි,,,,,1.0,,,,,1,,Nuwara Eliya,80.752393,7.130498
80.265342,7.151066,Kegalle,වරකාපොළ ප්රා.ලේ.කො,තඹදිය,HR2,HR2,,ERR - WRP - 04,ERR - WRP - 04,,House / නිවාස,2025-11-28 00:00:00,,2025-12-10 00:00:00,Landslide / නායයෑම්,Resettle / නැවත පදිංචිකිරීම,Partially / අර්ධහානි,,,,,1.0,,,12.0,,13,,Kegalle,80.265342,7.151066
80.6979,7.161754,Kandy,දෙල්තොට ප්රා.ලේ.කො,පට්ටියගම,HR2,HR2,,DMLP  / 146,DMLP  / 146,,House / නිවාස,,,,Other / වෙනත් (වෙනත් කරුණු යටතේ සදහන් කරන්න),Resettle / නැවත පදිංචිකිරීම,,,,,,2.0,,,,,2,,Kandy,80.6979,7.161754
80.60925,6.87276,Nuwara Eliya,නොර්වුඩ් ප්රා.ලේ.කො,දික්ඔය දකුණ,HR2,HR2,,NBRI/NE/ABD(Norwood)/2026/LY/71,NBRI/NE/ABD(Norwood)/2026/LY/71,319ඒ,House / නිවාස,2025.11.27,,2026.01.29,Landslide / නායයෑම්,Resettle / නැවත පදිංචිකිරීම,Partially / අර්ධහානි,,,,,4.0,,,3.0,,7,,Nuwara Eliya,80.60925,6.87276
80.609352,6.839264,Nuwara Eliya,නොර්වුඩ් ප්රා.ලේ.කො,නෝර්වුඩ්,HR2,HR2,,NBRI/NE/ABD[Norwood]/2026/SMK/160),NBRI/NE/ABD[Norwood]/2026/SMK/160),320,House / නිවාස,2025.11.27,,2026.02.26,Other / වෙනත් (වෙනත් කරුණු යටතේ සදහන් කරන්න),Resettle / නැවත පදිංචිකිරීම,Partially / අර්ධහානි,,භුමි ගිලා බැසිම,,,1.0,,,7.0,1.0,9,,Nuwara Eliya,80.609352,6.839264
80.7438,7.178293,Kandy,දෙල්තොට ප්රා.ලේ.කො,කොළඹිස්ස නැඟෙනහිර,HR2,HR2,,JSB/161,JSB/161,,House / නිවාස,2025-11-27 00:00:00,,2026-01-07 00:00:00,Other / වෙනත් (වෙනත් කරුණු යටතේ සදහන් කරන්න),Resettle / නැවත පදිංචිකිරීම,,,,,,2.0,,,,,2,,Kandy,80.7438,7.178293
80.7438,7.178594,Kandy,දෙල්තොට ප්රා.ලේ.කො,කොළඹිස්ස නැඟෙනහිර,HR2,HR2,,JSB/160,JSB/160,,House / නිවාස,2025-11-27 00:00:00,,2026-01-07 00:00:00,Other / වෙනත් (වෙනත් කරුණු යටතේ සදහන් කරන්න),Resettle / නැවත පදිංචිකිරීම,,,,,,1.0,,,,,1,,Kandy,80.7438,7.178594
80.713248,7.204158,Kandy,දෙල්තොට ප්රා.ලේ.කො,බව්ලානවත්ත ජනපදය,HR2,HR2,,JSB 420,JSB 420,,Religiou / ආගමික ස්ථානය,2025-11-27 00:00:00,,2026-04-10 00:00:00,"Slope failures / බැවුම් අස්ථාවරවීම්, Other / වෙනත් (වෙනත් කරුණු යටතේ සදහන් කරන්න)",,,,ගල් පෙරලීමේ අවධානම,,,2.0,5.0,,,,7,,Kandy,80.713248,7.204158
80.726488,7.161677,Kandy,දෙල්තොට ප්රා.ලේ.කො,පල්ලෙගම,HR2,HR2,,DMLP 346,DMLP 346,,House / නිවාස,2025-11-28 00:00:00,,2026-05-08 00:00:00,Landslide / නායයෑම්,,,,,,,1.0,,,,,1,,Kandy,80.726488,7.161677
80.677549,7.548682,Matale,අඹන්ගඟ කෝරලේ ප්රා.ලේ.කො,කළුගල්තැන්න,HR2,HR2,,NBRO/LRRMD-MAT/MTL/AMBANGAGAKORALE/LI/26/0934,NBRO/LRRMD-MAT/MTL/AMBANGAGAKORALE/LI/26/0934,,House / නිවාස,2025-11-27 00:00:00,,2026-06-08 00:00:00,"Landslide / නායයෑම්, Slope failures / බැවුම් අස්ථාවරවීම්, Cutting failure / කණ්ඩි අස්ථාවරවීම්",Resettle / නැවත පදිංචිකිරීම,,,,,,2.0,3.0,,13.0,,18,,Matale,80.677549,7.548682
80.616503,7.311468,Kandy,හාරිස්පත්තුව ප්රා.ලේ.කො,වේගිරිය,HR2,HR2,,JSB/348,JSB/348,421,House / නිවාස,2025-11-27 00:00:00,,2026-05-27 00:00:00,Slope failures / බැවුම් අස්ථාවරවීම්,,,,,,,2.0,,,2.0,,4,,Kandy,80.616503,7.311468
80.227146,7.110563,Kegalle,රුවන්වැල්ල ප්රා.ලේ.කො,කඩිගමුව,HR2,HR2,,ERR- RWP 11,ERR- RWP 11,- 99ඩී,House / නිවාස,2025-11-27 00:00:00,,2025-12-06 00:00:00,Landslide / නායයෑම්,Resettle / නැවත පදිංචිකිරීම,Partially / අර්ධහානි,,,,,3.0,,,3.0,,6,,Kegalle,80.227146,7.110563
80.792265,7.328887,Kandy,මැදදුම්බර ප්රා.ලේ.කො,ගොඩමුන්න,HR2,HR2,,AW/080,AW/080,,House / නිවාස,2025-11-27 00:00:00,,2026-01-11 00:00:00,"Cutting failure / කණ්ඩි අස්ථාවරවීම්, Slope failures / බැවුම් අස්ථාවරවීම්",Resettle / නැවත පදිංචිකිරීම,,,,,,1.0,,,8.0,,9,,Kandy,80.792265,7.328887
80.66263,7.14705,Kandy,දොළුව ප්රා.ලේ.කො,හුණුගල,HR2,HR2,,IBE 193,IBE 193,,House / නිවාස,2025-11-27 00:00:00,,2026-05-27 00:00:00,Landslide / නායයෑම්,,,,,,,1.0,7.0,,5.0,2.0,15,,Kandy,80.66263,7.14705
80.808799,7.145305,Nuwara Eliya,හඟුරන්කෙත ප්රා.ලේ.කො,දිඹුල්කුඹුර,HR2,HR2,,NBRI/NE/HKD/2026/DMCP/119),NBRI/NE/HKD/2026/DMCP/119),484ඩී,House / නිවාස,2025.11.27,,2026.03.12,Slope failures / බැවුම් අස්ථාවරවීම්,Resettle / නැවත පදිංචිකිරීම,Partially / අර්ධහානි,,බෑවුම් අස්ථාවරවීම / භූමි ගිලා බැසීම,,,3.0,2.0,,4.0,,9,,Nuwara Eliya,80.808799,7.145305
80.726654,7.142761,Nuwara Eliya,හඟුරන්කෙත ප්රා.ලේ.කො,මලන්වත්ත,HR2,HR2,,NBRI/NE/HKD/2026/LSG/06),NBRI/NE/HKD/2026/LSG/06),503/ඒ,House / නිවාස,2025.11.27,,2026.03.14,Other / වෙනත් (වෙනත් කරුණු යටතේ සදහන් කරන්න),Resettle / නැවත පදිංචිකිරීම,Partially / අර්ධහානි,,භුමි ගිලා බැසිම / නිවාස ඉරිතැලීම සහ භූමියේ ආතති පැලුම් ඇතිවීම,,,3.0,6.0,,2.0,,11,,Nuwara Eliya,80.726654,7.142761
80.574142,7.653822,Matale,පල්ලෙපොල ප්රා.ලේ.කො,මිල්ලවාන,HR2,HR2,,NBRO/MTL/PALLEPOLA/2025/BCA/50,NBRO/MTL/PALLEPOLA/2025/BCA/50,,House / නිවාස,2025-11-28 00:00:00,,2025-12-09 00:00:00,"Slope failures / බැවුම් අස්ථාවරවීම්, Cutting failure / කණ්ඩි අස්ථාවරවීම්",,,,,,,2.0,5.0,,,,7,,Matale,80.574142,7.653822
80.622209,7.60391,Matale,පල්ලෙපොල ප්රා.ලේ.කො,දිඹුල්ගමුව,HR2,HR2,,NBRO/MTL/PALLEPOLA/2025/BCA/83,NBRO/MTL/PALLEPOLA/2025/BCA/83,416/A,House / නිවාස,2025-11-28 00:00:00,,2025-12-19 00:00:00,"Landslide / නායයෑම්, Rock fall / ගල් පෙරලීම්",,,,,,,1.0,9.0,,4.0,,14,,Matale,80.622209,7.60391
80.775049,7.188429,Nuwara Eliya,හඟුරන්කෙත ප්රා.ලේ.කො,සගරාජගම,HR2,HR2,,NBRI/NE/HKD/2026/VKG/31),NBRI/NE/HKD/2026/VKG/31),494බී,House / නිවාස,2025.11.27 - 2025.11.28,,2026.03.14,Slope failures / බැවුම් අස්ථාවරවීම්,Resettle / නැවත පදිංචිකිරීම,Partially / අර්ධහානි,,කණ්ඩි අස්ථාවර වීම බෑවුම් අස්ථාවරවීමක් දක්වා වර්ධනය වීම,,,1.0,,,3.0,,4,,Nuwara Eliya,80.775049,7.188429
80.627282,7.634104,Matale,පල්ලෙපොල ප්රා.ලේ.කො,වල්මෝරුව,HR2,HR2,,NBRO/MTL/PALLEPOLA/2025/TW/91,NBRO/MTL/PALLEPOLA/2025/TW/91,,House / නිවාස,2025-11-27 00:00:00,,2025-12-19 00:00:00,Landslide / නායයෑම්,,,,,,,1.0,,,,,1,,Matale,80.627282,7.634104
80.8249,7.300297,Kandy,මැදදුම්බර ප්රා.ලේ.කො,- නමදගල,HR2,HR2,,IBE /111 DB,IBE /111 DB,803,House / නිවාස,2025-11-27 00:00:00,,2026-01-13 00:00:00,"Landslide / නායයෑම්, Rock fall / ගල් පෙරලීම්",,,,,,,1.0,,,,,1,,Kandy,80.8249,7.300297
80.7699,7.349456,Kandy,මැදදුම්බර ප්රා.ලේ.කො,",රන්දිවෙල",HR2,HR2,,IBE /093,IBE /093,753,House / නිවාස,2025-11-27 00:00:00,,2026-01-26 00:00:00,Landslide / නායයෑම්,,,,,,,3.0,1.0,,,,4,,Kandy,80.7699,7.349456
80.8096,7.233266,Kandy,මැදදුම්බර ප්රා.ලේ.කො,තැන්නලන්ද,HR2,HR2,,IBE/077,IBE/077,"තැන්නලන්ද, මැදමහනුවර",House / නිවාස,2025-11-27 00:00:00,,2026-01-19 00:00:00,Landslide / නායයෑම්,,,,,,,1.0,,,,,1,,Kandy,80.8096,7.233266
80.206023,7.103192,Kegalle,රුවන්වැල්ල ප්රා.ලේ.කො,ලෙනගල,HR2,HR2,,ERR - RWP 07,ERR - RWP 07,- 98ඒ,House / නිවාස,2025-11-28 00:00:00,,2025-12-05 00:00:00,Landslide / නායයෑම්,Resettle / නැවත පදිංචිකිරීම,Partially / අර්ධහානි,,,,,4.0,,,9.0,,13,,Kegalle,80.206023,7.103192
80.776183,7.332229,Kandy,මැදදුම්බර ප්රා.ලේ.කො,ඇඹලගම,HR2,HR2,,HLK/0103,HLK/0103,,House / නිවාස,2025-11-27 00:00:00,,2026-04-09 00:00:00,Cutting failure / කණ්ඩි අස්ථාවරවීම්,,,,,,,1.0,,,,,1,,Kandy,80.776183,7.332229
80.751809,7.331627,Kandy,මැදදුම්බර ප්රා.ලේ.කො,වටපාන්,HR2,HR2,,AW/426,AW/426,758,House / නිවාස,2025-11-27 00:00:00,,2026-07-15 00:00:00,"Slope failures / බැවුම් අස්ථාවරවීම්, Cutting failure / කණ්ඩි අස්ථාවරවීම්",,,,බෑවුම් හා කණ්ඩි අස්ථාවර වීමට ඇති අවධානම,,,1.0,,,,,1,,Kandy,80.751809,7.331627
80.791873,7.309439,Kandy,මැදදුම්බර ප්රා.ලේ.කො,මහරවෙල,HR2,HR2,,HLK/091,HLK/091,785,House / නිවාස,2025-11-27 00:00:00,,2026-04-08 00:00:00,"Slope failures / බැවුම් අස්ථාවරවීම්, Cutting failure / කණ්ඩි අස්ථාවරවීම්",,,,,,,2.0,,,,,2,,Kandy,80.791873,7.309439
80.796859,7.307434,Kandy,මැදදුම්බර ප්රා.ලේ.කො,කිරිබත්තලාව,HR2,HR2,,HLK/096,HLK/096,798,House / නිවාස,2025-11-27 00:00:00,,2026-04-08 00:00:00,"Landslide / නායයෑම්, Slope failures / බැවුම් අස්ථාවරවීම්, Cutting failure / කණ්ඩි අස්ථාවරවීම්",,,,,,,1.0,,,,,1,,Kandy,80.796859,7.307434
80.80313,7.324957,Kandy,මැදදුම්බර ප්රා.ලේ.කො,හීල් ඔය,HR2,HR2,,GHD 081,GHD 081,796,House / නිවාස,2025-11-27 00:00:00,,2026-04-09 00:00:00,Other / වෙනත් (වෙනත් කරුණු යටතේ සදහන් කරන්න),,,,බෑවුම් අස්ථාවර වීමට ඇති අවදානම,,,2.0,,,4.0,,6,,Kandy,80.80313,7.324957
80.595208,7.62429,Matale,පල්ලෙපොල ප්රා.ලේ.කො,ගලහිටියාව,HR2,HR2,,"NBRO/MTL/PALLEPOLA/2026/KT,WA/65","NBRO/MTL/PALLEPOLA/2026/KT,WA/65",,House / නිවාස,,,2026-01-10 00:00:00,"Slope failures / බැවුම් අස්ථාවරවීම්, Cutting failure / කණ්ඩි අස්ථාවරවීම්",,,,,,,1.0,,,,,1,,Matale,80.595208,7.62429
80.781202,7.371605,Kandy,මැදදුම්බර ප්රා.ලේ.කො,තුනිස්ගල,HR2,HR2,,WDN 51,WDN 51,742,House / නිවාස,2025-11-27 00:00:00,,2026-04-03 00:00:00,Slope failures / බැවුම් අස්ථාවරවීම්,,,,,,,3.0,,,1.0,,4,,Kandy,80.781202,7.371605
80.751657,7.14452,Nuwara Eliya,හඟුරන්කෙත ප්රා.ලේ.කො,පුරාණගම,HR2,HR2,,NBRI/NE/HKD/2026/DSDD/204),NBRI/NE/HKD/2026/DSDD/204),498/ඊ,House / නිවාස,2025.11.27,,2026.03.11,Slope failures / බැවුම් අස්ථාවරවීම්,Resettle / නැවත පදිංචිකිරීම,Partially / අර්ධහානි,,,,,1.0,2.0,,,,3,,Nuwara Eliya,80.751657,7.14452
80.786612,7.278657,Kandy,මැදදුම්බර ප්රා.ලේ.කො,රඹූක්වැල්ල නැගෙනහිර,HR2,HR2,,TPB /353,TPB /353,,House / නිවාස,2025-11-27 00:00:00,,2026-04-03 00:00:00,"Landslide / නායයෑම්, Rock fall / ගල් පෙරලීම්",,,,,,,1.0,,,1.0,,2,,Kandy,80.786612,7.278657
80.774913,7.375653,Kandy,මැදදුම්බර ප්රා.ලේ.කො,තුනිස්ගල,HR2,HR2,,WDN 49,WDN 49,742,House / නිවාස,2025-11-27 00:00:00,,2026-04-03 00:00:00,Other / වෙනත් (වෙනත් කරුණු යටතේ සදහන් කරන්න),,,,නායයෑම් අවධානම්,,,1.0,,,,,1,,Kandy,80.774913,7.375653
80.673811,7.021211,Nuwara Eliya,කොත්මලේ නැගෙනහිර ප්රා.ලේ.කො,උතුරු පූඩළුඔය,HR2,HR2,,NBRI/NE/KTD[East]-55/2025/DSDD/28) - Rev,NBRI/NE/KTD[East]-55/2025/DSDD/28) - Rev,468 E,House / නිවාස,2025-11-27 00:00:00,,2025-11-20 00:00:00,Slope failures / බැවුම් අස්ථාවරවීම්,Resettle / නැවත පදිංචිකිරීම,Partially / අර්ධහානි,,,,,1.0,1.0,,4.0,,6,,Nuwara Eliya,80.673811,7.021211
80.813607,7.250479,Kandy,මැදදුම්බර ප්රා.ලේ.කො,පුවක්ගහදිවෙල,HR2,HR2,,WDN 228,WDN 228,817,House / නිවාස,2025-11-27 00:00:00,,2026-07-08 00:00:00,Other / වෙනත් (වෙනත් කරුණු යටතේ සදහන් කරන්න),,,,නාය යෑම් අවදානම්,,,1.0,,,,,1,,Kandy,80.813607,7.250479
80.81462,7.260733,Kandy,මැදදුම්බර ප්රා.ලේ.කො,පුවක්ගහදිවෙල,HR2,HR2,,WDN 217,WDN 217,817,House / නිවාස,2025-11-27 00:00:00,,2026-07-08 00:00:00,Slope failures / බැවුම් අස්ථාවරවීම්,,,,,,,1.0,,,,,1,,Kandy,80.81462,7.260733
80.81881,7.254031,Kandy,මැදදුම්බර ප්රා.ලේ.කො,පුවක්ගහදිවෙල,HR2,HR2,,WDN 222,WDN 222,817,House / නිවාස,2025-11-27 00:00:00,,2026-07-08 00:00:00,Slope failures / බැවුම් අස්ථාවරවීම්,,,,,,,1.0,,,1.0,,2,,Kandy,80.81881,7.254031
80.820725,7.255191,Kandy,මැදදුම්බර ප්රා.ලේ.කො,පුවක්ගහදිවෙල,HR2,HR2,,WDN 225,WDN 225,817,House / නිවාස,2025-11-27 00:00:00,,2026-07-08 00:00:00,Cutting failure / කණ්ඩි අස්ථාවරවීම්,,,,,,,1.0,,,,,1,,Kandy,80.820725,7.255191
80.831558,7.237367,Kandy,මැදදුම්බර ප්රා.ලේ.කො,මීගහලන්ද,HR2,HR2,,HLK 309,HLK 309,821,House / නිවාස,2025-11-27 00:00:00,,2026-06-24 00:00:00,Landslide / නායයෑම්,,,,,,,2.0,,,2.0,,4,,Kandy,80.831558,7.237367
80.7283,7.326,Kandy,මැදදුම්බර ප්රා.ලේ.කො,මීගහලන්ද,HR2,HR2,,HLK 314,HLK 314,821,House / නිවාස,2025-11-27 00:00:00,,2026-06-24 00:00:00,"Cutting failure / කණ්ඩි අස්ථාවරවීම්, Other / වෙනත් (වෙනත් කරුණු යටතේ සදහන් කරන්න)",,,,බෑවුම අස්‍ථාවරවීමේ අවධානම,,,2.0,,,,,2,,Kandy,80.7283,7.326
80.757275,7.352622,Kandy,මැදදුම්බර ප්රා.ලේ.කො,දුන්හින්න,HR2,HR2,,IBE 164,IBE 164,,House / නිවාස,2025-11-27 00:00:00,,2026-05-29 00:00:00,Landslide / නායයෑම්,,,,,,,18.0,,,19.0,,37,,Kandy,80.757275,7.352622
80.617039,7.604974,Matale,පල්ලෙපොල ප්රා.ලේ.කො,පල්දෙනිය,HR2,HR2,,"NBRO/MTL/PALLEPOLA/2026/KT,WA/68","NBRO/MTL/PALLEPOLA/2026/KT,WA/68",E 421,House / නිවාස,2025-11-27 00:00:00,,2026-01-10 00:00:00,"Slope failures / බැවුම් අස්ථාවරවීම්, Cutting failure / කණ්ඩි අස්ථාවරවීම්",,,,,,,1.0,,,,,1,,Matale,80.617039,7.604974
80.788926,7.283316,Kandy,මැදදුම්බර ප්රා.ලේ.කො,මීගහමඩිත්ත,HR2,HR2,,TPB 403,TPB 403,,House / නිවාස,2025-11-27 00:00:00,,2026-06-08 00:00:00,Cutting failure / කණ්ඩි අස්ථාවරවීම්,,,,,,,1.0,,,,,1,,Kandy,80.788926,7.283316
80.813138,7.274907,Kandy,මැදදුම්බර ප්රා.ලේ.කො,මොරගහමුල,HR2,HR2,,TPB 415,TPB 415,,House / නිවාස,2025-11-27 00:00:00,,2026-06-08 00:00:00,Slope failures / බැවුම් අස්ථාවරවීම්,,,,,,,1.0,,,1.0,,2,,Kandy,80.813138,7.274907
80.176952,6.895116,Colombo,සීතාවක ප්රා.ලේ.කො,කොස්වත්ත,HR2,HR2,,3,3,442 ඊ,House / නිවාස,,,2025-12-22 00:00:00,"Slope failures / බැවුම් අස්ථාවරවීම්, Rock fall / ගල් පෙරලීම්",,,0.0,,,,1.0,,,,,1,,Colombo,80.176952,6.895116
80.144176,7.218785,Gampaha,මීරිගම ප්රා.ලේ.කො,ලින්දර ඉහළ,HR2,HR2,,ERR 03,ERR 03,16සී,House / නිවාස,2025-11-28 00:00:00,09:30:00,2025-12-02 00:00:00,Slope failures / බැවුම් අස්ථාවරවීම්,,,0.0,,,,2.0,5.0,,,,7,,Gampaha,80.144176,7.218785
80.164788,7.117851,Gampaha,අත්තනගල්ල ප්රා.ලේ.කො,කරස්නාගල,HR2,HR2,,ERR - Attanagalla - 22,ERR - Attanagalla - 22,365,House / නිවාස,27/11/2025,14:30:00,2025-10-12 00:00:00,"Cutting failure / කණ්ඩි අස්ථාවරවීම්, Rock fall / ගල් පෙරලීම්",Relocate / නැවත ස්ථානගත කිරීම,,,,,,1.0,,,7.0,,8,,Gampaha,80.164788,7.117851
80.184781,7.095683,Gampaha,අත්තනගල්ල ප්රා.ලේ.කො,නිකහැටිකන්ද,HR2,HR2,,ERR - Attanagalla - 21,ERR - Attanagalla - 21,365ඒ,House / නිවාස,,,14/12/2025,Other / වෙනත් (වෙනත් කරුණු යටතේ සදහන් කරන්න),Relocate / නැවත ස්ථානගත කිරීම,,,ජලය ගලායන මාර්ගයක නිවස ඉදිකර තිබීම,,,2.0,,,6.0,,8,,Gampaha,80.184781,7.095683
80.158976,7.096809,Gampaha,අත්තනගල්ල ප්රා.ලේ.කො,යටවක,HR2,HR2,,ERR - Attanagalla - 20,ERR - Attanagalla - 20,366ඒ,House / නිවාස,29/11/2025,,14/12/2025,Landslide / නායයෑම්,Relocate / නැවත ස්ථානගත කිරීම,,,,,,1.0,,,7.0,,8,,Gampaha,80.158976,7.096809
80.627281,7.633974,Matale,පල්ලෙපොල ප්රා.ලේ.කො,වල්මෝරුව,HR2,HR2,,"NBRO/MTL/PALLEPOLA/2026/KS,IDSK/32","NBRO/MTL/PALLEPOLA/2026/KS,IDSK/32",,House / නිවාස,2025-11-27 00:00:00,,2026-01-03 00:00:00,Cutting failure / කණ්ඩි අස්ථාවරවීම්,,,,,,,1.0,,,,,1,,Matale,80.627281,7.633974
80.628431,7.657092,Matale,පල්ලෙපොල ප්රා.ලේ.කො,වල්මෝරුව,HR2,HR2,,"NBRO/MTL/PALLEPOLA/2026/KS,IDSK/32","NBRO/MTL/PALLEPOLA/2026/KS,IDSK/32",,House / නිවාස,2025-11-27 00:00:00,,2026-01-03 00:00:00,Cutting failure / කණ්ඩි අස්ථාවරවීම්,,,,,,,1.0,,,,,1,,Matale,80.628431,7.657092
80.155535,7.072068,Gampaha,අත්තනගල්ල ප්රා.ලේ.කො,බෝපාගම,HR2,HR2,,ERR - Attanagalla - 17,ERR - Attanagalla - 17,376,House / නිවාස,28/11/2025,,2025-03-12 00:00:00,Landslide / නායයෑම්,Relocate / නැවත ස්ථානගත කිරීම,,,,,,3.0,2.0,,,,5,,Gampaha,80.155535,7.072068
80.207288,7.128158,Gampaha,අත්තනගල්ල ප්රා.ලේ.කො,ඇතාඋඩකන්ද,HR2,HR2,,ERR - Attanagalla - 15,ERR - Attanagalla - 15,364/බී,House / නිවාස,28/11/2025,,2025-06-12 00:00:00,"Cutting failure / කණ්ඩි අස්ථාවරවීම්, Rock fall / ගල් පෙරලීම්",Relocate / නැවත ස්ථානගත කිරීම,,,,,,1.0,,,,,1,,Gampaha,80.207288,7.128158
80.156297,7.07234,Gampaha,අත්තනගල්ල ප්රා.ලේ.කො,බෝපාගම,HR2,HR2,,ERR - Attanagalla - 11,ERR - Attanagalla - 11,376,House / නිවාස,28/11/2025,උදෑසන,2025-03-12 00:00:00,Cutting failure / කණ්ඩි අස්ථාවරවීම්,Resettle / නැවත පදිංචිකිරීම,,,,,,1.0,,,1.0,,2,,Gampaha,80.156297,7.07234
80.201739,7.124647,Gampaha,අත්තනගල්ල ප්රා.ලේ.කො,ඇතාඋඩකන්ද,HR2,HR2,,ERR - Attanagalla - 10,ERR - Attanagalla - 10,364/බී,House / නිවාස,28/11/2025,,2025-06-12 00:00:00,"Cutting failure / කණ්ඩි අස්ථාවරවීම්, Rock fall / ගල් පෙරලීම්",Relocate / නැවත ස්ථානගත කිරීම,Partially / අර්ධහානි,,,,,1.0,,,1.0,,2,,Gampaha,80.201739,7.124647
80.086677,7.253297,Gampaha,දිවුලපිටිය ප්රා.ලේ.කො,ඉහළ කලුඅග්ගල,HR2,HR2,,ERR - Diwulapitiya - 13,ERR - Diwulapitiya - 13,44ඒ,House / නිවාස,29/11/2025,07:00:00,"30/11/2025 , 01/02/2025",Landslide / නායයෑම්,Relocate / නැවත ස්ථානගත කිරීම,,,,,,2.0,2.0,,1.0,,5,,Gampaha,80.086677,7.253297
80.088722,7.24739,Gampaha,දිවුලපිටිය ප්රා.ලේ.කො,ඉහළ කලුඅග්ගල,HR2,HR2,,ERR - Diwulapitiya - 12,ERR - Diwulapitiya - 12,44ඒ,House / නිවාස,29/11/2025,,2025-01-12 00:00:00,Landslide / නායයෑම්,Relocate / නැවත ස්ථානගත කිරීම,,,,,,1.0,4.0,,3.0,,8,,Gampaha,80.088722,7.24739
80.092834,7.244028,Gampaha,දිවුලපිටිය ප්රා.ලේ.කො,කිතුල්වල ඉහල,HR2,HR2,,NBRO/GAM/DIULA/2025/TPC/08/09,NBRO/GAM/DIULA/2025/TPC/08/09,43 ඒ,House / නිවාස,2025-12-01 00:00:00,07:00:00,"04/12/2025 , 07/12/2025","Landslide / නායයෑම්, Cutting failure / කණ්ඩි අස්ථාවරවීම්, Rock fall / ගල් පෙරලීම්",Resettle / නැවත පදිංචිකිරීම,,,,,,5.0,,,35.0,60.0,100,,Gampaha,80.092834,7.244028
80.342358,7.281974,Kegalle,ගලිගමුව ප්රා.ලේ.කො,කන්දේගෙදර,HR2,HR2,,LRR GLP 60,LRR GLP 60,,House / නිවාස,2025-11-28 00:00:00,,2026-05-14 00:00:00,Slope failures / බැවුම් අස්ථාවරවීම්,Resettle / නැවත පදිංචිකිරීම,Partially / අර්ධහානි,,,,,2.0,,,,,2,,Kegalle,80.342358,7.281974
80.097908,7.248988,Gampaha,දිවුලපිටිය ප්රා.ලේ.කො,නරියාමුල්ල,HR2,HR2,,ERR - Diwulapitiya - 6,ERR - Diwulapitiya - 6,42 ඒ,House / නිවාස,,,2025-12-09 00:00:00,Cutting failure / කණ්ඩි අස්ථාවරවීම්,Relocate / නැවත ස්ථානගත කිරීම,,,,,,1.0,2.0,,6.0,,9,,Gampaha,80.097908,7.248988
80.331378,7.215884,Kegalle,ගලිගමුව ප්රා.ලේ.කො,රෑනපාන - 68B,HR2,HR2,,LRR-GLP-53,LRR-GLP-53,,House / නිවාස,2025-11-27 00:00:00,,2026-03-01 00:00:00,Landslide / නායයෑම්,Resettle / නැවත පදිංචිකිරීම,Partially / අර්ධහානි,,,,,3.0,8.0,,16.0,2.0,29,,Kegalle,80.331378,7.215884
80.167224,7.02017,Gampaha,දොම්පේ ප්රා.ලේ.කො,උඩුවෙල,HR2,HR2,,NBRO/CO/DOMPE/2025/TPC/06,NBRO/CO/DOMPE/2025/TPC/06,378 බී,House / නිවාස,28/11/2025,,19/12/2025,Slope failures / බැවුම් අස්ථාවරවීම්,Resettle / නැවත පදිංචිකිරීම,,0.0,,,,1.0,,,5.0,,6,,Gampaha,80.167224,7.02017
79.94476,7.131318,Gampaha,මිනුවන්ගොඩ ප්රා.ලේ.කො,උග්ගගල්බඩ බටහිර,HR2,HR2,,ERR - Minuwangoda - 1,ERR - Minuwangoda - 1,140-3,House / නිවාස,28/11/2025,,13/12/2025,Cutting failure / කණ්ඩි අස්ථාවරවීම්,Resettle / නැවත පදිංචිකිරීම,Fully / පුර්ණහානි,,,,,2.0,,,,,2,,Gampaha,79.94476,7.131318
80.086981,6.9123,Gampaha,දොම්පේ ප්රා.ලේ.කො,සමන්බැද්ද,HR2,HR2,,NBRO/CO/DOMPE/2025/TPC/01,NBRO/CO/DOMPE/2025/TPC/01,416,House / නිවාස,28/11/2025,09:30:00,19/12/2025,Slope failures / බැවුම් අස්ථාවරවීම්,Resettle / නැවත පදිංචිකිරීම,,,,,,1.0,,,,,1,,Gampaha,80.086981,6.9123
80.574366,7.65681,Matale,පල්ලෙපොල ප්රා.ලේ.කො,මිල්ලවාන මැදගම,HR2,HR2,,NBRO/LRRMD-MAT/MTL/PALLEPOLA/LI/25/0113,NBRO/LRRMD-MAT/MTL/PALLEPOLA/LI/25/0113,E 423/A,House / නිවාස,,,2025-12-19 00:00:00,Cutting failure / කණ්ඩි අස්ථාවරවීම්,,Partially / අර්ධහානි,,,,,1.0,,,,,1,,Matale,80.574366,7.65681
81.113803,6.97475,Badulla,බදුල්ල ප්රා.ලේ.කො,තෙල්බැද්ද,HR2,HR2,,NBRO/LRRMD-BDL/BDU/BADULL/LI/26/0315,NBRO/LRRMD-BDL/BDU/BADULL/LI/26/0315,81B,House / නිවාස,2025-11-27 00:00:00,,2026-01-22 00:00:00,"Landslide / නායයෑම්, Rock fall / ගල් පෙරලීම්",Resettle / නැවත පදිංචිකිරීම,,,,,,4.0,,,,,4,,Badulla,81.113803,6.97475
80.696108,7.04671,Nuwara Eliya,කොත්මලේ නැගෙනහිර ප්රා.ලේ.කො,රම්බොඩ,HR2,HR2,,NBRI/NE/KTD[East]-41/2025/RR/11 - Rev,NBRI/NE/KTD[East]-41/2025/RR/11 - Rev,474,House / නිවාස,2025-11-27 00:00:00,Morning,2025-12-13 00:00:00,Slope failures / බැවුම් අස්ථාවරවීම්,Resettle / නැවත පදිංචිකිරීම,Partially / අර්ධහානි,,,,,1.0,6.0,,1.0,,8,,Nuwara Eliya,80.696108,7.04671
81.111018,7.000462,Badulla,බදුල්ල ප්රා.ලේ.කො,කැන්දගොල්ල,HR2,HR2,,NBRO/LRRMD-BDL/BDU/BADULL/LI/26/1124,NBRO/LRRMD-BDL/BDU/BADULL/LI/26/1124,81,House / නිවාස,2025-11-27 00:00:00,,2026-04-29 00:00:00,"Landslide / නායයෑම්, Slope failures / බැවුම් අස්ථාවරවීම්",,,0.0,,,,1.0,,,5.0,,6,,Badulla,81.111018,7.000462
81.094091,7.005363,Badulla,බදුල්ල ප්රා.ලේ.කො,දමන්වර,HR2,HR2,,NBRO/LRRMD-BDL/BDU/BADULL/LI/26/1376,NBRO/LRRMD-BDL/BDU/BADULL/LI/26/1376,81F,House / නිවාස,2025-11-27 00:00:00,,2026-04-26 00:00:00,Slope failures / බැවුම් අස්ථාවරවීම්,,,0.0,,,,2.0,,,,,2,,Badulla,81.094091,7.005363
81.11325,7.008056,Badulla,බදුල්ල ප්රා.ලේ.කො,හින්නාරංගොල්ල,HR2,HR2,,NBRO/LRRMD-BDL/BDU/BADULL/LI/26/1520,NBRO/LRRMD-BDL/BDU/BADULL/LI/26/1520,80A,House / නිවාස,2025-11-27 00:00:00,,2026-05-02 00:00:00,Slope failures / බැවුම් අස්ථාවරවීම්,,,0.0,,,,1.0,1.0,,2.0,,4,,Badulla,81.11325,7.008056
81.093403,7.00478,Badulla,බදුල්ල ප්රා.ලේ.කො,දමන්වර,HR2,HR2,,NBRO/LRRMD-BDL/BDU/UVA-PA/LI/26/1375,NBRO/LRRMD-BDL/BDU/UVA-PA/LI/26/1375,81F,House / නිවාස,2025-11-27 00:00:00,,2026-04-22 00:00:00,"Cutting failure / කණ්ඩි අස්ථාවරවීම්, Slope failures / බැවුම් අස්ථාවරවීම්",,,0.0,,,,2.0,,,23.0,,25,,Badulla,81.093403,7.00478
81.003396,6.781449,Badulla,හපුතලේ ප්රා.ලේ.කො,දඹේතැන්න,HR2,HR2,,NBRO/LRRMD/LT/2025/00086,NBRO/LRRMD/LT/2025/00086,63O,House / නිවාස,2025-11-27 00:00:00,,2025-12-19 00:00:00,Other / වෙනත් (වෙනත් කරුණු යටතේ සදහන් කරන්න),Resettle / නැවත පදිංචිකිරීම,,,,,,3.0,,,,,3,,Badulla,81.003396,6.781449
80.99087,6.842063,Badulla,බණ්ඩාරවෙල ප්රා.ලේ.කො,ගෙඩියාරොද,HR2,HR2,,NBRO/LRRMD-BDL/BDU/BANDAR/LI/26/0722,NBRO/LRRMD-BDL/BDU/BANDAR/LI/26/0722,65B,House / නිවාස,2025-11-27 00:00:00,,2026-03-15 00:00:00,Cutting failure / කණ්ඩි අස්ථාවරවීම්,Resettle / නැවත පදිංචිකිරීම,,,,,,1.0,,,4.0,,5,,Badulla,80.99087,6.842063
80.990795,7.152982,Badulla,කන්දකැටිය ප්රා.ලේ.කො,කිවුුලෙගෙදර,HR2,HR2,,NBRO/LRRMD-BDL/BDU/KANDAK/LI/26/0249,NBRO/LRRMD-BDL/BDU/KANDAK/LI/26/0249,31G,House / නිවාස,2025-11-27 00:00:00,,2026-01-26 00:00:00,"Landslide / නායයෑම්, Slope failures / බැවුම් අස්ථාවරවීම්, Other / වෙනත් (වෙනත් කරුණු යටතේ සදහන් කරන්න)",Resettle / නැවත පදිංචිකිරීම,,,,,,1.0,,,3.0,1.0,5,,Badulla,80.990795,7.152982
81.00062,7.050404,Badulla,කන්දකැටිය ප්රා.ලේ.කො,බොකන්ඔරුව,HR2,HR2,,NBRO/LRRMD-BDL/BDU/KANDAK/LI/26/0568,NBRO/LRRMD-BDL/BDU/KANDAK/LI/26/0568,35B,House / නිවාස,2025-11-27 00:00:00,,2025-12-29 00:00:00,Landslide / නායයෑම්,Resettle / නැවත පදිංචිකිරීම,,,,,,3.0,1.0,,9.0,1.0,14,,Badulla,81.00062,7.050404
80.9979,7.030419,Badulla,කන්දකැටිය ප්රා.ලේ.කො,නාරංගල,HR2,HR2,,NBRO/LRRMD-BDL/BDU/KANDAK/LI/26/0791,NBRO/LRRMD-BDL/BDU/KANDAK/LI/26/0791,35D,House / නිවාස,2025-11-27 00:00:00,,2026-04-21 00:00:00,"Landslide / නායයෑම්, Slope failures / බැවුම් අස්ථාවරවීම්",Resettle / නැවත පදිංචිකිරීම,,,,,,2.0,,,,,2,,Badulla,80.9979,7.030419
81.150704,7.044637,Badulla,ලුණුගල ප්රා.ලේ.කො,ගල්ලූල්ල,HR2,HR2,,NBRO /LRRMD-BDL/BDU/LUNUGA/LI/26/0028,NBRO /LRRMD-BDL/BDU/LUNUGA/LI/26/0028,18B,House / නිවාස,2025-11-27 00:00:00,,,Slope failures / බැවුම් අස්ථාවරවීම්,Resettle / නැවත පදිංචිකිරීම,,,,,,7.0,3.0,,7.0,,17,,Badulla,81.150704,7.044637
80.369047,7.064388,Kegalle,යටියන්තොට ප්රා.ලේ.කො,දොඹේපොල,HR2,HR2,,LRR-YTP-44,LRR-YTP-44,,House / නිවාස,2025-11-28 00:00:00,03:00:00,2026-01-03 00:00:00,Landslide / නායයෑම්,Resettle / නැවත පදිංචිකිරීම,Partially / අර්ධහානි,,,,,2.0,,,40.0,6.0,48,,Kegalle,80.369047,7.064388
81.181751,7.038908,Badulla,ලුණුගල ප්රා.ලේ.කො,ජනතාපුර මධ්‍යම,HR2,HR2,,NBRO /LRRMD/LI/2025/00177,NBRO /LRRMD/LI/2025/00177,95,House / නිවාස,2025-11-27 00:00:00,,2025-12-20 00:00:00,Landslide / නායයෑම්,Resettle / නැවත පදිංචිකිරීම,,,,,,6.0,2.0,,8.0,,16,,Badulla,81.181751,7.038908
80.27725,7.147426,Kegalle,වරකාපොළ ප්රා.ලේ.කො,එළමල්දෙණිය -,HR2,HR2,,LRR-WRP-100,LRR-WRP-100,88 බී,House / නිවාස,2025-11-28 00:00:00,,2026-04-26 00:00:00,Landslide / නායයෑම්,Resettle / නැවත පදිංචිකිරීම,Partially / අර්ධහානි,,,,,1.0,4.0,,10.0,,15,,Kegalle,80.27725,7.147426
81.169708,7.043317,Badulla,ලුණුගල ප්රා.ලේ.කො,මඩොල්සිම,HR2,HR2,,NBRO /LRRMD/LI/2025/000153,NBRO /LRRMD/LI/2025/000153,18C,House / නිවාස,2025-11-27 00:00:00,,,"Landslide / නායයෑම්, Slope failures / බැවුම් අස්ථාවරවීම්, Rock fall / ගල් පෙරලීම්, Cutting failure / කණ්ඩි අස්ථාවරවීම්",Resettle / නැවත පදිංචිකිරීම,,,,,,7.0,,,,,7,,Badulla,81.169708,7.043317
81.20119,7.02264,Badulla,ලුණුගල ප්රා.ලේ.කො,කොට්ටල්බැද්ද,HR2,HR2,,NBRO /LRRMD/LI/2025/00178,NBRO /LRRMD/LI/2025/00178,93,House / නිවාස,2025-11-27 00:00:00,,2025-12-22 00:00:00,Landslide / නායයෑම්,Resettle / නැවත පදිංචිකිරීම,,,,,,1.0,,,8.0,,9,,Badulla,81.20119,7.02264
81.174276,7.063676,Badulla,ලුණුගල ප්රා.ලේ.කො,ජනතාපුර උතුර,HR2,HR2,,NBRO /LRRMD/LI/2025/000150,NBRO /LRRMD/LI/2025/000150,95A,House / නිවාස,2025-11-27 00:00:00,,2025-12-07 00:00:00,"Landslide / නායයෑම්, Slope failures / බැවුම් අස්ථාවරවීම්, Rock fall / ගල් පෙරලීම්",Resettle / නැවත පදිංචිකිරීම,,,,,,3.0,1.0,,,,4,,Badulla,81.174276,7.063676
80.594164,7.163215,Kandy,දොළුව ප්රා.ලේ.කො,තුන්දෙනිය,HR2,HR2,,MVN 056,MVN 056,,House / නිවාස,2025-11-28 00:00:00,,2026-04-03 00:00:00,"Rock fall / ගල් පෙරලීම්, Slope failures / බැවුම් අස්ථාවරවීම්",,,0.0,,,,1.0,,,4.0,,5,,Kandy,80.594164,7.163215
81.203184,6.971501,Badulla,ලුණුගල ප්රා.ලේ.කො,මඩුවත්ත,HR2,HR2,,NBRO/LRRMD-BDL/BDU/LUNUGA/LI/26/0113,NBRO/LRRMD-BDL/BDU/LUNUGA/LI/26/0113,90C,House / නිවාස,2025-11-27 00:00:00,,2026-01-07 00:00:00,Landslide / නායයෑම්,Resettle / නැවත පදිංචිකිරීම,,,,,,2.0,1.0,,8.0,,11,,Badulla,81.203184,6.971501
80.672055,7.08009,Nuwara Eliya,කොත්මලේ නැගෙනහිර ප්රා.ලේ.කො,කටුකිතුල,HR2,HR2,,NBRI/NE/KTD[East]/2025/KLKT/19),NBRI/NE/KTD[East]/2025/KLKT/19),474 ඊ,House / නිවාස,2025-11-27 00:00:00,,2025-12-29 00:00:00,Landslide / නායයෑම්,Resettle / නැවත පදිංචිකිරීම,Partially / අර්ධහානි,,,,,11.0,6.0,,8.0,,25,,Nuwara Eliya,80.672055,7.08009
80.706805,7.047205,Nuwara Eliya,කොත්මලේ නැගෙනහිර ප්රා.ලේ.කො,වෙදමුල්ල,HR2,HR2,,NBRI/NE/KTD[East]/2025/DMCP/40),NBRI/NE/KTD[East]/2025/DMCP/40),474 - එල්,House / නිවාස,2025-11-27 00:00:00,,2025-12-29 00:00:00,Slope failures / බැවුම් අස්ථාවරවීම්,Resettle / නැවත පදිංචිකිරීම,Partially / අර්ධහානි,,,,,4.0,26.0,,5.0,,35,,Nuwara Eliya,80.706805,7.047205
80.646247,7.14214,Kandy,දොළුව ප්රා.ලේ.කො,රජතලාව,HR2,HR2,,TPB 417,TPB 417,,House / නිවාස,2025-11-27 00:00:00,,2026-06-10 00:00:00,Slope failures / බැවුම් අස්ථාවරවීම්,,,0.0,,,,1.0,,,,,1,,Kandy,80.646247,7.14214
80.735019,7.202262,Kandy,පාතහේවාහැට ප්රා.ලේ.කො,ඕලුවාවත්ත,HR2,HR2,,SUJ/007,SUJ/007,,House / නිවාස,2025-11-28 00:00:00,,2025-12-16 00:00:00,Slope failures / බැවුම් අස්ථාවරවීම්,Resettle / නැවත පදිංචිකිරීම,,,,,,1.0,,,1.0,,2,,Kandy,80.735019,7.202262
81.207523,7.070953,Badulla,ලුණුගල ප්රා.ලේ.කො,අලකොලකොල,HR2,HR2,,NBRO/LRRMD-BDL/BDU/LUNUGA/LI/26/1137,NBRO/LRRMD-BDL/BDU/LUNUGA/LI/26/1137,94E,House / නිවාස,2025-11-27 00:00:00,,2026-04-30 00:00:00,Slope failures / බැවුම් අස්ථාවරවීම්,Resettle / නැවත පදිංචිකිරීම,,,,,,1.0,,,1.0,,2,,Badulla,81.207523,7.070953
81.033291,7.029729,Badulla,සොරනාතොට ප්රා.ලේ.කො,සොරණාතොට,HR2,HR2,,NBRO /LRRMD/LT/2025/00210,NBRO /LRRMD/LT/2025/00210,28,House / නිවාස,2025-11-26 00:00:00,,2025-12-25 00:00:00,Slope failures / බැවුම් අස්ථාවරවීම්,Resettle / නැවත පදිංචිකිරීම,,,,,,1.0,,,7.0,,8,,Badulla,81.033291,7.029729
81.101396,7.020278,Badulla,සොරනාතොට ප්රා.ලේ.කො,කුට්ටියගොල්ල,HR2,HR2,,NBRO /LRRMD/LT/2025/00218,NBRO /LRRMD/LT/2025/00218,25A,House / නිවාස,2025-11-27 00:00:00,,2025-12-25 00:00:00,Landslide / නායයෑම්,Resettle / නැවත පදිංචිකිරීම,,,,,,1.0,,,1.0,,2,,Badulla,81.101396,7.020278
81.012924,7.031969,Badulla,සොරනාතොට ප්රා.ලේ.කො,ලෙජර්වත්ත,HR2,HR2,,NBRO /LRRMD/LT/2025/00081,NBRO /LRRMD/LT/2025/00081,27C,House / නිවාස,2025-11-27 00:00:00,,2025-12-13 00:00:00,Landslide / නායයෑම්,Resettle / නැවත පදිංචිකිරීම,,,,,,1.0,7.0,,,,8,,Badulla,81.012924,7.031969
81.062966,7.032951,Badulla,සොරනාතොට ප්රා.ලේ.කො,සොරණාතොට,HR2,HR2,,NBRO /LRRMD/LT/2025/00208,NBRO /LRRMD/LT/2025/00208,25D,House / නිවාස,2025-11-27 00:00:00,,2025-12-21 00:00:00,Slope failures / බැවුම් අස්ථාවරවීම්,Resettle / නැවත පදිංචිකිරීම,,,,,,2.0,,,2.0,,4,,Badulla,81.062966,7.032951
81.032028,7.010892,Badulla,සොරනාතොට ප්රා.ලේ.කො,කිරිඔරුව,HR2,HR2,,NBRO/LRRMD-BDL/BDU/SORANA/LI/26/0074,NBRO/LRRMD-BDL/BDU/SORANA/LI/26/0074,27,House / නිවාස,2025-11-27 00:00:00,,2025-12-25 00:00:00,Landslide / නායයෑම්,Resettle / නැවත පදිංචිකිරීම,,,,,,1.0,9.0,,7.0,,17,,Badulla,81.032028,7.010892
81.030918,7.079306,Badulla,සොරනාතොට ප්රා.ලේ.කො,පල්ලේකන්ද,HR2,HR2,,NBRO /LRRMD-BDL/BDU/SORANA/LI/26/0428,NBRO /LRRMD-BDL/BDU/SORANA/LI/26/0428,29B,House / නිවාස,2025-11-27 00:00:00,,2026-02-09 00:00:00,"Landslide / නායයෑම්, Cutting failure / කණ්ඩි අස්ථාවරවීම්",Resettle / නැවත පදිංචිකිරීම,,,,,,3.0,,,5.0,,8,,Badulla,81.030918,7.079306
81.11242,7.105968,Badulla,මීගහකිවුල ප්රා.ලේ.කො,ඇල්ලන්ද,HR2,HR2,,NBRO/LRRMD-BDL/BDU/MEEGAH/LI/26/0172,NBRO/LRRMD-BDL/BDU/MEEGAH/LI/26/0172,16C,House / නිවාස,2025-11-27 00:00:00,,2026-01-16 00:00:00,"Slope failures / බැවුම් අස්ථාවරවීම්, Rock fall / ගල් පෙරලීම්",Resettle / නැවත පදිංචිකිරීම,,,,,,1.0,13.0,,8.0,1.0,23,,Badulla,81.11242,7.105968
80.674108,7.075766,Nuwara Eliya,කොත්මලේ නැගෙනහිර ප්රා.ලේ.කො,කරගස්තලාව,HR2,HR2,,NBRI/NE/KTD[East]/2025/KLKT/15),NBRI/NE/KTD[East]/2025/KLKT/15),474 ඒ,House / නිවාස,2025-11-27 00:00:00,23.27,2025-12-29 00:00:00,Slope failures / බැවුම් අස්ථාවරවීම්,Resettle / නැවත පදිංචිකිරීම,Partially / අර්ධහානි,,,,,1.0,1.0,,,,2,,Nuwara Eliya,80.674108,7.075766
80.404577,7.032346,Kegalle,යටියන්තොට ප්රා.ලේ.කො,මල්වත්ත,HR2,HR2,,LRR-YTP-35,LRR-YTP-35,134සී,House / නිවාස,2025-11-28 00:00:00,,2025-12-21 00:00:00,Landslide / නායයෑම්,Resettle / නැවත පදිංචිකිරීම,Fully / පුර්ණහානි,,,,,1.0,3.0,,4.0,,8,,Kegalle,80.404577,7.032346
81.133081,7.105135,Badulla,මීගහකිවුල ප්රා.ලේ.කො,පිටමාරුව,HR2,HR2,,NBRO/LRRMD-BDL/BDU/MEEGAH/LI/26/0218,NBRO/LRRMD-BDL/BDU/MEEGAH/LI/26/0218,16A,House / නිවාස,2025-11-27 00:00:00,,2026-01-22 00:00:00,"Landslide / නායයෑම්, Slope failures / බැවුම් අස්ථාවරවීම්",Resettle / නැවත පදිංචිකිරීම,,,,,,1.0,,,4.0,1.0,6,,Badulla,81.133081,7.105135
81.135244,7.115394,Badulla,මීගහකිවුල ප්රා.ලේ.කො,පිටමාරුව,HR2,HR2,,NBRO/LRRMD-BDL/BDU/MEEGAH/LI/26/0220,NBRO/LRRMD-BDL/BDU/MEEGAH/LI/26/0220,16A,House / නිවාස,2025-11-27 00:00:00,,2026-01-22 00:00:00,Landslide / නායයෑම්,Resettle / නැවත පදිංචිකිරීම,,,,,,1.0,,,2.0,,3,,Badulla,81.135244,7.115394
80.301313,7.155493,Kegalle,ගලිගමුව ප්රා.ලේ.කො,හපුදෙණිය,HR2,HR2,,LRR-GLP-21,LRR-GLP-21,,House / නිවාස,2025-11-27 00:00:00,,2026-01-09 00:00:00,Slope failures / බැවුම් අස්ථාවරවීම්,Resettle / නැවත පදිංචිකිරීම,Partially / අර්ධහානි,,,,,1.0,,,,,1,,Kegalle,80.301313,7.155493
81.122084,6.909655,Badulla,පස්සර ප්රා.ලේ.කො,කණවරැල්ල බටහිර,HR2,HR2,,NBRO /LRRMD-BDL/BDU/PASSARA/LI/26/0034,NBRO /LRRMD-BDL/BDU/PASSARA/LI/26/0034,87C,School / පාසැල,2025-11-27 00:00:00,,2025-12-16 00:00:00,Landslide / නායයෑම්,Resettle / නැවත පදිංචිකිරීම,,,,,,1.0,2.0,,5.0,1.0,9,,Badulla,81.122084,6.909655
81.099801,7.045501,Badulla,පස්සර ප්රා.ලේ.කො,දෙමෝදර,HR2,HR2,,NBRO /LRRMD-BDL/BDU/PASSARA/LI/26/0030,NBRO /LRRMD-BDL/BDU/PASSARA/LI/26/0030,20,House / නිවාස,2025-11-27 00:00:00,,2026-01-03 00:00:00,Slope failures / බැවුම් අස්ථාවරවීම්,Resettle / නැවත පදිංචිකිරීම,,,,,,1.0,1.0,,27.0,,29,,Badulla,81.099801,7.045501
80.612986,7.564851,Matale,පල්ලෙපොල ප්රා.ලේ.කො,වත්තේලගෙදර,HR2,HR2,,"NBRO/MTL/PALLEPOLA/2026/SW,SN/176","NBRO/MTL/PALLEPOLA/2026/SW,SN/176",,House / නිවාස,,,2026-02-09 00:00:00,Slope failures / බැවුම් අස්ථාවරවීම්,,,,,,,1.0,,,3.0,,4,,Matale,80.612986,7.564851
80.669205,7.018127,Nuwara Eliya,කොත්මලේ නැගෙනහිර ප්රා.ලේ.කො,උතුරු පූඩළුඔය,HR2,HR2,,NBRI/NE/KTD[East]/2025/KLKT/13),NBRI/NE/KTD[East]/2025/KLKT/13),468,House / නිවාස,2025-12-27 00:00:00,රාත්‍රී 11.00 – 12.00,2025-12-25 00:00:00,Landslide / නායයෑම්,Resettle / නැවත පදිංචිකිරීම,Partially / අර්ධහානි,,,,,16.0,8.0,,4.0,,28,,Nuwara Eliya,80.669205,7.018127
81.126696,6.946694,Badulla,පස්සර ප්රා.ලේ.කො,පැල්ගහතැන්න,HR2,HR2,,NBRO /LRRMD-BDL/BDU/PASSARA/LI/26/0003,NBRO /LRRMD-BDL/BDU/PASSARA/LI/26/0003,89G,House / නිවාස,2025-11-27 00:00:00,,2025-12-31 00:00:00,Landslide / නායයෑම්,Resettle / නැවත පදිංචිකිරීම,,0.0,,,,3.0,,,2.0,,5,,Badulla,81.126696,6.946694
81.159485,6.937823,Badulla,පස්සර ප්රා.ලේ.කො,පස්සර නගරය - නැගෙනහිර,HR2,HR2,,NBRO /LRRMD/LT/2025/00192,NBRO /LRRMD/LT/2025/00192,88L,House / නිවාස,2025-11-27 00:00:00,,2025-12-24 00:00:00,"Landslide / නායයෑම්, Other / වෙනත් (වෙනත් කරුණු යටතේ සදහන් කරන්න)",Resettle / නැවත පදිංචිකිරීම,,,,,,2.0,,,2.0,4.0,8,,Badulla,81.159485,6.937823
80.316727,7.146218,Kegalle,ගලිගමුව ප්රා.ලේ.කො,හපුදෙණිය,HR2,HR2,,LRR-GLP-19,LRR-GLP-19,,House / නිවාස,2025-11-28 00:00:00,12:00:00,2026-01-07 00:00:00,Landslide / නායයෑම්,Resettle / නැවත පදිංචිකිරීම,Fully / පුර්ණහානි,,,,,1.0,1.0,,11.0,,13,,Kegalle,80.316727,7.146218
80.676784,7.066831,Nuwara Eliya,කොත්මලේ නැගෙනහිර ප්රා.ලේ.කො,සංගිලිපාලම,HR2,HR2,,NBRI/NE/KTD[East]/2025/KLKT/12,NBRI/NE/KTD[East]/2025/KLKT/12,,House / නිවාස,2025-11-27 00:00:00,ප.ව.9.05,2025-12-24 00:00:00,Slope failures / බැවුම් අස්ථාවරවීම්,Resettle / නැවත පදිංචිකිරීම,Partially / අර්ධහානි,,,,,1.0,4.0,,,,5,,Nuwara Eliya,80.676784,7.066831
81.132453,6.907996,Badulla,පස්සර ප්රා.ලේ.කො,කණවරැල්ල බටහිර,HR2,HR2,,NBRO /LRRMD-BDL/BDU/PASSARA/LI/26/0010,NBRO /LRRMD-BDL/BDU/PASSARA/LI/26/0010,87C,House / නිවාස,2025-11-27 00:00:00,,2025-12-31 00:00:00,Landslide / නායයෑම්,Resettle / නැවත පදිංචිකිරීම,,,ආතති පැලුම් හටගෙන නිවසද අස්ථාවර වී ඇත.,,,1.0,,,,,1,,Badulla,81.132453,6.907996
81.124919,6.94446,Badulla,පස්සර ප්රා.ලේ.කො,පැල්ගහතැන්න,HR2,HR2,,NBRO /LRRMD-BDL/BDU/PASSARA/LI/26/0011,NBRO /LRRMD-BDL/BDU/PASSARA/LI/26/0011,89G,House / නිවාස,2025-11-27 00:00:00,,2025-12-30 00:00:00,Landslide / නායයෑම්,Resettle / නැවත පදිංචිකිරීම,,,,,,2.0,,,3.0,,5,,Badulla,81.124919,6.94446
80.306251,7.208803,Kegalle,ගලිගමුව ප්රා.ලේ.කො,නාබෙරියාව,HR2,HR2,,LRR- GLP-05,LRR- GLP-05,,House / නිවාස,2025-11-27 00:00:00,,2025-12-17 00:00:00,Slope failures / බැවුම් අස්ථාවරවීම්,Resettle / නැවත පදිංචිකිරීම,Partially / අර්ධහානි,,,,,1.0,,,,,1,,Kegalle,80.306251,7.208803
80.667794,7.122557,Kandy,දොළුව ප්රා.ලේ.කො,පුපුරැස්ස,HR2,HR2,,TPB 576,TPB 576,,House / නිවාස,2025-11-27 00:00:00,,2026-07-17 00:00:00,Landslide / නායයෑම්,,,0.0,,,,1.0,,,,,1,,Kandy,80.667794,7.122557
81.122131,7.018507,Badulla,පස්සර ප්රා.ලේ.කො,දඹකොටේ,HR2,HR2,,NBRO/LRRMD-BDL/BDU/PASSARA/LI/25/0523,NBRO/LRRMD-BDL/BDU/PASSARA/LI/25/0523,20A,House / නිවාස,2025-11-27 00:00:00,,2025-12-29 00:00:00,Landslide / නායයෑම්,Resettle / නැවත පදිංචිකිරීම,,,,,,1.0,7.0,,8.0,,16,,Badulla,81.122131,7.018507
80.629696,7.663851,Matale,පල්ලෙපොල ප්රා.ලේ.කො,වල්මෝරුව,HR2,HR2,,NBRO/LRRMD-MAT/MTL/PALLEPOLA/LI/26/0365,NBRO/LRRMD-MAT/MTL/PALLEPOLA/LI/26/0365,,House / නිවාස,2025-11-27 00:00:00,,2026-04-20 00:00:00,"Cutting failure / කණ්ඩි අස්ථාවරවීම්, Rock fall / ගල් පෙරලීම්",Resettle / නැවත පදිංචිකිරීම,Partially / අර්ධහානි,,,,,1.0,,,,1.0,2,,Matale,80.629696,7.663851
81.177711,6.943349,Badulla,පස්සර ප්රා.ලේ.කො,මීදුම්පිටිය,HR2,HR2,,NBRO/LRRMD-BDL/BDU/PASSAR/LI/26/0149,NBRO/LRRMD-BDL/BDU/PASSAR/LI/26/0149,90B,House / නිවාස,2025-11-27 00:00:00,,2026-01-15 00:00:00,Landslide / නායයෑම්,Resettle / නැවත පදිංචිකිරීම,,,,,,4.0,6.0,,6.0,10.0,26,,Badulla,81.177711,6.943349
81.160814,6.933489,Badulla,පස්සර ප්රා.ලේ.කො,අඹතැන්න බටහිර,HR2,HR2,,NBRO/LRRMD-BDL/BDU/PASSARA/LI/25/0043,NBRO/LRRMD-BDL/BDU/PASSARA/LI/25/0043,88M,House / නිවාස,2025-11-27 00:00:00,,2026-01-02 00:00:00,"Slope failures / බැවුම් අස්ථාවරවීම්, Other / වෙනත් (වෙනත් කරුණු යටතේ සදහන් කරන්න)",Resettle / නැවත පදිංචිකිරීම,,,,,,1.0,,,1.0,,2,,Badulla,81.160814,6.933489
81.145802,6.979575,Badulla,පස්සර ප්රා.ලේ.කො,වැල්ගොල්ල,HR2,HR2,,NBRO /LRRMD/LT/2025/00225,NBRO /LRRMD/LT/2025/00225,89D,House / නිවාස,2025-11-27 00:00:00,,2025-12-25 00:00:00,"Slope failures / බැවුම් අස්ථාවරවීම්, Cutting failure / කණ්ඩි අස්ථාවරවීම්",Resettle / නැවත පදිංචිකිරීම,,,,,,1.0,1.0,,1.0,,3,,Badulla,81.145802,6.979575
81.162895,6.935372,Badulla,පස්සර ප්රා.ලේ.කො,තැන්නුගේ,HR2,HR2,,NBRO/LRRMD-BDL/BDU/PASSAR/LI/26/0049,NBRO/LRRMD-BDL/BDU/PASSAR/LI/26/0049,88D,House / නිවාස,2025-11-27 00:00:00,,,"Cutting failure / කණ්ඩි අස්ථාවරවීම්, Landslide / නායයෑම්",Resettle / නැවත පදිංචිකිරීම,,0.0,,,,1.0,,,,,1,,Badulla,81.162895,6.935372
81.144586,6.994064,Badulla,පස්සර ප්රා.ලේ.කො,වැල්ගොල්ල,HR2,HR2,,NBRO/LRRMD-BDL/BDU/PASSAR/LI/26/0073,NBRO/LRRMD-BDL/BDU/PASSAR/LI/26/0073,89D,House / නිවාස,2025-11-27 00:00:00,,2026-01-09 00:00:00,"Landslide / නායයෑම්, Slope failures / බැවුම් අස්ථාවරවීම්",Resettle / නැවත පදිංචිකිරීම,,0.0,,,,1.0,,,,,1,,Badulla,81.144586,6.994064
81.142727,7.004954,Badulla,පස්සර ප්රා.ලේ.කො,මඩුගස්තලාව උතුර,HR2,HR2,,NBRO/LRRMD-BDL/BDU/PASSAR/LI/26/0080,NBRO/LRRMD-BDL/BDU/PASSAR/LI/26/0080,19,House / නිවාස,2025-11-27 00:00:00,,2026-01-09 00:00:00,Cutting failure / කණ්ඩි අස්ථාවරවීම්,Resettle / නැවත පදිංචිකිරීම,,,,,,1.0,,,,1.0,2,,Badulla,81.142727,7.004954
81.146426,6.997398,Badulla,පස්සර ප්රා.ලේ.කො,මඩුගස්තලාව දකුණ,HR2,HR2,,NBRO/LRRMD-BDL/BDU/PASSAR/LI/26/0081,NBRO/LRRMD-BDL/BDU/PASSAR/LI/26/0081,19,House / නිවාස,2025-11-27 00:00:00,,2026-01-09 00:00:00,"Landslide / නායයෑම්, Cutting failure / කණ්ඩි අස්ථාවරවීම්",Resettle / නැවත පදිංචිකිරීම,,,,,,1.0,,,,,1,,Badulla,81.146426,6.997398
80.665085,7.129506,Kandy,දොළුව ප්රා.ලේ.කො,පුපුරැස්ස,HR2,HR2,,TPB 569,TPB 569,,House / නිවාස,2025-11-27 00:00:00,,2026-07-17 00:00:00,"Slope failures / බැවුම් අස්ථාවරවීම්, Other / වෙනත් (වෙනත් කරුණු යටතේ සදහන් කරන්න)",,,0.0,,,,1.0,,,1.0,,2,,Kandy,80.665085,7.129506
80.62441,7.682013,Matale,පල්ලෙපොල ප්රා.ලේ.කො,දෙමද ඔය,HR2,HR2,,NBRO/LRRMD-MAT/MTL/PALLEPOLA/LI/26/0371,NBRO/LRRMD-MAT/MTL/PALLEPOLA/LI/26/0371,,House / නිවාස,2025-11-27 00:00:00,,2026-04-02 00:00:00,Cutting failure / කණ්ඩි අස්ථාවරවීම්,,,,,,,2.0,,,,,2,,Matale,80.62441,7.682013
81.12677,6.961724,Badulla,පස්සර ප්රා.ලේ.කො,උඩගම,HR2,HR2,,NBRO/LRRMD-BDL/BDU/PASSAR/LI/26/0129,NBRO/LRRMD-BDL/BDU/PASSAR/LI/26/0129,89A,House / නිවාස,2025-11-27 00:00:00,,,"Cutting failure / කණ්ඩි අස්ථාවරවීම්, Landslide / නායයෑම්",Resettle / නැවත පදිංචිකිරීම,,,,,,2.0,2.0,,21.0,,25,,Badulla,81.12677,6.961724
81.17973,6.939463,Badulla,පස්සර ප්රා.ලේ.කො,මීදුම්පිටිය,HR2,HR2,,NBRO/LRRMD-BDL/BDU/PASSAR/LI/26/0194,NBRO/LRRMD-BDL/BDU/PASSAR/LI/26/0194,90B,House / නිවාස,2025-11-27 00:00:00,,2026-01-15 00:00:00,Landslide / නායයෑම්,Resettle / නැවත පදිංචිකිරීම,,,,,,2.0,,,7.0,,9,,Badulla,81.17973,6.939463
80.569091,7.728009,Matale,ගලේවෙල ප්රා.ලේ.කො,මැදබැද්ද උතුර,HR2,HR2,,NBRO/MTL/GALEWELA/2026/WAES/21,NBRO/MTL/GALEWELA/2026/WAES/21,,House / නිවාස,2025-12-28 00:00:00,,2025-12-30 00:00:00,"Slope failures / බැවුම් අස්ථාවරවීම්, Cutting failure / කණ්ඩි අස්ථාවරවීම්",,,,,,,1.0,,,,,1,,Matale,80.569091,7.728009
81.11947,6.907789,Badulla,පස්සර ප්රා.ලේ.කො,කණවරැල්ල බටහිර,HR2,HR2,,NBRO/LRRMD-BDL/BDU/PASSAR/LI/26/0927,NBRO/LRRMD-BDL/BDU/PASSAR/LI/26/0927,87C,House / නිවාස,2025-11-27 00:00:00,,2026-04-27 00:00:00,"Slope failures / බැවුම් අස්ථාවරවීම්, Cutting failure / කණ්ඩි අස්ථාවරවීම්",Resettle / නැවත පදිංචිකිරීම,,,,,,1.0,1.0,,1.0,,3,,Badulla,81.11947,6.907789
81.126656,6.964139,Badulla,පස්සර ප්රා.ලේ.කො,උඩගම,HR2,HR2,,NBRO/LRRMD-BDL/BDU/PASSAR/LI/26/0933,NBRO/LRRMD-BDL/BDU/PASSAR/LI/26/0933,89A,House / නිවාස,2025-11-27 00:00:00,,2026-04-27 00:00:00,Cutting failure / කණ්ඩි අස්ථාවරවීම්,Resettle / නැවත පදිංචිකිරීම,,,කණ්ඩි අස්ථාවරවිමක් මගින් නිවසෙහි මුළුතැන්ගෙය ආශ්‍රිත කොටසකට හානි වී ඇත.  මෙය තවදුරටත් බෑවුම් අ,,,1.0,,,,,1,,Badulla,81.126656,6.964139
80.85546,6.92982,Badulla,ඌව පරණගම ප්රා.ලේ.කො,මැදගොඩගම,HR2,HR2,,NBRO/LRRMD/LT/2025/00130,NBRO/LRRMD/LT/2025/00130,46D,House / නිවාස,2025-11-27 00:00:00,,2025-12-15 00:00:00,Landslide / නායයෑම්,Resettle / නැවත පදිංචිකිරීම,,,,,,8.0,9.0,,,,17,,Badulla,80.85546,6.92982
80.57486,7.733419,Matale,ගලේවෙල ප්රා.ලේ.කො,මැදබැද්ද උතුර,HR2,HR2,,NBRO/MTL/GALEWELA/2026/WAES/21,NBRO/MTL/GALEWELA/2026/WAES/21,,House / නිවාස,2025-12-28 00:00:00,,2025-12-30 00:00:00,"Slope failures / බැවුම් අස්ථාවරවීම්, Cutting failure / කණ්ඩි අස්ථාවරවීම්",,,,,,,1.0,,,,,1,,Matale,80.57486,7.733419
80.575072,7.73295,Matale,ගලේවෙල ප්රා.ලේ.කො,මැදබැද්ද උතුර,HR2,HR2,,NBRO/MTL/GALEWELA/2026/WAES/21,NBRO/MTL/GALEWELA/2026/WAES/21,,House / නිවාස,2025-12-28 00:00:00,,2025-12-30 00:00:00,"Slope failures / බැවුම් අස්ථාවරවීම්, Cutting failure / කණ්ඩි අස්ථාවරවීම්",,,,,,,1.0,,,,,1,,Matale,80.575072,7.73295
80.569506,7.729405,Matale,ගලේවෙල ප්රා.ලේ.කො,මැදබැද්ද උතුර,HR2,HR2,,NBRO/MTL/GALEWELA/2026/WAES/21,NBRO/MTL/GALEWELA/2026/WAES/21,,House / නිවාස,2025-12-28 00:00:00,,2025-12-30 00:00:00,"Slope failures / බැවුම් අස්ථාවරවීම්, Cutting failure / කණ්ඩි අස්ථාවරවීම්",,,,,,,1.0,,,,,1,,Matale,80.569506,7.729405
80.568328,7.760303,Matale,ගලේවෙල ප්රා.ලේ.කො,ගලේවෙල නගරය,HR2,HR2,,NBRO/LRRMD-MAT/MTL/GALEWELA/26/WAES/307,NBRO/LRRMD-MAT/MTL/GALEWELA/26/WAES/307,,House / නිවාස,2025-11-27 00:00:00,,2026-05-14 00:00:00,Other / වෙනත් (වෙනත් කරුණු යටතේ සදහන් කරන්න),,,,,,,1.0,,,,,1,,Matale,80.568328,7.760303
80.558108,7.690911,Matale,ගලේවෙල ප්රා.ලේ.කො,හත්අඩක්කුව,HR2,HR2,,NBRO/LRRMD-MAT/MTL/GALEWELA/26/WAES/308,NBRO/LRRMD-MAT/MTL/GALEWELA/26/WAES/308,,House / නිවාස,2025-11-27 00:00:00,,2026-05-14 00:00:00,Slope failures / බැවුම් අස්ථාවරවීම්,,,,,,,1.0,,,,,1,,Matale,80.558108,7.690911
80.368457,7.06091,Kegalle,යටියන්තොට ප්රා.ලේ.කො,දොඹේපොල,HR2,HR2,,LRR-YTP-30,LRR-YTP-30,,House / නිවාස,2025-11-28 00:00:00,,2026-01-05 00:00:00,Rock fall / ගල් පෙරලීම්,Resettle / නැවත පදිංචිකිරීම,Partially / අර්ධහානි,,,,,3.0,,,5.0,11.0,19,,Kegalle,80.368457,7.06091
80.897565,6.973219,Badulla,ඌව පරණගම ප්රා.ලේ.කො,වොල්ඩිමාර්,HR2,HR2,,NBRO/LRRMD-BDL/BDU/UVA-PA/LI/26/0279,NBRO/LRRMD-BDL/BDU/UVA-PA/LI/26/0279,43G,House / නිවාස,2025-11-27 00:00:00,,2026-01-29 00:00:00,Landslide / නායයෑම්,Resettle / නැවත පදිංචිකිරීම,,,,,,3.0,4.0,,5.0,,12,,Badulla,80.897565,6.973219
80.839109,6.923294,Badulla,ඌව පරණගම ප්රා.ලේ.කො,ගලහාගම,HR2,HR2,,NBRO/LRRMD-BDL/BDU/UVA-PA/LI/26/0360,NBRO/LRRMD-BDL/BDU/UVA-PA/LI/26/0360,46B,House / නිවාස,2025-11-27 00:00:00,,2026-02-10 00:00:00,"Slope failures / බැවුම් අස්ථාවරවීම්, Rock fall / ගල් පෙරලීම්",Resettle / නැවත පදිංචිකිරීම,,,,,,2.0,2.0,,1.0,,5,,Badulla,80.839109,6.923294
80.841434,6.923701,Badulla,ඌව පරණගම ප්රා.ලේ.කො,ගලහාගම,HR2,HR2,,NBRO/LRRMD-BDL/BDU/UVA-PA/LI/26/0361,NBRO/LRRMD-BDL/BDU/UVA-PA/LI/26/0361,46B,House / නිවාස,2025-11-27 00:00:00,,2026-02-10 00:00:00,Landslide / නායයෑම්,Resettle / නැවත පදිංචිකිරීම,,,,,,1.0,2.0,,2.0,,5,,Badulla,80.841434,6.923701
80.949852,7.009685,Badulla,ඌව පරණගම ප්රා.ලේ.කො,දිඹුලාන,HR2,HR2,,NBRO/LRRMD-BDL/BDU/UVA-PA/LI/26/0695,NBRO/LRRMD-BDL/BDU/UVA-PA/LI/26/0695,38A,House / නිවාස,2025-11-27 00:00:00,,2026-03-17 00:00:00,"Landslide / නායයෑම්, Cutting failure / කණ්ඩි අස්ථාවරවීම්, Rock fall / ගල් පෙරලීම්, Other / වෙනත් (වෙනත් කරුණු යටතේ සදහන් කරන්න)",Resettle / නැවත පදිංචිකිරීම,,,,,,3.0,,,6.0,,9,,Badulla,80.949852,7.009685
80.960296,7.014591,Badulla,ඌව පරණගම ප්රා.ලේ.කො,හත්කිඳ,HR2,HR2,,NBRO/LRRMD-BDL/BDU/UVA-PA/LI/26/0696,NBRO/LRRMD-BDL/BDU/UVA-PA/LI/26/0696,38B,House / නිවාස,2025-11-27 00:00:00,,2026-04-08 00:00:00,Landslide / නායයෑම්,Resettle / නැවත පදිංචිකිරීම,,,,,,2.0,1.0,,10.0,,13,,Badulla,80.960296,7.014591
80.684709,7.604523,Matale,නාඋල ප්රා.ලේ.කො,ආදාවල,HR2,HR2,,"NBRO/MTL/NAULA/2025/BCA,WAES/76","NBRO/MTL/NAULA/2025/BCA,WAES/76",,House / නිවාස,2025-11-27 00:00:00,,2025-12-20 00:00:00,Slope failures / බැවුම් අස්ථාවරවීම්,,Partially / අර්ධහානි,,,,,5.0,5.0,,6.0,,16,,Matale,80.684709,7.604523
80.935808,6.957169,Badulla,ඌව පරණගම ප්රා.ලේ.කො,ලූනුවත්ත,HR2,HR2,,NBRO/LRRMD-BDL/BDU/UVA-PA/LI/26/0700,NBRO/LRRMD-BDL/BDU/UVA-PA/LI/26/0700,41B,House / නිවාස,2025-11-27 00:00:00,,2026-03-14 00:00:00,Slope failures / බැවුම් අස්ථාවරවීම්,Resettle / නැවත පදිංචිකිරීම,,,,,,1.0,,,,,1,,Badulla,80.935808,6.957169
80.942389,6.915103,Badulla,ඌව පරණගම ප්රා.ලේ.කො,හාඟිලිඇල්ල,HR2,HR2,,NBRO/LRRMD-BDL/BDU/UVA-PA/LI/26/1078,NBRO/LRRMD-BDL/BDU/UVA-PA/LI/26/1078,53A,House / නිවාස,2025-11-27 00:00:00,,2026-04-23 00:00:00,"Slope failures / බැවුම් අස්ථාවරවීම්, Cutting failure / කණ්ඩි අස්ථාවරවීම්",,,,,,,1.0,,,5.0,,6,,Badulla,80.942389,6.915103
80.87011,6.944494,Badulla,ඌව පරණගම ප්රා.ලේ.කො,හඟුන්නාව,HR2,HR2,,NBRO/LRRMD-BDL/BDU/UVA-PA/LI/26/1092,NBRO/LRRMD-BDL/BDU/UVA-PA/LI/26/1092,43B,House / නිවාස,2025-11-27 00:00:00,,2026-04-26 00:00:00,Other / වෙනත් (වෙනත් කරුණු යටතේ සදහන් කරන්න),,,,,,,1.0,,,1.0,,2,,Badulla,80.87011,6.944494
80.856887,6.920784,Badulla,ඌව පරණගම ප්රා.ලේ.කො,තෙල්හවඩිගම,HR2,HR2,,NBRO/LRRMD-BDL/BDU/UVA-PA/LI/26/1305,NBRO/LRRMD-BDL/BDU/UVA-PA/LI/26/1305,46 E,House / නිවාස,2025-11-27 00:00:00,,2026-04-26 00:00:00,Slope failures / බැවුම් අස්ථාවරවීම්,,,,,,,1.0,,,2.0,,3,,Badulla,80.856887,6.920784
80.942095,6.970115,Badulla,ඌව පරණගම ප්රා.ලේ.කො,පිටියකුඹුර,HR2,HR2,,NBRO/LRRMD-BDL/BDU/UVA-PA/LI/26/1352,NBRO/LRRMD-BDL/BDU/UVA-PA/LI/26/1352,39C,House / නිවාස,2025-11-27 00:00:00,,2026-05-04 00:00:00,Slope failures / බැවුම් අස්ථාවරවීම්,,,,,,,1.0,,,1.0,,2,,Badulla,80.942095,6.970115
80.963193,6.976683,Badulla,ඌව පරණගම ප්රා.ලේ.කො,පිටියකුඹුර,HR2,HR2,,NBRO/LRRMD-BDL/BDU/UVA-PA/LI/26/1355,NBRO/LRRMD-BDL/BDU/UVA-PA/LI/26/1355,39C,House / නිවාස,2025-11-27 00:00:00,,2026-05-04 00:00:00,Slope failures / බැවුම් අස්ථාවරවීම්,,,,,,,1.0,,,,,1,,Badulla,80.963193,6.976683
80.95196,6.971132,Badulla,ඌව පරණගම ප්රා.ලේ.කො,පිටියකුඹුර,HR2,HR2,,NBRO/LRRMD-BDL/BDU/UVA-PA/LI/26/1358,NBRO/LRRMD-BDL/BDU/UVA-PA/LI/26/1358,39C,House / නිවාස,2025-11-27 00:00:00,,2026-05-04 00:00:00,Slope failures / බැවුම් අස්ථාවරවීම්,,,,,,,1.0,,,2.0,,3,,Badulla,80.95196,6.971132
80.932636,6.961509,Badulla,ඌව පරණගම ප්රා.ලේ.කො,ලුනුවත්ත,HR2,HR2,,NBRO/LRRMD-BDL/BDU/UVA-PA/LI/26/1483,NBRO/LRRMD-BDL/BDU/UVA-PA/LI/26/1483,41B,House / නිවාස,2025-11-27 00:00:00,,2026-06-07 00:00:00,Slope failures / බැවුම් අස්ථාවරවීම්,,,,,,,2.0,,,1.0,,3,,Badulla,80.932636,6.961509
80.823151,6.900468,Badulla,වැලිමඩ ප්රා.ලේ.කො,අලකොලගාල,HR2,HR2,,NBRO/LRRMD-BDL/BDU/WELIMA/LI/26/0513,NBRO/LRRMD-BDL/BDU/WELIMA/LI/26/0513,49D,House / නිවාස,2025-11-26 00:00:00,,"2025/12/25,29",Landslide / නායයෑම්,Resettle / නැවත පදිංචිකිරීම,,,,,,14.0,,,,,14,,Badulla,80.823151,6.900468
80.830653,6.921231,Badulla,වැලිමඩ ප්රා.ලේ.කො,හුලංකපොල්ල,HR2,HR2,,NBRO/LRRMD-BDL/BDU/WELIMA/LI/26/0022,NBRO/LRRMD-BDL/BDU/WELIMA/LI/26/0022,49C,House / නිවාස,"2025/11/26,27",,2026-01-03 00:00:00,"Landslide / නායයෑම්, Slope failures / බැවුම් අස්ථාවරවීම්, Rock fall / ගල් පෙරලීම්",Resettle / නැවත පදිංචිකිරීම,,,,,,2.0,2.0,,,,4,,Badulla,80.830653,6.921231
80.672233,7.62234,Matale,නාඋල ප්රා.ලේ.කො,ආදාවල,HR2,HR2,,"NBRO/MTL/NAULA/2025/BCA,WAES/81","NBRO/MTL/NAULA/2025/BCA,WAES/81",,House / නිවාස,2025-11-27 00:00:00,19:30:00,2025-12-20 00:00:00,"Slope failures / බැවුම් අස්ථාවරවීම්, Cutting failure / කණ්ඩි අස්ථාවරවීම්, Rock fall / ගල් පෙරලීම්",,,,,,,2.0,18.0,,11.0,,31,,Matale,80.672233,7.62234
80.833895,6.923306,Badulla,වැලිමඩ ප්රා.ලේ.කො,හුලංකපොල්ල,HR2,HR2,,NBRO/LRRMD-BDL/BDU/WELIMA/LI/26/0021,NBRO/LRRMD-BDL/BDU/WELIMA/LI/26/0021,49C,House / නිවාස,"2025/11/26,27",,2026-01-03 00:00:00,"Landslide / නායයෑම්, Slope failures / බැවුම් අස්ථාවරවීම්, Rock fall / ගල් පෙරලීම්",Resettle / නැවත පදිංචිකිරීම,,,,,,9.0,4.0,,,,13,,Badulla,80.833895,6.923306
80.740528,7.122612,Nuwara Eliya,හඟුරන්කෙත ප්රා.ලේ.කො,දාරාඔය,HR2,HR2,,NBRI/NE/HKD/2026/LSG/31),NBRI/NE/HKD/2026/LSG/31),499/සී,House / නිවාස,2025.11.27,,2026.05.24,Other / වෙනත් (වෙනත් කරුණු යටතේ සදහන් කරන්න),Resettle / නැවත පදිංචිකිරීම,Partially / අර්ධහානි,,අසංතතික ස්ථායිකරණය,,,4.0,1.0,,11.0,,16,,Nuwara Eliya,80.740528,7.122612
80.777107,7.141956,Nuwara Eliya,හඟුරන්කෙත ප්රා.ලේ.කො,රිකිල්ලගස්කඩ,HR2,HR2,,NBRI/NE/HKD/2026/KATD/48),NBRI/NE/HKD/2026/KATD/48),492/ඒ,House / නිවාස,2025.11.27,,2026.07.15,Slope failures / බැවුම් අස්ථාවරවීම්,Resettle / නැවත පදිංචිකිරීම,Partially / අර්ධහානි,,,,,1.0,1.0,,4.0,,6,,Nuwara Eliya,80.777107,7.141956
80.823269,6.898475,Badulla,වැලිමඩ ප්රා.ලේ.කො,අලකොලගාල,HR2,HR2,,NBRO/LRRMD-BDL/BDU/WELIMA/LI/26/0511,NBRO/LRRMD-BDL/BDU/WELIMA/LI/26/0511,49D,Institution / ආයතනය,"2025/12/27,28",,2025-12-25 00:00:00,Landslide / නායයෑම්,Resettle / නැවත පදිංචිකිරීම,,,,,,3.0,,,2.0,,5,,Badulla,80.823269,6.898475
80.821714,6.893824,Badulla,වැලිමඩ ප්රා.ලේ.කො,අඹේවෙල වත්ත,HR2,HR2,,NBRO/LRRMD-BDL/BDU/WELIMA/LI/26/0508,NBRO/LRRMD-BDL/BDU/WELIMA/LI/26/0508,50A,Road / මහාමාර්ග (PRDA),"2025/11/27,28",,"2025/12/25,29","Landslide / නායයෑම්, Slope failures / බැවුම් අස්ථාවරවීම්",Resettle / නැවත පදිංචිකිරීම,,,නායයාම් සක්‍රිය එම ප්‍රදේශය හා ප්‍රවේශ මාර්ගය අවධානම් තත්ත්වය,,,1.0,,,,,1,,Badulla,80.821714,6.893824
80.832595,6.885362,Badulla,වැලිමඩ ප්රා.ලේ.කො,අඹේවෙල,HR2,HR2,,NBRO/LRRMD/LT/2025/00216,NBRO/LRRMD/LT/2025/00216,50 A,House / නිවාස,2025-11-27 00:00:00,,2025-12-20 00:00:00,Landslide / නායයෑම්,Resettle / නැවත පදිංචිකිරීම,,,,,,6.0,13.0,,9.0,,28,,Badulla,80.832595,6.885362
80.842684,6.881459,Badulla,වැලිමඩ ප්රා.ලේ.කො,අඹේවෙල,HR2,HR2,,NBRO/LRRMD/LT/2025/00215,NBRO/LRRMD/LT/2025/00215,51 A,House / නිවාස,2025-11-28 00:00:00,,2025-12-20 00:00:00,Landslide / නායයෑම්,Resettle / නැවත පදිංචිකිරීම,,,,,,4.0,,,2.0,,6,,Badulla,80.842684,6.881459
80.834723,6.913986,Badulla,වැලිමඩ ප්රා.ලේ.කො,සිල්මියාපුර,HR2,HR2,,NBRO/LRRMD-BDL/BDU/WELIMA/LI/26/0066,NBRO/LRRMD-BDL/BDU/WELIMA/LI/26/0066,49B,House / නිවාස,2025-11-27 00:00:00,,2026-01-07 00:00:00,Landslide / නායයෑම්,Resettle / නැවත පදිංචිකිරීම,,,,,,5.0,,,,1.0,6,,Badulla,80.834723,6.913986
80.63409,7.063928,Nuwara Eliya,කොත්මලේ නැගෙනහිර ප්රා.ලේ.කො,මාස්වෙල,HR2,HR2,,NBRI/NE/KTD[East]/2025/LY/35),NBRI/NE/KTD[East]/2025/LY/35),,House / නිවාස,2025-11-27 00:00:00,,2026-01-06 00:00:00,Slope failures / බැවුම් අස්ථාවරවීම්,Resettle / නැවත පදිංචිකිරීම,Partially / අර්ධහානි,,,,,1.0,1.0,,3.0,,5,,Nuwara Eliya,80.63409,7.063928
80.83218,6.905978,Badulla,වැලිමඩ ප්රා.ලේ.කො,අලකොලගාල,HR2,HR2,,NBRO/LRRMD-BDL/BDU/WELIMA/LI/26/0064,NBRO/LRRMD-BDL/BDU/WELIMA/LI/26/0064,49D,House / නිවාස,2025-11-27 00:00:00,,2026-01-03 00:00:00,Landslide / නායයෑම්,Resettle / නැවත පදිංචිකිරීම,,,,,,3.0,,,,,3,,Badulla,80.83218,6.905978
80.863716,6.903548,Badulla,වැලිමඩ ප්රා.ලේ.කො,ගවරම්මාන,HR2,HR2,,NBRO/LRRMD-BDL/BDU/WELIMA/LI/26/0159,NBRO/LRRMD-BDL/BDU/WELIMA/LI/26/0159,49E,House / නිවාස,2025-11-27 00:00:00,,2026-01-16 00:00:00,Slope failures / බැවුම් අස්ථාවරවීම්,Resettle / නැවත පදිංචිකිරීම,,,,,,2.0,,,1.0,1.0,4,,Badulla,80.863716,6.903548
80.862736,6.899008,Badulla,වැලිමඩ ප්රා.ලේ.කො,ගවරම්මාන,HR2,HR2,,NBRO/LRRMD-BDL/BDU/WELIMA/LI/26/0142,NBRO/LRRMD-BDL/BDU/WELIMA/LI/26/0142,49E,House / නිවාස,2025-11-27 00:00:00,,2026-01-16 00:00:00,"Cutting failure / කණ්ඩි අස්ථාවරවීම්, Slope failures / බැවුම් අස්ථාවරවීම්",Resettle / නැවත පදිංචිකිරීම,,,,,,4.0,,,,,4,,Badulla,80.862736,6.899008
80.858216,6.894862,Badulla,වැලිමඩ ප්රා.ලේ.කො,ගවරම්මාන,HR2,HR2,,NBRO/LRRMD-BDL/BDU/WELIMA/LI/26/0164,NBRO/LRRMD-BDL/BDU/WELIMA/LI/26/0164,49E,House / නිවාස,,,2026-01-07 00:00:00,"Slope failures / බැවුම් අස්ථාවරවීම්, Cutting failure / කණ්ඩි අස්ථාවරවීම්",Resettle / නැවත පදිංචිකිරීම,,,,,,1.0,5.0,,14.0,,20,,Badulla,80.858216,6.894862
80.948648,6.912734,Badulla,වැලිමඩ ප්රා.ලේ.කො,කොස්කණුවේගම,HR2,HR2,,NBRO/LRRMD-BDL/BDU/WELIMA/LI/26/0664,NBRO/LRRMD-BDL/BDU/WELIMA/LI/26/0664,58C,House / නිවාස,2025-11-27 00:00:00,,2026-03-26 00:00:00,Slope failures / බැවුම් අස්ථාවරවීම්,Resettle / නැවත පදිංචිකිරීම,,,,,,1.0,,,,,1,,Badulla,80.948648,6.912734
80.950636,6.914159,Badulla,වැලිමඩ ප්රා.ලේ.කො,කොස්කණුවේගම,HR2,HR2,,NBRO/LRRMD-BDL/BDU/WELIMA/LI/26/0803,NBRO/LRRMD-BDL/BDU/WELIMA/LI/26/0803,58C,House / නිවාස,2025-11-27 00:00:00,,2026-03-27 00:00:00,Slope failures / බැවුම් අස්ථාවරවීම්,Resettle / නැවත පදිංචිකිරීම,,,,,,1.0,,,3.0,,4,,Badulla,80.950636,6.914159
80.669244,7.081681,Nuwara Eliya,කොත්මලේ නැගෙනහිර ප්රා.ලේ.කො,කටුකිතුල,HR2,HR2,,NBRI/NE/KTD[East]/2026/IC/07),NBRI/NE/KTD[East]/2026/IC/07),474 ඊ,House / නිවාස,2025.11.27 රාත්‍රී සිට 2025.11.29 තෙක්,,2026-01-07 00:00:00,Landslide / නායයෑම්,Resettle / නැවත පදිංචිකිරීම,Partially / අර්ධහානි,,,,,5.0,4.0,,12.0,,21,,Nuwara Eliya,80.669244,7.081681
80.951516,6.871727,Badulla,වැලිමඩ ප්රා.ලේ.කො,මිරහවත්ත,HR2,HR2,,NBRO/LRRMD-BDL/BDU/WELIMA/LI/26/0809,NBRO/LRRMD-BDL/BDU/WELIMA/LI/26/0809,60,House / නිවාස,2025-11-27 00:00:00,,2026-04-03 00:00:00,Slope failures / බැවුම් අස්ථාවරවීම්,Resettle / නැවත පදිංචිකිරීම,,,,,,1.0,,,2.0,,3,,Badulla,80.951516,6.871727
80.903001,6.811789,Badulla,වැලිමඩ ප්රා.ලේ.කො,රත්කරව්ව,HR2,HR2,,NBRO/LRRMD-BDL/BDU/WELIMA/LI/26/0813,NBRO/LRRMD-BDL/BDU/WELIMA/LI/26/0813,62,House / නිවාස,2025-11-27 00:00:00,,2026-04-03 00:00:00,Slope failures / බැවුම් අස්ථාවරවීම්,Resettle / නැවත පදිංචිකිරීම,,,,,,1.0,,,1.0,,2,,Badulla,80.903001,6.811789
80.906778,6.906528,Badulla,වැලිමඩ ප්රා.ලේ.කො,අඹගහකුඹුර,HR2,HR2,,NBRO/LRRMD-BDL/BDU/WELIMA/LI/26/0740,NBRO/LRRMD-BDL/BDU/WELIMA/LI/26/0740,48,House / නිවාස,2025-11-27 00:00:00,,2026-04-07 00:00:00,Slope failures / බැවුම් අස්ථාවරවීම්,Resettle / නැවත පදිංචිකිරීම,,,,,,1.0,,,,,1,,Badulla,80.906778,6.906528
80.644118,7.071731,Nuwara Eliya,කොත්මලේ නැගෙනහිර ප්රා.ලේ.කො,මාවෙල නැගෙනහිර,HR2,HR2,,NBRI/NE/KTD[East]/2025/LY/36),NBRI/NE/KTD[East]/2025/LY/36),456,House / නිවාස,2025-11-27 00:00:00,,2026-01-06 00:00:00,Landslide / නායයෑම්,Resettle / නැවත පදිංචිකිරීම,Partially / අර්ධහානි,,,,,1.0,,,4.0,,5,,Nuwara Eliya,80.644118,7.071731
81.047934,6.974392,Badulla,හාලිඇල ප්රා.ලේ.කො,මහවත්තේගම,HR2,HR2,,NBRO/LRRMD- BDL /BDU/HALIE/LI/25/0494,NBRO/LRRMD- BDL /BDU/HALIE/LI/25/0494,82C,House / නිවාස,2025-11-25 00:00:00,,2025-12-23 00:00:00,"Landslide / නායයෑම්, Cutting failure / කණ්ඩි අස්ථාවරවීම්, Rock fall / ගල් පෙරලීම්",Resettle / නැවත පදිංචිකිරීම,,,,,,2.0,12.0,,13.0,,27,,Badulla,81.047934,6.974392
80.674209,7.06647,Nuwara Eliya,කොත්මලේ නැගෙනහිර ප්රා.ලේ.කො,පනම්ගම්මන,HR2,HR2,,NBRI/NE/KTD[East]/2025/KLKT/38),NBRI/NE/KTD[East]/2025/KLKT/38),,House / නිවාස,2025-11-27 00:00:00,,2026-01-06 00:00:00,Slope failures / බැවුම් අස්ථාවරවීම්,Resettle / නැවත පදිංචිකිරීම,Partially / අර්ධහානි,,,,,1.0,1.0,,3.0,,5,,Nuwara Eliya,80.674209,7.06647
81.095248,6.917268,Badulla,හාලිඇල ප්රා.ලේ.කො,ස්ප්‍රිංවැලිවත්ත,HR2,HR2,,NBRO/LRRMD- BDL /BDU/HALIE/LI/25/0517,NBRO/LRRMD- BDL /BDU/HALIE/LI/25/0517,86B,House / නිවාස,2025-11-27 00:00:00,,2025-12-29 00:00:00,Landslide / නායයෑම්,Resettle / නැවත පදිංචිකිරීම,,,නායයෑම හා නායයෑම් අවධානම,,,10.0,7.0,,5.0,,22,,Badulla,81.095248,6.917268
80.914153,7.01807,Nuwara Eliya,නිල්දණ්ඩහින්න ප්රා.ලේ.කො,වතුලන්ද නැගෙනහිර,HR2,HR2,,NBRI/NE/WLD[Nildandahinna]/2025/SMK/74,NBRI/NE/WLD[Nildandahinna]/2025/SMK/74,,House / නිවාස,2025.11.27,,2026.01.03,Slope failures / බැවුම් අස්ථාවරවීම්,Resettle / නැවත පදිංචිකිරීම,Partially / අර්ධහානි,,,,,2.0,,,3.0,1.0,6,,Nuwara Eliya,80.914153,7.01807
80.668204,7.741721,Matale,නාඋල ප්රා.ලේ.කො,සේරුදණ්ඩාවෙල,HR2,HR2,,NBRO/MTL/NAULA/2026/KDJ/HOUSE 2,NBRO/MTL/NAULA/2026/KDJ/HOUSE 2,,House / නිවාස,2025-11-27 00:00:00,,2026-01-12 00:00:00,Other / වෙනත් (වෙනත් කරුණු යටතේ සදහන් කරන්න),,,,,,,2.0,2.0,,,2.0,6,,Matale,80.668204,7.741721
81.000226,7.022128,Badulla,හාලිඇල ප්රා.ලේ.කො,කොකටියමලුව,HR2,HR2,,NBRO/LRRMD- BDL /BDU/HALIE/LI/25/00204,NBRO/LRRMD- BDL /BDU/HALIE/LI/25/00204,77A,House / නිවාස,2025-11-27 00:00:00,,2025-12-25 00:00:00,Landslide / නායයෑම්,Resettle / නැවත පදිංචිකිරීම,,,,,,1.0,2.0,,1.0,,4,,Badulla,81.000226,7.022128
81.060617,6.973837,Badulla,හාලිඇල ප්රා.ලේ.කො,දෙමටවැල්හින්න,HR2,HR2,,NBRO/LRRMD- BDL /BDU/HALIE/LI/25/00161,NBRO/LRRMD- BDL /BDU/HALIE/LI/25/00161,82B,House / නිවාස,2025/11 මස අග දින කිහිපය තුළ,,2025-12-10 00:00:00,Slope failures / බැවුම් අස්ථාවරවීම්,Resettle / නැවත පදිංචිකිරීම,,,,,,1.0,,,3.0,,4,,Badulla,81.060617,6.973837
81.074625,6.945364,Badulla,හාලිඇල ප්රා.ලේ.කො,කඳන,HR2,HR2,,NBRO/LRRMD-BDL/BDU/HALI/E/LI/26/0059,NBRO/LRRMD-BDL/BDU/HALI/E/LI/26/0059,86,House / නිවාස,2025-11-27 00:00:00,,,Landslide / නායයෑම්,Resettle / නැවත පදිංචිකිරීම,,,නිවසක් ද ආරාමයක් ද යන්න සඳහන් කර නොමැත.,,,1.0,,,2.0,,3,,Badulla,81.074625,6.945364
81.009671,6.969476,Badulla,හාලිඇල ප්රා.ලේ.කො,පට්ටිපොල,HR2,HR2,,NBRO/LRRMD-BDL/BDU/HALI/E/LI/26/0075,NBRO/LRRMD-BDL/BDU/HALI/E/LI/26/0075,75B,House / නිවාස,2025-11-27 00:00:00,,2025-12-28 00:00:00,Landslide / නායයෑම්,Resettle / නැවත පදිංචිකිරීම,,,,,,5.0,11.0,,8.0,,24,,Badulla,81.009671,6.969476
81.038603,6.970536,Badulla,හාලිඇල ප්රා.ලේ.කො,බෝගහමඩිත්ත,HR2,HR2,,NBRO/LRRMD-BDL/BDU/HALI/E/LI/26/0112,NBRO/LRRMD-BDL/BDU/HALI/E/LI/26/0112,74B,House / නිවාස,2025-11-27 00:00:00,,2025-11-28 00:00:00,Landslide / නායයෑම්,Resettle / නැවත පදිංචිකිරීම,,,,,,8.0,1.0,,9.0,,18,,Badulla,81.038603,6.970536
80.672634,7.071185,Nuwara Eliya,කොත්මලේ නැගෙනහිර ප්රා.ලේ.කො,පනම්ගම්මන,HR2,HR2,,NBRI/NE/KTD[East]/2026/KLKT/62),NBRI/NE/KTD[East]/2026/KLKT/62),473,House / නිවාස,2025-11-27 00:00:00,,2026-01-02 00:00:00,Slope failures / බැවුම් අස්ථාවරවීම්,Resettle / නැවත පදිංචිකිරීම,Partially / අර්ධහානි,,,,,1.0,,,2.0,,3,,Nuwara Eliya,80.672634,7.071185
81.008068,6.983123,Badulla,හාලිඇල ප්රා.ලේ.කො,කැටවල,HR2,HR2,,NBRO/LRRMD-BDL/BDU/HALI-E/LI/26/0272,NBRO/LRRMD-BDL/BDU/HALI-E/LI/26/0272,75C,House / නිවාස,2025-11-27 00:00:00,,2026-12-23 00:00:00,"Landslide / නායයෑම්, Slope failures / බැවුම් අස්ථාවරවීම්, Cutting failure / කණ්ඩි අස්ථාවරවීම්, Rock fall / ගල් පෙරලීම්",Resettle / නැවත පදිංචිකිරීම,,,,,,1.0,1.0,,2.0,,4,,Badulla,81.008068,6.983123
80.923034,7.105461,Nuwara Eliya,නිල්දණ්ඩහින්න ප්රා.ලේ.කො,උඩුමාදුර උතුර 518 බී,HR2,HR2,,NBRI/NE/WLD[Nildandahinna]/2025/SMK/සං‍ශෝධන/64 (ii),NBRI/NE/WLD[Nildandahinna]/2025/SMK/සං‍ශෝධන/64 (ii),,House / නිවාස,2025.11.27,,2026.01.01,Slope failures / බැවුම් අස්ථාවරවීම්,Resettle / නැවත පදිංචිකිරීම,Partially / අර්ධහානි,,ගල් පෙරලීම්,,,1.0,,,2.0,,3,,Nuwara Eliya,80.923034,7.105461
81.074253,6.954841,Badulla,හාලිඇල ප්රා.ලේ.කො,කෝට්ටගොඩ,HR2,HR2,,NBRO/LRRMD-BDL/BDU/HALI-E/LI/26/0496,NBRO/LRRMD-BDL/BDU/HALI-E/LI/26/0496,82D,House / නිවාස,2025-11-27 00:00:00,,2026-02-25 00:00:00,"Slope failures / බැවුම් අස්ථාවරවීම්, Rock fall / ගල් පෙරලීම්",Resettle / නැවත පදිංචිකිරීම,,,,,,1.0,5.0,,1.0,,7,,Badulla,81.074253,6.954841
80.334213,6.94365,Kegalle,යටියන්තොට ප්රා.ලේ.කො,නෙළුවතුකන්ද,HR2,HR2,,LRR-YTP-20,LRR-YTP-20,,House / නිවාස,,,2025-12-11 00:00:00,Landslide / නායයෑම්,Resettle / නැවත පදිංචිකිරීම,Partially / අර්ධහානි,,,,,49.0,,,,,49,,Kegalle,80.334213,6.94365
80.992505,6.956007,Badulla,හාලිඇල ප්රා.ලේ.කො,ගාවල,HR2,HR2,,NBRO/LRRMD-BDL/BDU/HALI-E/LI/26/0545,NBRO/LRRMD-BDL/BDU/HALI-E/LI/26/0545,55C,House / නිවාස,2025-11-27 00:00:00,,2026-03-07 00:00:00,Landslide / නායයෑම්,Resettle / නැවත පදිංචිකිරීම,,,,,,2.0,,,6.0,,8,,Badulla,80.992505,6.956007
80.973319,6.953817,Badulla,හාලිඇල ප්රා.ලේ.කො,පහමුලතොට,HR2,HR2,,NBRO/LRRMD-BDL/BDU/HALI-E/LI/26/0617,NBRO/LRRMD-BDL/BDU/HALI-E/LI/26/0617,55D,House / නිවාස,2025-11-27 00:00:00,,2026-03-13 00:00:00,"Landslide / නායයෑම්, Other / වෙනත් (වෙනත් කරුණු යටතේ සදහන් කරන්න)",Resettle / නැවත පදිංචිකිරීම,,,,,,1.0,,,,,1,,Badulla,80.973319,6.953817
80.637771,7.076688,Nuwara Eliya,කොත්මලේ නැගෙනහිර ප්රා.ලේ.කො,මාවෙල බටහිර,HR2,HR2,,NBRI/NE/KTD[East]/2026/KLKT/67),NBRI/NE/KTD[East]/2026/KLKT/67),,House / නිවාස,2025-11-27 00:00:00,,2026-01-18 00:00:00,Slope failures / බැවුම් අස්ථාවරවීම්,Resettle / නැවත පදිංචිකිරීම,Partially / අර්ධහානි,,,,,2.0,2.0,,3.0,,7,,Nuwara Eliya,80.637771,7.076688
80.978923,6.938073,Badulla,හාලිඇල ප්රා.ලේ.කො,පහමුණුතොට,HR2,HR2,,NBRO/LRRMD-BDL/BDU/HALI-E/LI/26/0719,NBRO/LRRMD-BDL/BDU/HALI-E/LI/26/0719,55D,House / නිවාස,2025-11-27 00:00:00,,2026-03-28 00:00:00,Landslide / නායයෑම්,Resettle / නැවත පදිංචිකිරීම,,,,,,1.0,1.0,,,,2,,Badulla,80.978923,6.938073
81.008439,6.945091,Badulla,හාලිඇල ප්රා.ලේ.කො,නෙලුදණ්ඩ,HR2,HR2,,NBRO/LRRMD-BDL/BDU/HALI-E/LI/26/0720,NBRO/LRRMD-BDL/BDU/HALI-E/LI/26/0720,56D,House / නිවාස,2025-11-27 00:00:00,,2026-03-28 00:00:00,Slope failures / බැවුම් අස්ථාවරවීම්,Resettle / නැවත පදිංචිකිරීම,,,,,,1.0,,,,,1,,Badulla,81.008439,6.945091
81.033752,6.96311,Badulla,හාලිඇල ප්රා.ලේ.කො,දික්වැල්ල,HR2,HR2,,NBRO/LRRMD-BDL/BDU/HALI-E/LI/26/0645,NBRO/LRRMD-BDL/BDU/HALI-E/LI/26/0645,74,House / නිවාස,2025-11-27 00:00:00,,2026-02-16 00:00:00,"Slope failures / බැවුම් අස්ථාවරවීම්, Other / වෙනත් (වෙනත් කරුණු යටතේ සදහන් කරන්න)",Resettle / නැවත පදිංචිකිරීම,,,,,,1.0,1.0,,6.0,,8,,Badulla,81.033752,6.96311
81.073249,6.967321,Badulla,හාලිඇල ප්රා.ලේ.කො,ඉඹුල්ගොඩ,HR2,HR2,,NBRO/LRRMD-BDL/BDU/HALI-E/LI/26/0815,NBRO/LRRMD-BDL/BDU/HALI-E/LI/26/0815,82,House / නිවාස,2025-11-27 00:00:00,,2026-03-27 00:00:00,Landslide / නායයෑම්,Resettle / නැවත පදිංචිකිරීම,,,,,,2.0,,,5.0,,7,,Badulla,81.073249,6.967321
81.03905,6.95444,Badulla,හාලිඇල ප්රා.ලේ.කො,මැදපිතිගම,HR2,HR2,,NBRO/LRRMD-BDL/BDU/HALI-E/LI/26/0957,NBRO/LRRMD-BDL/BDU/HALI-E/LI/26/0957,74E,House / නිවාස,2025-11-27 00:00:00,,2026-02-16 00:00:00,Cutting failure / කණ්ඩි අස්ථාවරවීම්,,,,,,,1.0,,,1.0,,2,,Badulla,81.03905,6.95444
81.093706,6.93181,Badulla,හාලිඇල ප්රා.ලේ.කො,බුලත්වත්ත,HR2,HR2,,NBRO/LRRMD-BDL/BDU/HALI-E/LI/26/1130,NBRO/LRRMD-BDL/BDU/HALI-E/LI/26/1130,,House / නිවාස,2025-11-28 00:00:00,,2026-05-08 00:00:00,"Landslide / නායයෑම්, Slope failures / බැවුම් අස්ථාවරවීම්, Rock fall / ගල් පෙරලීම්, Other / වෙනත් (වෙනත් කරුණු යටතේ සදහන් කරන්න)",,,,,,,1.0,,,,,1,,Badulla,81.093706,6.93181
80.637564,7.075659,Nuwara Eliya,කොත්මලේ නැගෙනහිර ප්රා.ලේ.කො,මාවෙල බටහිර,HR2,HR2,,NBRI/NE/KTD[East]/2026/KLKT/97),NBRI/NE/KTD[East]/2026/KLKT/97),,House / නිවාස,2025-11-27 00:00:00,,2026.01.18,Rock fall / ගල් පෙරලීම්,Resettle / නැවත පදිංචිකිරීම,Partially / අර්ධහානි,,,,,4.0,,,,,4,,Nuwara Eliya,80.637564,7.075659
80.54797,7.623803,Kurunegala,රිදීගම ප්රා.ලේ.කො,කටියාව,HR2,HR2,,RDG,RDG,කටියාව,House / නිවාස,2025-11-28 00:00:00,,2025-12-15 00:00:00,Landslide / නායයෑම්,,Partially / අර්ධහානි,,,349.0,,1.0,4.0,,14.0,,19,,Kurunegala,80.54797,7.623803
80.5556,7.617396,Kurunegala,රිදීගම ප්රා.ලේ.කො,කටියාව,HR2,HR2,,RDG,RDG,"උඩහේන, දොඩම්ගස්ලන්ද",House / නිවාස,2025-11-28 00:00:00,,2025-12-15 00:00:00,Slope failures / බැවුම් අස්ථාවරවීම්,,,,,373.0,,1.0,,,,,1,,Kurunegala,80.5556,7.617396
80.54718,7.625669,Kurunegala,රිදීගම ප්රා.ලේ.කො,කටියාව,HR2,HR2,,RDG,RDG,කටියාව,House / නිවාස,2025-11-28 00:00:00,,2025-12-12 00:00:00,Landslide / නායයෑම්,,Minor / සුළුහානි,,,,,9.0,1.0,,7.0,,17,,Kurunegala,80.54718,7.625669
80.896676,7.016737,Nuwara Eliya,නිල්දණ්ඩහින්න ප්රා.ලේ.කො,උඩුපුස්සැල්ලාව,HR2,HR2,,NBRI/NE/WLD[Nildandahinna]/2025/DMCP/සංශෝධන/39(II),NBRI/NE/WLD[Nildandahinna]/2025/DMCP/සංශෝධන/39(II),533 එච්,House / නිවාස,2025.11.26,,2025.12.26,Rock fall / ගල් පෙරලීම්,Resettle / නැවත පදිංචිකිරීම,Partially / අර්ධහානි,,,,,2.0,8.0,,1.0,18.0,29,,Nuwara Eliya,80.896676,7.016737
80.54869,7.478658,Kurunegala,රිදීගම ප්රා.ලේ.කො,කිතුල්ගොල්ල,HR2,HR2,,RDG,RDG,කිතුල්ගොල්ල,House / නිවාස,2025-11-28 00:00:00,,2025-12-11 00:00:00,Landslide / නායයෑම්,,,,,372.0,,1.0,,,,,1,,Kurunegala,80.54869,7.478658
80.654344,7.725298,Matale,නාඋල ප්රා.ලේ.කො,"නාඋල, බොබැල්ල",HR2,HR2,,"NBRO/MTL/NAULA/2026/DJ,KS/HOUSE 15","NBRO/MTL/NAULA/2026/DJ,KS/HOUSE 15",,House / නිවාස,2025-11-28 00:00:00,,2026-01-12 00:00:00,Other / වෙනත් (වෙනත් කරුණු යටතේ සදහන් කරන්න),,,,,,,1.0,,,,1.0,2,,Matale,80.654344,7.725298
80.55195,7.473097,Kurunegala,රිදීගම ප්රා.ලේ.කො,කිතුල්ගොල්ල,HR2,HR2,,RDG,RDG,"කිතුල්ගොල්ල, මිරිස්සල",House / නිවාස,2025-11-28 00:00:00,,2025-12-12 00:00:00,Slope failures / බැවුම් අස්ථාවරවීම්,,,,,373.0,,1.0,,,,,1,,Kurunegala,80.55195,7.473097
80.55135,7.47278,Kurunegala,රිදීගම ප්රා.ලේ.කො,කිතුල්ගොල්ල,HR2,HR2,,RDG,RDG,,House / නිවාස,2025-11-27 00:00:00,,2025-12-18 00:00:00,Slope failures / බැවුම් අස්ථාවරවීම්,,,,,1090.0,,1.0,,,,,1,,Kurunegala,80.55135,7.47278
80.54268,7.53943,Kurunegala,රිදීගම ප්රා.ලේ.කො,ගිනිහිරිය,HR2,HR2,,RDG,RDG,"ගිනිහිරිය, දොඩම්ගස්ලන්ද",House / නිවාස,2025-11-29 00:00:00,,2025-12-24 00:00:00,Cutting failure / කණ්ඩි අස්ථාවරවීම්,,Partially / අර්ධහානි,,,479.0,,4.0,,,5.0,,9,,Kurunegala,80.54268,7.53943
80.55091,7.557392,Kurunegala,රිදීගම ප්රා.ලේ.කො,කොරොස්ස,HR2,HR2,,RDG,RDG,"මැටියාගොල්ල, කොරොස්ස",House / නිවාස,2025-11-28 00:00:00,,2025-12-24 00:00:00,Cutting failure / කණ්ඩි අස්ථාවරවීම්,,Partially / අර්ධහානි,,,480.0,,2.0,,,1.0,,3,,Kurunegala,80.55091,7.557392
80.53458,7.53535,Kurunegala,රිදීගම ප්රා.ලේ.කො,පල්ලෙහොරොම්බුව,HR2,HR2,,RDG,RDG,"පල්ලෙහොරොම්බුව, රිදීගම",House / නිවාස,2025-11-28 00:00:00,,2025-12-24 00:00:00,Cutting failure / කණ්ඩි අස්ථාවරවීම්,,Partially / අර්ධහානි,,,483.0,,3.0,,,,2.0,5,,Kurunegala,80.53458,7.53535
80.57152,7.483694,Kurunegala,රිදීගම ප්රා.ලේ.කො,කිරිබත්ගල්ල,HR2,HR2,,RDG,RDG,,House / නිවාස,2025-11-27 00:00:00,,2025-12-23 00:00:00,Landslide / නායයෑම්,,,,,519.0,,1.0,,,3.0,2.0,6,,Kurunegala,80.57152,7.483694
80.50715,7.497862,Kurunegala,රිදීගම ප්රා.ලේ.කො,කන්දෙගෙදර,HR2,HR2,,RDG,RDG,,House / නිවාස,2025-11-28 00:00:00,,2025-12-23 00:00:00,Cutting failure / කණ්ඩි අස්ථාවරවීම්,,,,,529.0,,1.0,1.0,,1.0,,3,,Kurunegala,80.50715,7.497862
80.55947,7.495884,Kurunegala,රිදීගම ප්රා.ලේ.කො,කිරිබත්ගල්ලල,HR2,HR2,,RDG,RDG,කිරිබත්ගල්ල,House / නිවාස,2025-11-28 00:00:00,,2025-12-24 00:00:00,Landslide / නායයෑම්,,,,,556.0,,1.0,,,1.0,,2,,Kurunegala,80.55947,7.495884
80.916963,7.04687,Nuwara Eliya,නිල්දණ්ඩහින්න ප්රා.ලේ.කො,මඩුල්ල දකුණ,HR2,HR2,,NBRI/NE/WLD (Niladandahinna) /2025/DMCP/33,NBRI/NE/WLD (Niladandahinna) /2025/DMCP/33,527/A,House / නිවාස,2025.11.27,රාත්‍රිය,2025.12.25,Landslide / නායයෑම්,Resettle / නැවත පදිංචිකිරීම,Partially / අර්ධහානි,,,,,2.0,20.0,,2.0,,24,,Nuwara Eliya,80.916963,7.04687
80.458371,7.267914,Kegalle,මාවනැල්ල ප්රා.ලේ.කො,කරපනේ,HR2,HR2,,LRR-MWP-115,LRR-MWP-115,,House / නිවාස,2025-11-28 00:00:00,,2026-05-17 00:00:00,Slope failures / බැවුම් අස්ථාවරවීම්,Resettle / නැවත පදිංචිකිරීම,Partially / අර්ධහානි,0.0,,,,1.0,1.0,,2.0,,4,,Kegalle,80.458371,7.267914
80.50771,7.462641,Kurunegala,රිදීගම ප්රා.ලේ.කො,නැලඋල්ල,HR2,HR2,,RDG,RDG,"කළුගල කන්ද,නැලඋල්ල",House / නිවාස,2025-11-28 00:00:00,,2025-12-21 00:00:00,Slope failures / බැවුම් අස්ථාවරවීම්,,Minor / සුළුහානි,,,721.0,,1.0,2.0,,,,3,,Kurunegala,80.50771,7.462641
80.676502,7.597945,Matale,නාඋල ප්රා.ලේ.කො,ආදාවල,HR2,HR2,,NBRO/MTL/NAULA/2026/KA/152,NBRO/MTL/NAULA/2026/KA/152,,House / නිවාස,2028-11-27 00:00:00,,2026-01-23 00:00:00,"Slope failures / බැවුම් අස්ථාවරවීම්, Cutting failure / කණ්ඩි අස්ථාවරවීම්",,Partially / අර්ධහානි,,,,,2.0,,,6.0,,8,,Matale,80.676502,7.597945
80.466776,7.269169,Kegalle,මාවනැල්ල ප්රා.ලේ.කො,"දුනුගම, මාලියද්ද",HR2,HR2,,LRR-MWP-111,LRR-MWP-111,24 බී -,House / නිවාස,2025-11-28 00:00:00,,2026-03-13 00:00:00,Other / වෙනත් (වෙනත් කරුණු යටතේ සදහන් කරන්න),Resettle / නැවත පදිංචිකිරීම,Partially / අර්ධහානි,0.0,,,,1.0,1.0,,3.0,2.0,7,,Kegalle,80.466776,7.269169
80.5061,7.480502,Kurunegala,රිදීගම ප්රා.ලේ.කො,හදිරාමුල්ල,HR2,HR2,,RDG,RDG,"හදිරාමුල්ල, රන්තැටිගම",House / නිවාස,2025-11-28 00:00:00,,2025-12-22 00:00:00,"Landslide / නායයෑම්, Cutting failure / කණ්ඩි අස්ථාවරවීම්",,,,,834.0,,1.0,2.0,,3.0,,6,,Kurunegala,80.5061,7.480502
80.689985,7.105916,Kandy,දොළුව ප්රා.ලේ.කො,පුපුරැස්ස,HR2,HR2,,DMLP 247,DMLP 247,1181.0,House / නිවාස,2025-11-27 00:00:00,,2026-03-26 00:00:00,Landslide / නායයෑම්,,,0.0,,,,6.0,,,59.0,,65,,Kandy,80.689985,7.105916
80.50214,7.465797,Kurunegala,රිදීගම ප්රා.ලේ.කො,නැලඋල්ල,HR2,HR2,,RDG,RDG,"කිරිගෙවත්ත, නැලවුල්ල",House / නිවාස,2025-11-28 00:00:00,23:45:00,2025-12-22 00:00:00,Slope failures / බැවුම් අස්ථාවරවීම්,,Partially / අර්ධහානි,,,930.0,,2.0,1.0,,2.0,,5,,Kurunegala,80.50214,7.465797
80.56963,7.59056,Kurunegala,රිදීගම ප්රා.ලේ.කො,කැලෑමුල්ල,HR2,HR2,,RDG,RDG,"මැහිපොලවත්ත, කැලෑමුල්ල",House / නිවාස,2025-11-27 00:00:00,20:30:00,2025-12-30 00:00:00,Landslide / නායයෑම්,,Partially / අර්ධහානි,,,1110.0,,1.0,,,,,1,,Kurunegala,80.56963,7.59056
80.43058,7.26441,Kegalle,මාවනැල්ල ප්රා.ලේ.කො,කෝන්දෙණිය,HR2,HR2,,LRR-MWP-96,LRR-MWP-96,,House / නිවාස,2025-11-26 00:00:00,,2026-03-22 00:00:00,Landslide / නායයෑම්,Resettle / නැවත පදිංචිකිරීම,Partially / අර්ධහානි,,,,,2.0,1.0,,4.0,,7,,Kegalle,80.43058,7.26441
80.44741,7.243109,Kegalle,මාවනැල්ල ප්රා.ලේ.කො,තිරින්ගදෙණිය,HR2,HR2,,LRR-MWP-97,LRR-MWP-97,,House / නිවාස,2025-11-28 00:00:00,,2026-04-02 00:00:00,Slope failures / බැවුම් අස්ථාවරවීම්,Resettle / නැවත පදිංචිකිරීම,Partially / අර්ධහානි,,,,,1.0,,,7.0,8.0,16,,Kegalle,80.44741,7.243109
80.55963,7.605119,Kurunegala,රිදීගම ප්රා.ලේ.කො,වඳුරැස්ස,HR2,HR2,,RDG,RDG,"වඳුරැස්ස, මඳුරාගොඩ",House / නිවාස,2025-11-28 00:00:00,,2025-12-22 00:00:00,,,Minor / සුළුහානි,,,1183.0,,4.0,,,6.0,,10,,Kurunegala,80.55963,7.605119
80.56105,7.606222,Kurunegala,රිදීගම ප්රා.ලේ.කො,වඳුරැස්ස,HR2,HR2,,RDG,RDG,"වළමිණි කන්ද, වඳුරාගොඩ",House / නිවාස,2025-11-28 00:00:00,,2025-12-19 00:00:00,,,Minor / සුළුහානි,,,1202.0,,1.0,2.0,,7.0,1.0,11,,Kurunegala,80.56105,7.606222
80.52848,7.471143,Kurunegala,රිදීගම ප්රා.ලේ.කො,උඩවෙල,HR2,HR2,,RDG,RDG,"උනගහකන්ද, පිහිඹුව",House / නිවාස,2025-11-28 00:00:00,,2026-01-05 00:00:00,Landslide / නායයෑම්,,Minor / සුළුහානි,,,1407.0,,1.0,,,2.0,,3,,Kurunegala,80.52848,7.471143
80.434318,7.223744,Kegalle,මාවනැල්ල ප්රා.ලේ.කො,දාස්වත්ත,HR2,HR2,,LRR-MWP-92,LRR-MWP-92,,House / නිවාස,2025-11-28 00:00:00,,2026-03-24 00:00:00,Slope failures / බැවුම් අස්ථාවරවීම්,Resettle / නැවත පදිංචිකිරීම,Partially / අර්ධහානි,,,,,1.0,,,6.0,,7,,Kegalle,80.434318,7.223744
80.55592,7.418695,Kurunegala,රිදීගම ප්රා.ලේ.කො,නියන්ගම,HR2,HR2,,RDG,RDG,"පල්දෙණිය, නියන්ගම , කණදෙණියාවල",House / නිවාස,2026-01-08 00:00:00,,2025-11-27 00:00:00,ආතති පැළුම්,,,,,1444.0,,11.0,,,31.0,1.0,43,,Kurunegala,80.55592,7.418695
80.0,7.362723,Kurunegala,පොල්ගහවෙල ප්රා.ලේ.කො,ගල්ලෙනමුල්ල,HR2,HR2,,PLG,PLG,952,House / නිවාස,2025-11-29 00:00:00,20:00:00,2025-12-04 00:00:00,Landslide / නායයෑම්,,,,,,,1.0,,,,,1,,Kurunegala,80.0,7.362723
80.28646,7.333326,Kurunegala,පොල්ගහවෙල ප්රා.ලේ.කො,මැද්දලන්ද,HR2,HR2,,PLG,PLG,937,House / නිවාස,2025-11-28 00:00:00,,2025-12-09 00:00:00,Landslide / නායයෑම්,,,,,,,1.0,,,2.0,,3,,Kurunegala,80.28646,7.333326
80.28326,7.370814,Kurunegala,පොල්ගහවෙල ප්රා.ලේ.කො,ගල්හේනමුල්ල,HR2,HR2,,PLG,PLG,951,House / නිවාස,2025-11-28 00:00:00,21:00:00,2025-12-17 00:00:00,Landslide / නායයෑම්,,Fully / පුර්ණහානි,,,,,1.0,4.0,,6.0,1.0,12,,Kurunegala,80.28326,7.370814
80.505791,7.62176,Kurunegala,ගනේවත්ත ප්රා.ලේ.කො,මොරගොල්ල,HR2,HR2,,GNW,GNW,468.0,House / නිවාස,2025-11-27 00:00:00,,2025-12-06 00:00:00,Slope failures / බැවුම් අස්ථාවරවීම්,,,,,,,1.0,1.0,,8.0,,10,,Kurunegala,80.505791,7.62176
80.24839,7.354014,Kurunegala,අලව්ව ප්රා.ලේ.කො,වඩුවාව,HR2,HR2,,ALW,ALW,971.0,House / නිවාස,2025-11-28 00:00:00,,2025-12-04 00:00:00,Slope failures / බැවුම් අස්ථාවරවීම්,,Minor / සුළුහානි,,,,,1.0,,,,,1,,Kurunegala,80.24839,7.354014
80.42811,7.668553,Kurunegala,ගනේවත්ත ප්රා.ලේ.කො,කුඹුක්ගැටේ,HR2,HR2,,GNW,GNW,,House / නිවාස,2025-11-28 00:00:00,,2025-11-14 00:00:00,Landslide / නායයෑම්,,,,,,,1.0,1.0,,6.0,,8,,Kurunegala,80.42811,7.668553
80.41852,7.400203,Kurunegala,මාවතගම ප්රා.ලේ.කො,දුනුකේවත්ත,HR2,HR2,,MWG,MWG,665.0,House / නිවාස,2025-11-28 00:00:00,22:45:00,2025-12-11 00:00:00,Landslide / නායයෑම්,,Partially / අර්ධහානි,,,,,1.0,3.0,,,,4,,Kurunegala,80.41852,7.400203
80.41623,7.390748,Kurunegala,මාවතගම ප්රා.ලේ.කො,දුනුකේවත්ත,HR2,HR2,,MWG,MWG,665.0,House / නිවාස,2025-11-28 00:00:00,23:15:00,2025-12-12 00:00:00,"Slope failures / බැවුම් අස්ථාවරවීම්, Cutting failure / කණ්ඩි අස්ථාවරවීම්, Rock fall / ගල් පෙරලීම්",,Partially / අර්ධහානි,,,,,2.0,,,,,2,,Kurunegala,80.41623,7.390748
80.51543,7.404004,Kurunegala,මාවතගම ප්රා.ලේ.කො,මැටි බොක්ක,HR2,HR2,,MWG,MWG,642.0,House / නිවාස,2025-11-28 00:00:00,22:45:00,2025-12-16 00:00:00,Landslide / නායයෑම්,,Partially / අර්ධහානි,,,,,1.0,3.0,,8.0,,12,,Kurunegala,80.51543,7.404004
80.486952,7.230808,Kegalle,මාවනැල්ල ප්රා.ලේ.කො,අළුත් නුවර -,HR2,HR2,,LRR MWP 78,LRR MWP 78,27,House / නිවාස,2025-11-27 00:00:00,01:00:00,2026-02-21 00:00:00,Slope failures / බැවුම් අස්ථාවරවීම්,Resettle / නැවත පදිංචිකිරීම,Partially / අර්ධහානි,,,,,1.0,2.0,,10.0,,13,,Kegalle,80.486952,7.230808
80.0,7.375684,Kurunegala,මාවතගම ප්රා.ලේ.කො,කන්දෙහේන,HR2,HR2,,MWG,MWG,666.0,House / නිවාස,2025-11-28 00:00:00,,2026-01-16 00:00:00,Slope failures / බැවුම් අස්ථාවරවීම්,,Partially / අර්ධහානි,,,,,1.0,,,,,1,,Kurunegala,80.0,7.375684
80.31444,7.597494,Kurunegala,කුරුණෑගල ප්රා.ලේ.කො,සීරා දුන්න,HR2,HR2,,KRG,KRG,770.0,House / නිවාස,2025-11-28 00:00:00,,2025-12-12 00:00:00,,,,,,,,2.0,2.0,,5.0,,9,,Kurunegala,80.31444,7.597494
80.35242,7.468191,Kurunegala,කුරුණෑගල ප්රා.ලේ.කො,වැහැර නැගෙනහිර,HR2,HR2,,KRG,KRG,,House / නිවාස,2025-11-28 00:00:00,,2026-01-13 00:00:00,Slope failures / බැවුම් අස්ථාවරවීම්,,Partially / අර්ධහානි,,,,,1.0,,,1.0,,2,,Kurunegala,80.35242,7.468191
80.63844,7.70642,Matale,නාඋල ප්රා.ලේ.කො,නාඋල,HR2,HR2,,NBRO/LRRMD-MAT/NAULA/LI/26/0562,NBRO/LRRMD-MAT/NAULA/LI/26/0562,,House / නිවාස,2025-11-27 00:00:00,,2026-05-06 00:00:00,Cutting failure / කණ්ඩි අස්ථාවරවීම්,,Partially / අර්ධහානි,,,,,1.0,,,,,1,,Matale,80.63844,7.70642
80.451672,7.13105,Kegalle,අරණායක ප්රා.ලේ.කො,නාරංගල,HR2,HR2,,LRR  - ARP- 15,LRR  - ARP- 15,,House / නිවාස,2025-11-28 00:00:00,,2025-12-22 00:00:00,Other / වෙනත් (වෙනත් කරුණු යටතේ සදහන් කරන්න),Resettle / නැවත පදිංචිකිරීම,Partially / අර්ධහානි,0.0,,,,3.0,2.0,,16.0,4.0,25,,Kegalle,80.451672,7.13105
80.441973,7.159276,Kegalle,අරණායක ප්රා.ලේ.කො,එළගපිටිය,HR2,HR2,,LRR  - ARP- 13,LRR  - ARP- 13,,House / නිවාස,2025-11-29 00:00:00,,2025-12-08 00:00:00,Landslide / නායයෑම්,Resettle / නැවත පදිංචිකිරීම,Partially / අර්ධහානි,0.0,,,,1.0,4.0,,12.0,,17,,Kegalle,80.441973,7.159276
80.490776,7.238046,Kegalle,මාවනැල්ල ප්රා.ලේ.කො,මොල්ලීගොඩ,HR2,HR2,,LRR-MWP-67,LRR-MWP-67,,House / නිවාස,2025-11-27 00:00:00,,2026-02-02 00:00:00,Slope failures / බැවුම් අස්ථාවරවීම්,Resettle / නැවත පදිංචිකිරීම,Minor / සුළුහානි,,,,,1.0,,,3.0,,4,,Kegalle,80.490776,7.238046
80.410912,7.135924,Kegalle,අරණායක ප්රා.ලේ.කො,"ගංතුන, උඩගම",HR2,HR2,,LRR  - ARP- 23,LRR  - ARP- 23,58/බී,House / නිවාස,2025-11-28 00:00:00,,2025-12-25 00:00:00,Landslide / නායයෑම්,Resettle / නැවත පදිංචිකිරීම,Partially / අර්ධහානි,0.0,,,,3.0,3.0,,2.0,,8,,Kegalle,80.410912,7.135924
80.431331,7.195081,Kegalle,අරණායක ප්රා.ලේ.කො,ලබුටුව,HR2,HR2,,LRR  - ARP- 18,LRR  - ARP- 18,16එෆ්,House / නිවාස,2025-11-29 00:00:00,,2025-12-11 00:00:00,Slope failures / බැවුම් අස්ථාවරවීම්,Resettle / නැවත පදිංචිකිරීම,Partially / අර්ධහානි,0.0,,,,1.0,5.0,,3.0,,9,,Kegalle,80.431331,7.195081
80.664407,7.694582,Matale,නාඋල ප්රා.ලේ.කො,පිළිහුඩුගොල්ල ඉහළගම,HR2,HR2,,NBRO/LRRMD-MAT/NAULA/LI/26/0694,NBRO/LRRMD-MAT/NAULA/LI/26/0694,,House / නිවාස,2025-11-27 00:00:00,,2026-05-22 00:00:00,Cutting failure / කණ්ඩි අස්ථාවරවීම්,Resettle / නැවත පදිංචිකිරීම,,,,,,1.0,,,,,1,,Matale,80.664407,7.694582
80.426068,7.113252,Kegalle,අරණායක ප්රා.ලේ.කො,ගංතුන මැදගම,HR2,HR2,,LRR  - ARP- 28,LRR  - ARP- 28,,House / නිවාස,2025-11-28 00:00:00,,2025-12-26 00:00:00,Landslide / නායයෑම්,Resettle / නැවත පදිංචිකිරීම,Partially / අර්ධහානි,0.0,,,,2.0,7.0,,4.0,1.0,14,,Kegalle,80.426068,7.113252
80.44749,7.181693,Kegalle,අරණායක ප්රා.ලේ.කො,ගැවිලිපිටිය නගරය,HR2,HR2,,LRR  - ARP- 31,LRR  - ARP- 31,,House / නිවාස,2025-11-29 00:00:00,,2025-12-30 00:00:00,Slope failures / බැවුම් අස්ථාවරවීම්,Resettle / නැවත පදිංචිකිරීම,Partially / අර්ධහානි,0.0,,,,1.0,1.0,,11.0,,13,,Kegalle,80.44749,7.181693
80.492525,7.139613,Kegalle,අරණායක ප්රා.ලේ.කො,රහල,HR2,HR2,,LRR  - ARP- 33,LRR  - ARP- 33,,House / නිවාස,2025-11-27 00:00:00,,2025-12-19 00:00:00,Slope failures / බැවුම් අස්ථාවරවීම්,Resettle / නැවත පදිංචිකිරීම,Partially / අර්ධහානි,0.0,,,,1.0,1.0,,20.0,,22,,Kegalle,80.492525,7.139613
80.46274,7.137002,Kegalle,අරණායක ප්රා.ලේ.කො,පෝඩාපේ,HR2,HR2,,LRR  - ARP- 38,LRR  - ARP- 38,43 ඩී,House / නිවාස,2025-11-27 00:00:00,,2025-12-31 00:00:00,"Other / වෙනත් (වෙනත් කරුණු යටතේ සදහන් කරන්න), Cutting failure / කණ්ඩි අස්ථාවරවීම්",Resettle / නැවත පදිංචිකිරීම,Partially / අර්ධහානි,0.0,,,,1.0,2.0,,7.0,,10,,Kegalle,80.46274,7.137002
80.436066,7.12239,Kegalle,අරණායක ප්රා.ලේ.කො,ජම්බුගස්මඩ,HR2,HR2,,LRR-ARP-48,LRR-ARP-48,,House / නිවාස,2025-11-28 00:00:00,,2025-12-27 00:00:00,Landslide / නායයෑම්,Resettle / නැවත පදිංචිකිරීම,Partially / අර්ධහානි,0.0,,,,2.0,13.0,,16.0,5.0,36,,Kegalle,80.436066,7.12239
80.759233,7.513105,Matale,ලග්ගල පල්ලෙගම ප්රා.ලේ.කො,ඇටන්වල,HR2,HR2,,"NBRO/MTL/LAGGALA/2025/MMCUB,EIJ/63","NBRO/MTL/LAGGALA/2025/MMCUB,EIJ/63",E 386,House / නිවාස,2025-12-27 00:00:00,23:30:00,2025-12-16 00:00:00,Landslide / නායයෑම්,,,,,,,7.0,,,8.0,,15,,Matale,80.759233,7.513105
80.438943,7.141183,Kegalle,අරණායක ප්රා.ලේ.කො,නාරංගල,HR2,HR2,,ARP-LRR-50,ARP-LRR-50,,House / නිවාස,2025-11-28 00:00:00,,2025-12-25 00:00:00,Slope failures / බැවුම් අස්ථාවරවීම්,Resettle / නැවත පදිංචිකිරීම,Partially / අර්ධහානි,0.0,,,,1.0,1.0,,31.0,,33,,Kegalle,80.438943,7.141183
80.382196,7.175671,Kegalle,අරණායක ප්රා.ලේ.කො,කෙසෙල් වත්ත,HR2,HR2,,ARP-LRR-54,ARP-LRR-54,48,House / නිවාස,2025-11-28 00:00:00,,2026-01-09 00:00:00,Slope failures / බැවුම් අස්ථාවරවීම්,Resettle / නැවත පදිංචිකිරීම,Partially / අර්ධහානි,0.0,,,,1.0,,,1.0,,2,,Kegalle,80.382196,7.175671
80.424684,7.123694,Kegalle,අරණායක ප්රා.ලේ.කො,දෙයියන්වල,HR2,HR2,,ARP-LRR-59,ARP-LRR-59,,House / නිවාස,2025-11-28 00:00:00,,2026-01-07 00:00:00,Landslide / නායයෑම්,Resettle / නැවත පදිංචිකිරීම,Partially / අර්ධහානි,0.0,,,,4.0,6.0,,2.0,,12,,Kegalle,80.424684,7.123694
80.456818,7.169269,Kegalle,අරණායක ප්රා.ලේ.කො,විල්පොල,HR2,HR2,,LRR-ARP-64,LRR-ARP-64,45ඊ,House / නිවාස,2025-11-28 00:00:00,,2026-01-10 00:00:00,Landslide / නායයෑම්,Resettle / නැවත පදිංචිකිරීම,Partially / අර්ධහානි,0.0,,,,1.0,1.0,,14.0,,16,,Kegalle,80.456818,7.169269
80.471045,7.158697,Kegalle,අරණායක ප්රා.ලේ.කො,හකුරුගම්මන,HR2,HR2,,LRR-ARP-73,LRR-ARP-73,42,House / නිවාස,2025-11-28 00:00:00,,2026-01-10 00:00:00,Slope failures / බැවුම් අස්ථාවරවීම්,Resettle / නැවත පදිංචිකිරීම,Minor / සුළුහානි,0.0,,,,1.0,2.0,,4.0,1.0,8,,Kegalle,80.471045,7.158697
80.476869,7.168092,Kegalle,අරණායක ප්රා.ලේ.කො,දුල්දෙනිය,HR2,HR2,,LRR-ARP-72,LRR-ARP-72,42ඒ,House / නිවාස,2025-11-28 00:00:00,,2026-01-11 00:00:00,Slope failures / බැවුම් අස්ථාවරවීම්,Resettle / නැවත පදිංචිකිරීම,Partially / අර්ධහානි,0.0,,,,1.0,2.0,,14.0,,17,,Kegalle,80.476869,7.168092
80.173535,7.16834,Kegalle,වරකාපොළ ප්රා.ලේ.කො,අල්ගම,HR2,HR2,,LRR-WRP-86 /86A,LRR-WRP-86 /86A,,House / නිවාස,2025-11-28 00:00:00,,2025-12-30 00:00:00,Other / වෙනත් (වෙනත් කරුණු යටතේ සදහන් කරන්න),Mitigation / අවදානම් අවම කිරීම,Minor / සුළුහානි,1.0,,,,1.0,,,6.0,,7,,Kegalle,80.173535,7.16834
80.828406,7.507258,Matale,ලග්ගල පල්ලෙගම ප්රා.ලේ.කො,හල්මිණිය,HR2,HR2,,"NBRO/MTL/LAGGALA/2026/TW,DJ/134","NBRO/MTL/LAGGALA/2026/TW,DJ/134",E 392,House / නිවාස,2025-11-27 00:00:00,,2026-01-23 00:00:00,Slope failures / බැවුම් අස්ථාවරවීම්,,,,,,,1.0,,,11.0,,12,,Matale,80.828406,7.507258
80.452054,7.225843,Kegalle,අරණායක ප්රා.ලේ.කො,රවන්දෙනිය,HR2,HR2,,LRR-ARP-84,LRR-ARP-84,,House / නිවාස,2025-11-28 00:00:00,,2026-01-16 00:00:00,Other / වෙනත් (වෙනත් කරුණු යටතේ සදහන් කරන්න),Resettle / නැවත පදිංචිකිරීම,Minor / සුළුහානි,0.0,,,,1.0,,,,,1,,Kegalle,80.452054,7.225843
80.435395,7.197568,Kegalle,අරණායක ප්රා.ලේ.කො,ලබුටුව,HR2,HR2,,LRR-ARP-85,LRR-ARP-85,,House / නිවාස,2025-11-28 00:00:00,,2026-01-16 00:00:00,Slope failures / බැවුම් අස්ථාවරවීම්,Resettle / නැවත පදිංචිකිරීම,Partially / අර්ධහානි,0.0,,,,1.0,,,,,1,,Kegalle,80.435395,7.197568
80.695847,7.092897,Nuwara Eliya,කොත්මලේ නැගෙනහිර ප්රා.ලේ.කො,කරගස්තලාව,HR2,HR2,,NBRI/NE/KTD[East]/2026/DSDD/255),NBRI/NE/KTD[East]/2026/DSDD/255),474/ඒ,House / නිවාස,2025.11.27,,2026.04.20,Other / වෙනත් (වෙනත් කරුණු යටතේ සදහන් කරන්න),Resettle / නැවත පදිංචිකිරීම,Partially / අර්ධහානි,,ගලනය වන මාවතේ නිවාස පිහිටා තිබීම,,,1.0,3.0,,3.0,,7,,Nuwara Eliya,80.695847,7.092897
80.446699,7.192733,Kegalle,අරණායක ප්රා.ලේ.කො,නාරංගම්මන,HR2,HR2,,LRR-ARP-94,LRR-ARP-94,45ඩී,House / නිවාස,2025-11-27 00:00:00,19:00:00,2026-01-21 00:00:00,Cutting failure / කණ්ඩි අස්ථාවරවීම්,Resettle / නැවත පදිංචිකිරීම,Partially / අර්ධහානි,0.0,,,,1.0,,,10.0,,11,,Kegalle,80.446699,7.192733
80.417215,7.138715,Kegalle,අරණායක ප්රා.ලේ.කො,දම්පල්ගොඩ,HR2,HR2,,LRR-ARP-97,LRR-ARP-97,48බී,House / නිවාස,2025-11-28 00:00:00,,2026-01-14 00:00:00,Slope failures / බැවුම් අස්ථාවරවීම්,Resettle / නැවත පදිංචිකිරීම,Partially / අර්ධහානි,0.0,,,,1.0,2.0,,11.0,3.0,17,,Kegalle,80.417215,7.138715
80.485773,7.245435,Kegalle,මාවනැල්ල ප්රා.ලේ.කො,මොල්ලිගොඩ,HR2,HR2,,LRR-MWP-55,LRR-MWP-55,,House / නිවාස,2025-11-27 00:00:00,,2026-02-02 00:00:00,Slope failures / බැවුම් අස්ථාවරවීම්,Resettle / නැවත පදිංචිකිරීම,Partially / අර්ධහානි,,,,,1.0,,,2.0,,3,,Kegalle,80.485773,7.245435
80.908902,7.080501,Nuwara Eliya,නිල්දණ්ඩහින්න ප්රා.ලේ.කො,අඹන්ඇල්ල,HR2,HR2,,NBRI/NE/WLD[Nildandahinna]2025/PTG/94,NBRI/NE/WLD[Nildandahinna]2025/PTG/94,523,House / නිවාස,2025.11.26,,2025.12.26,Other / වෙනත් (වෙනත් කරුණු යටතේ සදහන් කරන්න),Resettle / නැවත පදිංචිකිරීම,Partially / අර්ධහානි,,ගිලා බැසීම්,,,3.0,,,7.0,,10,,Nuwara Eliya,80.908902,7.080501
80.86104,6.984242,Nuwara Eliya,නිල්දණ්ඩහින්න ප්රා.ලේ.කො,ඩෙල්මාර්,HR2,HR2,,NBRI/NE/WLD[Nildandahinna]/2025/PTG/136,NBRI/NE/WLD[Nildandahinna]/2025/PTG/136,533එල්,House / නිවාස,2025.11.27,,2026.01.05,Slope failures / බැවුම් අස්ථාවරවීම්,Resettle / නැවත පදිංචිකිරීම,Partially / අර්ධහානි,,,,,3.0,2.0,,3.0,,8,,Nuwara Eliya,80.86104,6.984242
80.462008,7.166205,Kegalle,අරණායක ප්රා.ලේ.කො,කීරපන,HR2,HR2,,LRR-ARP-105,LRR-ARP-105,42සී,House / නිවාස,2025-11-28 00:00:00,,2026-01-21 00:00:00,Slope failures / බැවුම් අස්ථාවරවීම්,Resettle / නැවත පදිංචිකිරීම,Partially / අර්ධහානි,0.0,,,,1.0,,,1.0,1.0,3,,Kegalle,80.462008,7.166205
80.380303,7.176622,Kegalle,අරණායක ප්රා.ලේ.කො,කෙහෙල්වත්ත-,HR2,HR2,,LRR-KGP-29(A),LRR-KGP-29(A),,House / නිවාස,2025-11-28 00:00:00,,2025-12-22 00:00:00,Landslide / නායයෑම්,Resettle / නැවත පදිංචිකිරීම,Minor / සුළුහානි,0.0,,,,8.0,6.0,,1.0,,15,,Kegalle,80.380303,7.176622
80.432601,7.167399,Kegalle,අරණායක ප්රා.ලේ.කො,"දෙබත්ගම, පල්ලේබාගේ",HR2,HR2,,LRR-ARP-121,LRR-ARP-121,47ඒ,House / නිවාස,2025-11-28 00:00:00,,2026-01-16 00:00:00,Rock fall / ගල් පෙරලීම්,Resettle / නැවත පදිංචිකිරීම,Partially / අර්ධහානි,0.0,,,,1.0,1.0,,10.0,,12,,Kegalle,80.432601,7.167399
80.485096,7.146321,Kegalle,අරණායක ප්රා.ලේ.කො,රහල,HR2,HR2,,LRR-ARP-123,LRR-ARP-123,41බී,House / නිවාස,2025-11-28 00:00:00,13:00:00,2026-01-20 00:00:00,Slope failures / බැවුම් අස්ථාවරවීම්,Resettle / නැවත පදිංචිකිරීම,Partially / අර්ධහානි,0.0,,,,1.0,,,3.0,,4,,Kegalle,80.485096,7.146321
80.398551,7.206729,Kegalle,අරණායක ප්රා.ලේ.කො,කන්දමුල්ල,HR2,HR2,,LRR-ARP-132,LRR-ARP-132,16ඊ,House / නිවාස,2025-11-27 00:00:00,,2026-01-29 00:00:00,Landslide / නායයෑම්,Resettle / නැවත පදිංචිකිරීම,Partially / අර්ධහානි,0.0,,,,3.0,3.0,,6.0,,12,,Kegalle,80.398551,7.206729
80.453348,7.168054,Kegalle,අරණායක ප්රා.ලේ.කො,ගල්බොක්ක,HR2,HR2,,LRR-ARP-139R,LRR-ARP-139R,43සී,House / නිවාස,2025-11-27 00:00:00,,2026-01-27 00:00:00,Other / වෙනත් (වෙනත් කරුණු යටතේ සදහන් කරන්න),Resettle / නැවත පදිංචිකිරීම,Minor / සුළුහානි,,,,,2.0,,,18.0,1.0,21,,Kegalle,80.453348,7.168054
80.424893,7.209557,Kegalle,අරණායක ප්රා.ලේ.කො,ඇපලාවවත්ත,HR2,HR2,,LRR-ARP-152,LRR-ARP-152,15එෆ්,House / නිවාස,2025-11-27 00:00:00,,2026-02-16 00:00:00,Slope failures / බැවුම් අස්ථාවරවීම්,Resettle / නැවත පදිංචිකිරීම,Partially / අර්ධහානි,0.0,,,,1.0,,,3.0,,4,,Kegalle,80.424893,7.209557
80.50279,7.149716,Kegalle,අරණායක ප්රා.ලේ.කො,සැලව නැගෙනහිර,HR2,HR2,,LRR-ARP-168,LRR-ARP-168,41 ඒ,House / නිවාස,2025-11-28 00:00:00,,2026-04-30 00:00:00,Landslide / නායයෑම්,Resettle / නැවත පදිංචිකිරීම,Partially / අර්ධහානි,0.0,,,,7.0,5.0,,11.0,1.0,24,,Kegalle,80.50279,7.149716
80.441228,7.158593,Kegalle,අරණායක ප්රා.ලේ.කො,එළඟපිටිය,HR2,HR2,,LRR-ARP-167,LRR-ARP-167,,House / නිවාස,2025-11-28 00:00:00,,2026-05-09 00:00:00,Landslide / නායයෑම්,Resettle / නැවත පදිංචිකිරීම,Partially / අර්ධහානි,,,,,2.0,6.0,,5.0,,13,,Kegalle,80.441228,7.158593
80.45186,7.204735,Kegalle,අරණායක ප්රා.ලේ.කො,ගොඩිගමුව,HR2,HR2,,LRR-ARP-171,LRR-ARP-171,46 ඒ,House / නිවාස,2025-11-27 00:00:00,,2026-02-12 00:00:00,Landslide / නායයෑම්,Resettle / නැවත පදිංචිකිරීම,Partially / අර්ධහානි,0.0,,,,1.0,,,8.0,,9,,Kegalle,80.45186,7.204735
80.388833,7.115301,Kegalle,බුලත්කොහුපිටිය ප්රා.ලේ.කො,උඩුව,HR2,HR2,,ERR - BLP - 03,ERR - BLP - 03,130,House / නිවාස,2025-11-28 00:00:00,,2025-12-08 00:00:00,Landslide / නායයෑම්,Resettle / නැවත පදිංචිකිරීම,Partially / අර්ධහානි,,,,,1.0,6.0,,14.0,,21,,Kegalle,80.388833,7.115301
80.7384,7.190418,Kandy,පාතහේවාහැට ප්රා.ලේ.කො,බෝපිටිය,HR2,HR2,,DMLP/ 133,DMLP/ 133,1018,House / නිවාස,,,,Other / වෙනත් (වෙනත් කරුණු යටතේ සදහන් කරන්න),Resettle / නැවත පදිංචිකිරීම,,,,,,16.0,,,,,16,,Kandy,80.7384,7.190418
80.357695,7.151564,Kegalle,බුලත්කොහුපිටිය ප්රා.ලේ.කො,උඳුගොඩ,HR2,HR2,,ERR - BLP - 06,ERR - BLP - 06,,House / නිවාස,2025-11-28 00:00:00,,2025-12-06 00:00:00,Landslide / නායයෑම්,Resettle / නැවත පදිංචිකිරීම,Partially / අර්ධහානි,,,,,1.0,,,2.0,,3,,Kegalle,80.357695,7.151564
80.7354,7.193678,Kandy,පාතහේවාහැට ප්රා.ලේ.කො,බෝපිටිය,HR2,HR2,,DMLP/ 135,DMLP/ 135,1018,House / නිවාස,,,,Other / වෙනත් (වෙනත් කරුණු යටතේ සදහන් කරන්න),Resettle / නැවත පදිංචිකිරීම,,,,,,8.0,,,,,8,,Kandy,80.7354,7.193678
80.922383,7.487327,Matale,විල්ගමුව ප්රා.ලේ.කො,උඩුවල්වෙල,HR2,HR2,,NBRO/MTL/WILGAMUWA/2025/EIJ/34,NBRO/MTL/WILGAMUWA/2025/EIJ/34,E/393/C,House / නිවාස,2025-11-26 00:00:00,15:30:00,2025-12-10 00:00:00,Cutting failure / කණ්ඩි අස්ථාවරවීම්,,,,,,,1.0,,,,,1,,Matale,80.922383,7.487327
80.950723,7.512149,Matale,විල්ගමුව ප්රා.ලේ.කො,පේරකනත්ත,HR2,HR2,,NBRO/MTL/WILGAMUWA/2025/MJ/42,NBRO/MTL/WILGAMUWA/2025/MJ/42,,House / නිවාස,2025-11-27 00:00:00,,2025-12-11 00:00:00,Slope failures / බැවුම් අස්ථාවරවීම්,,,,,,,1.0,,,1.0,,2,,Matale,80.950723,7.512149
80.943877,7.634261,Matale,විල්ගමුව ප්රා.ලේ.කො,පාළුපිටිය,HR2,HR2,,NBRO/MTL/WILGAMUWA/2025/MJ/45,NBRO/MTL/WILGAMUWA/2025/MJ/45,,House / නිවාස,2025-11-27 00:00:00,,2025-12-15 00:00:00,"Rock fall / ගල් පෙරලීම්, Cutting failure / කණ්ඩි අස්ථාවරවීම්",,,,,,,1.0,,,,,1,,Matale,80.943877,7.634261
80.938116,7.558944,Matale,විල්ගමුව ප්රා.ලේ.කො,පිදුරුඇල්ල,HR2,HR2,,NBRO/MTL/WILGAMUWA/2025/MJ/46,NBRO/MTL/WILGAMUWA/2025/MJ/46,,House / නිවාස,2025-11-27 00:00:00,,2025-12-15 00:00:00,"Rock fall / ගල් පෙරලීම්, Cutting failure / කණ්ඩි අස්ථාවරවීම්",,,,,,,1.0,,,,,1,,Matale,80.938116,7.558944
80.920596,7.494692,Matale,විල්ගමුව ප්රා.ලේ.කො,මීවාඔබේ,HR2,HR2,,NBRO/MTL/WILGAMUWA/2025/WAES/48,NBRO/MTL/WILGAMUWA/2025/WAES/48,,House / නිවාස,2025-11-27 00:00:00,16:30:00,2025-12-15 00:00:00,Slope failures / බැවුම් අස්ථාවරවීම්,,,,,,,1.0,2.0,,6.0,,9,,Matale,80.920596,7.494692
80.371765,7.098925,Kegalle,බුලත්කොහුපිටිය ප්රා.ලේ.කො,උඩපොත,HR2,HR2,,LRR-BLP-10,LRR-BLP-10,,House / නිවාස,2025-11-28 00:00:00,,2025-12-20 00:00:00,Landslide / නායයෑම්,Resettle / නැවත පදිංචිකිරීම,Partially / අර්ධහානි,,,,,1.0,7.0,,36.0,,44,,Kegalle,80.371765,7.098925
80.399632,7.096256,Kegalle,බුලත්කොහුපිටිය ප්රා.ලේ.කො,නෙලුවක්කන,HR2,HR2,,LRR - BLP - 29,LRR - BLP - 29,,House / නිවාස,2025-11-27 00:00:00,01:00:00,2025-12-21 00:00:00,Cutting failure / කණ්ඩි අස්ථාවරවීම්,Resettle / නැවත පදිංචිකිරීම,Partially / අර්ධහානි,,,,,1.0,,,,,1,,Kegalle,80.399632,7.096256
80.94831,7.494022,Matale,විල්ගමුව ප්රා.ලේ.කො,සෝනුුත්ත,HR2,HR2,,NBRO/MTL/WILGAMUWA/2025/WAES/126,NBRO/MTL/WILGAMUWA/2025/WAES/126,E 393,House / නිවාස,2025-11-27 00:00:00,,2025-12-26 00:00:00,Slope failures / බැවුම් අස්ථාවරවීම්,,,,,,,1.0,1.0,,3.0,,5,,Matale,80.94831,7.494022
80.6588,7.233046,Kandy,පාතහේවාහැට ප්රා.ලේ.කො,"ඇතුල්ගම බටහිර,",HR2,HR2,,JSB/181,JSB/181,966,House / නිවාස,2025-11-27 00:00:00,,2026-01-11 00:00:00,Other / වෙනත් (වෙනත් කරුණු යටතේ සදහන් කරන්න),,,,,,,12.0,,,,,12,,Kandy,80.6588,7.233046
80.95198,7.5163,Matale,විල්ගමුව ප්රා.ලේ.කො,පේරකනත්ත්ත,HR2,HR2,,NBRO/MTL/WILGAMUWA/2025/WAES/132,NBRO/MTL/WILGAMUWA/2025/WAES/132,E 395 C,House / නිවාස,2025-11-26 00:00:00,15:30:00,2025-12-27 00:00:00,Cutting failure / කණ්ඩි අස්ථාවරවීම්,,,,,,,1.0,,,,,1,,Matale,80.95198,7.5163
80.899067,7.079395,Nuwara Eliya,නිල්දණ්ඩහින්න ප්රා.ලේ.කො,දබ්බරේ,HR2,HR2,,NBRI/NE/WLD[Nildandahinna]/2026/SMK/79),NBRI/NE/WLD[Nildandahinna]/2026/SMK/79),524 ඩී,House / නිවාස,2025-11-27 00:00:00,,2026-01-12 00:00:00,"Rock fall / ගල් පෙරලීම්, Slope failures / බැවුම් අස්ථාවරවීම්",Resettle / නැවත පදිංචිකිරීම,Partially / අර්ධහානි,,,,,1.0,2.0,,29.0,,32,,Nuwara Eliya,80.899067,7.079395
80.376594,7.237079,Kegalle,කෑගල්ල ප්රා.ලේ.කො,උඩකරඩුපන,HR2,HR2,,ERR - KGP - 14,ERR - KGP - 14,,House / නිවාස,2025-11-28 00:00:00,,2025-12-09 00:00:00,Landslide / නායයෑම්,Resettle / නැවත පදිංචිකිරීම,Partially / අර්ධහානි,,,,,2.0,13.0,,,5.0,20,,Kegalle,80.376594,7.237079
80.361295,7.256175,Kegalle,කෑගල්ල ප්රා.ලේ.කො,මීපිටිය,HR2,HR2,,LRR - KGP - 08,LRR - KGP - 08,51ජී,House / නිවාස,2025-11-27 00:00:00,,2025-12-19 00:00:00,Landslide / නායයෑම්,Resettle / නැවත පදිංචිකිරීම,Partially / අර්ධහානි,0.0,,,,1.0,,,8.0,1.0,10,,Kegalle,80.361295,7.256175
80.368236,7.202847,Kegalle,කෑගල්ල ප්රා.ලේ.කො,මීදෙණිය උතුර,HR2,HR2,,LRR - KGP - 11,LRR - KGP - 11,55සී,House / නිවාස,2025-11-27 00:00:00,,2025-12-12 00:00:00,Landslide / නායයෑම්,Resettle / නැවත පදිංචිකිරීම,Partially / අර්ධහානි,0.0,,,,2.0,1.0,,2.0,,5,,Kegalle,80.368236,7.202847
80.359696,7.21515,Kegalle,කෑගල්ල ප්රා.ලේ.කො,මාකූර,HR2,HR2,,LRR - KGP - 09,LRR - KGP - 09,53,House / නිවාස,2025-11-28 00:00:00,06:30:00,2025-12-20 00:00:00,Landslide / නායයෑම්,Resettle / නැවත පදිංචිකිරීම,Partially / අර්ධහානි,0.0,,,,1.0,3.0,,5.0,,9,,Kegalle,80.359696,7.21515
80.904409,7.007259,Nuwara Eliya,නිල්දණ්ඩහින්න ප්රා.ලේ.කො,උඩුපුස්සැල්ලාව උතුර,HR2,HR2,,NBRI/NE/WLD[Nildandahinna]/2026/DSDD/74),NBRI/NE/WLD[Nildandahinna]/2026/DSDD/74),533ඩී,House / නිවාස,2025-11-26 00:00:00,,2026-01-15 00:00:00,Slope failures / බැවුම් අස්ථාවරවීම්,Resettle / නැවත පදිංචිකිරීම,Partially / අර්ධහානි,,ගල් පෙරලීම්,,,2.0,14.0,,,,16,,Nuwara Eliya,80.904409,7.007259
80.355573,7.251767,Kegalle,කෑගල්ල ප්රා.ලේ.කො,ගොලහැල්ල,HR2,HR2,,LRR - KGP - 17,LRR - KGP - 17,51ඊ,House / නිවාස,2025-11-28 00:00:00,,2025-12-16 00:00:00,Landslide / නායයෑම්,Resettle / නැවත පදිංචිකිරීම,Partially / අර්ධහානි,0.0,,,,3.0,3.0,,35.0,,41,,Kegalle,80.355573,7.251767
80.361212,7.179502,Kegalle,කෑගල්ල ප්රා.ලේ.කො,ගොඩිගමුව,HR2,HR2,,LRR - KGP - 19,LRR - KGP - 19,54,House / නිවාස,2025-11-27 00:00:00,,2026-01-03 00:00:00,Landslide / නායයෑම්,Resettle / නැවත පදිංචිකිරීම,Partially / අර්ධහානි,,,,,1.0,,,,,1,,Kegalle,80.361212,7.179502
80.6586,7.23381,Kandy,පාතහේවාහැට ප්රා.ලේ.කො,"ඇතුල්ගම බටහිර,",HR2,HR2,,JSB/180,JSB/180,966,House / නිවාස,,,,Slope failures / බැවුම් අස්ථාවරවීම්,,,,,,,2.0,,,,,2,,Kandy,80.6586,7.23381
80.399005,7.170793,Kegalle,කෑගල්ල ප්රා.ලේ.කො,නීලපලාගම්මන,HR2,HR2,,LRR-KGP-35,LRR-KGP-35,,House / නිවාස,2025-11-28 00:00:00,,2026-01-05 00:00:00,Landslide / නායයෑම්,Resettle / නැවත පදිංචිකිරීම,Partially / අර්ධහානි,0.0,,,,2.0,4.0,,12.0,,18,,Kegalle,80.399005,7.170793
80.662045,7.031478,Nuwara Eliya,කොත්මලේ නැගෙනහිර ප්රා.ලේ.කො,මැදකන්ද,HR2,HR2,,NBRI/NE/KTD[East]/2026/DSDD/296),NBRI/NE/KTD[East]/2026/DSDD/296),469/සී,House / නිවාස,2025.11.28,,2026.05.10,Other / වෙනත් (වෙනත් කරුණු යටතේ සදහන් කරන්න),Resettle / නැවත පදිංචිකිරීම,Partially / අර්ධහානි,0.0,"බෑවුම් අස්ථාවරතා ,ආතති පැලුම් ,ගල් පෙරලිම",,,1.0,1.0,,6.0,,8,,Nuwara Eliya,80.662045,7.031478
80.406386,7.164639,Kegalle,කෑගල්ල ප්රා.ලේ.කො,නීලපලාගම්මන,HR2,HR2,,LRR-KGP-37,LRR-KGP-37,,House / නිවාස,,,2026-01-05 00:00:00,Slope failures / බැවුම් අස්ථාවරවීම්,Resettle / නැවත පදිංචිකිරීම,Partially / අර්ධහානි,0.0,,,,1.0,3.0,,27.0,1.0,32,,Kegalle,80.406386,7.164639
80.391694,7.206819,Kegalle,කෑගල්ල ප්රා.ලේ.කො,තලේවෙල,HR2,HR2,,LRR-KGP-42,LRR-KGP-42,,House / නිවාස,2025-11-29 00:00:00,,2026-01-08 00:00:00,Landslide / නායයෑම්,Resettle / නැවත පදිංචිකිරීම,Partially / අර්ධහානි,0.0,,,,3.0,5.0,,2.0,,10,,Kegalle,80.391694,7.206819
80.351605,7.24172,Kegalle,කෑගල්ල ප්රා.ලේ.කො,ගොලහැල,HR2,HR2,,LRR-KGP-49,LRR-KGP-49,,House / නිවාස,2025-11-28 00:00:00,,2026-01-09 00:00:00,Landslide / නායයෑම්,Resettle / නැවත පදිංචිකිරීම,Partially / අර්ධහානි,0.0,,,,2.0,8.0,,4.0,,14,,Kegalle,80.351605,7.24172
80.351731,7.253504,Kegalle,කෑගල්ල ප්රා.ලේ.කො,ගොලහැල,HR2,HR2,,LRR-KGP-46,LRR-KGP-46,,House / නිවාස,2025-11-28 00:00:00,,2026-01-08 00:00:00,Slope failures / බැවුම් අස්ථාවරවීම්,Resettle / නැවත පදිංචිකිරීම,Partially / අර්ධහානි,0.0,,,,1.0,,,1.0,,2,,Kegalle,80.351731,7.253504
80.402874,7.126445,Kegalle,කෑගල්ල ප්රා.ලේ.කො,ගංතුන පල්ලේගම දකුණ,HR2,HR2,,LRR-KGP-54,LRR-KGP-54,,House / නිවාස,2025-11-28 00:00:00,,2026-01-07 00:00:00,Landslide / නායයෑම්,Resettle / නැවත පදිංචිකිරීම,Partially / අර්ධහානි,0.0,,,,1.0,3.0,,5.0,,9,,Kegalle,80.402874,7.126445
80.384944,7.195519,Kegalle,කෑගල්ල ප්රා.ලේ.කො,වඩුපොල,HR2,HR2,,LRR-KGP-68,LRR-KGP-68,,House / නිවාස,2025-11-28 00:00:00,,2026-01-19 00:00:00,Landslide / නායයෑම්,Resettle / නැවත පදිංචිකිරීම,Partially / අර්ධහානි,0.0,,,,1.0,1.0,,1.0,,3,,Kegalle,80.384944,7.195519
80.346811,7.222498,Kegalle,කෑගල්ල ප්රා.ලේ.කො,බුලුරුප්ප,HR2,HR2,,LRR-KGP-69,LRR-KGP-69,,House / නිවාස,2025-11-28 00:00:00,,2026-01-08 00:00:00,Rock fall / ගල් පෙරලීම්,Resettle / නැවත පදිංචිකිරීම,Partially / අර්ධහානි,0.0,,,,1.0,,,,,1,,Kegalle,80.346811,7.222498
80.390263,7.227339,Kegalle,කෑගල්ල ප්රා.ලේ.කො,දීවෙල මැදගම,HR2,HR2,,LRR-KGP-85,LRR-KGP-85,,House / නිවාස,2025-11-26 00:00:00,,2025-12-07 00:00:00,Landslide / නායයෑම්,Resettle / නැවත පදිංචිකිරීම,Partially / අර්ධහානි,0.0,,,,3.0,6.0,,3.0,,12,,Kegalle,80.390263,7.227339
80.360901,7.183182,Kegalle,කෑගල්ල ප්රා.ලේ.කො,ගොඩිගමුව,HR2,HR2,,LRR-KGP-94,LRR-KGP-94,,House / නිවාස,2025-11-28 00:00:00,,2026-01-23 00:00:00,Landslide / නායයෑම්,Resettle / නැවත පදිංචිකිරීම,Partially / අර්ධහානි,0.0,,,,1.0,2.0,,,,3,,Kegalle,80.360901,7.183182
80.373675,7.279996,Kegalle,කෑගල්ල ප්රා.ලේ.කො,කොලොන්නගල්ල,HR2,HR2,,LRR-KGP-109,LRR-KGP-109,,House / නිවාස,2025-11-28 00:00:00,,2026-01-29 00:00:00,Slope failures / බැවුම් අස්ථාවරවීම්,Resettle / නැවත පදිංචිකිරීම,Partially / අර්ධහානි,0.0,,,,1.0,2.0,,,,3,,Kegalle,80.373675,7.279996
80.672813,7.017761,Nuwara Eliya,කොත්මලේ නැගෙනහිර ප්රා.ලේ.කො,උතුරු පූඩළුඔය,HR2,HR2,,NBRI/NE/KTD[East]/2026/LY/158),NBRI/NE/KTD[East]/2026/LY/158),,House / නිවාස,2025.11.27,,2026.05.13,Slope failures / බැවුම් අස්ථාවරවීම්,Resettle / නැවත පදිංචිකිරීම,Partially / අර්ධහානි,0.0,,,,2.0,,,,,2,,Nuwara Eliya,80.672813,7.017761
80.36463,7.152823,Kegalle,කෑගල්ල ප්රා.ලේ.කො,මොරදන,HR2,HR2,,LRR-KGP-129,LRR-KGP-129,,House / නිවාස,2024-11-28 00:00:00,,2025-01-26 00:00:00,Landslide / නායයෑම්,Resettle / නැවත පදිංචිකිරීම,Partially / අර්ධහානි,0.0,,,,4.0,,,7.0,,11,,Kegalle,80.36463,7.152823
80.354824,7.261098,Kegalle,කෑගල්ල ප්රා.ලේ.කො,ඔලගන්කන්ද - 51 සී,HR2,HR2,,LRR-KGP-146,LRR-KGP-146,,House / නිවාස,2025-11-27 00:00:00,,2026-03-25 00:00:00,Other / වෙනත් (වෙනත් කරුණු යටතේ සදහන් කරන්න),Resettle / නැවත පදිංචිකිරීම,Partially / අර්ධහානි,0.0,,,,1.0,,,6.0,,7,,Kegalle,80.354824,7.261098
80.402852,7.338683,Kegalle,රඹුක්කන ප්රා.ලේ.කො,කන්සලගමුව,HR2,HR2,,ERR - RBP - 04/ LRR - RBP - 19,ERR - RBP - 04/ LRR - RBP - 19,7බී,House / නිවාස,2025-11-27 00:00:00,,2025-12-04 00:00:00,Slope failures / බැවුම් අස්ථාවරවීම්,Resettle / නැවත පදිංචිකිරීම,Partially / අර්ධහානි,,,,,1.0,2.0,,3.0,,6,,Kegalle,80.402852,7.338683
80.894113,7.107091,Nuwara Eliya,නිල්දණ්ඩහින්න ප්රා.ලේ.කො,ඇල්ලේකුඹුර,HR2,HR2,,NBRI/NE/WLD[Nildandahinna]/2026 /PTG/163),NBRI/NE/WLD[Nildandahinna]/2026 /PTG/163),,House / නිවාස,2025-11-27 00:00:00,,2026-01-19 00:00:00,Rock fall / ගල් පෙරලීම්,Resettle / නැවත පදිංචිකිරීම,Partially / අර්ධහානි,,,,,1.0,,,5.0,,6,,Nuwara Eliya,80.894113,7.107091
80.413546,7.254251,Kegalle,රඹුක්කන ප්රා.ලේ.කො,මොලගොඩ,HR2,HR2,,LRR - RBP-05,LRR - RBP-05,,House / නිවාස,2025-11-28 00:00:00,,2025-12-26 00:00:00,Cutting failure / කණ්ඩි අස්ථාවරවීම්,Resettle / නැවත පදිංචිකිරීම,Minor / සුළුහානි,,,,,1.0,,,1.0,,2,,Kegalle,80.413546,7.254251
80.6734,7.240394,Kandy,පාතහේවාහැට ප්රා.ලේ.කො,"ඇතුල්ගම බටහිර,",HR2,HR2,,JSB/184,JSB/184,966,House / නිවාස,2025-11-27 00:00:00,,2026-01-11 00:00:00,Other / වෙනත් (වෙනත් කරුණු යටතේ සදහන් කරන්න),,,,,,,2.0,,,,,2,,Kandy,80.6734,7.240394
80.436431,7.30845,Kegalle,රඹුක්කන ප්රා.ලේ.කො,දීගන කන්ද,HR2,HR2,,LRR - RBP-16,LRR - RBP-16,,House / නිවාස,2025-11-27 00:00:00,,2025-12-24 00:00:00,Slope failures / බැවුම් අස්ථාවරවීම්,Resettle / නැවත පදිංචිකිරීම,Partially / අර්ධහානි,,,,,1.0,,,,,1,,Kegalle,80.436431,7.30845
80.6828,7.246346,Kandy,පාතහේවාහැට ප්රා.ලේ.කො,"බටගල්ල,",HR2,HR2,,JSB/187,JSB/187,959,House / නිවාස,2025-11-27 00:00:00,,2026-01-11 00:00:00,Other / වෙනත් (වෙනත් කරුණු යටතේ සදහන් කරන්න),,,,,,,1.0,,,,,1,,Kandy,80.6828,7.246346
80.390701,7.341246,Kegalle,රඹුක්කන ප්රා.ලේ.කො,6ඒ - තල්දෑව,HR2,HR2,,LRR - RBP-13,LRR - RBP-13,,House / නිවාස,2025-11-28 00:00:00,,2025-12-23 00:00:00,Landslide / නායයෑම්,Resettle / නැවත පදිංචිකිරීම,Partially / අර්ධහානි,,,,,1.0,6.0,,6.0,1.0,14,,Kegalle,80.390701,7.341246
80.527366,7.157836,Kegalle,මාවනැල්ල ප්රා.ලේ.කො,කෙහෙල්පන්නල,HR2,HR2,,LRR-MWP-38,LRR-MWP-38,40 ඒ,House / නිවාස,2025-11-27 00:00:00,,2026-01-11 00:00:00,Landslide / නායයෑම්,Resettle / නැවත පදිංචිකිරීම,Partially / අර්ධහානි,,,,,1.0,2.0,,17.0,9.0,29,,Kegalle,80.527366,7.157836
80.438233,7.303952,Kegalle,රඹුක්කන ප්රා.ලේ.කො,දීගන කන්ද,HR2,HR2,,LRR - RBP-14,LRR - RBP-14,,House / නිවාස,2025-11-27 00:00:00,,2025-12-24 00:00:00,Landslide / නායයෑම්,Resettle / නැවත පදිංචිකිරීම,Partially / අර්ධහානි,,,,,1.0,,,,,1,,Kegalle,80.438233,7.303952
80.39707,7.3781,Kegalle,රඹුක්කන ප්රා.ලේ.කො,ගබ්බල දකුණ,HR2,HR2,,LRR - RBP-20,LRR - RBP-20,,House / නිවාස,2025-11-28 00:00:00,,2025-12-04 00:00:00,Landslide / නායයෑම්,Resettle / නැවත පදිංචිකිරීම,Partially / අර්ධහානි,,,,,1.0,30.0,,43.0,,74,,Kegalle,80.39707,7.3781
80.6476,7.020201,Nuwara Eliya,කොත්මලේ නැගෙනහිර ප්රා.ලේ.කො,බෝගහවෙල,HR2,HR2,,NBRI/NE/KTD[East]/2026/VKG/96),NBRI/NE/KTD[East]/2026/VKG/96),468/ඩී,House / නිවාස,2025.11.27 – 2025.11.28,,2026.06.16,Other / වෙනත් (වෙනත් කරුණු යටතේ සදහන් කරන්න),Resettle / නැවත පදිංචිකිරීම,Partially / අර්ධහානි,0.0,බෑවුම් අස්ථාවරවීමේ අවධානම,,,1.0,1.0,,6.0,1.0,9,,Nuwara Eliya,80.6476,7.020201
80.38001,7.281872,Kegalle,රඹුක්කන ප්රා.ලේ.කො,-හිරිවඩුන්න,HR2,HR2,,LRR - RBPP-44,LRR - RBPP-44,11 ඊ,House / නිවාස,2025-11-28 00:00:00,,2026-01-20 00:00:00,Slope failures / බැවුම් අස්ථාවරවීම්,Resettle / නැවත පදිංචිකිරීම,Partially / අර්ධහානි,,,,,1.0,,,1.0,,2,,Kegalle,80.38001,7.281872
80.425159,7.328611,Kegalle,රඹුක්කන ප්රා.ලේ.කො,කඩිගමුව,HR2,HR2,,LRR - RBPP-38,LRR - RBPP-38,,House / නිවාස,2025-11-28 00:00:00,,2026-01-13 00:00:00,Slope failures / බැවුම් අස්ථාවරවීම්,Resettle / නැවත පදිංචිකිරීම,Partially / අර්ධහානි,,,,,1.0,,,1.0,,2,,Kegalle,80.425159,7.328611
80.486045,7.182465,Kegalle,මාවනැල්ල ප්රා.ලේ.කො,වඩුවාවල,HR2,HR2,,LRR-MWP-37,LRR-MWP-37,37 ඒ,House / නිවාස,2025-11-27 00:00:00,,2026-01-13 00:00:00,Cutting failure / කණ්ඩි අස්ථාවරවීම්,Resettle / නැවත පදිංචිකිරීම,Partially / අර්ධහානි,,,,,2.0,,,23.0,1.0,26,,Kegalle,80.486045,7.182465
80.370846,7.302484,Kegalle,රඹුක්කන ප්රා.ලේ.කො,වඩුවාදෙණිය,HR2,HR2,,LRR - RBPP-73,LRR - RBPP-73,,House / නිවාස,2025-11-28 00:00:00,,2026-02-06 00:00:00,Slope failures / බැවුම් අස්ථාවරවීම්,Resettle / නැවත පදිංචිකිරීම,Partially / අර්ධහානි,,,,,1.0,,,,,1,,Kegalle,80.370846,7.302484
80.367506,7.302497,Kegalle,රඹුක්කන ප්රා.ලේ.කො,11 බී - දුනුකේවල,HR2,HR2,,LRR-RBP-89,LRR-RBP-89,,House / නිවාස,2025-11-28 00:00:00,,2026-02-06 00:00:00,Landslide / නායයෑම්,Resettle / නැවත පදිංචිකිරීම,Partially / අර්ධහානි,,,,,2.0,1.0,,6.0,,9,,Kegalle,80.367506,7.302497
80.405943,7.320803,Kegalle,රඹුක්කන ප්රා.ලේ.කො,ගොඩගල්දෙණිය,HR2,HR2,,LRR-RBP-90,LRR-RBP-90,8,House / නිවාස,2025-11-28 00:00:00,,2026-01-27 00:00:00,Other / වෙනත් (වෙනත් කරුණු යටතේ සදහන් කරන්න),Resettle / නැවත පදිංචිකිරීම,Partially / අර්ධහානි,,,,,1.0,,,,,1,,Kegalle,80.405943,7.320803
80.397035,7.292064,Kegalle,රඹුක්කන ප්රා.ලේ.කො,- යෝධගම,HR2,HR2,,LRR-RBP-98,LRR-RBP-98,9 බී,House / නිවාස,2025-11-28 00:00:00,,2026-02-14 00:00:00,Rock fall / ගල් පෙරලීම්,Resettle / නැවත පදිංචිකිරීම,Partially / අර්ධහානි,,,,,1.0,1.0,,11.0,,13,,Kegalle,80.397035,7.292064
80.347186,7.345977,Kegalle,රඹුක්කන ප්රා.ලේ.කො,වල්ගම,HR2,HR2,,LRR-RBP-100,LRR-RBP-100,,House / නිවාස,2025-11-27 00:00:00,,2026-01-14 00:00:00,Slope failures / බැවුම් අස්ථාවරවීම්,Resettle / නැවත පදිංචිකිරීම,Partially / අර්ධහානි,,,,,1.0,,,,,1,,Kegalle,80.347186,7.345977
80.40051,7.294323,Kegalle,රඹුක්කන ප්රා.ලේ.කො,කොටගම - 9 ඒ,HR2,HR2,,LRR-RBP-101,LRR-RBP-101,9ඒ,House / නිවාස,2025-11-28 00:00:00,,2026-02-26 00:00:00,Slope failures / බැවුම් අස්ථාවරවීම්,Resettle / නැවත පදිංචිකිරීම,Partially / අර්ධහානි,,,,,2.0,,,5.0,,7,,Kegalle,80.40051,7.294323
80.44787,7.310697,Kegalle,රඹුක්කන ප්රා.ලේ.කො,හේනේපොල,HR2,HR2,,LRR RBP- 118,LRR RBP- 118,22 ඊ,House / නිවාස,2025-11-28 00:00:00,,2026-03-22 00:00:00,Slope failures / බැවුම් අස්ථාවරවීම්,Resettle / නැවත පදිංචිකිරීම,Partially / අර්ධහානි,,,,,1.0,,,,,1,,Kegalle,80.44787,7.310697
80.389277,7.388272,Kegalle,රඹුක්කන ප්රා.ලේ.කො,ගබ්බල උතුර,HR2,HR2,,LRR RBP 123,LRR RBP 123,,House / නිවාස,2025-11-28 00:00:00,,2026-03-28 00:00:00,Slope failures / බැවුම් අස්ථාවරවීම්,Resettle / නැවත පදිංචිකිරීම,Partially / අර්ධහානි,,,,,3.0,,,4.0,1.0,8,,Kegalle,80.389277,7.388272
80.371292,7.387451,Kegalle,රඹුක්කන ප්රා.ලේ.කො,උදන්විට,HR2,HR2,,LRR RBP 137,LRR RBP 137,,House / නිවාස,2025-11-28 00:00:00,,2026-06-09 00:00:00,Landslide / නායයෑම්,Resettle / නැවත පදිංචිකිරීම,Partially / අර්ධහානි,,,,,1.0,3.0,,3.0,,7,,Kegalle,80.371292,7.387451
80.469594,7.266707,Kegalle,මාවනැල්ල ප්රා.ලේ.කො,"දුණූගම, මාලියද්ද",HR2,HR2,,LRR- MWP - 02,LRR- MWP - 02,,House / නිවාස,2025-11-28 00:00:00,,2025-12-17 00:00:00,Slope failures / බැවුම් අස්ථාවරවීම්,Resettle / නැවත පදිංචිකිරීම,Partially / අර්ධහානි,,,,,2.0,,,11.0,,13,,Kegalle,80.469594,7.266707
80.502172,7.163418,Kegalle,මාවනැල්ල ප්රා.ලේ.කො,හෙම්මාතගම,HR2,HR2,,LRR - MWP - 08,LRR - MWP - 08,,House / නිවාස,2025-11-28 00:00:00,,2025-12-23 00:00:00,Landslide / නායයෑම්,Resettle / නැවත පදිංචිකිරීම,Partially / අර්ධහානි,,,,,1.0,3.0,,20.0,,24,,Kegalle,80.502172,7.163418
80.537843,7.30655,Kandy,හතරලියද්ද,අලුත්ගම ඉහල,HR3,HR3,NBRI/KND/HAT/2025/SUJ/005,NBRI/KND/HAT/2025/SUJ/005,NBRI/KND/HAT/2025/SUJ/005,,,,,,,,,,,,,,1.0,,,,1,,Kandy,80.537843,7.30655
80.538684,7.309977,Kandy,හතරලියද්ද,අලුත්ගම ඉහල,HR3,HR3,NBRI/KND/HAT/2025/SUJ/011,NBRI/KND/HAT/2025/SUJ/011,NBRI/KND/HAT/2025/SUJ/011,,,,,,,,,,,,,,1.0,,,,1,,Kandy,80.538684,7.309977
80.604859,7.277329,Kandy,හාරිස්පත්තුව,වරාතැන්න,HR3,HR3,NBRI/KND/HRS/2025/SUJ/013,NBRI/KND/HRS/2025/SUJ/013,NBRI/KND/HRS/2025/SUJ/013,,,,,,,,,,,,,,1.0,,,,1,,Kandy,80.604859,7.277329
80.605827,7.275032,Kandy,හාරිස්පත්තුව,වරාතැන්න,HR3,HR3,NBRI/KND/HRS/2025/SUJ/015,NBRI/KND/HRS/2025/SUJ/015,NBRI/KND/HRS/2025/SUJ/015,,,,,,,,,,,,,,1.0,,,,1,,Kandy,80.605827,7.275032
80.635148,7.100942,Kandy,උඩපළාත,පුස්සැල්ලාගම,HR3,HR3,NBRI/KND/UDP/2025/SUJ/02,NBRI/KND/UDP/2025/SUJ/02,NBRI/KND/UDP/2025/SUJ/02,,,,,,,,,,,,,,13.0,,2.0,,15,,Kandy,80.635148,7.100942
80.629626,7.099339,Kandy,උඩපළාත,නව පුස්සැල්ලාගම,HR3,HR3,NBRI/KND/UDP/2025/SUJ/03,NBRI/KND/UDP/2025/SUJ/03,NBRI/KND/UDP/2025/SUJ/03,,,,,,,,,,,,,,25.0,,22.0,,47,,Kandy,80.629626,7.099339
80.607058,7.127128,Kandy,උඩපළාත,අමුහේන,HR3,HR3,NBRI/KND/UDP/2025/SUJ/08,NBRI/KND/UDP/2025/SUJ/08,NBRI/KND/UDP/2025/SUJ/08,,,,,,,,,,,,,,9.0,,4.0,,13,,Kandy,80.607058,7.127128
80.571784,7.170268,Kandy,උඩපළාත,පොල් කුඹුර,HR3,HR3,NBRI/KND/UDP/2025/SUJ/19,NBRI/KND/UDP/2025/SUJ/19,NBRI/KND/UDP/2025/SUJ/19,,,,,,,,,,,,,,6.0,,1.0,,7,,Kandy,80.571784,7.170268
80.583982,7.370477,Kandy,හාරිස්පත්තුව,දෙඹරාලාව,HR3,HR3,NBRI/KND/HRS/2025/SUJ/006,NBRI/KND/HRS/2025/SUJ/006,NBRI/KND/HRS/2025/SUJ/006,,,,,,,,,,,,,,6.0,,,,6,,Kandy,80.583982,7.370477
80.537934,7.197708,Kandy,උඩුනුවර,"මාවිල්කුඹුර දකුණ, 104",HR3,HR3,NBRI/KND/UDN/2025/HML/003,NBRI/KND/UDN/2025/HML/003,NBRI/KND/UDN/2025/HML/003,,,,,,,,,,,,,,1.0,,,,1,,Kandy,80.537934,7.197708
80.786959,7.40823,Kandy,පන්විල,බටගල ඉහල,HR3,HR3,NBRI/KND/PAN/2025/HML/004,NBRI/KND/PAN/2025/HML/004,NBRI/KND/PAN/2025/HML/004,,,,,,,,,,,,,,1.0,,,,1,,Kandy,80.786959,7.40823
80.643182,7.140514,Kandy,පන්විල,වනහපුව 1184,HR3,HR3,NBRI/KND/PAN/2025/HML/010,NBRI/KND/PAN/2025/HML/010,NBRI/KND/PAN/2025/HML/010,,,,,,,,,,,,,,1.0,,,,1,,Kandy,80.643182,7.140514
80.722621,7.367069,Kandy,පන්විල,පන්විල - 729,HR3,HR3,NBRI/KND/PAN/2025/HML/017,NBRI/KND/PAN/2025/HML/017,NBRI/KND/PAN/2025/HML/017,,,,,,,,,,,,,,1.0,,,,1,,Kandy,80.722621,7.367069
80.545154,7.165328,Kandy,උඩපළාත,සිංහපිටිය උතුර,HR3,HR3,NBRI/KND/UDP/2025/HML/001,NBRI/KND/UDP/2025/HML/001,NBRI/KND/UDP/2025/HML/001,,,,,,,,,,,,,,14.0,,,,14,,Kandy,80.545154,7.165328
80.583218,7.089227,Kandy,උඩපළාත,මාවතුර,HR3,HR3,NBRI/KND/UDP/2025/HML/009,NBRI/KND/UDP/2025/HML/009,NBRI/KND/UDP/2025/HML/009,,,,,,,,,,,,,,1.0,,,,1,,Kandy,80.583218,7.089227
80.585371,7.11757,Kandy,උඩපළාත,ගලත -1185,HR3,HR3,NBRI/KND/UDP/2025/ERB/003,NBRI/KND/UDP/2025/ERB/003,NBRI/KND/UDP/2025/ERB/003,,,,,,,,,,,,,,6.0,,,,6,,Kandy,80.585371,7.11757
80.58426,7.110631,Kandy,උඩපළාත,ගලත -1185,HR3,HR3,NBRI/KND/UDP/2025/ERB/004,NBRI/KND/UDP/2025/ERB/004,NBRI/KND/UDP/2025/ERB/004,,,,,,,,,,,,,,14.0,,,,14,,Kandy,80.58426,7.110631
80.656206,7.203003,Kandy,දෙල්තොට,පේරවත්ත බටහිර 981,HR3,HR3,NBRI / KND / DEL / 2025 / MVN / 013,NBRI / KND / DEL / 2025 / MVN / 013,NBRI / KND / DEL / 2025 / MVN / 013,,,,,,,,,,,,,,11.0,,3.0,4.0,18,,Kandy,80.656206,7.203003
80.80135,7.375899,Kandy,මැදදුම්බර,ගෝනවල,HR3,HR3,NBRI / KND / MDB / 2025 / MVN / 024,NBRI / KND / MDB / 2025 / MVN / 024,NBRI / KND / MDB / 2025 / MVN / 024,,,,,,,,,,,,,,4.0,,1.0,,5,,Kandy,80.80135,7.375899
80.585105,7.189006,Kandy,උඩුනුවර,උඩඅලුදෙණිය 42,HR3,HR3,NBRI / KND / UDN / 2025 / IGSL / 0033,NBRI / KND / UDN / 2025 / IGSL / 0033,NBRI / KND / UDN / 2025 / IGSL / 0033,,,,,,,,,,,,,,1.0,,,,1,,Kandy,80.585105,7.189006
80.589676,7.190665,Kandy,උඩුනුවර,උඩඅලුදෙණිය 42,HR3,HR3,NBRI / KND / UDN / 2025 / IGSL / 0034,NBRI / KND / UDN / 2025 / IGSL / 0034,NBRI / KND / UDN / 2025 / IGSL / 0034,,,,,,,,,,,,,,1.0,,,,1,,Kandy,80.589676,7.190665
80.590488,7.191688,Kandy,උඩුනුවර,උඩඅලුදෙණිය 42,HR3,HR3,NBRI / KND / UDN / 2025 / IGSL / 0035,NBRI / KND / UDN / 2025 / IGSL / 0035,NBRI / KND / UDN / 2025 / IGSL / 0035,,,,,,,,,,,,,,1.0,,,,1,,Kandy,80.590488,7.191688
80.58624,7.191207,Kandy,උඩුනුවර,වැලිගල 41,HR3,HR3,NBRI / KND / UDN / 2025 / IGSL / 0038,NBRI / KND / UDN / 2025 / IGSL / 0038,NBRI / KND / UDN / 2025 / IGSL / 0038,,,,,,,,,,,,,,1.0,,,,1,,Kandy,80.58624,7.191207
80.711083,7.219779,Kandy,පාතහේවාහැට,"996 - මැදගම, උඩගම",HR3,HR3,NBRI/KND/PHT/2025/JSB/ 082,NBRI/KND/PHT/2025/JSB/ 082,NBRI/KND/PHT/2025/JSB/ 082,,,,,,,,,,,,,,7.0,,,,7,,Kandy,80.711083,7.219779
80.686637,7.227334,Kandy,පාතහේවාහැට,ලෑටියගොල්ල,HR3,HR3,NBRI/KND/PHT/2025/JSB/ 110,NBRI/KND/PHT/2025/JSB/ 110,NBRI/KND/PHT/2025/JSB/ 110,,,,,,,,,,,,,,3.0,,,,3,,Kandy,80.686637,7.227334
80.686749,7.227099,Kandy,පාතහේවාහැට,ලෑටියගොල්ල,HR3,HR3,NBRI/KND/PHT/2025/JSB/ 119,NBRI/KND/PHT/2025/JSB/ 119,NBRI/KND/PHT/2025/JSB/ 119,,,,,,,,,,,,,,2.0,,2.0,,4,,Kandy,80.686749,7.227099
80.682289,7.222118,Kandy,පාතහේවාහැට,ලෑටියගොල්ල,HR3,HR3,NBRI/KND/PHT/2025/JSB/ 121,NBRI/KND/PHT/2025/JSB/ 121,NBRI/KND/PHT/2025/JSB/ 121,,,,,,,,,,,,,,2.0,,,,2,,Kandy,80.682289,7.222118
80.619842,7.363365,Kandy,අකුරණ,කුරුදුගහඇල,HR3,HR3,NBRI/KND/AKU/2025/HMTL/016,NBRI/KND/AKU/2025/HMTL/016,NBRI/KND/AKU/2025/HMTL/016,,,,,,,,,,,,,,2.0,,20.0,,22,,Kandy,80.619842,7.363365
80.657458,7.269055,Kandy,ගඟවට කෝරළේ,මැද්දේගම,HR3,HR3,NBRI/KND/GWK/2025/HMTL/020,NBRI/KND/GWK/2025/HMTL/020,NBRI/KND/GWK/2025/HMTL/020,,,,,,,,,,,,,,7.0,,5.0,,12,,Kandy,80.657458,7.269055
80.58665,7.262938,Kandy,ගඟවට කෝරළේ,පහළ ඊරියගම,HR3,HR3,NBRI/KND/GWK/2025/HMTL/027,NBRI/KND/GWK/2025/HMTL/027,NBRI/KND/GWK/2025/HMTL/027,,,,,,,,,,,,,,2.0,,,,2,,Kandy,80.58665,7.262938
80.607061,7.1154,Kandy,උඩපළාත,පාරදෙක,HR3,HR3,NBRI/KND/UDP/2025/HMTL/031,NBRI/KND/UDP/2025/HMTL/031,NBRI/KND/UDP/2025/HMTL/031,,,,,,,,,,,,,,3.0,,,,3,,Kandy,80.607061,7.1154
80.626677,7.133192,Kandy,උඩපළාත,ඉහළගම,HR3,HR3,NBRI/KND/UDP/2025/SUJ/12,NBRI/KND/UDP/2025/SUJ/12,NBRI/KND/UDP/2025/SUJ/12,,,,,,,,,,,,,,5.0,,2.0,,7,,Kandy,80.626677,7.133192
80.629609,7.102686,Kandy,උඩපළාත,පුස්සැල්ලාගම,HR3,HR3,NBRI/KND/UDP/2025/SUJ/14,NBRI/KND/UDP/2025/SUJ/14,NBRI/KND/UDP/2025/SUJ/14,,,,,,,,,,,,,,7.0,,,,7,,Kandy,80.629609,7.102686
80.541603,7.093666,Kandy,පස්බාගෙ කෝරලේ,වැලිගොඩවත්ත-1102,HR3,HR3,NBRI/KND/PAS/2025/DMLP/054,NBRI/KND/PAS/2025/DMLP/054,NBRI/KND/PAS/2025/DMLP/054,,,,,,,,,,,,,,3.0,,,,3,,Kandy,80.541603,7.093666
80.680669,7.342918,Kandy,පාතදුම්බර,යටිරාවණ 641,HR3,HR3,NBRI / KND / PMD / 2025 / JSB / 44,NBRI / KND / PMD / 2025 / JSB / 44,NBRI / KND / PMD / 2025 / JSB / 44,,,,,,,,,,,,,,7.0,,2.0,,9,,Kandy,80.680669,7.342918
80.806701,7.361542,Kandy,පාතදුම්බර,ඉහළයටවර,HR3,HR3,NBRI / KND / PMD / 2025 / JSB / 50,NBRI / KND / PMD / 2025 / JSB / 50,NBRI / KND / PMD / 2025 / JSB / 50,,,,,,,,,,,,,,2.0,,1.0,,3,,Kandy,80.806701,7.361542
80.792529,7.350771,Kandy,මැදදුම්බර,ඩක්වාරි,HR3,HR3,NBRI/KND/MDB/2025/IBE/033,NBRI/KND/MDB/2025/IBE/033,NBRI/KND/MDB/2025/IBE/033,,,,,,,,,,,,,,4.0,,,,4,,Kandy,80.792529,7.350771
80.791538,7.351623,Kandy,මැදදුම්බර,ඩක්වාරි,HR3,HR3,NBRI/KND/MDB/2025/IBE/035,NBRI/KND/MDB/2025/IBE/035,NBRI/KND/MDB/2025/IBE/035,,,,,,,,,,,,,,1.0,,,,1,,Kandy,80.791538,7.351623
80.929237,7.459111,Kandy,මිනිපේ,දැහැමිගම,HR3,HR3,NBRI/KND/MNP/2025/IBE/008,NBRI/KND/MNP/2025/IBE/008,NBRI/KND/MNP/2025/IBE/008,,,,,,,,,,,,,,17.0,,,,17,,Kandy,80.929237,7.459111
80.965852,7.344641,Kandy,මිනිපේ,වරාගොල්ල,HR3,HR3,NBRI/KND/MNP/2025/IBE/017,NBRI/KND/MNP/2025/IBE/017,NBRI/KND/MNP/2025/IBE/017,,,,,,,,,,,,,,20.0,,,,20,,Kandy,80.965852,7.344641
80.551846,7.102903,Kandy,ගඟඉහළ කෝරලේ,උලපනේ උතුර,HR3,HR3,NBRI/KND/GIK/2025/IBE/007,NBRI/KND/GIK/2025/IBE/007,NBRI/KND/GIK/2025/IBE/007,,,,,,,,,,,,,,79.0,,12.0,,91,,Kandy,80.551846,7.102903
80.57323,7.328832,Kandy,හාරිස්පත්තුව,විගුහුම්පොල,HR3,HR3,NBRI/KND/HRS/2025/IBE/010,NBRI/KND/HRS/2025/IBE/010,NBRI/KND/HRS/2025/IBE/010,,,,,,,,,,,,,,10.0,,7.0,,17,,Kandy,80.57323,7.328832
80.569755,7.33242,Kandy,හාරිස්පත්තුව,විගුහුම්පල,HR3,HR3,NBRI/KND/HRS/2025/IBE/011,NBRI/KND/HRS/2025/IBE/011,NBRI/KND/HRS/2025/IBE/011,,,,,,,,,,,,,,4.0,,10.0,,14,,Kandy,80.569755,7.33242
80.706492,7.357742,Kandy,පන්විල,පිටවල 727,HR3,HR3,NBRI/KND/PAN/2025/IBE/006,NBRI/KND/PAN/2025/IBE/006,NBRI/KND/PAN/2025/IBE/006,,,,,,,,,,,,,,5.0,,,,5,,Kandy,80.706492,7.357742
80.68081,7.385696,Kandy,පාතදුම්බර,යටවර කන්දේගම 621,HR3,HR3,NBRI/KND/PDM/2025/IBE/015,NBRI/KND/PDM/2025/IBE/015,NBRI/KND/PDM/2025/IBE/015,,,,,,,,,,,,,,31.0,,11.0,,42,,Kandy,80.68081,7.385696
80.849164,7.253726,Kandy,උඩුදුම්බර,දේවිත්තේගම,HR3,HR3,NBRI/KND/UDD/2025/IBE/037,NBRI/KND/UDD/2025/IBE/037,NBRI/KND/UDD/2025/IBE/037,,,,,,,,,,,,,,6.0,,,,6,,Kandy,80.849164,7.253726
80.579133,7.250108,Kandy,උඩුනුවර,හේන්දෙණිය බටහිර,HR3,HR3,NBRI/KND/UDN/2025/GSL2/03,NBRI/KND/UDN/2025/GSL2/03,NBRI/KND/UDN/2025/GSL2/03,,,,,,,,,,,,,,1.0,,,,1,,Kandy,80.579133,7.250108
80.62479,7.136737,Kandy,උඩපළාත,උඩගම 1171,HR3,HR3,NBRI / KND / UDP / 2025 / IGSL / 0026,NBRI / KND / UDP / 2025 / IGSL / 0026,NBRI / KND / UDP / 2025 / IGSL / 0026,,,,,,,,,,,,,,1.0,,,,1,,Kandy,80.62479,7.136737
80.621487,7.134767,Kandy,උඩපළාත,උඩගම 1171 හා මිල්ලගස්පිටිය 1172,HR3,HR3,NBRI / KND / UDP / 2025 / IGSL / 0030,NBRI / KND / UDP / 2025 / IGSL / 0030,NBRI / KND / UDP / 2025 / IGSL / 0030,,,,,,,,,,,,,,1.0,,,,1,,Kandy,80.621487,7.134767
80.727366,7.202947,Kandy,පාතහේවාහැට,ඕලුවාවත්ත,HR3,HR3,NBRI/KND/PHT/2025/JSB/05,NBRI/KND/PHT/2025/JSB/05,NBRI/KND/PHT/2025/JSB/05,,,,,,,,,,,,,,3.0,,1.0,,4,,Kandy,80.727366,7.202947
80.54142,7.295731,Kandy,යටිනුවර,වතුරකුඹුර,HR3,HR3,NBRI/KND/YTI/2025/JSB/07,NBRI/KND/YTI/2025/JSB/07,NBRI/KND/YTI/2025/JSB/07,,,,,,,,,,,,,,11.0,,,,11,,Kandy,80.54142,7.295731
80.537179,7.299693,Kandy,යටිනුවර,වතුර කුඹුර,HR3,HR3,NBRI/KND/YTI/2025/JSB/009,NBRI/KND/YTI/2025/JSB/009,NBRI/KND/YTI/2025/JSB/009,,,,,,,,,,,,,,11.0,,2.0,,13,,Kandy,80.537179,7.299693
80.536429,7.300569,Kandy,යටිනුවර,වතුර කුඹුර,HR3,HR3,NBRI/KND/YTI/2025/JSB/010,NBRI/KND/YTI/2025/JSB/010,NBRI/KND/YTI/2025/JSB/010,,,,,,,,,,,,,,3.0,,,,3,,Kandy,80.536429,7.300569
80.525283,7.301551,Kandy,යටිනුවර,පල්ලේමඩිත්ත,HR3,HR3,NBRI/KND/YTI/2025/JSB/012,NBRI/KND/YTI/2025/JSB/012,NBRI/KND/YTI/2025/JSB/012,,,,,,,,,,,,,,25.0,,36.0,,61,,Kandy,80.525283,7.301551
80.528619,7.302444,Kandy,යටිනුවර,පල්ලේමඩිත්ත,HR3,HR3,NBRI/KND/YTI/2025/JSB/014,NBRI/KND/YTI/2025/JSB/014,NBRI/KND/YTI/2025/JSB/014,,,,,,,,,,,,,,2.0,,4.0,,6,,Kandy,80.528619,7.302444
80.570551,7.014358,Kandy,පස්බාගෙ කෝරලේ,කඩියන්ලෙන 1081,HR3,HR3,NBRI/KND/PAS/2025/UIJ/072,NBRI/KND/PAS/2025/UIJ/072,NBRI/KND/PAS/2025/UIJ/072,,,,,,,,,,,,,,5.0,,142.0,,147,,Kandy,80.570551,7.014358
80.575609,7.395761,Kandy,පුජාපිටිය,ගොඩහේන -521,HR3,HR3,NBRI/KND/PJP/2025/UIJ/60,NBRI/KND/PJP/2025/UIJ/60,NBRI/KND/PJP/2025/UIJ/60,,,,,,,,,,,,,,1.0,,,,1,,Kandy,80.575609,7.395761
80.556051,7.433874,Kandy,පුජාපිටිය,පහල කිතුල්ගොල්ල - 540,HR3,HR3,NBRI/KND/PJP/2025/UIJ/68,NBRI/KND/PJP/2025/UIJ/68,NBRI/KND/PJP/2025/UIJ/68,,,,,,,,,,,,,,7.0,,,,7,,Kandy,80.556051,7.433874
80.532801,7.3414,Kandy,තුම්පනේ,උඩහේන්පොල,HR3,HR3,NBRI/KND/TUM/2025/UIJ/014,NBRI/KND/TUM/2025/UIJ/014,NBRI/KND/TUM/2025/UIJ/014,,,,,,,,,,,,,,3.0,,,,3,,Kandy,80.532801,7.3414
80.501936,7.106043,Kandy,ගඟඉහළ කෝරලේ,උඩුවෑල්ල 1052,HR3,HR3,NBRI/KND/GIK/2025/UIJ/036,NBRI/KND/GIK/2025/UIJ/036,NBRI/KND/GIK/2025/UIJ/036,,,,,,,,,,,,,,18.0,,4.0,,22,,Kandy,80.501936,7.106043
80.567202,7.429228,Kandy,පුජාපිටිය,උඩකිතුල්ගොල්ල -539,HR3,HR3,NBRI/KND/PJP/2025/UIJ/070,NBRI/KND/PJP/2025/UIJ/070,NBRI/KND/PJP/2025/UIJ/070,,,,,,,,,,,,,,2.0,,3.0,,5,,Kandy,80.567202,7.429228
80.556064,7.092371,Kandy,ගඟඉහළ කෝරලේ,පල්ලේගම - 1104,HR3,HR3,NBRI/KND/GIK/2025/UIJ/74,NBRI/KND/GIK/2025/UIJ/74,NBRI/KND/GIK/2025/UIJ/74,,,,,,,,,,,,,,4.0,,12.0,,16,,Kandy,80.556064,7.092371
80.603222,7.126523,Kandy,උඩපළාත,පල්ලේගම,HR3,HR3,NBRI/KND/UDP/2025/HMTL/035,NBRI/KND/UDP/2025/HMTL/035,NBRI/KND/UDP/2025/HMTL/035,,,,,,,,,,,,,,13.0,,,,13,,Kandy,80.603222,7.126523
80.487024,7.394324,Kandy,තුම්පනේ,කොබ්බෑගල,HR3,HR3,NBRI/KND/TUM/2025/HMTL/039,NBRI/KND/TUM/2025/HMTL/039,NBRI/KND/TUM/2025/HMTL/039,,,,,,,,,,,,,,2.0,,,,2,,Kandy,80.487024,7.394324
80.490441,7.3954,Kandy,තුම්පනේ,කොබ්බෑගල,HR3,HR3,NBRI/KND/TUM/2025/HMTL/044,NBRI/KND/TUM/2025/HMTL/044,NBRI/KND/TUM/2025/HMTL/044,,,,,,,,,,,,,,2.0,,1.0,,3,,Kandy,80.490441,7.3954
80.848181,7.246519,Kandy,උඩදුම්බර,බබරබැද්ද බටහිර,HR3,HR3,NRBI-KND-UDD-2025-AW-022,NRBI-KND-UDD-2025-AW-022,NRBI-KND-UDD-2025-AW-022,,,,,,,,,,,,,,5.0,,2.0,,7,,Kandy,80.848181,7.246519
80.845722,7.248327,Kandy,උඩදුම්බර,බබරබැද්ද බටහිර,HR3,HR3,NRBI-KND-UDD-2025-AW-024,NRBI-KND-UDD-2025-AW-024,NRBI-KND-UDD-2025-AW-024,,,,,,,,,,,,,,3.0,,2.0,,5,,Kandy,80.845722,7.248327
80.849413,7.264172,Kandy,උඩදුම්බර,දෙවින්නේගම (838),HR3,HR3,NRBI-KND-UDD-2025-AW-031,NRBI-KND-UDD-2025-AW-031,NRBI-KND-UDD-2025-AW-031,,,,,,,,,,,,,,3.0,,5.0,2.0,10,,Kandy,80.849413,7.264172
80.849778,7.345193,Kandy,උඩදුම්බර,කොබෝනිල්ල,HR3,HR3,NBRI/KND/UDD/2025/AW/034,NBRI/KND/UDD/2025/AW/034,NBRI/KND/UDD/2025/AW/034,,,,,,,,,,,,,,5.0,,4.0,,9,,Kandy,80.849778,7.345193
80.848636,7.344863,Kandy,උඩදුම්බර,කොබෝනිල්ල,HR3,HR3,NBRI/KND/UDD/2025/AW/035,NBRI/KND/UDD/2025/AW/035,NBRI/KND/UDD/2025/AW/035,,,,,,,,,,,,,,2.0,,4.0,,6,,Kandy,80.848636,7.344863
80.844705,7.362872,Kandy,උඩදුම්බර,කොබෝනිල්ල,HR3,HR3,NBRI/KND/UDD/2025/AW/037,NBRI/KND/UDD/2025/AW/037,NBRI/KND/UDD/2025/AW/037,,,,,,,,,,,,,,2.0,,2.0,,4,,Kandy,80.844705,7.362872
80.904078,7.266488,Kandy,උඩදුම්බර,හපුකන්ද-බටහිර (864),HR3,HR3,NRBI-KND-UDD-2025-AW-042,NRBI-KND-UDD-2025-AW-042,NRBI-KND-UDD-2025-AW-042,,,,,,,,,,,,,,2.0,,3.0,6.0,11,,Kandy,80.904078,7.266488
80.899604,7.256835,Kandy,උඩදුම්බර,හපුකන්ද-බටහිර (864),HR3,HR3,NRBI-KND-UDD-2025-AW-043,NRBI-KND-UDD-2025-AW-043,NRBI-KND-UDD-2025-AW-043,,,,,,,,,,,,,,3.0,,9.0,5.0,17,,Kandy,80.899604,7.256835
80.514101,7.146233,Kandy,ගඟඉහළ කෝරලේ,කොහොවල,HR3,HR3,,,,,,,,,,,,,,,,,1.0,,,,1,,Kandy,80.514101,7.146233
80.513916,7.14618,Kandy,ගඟඉහළ කෝරලේ,කොහොවල,HR3,HR3,,,,,,,,,,,,,,,,,1.0,,,,1,,Kandy,80.513916,7.14618
80.51437,7.146479,Kandy,ගඟඉහළ කෝරලේ,කොහොවල,HR3,HR3,,,,,,,,,,,,,,,,,1.0,,,,1,,Kandy,80.51437,7.146479
80.514654,7.14692,Kandy,ගඟඉහළ කෝරලේ,කොහොවල,HR3,HR3,,,,,,,,,,,,,,,,,1.0,,,,1,,Kandy,80.514654,7.14692
80.514972,7.146936,Kandy,ගඟඉහළ කෝරලේ,කොහොවල,HR3,HR3,,,,,,,,,,,,,,,,,1.0,,,,1,,Kandy,80.514972,7.146936
80.564269,7.271432,Kandy,යටිනුවර,,HR3,HR3,NBRI/KND/YTI/2025/IBE/013,NBRI/KND/YTI/2025/IBE/013,NBRI/KND/YTI/2025/IBE/013,,,,,,,,,,,,,,6.0,,,,6,,Kandy,80.564269,7.271432
80.633091,7.284571,Kandy,ගඟවට කෝරළේ,හන්තාන,HR3,HR3,NBRI/KND/GWK/2025/JSB/024,NBRI/KND/GWK/2025/JSB/024,NBRI/KND/GWK/2025/JSB/024,,,,,,,,,,,,,,3.0,,,,3,,Kandy,80.633091,7.284571
80.605543,7.226109,Kandy,ගඟවට කෝරළේ,මහකන්ද,HR3,HR3,NBRI/KND/GWK/2025/JSB/031,NBRI/KND/GWK/2025/JSB/031,NBRI/KND/GWK/2025/JSB/031,,,,,,,,,,,,,,7.0,,3.0,,10,,Kandy,80.605543,7.226109
80.476347,7.095592,Kandy,ගඟඉහළ කෝරලේ,අළුගොල්ල,HR3,HR3,NBRI/KND/GIK/2025/UIJ/081,NBRI/KND/GIK/2025/UIJ/081,NBRI/KND/GIK/2025/UIJ/081,,,,,,,,,,,,,,15.0,,17.0,,32,,Kandy,80.476347,7.095592
80.598911,7.374967,Kandy,අකුරණ,කහවත්ත,HR3,HR3,NBRI / KND /AKU/ 2025 /IGSL2  / 044,NBRI / KND /AKU/ 2025 /IGSL2  / 044,NBRI / KND /AKU/ 2025 /IGSL2  / 044,,,,,,,,,,,,,,1.0,,,,1,,Kandy,80.598911,7.374967
80.610204,7.377021,Kandy,අකුරණ,මේල්චේන - 568,HR3,HR3,NBRI / KND /AKU/ 2025 /IGSL2  / 045,NBRI / KND /AKU/ 2025 /IGSL2  / 045,NBRI / KND /AKU/ 2025 /IGSL2  / 045,,,,,,,,,,,,,,1.0,,,,1,,Kandy,80.610204,7.377021
80.598911,7.374562,Kandy,අකුරණ,කිරලගම,HR3,HR3,NBRI / KND /AKU/ 2025 /IGSL2  / 046,NBRI / KND /AKU/ 2025 /IGSL2  / 046,NBRI / KND /AKU/ 2025 /IGSL2  / 046,,,,,,,,,,,,,,1.0,,,,1,,Kandy,80.598911,7.374562
80.510099,7.382286,Kandy,තුම්පනේ,"පෙතිගේවෙල, 310",HR3,HR3,NBRI/KND/TUM/2025/SUJ/001,NBRI/KND/TUM/2025/SUJ/001,NBRI/KND/TUM/2025/SUJ/001,,,,,,,,,,,,,,5.0,,6.0,,11,,Kandy,80.510099,7.382286
80.548999,7.149892,Kandy,ගඟඉහළ කෝරලේ,වල්හාගොඩ,HR3,HR3,NBRI/KND/GIK/2025/SUJ/003,NBRI/KND/GIK/2025/SUJ/003,NBRI/KND/GIK/2025/SUJ/003,,,,,,,,,,,,,,5.0,,,,5,,Kandy,80.548999,7.149892
80.882138,7.337182,Kandy,උඩදුම්බර,තලගුනේ,HR3,HR3,NBRI/KND/UDD/2025/SUJ/002,NBRI/KND/UDD/2025/SUJ/002,NBRI/KND/UDD/2025/SUJ/002,,,,,,,,,,,,,,1.0,,,,1,,Kandy,80.882138,7.337182
80.605933,7.291361,Kandy,හාරිස්පත්තුව,කුඹුකේගෙදර,HR3,HR3,NBRI / KND / HRS/ 2025 /IBE / 060,NBRI / KND / HRS/ 2025 /IBE / 060,NBRI / KND / HRS/ 2025 /IBE / 060,,,,,,,,,,,,,,5.0,,,,5,,Kandy,80.605933,7.291361
80.796038,7.406327,Kandy,පන්විල,තවලත්තැන්න - 737,HR3,HR3,NBRI / KND / PAN / HML/028,NBRI / KND / PAN / HML/028,NBRI / KND / PAN / HML/028,,,,,,,,,,,,,,1.0,,,,1,,Kandy,80.796038,7.406327
80.768227,7.384393,Kandy,පන්විල,ගෝමරය - 729,HR3,HR3,NBRI / KND / PAN / 2025/HML/023,NBRI / KND / PAN / 2025/HML/023,NBRI / KND / PAN / 2025/HML/023,,,,,,,,,,,,,,1.0,,,,1,,Kandy,80.768227,7.384393
80.49118,7.098327,Kandy,ගඟඉහළ කෝරලේ,අළුගොල්ල - 1051,HR3,HR3,NBRI/KND/GIK/2025/UIJ/79,NBRI/KND/GIK/2025/UIJ/79,NBRI/KND/GIK/2025/UIJ/79,,,,,,,,,,,,,,4.0,,4.0,,8,,Kandy,80.49118,7.098327
80.67923,7.353923,Kandy,පාතදුම්බර,වත්තේගම,HR3,HR3,NBRI/KND/PDM/2025/AW/005,NBRI/KND/PDM/2025/AW/005,NBRI/KND/PDM/2025/AW/005,,,,,,,,,,,,,,2.0,,,,2,,Kandy,80.67923,7.353923
80.631605,7.369132,Kandy,අකුරණ,"උග්ගල, 593",HR3,HR3,NBRI/KND/AKU/2025/UIJ/95,NBRI/KND/AKU/2025/UIJ/95,NBRI/KND/AKU/2025/UIJ/95,,,,,,,,,,,,,,2.0,,5.0,,7,,Kandy,80.631605,7.369132
80.531614,7.060478,Kandy,පස්බාගේ කෝරළේ,"නාවලපිටිය දකුණ, 1086",HR3,HR3,NBRI/KND/PAS/2025/UIJ/100,NBRI/KND/PAS/2025/UIJ/100,NBRI/KND/PAS/2025/UIJ/100,,,,,,,,,,,,,,2.0,,1.0,,3,,Kandy,80.531614,7.060478
80.743877,7.179324,Kandy,දෙල්තොට,කොළඹිස්ස නැඟෙනහිර,HR3,HR3,NBRI/KND/DEL/2025/JSB/159,NBRI/KND/DEL/2025/JSB/159,NBRI/KND/DEL/2025/JSB/159,,,,,,,,,,,,,,2.0,,2.0,,4,,Kandy,80.743877,7.179324
80.697774,7.236483,Kandy,පාතහේවාහැට,බුටාවත්ත (දකුණ),HR3,HR3,NBRI/KND/PHT/2025/JSB/194,NBRI/KND/PHT/2025/JSB/194,NBRI/KND/PHT/2025/JSB/194,,,,,,,,,,,,,,1.0,,,,1,,Kandy,80.697774,7.236483
80.697266,7.236715,Kandy,පාතහේවාහැට,බුටාවත්ත (දකුණ),HR3,HR3,NBRI/KND/PHT/2025/JSB/195,NBRI/KND/PHT/2025/JSB/195,NBRI/KND/PHT/2025/JSB/195,,,,,,,,,,,,,,1.0,,,,1,,Kandy,80.697266,7.236715
80.760769,7.220143,Kandy,පාතහේවාහැට,උඩමයිලපිටිය දකුණ,HR3,HR3,NBRI/KND/PHT/2025/JSB/208,NBRI/KND/PHT/2025/JSB/208,NBRI/KND/PHT/2025/JSB/208,,,,,,,,,,,,,,1.0,,,,1,,Kandy,80.760769,7.220143
80.812914,7.249988,Kandy,මැදදුම්බර,"පුවක්ගහදිවෙල ,817",HR3,HR3,NBRI / KND /MDB /2025/ SUJ/ 008,NBRI / KND /MDB /2025/ SUJ/ 008,NBRI / KND /MDB /2025/ SUJ/ 008,,,,,,,,,,,,,,1.0,,,,1,,Kandy,80.812914,7.249988
80.511951,7.131126,Kandy,ගඟ ඉහළ කෝරළේ,කරගල,HR3,HR3,NBRI/KND/GIK/2025/AW/047,NBRI/KND/GIK/2025/AW/047,NBRI/KND/GIK/2025/AW/047,,,,,,,,,,,,,,5.0,,12.0,3.0,20,,Kandy,80.511951,7.131126
80.514563,7.134195,Kandy,ගඟ ඉහළ කෝරළේ,කරගල,HR3,HR3,NBRI/KND/GIK/2025/AW/048,NBRI/KND/GIK/2025/AW/048,NBRI/KND/GIK/2025/AW/048,,,,,,,,,,,,,,4.0,,,,4,,Kandy,80.514563,7.134195
80.877674,7.322684,Kandy,උඩදුම්බර,කිරිගන්කුඹුර,HR3,HR3,NBRI/KND/UDD/2025/AW/049,NBRI/KND/UDD/2025/AW/049,NBRI/KND/UDD/2025/AW/049,,,,,,,,,,,,,,2.0,,,,2,,Kandy,80.877674,7.322684
80.878453,7.323345,Kandy,උඩදුම්බර,කිරිගන්කුඹුර,HR3,HR3,NBRI/KND/UDD/2025/AW/050,NBRI/KND/UDD/2025/AW/050,NBRI/KND/UDD/2025/AW/050,,,,,,,,,,,,,,2.0,,5.0,,7,,Kandy,80.878453,7.323345
80.878218,7.225814,Kandy,උඩදුම්බර,කිරිගන්කුඹුර,HR3,HR3,NBRI/KND/UDD/2025/AW/053,NBRI/KND/UDD/2025/AW/053,NBRI/KND/UDD/2025/AW/053,,,,,,,,,,,,,,7.0,,14.0,1.0,22,,Kandy,80.878218,7.225814
80.85708,7.355013,Kandy,උඩදුම්බර,වදවලකන්ද,HR3,HR3,NBRI/KND/UDD/2025/AW/059,NBRI/KND/UDD/2025/AW/059,NBRI/KND/UDD/2025/AW/059,,,,,,,,,,,,,,7.0,,7.0,3.0,17,,Kandy,80.85708,7.355013
80.543937,7.145292,Kandy,ගඟඉහළ කෝරලේ,ගල්පාය,HR3,HR3,,,,,,,,,,,,,,,,,1.0,,,,1,,Kandy,80.543937,7.145292
80.543397,7.144884,Kandy,ගඟඉහළ කෝරලේ,ගල්පාය,HR3,HR3,,,,,,,,,,,,,,,,,1.0,,,,1,,Kandy,80.543397,7.144884
80.670785,7.383317,Kandy,පාතදුම්බර,යටවර කන්දේගම,HR3,HR3,NBRI/KND/PDM/2025/UIJ/053,NBRI/KND/PDM/2025/UIJ/053,NBRI/KND/PDM/2025/UIJ/053,,,,,,,,,,,,,,1.0,,,,1,,Kandy,80.670785,7.383317
80.802795,7.24424,Kandy,මැදදුම්බර,තැන්නේලන්ද,HR3,HR3,NBRI/KND/ MDB /2025/SUJ/014,NBRI/KND/ MDB /2025/SUJ/014,NBRI/KND/ MDB /2025/SUJ/014,,,,,,,,,,,,,,1.0,,,,1,,Kandy,80.802795,7.24424
80.812337,7.225699,Kandy,මැදදුම්බර,තැන්නේලන්ද,HR3,HR3,NBRI/KND/ MDB /2025/SUJ/016,NBRI/KND/ MDB /2025/SUJ/016,NBRI/KND/ MDB /2025/SUJ/016,,,,,,,,,,,,,,1.0,,,,1,,Kandy,80.812337,7.225699
80.808213,7.232914,Kandy,මැදදුම්බර,තැන්නේලන්ද,HR3,HR3,NBRI/KND/ MDB /2025/SUJ/020,NBRI/KND/ MDB /2025/SUJ/020,NBRI/KND/ MDB /2025/SUJ/020,,,,,,,,,,,,,,1.0,,,,1,,Kandy,80.808213,7.232914
80.551628,7.245732,Kandy,උඩුනුවර,වරකාගොඩ,HR3,HR3,NBRI/KND/UDN /2025/SUJ/008,NBRI/KND/UDN /2025/SUJ/008,NBRI/KND/UDN /2025/SUJ/008,,,,,,,,,,,,,,2.0,,2.0,,4,,Kandy,80.551628,7.245732
80.779527,7.338541,Kandy,මැදදුම්බර,ගොඩමුන්න,HR3,HR3,NBRI/KND/MDB/2025/AW/071,NBRI/KND/MDB/2025/AW/071,NBRI/KND/MDB/2025/AW/071,,,,,,,,,,,,,,3.0,,4.0,2.0,9,,Kandy,80.779527,7.338541
80.527133,7.257246,Kandy,යටිනුවර,කඩවත්ගම - 204,HR3,HR3,NBRI/KND/YTN/2025/UIJ/066,NBRI/KND/YTN/2025/UIJ/066,NBRI/KND/YTN/2025/UIJ/066,,,,,,,,,,,,,,1.0,,,,1,,Kandy,80.527133,7.257246
80.67776,7.381064,Kandy,පාතදුම්බර,"621 - යටවර, කන්දේගම",HR3,HR3,NBRI/KND/PDM/2025/UIJ/061,NBRI/KND/PDM/2025/UIJ/061,NBRI/KND/PDM/2025/UIJ/061,,,,,,,,,,,,,,3.0,,1.0,,4,,Kandy,80.67776,7.381064
80.507607,7.132102,Kandy,ගඟ ඉහළ කෝරළේ,කරගල,HR3,HR3,NBRI / KND /GIK/ 2025 /IBE / 080,NBRI / KND /GIK/ 2025 /IBE / 080,NBRI / KND /GIK/ 2025 /IBE / 080,,,,,,,,,,,,,,2.0,,,,2,,Kandy,80.507607,7.132102
80.819412,7.226843,Kandy,මැදදුම්බර,උඩගම්මැද්ද,HR3,HR3,NBRI / KND /MDB/ 2025 /IBE / 083,NBRI / KND /MDB/ 2025 /IBE / 083,NBRI / KND /MDB/ 2025 /IBE / 083,,,,,,,,,,,,,,4.0,,,,4,,Kandy,80.819412,7.226843
80.57513,7.086916,Kandy,උඩපළාත,මාවතුර (1187),HR3,HR3,NBRI / KND / UDP / 2025 / UIJ / 139,NBRI / KND / UDP / 2025 / UIJ / 139,NBRI / KND / UDP / 2025 / UIJ / 139,,,,,,,,,,,,,,1.0,,,,1,,Kandy,80.57513,7.086916
80.741246,7.180381,Kandy,දෙල්තොට,"කොළඹිස්ස, බටහිර",HR3,HR3,NBRI/KND/DEL/2025/MVN/0031,NBRI/KND/DEL/2025/MVN/0031,NBRI/KND/DEL/2025/MVN/0031,,,,,,,,,,,,,,7.0,,,,7,,Kandy,80.741246,7.180381
80.807971,7.282741,Kandy,මැදදුම්බර,දකුණු දොරලියද්ද,HR3,HR3,NBRI / KND /MDB/ 2025 /IBE / 088,NBRI / KND /MDB/ 2025 /IBE / 088,NBRI / KND /MDB/ 2025 /IBE / 088,,,,,,,,,,,,,,2.0,,,,2,,Kandy,80.807971,7.282741
80.774097,7.385003,Kandy,පන්විල,ගෝමරය - 738,HR3,HR3,NBRI/ KND / PAN / 2025 / HML / 026,NBRI/ KND / PAN / 2025 / HML / 026,NBRI/ KND / PAN / 2025 / HML / 026,,,,,,,,,,,,,,1.0,,,,1,,Kandy,80.774097,7.385003
80.671182,7.23244,Kandy,පාතහේවාහැට,"969 - හපුතලේ, උඩගම",HR3,HR3,NBRI / KND / PHT / 2025 / JSB / 172,NBRI / KND / PHT / 2025 / JSB / 172,NBRI / KND / PHT / 2025 / JSB / 172,,,,,,,,,,,,,,4.0,,6.0,,10,,Kandy,80.671182,7.23244
80.580203,7.33463,Kandy,හාරිස්පත්තුව,තිත්තපජ්ජල උතුර,HR3,HR3,NBRI/KND/HRS/2025/IBE / 061,NBRI/KND/HRS/2025/IBE / 061,NBRI/KND/HRS/2025/IBE / 061,,,,,,,,,,,,,,2.0,,,,2,,Kandy,80.580203,7.33463
80.875767,7.348755,Kandy,උඩදුම්බර,"හංවැල්ල, 882",HR3,HR3,NBRI/KND/UDD/2025/AW/090,NBRI/KND/UDD/2025/AW/090,NBRI/KND/UDD/2025/AW/090,,,,,,,,,,,,,,10.0,,,,10,,Kandy,80.875767,7.348755
80.722474,7.179721,Kandy,දෙල්තොට,වනහපුව,HR3,HR3,NBRI/KND/DEL /2025 /JSB /223,NBRI/KND/DEL /2025 /JSB /223,NBRI/KND/DEL /2025 /JSB /223,,,,,,,,,,,,,,1.0,,,,1,,Kandy,80.722474,7.179721
80.447958,7.093464,Kandy,ගග ඉහල කෝරලේ,කෙලිගෘෘප් 1049,HR3,HR3,NBRI / KND / GIK / 2025 / UIJ /147,NBRI / KND / GIK / 2025 / UIJ /147,NBRI / KND / GIK / 2025 / UIJ /147,,,,,,,,,,,,,,1.0,,,,1,,Kandy,80.447958,7.093464
80.555657,7.409716,Kandy,පූජාපිටිය,මොරන්කන්ද-505,HR3,HR3,NBRI / KND / PJP / 2025 / UIJ /158,NBRI / KND / PJP / 2025 / UIJ /158,NBRI / KND / PJP / 2025 / UIJ /158,,,,,,,,,,,,,,1.0,,,,1,,Kandy,80.555657,7.409716
80.694966,7.173137,Kandy,දෙල්තොට,979 - සුදුවැල්ල,HR3,HR3,NBRI/KND/DEL/2025/JSB/234,NBRI/KND/DEL/2025/JSB/234,NBRI/KND/DEL/2025/JSB/234,,,,,,,,,,,,,,1.0,,,,1,,Kandy,80.694966,7.173137
80.687362,7.183124,Kandy,දෙල්තොට,979 - සුදුවැල්ල,HR3,HR3,NBRI/KND/DEL/2025/JSB/237,NBRI/KND/DEL/2025/JSB/237,NBRI/KND/DEL/2025/JSB/237,,,,,,,,,,,,,,1.0,,,,1,,Kandy,80.687362,7.183124
80.676604,7.186804,Kandy,දෙල්තොට,උඩදෙල්තොට,HR3,HR3,NBRI/KND/DEL/2025/JSB/239,NBRI/KND/DEL/2025/JSB/239,NBRI/KND/DEL/2025/JSB/239,,,,,,,,,,,,,,1.0,,,,1,,Kandy,80.676604,7.186804
80.675721,7.197403,Kandy,දෙල්තොට,උඩදෙල්තොට,HR3,HR3,NBRI/KND/DEL/2025/JSB/244,NBRI/KND/DEL/2025/JSB/244,NBRI/KND/DEL/2025/JSB/244,,,,,,,,,,,,,,1.0,,,,1,,Kandy,80.675721,7.197403
80.58589,7.389478,Kandy,පූජාපිටිය,දොලපිහිල්ල - දකුණ,HR3,HR3,NBRI/KND/PJP/2025/UIJ/160,NBRI/KND/PJP/2025/UIJ/160,NBRI/KND/PJP/2025/UIJ/160,,,,,,,,,,,,,,1.0,,,,1,,Kandy,80.58589,7.389478
80.640401,7.378059,Kandy,අකුරණ,පල්ලෙදීගල,HR3,HR3,NBRI/KND/AKU/2025/SUJ/017,NBRI/KND/AKU/2025/SUJ/017,NBRI/KND/AKU/2025/SUJ/017,,,,,,,,,,,,,,2.0,,,,2,,Kandy,80.640401,7.378059
80.775757,7.353406,Kandy,මැදදුම්බර,"753,රන්දිවෙල",HR3,HR3,NBRI / KND /MDB/ 2025 /IBE / 090,NBRI / KND /MDB/ 2025 /IBE / 090,NBRI / KND /MDB/ 2025 /IBE / 090,,,,,,,,,,,,,,9.0,,,,9,,Kandy,80.775757,7.353406
80.770071,7.350185,Kandy,මැදදුම්බර,"753,රන්දිවෙල",HR3,HR3,NBRI / KND /MDB/ 2025 /IBE / 092,NBRI / KND /MDB/ 2025 /IBE / 092,NBRI / KND /MDB/ 2025 /IBE / 092,,,,,,,,,,,,,,8.0,,2.0,,10,,Kandy,80.770071,7.350185
80.848618,7.380468,Kandy,උඩදුම්බර,වදවලකන්ද,HR3,HR3,NBRI/KND/UDD/2025/AW/060,NBRI/KND/UDD/2025/AW/060,NBRI/KND/UDD/2025/AW/060,,,,,,,,,,,,,,3.0,,2.0,,5,,Kandy,80.848618,7.380468
80.497008,7.311822,Kandy,හතරලියද්ද,පට්ටපොළ ඉහල,HR3,HR3,NBRI/KND/HAT/2025/SUJ/042,NBRI/KND/HAT/2025/SUJ/042,NBRI/KND/HAT/2025/SUJ/042,,,,,,,,,,,,,,1.0,,,,1,,Kandy,80.497008,7.311822
80.809728,7.224723,Kandy,මැදදුම්බර,තැන්නේලන්ද,HR3,HR3,NBRI/KND/ MDB /2025/SUJ/017,NBRI/KND/ MDB /2025/SUJ/017,NBRI/KND/ MDB /2025/SUJ/017,,,,,,,,,,,,,,1.0,,,,1,,Kandy,80.809728,7.224723
80.54087,7.350488,Kandy,තුම්පනේ,කන්දේකුඹුර,HR3,HR3,NBRI/KND/TUM/2025/SUJ/016,NBRI/KND/TUM/2025/SUJ/016,NBRI/KND/TUM/2025/SUJ/016,,,,,,,,,,,,,,3.0,,3.0,,6,,Kandy,80.54087,7.350488
80.543344,7.351803,Kandy,තුම්පනේ,කන්දේකුඹුර,HR3,HR3,NBRI/KND/TUM/2025/SUJ/017,NBRI/KND/TUM/2025/SUJ/017,NBRI/KND/TUM/2025/SUJ/017,,,,,,,,,,,,,,3.0,,1.0,2.0,6,,Kandy,80.543344,7.351803
80.542697,7.35132,Kandy,තුම්පනේ,කන්දේකුඹුර,HR3,HR3,NBRI/KND/TUM/2025/SUJ/018,NBRI/KND/TUM/2025/SUJ/018,NBRI/KND/TUM/2025/SUJ/018,,,,,,,,,,,,,,4.0,,,,4,,Kandy,80.542697,7.35132
80.630687,7.104286,Kandy,උඩපලාත,පුස්සැල්ලාගම,HR3,HR3,NBRI/KND/UDP/2025/SUJ/04,NBRI/KND/UDP/2025/SUJ/04,NBRI/KND/UDP/2025/SUJ/04,,,,,,,,,,,,,,13.0,,15.0,,28,,Kandy,80.630687,7.104286
80.613498,7.157517,Kandy,දොළුව,ගොණටුවෙල -1145,HR3,HR3,NBRI / KND /DOL/2025 /IGSL / 065,NBRI / KND /DOL/2025 /IGSL / 065,NBRI / KND /DOL/2025 /IGSL / 065,,,,,,,,,,,,,,1.0,,,,1,,Kandy,80.613498,7.157517
80.573537,7.33189,Kandy,හාරිස්පත්තුව,469-විහුහුම්පොල,HR3,HR3,NBRI / KND /HRS/ 2025 /IBE / 063,NBRI / KND /HRS/ 2025 /IBE / 063,NBRI / KND /HRS/ 2025 /IBE / 063,,,,,,,,,,,,,,3.0,,1.0,,4,,Kandy,80.573537,7.33189
80.561372,7.372888,Kandy,හාරිස්පත්තුව,487 -දොරණෑගම,HR3,HR3,NBRI / KND /HRS/ 2025 /IBE / 068,NBRI / KND /HRS/ 2025 /IBE / 068,NBRI / KND /HRS/ 2025 /IBE / 068,,,,,,,,,,,,,,4.0,,3.0,,7,,Kandy,80.561372,7.372888
80.597015,7.348365,Kandy,හාරිස්පත්තුව,අත්තරගම දකුණ,HR3,HR3,NBRI / KND /HRS/ 2025 /IBE / 069,NBRI / KND /HRS/ 2025 /IBE / 069,NBRI / KND /HRS/ 2025 /IBE / 069,,,,,,,,,,,,,,4.0,,,,4,,Kandy,80.597015,7.348365
80.487768,7.314857,Kandy,හතරලියද්ද,පට්ටපොල ඉහල,HR3,HR3,NBRI / KND /HRS/2025 /SUJ/ 053,NBRI / KND /HRS/2025 /SUJ/ 053,NBRI / KND /HRS/2025 /SUJ/ 053,,,,,,,,,,,,,,1.0,,,,1,,Kandy,80.487768,7.314857
80.555712,7.131292,Kandy,ගග ඉහල කෝරලේ,තැඹිලිගල,HR3,HR3,NBRI/KND/GIK//2025/UIJ/170,NBRI/KND/GIK//2025/UIJ/170,NBRI/KND/GIK//2025/UIJ/170,,,,,,,,,,,,,,4.0,,,,4,,Kandy,80.555712,7.131292
80.557167,7.135463,Kandy,ගග ඉහල කෝරලේ,තැඹිලිගල,HR3,HR3,NBRI/KND/GIK//2025/UIJ/172,NBRI/KND/GIK//2025/UIJ/172,NBRI/KND/GIK//2025/UIJ/172,,,,,,,,,,,,,,8.0,,20.0,,28,,Kandy,80.557167,7.135463
80.910731,7.248685,Kandy,උඩදුම්බර,දේවහන්දිය බටහිර,HR3,HR3,NBRI/KND/UDD/2025/AW/118,NBRI/KND/UDD/2025/AW/118,NBRI/KND/UDD/2025/AW/118,,,,,,,,,,,,,,1.0,,,,1,,Kandy,80.910731,7.248685
80.877448,7.249113,Kandy,උඩදුම්බර,බබරබැද්ද නැගෙනහිර,HR3,HR3,NBRI/KND/UDD/2025/AW/109,NBRI/KND/UDD/2025/AW/109,NBRI/KND/UDD/2025/AW/109,,,,,,,,,,,,,,3.0,,,,3,,Kandy,80.877448,7.249113
80.694406,7.334946,Kandy,කුණ්ඩසාලේ,"පල්ලේගම, 670",HR3,HR3,NBRI/KND/KUN/2025/AW/096,NBRI/KND/KUN/2025/AW/096,NBRI/KND/KUN/2025/AW/096,,,,,,,,,,,,,,3.0,,1.0,,4,,Kandy,80.694406,7.334946
80.876032,7.313595,Kandy,උඩදුම්බර,"හාලිඇල, 845",HR3,HR3,NBRI/KND/UDD/2025/AW/070,NBRI/KND/UDD/2025/AW/070,NBRI/KND/UDD/2025/AW/070,,,,,,,,,,,,,,1.0,,,1.0,2,,Kandy,80.876032,7.313595
80.857241,7.28704,Kandy,උඩදුම්බර,"නුගේතැන්න නැගෙනහිර, 842",HR3,HR3,NBRI/KND/UDD/2025/AW/150,NBRI/KND/UDD/2025/AW/150,NBRI/KND/UDD/2025/AW/150,,,,,,,,,,,,,,1.0,,,,1,,Kandy,80.857241,7.28704
80.895964,7.3943,Kandy,උඩදුම්බර,උඩඉළුක,HR3,HR3,NBRI/KND/UDD/2025/AW/154,NBRI/KND/UDD/2025/AW/154,NBRI/KND/UDD/2025/AW/154,,,,,,,,,,,,,,1.0,,,,1,,Kandy,80.895964,7.3943
80.890308,7.394467,Kandy,උඩදුම්බර,උඩඉළුක,HR3,HR3,NBRI/KND/UDD/2025/AW/161,NBRI/KND/UDD/2025/AW/161,NBRI/KND/UDD/2025/AW/161,,,,,,,,,,,,,,1.0,,,,1,,Kandy,80.890308,7.394467
80.896862,7.399515,Kandy,උඩදුම්බර,උඩඉළුක,HR3,HR3,NBRI/KND/UDD/2025/AW/163,NBRI/KND/UDD/2025/AW/163,NBRI/KND/UDD/2025/AW/163,,,,,,,,,,,,,,1.0,,,,1,,Kandy,80.896862,7.399515
80.56979,7.092736,Kandy,උඩපලාත,වැලිගග,HR3,HR3,NBRI/KND/UDP/2025/IGSL/11-D,NBRI/KND/UDP/2025/IGSL/11-D,NBRI/KND/UDP/2025/IGSL/11-D,,,,,,,,,,,,,,1.0,,,,1,,Kandy,80.56979,7.092736
80.571503,7.093386,Kandy,උඩපලාත,වැලිගග,HR3,HR3,NBRI/KND/UDP/2025/IGSL/11-F,NBRI/KND/UDP/2025/IGSL/11-F,NBRI/KND/UDP/2025/IGSL/11-F,,,,,,,,,,,,,,1.0,,,,1,,Kandy,80.571503,7.093386
80.570066,7.094796,Kandy,උඩපලාත,වැලිගග,HR3,HR3,NBRI/KND/UDP/2025/IGSL/11-G,NBRI/KND/UDP/2025/IGSL/11-G,NBRI/KND/UDP/2025/IGSL/11-G,,,,,,,,,,,,,,1.0,,,,1,,Kandy,80.570066,7.094796
80.615388,7.117829,Kandy,උඩපලාත,පාරදෙක,HR3,HR3,NBRI/KND/UDP/2025/SUJ/023,NBRI/KND/UDP/2025/SUJ/023,NBRI/KND/UDP/2025/SUJ/023,,,,,,,,,,,,,,1.0,,,,1,,Kandy,80.615388,7.117829
80.621726,7.11623,Kandy,උඩපලාත,වහුගපිටිය,HR3,HR3,NBRI/KND/UDP/2025/SUJ/024,NBRI/KND/UDP/2025/SUJ/024,NBRI/KND/UDP/2025/SUJ/024,,,,,,,,,,,,,,1.0,,,,1,,Kandy,80.621726,7.11623
80.631509,7.118284,Kandy,උඩපලාත,වහුගපිටිය,HR3,HR3,NBRI/KND/UDP/2025/SUJ/028,NBRI/KND/UDP/2025/SUJ/028,NBRI/KND/UDP/2025/SUJ/028,,,,,,,,,,,,,,1.0,,,,1,,Kandy,80.631509,7.118284
80.631075,7.117077,Kandy,උඩපලාත,වහුගපිටිය,HR3,HR3,NBRI/KND/UDP/2025/SUJ/029,NBRI/KND/UDP/2025/SUJ/029,NBRI/KND/UDP/2025/SUJ/029,,,,,,,,,,,,,,1.0,,,,1,,Kandy,80.631075,7.117077
80.876348,7.314044,Kandy,උඩපලාත,හාලිඇල,HR3,HR3,NBRI/KND/UDD/2025/AW/140,NBRI/KND/UDD/2025/AW/140,NBRI/KND/UDD/2025/AW/140,,,,,,,,,,,,,,1.0,,,,1,,Kandy,80.876348,7.314044
80.630477,7.394595,Kandy,අකුරණ,මල්ගම්මන්දෙණිය,HR3,HR3,BRI / KND / AKU / 2025 /SUJ/ 036,BRI / KND / AKU / 2025 /SUJ/ 036,BRI / KND / AKU / 2025 /SUJ/ 036,,,,,,,,,,,,,,1.0,,,,1,,Kandy,80.630477,7.394595
80.633173,7.135872,Kandy,උඩපළාත,ඉහලගම,HR3,HR3,NBRI/ KND /UDP/ 2025 /IGSL / 049,NBRI/ KND /UDP/ 2025 /IGSL / 049,NBRI/ KND /UDP/ 2025 /IGSL / 049,,,,,,,,,,,,,,1.0,,,,1,,Kandy,80.633173,7.135872
80.627426,7.368042,Kandy,අකුරණ,උග්ගල,HR3,HR3,NBRI/KND/AKU/2025/SUJ/03,NBRI/KND/AKU/2025/SUJ/03,NBRI/KND/AKU/2025/SUJ/03,,,,,,,,,,,,,,4.0,,6.0,,10,,Kandy,80.627426,7.368042
80.630772,7.284699,Kandy,පාතදුම්බර,මීගම්මන,HR3,HR3,NBRI/KND/PDM/2025/SUJ/07,NBRI/KND/PDM/2025/SUJ/07,NBRI/KND/PDM/2025/SUJ/07,,,,,,,,,,,,,,1.0,,,,1,,Kandy,80.630772,7.284699
80.531338,7.240379,Kandy,උඩුනුවර,අලුත්කන්ද,HR3,HR3,BRI / KND / UDN / 2025 /TPB /053,BRI / KND / UDN / 2025 /TPB /053,BRI / KND / UDN / 2025 /TPB /053,,,,,,,,,,,,,,2.0,,1.0,,3,,Kandy,80.531338,7.240379
80.571409,7.197489,Kandy,උඩනුවර,වේගිරිය - බටහිර  47,HR3,HR3,NBRI / KND /UDN/2025/ DMLP/275,NBRI / KND /UDN/2025/ DMLP/275,NBRI / KND /UDN/2025/ DMLP/275,,,,,,,,,,,,,,3.0,,2.0,,5,,Kandy,80.571409,7.197489
80.873593,7.351431,Kandy,උඩදුම්බර,හංවැල්ල,HR3,HR3,NBRI/KND/UDD/2025/AW/ 0168,NBRI/KND/UDD/2025/AW/ 0168,NBRI/KND/UDD/2025/AW/ 0168,,,,,,,,,,,,,,1.0,,,,1,,Kandy,80.873593,7.351431
80.825961,7.299139,Kandy,මැදදුම්බර,නැමදගල,HR3,HR3,NBRI/KND/MDD/2025/HMTL/0054,NBRI/KND/MDD/2025/HMTL/0054,NBRI/KND/MDD/2025/HMTL/0054,,,,,,,,,,,,,,11.0,,3.0,,14,,Kandy,80.825961,7.299139
80.539404,7.143872,Kandy,ගඟ ඉහළ කෝරලේ,ගල්පාය- 1046,HR3,HR3,NBRI / KND / GIK / 2025 / TPB / 082,NBRI / KND / GIK / 2025 / TPB / 082,NBRI / KND / GIK / 2025 / TPB / 082,,,,,,,,,,,,,,5.0,,,,5,,Kandy,80.539404,7.143872
80.538376,7.144419,Kandy,ගඟ ඉහළ කෝරලේ,ගල්පාය- 1046,HR3,HR3,NBRI / KND / GIK / 2025 / TPB / 084,NBRI / KND / GIK / 2025 / TPB / 084,NBRI / KND / GIK / 2025 / TPB / 084,,,,,,,,,,,,,,2.0,,,,2,,Kandy,80.538376,7.144419
80.538132,7.144267,Kandy,ගඟ ඉහළ කෝරලේ,ගල්පාය- 1046,HR3,HR3,NBRI / KND / GIK / 2025 / TPB / 085,NBRI / KND / GIK / 2025 / TPB / 085,NBRI / KND / GIK / 2025 / TPB / 085,,,,,,,,,,,,,,2.0,,,,2,,Kandy,80.538132,7.144267
80.68775,7.354675,Kandy,පාතදුම්බර,වත්තේගම උතුර,HR3,HR3,NBRI / KND / PDM / 2025 / JSB / 271,NBRI / KND / PDM / 2025 / JSB / 271,NBRI / KND / PDM / 2025 / JSB / 271,,,,,,,,,,,,,,2.0,,1.0,,3,,Kandy,80.68775,7.354675
80.687444,7.353649,Kandy,පාතදුම්බර,වත්තේගම උතුර,HR3,HR3,NBRI / KND / PDM / 2025 / JSB / 274,NBRI / KND / PDM / 2025 / JSB / 274,NBRI / KND / PDM / 2025 / JSB / 274,,,,,,,,,,,,,,2.0,,2.0,,4,,Kandy,80.687444,7.353649
80.680956,7.363496,Kandy,පාතදුම්බර,ඉහල යටවර,HR3,HR3,NBRI / KND / PDM / 2025 / JSB / 280,NBRI / KND / PDM / 2025 / JSB / 280,NBRI / KND / PDM / 2025 / JSB / 280,,,,,,,,,,,,,,4.0,,,,4,,Kandy,80.680956,7.363496
80.60194,7.152751,Kandy,උඩපළාත,වත්තහේන -1170,HR3,HR3,NBRI / KND /UDP/ 2025 /UIJ / 167,NBRI / KND /UDP/ 2025 /UIJ / 167,NBRI / KND /UDP/ 2025 /UIJ / 167,,,,,,,,,,,,,,1.0,,,,1,,Kandy,80.60194,7.152751
80.883838,7.319581,Kandy,උඩදුම්බර,"කිරිගන්කුඹුර, 878",HR3,HR3,NBRI/KND/UDD/2025/AW/147,NBRI/KND/UDD/2025/AW/147,NBRI/KND/UDD/2025/AW/147,,,,,,,,,,,,,,1.0,,,,1,,Kandy,80.883838,7.319581
80.857827,7.284749,Kandy,උඩදුම්බර,"නුගේතැන්න නැගෙනහිර, 842",HR3,HR3,NBRI/KND/UDD/2025/AW/148,NBRI/KND/UDD/2025/AW/148,NBRI/KND/UDD/2025/AW/148,,,,,,,,,,,,,,1.0,,,,1,,Kandy,80.857827,7.284749
80.614505,7.202115,Kandy,දොළුව,ගනේගොඩ,HR3,HR3,NBRI / KND /  DOL / 2025 /​​IBE /171,NBRI / KND /  DOL / 2025 /​​IBE /171,NBRI / KND /  DOL / 2025 /​​IBE /171,,,,,,,,,,,,,,2.0,,4.0,,6,,Kandy,80.614505,7.202115
80.612385,7.201422,Kandy,දොළුව,ගනේගොඩ,HR3,HR3,NBRI / KND /  DOL / 2025 /​​IBE /172,NBRI / KND /  DOL / 2025 /​​IBE /172,NBRI / KND /  DOL / 2025 /​​IBE /172,,,,,,,,,,,,,,4.0,,2.0,,6,,Kandy,80.612385,7.201422
80.690067,7.355726,Kandy,පාතදුම්බර,596 - ගුනැම්බිල්,HR3,HR3,NBRI / KND / PDM/ 2025 / JSB  / 266,NBRI / KND / PDM/ 2025 / JSB  / 266,NBRI / KND / PDM/ 2025 / JSB  / 266,,,,,,,,,,,,,,1.0,,,,1,,Kandy,80.690067,7.355726
80.498338,7.307698,Kandy,හතරලියද්ද,පට්ටපොල ඉහල,HR3,HR3,NBRI / KND / HAT / 2025 /SUJ/058,NBRI / KND / HAT / 2025 /SUJ/058,NBRI / KND / HAT / 2025 /SUJ/058,,,,,,,,,,,,,,1.0,,,,1,,Kandy,80.498338,7.307698
80.553122,7.195536,Kandy,උඩුනුවර,96 - අප්පල්ලාගොඩ - බටහිර,HR3,HR3,NBRI / KND /UDN / 2025 / TPB / 006,NBRI / KND /UDN / 2025 / TPB / 006,NBRI / KND /UDN / 2025 / TPB / 006,,,,,,,,,,,,,,3.0,,,,3,,Kandy,80.553122,7.195536
80.528808,7.253445,Kandy,උඩුනුවර,කුරුකුත්තල ඉහල,HR3,HR3,NBRI / KND /UDN / 2025 / TPB / 016,NBRI / KND /UDN / 2025 / TPB / 016,NBRI / KND /UDN / 2025 / TPB / 016,,,,,,,,,,,,,,2.0,,,,2,,Kandy,80.528808,7.253445
80.562536,7.177141,Kandy,උඩපලාත,රනවල,HR3,HR3,NBRI/KAN/2025/UDP/NBC/019,NBRI/KAN/2025/UDP/NBC/019,NBRI/KAN/2025/UDP/NBC/019,,,,,,,,,,,,,,1.0,,,,1,,Kandy,80.562536,7.177141
80.63807,7.204423,Kandy,දොළුව,වාරියගල,HR3,HR3,NBRI / KND /  DOL / 2025 /​​IBE /167,NBRI / KND /  DOL / 2025 /​​IBE /167,NBRI / KND /  DOL / 2025 /​​IBE /167,,,,,,,,,,,,,,2.0,,,,2,,Kandy,80.63807,7.204423
80.637975,7.487659,Matale,රත්තොට ප්රා.ලේ.කො,විහාරගම,HR3,HR3,,NBRO/LRRMD-MAT/RATTOTA/LI/26/1048,NBRO/LRRMD-MAT/RATTOTA/LI/26/1048,,House / නිවාස,2025-11-27 00:00:00,,2026-07-08 00:00:00,Cutting failure / කණ්ඩි අස්ථාවරවීම්,Resettle / නැවත පදිංචිකිරීම,,,,,,,1.0,,,,1,,Matale,80.637975,7.487659
80.559758,7.145264,Kandy,උඩපළාත ප්රා.ලේ.කො,වල්ලහගොඩ,HR3,HR3,,SUJ/002,SUJ/002,,House / නිවාස,2025-11-28 00:00:00,,2025-12-04 00:00:00,Landslide / නායයෑම්,Resettle / නැවත පදිංචිකිරීම,,,,,,,124.0,,,,124,,Kandy,80.559758,7.145264
80.606713,7.132037,Kandy,උඩපළාත ප්රා.ලේ.කො,පල්ලේගම,HR3,HR3,,SUJ/010,SUJ/010,,House / නිවාස,2025-11-28 00:00:00,,2025-12-09 00:00:00,Landslide / නායයෑම්,Resettle / නැවත පදිංචිකිරීම,Minor / සුළුහානි,,,,,,5.0,,,,5,,Kandy,80.606713,7.132037
80.746968,6.894948,Nuwara Eliya,තලවකැලේ ප්රා.ලේ.කො,ලිපකැලේ,HR3,HR3,,NBRI/NE/NED[Thalawakele]/2026/VKG/99),NBRI/NE/NED[Thalawakele]/2026/VKG/99),,House / නිවාස,2025.11.27 සහ ඊට පෙර සිටම,,2026.07.05,Other / වෙනත් (වෙනත් කරුණු යටතේ සදහන් කරන්න),Resettle / නැවත පදිංචිකිරීම,Minor or No Damages / සුළුහානි හෝ හානි නොමැති,,නායයෑමක සුන්බුන් ගලනයක් මගින් හානි සිදුවීම,,,,11.0,,,,11,,Nuwara Eliya,80.746968,6.894948
80.641481,6.960145,Nuwara Eliya,තලවකැලේ ප්රා.ලේ.කො,වටගොඩ,HR3,HR3,,NBRI/NE/NED[Thalawakele]/2026/KATD/38),NBRI/NE/NED[Thalawakele]/2026/KATD/38),,House / නිවාස,2025.11.27,,2026.07.08,Slope failures / බැවුම් අස්ථාවරවීම්,Resettle / නැවත පදිංචිකිරීම,Minor or No Damages / සුළුහානි හෝ හානි නොමැති,,,,,,3.0,,5.0,,8,,Nuwara Eliya,80.641481,6.960145
80.604083,7.55854,Matale,යටවත්ත ප්රා.ලේ.කො,දීවිල්ල උතුර,HR3,HR3,,NBRO/MTL/YATAWATTA/2025/BCA/31,NBRO/MTL/YATAWATTA/2025/BCA/31,,House / නිවාස,2025-11-28 00:00:00,,2025-12-10 00:00:00,Slope failures / බැවුම් අස්ථාවරවීම්,,,,,,,,1.0,,3.0,,4,,Matale,80.604083,7.55854
80.63367,7.133797,Kandy,උඩපළාත ප්රා.ලේ.කො,ඉහළගම,HR3,HR3,,NDI/004,NDI/004,,Road / මහාමාර්ග (RDA),2025-11-27 00:00:00,,2025-12-03 00:00:00,Cutting failure / කණ්ඩි අස්ථාවරවීම්,Resettle / නැවත පදිංචිකිරීම,,,,,,,3.0,,,,3,,Kandy,80.63367,7.133797
80.536881,6.938664,Nuwara Eliya,අඹගමුව ප්රා.ලේ.කො,වටවල,HR3,HR3,,NBRI/NE/ABD/2026/PTG/206),NBRI/NE/ABD/2026/PTG/206),,House / නිවාස,2025.11.27,,2026.01.26,Slope failures / බැවුම් අස්ථාවරවීම්,Resettle / නැවත පදිංචිකිරීම,Minor or No Damages / සුළුහානි හෝ හානි නොමැති,,,,,,1.0,,3.0,,4,,Nuwara Eliya,80.536881,6.938664
80.57428,7.08675,Kandy,උඩපළාත ප්රා.ලේ.කො,මා වතුර,HR3,HR3,,NDI/002,NDI/002,,House / නිවාස,2025-11-28 00:00:00,,2025-12-04 00:00:00,Other / වෙනත් (වෙනත් කරුණු යටතේ සදහන් කරන්න),Resettle / නැවත පදිංචිකිරීම,,,,,,,3.0,,,,3,,Kandy,80.57428,7.08675
80.5763,7.120125,Kandy,උඩපළාත ප්රා.ලේ.කො,,HR3,HR3,,NDI/005,NDI/005,,Road / මහාමාර්ග (RDA),2025-11-27 00:00:00,,2025-12-03 00:00:00,Other / වෙනත් (වෙනත් කරුණු යටතේ සදහන් කරන්න),Mitigation / අවදානම් අවම කිරීම,,,,,,,1.0,,,,1,,Kandy,80.5763,7.120125
80.662346,6.975721,Nuwara Eliya,අඹගමුව ප්රා.ලේ.කො,දගම්පිටිය,HR3,HR3,,NBRI/NE/ABD/2026/VK/20),NBRI/NE/ABD/2026/VK/20),316 එෆ්,House / නිවාස,2025.11.27,,2026.02.17,Slope failures / බැවුම් අස්ථාවරවීම්,Resettle / නැවත පදිංචිකිරීම,Minor or No Damages / සුළුහානි හෝ හානි නොමැති,,,,,,2.0,,,,2,,Nuwara Eliya,80.662346,6.975721
80.51605,6.922192,Nuwara Eliya,අඹගමුව ප්රා.ලේ.කො,විදුලිපුර උතුර,HR3,HR3,,NBRI/NE/ABD/2026/VKG/41,NBRI/NE/ABD/2026/VKG/41,315/ඩී,House / නිවාස,2025.11.27,,2026.04.20,Slope failures / බැවුම් අස්ථාවරවීම්,Resettle / නැවත පදිංචිකිරීම,Minor or No Damages / සුළුහානි හෝ හානි නොමැති,,,,,,2.0,,1.0,,3,,Nuwara Eliya,80.51605,6.922192
80.597485,7.493794,Matale,යටවත්ත ප්රා.ලේ.කො,දුල්ලැව නැගෙනහිර,HR3,HR3,,NBRO/MTL/YATAWATTA/2026/WAES/73,NBRO/MTL/YATAWATTA/2026/WAES/73,E 342 B,House / නිවාස,2025-11-27 00:00:00,23:30:00,2026-01-14 00:00:00,Other / වෙනත් (වෙනත් කරුණු යටතේ සදහන් කරන්න),,,,,,,,1.0,,,,1,,Matale,80.597485,7.493794
80.591475,7.494348,Matale,යටවත්ත ප්රා.ලේ.කො,දළුවෙල,HR3,HR3,,NBRO/MTL/YATAWATTA/2026/WAES/44,NBRO/MTL/YATAWATTA/2026/WAES/44,,House / නිවාස,,,2025-12-19 00:00:00,Landslide / නායයෑම්,,,,,,,,1.0,,,,1,,Matale,80.591475,7.494348
80.582159,7.573787,Matale,යටවත්ත ප්රා.ලේ.කො,උරුලෑවත්ත,HR3,HR3,,NBRO/MTL/YATAWATTA/2026/KA/126,NBRO/MTL/YATAWATTA/2026/KA/126,,Religiou / ආගමික ස්ථානය,2025-11-27 00:00:00,,2026-01-12 00:00:00,Slope failures / බැවුම් අස්ථාවරවීම්,,,,,,,,1.0,,8.0,,9,,Matale,80.582159,7.573787
80.779915,7.081377,Nuwara Eliya,මතුරට ප්රා.ලේ.කො,රත්යාය,HR3,HR3,,NBRI/NE/HKD[Mathurata]/2025/DMCP/13 -Rev,NBRI/NE/HKD[Mathurata]/2025/DMCP/13 -Rev,,House / නිවාස,2025-11-28 00:00:00,,2025-12-12 00:00:00,Landslide / නායයෑම්,Resettle / නැවත පදිංචිකිරීම,Minor or No Damages / සුළුහානි හෝ හානි නොමැති,,,,,,17.0,,,,17,,Nuwara Eliya,80.779915,7.081377
80.543395,6.945386,Nuwara Eliya,අඹගමුව ප්රා.ලේ.කො,වටවල,HR3,HR3,,NBRI/NE/ABD/2026/LSG/68),NBRI/NE/ABD/2026/LSG/68),320/ එෆ්,House / නිවාස,2026.08.03,,2026.08.07,Other / වෙනත් (වෙනත් කරුණු යටතේ සදහන් කරන්න),Resettle / නැවත පදිංචිකිරීම,Minor or No Damages / සුළුහානි හෝ හානි නොමැති,,සුන්බුන් ගලන මාර්ගය,,,,3.0,,13.0,,16,,Nuwara Eliya,80.543395,6.945386
80.58173,7.508525,Matale,යටවත්ත ප්රා.ලේ.කො,ඇටිපොල බටහිර,HR3,HR3,,NBRO/MTL/YATAWATTA/2026/KA/109,NBRO/MTL/YATAWATTA/2026/KA/109,E 341 A,House / නිවාස,2025-11-28 00:00:00,,2026-01-19 00:00:00,"Cutting failure / කණ්ඩි අස්ථාවරවීම්, Rock fall / ගල් පෙරලීම්",,,,,,,,1.0,,,,1,,Matale,80.58173,7.508525
80.7854,7.082881,Nuwara Eliya,මතුරට ප්රා.ලේ.කො,මාර්තුවෙල,HR3,HR3,,NBRI/NE/HKD[Mathurata]/2025/DMCP/16 - Rev,NBRI/NE/HKD[Mathurata]/2025/DMCP/16 - Rev,511 B,House / නිවාස,2025-11-27 00:00:00,,2025-12-12 00:00:00,Landslide / නායයෑම්,Resettle / නැවත පදිංචිකිරීම,Minor or No Damages / සුළුහානි හෝ හානි නොමැති,,ගල් පෙරලිම්,,,,8.0,,,,8,,Nuwara Eliya,80.7854,7.082881
80.794223,7.081034,Nuwara Eliya,මතුරට ප්රා.ලේ.කො,වැල්ලගිරිය,HR3,HR3,,NBRI/NE/HKD[Mathurata]/2025/PTG/23 - Rev,NBRI/NE/HKD[Mathurata]/2025/PTG/23 - Rev,,House / නිවාස,2025-11-27 00:00:00,8.00 am-9.00 am,2025-12-09 00:00:00,Slope failures / බැවුම් අස්ථාවරවීම්,Resettle / නැවත පදිංචිකිරීම,Minor or No Damages / සුළුහානි හෝ හානි නොමැති,,,,,,4.0,,,,4,,Nuwara Eliya,80.794223,7.081034
80.786575,7.060298,Nuwara Eliya,මතුරට ප්රා.ලේ.කො,ලබුහේන් වෙල - මැටිබැමිය,HR3,HR3,,NBRI/NE/HKD[Mathurata]/2025/PTG/24 -Rev,NBRI/NE/HKD[Mathurata]/2025/PTG/24 -Rev,,House / නිවාස,2025-11-27 00:00:00,,2025-12-10 00:00:00,Slope failures / බැවුම් අස්ථාවරවීම්,Resettle / නැවත පදිංචිකිරීම,Minor or No Damages / සුළුහානි හෝ හානි නොමැති,,ගල් පෙරලිම්,,,,2.0,,13.0,,15,,Nuwara Eliya,80.786575,7.060298
80.780325,7.056346,Nuwara Eliya,මතුරට ප්රා.ලේ.කො,ලබුහේන්වල,HR3,HR3,,NBRI/NE/HKD[Mathurata]/2025/PTG/25 -Rev,NBRI/NE/HKD[Mathurata]/2025/PTG/25 -Rev,,House / නිවාස,2025-11-27 00:00:00,,2025-12-10 00:00:00,Other / වෙනත් (වෙනත් කරුණු යටතේ සදහන් කරන්න),Resettle / නැවත පදිංචිකිරීම,Minor or No Damages / සුළුහානි හෝ හානි නොමැති,,,,,,8.0,,3.0,,11,,Nuwara Eliya,80.780325,7.056346
80.787835,7.055483,Nuwara Eliya,මතුරට ප්රා.ලේ.කො,"ලබුහේන්වල , ගුඩ්වුඩ්",HR3,HR3,,NBRI/NE/HKD[Mathurata]/2025/PTG/26 - Rev,NBRI/NE/HKD[Mathurata]/2025/PTG/26 - Rev,,House / නිවාස,2025-11-27 00:00:00,,2025-12-10 00:00:00,Other / වෙනත් (වෙනත් කරුණු යටතේ සදහන් කරන්න),Resettle / නැවත පදිංචිකිරීම,Minor or No Damages / සුළුහානි හෝ හානි නොමැති,,,,,,1.0,,9.0,,10,,Nuwara Eliya,80.787835,7.055483
80.566524,7.539115,Matale,යටවත්ත ප්රා.ලේ.කො,ඉඩංගම,HR3,HR3,,"NBRO/MTL/YATAWATTA/2026/TW,DJ/158","NBRO/MTL/YATAWATTA/2026/TW,DJ/158",E 335 A,House / නිවාස,2025-11-28 00:00:00,,2026-02-02 00:00:00,Landslide / නායයෑම්,,,,,,,,5.0,,9.0,,14,,Matale,80.566524,7.539115
80.564172,7.562332,Matale,යටවත්ත ප්රා.ලේ.කො,මාලිගාතැන්න,HR3,HR3,,"NBRO/MTL/YATAWATTA/2026/SW,SN/177","NBRO/MTL/YATAWATTA/2026/SW,SN/177",E 343D,House / නිවාස,,,2026-02-09 00:00:00,"Cutting failure / කණ්ඩි අස්ථාවරවීම්, Rock fall / ගල් පෙරලීම්",,,,,,,,2.0,,,,2,,Matale,80.564172,7.562332
80.566524,7.531149,Matale,යටවත්ත ප්රා.ලේ.කො,ඉඩංගම,HR3,HR3,,"NBRO/MTL/YATAWATTA/2026/TW,DJ/158","NBRO/MTL/YATAWATTA/2026/TW,DJ/158",E 335 A,House / නිවාස,2025-11-28 00:00:00,,2026-02-02 00:00:00,Landslide / නායයෑම්,,,,,,,,2.0,,8.0,,10,,Matale,80.566524,7.531149
80.395359,7.067956,Kegalle,යටියන්තොට ප්රා.ලේ.කො,අමනාවල,HR3,HR3,,LRR-YTP-104,LRR-YTP-104,,House / නිවාස,2025-11-27 00:00:00,,2026-01-27 00:00:00,Landslide / නායයෑම්,Resettle / නැවත පදිංචිකිරීම,Minor / සුළුහානි,,,,,,1.0,,,,1,,Kegalle,80.395359,7.067956
80.58744,7.522218,Matale,යටවත්ත ප්රා.ලේ.කො,පොල්වත්ත,HR3,HR3,,NBRO/MTL/YATAWATTA/2026/MJ/196,NBRO/MTL/YATAWATTA/2026/MJ/196,,House / නිවාස,2025-11-28 00:00:00,,2025-12-19 00:00:00,Other / වෙනත් (වෙනත් කරුණු යටතේ සදහන් කරන්න),,,,,,,,10.0,,11.0,,21,,Matale,80.58744,7.522218
80.588528,7.52559,Matale,යටවත්ත ප්රා.ලේ.කො,උණවේරුව,HR3,HR3,,NBRO/MTL/YATAWATTA/2026/MJ/195,NBRO/MTL/YATAWATTA/2026/MJ/195,,House / නිවාස,2025-11-27 00:00:00,,2025-12-19 00:00:00,Other / වෙනත් (වෙනත් කරුණු යටතේ සදහන් කරන්න),,,,,,,,6.0,,5.0,,11,,Matale,80.588528,7.52559
80.377797,7.075712,Kegalle,යටියන්තොට ප්රා.ලේ.කො,දොඹේපොල,HR3,HR3,,LRR-YTP-97,LRR-YTP-97,132,House / නිවාස,2025-11-28 00:00:00,,2025-12-30 00:00:00,Landslide / නායයෑම්,Resettle / නැවත පදිංචිකිරීම,Minor / සුළුහානි,,,,,,1.0,,,,1,,Kegalle,80.377797,7.075712
80.590794,7.502464,Matale,යටවත්ත ප්රා.ලේ.කො,දළුවෙල,HR3,HR3,,"NBRO/MTL/YATAWATTA/2026/MAKS,PW/245","NBRO/MTL/YATAWATTA/2026/MAKS,PW/245",,House / නිවාස,2025-11-27 00:00:00,,2026-02-28 00:00:00,"Slope failures / බැවුම් අස්ථාවරවීම්, Cutting failure / කණ්ඩි අස්ථාවරවීම්, Rock fall / ගල් පෙරලීම්",,,,,,,,1.0,,11.0,,12,,Matale,80.590794,7.502464
80.762382,7.057446,Nuwara Eliya,මතුරට ප්රා.ලේ.කො,කබරගල,HR3,HR3,,NBRI/NE/HKD[Mathurata]/2026/DSDD/91),NBRI/NE/HKD[Mathurata]/2026/DSDD/91),,House / නිවාස,2025.11.27,,2026.01.23,Rock fall / ගල් පෙරලීම්,Resettle / නැවත පදිංචිකිරීම,Minor or No Damages / සුළුහානි හෝ හානි නොමැති,,,,,,1.0,,3.0,,4,,Nuwara Eliya,80.762382,7.057446
80.766578,7.063734,Nuwara Eliya,මතුරට ප්රා.ලේ.කො,කබරගල,HR3,HR3,,NBRI/NE/HKD[Mathurata]/2026/DSDD/90,NBRI/NE/HKD[Mathurata]/2026/DSDD/90,,House / නිවාස,2025-11-27 00:00:00,,2026-01-23 00:00:00,Slope failures / බැවුම් අස්ථාවරවීම්,Resettle / නැවත පදිංචිකිරීම,Minor or No Damages / සුළුහානි හෝ හානි නොමැති,,,,,,6.0,,,,6,,Nuwara Eliya,80.766578,7.063734
80.59171,7.58285,Matale,යටවත්ත ප්රා.ලේ.කො,උඩගම -බටහිර,HR3,HR3,,NBRO/MTL/YATAWATTA/2026/MMUC/229,NBRO/MTL/YATAWATTA/2026/MMUC/229,,House / නිවාස,2025-11-27 00:00:00,,2026-02-15 00:00:00,"Landslide / නායයෑම්, Slope failures / බැවුම් අස්ථාවරවීම්, Cutting failure / කණ්ඩි අස්ථාවරවීම්",,,,,,,,2.0,,11.0,,13,,Matale,80.59171,7.58285
80.60278,7.547135,Matale,යටවත්ත ප්රා.ලේ.කො,ගම්මුල්ල,HR3,HR3,,NBRO/MTL/YATAWATTA/2026/KA/288,NBRO/MTL/YATAWATTA/2026/KA/288,,House / නිවාස,2025-11-27 00:00:00,,2026-04-22 00:00:00,Landslide / නායයෑම්,,,,,,,,1.0,,,,1,,Matale,80.60278,7.547135
80.601157,7.560925,Matale,යටවත්ත ප්රා.ලේ.කො,දිවිිල්ල උතුර,HR3,HR3,,NBRO/LRRMD-MAT/YATAWATTA/LI/26/0878,NBRO/LRRMD-MAT/YATAWATTA/LI/26/0878,,House / නිවාස,2025-11-27 00:00:00,,2026-05-27 00:00:00,"Slope failures / බැවුම් අස්ථාවරවීම්, Cutting failure / කණ්ඩි අස්ථාවරවීම්, Rock fall / ගල් පෙරලීම්",Resettle / නැවත පදිංචිකිරීම,,,,,,,1.0,,5.0,,6,,Matale,80.601157,7.560925
80.23666,7.171,Kegalle,වරකාපොළ ප්රා.ලේ.කො,හපුගොඩ,HR3,HR3,,LRR-WRP-124,LRR-WRP-124,,House / නිවාස,2025-11-28 00:00:00,,2026-04-25 00:00:00,Landslide / නායයෑම්,,,,,,,,1.0,,1.0,,2,,Kegalle,80.23666,7.171
80.535298,7.154437,Kandy,උඩපළාත ප්රා.ලේ.කො,අංගම්මන,HR3,HR3,,HMTL/017,HMTL/017,,House / නිවාස,2025-11-27 00:00:00,,2025-12-06 00:00:00,"Landslide / නායයෑම්, Sinkig(ගිලා බැසීම)",Mitigation / අවදානම් අවම කිරීම,,,,,,,6.0,,1.0,,7,,Kandy,80.535298,7.154437
80.591786,7.49755,Matale,යටවත්ත ප්රා.ලේ.කො,බටහිර වත්ත,HR3,HR3,,NBRO/LRRMD-MAT/YATAWATTA/LI/26/0938,NBRO/LRRMD-MAT/YATAWATTA/LI/26/0938,,House / නිවාස,2025-11-27 00:00:00,,2026-06-19 00:00:00,Landslide / නායයෑම්,Resettle / නැවත පදිංචිකිරීම,,,,,,,1.0,,,,1,,Matale,80.591786,7.49755
80.251363,7.253285,Kegalle,වරකාපොළ ප්රා.ලේ.කො,"අක්වත්ත , පැණිපොල",HR3,HR3,,LRR-WRP-125,LRR-WRP-125,,House / නිවාස,2025-11-28 00:00:00,,2026-04-22 00:00:00,Other / වෙනත් (වෙනත් කරුණු යටතේ සදහන් කරන්න),,,,,,,,1.0,,2.0,,3,,Kegalle,80.251363,7.253285
80.79708,7.094397,Nuwara Eliya,මතුරට ප්රා.ලේ.කො,උඩපදියපැලැල්ල,HR3,HR3,,NBRI/NE/HKD[Mathurata]/2026/KLKT/61),NBRI/NE/HKD[Mathurata]/2026/KLKT/61),,House / නිවාස,2025-11-27 00:00:00,,2026-01-11 00:00:00,Cutting failure / කණ්ඩි අස්ථාවරවීම්,Resettle / නැවත පදිංචිකිරීම,Minor or No Damages / සුළුහානි හෝ හානි නොමැති,,ගල් පෙරලිම්,,,,3.0,,6.0,,9,,Nuwara Eliya,80.79708,7.094397
80.234811,7.282031,Kegalle,වරකාපොළ ප්රා.ලේ.කො,ඉලිපන්ගමුව,HR3,HR3,,LRR-WRP-127,LRR-WRP-127,,House / නිවාස,2025-11-28 00:00:00,,2026-04-22 00:00:00,Landslide / නායයෑම්,,,,,,,,1.0,,5.0,,6,,Kegalle,80.234811,7.282031
80.770739,7.062858,Nuwara Eliya,මතුරට ප්රා.ලේ.කො,කැටහිර,HR3,HR3,,NBRI/NE/HKD[Mathurata]/2026/LY/49),NBRI/NE/HKD[Mathurata]/2026/LY/49),511එෆ්,House / නිවාස,2025-11-27 00:00:00,,2026-01-12 00:00:00,Landslide / නායයෑම්,Resettle / නැවත පදිංචිකිරීම,Minor or No Damages / සුළුහානි හෝ හානි නොමැති,,,,,,3.0,,4.0,,7,,Nuwara Eliya,80.770739,7.062858
80.79708,7.093806,Nuwara Eliya,මතුරට ප්රා.ලේ.කො,උඩපදියපැලැල්ල,HR3,HR3,,NBRI/NE/HKD[Mathurata]/2026/KLKT/60),NBRI/NE/HKD[Mathurata]/2026/KLKT/60),,House / නිවාස,2025-11-27 00:00:00,,2026-01-11 00:00:00,Cutting failure / කණ්ඩි අස්ථාවරවීම්,Resettle / නැවත පදිංචිකිරීම,Minor or No Damages / සුළුහානි හෝ හානි නොමැති,,ගල් පෙරලිම්,,,,3.0,,9.0,,12,,Nuwara Eliya,80.79708,7.093806
80.783404,7.076185,Nuwara Eliya,මතුරට ප්රා.ලේ.කො,මානකොළ,HR3,HR3,,NBRI/NE/HKD[Mathurata]/2026/DSDD/80),NBRI/NE/HKD[Mathurata]/2026/DSDD/80),,House / නිවාස,2025-11-27 00:00:00,,2026-01-20 00:00:00,Slope failures / බැවුම් අස්ථාවරවීම්,Resettle / නැවත පදිංචිකිරීම,Minor or No Damages / සුළුහානි හෝ හානි නොමැති,,නිම්න මාර්ගයේ බෑවුම් අස්ථාවරවීම,,,,1.0,,,,1,,Nuwara Eliya,80.783404,7.076185
80.77967,7.03478,Nuwara Eliya,මතුරට ප්රා.ලේ.කො,උඩවෙල,HR3,HR3,,NBRI/NE/HKD(Mathurata)/2026/IC/25,NBRI/NE/HKD(Mathurata)/2026/IC/25,512/ ඩී,House / නිවාස,2025.11.27,,2026.01.21,Slope failures / බැවුම් අස්ථාවරවීම්,Resettle / නැවත පදිංචිකිරීම,Minor or No Damages / සුළුහානි හෝ හානි නොමැති,,,,,,2.0,,,,2,,Nuwara Eliya,80.77967,7.03478
80.409736,7.071798,Kegalle,යටියන්තොට ප්රා.ලේ.කො,බෙරන්නාව - 131 ඩී,HR3,HR3,,LRR-YTP-146,LRR-YTP-146,,House / නිවාස,2025-11-28 00:00:00,,2026-03-06 00:00:00,Landslide / නායයෑම්,Resettle / නැවත පදිංචිකිරීම,Minor / සුළුහානි,,,,,,6.0,,13.0,,19,,Kegalle,80.409736,7.071798
80.78062,7.04258,Nuwara Eliya,මතුරට ප්රා.ලේ.කො,උඩවෙල,HR3,HR3,,NBRI/NE/HKD(Mathurata)/2026/IC/24,NBRI/NE/HKD(Mathurata)/2026/IC/24,512/ ඩී,House / නිවාස,2025.11.27,,2026.01.21,Other / වෙනත් (වෙනත් කරුණු යටතේ සදහන් කරන්න),Resettle / නැවත පදිංචිකිරීම,Minor or No Damages / සුළුහානි හෝ හානි නොමැති,,සුන්බුන් ගලන මාර්ගය,,,,4.0,,,,4,,Nuwara Eliya,80.78062,7.04258
80.685473,7.588357,Matale,අඹන්ගඟ කෝරලේ ප්රා.ලේ.කො,ගම්මඩුව,HR3,HR3,,NBRO/MTL/AMBANGAGAKORALE/2025/EIJ/87,NBRO/MTL/AMBANGAGAKORALE/2025/EIJ/87,381 C,House / නිවාස,2025-11-27 00:00:00,,2025-12-22 00:00:00,Landslide / නායයෑම්,,,,,,,,20.0,,,,20,,Matale,80.685473,7.588357
80.81843,7.000355,Nuwara Eliya,නුවරඑළිය ප්රා.ලේ.කො,කොන්කෝඩියා,HR3,HR3,,NBRI/NE/NED/2025/DMCP/34),NBRI/NE/NED/2025/DMCP/34),534 එෆ්,(වෙනත් කරුණු යටතේ සටහන් කරන්න),2025.11.26 - 2025.11.28,,2025-11-28 00:00:00,"Landslide / නායයෑම්, Cutting failure / කණ්ඩි අස්ථාවරවීම්",Resettle / නැවත පදිංචිකිරීම,Minor or No Damages / සුළුහානි හෝ හානි නොමැති,,සහකාර වතු අධිකාරි නිළ නිවස,,,,2.0,,1.0,,3,,Nuwara Eliya,80.81843,7.000355
80.8103,7.139745,Nuwara Eliya,මතුරට ප්රා.ලේ.කො,බෝගමුව,HR3,HR3,,NBRI/NE/HKD[Mathurata]/2026/DSDD/138),NBRI/NE/HKD[Mathurata]/2026/DSDD/138),,House / නිවාස,2025.11.27,,2026.02.10,Landslide / නායයෑම්,Resettle / නැවත පදිංචිකිරීම,Minor or No Damages / සුළුහානි හෝ හානි නොමැති,,,,,,5.0,,7.0,,12,,Nuwara Eliya,80.8103,7.139745
80.68887,7.592232,Matale,අඹන්ගඟ කෝරලේ ප්රා.ලේ.කො,ගම්මඩුව,HR3,HR3,,NBRO/MTL/AMBANGAGAKORALE/2025/EI/86,NBRO/MTL/AMBANGAGAKORALE/2025/EI/86,381/C,House / නිවාස,2025-11-27 00:00:00,,2025-12-22 00:00:00,Landslide / නායයෑම්,,,,,,,,11.0,,,,11,,Matale,80.68887,7.592232
80.777196,7.131072,Nuwara Eliya,මතුරට ප්රා.ලේ.කො,උදලුමඩ,HR3,HR3,,NBRI/NE/HKD[Mathurata]/2026/LY/90),NBRI/NE/HKD[Mathurata]/2026/LY/90),482 ඒ,House / නිවාස,2025.11.27,,2026.01.28,Slope failures / බැවුම් අස්ථාවරවීම්,Resettle / නැවත පදිංචිකිරීම,Minor or No Damages / සුළුහානි හෝ හානි නොමැති,,,,,,1.0,,,,1,,Nuwara Eliya,80.777196,7.131072
80.825511,7.140993,Nuwara Eliya,මතුරට ප්රා.ලේ.කො,රම්මල කදුර,HR3,HR3,,NBRI/NE/HKD[Mathurata]/2026/DSDD/137),NBRI/NE/HKD[Mathurata]/2026/DSDD/137),,House / නිවාස,2025.11.27,,2026.02.10,Slope failures / බැවුම් අස්ථාවරවීම්,Resettle / නැවත පදිංචිකිරීම,Minor or No Damages / සුළුහානි හෝ හානි නොමැති,,බෑවුම අස්‍ථාවරවීම,,,,2.0,,,,2,,Nuwara Eliya,80.825511,7.140993
80.795473,7.127255,Nuwara Eliya,මතුරට ප්රා.ලේ.කො,කළුඅත්තනගොල්ල,HR3,HR3,,NBRI/NE/HKD[Mathurata]/2026/SMK/139),NBRI/NE/HKD[Mathurata]/2026/SMK/139),,House / නිවාස,2025.11.27,,2026.02.14,Other / වෙනත් (වෙනත් කරුණු යටතේ සදහන් කරන්න),Resettle / නැවත පදිංචිකිරීම,Minor or No Damages / සුළුහානි හෝ හානි නොමැති,,ආතති පැලුම්,,,,3.0,,8.0,,11,,Nuwara Eliya,80.795473,7.127255
80.36127,7.037445,Kegalle,යටියන්තොට ප්රා.ලේ.කො,පොල්පිටිය,HR3,HR3,,LRR-YTP-50,LRR-YTP-50,,House / නිවාස,2025-11-28 00:00:00,,2026-01-09 00:00:00,Landslide / නායයෑම්,Resettle / නැවත පදිංචිකිරීම,Minor / සුළුහානි,,,,,,6.0,,,,6,,Kegalle,80.36127,7.037445
80.341231,7.030427,Kegalle,යටියන්තොට ප්රා.ලේ.කො,වැලිහෙලතැන්න,HR3,HR3,,LRR-YTP-51,LRR-YTP-51,,House / නිවාස,2025-11-28 00:00:00,,2026-01-05 00:00:00,Rock fall / ගල් පෙරලීම්,Resettle / නැවත පදිංචිකිරීම,Minor / සුළුහානි,,,,,,1.0,,1.0,,2,,Kegalle,80.341231,7.030427
80.79046,7.05322,Nuwara Eliya,මතුරට ප්රා.ලේ.කො,ගුඩ්වුඩ්,HR3,HR3,,NBRI/NE/HKD[Mathurata]/2026/DSDD/159),NBRI/NE/HKD[Mathurata]/2026/DSDD/159),,House / නිවාස,2025.11.27,,2026.02.18,Rock fall / ගල් පෙරලීම්,Resettle / නැවත පදිංචිකිරීම,Minor or No Damages / සුළුහානි හෝ හානි නොමැති,,,,,,2.0,,,,2,,Nuwara Eliya,80.79046,7.05322
80.658021,7.158908,Kandy,දොළුව ප්රා.ලේ.කො,මස්ගොල්ල,HR3,HR3,,TPB/159,TPB/159,,House / නිවාස,2025-11-27 00:00:00,,2026-02-21 00:00:00,Landslide / නායයෑම්,,,,,,,,1.0,,,,1,,Kandy,80.658021,7.158908
80.62456,7.224523,Kandy,දොළුව ප්රා.ලේ.කො,ගල්ඹය-,HR3,HR3,,TPB/168,TPB/168,1162.0,House / නිවාස,2025-11-27 00:00:00,,2026-02-21 00:00:00,Other / වෙනත් (වෙනත් කරුණු යටතේ සදහන් කරන්න),,,,,,,,1.0,,,,1,,Kandy,80.62456,7.224523
80.791394,7.119208,Nuwara Eliya,මතුරට ප්රා.ලේ.කො,දෙහිපේ,HR3,HR3,,NBRI/NE/HKD[Mathurata]/2026/DSDD/162),NBRI/NE/HKD[Mathurata]/2026/DSDD/162),,House / නිවාස,2025.11.27,,2026.02.18,Other / වෙනත් (වෙනත් කරුණු යටතේ සදහන් කරන්න),Resettle / නැවත පදිංචිකිරීම,Minor or No Damages / සුළුහානි හෝ හානි නොමැති,,,,,,1.0,,2.0,,3,,Nuwara Eliya,80.791394,7.119208
80.217103,7.190588,Kegalle,වරකාපොළ ප්රා.ලේ.කො,තල්ලියද්ද,HR3,HR3,,LRR-WRP-116,LRR-WRP-116,,House / නිවාස,2025-11-28 00:00:00,,2026-04-18 00:00:00,Other / වෙනත් (වෙනත් කරුණු යටතේ සදහන් කරන්න),,,,,,,,1.0,,1.0,,2,,Kegalle,80.217103,7.190588
80.672704,7.172664,Kandy,දොළුව ප්රා.ලේ.කො,තුම්පෑලවක-,HR3,HR3,,TPB/231,TPB/231,1140.0,House / නිවාස,2025-11-27 00:00:00,,2026-03-18 00:00:00,Other / වෙනත් (වෙනත් කරුණු යටතේ සදහන් කරන්න),,,,,,,,8.0,,,,8,,Kandy,80.672704,7.172664
80.794,7.081536,Nuwara Eliya,මතුරට ප්රා.ලේ.කො,වැල්ලගිරිය,HR3,HR3,,NBRI/NE/HKD[Mathurata]/2026/DSDD/197),NBRI/NE/HKD[Mathurata]/2026/DSDD/197),512,House / නිවාස,2025.11.27,,2026.03.05,Other / වෙනත් (වෙනත් කරුණු යටතේ සදහන් කරන්න),Resettle / නැවත පදිංචිකිරීම,Minor or No Damages / සුළුහානි හෝ හානි නොමැති,,නායයෑමක සුන්බුන් ගලනය,,,,1.0,,6.0,,7,,Nuwara Eliya,80.794,7.081536
80.784547,7.131013,Nuwara Eliya,මතුරට ප්රා.ලේ.කො,උදලුමඩ,HR3,HR3,,NBRI/NE/HKD[Mathurata]/2026/WGMSS/25),NBRI/NE/HKD[Mathurata]/2026/WGMSS/25),482/ඒ,House / නිවාස,2025.11.27,,2026.03.09,"Cutting failure / කණ්ඩි අස්ථාවරවීම්, Rock fall / ගල් පෙරලීම්",Resettle / නැවත පදිංචිකිරීම,Minor or No Damages / සුළුහානි හෝ හානි නොමැති,,,,,,1.0,,,,1,,Nuwara Eliya,80.784547,7.131013
80.668049,7.170233,Kandy,දොළුව ප්රා.ලේ.කො,තුම්පෑලවක-,HR3,HR3,,TPB/237,TPB/237,1140.0,House / නිවාස,2025-11-27 00:00:00,,2026-03-18 00:00:00,"Rock fall / ගල් පෙරලීම්, Slope failures / බැවුම් අස්ථාවරවීම්",,,,,,,,4.0,,2.0,,6,,Kandy,80.668049,7.170233
80.247208,7.268021,Kegalle,වරකාපොළ ප්රා.ලේ.කො,රාගල්කන්ද,HR3,HR3,,LRR-WRP-109,LRR-WRP-109,,House / නිවාස,2025-11-28 00:00:00,,2026-04-05 00:00:00,Slope failures / බැවුම් අස්ථාවරවීම්,Resettle / නැවත පදිංචිකිරීම,Minor / සුළුහානි,,,,,,2.0,,5.0,,7,,Kegalle,80.247208,7.268021
80.665695,7.170241,Kandy,දොළුව ප්රා.ලේ.කො,තුම්පෑලවක-,HR3,HR3,,TPB/246,TPB/246,1140.0,House / නිවාස,2025-11-27 00:00:00,,2026-03-18 00:00:00,"Rock fall / ගල් පෙරලීම්, Slope failures / බැවුම් අස්ථාවරවීම්",,,,,,,,2.0,,,,2,,Kandy,80.665695,7.170241
80.785306,7.141152,Nuwara Eliya,මතුරට ප්රා.ලේ.කො,දෙණිකේ,HR3,HR3,,NBRI/NE/HKD[Mathurata]2026/DSDD/199),NBRI/NE/HKD[Mathurata]2026/DSDD/199),,House / නිවාස,2025.11.27,,2026.03.05,Slope failures / බැවුම් අස්ථාවරවීම්,Resettle / නැවත පදිංචිකිරීම,Minor or No Damages / සුළුහානි හෝ හානි නොමැති,,,,,,1.0,,3.0,,4,,Nuwara Eliya,80.785306,7.141152
80.664712,7.165568,Kandy,දොළුව ප්රා.ලේ.කො,තුම්පෑලවක-,HR3,HR3,,TPB/248,TPB/248,1140.0,House / නිවාස,2025-11-27 00:00:00,,2026-03-18 00:00:00,"Landslide / නායයෑම්, Rock fall / ගල් පෙරලීම්, Other / වෙනත් (වෙනත් කරුණු යටතේ සදහන් කරන්න)",,,,,,,,1.0,,,,1,,Kandy,80.664712,7.165568
80.659809,7.163493,Kandy,දොළුව ප්රා.ලේ.කො,තුම්පෑලවක-,HR3,HR3,,TPB/258,TPB/258,,House / නිවාස,2025-11-27 00:00:00,,2026-03-18 00:00:00,Cutting failure / කණ්ඩි අස්ථාවරවීම්,,,,,,,,3.0,,,,3,,Kandy,80.659809,7.163493
80.781387,7.082684,Nuwara Eliya,මතුරට ප්රා.ලේ.කො,රත්යාය,HR3,HR3,,NBRI/NE/HKD[Mathurata]/2026/DMCP/127),NBRI/NE/HKD[Mathurata]/2026/DMCP/127),,House / නිවාස,2025.11.28,,2025.12.22,Slope failures / බැවුම් අස්ථාවරවීම්,Resettle / නැවත පදිංචිකිරීම,Minor or No Damages / සුළුහානි හෝ හානි නොමැති,,,,,,7.0,,6.0,,13,,Nuwara Eliya,80.781387,7.082684
80.700676,7.571412,Matale,අඹන්ගඟ කෝරලේ ප්රා.ලේ.කො,ගම්මඩුව,HR3,HR3,,"NBRO/MTL/AMBANGAGAKORALE/2026/NB,MJ/7","NBRO/MTL/AMBANGAGAKORALE/2026/NB,MJ/7",,House / නිවාස,,,2025-12-09 00:00:00,Other / වෙනත් (වෙනත් කරුණු යටතේ සදහන් කරන්න),,,,,,,,1.0,,28.0,,29,,Matale,80.700676,7.571412
80.778592,7.075625,Nuwara Eliya,මතුරට ප්රා.ලේ.කො,ගොඩිගමුව,HR3,HR3,,NBRI/NE/HKD[Mathurata]/2026/DMCP/සංශෝධනය/132),NBRI/NE/HKD[Mathurata]/2026/DMCP/සංශෝධනය/132),,House / නිවාස,2025.11.27,,2025.12.22,Slope failures / බැවුම් අස්ථාවරවීම්,Resettle / නැවත පදිංචිකිරීම,Minor or No Damages / සුළුහානි හෝ හානි නොමැති,,,,,,1.0,,15.0,,16,,Nuwara Eliya,80.778592,7.075625
80.648257,7.176403,Kandy,දොළුව ප්රා.ලේ.කො,පල්ලෙදෙල්තොට,HR3,HR3,,TPB/298,TPB/298,,House / නිවාස,2025-11-27 00:00:00,,2026-03-28 00:00:00,Slope failures / බැවුම් අස්ථාවරවීම්,,,,,,,,1.0,,,,1,,Kandy,80.648257,7.176403
80.648163,7.176403,Kandy,දොළුව ප්රා.ලේ.කො,පල්ලෙදෙල්තොට,HR3,HR3,,TPB/299,TPB/299,,House / නිවාස,2025-11-27 00:00:00,,2026-03-28 00:00:00,"Slope failures / බැවුම් අස්ථාවරවීම්, Cutting failure / කණ්ඩි අස්ථාවරවීම්",,,,,,,,1.0,,,,1,,Kandy,80.648163,7.176403
80.656133,7.177963,Kandy,දොළුව ප්රා.ලේ.කො,පල්ලෙදෙල්තොට,HR3,HR3,,TPB/302,TPB/302,,House / නිවාස,2025-11-27 00:00:00,,2026-03-28 00:00:00,Landslide / නායයෑම්,,,,,,,,1.0,,,,1,,Kandy,80.656133,7.177963
80.779317,7.081666,Nuwara Eliya,මතුරට ප්රා.ලේ.කො,රත්යාය,HR3,HR3,,NBRI/NE/HKD[Mathurata]/2026/DMCP/සංශෝධන/133),NBRI/NE/HKD[Mathurata]/2026/DMCP/සංශෝධන/133),,House / නිවාස,2025.11.27,,2025.12.22,Slope failures / බැවුම් අස්ථාවරවීම්,Resettle / නැවත පදිංචිකිරීම,Minor or No Damages / සුළුහානි හෝ හානි නොමැති,,,,,,5.0,,3.0,,8,,Nuwara Eliya,80.779317,7.081666
80.786436,7.08566,Nuwara Eliya,මතුරට ප්රා.ලේ.කො,මාර්තුවෙල,HR3,HR3,,NBRI/NE/HKD[Mathurata]/2026/DSDD/291),NBRI/NE/HKD[Mathurata]/2026/DSDD/291),511/බී,House / නිවාස,2025.11.27,,2026.05.09,Slope failures / බැවුම් අස්ථාවරවීම්,Resettle / නැවත පදිංචිකිරීම,Minor or No Damages / සුළුහානි හෝ හානි නොමැති,,,,,,9.0,,4.0,,13,,Nuwara Eliya,80.786436,7.08566
80.78723,7.081099,Nuwara Eliya,මතුරට ප්රා.ලේ.කො,මාර්තුවෙල,HR3,HR3,,NBRI/NE/HKD[Mathurata]/2026/DSDD/290),NBRI/NE/HKD[Mathurata]/2026/DSDD/290),511/බී,House / නිවාස,2025.11.27,,2026.05.09,Other / වෙනත් (වෙනත් කරුණු යටතේ සදහන් කරන්න),Resettle / නැවත පදිංචිකිරීම,Minor or No Damages / සුළුහානි හෝ හානි නොමැති,,ආතති පැලුම් සහ ගිලා බැසීම,,,,1.0,,22.0,,23,,Nuwara Eliya,80.78723,7.081099
80.664023,7.191249,Kandy,දොළුව ප්රා.ලේ.කො,පල්ලෙ දෙල්තොට,HR3,HR3,,HLK/189,HLK/189,1135.0,House / නිවාස,27/11/2025,,25/05/2026,"Slope failures / බැවුම් අස්ථාවරවීම්, Cutting failure / කණ්ඩි අස්ථාවරවීම්",,,,,,,,1.0,,9.0,,10,,Kandy,80.664023,7.191249
80.797057,7.111274,Nuwara Eliya,මතුරට ප්රා.ලේ.කො,බෝධිමල්කඩ,HR3,HR3,,NBRI/NE/HKD[Mathurata]/2026/WGMSS/72),NBRI/NE/HKD[Mathurata]/2026/WGMSS/72),481/ඒ,House / නිවාස,2025.11.27,,2026.05.09,Slope failures / බැවුම් අස්ථාවරවීම්,Resettle / නැවත පදිංචිකිරීම,Minor or No Damages / සුළුහානි හෝ හානි නොමැති,,,,,,1.0,,1.0,,2,,Nuwara Eliya,80.797057,7.111274
80.797336,7.070759,Nuwara Eliya,මතුරට ප්රා.ලේ.කො,අම්පිටිගොඩ,HR3,HR3,,NBRI/NE/HKD[Mathurata]/2026/WGMSS/104),NBRI/NE/HKD[Mathurata]/2026/WGMSS/104),508/ඩී,House / නිවාස,2025.11.27,,2026.06.18,Landslide / නායයෑම්,Resettle / නැවත පදිංචිකිරීම,Minor or No Damages / සුළුහානි හෝ හානි නොමැති,,,,,,4.0,,4.0,,8,,Nuwara Eliya,80.797336,7.070759
80.722316,6.954954,Nuwara Eliya,නුවරඑළිය ප්රා.ලේ.කො,බංගලාහත,HR3,HR3,,NBRI/NE/NED/2025/SMK/58),NBRI/NE/NED/2025/SMK/58),476 සී,House / නිවාස,,,2025-12-27 00:00:00,Rock fall / ගල් පෙරලීම්,Resettle / නැවත පදිංචිකිරීම,Minor or No Damages / සුළුහානි හෝ හානි නොමැති,,,,,,1.0,,2.0,2.0,5,,Nuwara Eliya,80.722316,6.954954
80.689759,7.108303,Kandy,දොළුව ප්රා.ලේ.කො,පුපුරැස්ස,HR3,HR3,,GHD 247,GHD 247,,House / නිවාස,2025-11-27 00:00:00,,2026-06-19 00:00:00,Landslide / නායයෑම්,,,,,,,,11.0,,3.0,,14,,Kandy,80.689759,7.108303
80.796565,7.067772,Nuwara Eliya,මතුරට ප්රා.ලේ.කො,අම්පිටිගොඩ,HR3,HR3,,NBRI/NE/HKD[Mathurata]/2026/VKG/94),NBRI/NE/HKD[Mathurata]/2026/VKG/94),508/ඩී,House / නිවාස,2025.11.27 – 2025.11.28,,2026.06.18,Other / වෙනත් (වෙනත් කරුණු යටතේ සදහන් කරන්න),Resettle / නැවත පදිංචිකිරීම,Minor or No Damages / සුළුහානි හෝ හානි නොමැති,,නිවාස ඉරිතැලීම (2007 වසරේදී ඉවත්කොට ඇත.),,,,2.0,,15.0,,17,,Nuwara Eliya,80.796565,7.067772
80.686823,6.938489,Nuwara Eliya,නුවරඑළිය ප්රා.ලේ.කො,රත්නගිරි ජනපදය,HR3,HR3,,NBRI/NE/NED/2025/DSDD/06/සංශෝධන/Rev),NBRI/NE/NED/2025/DSDD/06/සංශෝධන/Rev),,House / නිවාස,2025-11-27 00:00:00,6.00 - 6.30,2025-12-07 00:00:00,Slope failures / බැවුම් අස්ථාවරවීම්,Resettle / නැවත පදිංචිකිරීම,Minor or No Damages / සුළුහානි හෝ හානි නොමැති,,,,,,1.0,,,,1,,Nuwara Eliya,80.686823,6.938489
80.691314,6.929895,Nuwara Eliya,නුවරඑළිය ප්රා.ලේ.කො,ලබලියර් වත්ත,HR3,HR3,,NBRI/NE/NED/2025/DSDD/05,NBRI/NE/NED/2025/DSDD/05,,House / නිවාස,2025-12-01 00:00:00,,2025-12-07 00:00:00,Slope failures / බැවුම් අස්ථාවරවීම්,Resettle / නැවත පදිංචිකිරීම,Minor or No Damages / සුළුහානි හෝ හානි නොමැති,,,,,,4.0,,4.0,,8,,Nuwara Eliya,80.691314,6.929895
80.357536,7.013263,Kegalle,යටියන්තොට ප්රා.ලේ.කො,135 ගනේපල්ල,HR3,HR3,,LRR-YTP-140,LRR-YTP-140,,House / නිවාස,2025-11-28 00:00:00,,2026-02-23 00:00:00,Landslide / නායයෑම්,Resettle / නැවත පදිංචිකිරීම,Minor / සුළුහානි,,,,,,3.0,,,,3,,Kegalle,80.357536,7.013263
80.378002,7.068176,Kegalle,යටියන්තොට ප්රා.ලේ.කො,දොඹේපොල,HR3,HR3,,LRR-YTP-141,LRR-YTP-141,,House / නිවාස,2025-11-28 00:00:00,,2026-02-23 00:00:00,Landslide / නායයෑම්,Resettle / නැවත පදිංචිකිරීම,Minor / සුළුහානි,,,,,,1.0,,9.0,,10,,Kegalle,80.378002,7.068176
80.786135,7.12674,Nuwara Eliya,මතුරට ප්රා.ලේ.කො,ඇහැළමල්පේ,HR3,HR3,,NBRI/NE/HKD[Mathurata]/2026/VKG/113),NBRI/NE/HKD[Mathurata]/2026/VKG/113),483/ඒ,House / නිවාස,2025.11.27 සහ ඉන්පෙර සිටම,,2026.08.01,Other / වෙනත් (වෙනත් කරුණු යටතේ සදහන් කරන්න),Resettle / නැවත පදිංචිකිරීම,Minor or No Damages / සුළුහානි හෝ හානි නොමැති,,නායයෑමේ සහ ගල් පෙරළීමේ අවධානම,,,,1.0,,7.0,,8,,Nuwara Eliya,80.786135,7.12674
80.382846,7.007913,Kegalle,යටියන්තොට ප්රා.ලේ.කො,ගෝනගමුව,HR3,HR3,,LRR-YTP-142,LRR-YTP-142,,House / නිවාස,2025-11-28 00:00:00,,2026-07-12 00:00:00,Slope failures / බැවුම් අස්ථාවරවීම්,Resettle / නැවත පදිංචිකිරීම,Minor / සුළුහානි,,,,,,1.0,,15.0,4.0,20,,Kegalle,80.382846,7.007913
80.823338,7.138818,Nuwara Eliya,මතුරට ප්රා.ලේ.කො,බෝධිවෙල,HR3,HR3,,NBRI/NE/HKD[Mathurata]/2026/LSG/46),NBRI/NE/HKD[Mathurata]/2026/LSG/46),484/ඊ,House / නිවාස,2025.11.27,,2026.06.18,Other / වෙනත් (වෙනත් කරුණු යටතේ සදහන් කරන්න),Resettle / නැවත පදිංචිකිරීම,Minor or No Damages / සුළුහානි හෝ හානි නොමැති,,බෑවුම් අස්ථාවරවීම සහ අස්ථාවර පාෂාණ කුට්ටි පෙරළීම,,,,1.0,,5.0,,6,,Nuwara Eliya,80.823338,7.138818
80.772551,7.164128,Nuwara Eliya,හඟුරන්කෙත ප්රා.ලේ.කො,දැලිවල,HR3,HR3,,NBRI/NE/HKD/2025/DMCP/21-REV,NBRI/NE/HKD/2025/DMCP/21-REV,494 ඩී,House / නිවාස,2025-11-28 00:00:00,,2025-12-12 00:00:00,Landslide / නායයෑම්,Resettle / නැවත පදිංචිකිරීම,Minor or No Damages / සුළුහානි හෝ හානි නොමැති,,,,,,6.0,,,,6,,Nuwara Eliya,80.772551,7.164128
80.795957,6.943508,Nuwara Eliya,නුවරඑළිය ප්රා.ලේ.කො,සීතාඑළිය,HR3,HR3,,NBRI/NE/NED/2025/KLKT/01/REV),NBRI/NE/NED/2025/KLKT/01/REV),478/ඒ,House / නිවාස,2025-11-27 00:00:00,,2025-11-30 00:00:00,Other / වෙනත් (වෙනත් කරුණු යටතේ සදහන් කරන්න),Resettle / නැවත පදිංචිකිරීම,Minor or No Damages / සුළුහානි හෝ හානි නොමැති,,,,,,2.0,,13.0,,15,,Nuwara Eliya,80.795957,6.943508
80.774107,7.151733,Nuwara Eliya,හඟුරන්කෙත ප්රා.ලේ.කො,රත්මැටිය,HR3,HR3,,NBRI/NE/HKD/2025/DMCP/17-REV,NBRI/NE/HKD/2025/DMCP/17-REV,,House / නිවාස,2025-11-28 00:00:00,,2025-12-10 00:00:00,Landslide / නායයෑම්,Resettle / නැවත පදිංචිකිරීම,Minor or No Damages / සුළුහානි හෝ හානි නොමැති,,,,,,10.0,,,,10,,Nuwara Eliya,80.774107,7.151733
80.717697,7.131462,Nuwara Eliya,හඟුරන්කෙත ප්රා.ලේ.කො,හෝප්වත්ත,HR3,HR3,,NBRI/NE/HKD/2025/SMK/11-Rev,NBRI/NE/HKD/2025/SMK/11-Rev,501 G,House / නිවාස,2025-11-27 00:00:00,,2025-12-10 00:00:00,Other / වෙනත් (වෙනත් කරුණු යටතේ සදහන් කරන්න),Resettle / නැවත පදිංචිකිරීම,Minor or No Damages / සුළුහානි හෝ හානි නොමැති,,,,,,1.0,,1.0,,2,,Nuwara Eliya,80.717697,7.131462
80.783969,6.974984,Nuwara Eliya,නුවරඑළිය ප්රා.ලේ.කො,හාවාඑළිය නැගෙනහිර,HR3,HR3,,NBRI/NE/NED/2026/DMCP/71),NBRI/NE/NED/2026/DMCP/71),535 එච්,House / නිවාස,2025-11-27 00:00:00,,2026-01-09 00:00:00,Rock fall / ගල් පෙරලීම්,Resettle / නැවත පදිංචිකිරීම,Minor or No Damages / සුළුහානි හෝ හානි නොමැති,,,,,,5.0,,9.0,,14,,Nuwara Eliya,80.783969,6.974984
80.783106,6.967445,Nuwara Eliya,නුවරඑළිය ප්රා.ලේ.කො,මධ්‍යම නුවරඑළිය,HR3,HR3,,NBRI/NE/NED/2026/IC/20),NBRI/NE/NED/2026/IC/20),535ඩී,House / නිවාස,2025-11-27 00:00:00,,2026-01-09 00:00:00,Landslide / නායයෑම්,Resettle / නැවත පදිංචිකිරීම,Minor or No Damages / සුළුහානි හෝ හානි නොමැති,,,,,,3.0,,16.0,,19,,Nuwara Eliya,80.783106,6.967445
80.809717,6.976263,Nuwara Eliya,නුවරඑළිය ප්රා.ලේ.කො,ගල්පාලම,HR3,HR3,,NBRI/NE/NED/2026/VK/06),NBRI/NE/NED/2026/VK/06),534 /ඒ,House / නිවාස,2025.11.27,,2026.02.08,Slope failures / බැවුම් අස්ථාවරවීම්,Resettle / නැවත පදිංචිකිරීම,Minor or No Damages / සුළුහානි හෝ හානි නොමැති,0.0,,,,,1.0,,4.0,,5,,Nuwara Eliya,80.809717,6.976263
80.189931,7.191998,Kegalle,වරකාපොළ ප්රා.ලේ.කො,- මදුරුපිටිය,HR3,HR3,,LRR-WRP-103,LRR-WRP-103,95 ඒ,House / නිවාස,2025-11-28 00:00:00,,2026-02-21 00:00:00,Slope failures / බැවුම් අස්ථාවරවීම්,Resettle / නැවත පදිංචිකිරීම,Minor / සුළුහානි,,,,,,1.0,,7.0,,8,,Kegalle,80.189931,7.191998
80.230277,7.147008,Kegalle,වරකාපොළ ප්රා.ලේ.කො,- හල්ලව,HR3,HR3,,LRR-WRP-101,LRR-WRP-101,93 ඒ,House / නිවාස,2025-11-28 00:00:00,,2026-04-01 00:00:00,Landslide / නායයෑම්,Resettle / නැවත පදිංචිකිරීම,Minor / සුළුහානි,,,,,,2.0,,4.0,,6,,Kegalle,80.230277,7.147008
80.598201,7.123371,Kandy,උඩපළාත ප්රා.ලේ.කො,පල්ලේගම,HR3,HR3,,HMTL/036,HMTL/036,,House / නිවාස,2025-11-27 00:00:00,,2025-12-12 00:00:00,"Landslide / නායයෑම්, Sinkig(ගිලා බැසීම)",Mitigation / අවදානම් අවම කිරීම,,,,,,,3.0,,1.0,,4,,Kandy,80.598201,7.123371
80.424906,7.036175,Kegalle,යටියන්තොට ප්රා.ලේ.කො,දුනුකේදෙනිය,HR3,HR3,,LRR-YTP-90,LRR-YTP-90,,House / නිවාස,2025-11-30 00:00:00,,2025-11-23 00:00:00,Landslide / නායයෑම්,Resettle / නැවත පදිංචිකිරීම,Minor / සුළුහානි,,,,,,2.0,,9.0,,11,,Kegalle,80.424906,7.036175
80.678532,7.133026,Kandy,දොළුව ප්රා.ලේ.කො,පුපුරැස්ස,HR3,HR3,,TPB/327,TPB/327,1181.0,House / නිවාස,2025-11-27 00:00:00,,2026-04-04 00:00:00,"Landslide / නායයෑම්, Other / වෙනත් (වෙනත් කරුණු යටතේ සදහන් කරන්න)",,,,,,,,1.0,,1.0,,2,,Kandy,80.678532,7.133026
80.605618,7.168984,Kandy,දොළුව ප්රා.ලේ.කො,ඔරායන්වවත්ත,HR3,HR3,,WDN 061,WDN 061,1154.0,House / නිවාස,2025-11-27 00:00:00,,2026-03-28 00:00:00,Other / වෙනත් (වෙනත් කරුණු යටතේ සදහන් කරන්න),,,,නායයෑම් අවදානම්,,,,2.0,,3.0,,5,,Kandy,80.605618,7.168984
80.530028,7.222896,Kandy,උඩදුම්බර ප්රා.ලේ.කො,මුනමල්පැලැස්ස,HR3,HR3,,TPB/180,TPB/180,,House / නිවාස,2025-11-27 00:00:00,,2026-02-21 00:00:00,Other / වෙනත් (වෙනත් කරුණු යටතේ සදහන් කරන්න),,,,,,,,10.0,,,,10,,Kandy,80.530028,7.222896
80.609868,7.111761,Kandy,උඩපළාත ප්රා.ලේ.කො,පාරදෙක,HR3,HR3,,HMTL/030,HMTL/030,,Road / මහාමාර්ග (RDA),2025-11-27 00:00:00,,2025-12-10 00:00:00,"Slope failures / බැවුම් අස්ථාවරවීම්, Cutting failure / කණ්ඩි අස්ථාවරවීම්",Mitigation / අවදානම් අවම කිරීම,Minor / සුළුහානි,,,,,,2.0,,,,2,,Kandy,80.609868,7.111761
80.716936,6.951439,Nuwara Eliya,නුවරඑළිය ප්රා.ලේ.කො,බන්ගලාහත,HR3,HR3,,NBRI/NE/NED/2026/WGMSS/33),NBRI/NE/NED/2026/WGMSS/33),476/සිි,House / නිවාස,2025.11.27,,2026.03.19,Rock fall / ගල් පෙරලීම්,Resettle / නැවත පදිංචිකිරීම,Minor or No Damages / සුළුහානි හෝ හානි නොමැති,0.0,නිම්නයක පිහිටා ඇත./ ගල් පෙරළීම,,,,2.0,,,,2,,Nuwara Eliya,80.716936,6.951439
80.751693,6.984906,Nuwara Eliya,නුවරඑළිය ප්රා.ලේ.කො,බඹරකැලේ,HR3,HR3,,NBRI/NE/NED/2026/KHS/09),NBRI/NE/NED/2026/KHS/09),535කේ,House / නිවාස,2025.11.27,,2026.02.08,Other / වෙනත් (වෙනත් කරුණු යටතේ සදහන් කරන්න),Resettle / නැවත පදිංචිකිරීම,Minor or No Damages / සුළුහානි හෝ හානි නොමැති,0.0,නිම්නය අසල නිවාස පිහිටීම,,,,1.0,,8.0,,9,,Nuwara Eliya,80.751693,6.984906
80.35242,7.037172,Kegalle,යටියන්තොට ප්රා.ලේ.කො,වැලිහෙලතැන්න,HR3,HR3,,LRR-YTP-49,LRR-YTP-49,,House / නිවාස,2025-11-28 00:00:00,,2026-01-05 00:00:00,Landslide / නායයෑම්,Resettle / නැවත පදිංචිකිරීම,Minor / සුළුහානි,,,,,,3.0,,2.0,,5,,Kegalle,80.35242,7.037172
80.760104,6.982732,Nuwara Eliya,නුවරඑළිය ප්රා.ලේ.කො,බඹරකැලේ,HR3,HR3,,NBRI/NE/NED/2026/KH/07),NBRI/NE/NED/2026/KH/07),535කේ,House / නිවාස,2025.11.27,,2026.02.08,Slope failures / බැවුම් අස්ථාවරවීම්,Resettle / නැවත පදිංචිකිරීම,Minor or No Damages / සුළුහානි හෝ හානි නොමැති,0.0,,,,,1.0,,1.0,,2,,Nuwara Eliya,80.760104,6.982732
80.655807,7.189906,Kandy,දොළුව ප්රා.ලේ.කො,නවනිල්ල්ඹ,HR3,HR3,,HLK 326,HLK 326,1136.0,House / නිවාස,2025-11-27 00:00:00,,2026-06-26 00:00:00,Cutting failure / කණ්ඩි අස්ථාවරවීම්,,,,,,,,1.0,,,,1,,Kandy,80.655807,7.189906
80.658531,7.193543,Kandy,දොළුව ප්රා.ලේ.කො,නවනිල්ල්ඹ,HR3,HR3,,HLK 327,HLK 327,1136.0,House / නිවාස,2025-11-27 00:00:00,,2026-06-26 00:00:00,"Cutting failure / කණ්ඩි අස්ථාවරවීම්, Other / වෙනත් (වෙනත් කරුණු යටතේ සදහන් කරන්න)",,,,බෑවුම අස්‍ථාවරවීමේ අවධානම,,,,1.0,,,,1,,Kandy,80.658531,7.193543
80.681583,7.569488,Matale,අඹන්ගඟ කෝරලේ ප්රා.ලේ.කො,නාගුලියද්ද,HR3,HR3,,NBRO/MTL/AMBANGAGAKORALE/2026/MAKS/HOUSE 11,NBRO/MTL/AMBANGAGAKORALE/2026/MAKS/HOUSE 11,,House / නිවාස,2025-11-27 00:00:00,,2026-01-17 00:00:00,Other / වෙනත් (වෙනත් කරුණු යටතේ සදහන් කරන්න),,,,,,,,1.0,,,,1,,Matale,80.681583,7.569488
80.678528,7.568283,Matale,අඹන්ගඟ කෝරලේ ප්රා.ලේ.කො,නාගුලියද්ද,HR3,HR3,,NBRO/MTL/AMBANGAGAKORALE/2026/MAKS/HOUSE 11,NBRO/MTL/AMBANGAGAKORALE/2026/MAKS/HOUSE 11,,House / නිවාස,2025-11-27 00:00:00,,2026-01-17 00:00:00,Other / වෙනත් (වෙනත් කරුණු යටතේ සදහන් කරන්න),,,,,,,,1.0,,,,1,,Matale,80.678528,7.568283
80.795416,6.974158,Nuwara Eliya,නුවරඑළිය ප්රා.ලේ.කො,පීඩෲ වත්ත,HR3,HR3,,NBRI/NE/NED/2026/DSDD/216),NBRI/NE/NED/2026/DSDD/216),534/එච්,House / නිවාස,2025.11.27,,2026.03.19,Slope failures / බැවුම් අස්ථාවරවීම්,Resettle / නැවත පදිංචිකිරීම,Minor or No Damages / සුළුහානි හෝ හානි නොමැති,0.0,,,,,11.0,,3.0,,14,,Nuwara Eliya,80.795416,6.974158
80.761983,7.164751,Nuwara Eliya,හඟුරන්කෙත ප්රා.ලේ.කො,හපුවල,HR3,HR3,,NBRI/NE/HKD/2026/LY/45),NBRI/NE/HKD/2026/LY/45),,House / නිවාස,2025-11-27 00:00:00,,2026-01-10 00:00:00,Slope failures / බැවුම් අස්ථාවරවීම්,Resettle / නැවත පදිංචිකිරීම,Minor or No Damages / සුළුහානි හෝ හානි නොමැති,,,,,,6.0,,7.0,,13,,Nuwara Eliya,80.761983,7.164751
80.800953,6.975371,Nuwara Eliya,නුවරඑළිය ප්රා.ලේ.කො,පීඩෲ -,HR3,HR3,,NBRI/NE/NED/2026/DSDD/217),NBRI/NE/NED/2026/DSDD/217),534/එච්,House / නිවාස,2025.11.27,,2026.03.19,Other / වෙනත් (වෙනත් කරුණු යටතේ සදහන් කරන්න),Resettle / නැවත පදිංචිකිරීම,Minor or No Damages / සුළුහානි හෝ හානි නොමැති,0.0,ඇළ ඉවුර අස්ථාවර වීම,,,,6.0,,1.0,,7,,Nuwara Eliya,80.800953,6.975371
80.800544,6.974152,Nuwara Eliya,නුවරඑළිය ප්රා.ලේ.කො,පීඩෲ වත්ත,HR3,HR3,,NBRI/NE/NED/2026/DSDD/218),NBRI/NE/NED/2026/DSDD/218),534/එච්,House / නිවාස,2025.11.27,,2026.03.19,Slope failures / බැවුම් අස්ථාවරවීම්,Resettle / නැවත පදිංචිකිරීම,Minor or No Damages / සුළුහානි හෝ හානි නොමැති,0.0,,,,,4.0,,8.0,,12,,Nuwara Eliya,80.800544,6.974152
80.797267,6.973913,Nuwara Eliya,නුවරඑළිය ප්රා.ලේ.කො,පිිඩෘෘ,HR3,HR3,,NBRI/NE/NED/2026/VKG/32),NBRI/NE/NED/2026/VKG/32),534 එච්,House / නිවාස,2025.11.27 – 2025.11.29,,2026.03.18,Other / වෙනත් (වෙනත් කරුණු යටතේ සදහන් කරන්න),Resettle / නැවත පදිංචිකිරීම,Minor or No Damages / සුළුහානි හෝ හානි නොමැති,0.0,අවදානම් සහගත නිම්නයක පිහිටා තිබීම,,,,1.0,,21.0,,22,,Nuwara Eliya,80.797267,6.973913
80.790788,7.157147,Nuwara Eliya,හඟුරන්කෙත ප්රා.ලේ.කො,දොඩම්කුඹුර,HR3,HR3,,NBRI/NE/HKD/2026/LY/43),NBRI/NE/HKD/2026/LY/43),492 B,House / නිවාස,2025-11-27 00:00:00,,2026-01-11 00:00:00,Other / වෙනත් (වෙනත් කරුණු යටතේ සදහන් කරන්න),Resettle / නැවත පදිංචිකිරීම,Minor or No Damages / සුළුහානි හෝ හානි නොමැති,,,,,,1.0,,1.0,,2,,Nuwara Eliya,80.790788,7.157147
80.68644,6.93484,Nuwara Eliya,නුවරඑළිය ප්රා.ලේ.කො,රත්නගිරිය,HR3,HR3,,NBRI/NE/NED/2026/DSDD/267),NBRI/NE/NED/2026/DSDD/267),,House / නිවාස,2025.11.27,,2026.04.24,Other / වෙනත් (වෙනත් කරුණු යටතේ සදහන් කරන්න),Resettle / නැවත පදිංචිකිරීම,Minor or No Damages / සුළුහානි හෝ හානි නොමැති,0.0,රැදවුම් ව්‍යූහ අස්ථාවරවීම,,,,3.0,,14.0,,17,,Nuwara Eliya,80.68644,6.93484
80.881377,7.336968,Kandy,උඩදුම්බර ප්රා.ලේ.කො,තලගුනේ,HR3,HR3,,TPB/182,TPB/182,,House / නිවාස,2025-11-27 00:00:00,,2026-02-21 00:00:00,Other / වෙනත් (වෙනත් කරුණු යටතේ සදහන් කරන්න),,,,,,,,2.0,,5.0,,7,,Kandy,80.881377,7.336968
80.667916,7.547348,Matale,අඹන්ගඟ කෝරලේ ප්රා.ලේ.කො,මැටිහක්ක,HR3,HR3,,NBRO/MTL/AMBANGAGAKORALE/2026/EIJ/144,NBRO/MTL/AMBANGAGAKORALE/2026/EIJ/144,,House / නිවාස,2025-11-27 00:00:00,,2026-01-30 00:00:00,"Slope failures / බැවුම් අස්ථාවරවීම්, Cutting failure / කණ්ඩි අස්ථාවරවීම්",,,,,,,,1.0,,,1.0,2,,Matale,80.667916,7.547348
80.663609,7.562155,Matale,අඹන්ගඟ කෝරලේ ප්රා.ලේ.කො,තිබිබටුකනත,HR3,HR3,,NBRO/MTL/AMBANGAGAKORALE/2026/EIJ/145,NBRO/MTL/AMBANGAGAKORALE/2026/EIJ/145,E 380 C,House / නිවාස,2025-11-27 00:00:00,,2026-01-30 00:00:00,"Slope failures / බැවුම් අස්ථාවරවීම්, Cutting failure / කණ්ඩි අස්ථාවරවීම්",,,,,,,,2.0,,2.0,,4,,Matale,80.663609,7.562155
80.881661,7.168418,Nuwara Eliya,හඟුරන්කෙත ප්රා.ලේ.කො,ගලඋඩ - දකුණ,HR3,HR3,,NBRI/NE/HKD/2026/PTG/179),NBRI/NE/HKD/2026/PTG/179),,House / නිවාස,2025-11-27 00:00:00,,2026-01-22 00:00:00,Other / වෙනත් (වෙනත් කරුණු යටතේ සදහන් කරන්න),Resettle / නැවත පදිංචිකිරීම,Minor or No Damages / සුළුහානි හෝ හානි නොමැති,,භුමි ගිලා බැසීම් (GS),,,,2.0,,2.0,,4,,Nuwara Eliya,80.881661,7.168418
80.657702,7.517835,Matale,අඹන්ගඟ කෝරලේ ප්රා.ලේ.කො,ක්ලෝඩා,HR3,HR3,,"NBRO/MTL/AMBANGAGAKORALE/2026/DJ,SN/209","NBRO/MTL/AMBANGAGAKORALE/2026/DJ,SN/209",E 379 A,House / නිවාස,2025-11-27 00:00:00,,2026-02-14 00:00:00,"Cutting failure / කණ්ඩි අස්ථාවරවීම්, Other / වෙනත් (වෙනත් කරුණු යටතේ සදහන් කරන්න)",,,,,,,,1.0,,4.0,,5,,Matale,80.657702,7.517835
80.780293,7.189936,Nuwara Eliya,හඟුරන්කෙත ප්රා.ලේ.කො,මිරහන්පේ,HR3,HR3,,NBRI/NE/HKD/2026/DMCP/සංශෝධන/67),NBRI/NE/HKD/2026/DMCP/සංශෝධන/67),,House / නිවාස,,,2026.01.19,Landslide / නායයෑම්,Resettle / නැවත පදිංචිකිරීම,Minor or No Damages / සුළුහානි හෝ හානි නොමැති,,,,,,10.0,,3.0,,13,,Nuwara Eliya,80.780293,7.189936
80.759985,6.963448,Nuwara Eliya,නුවරඑළිය ප්රා.ලේ.කො,යුනික්විව්,HR3,HR3,,NBRI/NE/NED/2026/LSG/40),NBRI/NE/NED/2026/LSG/40),,House / නිවාස,2025.11.27,,2026.06.02,Other / වෙනත් (වෙනත් කරුණු යටතේ සදහන් කරන්න),Resettle / නැවත පදිංචිකිරීම,Minor or No Damages / සුළුහානි හෝ හානි නොමැති,0.0,,,,,42.0,,,,42,,Nuwara Eliya,80.759985,6.963448
80.736795,7.12393,Nuwara Eliya,හඟුරන්කෙත ප්රා.ලේ.කො,දාරාඔය,HR3,HR3,,NBRI/NE/HKD/2026/SMK/101),NBRI/NE/HKD/2026/SMK/101),,House / නිවාස,2025.11.27,,2026.01.21,Other / වෙනත් (වෙනත් කරුණු යටතේ සදහන් කරන්න),Resettle / නැවත පදිංචිකිරීම,Minor or No Damages / සුළුහානි හෝ හානි නොමැති,,නායගලන මගෙහි පිහිටා ඇත,,,,2.0,,3.0,,5,,Nuwara Eliya,80.736795,7.12393
80.596167,7.14634,Kandy,උඩපළාත ප්රා.ලේ.කො,වත්තහේන,HR3,HR3,,NDI/007,NDI/007,,House / නිවාස,2025-11-28 00:00:00,,2025-12-06 00:00:00,"Landslide / නායයෑම්, Sinkig(ගිලා බැසීම)",Resettle / නැවත පදිංචිකිරීම,,,,,,,6.0,,,,6,,Kandy,80.596167,7.14634
80.670244,7.575847,Matale,අඹන්ගඟ කෝරලේ ප්රා.ලේ.කො,ඉඹුල්ගොල්ල,HR3,HR3,,NBRO/MTL/AMBANGAGAKORALE/2026/RMSRS/225,NBRO/MTL/AMBANGAGAKORALE/2026/RMSRS/225,,House / නිවාස,2025-11-27 00:00:00,,2026-02-14 00:00:00,Cutting failure / කණ්ඩි අස්ථාවරවීම්,,,,,,,,1.0,,1.0,,2,,Matale,80.670244,7.575847
80.83153,7.555015,Matale,අඹන්ගඟ කෝරලේ ප්රා.ලේ.කො,පුස්සැල්ල,HR3,HR3,,"NBRO/MTL/AMBANGAGAKORALE/2026/KA,PW/254","NBRO/MTL/AMBANGAGAKORALE/2026/KA,PW/254",,House / නිවාස,2025-11-27 00:00:00,,2026-03-12 00:00:00,"Cutting failure / කණ්ඩි අස්ථාවරවීම්, Rock fall / ගල් පෙරලීම්",,Partially / අර්ධහානි,,,,,,2.0,,9.0,,11,,Matale,80.83153,7.555015
80.678419,7.535267,Matale,අඹන්ගඟ කෝරලේ ප්රා.ලේ.කො,හුණුකැටේ,HR3,HR3,,"NBRO/MTL/AMBANGAGAKORALE/2026/KA,KH/242","NBRO/MTL/AMBANGAGAKORALE/2026/KA,KH/242",,House / නිවාස,2025-11-27 00:00:00,,2026-02-20 00:00:00,"Slope failures / බැවුම් අස්ථාවරවීම්, Cutting failure / කණ්ඩි අස්ථාවරවීම්",,,,,,,,1.0,,,,1,,Matale,80.678419,7.535267
80.543634,6.831323,Nuwara Eliya,නොර්වුඩ් ප්රා.ලේ.කො,සීතගගුල,HR3,HR3,,NBRI/NE/ABD[Norwood]/2025/DSDD/03 /REV,NBRI/NE/ABD[Norwood]/2025/DSDD/03 /REV,320 බී,House / නිවාස,2025.11.27,සවස,2025.12.04,Slope failures / බැවුම් අස්ථාවරවීම්,Resettle / නැවත පදිංචිකිරීම,Minor or No Damages / සුළුහානි හෝ හානි නොමැති,,,,,,3.0,,,,3,,Nuwara Eliya,80.543634,6.831323
80.750781,7.137964,Nuwara Eliya,හඟුරන්කෙත ප්රා.ලේ.කො,අගප්පල,HR3,HR3,,NBRI/NE/HKD/2026/DSDD/119),NBRI/NE/HKD/2026/DSDD/119),,House / නිවාස,2025.11.27,,2026.02.02,Slope failures / බැවුම් අස්ථාවරවීම්,Resettle / නැවත පදිංචිකිරීම,Minor or No Damages / සුළුහානි හෝ හානි නොමැති,,,,,,1.0,,1.0,,2,,Nuwara Eliya,80.750781,7.137964
80.676225,7.562193,Matale,අඹන්ගඟ කෝරලේ ප්රා.ලේ.කො,නාගුලියද්ද,HR3,HR3,,NBRO/MTL/AMBANGAGAKORALE/2026/KA/289,NBRO/MTL/AMBANGAGAKORALE/2026/KA/289,,House / නිවාස,2025-11-27 00:00:00,,2026-04-09 00:00:00,Slope failures / බැවුම් අස්ථාවරවීම්,,,,,,,,3.0,,8.0,,11,,Matale,80.676225,7.562193
80.575519,7.105557,Kandy,උඩපළාත ප්රා.ලේ.කො,ගලත,HR3,HR3,,AW/110,AW/110,,House / නිවාස,2025-11-28 00:00:00,,2026-01-28 00:00:00,Other / වෙනත් (වෙනත් කරුණු යටතේ සදහන් කරන්න),Mitigation / අවදානම් අවම කිරීම,,,,,,,14.0,,1.0,,15,,Kandy,80.575519,7.105557
80.693897,7.558371,Matale,අඹන්ගඟ කෝරලේ ප්රා.ලේ.කො,කලුුගල්තැන්න,HR3,HR3,,NBRO/MTL/AMBANGAGAKORALE/2026/KA/290,NBRO/MTL/AMBANGAGAKORALE/2026/KA/290,,House / නිවාස,2025-11-27 00:00:00,,2026-04-09 00:00:00,Slope failures / බැවුම් අස්ථාවරවීම්,,,,,,,,4.0,,3.0,,7,,Matale,80.693897,7.558371
80.729014,7.12934,Nuwara Eliya,හඟුරන්කෙත ප්රා.ලේ.කො,හදවලපිටිය,HR3,HR3,,NBRI/NE/HKD/2026/DMCP/සංශෝධනය/79),NBRI/NE/HKD/2026/DMCP/සංශෝධනය/79),499ඒ,House / නිවාස,2025.11.27,,2026.01.30,Landslide / නායයෑම්,Resettle / නැවත පදිංචිකිරීම,Minor or No Damages / සුළුහානි හෝ හානි නොමැති,,,,,,2.0,,6.0,,8,,Nuwara Eliya,80.729014,7.12934
80.664797,7.555789,Matale,අඹන්ගඟ කෝරලේ ප්රා.ලේ.කො,තිබිබටුකනත,HR3,HR3,,NBRO/MTL/AMBANGAGAKORALE/2026/KA/294,NBRO/MTL/AMBANGAGAKORALE/2026/KA/294,,House / නිවාස,2025-11-27 00:00:00,,2026-05-07 00:00:00,Landslide / නායයෑම්,,,,,,,,1.0,,2.0,,3,,Matale,80.664797,7.555789
80.778706,7.173387,Nuwara Eliya,හඟුරන්කෙත ප්රා.ලේ.කො,දැලිවල,HR3,HR3,,NBRI/NE/HKD/2026/DMCP/සංශෝධන/106),NBRI/NE/HKD/2026/DMCP/සංශෝධන/106),494ඩී,House / නිවාස,2025.11.27,,2026.02.23,Landslide / නායයෑම්,Resettle / නැවත පදිංචිකිරීම,Minor or No Damages / සුළුහානි හෝ හානි නොමැති,,,,,,1.0,,19.0,,20,,Nuwara Eliya,80.778706,7.173387
80.680029,7.55567,Matale,අඹන්ගඟ කෝරලේ ප්රා.ලේ.කො,නාගුලියද්ද,HR3,HR3,,NBRO/MTL/AMBANGAGAKORALE/2026/KA/282,NBRO/MTL/AMBANGAGAKORALE/2026/KA/282,,House / නිවාස,2025-11-27 00:00:00,,2026-04-24 00:00:00,"Slope failures / බැවුම් අස්ථාවරවීම්, Cutting failure / කණ්ඩි අස්ථාවරවීම්",,,,,,,,1.0,,3.0,,4,,Matale,80.680029,7.55567
80.679926,7.553454,Matale,අඹන්ගඟ කෝරලේ ප්රා.ලේ.කො,නාගුලියද්ද,HR3,HR3,,NBRO/LRRMD-MAT/MTL/AMBANGAGAKORALE/LI/26/0414,NBRO/LRRMD-MAT/MTL/AMBANGAGAKORALE/LI/26/0414,,House / නිවාස,2025-11-27 00:00:00,,2026-04-24 00:00:00,Other / වෙනත් (වෙනත් කරුණු යටතේ සදහන් කරන්න),Resettle / නැවත පදිංචිකිරීම,Partially / අර්ධහානි,,,,,,1.0,,,,1,,Matale,80.679926,7.553454
80.772805,7.237053,Nuwara Eliya,හඟුරන්කෙත ප්රා.ලේ.කො,අඹේවෙල,HR3,HR3,,NBRI/NE/HKD/2026/WGMSS/01),NBRI/NE/HKD/2026/WGMSS/01),486 / බී,House / නිවාස,2025.11.27,,2026.02.06,Cutting failure / කණ්ඩි අස්ථාවරවීම්,Resettle / නැවත පදිංචිකිරීම,Minor or No Damages / සුළුහානි හෝ හානි නොමැති,,කණ්ඩි අස්ථාවරවීම බෑවුම් අස්ථාවරවීමක් දක්වා වර්ධනය වීමේ අවදානම,,,,1.0,,1.0,,2,,Nuwara Eliya,80.772805,7.237053
80.763362,7.188508,Nuwara Eliya,හඟුරන්කෙත ප්රා.ලේ.කො,යටිහගුරන්කෙත,HR3,HR3,,NBRI/NE/HKD/2026/DSDD/171),NBRI/NE/HKD/2026/DSDD/171),495බී,House / නිවාස,2025.11.27,,2026.02.23,Other / වෙනත් (වෙනත් කරුණු යටතේ සදහන් කරන්න),Resettle / නැවත පදිංචිකිරීම,Minor or No Damages / සුළුහානි හෝ හානි නොමැති,,අවදානම් සහිත නිම්නයක පිහිටා තිබීම සහ දළ බෑවුම,,,,3.0,,,,3,,Nuwara Eliya,80.763362,7.188508
80.615725,6.869752,Nuwara Eliya,නොර්වුඩ් ප්රා.ලේ.කො,දික්ඔය,HR3,HR3,,NBRI/NE/ABD[Norwood]/2026/DSDD/185),NBRI/NE/ABD[Norwood]/2026/DSDD/185),319,(වෙනත් කරුණු යටතේ සටහන් කරන්න),2025-11-27 00:00:00,,2026-02-26 00:00:00,Other / වෙනත් (වෙනත් කරුණු යටතේ සදහන් කරන්න),Resettle / නැවත පදිංචිකිරීම,Minor or No Damages / සුළුහානි හෝ හානි නොමැති,,"ආතති පැලුම් හා නිමානය තුල පිහිටීම්,RDA නිළ නිවාස , බට්ටල්ගල්ල වත්ත, පහල කොටස, දික්ඔය",,,,2.0,,,,2,,Nuwara Eliya,80.615725,6.869752
80.625756,6.874586,Nuwara Eliya,නොර්වුඩ් ප්රා.ලේ.කො,මේෆීල්ඩ්,HR3,HR3,,NBRI/NE/ABD[Norwood]/2026/DSDD/184),NBRI/NE/ABD[Norwood]/2026/DSDD/184),319/අයි,House / නිවාස,2025.11.27,,2026.02.26,Slope failures / බැවුම් අස්ථාවරවීම්,Resettle / නැවත පදිංචිකිරීම,Minor or No Damages / සුළුහානි හෝ හානි නොමැති,,,,,,1.0,,4.0,,5,,Nuwara Eliya,80.625756,6.874586
80.676795,7.556402,Matale,අඹන්ගඟ කෝරලේ ප්රා.ලේ.කො,නාගුලිියද්ද,HR3,HR3,,NBRO/LRRMD-MAT/MTL/AMBANGAGAKORALE/LI/26/0935,NBRO/LRRMD-MAT/MTL/AMBANGAGAKORALE/LI/26/0935,,House / නිවාස,2025-11-27 00:00:00,,2026-06-08 00:00:00,Slope failures / බැවුම් අස්ථාවරවීම්,,,,,,,,1.0,,,,1,,Matale,80.676795,7.556402
80.667089,7.54608,Matale,අඹන්ගඟ කෝරලේ ප්රා.ලේ.කො,තිිබ්බටුකනත,HR3,HR3,,NBRO/LRRMD-MAT/MTL/AMBANGAGAKORALE/LI/26/0939,NBRO/LRRMD-MAT/MTL/AMBANGAGAKORALE/LI/26/0939,,House / නිවාස,2025-11-27 00:00:00,,2026-06-03 00:00:00,Slope failures / බැවුම් අස්ථාවරවීම්,Resettle / නැවත පදිංචිකිරීම,,,,,,,1.0,,,,1,,Matale,80.667089,7.54608
80.602526,7.658503,Matale,පල්ලෙපොල ප්රා.ලේ.කො,නාගහපොල,HR3,HR3,,"NBRO/MTL/PALLEPOLA/2025/BCA,UJ/6","NBRO/MTL/PALLEPOLA/2025/BCA,UJ/6",,House / නිවාස,2025-11-28 00:00:00,23:00:00,2025-11-30 00:00:00,Slope failures / බැවුම් අස්ථාවරවීම්,,,,,,,,1.0,,4.0,,5,,Matale,80.602526,7.658503
80.783403,7.169503,Nuwara Eliya,හඟුරන්කෙත ප්රා.ලේ.කො,කොට්ටල,HR3,HR3,,NBRI/NE/HKD/2026/DSDD/221),NBRI/NE/HKD/2026/DSDD/221),493/ඒ,House / නිවාස,2025.11.27,,2026.03.21,"Cutting failure / කණ්ඩි අස්ථාවරවීම්, Rock fall / ගල් පෙරලීම්",Resettle / නැවත පදිංචිකිරීම,Minor or No Damages / සුළුහානි හෝ හානි නොමැති,,,,,,1.0,,2.0,,3,,Nuwara Eliya,80.783403,7.169503
80.616058,7.593433,Matale,පල්ලෙපොල ප්රා.ලේ.කො,තැඹිලිදෙණිය උතුර,HR3,HR3,,NBRO/MTL/PALLEPOLA/2025/BCA/55,NBRO/MTL/PALLEPOLA/2025/BCA/55,,House / නිවාස,2025-11-28 00:00:00,,2025-12-09 00:00:00,"Slope failures / බැවුම් අස්ථාවරවීම්, Cutting failure / කණ්ඩි අස්ථාවරවීම්",,,,,,,,5.0,,,,5,,Matale,80.616058,7.593433
80.666791,7.147007,Kandy,දොළුව ප්රා.ලේ.කො,හුණුගල,HR3,HR3,,IBE 194,IBE 194,,House / නිවාස,2025-11-27 00:00:00,,2026-05-27 00:00:00,Slope failures / බැවුම් අස්ථාවරවීම්,,,,,,,,5.0,,5.0,,10,,Kandy,80.666791,7.147007
80.528951,6.879123,Nuwara Eliya,නොර්වුඩ් ප්රා.ලේ.කො,මාවුස්සාකැලේ,HR3,HR3,,NBRI/NE/ABD[Norwood]/2026/VKG/61),NBRI/NE/ABD[Norwood]/2026/VKG/61),320/අයි,House / නිවාස,2025.11.27,,2026.05.14,Other / වෙනත් (වෙනත් කරුණු යටතේ සදහන් කරන්න),Resettle / නැවත පදිංචිකිරීම,Minor or No Damages / සුළුහානි හෝ හානි නොමැති,,ඉවුරු ඛාදනය,,,,1.0,,3.0,,4,,Nuwara Eliya,80.528951,6.879123
80.753561,7.142552,Nuwara Eliya,හඟුරන්කෙත ප්රා.ලේ.කො,පුරාණගම,HR3,HR3,,NBRI/NE/HKD/2026/DSDD/202),NBRI/NE/HKD/2026/DSDD/202),498/ඊ,House / නිවාස,2025.11.27,,2026.03.11,Slope failures / බැවුම් අස්ථාවරවීම්,Resettle / නැවත පදිංචිකිරීම,Minor or No Damages / සුළුහානි හෝ හානි නොමැති,,,,,,1.0,,5.0,,6,,Nuwara Eliya,80.753561,7.142552
80.670319,7.14128,Kandy,දොළුව ප්රා.ලේ.කො,හුණුගල,HR3,HR3,,IBE 192,IBE 192,,House / නිවාස,2025-11-27 00:00:00,,2026-05-27 00:00:00,Slope failures / බැවුම් අස්ථාවරවීම්,,,,,,,,1.0,,1.0,,2,,Kandy,80.670319,7.14128
80.617837,7.199655,Kandy,දොළුව ප්රා.ලේ.කො,ගනේගොඩ,HR3,HR3,,IBE 174,IBE 174,,House / නිවාස,2025-11-27 00:00:00,,2026-05-29 00:00:00,Slope failures / බැවුම් අස්ථාවරවීම්,,,,,,,,1.0,,,,1,,Kandy,80.617837,7.199655
80.68932,7.00594,Nuwara Eliya,කොත්මලේ නැගෙනහිර ප්රා.ලේ.කො,ඩන්සිනන්,HR3,HR3,,NBRI/NE/KTD[East]/2025/LY/11) - Rev,NBRI/NE/KTD[East]/2025/LY/11) - Rev,,House / නිවාස,2025-11-26 00:00:00,,2025-12-11 00:00:00,Landslide / නායයෑම්,Resettle / නැවත පදිංචිකිරීම,Minor or No Damages / සුළුහානි හෝ හානි නොමැති,,,,,,3.0,,4.0,,7,,Nuwara Eliya,80.68932,7.00594
80.738484,7.133089,Nuwara Eliya,හඟුරන්කෙත ප්රා.ලේ.කො,වැටැස්තැන්න,HR3,HR3,,NBRI/NE/HKD/2026/WGMSS/30),NBRI/NE/HKD/2026/WGMSS/30),499/ඩී,House / නිවාස,2025.11.27,,2026.03.17,Slope failures / බැවුම් අස්ථාවරවීම්,Resettle / නැවත පදිංචිකිරීම,Minor or No Damages / සුළුහානි හෝ හානි නොමැති,,,,,,3.0,,2.0,,5,,Nuwara Eliya,80.738484,7.133089
80.617018,7.605013,Matale,පල්ලෙපොල ප්රා.ලේ.කො,පල්දෙනිය,HR3,HR3,,"NBRO/MTL/PALLEPOLA/2026/KT,WA/68","NBRO/MTL/PALLEPOLA/2026/KT,WA/68",E 421,House / නිවාස,2025-11-27 00:00:00,,2026-01-10 00:00:00,"Slope failures / බැවුම් අස්ථාවරවීම්, Cutting failure / කණ්ඩි අස්ථාවරවීම්",,,,,,,,1.0,,1.0,,2,,Matale,80.617018,7.605013
80.809156,7.160667,Nuwara Eliya,හඟුරන්කෙත ප්රා.ලේ.කො,උඩකන්ද / උඩගලඋඩ,HR3,HR3,,NBRI/NE/HKD/2026/WGMSS/32),NBRI/NE/HKD/2026/WGMSS/32),489/සී,House / නිවාස,2025.11.26,,2026.02.23,Slope failures / බැවුම් අස්ථාවරවීම්,Resettle / නැවත පදිංචිකිරීම,Minor or No Damages / සුළුහානි හෝ හානි නොමැති,,ගල් පෙරලීම්,,,,3.0,,1.0,,4,,Nuwara Eliya,80.809156,7.160667
80.774725,7.174094,Nuwara Eliya,හඟුරන්කෙත ප්රා.ලේ.කො,රත්මැටිය,HR3,HR3,,NBRI/NE/HKD/2026/DMCP/සංශෝධන/120),NBRI/NE/HKD/2026/DMCP/සංශෝධන/120),494/සී,House / නිවාස,2025.11.27,,2026.03.11,Landslide / නායයෑම්,Resettle / නැවත පදිංචිකිරීම,Minor or No Damages / සුළුහානි හෝ හානි නොමැති,,,,,,12.0,,2.0,,14,,Nuwara Eliya,80.774725,7.174094
80.691796,7.051329,Nuwara Eliya,කොත්මලේ නැගෙනහිර ප්රා.ලේ.කො,මල්හෑව,HR3,HR3,,NBRI/NE/KTD[East]-53/2025/PTG/සංශෝධනය/79) - Rev,NBRI/NE/KTD[East]-53/2025/PTG/සංශෝධනය/79) - Rev,472 / ඒ,House / නිවාස,2025-11-28 00:00:00,,2025-12-20 00:00:00,Landslide / නායයෑම්,Resettle / නැවත පදිංචිකිරීම,Minor or No Damages / සුළුහානි හෝ හානි නොමැති,,,,,,10.0,,,,10,,Nuwara Eliya,80.691796,7.051329
80.68408,7.07022,Nuwara Eliya,කොත්මලේ නැගෙනහිර ප්රා.ලේ.කො,රම්බොඩ,HR3,HR3,,NBRI/NE/KTD[East]-47/2025/RR/17)-Rev,NBRI/NE/KTD[East]-47/2025/RR/17)-Rev,474,House / නිවාස,2025-11-27 00:00:00,,2025-12-11 00:00:00,Slope failures / බැවුම් අස්ථාවරවීම්,Resettle / නැවත පදිංචිකිරීම,Minor or No Damages / සුළුහානි හෝ හානි නොමැති,,,,,,4.0,,,,4,,Nuwara Eliya,80.68408,7.07022
80.57416,7.654598,Matale,පල්ලෙපොල ප්රා.ලේ.කො,මිල්ලවාන - මැදවල,HR3,HR3,,"NBRO/MTL/PALLEPOLA/2026/TW,KS/79","NBRO/MTL/PALLEPOLA/2026/TW,KS/79",E 343/C,House / නිවාස,2025-11-28 00:00:00,,2026-01-14 00:00:00,"Slope failures / බැවුම් අස්ථාවරවීම්, Cutting failure / කණ්ඩි අස්ථාවරවීම්",,,,,,,,1.0,,,,1,,Matale,80.57416,7.654598
80.59477,7.624427,Matale,පල්ලෙපොල ප්රා.ලේ.කො,ගලහිටියාව,HR3,HR3,,"NBRO/MTL/PALLEPOLA/2026/KT,WA/65","NBRO/MTL/PALLEPOLA/2026/KT,WA/65",,House / නිවාස,,,2026-01-10 00:00:00,"Slope failures / බැවුම් අස්ථාවරවීම්, Cutting failure / කණ්ඩි අස්ථාවරවීම්",,,,,,,,1.0,,,,1,,Matale,80.59477,7.624427
80.595208,7.624621,Matale,පල්ලෙපොල ප්රා.ලේ.කො,ගලහිටියාව,HR3,HR3,,"NBRO/MTL/PALLEPOLA/2026/KT,WA/65","NBRO/MTL/PALLEPOLA/2026/KT,WA/65",,House / නිවාස,,,2026-01-10 00:00:00,"Slope failures / බැවුම් අස්ථාවරවීම්, Cutting failure / කණ්ඩි අස්ථාවරවීම්",,,,,,,,1.0,,7.0,,8,,Matale,80.595208,7.624621
80.742058,7.129986,Nuwara Eliya,හඟුරන්කෙත ප්රා.ලේ.කො,වැටැස්තැන්න,HR3,HR3,,NBRI/NE/HKD/2026/WGMSS/29),NBRI/NE/HKD/2026/WGMSS/29),499/ඩී,House / නිවාස,2025.11.27,,2026.03.17,Slope failures / බැවුම් අස්ථාවරවීම්,Resettle / නැවත පදිංචිකිරීම,Minor or No Damages / සුළුහානි හෝ හානි නොමැති,,,,,,1.0,,2.0,,3,,Nuwara Eliya,80.742058,7.129986
80.243964,7.232134,Kegalle,වරකාපොළ ප්රා.ලේ.කො,- නාපේ,HR3,HR3,,LRR-WRP-99,LRR-WRP-99,84 බී,House / නිවාස,2025-11-28 00:00:00,,2026-04-07 00:00:00,Slope failures / බැවුම් අස්ථාවරවීම්,Resettle / නැවත පදිංචිකිරීම,Minor / සුළුහානි,,,,,,1.0,,1.0,,2,,Kegalle,80.243964,7.232134
80.593627,7.608371,Matale,පල්ලෙපොල ප්රා.ලේ.කො,ආරියගම,HR3,HR3,,NBRO/MTL/PALLEPOLA/2026/KS/108,NBRO/MTL/PALLEPOLA/2026/KS/108,E 421 A,House / නිවාස,,,2026-01-20 00:00:00,Landslide / නායයෑම්,,,,,,,,2.0,,8.0,,10,,Matale,80.593627,7.608371
80.727134,7.127233,Nuwara Eliya,හඟුරන්කෙත ප්රා.ලේ.කො,හෝප්,HR3,HR3,,NBRI/NE/HKD/2026/DSDD/213),NBRI/NE/HKD/2026/DSDD/213),501/ජී,House / නිවාස,2025.11.27,,2026.03.17,Slope failures / බැවුම් අස්ථාවරවීම්,Resettle / නැවත පදිංචිකිරීම,Minor or No Damages / සුළුහානි හෝ හානි නොමැති,,,,,,16.0,,6.0,,22,,Nuwara Eliya,80.727134,7.127233
80.646379,7.142214,Kandy,දොළුව ප්රා.ලේ.කො,රජතලාව,HR3,HR3,,TPB 418,TPB 418,,House / නිවාස,2025-11-27 00:00:00,,2026-06-10 00:00:00,Slope failures / බැවුම් අස්ථාවරවීම්,,,0.0,,,,,1.0,,,,1,,Kandy,80.646379,7.142214
80.622329,7.141386,Kandy,උඩපළාත ප්රා.ලේ.කො,ඉහළගම,HR3,HR3,,NDI/008,NDI/008,,House / නිවාස,2025-11-28 00:00:00,,2025-12-06 00:00:00,"Landslide / නායයෑම්, Sinkig(ගිලා බැසීම)",Resettle / නැවත පදිංචිකිරීම,,,,,,,1.0,,,,1,,Kandy,80.622329,7.141386
80.574286,7.158216,Kandy,උඩපළාත ප්රා.ලේ.කො,මහර,HR3,HR3,,AW/078,AW/078,,House / නිවාස,2025-11-27 00:00:00,,2026-01-27 00:00:00,Other / වෙනත් (වෙනත් කරුණු යටතේ සදහන් කරන්න),Mitigation / අවදානම් අවම කිරීම,,,,,,,1.0,,1.0,,2,,Kandy,80.574286,7.158216
80.556856,7.160924,Kandy,උඩපළාත ප්රා.ලේ.කො,ගොඩගම,HR3,HR3,,SUJ/16,SUJ/16,,School / පාසැල,2025-12-28 00:00:00,,2026-01-02 00:00:00,Slope failures / බැවුම් අස්ථාවරවීම්,Mitigation / අවදානම් අවම කිරීම,,,,,,,1.0,,,,1,,Kandy,80.556856,7.160924
80.566704,7.664702,Matale,පල්ලෙපොල ප්රා.ලේ.කො,මිල්ලවාන පහළගම,HR3,HR3,,NBRO/MTL/PALLEPOLA/2026/KA/264,NBRO/MTL/PALLEPOLA/2026/KA/264,E /423/A,House / නිවාස,2025-11-27 00:00:00,,2026-03-19 00:00:00,"Other / වෙනත් (වෙනත් කරුණු යටතේ සදහන් කරන්න), Cutting failure / කණ්ඩි අස්ථාවරවීම්",,,,,,,,3.0,,,1.0,4,,Matale,80.566704,7.664702
80.693377,7.066844,Nuwara Eliya,කොත්මලේ නැගෙනහිර ප්රා.ලේ.කො,රම්බොඩ,HR3,HR3,,NBRI/NE/KTD[East]/2025/KLKT/ සංශෝධන/09,NBRI/NE/KTD[East]/2025/KLKT/ සංශෝධන/09,474,House / නිවාස,2025.11.27,,2025.12.24,Landslide / නායයෑම්,Resettle / නැවත පදිංචිකිරීම,Minor or No Damages / සුළුහානි හෝ හානි නොමැති,,,,,,6.0,,34.0,,40,,Nuwara Eliya,80.693377,7.066844
80.661397,7.164668,Kandy,දොළුව ප්රා.ලේ.කො,තුම්පෑලවක,HR3,HR3,,TPB 424,TPB 424,,House / නිවාස,2025-11-27 00:00:00,,2026-06-10 00:00:00,Slope failures / බැවුම් අස්ථාවරවීම්,,,0.0,,,,,1.0,,4.0,,5,,Kandy,80.661397,7.164668
80.764631,7.159836,Nuwara Eliya,හඟුරන්කෙත ප්රා.ලේ.කො,හපුවල,HR3,HR3,,NBRI/NE/HKD/2026/VKG/39),NBRI/NE/HKD/2026/VKG/39),496,House / නිවාස,2025.11.27,,2026.03.30,Other / වෙනත් (වෙනත් කරුණු යටතේ සදහන් කරන්න),Resettle / නැවත පදිංචිකිරීම,Minor or No Damages / සුළුහානි හෝ හානි නොමැති,,ස්වභාවික නිම්න මාර්ගයක පිහිටීම,,,,1.0,,6.0,,7,,Nuwara Eliya,80.764631,7.159836
80.664583,7.047767,Nuwara Eliya,කොත්මලේ නැගෙනහිර ප්රා.ලේ.කො,නියම්ගන්දොර,HR3,HR3,,NBRI/NE/KTD[East]/2026/KLKT/130),NBRI/NE/KTD[East]/2026/KLKT/130),470,House / නිවාස,2025-11-27 00:00:00,,2025-12-11 00:00:00,Other / වෙනත් (වෙනත් කරුණු යටතේ සදහන් කරන්න),Resettle / නැවත පදිංචිකිරීම,Minor or No Damages / සුළුහානි හෝ හානි නොමැති,,සුනුපහන් පාංශු ස්ථරය අස්ථාවරවීම,,,,2.0,,4.0,,6,,Nuwara Eliya,80.664583,7.047767
80.576138,7.728718,Matale,ගලේවෙල ප්රා.ලේ.කො,මැදබැද්ද උතුර,HR3,HR3,,NBRO/MTL/GALEWELA/2026/WAES/21,NBRO/MTL/GALEWELA/2026/WAES/21,,House / නිවාස,2025-12-28 00:00:00,,W.A.E.S.. බිංදුසාර ( භූ විද්‍යාඥ ),"Slope failures / බැවුම් අස්ථාවරවීම්, Cutting failure / කණ්ඩි අස්ථාවරවීම්",,,,,,,,1.0,,,,1,,Matale,80.576138,7.728718
80.75798,7.136852,Nuwara Eliya,හඟුරන්කෙත ප්රා.ලේ.කො,මාකෙම්පේ,HR3,HR3,,NBRI/NE/HKD/2026/DSDD/251),NBRI/NE/HKD/2026/DSDD/251),,House / නිවාස,2025.11.27,,2026.04.06,Other / වෙනත් (වෙනත් කරුණු යටතේ සදහන් කරන්න),Resettle / නැවත පදිංචිකිරීම,Minor or No Damages / සුළුහානි හෝ හානි නොමැති,,සුන්බුන් ගලනය වීම,,,,1.0,,9.0,,10,,Nuwara Eliya,80.75798,7.136852
80.264564,7.196872,Kegalle,වරකාපොළ ප්රා.ලේ.කො,තුංතොට -,HR3,HR3,,LRR-WRP-94,LRR-WRP-94,85 ඒ,House / නිවාස,2025-11-28 00:00:00,,2026-03-21 00:00:00,Other / වෙනත් (වෙනත් කරුණු යටතේ සදහන් කරන්න),Resettle / නැවත පදිංචිකිරීම,Minor / සුළුහානි,,,,,,1.0,,7.0,,8,,Kegalle,80.264564,7.196872
80.585518,7.163904,Kandy,දොළුව ප්රා.ලේ.කො,ගම්පොලවත්ත,HR3,HR3,,TPB 505,TPB 505,,House / නිවාස,2025-11-27 00:00:00,,2026-06-22 00:00:00,Landslide / නායයෑම්,,,0.0,,,,,2.0,,1.0,,3,,Kandy,80.585518,7.163904
80.563285,7.67242,Matale,ගලේවෙල ප්රා.ලේ.කො,කොස්පොත,HR3,HR3,,NBRO/LRRMD-MAT/MTL/GALEWELA/26/WAES/306,NBRO/LRRMD-MAT/MTL/GALEWELA/26/WAES/306,,House / නිවාස,2025-11-27 00:00:00,,2026-05-14 00:00:00,Landslide / නායයෑම්,,,,,,,,5.0,,1.0,,6,,Matale,80.563285,7.67242
80.531338,7.784592,Matale,ගලේවෙල ප්රා.ලේ.කො,බඹරගස්වැව,HR3,HR3,,NBRO/LRRMD-MAT/MTL/GALEWELA/26/0133,NBRO/LRRMD-MAT/MTL/GALEWELA/26/0133,,House / නිවාස,2025-11-27 00:00:00,,2026-05-14 00:00:00,Rock fall / ගල් පෙරලීම්,,,,,,,,2.0,,,,2,,Matale,80.531338,7.784592
80.217506,7.190223,Kegalle,වරකාපොළ ප්රා.ලේ.කො,දොරවක පල්ලේබාගේ,HR3,HR3,,LRR-WRP-92,LRR-WRP-92,,House / නිවාස,2025-11-28 00:00:00,,2026-03-28 00:00:00,Other / වෙනත් (වෙනත් කරුණු යටතේ සදහන් කරන්න),Mitigation / අවදානම් අවම කිරීම,Minor / සුළුහානි,,,,,,4.0,,13.0,,17,,Kegalle,80.217506,7.190223
80.580052,7.164588,Kandy,දොළුව ප්රා.ලේ.කො,ගම්පොලවත්ත,HR3,HR3,,TPB 515,TPB 515,,House / නිවාස,2025-11-27 00:00:00,,2026-06-22 00:00:00,"Slope failures / බැවුම් අස්ථාවරවීම්, Other / වෙනත් (වෙනත් කරුණු යටතේ සදහන් කරන්න)",,,0.0,,,,,1.0,,2.0,,3,,Kandy,80.580052,7.164588
80.774917,7.17229,Nuwara Eliya,හඟුරන්කෙත ප්රා.ලේ.කො,දමුණුමෑය,HR3,HR3,,NBRI/NE/HKD/2026/VKG/58),NBRI/NE/HKD/2026/VKG/58),494,House / නිවාස,2025.11.27,,2026.05.15,Other / වෙනත් (වෙනත් කරුණු යටතේ සදහන් කරන්න),Resettle / නැවත පදිංචිකිරීම,Minor or No Damages / සුළුහානි හෝ හානි නොමැති,,දිය උල්පත් මතුවීම/නායයෑම් අවදානම,,,,1.0,,1.0,,2,,Nuwara Eliya,80.774917,7.17229
80.735145,7.13222,Nuwara Eliya,හඟුරන්කෙත ප්රා.ලේ.කො,බඹරගම බටහිර,HR3,HR3,,NBRI/NE/HKD/2026/VKG/59),NBRI/NE/HKD/2026/VKG/59),499/එෆ්,House / නිවාස,2025.11.27,,2026.05.15,Landslide / නායයෑම්,Resettle / නැවත පදිංචිකිරීම,Minor or No Damages / සුළුහානි හෝ හානි නොමැති,,,,,,1.0,,,,1,,Nuwara Eliya,80.735145,7.13222
80.632325,6.971878,Nuwara Eliya,කොත්මලේ නැගෙනහිර ප්රා.ලේ.කො,දුණුකේදෙණිය,HR3,HR3,,NBRI/NE/KTD[East]/2025/KLKT/04,NBRI/NE/KTD[East]/2025/KLKT/04,468 B,House / නිවාස,2025-11-27 00:00:00,,2025-12-17 00:00:00,Landslide / නායයෑම්,Resettle / නැවත පදිංචිකිරීම,Minor or No Damages / සුළුහානි හෝ හානි නොමැති,,,,,,8.0,,,,8,,Nuwara Eliya,80.632325,6.971878
80.285333,7.305375,Kegalle,වරකාපොළ ප්රා.ලේ.කො,වද්දෙණිය 77,HR3,HR3,,LRR-WRP-82,LRR-WRP-82,77,House / නිවාස,2025-11-28 00:00:00,,2026-02-24 00:00:00,Slope failures / බැවුම් අස්ථාවරවීම්,Resettle / නැවත පදිංචිකිරීම,Minor / සුළුහානි,,,,,,2.0,,4.0,,6,,Kegalle,80.285333,7.305375
80.663965,7.104366,Kandy,දොළුව ප්රා.ලේ.කො,පුපුරැස්ස,HR3,HR3,,TPB 579,TPB 579,,House / නිවාස,2025-11-27 00:00:00,,2026-07-17 00:00:00,Slope failures / බැවුම් අස්ථාවරවීම්,,,0.0,,,,,2.0,,4.0,,6,,Kandy,80.663965,7.104366
80.60237,7.212303,Kandy,උඩපළාත ප්රා.ලේ.කො,එගොඩ කළුගමුව,HR3,HR3,,MVN/0050,MVN/0050,,House / නිවාස,,,,,Resettle / නැවත පදිංචිකිරීම,,,,,,,1.0,,5.0,,6,,Kandy,80.60237,7.212303
80.402272,7.070615,Kegalle,යටියන්තොට ප්රා.ලේ.කො,බෙරන්නාව,HR3,HR3,,LRR-YTP-134,LRR-YTP-134,,House / නිවාස,2025-11-28 00:00:00,,2025-12-30 00:00:00,Landslide / නායයෑම්,Resettle / නැවත පදිංචිකිරීම,Minor / සුළුහානි,,,,,,2.0,,9.0,,11,,Kegalle,80.402272,7.070615
80.642578,7.140792,Kandy,උඩපළාත ප්රා.ලේ.කො,දුනුකේඋල්ල,HR3,HR3,,MVN/0037,MVN/0037,,House / නිවාස,,,,,Resettle / නැවත පදිංචිකිරීම,,,,,,,8.0,,18.0,,26,,Kandy,80.642578,7.140792
80.277814,7.120838,Kegalle,වරකාපොළ ප්රා.ලේ.කො,පොල්ගම්පල,HR3,HR3,,LRR-WRP-88,LRR-WRP-88,,House / නිවාස,2025-11-28 00:00:00,,2026-04-01 00:00:00,Landslide / නායයෑම්,Resettle / නැවත පදිංචිකිරීම,Minor / සුළුහානි,,,,,,4.0,,,,4,,Kegalle,80.277814,7.120838
80.709507,7.074488,Nuwara Eliya,කොත්මලේ නැගෙනහිර ප්රා.ලේ.කො,පොටොෆ්,HR3,HR3,,NBRI/NE/KTD[East]/2025/KLKT/28),NBRI/NE/KTD[East]/2025/KLKT/28),474 එම්,House / නිවාස,2025-11-27 00:00:00,,2026-01-02 00:00:00,Cutting failure / කණ්ඩි අස්ථාවරවීම්,Resettle / නැවත පදිංචිකිරීම,Minor or No Damages / සුළුහානි හෝ හානි නොමැති,,,,,,1.0,,4.0,,5,,Nuwara Eliya,80.709507,7.074488
80.729973,7.128356,Nuwara Eliya,හඟුරන්කෙත ප්රා.ලේ.කො,හදවලපිටිය,HR3,HR3,,NBRI/NE/HKD/2026/LSG/86,NBRI/NE/HKD/2026/LSG/86,499/ඒ,House / නිවාස,2025.11.27,,2026.08.18,Slope failures / බැවුම් අස්ථාවරවීම්,Resettle / නැවත පදිංචිකිරීම,Minor or No Damages / සුළුහානි හෝ හානි නොමැති,,,,,,1.0,,3.0,,4,,Nuwara Eliya,80.729973,7.128356
80.714152,7.068231,Nuwara Eliya,කොත්මලේ නැගෙනහිර ප්රා.ලේ.කො,පොටොෆ්,HR3,HR3,,NBRI/NE/KTD[East]/2025/KLKT/29),NBRI/NE/KTD[East]/2025/KLKT/29),474 එම්,House / නිවාස,2025-11-27 00:00:00,,2026-01-02 00:00:00,Cutting failure / කණ්ඩි අස්ථාවරවීම්,Resettle / නැවත පදිංචිකිරීම,Minor or No Damages / සුළුහානි හෝ හානි නොමැති,,,,,,4.0,,,,4,,Nuwara Eliya,80.714152,7.068231
80.684577,7.091977,Nuwara Eliya,කොත්මලේ නැගෙනහිර ප්රා.ලේ.කො,හෙල්බොඩ උතුර,HR3,HR3,,NBRI/NE/KTD[East]/2025/KLKT/32),NBRI/NE/KTD[East]/2025/KLKT/32),,House / නිවාස,2025-11-27 00:00:00,,2026-01-02 00:00:00,Slope failures / බැවුම් අස්ථාවරවීම්,Resettle / නැවත පදිංචිකිරීම,Minor or No Damages / සුළුහානි හෝ හානි නොමැති,,,,,,1.0,,3.0,,4,,Nuwara Eliya,80.684577,7.091977
80.662562,7.105416,Kandy,දොළුව ප්රා.ලේ.කො,පුපුරැස්ස,HR3,HR3,,TPB 584,TPB 584,,House / නිවාස,2025-11-27 00:00:00,,2026-07-17 00:00:00,Slope failures / බැවුම් අස්ථාවරවීම්,,,0.0,,,,,1.0,,,4.0,5,,Kandy,80.662562,7.105416
80.744045,7.139164,Nuwara Eliya,හඟුරන්කෙත ප්රා.ලේ.කො,බඹරගම නැගෙනහිර,HR3,HR3,,NBRI/NE/HKD/2026/LSG/72),NBRI/NE/HKD/2026/LSG/72),499/ඊ,House / නිවාස,2025.11.27,,2026.07.30,Slope failures / බැවුම් අස්ථාවරවීම්,Resettle / නැවත පදිංචිකිරීම,Minor or No Damages / සුළුහානි හෝ හානි නොමැති,,,,,,2.0,,1.0,,3,,Nuwara Eliya,80.744045,7.139164
80.779422,7.160612,Nuwara Eliya,හඟුරන්කෙත ප්රා.ලේ.කො,මාදන්වෙල,HR3,HR3,,NBRI/NE/HKD/2026/LSG/76,NBRI/NE/HKD/2026/LSG/76,493,House / නිවාස,2025.11.27,,2026.08.18,Slope failures / බැවුම් අස්ථාවරවීම්,Resettle / නැවත පදිංචිකිරීම,Minor or No Damages / සුළුහානි හෝ හානි නොමැති,,,,,,1.0,,4.0,,5,,Nuwara Eliya,80.779422,7.160612
80.90699,7.057198,Nuwara Eliya,නිල්දණ්ඩහින්න ප්රා.ලේ.කො,දෙමටාරාමය,HR3,HR3,,NBRI/NE/WLD[Nildandahinna]/2025/DMCP/45,NBRI/NE/WLD[Nildandahinna]/2025/DMCP/45,518 එෆ්,House / නිවාස,2025.11.27,6.30 PM,2026.01.01,Landslide / නායයෑම්,Resettle / නැවත පදිංචිකිරීම,Minor or No Damages / සුළුහානි හෝ හානි නොමැති,,,,,,10.0,,,,10,,Nuwara Eliya,80.90699,7.057198
80.914662,7.058556,Nuwara Eliya,නිල්දණ්ඩහින්න ප්රා.ලේ.කො,දෙමටාරාමය,HR3,HR3,,NBRI/NE/WLD[Nildandahinna]/2025/DMCP/44,NBRI/NE/WLD[Nildandahinna]/2025/DMCP/44,518 එෆ්,House / නිවාස,2025.11.27,-,2026.01.01,Cutting failure / කණ්ඩි අස්ථාවරවීම්,Resettle / නැවත පදිංචිකිරීම,Minor or No Damages / සුළුහානි හෝ හානි නොමැති,,,,,,9.0,,7.0,,16,,Nuwara Eliya,80.914662,7.058556
80.348531,7.063393,Kegalle,යටියන්තොට ප්රා.ලේ.කො,අමනාවල,HR3,HR3,,ERR - YTP - 09,ERR - YTP - 09,131ඒ,House / නිවාස,2025-11-28 00:00:00,13:00:00,2025-12-18 00:00:00,Landslide / නායයෑම්,Resettle / නැවත පදිංචිකිරීම,Minor / සුළුහානි,,,,,,1.0,,2.0,1.0,4,,Kegalle,80.348531,7.063393
80.239801,7.264272,Kegalle,වරකාපොළ ප්රා.ලේ.කො,නාන්ගල්ල,HR3,HR3,,LRR-WRP-81,LRR-WRP-81,- 82C,House / නිවාස,2025-11-28 00:00:00,,2026-02-24 00:00:00,Landslide / නායයෑම්,Resettle / නැවත පදිංචිකිරීම,Minor / සුළුහානි,,,,,,1.0,,4.0,,5,,Kegalle,80.239801,7.264272
80.67321,6.997559,Nuwara Eliya,කොත්මලේ නැගෙනහිර ප්රා.ලේ.කො,ශීන් වත්ත,HR3,HR3,,NBRI/NE/KTD(East)/2026/KLKT/49),NBRI/NE/KTD(East)/2026/KLKT/49),,House / නිවාස,2025-11-27 00:00:00,,2026-01-09 00:00:00,Slope failures / බැවුම් අස්ථාවරවීම්,Resettle / නැවත පදිංචිකිරීම,Minor or No Damages / සුළුහානි හෝ හානි නොමැති,,,,,,1.0,,,,1,,Nuwara Eliya,80.67321,6.997559
80.68126,7.006743,Nuwara Eliya,කොත්මලේ නැගෙනහිර ප්රා.ලේ.කො,ශීන් වත්ත,HR3,HR3,,NBRI/NE/KTD[East]/2026/KLKT/46),NBRI/NE/KTD[East]/2026/KLKT/46),,House / නිවාස,2025-11-27 00:00:00,,2026-01-09 00:00:00,Slope failures / බැවුම් අස්ථාවරවීම්,Resettle / නැවත පදිංචිකිරීම,Minor or No Damages / සුළුහානි හෝ හානි නොමැති,,,,,,1.0,,2.0,,3,,Nuwara Eliya,80.68126,7.006743
80.916482,7.088966,Nuwara Eliya,නිල්දණ්ඩහින්න ප්රා.ලේ.කො,උඩමාදුර,HR3,HR3,,NBRI/NE/WLD[Nildandahinna]/2025/SMK/70,NBRI/NE/WLD[Nildandahinna]/2025/SMK/70,,House / නිවාස,2025.11.27,,2026.01.01,Slope failures / බැවුම් අස්ථාවරවීම්,Resettle / නැවත පදිංචිකිරීම,Minor or No Damages / සුළුහානි හෝ හානි නොමැති,,,,,,8.0,,6.0,,14,,Nuwara Eliya,80.916482,7.088966
80.683053,6.998234,Nuwara Eliya,කොත්මලේ නැගෙනහිර ප්රා.ලේ.කො,ශීන් වත්ත,HR3,HR3,,NBRI/NE/KTD(East)/2026/KLKT/50),NBRI/NE/KTD(East)/2026/KLKT/50),,House / නිවාස,2025-11-27 00:00:00,,2026-01-09 00:00:00,Slope failures / බැවුම් අස්ථාවරවීම්,Resettle / නැවත පදිංචිකිරීම,Minor or No Damages / සුළුහානි හෝ හානි නොමැති,,,,,,1.0,,,,1,,Nuwara Eliya,80.683053,6.998234
80.922254,7.013316,Nuwara Eliya,නිල්දණ්ඩහින්න ප්රා.ලේ.කො,කුරුපනාවෙල,HR3,HR3,,NBRI/NE/WLD[Nildandahinna]/2025/DSDD/47,NBRI/NE/WLD[Nildandahinna]/2025/DSDD/47,,House / නිවාස,2025.11.26,උදේ 6.00,2026.01.03,Slope failures / බැවුම් අස්ථාවරවීම්,Resettle / නැවත පදිංචිකිරීම,Minor or No Damages / සුළුහානි හෝ හානි නොමැති,,,,,,7.0,,4.0,,11,,Nuwara Eliya,80.922254,7.013316
80.65403,7.155606,Kandy,දොළුව ප්රා.ලේ.කො,තුම්පෑලවක,HR3,HR3,,TPB 598,TPB 598,,House / නිවාස,2025-11-27 00:00:00,,2026-07-27 00:00:00,Landslide / නායයෑම්,,,0.0,,,,,1.0,,,,1,,Kandy,80.65403,7.155606
80.650828,7.159485,Kandy,දොළුව ප්රා.ලේ.කො,තුම්පෑලවක,HR3,HR3,,TPB 601,TPB 601,,House / නිවාස,2025-11-27 00:00:00,,2026-07-27 00:00:00,"Cutting failure / කණ්ඩි අස්ථාවරවීම්, Other / වෙනත් (වෙනත් කරුණු යටතේ සදහන් කරන්න)",,,0.0,,,,,1.0,,,,1,,Kandy,80.650828,7.159485
80.680632,7.006844,Nuwara Eliya,කොත්මලේ නැගෙනහිර ප්රා.ලේ.කො,ශීන් වත්ත,HR3,HR3,,NBRI/NE/KTD(East)/2026/KLKT/55),NBRI/NE/KTD(East)/2026/KLKT/55),,House / නිවාස,2025-11-28 00:00:00,,2026-01-09 00:00:00,Slope failures / බැවුම් අස්ථාවරවීම්,Resettle / නැවත පදිංචිකිරීම,Minor or No Damages / සුළුහානි හෝ හානි නොමැති,,,,,,3.0,,,,3,,Nuwara Eliya,80.680632,7.006844
80.643981,7.070045,Nuwara Eliya,කොත්මලේ නැගෙනහිර ප්රා.ලේ.කො,මාවෙල නැගෙනහිර සහ මාවෙල කන්ද,HR3,HR3,,NBRI/NE/KTD[East]/2026/LY/51),NBRI/NE/KTD[East]/2026/LY/51),,House / නිවාස,2025-11-27 00:00:00,,2026-01-06 00:00:00,Slope failures / බැවුම් අස්ථාවරවීම්,Resettle / නැවත පදිංචිකිරීම,Minor or No Damages / සුළුහානි හෝ හානි නොමැති,,,,,,3.0,,,,3,,Nuwara Eliya,80.643981,7.070045
80.705478,7.615263,Matale,නාඋල ප්රා.ලේ.කො,ඕපල්ග්ගල,HR3,HR3,,NBRO/MTL/NAULA/2026/KA/HOUSE 4,NBRO/MTL/NAULA/2026/KA/HOUSE 4,,Religiou / ආගමික ස්ථානය,2025-11-27 00:00:00,,2026-01-07 00:00:00,Other / වෙනත් (වෙනත් කරුණු යටතේ සදහන් කරන්න),,,,,,,,1.0,,4.0,5.0,10,,Matale,80.705478,7.615263
80.391091,7.023302,Kegalle,යටියන්තොට ප්රා.ලේ.කො,කිරිකොහුතැන්න,HR3,HR3,,LRR-YTP-25,LRR-YTP-25,134ඒෆ්,House / නිවාස,2025-11-28 00:00:00,10:10:00,2025-12-20 00:00:00,Landslide / නායයෑම්,Resettle / නැවත පදිංචිකිරීම,Minor / සුළුහානි,,,,,,1.0,,9.0,,10,,Kegalle,80.391091,7.023302
80.641136,7.079098,Nuwara Eliya,කොත්මලේ නැගෙනහිර ප්රා.ලේ.කො,නව මොරපේ,HR3,HR3,,NBRI/NE/KTD[East]/2026/LY/සංශෝධන/55),NBRI/NE/KTD[East]/2026/LY/සංශෝධන/55),456ඩී,House / නිවාස,2025-11-26 00:00:00,,2026-01-18 00:00:00,Landslide / නායයෑම්,Resettle / නැවත පදිංචිකිරීම,Minor or No Damages / සුළුහානි හෝ හානි නොමැති,,,,,,2.0,,3.0,,5,,Nuwara Eliya,80.641136,7.079098
80.913899,7.017858,Nuwara Eliya,නිල්දණ්ඩහින්න ප්රා.ලේ.කො,වතුලන්ද නැගෙනහිර,HR3,HR3,,NBRI/NE/WLD[Nildandahinna]/2025/DSDD/45,NBRI/NE/WLD[Nildandahinna]/2025/DSDD/45,,House / නිවාස,2025.11.26,උදේ 6.00,2026.1.03,Slope failures / බැවුම් අස්ථාවරවීම්,Resettle / නැවත පදිංචිකිරීම,Minor or No Damages / සුළුහානි හෝ හානි නොමැති,,,,,,2.0,,2.0,,4,,Nuwara Eliya,80.913899,7.017858
80.406992,7.006928,Kegalle,යටියන්තොට ප්රා.ලේ.කො,කිතුල්ගල උතුර,HR3,HR3,,LRR-YTP-21/A,LRR-YTP-21/A,,House / නිවාස,2025-11-28 00:00:00,,2025-12-18 00:00:00,Landslide / නායයෑම්,Resettle / නැවත පදිංචිකිරීම,Minor / සුළුහානි,,,,,,7.0,,10.0,,17,,Kegalle,80.406992,7.006928
80.670018,7.614808,Matale,නාඋල ප්රා.ලේ.කො,ලිහිනිපිටිය,HR3,HR3,,"NBRO/MTL/NAULA/2026/DJ,SJ/114","NBRO/MTL/NAULA/2026/DJ,SJ/114",,House / නිවාස,2025-11-27 00:00:00,,2026-01-12 00:00:00,"Landslide / නායයෑම්, Cutting failure / කණ්ඩි අස්ථාවරවීම්, Rock fall / ගල් පෙරලීම්",,,,,,,,14.0,,,,14,,Matale,80.670018,7.614808
80.310519,7.029924,Kegalle,යටියන්තොට ප්රා.ලේ.කො,පරැස්සැල්ල,HR3,HR3,,LRR-YTP-131,LRR-YTP-131,106A,House / නිවාස,2025-11-28 00:00:00,,2026-02-09 00:00:00,Rock fall / ගල් පෙරලීම්,Resettle / නැවත පදිංචිකිරීම,Minor / සුළුහානි,,,,,,1.0,,5.0,,6,,Kegalle,80.310519,7.029924
80.303075,7.044916,Kegalle,යටියන්තොට ප්රා.ලේ.කො,මහවිල,HR3,HR3,,LRR-YTP-87,LRR-YTP-87,106සී,House / නිවාස,2025-11-28 00:00:00,,2026-01-21 00:00:00,Slope failures / බැවුම් අස්ථාවරවීම්,Resettle / නැවත පදිංචිකිරීම,Minor / සුළුහානි,,,,,,2.0,,15.0,3.0,20,,Kegalle,80.303075,7.044916
80.689656,7.067333,Nuwara Eliya,කොත්මලේ නැගෙනහිර ප්රා.ලේ.කො,රම්බොඩ,HR3,HR3,,NBRI/NE/KTD[East]/2026/LY/78),NBRI/NE/KTD[East]/2026/LY/78),474,House / නිවාස,2025.11.27,,2026.02.03,Rock fall / ගල් පෙරලීම්,Resettle / නැවත පදිංචිකිරීම,Minor or No Damages / සුළුහානි හෝ හානි නොමැති,,,,,,1.0,,,,1,,Nuwara Eliya,80.689656,7.067333
80.654126,7.073414,Nuwara Eliya,කොත්මලේ නැගෙනහිර ප්රා.ලේ.කො,හෙල්සිරිගම,HR3,HR3,,NBRI/NE/KTD[East]/2026/LY/97),NBRI/NE/KTD[East]/2026/LY/97),474ඩී,House / නිවාස,2025.11.27,,2026.02.06,Other / වෙනත් (වෙනත් කරුණු යටතේ සදහන් කරන්න),Resettle / නැවත පදිංචිකිරීම,Minor or No Damages / සුළුහානි හෝ හානි නොමැති,,ජල බුබුළු මතුවීම,,,,1.0,,,,1,,Nuwara Eliya,80.654126,7.073414
80.651051,7.660226,Matale,නාඋල ප්රා.ලේ.කො,හපුගස්යාය,HR3,HR3,,"NBRO/MTL/NAULA/2026/TW,SW/168","NBRO/MTL/NAULA/2026/TW,SW/168",E 415D,House / නිවාස,2025-11-28 00:00:00,,2026-02-06 00:00:00,Other / වෙනත් (වෙනත් කරුණු යටතේ සදහන් කරන්න),,,,,,,,1.0,,,,1,,Matale,80.651051,7.660226
80.668358,7.073173,Nuwara Eliya,කොත්මලේ නැගෙනහිර ප්රා.ලේ.කො,දෙලුම්තලාමඩ / පනංගම්මන,HR3,HR3,,NBRI/NE/KTD[East]/2026/SMK/141),NBRI/NE/KTD[East]/2026/SMK/141),,House / නිවාස,2025.11.27,,2026.02.16,Other / වෙනත් (වෙනත් කරුණු යටතේ සදහන් කරන්න),Resettle / නැවත පදිංචිකිරීම,Minor or No Damages / සුළුහානි හෝ හානි නොමැති,,ආතති පැලුම්,,,,1.0,,10.0,,11,,Nuwara Eliya,80.668358,7.073173
80.678973,7.660553,Matale,නාඋල ප්රා.ලේ.කො,සේනාගම,HR3,HR3,,"NBRO/MTL/NAULA/2026/TW,SW/169","NBRO/MTL/NAULA/2026/TW,SW/169",E 383B,House / නිවාස,2025-11-28 00:00:00,,2026-02-06 00:00:00,"Rock fall / ගල් පෙරලීම්, Other / වෙනත් (වෙනත් කරුණු යටතේ සදහන් කරන්න)",,,,,,,,1.0,,,3.0,4,,Matale,80.678973,7.660553
80.677153,7.617368,Matale,නාඋල ප්රා.ලේ.කො,ආදාවල,HR3,HR3,,NBRO/MTL/NAULA/2026/BCA/277,NBRO/MTL/NAULA/2026/BCA/277,,House / නිවාස,2025-11-27 00:00:00,,2026-04-07 00:00:00,Slope failures / බැවුම් අස්ථාවරවීම්,,,,,,,,1.0,,,,1,,Matale,80.677153,7.617368
80.679542,7.131577,Kandy,දොළුව ප්රා.ලේ.කො,පුපුරැස්ස,HR3,HR3,,TPB 554,TPB 554,,House / නිවාස,2025-11-27 00:00:00,,2026-07-15 00:00:00,Landslide / නායයෑම්,,,0.0,,,,,1.0,,,,1,,Kandy,80.679542,7.131577
80.664202,7.027443,Nuwara Eliya,කොත්මලේ නැගෙනහිර ප්රා.ලේ.කො,මැදකන්ද,HR3,HR3,,NBRI/NE/KTD[East]/2026/KLKT/116),NBRI/NE/KTD[East]/2026/KLKT/116),,House / නිවාස,2025-11-27 00:00:00,,2026 /02/16,Slope failures / බැවුම් අස්ථාවරවීම්,Resettle / නැවත පදිංචිකිරීම,Minor or No Damages / සුළුහානි හෝ හානි නොමැති,,,,,,8.0,,8.0,,16,,Nuwara Eliya,80.664202,7.027443
80.644291,7.697878,Matale,නාඋල ප්රා.ලේ.කො,අරන්ගල,HR3,HR3,,NBRO/LRRMD-MAT/NAULA/LI/26/0565,NBRO/LRRMD-MAT/NAULA/LI/26/0565,,House / නිවාස,2025-11-27 00:00:00,,2026-05-06 00:00:00,Other / වෙනත් (වෙනත් කරුණු යටතේ සදහන් කරන්න),Resettle / නැවත පදිංචිකිරීම,Partially / අර්ධහානි,,,,,,1.0,,,,1,,Matale,80.644291,7.697878
80.901734,7.033598,Nuwara Eliya,නිල්දණ්ඩහින්න ප්රා.ලේ.කො,මාතැටිල්ල,HR3,HR3,,NBRI/NE/WLD[Nildandahinna]/2025/LY/34,NBRI/NE/WLD[Nildandahinna]/2025/LY/34,528 - එෆ්,House / නිවාස,2025.11.26,,2026.01.01,Rock fall / ගල් පෙරලීම්,Resettle / නැවත පදිංචිකිරීම,Minor or No Damages / සුළුහානි හෝ හානි නොමැති,,,,,,7.0,,10.0,,17,,Nuwara Eliya,80.901734,7.033598
80.690125,7.06847,Nuwara Eliya,කොත්මලේ නැගෙනහිර ප්රා.ලේ.කො,රම්බොඩ,HR3,HR3,,NBRI/NE/KTD[East]/2026/LY/126),NBRI/NE/KTD[East]/2026/LY/126),,House / නිවාස,2025.11.27,,2026.02.16,Rock fall / ගල් පෙරලීම්,Resettle / නැවත පදිංචිකිරීම,Minor or No Damages / සුළුහානි හෝ හානි නොමැති,,,,,,2.0,,,,2,,Nuwara Eliya,80.690125,7.06847
80.661456,7.037886,Nuwara Eliya,කොත්මලේ නැගෙනහිර ප්රා.ලේ.කො,නියම්ගන්දොර,HR3,HR3,,NBRI/NE/KTD[East]/2026/DSDD/207),NBRI/NE/KTD[East]/2026/DSDD/207),470,House / නිවාස,2025.11.27,,2026.03.12,Landslide / නායයෑම්,Resettle / නැවත පදිංචිකිරීම,Minor or No Damages / සුළුහානි හෝ හානි නොමැති,,,,,,8.0,,,,8,,Nuwara Eliya,80.661456,7.037886
80.900569,7.018458,Nuwara Eliya,නිල්දණ්ඩහින්න ප්රා.ලේ.කො,අඹලියද්ද,HR3,HR3,,NBRI/NE/WLD[Nildandahinna]/2025/LY/21,NBRI/NE/WLD[Nildandahinna]/2025/LY/21,531,House / නිවාස,2025.11.27,,2025.12.23,Slope failures / බැවුම් අස්ථාවරවීම්,Resettle / නැවත පදිංචිකිරීම,Minor or No Damages / සුළුහානි හෝ හානි නොමැති,,,,,,1.0,,9.0,,10,,Nuwara Eliya,80.900569,7.018458
80.918604,7.068938,Nuwara Eliya,නිල්දණ්ඩහින්න ප්රා.ලේ.කො,දෙමටරාව,HR3,HR3,,NBRI/NE/WLD[Nildandahinna]/2025/KLKT/33,NBRI/NE/WLD[Nildandahinna]/2025/KLKT/33,518 එෆ්,House / නිවාස,2025.11.27,,2026.01.01,Landslide / නායයෑම්,Resettle / නැවත පදිංචිකිරීම,Minor or No Damages / සුළුහානි හෝ හානි නොමැති,,,,,,3.0,,14.0,,17,,Nuwara Eliya,80.918604,7.068938
80.241288,7.281641,Kegalle,වරකාපොළ ප්රා.ලේ.කො,ඕපාත,HR3,HR3,,LRR-WRP-83,LRR-WRP-83,78B,House / නිවාස,2025-11-28 00:00:00,,2026-02-24 00:00:00,Slope failures / බැවුම් අස්ථාවරවීම්,Resettle / නැවත පදිංචිකිරීම,Minor / සුළුහානි,,,,,,1.0,,1.0,,2,,Kegalle,80.241288,7.281641
80.282772,7.270871,Kegalle,වරකාපොළ ප්රා.ලේ.කො,තල්ගම,HR3,HR3,,LRR-WRP-84,LRR-WRP-84,79B,House / නිවාස,2025-11-28 00:00:00,,2026-02-24 00:00:00,Landslide / නායයෑම්,Resettle / නැවත පදිංචිකිරීම,Minor / සුළුහානි,,,,,,1.0,,1.0,,2,,Kegalle,80.282772,7.270871
80.689815,7.068614,Nuwara Eliya,කොත්මලේ නැගෙනහිර ප්රා.ලේ.කො,රම්බොඩ,HR3,HR3,,NBRI/NE/KTD[East]/2026/VKG/45),NBRI/NE/KTD[East]/2026/VKG/45),474,House / නිවාස,2025.11.27,,2026.04.18 සහ 2026.04.19,Other / වෙනත් (වෙනත් කරුණු යටතේ සදහන් කරන්න),Resettle / නැවත පදිංචිකිරීම,Minor or No Damages / සුළුහානි හෝ හානි නොමැති,,නායයෑමක සුන්බුන් ගලනය වූ නිම්න මාර්ගයක පිහිටීම,,,,14.0,,7.0,,21,,Nuwara Eliya,80.689815,7.068614
80.907605,7.024066,Nuwara Eliya,නිල්දණ්ඩහින්න ප්රා.ලේ.කො,ඇඹුලම්පහ,HR3,HR3,,NBRI/NE/WLD[Nildandahinna]/2025/LY/37,NBRI/NE/WLD[Nildandahinna]/2025/LY/37,531ඒ,House / නිවාස,2025.11.27,,2026.01.03,Slope failures / බැවුම් අස්ථාවරවීම්,Resettle / නැවත පදිංචිකිරීම,Minor or No Damages / සුළුහානි හෝ හානි නොමැති,,(ස්ථීර පදිංචියක් නොමැත),,,,3.0,,14.0,,17,,Nuwara Eliya,80.907605,7.024066
80.729803,7.590911,Matale,ලග්ගල පල්ලෙගම ප්රා.ලේ.කො,"දිවුල්ගස්පතන, කරගස්තැන්න",HR3,HR3,,NBRO/MTL/LAGGALA/2026/EIJ/273,NBRO/MTL/LAGGALA/2026/EIJ/273,E 400 A,House / නිවාස,2025-11-27 00:00:00,,2026-02-27 00:00:00,Landslide / නායයෑම්,,,,,,,,3.0,,,,3,,Matale,80.729803,7.590911
80.879505,7.493372,Matale,ලග්ගල පල්ලෙගම ප්රා.ලේ.කො,කිවුලවාඩිය,HR3,HR3,,NBRO/MTL/LAGGALA/2026/EIJ/180,NBRO/MTL/LAGGALA/2026/EIJ/180,E 392A,House / නිවාස,2025-11-26 00:00:00,,2026-01-23 00:00:00,Landslide / නායයෑම්,,,,,,,,1.0,,1.0,,2,,Matale,80.879505,7.493372
80.706645,7.03643,Nuwara Eliya,කොත්මලේ නැගෙනහිර ප්රා.ලේ.කො,පලාගොල්ල,HR3,HR3,,NBRI/NE/KTD[East]/2026/DSDD/272),NBRI/NE/KTD[East]/2026/DSDD/272),474සී,House / නිවාස,2025.11.27,,2026.05.04,Rock fall / ගල් පෙරලීම්,Resettle / නැවත පදිංචිකිරීම,Minor or No Damages / සුළුහානි හෝ හානි නොමැති,,ගල් පෙරළීම / කණ්ඩි අස්ථාවරවීම,,,,4.0,,4.0,,8,,Nuwara Eliya,80.706645,7.03643
80.873384,6.976429,Nuwara Eliya,නිල්දණ්ඩහින්න ප්රා.ලේ.කො,උඩුපුස්සැල්ලාව උතුර,HR3,HR3,,NBRI/NE/WLD[Nildandahinna]/2026/SMK/69),NBRI/NE/WLD[Nildandahinna]/2026/SMK/69),533 ඊ,House / නිවාස,2025-11-27 00:00:00,,2026-01-11 00:00:00,Landslide / නායයෑම්,Resettle / නැවත පදිංචිකිරීම,Minor or No Damages / සුළුහානි හෝ හානි නොමැති,,,,,,2.0,,35.0,,37,,Nuwara Eliya,80.873384,6.976429
80.918735,7.506207,Matale,විල්ගමුව ප්රා.ලේ.කො,නුග‌ගොල්ල,HR3,HR3,,NBRO/MTL/WILGAMUWA/2025/WAES/58,NBRO/MTL/WILGAMUWA/2025/WAES/58,,House / නිවාස,2025-11-27 00:00:00,,2025-12-15 00:00:00,Slope failures / බැවුම් අස්ථාවරවීම්,,,,,,,,11.0,,15.0,,26,,Matale,80.918735,7.506207
80.677276,7.05343,Nuwara Eliya,කොත්මලේ නැගෙනහිර ප්රා.ලේ.කො,අඹතලාව,HR3,HR3,,NBRI/NE/KTD[East]/2026/SMK/198),NBRI/NE/KTD[East]/2026/SMK/198),470 /ඒ,House / නිවාස,2025.11.27,,2026.04.26,Slope failures / බැවුම් අස්ථාවරවීම්,Resettle / නැවත පදිංචිකිරීම,Minor or No Damages / සුළුහානි හෝ හානි නොමැති,,,,,,2.0,,,,2,,Nuwara Eliya,80.677276,7.05343
80.921417,7.501734,Matale,විල්ගමුව ප්රා.ලේ.කො,නුග‌ගොල්ල,HR3,HR3,,NBRO/MTL/WILGAMUWA/2025/WAES/49,NBRO/MTL/WILGAMUWA/2025/WAES/49,,House / නිවාස,2025-11-27 00:00:00,22:10:00,2025-12-15 00:00:00,Slope failures / බැවුම් අස්ථාවරවීම්,,,,,,,,1.0,,1.0,,2,,Matale,80.921417,7.501734
80.673706,7.053894,Nuwara Eliya,කොත්මලේ නැගෙනහිර ප්රා.ලේ.කො,අඹතලාව,HR3,HR3,,NBRI/NE/KTD[East]/2026/DSDD/277),NBRI/NE/KTD[East]/2026/DSDD/277),,House / නිවාස,2025.11.27,,2026.04.31,Other / වෙනත් (වෙනත් කරුණු යටතේ සදහන් කරන්න),Resettle / නැවත පදිංචිකිරීම,Minor or No Damages / සුළුහානි හෝ හානි නොමැති,,,,,,2.0,,24.0,,26,,Nuwara Eliya,80.673706,7.053894
80.393822,7.001157,Kegalle,යටියන්තොට ප්රා.ලේ.කො,කිතුල්ගල උතුර,HR3,HR3,,LRR - YTP - 15,LRR - YTP - 15,134,House / නිවාස,2025-11-28 00:00:00,,2025-12-17 00:00:00,Rock fall / ගල් පෙරලීම්,Resettle / නැවත පදිංචිකිරීම,Partially / අර්ධහානි,,,,,,2.0,,7.0,,9,,Kegalle,80.393822,7.001157
80.395269,7.001361,Kegalle,යටියන්තොට ප්රා.ලේ.කො,කිතුල්ගල උතුර,HR3,HR3,,LRR - YTP - 14,LRR - YTP - 14,134,House / නිවාස,2025-11-28 00:00:00,,2025-12-17 00:00:00,Landslide / නායයෑම්,Resettle / නැවත පදිංචිකිරීම,Partially / අර්ධහානි,,,,,,3.0,,6.0,,9,,Kegalle,80.395269,7.001361
80.652747,7.074747,Nuwara Eliya,කොත්මලේ නැගෙනහිර ප්රා.ලේ.කො,ගොඹුරුඔය,HR3,HR3,,NBRI/NE/KTD[East]/2026/SMK/219),NBRI/NE/KTD[East]/2026/SMK/219),,House / නිවාස,2025.11.27,,2026.05.10,Slope failures / බැවුම් අස්ථාවරවීම්,Resettle / නැවත පදිංචිකිරීම,Minor or No Damages / සුළුහානි හෝ හානි නොමැති,0.0,,,,,1.0,,,,1,,Nuwara Eliya,80.652747,7.074747
80.645048,7.078598,Nuwara Eliya,කොත්මලේ නැගෙනහිර ප්රා.ලේ.කො,රජඇළ,HR3,HR3,,NBRI/NE/KTD[East]/2026/VKG/53),NBRI/NE/KTD[East]/2026/VKG/53),,House / නිවාස,2025.11.27,,2026.05.10,Other / වෙනත් (වෙනත් කරුණු යටතේ සදහන් කරන්න),Resettle / නැවත පදිංචිකිරීම,Minor or No Damages / සුළුහානි හෝ හානි නොමැති,0.0,නිම්න මාර්ගයක පිහිටීම,,,,2.0,,2.0,,4,,Nuwara Eliya,80.645048,7.078598
80.635797,7.073033,Nuwara Eliya,කොත්මලේ නැගෙනහිර ප්රා.ලේ.කො,මාවෙල බටහිර,HR3,HR3,,NBRI/NE/KTD[East]/2026/WGMSS/105),NBRI/NE/KTD[East]/2026/WGMSS/105),456/ඩී,House / නිවාස,2025.11.27,,2026.06.16,Other / වෙනත් (වෙනත් කරුණු යටතේ සදහන් කරන්න),Resettle / නැවත පදිංචිකිරීම,Minor or No Damages / සුළුහානි හෝ හානි නොමැති,0.0,බෑවුම් අස්ථාවරවීමේ සහ ගල් පෙරලීමේ අවදානම,,,,8.0,,6.0,,14,,Nuwara Eliya,80.635797,7.073033
80.650857,7.017684,Nuwara Eliya,කොත්මලේ නැගෙනහිර ප්රා.ලේ.කො,බෝගහවෙල,HR3,HR3,,NBRI/NE/KTD[East]/2026/VKG/95),NBRI/NE/KTD[East]/2026/VKG/95),468/ඩී,House / නිවාස,2025.11.27,,2026.06.16,Other / වෙනත් (වෙනත් කරුණු යටතේ සදහන් කරන්න),Resettle / නැවත පදිංචිකිරීම,Minor or No Damages / සුළුහානි හෝ හානි නොමැති,0.0,අවදානම් සහගත ලෙස නිම්න මාර්ගයක් තුළ පිහිටීම,,,,5.0,,7.0,,12,,Nuwara Eliya,80.650857,7.017684
80.666907,7.065668,Nuwara Eliya,කොත්මලේ නැගෙනහිර ප්රා.ලේ.කො,පනම්ගම්මන,HR3,HR3,,NBRI/NE/KTD[East]/2026/LSG/47),NBRI/NE/KTD[East]/2026/LSG/47),473,House / නිවාස,2025.11.27,,2026.06.19,Other / වෙනත් (වෙනත් කරුණු යටතේ සදහන් කරන්න),Resettle / නැවත පදිංචිකිරීම,Minor or No Damages / සුළුහානි හෝ හානි නොමැති,0.0,අධික බැවුම සහ නිම්න ආශ්‍රිත කලාපය,,,,3.0,,15.0,,18,,Nuwara Eliya,80.666907,7.065668
80.652768,7.030028,Nuwara Eliya,කොත්මලේ නැගෙනහිර ප්රා.ලේ.කො,කිරිදිවෙල,HR3,HR3,,NBRI/NE/KTD[East]/2026/WGMSS/100),NBRI/NE/KTD[East]/2026/WGMSS/100),469/බී,House / නිවාස,2025.11.27,,2026.06.11,Other / වෙනත් (වෙනත් කරුණු යටතේ සදහන් කරන්න),Resettle / නැවත පදිංචිකිරීම,Minor or No Damages / සුළුහානි හෝ හානි නොමැති,0.0,"නිම්න මාර්ගයකට ඉතා ආසන්නයේ පිහිටීම සහ බෑවුම් අස්ථාවර වීමේ අවදානම
ජල ගැලීම සහ සුන්බුන් ගලනය",,,,1.0,,4.0,,5,,Nuwara Eliya,80.652768,7.030028
80.879186,7.344401,Kandy,පාතදුම්බර ප්රා.ලේ.කො,යටිරාවන,HR3,HR3,,JSB/047,JSB/047,641.0,House / නිවාස,2025-11-27 00:00:00,,2025-12-16 00:00:00,Slope failures / බැවුම් අස්ථාවරවීම්,Resettle / නැවත පදිංචිකිරීම,Minor / සුළුහානි,0.0,,,,,1.0,,2.0,,3,,Kandy,80.879186,7.344401
80.875646,7.044971,Nuwara Eliya,වලපනේ ප්රා.ලේ.කො,හරස්බැද්ද උතුර,HR3,HR3,,NBRI/NE/WLD/2026/VKG/104),NBRI/NE/WLD/2026/VKG/104),526/බී,House / නිවාස,2025.11.27 සහ මීට පෙර සිටම,,2026.07.09,Other / වෙනත් (වෙනත් කරුණු යටතේ සදහන් කරන්න),Resettle / නැවත පදිංචිකිරීම,Minor or No Damages / සුළුහානි හෝ හානි නොමැති,,ඉහළ බෑවුම් ප්‍රදේශයේ ආතති පැලුම් මතුවීම,,,,3.0,,23.0,,26,,Nuwara Eliya,80.875646,7.044971
80.703122,7.489596,Matale,රත්තොට ප්රා.ලේ.කො,බඹරකිරි ඇල්ල,HR3,HR3,,NBRO/MTL/RATHTHOTA/2026/WAES/206,NBRO/MTL/RATHTHOTA/2026/WAES/206,E 375 D,House / නිවාස,2025-11-27 00:00:00,,2026-02-05 00:00:00,"Landslide / නායයෑම්, Slope failures / බැවුම් අස්ථාවරවීම්, Cutting failure / කණ්ඩි අස්ථාවරවීම්",,,,,,,,1.0,,,,1,,Matale,80.703122,7.489596
80.5407,7.14429,Kandy,ගඟ ඉහළ කෝරලේ ප්රා.ලේ.කො,ගල්පාය,HR3,HR3,,TPB /076,TPB /076,1066,House / නිවාස,2025-11-27 00:00:00,,2026-02-06 00:00:00,Other / වෙනත් (වෙනත් කරුණු යටතේ සදහන් කරන්න),,,,,,,,4.0,,2.0,,6,,Kandy,80.5407,7.14429
80.504013,7.095405,Kandy,ගඟ ඉහළ කෝරලේ ප්රා.ලේ.කො,රාක්ෂාව,HR3,HR3,,GHD 178,GHD 178,1053,House / නිවාස,2025-11-27 00:00:00,,2026-04-06 00:00:00,Landslide / නායයෑම්,,,,නායයෑම් අවධානම්,,,,2.0,,,,2,,Kandy,80.504013,7.095405
80.530625,7.116452,Kandy,ගඟ ඉහළ කෝරලේ ප්රා.ලේ.කො,ඇල්පිටිය දකුණ,HR3,HR3,,GHD 184,GHD 184,1064,House / නිවාස,2025-11-27 00:00:00,,2026-06-08 00:00:00,Other / වෙනත් (වෙනත් කරුණු යටතේ සදහන් කරන්න),,,,බෑවුම් අස්ථාවර වීමට ඇති අවධානම,,,,1.0,,2.0,,3,,Kandy,80.530625,7.116452
80.538878,7.144077,Kandy,ගඟ ඉහළ කෝරලේ ප්රා.ලේ.කො,ගල්පාය,HR3,HR3,,TPB /081,TPB /081,1066,House / නිවාස,2025-11-27 00:00:00,,2026-02-06 00:00:00,Slope failures / බැවුම් අස්ථාවරවීම්,,,,,,,,1.0,,,,1,,Kandy,80.538878,7.144077
80.524453,7.145057,Kandy,ගඟ ඉහළ කෝරලේ ප්රා.ලේ.කො,කොහෝවල,HR3,HR3,,GHD 059,GHD 059,1060,House / නිවාස,2025-11-27 00:00:00,,2026-03-31 00:00:00,Other / වෙනත් (වෙනත් කරුණු යටතේ සදහන් කරන්න),,,,බෑවුම් අස්ථාවර වීමට ඇති අවධානම,,,,4.0,,,,4,,Kandy,80.524453,7.145057
80.524671,7.143636,Kandy,ගඟ ඉහළ කෝරලේ ප්රා.ලේ.කො,කොහෝවල,HR3,HR3,,GHD 056,GHD 056,1060,House / නිවාස,2025-11-27 00:00:00,,2026-03-31 00:00:00,Slope failures / බැවුම් අස්ථාවරවීම්,,,,,,,,1.0,,1.0,,2,,Kandy,80.524671,7.143636
80.521012,7.147456,Kandy,ගඟ ඉහළ කෝරලේ ප්රා.ලේ.කො,කොහෝවල,HR3,HR3,,GHD 062,GHD 062,1060,House / නිවාස,2025-11-27 00:00:00,,2026-03-31 00:00:00,Slope failures / බැවුම් අස්ථාවරවීම්,,,,,,,,1.0,,2.0,,3,,Kandy,80.521012,7.147456
80.540605,7.116283,Kandy,ගඟ ඉහළ කෝරලේ ප්රා.ලේ.කො,පල්ලේපිටිය දකුණ - 1064,HR3,HR3,,WDN 62,WDN 62,1064,House / නිවාස,2025-11-27 00:00:00,,2026-03-31 00:00:00,Slope failures / බැවුම් අස්ථාවරවීම්,,,,,,,,1.0,,,,1,,Kandy,80.540605,7.116283
80.507262,7.080526,Kandy,ගඟ ඉහළ කෝරලේ ප්රා.ලේ.කො,රාක්ෂාව,HR3,HR3,,UIJ 082 RV,UIJ 082 RV,1053,House / නිවාස,2025-11-27 00:00:00,,2026-05-29 00:00:00,Other / වෙනත් (වෙනත් කරුණු යටතේ සදහන් කරන්න),,,,නායයෑම් අවධානම,,,,3.0,,,,3,,Kandy,80.507262,7.080526
80.528091,7.145484,Kandy,ගඟ ඉහළ කෝරලේ ප්රා.ලේ.කො,පොල්මලගම,HR3,HR3,,IBE 199,IBE 199,,House / නිවාස,2025-11-27 00:00:00,,2026-05-29 00:00:00,"Other / වෙනත් (වෙනත් කරුණු යටතේ සදහන් කරන්න), Landslide / නායයෑම්",,,,මෙම නිවාස නාය තැන්පතු ප්‍රදේශ ආශ්‍රිතව පිහිටා ඇත,,,,14.0,,10.0,,24,,Kandy,80.528091,7.145484
80.68,7.396403,Matale,උකුවෙල ප්රා.ලේ.කො,කරගහහින්න,HR3,HR3,,NBRO/MTL/UKUWELA/2026/EIJ/271,NBRO/MTL/UKUWELA/2026/EIJ/271,363 ‍F,House / නිවාස,2025-11-27 00:00:00,19:00:00,2026-01-28 00:00:00,Slope failures / බැවුම් අස්ථාවරවීම්,,,,,,,,3.0,,,,3,,Matale,80.68,7.396403
80.44148,7.072928,Kegalle,යටියන්තොට ප්රා.ලේ.කො,සීපොත්,HR3,HR3,,LRR - YTP - 06,LRR - YTP - 06,131 ඊ,House / නිවාස,2025-11-27 00:00:00,,2025-12-05 00:00:00,Landslide / නායයෑම්,Resettle / නැවත පදිංචිකිරීම,Partially / අර්ධහානි,,,,,,4.0,,1.0,,5,,Kegalle,80.44148,7.072928
80.561843,7.14035,Kandy,ගඟ ඉහළ කෝරලේ ප්රා.ලේ.කො,හැරකොළ,HR3,HR3,,HMTL 059,HMTL 059,1067,House / නිවාස,2025-11-27 00:00:00,,2026-02-21 00:00:00,Cutting failure / කණ්ඩි අස්ථාවරවීම්,,,0.0,,,,,1.0,,24.0,,25,,Kandy,80.561843,7.14035
80.5652,7.111968,Kandy,ගඟ ඉහළ කෝරලේ ප්රා.ලේ.කො,උලපනේ - උතුර,HR3,HR3,,HMTL 080,HMTL 080,,House / නිවාස,2025-11-27 00:00:00,,2026-02-26 00:00:00,Landslide / නායයෑම්,,,0.0,,,,,10.0,,6.0,,16,,Kandy,80.5652,7.111968
80.475664,7.101571,Kandy,ගඟ ඉහළ කෝරලේ ප්රා.ලේ.කො,අලුගොල්ල,HR3,HR3,,TPB 428,TPB 428,1051,House / නිවාස,2025-11-27 00:00:00,,2026-05-15 00:00:00,Landslide / නායයෑම්,,,0.0,,,,,8.0,,7.0,,15,,Kandy,80.475664,7.101571
80.38983,7.065005,Kegalle,යටියන්තොට ප්රා.ලේ.කො,අමනාවල,HR3,HR3,,LRR - YTP - 05,LRR - YTP - 05,131 ඒ,House / නිවාස,2025-11-28 00:00:00,,2025-12-27 00:00:00,Rock fall / ගල් පෙරලීම්,Resettle / නැවත පදිංචිකිරීම,Partially / අර්ධහානි,,,,,,1.0,,,,1,,Kegalle,80.38983,7.065005
80.46953,7.099696,Kandy,ගඟ ඉහළ කෝරලේ ප්රා.ලේ.කො,අලුගොල්ල,HR3,HR3,,TPB 429,TPB 429,1051,House / නිවාස,2025-11-27 00:00:00,,2026-05-15 00:00:00,Slope failures / බැවුම් අස්ථාවරවීම්,,,0.0,,,,,1.0,,,,1,,Kandy,80.46953,7.099696
80.389044,7.066006,Kegalle,යටියන්තොට ප්රා.ලේ.කො,අමනාවල,HR3,HR3,,LRR - YTP - 04,LRR - YTP - 04,131 ඒ,House / නිවාස,2025-11-27 00:00:00,20:00:00,2025-12-27 00:00:00,Landslide / නායයෑම්,Resettle / නැවත පදිංචිකිරීම,Partially / අර්ධහානි,,,,,,1.0,,2.0,,3,,Kegalle,80.389044,7.066006
80.878752,7.076308,Nuwara Eliya,වලපනේ ප්රා.ලේ.කො,වැරැල්ලපතන,HR3,HR3,,NBRI/NE/WLD/2026/DSDD/49),NBRI/NE/WLD/2026/DSDD/49),,House / නිවාස,2025-11-27 00:00:00,,2026-01-08 00:00:00,Slope failures / බැවුම් අස්ථාවරවීම්,Resettle / නැවත පදිංචිකිරීම,Minor or No Damages / සුළුහානි හෝ හානි නොමැති,,,,,,1.0,,8.0,,9,,Nuwara Eliya,80.878752,7.076308
80.413069,6.985753,Kegalle,යටියන්තොට ප්රා.ලේ.කො,කිතුල්ගල දකුණ,HR3,HR3,,LRR - YTP - 03,LRR - YTP - 03,134 බී,House / නිවාස,2025-11-27 00:00:00,,2025-12-19 00:00:00,"Cutting failure / කණ්ඩි අස්ථාවරවීම්, Slope failures / බැවුම් අස්ථාවරවීම්",Resettle / නැවත පදිංචිකිරීම,Partially / අර්ධහානි,,,,,,1.0,,,,1,,Kegalle,80.413069,6.985753
80.222129,7.267006,Kegalle,වරකාපොළ ප්රා.ලේ.කො,නාංගල්ල 82C,HR3,HR3,,LRR-WRP-27,LRR-WRP-27,,House / නිවාස,2025-11-28 00:00:00,,2026-01-07 00:00:00,Cutting failure / කණ්ඩි අස්ථාවරවීම්,Mitigation / අවදානම් අවම කිරීම,Minor / සුළුහානි,,,,,,1.0,,,,1,,Kegalle,80.222129,7.267006
80.868552,7.085699,Nuwara Eliya,වලපනේ ප්රා.ලේ.කො,එගොඩකන්ද,HR3,HR3,,NBRI/NE/WLD/2026/DSDD/57),NBRI/NE/WLD/2026/DSDD/57),,House / නිවාස,2025.11.26 – 2025.11.28,,2026-01-11 00:00:00,Slope failures / බැවුම් අස්ථාවරවීම්,Resettle / නැවත පදිංචිකිරීම,Minor or No Damages / සුළුහානි හෝ හානි නොමැති,,,,,,1.0,,6.0,,7,,Nuwara Eliya,80.868552,7.085699
80.679564,7.398473,Matale,උකුවෙල ප්රා.ලේ.කො,කරගහහින්න,HR3,HR3,,NBRO/MTL/UKUWELA/2026/EIJ/272,NBRO/MTL/UKUWELA/2026/EIJ/272,364 ‍F,House / නිවාස,2025-11-27 00:00:00,21:00:00,2026-01-28 00:00:00,Landslide / නායයෑම්,,,,,,,,1.0,,,,1,,Matale,80.679564,7.398473
80.530699,7.329836,Kandy,තුම්පනේ ප්රා.ලේ.කො,පල්ලේකොටුව,HR3,HR3,,WDN 241,WDN 241,392.0,House / නිවාස,2025-11-27 00:00:00,,2026-07-20 00:00:00,Slope failures / බැවුම් අස්ථාවරවීම්,,,,,,,,2.0,,,,2,,Kandy,80.530699,7.329836
80.533517,7.329188,Kandy,තුම්පනේ ප්රා.ලේ.කො,පල්ලේකොටුව,HR3,HR3,,WDN 244,WDN 244,392.0,House / නිවාස,2025-11-27 00:00:00,,2026-07-20 00:00:00,"Cutting failure / කණ්ඩි අස්ථාවරවීම්, Other / වෙනත් (වෙනත් කරුණු යටතේ සදහන් කරන්න)",,,,ගල් පෙරලීම,,,,1.0,,1.0,,2,,Kandy,80.533517,7.329188
80.534454,7.369341,Kandy,තුම්පනේ ප්රා.ලේ.කො,පාලුකොපිවත්ත,HR3,HR3,,WDN 172,WDN 172,308.0,House / නිවාස,2025-11-27 00:00:00,,2026-06-04 00:00:00,Other / වෙනත් (වෙනත් කරුණු යටතේ සදහන් කරන්න),,,,නායයෑම් අවදානම්,,,,1.0,,,,1,,Kandy,80.534454,7.369341
80.815989,7.088818,Nuwara Eliya,වලපනේ ප්රා.ලේ.කො,ගලබඩ,HR3,HR3,,NBRI/NE/WLD/2026/KATD/28),NBRI/NE/WLD/2026/KATD/28),505/සී,House / නිවාස,2025.11.27,,2026.06.15,Other / වෙනත් (වෙනත් කරුණු යටතේ සදහන් කරන්න),Resettle / නැවත පදිංචිකිරීම,Minor or No Damages / සුළුහානි හෝ හානි නොමැති,,ගල් පෙරලීමේ අවදානම,,,,14.0,,,,14,,Nuwara Eliya,80.815989,7.088818
80.537245,7.359335,Kandy,තුම්පනේ ප්රා.ලේ.කො,කන්දෙකුඹුර,HR3,HR3,,SUJ 071,SUJ 071,,House / නිවාස,2025-11-28 00:00:00,,2026-05-06 00:00:00,"Cutting failure / කණ්ඩි අස්ථාවරවීම්, Slope failures / බැවුම් අස්ථාවරවීම්",,,,,,,,1.0,,1.0,,2,,Kandy,80.537245,7.359335
80.57345,7.456775,Matale,උකුවෙල ප්රා.ලේ.කො,අලවතුවල,HR3,HR3,,NBRO/MTL/UKUWELA/2026/KA/205,NBRO/MTL/UKUWELA/2026/KA/205,E 344C,House / නිවාස,2025-11-27 00:00:00,,2026-01-17 00:00:00,"Slope failures / බැවුම් අස්ථාවරවීම්, Cutting failure / කණ්ඩි අස්ථාවරවීම්, Other / වෙනත් (වෙනත් කරුණු යටතේ සදහන් කරන්න)",,,,,,,,2.0,,2.0,,4,,Matale,80.57345,7.456775
80.813889,7.076389,Nuwara Eliya,වලපනේ ප්රා.ලේ.කො,උකුතුලේ නැගෙනහිර,HR3,HR3,,NBRI/NE/WLD/2026/PTG/137),NBRI/NE/WLD/2026/PTG/137),507ඒ,House / නිවාස,2025-12-27 00:00:00,,2026-01-06 00:00:00,Landslide / නායයෑම්,Resettle / නැවත පදිංචිකිරීම,Minor or No Damages / සුළුහානි හෝ හානි නොමැති,,,,,,2.0,,,,2,,Nuwara Eliya,80.813889,7.076389
80.881336,7.100988,Nuwara Eliya,වලපනේ ප්රා.ලේ.කො,කැන්දගොල්ල,HR3,HR3,,NBRI/NE/WLD/2026/WGMSS/50),NBRI/NE/WLD/2026/WGMSS/50),516 /A,House / නිවාස,2025-11-27 00:00:00,,2026-04-03 00:00:00,Slope failures / බැවුම් අස්ථාවරවීම්,Resettle / නැවත පදිංචිකිරීම,Minor or No Damages / සුළුහානි හෝ හානි නොමැති,,,,,,2.0,,2.0,,4,,Nuwara Eliya,80.881336,7.100988
80.521748,7.239105,Kandy,උඩුනුවර ප්රා.ලේ.කො,අලුත්කන්ද,HR3,HR3,,TPB / 073,TPB / 073,,House / නිවාස,2025-11-27 00:00:00,,2026-02-10 00:00:00,Other / වෙනත් (වෙනත් කරුණු යටතේ සදහන් කරන්න),,,,,,,,1.0,,,,1,,Kandy,80.521748,7.239105
80.589957,7.429932,Kandy,අකුරණ ප්රා.ලේ.කො,රඹුකේඇළ,HR3,HR3,,HLK/373,HLK/373,590.0,House / නිවාස,2025-11-27 00:00:00,,2026-06-09 00:00:00,Rock fall / ගල් පෙරලීම්,,,,,,,,1.0,,,,1,,Kandy,80.589957,7.429932
80.615845,7.372035,Kandy,අකුරණ ප්රා.ලේ.කො,හීරැල්ල,HR3,HR3,,SUJ 076,SUJ 076,567.0,House / නිවාස,2025-11-27 00:00:00,,2026-04-10 00:00:00,"Slope failures / බැවුම් අස්ථාවරවීම්, Cutting failure / කණ්ඩි අස්ථාවරවීම්",,,,,,,,1.0,,1.0,,2,,Kandy,80.615845,7.372035
80.615114,7.371543,Kandy,අකුරණ ප්රා.ලේ.කො,බුළුගොනුතැන්න,HR3,HR3,,SUJ 088,SUJ 088,559.0,House / නිවාස,2025-11-27 00:00:00,,2026-04-10 00:00:00,"Cutting failure / කණ්ඩි අස්ථාවරවීම්, Rock fall / ගල් පෙරලීම්",,,,,,,,1.0,,,,1,,Kandy,80.615114,7.371543
80.589676,7.427532,Kandy,අකුරණ ප්රා.ලේ.කො,රඹුකේඇල,HR3,HR3,,SUJ 053,SUJ 053,,House / නිවාස,2025-11-28 00:00:00,,2026-03-26 00:00:00,Slope failures / බැවුම් අස්ථාවරවීම්,,,,,,,,1.0,,,,1,,Kandy,80.589676,7.427532
80.591529,7.425555,Kandy,අකුරණ ප්රා.ලේ.කො,රඹුකේඇල,HR3,HR3,,SUJ 056,SUJ 056,,House / නිවාස,2025-11-28 00:00:00,,2026-03-26 00:00:00,Landslide / නායයෑම්,,,,,,,,1.0,,,,1,,Kandy,80.591529,7.425555
80.835472,7.088789,Nuwara Eliya,වලපනේ ප්රා.ලේ.කො,කුරුඳුඔය,HR3,HR3,,NBRI/NE/WLD/2025/SMK/56,NBRI/NE/WLD/2025/SMK/56,504/E,House / නිවාස,2025-11-27 00:00:00,,2025-12-26 00:00:00,Cutting failure / කණ්ඩි අස්ථාවරවීම්,Resettle / නැවත පදිංචිකිරීම,Minor or No Damages / සුළුහානි හෝ හානි නොමැති,,ගල් පෙරලිම්,,,,1.0,,5.0,,6,,Nuwara Eliya,80.835472,7.088789
80.592618,7.428385,Kandy,අකුරණ ප්රා.ලේ.කො,රඹුකේඇල,HR3,HR3,,SUJ 052,SUJ 052,,House / නිවාස,2025-11-28 00:00:00,,2026-03-26 00:00:00,"Slope failures / බැවුම් අස්ථාවරවීම්, Cutting failure / කණ්ඩි අස්ථාවරවීම්",,,,,,,,2.0,,,,2,,Kandy,80.592618,7.428385
80.576891,7.185852,Kandy,උඩපළාත ප්රා.ලේ.කො,ගල්ගෙඩියාව,HR3,HR3,,TPB 484,TPB 484,1124,House / නිවාස,2025-11-27 00:00:00,,2026-06-22 00:00:00,Slope failures / බැවුම් අස්ථාවරවීම්,,,0.0,,,,,1.0,,,,1,,Kandy,80.576891,7.185852
80.580022,7.472613,Matale,උකුවෙල ප්රා.ලේ.කො,මකුලේමඩ,HR3,HR3,,NBRO/MTL/UKUWELA/2026/SS/197,NBRO/MTL/UKUWELA/2026/SS/197,E 343B,House / නිවාස,2025-11-27 00:00:00,,2026-01-16 00:00:00,Rock fall / ගල් පෙරලීම්,,,,,,,,2.0,,24.0,,26,,Matale,80.580022,7.472613
80.577083,7.17861,Kandy,උඩපළාත ප්රා.ලේ.කො,ගල්ගෙඩියාව,HR3,HR3,,TPB 485,TPB 485,1124,House / නිවාස,2025-11-27 00:00:00,,2026-06-22 00:00:00,Slope failures / බැවුම් අස්ථාවරවීම්,,,0.0,,,,,1.0,,,,1,,Kandy,80.577083,7.17861
80.81926,7.095219,Nuwara Eliya,වලපනේ ප්රා.ලේ.කො,ගලබඩ,HR3,HR3,,NBRI/NE/WLD/2026/KATD/32),NBRI/NE/WLD/2026/KATD/32),505/සී,House / නිවාස,2025.11.27,,2026.06.15,Other / වෙනත් (වෙනත් කරුණු යටතේ සදහන් කරන්න),Resettle / නැවත පදිංචිකිරීම,Minor or No Damages / සුළුහානි හෝ හානි නොමැති,,බෑවුම අස්‍ථාවරවීම,,,,3.0,,,,3,,Nuwara Eliya,80.81926,7.095219
80.709287,7.483105,Matale,රත්තොට ප්රා.ලේ.කො,හොරගොල්ල,HR3,HR3,,NBRO/MTL/RATHTHOTA/2026/KA/235,NBRO/MTL/RATHTHOTA/2026/KA/235,,House / නිවාස,2025-11-27 00:00:00,,2026-02-19 00:00:00,Landslide / නායයෑම්,,,,,,,,1.0,,,,1,,Matale,80.709287,7.483105
80.824558,7.0867,Nuwara Eliya,වලපනේ ප්රා.ලේ.කො,ගලබඩ,HR3,HR3,,NBRI/NE/WLD/2026/VKG/93),NBRI/NE/WLD/2026/VKG/93),505/සී,House / නිවාස,අවධානමක් පමණක් පවතී,,2026.06.15,Other / වෙනත් (වෙනත් කරුණු යටතේ සදහන් කරන්න),Resettle / නැවත පදිංචිකිරීම,Minor or No Damages / සුළුහානි හෝ හානි නොමැති,,"නායයෑමේ, බෑවුම අස්‍ථාවරවීමේ සහ ගල් පෙරලීමේ අවධානම",,,,16.0,,,,16,,Nuwara Eliya,80.824558,7.0867
80.545142,7.203266,Kandy,උඩුනුවර ප්රා.ලේ.කො,ලියන්ගහවත්ත,HR3,HR3,,TPB / 150,TPB / 150,,House / නිවාස,2025-11-27 00:00:00,,2026-02-19 00:00:00,Cutting failure / කණ්ඩි අස්ථාවරවීම්,,,,,,,,1.0,,,,1,,Kandy,80.545142,7.203266
80.180189,7.187406,Kegalle,වරකාපොළ ප්රා.ලේ.කො,පුහුලේ ගම,HR3,HR3,,LRR-WRP-13,LRR-WRP-13,,House / නිවාස,2025-11-28 00:00:00,,2025-12-30 00:00:00,Landslide / නායයෑම්,Resettle / නැවත පදිංචිකිරීම,Minor / සුළුහානි,,,,,,4.0,,10.0,,14,,Kegalle,80.180189,7.187406
80.597407,7.192971,Kandy,උඩුනුවර ප්රා.ලේ.කො,දෙල්ගහපිටිය,HR3,HR3,,TPB/197,TPB/197,45,House / නිවාස,2025-11-27 00:00:00,,2026-03-11 00:00:00,Cutting failure / කණ්ඩි අස්ථාවරවීම්,,,,,,,,1.0,,,,1,,Kandy,80.597407,7.192971
80.269384,7.145165,Kegalle,වරකාපොළ ප්රා.ලේ.කො,තඹදිය,HR3,HR3,,LRR - WRP - 01,LRR - WRP - 01,,House / නිවාස,2025-11-28 00:00:00,,2025-12-20 00:00:00,Landslide / නායයෑම්,Resettle / නැවත පදිංචිකිරීම,Minor / සුළුහානි,,,,,,1.0,,18.0,,19,,Kegalle,80.269384,7.145165
80.603861,7.201903,Kandy,උඩුනුවර ප්රා.ලේ.කො,පිටවල වත්ත,HR3,HR3,,TPB/205,TPB/205,43,House / නිවාස,2025-11-27 00:00:00,,2026-03-11 00:00:00,Cutting failure / කණ්ඩි අස්ථාවරවීම්,,,,,,,,1.0,,,,1,,Kandy,80.603861,7.201903
80.542895,7.205781,Kandy,උඩුනුවර ප්රා.ලේ.කො,කූරදෙනිය -,HR3,HR3,,TPB/221,TPB/221,106,House / නිවාස,2025-11-27 00:00:00,,2026-03-11 00:00:00,Cutting failure / කණ්ඩි අස්ථාවරවීම්,,,,,,,,1.0,,,,1,,Kandy,80.542895,7.205781
80.869482,7.087345,Nuwara Eliya,වලපනේ ප්රා.ලේ.කො,එගොඩකන්ද,HR3,HR3,,NBRI/NE/WLD/2025/BBW/05),NBRI/NE/WLD/2025/BBW/05),516 බී,House / නිවාස,2025.11.26 රාත්‍රී 11.00 සිට 2025.11.27 අලුයම දක්වා,,2025-12-28 00:00:00,Cutting failure / කණ්ඩි අස්ථාවරවීම්,Resettle / නැවත පදිංචිකිරීම,Minor or No Damages / සුළුහානි හෝ හානි නොමැති,,,,,,1.0,,1.0,1.0,3,,Nuwara Eliya,80.869482,7.087345
80.559604,7.217352,Kandy,උඩුනුවර ප්රා.ලේ.කො,මැද්දෙගොඩ,HR3,HR3,,TPB/366,TPB/366,,House / නිවාස,2025-11-27 00:00:00,,2026-05-15 00:00:00,Landslide / නායයෑම්,,,,,,,,4.0,,,,4,,Kandy,80.559604,7.217352
80.601909,7.194057,Kandy,උඩපළාත ප්රා.ලේ.කො,උඩෝවිට,HR3,HR3,,TPB 501,TPB 501,1125,House / නිවාස,2025-11-27 00:00:00,,2026-06-22 00:00:00,Cutting failure / කණ්ඩි අස්ථාවරවීම්,,,0.0,,,,,1.0,,1.0,,2,,Kandy,80.601909,7.194057
80.528373,7.252817,Kandy,උඩුනුවර ප්රා.ලේ.කො,කුරුකුත්තල,HR3,HR3,,TPB/291,TPB/291,,House / නිවාස,2025-11-27 00:00:00,,2026-03-26 00:00:00,Cutting failure / කණ්ඩි අස්ථාවරවීම්,,,,,,,,1.0,,,,1,,Kandy,80.528373,7.252817
80.596967,7.205008,Kandy,උඩුනුවර ප්රා.ලේ.කො,පිටවල වත්ත,HR3,HR3,,WDN 181,WDN 181,43,House / නිවාස,2025-11-27 00:00:00,,2026-06-05 00:00:00,Cutting failure / කණ්ඩි අස්ථාවරවීම්,,,,,,,,1.0,,,,1,,Kandy,80.596967,7.205008
80.538326,7.220329,Kandy,උඩුනුවර ප්රා.ලේ.කො,නිකහැටිය,HR3,HR3,,KYP/161,KYP/161,109,House / නිවාස,2025-11-27 00:00:00,,2026-06-17 00:00:00,Slope failures / බැවුම් අස්ථාවරවීම්,,,,,,,,1.0,,,,1,,Kandy,80.538326,7.220329
80.697762,7.509594,Matale,රත්තොට ප්රා.ලේ.කො,මඩකුඹුර,HR3,HR3,,"NBRO/MTL/RATHTHOTA/2026/WR,SW/HOUSE 54","NBRO/MTL/RATHTHOTA/2026/WR,SW/HOUSE 54",,House / නිවාස,2025-11-27 00:00:00,,2026-02-16 00:00:00,Other / වෙනත් (වෙනත් කරුණු යටතේ සදහන් කරන්න),,,,,,,,1.0,,,,1,,Matale,80.697762,7.509594
80.562382,7.261958,Kandy,උඩුනුවර ප්රා.ලේ.කො,ගංගොඩ උතුර,HR3,HR3,,KYP/189,KYP/189,3,House / නිවාස,2025-11-27 00:00:00,,2026-06-19 00:00:00,"Slope failures / බැවුම් අස්ථාවරවීම්, Cutting failure / කණ්ඩි අස්ථාවරවීම්",,,,,,,,1.0,,3.0,,4,,Kandy,80.562382,7.261958
80.530673,7.224918,Kandy,උඩුනුවර ප්රා.ලේ.කො,කෝවිලකන්ද,HR3,HR3,,TPB 452,TPB 452,113,House / නිවාස,2025-11-27 00:00:00,,2026-06-18 00:00:00,Slope failures / බැවුම් අස්ථාවරවීම්,,,,,,,,2.0,,6.0,,8,,Kandy,80.530673,7.224918
80.52396,7.217876,Kandy,උඩුනුවර ප්රා.ලේ.කො,කෝවිලකන්ද,HR3,HR3,,TPB 465,TPB 465,113,House / නිවාස,2025-11-27 00:00:00,,2026-06-18 00:00:00,Cutting failure / කණ්ඩි අස්ථාවරවීම්,,,,,,,,2.0,,,,2,,Kandy,80.52396,7.217876
80.529106,7.225341,Kandy,උඩුනුවර ප්රා.ලේ.කො,කෝවිලකන්ද,HR3,HR3,,TPB 456,TPB 456,113,House / නිවාස,2025-11-27 00:00:00,,2026-06-18 00:00:00,Cutting failure / කණ්ඩි අස්ථාවරවීම්,,,,,,,,2.0,,4.0,,6,,Kandy,80.529106,7.225341
80.212566,7.104893,Kegalle,වරකාපොළ ප්රා.ලේ.කො,තල්ලියද්ද,HR3,HR3,,WRP 03 (LLR-WRP-85),WRP 03 (LLR-WRP-85),,House / නිවාස,2025-11-28 00:00:00,,2025-12-10 00:00:00,Landslide / නායයෑම්,Resettle / නැවත පදිංචිකිරීම,Minor / සුළුහානි,,,,,,8.0,,11.0,,19,,Kegalle,80.212566,7.104893
80.534781,7.216273,Kandy,උඩුනුවර ප්රා.ලේ.කො,මාණික්කාව,HR3,HR3,,TPB 472,TPB 472,108,House / නිවාස,2025-11-27 00:00:00,,2026-06-18 00:00:00,"Cutting failure / කණ්ඩි අස්ථාවරවීම්, Slope failures / බැවුම් අස්ථාවරවීම්",,,,,,,,2.0,,8.0,,10,,Kandy,80.534781,7.216273
80.836267,7.055437,Nuwara Eliya,වලපනේ ප්රා.ලේ.කො,මොරබැද්ද,HR3,HR3,,NBRI/NE/WLD/2025/PTG/98),NBRI/NE/WLD/2025/PTG/98),526 සී,House / නිවාස,2025-11-27 00:00:00,,2025-12-28 00:00:00,Landslide / නායයෑම්,Resettle / නැවත පදිංචිකිරීම,Minor or No Damages / සුළුහානි හෝ හානි නොමැති,,,,,,2.0,,12.0,1.0,15,,Nuwara Eliya,80.836267,7.055437
80.699221,7.509378,Matale,රත්තොට ප්රා.ලේ.කො,මඩකුඹුර,HR3,HR3,,"NBRO/MTL/RATHTHOTA/2026/WR,SW/207","NBRO/MTL/RATHTHOTA/2026/WR,SW/207",,House / නිවාස,2025-11-27 00:00:00,,2026-02-16 00:00:00,"Cutting failure / කණ්ඩි අස්ථාවරවීම්, Slope failures / බැවුම් අස්ථාවරවීම්",,Minor / සුළුහානි,,,,,,7.0,,3.0,,10,,Matale,80.699221,7.509378
80.812656,7.121194,Nuwara Eliya,වලපනේ ප්රා.ලේ.කො,උණගොල්ල,HR3,HR3,,NBRI/NE/WLD/2026/KATD/21),NBRI/NE/WLD/2026/KATD/21),506/ඒ,House / නිවාස,2025.11.27,,2026.06.04,Other / වෙනත් (වෙනත් කරුණු යටතේ සදහන් කරන්න),Resettle / නැවත පදිංචිකිරීම,Minor or No Damages / සුළුහානි හෝ හානි නොමැති,,බෑවුම අස්‍ථාවරවීම / නිවාස ඉරිතැලීම,,,,2.0,,,,2,,Nuwara Eliya,80.812656,7.121194
80.704379,7.170631,Kandy,දෙල්තොට ප්රා.ලේ.කො,කරගස්කඩ දකුණ,HR3,HR3,,GHD 130,GHD 130,,House / නිවාස,2025-11-27 00:00:00,,2026-05-22 00:00:00,Slope failures / බැවුම් අස්ථාවරවීම්,,,,,,,,1.0,,2.0,,3,,Kandy,80.704379,7.170631
80.213094,7.22708,Kegalle,වරකාපොළ ප්රා.ලේ.කො,මාහේන,HR3,HR3,,ERR - WRP - 02 (LRR-WRP-67),ERR - WRP - 02 (LRR-WRP-67),83B,House / නිවාස,2025-11-29 00:00:00,,2025-12-01 00:00:00,Other / වෙනත් (වෙනත් කරුණු යටතේ සදහන් කරන්න),Resettle / නැවත පදිංචිකිරීම,Minor / සුළුහානි,1.0,,,,,1.0,,90.0,,91,,Kegalle,80.213094,7.22708
80.212566,7.194893,Kegalle,වරකාපොළ ප්රා.ලේ.කො,තල්ලියද්ද,HR3,HR3,,WRP 03 (LLR-WRP-85),WRP 03 (LLR-WRP-85),,House / නිවාස,2025-11-28 00:00:00,,2025-12-10 00:00:00,Landslide / නායයෑම්,Resettle / නැවත පදිංචිකිරීම,Minor / සුළුහානි,,,,,,1.0,,,,1,,Kegalle,80.212566,7.194893
80.680394,7.184069,Kandy,දෙල්තොට ප්රා.ලේ.කො,සුදුවැල්ල,HR3,HR3,,HLK/127,HLK/127,,House / නිවාස,2025-11-27 00:00:00,,2026-05-04 00:00:00,Landslide / නායයෑම්,,,,,,,,2.0,,8.0,,10,,Kandy,80.680394,7.184069
80.710604,7.206334,Kandy,දෙල්තොට ප්රා.ලේ.කො,බව්ලානවත්ත ජනපදය,HR3,HR3,,JSB 419,JSB 419,,House / නිවාස,2025-11-27 00:00:00,,2026-04-10 00:00:00,Landslide / නායයෑම්,,,,,,,,1.0,,,,1,,Kandy,80.710604,7.206334
80.725141,7.203319,Kandy,දෙල්තොට ප්රා.ලේ.කො,බව්ලානවත්ත ජනපදය,HR3,HR3,,JSB 425,JSB 425,,House / නිවාස,2025-11-27 00:00:00,,2026-04-10 00:00:00,Other / වෙනත් (වෙනත් කරුණු යටතේ සදහන් කරන්න),,,,,,,,1.0,,,,1,,Kandy,80.725141,7.203319
80.718135,7.19421,Kandy,දෙල්තොට ප්රා.ලේ.කො,බව්ලානවත්ත ජනපදය,HR3,HR3,,JSB 428,JSB 428,,House / නිවාස,2025-11-27 00:00:00,,2026-04-10 00:00:00,Slope failures / බැවුම් අස්ථාවරවීම්,,,,,,,,1.0,,,,1,,Kandy,80.718135,7.19421
80.721304,7.193624,Kandy,දෙල්තොට ප්රා.ලේ.කො,බව්ලානවත්ත ජනපදය,HR3,HR3,,JSB 429,JSB 429,,House / නිවාස,2025-11-27 00:00:00,,2026-04-10 00:00:00,Landslide / නායයෑම්,,,,,,,,2.0,,2.0,,4,,Kandy,80.721304,7.193624
80.722707,7.194304,Kandy,දෙල්තොට ප්රා.ලේ.කො,බව්ලානවත්ත ජනපදය,HR3,HR3,,JSB 430,JSB 430,,House / නිවාස,2025-11-27 00:00:00,,2026-04-10 00:00:00,Landslide / නායයෑම්,,,,,,,,1.0,,,,1,,Kandy,80.722707,7.194304
80.721879,7.159245,Kandy,දෙල්තොට ප්රා.ලේ.කො,පට්ටියගම උඩගම,HR3,HR3,,JSB 410,JSB 410,,House / නිවාස,2025-11-27 00:00:00,,2026-05-06 00:00:00,Landslide / නායයෑම්,,,,,,,,2.0,,,,2,,Kandy,80.721879,7.159245
80.688807,7.178341,Kandy,දෙල්තොට ප්රා.ලේ.කො,සුදුවැල්ල,HR3,HR3,,JSB 417,JSB 417,,House / නිවාස,2025-11-27 00:00:00,,2026-05-06 00:00:00,Slope failures / බැවුම් අස්ථාවරවීම්,,,,,,,,1.0,,,,1,,Kandy,80.688807,7.178341
80.692798,7.409136,Matale,උකුවෙල ප්රා.ලේ.කො,ඇල්කඩුව,HR3,HR3,,NBRO/MTL/UKUWELA/2026/EIJ/162,NBRO/MTL/UKUWELA/2026/EIJ/162,E 363A,House / නිවාස,2025-11-27 00:00:00,,2026-01-13 00:00:00,"Landslide / නායයෑම්, Other / වෙනත් (වෙනත් කරුණු යටතේ සදහන් කරන්න)",,,,,,,,5.0,,,,5,,Matale,80.692798,7.409136
80.616695,7.322965,Kandy,හාරිස්පත්තුව ප්රා.ලේ.කො,ඉනිගල,HR3,HR3,,HMTL 087,HMTL 087,,House / නිවාස,2025-11-27 00:00:00,,2026-05-08 00:00:00,"Cutting failure / කණ්ඩි අස්ථාවරවීම්, Slope failures / බැවුම් අස්ථාවරවීම්",,,,,,,,1.0,,,,1,,Kandy,80.616695,7.322965
80.568851,7.330719,Kandy,හාරිස්පත්තුව ප්රා.ලේ.කො,අලදෙණිය,HR3,HR3,,HMTL 081,HMTL 081,,House / නිවාස,2025-11-27 00:00:00,,2026-03-27 00:00:00,Landslide / නායයෑම්,,,,,,,,1.0,,1.0,,2,,Kandy,80.568851,7.330719
80.605915,7.329671,Kandy,හාරිස්පත්තුව ප්රා.ලේ.කො,උඩුවාවල නැගෙනහිර,HR3,HR3,,HMTL 086,HMTL 086,,House / නිවාස,2025-11-27 00:00:00,,2026-05-08 00:00:00,Slope failures / බැවුම් අස්ථාවරවීම්,,,,,,,,1.0,,2.0,,3,,Kandy,80.605915,7.329671
80.227736,7.104786,Kegalle,රුවන්වැල්ල ප්රා.ලේ.කො,කඩිගමුව,HR3,HR3,,ERR-RWP-10,ERR-RWP-10,- 99ඩී,House / නිවාස,2025-11-27 00:00:00,,2025-12-06 00:00:00,Landslide / නායයෑම්,Resettle / නැවත පදිංචිකිරීම,Minor / සුළුහානි,,,,,,1.0,,5.0,,6,,Kegalle,80.227736,7.104786
80.227146,7.079911,Kegalle,රුවන්වැල්ල ප්රා.ලේ.කො,ඉඹුුලාන,HR3,HR3,,ERR- RWP 12,ERR- RWP 12,,House / නිවාස,2025-11-28 00:00:00,,2025-12-11 00:00:00,Landslide / නායයෑම්,Resettle / නැවත පදිංචිකිරීම,Minor / සුළුහානි,,,,,,4.0,,7.0,,11,,Kegalle,80.227146,7.079911
80.2738,7.105001,Kegalle,රුවන්වැල්ල ප්රා.ලේ.කො,ලෙවන්ගම උතුර,HR3,HR3,,ERR- RWP 14,ERR- RWP 14,,House / නිවාස,2025-11-28 00:00:00,,2025-12-16 00:00:00,Landslide / නායයෑම්,Resettle / නැවත පදිංචිකිරීම,Minor / සුළුහානි,,,,,,1.0,,3.0,,4,,Kegalle,80.2738,7.105001
80.240553,7.068879,Kegalle,රුවන්වැල්ල ප්රා.ලේ.කො,දන්නෝරුව,HR3,HR3,,LRR/RWP-01,LRR/RWP-01,,House / නිවාස,2025-11-28 00:00:00,,2025-12-16 00:00:00,Landslide / නායයෑම්,Mitigation / අවදානම් අවම කිරීම,Minor / සුළුහානි,,,,,,4.0,,3.0,,7,,Kegalle,80.240553,7.068879
80.207631,7.147555,Kegalle,රුවන්වැල්ල ප්රා.ලේ.කො,දුනුමාල,HR3,HR3,,LRR-RWP-08,LRR-RWP-08,- 99 සී,House / නිවාස,2025-11-28 00:00:00,,2026-02-26 00:00:00,Slope failures / බැවුම් අස්ථාවරවීම්,Resettle / නැවත පදිංචිකිරීම,Minor / සුළුහානි,,,,,,1.0,,2.0,,3,,Kegalle,80.207631,7.147555
80.485533,7.317751,Kandy,හතරලියද්ද ප්රා.ලේ.කො,මුඩුගම්මන -,HR3,HR3,,TPB / 259,TPB / 259,344.0,House / නිවාස,2025-11-27 00:00:00,,2026-03-19 00:00:00,Landslide / නායයෑම්,,,,,,,,1.0,,,,1,,Kandy,80.485533,7.317751
80.495248,7.313279,Kandy,හතරලියද්ද ප්රා.ලේ.කො,පට්ටපොල පහල,HR3,HR3,,SUJ 130,SUJ 130,,House / නිවාස,2025-11-28 00:00:00,,2026-03-26 00:00:00,Landslide / නායයෑම්,,,,,,,,1.0,,,,1,,Kandy,80.495248,7.313279
80.480272,7.356958,Kandy,හතරලියද්ද ප්රා.ලේ.කො,අබෝරුව,HR3,HR3,,SUJ 132,SUJ 132,,House / නිවාස,2025-11-27 00:00:00,,2026-04-03 00:00:00,Landslide / නායයෑම්,,,,,,,,4.0,,2.0,,6,,Kandy,80.480272,7.356958
80.484499,7.315578,Kandy,හතරලියද්ද ප්රා.ලේ.කො,මුඩුගම්මන -,HR3,HR3,,TPB / 272,TPB / 272,344.0,House / නිවාස,2025-11-27 00:00:00,,2026-03-19 00:00:00,"Slope failures / බැවුම් අස්ථාවරවීම්, Cutting failure / කණ්ඩි අස්ථාවරවීම්",,,,,,,,1.0,,1.0,,2,,Kandy,80.484499,7.315578
80.535262,7.309107,Kandy,හතරලියද්ද ප්රා.ලේ.කො,අලුත්ගම ඉහල,HR3,HR3,,WDN 113,WDN 113,394.0,House / නිවාස,2025-11-27 00:00:00,,2026-05-14 00:00:00,Other / වෙනත් (වෙනත් කරුණු යටතේ සදහන් කරන්න),,,,ගල් පෙරලීම,,,,1.0,,,,1,,Kandy,80.535262,7.309107
80.540252,7.311623,Kandy,හතරලියද්ද ප්රා.ලේ.කො,අලුත්ගම ඉහල,HR3,HR3,,WDN 114,WDN 114,394.0,House / නිවාස,2025-11-27 00:00:00,,2026-05-14 00:00:00,Other / වෙනත් (වෙනත් කරුණු යටතේ සදහන් කරන්න),,,,නායයෑම් අවධානම්,,,,1.0,,,,1,,Kandy,80.540252,7.311623
80.498981,7.307797,Kandy,හතරලියද්ද ප්රා.ලේ.කො,පට්ටපොල ඉහල,HR3,HR3,,SUJ 129,SUJ 129,,House / නිවාස,2025-11-28 00:00:00,,2026-04-03 00:00:00,Landslide / නායයෑම්,,,,,,,,2.0,,,,2,,Kandy,80.498981,7.307797
80.692948,7.409337,Matale,උකුවෙල ප්රා.ලේ.කො,ඇල්කඩුව,HR3,HR3,,NBRO/MTL/UKUWELA/2026/EIJ/162,NBRO/MTL/UKUWELA/2026/EIJ/162,E 363A,House / නිවාස,2025-11-27 00:00:00,,2026-01-13 00:00:00,"Landslide / නායයෑම්, Other / වෙනත් (වෙනත් කරුණු යටතේ සදහන් කරන්න)",,,,,,,,4.0,,,,4,,Matale,80.692948,7.409337
80.681128,7.54528,Matale,රත්තොට ප්රා.ලේ.කො,පුස්සැල්ල,HR3,HR3,,NBRO/MTL/RATHTHOTA/2026/WAES/285,NBRO/MTL/RATHTHOTA/2026/WAES/285,,House / නිවාස,2025-11-27 00:00:00,,2026-03-13 00:00:00,Slope failures / බැවුම් අස්ථාවරවීම්,,,,,,,,2.0,,1.0,,3,,Matale,80.681128,7.54528
80.860597,7.298443,Kandy,මැදදුම්බර ප්රා.ලේ.කො,දකුණු දොරලියද්ද,HR3,HR3,,IBE/024,IBE/024,,House / නිවාස,2025-11-27 00:00:00,,2026-01-01 00:00:00,Slope failures / බැවුම් අස්ථාවරවීම්,,,,,,,,4.0,,,,4,,Kandy,80.860597,7.298443
80.860599,7.298445,Kandy,මැදදුම්බර ප්රා.ලේ.කො,දකුණු දොරලියද්ද,HR3,HR3,,IBE/024,IBE/024,,House / නිවාස,2025-11-27 00:00:00,,2026-01-03 00:00:00,Slope failures / බැවුම් අස්ථාවරවීම්,,,,,,,,1.0,,5.0,,6,,Kandy,80.860599,7.298445
80.86059,7.298436,Kandy,මැදදුම්බර ප්රා.ලේ.කො,දකුණු දොරලියද්ද,HR3,HR3,,IBE/024,IBE/024,,House / නිවාස,2025-11-27 00:00:00,,2025-12-25 00:00:00,Slope failures / බැවුම් අස්ථාවරවීම්,,,,,,,,5.0,,,,5,,Kandy,80.86059,7.298436
80.700054,7.504317,Matale,රත්තොට ප්රා.ලේ.කො,මඩකුඹුර,HR3,HR3,,NBRO/MTL/RATHTHOTA/2026/MJ/240,NBRO/MTL/RATHTHOTA/2026/MJ/240,,House / නිවාස,,,2025-12-20 00:00:00,Other / වෙනත් (වෙනත් කරුණු යටතේ සදහන් කරන්න),,,,,,,,20.0,,6.0,,26,,Matale,80.700054,7.504317
80.603052,7.211416,Kandy,උඩපළාත ප්රා.ලේ.කො,එගොඩකලුගමුව,HR3,HR3,,WDN 264,WDN 264,1159,House / නිවාස,2025-11-27 00:00:00,,2026-07-27 00:00:00,"Cutting failure / කණ්ඩි අස්ථාවරවීම්, Rock fall / ගල් පෙරලීම්",,,0.0,,,,,2.0,,2.0,,4,,Kandy,80.603052,7.211416
80.605064,7.143149,Kandy,උඩපළාත ප්රා.ලේ.කො,වත්තෙහේන,HR3,HR3,,KYP 309,KYP 309,1170,House / නිවාස,2025-11-27 00:00:00,,2026-08-12 00:00:00,Slope failures / බැවුම් අස්ථාවරවීම්,,,0.0,,,,,1.0,,1.0,,2,,Kandy,80.605064,7.143149
80.668238,7.487415,Matale,රත්තොට ප්රා.ලේ.කො,බෝගම්බර,HR3,HR3,,NBRO/MTL/RATHTHOTA/2026/KA/185,NBRO/MTL/RATHTHOTA/2026/KA/185,E 368C,House / නිවාස,2025-11-27 00:00:00,,2026-01-27 00:00:00,Cutting failure / කණ්ඩි අස්ථාවරවීම්,,,,,,,,1.0,,5.0,,6,,Matale,80.668238,7.487415
80.593013,7.457064,Matale,උකුවෙල ප්රා.ලේ.කො,කිරිමැටියාව,HR3,HR3,,NBRO/MTL/UKUWELA/2026/KA/165,NBRO/MTL/UKUWELA/2026/KA/165,E 343A,House / නිවාස,,,2026-02-03 00:00:00,Cutting failure / කණ්ඩි අස්ථාවරවීම්,,,,,,,,5.0,,,,5,,Matale,80.593013,7.457064
80.7763,7.304058,Kandy,මැදදුම්බර ප්රා.ලේ.කො,රඹූක්වැල්ල නැගෙනහිර,HR3,HR3,,TPB/331,TPB/331,769,House / නිවාස,2025-11-27 00:00:00,,2026-04-03 00:00:00,Cutting failure / කණ්ඩි අස්ථාවරවීම්,,,,,,,,1.0,,,,1,,Kandy,80.7763,7.304058
80.777061,7.304181,Kandy,මැදදුම්බර ප්රා.ලේ.කො,රඹූක්වැල්ල නැගෙනහිර,HR3,HR3,,TPB/332,TPB/332,,House / නිවාස,2025-11-27 00:00:00,,2026-04-03 00:00:00,Slope failures / බැවුම් අස්ථාවරවීම්,,,,,,,,1.0,,1.0,,2,,Kandy,80.777061,7.304181
80.808427,7.327802,Kandy,මැදදුම්බර ප්රා.ලේ.කො,හීල් ඔය,HR3,HR3,,GHD 082,GHD 082,796,House / නිවාස,2025-11-27 00:00:00,,2026-04-09 00:00:00,Other / වෙනත් (වෙනත් කරුණු යටතේ සදහන් කරන්න),,,,බෑවුම් අස්ථාවර වීමට ඇති අවදානම/ ගල් පෙරලීමට ඇති අවදානම,,,,1.0,,3.0,,4,,Kandy,80.808427,7.327802
80.690438,6.952263,Nuwara Eliya,තලවකැලේ ප්රා.ලේ.කො,ග්‍රටේ වෙස්ටර්න්,HR3,HR3,,NBRI/NE/NED/(THALWAKALE)/2025/LY/23,NBRI/NE/NED/(THALWAKALE)/2025/LY/23,475 Z,House / නිවාස,2025-11-27 00:00:00,,2025-12-24 00:00:00,Landslide / නායයෑම්,Resettle / නැවත පදිංචිකිරීම,Minor or No Damages / සුළුහානි හෝ හානි නොමැති,,,,,,5.0,,1.0,,6,,Nuwara Eliya,80.690438,6.952263
80.708773,7.485812,Matale,රත්තොට ප්රා.ලේ.කො,බඹරකිරි ඇල්ල,HR3,HR3,,NBRO/MTL/RATHTHOTA/2026/WAES/286,NBRO/MTL/RATHTHOTA/2026/WAES/286,,House / නිවාස,2025-11-27 00:00:00,,2026-03-12 00:00:00,Other / වෙනත් (වෙනත් කරුණු යටතේ සදහන් කරන්න),,,,,,,,6.0,,,,6,,Matale,80.708773,7.485812
80.846113,7.296835,Kandy,මැදදුම්බර ප්රා.ලේ.කො,රඹුක්පොත,HR3,HR3,,SUJ 032,SUJ 032,807,House / නිවාස,2025-11-27 00:00:00,,2026-04-03 00:00:00,Cutting failure / කණ්ඩි අස්ථාවරවීම්,,,,,,,,1.0,,,,1,,Kandy,80.846113,7.296835
80.814714,7.260433,Kandy,මැදදුම්බර ප්රා.ලේ.කො,පුවක්ගහදිවෙල,HR3,HR3,,WDN 218,WDN 218,817,House / නිවාස,2025-11-27 00:00:00,,2026-07-08 00:00:00,Slope failures / බැවුම් අස්ථාවරවීම්,,,,,,,,1.0,,,,1,,Kandy,80.814714,7.260433
80.825797,7.248992,Kandy,මැදදුම්බර ප්රා.ලේ.කො,සඳසිරිදුනුවිල,HR3,HR3,,IBE 143,IBE 143,,House / නිවාස,2025-11-27 00:00:00,,2026-07-28 00:00:00,Slope failures / බැවුම් අස්ථාවරවීම්,,,,,,,,2.0,,2.0,,4,,Kandy,80.825797,7.248992
80.872166,7.057253,Nuwara Eliya,වලපනේ ප්රා.ලේ.කො,මහපතන,HR3,HR3,,NBRI/NE/WLD/2026/DSDD/227),NBRI/NE/WLD/2026/DSDD/227),516/ඩී,House / නිවාස,2025.11.27,,2026.03.25,Other / වෙනත් (වෙනත් කරුණු යටතේ සදහන් කරන්න),Resettle / නැවත පදිංචිකිරීම,Minor or No Damages / සුළුහානි හෝ හානි නොමැති,,නිම්න මාර්ගයක් තුළ පිහිටීම ( නිවාස ඉරිතැලීම),,,,1.0,,3.0,,4,,Nuwara Eliya,80.872166,7.057253
80.860011,7.100123,Nuwara Eliya,වලපනේ ප්රා.ලේ.කො,තැන්නෙහේන්වල,HR3,HR3,,NBRI/NE/WLD/2026/DSDD/231),NBRI/NE/WLD/2026/DSDD/231),514/ඩී,House / නිවාස,2025.11.27,,2026.03.25,Slope failures / බැවුම් අස්ථාවරවීම්,Resettle / නැවත පදිංචිකිරීම,Minor or No Damages / සුළුහානි හෝ හානි නොමැති,,,,,,1.0,,1.0,,2,,Nuwara Eliya,80.860011,7.100123
80.789186,7.279028,Kandy,මැදදුම්බර ප්රා.ලේ.කො,මීගහමඩිත්ත,HR3,HR3,,TPB 401,TPB 401,,House / නිවාස,2025-11-27 00:00:00,,2026-06-08 00:00:00,"Landslide / නායයෑම්, Cutting failure / කණ්ඩි අස්ථාවරවීම්",,,,,,,,1.0,,1.0,,2,,Kandy,80.789186,7.279028
80.787302,7.287918,Kandy,මැදදුම්බර ප්රා.ලේ.කො,මීගහමඩිත්ත,HR3,HR3,,TPB 404,TPB 404,,House / නිවාස,2025-11-27 00:00:00,,2026-06-08 00:00:00,Cutting failure / කණ්ඩි අස්ථාවරවීම්,,,,,,,,1.0,,,,1,,Kandy,80.787302,7.287918
80.795656,7.285556,Kandy,මැදදුම්බර ප්රා.ලේ.කො,මීගහමඩිත්ත,HR3,HR3,,TPB 407,TPB 407,,House / නිවාස,2025-11-27 00:00:00,,2026-06-08 00:00:00,Cutting failure / කණ්ඩි අස්ථාවරවීම්,,,,,,,,1.0,,,,1,,Kandy,80.795656,7.285556
80.739456,7.304515,Kandy,කුණ්ඩසාලේ ප්රා.ලේ.කො,ගෝනවල දකුණ,HR3,HR3,,HLK/383,HLK/383,719.0,House / නිවාස,2025-11-27 00:00:00,,2026-07-16 00:00:00,"Cutting failure / කණ්ඩි අස්ථාවරවීම්, Rock fall / ගල් පෙරලීම්",,,,,,,,1.0,,1.0,,2,,Kandy,80.739456,7.304515
80.182512,6.963692,Colombo,සීතාවක ප්රා.ලේ.කො,ඇස්වත්ත උතුර,HR3,HR3,,1,1,429,House / නිවාස,,,2025-12-24 00:00:00,"Landslide / නායයෑම්, Rock fall / ගල් පෙරලීම්, Slope failures / බැවුම් අස්ථාවරවීම්",,,0.0,,,1.0,,2.0,,,,3,,Colombo,80.182512,6.963692
80.180478,7.215115,Gampaha,මීරිගම ප්රා.ලේ.කො,දංඕවිට,HR3,HR3,,ERR 01,ERR 01,22,House / නිවාස,2025-11-29 00:00:00,14:30:00,2025-12-02 00:00:00,Cutting failure / කණ්ඩි අස්ථාවරවීම්,,,0.0,මීට පෙර NBRO/LRRMD/CMB/GAM/MIRIGA/LI/24/0079 වාර්තාව නිකුත් කර ඇත.,,,,2.0,,,,2,,Gampaha,80.180478,7.215115
80.184648,7.098231,Gampaha,අත්තනගල්ල ප්රා.ලේ.කො,නිකහැටිකන්ද,HR3,HR3,,ERR - Attanagalla - 32,ERR - Attanagalla - 32,365ඒ,House / නිවාස,,,14/12/2025,Slope failures / බැවුම් අස්ථාවරවීම්,Resettle / නැවත පදිංචිකිරීම,,,මෙම නිවස සඳහා 2021 වාර්තාවක් නිකුත් කර ඇත්,,,,1.0,,,,1,,Gampaha,80.184648,7.098231
80.208893,7.076111,Kegalle,රුවන්වැල්ල ප්රා.ලේ.කො,මොරන්තොට,HR3,HR3,,ERR - RWP -03,ERR - RWP -03,101බී,House / නිවාස,2025-11-29 00:00:00,,2025-12-02 00:00:00,Other / වෙනත් (වෙනත් කරුණු යටතේ සදහන් කරන්න),Resettle / නැවත පදිංචිකිරීම,Partially / අර්ධහානි,,,,,,4.0,,6.0,,10,,Kegalle,80.208893,7.076111
80.869393,7.006144,Nuwara Eliya,වලපනේ ප්රා.ලේ.කො,සෙනරත්පුර,HR3,HR3,,NBRI/NE/WLD/2025/SMK/54,NBRI/NE/WLD/2025/SMK/54,533 බී,House / නිවාස,2025-11-27 00:00:00,,2025-12-25 00:00:00,Slope failures / බැවුම් අස්ථාවරවීම්,Resettle / නැවත පදිංචිකිරීම,Minor or No Damages / සුළුහානි හෝ හානි නොමැති,,,,,,2.0,,5.0,2.0,9,,Nuwara Eliya,80.869393,7.006144
80.200528,7.128031,Gampaha,අත්තනගල්ල ප්රා.ලේ.කො,ඇතාඋඩකන්ද,HR3,HR3,,ERR - Attanagalla - 13,ERR - Attanagalla - 13,364/බී,House / නිවාස,28/11/2025,,2025-06-12 00:00:00,"Cutting failure / කණ්ඩි අස්ථාවරවීම්, Rock fall / ගල් පෙරලීම්",Relocate / නැවත ස්ථානගත කිරීම,Partially / අර්ධහානි,,,,,,1.0,,,,1,,Gampaha,80.200528,7.128031
80.156012,7.072828,Gampaha,අත්තනගල්ල ප්රා.ලේ.කො,බෝපාගම,HR3,HR3,,ERR - Attanagalla - 18,ERR - Attanagalla - 18,376,House / නිවාස,28/11/2025,,2025-03-12 00:00:00,Slope failures / බැවුම් අස්ථාවරවීම්,Relocate / නැවත ස්ථානගත කිරීම,,,,,,,1.0,,,,1,,Gampaha,80.156012,7.072828
80.298647,7.197912,Kegalle,ගලිගමුව ප්රා.ලේ.කො,63 - අම්පේ,HR3,HR3,,LRR GLP 57,LRR GLP 57,,House / නිවාස,2025-11-28 00:00:00,,2026-05-07 00:00:00,Slope failures / බැවුම් අස්ථාවරවීම්,Mitigation / අවදානම් අවම කිරීම,Minor / සුළුහානි,,,,,,1.0,,,,1,,Kegalle,80.298647,7.197912
80.323272,7.272023,Kegalle,ගලිගමුව ප්රා.ලේ.කො,ඇදුරපොත-බටහිර,HR3,HR3,,LRR GLP 58,LRR GLP 58,,House / නිවාස,2025-11-28 00:00:00,,2026-05-14 00:00:00,Cutting failure / කණ්ඩි අස්ථාවරවීම්,Resettle / නැවත පදිංචිකිරීම,Minor / සුළුහානි,,,,,,1.0,,1.0,,2,,Kegalle,80.323272,7.272023
80.317917,7.148007,Kegalle,ගලිගමුව ප්රා.ලේ.කො,හපුදෙණිය,HR3,HR3,,LRR GLP 60,LRR GLP 60,,House / නිවාස,2025-11-27 00:00:00,,2026-03-27 00:00:00,Slope failures / බැවුම් අස්ථාවරවීම්,Resettle / නැවත පදිංචිකිරීම,Minor / සුළුහානි,,,,,,1.0,,3.0,,4,,Kegalle,80.317917,7.148007
80.334017,7.22284,Kegalle,ගලිගමුව ප්රා.ලේ.කො,ඉඹුල්ගල - 68,HR3,HR3,,LRR-GLP-52,LRR-GLP-52,,House / නිවාස,2025-11-28 00:00:00,,2026-03-01 00:00:00,Landslide / නායයෑම්,Mitigation / අවදානම් අවම කිරීම,Minor / සුළුහානි,,,,,,1.0,,10.0,,11,,Kegalle,80.334017,7.22284
79.857832,7.270375,Gampaha,මීගමුව ප්රා.ලේ.කො,කොච්චිකඩේ,HR3,HR3,,ERR - Negombo - 4,ERR - Negombo - 4,78,House / නිවාස,28/11/2025,,2025-12-12 00:00:00,Other / වෙනත් (වෙනත් කරුණු යටතේ සදහන් කරන්න),Resettle / නැවත පදිංචිකිරීම,Minor / සුළුහානි,,නිවසේ පවතින අස්ථාවරභාවය නිසා ගංවතුරට ඔරොත්තු දීමේ හැකියාවක් නොමැති බැවින් මෙම නිවස සම්පූර්ණය,,,,1.0,,,,1,,Gampaha,79.857832,7.270375
80.171937,7.013665,Gampaha,දොම්පේ ප්රා.ලේ.කො,වටවල,HR3,HR3,,NBRO/CO/DOMPE/2025/TPC/05,NBRO/CO/DOMPE/2025/TPC/05,379 බී,House / නිවාස,28/11/2025,,28/12/2025,Slope failures / බැවුම් අස්ථාවරවීම්,Resettle / නැවත පදිංචිකිරීම,,,,,,,1.0,,3.0,,4,,Gampaha,80.171937,7.013665
80.038729,6.976347,Gampaha,දොම්පේ ප්රා.ලේ.කො,එගොඩපැලහැල,HR3,HR3,,NBRO/CO/DOMPE/2025/TPC/04,NBRO/CO/DOMPE/2025/TPC/04,400 බී,House / නිවාස,28/12/2025,08:30:00,19/12/2025,Slope failures / බැවුම් අස්ථාවරවීම්,Resettle / නැවත පදිංචිකිරීම,,,,,,,1.0,,2.0,,3,,Gampaha,80.038729,6.976347
81.110465,6.967953,Badulla,බදුල්ල ප්රා.ලේ.කො,විනීතගම,HR3,HR3,,NBRO /LRRMD/LT/2025/00228,NBRO /LRRMD/LT/2025/00228,80C,House / නිවාස,,,2025-12-12 00:00:00,Other / වෙනත් (වෙනත් කරුණු යටතේ සදහන් කරන්න),Resettle / නැවත පදිංචිකිරීම,,0.0,,,,,2.0,,4.0,,6,,Badulla,81.110465,6.967953
81.109448,6.975046,Badulla,බදුල්ල ප්රා.ලේ.කො,තෙල්බැද්ද,HR3,HR3,,NBRO /LRRMD/LT/2025/00172,NBRO /LRRMD/LT/2025/00172,81B,House / නිවාස,2025-11-27 00:00:00,,2025-12-22 00:00:00,"Landslide / නායයෑම්, Cutting failure / කණ්ඩි අස්ථාවරවීම්",Resettle / නැවත පදිංචිකිරීම,,0.0,,,,,15.0,,28.0,1.0,44,,Badulla,81.109448,6.975046
81.10753,7.01188,Badulla,බදුල්ල ප්රා.ලේ.කො,හීන්නාරංගොල්ල,HR3,HR3,,NBRO/LRRMD-BDL/BDU/BADULL/LI/26/0261,NBRO/LRRMD-BDL/BDU/BADULL/LI/26/0261,81A,House / නිවාස,2025-11-27 00:00:00,,2026-01-23 00:00:00,"Landslide / නායයෑම්, Slope failures / බැවුම් අස්ථාවරවීම්, Cutting failure / කණ්ඩි අස්ථාවරවීම්",Resettle / නැවත පදිංචිකිරීම,,,,,,,1.0,,2.0,,3,,Badulla,81.10753,7.01188
81.065093,6.999554,Badulla,බදුල්ල ප්රා.ලේ.කො,අන්දෙණිය,HR3,HR3,,NBRO/LRRMD-BDL/BDU/BADULL/LI/26/0185,NBRO/LRRMD-BDL/BDU/BADULL/LI/26/0185,79A,House / නිවාස,2025-11-26 00:00:00,,2026-01-14 00:00:00,Cutting failure / කණ්ඩි අස්ථාවරවීම්,Resettle / නැවත පදිංචිකිරීම,,0.0,,,,,1.0,,3.0,,4,,Badulla,81.065093,6.999554
80.872382,7.063588,Nuwara Eliya,වලපනේ ප්රා.ලේ.කො,මහඌව,HR3,HR3,,NBRI/NE/WLD/2025/LY/32),NBRI/NE/WLD/2025/LY/32),515 / ඊ,House / නිවාස,2025-11-26 00:00:00,,2025-12-31 00:00:00,Slope failures / බැවුම් අස්ථාවරවීම්,Resettle / නැවත පදිංචිකිරීම,Minor or No Damages / සුළුහානි හෝ හානි නොමැති,,,,,,5.0,,2.0,,7,,Nuwara Eliya,80.872382,7.063588
81.060804,6.991471,Badulla,බදුල්ල ප්රා.ලේ.කො,අන්දෙනිය,HR3,HR3,,NBRO/LRRMD-BDL/BDU/BADULL/LI/26/0342,NBRO/LRRMD-BDL/BDU/BADULL/LI/26/0342,79A,House / නිවාස,2025-11-27 00:00:00,,2026-01-26 00:00:00,"Cutting failure / කණ්ඩි අස්ථාවරවීම්, Rock fall / ගල් පෙරලීම්",Resettle / නැවත පදිංචිකිරීම,,0.0,,,,,1.0,,4.0,,5,,Badulla,81.060804,6.991471
81.114366,6.97581,Badulla,බදුල්ල ප්රා.ලේ.කො,තෙල්බැද්ද ඉහළ කොටස,HR3,HR3,,NBRO/LRRMD-BDL/BDU/BADULL/LI/26/0309,NBRO/LRRMD-BDL/BDU/BADULL/LI/26/0309,81B,House / නිවාස,2025-11-27 00:00:00,,2026-01-22 00:00:00,Landslide / නායයෑම්,Resettle / නැවත පදිංචිකිරීම,,,,,,,1.0,,2.0,,3,,Badulla,81.114366,6.97581
81.051948,7.002652,Badulla,බදුල්ල ප්රා.ලේ.කො,පිිටවෙලගම,HR3,HR3,,NBRO/LRRMD-BDL/BDU/BADULL/LI/26/0345,NBRO/LRRMD-BDL/BDU/BADULL/LI/26/0345,78L,House / නිවාස,2025-11-26 00:00:00,,2026-01-14 00:00:00,"Cutting failure / කණ්ඩි අස්ථාවරවීම්, Slope failures / බැවුම් අස්ථාවරවීම්",Resettle / නැවත පදිංචිකිරීම,,0.0,,,,,1.0,,,,1,,Badulla,81.051948,7.002652
81.053657,7.010779,Badulla,බදුල්ල ප්රා.ලේ.කො,පිිටවෙලගම,HR3,HR3,,NBRO/LRRMD-BDL/BDU/BADULL/LI/26/0365,NBRO/LRRMD-BDL/BDU/BADULL/LI/26/0365,48L,House / නිවාස,2025-11-27 00:00:00,,2025-12-19 00:00:00,"Slope failures / බැවුම් අස්ථාවරවීම්, Cutting failure / කණ්ඩි අස්ථාවරවීම්",Resettle / නැවත පදිංචිකිරීම,,0.0,NBRO/LRRMD/BDU/BADULL/LI/23//0166 වාර්තාව පිළිපඳින්න,,,,1.0,,9.0,,10,,Badulla,81.053657,7.010779
80.844106,7.130874,Nuwara Eliya,වලපනේ ප්රා.ලේ.කො,ඉහළ පන්නල,HR3,HR3,,NBRI/NE/WLD/2025/DMCP/සංශෝධන/48),NBRI/NE/WLD/2025/DMCP/සංශෝධන/48),513 ඩී,House / නිවාස,2025-11-07 00:00:00,11.0 7 AM,2026.01.03,Landslide / නායයෑම්,Resettle / නැවත පදිංචිකිරීම,Minor or No Damages / සුළුහානි හෝ හානි නොමැති,,,,,,3.0,,20.0,,23,,Nuwara Eliya,80.844106,7.130874
81.043578,6.990371,Badulla,බදුල්ල ප්රා.ලේ.කො,කටුපැලැල්ල,HR3,HR3,,NBRO/LRRMD-BDL/BDU/BADULL/LI/26/0514,NBRO/LRRMD-BDL/BDU/BADULL/LI/26/0514,78H,House / නිවාස,2025-11-27 00:00:00,,2026-03-08 00:00:00,Cutting failure / කණ්ඩි අස්ථාවරවීම්,Resettle / නැවත පදිංචිකිරීම,,0.0,,,,,2.0,,6.0,,8,,Badulla,81.043578,6.990371
81.051541,7.000106,Badulla,බදුල්ල ප්රා.ලේ.කො,පිිටවෙලගම,HR3,HR3,,NBRO/LRRMD-BDL/BDU/BADULL/LI/26/0530,NBRO/LRRMD-BDL/BDU/BADULL/LI/26/0530,78L,House / නිවාස,2025-11-27 00:00:00,,2026-03-05 00:00:00,Slope failures / බැවුම් අස්ථාවරවීම්,Resettle / නැවත පදිංචිකිරීම,,0.0,,,,,1.0,,4.0,,5,,Badulla,81.051541,7.000106
81.052687,7.002261,Badulla,බදුල්ල ප්රා.ලේ.කො,පිිටවෙලගම,HR3,HR3,,NBRO/LRRMD-BDL/BDU/BADULL/LI/26/0532,NBRO/LRRMD-BDL/BDU/BADULL/LI/26/0532,78L,House / නිවාස,2025-11-27 00:00:00,,2026-03-05 00:00:00,Slope failures / බැවුම් අස්ථාවරවීම්,Resettle / නැවත පදිංචිකිරීම,,0.0,,,,,1.0,,5.0,,6,,Badulla,81.052687,7.002261
81.070291,6.976222,Badulla,බදුල්ල ප්රා.ලේ.කො,හිඟුරුගමුව,HR3,HR3,,NBRO/LRRMD-BDL/BDU/BADULL/LI/26/0724,NBRO/LRRMD-BDL/BDU/BADULL/LI/26/0724,78E,House / නිවාස,2025-11-27 00:00:00,,2026-04-06 00:00:00,"Landslide / නායයෑම්, Cutting failure / කණ්ඩි අස්ථාවරවීම්",Resettle / නැවත පදිංචිකිරීම,,0.0,,,,,6.0,,7.0,,13,,Badulla,81.070291,6.976222
81.046113,6.996367,Badulla,බදුල්ල ප්රා.ලේ.කො,කටුපැලැල්ල,HR3,HR3,,NBRO/LRRMD-BDL/BDU/BADULL/LI/26/0728,NBRO/LRRMD-BDL/BDU/BADULL/LI/26/0728,78H,House / නිවාස,2025-11-27 00:00:00,,2026-04-27 00:00:00,"Landslide / නායයෑම්, Cutting failure / කණ්ඩි අස්ථාවරවීම්",Resettle / නැවත පදිංචිකිරීම,,0.0,,,,,7.0,,24.0,,31,,Badulla,81.046113,6.996367
81.047462,6.988039,Badulla,බදුල්ල ප්රා.ලේ.කො,කටුපැලැල්ල,HR3,HR3,,NBRO/LRRMD-BDL/BDU/BADULL/LI/26/0729,NBRO/LRRMD-BDL/BDU/BADULL/LI/26/0729,78H,House / නිවාස,2025-11-27 00:00:00,,2025-11-27 00:00:00,"Slope failures / බැවුම් අස්ථාවරවීම්, Cutting failure / කණ්ඩි අස්ථාවරවීම්",Resettle / නැවත පදිංචිකිරීම,,0.0,,,,,1.0,,14.0,,15,,Badulla,81.047462,6.988039
81.044102,6.98385,Badulla,බදුල්ල ප්රා.ලේ.කො,කටුපැලැල්ල,HR3,HR3,,NBRO/LRRMD-BDL/BDU/BADULL/LI/26/0731,NBRO/LRRMD-BDL/BDU/BADULL/LI/26/0731,78H,House / නිවාස,2025-11-27 00:00:00,,2026-03-13 00:00:00,Landslide / නායයෑම්,Resettle / නැවත පදිංචිකිරීම,,0.0,,,,,3.0,,1.0,,4,,Badulla,81.044102,6.98385
81.071637,6.992136,Badulla,බදුල්ල ප්රා.ලේ.කො,හෑගොඩ,HR3,HR3,,NBRO/LRRMD-BDL/BDU/BADULL/LI/26/0755,NBRO/LRRMD-BDL/BDU/BADULL/LI/26/0755,79,House / නිවාස,2025-11-27 00:00:00,,2026-04-07 00:00:00,Slope failures / බැවුම් අස්ථාවරවීම්,Resettle / නැවත පදිංචිකිරීම,,0.0,,,,,1.0,,3.0,,4,,Badulla,81.071637,6.992136
81.058052,6.977281,Badulla,බදුල්ල ප්රා.ලේ.කො,කනුපැලැල්ල,HR3,HR3,,NBRO/LRRMD-BDL/BDU/BADULL/LI/26/0874,NBRO/LRRMD-BDL/BDU/BADULL/LI/26/0874,78F,House / නිවාස,2025-11-27 00:00:00,,2026-04-08 00:00:00,Slope failures / බැවුම් අස්ථාවරවීම්,Resettle / නැවත පදිංචිකිරීම,,0.0,,,,,1.0,,1.0,,2,,Badulla,81.058052,6.977281
81.062021,6.999167,Badulla,බදුල්ල ප්රා.ලේ.කො,අංදෙනිය,HR3,HR3,,NBRO/LRRMD-BDL/BDU/BADULL/LI/26/0886,NBRO/LRRMD-BDL/BDU/BADULL/LI/26/0886,79A,House / නිවාස,2025-11-27 00:00:00,,2026-04-27 00:00:00,"Rock fall / ගල් පෙරලීම්, Other / වෙනත් (වෙනත් කරුණු යටතේ සදහන් කරන්න)",Resettle / නැවත පදිංචිකිරීම,,0.0,,,,,2.0,,16.0,,18,,Badulla,81.062021,6.999167
81.045597,6.986741,Badulla,බදුල්ල ප්රා.ලේ.කො,කටුපැලැල්ල,HR3,HR3,,NBRO/LRRMD-BDL/BDU/BADULL/LI/26/0890,NBRO/LRRMD-BDL/BDU/BADULL/LI/26/0890,78H,House / නිවාස,2025-11-27 00:00:00,,2026-03-13 00:00:00,Slope failures / බැවුම් අස්ථාවරවීම්,Resettle / නැවත පදිංචිකිරීම,,0.0,,,,,5.0,,6.0,,11,,Badulla,81.045597,6.986741
81.058798,7.009753,Badulla,බදුල්ල ප්රා.ලේ.කො,මැදපතන,HR3,HR3,,NBRO/LRRMD-BDL/BDU/BADULL/LI/26/0891,NBRO/LRRMD-BDL/BDU/BADULL/LI/26/0891,78M,House / නිවාස,2025-11-27 00:00:00,,2026-01-27 00:00:00,Slope failures / බැවුම් අස්ථාවරවීම්,Resettle / නැවත පදිංචිකිරීම,,0.0,,,,,4.0,,2.0,,6,,Badulla,81.058798,7.009753
81.045262,6.99934,Badulla,බදුල්ල ප්රා.ලේ.කො,බදුල්ල-බටහිර,HR3,HR3,,NBRO/LRRMD-BDL/BDU/BADULL/LI/26/0900,NBRO/LRRMD-BDL/BDU/BADULL/LI/26/0900,78C,House / නිවාස,2025-11-27 00:00:00,,2026-04-26 00:00:00,Slope failures / බැවුම් අස්ථාවරවීම්,Resettle / නැවත පදිංචිකිරීම,,0.0,,,,,2.0,,,,2,,Badulla,81.045262,6.99934
81.04639,6.99827,Badulla,බදුල්ල ප්රා.ලේ.කො,බදුල්ල-බටහිර,HR3,HR3,,NBRO/LRRMD-BDL/BDU/BADULL/LI/26/0901,NBRO/LRRMD-BDL/BDU/BADULL/LI/26/0901,78C,House / නිවාස,2025-11-27 00:00:00,,,Slope failures / බැවුම් අස්ථාවරවීම්,Resettle / නැවත පදිංචිකිරීම,,0.0,,,,,1.0,,12.0,,13,,Badulla,81.04639,6.99827
81.117735,6.994789,Badulla,බදුල්ල ප්රා.ලේ.කො,කැන්දගොල්ල,HR3,HR3,,NBRO/LRRMD-BDL/BDU/BADULL/LI/26/1120,NBRO/LRRMD-BDL/BDU/BADULL/LI/26/1120,81,House / නිවාස,2025-11-27 00:00:00,,2026-04-29 00:00:00,"Slope failures / බැවුම් අස්ථාවරවීම්, Other / වෙනත් (වෙනත් කරුණු යටතේ සදහන් කරන්න)",,,0.0,,,,,4.0,,2.0,1.0,7,,Badulla,81.117735,6.994789
81.10138,6.975228,Badulla,බදුල්ල ප්රා.ලේ.කො,වියදිගුණ,HR3,HR3,,NBRO/LRRMD-BDL/BDU/BADULL/LI/26/1167,NBRO/LRRMD-BDL/BDU/BADULL/LI/26/1167,80E,House / නිවාස,2025-11-27 00:00:00,,2025-04-25 00:00:00,Slope failures / බැවුම් අස්ථාවරවීම්,,,0.0,,,,,1.0,,,,1,,Badulla,81.10138,6.975228
81.120724,6.991116,Badulla,බදුල්ල ප්රා.ලේ.කො,කැන්දගොල්ල,HR3,HR3,,NBRO/LRRMD-BDL/BDU/BADULL/LI/26/1127,NBRO/LRRMD-BDL/BDU/BADULL/LI/26/1127,81,House / නිවාස,2025-11-27 00:00:00,,2026-04-29 00:00:00,"Cutting failure / කණ්ඩි අස්ථාවරවීම්, Slope failures / බැවුම් අස්ථාවරවීම්, Other / වෙනත් (වෙනත් කරුණු යටතේ සදහන් කරන්න)",,,0.0,,,,,2.0,,3.0,,5,,Badulla,81.120724,6.991116
80.327017,7.276636,Kegalle,ගලිගමුව ප්රා.ලේ.කො,ඇඳුරාපත බටහිර 74E,HR3,HR3,,LRR-GLP-44,LRR-GLP-44,,House / නිවාස,2025-11-28 00:00:00,,2026-01-17 00:00:00,Cutting failure / කණ්ඩි අස්ථාවරවීම්,Mitigation / අවදානම් අවම කිරීම,Minor / සුළුහානි,,,,,,1.0,,1.0,,2,,Kegalle,80.327017,7.276636
80.309803,7.243133,Kegalle,ගලිගමුව ප්රා.ලේ.කො,ගලිගමුව 64B,HR3,HR3,,LRR-GLP-45,LRR-GLP-45,,House / නිවාස,2025-11-28 00:00:00,,2026-01-17 00:00:00,Slope failures / බැවුම් අස්ථාවරවීම්,Mitigation / අවදානම් අවම කිරීම,Minor / සුළුහානි,,,,,,2.0,,2.0,,4,,Kegalle,80.309803,7.243133
80.287185,7.278209,Kegalle,ගලිගමුව ප්රා.ලේ.කො,වේරගොඩ 73A,HR3,HR3,,LRR-GLP-47,LRR-GLP-47,,House / නිවාස,2025-11-28 00:00:00,,2026-01-17 00:00:00,Slope failures / බැවුම් අස්ථාවරවීම්,Mitigation / අවදානම් අවම කිරීම,Minor / සුළුහානි,,,,,,1.0,,,,1,,Kegalle,80.287185,7.278209
80.934238,7.410623,Kandy,මිණිපෙ ප්රා.ලේ.කො,උඩත්තව,HR3,HR3,,IBE/224,IBE/224,,House / නිවාස,2025-11-27 00:00:00,,2026-06-07 00:00:00,Slope failures / බැවුම් අස්ථාවරවීම්,,,,,,,,5.0,,16.0,,21,,Kandy,80.934238,7.410623
81.104794,7.005955,Badulla,බදුල්ල ප්රා.ලේ.කො,හින්නාරංගොල්ල,HR3,HR3,,NBRO/LRRMD-BDL/BDU/BADULL/LI/26/1525,NBRO/LRRMD-BDL/BDU/BADULL/LI/26/1525,80A,House / නිවාස,2025-11-27 00:00:00,,2026-04-29 00:00:00,"Slope failures / බැවුම් අස්ථාවරවීම්, Rock fall / ගල් පෙරලීම්",,,0.0,,,,,1.0,,,,1,,Badulla,81.104794,7.005955
80.977125,6.83606,Badulla,හපුතලේ ප්රා.ලේ.කො,කහත්තේවෙල,HR3,HR3,,NBRO/LRRMD-BDL/BDU/HAPUTA/LI/26/0242,NBRO/LRRMD-BDL/BDU/HAPUTA/LI/26/0242,64A,House / නිවාස,2025-11-27 00:00:00,,"2026/01/14,20",Slope failures / බැවුම් අස්ථාවරවීම්,Resettle / නැවත පදිංචිකිරීම,,,,,,,2.0,,15.0,,17,,Badulla,80.977125,6.83606
80.977791,6.831842,Badulla,හපුතලේ ප්රා.ලේ.කො,කහත්තෙවෙල,HR3,HR3,,NBRO/LRRMD-BDL/BDU/HAPUTA/LI/26/0244,NBRO/LRRMD-BDL/BDU/HAPUTA/LI/26/0244,64A,House / නිවාස,2025-11-27 00:00:00,,,"Cutting failure / කණ්ඩි අස්ථාවරවීම්, Other / වෙනත් (වෙනත් කරුණු යටතේ සදහන් කරන්න)",Resettle / නැවත පදිංචිකිරීම,,,,,,,1.0,,3.0,,4,,Badulla,80.977791,6.831842
80.996397,6.787081,Badulla,හපුතලේ ප්රා.ලේ.කො,පිටරත්මලේ,HR3,HR3,,NBRO/LRRMD-BDL/BDU/HAPUTA/LI/26/0229,NBRO/LRRMD-BDL/BDU/HAPUTA/LI/26/0229,64D,House / නිවාස,2025-11-27 00:00:00,,2025-12-05 00:00:00,Landslide / නායයෑම්,Resettle / නැවත පදිංචිකිරීම,,,,,,,8.0,,23.0,,31,,Badulla,80.996397,6.787081
80.944321,6.782279,Badulla,හපුතලේ ප්රා.ලේ.කො,හපුතලේගම,HR3,HR3,,NBRO/LRRMD-BDL/BDU/HAPUTA/LI/26/1034,NBRO/LRRMD-BDL/BDU/HAPUTA/LI/26/1034,,House / නිවාස,2025-11-27 00:00:00,,2026-04-29 00:00:00,"Cutting failure / කණ්ඩි අස්ථාවරවීම්, Slope failures / බැවුම් අස්ථාවරවීම්, Other / වෙනත් (වෙනත් කරුණු යටතේ සදහන් කරන්න)",Resettle / නැවත පදිංචිකිරීම,,,,,,,1.0,,,,1,,Badulla,80.944321,6.782279
80.993701,6.812374,Badulla,බණ්ඩාරවෙල ප්රා.ලේ.කො,බැද්දෙකුඹුර,HR3,HR3,,NBRO/LRRMD-BDL/BDU/BANDAR/LI/26/0625,NBRO/LRRMD-BDL/BDU/BANDAR/LI/26/0625,65D,House / නිවාස,2025-11-27 00:00:00,,2026-03-24 00:00:00,Slope failures / බැවුම් අස්ථාවරවීම්,Resettle / නැවත පදිංචිකිරීම,,,,,,,1.0,,4.0,,5,,Badulla,80.993701,6.812374
81.025785,6.84166,Badulla,බණ්ඩාරවෙල ප්රා.ලේ.කො,බණ්ඩාරවෙල,HR3,HR3,,NBRO/LRRMD-BDL/BDU/BANDAR/LI/26/0626,NBRO/LRRMD-BDL/BDU/BANDAR/LI/26/0626,66F,House / නිවාස,2025-11-27 00:00:00,,2026-03-24 00:00:00,Slope failures / බැවුම් අස්ථාවරවීම්,Resettle / නැවත පදිංචිකිරීම,,,,,,,1.0,,,,1,,Badulla,81.025785,6.84166
80.956939,6.864512,Badulla,බණ්ඩාරවෙල ප්රා.ලේ.කො,මාතැටිල්ල,HR3,HR3,,NBRO/LRRMD-BDL/BDU/BANDAR/LI/26/0881,NBRO/LRRMD-BDL/BDU/BANDAR/LI/26/0881,67J,House / නිවාස,2025-11-27 00:00:00,,2026-03-28 00:00:00,Cutting failure / කණ්ඩි අස්ථාවරවීම්,,,,,,,,2.0,,1.0,,3,,Badulla,80.956939,6.864512
81.037626,6.821508,Badulla,බණ්ඩාරවෙල ප්රා.ලේ.කො,මකුල්ඇල්ල,HR3,HR3,,NBRO/LRRMD-BDL/BDU/BANDAR/LI/26/0882,NBRO/LRRMD-BDL/BDU/BANDAR/LI/26/0882,67J,House / නිවාස,2025-11-27 00:00:00,,2026-03-28 00:00:00,Slope failures / බැවුම් අස්ථාවරවීම්,,,,,,,,1.0,,,,1,,Badulla,81.037626,6.821508
81.034125,6.809218,Badulla,බණ්ඩාරවෙල ප්රා.ලේ.කො,බැද්දෙආරාව,HR3,HR3,,NBRO/LRRMD-BDL/BDU/BANDAR/LI/26/0883,NBRO/LRRMD-BDL/BDU/BANDAR/LI/26/0883,70C,House / නිවාස,2025-11-27 00:00:00,,2026-03-28 00:00:00,"Landslide / නායයෑම්, Sinking(ගිලා බැසීම)",,,,,,,,5.0,,,,5,,Badulla,81.034125,6.809218
80.965579,6.848619,Badulla,බණ්ඩාරවෙල ප්රා.ලේ.කො,අඹේගොඩ,HR3,HR3,,NBRO/LRRMD-BDL/BDU/BANDAR/LI/26/1118,NBRO/LRRMD-BDL/BDU/BANDAR/LI/26/1118,67C,House / නිවාස,2025-11-27 00:00:00,,2026-04-24 00:00:00,"Cutting failure / කණ්ඩි අස්ථාවරවීම්, Other / වෙනත් (වෙනත් කරුණු යටතේ සදහන් කරන්න), Slope failures / බැවුම් අස්ථාවරවීම්",,,,,,,,1.0,,5.0,,6,,Badulla,80.965579,6.848619
81.06718,7.274536,Badulla,රිදීමාලියද්ද ප්රා.ලේ.කො,පහලඔයගම,HR3,HR3,,NBRO/LRRMD-BDL/BDU/RIDEEM/LI/26/0069,NBRO/LRRMD-BDL/BDU/RIDEEM/LI/26/0069,5B,House / නිවාස,2025-11-27 00:00:00,,2026-01-09 00:00:00,"Slope failures / බැවුම් අස්ථාවරවීම්, Rock fall / ගල් පෙරලීම්",Resettle / නැවත පදිංචිකිරීම,,,,,,,3.0,,,,3,,Badulla,81.06718,7.274536
80.982505,6.825762,Badulla,බණ්ඩාරවෙල ප්රා.ලේ.කො,ඉණිකම්බැද්ද,HR3,HR3,,NBRO/LRRMD-BDL/BDU/BANDAR/LI/26/1552,NBRO/LRRMD-BDL/BDU/BANDAR/LI/26/1552,65E,House / නිවාස,2025-11-27 00:00:00,,2025-06-04 00:00:00,Landslide / නායයෑම්,,,,,,,,1.0,,,,1,,Badulla,80.982505,6.825762
81.1017,7.17354,Badulla,රිදීමාලියද්ද ප්රා.ලේ.කො,දික්යාය,HR3,HR3,,NBRO /LRRMO/LT/2025/00106,NBRO /LRRMO/LT/2025/00106,15A,House / නිවාස,2025-11-27 00:00:00,,2025-12-07 00:00:00,Landslide / නායයෑම්,Resettle / නැවත පදිංචිකිරීම,,0.0,,,,,5.0,,,,5,,Badulla,81.1017,7.17354
80.327251,7.274741,Kegalle,ගලිගමුව ප්රා.ලේ.කො,ඇඳුරාපත,HR3,HR3,,LRR-GLP-42,LRR-GLP-42,,House / නිවාස,2025-11-27 00:00:00,,2026-01-17 00:00:00,Other / වෙනත් (වෙනත් කරුණු යටතේ සදහන් කරන්න),Mitigation / අවදානම් අවම කිරීම,Minor / සුළුහානි,,,,,,1.0,,12.0,,13,,Kegalle,80.327251,7.274741
80.984301,7.072718,Badulla,කන්දකැටිය ප්රා.ලේ.කො,හාපත්ගමුව,HR3,HR3,,NBRO/LRRMD/LT/2025/00200,NBRO/LRRMD/LT/2025/00200,32C,House / නිවාස,2025-11-27 00:00:00,,2025-12-25 00:00:00,Landslide / නායයෑම්,Resettle / නැවත පදිංචිකිරීම,,,,,,,1.0,,,,1,,Badulla,80.984301,7.072718
80.816513,7.117753,Nuwara Eliya,වලපනේ ප්රා.ලේ.කො,උණගොල්ල,HR3,HR3,,NBRI/NE/WLD/2025/DMCP/10 - Rev,NBRI/NE/WLD/2025/DMCP/10 - Rev,506 ඒ,House / නිවාස,2025-11-27 00:00:00,2.10 am,2025-12-11 00:00:00,Landslide / නායයෑම්,Resettle / නැවත පදිංචිකිරීම,Minor or No Damages / සුළුහානි හෝ හානි නොමැති,,,,,,13.0,,,,13,,Nuwara Eliya,80.816513,7.117753
80.671485,7.51356,Matale,උකුවෙල ප්රා.ලේ.කො,පල්ලේගම,HR3,HR3,,"NBRO/MTL/UKUWELA/2026/TW,SW/113","NBRO/MTL/UKUWELA/2026/TW,SW/113",E 373,House / නිවාස,2025-11-27 00:00:00,07:30:00,2026-01-18 00:00:00,"Cutting failure / කණ්ඩි අස්ථාවරවීම්, Rock fall / ගල් පෙරලීම්, Other / වෙනත් (වෙනත් කරුණු යටතේ සදහන් කරන්න)",,,,,,,,1.0,,,,1,,Matale,80.671485,7.51356
80.984701,7.113725,Badulla,කන්දකැටිය ප්රා.ලේ.කො,මුදාගමුව,HR3,HR3,,NBRO/LRRMD/LT/2025/00184,NBRO/LRRMD/LT/2025/00184,32A,House / නිවාස,2025-11-27 00:00:00,,2025-12-23 00:00:00,Landslide / නායයෑම්,Resettle / නැවත පදිංචිකිරීම,,,,,,,2.0,,5.0,,7,,Badulla,80.984701,7.113725
80.997408,7.072356,Badulla,කන්දකැටිය ප්රා.ලේ.කො,බෝපිටිය,HR3,HR3,,NBRO/LRRMD/LT/2025/00187,NBRO/LRRMD/LT/2025/00187,33A,House / නිවාස,2025-11-27 00:00:00,,2025-12-23 00:00:00,"Slope failures / බැවුම් අස්ථාවරවීම්, Cutting failure / කණ්ඩි අස්ථාවරවීම්, Other / වෙනත් (වෙනත් කරුණු යටතේ සදහන් කරන්න)",Resettle / නැවත පදිංචිකිරීම,,,,,,,1.0,,1.0,,2,,Badulla,80.997408,7.072356
80.634896,7.051344,Nuwara Eliya,කොත්මලේ බටහිර ප්රා.ලේ.කො,වටද්දර,HR3,HR3,,NBRI/NE/KTD[West]/2026/SMK/230),NBRI/NE/KTD[West]/2026/SMK/230),,House / නිවාස,2025.11.27,,2026.07.15,Other / වෙනත් (වෙනත් කරුණු යටතේ සදහන් කරන්න),Resettle / නැවත පදිංචිකිරීම,Minor or No Damages / සුළුහානි හෝ හානි නොමැති,,ආතති පැලුම්,,,,1.0,,11.0,,12,,Nuwara Eliya,80.634896,7.051344
80.967165,7.068714,Badulla,කන්දකැටිය ප්රා.ලේ.කො,ගෝඩුන්න,HR3,HR3,,NBRO/LRRMD/LT/2025/00199,NBRO/LRRMD/LT/2025/00199,32,House / නිවාස,2025-11-27 00:00:00,,2025-12-24 00:00:00,"Landslide / නායයෑම්, Rock fall / ගල් පෙරලීම්, Slope failures / බැවුම් අස්ථාවරවීම්, Cutting failure / කණ්ඩි අස්ථාවරවීම්, Other / වෙනත් (වෙන",Resettle / නැවත පදිංචිකිරීම,,,,,,,1.0,,,,1,,Badulla,80.967165,7.068714
80.608652,7.07347,Nuwara Eliya,කොත්මලේ බටහිර ප්රා.ලේ.කො,කොටගේපිටිය උතුර,HR3,HR3,,NBRI/NE/KTD[West]/2026/VKG/110),NBRI/NE/KTD[West]/2026/VKG/110),459/බී,House / නිවාස,2025.11.27,,2026.07.21,Rock fall / ගල් පෙරලීම්,Resettle / නැවත පදිංචිකිරීම,Minor or No Damages / සුළුහානි හෝ හානි නොමැති,,,,,,1.0,,16.0,1.0,18,,Nuwara Eliya,80.608652,7.07347
80.562558,7.05544,Nuwara Eliya,කොත්මලේ බටහිර ප්රා.ලේ.කො,රුවන්පුර,HR3,HR3,,NBRI/NE/KTD[West]/2026/VKG/105),NBRI/NE/KTD[West]/2026/VKG/105),460 සී,House / නිවාස,2025.11.27 සහ ඉන් පෙර සිටම,,2026.06.03,Slope failures / බැවුම් අස්ථාවරවීම්,Resettle / නැවත පදිංචිකිරීම,Minor or No Damages / සුළුහානි හෝ හානි නොමැති,,,,,,2.0,,1.0,,3,,Nuwara Eliya,80.562558,7.05544
80.994395,7.050255,Badulla,කන්දකැටිය ප්රා.ලේ.කො,බෙරාමඩ,HR3,HR3,,NBRO/LRRMD-BDL/BDU/KANDAK/LI/26/0750,NBRO/LRRMD-BDL/BDU/KANDAK/LI/26/0750,35A,House / නිවාස,2025-11-26 00:00:00,,2025-12-29 00:00:00,Landslide / නායයෑම්,Resettle / නැවත පදිංචිකිරීම,,,සුන්බුන් ගලා ගිය මාර්ගයේ නිවස පිහිටා ඇත. නිවස හානියට ලක්ව නොමැත,,,,1.0,,3.0,,4,,Badulla,80.994395,7.050255
81.013774,7.091833,Badulla,කන්දකැටිය ප්රා.ලේ.කො,බෝගහකුඹුර,HR3,HR3,,NBRO/LRRMD-BDL/BDU/KANDAK/LI/26/0732,NBRO/LRRMD-BDL/BDU/KANDAK/LI/26/0732,33,House / නිවාස,2025-11-27 00:00:00,,2026-03-04 00:00:00,Landslide / නායයෑම්,Resettle / නැවත පදිංචිකිරීම,,,,,,,1.0,,,,1,,Badulla,81.013774,7.091833
81.010694,7.080504,Badulla,කන්දකැටිය ප්රා.ලේ.කො,බෝගහකුඹුර,HR3,HR3,,NBRO/LRRMD-BDL/BDU/KANDAK/LI/26/0733,NBRO/LRRMD-BDL/BDU/KANDAK/LI/26/0733,33,House / නිවාස,,,2026-03-04 00:00:00,Landslide / නායයෑම්,Resettle / නැවත පදිංචිකිරීම,,,,,,,5.0,,,,5,,Badulla,81.010694,7.080504
81.013626,7.092315,Badulla,කන්දකැටිය ප්රා.ලේ.කො,මාලියද්ද,HR3,HR3,,NBRO/LRRMD-BDL/BDU/KANDAK/LI/26/0741,NBRO/LRRMD-BDL/BDU/KANDAK/LI/26/0741,30,House / නිවාස,2025-11-27 00:00:00,,2026-04-03 00:00:00,Landslide / නායයෑම්,Resettle / නැවත පදිංචිකිරීම,,,,,,,1.0,,1.0,,2,,Badulla,81.013626,7.092315
80.99929,7.142149,Badulla,කන්දකැටිය ප්රා.ලේ.කො,කිරිවෙහෙර,HR3,HR3,,NBRO/LRRMD-BDL/BDU/KANDAK/LI/26/0788,NBRO/LRRMD-BDL/BDU/KANDAK/LI/26/0788,31H,House / නිවාස,2025-11-27 00:00:00,,2026-04-21 00:00:00,"Landslide / නායයෑම්, Cutting failure / කණ්ඩි අස්ථාවරවීම්",Resettle / නැවත පදිංචිකිරීම,,,,,,,1.0,,,,1,,Badulla,80.99929,7.142149
80.991459,7.115478,Badulla,කන්දකැටිය ප්රා.ලේ.කො,බෝගහකුඹුර,HR3,HR3,,NBRO/LRRMD-BDL/BDU/KANDAK/LI/26/0743,NBRO/LRRMD-BDL/BDU/KANDAK/LI/26/0743,33,House / නිවාස,2025-11-27 00:00:00,,2026-03-04 00:00:00,Landslide / නායයෑම්,Resettle / නැවත පදිංචිකිරීම,,,,,,,3.0,,1.0,,4,,Badulla,80.991459,7.115478
81.02041,7.152459,Badulla,කන්දකැටිය ප්රා.ලේ.කො,බදුලුඔය නැගෙනහිර,HR3,HR3,,NBRO/LRRMD-BDL/BDU/KANDAK/LI/26/0782,NBRO/LRRMD-BDL/BDU/KANDAK/LI/26/0782,33A,House / නිවාස,2025-11-26 00:00:00,,2026-04-21 00:00:00,Landslide / නායයෑම්,Resettle / නැවත පදිංචිකිරීම,,,,,,,1.0,,1.0,,2,,Badulla,81.02041,7.152459
81.008557,7.073141,Badulla,කන්දකැටිය ප්රා.ලේ.කො,බෝගහාකුඹුර,HR3,HR3,,NBRO/LRRMD-BDL/BDU/KANDAK/LI/26/0783,NBRO/LRRMD-BDL/BDU/KANDAK/LI/26/0783,33,House / නිවාස,2025-11-27 00:00:00,,2026-04-21 00:00:00,Landslide / නායයෑම්,Resettle / නැවත පදිංචිකිරීම,,,,,,,3.0,,,,3,,Badulla,81.008557,7.073141
80.967394,7.065726,Badulla,කන්දකැටිය ප්රා.ලේ.කො,වාසනාගම,HR3,HR3,,NBRO/LRRMD-BDL/BDU/KANDAK/LI/26/0792,NBRO/LRRMD-BDL/BDU/KANDAK/LI/26/0792,32D,House / නිවාස,2025-11-27 00:00:00,,2026-04-21 00:00:00,Slope failures / බැවුම් අස්ථාවරවීම්,Resettle / නැවත පදිංචිකිරීම,,,,,,,1.0,,3.0,,4,,Badulla,80.967394,7.065726
80.700609,7.534827,Matale,රත්තොට ප්රා.ලේ.කො,පොල්වත්තකන්ද,HR3,HR3,,"NBRO/MTL/RATHTHOTA/2026/TW,WR/HOUSE 49","NBRO/MTL/RATHTHOTA/2026/TW,WR/HOUSE 49",,House / නිවාස,2025-11-27 00:00:00,,2026-02-09 00:00:00,Other / වෙනත් (වෙනත් කරුණු යටතේ සදහන් කරන්න),,Partially / අර්ධහානි,,,,,,1.0,,,,1,,Matale,80.700609,7.534827
80.284862,7.292536,Kegalle,ගලිගමුව ප්රා.ලේ.කො,මකුද්දල,HR3,HR3,,LRR-GLP-36,LRR-GLP-36,,House / නිවාස,,,2026-02-09 00:00:00,Slope failures / බැවුම් අස්ථාවරවීම්,Mitigation / අවදානම් අවම කිරීම,Minor / සුළුහානි,,,,,,1.0,,4.0,,5,,Kegalle,80.284862,7.292536
80.29147,7.021315,Kegalle,යටියන්තොට ප්රා.ලේ.කො,ඉහල ගරගොඩ,HR3,HR3,,LRR-YTP-121,LRR-YTP-121,,House / නිවාස,2025-11-28 00:00:00,,2026-02-02 00:00:00,Landslide / නායයෑම්,Resettle / නැවත පදිංචිකිරීම,Minor / සුළුහානි,,,,,,1.0,,8.0,5.0,14,,Kegalle,80.29147,7.021315
81.193751,7.032119,Badulla,ලුණුගල ප්රා.ලේ.කො,සුමුදු ගම,HR3,HR3,,NBRO /LRRMD/LI/2025/00176,NBRO /LRRMD/LI/2025/00176,94G,House / නිවාස,2025-11-27 00:00:00,,2025-12-20 00:00:00,Landslide / නායයෑම්,Resettle / නැවත පදිංචිකිරීම,,,,,,,3.0,,1.0,,4,,Badulla,81.193751,7.032119
80.674146,7.478163,Matale,රත්තොට ප්රා.ලේ.කො,පිටකන්ද,HR3,HR3,,NBRO/MTL/RATHTHOTA/2026/MJ/100,NBRO/MTL/RATHTHOTA/2026/MJ/100,,House / නිවාස,2025-11-27 00:00:00,,2026-01-08 00:00:00,Rock fall / ගල් පෙරලීම්,,,,,,,,8.0,,4.0,,12,,Matale,80.674146,7.478163
80.656901,7.055531,Nuwara Eliya,කොත්මලේ බටහිර ප්රා.ලේ.කො,හැදුනුවැව,HR3,HR3,,NBRI/NE/KTD[West]/2026/VKG/103),NBRI/NE/KTD[West]/2026/VKG/103),465/ඊ,House / නිවාස,2025.11.26 – 2025.11.28,,2026.07.12,Slope failures / බැවුම් අස්ථාවරවීම්,Resettle / නැවත පදිංචිකිරීම,Minor or No Damages / සුළුහානි හෝ හානි නොමැති,,,,,,1.0,,8.0,4.0,13,,Nuwara Eliya,80.656901,7.055531
80.600158,7.049372,Nuwara Eliya,කොත්මලේ බටහිර ප්රා.ලේ.කො,කිරිමැටියාව,HR3,HR3,,NBRI/NE/KTD[West]/2026/KATD/18),NBRI/NE/KTD[West]/2026/KATD/18),461/බී,House / නිවාස,2025.11.27,,2026.05.29,Other / වෙනත් (වෙනත් කරුණු යටතේ සදහන් කරන්න),Resettle / නැවත පදිංචිකිරීම,Minor or No Damages / සුළුහානි හෝ හානි නොමැති,,ආතති පැලුම් / කණ්ඩි අස්ථාවරවීම බෑවුම් අස්ථාවරවීමක් දක්වා වර්ධනය,,,,1.0,,7.0,,8,,Nuwara Eliya,80.600158,7.049372
80.627294,7.266462,Kandy,ගඟ වට කෝරලේ ප්රා.ලේ.කො,හීරස්සගල,HR3,HR3,,JSB/022,JSB/022,,House / නිවාස,2025-11-27 00:00:00,,2025-12-10 00:00:00,Cutting failure / කණ්ඩි අස්ථාවරවීම්,,,,,,,,2.0,,1.0,,3,,Kandy,80.627294,7.266462
80.636255,7.274869,Kandy,ගඟ වට කෝරලේ ප්රා.ලේ.කො,හන්තාන,HR3,HR3,,JSB/023,JSB/023,,House / නිවාස,2025-11-27 00:00:00,,2025-12-10 00:00:00,Cutting failure / කණ්ඩි අස්ථාවරවීම්,,,,,,,,2.0,,1.0,,3,,Kandy,80.636255,7.274869
80.633748,7.285053,Kandy,ගඟ වට කෝරලේ ප්රා.ලේ.කො,හන්තාන-,HR3,HR3,,JSB/025,JSB/025,263.0,House / නිවාස,2025-11-27 00:00:00,,2025-12-10 00:00:00,Cutting failure / කණ්ඩි අස්ථාවරවීම්,,,,,,,,1.0,,1.0,,2,,Kandy,80.633748,7.285053
80.692047,7.498049,Matale,රත්තොට ප්රා.ලේ.කො,මාවුස්සාගොල්ල,HR3,HR3,,NBRO/MTL/RATHTHOTA/2026/MAKS/293,NBRO/MTL/RATHTHOTA/2026/MAKS/293,,House / නිවාස,2025-11-27 00:00:00,,2026-05-06 00:00:00,"Cutting failure / කණ්ඩි අස්ථාවරවීම්, Rock fall / ගල් පෙරලීම්",,,,,,,,1.0,,,,1,,Matale,80.692047,7.498049
80.698046,7.49805,Matale,රත්තොට ප්රා.ලේ.කො,මාවුස්සාගොල්ල,HR3,HR3,,NBRO/MTL/RATHTHOTA/2026/MAKS/293,NBRO/MTL/RATHTHOTA/2026/MAKS/293,,House / නිවාස,2025-11-27 00:00:00,,2026-05-06 00:00:00,"Cutting failure / කණ්ඩි අස්ථාවරවීම්, Rock fall / ගල් පෙරලීම්",,,,,,,,1.0,,,,1,,Matale,80.698046,7.49805
81.204544,6.982469,Badulla,ලුණුගල ප්රා.ලේ.කො,මඩුවත්ත,HR3,HR3,,NBRO/LRRMD-BDL/BDU/LUNUGA/LI/26/0267,NBRO/LRRMD-BDL/BDU/LUNUGA/LI/26/0267,96C,House / නිවාස,2025-11-27 00:00:00,,2026-01-12 00:00:00,Landslide / නායයෑම්,Resettle / නැවත පදිංචිකිරීම,,0.0,,,,,3.0,,19.0,,22,,Badulla,81.204544,6.982469
80.725136,7.220734,Kandy,ගඟ වට කෝරලේ ප්රා.ලේ.කො,හන්තාන-,HR3,HR3,,JSB/027,JSB/027,263.0,House / නිවාස,2025-11-27 00:00:00,,2025-12-10 00:00:00,Other / වෙනත් (වෙනත් කරුණු යටතේ සදහන් කරන්න),,,,,,,,2.0,,4.0,,6,,Kandy,80.725136,7.220734
80.556613,7.071545,Nuwara Eliya,කොත්මලේ බටහිර ප්රා.ලේ.කො,පොල්වතුර,HR3,HR3,,NBRI/NE/KTD[West]/2026/VKG/80),NBRI/NE/KTD[West]/2026/VKG/80),460/කේ,House / නිවාස,2025.11.27,,2026.06.03,Slope failures / බැවුම් අස්ථාවරවීම්,Resettle / නැවත පදිංචිකිරීම,Minor or No Damages / සුළුහානි හෝ හානි නොමැති,,,,,,1.0,,,,1,,Nuwara Eliya,80.556613,7.071545
80.59534,7.07013,Nuwara Eliya,කොත්මලේ බටහිර ප්රා.ලේ.කො,නයාපාන,HR3,HR3,,NBRI/NE/KTD[West]/2026/DSDD/312),NBRI/NE/KTD[West]/2026/DSDD/312),,House / නිවාස,2025.11.28,,2026.06.03,Other / වෙනත් (වෙනත් කරුණු යටතේ සදහන් කරන්න),Resettle / නැවත පදිංචිකිරීම,Minor or No Damages / සුළුහානි හෝ හානි නොමැති,,"ඇළ මාර්ගය ආසන්නයේ, පෙර සිදු වූ නායයෑම් හේතුවෙන් නිර්මාණය වූ කිදාවන් (Previous Scar)",,,,1.0,,6.0,,7,,Nuwara Eliya,80.59534,7.07013
81.166643,7.022315,Badulla,ලුණුගල ප්රා.ලේ.කො,මහදෝව,HR3,HR3,,NBRO/LRRMD-BDL/BDU/LUNUGA/LI/26/0776,NBRO/LRRMD-BDL/BDU/LUNUGA/LI/26/0776,89J,House / නිවාස,2025-11-27 00:00:00,,2026-04-21 00:00:00,Landslide / නායයෑම්,,,,,,,,4.0,,8.0,,12,,Badulla,81.166643,7.022315
81.163506,7.014617,Badulla,ලුණුගල ප්රා.ලේ.කො,මහදෝව,HR3,HR3,,NBRO/LRRMD-BDL/BDU/LUNUGA/LI/26/0780,NBRO/LRRMD-BDL/BDU/LUNUGA/LI/26/0780,89J,House / නිවාස,2025-11-27 00:00:00,,,Landslide / නායයෑම්,,,,,,,,1.0,,6.0,,7,,Badulla,81.163506,7.014617
81.154883,7.076182,Badulla,ලුණුගල ප්රා.ලේ.කො,මැඩිගහතැන්න,HR3,HR3,,NBRO/LRRMD-BDL/BDU/LUNUGA/LI/26/1138,NBRO/LRRMD-BDL/BDU/LUNUGA/LI/26/1138,18,House / නිවාස,2025-11-27 00:00:00,,2026-04-30 00:00:00,Landslide / නායයෑම්,Resettle / නැවත පදිංචිකිරීම,,,,,,,1.0,,1.0,,2,,Badulla,81.154883,7.076182
81.039242,7.037013,Badulla,සොරනාතොට ප්රා.ලේ.කො,පුුස්සැල්ලාකන්ද,HR3,HR3,,NBRO /LRRMD-BDL / BDU /SORANA/LI/26/0035,NBRO /LRRMD-BDL / BDU /SORANA/LI/26/0035,28A,House / නිවාස,2025-11-27 00:00:00,,2026-01-04 00:00:00,Landslide / නායයෑම්,Resettle / නැවත පදිංචිකිරීම,,,,,,,7.0,,10.0,,17,,Badulla,81.039242,7.037013
81.049563,7.020938,Badulla,සොරනාතොට ප්රා.ලේ.කො,කොහොවිල,HR3,HR3,,NBRO /LRRMD-BDL / BDU /SORANA/LI/25/00521,NBRO /LRRMD-BDL / BDU /SORANA/LI/25/00521,26,House / නිවාස,2025-11-27 00:00:00,,2025-12-24 00:00:00,Slope failures / බැවුම් අස්ථාවරවීම්,Resettle / නැවත පදිංචිකිරීම,,,,,,,8.0,,7.0,,15,,Badulla,81.049563,7.020938
81.223977,7.002475,Badulla,ලුණුගල ප්රා.ලේ.කො,පල්ලෙකිරුව,HR3,HR3,,NBRO/LRRMD-BDL/BDU/LUNUGA/LI/26/1300,NBRO/LRRMD-BDL/BDU/LUNUGA/LI/26/1300,92,House / නිවාස,2025-11-27 00:00:00,,2026-05-20 00:00:00,"Landslide / නායයෑම්, Slope failures / බැවුම් අස්ථාවරවීම්, Other / වෙනත් (වෙනත් කරුණු යටතේ සදහන් කරන්න)",,,,,,,,1.0,,,,1,,Badulla,81.223977,7.002475
80.553279,7.385083,Kandy,පුජාපිටිය ප්රා.ලේ.කො,වල්දෙණිය,HR3,HR3,,WDN 129,WDN 129,504.0,House / නිවාස,2025-11-27 00:00:00,,2026-05-21 00:00:00,Cutting failure / කණ්ඩි අස්ථාවරවීම්,,,,,,,,1.0,,,,1,,Kandy,80.553279,7.385083
80.554123,7.385097,Kandy,පුජාපිටිය ප්රා.ලේ.කො,වල්දෙණිය,HR3,HR3,,WDN 128,WDN 128,504.0,House / නිවාස,2025-11-27 00:00:00,,2026-05-21 00:00:00,Other / වෙනත් (වෙනත් කරුණු යටතේ සදහන් කරන්න),,,,ගල් පෙරලීම,,,,1.0,,,,1,,Kandy,80.554123,7.385097
81.097632,7.01742,Badulla,සොරනාතොට ප්රා.ලේ.කො,කුට්ටියගොල්ල,HR3,HR3,,NBRO /LRRMD/LT/2025/00221,NBRO /LRRMD/LT/2025/00221,25A,House / නිවාස,2025-11-28 00:00:00,,2025-12-25 00:00:00,"Landslide / නායයෑම්, Other / වෙනත් (වෙනත් කරුණු යටතේ සදහන් කරන්න)",Resettle / නැවත පදිංචිකිරීම,,,,,,,9.0,,5.0,,14,,Badulla,81.097632,7.01742
81.080625,7.017473,Badulla,සොරනාතොට ප්රා.ලේ.කො,කොස්ගොල්ල,HR3,HR3,,NBRO /LRRMD-BDL / BDU /SORANA/LI/25/00510,NBRO /LRRMD-BDL / BDU /SORANA/LI/25/00510,25 D,House / නිවාස,2025-11-27 00:00:00,,2025-12-23 00:00:00,"Slope failures / බැවුම් අස්ථාවරවීම්, Rock fall / ගල් පෙරලීම්",Resettle / නැවත පදිංචිකිරීම,,,,,,,1.0,,1.0,,2,,Badulla,81.080625,7.017473
81.102185,7.019449,Badulla,සොරනාතොට ප්රා.ලේ.කො,කුට්ටියගොල්ල,HR3,HR3,,NBRO /LRRMD/LT/2025/00220,NBRO /LRRMD/LT/2025/00220,25A,House / නිවාස,2025-11-27 00:00:00,,2025-12-25 00:00:00,"Cutting failure / කණ්ඩි අස්ථාවරවීම්, Landslide / නායයෑම්",Resettle / නැවත පදිංචිකිරීම,,,,,,,2.0,,4.0,,6,,Badulla,81.102185,7.019449
81.100168,7.020887,Badulla,සොරනාතොට ප්රා.ලේ.කො,කුට්ටියගොල්ල,HR3,HR3,,NBRO /LRRMD/LT/2025/00219,NBRO /LRRMD/LT/2025/00219,25A,House / නිවාස,2025-11-27 00:00:00,,2025-12-25 00:00:00,Other / වෙනත් (වෙනත් කරුණු යටතේ සදහන් කරන්න),Resettle / නැවත පදිංචිකිරීම,,,,,,,1.0,,4.0,,5,,Badulla,81.100168,7.020887
81.076592,7.021961,Badulla,සොරනාතොට ප්රා.ලේ.කො,කොස්ගොල්ල,HR3,HR3,,NBRO /LRRMD-BDL / BDU /SORANA/LI/25/00509,NBRO /LRRMD-BDL / BDU /SORANA/LI/25/00509,25D,House / නිවාස,2025-11-27 00:00:00,,2025-12-25 00:00:00,"Rock fall / ගල් පෙරලීම්, Slope failures / බැවුම් අස්ථාවරවීම්",Resettle / නැවත පදිංචිකිරීම,,,,,,,5.0,,6.0,,11,,Badulla,81.076592,7.021961
81.057206,7.019533,Badulla,සොරනාතොට ප්රා.ලේ.කො,කිතුල්වත්තගම,HR3,HR3,,NBRO /LRRMD/LT/2025/00213,NBRO /LRRMD/LT/2025/00213,26 B,House / නිවාස,2025-11-27 00:00:00,,2025-12-21 00:00:00,"Slope failures / බැවුම් අස්ථාවරවීම්, Rock fall / ගල් පෙරලීම්",Resettle / නැවත පදිංචිකිරීම,,,,,,,1.0,,16.0,,17,,Badulla,81.057206,7.019533
81.038709,7.02758,Badulla,සොරනාතොට ප්රා.ලේ.කො,සොරණාතොට,HR3,HR3,,NBRO /LRRMD/LT/2025/00212,NBRO /LRRMD/LT/2025/00212,28,House / නිවාස,2025-11-27 00:00:00,,2025-12-25 00:00:00,Slope failures / බැවුම් අස්ථාවරවීම්,Resettle / නැවත පදිංචිකිරීම,,,,,,,1.0,,,,1,,Badulla,81.038709,7.02758
81.028004,7.052034,Badulla,සොරනාතොට ප්රා.ලේ.කො,මොරගොල්ල,HR3,HR3,,NBRO /LRRMD/LT/2025/00170,NBRO /LRRMD/LT/2025/00170,29,House / නිවාස,27/11/0225,,2025-12-22 00:00:00,"Landslide / නායයෑම්, Sinkig(ගිලා බැසීම), Other / වෙනත් (වෙනත් කරුණු යටතේ සදහන් කරන්න)",Resettle / නැවත පදිංචිකිරීම,,,,,,,1.0,,,,1,,Badulla,81.028004,7.052034
80.549449,7.390841,Kandy,පුජාපිටිය ප්රා.ලේ.කො,උඩහිගුල්වල,HR3,HR3,,WDN 118,WDN 118,499.0,House / නිවාස,2025-11-27 00:00:00,,2026-05-21 00:00:00,"Cutting failure / කණ්ඩි අස්ථාවරවීම්, Other / වෙනත් (වෙනත් කරුණු යටතේ සදහන් කරන්න)",,,,ගල් පෙරලීම (RF),,,,1.0,,,,1,,Kandy,80.549449,7.390841
80.653468,7.060168,Nuwara Eliya,කොත්මලේ බටහිර ප්රා.ලේ.කො,වෑතලාව,HR3,HR3,,NBRI/NE/KTD[West]/2026/VKG/67),NBRI/NE/KTD[West]/2026/VKG/67),465/ඊ,House / නිවාස,2025.11.27,,2026.05.26,Slope failures / බැවුම් අස්ථාවරවීම්,Resettle / නැවත පදිංචිකිරීම,Minor or No Damages / සුළුහානි හෝ හානි නොමැති,0.0,,,,,1.0,,1.0,2.0,4,,Nuwara Eliya,80.653468,7.060168
81.040764,7.030264,Badulla,සොරනාතොට ප්රා.ලේ.කො,සොරණාතොට,HR3,HR3,,NBRO /LRRMD/LT/2025/00209,NBRO /LRRMD/LT/2025/00209,28,House / නිවාස,2025-11-27 00:00:00,,2025-12-25 00:00:00,Slope failures / බැවුම් අස්ථාවරවීම්,Resettle / නැවත පදිංචිකිරීම,,,,,,,1.0,,1.0,,2,,Badulla,81.040764,7.030264
80.664585,7.278848,Kandy,ගඟ වට කෝරලේ ප්රා.ලේ.කො,"තැන්නේකුඹුර,",HR3,HR3,,JSB/0149,JSB/0149,275.0,House / නිවාස,2025-11-27 00:00:00,,2026-01-06 00:00:00,Slope failures / බැවුම් අස්ථාවරවීම්,,,,,,,,1.0,,1.0,,2,,Kandy,80.664585,7.278848
81.03085,7.050434,Badulla,සොරනාතොට ප්රා.ලේ.කො,මොරගොල්ල,HR3,HR3,,NBRO /LRRMD/LT/2025/00168,NBRO /LRRMD/LT/2025/00168,29,House / නිවාස,2025-11-27 00:00:00,,2025-12-22 00:00:00,"Slope failures / බැවුම් අස්ථාවරවීම්, Other / වෙනත් (වෙනත් කරුණු යටතේ සදහන් කරන්න)",Resettle / නැවත පදිංචිකිරීම,,,,,,,5.0,,,,5,,Badulla,81.03085,7.050434
80.631813,7.26046,Kandy,ගඟ වට කෝරලේ ප්රා.ලේ.කො,මාවිල්මඩ,HR3,HR3,,JSB/0155,JSB/0155,,House / නිවාස,2025-11-27 00:00:00,,2026-01-06 00:00:00,Other / වෙනත් (වෙනත් කරුණු යටතේ සදහන් කරන්න),,,,,,,,1.0,,1.0,,2,,Kandy,80.631813,7.26046
80.566507,7.466561,Matale,උකුවෙල ප්රා.ලේ.කො,පතිංගොල්ල,HR3,HR3,,NBRO/MTL/UKUWELA/2026/KA/42,NBRO/MTL/UKUWELA/2026/KA/42,,House / නිවාස,2025-11-27 00:00:00,,2026-01-08 00:00:00,"Slope failures / බැවුම් අස්ථාවරවීම්, Cutting failure / කණ්ඩි අස්ථාවරවීම්",,,,,,,,2.0,,,,2,,Matale,80.566507,7.466561
80.633878,7.285363,Kandy,ගඟ වට කෝරලේ ප්රා.ලේ.කො,හන්තාන,HR3,HR3,,JSB/026,JSB/026,,House / නිවාස,2025-11-27 00:00:00,,2025-12-10 00:00:00,Other / වෙනත් (වෙනත් කරුණු යටතේ සදහන් කරන්න),,,,,,,,5.0,,1.0,,6,,Kandy,80.633878,7.285363
81.05851,7.055296,Badulla,සොරනාතොට ප්රා.ලේ.කො,පුස්සැල්ලාව,HR3,HR3,,NBRO/LRRMD-BDL/BDU/SORANA/LI/26/0100,NBRO/LRRMD-BDL/BDU/SORANA/LI/26/0100,23AA,Business / ව්‍යාපාරික ස්ථානය,2025-11-27 00:00:00,,2025-12-18 00:00:00,"Slope failures / බැවුම් අස්ථාවරවීම්, Cutting failure / කණ්ඩි අස්ථාවරවීම්, Other / වෙනත් (වෙනත් කරුණු යටතේ සදහන් කරන්න)",Resettle / නැවත පදිංචිකිරීම,,,,,,,1.0,,3.0,,4,,Badulla,81.05851,7.055296
81.075689,7.068845,Badulla,සොරනාතොට ප්රා.ලේ.කො,එගොඩවෙල,HR3,HR3,,NBRO/LRRMD-BDL/BDU/SORANA/LI/26/0072,NBRO/LRRMD-BDL/BDU/SORANA/LI/26/0072,24,House / නිවාස,2025-11-27 00:00:00,,2026-01-05 00:00:00,Landslide / නායයෑම්,Resettle / නැවත පදිංචිකිරීම,,,,,,,1.0,,3.0,,4,,Badulla,81.075689,7.068845
80.605004,7.230773,Kandy,ගඟ වට කෝරලේ ප්රා.ලේ.කො,මහකන්ද,HR3,HR3,,JSB/032,JSB/032,,House / නිවාස,2025-11-27 00:00:00,,2025-12-10 00:00:00,"Slope failures / බැවුම් අස්ථාවරවීම්, Other / වෙනත් (වෙනත් කරුණු යටතේ සදහන් කරන්න)",,,,,,,,4.0,,1.0,,5,,Kandy,80.605004,7.230773
81.020271,7.06766,Badulla,සොරනාතොට ප්රා.ලේ.කො,බුදුගේකන්ද,HR3,HR3,,NBRO/LRRMD-BDL/BDU/SORANA/LI/26/0262,NBRO/LRRMD-BDL/BDU/SORANA/LI/26/0262,29A,House / නිවාස,2025-11-27 00:00:00,,2026-01-29 00:00:00,"Slope failures / බැවුම් අස්ථාවරවීම්, Cutting failure / කණ්ඩි අස්ථාවරවීම්",Resettle / නැවත පදිංචිකිරීම,,0.0,,,,,1.0,,3.0,,4,,Badulla,81.020271,7.06766
80.644073,7.029593,Nuwara Eliya,කොත්මලේ බටහිර ප්රා.ලේ.කො,මල්දෙණිය,HR3,HR3,,NBRI/NE/KTD[West]/2026/WGMSS/83),NBRI/NE/KTD[West]/2026/WGMSS/83),466/ඒ,House / නිවාස,2025.11.27,,2026.05.26,Slope failures / බැවුම් අස්ථාවරවීම්,Resettle / නැවත පදිංචිකිරීම,Minor or No Damages / සුළුහානි හෝ හානි නොමැති,,,,,,1.0,,10.0,,11,,Nuwara Eliya,80.644073,7.029593
81.094104,7.034852,Badulla,සොරනාතොට ප්රා.ලේ.කො,කැටකෑල්ල,HR3,HR3,,NBRO/LRRMD-BDL/BDU/SORANA/LI/26/0258,NBRO/LRRMD-BDL/BDU/SORANA/LI/26/0258,25B,House / නිවාස,2025-11-27 00:00:00,,2026-01-28 00:00:00,"Rock fall / ගල් පෙරලීම්, Slope failures / බැවුම් අස්ථාවරවීම්, Cutting failure / කණ්ඩි අස්ථාවරවීම්",Resettle / නැවත පදිංචිකිරීම,,0.0,,,,,3.0,,17.0,,20,,Badulla,81.094104,7.034852
81.059424,7.03698,Badulla,සොරනාතොට ප්රා.ලේ.කො,අඹගස්දෝව,HR3,HR3,,NBRO/LRRMD-BDL/BDU/SORANA/LI/26/0312,NBRO/LRRMD-BDL/BDU/SORANA/LI/26/0312,25C,House / නිවාස,2025-11-27 00:00:00,,2026-01-20 00:00:00,"Slope failures / බැවුම් අස්ථාවරවීම්, Cutting failure / කණ්ඩි අස්ථාවරවීම්",Resettle / නැවත පදිංචිකිරීම,,0.0,,,,,2.0,,2.0,,4,,Badulla,81.059424,7.03698
81.035843,7.070986,Badulla,සොරනාතොට ප්රා.ලේ.කො,පල්ලේකන්ද,HR3,HR3,,NBRO /LRRMD-BDL/BDU/SORANA/LI/26/0422,NBRO /LRRMD-BDL/BDU/SORANA/LI/26/0422,29B,House / නිවාස,2025-11-27 00:00:00,,2026-02-09 00:00:00,Landslide / නායයෑම්,Resettle / නැවත පදිංචිකිරීම,,,,,,,1.0,,,,1,,Badulla,81.035843,7.070986
81.001792,7.050411,Badulla,සොරනාතොට ප්රා.ලේ.කො,දික්පිිටිය,HR3,HR3,,NBRO /LRRMD-BDL/BDU/SORANA/LI/26/0425,NBRO /LRRMD-BDL/BDU/SORANA/LI/26/0425,34A,House / නිවාස,2025-11-27 00:00:00,,2026-02-10 00:00:00,"Landslide / නායයෑම්, Slope failures / බැවුම් අස්ථාවරවීම්",Resettle / නැවත පදිංචිකිරීම,,,,,,,2.0,,2.0,,4,,Badulla,81.001792,7.050411
81.034898,7.076786,Badulla,සොරනාතොට ප්රා.ලේ.කො,පල්ලේකන්ද,HR3,HR3,,NBRO /LRRMD-BDL/BDU/SORANA/LI/26/0426,NBRO /LRRMD-BDL/BDU/SORANA/LI/26/0426,29B,House / නිවාස,2025-11-27 00:00:00,,2026-02-09 00:00:00,Landslide / නායයෑම්,Resettle / නැවත පදිංචිකිරීම,,,,,,,1.0,,6.0,,7,,Badulla,81.034898,7.076786
80.619815,7.260333,Kandy,ගඟ වට කෝරලේ ප්රා.ලේ.කො,ඔගස්ටාවත්ත,HR3,HR3,,WDN 86,WDN 86,246.0,House / නිවාස,2025-11-27 00:00:00,,2026-03-23 00:00:00,Slope failures / බැවුම් අස්ථාවරවීම්,,,,,,,,1.0,,4.0,1.0,6,,Kandy,80.619815,7.260333
80.586913,7.255376,Kandy,ගඟ වට කෝරලේ ප්රා.ලේ.කො,පහල ඊරියගම,HR3,HR3,,WDN 84,WDN 84,282.0,House / නිවාස,2025-11-27 00:00:00,,2026-03-23 00:00:00,Other / වෙනත් (වෙනත් කරුණු යටතේ සදහන් කරන්න),,,,ගගඉවුරු අස්ථාවර වීම,,,,1.0,,,,1,,Kandy,80.586913,7.255376
80.657966,7.264765,Kandy,ගඟ වට කෝරලේ ප්රා.ලේ.කො,වැවතැන්න,HR3,HR3,,KYP 134,KYP 134,274.0,House / නිවාස,2025-11-27 00:00:00,,2026-06-11 00:00:00,Slope failures / බැවුම් අස්ථාවරවීම්,,,,,,,,1.0,,,,1,,Kandy,80.657966,7.264765
81.007927,7.060643,Badulla,සොරනාතොට ප්රා.ලේ.කො,දික්පිටිය,HR3,HR3,,NBRO /LRRMD-BDL/BDU/SORANA/LI/26/0467,NBRO /LRRMD-BDL/BDU/SORANA/LI/26/0467,34A,House / නිවාස,2025-11-27 00:00:00,,2026-02-11 00:00:00,Landslide / නායයෑම්,Resettle / නැවත පදිංචිකිරීම,,,,,,,3.0,,8.0,1.0,12,,Badulla,81.007927,7.060643
81.024049,7.065488,Badulla,සොරනාතොට ප්රා.ලේ.කො,මොරගොල්ල,HR3,HR3,,NBRO /LRRMD-BDL/BDU/SORANA/LI/26/0534,NBRO /LRRMD-BDL/BDU/SORANA/LI/26/0534,29,House / නිවාස,2025-11-27 00:00:00,,2026-03-04 00:00:00,"Landslide / නායයෑම්, Slope failures / බැවුම් අස්ථාවරවීම්, Cutting failure / කණ්ඩි අස්ථාවරවීම්",Resettle / නැවත පදිංචිකිරීම,,,,,,,3.0,,,,3,,Badulla,81.024049,7.065488
81.030295,7.050615,Badulla,සොරනාතොට ප්රා.ලේ.කො,මොරගොල්ල,HR3,HR3,,NBRO /LRRMD-BDL/BDU/SORANA/LI/26/0537,NBRO /LRRMD-BDL/BDU/SORANA/LI/26/0537,29,House / නිවාස,2025-11-27 00:00:00,,2026-03-04 00:00:00,"Landslide / නායයෑම්, Slope failures / බැවුම් අස්ථාවරවීම්",Resettle / නැවත පදිංචිකිරීම,,,,,,,1.0,,,,1,,Badulla,81.030295,7.050615
81.03065,7.080528,Badulla,සොරනාතොට ප්රා.ලේ.කො,පල්ලෙකන්ද,HR3,HR3,,NBRO /LRRMD-BDL/BDU/SORANA/LI/26/0635,NBRO /LRRMD-BDL/BDU/SORANA/LI/26/0635,29B,House / නිවාස,2025-11-27 00:00:00,,2026-02-19 00:00:00,Landslide / නායයෑම්,Resettle / නැවත පදිංචිකිරීම,,,,,,,2.0,,36.0,,38,,Badulla,81.03065,7.080528
81.049023,7.030696,Badulla,සොරනාතොට ප්රා.ලේ.කො,යටිලෑල්ල,HR3,HR3,,NBRO /LRRMD-BDL/BDU/SORANA/LI/26/0655,NBRO /LRRMD-BDL/BDU/SORANA/LI/26/0655,26A,House / නිවාස,2025-11-27 00:00:00,,2026-03-24 00:00:00,"Slope failures / බැවුම් අස්ථාවරවීම්, Landslide / නායයෑම්",Resettle / නැවත පදිංචිකිරීම,,,,,,,2.0,,,,2,,Badulla,81.049023,7.030696
81.058875,7.042654,Badulla,සොරනාතොට ප්රා.ලේ.කො,යටිලෑල්ල,HR3,HR3,,NBRO /LRRMD-BDL/BDU/SORANA/LI/26/0658,NBRO /LRRMD-BDL/BDU/SORANA/LI/26/0658,26A,House / නිවාස,2025-11-27 00:00:00,,2026-03-24 00:00:00,Slope failures / බැවුම් අස්ථාවරවීම්,Resettle / නැවත පදිංචිකිරීම,,,,,,,1.0,,,,1,,Badulla,81.058875,7.042654
81.058875,7.045191,Badulla,සොරනාතොට ප්රා.ලේ.කො,පුස්සැල්ලාව,HR3,HR3,,NBRO /LRRMD-BDL/BDU/SORANA/LI/26/0659,NBRO /LRRMD-BDL/BDU/SORANA/LI/26/0659,23AA,House / නිවාස,2025-11-27 00:00:00,,2026-03-24 00:00:00,"Slope failures / බැවුම් අස්ථාවරවීම්, Cutting failure / කණ්ඩි අස්ථාවරවීම්",Resettle / නැවත පදිංචිකිරීම,,,,,,,1.0,,,,1,,Badulla,81.058875,7.045191
81.083342,7.033892,Badulla,සොරනාතොට ප්රා.ලේ.කො,අංගොඩ,HR3,HR3,,NBRO /LRRMD-BDL/BDU/SORANA/LI/26/0856,NBRO /LRRMD-BDL/BDU/SORANA/LI/26/0856,25,House / නිවාස,2025-11-27 00:00:00,,2026-04-23 00:00:00,"Slope failures / බැවුම් අස්ථාවරවීම්, Landslide / නායයෑම්",Resettle / නැවත පදිංචිකිරීම,,,,,,,2.0,,14.0,,16,,Badulla,81.083342,7.033892
81.085085,7.037117,Badulla,සොරනාතොට ප්රා.ලේ.කො,කොස්ගොල්ල,HR3,HR3,,NBRO /LRRMD-BDL/BDU/SORANA/LI/26/0859,NBRO /LRRMD-BDL/BDU/SORANA/LI/26/0859,25 D,House / නිවාස,2025-11-27 00:00:00,,2026-04-23 00:00:00,"Slope failures / බැවුම් අස්ථාවරවීම්, Cutting failure / කණ්ඩි අස්ථාවරවීම්, Rock fall / ගල් පෙරලීම්",Resettle / නැවත පදිංචිකිරීම,,,,,,,2.0,,2.0,,4,,Badulla,81.085085,7.037117
81.029384,7.012111,Badulla,සොරනාතොට ප්රා.ලේ.කො,කිරිඔරුව,HR3,HR3,,NBRO /LRRMD-BDL/BDU/SORANA/LI/26/1136,NBRO /LRRMD-BDL/BDU/SORANA/LI/26/1136,27,House / නිවාස,2025-11-27 00:00:00,,2026-05-05 00:00:00,"Landslide / නායයෑම්, Slope failures / බැවුම් අස්ථාවරවීම්, Cutting failure / කණ්ඩි අස්ථාවරවීම්",Resettle / නැවත පදිංචිකිරීම,,,,,,,3.0,,,,3,,Badulla,81.029384,7.012111
81.084133,7.038955,Badulla,සොරනාතොට ප්රා.ලේ.කො,කැටකෑල්ල,HR3,HR3,,NBRO /LRRMD-BDL/BDU/SORANA/LI/26/1536,NBRO /LRRMD-BDL/BDU/SORANA/LI/26/1536,25B,House / නිවාස,,,2026-11-27 00:00:00,Landslide / නායයෑම්,,,,,,,,1.0,,2.0,,3,,Badulla,81.084133,7.038955
81.036541,7.010817,Badulla,සොරනාතොට ප්රා.ලේ.කො,කිරිඔරුව,HR3,HR3,,NBRO /LRRMD-BDL/BDU/SORANA/LI/26/1537,NBRO /LRRMD-BDL/BDU/SORANA/LI/26/1537,27,House / නිවාස,,,2026-11-27 00:00:00,Cutting failure / කණ්ඩි අස්ථාවරවීම්,,,,,,,,1.0,,,,1,,Badulla,81.036541,7.010817
81.083693,7.096539,Badulla,මීගහකිවුල ප්රා.ලේ.කො,කැටවත්ත,HR3,HR3,,NBRO/LRRMD-BDL/BDU/MEEGAH/LI/26/0167,NBRO/LRRMD-BDL/BDU/MEEGAH/LI/26/0167,21A,House / නිවාස,2025-11-27 00:00:00,,2026-01-17 00:00:00,Landslide / නායයෑම්,Resettle / නැවත පදිංචිකිරීම,,,,,,,3.0,,,,3,,Badulla,81.083693,7.096539
81.080647,7.096458,Badulla,මීගහකිවුල ප්රා.ලේ.කො,කැටවත්ත,HR3,HR3,,NBRO/LRRMD-BDL/BDU/MEEGAH/LI/26/0176,NBRO/LRRMD-BDL/BDU/MEEGAH/LI/26/0176,21A,House / නිවාස,2025-11-27 00:00:00,,2026-01-17 00:00:00,Landslide / නායයෑම්,Resettle / නැවත පදිංචිකිරීම,,,,,,,2.0,,2.0,,4,,Badulla,81.080647,7.096458
80.319213,7.00699,Kegalle,යටියන්තොට ප්රා.ලේ.කො,හක්බෙල්ලාවක,HR3,HR3,,LRR-YTP-122,LRR-YTP-122,,House / නිවාස,2025-11-28 00:00:00,,2026-02-02 00:00:00,Slope failures / බැවුම් අස්ථාවරවීම්,Resettle / නැවත පදිංචිකිරීම,Minor / සුළුහානි,,,,,,2.0,,10.0,,12,,Kegalle,80.319213,7.00699
80.630389,7.281944,Kandy,ගඟ වට කෝරලේ ප්රා.ලේ.කො,සුදුහුම්පල නැගෙනහිර,HR3,HR3,,BGS 206,BGS 206,,House / නිවාස,2025-11-27 00:00:00,,2026-05-08 00:00:00,,,,,,,,,1.0,,9.0,,10,,Kandy,80.630389,7.281944
80.530329,7.409881,Kandy,පුජාපිටිය ප්රා.ලේ.කො,උඩහේන,HR3,HR3,,UIJ/057,UIJ/057,500.0,House / නිවාස,2025-11-28 00:00:00,00:30:00,2025-12-18 00:00:00,Cutting failure / කණ්ඩි අස්ථාවරවීම්,Resettle / නැවත පදිංචිකිරීම,,,,,,,1.0,,5.0,,6,,Kandy,80.530329,7.409881
80.301068,7.294113,Kegalle,ගලිගමුව ප්රා.ලේ.කො,මකුද්දල - 73,HR3,HR3,,LRR-GLP-29,LRR-GLP-29,,House / නිවාස,2025-11-28 00:00:00,,2026-02-06 00:00:00,Other / වෙනත් (වෙනත් කරුණු යටතේ සදහන් කරන්න),Mitigation / අවදානම් අවම කිරීම,Minor / සුළුහානි,,,,,,1.0,,5.0,,6,,Kegalle,80.301068,7.294113
80.311372,7.228802,Kegalle,ගලිගමුව ප්රා.ලේ.කො,බිසෝවෙල 69-C,HR3,HR3,,LRR-GLP-27,LRR-GLP-27,,House / නිවාස,2025-11-28 00:00:00,,2026-02-05 00:00:00,Cutting failure / කණ්ඩි අස්ථාවරවීම්,Resettle / නැවත පදිංචිකිරීම,Minor / සුළුහානි,,,,,,3.0,,7.0,,10,,Kegalle,80.311372,7.228802
81.093631,7.086202,Badulla,මීගහකිවුල ප්රා.ලේ.කො,මොරහෙල,HR3,HR3,,NBRO/LRRMD-BDL/BDU/MEEGAH/LI/26/1414,NBRO/LRRMD-BDL/BDU/MEEGAH/LI/26/1414,21,House / නිවාස,2025-11-27 00:00:00,,,Landslide / නායයෑම්,,,,,,,,2.0,,,,2,,Badulla,81.093631,7.086202
81.101281,7.056156,Badulla,පස්සර ප්රා.ලේ.කො,දෙමෝදර,HR3,HR3,,NBRO /LRRMD-BDL/BDU/PASSARA/LI/26/0032,NBRO /LRRMD-BDL/BDU/PASSARA/LI/26/0032,20,House / නිවාස,2025-11-27 00:00:00,,31/12/0202,Slope failures / බැවුම් අස්ථාවරවීම්,Resettle / නැවත පදිංචිකිරීම,,,,,,,2.0,,11.0,,13,,Badulla,81.101281,7.056156
80.397262,7.067932,Kegalle,යටියන්තොට ප්රා.ලේ.කො,අමනාවල,HR3,HR3,,LRR-YTP-60,LRR-YTP-60,,House / නිවාස,2025-11-21 00:00:00,,2026-01-16 00:00:00,Landslide / නායයෑම්,Resettle / නැවත පදිංචිකිරීම,Minor / සුළුහානි,,,,,,3.0,,,,3,,Kegalle,80.397262,7.067932
80.666088,7.51259,Matale,රත්තොට ප්රා.ලේ.කො,"නිකවැල්ල, කුරුවාව",HR3,HR3,,NBRO/MTL/RATHTHOTA/2026/MJ/HOUSE 10,NBRO/MTL/RATHTHOTA/2026/MJ/HOUSE 10,,House / නිවාස,2025-11-27 00:00:00,,2026-01-14 00:00:00,Other / වෙනත් (වෙනත් කරුණු යටතේ සදහන් කරන්න),,Fully / පුර්ණහානි,,,,,,2.0,,,6.0,8,,Matale,80.666088,7.51259
80.616995,7.001765,Nuwara Eliya,කොත්මලේ බටහිර ප්රා.ලේ.කො,බෙරමාන උතුර,HR3,HR3,,NBRI/NE/KTD[West]/2026/KLKT/120),NBRI/NE/KTD[West]/2026/KLKT/120),467/ඩී,House / නිවාස,2025.11.27,,2026.01.27,Slope failures / බැවුම් අස්ථාවරවීම්,Resettle / නැවත පදිංචිකිරීම,Minor or No Damages / සුළුහානි හෝ හානි නොමැති,,,,,,1.0,,2.0,1.0,4,,Nuwara Eliya,80.616995,7.001765
81.144231,6.978736,Badulla,පස්සර ප්රා.ලේ.කො,වැල්ගොල්ල,HR3,HR3,,NBRO /LRRMD/LT/2025/00224,NBRO /LRRMD/LT/2025/00224,89D,House / නිවාස,2025-11-27 00:00:00,,2025-12-25 00:00:00,"Slope failures / බැවුම් අස්ථාවරවීම්, Rock fall / ගල් පෙරලීම්, Other / වෙනත් (වෙනත් කරුණු යටතේ සදහන් කරන්න)",Resettle / නැවත පදිංචිකිරීම,,,,,,,1.0,,1.0,2.0,4,,Badulla,81.144231,6.978736
81.126795,6.950974,Badulla,පස්සර ප්රා.ලේ.කො,උඩගම,HR3,HR3,,NBRO /LRRMD/LT/2025/00191,NBRO /LRRMD/LT/2025/00191,89A,House / නිවාස,2025-11-27 00:00:00,,2025-12-24 00:00:00,"Slope failures / බැවුම් අස්ථාවරවීම්, Rock fall / ගල් පෙරලීම්, Cutting failure / කණ්ඩි අස්ථාවරවීම්",Resettle / නැවත පදිංචිකිරීම,,,,,,,10.0,,15.0,,25,,Badulla,81.126795,6.950974
80.327349,7.199308,Kegalle,ගලිගමුව ප්රා.ලේ.කො,අටුගොඩ,HR3,HR3,,LRR-GLP-16,LRR-GLP-16,,House / නිවාස,2025-11-27 00:00:00,,2026-01-04 00:00:00,Landslide / නායයෑම්,Resettle / නැවත පදිංචිකිරීම,Minor / සුළුහානි,,,,,,2.0,,7.0,,9,,Kegalle,80.327349,7.199308
81.119064,6.909717,Badulla,පස්සර ප්රා.ලේ.කො,කණවරැල්ල බටහිර,HR3,HR3,,NBRO /LRRMD-BDL/BDU/PASSARA/LI/26/0012,NBRO /LRRMD-BDL/BDU/PASSARA/LI/26/0012,87C,House / නිවාස,2025-11-27 00:00:00,,2025-12-31 00:00:00,"Landslide / නායයෑම්, Cutting failure / කණ්ඩි අස්ථාවරවීම්",Resettle / නැවත පදිංචිකිරීම,,,,,,,1.0,,2.0,3.0,6,,Badulla,81.119064,6.909717
80.295523,7.226205,Kegalle,ගලිගමුව ප්රා.ලේ.කො,ආසිදෙණිය,HR3,HR3,,LRR-GLP-10,LRR-GLP-10,,House / නිවාස,2025-11-29 00:00:00,,2025-12-20 00:00:00,Cutting failure / කණ්ඩි අස්ථාවරවීම්,Resettle / නැවත පදිංචිකිරීම,Minor / සුළුහානි,,,,,,1.0,,2.0,1.0,4,,Kegalle,80.295523,7.226205
80.599549,7.065536,Nuwara Eliya,කොත්මලේ බටහිර ප්රා.ලේ.කො,කඩදොර,HR3,HR3,,NBRI/NE/KTD[West]/2026/LY/145),NBRI/NE/KTD[West]/2026/LY/145),459,House / නිවාස,2025.11.27,,2026.05.04,Other / වෙනත් (වෙනත් කරුණු යටතේ සදහන් කරන්න),Resettle / නැවත පදිංචිකිරීම,Minor or No Damages / සුළුහානි හෝ හානි නොමැති,,"කණ්ඩි අස්ථාවරවීම බෑවුම් අස්ථාවරවීමක් දක්වා වර්ධනය වීම, ව්‍යූහාත්මක අස්ථාවරතා",,,,1.0,,5.0,8.0,14,,Nuwara Eliya,80.599549,7.065536
80.601835,7.070445,Nuwara Eliya,කොත්මලේ බටහිර ප්රා.ලේ.කො,කඩදොර,HR3,HR3,,NBRI/NE/KTD[West]/2026/WGMSS/48),NBRI/NE/KTD[West]/2026/WGMSS/48),459,House / නිවාස,2025-11-27 00:00:00,,2026-04-17 00:00:00,Other / වෙනත් (වෙනත් කරුණු යටතේ සදහන් කරන්න),Resettle / නැවත පදිංචිකිරීම,Minor or No Damages / සුළුහානි හෝ හානි නොමැති,,බෑවුම් අස්ථාවර වීම් හා ගල් පෙරලීම්,,,,2.0,,13.0,,15,,Nuwara Eliya,80.601835,7.070445
80.311467,7.268921,Kegalle,ගලිගමුව ප්රා.ලේ.කො,නවගමුව,HR3,HR3,,LRR-GLP-06,LRR-GLP-06,,House / නිවාස,2025-11-28 00:00:00,13:00:00,2025-12-20 00:00:00,Landslide / නායයෑම්,Resettle / නැවත පදිංචිකිරීම,Minor / සුළුහානි,,,,,,1.0,,7.0,3.0,11,,Kegalle,80.311467,7.268921
81.146027,6.979041,Badulla,පස්සර ප්රා.ලේ.කො,වැල්ගොල්ල,HR3,HR3,,NBRO/LRRMD-BDL/BDU/PASSARA/LI/25/0500,NBRO/LRRMD-BDL/BDU/PASSARA/LI/25/0500,89D,House / නිවාස,2025-11-27 00:00:00,,2025-12-25 00:00:00,"Landslide / නායයෑම්, Rock fall / ගල් පෙරලීම්, Slope failures / බැවුම් අස්ථාවරවීම්, Cutting failure / කණ්ඩි අස්ථාවරවීම්",Resettle / නැවත පදිංචිකිරීම,,,,,,,1.0,,1.0,,2,,Badulla,81.146027,6.979041
81.14848,6.969122,Badulla,පස්සර ප්රා.ලේ.කො,පරමහංකඩ,HR3,HR3,,NBRO/LRRMD-BDL/BDU/PASSARA/LI/25/0501,NBRO/LRRMD-BDL/BDU/PASSARA/LI/25/0501,89I,House / නිවාස,2025-11-27 00:00:00,,2025-12-27 00:00:00,"Landslide / නායයෑම්, Other / වෙනත් (වෙනත් කරුණු යටතේ සදහන් කරන්න)",Resettle / නැවත පදිංචිකිරීම,,,,,,,3.0,,2.0,1.0,6,,Badulla,81.14848,6.969122
81.147826,6.929248,Badulla,පස්සර ප්රා.ලේ.කො,වැල්ගොල්ල,HR3,HR3,,NBRO/LRRMD-BDL/BDU/PASSARA/LI/25/0499,NBRO/LRRMD-BDL/BDU/PASSARA/LI/25/0499,89D,House / නිවාස,2025-11-27 00:00:00,,2025-12-27 00:00:00,"Rock fall / ගල් පෙරලීම්, Slope failures / බැවුම් අස්ථාවරවීම්",Resettle / නැවත පදිංචිකිරීම,,,,,,,1.0,,1.0,,2,,Badulla,81.147826,6.929248
80.899459,7.068022,Nuwara Eliya,කොත්මලේ බටහිර ප්රා.ලේ.කො,කඩදොර,HR3,HR3,,NBRI/NE/KTD[West]/2026/DSDD/260),NBRI/NE/KTD[West]/2026/DSDD/260),459,House / නිවාස,2025.11.27,,2026.04.17,Other / වෙනත් (වෙනත් කරුණු යටතේ සදහන් කරන්න),Resettle / නැවත පදිංචිකිරීම,Minor or No Damages / සුළුහානි හෝ හානි නොමැති,,ඇළ මාර්ගය අවහිර කර ඉදිකිරීම් සිදුකර ඇති අතර එහිදී පිරවුම් පස අසංතතික ස්ථායිකරණයට ලක් කර ඇත.,,,,1.0,,5.0,,6,,Nuwara Eliya,80.899459,7.068022
80.546561,7.395761,Kandy,පුජාපිටිය ප්රා.ලේ.කො,ගොඩහේන,HR3,HR3,,UIJ/060,UIJ/060,521.0,House / නිවාස,2025-11-28 00:00:00,,2025-12-18 00:00:00,"Slope failures / බැවුම් අස්ථාවරවීම්, Cutting failure / කණ්ඩි අස්ථාවරවීම්",Resettle / නැවත පදිංචිකිරීම,,,,,,,1.0,,5.0,,6,,Kandy,80.546561,7.395761
80.532513,7.408649,Kandy,පුජාපිටිය ප්රා.ලේ.කො,උඩහේන,HR3,HR3,,UIJ/059,UIJ/059,500.0,House / නිවාස,2025-11-28 00:00:00,,2025-12-18 00:00:00,Cutting failure / කණ්ඩි අස්ථාවරවීම්,Resettle / නැවත පදිංචිකිරීම,Minor / සුළුහානි,,,,,,1.0,,1.0,,2,,Kandy,80.532513,7.408649
81.128794,6.956075,Badulla,පස්සර ප්රා.ලේ.කො,උඩගම,HR3,HR3,,NBRO/LRRMD-BDL/BDU/PASSARA/LI/26/0040,NBRO/LRRMD-BDL/BDU/PASSARA/LI/26/0040,89A,House / නිවාස,2025-11-27 00:00:00,,2026-01-02 00:00:00,"Landslide / නායයෑම්, Slope failures / බැවුම් අස්ථාවරවීම්, Other / වෙනත් (වෙනත් කරුණු යටතේ සදහන් කරන්න)",Resettle / නැවත පදිංචිකිරීම,,,,,,,2.0,,4.0,,6,,Badulla,81.128794,6.956075
80.625674,7.568743,Matale,මාතලේ ප්රා.ලේ.කො,වල්ලි්ලිවල,HR3,HR3,,NBRO/LRRMD-MAT/MTL/MATALE/LI/26/1008,NBRO/LRRMD-MAT/MTL/MATALE/LI/26/1008,,House / නිවාස,2025-11-27 00:00:00,,2026-05-26 00:00:00,,Resettle / නැවත පදිංචිකිරීම,,0.0,,,,,1.0,,2.0,1.0,4,,Matale,80.625674,7.568743
80.628466,7.468915,Matale,මාතලේ ප්රා.ලේ.කො,ඔය පහළ,HR3,HR3,,NBRO/LRRMD-MAT/MTL/MATALE/LI/26/0932,NBRO/LRRMD-MAT/MTL/MATALE/LI/26/0932,,House / නිවාස,2025-11-27 00:00:00,,2026-06-17 00:00:00,Other / වෙනත් (වෙනත් කරුණු යටතේ සදහන් කරන්න),Relocate / නැවත ස්ථානගත කිරීම,Partially / අර්ධහානි,0.0,,,,,1.0,,,,1,,Matale,80.628466,7.468915
80.676364,7.472258,Matale,රත්තොට ප්රා.ලේ.කො,පුංචිසෙළුවාකන්ද,HR3,HR3,,NBRO/MTL/RATHTHOTA/2026/MJ/36,NBRO/MTL/RATHTHOTA/2026/MJ/36,,House / නිවාස,2025-11-27 00:00:00,,2026-01-08 00:00:00,"Slope failures / බැවුම් අස්ථාවරවීම්, Cutting failure / කණ්ඩි අස්ථාවරවීම්",,,,,,,,1.0,,,,1,,Matale,80.676364,7.472258
81.158639,6.945315,Badulla,පස්සර ප්රා.ලේ.කො,පල්ලේගම,HR3,HR3,,NBRO/LRRMD-BDL/BDU/PASSAR/LI/26/0048,NBRO/LRRMD-BDL/BDU/PASSAR/LI/26/0048,88G,House / නිවාස,2025-11-27 00:00:00,,2025-11-07 00:00:00,Rock fall / ගල් පෙරලීම්,Resettle / නැවත පදිංචිකිරීම,,,,,,,2.0,,4.0,,6,,Badulla,81.158639,6.945315
80.206877,7.174924,Kegalle,වරකාපොළ ප්රා.ලේ.කො,පලමුරේ -,HR3,HR3,,LRR-WRP-71(LRR-WRP-71A),LRR-WRP-71(LRR-WRP-71A),93B,House / නිවාස,2025-11-28 00:00:00,,2026-02-06 00:00:00,Slope failures / බැවුම් අස්ථාවරවීම්,Resettle / නැවත පදිංචිකිරීම,Minor / සුළුහානි,,,,,,1.0,,23.0,,24,,Kegalle,80.206877,7.174924
81.193565,6.956047,Badulla,පස්සර ප්රා.ලේ.කො,මීදුම්පිටිය,HR3,HR3,,NBRO/LRRMD-BDL/BDU/PASSAR/LI/26/0151,NBRO/LRRMD-BDL/BDU/PASSAR/LI/26/0151,90B,House / නිවාස,2025-11-27 00:00:00,,2026-01-15 00:00:00,"Rock fall / ගල් පෙරලීම්, Cutting failure / කණ්ඩි අස්ථාවරවීම්, Other / වෙනත් (වෙනත් කරුණු යටතේ සදහන් කරන්න)",Resettle / නැවත පදිංචිකිරීම,,,,,,,1.0,,,,1,,Badulla,81.193565,6.956047
81.13474,7.004379,Badulla,පස්සර ප්රා.ලේ.කො,මඩුගස්තලාව උතුර,HR3,HR3,,NBRO/LRRMD-BDL/BDU/PASSAR/LI/26/0152,NBRO/LRRMD-BDL/BDU/PASSAR/LI/26/0152,19,House / නිවාස,2025-11-27 00:00:00,,2026-01-14 00:00:00,Slope failures / බැවුම් අස්ථාවරවීම්,Resettle / නැවත පදිංචිකිරීම,,,,,,,6.0,,5.0,1.0,12,,Badulla,81.13474,7.004379
81.153302,6.948672,Badulla,පස්සර ප්රා.ලේ.කො,පල්ලේගම,HR3,HR3,,NBRO/LRRMD-BDL/BDU/PASSAR/LI/26/0047,NBRO/LRRMD-BDL/BDU/PASSAR/LI/26/0047,88G,House / නිවාස,2025-11-27 00:00:00,,2026-01-07 00:00:00,Landslide / නායයෑම්,Resettle / නැවත පදිංචිකිරීම,,,,,,,1.0,,2.0,,3,,Badulla,81.153302,6.948672
81.179665,6.944333,Badulla,පස්සර ප්රා.ලේ.කො,මීදුම්පිටිය,HR3,HR3,,NBRO/LRRMD-BDL/BDU/PASSAR/LI/26/0150,NBRO/LRRMD-BDL/BDU/PASSAR/LI/26/0150,90B,House / නිවාස,2025-11-27 00:00:00,,2026-01-15 00:00:00,"Slope failures / බැවුම් අස්ථාවරවීම්, Other / වෙනත් (වෙනත් කරුණු යටතේ සදහන් කරන්න)",Resettle / නැවත පදිංචිකිරීම,,,,,,,4.0,,2.0,3.0,9,,Badulla,81.179665,6.944333
80.313993,7.244211,Kegalle,ගලිගමුව ප්රා.ලේ.කො,ගලිගමුව,HR3,HR3,,ERR - GLP-02,ERR - GLP-02,,House / නිවාස,2025-11-28 00:00:00,01:30:00,2025-12-01 00:00:00,Landslide / නායයෑම්,Resettle / නැවත පදිංචිකිරීම,Minor / සුළුහානි,,,,,,17.0,,39.0,,56,,Kegalle,80.313993,7.244211
81.124824,6.914223,Badulla,පස්සර ප්රා.ලේ.කො,කණවරැල්ල බටහිර,HR3,HR3,,NBRO/LRRMD-BDL/BDU/PASSAR/LI/26/0088,NBRO/LRRMD-BDL/BDU/PASSAR/LI/26/0088,87C,House / නිවාස,2025-11-27 00:00:00,,2026-01-09 00:00:00,"Landslide / නායයෑම්, Slope failures / බැවුම් අස්ථාවරවීම්",Resettle / නැවත පදිංචිකිරීම,,,,,,,1.0,,7.0,,8,,Badulla,81.124824,6.914223
81.201953,6.949282,Badulla,පස්සර ප්රා.ලේ.කො,මීදුම්පිටිය,HR3,HR3,,NBRO/LRRMD-BDL/BDU/PASSAR/LI/26/0098,NBRO/LRRMD-BDL/BDU/PASSAR/LI/26/0098,90B,School / පාසැල,2025-11-27 00:00:00,,,"Landslide / නායයෑම්, Other / වෙනත් (වෙනත් කරුණු යටතේ සදහන් කරන්න)",Resettle / නැවත පදිංචිකිරීම,,,,,,,2.0,,1.0,2.0,5,,Badulla,81.201953,6.949282
81.142531,6.968858,Badulla,පස්සර ප්රා.ලේ.කො,නිකේබැද්ද,HR3,HR3,,NBRO/LRRMD-BDL/BDU/PASSAR/LI/26/0090,NBRO/LRRMD-BDL/BDU/PASSAR/LI/26/0090,89H,Business / ව්‍යාපාරික ස්ථානය,2025-11-27 00:00:00,,,"Landslide / නායයෑම්, Slope failures / බැවුම් අස්ථාවරවීම්, Other / වෙනත් (වෙනත් කරුණු යටතේ සදහන් කරන්න)",Resettle / නැවත පදිංචිකිරීම,,,"මෙම ස්ථානයට අදාළව මීට පෙර නිකුත් කර ඇති, NBRO/LRRMD/LT/2025/00122 අංකය දරන අධි අවදානම් නාම ලේඛනයට පහත වගුවේ දැක්",,,,1.0,,3.0,2.0,6,,Badulla,81.142531,6.968858
80.502851,7.30672,Kandy,යටිනුවර ප්රා.ලේ.කො,තිස්මඩ,HR3,HR3,,KYP 319,KYP 319,,House / නිවාස,2025-11-27 00:00:00,,2026-08-14 00:00:00,Slope failures / බැවුම් අස්ථාවරවීම්,,,0.0,,,,,2.0,,,,2,,Kandy,80.502851,7.30672
80.560692,7.067479,Nuwara Eliya,කොත්මලේ බටහිර ප්රා.ලේ.කො,ඉහළ ගොරකඔය,HR3,HR3,,NBRI/NE/KTD[West]/2026/DSDD/210),NBRI/NE/KTD[West]/2026/DSDD/210),460/ජේ,House / නිවාස,2025.11.27,,2026.03.16,Other / වෙනත් (වෙනත් කරුණු යටතේ සදහන් කරන්න),Resettle / නැවත පදිංචිකිරීම,Minor or No Damages / සුළුහානි හෝ හානි නොමැති,,නිම්නය අසල ආතති පැලුම්,,,,5.0,,7.0,,12,,Nuwara Eliya,80.560692,7.067479
81.136605,6.95198,Badulla,පස්සර ප්රා.ලේ.කො,සපුරොද,HR3,HR3,,NBRO/LRRMD-BDL/BDU/PASSAR/LI/26/0386,NBRO/LRRMD-BDL/BDU/PASSAR/LI/26/0386,89B,House / නිවාස,2025-11-27 00:00:00,,2026-02-15 00:00:00,Landslide / නායයෑම්,Resettle / නැවත පදිංචිකිරීම,,,,,,,2.0,,4.0,,6,,Badulla,81.136605,6.95198
81.147093,6.905585,Badulla,පස්සර ප්රා.ලේ.කො,මාවුස්සාගොල්ල නැගෙනහිර,HR3,HR3,,NBRO/LRRMD-BDL/BDU/PASSAR/LI/26/0228,NBRO/LRRMD-BDL/BDU/PASSAR/LI/26/0228,87F,House / නිවාස,2025-11-27 00:00:00,,2025-12-04 00:00:00,Landslide / නායයෑම්,Resettle / නැවත පදිංචිකිරීම,,,,,,,5.0,,8.0,,13,,Badulla,81.147093,6.905585
81.135202,6.911731,Badulla,පස්සර ප්රා.ලේ.කො,මාවුස්සාගොල්ල බටහිර / කනවැරැල්ල බටහිර,HR3,HR3,,NBRO/LRRMD-BDL/BDU/PASSAR/LI/26/0377,NBRO/LRRMD-BDL/BDU/PASSAR/LI/26/0377,87A,House / නිවාස,2025-11-26 00:00:00,,2026-02-11 00:00:00,"Slope failures / බැවුම් අස්ථාවරවීම්, Cutting failure / කණ්ඩි අස්ථාවරවීම්, Rock fall / ගල් පෙරලීම්",Resettle / නැවත පදිංචිකිරීම,,,,,,,1.0,,,,1,,Badulla,81.135202,6.911731
81.139673,6.935442,Badulla,පස්සර ප්රා.ලේ.කො,ගෝනගල බටහිර,HR3,HR3,,NBRO/LRRMD-BDL/BDU/PASSAR/LI/26/0439,NBRO/LRRMD-BDL/BDU/PASSAR/LI/26/0439,88C,House / නිවාස,2025-11-27 00:00:00,,2026-02-17 00:00:00,"Cutting failure / කණ්ඩි අස්ථාවරවීම්, Other / වෙනත් (වෙනත් කරුණු යටතේ සදහන් කරන්න)",Resettle / නැවත පදිංචිකිරීම,,,,,,,1.0,,2.0,,3,,Badulla,81.139673,6.935442
81.143725,6.980575,Badulla,පස්සර ප්රා.ලේ.කො,ගෝනගල බටහිර,HR3,HR3,,NBRO/LRRMD-BDL/BDU/PASSAR/LI/26/0442,NBRO/LRRMD-BDL/BDU/PASSAR/LI/26/0442,89D,House / නිවාස,2025-11-27 00:00:00,,2026-02-16 00:00:00,Other / වෙනත් (වෙනත් කරුණු යටතේ සදහන් කරන්න),Resettle / නැවත පදිංචිකිරීම,,,,,,,4.0,,,,4,,Badulla,81.143725,6.980575
80.617873,7.53494,Matale,මාතලේ ප්රා.ලේ.කො,ඇල්ලේපොල,HR3,HR3,,NBRO/MTL/MATALE/2026/KA/188,NBRO/MTL/MATALE/2026/KA/188,,House / නිවාස,2025-11-27 00:00:00,,2026-02-01 00:00:00,Landslide / නායයෑම්,,,0.0,,,,,1.0,,,,1,,Matale,80.617873,7.53494
81.158764,6.938374,Badulla,පස්සර ප්රා.ලේ.කො,පස්සර නගරය - නැගෙනහිර,HR3,HR3,,NBRO/LRRMD-BDL/BDU/PASSAR/LI/26/0486,NBRO/LRRMD-BDL/BDU/PASSAR/LI/26/0486,88L,House / නිවාස,2025-11-27 00:00:00,,2026-02-19 00:00:00,Slope failures / බැවුම් අස්ථාවරවීම්,Resettle / නැවත පදිංචිකිරීම,,,,,,,3.0,,,,3,,Badulla,81.158764,6.938374
81.142471,6.946667,Badulla,පස්සර ප්රා.ලේ.කො,සපුරොද,HR3,HR3,,NBRO/LRRMD-BDL/BDU/PASSAR/LI/26/0721,NBRO/LRRMD-BDL/BDU/PASSAR/LI/26/0721,89B,House / නිවාස,2025-11-27 00:00:00,,2026-02-15 00:00:00,Slope failures / බැවුම් අස්ථාවරවීම්,Resettle / නැවත පදිංචිකිරීම,,,,,,,1.0,,8.0,,9,,Badulla,81.142471,6.946667
81.113086,7.029289,Badulla,පස්සර ප්රා.ලේ.කො,දඹකොටේ,HR3,HR3,,NBRO/LRRMD-BDL/BDU/PASSAR/LI/26/0501,NBRO/LRRMD-BDL/BDU/PASSAR/LI/26/0501,20A,House / නිවාස,2025-11-27 00:00:00,,2026-02-23 00:00:00,"Slope failures / බැවුම් අස්ථාවරවීම්, Rock fall / ගල් පෙරලීම්, Other / වෙනත් (වෙනත් කරුණු යටතේ සදහන් කරන්න)",Resettle / නැවත පදිංචිකිරීම,,,,,,,1.0,,1.0,,2,,Badulla,81.113086,7.029289
81.12899,6.964124,Badulla,පස්සර ප්රා.ලේ.කො,උඩගම,HR3,HR3,,NBRO/LRRMD-BDL/BDU/PASSAR/LI/26/1044,NBRO/LRRMD-BDL/BDU/PASSAR/LI/26/1044,89A,House / නිවාස,2025-11-27 00:00:00,,2026-05-07 00:00:00,Cutting failure / කණ්ඩි අස්ථාවරවීම්,,,,,,,,2.0,,,,2,,Badulla,81.12899,6.964124
81.126747,7.022084,Badulla,පස්සර ප්රා.ලේ.කො,දඹකොටේ,HR3,HR3,,NBRO/LRRMD-BDL/BDU/PASSAR/LI/26/1227,NBRO/LRRMD-BDL/BDU/PASSAR/LI/26/1227,20A,House / නිවාස,2026-11-27 00:00:00,,2026-04-30 00:00:00,"Landslide / නායයෑම්, Cutting failure / කණ්ඩි අස්ථාවරවීම්",,,,,,,,1.0,,,,1,,Badulla,81.126747,7.022084
81.009777,6.840375,Badulla,ඇල්ල ප්රා.ලේ.කො,පල්ලෙපේරුව,HR3,HR3,,NBRO/LRRMD-BDL/BDU/ELLA/LI.26/0260,NBRO/LRRMD-BDL/BDU/ELLA/LI.26/0260,69C,House / නිවාස,2025-11-27 00:00:00,,2025-12-14 00:00:00,Slope failures / බැවුම් අස්ථාවරවීම්,Resettle / නැවත පදිංචිකිරීම,,,,,,,3.0,,1.0,,4,,Badulla,81.009777,6.840375
81.071676,6.881723,Badulla,ඇල්ල ප්රා.ලේ.කො,යහලෙවෙල,HR3,HR3,,NBRO/LRRMD-BDL/BDU/ELLA/LI/26/0288,NBRO/LRRMD-BDL/BDU/ELLA/LI/26/0288,68E,House / නිවාස,2025-11-28 00:00:00,,2025-11-30 00:00:00,"Landslide / නායයෑම්, Slope failures / බැවුම් අස්ථාවරවීම්",Resettle / නැවත පදිංචිකිරීම,,,,,,,25.0,,3.0,,28,,Badulla,81.071676,6.881723
81.018459,6.855223,Badulla,ඇල්ල ප්රා.ලේ.කො,දෝව,HR3,HR3,,NBRO/LRRMD-BDL/BDU/ELLA/LI/26/0431,NBRO/LRRMD-BDL/BDU/ELLA/LI/26/0431,69D,House / නිවාස,2025-11-27 00:00:00,,2026-01-27 00:00:00,Slope failures / බැවුම් අස්ථාවරවීම්,Resettle / නැවත පදිංචිකිරීම,,,,,,,1.0,,,,1,,Badulla,81.018459,6.855223
80.695946,7.52154,Matale,රත්තොට ප්රා.ලේ.කො,දඹගොල්ල,HR3,HR3,,NBRO/MTL/RATHTHOTA/2026/MJ/18,NBRO/MTL/RATHTHOTA/2026/MJ/18,,House / නිවාස,2025-11-27 00:00:00,,2026-01-02 00:00:00,"Slope failures / බැවුම් අස්ථාවරවීම්, Cutting failure / කණ්ඩි අස්ථාවරවීම්",,Minor / සුළුහානි,,,,,,3.0,,2.0,,5,,Matale,80.695946,7.52154
80.629104,7.499229,Matale,මාතලේ ප්රා.ලේ.කො,අලුවිිහාරේ,HR3,HR3,,NBRO/LRRMD-MAT/MTL/MATALE/LI/26/,NBRO/LRRMD-MAT/MTL/MATALE/LI/26/,,House / නිවාස,,,2026-02-27 00:00:00,Other / වෙනත් (වෙනත් කරුණු යටතේ සදහන් කරන්න),,Partially / අර්ධහානි,0.0,,,,,1.0,,,,1,,Matale,80.629104,7.499229
80.557212,7.302334,Kandy,යටිනුවර ප්රා.ලේ.කො,දෙහිඅංග උතුර,HR3,HR3,,KYP 231,KYP 231,159.0,House / නිවාස,2025-11-27 00:00:00,,2026-07-06 00:00:00,"Cutting failure / කණ්ඩි අස්ථාවරවීම්, Rock fall / ගල් පෙරලීම්",,,0.0,,,,,2.0,,6.0,,8,,Kandy,80.557212,7.302334
80.711897,7.217031,Kandy,පාතහේවාහැට ප්රා.ලේ.කො,මැදගම පල්ලේගම,HR3,HR3,,JSB 460,JSB 460,,House / නිවාස,2025-11-27 00:00:00,,2026-06-16 00:00:00,Slope failures / බැවුම් අස්ථාවරවීම්,,,,,,,,12.0,,,,12,,Kandy,80.711897,7.217031
80.678594,7.464741,Matale,රත්තොට ප්රා.ලේ.කො,පිටකන්ද,HR3,HR3,,"NBRO/MTL/RATHTHOTA/2026/WR,SW/161","NBRO/MTL/RATHTHOTA/2026/WR,SW/161",,House / නිවාස,2025-11-27 00:00:00,,2026-01-04 00:00:00,"Slope failures / බැවුම් අස්ථාවරවීම්, Cutting failure / කණ්ඩි අස්ථාවරවීම්",,Partially / අර්ධහානි,,,,,,1.0,,1.0,,2,,Matale,80.678594,7.464741
80.242844,7.203719,Kegalle,වරකාපොළ ප්රා.ලේ.කො,ඔත්නාපිටිය,HR3,HR3,,LRR-WRP-66,LRR-WRP-66,-80A,House / නිවාස,2025-11-28 00:00:00,,2026-01-20 00:00:00,Landslide / නායයෑම්,Resettle / නැවත පදිංචිකිරීම,Minor / සුළුහානි,,,,,,2.0,,5.0,,7,,Kegalle,80.242844,7.203719
80.600683,7.463236,Matale,මාතලේ ප්රා.ලේ.කො,හුලංගමුව දකුණ,HR3,HR3,,"NBRO/MTL/MATALE/2026/WR,SW/193","NBRO/MTL/MATALE/2026/WR,SW/193",E 353,House / නිවාස,2025-11-27 00:00:00,,2026-02-10 00:00:00,Other / වෙනත් (වෙනත් කරුණු යටතේ සදහන් කරන්න),,Partially / අර්ධහානි,0.0,,,,,1.0,,,,1,,Matale,80.600683,7.463236
80.629237,7.36289,Kandy,පාතදුම්බර ප්රා.ලේ.කො,මන්දන්ඩාවෙල,HR3,HR3,,TPB 396,TPB 396,632.0,House / නිවාස,2025-11-27 00:00:00,,2026-05-19 00:00:00,Landslide / නායයෑම්,,,,,,,,1.0,,2.0,,3,,Kandy,80.629237,7.36289
80.650961,7.04399,Nuwara Eliya,කොත්මලේ බටහිර ප්රා.ලේ.කො,කල්පිටිය නැගෙනහිර,HR3,HR3,,NBRI/NE/KTD[West]/2026/DMCP/86),NBRI/NE/KTD[West]/2026/DMCP/86),,House / නිවාස,2025-11-27 00:00:00,,2025-02-05 00:00:00,Other / වෙනත් (වෙනත් කරුණු යටතේ සදහන් කරන්න),Resettle / නැවත පදිංචිකිරීම,Minor or No Damages / සුළුහානි හෝ හානි නොමැති,,සුළු හානි පිටුපස ඇති බැවුම් අස්ථාවර වී සුන්බුන් ගලනය වී ඇත .,,,,2.0,,,,2,,Nuwara Eliya,80.650961,7.04399
80.614907,7.534927,Matale,මාතලේ ප්රා.ලේ.කො,ඇල්ලේපොල,HR3,HR3,,"NBRO/MTL/MATALE/2026/TW,DJ/138","NBRO/MTL/MATALE/2026/TW,DJ/138",E 328A,House / නිවාස,2025-11-28 00:00:00,,2026-01-29 00:00:00,"Rock fall / ගල් පෙරලීම්, Cutting failure / කණ්ඩි අස්ථාවරවීම්, Other / වෙනත් (වෙනත් කරුණු යටතේ සදහන් කරන්න)",,,0.0,,,,,2.0,,6.0,,8,,Matale,80.614907,7.534927
80.63071,7.481227,Matale,මාතලේ ප්රා.ලේ.කො,කළුදෑෑවල,HR3,HR3,,NBRO/MTL/MATALE/2026/EIJ/102,NBRO/MTL/MATALE/2026/EIJ/102,,House / නිවාස,2025-11-27 00:00:00,,2025-12-01 00:00:00,"Slope failures / බැවුම් අස්ථාවරවීම්, Cutting failure / කණ්ඩි අස්ථාවරවීම්",,,0.0,,,,,11.0,,26.0,,37,,Matale,80.63071,7.481227
80.703236,7.524314,Matale,රත්තොට ප්රා.ලේ.කො,දඹගොල්ල,HR3,HR3,,NBRO/MTL/RATHTHOTA/2026/MJ/18,NBRO/MTL/RATHTHOTA/2026/MJ/18,,House / නිවාස,2025-11-27 00:00:00,,2026-01-02 00:00:00,"Slope failures / බැවුම් අස්ථාවරවීම්, Cutting failure / කණ්ඩි අස්ථාවරවීම්",,Partially / අර්ධහානි,,,,,,1.0,,,,1,,Matale,80.703236,7.524314
80.247416,7.222025,Kegalle,වරකාපොළ ප්රා.ලේ.කො,ඔත්නාපිටිය,HR3,HR3,,LRR-WRP-65,LRR-WRP-65,-80A,House / නිවාස,2025-11-27 00:00:00,,2026-01-20 00:00:00,Landslide / නායයෑම්,Resettle / නැවත පදිංචිකිරීම,Minor / සුළුහානි,,,,,,4.0,,7.0,,11,,Kegalle,80.247416,7.222025
80.626393,7.017391,Nuwara Eliya,කොත්මලේ බටහිර ප්රා.ලේ.කො,රාවණාගොඩ බටහිර,HR3,HR3,,NBRI/NE/KTD[West]/2026/KLKT/සංශෝධන/100),NBRI/NE/KTD[West]/2026/KLKT/සංශෝධන/100),467ඊ,House / නිවාස,2025.11.27,,2026.01.27,Slope failures / බැවුම් අස්ථාවරවීම්,Resettle / නැවත පදිංචිකිරීම,Minor or No Damages / සුළුහානි හෝ හානි නොමැති,,,,,,5.0,,9.0,,14,,Nuwara Eliya,80.626393,7.017391
80.436845,7.070742,Kegalle,යටියන්තොට ප්රා.ලේ.කො,සීපොත්,HR3,HR3,,ERR - YTP - 14,ERR - YTP - 14,131 ඊ,House / නිවාස,2025-11-28 00:00:00,21:30:00,2025-12-04 00:00:00,"Landslide / නායයෑම්, Slope failures / බැවුම් අස්ථාවරවීම්",Resettle / නැවත පදිංචිකිරීම,Minor / සුළුහානි,,,,,,2.0,,1.0,,3,,Kegalle,80.436845,7.070742
80.831251,7.009989,Nuwara Eliya,වලපනේ ප්රා.ලේ.කො,බෲක්සයිඩ්,HR3,HR3,,NBRI/NE/WLD/2026/SMK/118),NBRI/NE/WLD/2026/SMK/118),33 / 0,House / නිවාස,2025.11.27,,2026.02.02,Other / වෙනත් (වෙනත් කරුණු යටතේ සදහන් කරන්න),Resettle / නැවත පදිංචිකිරීම,Minor or No Damages / සුළුහානි හෝ හානි නොමැති,,සුන්බුන් ගලනය,,,,3.0,,,,3,,Nuwara Eliya,80.831251,7.009989
80.93537,6.998725,Badulla,ඌව පරණගම ප්රා.ලේ.කො,ගම්පහ,HR3,HR3,,NBRO/LRRMD-BDL/BDU/UVA-PA/LI/26/0238,NBRO/LRRMD-BDL/BDU/UVA-PA/LI/26/0238,38C,House / නිවාස,2025-11-27 00:00:00,,2026-01-07 00:00:00,Landslide / නායයෑම්,Resettle / නැවත පදිංචිකිරීම,,,,,,,5.0,,23.0,,28,,Badulla,80.93537,6.998725
80.620727,6.998057,Nuwara Eliya,කොත්මලේ බටහිර ප්රා.ලේ.කො,බෙරමාන උතුර,HR3,HR3,,NBRI/NE/KTD[West]/2026/KLKT/99),NBRI/NE/KTD[West]/2026/KLKT/99),467ඩී,House / නිවාස,2025.11.27,,2026.01.27,Rock fall / ගල් පෙරලීම්,Resettle / නැවත පදිංචිකිරීම,Minor or No Damages / සුළුහානි හෝ හානි නොමැති,,,,,,2.0,,,,2,,Nuwara Eliya,80.620727,6.998057
80.6413,7.03425,Nuwara Eliya,කොත්මලේ බටහිර ප්රා.ලේ.කො,කටාරන්දන,HR3,HR3,,NBRI/NE/KTD[West]/2026/KLKT/82),NBRI/NE/KTD[West]/2026/KLKT/82),466 / බී,House / නිවාස,2025-11-27 00:00:00,,2026-01-21 00:00:00,Slope failures / බැවුම් අස්ථාවරවීම්,Resettle / නැවත පදිංචිකිරීම,Minor or No Damages / සුළුහානි හෝ හානි නොමැති,,,,,,2.0,,,,2,,Nuwara Eliya,80.6413,7.03425
80.744999,7.37947,Kandy,පාතහේවාහැට ප්රා.ලේ.කො,පාතමයිලපිටිය උතුර,HR3,HR3,,WDN 165,WDN 165,1005,House / නිවාස,2025-11-27 00:00:00,,2026-05-18 00:00:00,Slope failures / බැවුම් අස්ථාවරවීම්,,,,,,,,2.0,,,,2,,Kandy,80.744999,7.37947
80.57031,7.052975,Nuwara Eliya,කොත්මලේ බටහිර ප්රා.ලේ.කො,රුවන්පුර,HR3,HR3,,NBRI/NE/KTD[West]/2026/KLKT/94),NBRI/NE/KTD[West]/2026/KLKT/94),460 සි,House / නිවාස,2025-11-27 00:00:00,,2026.01.22,Slope failures / බැවුම් අස්ථාවරවීම්,Resettle / නැවත පදිංචිකිරීම,Minor or No Damages / සුළුහානි හෝ හානි නොමැති,,,,,,1.0,,,,1,,Nuwara Eliya,80.57031,7.052975
80.834,6.928627,Badulla,ඌව පරණගම ප්රා.ලේ.කො,ගලහාගම,HR3,HR3,,NBRO/LRRMD-BDL/BDU/UVA-PA/LI/26/0362,NBRO/LRRMD-BDL/BDU/UVA-PA/LI/26/0362,46B,House / නිවාස,2025-11-27 00:00:00,,2026-02-10 00:00:00,"Landslide / නායයෑම්, Rock fall / ගල් පෙරලීම්, Cutting failure / කණ්ඩි අස්ථාවරවීම්",Resettle / නැවත පදිංචිකිරීම,,,,,,,2.0,,,,2,,Badulla,80.834,6.928627
80.949274,7.011405,Badulla,ඌව පරණගම ප්රා.ලේ.කො,දිඹුලාන,HR3,HR3,,NBRO/LRRMD-BDL/BDU/UVA-PA/LI/26/0697,NBRO/LRRMD-BDL/BDU/UVA-PA/LI/26/0697,38A,House / නිවාස,2025-11-27 00:00:00,,2026-03-17 00:00:00,Landslide / නායයෑම්,Resettle / නැවත පදිංචිකිරීම,,,,,,,1.0,,2.0,,3,,Badulla,80.949274,7.011405
80.947427,7.011965,Badulla,ඌව පරණගම ප්රා.ලේ.කො,දිඹුලාන,HR3,HR3,,NBRO/LRRMD-BDL/BDU/UVA-PA/LI/26/0701,NBRO/LRRMD-BDL/BDU/UVA-PA/LI/26/0701,38A,House / නිවාස,2025-11-27 00:00:00,,2026-03-17 00:00:00,"Landslide / නායයෑම්, Rock fall / ගල් පෙරලීම්, Cutting failure / කණ්ඩි අස්ථාවරවීම්",Resettle / නැවත පදිංචිකිරීම,,,,,,,2.0,,6.0,,8,,Badulla,80.947427,7.011965
80.943469,7.036981,Badulla,ඌව පරණගම ප්රා.ලේ.කො,වෑතලාව,HR3,HR3,,NBRO/LRRMD-BDL/BDU/UVA-PA/LI/26/0704,NBRO/LRRMD-BDL/BDU/UVA-PA/LI/26/0704,37A,House / නිවාස,2025-11-27 00:00:00,,2026-04-08 00:00:00,Landslide / නායයෑම්,Resettle / නැවත පදිංචිකිරීම,,,,,,,2.0,,,,2,,Badulla,80.943469,7.036981
80.922243,6.935032,Badulla,ඌව පරණගම ප්රා.ලේ.කො,උණපාන,HR3,HR3,,NBRO/LRRMD-BDL/BDU/UVA-PA/LI/26/0860,NBRO/LRRMD-BDL/BDU/UVA-PA/LI/26/0860,41C,House / නිවාස,2025-11-27 00:00:00,,2026-04-22 00:00:00,Slope failures / බැවුම් අස්ථාවරවීම්,Resettle / නැවත පදිංචිකිරීම,,,,,,,1.0,,2.0,,3,,Badulla,80.922243,6.935032
80.922255,6.932957,Badulla,ඌව පරණගම ප්රා.ලේ.කො,ඩවුන්සයිඩ්,HR3,HR3,,NBRO/LRRMD-BDL/BDU/UVA-PA/LI/26/0955,NBRO/LRRMD-BDL/BDU/UVA-PA/LI/26/0955,53G,House / නිවාස,2025-11-27 00:00:00,,2026-04-24 00:00:00,Slope failures / බැවුම් අස්ථාවරවීම්,Resettle / නැවත පදිංචිකිරීම,,,,,,,1.0,,,,1,,Badulla,80.922255,6.932957
80.919557,6.94376,Badulla,ඌව පරණගම ප්රා.ලේ.කො,උණපාන,HR3,HR3,,NBRO/LRRMD-BDL/BDU/UVA-PA/LI/26/0893,NBRO/LRRMD-BDL/BDU/UVA-PA/LI/26/0893,41C,House / නිවාස,2025-11-27 00:00:00,,2026-04-22 00:00:00,"Slope failures / බැවුම් අස්ථාවරවීම්, Cutting failure / කණ්ඩි අස්ථාවරවීම්",Resettle / නැවත පදිංචිකිරීම,,,,,,,1.0,,2.0,,3,,Badulla,80.919557,6.94376
80.696167,7.342701,Kandy,පාතදුම්බර ප්රා.ලේ.කො,ඊරියගස්තැන්න,HR3,HR3,,JSB 453,JSB 453,,House / නිවාස,2025-11-27 00:00:00,,2026-05-27 00:00:00,"Slope failures / බැවුම් අස්ථාවරවීම්, Cutting failure / කණ්ඩි අස්ථාවරවීම්",,,,,,,,4.0,,,,4,,Kandy,80.696167,7.342701
80.945713,6.967027,Badulla,ඌව පරණගම ප්රා.ලේ.කො,රහුපොල,HR3,HR3,,NBRO/LRRMD-BDL/BDU/UVA-PA/LI/26/1043,NBRO/LRRMD-BDL/BDU/UVA-PA/LI/26/1043,41D,House / නිවාස,2025-11-27 00:00:00,,2026-05-06 00:00:00,"Slope failures / බැවුම් අස්ථාවරවීම්, Cutting failure / කණ්ඩි අස්ථාවරවීම්",Resettle / නැවත පදිංචිකිරීම,,,,,,,1.0,,4.0,,5,,Badulla,80.945713,6.967027
80.950897,6.918674,Badulla,ඌව පරණගම ප්රා.ලේ.කො,හාඟිලිඇල්ල,HR3,HR3,,NBRO/LRRMD-BDL/BDU/UVA-PA/LI/26/1072,NBRO/LRRMD-BDL/BDU/UVA-PA/LI/26/1072,53A,House / නිවාස,2025-11-27 00:00:00,,2026-04-23 00:00:00,Rock fall / ගල් පෙරලීම්,,,,,,,,5.0,,,,5,,Badulla,80.950897,6.918674
80.866158,6.945701,Badulla,ඌව පරණගම ප්රා.ලේ.කො,උඩුහාවර,HR3,HR3,,NBRO/LRRMD-BDL/BDU/UVA-PA/LI/26/1094,NBRO/LRRMD-BDL/BDU/UVA-PA/LI/26/1094,44,House / නිවාස,2025-11-27 00:00:00,,2026-04-26 00:00:00,Slope failures / බැවුම් අස්ථාවරවීම්,,,,,,,,1.0,,4.0,,5,,Badulla,80.866158,6.945701
80.849106,6.919551,Badulla,ඌව පරණගම ප්රා.ලේ.කො,ගලහගම,HR3,HR3,,NBRO/LRRMD-BDL/BDU/UVA-PA/LI/26/1107,NBRO/LRRMD-BDL/BDU/UVA-PA/LI/26/1107,46B,House / නිවාස,2025-11-27 00:00:00,,2026-04-25 00:00:00,Landslide / නායයෑම්,,,,,,,,2.0,,3.0,,5,,Badulla,80.849106,6.919551
80.908173,6.983217,Badulla,ඌව පරණගම ප්රා.ලේ.කො,අලගොල්ල,HR3,HR3,,NBRO/LRRMD-BDL/BDU/UVA-PA/LI/26/1143,NBRO/LRRMD-BDL/BDU/UVA-PA/LI/26/1143,42B,House / නිවාස,2025-11-27 00:00:00,,2026-05-09 00:00:00,"Landslide / නායයෑම්, Slope failures / බැවුම් අස්ථාවරවීම්, Cutting failure / කණ්ඩි අස්ථාවරවීම්",,,,,,,,9.0,,,,9,,Badulla,80.908173,6.983217
80.931887,7.010588,Badulla,ඌව පරණගම ප්රා.ලේ.කො,ඇල්ලන්ද,HR3,HR3,,NBRO/LRRMD-BDL/BDU/UVA-PA/LI/26/1144,NBRO/LRRMD-BDL/BDU/UVA-PA/LI/26/1144,37D,House / නිවාස,2025-11-27 00:00:00,,2026-05-08 00:00:00,"Landslide / නායයෑම්, Slope failures / බැවුම් අස්ථාවරවීම්",,,,,,,,2.0,,1.0,,3,,Badulla,80.931887,7.010588
80.923772,6.964401,Badulla,ඌව පරණගම ප්රා.ලේ.කො,කිරවනාගම,HR3,HR3,,NBRO/LRRMD-BDL/BDU/UVA-PA/LI/26/1146,NBRO/LRRMD-BDL/BDU/UVA-PA/LI/26/1146,41,House / නිවාස,2025-11-27 00:00:00,,2026-05-09 00:00:00,Slope failures / බැවුම් අස්ථාවරවීම්,,,,,,,,3.0,,7.0,,10,,Badulla,80.923772,6.964401
80.936056,7.037354,Badulla,ඌව පරණගම ප්රා.ලේ.කො,රිටිකුඹුර,HR3,HR3,,NBRO/LRRMD-BDL/BDU/UVA-PA/LI/26/1148,NBRO/LRRMD-BDL/BDU/UVA-PA/LI/26/1148,37F,House / නිවාස,2025-11-27 00:00:00,,2026-05-08 00:00:00,"Landslide / නායයෑම්, Slope failures / බැවුම් අස්ථාවරවීම්",,,,,,,,8.0,,1.0,,9,,Badulla,80.936056,7.037354
80.951483,7.026734,Badulla,ඌව පරණගම ප්රා.ලේ.කො,වෑතලාව,HR3,HR3,,NBRO/LRRMD-BDL/BDU/UVA-PA/LI/26/1150,NBRO/LRRMD-BDL/BDU/UVA-PA/LI/26/1150,37A,House / නිවාස,2025-11-27 00:00:00,,2026-05-08 00:00:00,Slope failures / බැවුම් අස්ථාවරවීම්,,,,,,,,1.0,,2.0,,3,,Badulla,80.951483,7.026734
80.835275,6.926835,Badulla,ඌව පරණගම ප්රා.ලේ.කො,ගලහගම,HR3,HR3,,NBRO/LRRMD-BDL/BDU/UVA-PA/LI/26/1303,NBRO/LRRMD-BDL/BDU/UVA-PA/LI/26/1303,46B,House / නිවාස,2025-11-27 00:00:00,,2026-04-26 00:00:00,Landslide / නායයෑම්,,,,,,,,1.0,,10.0,,11,,Badulla,80.835275,6.926835
80.943271,6.972695,Badulla,ඌව පරණගම ප්රා.ලේ.කො,පිටියකුඹුර,HR3,HR3,,NBRO/LRRMD-BDL/BDU/UVA-PA/LI/26/1353,NBRO/LRRMD-BDL/BDU/UVA-PA/LI/26/1353,39C,House / නිවාස,2025-11-27 00:00:00,,2026-05-04 00:00:00,Landslide / නායයෑම්,,,,,,,,1.0,,3.0,,4,,Badulla,80.943271,6.972695
80.989176,6.970921,Badulla,ඌව පරණගම ප්රා.ලේ.කො,තුප්පිටිය,HR3,HR3,,NBRO/LRRMD-BDL/BDU/UVA-PA/LI/26/1413,NBRO/LRRMD-BDL/BDU/UVA-PA/LI/26/1413,40,House / නිවාස,2025-11-27 00:00:00,,2026-05-12 00:00:00,Slope failures / බැවුම් අස්ථාවරවීම්,,,,,,,,2.0,,2.0,,4,,Badulla,80.989176,6.970921
80.833064,6.911497,Badulla,වැලිමඩ ප්රා.ලේ.කො,අලකොලගාල,HR3,HR3,,NBRO/LRRMD-BDL/BDU/WELIMA/LI/26/0008,NBRO/LRRMD-BDL/BDU/WELIMA/LI/26/0008,49D,House / නිවාස,"2025/11/26,27",,2025-12-25 00:00:00,"Landslide / නායයෑම්, Slope failures / බැවුම් අස්ථාවරවීම්, Cutting failure / කණ්ඩි අස්ථාවරවීම්",Resettle / නැවත පදිංචිකිරීම,,,,,,,7.0,,1.0,,8,,Badulla,80.833064,6.911497
80.201057,7.246093,Kegalle,වරකාපොළ ප්රා.ලේ.කො,අඹේපුස්ස,HR3,HR3,,LRR-WRP-58,LRR-WRP-58,83ඒ,Religiou / ආගමික ස්ථානය,2025-11-28 00:00:00,,2026-01-16 00:00:00,Landslide / නායයෑම්,Resettle / නැවත පදිංචිකිරීම,Minor / සුළුහානි,,,,,,3.0,,25.0,1.0,29,,Kegalle,80.201057,7.246093
80.27629,7.224146,Kegalle,වරකාපොළ ප්රා.ලේ.කො,ගම්පිටිය - 80 A,HR3,HR3,,LRR-WRP-54,LRR-WRP-54,,House / නිවාස,2025-11-28 00:00:00,,2026-01-23 00:00:00,Cutting failure / කණ්ඩි අස්ථාවරවීම්,Resettle / නැවත පදිංචිකිරීම,Minor / සුළුහානි,,,,,,1.0,,3.0,,4,,Kegalle,80.27629,7.224146
80.280505,7.227009,Kegalle,වරකාපොළ ප්රා.ලේ.කො,මාම්පිට - 80A,HR3,HR3,,LRR-WRP-57,LRR-WRP-57,,House / නිවාස,2025-11-28 00:00:00,,2026-01-23 00:00:00,Cutting failure / කණ්ඩි අස්ථාවරවීම්,Resettle / නැවත පදිංචිකිරීම,Minor / සුළුහානි,,,,,,3.0,,7.0,,10,,Kegalle,80.280505,7.227009
80.430651,7.066138,Kegalle,යටියන්තොට ප්රා.ලේ.කො,සීපොත්,HR3,HR3,,ERR - YTP - 18,ERR - YTP - 18,131 ඊ,House / නිවාස,2025-11-28 00:00:00,13:00:00,2025-12-07 00:00:00,Landslide / නායයෑම්,Resettle / නැවත පදිංචිකිරීම,Partially / අර්ධහානි,,,,,,2.0,,,,2,,Kegalle,80.430651,7.066138
80.678217,7.424673,Matale,රත්තොට ප්රා.ලේ.කො,හගරන්කන්ද,HR3,HR3,,"NBRO/MTL/RATHTHOTA/2026/WR,SW/157","NBRO/MTL/RATHTHOTA/2026/WR,SW/157",,House / නිවාස,2025-11-27 00:00:00,,2026-01-03 00:00:00,"Rock fall / ගල් පෙරලීම්, Other / වෙනත් (වෙනත් කරුණු යටතේ සදහන් කරන්න)",,Partially / අර්ධහානි,,,,,,3.0,,4.0,2.0,9,,Matale,80.678217,7.424673
80.83075,6.89968,Badulla,වැලිමඩ ප්රා.ලේ.කො,අලකොලගාල,HR3,HR3,,NBRO/LRRMD-BDL/BDU/WELIMA/LI/25/0512,NBRO/LRRMD-BDL/BDU/WELIMA/LI/25/0512,49D,House / නිවාස,"2025/11/27, 28",,"2025/12/25,29","Landslide / නායයෑම්, Slope failures / බැවුම් අස්ථාවරවීම්, Rock fall / ගල් පෙරලීම්",Resettle / නැවත පදිංචිකිරීම,,,,,,,1.0,,,,1,,Badulla,80.83075,6.89968
80.543989,7.144147,Kandy,ගඟ ඉහළ කෝරලේ ප්රා.ලේ.කො,ගල්පාය,HR3,HR3,,GIK/010,GIK/010,1066,House / නිවාස,2025-11-27 00:00:00,22:00:00,2025-12-13 00:00:00,Landslide / නායයෑම්,Resettle / නැවත පදිංචිකිරීම,,,,,,,2.0,,2.0,,4,,Kandy,80.543989,7.144147
80.513965,7.144661,Kandy,ගඟ ඉහළ කෝරලේ ප්රා.ලේ.කො,කරගල/කොහොවල,HR3,HR3,,GIK/003,GIK/003,1059,House / නිවාස,2025-11-27 00:00:00,23:00:00,2025-12-10 00:00:00,Landslide / නායයෑම්,Resettle / නැවත පදිංචිකිරීම,,,,,,,5.0,,7.0,,12,,Kandy,80.513965,7.144661
80.644525,7.330872,Kandy,පාතදුම්බර ප්රා.ලේ.කො,බලනගල,HR3,HR3,,TPB 394,TPB 394,610.0,House / නිවාස,2025-11-27 00:00:00,,2026-06-15 00:00:00,Slope failures / බැවුම් අස්ථාවරවීම්,,,,,,,,1.0,,,,1,,Kandy,80.644525,7.330872
80.849733,6.901012,Badulla,වැලිමඩ ප්රා.ලේ.කො,බොරගස්,HR3,HR3,,NBRO/LRRMD-BDL/BDU/WELIMA/LI/26/0062,NBRO/LRRMD-BDL/BDU/WELIMA/LI/26/0062,49A,House / නිවාස,2025-11-29 00:00:00,,,Landslide / නායයෑම්,Resettle / නැවත පදිංචිකිරීම,,,,,,,12.0,,,,12,,Badulla,80.849733,6.901012
80.264459,7.282978,Kegalle,වරකාපොළ ප්රා.ලේ.කො,78 A - හෑලියගොඩ,HR3,HR3,,LRR-WRP-41,LRR-WRP-41,,House / නිවාස,2025-11-28 00:00:00,06:00:00,2026-01-08 00:00:00,Cutting failure / කණ්ඩි අස්ථාවරවීම්,Resettle / නැවත පදිංචිකිරීම,Minor / සුළුහානි,,,,,,1.0,,2.0,,3,,Kegalle,80.264459,7.282978
80.825904,6.881906,Badulla,වැලිමඩ ප්රා.ලේ.කො,අඹේවෙලවත්ත,HR3,HR3,,NBRO/LRRMD-BDL/BDU/WELIMA/LI/26/0102,NBRO/LRRMD-BDL/BDU/WELIMA/LI/26/0102,50A,House / නිවාස,,,2026-01-13 00:00:00,"Slope failures / බැවුම් අස්ථාවරවීම්, Cutting failure / කණ්ඩි අස්ථාවරවීම්, Rock fall / ගල් පෙරලීම්",Resettle / නැවත පදිංචිකිරීම,,,,,,,1.0,,5.0,,6,,Badulla,80.825904,6.881906
80.408669,7.066349,Kegalle,යටියන්තොට ප්රා.ලේ.කො,බෙරන්නාව,HR3,HR3,,LRR-YTP-81,LRR-YTP-81,,House / නිවාස,2025-11-27 00:00:00,,2026-01-27 00:00:00,Landslide / නායයෑම්,Resettle / නැවත පදිංචිකිරීම,Minor / සුළුහානි,,,,,,3.0,,26.0,,29,,Kegalle,80.408669,7.066349
80.867675,6.893685,Badulla,වැලිමඩ ප්රා.ලේ.කො,කැප්පෙටිපොල,HR3,HR3,,NBRO/LRRMD-BDL/BDU/WELIMA/LI/26/0162,NBRO/LRRMD-BDL/BDU/WELIMA/LI/26/0162,50D,House / නිවාස,2025-11-27 00:00:00,,2026-01-07 00:00:00,"Landslide / නායයෑම්, Slope failures / බැවුම් අස්ථාවරවීම්",Resettle / නැවත පදිංචිකිරීම,,,,,,,1.0,,18.0,,19,,Badulla,80.867675,6.893685
80.839369,6.888924,Badulla,වැලිමඩ ප්රා.ලේ.කො,හෙවණකුඹුර,HR3,HR3,,NBRO/LRRMD-BDL/BDU/WELIMA/LI/26/0646,NBRO/LRRMD-BDL/BDU/WELIMA/LI/26/0646,50F,House / නිවාස,2025-11-27 00:00:00,,2026-03-19 00:00:00,"Rock fall / ගල් පෙරලීම්, Landslide / නායයෑම්",Resettle / නැවත පදිංචිකිරීම,,,,,,,1.0,,2.0,,3,,Badulla,80.839369,6.888924
80.845405,6.889023,Badulla,වැලිමඩ ප්රා.ලේ.කො,හෙවණකුඹුර,HR3,HR3,,NBRO/LRRMD-BDL/BDU/WELIMA/LI/26/0650,NBRO/LRRMD-BDL/BDU/WELIMA/LI/26/0650,50F,House / නිවාස,2025-11-27 00:00:00,,2026-03-19 00:00:00,Landslide / නායයෑම්,Resettle / නැවත පදිංචිකිරීම,,,,,,,2.0,,4.0,,6,,Badulla,80.845405,6.889023
80.866176,6.892142,Badulla,වැලිමඩ ප්රා.ලේ.කො,පාලුගම නගරය,HR3,HR3,,NBRO/LRRMD-BDL/BDU/WELIMA/LI/26/0796,NBRO/LRRMD-BDL/BDU/WELIMA/LI/26/0796,50,House / නිවාස,2025-11-27 00:00:00,,2026-03-26 00:00:00,Slope failures / බැවුම් අස්ථාවරවීම්,Resettle / නැවත පදිංචිකිරීම,,,,,,,1.0,,7.0,,8,,Badulla,80.866176,6.892142
80.40701,6.998911,Kegalle,යටියන්තොට ප්රා.ලේ.කො,කිතුල්ගල උතුර,HR3,HR3,,ERR - YTP - 15,ERR - YTP - 15,134,House / නිවාස,2025-11-28 00:00:00,,2025-12-19 00:00:00,Landslide / නායයෑම්,Resettle / නැවත පදිංචිකිරීම,Minor / සුළුහානි,,,,,,1.0,,5.0,,6,,Kegalle,80.40701,6.998911
80.831304,6.916206,Badulla,වැලිමඩ ප්රා.ලේ.කො,අලකොලගාල,HR3,HR3,,NBRO/LRRMD-BDL/BDU/WELIMA/LI/26/0227,NBRO/LRRMD-BDL/BDU/WELIMA/LI/26/0227,49D,House / නිවාස,2025-11-27 00:00:00,,,"Cutting failure / කණ්ඩි අස්ථාවරවීම්, Slope failures / බැවුම් අස්ථාවරවීම්, Landslide / නායයෑම්",Resettle / නැවත පදිංචිකිරීම,,,,,,,143.0,,,,143,,Badulla,80.831304,6.916206
80.428362,7.236275,Kegalle,මාවනැල්ල ප්රා.ලේ.කො,දොඩන්තලේ,HR3,HR3,,LRR-MWP-137,LRR-MWP-137,15 සී,House / නිවාස,2025-11-28 00:00:00,,2026-06-13 00:00:00,Slope failures / බැවුම් අස්ථාවරවීම්,Resettle / නැවත පදිංචිකිරීම,Minor / සුළුහානි,0.0,,,,,1.0,,3.0,,4,,Kegalle,80.428362,7.236275
80.884878,7.034833,Nuwara Eliya,වලපනේ ප්රා.ලේ.කො,පණ්ඩිතයාකුඹුර,HR3,HR3,,NBRI/NE/WLD/2026/PTG/185),NBRI/NE/WLD/2026/PTG/185),529 ඒ,House / නිවාස,2025-11-27 00:00:00,,2026-01-22 00:00:00,Cutting failure / කණ්ඩි අස්ථාවරවීම්,Resettle / නැවත පදිංචිකිරීම,Minor or No Damages / සුළුහානි හෝ හානි නොමැති,,,,,,1.0,,17.0,,18,,Nuwara Eliya,80.884878,7.034833
80.886245,7.032779,Nuwara Eliya,වලපනේ ප්රා.ලේ.කො,පණ්ඩිතයාකුඹුර,HR3,HR3,,NBRI/NE/WLD/2026/PTG/189),NBRI/NE/WLD/2026/PTG/189),529 ඒ,School / පාසැල,2025-11-27 00:00:00,,2026-01-22 00:00:00,Cutting failure / කණ්ඩි අස්ථාවරවීම්,Resettle / නැවත පදිංචිකිරීම,Minor or No Damages / සුළුහානි හෝ හානි නොමැති,,,,,,1.0,,1.0,,2,,Nuwara Eliya,80.886245,7.032779
80.880612,7.02635,Nuwara Eliya,වලපනේ ප්රා.ලේ.කො,මන්ත්‍රීතැන්න,HR3,HR3,,NBRI/NE/WLD/2026/PTG/173),NBRI/NE/WLD/2026/PTG/173),,House / නිවාස,2025-11-27 00:00:00,,2026-01-22 00:00:00,Landslide / නායයෑම්,Resettle / නැවත පදිංචිකිරීම,Minor or No Damages / සුළුහානි හෝ හානි නොමැති,,,,,,1.0,,3.0,,4,,Nuwara Eliya,80.880612,7.02635
80.693643,7.502681,Matale,රත්තොට ප්රා.ලේ.කො,මාවුස්සාගොල්ල,HR3,HR3,,NBRO/LRRMD-MAT/RATTOTA/LI/26/0710,NBRO/LRRMD-MAT/RATTOTA/LI/26/0710,,House / නිවාස,2025-11-27 00:00:00,,2026-05-06 00:00:00,Slope failures / බැවුම් අස්ථාවරවීම්,,Partially / අර්ධහානි,,,,,,2.0,,,,2,,Matale,80.693643,7.502681
80.973636,6.906109,Badulla,හාලිඇල ප්රා.ලේ.කො,මාලිගාතැන්න,HR3,HR3,,NBRO/LRRMD- BDL /BDU/HALIE/LI/25/0054,NBRO/LRRMD- BDL /BDU/HALIE/LI/25/0054,57H,House / නිවාස,2025-11-27 00:00:00,,,"Landslide / නායයෑම්, Cutting failure / කණ්ඩි අස්ථාවරවීම්, Other / වෙනත් (වෙනත් කරුණු යටතේ සදහන් කරන්න)",Resettle / නැවත පදිංචිකිරීම,,,,,,,2.0,,3.0,,5,,Badulla,80.973636,6.906109
80.437221,7.075474,Kegalle,යටියන්තොට ප්රා.ලේ.කො,සීපෝත්,HR3,HR3,,LRR-YTP-58,LRR-YTP-58,,House / නිවාස,2025-11-28 00:00:00,,2026-01-09 00:00:00,Landslide / නායයෑම්,Resettle / නැවත පදිංචිකිරීම,Minor / සුළුහානි,,,,,,1.0,,7.0,17.0,25,,Kegalle,80.437221,7.075474
80.883994,7.03104,Nuwara Eliya,වලපනේ ප්රා.ලේ.කො,මන්ත්‍රීතැන්න,HR3,HR3,,NBRI/NE/WLD/2026/PTG/174),NBRI/NE/WLD/2026/PTG/174),529,House / නිවාස,2025-11-27 00:00:00,,2026-01-22 00:00:00,Landslide / නායයෑම්,Resettle / නැවත පදිංචිකිරීම,Minor or No Damages / සුළුහානි හෝ හානි නොමැති,,,,,,1.0,,2.0,,3,,Nuwara Eliya,80.883994,7.03104
80.647775,7.563415,Matale,මාතලේ ප්රා.ලේ.කො,අංකන්ද,HR3,HR3,,"NBRO/MTL/MATALE/2026/KA,TW/12","NBRO/MTL/MATALE/2026/KA,TW/12",E 324/B,House / නිවාස,2025-11-28 00:00:00,,2026-01-05 00:00:00,"Landslide / නායයෑම්, Slope failures / බැවුම් අස්ථාවරවීම්",,,0.0,,,,,2.0,,,5.0,7,,Matale,80.647775,7.563415
80.698713,7.521719,Matale,රත්තොට ප්රා.ලේ.කො,දංකන්ද,HR3,HR3,,NBRO/LRRMD-MAT/RATTOTA/LI/26/0589,NBRO/LRRMD-MAT/RATTOTA/LI/26/0589,,House / නිවාස,2025-11-27 00:00:00,,2026-04-29 00:00:00,Cutting failure / කණ්ඩි අස්ථාවරවීම්,,,,,,,,2.0,,,,2,,Matale,80.698713,7.521719
80.54381,7.28729,Kandy,යටිනුවර ප්රා.ලේ.කො,දොඩම්වල ඉහළ,HR3,HR3,,BGS 204,BGS 204,,House / නිවාස,2025-11-27 00:00:00,,2026-05-08 00:00:00,,,,0.0,,,,,2.0,,1.0,,3,,Kandy,80.54381,7.28729
81.090375,6.912148,Badulla,හාලිඇල ප්රා.ලේ.කො,බැද්දේගම,HR3,HR3,,NBRO/LRRMD-BDL/BDU/HALI-E/LI/26/0297,NBRO/LRRMD-BDL/BDU/HALI-E/LI/26/0297,85,House / නිවාස,2025-11-27 00:00:00,,2026-12-10 00:00:00,Landslide / නායයෑම්,Resettle / නැවත පදිංචිකිරීම,,,,,,,8.0,,10.0,,18,,Badulla,81.090375,6.912148
81.004166,6.896173,Badulla,හාලිඇල ප්රා.ලේ.කො,කටුගහ,HR3,HR3,,NBRO/LRRMD-BDL/BDU/HALI-E/LI/26/0341,NBRO/LRRMD-BDL/BDU/HALI-E/LI/26/0341,57F,House / නිවාස,2025-11-27 00:00:00,,2026-02-07 00:00:00,"Landslide / නායයෑම්, Cutting failure / කණ්ඩි අස්ථාවරවීම්",Resettle / නැවත පදිංචිකිරීම,,,,,,,1.0,,6.0,,7,,Badulla,81.004166,6.896173
81.041418,6.980647,Badulla,හාලිඇල ප්රා.ලේ.කො,බෝගහමඩිත්ත,HR3,HR3,,NBRO/LRRMD-BDL/BDU/HALI-E/LI/26/0437,NBRO/LRRMD-BDL/BDU/HALI-E/LI/26/0437,74B,House / නිවාස,2025-11-27 00:00:00,,2026-02-12 00:00:00,"Cutting failure / කණ්ඩි අස්ථාවරවීම්, Rock fall / ගල් පෙරලීම්",Resettle / නැවත පදිංචිකිරීම,,,,,,,1.0,,10.0,,11,,Badulla,81.041418,6.980647
81.041652,6.973026,Badulla,හාලිඇල ප්රා.ලේ.කො,බෝගහමඩිත්ත,HR3,HR3,,NBRO/LRRMD-BDL/BDU/HALI-E/LI/26/0415,NBRO/LRRMD-BDL/BDU/HALI-E/LI/26/0415,74B,House / නිවාස,2025-11-27 00:00:00,,2026-02-13 00:00:00,"Slope failures / බැවුම් අස්ථාවරවීම්, Cutting failure / කණ්ඩි අස්ථාවරවීම්",Resettle / නැවත පදිංචිකිරීම,,,NBRO/LRRMD/LT/2026/00018 - letter සංශෝධන අනුව NBRO/LRRMD-BDL/BDU/HALI-E/LI/26/0415 අංකය දරණ වාර්තාවෙහි සඳහන් අධි අවදානම් නිවාස ලැයිස්තුවේ,,,,1.0,,1.0,,2,,Badulla,81.041652,6.973026
80.990635,7.02116,Badulla,හාලිඇල ප්රා.ලේ.කො,කොකටියමලුව,HR3,HR3,,NBRO/LRRMD-BDL/BDU/HALI-E/LI/26/0457,NBRO/LRRMD-BDL/BDU/HALI-E/LI/26/0457,77A,House / නිවාස,2025-11-27 00:00:00,,2026-02-21 00:00:00,"Landslide / නායයෑම්, Slope failures / බැවුම් අස්ථාවරවීම්, Cutting failure / කණ්ඩි අස්ථාවරවීම්",Resettle / නැවත පදිංචිකිරීම,,,,,,,4.0,,4.0,,8,,Badulla,80.990635,7.02116
80.617948,7.47818,Matale,මාතලේ ප්රා.ලේ.කො,හුරස්ගම,HR3,HR3,,"NBRO/MTL/MATALE/2025/MMCUB,BCA/144","NBRO/MTL/MATALE/2025/MMCUB,BCA/144",,House / නිවාස,2025-11-28 00:00:00,,2025-12-30 00:00:00,Other / වෙනත් (වෙනත් කරුණු යටතේ සදහන් කරන්න),,,0.0,,,,,1.0,,,,1,,Matale,80.617948,7.47818
81.01769,6.936639,Badulla,හාලිඇල ප්රා.ලේ.කො,මොරෙතොට,HR3,HR3,,NBRO/LRRMD-BDL/BDU/HALI-E/LI/26/0470,NBRO/LRRMD-BDL/BDU/HALI-E/LI/26/0470,56A,House / නිවාස,2025-11-27 00:00:00,,2026-02-28 00:00:00,Landslide / නායයෑම්,Resettle / නැවත පදිංචිකිරීම,,,,,,,2.0,,6.0,,8,,Badulla,81.01769,6.936639
80.679787,7.348013,Kandy,පාතදුම්බර ප්රා.ලේ.කො,වත්තේගම උතුර,HR3,HR3,,HLK/056,HLK/056,,House / නිවාස,2025-11-27 00:00:00,,2026-04-04 00:00:00,"Slope failures / බැවුම් අස්ථාවරවීම්, Cutting failure / කණ්ඩි අස්ථාවරවීම්",,,,,,,,1.0,,,,1,,Kandy,80.679787,7.348013
81.091041,6.953306,Badulla,හාලිඇල ප්රා.ලේ.කො,කෝට්ටගොඩ,HR3,HR3,,NBRO/LRRMD-BDL/BDU/HALI-E/LI/26/0499,NBRO/LRRMD-BDL/BDU/HALI-E/LI/26/0499,82D,House / නිවාස,2025-11-27 00:00:00,,2026-02-25 00:00:00,"Landslide / නායයෑම්, Rock fall / ගල් පෙරලීම්",Resettle / නැවත පදිංචිකිරීම,,,,,,,3.0,,,,3,,Badulla,81.091041,6.953306
81.093785,6.936728,Badulla,හාලිඇල ප්රා.ලේ.කො,බුලත්වත්ත,HR3,HR3,,NBRO/LRRMD-BDL/BDU/HALI-E/LI/26/0502,NBRO/LRRMD-BDL/BDU/HALI-E/LI/26/0502,86A,House / නිවාස,2025-11-27 00:00:00,,2026-02-25 00:00:00,Landslide / නායයෑම්,Resettle / නැවත පදිංචිකිරීම,,,,,,,1.0,,,,1,,Badulla,81.093785,6.936728
81.099833,6.928041,Badulla,හාලිඇල ප්රා.ලේ.කො,බුලත්වත්ත,HR3,HR3,,NBRO/LRRMD-BDL/BDU/HALI-E/LI/26/0503,NBRO/LRRMD-BDL/BDU/HALI-E/LI/26/0503,86A,House / නිවාස,2025-11-27 00:00:00,,2026-02-11 00:00:00,Landslide / නායයෑම්,Resettle / නැවත පදිංචිකිරීම,,,,,,,1.0,,,,1,,Badulla,81.099833,6.928041
80.969445,6.887964,Badulla,හාලිඇල ප්රා.ලේ.කො,කුරුකුදේ,HR3,HR3,,NBRO/LRRMD-BDL/BDU/HALI-E/LI/26/0529,NBRO/LRRMD-BDL/BDU/HALI-E/LI/26/0529,57C,House / නිවාස,2025-11-27 00:00:00,,2026-03-08 00:00:00,Slope failures / බැවුම් අස්ථාවරවීම්,Resettle / නැවත පදිංචිකිරීම,,,,,,,1.0,,6.0,,7,,Badulla,80.969445,6.887964
81.082637,6.951508,Badulla,හාලිඇල ප්රා.ලේ.කො,කෝට්ටගොඩ,HR3,HR3,,NBRO/LRRMD-BDL/BDU/HALI-E/LI/26/0498,NBRO/LRRMD-BDL/BDU/HALI-E/LI/26/0498,82D,House / නිවාස,2025-11-27 00:00:00,,2026-02-25 00:00:00,Landslide / නායයෑම්,Resettle / නැවත පදිංචිකිරීම,,,,,,,2.0,,1.0,,3,,Badulla,81.082637,6.951508
81.095425,6.936161,Badulla,හාලිඇල ප්රා.ලේ.කො,බුලත්වත්ත,HR3,HR3,,NBRO/LRRMD-BDL/BDU/HALI-E/LI/26/0505,NBRO/LRRMD-BDL/BDU/HALI-E/LI/26/0505,86A,House / නිවාස,2025-11-27 00:00:00,,2026-02-11 00:00:00,Landslide / නායයෑම්,Resettle / නැවත පදිංචිකිරීම,,,,,,,2.0,,,,2,,Badulla,81.095425,6.936161
80.997104,6.93446,Badulla,හාලිඇල ප්රා.ලේ.කො,ඌවමහවෙල,HR3,HR3,,NBRO/LRRMD-BDL/BDU/HALI-E/LI/26/0526,NBRO/LRRMD-BDL/BDU/HALI-E/LI/26/0526,56B,House / නිවාස,2025-11-27 00:00:00,,2026-03-08 00:00:00,Cutting failure / කණ්ඩි අස්ථාවරවීම්,Resettle / නැවත පදිංචිකිරීම,,,,,,,1.0,,2.0,,3,,Badulla,80.997104,6.93446
81.03693,6.969881,Badulla,හාලිඇල ප්රා.ලේ.කො,බෝගහමඩිත්ත,HR3,HR3,,NBRO/LRRMD-BDL/BDU/HALI-E/LI/26/0565,NBRO/LRRMD-BDL/BDU/HALI-E/LI/26/0565,74B,House / නිවාස,2025-11-27 00:00:00,,2026-02-13 00:00:00,Landslide / නායයෑම්,Resettle / නැවත පදිංචිකිරීම,,,,,,,3.0,,,,3,,Badulla,81.03693,6.969881
81.05853,6.950325,Badulla,හාලිඇල ප්රා.ලේ.කො,ගොඩේගම,HR3,HR3,,NBRO/LRRMD-BDL/BDU/HALI-E/LI/26/0588,NBRO/LRRMD-BDL/BDU/HALI-E/LI/26/0588,84B,House / නිවාස,2025-11-27 00:00:00,,2026-03-11 00:00:00,"Landslide / නායයෑම්, Cutting failure / කණ්ඩි අස්ථාවරවීම්",Resettle / නැවත පදිංචිකිරීම,,,,,,,1.0,,,,1,,Badulla,81.05853,6.950325
81.058947,6.952069,Badulla,හාලිඇල ප්රා.ලේ.කො,ගොඩේගම,HR3,HR3,,NBRO/LRRMD-BDL/BDU/HALI-E/LI/26/0589,NBRO/LRRMD-BDL/BDU/HALI-E/LI/26/0589,84B,House / නිවාස,2025-11-27 00:00:00,,2026-03-11 00:00:00,"Slope failures / බැවුම් අස්ථාවරවීම්, Cutting failure / කණ්ඩි අස්ථාවරවීම්, Rock fall / ගල් පෙරලීම්",Resettle / නැවත පදිංචිකිරීම,,,,,,,2.0,,,,2,,Badulla,81.058947,6.952069
80.521459,7.257189,Kandy,යටිනුවර ප්රා.ලේ.කො,පානබොක්ක,HR3,HR3,,KYP 243,KYP 243,210.0,House / නිවාස,2025-11-27 00:00:00,,2026-07-07 00:00:00,"Slope failures / බැවුම් අස්ථාවරවීම්, Rock fall / ගල් පෙරලීම්",,,0.0,,,,,1.0,,,,1,,Kandy,80.521459,7.257189
81.050575,6.982722,Badulla,හාලිඇල ප්රා.ලේ.කො,මහවත්තේගම,HR3,HR3,,NBRO/LRRMD-BDL/BDU/HALI-E/LI/26/0595,NBRO/LRRMD-BDL/BDU/HALI-E/LI/26/0595,82C,House / නිවාස,2025-11-27 00:00:00,,2026-03-16 00:00:00,"Landslide / නායයෑම්, Slope failures / බැවුම් අස්ථාවරවීම්, Cutting failure / කණ්ඩි අස්ථාවරවීම්",Resettle / නැවත පදිංචිකිරීම,,,,,,,2.0,,,,2,,Badulla,81.050575,6.982722
81.053759,6.980083,Badulla,හාලිඇල ප්රා.ලේ.කො,මහවත්තේගම,HR3,HR3,,NBRO/LRRMD-BDL/BDU/HALI-E/LI/26/0597,NBRO/LRRMD-BDL/BDU/HALI-E/LI/26/0597,82C,House / නිවාස,2025-11-27 00:00:00,,2026-03-16 00:00:00,"Landslide / නායයෑම්, Slope failures / බැවුම් අස්ථාවරවීම්, Other / වෙනත් (වෙනත් කරුණු යටතේ සදහන් කරන්න)",Resettle / නැවත පදිංචිකිරීම,,,,,,,2.0,,,,2,,Badulla,81.053759,6.980083
81.056984,6.975472,Badulla,හාලිඇල ප්රා.ලේ.කො,දෙමටවැල්හින්න,HR3,HR3,,NBRO/LRRMD-BDL/BDU/HALI-E/LI/26/0769,NBRO/LRRMD-BDL/BDU/HALI-E/LI/26/0769,82B,House / නිවාස,2025-11-27 00:00:00,,2026-04-01 00:00:00,"Slope failures / බැවුම් අස්ථාවරවීම්, Cutting failure / කණ්ඩි අස්ථාවරවීම්",Resettle / නැවත පදිංචිකිරීම,,,,,,,2.0,,,,2,,Badulla,81.056984,6.975472
81.056131,6.975728,Badulla,හාලිඇල ප්රා.ලේ.කො,දෙමටවැල්හින්න,HR3,HR3,,NBRO/LRRMD-BDL/BDU/HALI-E/LI/26/0770,NBRO/LRRMD-BDL/BDU/HALI-E/LI/26/0770,82B,House / නිවාස,2025-11-27 00:00:00,,2026-04-01 00:00:00,"Slope failures / බැවුම් අස්ථාවරවීම්, Cutting failure / කණ්ඩි අස්ථාවරවීම්",Resettle / නැවත පදිංචිකිරීම,,,,,,,1.0,,6.0,,7,,Badulla,81.056131,6.975728
81.075964,6.964694,Badulla,හාලිඇල ප්රා.ලේ.කො,ඉඹුල්ගොඩ,HR3,HR3,,NBRO/LRRMD-BDL/BDU/HALI-E/LI/26/0817,NBRO/LRRMD-BDL/BDU/HALI-E/LI/26/0817,82,House / නිවාස,2025-11-27 00:00:00,,2026-03-27 00:00:00,"Landslide / නායයෑම්, Slope failures / බැවුම් අස්ථාවරවීම්, Other / වෙනත් (වෙනත් කරුණු යටතේ සදහන් කරන්න)",Resettle / නැවත පදිංචිකිරීම,,,,,,,1.0,,,,1,,Badulla,81.075964,6.964694
81.079899,6.955776,Badulla,හාලිඇල ප්රා.ලේ.කො,ඉඹුල්ගොඩ,HR3,HR3,,NBRO/LRRMD-BDL/BDU/HALI-E/LI/26/0819,NBRO/LRRMD-BDL/BDU/HALI-E/LI/26/0819,82,House / නිවාස,,,,"Landslide / නායයෑම්, Slope failures / බැවුම් අස්ථාවරවීම්, Other / වෙනත් (වෙනත් කරුණු යටතේ සදහන් කරන්න)",Resettle / නැවත පදිංචිකිරීම,,,,,,,3.0,,2.0,,5,,Badulla,81.079899,6.955776
80.993195,6.94178,Badulla,හාලිඇල ප්රා.ලේ.කො,නිලිඅතුගොඩ,HR3,HR3,,NBRO/LRRMD-BDL/BDU/HALI-E/LI/26/0910,NBRO/LRRMD-BDL/BDU/HALI-E/LI/26/0910,56E,House / නිවාස,2025-11-27 00:00:00,,2026-04-05 00:00:00,Cutting failure / කණ්ඩි අස්ථාවරවීම්,Resettle / නැවත පදිංචිකිරීම,,,,,,,1.0,,2.0,,3,,Badulla,80.993195,6.94178
80.999288,6.938185,Badulla,හාලිඇල ප්රා.ලේ.කො,නිලිඅතුගොඩ,HR3,HR3,,NBRO/LRRMD-BDL/BDU/HALI-E/LI/26/0908,NBRO/LRRMD-BDL/BDU/HALI-E/LI/26/0908,56E,House / නිවාස,2025-11-27 00:00:00,,2026-04-05 00:00:00,Slope failures / බැවුම් අස්ථාවරවීම්,Resettle / නැවත පදිංචිකිරීම,,,,,,,1.0,,11.0,,12,,Badulla,80.999288,6.938185
81.019878,6.952962,Badulla,හාලිඇල ප්රා.ලේ.කො,සමගිපුර,HR3,HR3,,NBRO/LRRMD-BDL/BDU/HALI-E/LI/26/1027,NBRO/LRRMD-BDL/BDU/HALI-E/LI/26/1027,74C,House / නිවාස,,,,"Cutting failure / කණ්ඩි අස්ථාවරවීම්, Other / වෙනත් (වෙනත් කරුණු යටතේ සදහන් කරන්න)",,,,,,,,3.0,,,,3,,Badulla,81.019878,6.952962
81.028647,6.942132,Badulla,හාලිඇල ප්රා.ලේ.කො,මුගුනමත බටහිර,HR3,HR3,,NBRO/LRRMD-BDL/BDU/HALI-E/LI/26/1029,NBRO/LRRMD-BDL/BDU/HALI-E/LI/26/1029,73C,House / නිවාස,2025-11-27 00:00:00,,2026-04-24 00:00:00,Slope failures / බැවුම් අස්ථාවරවීම්,,,,,,,,2.0,,,,2,,Badulla,81.028647,6.942132
81.066948,6.958689,Badulla,හාලිඇල ප්රා.ලේ.කො,මැදගම,HR3,HR3,,NBRO/LRRMD-BDL/BDU/HALI-E/LI/26/1024,NBRO/LRRMD-BDL/BDU/HALI-E/LI/26/1024,84,House / නිවාස,,,2025-11-27 00:00:00,"Slope failures / බැවුම් අස්ථාවරවීම්, Cutting failure / කණ්ඩි අස්ථාවරවීම්, Rock fall / ගල් පෙරලීම්, Other / වෙනත් (වෙනත් කරුණු යටතේ",,,,,,,,4.0,,,,4,,Badulla,81.066948,6.958689
81.005716,6.967921,Badulla,හාලිඇල ප්රා.ලේ.කො,දීගල්ල,HR3,HR3,,NBRO/LRRMD-BDL/BDU/HALI-E/LI/26/1156,NBRO/LRRMD-BDL/BDU/HALI-E/LI/26/1156,75A,House / නිවාස,2026-11-27 00:00:00,,2026-05-05 00:00:00,Slope failures / බැවුම් අස්ථාවරවීම්,,,,,,,,2.0,,14.0,,16,,Badulla,81.005716,6.967921
81.091175,6.922643,Badulla,හාලිඇල ප්රා.ලේ.කො,ස්ප්‍රිංවැලි වත්ත,HR3,HR3,,NBRO/LRRMD-BDL/BDU/HALI-E/LI/26/1134,NBRO/LRRMD-BDL/BDU/HALI-E/LI/26/1134,,House / නිවාස,2026-11-27 00:00:00,,2026-05-08 00:00:00,"Cutting failure / කණ්ඩි අස්ථාවරවීම්, Landslide / නායයෑම්",,,,,,,,1.0,,3.0,,4,,Badulla,81.091175,6.922643
81.030705,6.920253,Badulla,හාලිඇල ප්රා.ලේ.කො,කිරින්ද,HR3,HR3,,NBRO/LRRMD-BDL/BDU/HALI-E/LI/26/1160,NBRO/LRRMD-BDL/BDU/HALI-E/LI/26/1160,73D,House / නිවාස,2026-11-27 00:00:00,,2026-05-08 00:00:00,"Cutting failure / කණ්ඩි අස්ථාවරවීම්, Rock fall / ගල් පෙරලීම්",,,,,,,,1.0,,,,1,,Badulla,81.030705,6.920253
80.991663,7.001442,Badulla,හාලිඇල ප්රා.ලේ.කො,බෝගොඩ,HR3,HR3,,NBRO/LRRMD-BDL/BDU/HALI-E/LI/26/1165,NBRO/LRRMD-BDL/BDU/HALI-E/LI/26/1165,,House / නිවාස,2026-11-27 00:00:00,,2026-05-08 00:00:00,Landslide / නායයෑම්,,,,,,,,1.0,,1.0,,2,,Badulla,80.991663,7.001442
81.005776,6.962925,Badulla,හාලිඇල ප්රා.ලේ.කො,දීගල්ල,HR3,HR3,,NBRO/LRRMD-BDL/BDU/HALI-E/LI/26/1155,NBRO/LRRMD-BDL/BDU/HALI-E/LI/26/1155,75A,House / නිවාස,2026-11-27 00:00:00,,2026-05-05 00:00:00,Slope failures / බැවුම් අස්ථාවරවීම්,,,,,,,,4.0,,3.0,,7,,Badulla,81.005776,6.962925
81.064323,6.955884,Badulla,හාලිඇල ප්රා.ලේ.කො,උණගොල්ල,HR3,HR3,,NBRO/LRRMD-BDL/BDU/HALI-E/LI/26/1436,NBRO/LRRMD-BDL/BDU/HALI-E/LI/26/1436,84A,House / නිවාස,,,,Slope failures / බැවුම් අස්ථාවරවීම්,,,,,,,,1.0,,,,1,,Badulla,81.064323,6.955884
81.008964,7.382276,Badulla,මහියංගනය ප්රා.ලේ.කො,තලංගමුව,HR3,HR3,,NBRO/LRRMD-BDL/BDU/MAHIYA/LI/26/1058,NBRO/LRRMD-BDL/BDU/MAHIYA/LI/26/1058,2C,House / නිවාස,2025-11-27 00:00:00,,2026-05-08 00:00:00,Landslide / නායයෑම්,,,,,,,,3.0,,2.0,,5,,Badulla,81.008964,7.382276
81.047534,6.788009,Badulla,හල්දුම්මුල්ල ප්රා.ලේ.කො,පූනාගල,HR3,HR3,,NBRO/LRRMD/LT/2025/00114,NBRO/LRRMD/LT/2025/00114,155P,House / නිවාස,2025-11-27 00:00:00,,,"Landslide / නායයෑම්, Other / වෙනත් (වෙනත් කරුණු යටතේ සදහන් කරන්න)",Resettle / නැවත පදිංචිකිරීම,,0.0,,,,,4.0,,8.0,,12,,Badulla,81.047534,6.788009
80.993342,6.756082,Badulla,හල්දුම්මුල්ල ප්රා.ලේ.කො,රණසිංහගම,HR3,HR3,,NBRO/LRRMD-BDL/BDU/HALDUM/LI/26/0630,NBRO/LRRMD-BDL/BDU/HALDUM/LI/26/0630,155H,House / නිවාස,2025-11-27 00:00:00,,2026-03-31 00:00:00,"Slope failures / බැවුම් අස්ථාවරවීම්, Cutting failure / කණ්ඩි අස්ථාවරවීම්",Resettle / නැවත පදිංචිකිරීම,,,,,,,1.0,,1.0,,2,,Badulla,80.993342,6.756082
80.613406,7.476862,Matale,මාතලේ ප්රා.ලේ.කො,කන්දේගෙදර,HR3,HR3,,NBRO/MTL/MATALE/2025/BCA/93,NBRO/MTL/MATALE/2025/BCA/93,,House / නිවාස,2025-11-28 00:00:00,,2025-12-02 00:00:00,"Slope failures / බැවුම් අස්ථාවරවීම්, Cutting failure / කණ්ඩි අස්ථාවරවීම්",,,0.0,,,,,15.0,,1.0,,16,,Matale,80.613406,7.476862
80.5068,7.439211,Kurunegala,රිදීගම ප්රා.ලේ.කො,අරුණෝදගම,HR3,HR3,,RDG,RDG,,House / නිවාස,2025-11-27 00:00:00,,2025-12-11 00:00:00,"Landslide / නායයෑම්, Slope failures / බැවුම් අස්ථාවරවීම්",,Minor / සුළුහානි,,,53.0,,,41.0,,11.0,,52,,Kurunegala,80.5068,7.439211
80.50666,7.452828,Kurunegala,රිදීගම ප්රා.ලේ.කො,"මාස්පොත, පිහිඹුව",HR3,HR3,,RDG,RDG,,House / නිවාස,2025-11-27 00:00:00,,2025-12-12 00:00:00,"Landslide / නායයෑම්, Slope failures / බැවුම් අස්ථාවරවීම්, Cutting failure / කණ්ඩි අස්ථාවරවීම්, Rock fall / ගල් පෙරලීම්",,Minor / සුළුහානි,,,105.0,,,2.0,,8.0,,10,,Kurunegala,80.50666,7.452828
80.55274,7.459594,Kurunegala,රිදීගම ප්රා.ලේ.කො,මිරිස්සල,HR3,HR3,,RDG,RDG,"මිරිස්සල, මිරිස්සල",House / නිවාස,2025-11-28 00:00:00,,2025-12-10 00:00:00,Slope failures / බැවුම් අස්ථාවරවීම්,,Minor / සුළුහානි,,,125.0,,,1.0,,,,1,,Kurunegala,80.55274,7.459594
80.726618,7.244418,Kandy,පාතහේවාහැට ප්රා.ලේ.කො,හාරගම,HR3,HR3,,WDN 192,WDN 192,1001,House / නිවාස,2025-11-27 00:00:00,,2026-06-09 00:00:00,Slope failures / බැවුම් අස්ථාවරවීම්,,,,,,,,1.0,,,,1,,Kandy,80.726618,7.244418
80.674994,6.952238,Nuwara Eliya,තලවකැලේ ප්රා.ලේ.කො,ග්‍රටේ වෙස්ටර්න්,HR3,HR3,,NBRI/NE/NED/(THALWAKALE)/2025/LY/24,NBRI/NE/NED/(THALWAKALE)/2025/LY/24,475 Z,House / නිවාස,2025-11-27 00:00:00,,2025-12-24 00:00:00,Landslide / නායයෑම්,Resettle / නැවත පදිංචිකිරීම,Partially / අර්ධහානි,,,,,,1.0,,2.0,,3,,Nuwara Eliya,80.674994,6.952238
80.536996,7.063886,Kandy,පස්බාගේ කෝරලේ ප්රා.ලේ.කො,පස්බාගෙ කෝරලේ,HR3,HR3,,DMLP/053,DMLP/053,,House / නිවාස,2025-11-27 00:00:00,,,Other / වෙනත් (වෙනත් කරුණු යටතේ සදහන් කරන්න),Resettle / නැවත පදිංචිකිරීම,,,,,,,1.0,,,,1,,Kandy,80.536996,7.063886
80.49117,7.487029,Kurunegala,රිදීගම ප්රා.ලේ.කො,ගෝනමඩ,HR3,HR3,,RDG,RDG,ගෝනමඩ නාය,House / නිවාස,2025-11-27 00:00:00,03:00:00,2025-12-17 00:00:00,Landslide / නායයෑම්,,Minor / සුළුහානි,,,890.0,,,1.0,,8.0,,9,,Kurunegala,80.49117,7.487029
80.54772,7.491621,Kurunegala,රිදීගම ප්රා.ලේ.කො,දෙල්විට,HR3,HR3,,RDG,RDG,"මල්මීවල, දෙල්විට",House / නිවාස,,,2025-12-17 00:00:00,Rock fall / ගල් පෙරලීම්,,Minor / සුළුහානි,,,906.0,,,3.0,,,,3,,Kurunegala,80.54772,7.491621
80.55117,7.490362,Kurunegala,රිදීගම ප්රා.ලේ.කො,දෙල්විට,HR3,HR3,,RDG,RDG,"හුරියගොල්ල, මල්මීවල, දෙල්විට",House / නිවාස,2025-11-28 00:00:00,,2025-12-16 00:00:00,Rock fall / ගල් පෙරලීම්,,Minor / සුළුහානි,,,383.0,,,3.0,,25.0,,28,,Kurunegala,80.55117,7.490362
80.55237,7.474387,Kurunegala,රිදීගම ප්රා.ලේ.කො,කිතුල්ගොල්ල,HR3,HR3,,RDG,RDG,,House / නිවාස,2025-11-27 00:00:00,,2025-12-18 00:00:00,Slope failures / බැවුම් අස්ථාවරවීම්,,Minor / සුළුහානි,,,1091.0,,,2.0,,1.0,,3,,Kurunegala,80.55237,7.474387
80.55145,7.473296,Kurunegala,රිදීගම ප්රා.ලේ.කො,කිතුල්ගොල්ල,HR3,HR3,,RDG,RDG,,House / නිවාස,2025-11-27 00:00:00,,2025-12-18 00:00:00,Slope failures / බැවුම් අස්ථාවරවීම්,,Minor / සුළුහානි,,,1094.0,,,1.0,,,,1,,Kurunegala,80.55145,7.473296
80.49491,7.449448,Kurunegala,රිදීගම ප්රා.ලේ.කො,බුළුවල,HR3,HR3,,RDG,RDG,"පේරගස්තැන්න, සැකරළිය වත්ත",House / නිවාස,2025-11-28 00:00:00,,2025-12-09 00:00:00,"Rock fall / ගල් පෙරලීම්, Slope failures / බැවුම් අස්ථාවරවීම්",,Minor / සුළුහානි,,,1115.0,,,2.0,,4.0,4.0,10,,Kurunegala,80.49491,7.449448
80.5409,7.455397,Kurunegala,රිදීගම ප්රා.ලේ.කො,ගල්බිදින ඇල,HR3,HR3,,RDG,RDG,"ගල්බිඳින ඇල, රිදීගම",House / නිවාස,2025-11-27 00:00:00,,2025-12-04 00:00:00,Slope failures / බැවුම් අස්ථාවරවීම්,,Minor / සුළුහානි,,,423.0,10.0,7.0,3.0,,49.0,1.0,70,,Kurunegala,80.5409,7.455397
80.54991,7.531767,Kurunegala,රිදීගම ප්රා.ලේ.කො,පල්ලෙයාය,HR3,HR3,,RDG,RDG,"පල්ලෙගහහේන, උඩගහහේන",House / නිවාස,2025-11-27 00:00:00,,2025-12-24 00:00:00,Cutting failure / කණ්ඩි අස්ථාවරවීම්,,Partially / අර්ධහානි,,,491.0,,,1.0,,,,1,,Kurunegala,80.54991,7.531767
80.377646,7.068153,Kegalle,යටියන්තොට ප්රා.ලේ.කො,දොඹේපොල,HR3,HR3,,LRR-YTP-111,LRR-YTP-111,132,House / නිවාස,2025-11-28 00:00:00,,2025-12-30 00:00:00,Other / වෙනත් (වෙනත් කරුණු යටතේ සදහන් කරන්න),Resettle / නැවත පදිංචිකිරීම,Minor / සුළුහානි,,,,,,1.0,,20.0,,21,,Kegalle,80.377646,7.068153
80.48177,7.492972,Kurunegala,රිදීගම ප්රා.ලේ.කො,දොරනෑපොල,HR3,HR3,,RDG,RDG,"හුණුපොලකන්ද, මොරතිය",House / නිවාස,2025-11-29 00:00:00,,2025-12-24 00:00:00,Landslide / නායයෑම්,,Minor / සුළුහානි,,,502.0,,,1.0,,,2.0,3,,Kurunegala,80.48177,7.492972
80.54175,7.537015,Kurunegala,රිදීගම ප්රා.ලේ.කො,පල්ලෙහොරොම්බුව,HR3,HR3,,RDG,RDG,"පල්ලෙහොරොම්බුව, රිදීගම",House / නිවාස,2025-11-28 00:00:00,,2025-12-24 00:00:00,Cutting failure / කණ්ඩි අස්ථාවරවීම්,,Partially / අර්ධහානි,,,488.0,,,1.0,,2.0,,3,,Kurunegala,80.54175,7.537015
80.433393,7.247678,Kegalle,මාවනැල්ල ප්රා.ලේ.කො,හබ්බුන්කඩුව,HR3,HR3,,LRR-MWP-116,LRR-MWP-116,,House / නිවාස,2025-11-28 00:00:00,,2026-05-17 00:00:00,Slope failures / බැවුම් අස්ථාවරවීම්,Resettle / නැවත පදිංචිකිරීම,Minor / සුළුහානි,0.0,,,,,1.0,,2.0,,3,,Kegalle,80.433393,7.247678
80.50582,7.480992,Kurunegala,රිදීගම ප්රා.ලේ.කො,කන්දෙගෙදර,HR3,HR3,,RDG,RDG,රාජකන්ද,House / නිවාස,2025-11-27 00:00:00,,2025-12-22 00:00:00,Landslide / නායයෑම්,,Minor / සුළුහානි,,,525.0,,,1.0,2.0,,,3,,Kurunegala,80.50582,7.480992
80.56119,7.481258,Kurunegala,රිදීගම ප්රා.ලේ.කො,බඹරගහකන්ද,HR3,HR3,,RDG,RDG,"බඹරගහකන්ද, අලවතුවල",House / නිවාස,2025-11-27 00:00:00,,2025-12-25 00:00:00,Cutting failure / කණ්ඩි අස්ථාවරවීම්,,Minor / සුළුහානි,,,617.0,,,1.0,,,,1,,Kurunegala,80.56119,7.481258
80.50333,7.502593,Kurunegala,රිදීගම ප්රා.ලේ.කො,රම්බඩගල්ල,HR3,HR3,,RDG,RDG,"බිසෝගල් කන්ද,රම්බඩගල්ල",House / නිවාස,2025-11-28 00:00:00,,2025-12-25 00:00:00,Landslide / නායයෑම්,,Minor / සුළුහානි,,,618.0,,,21.0,,7.0,,28,,Kurunegala,80.50333,7.502593
80.5023,7.483891,Kurunegala,රිදීගම ප්රා.ලේ.කො,කන්දෙගෙදර,HR3,HR3,,RDG,RDG,,House / නිවාස,2025-11-27 00:00:00,,2025-12-24 00:00:00,Landslide / නායයෑම්,,Minor / සුළුහානි,,,531.0,,,1.0,,1.0,,2,,Kurunegala,80.5023,7.483891
80.529202,7.061679,Kandy,පස්බාගේ කෝරලේ ප්රා.ලේ.කො,වැලිගොඩවත්ත,HR3,HR3,,DMLP/060,DMLP/060,,House / නිවාස,2025-11-27 00:00:00,,,Other / වෙනත් (වෙනත් කරුණු යටතේ සදහන් කරන්න),Resettle / නැවත පදිංචිකිරීම,,,,,,,1.0,,1.0,,2,,Kandy,80.529202,7.061679
80.529234,7.061327,Kandy,පස්බාගේ කෝරලේ ප්රා.ලේ.කො,වැලිගොඩවත්ත,HR3,HR3,,DMLP/061,DMLP/061,,House / නිවාස,2025-11-27 00:00:00,,,Other / වෙනත් (වෙනත් කරුණු යටතේ සදහන් කරන්න),Resettle / නැවත පදිංචිකිරීම,,,,,,,2.0,,1.0,,3,,Kandy,80.529234,7.061327
80.48525,7.467517,Kurunegala,රිදීගම ප්රා.ලේ.කො,මැදකන්ද,HR3,HR3,,RDG,RDG,"ගොණදෙනි කන්ද, අං හන්දිය",House / නිවාස,2025-11-27 00:00:00,,2025-12-17 00:00:00,Cutting failure / කණ්ඩි අස්ථාවරවීම්,,Partially / අර්ධහානි,,,685.0,,,2.0,,2.0,,4,,Kurunegala,80.48525,7.467517
80.56266,7.481479,Kurunegala,රිදීගම ප්රා.ලේ.කො,බඹරගහකන්ද,HR3,HR3,,RDG,RDG,"බඹරගහකන්ද, අලවතුවල",House / නිවාස,2025-11-27 00:00:00,18:30:00,2025-12-25 00:00:00,Slope failures / බැවුම් අස්ථාවරවීම්,,Minor / සුළුහානි,,,673.0,,,1.0,,1.0,,2,,Kurunegala,80.56266,7.481479
80.68387,7.262107,Kandy,පාතහේවාහැට ප්රා.ලේ.කො,කොස්හින්න,HR3,HR3,,JSB 459,JSB 459,,House / නිවාස,2025-11-27 00:00:00,,2026-05-27 00:00:00,Slope failures / බැවුම් අස්ථාවරවීම්,,,,,,,,1.0,,,,1,,Kandy,80.68387,7.262107
80.536804,7.064878,Kandy,පස්බාගේ කෝරලේ ප්රා.ලේ.කො,නාවලපිටිය - දකුණ,HR3,HR3,,DMLP/051,DMLP/051,,House / නිවාස,2025-11-27 00:00:00,,,Other / වෙනත් (වෙනත් කරුණු යටතේ සදහන් කරන්න),Resettle / නැවත පදිංචිකිරීම,,,,,,,1.0,,1.0,,2,,Kandy,80.536804,7.064878
80.502556,7.190176,Kegalle,මාවනැල්ල ප්රා.ලේ.කො,එරමිණිගම්මන,HR3,HR3,,LRR-MWP-112,LRR-MWP-112,36,House / නිවාස,2025-11-28 00:00:00,,2026-01-28 00:00:00,Other / වෙනත් (වෙනත් කරුණු යටතේ සදහන් කරන්න),Resettle / නැවත පදිංචිකිරීම,Minor / සුළුහානි,0.0,,,,,4.0,,6.0,3.0,13,,Kegalle,80.502556,7.190176
80.455144,7.291587,Kegalle,මාවනැල්ල ප්රා.ලේ.කො,කැප්පෙටිපොල,HR3,HR3,,LRR-MWP-113,LRR-MWP-113,,House / නිවාස,2025-11-28 00:00:00,,2026-05-17 00:00:00,Slope failures / බැවුම් අස්ථාවරවීම්,Resettle / නැවත පදිංචිකිරීම,Minor / සුළුහානි,0.0,,,,,1.0,,2.0,,3,,Kegalle,80.455144,7.291587
80.56099,7.472955,Kurunegala,රිදීගම ප්රා.ලේ.කො,බඹරගහකන්ද,HR3,HR3,,RDG,RDG,"බඹරගහකන්ද, අලවතුවල",House / නිවාස,2025-11-27 00:00:00,,2025-12-27 00:00:00,Slope failures / බැවුම් අස්ථාවරවීම්,,Minor / සුළුහානි,,,762.0,,,2.0,,2.0,,4,,Kurunegala,80.56099,7.472955
80.48959,7.455857,Kurunegala,රිදීගම ප්රා.ලේ.කො,බලගොල්ල,HR3,HR3,,RDG,RDG,බලගොල්ල,House / නිවාස,2025-11-27 00:00:00,,2025-12-28 00:00:00,Slope failures / බැවුම් අස්ථාවරවීම්,,Minor / සුළුහානි,,,791.0,,,1.0,,1.0,1.0,3,,Kurunegala,80.48959,7.455857
80.48715,7.4605,Kurunegala,රිදීගම ප්රා.ලේ.කො,ඉහල මැදගම / මැදගම,HR3,HR3,,RDG,RDG,"ඉහල මැදගම, අංහන්දිය",House / නිවාස,2025-11-27 00:00:00,,2025-12-28 00:00:00,Slope failures / බැවුම් අස්ථාවරවීම්,,Minor / සුළුහානි,,,785.0,,,1.0,,4.0,1.0,6,,Kurunegala,80.48715,7.4605
80.55939,7.61668,Kurunegala,රිදීගම ප්රා.ලේ.කො,උඩහේන,HR3,HR3,,RDG,RDG,"වානමුල්ල, උඩහේන",House / නිවාස,2025-11-29 00:00:00,,2025-12-28 00:00:00,Slope failures / බැවුම් අස්ථාවරවීම්,,Partially / අර්ධහානි,,,794.0,,,1.0,,7.0,2.0,10,,Kurunegala,80.55939,7.61668
80.506126,7.20751,Kegalle,මාවනැල්ල ප්රා.ලේ.කො,වේරකේ,HR3,HR3,,LRR-MWP-106,LRR-MWP-106,34,House / නිවාස,2025-11-28 00:00:00,,2026-04-29 00:00:00,Rock fall / ගල් පෙරලීම්,Resettle / නැවත පදිංචිකිරීම,Minor / සුළුහානි,0.0,,,,,4.0,,3.0,,7,,Kegalle,80.506126,7.20751
80.459743,7.29222,Kegalle,මාවනැල්ල ප්රා.ලේ.කො,කැප්පෙටිපොල,HR3,HR3,,LRR-MWP-107,LRR-MWP-107,23 බී,House / නිවාස,2025-11-28 00:00:00,,2026-04-27 00:00:00,Landslide / නායයෑම්,Resettle / නැවත පදිංචිකිරීම,Minor / සුළුහානි,0.0,,,,,4.0,,,,4,,Kegalle,80.459743,7.29222
80.49252,7.206922,Kegalle,මාවනැල්ල ප්රා.ලේ.කො,වේරකේ,HR3,HR3,,LRR-MWP-109,LRR-MWP-109,34,House / නිවාස,2025-11-27 00:00:00,,2026-05-03 00:00:00,Rock fall / ගල් පෙරලීම්,Resettle / නැවත පදිංචිකිරීම,Minor / සුළුහානි,0.0,,,,,1.0,,5.0,,6,,Kegalle,80.49252,7.206922
80.51205,7.428627,Kurunegala,රිදීගම ප්රා.ලේ.කො,පරාගොඩ,HR3,HR3,,RDG,RDG,"කොට්ටවටියාව පාර, පරාගොඩ, කණදෙනියාවල",House / නිවාස,,,2025-12-27 00:00:00,Landslide / නායයෑම්,,Minor / සුළුහානි,,,843.0,,,2.0,,2.0,,4,,Kurunegala,80.51205,7.428627
80.51508,7.438063,Kurunegala,රිදීගම ප්රා.ලේ.කො,ගනේගොඩ,HR3,HR3,,RDG,RDG,"ගනේගොඩ, පිහිඹුව",House / නිවාස,2025-11-27 00:00:00,,2025-12-28 00:00:00,"Cutting failure / කණ්ඩි අස්ථාවරවීම්, Rock fall / ගල් පෙරලීම්",,Minor / සුළුහානි,,,847.0,,,1.0,,3.0,,4,,Kurunegala,80.51508,7.438063
80.51762,7.437174,Kurunegala,රිදීගම ප්රා.ලේ.කො,ගනේගොඩ,HR3,HR3,,RDG,RDG,"ගනේගොඩ, පිහිඹුව",House / නිවාස,2025-11-28 00:00:00,,2025-12-28 00:00:00,Landslide / නායයෑම්,,Minor / සුළුහානි,,,851.0,,,2.0,,4.0,,6,,Kurunegala,80.51762,7.437174
80.52018,7.434343,Kurunegala,රිදීගම ප්රා.ලේ.කො,ගනේගොඩ,HR3,HR3,,RDG,RDG,"දොඹගොල්ල, පිහිඹුව",House / නිවාස,2025-11-27 00:00:00,,2025-12-27 00:00:00,Landslide / නායයෑම්,,Minor / සුළුහානි,,,857.0,,,1.0,,,1.0,2,,Kurunegala,80.52018,7.434343
80.52387,7.426187,Kurunegala,රිදීගම ප්රා.ලේ.කො,පරාගොඩ,HR3,HR3,,RDG,RDG,"පරාගොඩ, කණදෙනියාවල",House / නිවාස,2025-11-28 00:00:00,,2025-12-27 00:00:00,Slope failures / බැවුම් අස්ථාවරවීම්,,Minor / සුළුහානි,,,859.0,,,2.0,,,1.0,3,,Kurunegala,80.52387,7.426187
80.50334,7.463253,Kurunegala,රිදීගම ප්රා.ලේ.කො,නැලඋල්ල,HR3,HR3,,RDG,RDG,"කපුහේන, නැලඋල්ල",House / නිවාස,2025-11-28 00:00:00,,2025-12-22 00:00:00,Slope failures / බැවුම් අස්ථාවරවීම්,,Partially / අර්ධහානි,,,918.0,,,1.0,,4.0,,5,,Kurunegala,80.50334,7.463253
80.50426,7.462593,Kurunegala,රිදීගම ප්රා.ලේ.කො,නැලඋල්ල,HR3,HR3,,RDG,RDG,"නැලවුල්ල, පිහිඹුව",House / නිවාස,2025-11-28 00:00:00,,2025-12-22 00:00:00,Cutting failure / කණ්ඩි අස්ථාවරවීම්,,Partially / අර්ධහානි,,,923.0,,,2.0,,4.0,1.0,7,,Kurunegala,80.50426,7.462593
80.51131,7.46761,Kurunegala,රිදීගම ප්රා.ලේ.කො,නැලඋල්ල,HR3,HR3,,RDG,RDG,"අමුණහේන, නැලවුල්ල, පිහිඹුව",House / නිවාස,2025-11-28 00:00:00,,2025-12-22 00:00:00,Landslide / නායයෑම්,,Minor / සුළුහානි,,,935.0,,,6.0,,3.0,,9,,Kurunegala,80.51131,7.46761
80.5359,7.464005,Kurunegala,රිදීගම ප්රා.ලේ.කො,මහවෙල,HR3,HR3,,RDG,RDG,"මහවෙල, පිහිඹුව",House / නිවාස,2025-11-27 00:00:00,22:00:00,2025-12-29 00:00:00,Slope failures / බැවුම් අස්ථාවරවීම්,,Minor / සුළුහානි,,,952.0,,,6.0,,4.0,,10,,Kurunegala,80.5359,7.464005
80.55539,7.456232,Kurunegala,රිදීගම ප්රා.ලේ.කො,මිරිස්සල,HR3,HR3,,RDG,RDG,"මිරිස්සල, මිරිස්සල",House / නිවාස,2025-11-28 00:00:00,,2025-12-28 00:00:00,Other / වෙනත් (වෙනත් කරුණු යටතේ සදහන් කරන්න),,Minor / සුළුහානි,,,978.0,,,1.0,,9.0,1.0,11,,Kurunegala,80.55539,7.456232
80.56062,7.500951,Kurunegala,රිදීගම ප්රා.ලේ.කො,ගොරකඇල,HR3,HR3,,RDG,RDG,"ගොරකඇල, දෙල්විට",House / නිවාස,2025-11-28 00:00:00,,2025-12-29 00:00:00,Landslide / නායයෑම්,,Minor / සුළුහානි,,,997.0,,,2.0,,4.0,,6,,Kurunegala,80.56062,7.500951
80.465461,7.250784,Kegalle,මාවනැල්ල ප්රා.ලේ.කො,ඕවත්ත,HR3,HR3,,LRR-MWP-103,LRR-MWP-103,29බී,House / නිවාස,2025-11-28 00:00:00,,2026-04-08 00:00:00,Rock fall / ගල් පෙරලීම්,Resettle / නැවත පදිංචිකිරීම,Minor / සුළුහානි,,,,,,2.0,,6.0,1.0,9,,Kegalle,80.465461,7.250784
80.476136,7.240711,Kegalle,මාවනැල්ල ප්රා.ලේ.කො,බටවල,HR3,HR3,,LRR-MWP-104,LRR-MWP-104,,House / නිවාස,2025-11-28 00:00:00,,2026-03-24 00:00:00,Rock fall / ගල් පෙරලීම්,Resettle / නැවත පදිංචිකිරීම,Minor / සුළුහානි,,,,,,1.0,,5.0,,6,,Kegalle,80.476136,7.240711
80.712132,7.2302,Kandy,පාතහේවාහැට ප්රා.ලේ.කො,නාරංගස්තැන්න,HR3,HR3,,HLK/402,HLK/402,993,House / නිවාස,2025-11-27 00:00:00,,2026-08-04 00:00:00,Cutting failure / කණ්ඩි අස්ථාවරවීම්,,,,,,,,1.0,,,,1,,Kandy,80.712132,7.2302
80.53021,7.455556,Kurunegala,රිදීගම ප්රා.ලේ.කො,කොස්ගොල්ල,HR3,HR3,,RDG,RDG,"වෙල්කොටුව, වෑගම, පිහිඹුව",House / නිවාස,2025-11-28 00:00:00,,2025-12-30 00:00:00,"Slope failures / බැවුම් අස්ථාවරවීම්, Rock fall / ගල් පෙරලීම්",,Minor / සුළුහානි,,,1049.0,,,1.0,,3.0,1.0,5,,Kurunegala,80.53021,7.455556
80.497232,7.209126,Kegalle,මාවනැල්ල ප්රා.ලේ.කො,වේරකේ,HR3,HR3,,LRR-MWP-102,LRR-MWP-102,34,House / නිවාස,2025-11-28 00:00:00,,2026-04-08 00:00:00,Cutting failure / කණ්ඩි අස්ථාවරවීම්,Resettle / නැවත පදිංචිකිරීම,Minor / සුළුහානි,,,,,,2.0,,2.0,,4,,Kegalle,80.497232,7.209126
80.54657,7.491711,Kurunegala,රිදීගම ප්රා.ලේ.කො,දෙල්විට,HR3,HR3,,RDG,RDG,"මල්මීවල, දෙල්විට",House / නිවාස,,,2025-12-30 00:00:00,"Slope failures / බැවුම් අස්ථාවරවීම්, Cutting failure / කණ්ඩි අස්ථාවරවීම්, Rock fall / ගල් පෙරලීම්",,,,,1144.0,,,10.0,,9.0,,19,,Kurunegala,80.54657,7.491711
80.494795,7.214966,Kegalle,මාවනැල්ල ප්රා.ලේ.කො,රුකුලගම,HR3,HR3,,LRR-MWP-95,LRR-MWP-95,,House / නිවාස,2025-11-27 00:00:00,,2026-03-11 00:00:00,Slope failures / බැවුම් අස්ථාවරවීම්,Resettle / නැවත පදිංචිකිරීම,Minor / සුළුහානි,,,,,,4.0,,25.0,,29,,Kegalle,80.494795,7.214966
80.5633,7.6041,Kurunegala,රිදීගම ප්රා.ලේ.කො,වඳුරැස්ස,HR3,HR3,,RDG,RDG,"වල්මිණිකන්ද, මදුරාගොඩ",House / නිවාස,2025-11-29 00:00:00,,2025-12-23 00:00:00,"Landslide / නායයෑම්, Rock fall / ගල් පෙරලීම්, Slope failures / බැවුම් අස්ථාවරවීම්, Cutting failure / කණ්ඩි අස්ථාවරවීම්",,Partially / අර්ධහානි,,,1154.0,5.0,9.0,33.0,5.0,3.0,,55,,Kurunegala,80.5633,7.6041
80.52968,7.468855,Kurunegala,රිදීගම ප්රා.ලේ.කො,මහවෙල,HR3,HR3,,RDG,RDG,"මහවෙල, පිහිබුව",House / නිවාස,2025-11-27 00:00:00,20:00:00,2025-12-29 00:00:00,"Slope failures / බැවුම් අස්ථාවරවීම්, Rock fall / ගල් පෙරලීම්",,,,,1256.0,,,1.0,,7.0,,8,,Kurunegala,80.52968,7.468855
80.51379,7.468038,Kurunegala,රිදීගම ප්රා.ලේ.කො,මාල්බේ,HR3,HR3,,RDG,RDG,"මාල්බේ ජනපදය, පිහිඹුව",House / නිවාස,2025-11-28 00:00:00,15:30:00,2025-12-28 00:00:00,Slope failures / බැවුම් අස්ථාවරවීම්,,Partially / අර්ධහානි,,,1291.0,,,1.0,,1.0,,2,,Kurunegala,80.51379,7.468038
80.55738,7.486798,Kurunegala,රිදීගම ප්රා.ලේ.කො,කළුගහතැන්න,HR3,HR3,,RDG,RDG,"උඩකන්ද,දෙල්විට",House / නිවාස,2025-11-28 00:00:00,23:00:00,2026-01-02 00:00:00,Slope failures / බැවුම් අස්ථාවරවීම්,,,,,1309.0,,,2.0,,,2.0,4,,Kurunegala,80.55738,7.486798
80.52001,7.425199,Kurunegala,රිදීගම ප්රා.ලේ.කො,පරාගොඩ,HR3,HR3,,RDG,RDG,කනදෙණියාවල,House / නිවාස,2025-11-27 00:00:00,,2025-12-17 00:00:00,Cutting failure / කණ්ඩි අස්ථාවරවීම්,,,,,1282.0,,,1.0,,8.0,,9,,Kurunegala,80.52001,7.425199
80.51632,7.465534,Kurunegala,රිදීගම ප්රා.ලේ.කො,මාල්බේ,HR3,HR3,,RDG,RDG,"මාල්බේ ජනපදය, පිහිඹුව",House / නිවාස,2025-11-27 00:00:00,,2025-12-28 00:00:00,Landslide / නායයෑම්,,Partially / අර්ධහානි,,,1295.0,,,2.0,,1.0,,3,,Kurunegala,80.51632,7.465534
80.51231,7.470366,Kurunegala,රිදීගම ප්රා.ලේ.කො,මාල්බේ,HR3,HR3,,RDG,RDG,"මාල්බේ ජනපදය, පිහිඹුව",House / නිවාස,2025-11-27 00:00:00,,2025-12-28 00:00:00,Cutting failure / කණ්ඩි අස්ථාවරවීම්,,Partially / අර්ධහානි,,,1300.0,,,1.0,,3.0,,4,,Kurunegala,80.51231,7.470366
80.55386,7.489334,Kurunegala,රිදීගම ප්රා.ලේ.කො,කළුගහතැන්න,HR3,HR3,,RDG,RDG,"උඩකන්ද,දෙල්විට",House / නිවාස,2025-11-28 00:00:00,23:00:00,2026-01-02 00:00:00,Slope failures / බැවුම් අස්ථාවරවීම්,,,,,1313.0,,,2.0,,4.0,,6,,Kurunegala,80.55386,7.489334
80.45979,7.242273,Kegalle,මාවනැල්ල ප්රා.ලේ.කො,බෙලිගම්මන,HR3,HR3,,LRR-MWP-93,LRR-MWP-93,,House / නිවාස,2025-11-28 00:00:00,,2026-04-05 00:00:00,Slope failures / බැවුම් අස්ථාවරවීම්,Resettle / නැවත පදිංචිකිරීම,Minor / සුළුහානි,,,,,,1.0,,3.0,,4,,Kegalle,80.45979,7.242273
80.494353,7.213817,Kegalle,මාවනැල්ල ප්රා.ලේ.කො,වෙහෙරකේ,HR3,HR3,,LRR-MWP-94,LRR-MWP-94,,House / නිවාස,2025-11-27 00:00:00,,2026-03-11 00:00:00,Slope failures / බැවුම් අස්ථාවරවීම්,Resettle / නැවත පදිංචිකිරීම,Minor / සුළුහානි,,,,,,2.0,,4.0,,6,,Kegalle,80.494353,7.213817
80.52138,7.581456,Kurunegala,රිදීගම ප්රා.ලේ.කො,බලවත්වල,HR3,HR3,,RDG,RDG,"වැලිකන්ද, බලවත්වල",House / නිවාස,2025-11-28 00:00:00,,2026-01-05 00:00:00,Cutting failure / කණ්ඩි අස්ථාවරවීම්,,,,,1354.0,,,1.0,,2.0,,3,,Kurunegala,80.52138,7.581456
80.52093,7.567378,Kurunegala,රිදීගම ප්රා.ලේ.කො,කොතලාවලගම,HR3,HR3,,RDG,RDG,"පළවෙනි පටුමඟ, ගොරකදොළ, දොඩම්ගස් ලන්ද",House / නිවාස,2025-11-27 00:00:00,18:00:00,2026-01-06 00:00:00,Slope failures / බැවුම් අස්ථාවරවීම්,,Minor / සුළුහානි,,,1416.0,,,1.0,,,,1,,Kurunegala,80.52093,7.567378
80.54861,7.479049,Kurunegala,රිදීගම ප්රා.ලේ.කො,කිතුල්ගොල්ල,HR3,HR3,,RDG,RDG,"කිතුල්පිගොල්ල, ඊරියගොල්ල",House / නිවාස,2025-11-27 00:00:00,,2025-12-11 00:00:00,Slope failures / බැවුම් අස්ථාවරවීම්,,,,,,,,1.0,,,,1,,Kurunegala,80.54861,7.479049
80.41765,7.598582,Kurunegala,ඉබ්බාගමුව ප්රා.ලේ.කො,වෑවලගම,HR3,HR3,,IBB,IBB,491,Religiou / ආගමික ස්ථානය,2025-11-28 00:00:00,,2025-12-16 00:00:00,"Rock fall / ගල් පෙරලීම්, Slope failures / බැවුම් අස්ථාවරවීම්, Cutting failure / කණ්ඩි අස්ථාවරවීම්",,Minor / සුළුහානි,,,,,,2.0,,2.0,,4,,Kurunegala,80.41765,7.598582
80.614696,7.529494,Matale,මාතලේ ප්රා.ලේ.කො,උඩුගම,HR3,HR3,,NBRO/MTL/MATALE/2025/BCA/2,NBRO/MTL/MATALE/2025/BCA/2,,House / නිවාස,2025-11-28 00:00:00,,2025-12-04 00:00:00,Landslide / නායයෑම්,,,0.0,,,8.0,1.0,10.0,,2.0,,21,,Matale,80.614696,7.529494
80.44545,7.621454,Kurunegala,ඉබ්බාගමුව ප්රා.ලේ.කො,පුදුක්කුමල,HR3,HR3,,IBB,IBB,,House / නිවාස,2025-11-28 00:00:00,19:00:00,2025-12-10 00:00:00,Slope failures / බැවුම් අස්ථාවරවීම්,,Minor / සුළුහානි,,,,,,5.0,,10.0,,15,,Kurunegala,80.44545,7.621454
80.456628,7.260659,Kegalle,මාවනැල්ල ප්රා.ලේ.කො,මුරුතවල -,HR3,HR3,,LRR-MWP-91,LRR-MWP-91,29 ඩී,House / නිවාස,2025-11-28 00:00:00,,2026-04-05 00:00:00,Cutting failure / කණ්ඩි අස්ථාවරවීම්,Resettle / නැවත පදිංචිකිරීම,Minor / සුළුහානි,,,,,,1.0,,14.0,1.0,16,,Kegalle,80.456628,7.260659
80.645162,7.04645,Nuwara Eliya,කොත්මලේ බටහිර ප්රා.ලේ.කො,කලපිටිය බටහිර,HR3,HR3,,NBRI/NE/KTD[West]/2025/PTG/19 - Rev,NBRI/NE/KTD[West]/2025/PTG/19 - Rev,,House / නිවාස,2025-11-27 00:00:00,,2025-12-08 00:00:00,Landslide / නායයෑම්,Resettle / නැවත පදිංචිකිරීම,Minor or No Damages / සුළුහානි හෝ හානි නොමැති,,,,,,3.0,,26.0,,29,,Nuwara Eliya,80.645162,7.04645
80.42998,7.57172,Kurunegala,ඉබ්බාගමුව ප්රා.ලේ.කො,පෙරියකඩු නැලව,HR3,HR3,,IBB,IBB,515,House / නිවාස,2025-11-26 00:00:00,,2025-12-16 00:00:00,Landslide / නායයෑම්,,Minor / සුළුහානි,,,,,,3.0,,5.0,,8,,Kurunegala,80.42998,7.57172
80.41595,7.592633,Kurunegala,ඉබ්බාගමුව ප්රා.ලේ.කො,පෙරියකඩු නැලව,HR3,HR3,,IBB,IBB,515,House / නිවාස,2025-11-27 00:00:00,00:30:00,2025-12-16 00:00:00,Landslide / නායයෑම්,,Minor / සුළුහානි,,,,,,1.0,,6.0,,7,,Kurunegala,80.41595,7.592633
80.52313,7.700123,Kurunegala,ඉබ්බාගමුව ප්රා.ලේ.කො,ගුරුස්ස,HR3,HR3,,IBB,IBB,416,House / නිවාස,2025-11-29 00:00:00,,2025-12-23 00:00:00,Landslide / නායයෑම්,,Minor / සුළුහානි,,,,,,4.0,,2.0,,6,,Kurunegala,80.52313,7.700123
80.46644,7.675236,Kurunegala,ඉබ්බාගමුව ප්රා.ලේ.කො,කටුපොත,HR3,HR3,,IBB,IBB,426,House / නිවාස,2025-11-27 00:00:00,,2026-01-05 00:00:00,Slope failures / බැවුම් අස්ථාවරවීම්,,Minor / සුළුහානි,,,,,,2.0,,,,2,,Kurunegala,80.46644,7.675236
80.546708,7.631419,Kurunegala,ඉබ්බාගමුව ප්රා.ලේ.කො,රා ගෙදර,HR3,HR3,,IBB,IBB,,House / නිවාස,2025-11-27 00:00:00,,,Landslide / නායයෑම්,,,,,,,,1.0,,,,1,,Kurunegala,80.546708,7.631419
80.42701,7.63941,Kurunegala,ඉබ්බාගමුව ප්රා.ලේ.කො,තම්මිට,HR3,HR3,,IBB,IBB,438,House / නිවාස,2025-11-28 00:00:00,,2026-01-02 00:00:00,Slope failures / බැවුම් අස්ථාවරවීම්,,Minor / සුළුහානි,,,,,,1.0,,6.0,,7,,Kurunegala,80.42701,7.63941
80.42028,7.563439,Kurunegala,ඉබ්බාගමුව ප්රා.ලේ.කො,මහමූකලන්‍යාය,HR3,HR3,,IBB,IBB,,House / නිවාස,2025-11-27 00:00:00,,2025-12-11 00:00:00,Slope failures / බැවුම් අස්ථාවරවීම්,,,,,,,,2.0,,2.0,,4,,Kurunegala,80.42028,7.563439
80.613348,7.477139,Matale,මාතලේ ප්රා.ලේ.කො,කන්දෙගෙදර,HR3,HR3,,"NBRO/MTL/MATALE/2025/BCA,EIJ/3","NBRO/MTL/MATALE/2025/BCA,EIJ/3",E - 351,House / නිවාස,2025-11-29 00:00:00,,2025-12-02 00:00:00,Slope failures / බැවුම් අස්ථාවරවීම්,,,,,,,,5.0,,3.0,,8,,Matale,80.613348,7.477139
80.425666,7.785191,Kurunegala,පොල්පිතිගම ප්රා.ලේ.කො,අගාරේ,HR3,HR3,,PPG,PPG,373,House / නිවාස,2025-11-28 00:00:00,,2025-12-04 00:00:00,Rock fall / ගල් පෙරලීම්,,Minor / සුළුහානි,,,,,,2.0,,28.0,,30,,Kurunegala,80.425666,7.785191
80.901103,7.015817,Nuwara Eliya,නිල්දණ්ඩහින්න ප්රා.ලේ.කො,අඹලියද්ද,HR3,HR3,,NBRI/NE/WLD[Nildandahinna]/2026/DMCP/152),NBRI/NE/WLD[Nildandahinna]/2026/DMCP/152),,House / නිවාස,2025-11-27 00:00:00,,2026-03-04 00:00:00,Landslide / නායයෑම්,Resettle / නැවත පදිංචිකිරීම,Minor or No Damages / සුළුහානි හෝ හානි නොමැති,,,,,,10.0,,,,10,,Nuwara Eliya,80.901103,7.015817
80.605185,7.048942,Nuwara Eliya,කොත්මලේ බටහිර ප්රා.ලේ.කො,තිස්පනේ කන්ද,HR3,HR3,,NBRI/NE/KTD[West]/2025/DSDD/​13,NBRI/NE/KTD[West]/2025/DSDD/​13,,House / නිවාස,2025-11-28 00:00:00,,2025-12-11 00:00:00,Slope failures / බැවුම් අස්ථාවරවීම්,Resettle / නැවත පදිංචිකිරීම,Minor or No Damages / සුළුහානි හෝ හානි නොමැති,,,,,,1.0,,10.0,,11,,Nuwara Eliya,80.605185,7.048942
80.599277,7.045416,Nuwara Eliya,කොත්මලේ බටහිර ප්රා.ලේ.කො,හරංගල දකුණ,HR3,HR3,,NBRI/NE/KTD[West]/2025/DSDD/​12 - Rev,NBRI/NE/KTD[West]/2025/DSDD/​12 - Rev,461 / ඒ,House / නිවාස,2025-11-28 00:00:00,Night,2025-12-11 00:00:00,Slope failures / බැවුම් අස්ථාවරවීම්,Resettle / නැවත පදිංචිකිරීම,Minor or No Damages / සුළුහානි හෝ හානි නොමැති,,,,,,2.0,,1.0,,3,,Nuwara Eliya,80.599277,7.045416
80.28275,7.371595,Kurunegala,පොල්ගහවෙල ප්රා.ලේ.කො,ගල්ලෙනමුල්ල,HR3,HR3,,PLG,PLG,951,House / නිවාස,2025-11-28 00:00:00,,2026-01-22 00:00:00,Landslide / නායයෑම්,,Minor / සුළුහානි,,,,,,1.0,,2.0,,3,,Kurunegala,80.28275,7.371595
80.681755,7.481133,Matale,රත්තොට ප්රා.ලේ.කො,උඩගම,HR3,HR3,,NBRO/MTL/RATHTHOTA/2025/MS/78,NBRO/MTL/RATHTHOTA/2025/MS/78,E 374,House / නිවාස,2025-11-27 00:00:00,,2025-12-23 00:00:00,"Landslide / නායයෑම්, Slope failures / බැවුම් අස්ථාවරවීම්, Cutting failure / කණ්ඩි අස්ථාවරවීම්, Rock fall / ගල් පෙරලීම්",,,,,,,,6.0,,4.0,,10,,Matale,80.681755,7.481133
80.419188,7.266274,Kegalle,මාවනැල්ල ප්රා.ලේ.කො,වෑගන්තලේ,HR3,HR3,,LRR-MWP-81,LRR-MWP-81,20,House / නිවාස,2025-11-26 00:00:00,,2026-02-25 00:00:00,Rock fall / ගල් පෙරලීම්,Resettle / නැවත පදිංචිකිරීම,Minor / සුළුහානි,,,,,,9.0,,22.0,1.0,32,,Kegalle,80.419188,7.266274
80.626611,7.05208,Nuwara Eliya,කොත්මලේ බටහිර ප්රා.ලේ.කො,වටද්දර,HR3,HR3,,NBRI/NE/KTD[West]/2025/DSDD/​09 - Rev,NBRI/NE/KTD[West]/2025/DSDD/​09 - Rev,,House / නිවාස,2025-11-28 00:00:00,Morning,2025-12-08 00:00:00,Slope failures / බැවුම් අස්ථාවරවීම්,Resettle / නැවත පදිංචිකිරීම,Minor or No Damages / සුළුහානි හෝ හානි නොමැති,,,,,,1.0,,9.0,,10,,Nuwara Eliya,80.626611,7.05208
80.23014,7.361142,Kurunegala,අලව්ව ප්රා.ලේ.කො,මල්දෙණිය,HR3,HR3,,ALW,ALW,981.0,House / නිවාස,2025-11-26 00:00:00,,2025-12-11 00:00:00,Slope failures / බැවුම් අස්ථාවරවීම්,,,,,,,,1.0,,,,1,,Kurunegala,80.23014,7.361142
80.2315,7.312155,Kurunegala,අලව්ව ප්රා.ලේ.කො,කොහොලාන,HR3,HR3,,ALW,ALW,998.0,House / නිවාස,2025-11-28 00:00:00,14:00:00,2025-12-16 00:00:00,Landslide / නායයෑම්,,Partially / අර්ධහානි,,,,,,1.0,,,,1,,Kurunegala,80.2315,7.312155
80.19658,7.282727,Kurunegala,අලව්ව ප්රා.ලේ.කො,බෝවල,HR3,HR3,,ALW,ALW,,House / නිවාස,2025-11-28 00:00:00,,2026-01-12 00:00:00,Slope failures / බැවුම් අස්ථාවරවීම්,,,,,,,,1.0,,1.0,,2,,Kurunegala,80.19658,7.282727
80.4158,7.390835,Kurunegala,මාවතගම ප්රා.ලේ.කො,දුනුකේවත්ත,HR3,HR3,,MWG,MWG,665.0,House / නිවාස,2025-11-28 00:00:00,23:00:00,2025-12-12 00:00:00,"Slope failures / බැවුම් අස්ථාවරවීම්, Cutting failure / කණ්ඩි අස්ථාවරවීම්",,Partially / අර්ධහානි,,,,,,2.0,,,,2,,Kurunegala,80.4158,7.390835
80.50668,7.393011,Kurunegala,මාවතගම ප්රා.ලේ.කො,උඩකොට්ටමුල්ල,HR3,HR3,,MWG,MWG,643.0,House / නිවාස,2025-11-28 00:00:00,21:45:00,2025-12-16 00:00:00,Landslide / නායයෑම්,,Partially / අර්ධහානි,,,,,,1.0,,,,1,,Kurunegala,80.50668,7.393011
80.50941,7.418789,Kurunegala,මාවතගම ප්රා.ලේ.කො,වරද්දන,HR3,HR3,,MWG,MWG,641.0,House / නිවාස,2025-11-28 00:00:00,20:30:00,2025-12-18 00:00:00,Landslide / නායයෑම්,,Minor / සුළුහානි,,2016 දී නිකුත් කල වාර්තාවක් ඇත( NBRO/LRRMD/KU/LI/16/31/22901,,,,19.0,,11.0,,30,,Kurunegala,80.50941,7.418789
80.41724,7.460793,Kurunegala,මාවතගම ප්රා.ලේ.කො,මාස්වැව,HR3,HR3,,MWG,MWG,696.0,House / නිවාස,2025-11-28 00:00:00,,2025-12-23 00:00:00,"Cutting failure / කණ්ඩි අස්ථාවරවීම්, Slope failures / බැවුම් අස්ථාවරවීම්",,Minor / සුළුහානි,,,,,,1.0,,6.0,,7,,Kurunegala,80.41724,7.460793
80.41854,7.460815,Kurunegala,මාවතගම ප්රා.ලේ.කො,මාස්වැව,HR3,HR3,,MWG,MWG,696.0,House / නිවාස,2025-11-28 00:00:00,,2025-12-24 00:00:00,Landslide / නායයෑම්,,,,,,,,1.0,,3.0,,4,,Kurunegala,80.41854,7.460815
80.45434,7.376835,Kurunegala,මාවතගම ප්රා.ලේ.කො,කොස්හින්න,HR3,HR3,,MWG,MWG,654.0,House / නිවාස,2025-11-28 00:00:00,,2025-12-23 00:00:00,"Cutting failure / කණ්ඩි අස්ථාවරවීම්, Slope failures / බැවුම් අස්ථාවරවීම්",,,,,,,,1.0,,,,1,,Kurunegala,80.45434,7.376835
80.43269,7.728723,Kurunegala,මාවතගම ප්රා.ලේ.කො,මී පැලේගම උතුර,HR3,HR3,,MWG,MWG,672.0,House / නිවාස,2025-11-28 00:00:00,02:00:00,2025-12-23 00:00:00,Landslide / නායයෑම්,,,,,,,,2.0,,7.0,,9,,Kurunegala,80.43269,7.728723
80.45983,7.38263,Kurunegala,මාවතගම ප්රා.ලේ.කො,කහපත්තල,HR3,HR3,,MWG,MWG,654.0,House / නිවාස,2025-11-28 00:00:00,14:00:00,2025-12-23 00:00:00,Landslide / නායයෑම්,,,,,,,,2.0,,,,2,,Kurunegala,80.45983,7.38263
80.43983,7.436442,Kurunegala,මාවතගම ප්රා.ලේ.කො,මාවතගම උතුර,HR3,HR3,,MWG,MWG,678.0,House / නිවාස,2025-11-28 00:00:00,,2025-12-24 00:00:00,Rock fall / ගල් පෙරලීම්,,,,,,,,1.0,,4.0,,5,,Kurunegala,80.43983,7.436442
80.44494,7.369623,Kurunegala,මාවතගම ප්රා.ලේ.කො,ගමකන්ද-ඊරිමින්න,HR3,HR3,,MWG,MWG,,House / නිවාස,2025-11-28 00:00:00,,2025-12-23 00:00:00,Rock fall / ගල් පෙරලීම්,,,,කදු මුදුනේ අස්ථාවර වූ ගල් ඇත. ඉතා ඉකමණින් රසායන ද්‍රව්‍ය යොදා ඉවත් කල යුතුය.,,,,1.0,,1.0,,2,,Kurunegala,80.44494,7.369623
80.41096,7.414494,Kurunegala,මාවතගම ප්රා.ලේ.කො,ගෝණගල්දෙනිය,HR3,HR3,,MWG,MWG,668.0,House / නිවාස,2025-11-27 00:00:00,,2026-01-21 00:00:00,Slope failures / බැවුම් අස්ථාවරවීම්,,Partially / අර්ධහානි,,,,,,1.0,,,1.0,2,,Kurunegala,80.41096,7.414494
80.42536,7.470059,Kurunegala,මාවතගම ප්රා.ලේ.කො,මඩව,HR3,HR3,,MWG,MWG,699.0,House / නිවාස,2025-11-27 00:00:00,00:40:00,2025-12-07 00:00:00,"Slope failures / බැවුම් අස්ථාවරවීම්, Cutting failure / කණ්ඩි අස්ථාවරවීම්",,Partially / අර්ධහානි,,,,,,1.0,,,,1,,Kurunegala,80.42536,7.470059
80.42708,7.466697,Kurunegala,මාවතගම ප්රා.ලේ.කො,මඩව,HR3,HR3,,MWG,MWG,699.0,House / නිවාස,2025-11-29 00:00:00,,2025-12-07 00:00:00,"Slope failures / බැවුම් අස්ථාවරවීම්, Cutting failure / කණ්ඩි අස්ථාවරවීම්",,Partially / අර්ධහානි,,,,,,1.0,,,,1,,Kurunegala,80.42708,7.466697
80.42323,7.47782,Kurunegala,මාවතගම ප්රා.ලේ.කො,තාරාපොත,HR3,HR3,,MWG,MWG,701.0,House / නිවාස,2025-11-28 00:00:00,,2026-01-02 00:00:00,Rock fall / ගල් පෙරලීම්,,,,,,,,1.0,,,,1,,Kurunegala,80.42323,7.47782
80.508516,7.245142,Kegalle,මාවනැල්ල ප්රා.ලේ.කො,- වරකාපන,HR3,HR3,,LRR MWP 75,LRR MWP 75,26 ඒ,House / නිවාස,2025-11-28 00:00:00,,2025-12-12 00:00:00,Slope failures / බැවුම් අස්ථාවරවීම්,Resettle / නැවත පදිංචිකිරීම,Minor / සුළුහානි,,,,,,11.0,,22.0,,33,,Kegalle,80.508516,7.245142
80.25211,7.39289,Kurunegala,නාරම්මල ප්රා.ලේ.කො,අඹලාපොල,HR3,HR3,,NRM,NRM,1071.0,House / නිවාස,2025-11-29 00:00:00,,2026-01-08 00:00:00,"Cutting failure / කණ්ඩි අස්ථාවරවීම්, Rock fall / ගල් පෙරලීම්",,Minor / සුළුහානි,,,,,,2.0,,3.0,,5,,Kurunegala,80.25211,7.39289
80.630748,7.032652,Nuwara Eliya,කොත්මලේ බටහිර ප්රා.ලේ.කො,දොඹගස්තලාව,HR3,HR3,,NBRI/NE/KTD[West]/2026/KATD/25),NBRI/NE/KTD[West]/2026/KATD/25),465/එච්,House / නිවාස,2025.11.27 – 2025.11.28,,2026.06.06,Other / වෙනත් (වෙනත් කරුණු යටතේ සදහන් කරන්න),Resettle / නැවත පදිංචිකිරීම,Minor or No Damages / සුළුහානි හෝ හානි නොමැති,,බෑවුම් අස්ථාවරවීමේ අවධානම,,,,1.0,,4.0,1.0,6,,Nuwara Eliya,80.630748,7.032652
80.620688,6.997335,Nuwara Eliya,කොත්මලේ බටහිර ප්රා.ලේ.කො,බෙරමාන උතුර,HR3,HR3,,NBRI/NE/KTD[West]/2026/KLKT/117),NBRI/NE/KTD[West]/2026/KLKT/117),,House / නිවාස,2025-11-27 00:00:00,,2026 /01/27 හා 2026/02/27,"Rock fall / ගල් පෙරලීම්, Slope failures / බැවුම් අස්ථාවරවීම්",Resettle / නැවත පදිංචිකිරීම,Minor or No Damages / සුළුහානි හෝ හානි නොමැති,,,,,,2.0,,4.0,,6,,Nuwara Eliya,80.620688,6.997335
80.40598,7.43403,Kurunegala,මල්ලවපිටිය ප්රා.ලේ.කො,වල්පොලකන්ද උතුර,HR3,HR3,,MLP,MLP,,House / නිවාස,2025-11-28 00:00:00,,2025-12-11 00:00:00,Slope failures / බැවුම් අස්ථාවරවීම්,,Partially / අර්ධහානි,,,,,,2.0,,5.0,,7,,Kurunegala,80.40598,7.43403
80.532616,7.267123,Kandy,යටිනුවර ප්රා.ලේ.කො,හාලියද්ද,HR3,HR3,,WDN 206,WDN 206,174.0,House / නිවාස,2025-11-27 00:00:00,,2026-06-18 00:00:00,Cutting failure / කණ්ඩි අස්ථාවරවීම්,,,0.0,,,,,1.0,,,,1,,Kandy,80.532616,7.267123
80.39654,7.412896,Kurunegala,මල්ලවපිටිය ප්රා.ලේ.කො,මොරතැන්න,HR3,HR3,,MLP,MLP,,House / නිවාස,2026-01-03 00:00:00,,2026-01-07 00:00:00,Landslide / නායයෑම්,,,,,,,,1.0,,3.0,,4,,Kurunegala,80.39654,7.412896
80.38304,7.472328,Kurunegala,මල්ලවපිටිය ප්රා.ලේ.කො,කොලපැලලි කන්ද,HR3,HR3,,MLP,MLP,733.0,House / නිවාස,2025-11-28 00:00:00,01:30:00,2025-12-14 00:00:00,Rock fall / ගල් පෙරලීම්,,Partially / අර්ධහානි,,,,,,1.0,,,,1,,Kurunegala,80.38304,7.472328
80.875009,6.983345,Nuwara Eliya,නිල්දණ්ඩහින්න ප්රා.ලේ.කො,ඩෙල්මාර්,HR3,HR3,,NBRI/NE/WLD[Nildandahinna]/2026/VKG/88),NBRI/NE/WLD[Nildandahinna]/2026/VKG/88),,Religiou / ආගමික ස්ථානය,2025.11.27,,2026.06.14,Other / වෙනත් (වෙනත් කරුණු යටතේ සදහන් කරන්න),Resettle / නැවත පදිංචිකිරීම,Minor or No Damages / සුළුහානි හෝ හානි නොමැති,,කණ්ඩි අස්‍ථාවරවීම (CF) බෑවුම් අස්ථාවරත්වයක් දක්වා වර්ධනය වීම,,,,1.0,,,,1,,Nuwara Eliya,80.875009,6.983345
80.676286,7.070117,Nuwara Eliya,කොත්මලේ නැගෙනහිර ප්රා.ලේ.කො,පනම්ගම්මන,HR3,HR3,,NBRI/NE/KTD[East]/2026/WGMSS/138),NBRI/NE/KTD[East]/2026/WGMSS/138),473,House / නිවාස,2025.11.27,,2026.07.31,Other / වෙනත් (වෙනත් කරුණු යටතේ සදහන් කරන්න),Resettle / නැවත පදිංචිකිරීම,Minor or No Damages / සුළුහානි හෝ හානි නොමැති,0.0,ජල ගැලීම සහ නිම්න මාර්ගයේ පිහිටා තිබීම,,,,2.0,,12.0,,14,,Nuwara Eliya,80.676286,7.070117
80.38538,7.419088,Kurunegala,මල්ලවපිටිය ප්රා.ලේ.කො,වේරවැල්ල,HR3,HR3,,MLP,MLP,749.0,House / නිවාස,2025-11-28 00:00:00,,2025-12-16 00:00:00,Cutting failure / කණ්ඩි අස්ථාවරවීම්,,Partially / අර්ධහානි,,,,,,1.0,,,1.0,2,,Kurunegala,80.38538,7.419088
80.37846,7.42466,Kurunegala,මල්ලවපිටිය ප්රා.ලේ.කො,දඹේපොල,HR3,HR3,,MLP,MLP,739.0,House / නිවාස,2025-11-27 00:00:00,,2025-12-14 00:00:00,"Slope failures / බැවුම් අස්ථාවරවීම්, Cutting failure / කණ්ඩි අස්ථාවරවීම්",,,,,,,,2.0,,,,2,,Kurunegala,80.37846,7.42466
80.505109,7.248287,Kegalle,මාවනැල්ල ප්රා.ලේ.කො,වරකාපන,HR3,HR3,,LRR-MWP-74,LRR-MWP-74,26 ඒ,House / නිවාස,2025-11-28 00:00:00,,2025-12-29 00:00:00,Landslide / නායයෑම්,Resettle / නැවත පදිංචිකිරීම,Minor / සුළුහානි,,,,,,1.0,,5.0,,6,,Kegalle,80.505109,7.248287
80.3661,7.516142,Kurunegala,මාස්පොත ප්රා.ලේ.කො,වැවගෙදර,HR3,HR3,,MSP,MSP,796.0,House / නිවාස,2025-11-28 00:00:00,,2025-12-12 00:00:00,"Landslide / නායයෑම්, Rock fall / ගල් පෙරලීම්, Cutting failure / කණ්ඩි අස්ථාවරවීම්",,,,,,,,2.0,,27.0,,29,,Kurunegala,80.3661,7.516142
80.3543,7.387834,Kurunegala,කුරුණෑගල ප්රා.ලේ.කො,කුඩුම්බුව,HR3,HR3,,KRG,KRG,826.0,House / නිවාස,2025-11-29 00:00:00,,2025-12-11 00:00:00,Slope failures / බැවුම් අස්ථාවරවීම්,,,,,,,,1.0,,3.0,,4,,Kurunegala,80.3543,7.387834
80.42095,7.564321,Kurunegala,කුරුණෑගල ප්රා.ලේ.කො,මහමූකලන්‍යාය,HR3,HR3,,KRG,KRG,,House / නිවාස,2025-11-28 00:00:00,,2025-12-21 00:00:00,Slope failures / බැවුම් අස්ථාවරවීම්,,Minor / සුළුහානි,,,,,,2.0,,2.0,,4,,Kurunegala,80.42095,7.564321
80.54705,7.631904,Kurunegala,කුරුණෑගල ප්රා.ලේ.කො,රා ගෙදර,HR3,HR3,,KRG,KRG,506.0,House / නිවාස,2025-11-27 00:00:00,,2025-12-11 00:00:00,Slope failures / බැවුම් අස්ථාවරවීම්,,Partially / අර්ධහානි,,,,,,1.0,,10.0,,11,,Kurunegala,80.54705,7.631904
80.89555,7.075718,Nuwara Eliya,නිල්දණ්ඩහින්න ප්රා.ලේ.කො,දබ්බරේ,HR3,HR3,,NBRI/NE/WLD[Nildandahinna]/2026/LSG/34),NBRI/NE/WLD[Nildandahinna]/2026/LSG/34),524/ඩී,House / නිවාස,2025.11.27,,2026.05.25,Slope failures / බැවුම් අස්ථාවරවීම්,Resettle / නැවත පදිංචිකිරීම,Minor or No Damages / සුළුහානි හෝ හානි නොමැති,,,,,,1.0,,2.0,,3,,Nuwara Eliya,80.89555,7.075718
80.915358,7.079226,Nuwara Eliya,නිල්දණ්ඩහින්න ප්රා.ලේ.කො,අඹන්අැල්ල,HR3,HR3,,NBRI/NE/WLD[Nildandahinna]/2026/LSG/35),NBRI/NE/WLD[Nildandahinna]/2026/LSG/35),523,House / නිවාස,2025.11.27,,2026.05.25,Other / වෙනත් (වෙනත් කරුණු යටතේ සදහන් කරන්න),Resettle / නැවත පදිංචිකිරීම,Minor or No Damages / සුළුහානි හෝ හානි නොමැති,,බෑවුම් අස්ථාවරවීම / ගල් පෙරළීම,,,,2.0,,1.0,,3,,Nuwara Eliya,80.915358,7.079226
80.3533,7.395957,Kurunegala,කුරුණෑගල ප්රා.ලේ.කො,පහළ තලම්පිටිය,HR3,HR3,,KRG,KRG,824.0,House / නිවාස,2025-11-28 00:00:00,,2026-01-16 00:00:00,Slope failures / බැවුම් අස්ථාවරවීම්,,Minor / සුළුහානි,,,,,,1.0,,2.0,,3,,Kurunegala,80.3533,7.395957
80.375992,7.469831,Kurunegala,කුරුණෑගල ප්රා.ලේ.කො,වෙහෙරබැන්ද,HR3,HR3,,KRG,KRG,808.0,House / නිවාස,2025-11-27 00:00:00,,2026-04-23 00:00:00,Other / වෙනත් (වෙනත් කරුණු යටතේ සදහන් කරන්න),,Partially / අර්ධහානි,,,,,,1.0,,,,1,,Kurunegala,80.375992,7.469831
80.416297,7.180315,Kegalle,අරණායක ප්රා.ලේ.කො,දෙබත්ගම උඩබාගේ,HR3,HR3,,ERR/ARP/09,ERR/ARP/09,47බී,House / නිවාස,2025-11-28 00:00:00,,2025-12-07 00:00:00,Landslide / නායයෑම්,Resettle / නැවත පදිංචිකිරීම,Minor / සුළුහානි,0.0,,,,,3.0,,4.0,,7,,Kegalle,80.416297,7.180315
80.918195,7.127491,Nuwara Eliya,නිල්දණ්ඩහින්න ප්රා.ලේ.කො,දුලන,HR3,HR3,,NBRI/NE/WLD[Nildandahinna]/2026/LY/148),NBRI/NE/WLD[Nildandahinna]/2026/LY/148),521/බී,House / නිවාස,2025.11.27,,2026.05.05,Slope failures / බැවුම් අස්ථාවරවීම්,Resettle / නැවත පදිංචිකිරීම,Minor or No Damages / සුළුහානි හෝ හානි නොමැති,,,,,,1.0,,,,1,,Nuwara Eliya,80.918195,7.127491
80.688317,7.07267,Nuwara Eliya,කොත්මලේ නැගෙනහිර ප්රා.ලේ.කො,රම්බොඩ,HR3,HR3,,NBRI/NE/KTD[East]/2026/SMK/229),NBRI/NE/KTD[East]/2026/SMK/229),,House / නිවාස,2025.11.27,,2026.07.01,Rock fall / ගල් පෙරලීම්,Resettle / නැවත පදිංචිකිරීම,Minor or No Damages / සුළුහානි හෝ හානි නොමැති,0.0,,,,,4.0,,,,4,,Nuwara Eliya,80.688317,7.07267
80.504468,7.142938,Kegalle,අරණායක ප්රා.ලේ.කො,සැලව බටහිර,HR3,HR3,,ERR/ARP/13,ERR/ARP/13,,House / නිවාස,2025-11-28 00:00:00,,2025-11-28 00:00:00,Slope failures / බැවුම් අස්ථාවරවීම්,Resettle / නැවත පදිංචිකිරීම,Minor / සුළුහානි,0.0,,,,,14.0,,12.0,,26,,Kegalle,80.504468,7.142938
80.497045,7.137265,Kegalle,අරණායක ප්රා.ලේ.කො,සැලව බටහිර,HR3,HR3,,ERR/ARP/14,ERR/ARP/14,,Religiou / ආගමික ස්ථානය,2025-11-28 00:00:00,,2025-11-28 00:00:00,Slope failures / බැවුම් අස්ථාවරවීම්,Resettle / නැවත පදිංචිකිරීම,Minor / සුළුහානි,0.0,,,,,22.0,,55.0,12.0,89,,Kegalle,80.497045,7.137265
80.518509,7.200881,Kegalle,මාවනැල්ල ප්රා.ලේ.කො,ඇඹිල්මීවල,HR3,HR3,,LRR-MWP-71R,LRR-MWP-71R,34 ඒ,House / නිවාස,2025-11-27 00:00:00,,2026-02-07 00:00:00,Slope failures / බැවුම් අස්ථාවරවීම්,Resettle / නැවත පදිංචිකිරීම,Minor / සුළුහානි,,,,,,2.0,,4.0,,6,,Kegalle,80.518509,7.200881
80.511383,7.168844,Kegalle,මාවනැල්ල ප්රා.ලේ.කො,දුම්බුළුවාව,HR3,HR3,,LRR-MWP-72,LRR-MWP-72,39,House / නිවාස,2025-11-27 00:00:00,,2026-02-07 00:00:00,Cutting failure / කණ්ඩි අස්ථාවරවීම්,Resettle / නැවත පදිංචිකිරීම,Minor / සුළුහානි,,,,,,1.0,,11.0,,12,,Kegalle,80.511383,7.168844
80.502189,7.253952,Kegalle,මාවනැල්ල ප්රා.ලේ.කො,ගනේතැන්න,HR3,HR3,,LRR-MWP-69,LRR-MWP-69,25 ඒ -,House / නිවාස,,,2026-02-19 00:00:00,Landslide / නායයෑම්,Resettle / නැවත පදිංචිකිරීම,Minor / සුළුහානි,,,,,,25.0,,,,25,,Kegalle,80.502189,7.253952
80.499496,7.158145,Kegalle,අරණායක ප්රා.ලේ.කො,යෝධගම,HR3,HR3,,LRR  - ARP- 01,LRR  - ARP- 01,,House / නිවාස,2025-11-28 00:00:00,,2025-12-16 00:00:00,Landslide / නායයෑම්,Resettle / නැවත පදිංචිකිරීම,Minor / සුළුහානි,0.0,,,,,3.0,,24.0,2.0,29,,Kegalle,80.499496,7.158145
80.499243,7.158238,Kegalle,අරණායක ප්රා.ලේ.කො,රන්දිලිගම,HR3,HR3,,LRR  - ARP- 02,LRR  - ARP- 02,,House / නිවාස,2025-11-28 00:00:00,,2025-12-17 00:00:00,Landslide / නායයෑම්,Resettle / නැවත පදිංචිකිරීම,Minor / සුළුහානි,0.0,,,,,5.0,,20.0,15.0,40,,Kegalle,80.499243,7.158238
80.419609,7.173955,Kegalle,අරණායක ප්රා.ලේ.කො,දෙබත්ගම උඩබාගේ,HR3,HR3,,LRR  - ARP- 04,LRR  - ARP- 04,47බී,House / නිවාස,2025-11-28 00:00:00,,2025-12-07 00:00:00,Cutting failure / කණ්ඩි අස්ථාවරවීම්,Resettle / නැවත පදිංචිකිරීම,Partially / අර්ධහානි,0.0,,,,,1.0,,1.0,,2,,Kegalle,80.419609,7.173955
80.716974,7.02946,Nuwara Eliya,කොත්මලේ නැගෙනහිර ප්රා.ලේ.කො,ලබුකැලේ,HR3,HR3,,NBRI/NE/KTD[East]/2026/LSG/58),NBRI/NE/KTD[East]/2026/LSG/58),474/අයි,House / නිවාස,2025.11.27,,2026.07.14,Other / වෙනත් (වෙනත් කරුණු යටතේ සදහන් කරන්න),Resettle / නැවත පදිංචිකිරීම,Minor or No Damages / සුළුහානි හෝ හානි නොමැති,0.0,නිම්න ආශ්‍රිත කලාපය සහ ගංවතුර අවදානම් තත්ත්වය,,,,1.0,,8.0,,9,,Nuwara Eliya,80.716974,7.02946
80.435233,7.124665,Kegalle,අරණායක ප්රා.ලේ.කො,ජම්බුගස්මඩ,HR3,HR3,,LRR  - ARP- 06,LRR  - ARP- 06,,House / නිවාස,2025-11-28 00:00:00,,2025-12-27 00:00:00,Landslide / නායයෑම්,Resettle / නැවත පදිංචිකිරීම,Minor / සුළුහානි,0.0,,,,,25.0,,4.0,2.0,31,,Kegalle,80.435233,7.124665
80.418437,7.13049,Kegalle,අරණායක ප්රා.ලේ.කො,මැදගම - ගංතුන,HR3,HR3,,LRR  - ARP- 07,LRR  - ARP- 07,,House / නිවාස,2025-11-28 00:00:00,,2025-12-25 00:00:00,Landslide / නායයෑම්,Resettle / නැවත පදිංචිකිරීම,Minor / සුළුහානි,0.0,,,,,4.0,,33.0,,37,,Kegalle,80.418437,7.13049
80.395369,7.201458,Kegalle,අරණායක ප්රා.ලේ.කො,කන්දමුල්ල,HR3,HR3,,LRR  - ARP- 11,LRR  - ARP- 11,116ඊ,House / නිවාස,2025-11-29 00:00:00,,2025-12-10 00:00:00,Landslide / නායයෑම්,Resettle / නැවත පදිංචිකිරීම,Minor / සුළුහානි,0.0,,,,,3.0,,6.0,,9,,Kegalle,80.395369,7.201458
80.702797,7.512431,Matale,රත්තොට ප්රා.ලේ.කො,වෙරලුගස්තැන්න,HR3,HR3,,NBRO/MTL/RATHTHOTA/2025/WAES/90,NBRO/MTL/RATHTHOTA/2025/WAES/90,,House / නිවාස,2025-11-28 00:00:00,,2025-12-12 00:00:00,Slope failures / බැවුම් අස්ථාවරවීම්,,,,,,,,2.0,,2.0,,4,,Matale,80.702797,7.512431
80.862571,6.984908,Nuwara Eliya,නිල්දණ්ඩහින්න ප්රා.ලේ.කො,ඩෙල්මා,HR3,HR3,,NBRI/NE/WLD[Nildandahinna]/2026/SMK/178),NBRI/NE/WLD[Nildandahinna]/2026/SMK/178),533එල්,House / නිවාස,2025.11.27,,2026.04.04,Other / වෙනත් (වෙනත් කරුණු යටතේ සදහන් කරන්න),Resettle / නැවත පදිංචිකිරීම,Minor or No Damages / සුළුහානි හෝ හානි නොමැති,,නායයම් සුන්බුන් ගලනය විය හැකි ස්වභාවික නිම්න මාර්ගයක් තුළ පිහිටා තිබීම.,,,,1.0,,3.0,,4,,Nuwara Eliya,80.862571,6.984908
80.448874,7.13315,Kegalle,අරණායක ප්රා.ලේ.කො,අම්බලකන්ද,HR3,HR3,,LRR  - ARP- 17,LRR  - ARP- 17,43ඒ,House / නිවාස,,,2025-12-22 00:00:00,Landslide / නායයෑම්,Resettle / නැවත පදිංචිකිරීම,Minor / සුළුහානි,0.0,,,,,1.0,,24.0,,25,,Kegalle,80.448874,7.13315
80.389185,7.210205,Kegalle,අරණායක ප්රා.ලේ.කො,කන්දමුල්ල,HR3,HR3,,LRR  - ARP- 19,LRR  - ARP- 19,116ඊ,House / නිවාස,2025-11-29 00:00:00,,2025-12-10 00:00:00,Slope failures / බැවුම් අස්ථාවරවීම්,Resettle / නැවත පදිංචිකිරීම,Partially / අර්ධහානි,0.0,,,,,1.0,,,,1,,Kegalle,80.389185,7.210205
80.421485,7.129585,Kegalle,අරණායක ප්රා.ලේ.කො,"ගංතුන, උඩගම",HR3,HR3,,LRR  - ARP- 22,LRR  - ARP- 22,58/බී,House / නිවාස,2025-11-28 00:00:00,,2025-12-25 00:00:00,Landslide / නායයෑම්,Resettle / නැවත පදිංචිකිරීම,Partially / අර්ධහානි,0.0,,,,,1.0,,,,1,,Kegalle,80.421485,7.129585
80.431833,7.110356,Kegalle,අරණායක ප්රා.ලේ.කො,ජම්බුගස්මඩ,HR3,HR3,,LRR  - ARP- 25,LRR  - ARP- 25,58/සී,House / නිවාස,2025-11-28 00:00:00,,2025-12-27 00:00:00,"Landslide / නායයෑම්, Slope failures / බැවුම් අස්ථාවරවීම්",Resettle / නැවත පදිංචිකිරීම,Partially / අර්ධහානි,0.0,,,,,7.0,,2.0,,9,,Kegalle,80.431833,7.110356
80.421538,7.112223,Kegalle,අරණායක ප්රා.ලේ.කො,"ගංතුන, උඩගම",HR3,HR3,,LRR  - ARP- 26,LRR  - ARP- 26,,House / නිවාස,2025-11-28 00:00:00,,2025-12-26 00:00:00,Landslide / නායයෑම්,Resettle / නැවත පදිංචිකිරීම,Partially / අර්ධහානි,0.0,,,,,1.0,,,,1,,Kegalle,80.421538,7.112223
80.418643,7.114347,Kegalle,අරණායක ප්රා.ලේ.කො,මැදගම,HR3,HR3,,LRR  - ARP- 27,LRR  - ARP- 27,,House / නිවාස,2025-11-28 00:00:00,,2025-12-26 00:00:00,Landslide / නායයෑම්,Resettle / නැවත පදිංචිකිරීම,Partially / අර්ධහානි,0.0,,,,,8.0,,,,8,,Kegalle,80.418643,7.114347
80.681221,7.489847,Matale,රත්තොට ප්රා.ලේ.කො,අලකොලමඩ,HR3,HR3,,NBRO/MTL/RATHTHOTA/2025/MS/84,NBRO/MTL/RATHTHOTA/2025/MS/84,E/374/C,House / නිවාස,2025-11-28 00:00:00,,2025-12-23 00:00:00,"Landslide / නායයෑම්, Slope failures / බැවුම් අස්ථාවරවීම්, Cutting failure / කණ්ඩි අස්ථාවරවීම්, Rock fall / ගල් පෙරලීම්",,,,,,,,1.0,,2.0,,3,,Matale,80.681221,7.489847
80.947658,7.060441,Nuwara Eliya,නිල්දණ්ඩහින්න ප්රා.ලේ.කො,කන්දෙයාය,HR3,HR3,,NBRI/NE/WLD[Nildandahinna]/2026/DSDD/239),NBRI/NE/WLD[Nildandahinna]/2026/DSDD/239),527/සී,House / නිවාස,2025.11.27,,2026.03.31,Slope failures / බැවුම් අස්ථාවරවීම්,Resettle / නැවත පදිංචිකිරීම,Minor or No Damages / සුළුහානි හෝ හානි නොමැති,,,,,,1.0,,6.0,,7,,Nuwara Eliya,80.947658,7.060441
80.70923,7.487652,Matale,රත්තොට ප්රා.ලේ.කො,බඹරකිරි ඇල්ල,HR3,HR3,,NBRO/MTL/RATHTHOTA/2025/WAES/85,NBRO/MTL/RATHTHOTA/2025/WAES/85,,House / නිවාස,2025-11-28 00:00:00,,2025-12-08 00:00:00,Slope failures / බැවුම් අස්ථාවරවීම්,,,,,,,,2.0,,,,2,,Matale,80.70923,7.487652
80.464741,7.134281,Kegalle,අරණායක ප්රා.ලේ.කො,දෙයියන්වල,HR3,HR3,,LRR  - ARP- 32,LRR  - ARP- 32,,House / නිවාස,2025-11-27 00:00:00,,2025-12-12 00:00:00,Other / වෙනත් (වෙනත් කරුණු යටතේ සදහන් කරන්න),Resettle / නැවත පදිංචිකිරීම,Partially / අර්ධහානි,0.0,,,,,6.0,,21.0,4.0,31,,Kegalle,80.464741,7.134281
80.69036,7.428484,Matale,රත්තොට ප්රා.ලේ.කො,ඇල්කඩුව,HR3,HR3,,"NBRO/MTL/RATHTHOTA/2025/MMCUB,WAES/33","NBRO/MTL/RATHTHOTA/2025/MMCUB,WAES/33",,House / නිවාස,2025-11-27 00:00:00,,2025-12-11 00:00:00,Landslide / නායයෑම්,,,,,,,,1.0,,,,1,,Matale,80.69036,7.428484
80.886365,7.046113,Nuwara Eliya,වලපනේ ප්රා.ලේ.කො,මොරබැද්ද,HR3,HR3,,NBRI/NE/WLD/2026/SMK/90),NBRI/NE/WLD/2026/SMK/90),526සීි,House / නිවාස,2025.11.27 පැලුම් ඇතිවිය / 2026.01.10 මඩවතුර ගැලීම සිදුවිය,,2026-01-16 00:00:00,Landslide / නායයෑම්,Resettle / නැවත පදිංචිකිරීම,Minor or No Damages / සුළුහානි හෝ හානි නොමැති,,,,,,3.0,,23.0,,26,,Nuwara Eliya,80.886365,7.046113
80.437048,7.148003,Kegalle,අරණායක ප්රා.ලේ.කො,එළගිපිටිය,HR3,HR3,,LRR  - ARP- 35,LRR  - ARP- 35,,House / නිවාස,2025-11-28 00:00:00,,2025-12-27 00:00:00,Other / වෙනත් (වෙනත් කරුණු යටතේ සදහන් කරන්න),Resettle / නැවත පදිංචිකිරීම,Minor / සුළුහානි,0.0,,,,,2.0,,25.0,,27,,Kegalle,80.437048,7.148003
80.917346,7.071052,Nuwara Eliya,නිල්දණ්ඩහින්න ප්රා.ලේ.කො,දෙමටඅරාව,HR3,HR3,,NBRI/NE/WLD[Nildandahinna]/2026/DSDD/240),NBRI/NE/WLD[Nildandahinna]/2026/DSDD/240),518/එෆ්,House / නිවාස,2025.11.27,,2026.03.31,Slope failures / බැවුම් අස්ථාවරවීම්,Resettle / නැවත පදිංචිකිරීම,Minor or No Damages / සුළුහානි හෝ හානි නොමැති,,,,,,2.0,,2.0,,4,,Nuwara Eliya,80.917346,7.071052
80.46322,7.138006,Kegalle,අරණායක ප්රා.ලේ.කො,පෝඩාපේ,HR3,HR3,,LRR  - ARP- 39,LRR  - ARP- 39,43 ඩී,House / නිවාස,2025-11-27 00:00:00,,2025-12-31 00:00:00,Slope failures / බැවුම් අස්ථාවරවීම්,Resettle / නැවත පදිංචිකිරීම,Partially / අර්ධහානි,0.0,,,,,1.0,,1.0,,2,,Kegalle,80.46322,7.138006
80.458189,7.138584,Kegalle,අරණායක ප්රා.ලේ.කො,පෝඩාපේ,HR3,HR3,,LRR  - ARP- 40,LRR  - ARP- 40,43 ඩී,House / නිවාස,2025-11-27 00:00:00,,2025-12-30 00:00:00,Other / වෙනත් (වෙනත් කරුණු යටතේ සදහන් කරන්න),Resettle / නැවත පදිංචිකිරීම,Partially / අර්ධහානි,0.0,,,,,1.0,,26.0,,27,,Kegalle,80.458189,7.138584
80.587611,7.442008,Matale,උකුවෙල ප්රා.ලේ.කො,තිබ්බටුවාව,HR3,HR3,,NBRI/MTL/LRRMD-MAT/UKUWELA/26/0940,NBRI/MTL/LRRMD-MAT/UKUWELA/26/0940,,House / නිවාස,2025-11-27 00:00:00,,2026-05-04 00:00:00,"Landslide / නායයෑම්, Rock fall / ගල් පෙරලීම්",,,,,,,,2.0,,,,2,,Matale,80.587611,7.442008
80.932632,7.054183,Nuwara Eliya,නිල්දණ්ඩහින්න ප්රා.ලේ.කො,කන්දෙයාය,HR3,HR3,,NBRI/NE/WLD[Nildandahinna]/2026/DSDD/238),NBRI/NE/WLD[Nildandahinna]/2026/DSDD/238),527/සී,House / නිවාස,2025.11.27,,2026.03.31,Slope failures / බැවුම් අස්ථාවරවීම්,Resettle / නැවත පදිංචිකිරීම,Minor or No Damages / සුළුහානි හෝ හානි නොමැති,,,,,,1.0,,1.0,,2,,Nuwara Eliya,80.932632,7.054183
80.431828,7.063135,Kegalle,යටියන්තොට ප්රා.ලේ.කො,සීපොත්,HR3,HR3,,ERR - YTP - 19,ERR - YTP - 19,131 ඊ,House / නිවාස,2025-11-28 00:00:00,,2025-12-07 00:00:00,Landslide / නායයෑම්,Resettle / නැවත පදිංචිකිරීම,Partially / අර්ධහානි,,,,,,1.0,,,,1,,Kegalle,80.431828,7.063135
80.679998,7.409405,Matale,උකුවෙල ප්රා.ලේ.කො,තාලිංගාමඩ,HR3,HR3,,NBRI/MTL/LRRMD-MAT/UKUWELA/26/1223,NBRI/MTL/LRRMD-MAT/UKUWELA/26/1223,,House / නිවාස,2025-11-27 00:00:00,,2026-06-15 00:00:00,Rock fall / ගල් පෙරලීම්,,,,,,,,3.0,,,,3,,Matale,80.679998,7.409405
80.471639,7.128567,Kegalle,අරණායක ප්රා.ලේ.කො,දෙයියන්වල,HR3,HR3,,ARP-LRR-51,ARP-LRR-51,,House / නිවාස,2025-11-28 00:00:00,,2026-01-08 00:00:00,Landslide / නායයෑම්,Resettle / නැවත පදිංචිකිරීම,Minor / සුළුහානි,0.0,,,,,1.0,,7.0,,8,,Kegalle,80.471639,7.128567
80.532639,7.067001,Kandy,පස්බාගේ කෝරලේ ප්රා.ලේ.කො,වැලිගොඩවත්ත,HR3,HR3,,DMLP/059,DMLP/059,,House / නිවාස,2025-11-27 00:00:00,,,Other / වෙනත් (වෙනත් කරුණු යටතේ සදහන් කරන්න),Resettle / නැවත පදිංචිකිරීම,,,,,,,1.0,,1.0,,2,,Kandy,80.532639,7.067001
80.530836,7.050564,Kandy,පස්බාගේ කෝරලේ ප්රා.ලේ.කො,නාවලපිටිය බටහිර වසම,HR3,HR3,,DMLP/048,DMLP/048,,House / නිවාස,2025-11-27 00:00:00,,,Other / වෙනත් (වෙනත් කරුණු යටතේ සදහන් කරන්න),Resettle / නැවත පදිංචිකිරීම,,,,,,,1.0,,1.0,,2,,Kandy,80.530836,7.050564
80.504784,7.229993,Kegalle,මාවනැල්ල ප්රා.ලේ.කො,හීනටිපන කන්ද,HR3,HR3,,LRR-MWP-61,LRR-MWP-61,26 බී,House / නිවාස,2025-11-27 00:00:00,,2026-01-30 00:00:00,Slope failures / බැවුම් අස්ථාවරවීම්,Resettle / නැවත පදිංචිකිරීම,Minor / සුළුහානි,,,,,,1.0,,19.0,,20,,Kegalle,80.504784,7.229993
80.39962,7.237362,Kegalle,මාවනැල්ල ප්රා.ලේ.කො,අත්තනගොඩ,HR3,HR3,,LRR-MWP-57,LRR-MWP-57,15 බී,House / නිවාස,2025-11-28 00:00:00,,2026-02-03 00:00:00,Rock fall / ගල් පෙරලීම්,Resettle / නැවත පදිංචිකිරීම,Minor / සුළුහානි,,,,,,1.0,,5.0,,6,,Kegalle,80.39962,7.237362
80.4556,7.171995,Kegalle,අරණායක ප්රා.ලේ.කො,විල්පොල,HR3,HR3,,LRR-ARP-65,LRR-ARP-65,45ඊ,House / නිවාස,2025-11-28 00:00:00,,2026-01-10 00:00:00,Cutting failure / කණ්ඩි අස්ථාවරවීම්,Mitigation / අවදානම් අවම කිරීම,Minor / සුළුහානි,0.0,,,,,1.0,,4.0,,5,,Kegalle,80.4556,7.171995
80.445653,7.155228,Kegalle,අරණායක ප්රා.ලේ.කො,ගල්බොක්ක,HR3,HR3,,LRR-ARP-68,LRR-ARP-68,43සී,House / නිවාස,2025-11-28 00:00:00,,2026-01-13 00:00:00,Landslide / නායයෑම්,Mitigation / අවදානම් අවම කිරීම,Minor / සුළුහානි,0.0,,,,,1.0,,12.0,,13,,Kegalle,80.445653,7.155228
80.445228,7.167001,Kegalle,අරණායක ප්රා.ලේ.කො,ගල්බොක්ක,HR3,HR3,,LRR-ARP-69,LRR-ARP-69,43සී,House / නිවාස,2025-11-28 00:00:00,,2026-01-13 00:00:00,Cutting failure / කණ්ඩි අස්ථාවරවීම්,Mitigation / අවදානම් අවම කිරීම,Minor / සුළුහානි,0.0,,,,,2.0,,4.0,,6,,Kegalle,80.445228,7.167001
80.452079,7.169273,Kegalle,අරණායක ප්රා.ලේ.කො,ගල්බොක්ක,HR3,HR3,,LRR-ARP-71,LRR-ARP-71,43සී,House / නිවාස,2025-11-28 00:00:00,,2026-01-13 00:00:00,Landslide / නායයෑම්,Mitigation / අවදානම් අවම කිරීම,Minor / සුළුහානි,0.0,,,,,1.0,,17.0,,18,,Kegalle,80.452079,7.169273
80.537205,7.0652,Kandy,පස්බාගේ කෝරලේ ප්රා.ලේ.කො,නාවලපිටිය - දකුණ,HR3,HR3,,DMLP/050,DMLP/050,,House / නිවාස,2025-11-27 00:00:00,,,,Resettle / නැවත පදිංචිකිරීම,,,,,,,1.0,,1.0,,2,,Kandy,80.537205,7.0652
80.851257,7.058413,Nuwara Eliya,වලපනේ ප්රා.ලේ.කො,බින්ගන්තලාව,HR3,HR3,,NBRI/NE/WLD/2026/DMCP/142),NBRI/NE/WLD/2026/DMCP/142),,House / නිවාස,2025.11.27,,2026.04.27,Slope failures / බැවුම් අස්ථාවරවීම්,Resettle / නැවත පදිංචිකිරීම,Minor or No Damages / සුළුහානි හෝ හානි නොමැති,,,,,,5.0,,,,5,,Nuwara Eliya,80.851257,7.058413
80.672563,7.411928,Matale,උකුවෙල ප්රා.ලේ.කො,කැන්දගොල්ලාමඩ,HR3,HR3,,NBRO/LRRMD-MAT/MTL/UKUWELA/LI/26/0447,NBRO/LRRMD-MAT/MTL/UKUWELA/LI/26/0447,,House / නිවාස,2025-11-27 00:00:00,,2026-04-25 00:00:00,Other / වෙනත් (වෙනත් කරුණු යටතේ සදහන් කරන්න),,Partially / අර්ධහානි,,,,,,1.0,,,,1,,Matale,80.672563,7.411928
80.659289,7.086558,Nuwara Eliya,කොත්මලේ නැගෙනහිර ප්රා.ලේ.කො,කොත්මල්ගම,HR3,HR3,,NBRI/NE/KTD[East]/2026/WGMSS/110),NBRI/NE/KTD[East]/2026/WGMSS/110),474/ජී,House / නිවාස,2025.11.27,,2026.07.06,Other / වෙනත් (වෙනත් කරුණු යටතේ සදහන් කරන්න),Resettle / නැවත පදිංචිකිරීම,Minor or No Damages / සුළුහානි හෝ හානි නොමැති,0.0,නිම්න මාර්ගය තුළ පිහිටීම,,,,1.0,,11.0,,12,,Nuwara Eliya,80.659289,7.086558
80.388209,7.171783,Kegalle,අරණායක ප්රා.ලේ.කො,කෙසෙල්වත්ත,HR3,HR3,,LRR-ARP-79,LRR-ARP-79,,House / නිවාස,2025-11-28 00:00:00,,2026-01-09 00:00:00,Other / වෙනත් (වෙනත් කරුණු යටතේ සදහන් කරන්න),Resettle / නැවත පදිංචිකිරීම,Minor / සුළුහානි,0.0,,,,,6.0,,3.0,,9,,Kegalle,80.388209,7.171783
80.47937,7.166698,Kegalle,අරණායක ප්රා.ලේ.කො,තල්ගස්පිටිය,HR3,HR3,,LRR-ARP-89,LRR-ARP-89,44,House / නිවාස,2025-11-27 00:00:00,,2026-01-11 00:00:00,Landslide / නායයෑම්,Resettle / නැවත පදිංචිකිරීම,Minor / සුළුහානි,0.0,,,,,7.0,,6.0,,13,,Kegalle,80.47937,7.166698
80.409397,7.170414,Kegalle,අරණායක ප්රා.ලේ.කො,කෙසෙල්වත්ත,HR3,HR3,,LRR-ARP-80,LRR-ARP-80,,House / නිවාස,2025-11-28 00:00:00,,2026-01-09 00:00:00,Other / වෙනත් (වෙනත් කරුණු යටතේ සදහන් කරන්න),Resettle / නැවත පදිංචිකිරීම,Minor / සුළුහානි,0.0,,,,,5.0,,6.0,,11,,Kegalle,80.409397,7.170414
80.722237,7.022638,Nuwara Eliya,කොත්මලේ නැගෙනහිර ප්රා.ලේ.කො,ලබුකැලේ,HR3,HR3,,NBRI/NE/KTD[East]/2026/WGMSS/109),NBRI/NE/KTD[East]/2026/WGMSS/109),474/අයි,House / නිවාස,2025.11.27,,2026.07.02,Other / වෙනත් (වෙනත් කරුණු යටතේ සදහන් කරන්න),Resettle / නැවත පදිංචිකිරීම,Minor or No Damages / සුළුහානි හෝ හානි නොමැති,0.0,ඇළ මාර්ගයට ඉතා ආසන්නයේ පිහිටීම,,,,1.0,,17.0,,18,,Nuwara Eliya,80.722237,7.022638
80.684057,7.422256,Matale,උකුවෙල ප්රා.ලේ.කො,ඇල්කඩුව,HR3,HR3,,NBRO/MTL/UKUWELA/LI/26/0632,NBRO/MTL/UKUWELA/LI/26/0632,,House / නිවාස,2025-11-27 00:00:00,,2026-02-16 00:00:00,"Landslide / නායයෑම්, Cutting failure / කණ්ඩි අස්ථාවරවීම්",,Partially / අර්ධහානි,,,,,,1.0,,,,1,,Matale,80.684057,7.422256
80.41593,7.228222,Kegalle,අරණායක ප්රා.ලේ.කො,කන්දෙවත්ත,HR3,HR3,,LRR-ARP-96,LRR-ARP-96,15ඩී,House / නිවාස,2025-11-28 00:00:00,,2026-01-22 00:00:00,Cutting failure / කණ්ඩි අස්ථාවරවීම්,Resettle / නැවත පදිංචිකිරීම,Minor / සුළුහානි,0.0,,,,,1.0,,9.0,1.0,11,,Kegalle,80.41593,7.228222
80.518845,7.255559,Kandy,යටිනුවර ප්රා.ලේ.කො,කඩවත්ගම,HR3,HR3,,GHD 035,GHD 035,204.0,House / නිවාස,2025-11-27 00:00:00,,2026-02-24 00:00:00,Other / වෙනත් (වෙනත් කරුණු යටතේ සදහන් කරන්න),,,0.0,නායයාම් අවදානම්,,,,3.0,,,,3,,Kandy,80.518845,7.255559
80.483376,7.178886,Kegalle,අරණායක ප්රා.ලේ.කො,තල්ගස්පිටිය,HR3,HR3,,LRR-ARP-100,LRR-ARP-100,44සී,House / නිවාස,2025-11-28 00:00:00,,2026-01-19 00:00:00,Other / වෙනත් (වෙනත් කරුණු යටතේ සදහන් කරන්න),Resettle / නැවත පදිංචිකිරීම,Minor / සුළුහානි,0.0,,,,,1.0,,18.0,1.0,20,,Kegalle,80.483376,7.178886
80.419552,7.254721,Kegalle,මාවනැල්ල ප්රා.ලේ.කො,උතුවන්කන්ද,HR3,HR3,,LRR-MWP-56,LRR-MWP-56,19 සී -,House / නිවාස,2025-11-27 00:00:00,,2026-02-03 00:00:00,Slope failures / බැවුම් අස්ථාවරවීම්,Resettle / නැවත පදිංචිකිරීම,Minor / සුළුහානි,,,,,,2.0,,15.0,1.0,18,,Kegalle,80.419552,7.254721
80.451197,7.182505,Kegalle,අරණායක ප්රා.ලේ.කො,ගැවිලිපිටිය,HR3,HR3,,LRR-ARP-101,LRR-ARP-101,45බී,House / නිවාස,2025-11-28 00:00:00,,2026-01-19 00:00:00,Cutting failure / කණ්ඩි අස්ථාවරවීම්,Resettle / නැවත පදිංචිකිරීම,Minor / සුළුහානි,0.0,,,,,1.0,,8.0,,9,,Kegalle,80.451197,7.182505
80.416494,7.193876,Kegalle,අරණායක ප්රා.ලේ.කො,වත්තේගදර,HR3,HR3,,LRR-ARP-103,LRR-ARP-103,,House / නිවාස,2025-11-28 00:00:00,,2026-01-11 00:00:00,Landslide / නායයෑම්,Resettle / නැවත පදිංචිකිරීම,Minor / සුළුහානි,0.0,,,,,1.0,,12.0,,13,,Kegalle,80.416494,7.193876
80.404175,7.20637,Kegalle,අරණායක ප්රා.ලේ.කො,වාකිරිගල,HR3,HR3,,LRR-ARP-110,LRR-ARP-110,16,House / නිවාස,2025-11-27 00:00:00,,2026-01-30 00:00:00,Rock fall / ගල් පෙරලීම්,Resettle / නැවත පදිංචිකිරීම,Minor / සුළුහානි,0.0,,,,,6.0,,6.0,,12,,Kegalle,80.404175,7.20637
80.887101,7.061992,Nuwara Eliya,වලපනේ ප්රා.ලේ.කො,මොරබැද්ද,HR3,HR3,,NBRI/NE/WLD/2026/IC/12),NBRI/NE/WLD/2026/IC/12),526 සී,House / නිවාස,2025-11-27 00:00:00,,2025-12-28 00:00:00,Slope failures / බැවුම් අස්ථාවරවීම්,Resettle / නැවත පදිංචිකිරීම,Minor or No Damages / සුළුහානි හෝ හානි නොමැති,,ගල් පෙරලිම්,,,,3.0,,20.0,,23,,Nuwara Eliya,80.887101,7.061992
80.432079,7.178012,Kegalle,අරණායක ප්රා.ලේ.කො,හත්ගම්පල,HR3,HR3,,LRR-ARP-107,LRR-ARP-107,47,House / නිවාස,2025-11-27 00:00:00,,2026-01-28 00:00:00,Slope failures / බැවුම් අස්ථාවරවීම්,Resettle / නැවත පදිංචිකිරීම,Minor / සුළුහානි,0.0,,,,,1.0,,7.0,,8,,Kegalle,80.432079,7.178012
80.470815,7.164297,Kegalle,අරණායක ප්රා.ලේ.කො,කීරපන,HR3,HR3,,LRR-ARP-112,LRR-ARP-112,42සී,House / නිවාස,2025-11-27 00:00:00,17:30:00,2026-01-21 00:00:00,Slope failures / බැවුම් අස්ථාවරවීම්,Resettle / නැවත පදිංචිකිරීම,Minor / සුළුහානි,0.0,,,,,6.0,,6.0,,12,,Kegalle,80.470815,7.164297
80.495033,7.140018,Kegalle,අරණායක ප්රා.ලේ.කො,රහල,HR3,HR3,,LRR-ARP-126,LRR-ARP-126,41බී,House / නිවාස,2025-11-28 00:00:00,,2025-12-13 00:00:00,Landslide / නායයෑම්,Resettle / නැවත පදිංචිකිරීම,Minor / සුළුහානි,0.0,,,,,1.0,,,,1,,Kegalle,80.495033,7.140018
80.425327,7.145112,Kegalle,අරණායක ප්රා.ලේ.කො,කළුගල,HR3,HR3,,LRR-ARP-125,LRR-ARP-125,47ඩී,House / නිවාස,2025-11-28 00:00:00,,2026-01-15 00:00:00,Landslide / නායයෑම්,Resettle / නැවත පදිංචිකිරීම,Minor / සුළුහානි,0.0,,,,,1.0,,19.0,1.0,21,,Kegalle,80.425327,7.145112
80.472895,7.126845,Kegalle,අරණායක ප්රා.ලේ.කො,දෙයියන්වල,HR3,HR3,,LRR-ARP-127,LRR-ARP-127,,House / නිවාස,2025-11-27 00:00:00,,2026-01-14 00:00:00,Landslide / නායයෑම්,Resettle / නැවත පදිංචිකිරීම,Minor / සුළුහානි,0.0,,,,,1.0,,15.0,,16,,Kegalle,80.472895,7.126845
80.408981,7.172693,Kegalle,අරණායක ප්රා.ලේ.කො,"පහළ කන්ද, කුමාරපුර",HR3,HR3,,LRR-ARP-128,LRR-ARP-128,,House / නිවාස,2025-11-28 00:00:00,,2026-01-24 00:00:00,Cutting failure / කණ්ඩි අස්ථාවරවීම්,Resettle / නැවත පදිංචිකිරීම,Minor / සුළුහානි,0.0,,,,,1.0,,9.0,,10,,Kegalle,80.408981,7.172693
80.461154,7.143537,Kegalle,අරණායක ප්රා.ලේ.කො,අරණායක,HR3,HR3,,LRR-ARP-133R,LRR-ARP-133R,,House / නිවාස,2025-11-28 00:00:00,,2026-01-22 00:00:00,Cutting failure / කණ්ඩි අස්ථාවරවීම්,Resettle / නැවත පදිංචිකිරීම,Minor / සුළුහානි,0.0,,,,,1.0,,28.0,,29,,Kegalle,80.461154,7.143537
80.436864,7.167933,Kegalle,අරණායක ප්රා.ලේ.කො,එළහිපිටිය,HR3,HR3,,LRR-ARP-134R,LRR-ARP-134R,47එෆ්,House / නිවාස,2025-11-28 00:00:00,,2026-01-25 00:00:00,Rock fall / ගල් පෙරලීම්,Resettle / නැවත පදිංචිකිරීම,Minor / සුළුහානි,0.0,,,,,1.0,,7.0,1.0,9,,Kegalle,80.436864,7.167933
80.452483,7.159801,Kegalle,අරණායක ප්රා.ලේ.කො,ගැටබෙරි කන්ද,HR3,HR3,,LRR-ARP-134,LRR-ARP-134,43බී,House / නිවාස,2025-11-27 00:00:00,,2026-02-13 00:00:00,Rock fall / ගල් පෙරලීම්,Resettle / නැවත පදිංචිකිරීම,Minor / සුළුහානි,0.0,,,,,3.0,,3.0,,6,,Kegalle,80.452483,7.159801
80.416335,7.203086,Kegalle,අරණායක ප්රා.ලේ.කො,අස්මමඩල,HR3,HR3,,LRR-ARP-136,LRR-ARP-136,16ඩී,House / නිවාස,2025-11-27 00:00:00,,2026-02-10 00:00:00,Slope failures / බැවුම් අස්ථාවරවීම්,Resettle / නැවත පදිංචිකිරීම,Minor / සුළුහානි,0.0,,,,,1.0,,1.0,,2,,Kegalle,80.416335,7.203086
80.415283,7.21846,Kegalle,අරණායක ප්රා.ලේ.කො,උඩුවෙවල,HR3,HR3,,LRR-ARP-137,LRR-ARP-137,15ඒ,House / නිවාස,2025-11-28 00:00:00,,2026-02-01 00:00:00,Slope failures / බැවුම් අස්ථාවරවීම්,Resettle / නැවත පදිංචිකිරීම,Minor / සුළුහානි,0.0,,,,,1.0,,17.0,2.0,20,,Kegalle,80.415283,7.21846
80.420246,7.174525,Kegalle,අරණායක ප්රා.ලේ.කො,"දෙබත්ගම, උඩබාගේ",HR3,HR3,,LRR-ARP-139,LRR-ARP-139,47බී,House / නිවාස,2025-11-27 00:00:00,,2026-01-24 00:00:00,Cutting failure / කණ්ඩි අස්ථාවරවීම්,Resettle / නැවත පදිංචිකිරීම,Minor / සුළුහානි,0.0,,,,,1.0,,24.0,,25,,Kegalle,80.420246,7.174525
80.426944,7.197678,Kegalle,අරණායක ප්රා.ලේ.කො,ලබුටුව,HR3,HR3,,LRR-ARP-141,LRR-ARP-141,16එෆ්,House / නිවාස,2025-11-28 00:00:00,,2026-01-29 00:00:00,Slope failures / බැවුම් අස්ථාවරවීම්,Resettle / නැවත පදිංචිකිරීම,Minor / සුළුහානි,0.0,,,,,2.0,,8.0,2.0,12,,Kegalle,80.426944,7.197678
80.465001,7.185533,Kegalle,අරණායක ප්රා.ලේ.කො,පැහිනිපැද්දර,HR3,HR3,,LRR-ARP-142,LRR-ARP-142,45සී,House / නිවාස,2025-11-29 00:00:00,,2026-01-26 00:00:00,Slope failures / බැවුම් අස්ථාවරවීම්,Resettle / නැවත පදිංචිකිරීම,Minor / සුළුහානි,0.0,,,,,1.0,,12.0,,13,,Kegalle,80.465001,7.185533
80.404363,7.20637,Kegalle,අරණායක ප්රා.ලේ.කො,වාකිරිගල,HR3,HR3,,LRR-ARP-149,LRR-ARP-149,16,House / නිවාස,2025-11-27 00:00:00,,2026-01-30 00:00:00,Landslide / නායයෑම්,Resettle / නැවත පදිංචිකිරීම,Minor / සුළුහානි,0.0,,,,,4.0,,7.0,1.0,12,,Kegalle,80.404363,7.20637
80.450609,7.226766,Kegalle,මාවනැල්ල ප්රා.ලේ.කො,කප්පාගොඩ,HR3,HR3,,LRR-MWP-44,LRR-MWP-44,18 ඒ,House / නිවාස,2025-11-28 00:00:00,,2026-01-21 00:00:00,Other / වෙනත් (වෙනත් කරුණු යටතේ සදහන් කරන්න),Resettle / නැවත පදිංචිකිරීම,Minor / සුළුහානි,,,,,,1.0,,3.0,,4,,Kegalle,80.450609,7.226766
80.513646,7.171739,Kegalle,මාවනැල්ල ප්රා.ලේ.කො,මඩොල්බෝව,HR3,HR3,,LRR-MWP-46,LRR-MWP-46,39 බී,House / නිවාස,2025-11-28 00:00:00,,2026-01-28 00:00:00,Cutting failure / කණ්ඩි අස්ථාවරවීම්,Resettle / නැවත පදිංචිකිරීම,Minor / සුළුහානි,,,,,,3.0,,19.0,,22,,Kegalle,80.513646,7.171739
80.475478,7.155531,Kegalle,අරණායක ප්රා.ලේ.කො,තෙල්ලෙක,HR3,HR3,,LRR-ARP-153,LRR-ARP-153,42බී,House / නිවාස,2025-11-27 00:00:00,,2026-02-16 00:00:00,Other / වෙනත් (වෙනත් කරුණු යටතේ සදහන් කරන්න),Resettle / නැවත පදිංචිකිරීම,Minor / සුළුහානි,0.0,,,,,3.0,,3.0,,6,,Kegalle,80.475478,7.155531
80.434521,7.178079,Kegalle,අරණායක ප්රා.ලේ.කො,හත්ගම්පල,HR3,HR3,,LRR-ARP-158,LRR-ARP-158,47,House / නිවාස,2025-11-27 00:00:00,,2026-01-28 00:00:00,Other / වෙනත් (වෙනත් කරුණු යටතේ සදහන් කරන්න),Resettle / නැවත පදිංචිකිරීම,Minor / සුළුහානි,0.0,,,,,2.0,,10.0,1.0,13,,Kegalle,80.434521,7.178079
80.495893,7.161633,Kegalle,අරණායක ප්රා.ලේ.කො,යෝදගම -,HR3,HR3,,LRR-ARP-172,LRR-ARP-172,44බී,House / නිවාස,2025-11-28 00:00:00,,2026-05-03 00:00:00,Landslide / නායයෑම්,Resettle / නැවත පදිංචිකිරීම,Minor / සුළුහානි,0.0,,,,,2.0,,6.0,6.0,14,,Kegalle,80.495893,7.161633
80.470652,7.130724,Kegalle,අරණායක ප්රා.ලේ.කො,දෙයියන්වල,HR3,HR3,,LRR ARP 192,LRR ARP 192,,,2025-11-28 00:00:00,,2026-03-06 00:00:00,Landslide / නායයෑම්,Resettle / නැවත පදිංචිකිරීම,Minor / සුළුහානි,0.0,,,,,1.0,,,,1,,Kegalle,80.470652,7.130724
80.312305,6.883908,Kegalle,දෙහිඕවිට ප්රා.ලේ.කො,ගොඩගම්පොල,HR3,HR3,,ERR - DOP 1,ERR - DOP 1,,House / නිවාස,2025-11-28 00:00:00,10:30:00,2025-12-01 00:00:00,Landslide / නායයෑම්,Resettle / නැවත පදිංචිකිරීම,Minor / සුළුහානි,,,,,,2.0,,2.0,,4,,Kegalle,80.312305,6.883908
80.253271,6.983316,Kegalle,දෙහිඕවිට ප්රා.ලේ.කො,116  අටළුගම දකුණ,HR3,HR3,,LRR DOP 6,LRR DOP 6,,House / නිවාස,2025-11-28 00:00:00,,2026-05-25 00:00:00,Slope failures / බැවුම් අස්ථාවරවීම්,Resettle / නැවත පදිංචිකිරීම,Minor / සුළුහානි,,,,,,1.0,,3.0,,4,,Kegalle,80.253271,6.983316
80.506103,7.252296,Kegalle,මාවනැල්ල ප්රා.ලේ.කො,වරකාපන,HR3,HR3,,LRR-MWP-42,LRR-MWP-42,26 ඒ-,House / නිවාස,2025-11-28 00:00:00,,2026-01-11 00:00:00,Landslide / නායයෑම්,Resettle / නැවත පදිංචිකිරීම,Minor / සුළුහානි,,,,,,1.0,,1.0,,2,,Kegalle,80.506103,7.252296
80.579835,7.290436,Kandy,යටිනුවර ප්රා.ලේ.කො,ගන්නෝරුව බටහිර,HR3,HR3,,GHD 192,GHD 192,135.0,House / නිවාස,2025-11-27 00:00:00,,2026-05-20 00:00:00,Other / වෙනත් (වෙනත් කරුණු යටතේ සදහන් කරන්න),,,0.0,බෑවුම් අස්ථාවර වීමට ඇති අවධානම,,,,1.0,,9.0,,10,,Kandy,80.579835,7.290436
80.293388,6.886828,Kegalle,දෙහිඕවිට ප්රා.ලේ.කො,පූකුණුවල -,HR3,HR3,,LRR DOP 21,LRR DOP 21,122 බී,House / නිවාස,2025-11-27 00:00:00,,2026-06-21 00:00:00,Slope failures / බැවුම් අස්ථාවරවීම්,Resettle / නැවත පදිංචිකිරීම,Minor / සුළුහානි,,,,,,1.0,,4.0,,5,,Kegalle,80.293388,6.886828
80.382581,7.08519,Kegalle,බුලත්කොහුපිටිය ප්රා.ලේ.කො,උඩපොත,HR3,HR3,,ERR - BLP - 01,ERR - BLP - 01,,House / නිවාස,2025-11-28 00:00:00,,2025-12-02 00:00:00,Landslide / නායයෑම්,Resettle / නැවත පදිංචිකිරීම,Partially / අර්ධහානි,,,,,,2.0,,5.0,,7,,Kegalle,80.382581,7.08519
80.4175,7.075833,Kegalle,බුලත්කොහුපිටිය ප්රා.ලේ.කො,පැලම්පි්පිටිය - 131බී,HR3,HR3,,LRR - BLP - 01,LRR - BLP - 01,,House / නිවාස,,,2025-12-20 00:00:00,Other / වෙනත් (වෙනත් කරුණු යටතේ සදහන් කරන්න),Resettle / නැවත පදිංචිකිරීම,Minor / සුළුහානි,,,,,,3.0,,5.0,,8,,Kegalle,80.4175,7.075833
80.670786,7.38337,Kandy,පාතදුම්බර ප්රා.ලේ.කො,යටවර කන්දේගම,HR3,HR3,,UIJ/053,UIJ/053,621.0,House / නිවාස,2025-11-27 00:00:00,,2025-12-17 00:00:00,Landslide / නායයෑම්,Resettle / නැවත පදිංචිකිරීම,Minor / සුළුහානි,,,,,,2.0,,,,2,,Kandy,80.670786,7.38337
80.708233,7.037783,Nuwara Eliya,කොත්මලේ නැගෙනහිර ප්රා.ලේ.කො,පලාගොල්ල,HR3,HR3,,NBRI/NE/KTD[East]/2026/VKG/109),NBRI/NE/KTD[East]/2026/VKG/109),474/සී,House / නිවාස,2025.11.27,,2026.07.18,Landslide / නායයෑම්,Resettle / නැවත පදිංචිකිරීම,Minor or No Damages / සුළුහානි හෝ හානි නොමැති,0.0,,,,,8.0,,27.0,,35,,Nuwara Eliya,80.708233,7.037783
80.357626,7.152341,Kegalle,බුලත්කොහුපිටිය ප්රා.ලේ.කො,පුෂ්පනේ -,HR3,HR3,,LRR-BLP-08,LRR-BLP-08,60ඩී,House / නිවාස,2025-11-27 00:00:00,,2025-12-06 00:00:00,Landslide / නායයෑම්,Resettle / නැවත පදිංචිකිරීම,Minor / සුළුහානි,,,,,,3.0,,3.0,,6,,Kegalle,80.357626,7.152341
80.710469,7.487396,Matale,රත්තොට ප්රා.ලේ.කො,බඹරකිරි ඇල්ල,HR3,HR3,,NBRO/MTL/RATHTHOTA/2026/WAES/224,NBRO/MTL/RATHTHOTA/2026/WAES/224,,House / නිවාස,2025-11-27 00:00:00,,2026-02-05 00:00:00,Slope failures / බැවුම් අස්ථාවරවීම්,,,,,,,,2.0,,2.0,,4,,Matale,80.710469,7.487396
80.373136,7.096924,Kegalle,බුලත්කොහුපිටිය ප්රා.ලේ.කො,උඩපොත 128ඊ,HR3,HR3,,LRR-BLP-11,LRR-BLP-11,128ඊ,House / නිවාස,2025-11-28 00:00:00,,2025-12-22 00:00:00,Landslide / නායයෑම්,Resettle / නැවත පදිංචිකිරීම,Minor / සුළුහානි,,,,,,6.0,,,,6,,Kegalle,80.373136,7.096924
80.507084,7.252034,Kegalle,මාවනැල්ල ප්රා.ලේ.කො,වරකාපන,HR3,HR3,,LRR-MWP-41,LRR-MWP-41,26 ඒ,House / නිවාස,2025-11-28 00:00:00,,2026-01-11 00:00:00,Other / වෙනත් (වෙනත් කරුණු යටතේ සදහන් කරන්න),Resettle / නැවත පදිංචිකිරීම,Minor / සුළුහානි,,,,,,1.0,,17.0,2.0,20,,Kegalle,80.507084,7.252034
80.42079,7.081793,Kegalle,බුලත්කොහුපිටිය ප්රා.ලේ.කො,පැලම්පිටිය,HR3,HR3,,LRR - BLP - 21,LRR - BLP - 21,,House / නිවාස,2025-11-28 00:00:00,,2025-12-25 00:00:00,Landslide / නායයෑම්,Resettle / නැවත පදිංචිකිරීම,Minor / සුළුහානි,,,,,,3.0,,22.0,,25,,Kegalle,80.42079,7.081793
80.431184,7.080401,Kegalle,බුලත්කොහුපිටිය ප්රා.ලේ.කො,පැලම්පිටිය,HR3,HR3,,LRR - BLP - 24,LRR - BLP - 24,,House / නිවාස,2025-11-28 00:00:00,,2026-01-12 00:00:00,Landslide / නායයෑම්,Resettle / නැවත පදිංචිකිරීම,Minor / සුළුහානි,,,,,,1.0,,10.0,,11,,Kegalle,80.431184,7.080401
80.411306,7.063049,Kegalle,යටියන්තොට ප්රා.ලේ.කො,බෙරන්නාව,HR3,HR3,,LRR-YTP-82,LRR-YTP-82,,House / නිවාස,2025-11-27 00:00:00,,2026-01-27 00:00:00,Landslide / නායයෑම්,Resettle / නැවත පදිංචිකිරීම,Minor / සුළුහානි,,,,,,4.0,,,,4,,Kegalle,80.411306,7.063049
80.378727,7.121676,Kegalle,බුලත්කොහුපිටිය ප්රා.ලේ.කො,නෙව්ස්මියර් ඉහල,HR3,HR3,,LRR - BLP - 33,LRR - BLP - 33,129,House / නිවාස,2025-11-28 00:00:00,,2026-01-19 00:00:00,Landslide / නායයෑම්,Resettle / නැවත පදිංචිකිරීම,Minor / සුළුහානි,,,,,,5.0,,11.0,,16,,Kegalle,80.378727,7.121676
80.346718,7.131322,Kegalle,බුලත්කොහුපිටිය ප්රා.ලේ.කො,පහළ කබගමුව,HR3,HR3,,LRR - BLP - 34,LRR - BLP - 34,60,House / නිවාස,2025-11-28 00:00:00,,2026-01-19 00:00:00,Rock fall / ගල් පෙරලීම්,Resettle / නැවත පදිංචිකිරීම,Minor / සුළුහානි,,,,,,1.0,,,,1,,Kegalle,80.346718,7.131322
80.340362,7.090572,Kegalle,බුලත්කොහුපිටිය ප්රා.ලේ.කො,ලෑවල,HR3,HR3,,LRR - BLP - 38,LRR - BLP - 38,129ඒ,House / නිවාස,2025-11-28 00:00:00,,2026-02-17 00:00:00,Slope failures / බැවුම් අස්ථාවරවීම්,Resettle / නැවත පදිංචිකිරීම,Minor / සුළුහානි,,,,,,1.0,,,,1,,Kegalle,80.340362,7.090572
80.387416,7.099842,Kegalle,බුලත්කොහුපිටිය ප්රා.ලේ.කො,නෙලුවක්කන,HR3,HR3,,LRR - BLP - 40,LRR - BLP - 40,,House / නිවාස,2025-11-27 00:00:00,,2026-03-06 00:00:00,Other / වෙනත් (වෙනත් කරුණු යටතේ සදහන් කරන්න),Resettle / නැවත පදිංචිකිරීම,Minor / සුළුහානි,,,,,,1.0,,,,1,,Kegalle,80.387416,7.099842
80.375551,7.130485,Kegalle,බුලත්කොහුපිටිය ප්රා.ලේ.කො,නේව්ස්මියර් ඉහළ,HR3,HR3,,LRR - BLP - 41,LRR - BLP - 41,129ඩී,House / නිවාස,2025-11-27 00:00:00,,2026-03-06 00:00:00,Cutting failure / කණ්ඩි අස්ථාවරවීම්,Resettle / නැවත පදිංචිකිරීම,Minor / සුළුහානි,,,,,,4.0,,8.0,,12,,Kegalle,80.375551,7.130485
80.319173,7.152707,Kegalle,බුලත්කොහුපිටිය ප්රා.ලේ.කො,ගැටියමුල්ල,HR3,HR3,,LRR - BLP - 47,LRR - BLP - 47,61,House / නිවාස,2025-11-28 00:00:00,,2026-01-28 00:00:00,Landslide / නායයෑම්,Resettle / නැවත පදිංචිකිරීම,Minor / සුළුහානි,,,,,,3.0,,5.0,,8,,Kegalle,80.319173,7.152707
80.356004,7.097797,Kegalle,බුලත්කොහුපිටිය ප්රා.ලේ.කො,කැන්දව,HR3,HR3,,LRR - BLP - 55,LRR - BLP - 55,,House / නිවාස,2025-11-28 00:00:00,,2026-06-08 00:00:00,Rock fall / ගල් පෙරලීම්,Resettle / නැවත පදිංචිකිරීම,Minor / සුළුහානි,,,,,,1.0,,5.0,,6,,Kegalle,80.356004,7.097797
80.404444,7.090391,Kegalle,බුලත්කොහුපිටිය ප්රා.ලේ.කො,උඩුව,HR3,HR3,,LRR - BLP - 59,LRR - BLP - 59,,House / නිවාස,2025-11-28 00:00:00,,2026-07-27 00:00:00,Slope failures / බැවුම් අස්ථාවරවීම්,Resettle / නැවත පදිංචිකිරීම,Minor / සුළුහානි,,,,,,1.0,,8.0,1.0,10,,Kegalle,80.404444,7.090391
80.657004,7.072908,Nuwara Eliya,කොත්මලේ නැගෙනහිර ප්රා.ලේ.කො,ගොඹුරුඔය,HR3,HR3,,NBRI/NE/KTD[East]/2026/LSG/57),NBRI/NE/KTD[East]/2026/LSG/57),473/සී,House / නිවාස,2025.11.27,,2026.07.19,Other / වෙනත් (වෙනත් කරුණු යටතේ සදහන් කරන්න),Resettle / නැවත පදිංචිකිරීම,Minor or No Damages / සුළුහානි හෝ හානි නොමැති,0.0,නිම්නය ආශ්‍රිත කලාපය/ බෑවුම් අස්ථාවරවීම,,,,1.0,,9.0,,10,,Nuwara Eliya,80.657004,7.072908
80.903239,7.014396,Nuwara Eliya,නිල්දණ්ඩහින්න ප්රා.ලේ.කො,අඹලියද්ද,HR3,HR3,,NBRI/NE/WLD[Nildandahinna]/2026/SMK/163),NBRI/NE/WLD[Nildandahinna]/2026/SMK/163),,House / නිවාස,2025.11.27,,2026.03.04,Slope failures / බැවුම් අස්ථාවරවීම්,Resettle / නැවත පදිංචිකිරීම,Minor or No Damages / සුළුහානි හෝ හානි නොමැති,,,,,,1.0,,22.0,,23,,Nuwara Eliya,80.903239,7.014396
80.341653,7.175681,Kegalle,කෑගල්ල ප්රා.ලේ.කො,ගුරුල්ලවල,HR3,HR3,,ERR - KGP - 05,ERR - KGP - 05,,House / නිවාස,2025-11-28 00:00:00,,2025-12-01 00:00:00,Landslide / නායයෑම්,Resettle / නැවත පදිංචිකිරීම,Minor / සුළුහානි,,,,,,10.0,,,,10,,Kegalle,80.341653,7.175681
80.380066,7.236159,Kegalle,කෑගල්ල ප්රා.ලේ.කො,උඩකරඩුපන,HR3,HR3,,ERR - KGP - 15,ERR - KGP - 15,,House / නිවාස,2025-11-28 00:00:00,,2025-12-09 00:00:00,Landslide / නායයෑම්,Resettle / නැවත පදිංචිකිරීම,Minor / සුළුහානි,,,,,,2.0,,,,2,,Kegalle,80.380066,7.236159
80.689495,7.510209,Matale,රත්තොට ප්රා.ලේ.කො,බෝධිකොටුව,HR3,HR3,,"NBRO/MTL/RATHTHOTA/2026/MAKS,RMSRS/216","NBRO/MTL/RATHTHOTA/2026/MAKS,RMSRS/216",E 375 A,House / නිවාස,2025-11-27 00:00:00,,2026-02-13 00:00:00,"Cutting failure / කණ්ඩි අස්ථාවරවීම්, Rock fall / ගල් පෙරලීම්, Other / වෙනත් (වෙනත් කරුණු යටතේ සදහන් කරන්න)",,,,,,,,1.0,,1.0,,2,,Matale,80.689495,7.510209
80.356699,7.170932,Kegalle,කෑගල්ල ප්රා.ලේ.කො,ගුරුගල්ලවල,HR3,HR3,,ERR - KGP - 22,ERR - KGP - 22,,House / නිවාස,2025-11-28 00:00:00,,2025-12-10 00:00:00,Landslide / නායයෑම්,Resettle / නැවත පදිංචිකිරීම,Minor / සුළුහානි,,,,,,2.0,,10.0,,12,,Kegalle,80.356699,7.170932
80.569042,7.09307,Kandy,උඩපළාත ප්රා.ලේ.කො,,HR3,HR3,,IBE/002,IBE/002,,Road / මහාමාර්ග (PRDA),,,2025-12-02 00:00:00,Cutting failure / කණ්ඩි අස්ථාවරවීම්,Resettle / නැවත පදිංචිකිරීම,,,,,,,1.0,,1.0,,2,,Kandy,80.569042,7.09307
80.549147,7.083919,Kandy,පස්බාගේ කෝරලේ ප්රා.ලේ.කො,පල්ලේගම,HR3,HR3,,DMLP 183,DMLP 183,,House / නිවාස,2025-11-27 00:00:00,,2026-03-20 00:00:00,,,,,,,,,4.0,,,,4,,Kandy,80.549147,7.083919
80.366333,7.039645,Kegalle,යටියන්තොට ප්රා.ලේ.කො,නෙළුවතුකන්ද,HR3,HR3,,LRR-YTP-125,LRR-YTP-125,,House / නිවාස,2025-11-28 00:00:00,,2025-12-11 00:00:00,Landslide / නායයෑම්,Resettle / නැවත පදිංචිකිරීම,Minor / සුළුහානි,,,,,,2.0,,,,2,,Kegalle,80.366333,7.039645
80.918221,7.055187,Nuwara Eliya,නිල්දණ්ඩහින්න ප්රා.ලේ.කො,මඩුල්ල උතුර,HR3,HR3,,NBRI/NE/WLD[Nildandahinna]/2026/DMCP/සංශෝධන/109,NBRI/NE/WLD[Nildandahinna]/2026/DMCP/සංශෝධන/109,524,House / නිවාස,2025-11-27 00:00:00,,2026-02-24 00:00:00,Slope failures / බැවුම් අස්ථාවරවීම්,Resettle / නැවත පදිංචිකිරීම,Minor or No Damages / සුළුහානි හෝ හානි නොමැති,,,,,,3.0,,9.0,,12,,Nuwara Eliya,80.918221,7.055187
80.930145,7.113376,Nuwara Eliya,නිල්දණ්ඩහින්න ප්රා.ලේ.කො,බොලගන්දාවෙල,HR3,HR3,,NBRI/NE/WLD[Nildandahinna]/2026/DSDD/174),NBRI/NE/WLD[Nildandahinna]/2026/DSDD/174),521,House / නිවාස,2025.11.27,,2026.02.24,Other / වෙනත් (වෙනත් කරුණු යටතේ සදහන් කරන්න),Resettle / නැවත පදිංචිකිරීම,Minor or No Damages / සුළුහානි හෝ හානි නොමැති,,නිම්නය අසල බෑවුම් අස්ථාවරතා,,,,1.0,,4.0,,5,,Nuwara Eliya,80.930145,7.113376
80.682824,7.065826,Nuwara Eliya,කොත්මලේ නැගෙනහිර ප්රා.ලේ.කො,නවනගරය,HR3,HR3,,NBRI/NE/KTD[East]/2026/KATD/42),NBRI/NE/KTD[East]/2026/KATD/42),471/ඒ,House / නිවාස,2025.11.27,,2026.07.08,Other / වෙනත් (වෙනත් කරුණු යටතේ සදහන් කරන්න),Resettle / නැවත පදිංචිකිරීම,Minor or No Damages / සුළුහානි හෝ හානි නොමැති,0.0,ඇළ මාර්ගය සහිත සක්‍රිය නිම්න ප්‍රදේශය තුළ නිවස පිහිටා තිබීම,,,,2.0,,10.0,,12,,Nuwara Eliya,80.682824,7.065826
80.364941,7.263211,Kegalle,කෑගල්ල ප්රා.ලේ.කො,පුවක්දෙණිය,HR3,HR3,,LRR - KGP - 06,LRR - KGP - 06,14ඒ,House / නිවාස,,,2025-12-20 00:00:00,Landslide / නායයෑම්,Resettle / නැවත පදිංචිකිරීම,Minor / සුළුහානි,0.0,,,,,2.0,,22.0,,24,,Kegalle,80.364941,7.263211
80.344187,7.255639,Kegalle,කෑගල්ල ප්රා.ලේ.කො,කෑගල්ල නගරය,HR3,HR3,,LRR - KGP - 13,LRR - KGP - 13,51බී,House / නිවාස,,,2025-12-31 00:00:00,Landslide / නායයෑම්,Resettle / නැවත පදිංචිකිරීම,Minor / සුළුහානි,0.0,,,,,4.0,,17.0,1.0,22,,Kegalle,80.344187,7.255639
80.375129,7.180572,Kegalle,කෑගල්ල ප්රා.ලේ.කො,වතුර,HR3,HR3,,LRR - KGP - 15,LRR - KGP - 15,53ඒ,House / නිවාස,2025-11-28 00:00:00,,2025-12-24 00:00:00,Landslide / නායයෑම්,Mitigation / අවදානම් අවම කිරීම,Minor / සුළුහානි,0.0,,,,,1.0,,9.0,,10,,Kegalle,80.375129,7.180572
80.85477,7.13645,Nuwara Eliya,වලපනේ ප්රා.ලේ.කො,පන්නල,HR3,HR3,,NBRI/NE/WLD/2026/DMCP/139),NBRI/NE/WLD/2026/DMCP/139),,House / නිවාස,2025.11.27,,2026.05.05,Slope failures / බැවුම් අස්ථාවරවීම්,Resettle / නැවත පදිංචිකිරීම,Minor or No Damages / සුළුහානි හෝ හානි නොමැති,,,,,,1.0,,,,1,,Nuwara Eliya,80.85477,7.13645
80.37789,7.222827,Kegalle,කෑගල්ල ප්රා.ලේ.කො,ඇවුනුගල්ල,HR3,HR3,,LRR - KGP - 16,LRR - KGP - 16,49ඒ,House / නිවාස,2025-11-27 00:00:00,,2025-12-20 00:00:00,Landslide / නායයෑම්,Resettle / නැවත පදිංචිකිරීම,Partially / අර්ධහානි,0.0,,,,,1.0,,1.0,,2,,Kegalle,80.37789,7.222827
80.358958,7.249777,Kegalle,කෑගල්ල ප්රා.ලේ.කො,මීපිටිය,HR3,HR3,,LRR - KGP - 18,LRR - KGP - 18,51ජී,House / නිවාස,2025-11-28 00:00:00,,2025-12-16 00:00:00,Landslide / නායයෑම්,Resettle / නැවත පදිංචිකිරීම,Minor / සුළුහානි,0.0,,,,,3.0,,36.0,,39,,Kegalle,80.358958,7.249777
80.382295,7.179038,Kegalle,කෑගල්ල ප්රා.ලේ.කො,වතුර,HR3,HR3,,LRR - KGP - 28,LRR - KGP - 28,54ඒ,House / නිවාස,2025-11-28 00:00:00,,2025-12-22 00:00:00,Landslide / නායයෑම්,Resettle / නැවත පදිංචිකිරීම,Minor / සුළුහානි,0.0,,,,,4.0,,3.0,,7,,Kegalle,80.382295,7.179038
80.283345,7.265062,Kegalle,වරකාපොළ ප්රා.ලේ.කො,ඈගල්ල 79,HR3,HR3,,LRR-WRP-75,LRR-WRP-75,79,House / නිවාස,2025-11-28 00:00:00,,2026-02-11 00:00:00,Slope failures / බැවුම් අස්ථාවරවීම්,Resettle / නැවත පදිංචිකිරීම,Minor / සුළුහානි,,,,,,1.0,,2.0,,3,,Kegalle,80.283345,7.265062
80.280318,7.22501,Kegalle,වරකාපොළ ප්රා.ලේ.කො,මාම්පිපිට,HR3,HR3,,LRR-WRP-76,LRR-WRP-76,80ඒ,House / නිවාස,2025-11-28 00:00:00,,2026-02-11 00:00:00,Slope failures / බැවුම් අස්ථාවරවීම්,Resettle / නැවත පදිංචිකිරීම,Minor / සුළුහානි,,,,,,1.0,,9.0,,10,,Kegalle,80.280318,7.22501
80.778737,7.404297,Kandy,පන්විල ප්රා.ලේ.කො,තවලන්තැන්න,HR3,HR3,,TPB/ 360,TPB/ 360,,House / නිවාස,2025-11-27 00:00:00,,2026-04-29 00:00:00,Other / වෙනත් (වෙනත් කරුණු යටතේ සදහන් කරන්න),,,,,,,,21.0,,,,21,,Kandy,80.778737,7.404297
80.899699,7.084999,Nuwara Eliya,නිල්දණ්ඩහින්න ප්රා.ලේ.කො,නිල්දණ්ඩාහින්න,HR3,HR3,,NBRI/NE/WLD[Nildandahinna]/2026/VK/11),NBRI/NE/WLD[Nildandahinna]/2026/VK/11),524ඊ,House / නිවාස,2025.11.27,,2026.02.13,Other / වෙනත් (වෙනත් කරුණු යටතේ සදහන් කරන්න),Resettle / නැවත පදිංචිකිරීම,Minor or No Damages / සුළුහානි හෝ හානි නොමැති,,නිම්න මාර්ගයක් ආසන්නයේ පිහිටීම,,,,2.0,,,,2,,Nuwara Eliya,80.899699,7.084999
80.338362,7.273608,Kegalle,කෑගල්ල ප්රා.ලේ.කො,සියඹලාපිටිය,HR3,HR3,,LRR-KGP-50,LRR-KGP-50,,House / නිවාස,2025-11-28 00:00:00,,2026-02-14 00:00:00,Cutting failure / කණ්ඩි අස්ථාවරවීම්,Resettle / නැවත පදිංචිකිරීම,Minor / සුළුහානි,0.0,,,,,2.0,,15.0,,17,,Kegalle,80.338362,7.273608
80.355728,7.233974,Kegalle,කෑගල්ල ප්රා.ලේ.කො,ඇකිරියගල,HR3,HR3,,LRR-KGP-46R,LRR-KGP-46R,50,House / නිවාස,2025-11-28 00:00:00,,2026-03-05 00:00:00,Other / වෙනත් (වෙනත් කරුණු යටතේ සදහන් කරන්න),Resettle / නැවත පදිංචිකිරීම,Minor / සුළුහානි,0.0,,,,,1.0,,5.0,,6,,Kegalle,80.355728,7.233974
80.398853,7.136481,Kegalle,කෑගල්ල ප්රා.ලේ.කො,ගංතුන පල්ලේගම උතුර,HR3,HR3,,LRR-KGP-53,LRR-KGP-53,,House / නිවාස,2025-11-28 00:00:00,,2026-01-07 00:00:00,Slope failures / බැවුම් අස්ථාවරවීම්,Resettle / නැවත පදිංචිකිරීම,Minor / සුළුහානි,0.0,,,,,1.0,,,,1,,Kegalle,80.398853,7.136481
80.357235,7.205909,Kegalle,කෑගල්ල ප්රා.ලේ.කො,තලේවල,HR3,HR3,,LRR-KGP-56,LRR-KGP-56,,House / නිවාස,2025-11-23 00:00:00,,2025-12-25 00:00:00,Other / වෙනත් (වෙනත් කරුණු යටතේ සදහන් කරන්න),Resettle / නැවත පදිංචිකිරීම,Minor / සුළුහානි,0.0,,,,,2.0,,2.0,,4,,Kegalle,80.357235,7.205909
80.367993,7.163404,Kegalle,කෑගල්ල ප්රා.ලේ.කො,රොටුව,HR3,HR3,,LRR-KGP-58,LRR-KGP-58,,House / නිවාස,2025-11-27 00:00:00,,2026-01-15 00:00:00,Cutting failure / කණ්ඩි අස්ථාවරවීම්,Resettle / නැවත පදිංචිකිරීම,Minor / සුළුහානි,0.0,,,,,1.0,,7.0,,8,,Kegalle,80.367993,7.163404
80.381683,7.197159,Kegalle,කෑගල්ල ප්රා.ලේ.කො,උඩුමාගම,HR3,HR3,,LRR-KGP-63,LRR-KGP-63,,House / නිවාස,2025-11-28 00:00:00,,2026-01-16 00:00:00,Landslide / නායයෑම්,Resettle / නැවත පදිංචිකිරීම,Minor / සුළුහානි,,,,,,1.0,,1.0,,2,,Kegalle,80.381683,7.197159
80.37738,7.199642,Kegalle,කෑගල්ල ප්රා.ලේ.කො,උඩුමාගම,HR3,HR3,,LRR-KGP-65,LRR-KGP-65,,House / නිවාස,2025-11-28 00:00:00,,2026-01-16 00:00:00,Slope failures / බැවුම් අස්ථාවරවීම්,Resettle / නැවත පදිංචිකිරීම,Minor / සුළුහානි,0.0,,,,,1.0,,,,1,,Kegalle,80.37738,7.199642
80.383135,7.202638,Kegalle,කෑගල්ල ප්රා.ලේ.කො,උඩුමාගම,HR3,HR3,,LRR-KGP-60,LRR-KGP-60,,House / නිවාස,2025-11-28 00:00:00,,2026-01-16 00:00:00,Landslide / නායයෑම්,Resettle / නැවත පදිංචිකිරීම,Minor / සුළුහානි,0.0,,,,,1.0,,5.0,,6,,Kegalle,80.383135,7.202638
80.336173,7.26214,Kegalle,කෑගල්ල ප්රා.ලේ.කො,වෑවලදෙණිය,HR3,HR3,,LRR-KGP-73,LRR-KGP-73,,House / නිවාස,2025-11-28 00:00:00,,2025-12-17 00:00:00,Landslide / නායයෑම්,Resettle / නැවත පදිංචිකිරීම,Minor / සුළුහානි,0.0,,,,,3.0,,3.0,1.0,7,,Kegalle,80.336173,7.26214
80.371621,7.156046,Kegalle,කෑගල්ල ප්රා.ලේ.කො,මාබෝපිටිය,HR3,HR3,,LRR-KGP-80,LRR-KGP-80,,House / නිවාස,2025-11-28 00:00:00,,2026-01-28 00:00:00,Landslide / නායයෑම්,Resettle / නැවත පදිංචිකිරීම,Minor / සුළුහානි,0.0,,,,,2.0,,7.0,,9,,Kegalle,80.371621,7.156046
80.345207,7.275046,Kegalle,කෑගල්ල ප්රා.ලේ.කො,සියඹලාපිටිය,HR3,HR3,,LRR-KGP-82,LRR-KGP-82,,House / නිවාස,2025-11-27 00:00:00,,2026-01-14 00:00:00,Landslide / නායයෑම්,Resettle / නැවත පදිංචිකිරීම,Minor / සුළුහානි,0.0,,,,,5.0,,12.0,,17,,Kegalle,80.345207,7.275046
80.379733,7.13413,Kegalle,කෑගල්ල ප්රා.ලේ.කො,තියඹරාහේන,HR3,HR3,,LRR-KGP-79,LRR-KGP-79,,House / නිවාස,2025-11-28 00:00:00,,2026-01-28 00:00:00,Slope failures / බැවුම් අස්ථාවරවීම්,Resettle / නැවත පදිංචිකිරීම,Minor / සුළුහානි,0.0,,,,,2.0,,5.0,3.0,10,,Kegalle,80.379733,7.13413
80.393605,7.166891,Kegalle,කෑගල්ල ප්රා.ලේ.කො,අලපලාවල,HR3,HR3,,LRR-KGP-88,LRR-KGP-88,,House / නිවාස,2025-11-28 00:00:00,,2026-01-19 00:00:00,Slope failures / බැවුම් අස්ථාවරවීම්,Resettle / නැවත පදිංචිකිරීම,Minor / සුළුහානි,0.0,,,,,1.0,,7.0,1.0,9,,Kegalle,80.393605,7.166891
80.40273,7.117912,Kegalle,කෑගල්ල ප්රා.ලේ.කො,ගංතුන පල්ලේගම දකුණ,HR3,HR3,,LRR-KGP-96,LRR-KGP-96,,House / නිවාස,2025-11-28 00:00:00,,2026-01-23 00:00:00,Slope failures / බැවුම් අස්ථාවරවීම්,Resettle / නැවත පදිංචිකිරීම,Minor / සුළුහානි,0.0,,,,,1.0,,2.0,,3,,Kegalle,80.40273,7.117912
80.399079,7.167546,Kegalle,කෑගල්ල ප්රා.ලේ.කො,අලපලාවල,HR3,HR3,,LRR-KGP-97,LRR-KGP-97,,House / නිවාස,2025-11-29 00:00:00,,2026-01-19 00:00:00,Slope failures / බැවුම් අස්ථාවරවීම්,Resettle / නැවත පදිංචිකිරීම,Minor / සුළුහානි,0.0,,,,,5.0,,3.0,,8,,Kegalle,80.399079,7.167546
80.331725,7.245145,Kegalle,කෑගල්ල ප්රා.ලේ.කො,පරණගම්පොළ,HR3,HR3,,LRR-KGP-101,LRR-KGP-101,,House / නිවාස,2025-11-28 00:00:00,,2026-01-22 00:00:00,Other / වෙනත් (වෙනත් කරුණු යටතේ සදහන් කරන්න),Resettle / නැවත පදිංචිකිරීම,Minor / සුළුහානි,0.0,,,,,1.0,,5.0,,6,,Kegalle,80.331725,7.245145
80.409779,7.125315,Kegalle,කෑගල්ල ප්රා.ලේ.කො,"ගංතුන, පල්ලෙගම දකුණු",HR3,HR3,,LRR-KGP-95,LRR-KGP-95,,House / නිවාස,2025-11-28 00:00:00,,2026-01-07 00:00:00,Slope failures / බැවුම් අස්ථාවරවීම්,Resettle / නැවත පදිංචිකිරීම,Minor / සුළුහානි,0.0,,,,,1.0,,2.0,,3,,Kegalle,80.409779,7.125315
80.527722,7.292318,Kandy,යටිනුවර ප්රා.ලේ.කො,වල්ගම්පාය,HR3,HR3,,DMLP / 160,DMLP / 160,,House / නිවාස,2025-11-27 00:00:00,,,Slope failures / බැවුම් අස්ථාවරවීම්,Resettle / නැවත පදිංචිකිරීම,Fully / පුර්ණහානි,0.0,,,,,2.0,,1.0,,3,,Kandy,80.527722,7.292318
80.526867,7.293514,Kandy,යටිනුවර ප්රා.ලේ.කො,වල්ගම්පාය,HR3,HR3,,DMLP / 159,DMLP / 159,,House / නිවාස,2025-11-27 00:00:00,,,Cutting failure / කණ්ඩි අස්ථාවරවීම්,Resettle / නැවත පදිංචිකිරීම,Fully / පුර්ණහානි,0.0,,,,,1.0,,1.0,,2,,Kandy,80.526867,7.293514
80.407286,7.124212,Kegalle,කෑගල්ල ප්රා.ලේ.කො,"ගංතුන, පල්ලේගම දකුණ",HR3,HR3,,LRR-KGP-115,LRR-KGP-115,,House / නිවාස,2024-11-28 00:00:00,,2025-01-23 00:00:00,Other / වෙනත් (වෙනත් කරුණු යටතේ සදහන් කරන්න),Resettle / නැවත පදිංචිකිරීම,Minor / සුළුහානි,0.0,,,,,1.0,,5.0,,6,,Kegalle,80.407286,7.124212
80.352185,7.245274,Kegalle,කෑගල්ල ප්රා.ලේ.කො,ගොළහැළ,HR3,HR3,,LRR-KGP-117,LRR-KGP-117,,House / නිවාස,2024-11-27 00:00:00,,2025-01-22 00:00:00,Other / වෙනත් (වෙනත් කරුණු යටතේ සදහන් කරන්න),Resettle / නැවත පදිංචිකිරීම,Minor / සුළුහානි,0.0,,,,,4.0,,15.0,,19,,Kegalle,80.352185,7.245274
80.363869,7.139297,Kegalle,කෑගල්ල ප්රා.ලේ.කො,උදුගොඩ,HR3,HR3,,LRR-KGP-119,LRR-KGP-119,,House / නිවාස,,,2025-01-30 00:00:00,Other / වෙනත් (වෙනත් කරුණු යටතේ සදහන් කරන්න),Resettle / නැවත පදිංචිකිරීම,Minor / සුළුහානි,0.0,,,,,1.0,,3.0,,4,,Kegalle,80.363869,7.139297
80.369704,7.247548,Kegalle,කෑගල්ල ප්රා.ලේ.කො,නිල්මල්ගොඩ,HR3,HR3,,LRR-KGP-124 ( LRR-KGP-124-A),LRR-KGP-124 ( LRR-KGP-124-A),,House / නිවාස,,,2025-02-02 00:00:00,Slope failures / බැවුම් අස්ථාවරවීම්,Resettle / නැවත පදිංචිකිරීම,Minor / සුළුහානි,0.0,,,,,1.0,,10.0,,11,,Kegalle,80.369704,7.247548
80.394902,7.121019,Kegalle,කෑගල්ල ප්රා.ලේ.කො,බෙලිහුල්වාන,HR3,HR3,,LRR-KGP-125,LRR-KGP-125,,House / නිවාස,,,2025-01-27 00:00:00,Cutting failure / කණ්ඩි අස්ථාවරවීම්,Resettle / නැවත පදිංචිකිරීම,Minor / සුළුහානි,0.0,,,,,1.0,,10.0,,11,,Kegalle,80.394902,7.121019
80.35779,7.203681,Kegalle,කෑගල්ල ප්රා.ලේ.කො,තලේවල,HR3,HR3,,LRR-KGP-133,LRR-KGP-133,,House / නිවාස,,,2026-01-28 00:00:00,Slope failures / බැවුම් අස්ථාවරවීම්,Resettle / නැවත පදිංචිකිරීම,Minor / සුළුහානි,0.0,,,,,2.0,,11.0,,13,,Kegalle,80.35779,7.203681
80.341717,7.175224,Kegalle,කෑගල්ල ප්රා.ලේ.කො,ගුරුල්ලවල,HR3,HR3,,LRR-KGP-131,LRR-KGP-131,,House / නිවාස,,,2025-01-29 00:00:00,Other / වෙනත් (වෙනත් කරුණු යටතේ සදහන් කරන්න),Resettle / නැවත පදිංචිකිරීම,Minor / සුළුහානි,0.0,,,,,2.0,,11.0,,13,,Kegalle,80.341717,7.175224
80.345383,7.217189,Kegalle,කෑගල්ල ප්රා.ලේ.කො,බුළුගහදෙණිය -,HR3,HR3,,LRR-KGP-134,LRR-KGP-134,,House / නිවාස,2025-11-27 00:00:00,,2026-01-28 00:00:00,Landslide / නායයෑම්,Resettle / නැවත පදිංචිකිරීම,Minor / සුළුහානි,0.0,,,,,3.0,,1.0,,4,,Kegalle,80.345383,7.217189
80.376525,7.224051,Kegalle,කෑගල්ල ප්රා.ලේ.කො,දීවල පල්ලේගම,HR3,HR3,,LRR-KGP-136,LRR-KGP-136,,House / නිවාස,2025-11-28 00:00:00,,2025-12-12 00:00:00,Landslide / නායයෑම්,Resettle / නැවත පදිංචිකිරීම,Minor / සුළුහානි,0.0,,,,,1.0,,17.0,,18,,Kegalle,80.376525,7.224051
80.347501,7.22227,Kegalle,කෑගල්ල ප්රා.ලේ.කො,බුළුරුප්ප,HR3,HR3,,LRR-KGP-137,LRR-KGP-137,,House / නිවාස,2025-11-28 00:00:00,,2025-12-02 00:00:00,Slope failures / බැවුම් අස්ථාවරවීම්,Resettle / නැවත පදිංචිකිරීම,Minor / සුළුහානි,0.0,,,,,2.0,,4.0,,6,,Kegalle,80.347501,7.22227
80.351176,7.27239,Kegalle,කෑගල්ල ප්රා.ලේ.කො,පුස්සල්ල,HR3,HR3,,LRR-KGP-141,LRR-KGP-141,,House / නිවාස,2025-11-27 00:00:00,,2026-02-17 00:00:00,Landslide / නායයෑම්,Resettle / නැවත පදිංචිකිරීම,Minor / සුළුහානි,0.0,,,,,1.0,,16.0,,17,,Kegalle,80.351176,7.27239
80.392891,7.164124,Kegalle,කෑගල්ල ප්රා.ලේ.කො,ඇරෑගම - 57 ඒ,HR3,HR3,,LRR-KGP-147,LRR-KGP-147,,House / නිවාස,2025-11-28 00:00:00,,2026-04-05 00:00:00,Rock fall / ගල් පෙරලීම්,Resettle / නැවත පදිංචිකිරීම,Minor / සුළුහානි,0.0,,,,,2.0,,16.0,,18,,Kegalle,80.392891,7.164124
80.386499,7.144624,Kegalle,කෑගල්ල ප්රා.ලේ.කො,හික්ගොඩ - 59,HR3,HR3,,LRR-KGP-148,LRR-KGP-148,,House / නිවාස,2025-11-28 00:00:00,,2026-04-04 00:00:00,Slope failures / බැවුම් අස්ථාවරවීම්,Resettle / නැවත පදිංචිකිරීම,Minor / සුළුහානි,0.0,,,,,2.0,,16.0,,18,,Kegalle,80.386499,7.144624
80.396604,7.151881,Kegalle,කෑගල්ල ප්රා.ලේ.කො,ඇරෑගම - 57 ඒ,HR3,HR3,,LRR-KGP-149,LRR-KGP-149,,House / නිවාස,2025-11-28 00:00:00,,2026-04-04 00:00:00,Slope failures / බැවුම් අස්ථාවරවීම්,Resettle / නැවත පදිංචිකිරීම,Minor / සුළුහානි,0.0,,,,,2.0,,,,2,,Kegalle,80.396604,7.151881
80.325291,7.245487,Kegalle,කෑගල්ල ප්රා.ලේ.කො,පරණගම්පල - 52 සී,HR3,HR3,,LRR-KGP-154,LRR-KGP-154,,House / නිවාස,2025-11-27 00:00:00,,2026-03-29 00:00:00,Landslide / නායයෑම්,Resettle / නැවත පදිංචිකිරීම,Minor / සුළුහානි,0.0,,,,,3.0,,12.0,,15,,Kegalle,80.325291,7.245487
80.377455,7.157471,Kegalle,කෑගල්ල ප්රා.ලේ.කො,අතුරුපාන - 57,HR3,HR3,,LRR-KGP-158,LRR-KGP-158,,House / නිවාස,2025-11-28 00:00:00,,2026-03-18 00:00:00,Landslide / නායයෑම්,Resettle / නැවත පදිංචිකිරීම,Minor / සුළුහානි,0.0,,,,,2.0,,7.0,,9,,Kegalle,80.377455,7.157471
80.376926,7.223446,Kegalle,කෑගල්ල ප්රා.ලේ.කො,ඇවුණුගල්ල,HR3,HR3,,LRR KGP 187,LRR KGP 187,49 ඒ,House / නිවාස,2025-11-28 00:00:00,,2026-05-05 00:00:00,Landslide / නායයෑම්,Resettle / නැවත පදිංචිකිරීම,Minor / සුළුහානි,0.0,,,,,1.0,,1.0,,2,,Kegalle,80.376926,7.223446
80.384499,7.186578,Kegalle,කෑගල්ල ප්රා.ලේ.කො,වඩුපොල,HR3,HR3,,LRR KGP 188,LRR KGP 188,,House / නිවාස,2025-11-28 00:00:00,,2026-05-06 00:00:00,Other / වෙනත් (වෙනත් කරුණු යටතේ සදහන් කරන්න),Resettle / නැවත පදිංචිකිරීම,Minor / සුළුහානි,0.0,,,,,1.0,,4.0,,5,,Kegalle,80.384499,7.186578
80.364931,6.960251,Kegalle,දැරණියගල ප්රා.ලේ.කො,උඩබාගේ,HR3,HR3,,LRR DRP 01,LRR DRP 01,,House / නිවාස,2025-11-28 00:00:00,,2025-12-06 00:00:00,Rock fall / ගල් පෙරලීම්,Resettle / නැවත පදිංචිකිරීම,Minor / සුළුහානි,,,,,,1.0,,17.0,,18,,Kegalle,80.364931,6.960251
80.497778,7.26718,Kandy,යටිනුවර ප්රා.ලේ.කො,වෙරළුගොල්ල,HR3,HR3,,DMLP/006,DMLP/006,,House / නිවාස,2025-11-27 00:00:00,,,Rock fall / ගල් පෙරලීම්,Resettle / නැවත පදිංචිකිරීම,Fully / පුර්ණහානි,0.0,,,,,7.0,,8.0,,15,,Kandy,80.497778,7.26718
80.489962,7.266358,Kandy,යටිනුවර ප්රා.ලේ.කො,බලන,HR3,HR3,,DMLP/088,DMLP/088,,House / නිවාස,2025-11-27 00:00:00,,,"Slope failures / බැවුම් අස්ථාවරවීම්, Cutting failure / කණ්ඩි අස්ථාවරවීම්",Resettle / නැවත පදිංචිකිරීම,Fully / පුර්ණහානි,0.0,,,,,1.0,,2.0,,3,,Kandy,80.489962,7.266358
80.41792,7.330469,Kegalle,රඹුක්කන ප්රා.ලේ.කො,කන්සලගමුව,HR3,HR3,,RBP 08/ LRR 59,RBP 08/ LRR 59,,House / නිවාස,2025-11-27 00:00:00,,2025-12-03 00:00:00,Landslide / නායයෑම්,Resettle / නැවත පදිංචිකිරීම,Minor / සුළුහානි,,,,,,2.0,,1.0,,3,,Kegalle,80.41792,7.330469
80.478682,7.271413,Kandy,යටිනුවර ප්රා.ලේ.කො,මොටන,HR3,HR3,,DMLP/110,DMLP/110,,House / නිවාස,2025-11-27 00:00:00,,,Other / වෙනත් (වෙනත් කරුණු යටතේ සදහන් කරන්න),Resettle / නැවත පදිංචිකිරීම,Fully / පුර්ණහානි,0.0,,,,,1.0,,1.0,,2,,Kandy,80.478682,7.271413
80.47929,7.272287,Kandy,යටිනුවර ප්රා.ලේ.කො,මොටන,HR3,HR3,,DMLP/109,DMLP/109,,House / නිවාස,2025-11-27 00:00:00,,,Cutting failure / කණ්ඩි අස්ථාවරවීම්,Resettle / නැවත පදිංචිකිරීම,Fully / පුර්ණහානි,0.0,,,,,2.0,,1.0,,3,,Kandy,80.47929,7.272287
80.488459,7.268101,Kandy,යටිනුවර ප්රා.ලේ.කො,බලන,HR3,HR3,,DMLP/085,DMLP/085,,House / නිවාස,2025-11-27 00:00:00,,,Slope failures / බැවුම් අස්ථාවරවීම්,Resettle / නැවත පදිංචිකිරීම,Fully / පුර්ණහානි,0.0,,,,,3.0,,1.0,,4,,Kandy,80.488459,7.268101
80.485986,7.268108,Kandy,යටිනුවර ප්රා.ලේ.කො,බලන,HR3,HR3,,DMLP/084,DMLP/084,,House / නිවාස,2025-11-27 00:00:00,,,Other / වෙනත් (වෙනත් කරුණු යටතේ සදහන් කරන්න),Resettle / නැවත පදිංචිකිරීම,Fully / පුර්ණහානි,0.0,,,,,2.0,,1.0,,3,,Kandy,80.485986,7.268108
80.479646,7.271436,Kandy,යටිනුවර ප්රා.ලේ.කො,මොටන,HR3,HR3,,DMLP/108,DMLP/108,,House / නිවාස,2025-11-27 00:00:00,,,,Resettle / නැවත පදිංචිකිරීම,Fully / පුර්ණහානි,0.0,,,,,1.0,,1.0,,2,,Kandy,80.479646,7.271436
80.483751,7.271846,Kandy,යටිනුවර ප්රා.ලේ.කො,බලන,HR3,HR3,,DMLP/106,DMLP/106,,House / නිවාස,2025-11-27 00:00:00,,,Cutting failure / කණ්ඩි අස්ථාවරවීම්,Resettle / නැවත පදිංචිකිරීම,Fully / පුර්ණහානි,0.0,,,,,2.0,,1.0,,3,,Kandy,80.483751,7.271846
80.434117,7.303911,Kegalle,රඹුක්කන ප්රා.ලේ.කො,දීගන කන්ද,HR3,HR3,,LRR - RBP-17,LRR - RBP-17,,House / නිවාස,2025-11-27 00:00:00,,2025-12-24 00:00:00,Slope failures / බැවුම් අස්ථාවරවීම්,Resettle / නැවත පදිංචිකිරීම,Minor / සුළුහානි,,,,,,1.0,,3.0,,4,,Kegalle,80.434117,7.303911
80.485058,7.270708,Kandy,යටිනුවර ප්රා.ලේ.කො,බලන,HR3,HR3,,DMLP/104,DMLP/104,,House / නිවාස,2025-11-27 00:00:00,,,Cutting failure / කණ්ඩි අස්ථාවරවීම්,Resettle / නැවත පදිංචිකිරීම,Fully / පුර්ණහානි,0.0,,,,,1.0,,1.0,,2,,Kandy,80.485058,7.270708
80.489786,7.272584,Kandy,යටිනුවර ප්රා.ලේ.කො,බලන,HR3,HR3,,DMLP/101,DMLP/101,,House / නිවාස,2025-11-27 00:00:00,,,Cutting failure / කණ්ඩි අස්ථාවරවීම්,Resettle / නැවත පදිංචිකිරීම,Fully / පුර්ණහානි,0.0,,,,,1.0,,1.0,,2,,Kandy,80.489786,7.272584
80.490146,7.270553,Kandy,යටිනුවර ප්රා.ලේ.කො,බලන,HR3,HR3,,DMLP/100,DMLP/100,,House / නිවාස,2025-11-27 00:00:00,,,Other / වෙනත් (වෙනත් කරුණු යටතේ සදහන් කරන්න),Resettle / නැවත පදිංචිකිරීම,Fully / පුර්ණහානි,0.0,,,,,1.0,,1.0,,2,,Kandy,80.490146,7.270553
80.491062,7.270105,Kandy,යටිනුවර ප්රා.ලේ.කො,බලන,HR3,HR3,,DMLP/099,DMLP/099,,House / නිවාස,2025-11-27 00:00:00,,,Cutting failure / කණ්ඩි අස්ථාවරවීම්,Resettle / නැවත පදිංචිකිරීම,Fully / පුර්ණහානි,0.0,,,,,1.0,,1.0,,2,,Kandy,80.491062,7.270105
80.506107,7.278548,Kandy,යටිනුවර ප්රා.ලේ.කො,උඩරත්මීවල- 196,HR3,HR3,,DMLP/098,DMLP/098,,House / නිවාස,2025-11-27 00:00:00,,,Cutting failure / කණ්ඩි අස්ථාවරවීම්,Resettle / නැවත පදිංචිකිරීම,Fully / පුර්ණහානි,0.0,,,,,1.0,,1.0,,2,,Kandy,80.506107,7.278548
80.50904,7.271205,Kandy,යටිනුවර ප්රා.ලේ.කො,අමුණුපුර,HR3,HR3,,DMLP/097,DMLP/097,,House / නිවාස,2025-11-27 00:00:00,,,Other / වෙනත් (වෙනත් කරුණු යටතේ සදහන් කරන්න),Resettle / නැවත පදිංචිකිරීම,Fully / පුර්ණහානි,0.0,,,,,1.0,,1.0,,2,,Kandy,80.50904,7.271205
80.478488,7.270428,Kandy,යටිනුවර ප්රා.ලේ.කො,මොටන,HR3,HR3,,DMLP/111,DMLP/111,,House / නිවාස,2025-11-27 00:00:00,,,Cutting failure / කණ්ඩි අස්ථාවරවීම්,Resettle / නැවත පදිංචිකිරීම,Fully / පුර්ණහානි,0.0,,,,,1.0,,1.0,,2,,Kandy,80.478488,7.270428
80.381793,7.391045,Kegalle,රඹුක්කන ප්රා.ලේ.කො,අලුගොල්ල,HR3,HR3,,LRR - RBPP-27,LRR - RBPP-27,3සී-,House / නිවාස,2025-11-29 00:00:00,,2026-01-06 00:00:00,Landslide / නායයෑම්,Resettle / නැවත පදිංචිකිරීම,Minor / සුළුහානි,,,,,,4.0,,,,4,,Kegalle,80.381793,7.391045
80.426854,7.304387,Kegalle,රඹුක්කන ප්රා.ලේ.කො,කෙම්පිටිය,HR3,HR3,,LRR - RBPP-29,LRR - RBPP-29,21 ඩී-,House / නිවාස,2025-11-28 00:00:00,,2025-12-20 00:00:00,Slope failures / බැවුම් අස්ථාවරවීම්,Resettle / නැවත පදිංචිකිරීම,Minor / සුළුහානි,,,,,,5.0,,,,5,,Kegalle,80.426854,7.304387
80.484798,7.271461,Kandy,යටිනුවර ප්රා.ලේ.කො,බලන,HR3,HR3,,DMLP/105,DMLP/105,,House / නිවාස,2025-11-27 00:00:00,,,Cutting failure / කණ්ඩි අස්ථාවරවීම්,Resettle / නැවත පදිංචිකිරීම,Fully / පුර්ණහානි,,,,,,2.0,,3.0,,5,,Kandy,80.484798,7.271461
80.723615,7.020948,Nuwara Eliya,කොත්මලේ නැගෙනහිර ප්රා.ලේ.කො,ලබුකැලේ,HR3,HR3,,NBRI/NE/KTD[East]/2026/WGMSS/108),NBRI/NE/KTD[East]/2026/WGMSS/108),474/ අයි,House / නිවාස,2025.11.27,,2026.07.02,Other / වෙනත් (වෙනත් කරුණු යටතේ සදහන් කරන්න),Resettle / නැවත පදිංචිකිරීම,Minor or No Damages / සුළුහානි හෝ හානි නොමැති,0.0,"ඇළ මාර්ගයට ඉතා ආසන්නයෙන් පිහිටීම, බෑවුම් අස්ථාවර වීමේ අවදානම",,,,1.0,,29.0,,30,,Nuwara Eliya,80.723615,7.020948
80.358028,7.371058,Kegalle,රඹුක්කන ප්රා.ලේ.කො,කුඩාගම,HR3,HR3,,LRR - RBPP-51,LRR - RBPP-51,,House / නිවාස,2025-11-28 00:00:00,,2026-01-14 00:00:00,Landslide / නායයෑම්,Resettle / නැවත පදිංචිකිරීම,Minor / සුළුහානි,,,,,,1.0,,,,1,,Kegalle,80.358028,7.371058
80.432366,7.06533,Kegalle,යටියන්තොට ප්රා.ලේ.කො,සීපොත්,HR3,HR3,,ERR - YTP - 04,ERR - YTP - 04,131ඊ,House / නිවාස,2025-11-28 00:00:00,,2025-12-07 00:00:00,Landslide / නායයෑම්,Resettle / නැවත පදිංචිකිරීම,Minor / සුළුහානි,,,,,,2.0,,,,2,,Kegalle,80.432366,7.06533
80.364815,7.356842,Kegalle,රඹුක්කන ප්රා.ලේ.කො,මැදගල්දෙණිය,HR3,HR3,,LRR - RBPP-61,LRR - RBPP-61,2 බී -,House / නිවාස,2025-11-28 00:00:00,,2026-01-29 00:00:00,Rock fall / ගල් පෙරලීම්,Resettle / නැවත පදිංචිකිරීම,Minor / සුළුහානි,,,,,,1.0,,1.0,,2,,Kegalle,80.364815,7.356842
80.406279,7.071948,Kegalle,යටියන්තොට ප්රා.ලේ.කො,බෙරන්නාව,HR3,HR3,,ERR - YTP - 01,ERR - YTP - 01,,House / නිවාස,2025-11-28 00:00:00,10:00:00,2025-12-01 00:00:00,Other / වෙනත් (වෙනත් කරුණු යටතේ සදහන් කරන්න),Resettle / නැවත පදිංචිකිරීම,Minor / සුළුහානි,,,,,,1.0,,,,1,,Kegalle,80.406279,7.071948
80.362537,7.327443,Kegalle,රඹුක්කන ප්රා.ලේ.කො,යටගම,HR3,HR3,,LRR-RBP-97,LRR-RBP-97,4 ඩී,House / නිවාස,2025-11-28 00:00:00,,2026-02-13 00:00:00,Slope failures / බැවුම් අස්ථාවරවීම්,Mitigation / අවදානම් අවම කිරීම,Minor / සුළුහානි,,,,,,1.0,,5.0,6.0,12,,Kegalle,80.362537,7.327443
80.420764,7.336817,Kegalle,රඹුක්කන ප්රා.ලේ.කො,හීනාබෝව,HR3,HR3,,LRR-RBP-110,LRR-RBP-110,,House / නිවාස,2025-12-27 00:00:00,,2026-03-22 00:00:00,Slope failures / බැවුම් අස්ථාවරවීම්,Mitigation / අවදානම් අවම කිරීම,Minor / සුළුහානි,,,,,,1.0,,9.0,,10,,Kegalle,80.420764,7.336817
80.443769,7.313801,Kegalle,රඹුක්කන ප්රා.ලේ.කො,හේනේපොල,HR3,HR3,,LRR RBP- 112,LRR RBP- 112,22 ඊ,House / නිවාස,2025-12-28 00:00:00,,2026-03-22 00:00:00,Other / වෙනත් (වෙනත් කරුණු යටතේ සදහන් කරන්න),Resettle / නැවත පදිංචිකිරීම,Minor / සුළුහානි,,,,,,2.0,,2.0,,4,,Kegalle,80.443769,7.313801
80.415103,7.307477,Kegalle,රඹුක්කන ප්රා.ලේ.කො,හලාගිරිය,HR3,HR3,,LRR RBP- 114,LRR RBP- 114,21ඒ,House / නිවාස,2025-11-28 00:00:00,,2026-04-28 00:00:00,Slope failures / බැවුම් අස්ථාවරවීම්,Mitigation / අවදානම් අවම කිරීම,Minor / සුළුහානි,,,,,,2.0,,,,2,,Kegalle,80.415103,7.307477
80.430351,7.317572,Kegalle,රඹුක්කන ප්රා.ලේ.කො,ඊරියගොල්ල,HR3,HR3,,LRR RBP- 117,LRR RBP- 117,,House / නිවාස,2025-11-24 00:00:00,,2026-04-20 00:00:00,Other / වෙනත් (වෙනත් කරුණු යටතේ සදහන් කරන්න),Mitigation / අවදානම් අවම කිරීම,Minor / සුළුහානි,,,,,,2.0,,3.0,,5,,Kegalle,80.430351,7.317572
80.406177,7.316687,Kegalle,රඹුක්කන ප්රා.ලේ.කො,බෙලිගොඩපිටිය,HR3,HR3,,LRR RBP- 122,LRR RBP- 122,,House / නිවාස,2025-11-27 00:00:00,,2026-02-26 00:00:00,Landslide / නායයෑම්,Mitigation / අවදානම් අවම කිරීම,Minor / සුළුහානි,,,,,,8.0,,11.0,,19,,Kegalle,80.406177,7.316687
80.424465,7.312319,Kegalle,රඹුක්කන ප්රා.ලේ.කො,"උඩුගම, ගොන්දෑවල",HR3,HR3,,LRR RBP- 120,LRR RBP- 120,"21බී,",House / නිවාස,2025-11-28 00:00:00,,2026-04-04 00:00:00,Cutting failure / කණ්ඩි අස්ථාවරවීම්,Mitigation / අවදානම් අවම කිරීම,Minor / සුළුහානි,,,,,,1.0,,12.0,,13,,Kegalle,80.424465,7.312319
80.437768,7.306516,Kegalle,රඹුක්කන ප්රා.ලේ.කො,දීගනකන්ද,HR3,HR3,,LRR RBP- 125,LRR RBP- 125,22 ඩී,House / නිවාස,2025-11-28 00:00:00,,2026-04-20 00:00:00,Cutting failure / කණ්ඩි අස්ථාවරවීම්,Mitigation / අවදානම් අවම කිරීම,Minor / සුළුහානි,,,,,,1.0,,6.0,,7,,Kegalle,80.437768,7.306516
80.455892,7.299521,Kegalle,රඹුක්කන ප්රා.ලේ.කො,ගංගොඩ,HR3,HR3,,LRR RBP 135,LRR RBP 135,,House / නිවාස,2025-11-28 00:00:00,,2026-04-20 00:00:00,Slope failures / බැවුම් අස්ථාවරවීම්,Resettle / නැවත පදිංචිකිරීම,Minor / සුළුහානි,,,,,,1.0,,3.0,,4,,Kegalle,80.455892,7.299521
80.412717,7.331037,Kegalle,රඹුක්කන ප්රා.ලේ.කො,කන්සලගමුව,HR3,HR3,,LRR RBP 144,LRR RBP 144,,House / නිවාස,2025-11-28 00:00:00,,2026-06-09 00:00:00,Slope failures / බැවුම් අස්ථාවරවීම්,Resettle / නැවත පදිංචිකිරීම,Minor / සුළුහානි,,,,,,1.0,,12.0,,13,,Kegalle,80.412717,7.331037
80.417337,7.294845,Kegalle,රඹුක්කන ප්රා.ලේ.කො,කිරිවන්දෙණිය,HR3,HR3,,LRR RBP 147,LRR RBP 147,,House / නිවාස,2025-11-28 00:00:00,,2026-07-20 00:00:00,Landslide / නායයෑම්,Mitigation / අවදානම් අවම කිරීම,Minor / සුළුහානි,,,,,,1.0,,1.0,,2,,Kegalle,80.417337,7.294845
80.500301,7.253921,Kegalle,මාවනැල්ල ප්රා.ලේ.කො,ගනේතැන්න,HR3,HR3,,LRR- MWP - 03,LRR- MWP - 03,,House / නිවාස,2025-11-23 00:00:00,,2025-12-22 00:00:00,Landslide / නායයෑම්,Resettle / නැවත පදිංචිකිරීම,Minor / සුළුහානි,,,,,,13.0,,17.0,,30,,Kegalle,80.500301,7.253921
80.491299,7.261693,Kegalle,මාවනැල්ල ප්රා.ලේ.කො,ගනේතැන්න,HR3,HR3,,LRR- MWP - 04,LRR- MWP - 04,,House / නිවාස,2025-11-28 00:00:00,,2025-12-26 00:00:00,Slope failures / බැවුම් අස්ථාවරවීම්,Resettle / නැවත පදිංචිකිරීම,Minor / සුළුහානි,,,,,,4.0,,9.0,1.0,14,,Kegalle,80.491299,7.261693
80.50807,7.15728,Kegalle,මාවනැල්ල ප්රා.ලේ.කො,හෙම්මාතගම,HR3,HR3,,LRR - MWP - 06,LRR - MWP - 06,,House / නිවාස,2025-11-28 00:00:00,,2025-12-23 00:00:00,Landslide / නායයෑම්,Resettle / නැවත පදිංචිකිරීම,Minor / සුළුහානි,,,,,,5.0,,2.0,,7,,Kegalle,80.50807,7.15728
80.68543,7.05121,Nuwara Eliya,කොත්මලේ නැගෙනහිර ප්රා.ලේ.කො,මල්හෑව,HR3,HR3,,NBRI/NE/KTD[East]/2026/KATD/26),NBRI/NE/KTD[East]/2026/KATD/26),472/ඒ,House / නිවාස,2025.11.27,,2026.06.09,Other / වෙනත් (වෙනත් කරුණු යටතේ සදහන් කරන්න),Resettle / නැවත පදිංචිකිරීම,Minor or No Damages / සුළුහානි හෝ හානි නොමැති,0.0,කණ්ඩි අස්ථාවරවීම බෑවුම් අස්ථාවරවීමක් දක්වා වර්ධනය,,,,3.0,,20.0,,23,,Nuwara Eliya,80.68543,7.05121
80.905645,7.127883,Nuwara Eliya,නිල්දණ්ඩහින්න ප්රා.ලේ.කො,දුලන,HR3,HR3,,NBRI/NE/WLD[Nildandahinna]/2026/DSDD/සංශෝධන/105),NBRI/NE/WLD[Nildandahinna]/2026/DSDD/සංශෝධන/105),,House / නිවාස,2025.11.27,,2026.01.28,Other / වෙනත් (වෙනත් කරුණු යටතේ සදහන් කරන්න),Resettle / නැවත පදිංචිකිරීම,Minor or No Damages / සුළුහානි හෝ හානි නොමැති,,නාය ගලන මාර්ගය,,,,2.0,,24.0,,26,,Nuwara Eliya,80.905645,7.127883
80.469224,7.292868,Kegalle,මාවනැල්ල ප්රා.ලේ.කො,ඉහළ කෝට්ටේ,HR3,HR3,,LRR-MWP-13A,LRR-MWP-13A,,House / නිවාස,2025-11-28 00:00:00,,2025-12-13 00:00:00,Landslide / නායයෑම්,Resettle / නැවත පදිංචිකිරීම,Minor / සුළුහානි,1.0,,,,,4.0,,36.0,18.0,58,,Kegalle,80.469224,7.292868
80.637969,7.091448,Nuwara Eliya,කොත්මලේ නැගෙනහිර ප්රා.ලේ.කො,නවමොරපේ,HR3,HR3,,NBRI/NE/KTD[East]/2026/KATD/29),NBRI/NE/KTD[East]/2026/KATD/29),456/ඩී,House / නිවාස,2025.11.27,,2026.06.10,Other / වෙනත් (වෙනත් කරුණු යටතේ සදහන් කරන්න),Resettle / නැවත පදිංචිකිරීම,Minor or No Damages / සුළුහානි හෝ හානි නොමැති,0.0,,,,,1.0,,39.0,,40,,Nuwara Eliya,80.637969,7.091448
80.498815,7.2545,Kegalle,මාවනැල්ල ප්රා.ලේ.කො,ගනේතැන්න,HR3,HR3,,LRR-MWP-18/ 18A,LRR-MWP-18/ 18A,25ඒ,House / නිවාස,2025-11-28 00:00:00,,2025-12-22 00:00:00,Slope failures / බැවුම් අස්ථාවරවීම්,Resettle / නැවත පදිංචිකිරීම,Minor / සුළුහානි,1.0,,,,,15.0,,7.0,3.0,25,,Kegalle,80.498815,7.2545
80.511186,7.230749,Kegalle,මාවනැල්ල ප්රා.ලේ.කො,මහන්තේගම,HR3,HR3,,LRR - MWP - 19,LRR - MWP - 19,,House / නිවාස,2025-11-28 00:00:00,,2025-12-23 00:00:00,Slope failures / බැවුම් අස්ථාවරවීම්,Resettle / නැවත පදිංචිකිරීම,Minor / සුළුහානි,,,,,,1.0,,4.0,,5,,Kegalle,80.511186,7.230749
80.520362,7.238155,Kegalle,මාවනැල්ල ප්රා.ලේ.කො,කහවන්දල,HR3,HR3,,LRR-MWP-21,LRR-MWP-21,,House / නිවාස,2025-11-28 00:00:00,,2025-12-31 00:00:00,Landslide / නායයෑම්,Resettle / නැවත පදිංචිකිරීම,Minor / සුළුහානි,,,,,,2.0,,14.0,2.0,18,,Kegalle,80.520362,7.238155
80.50667,7.219441,Kegalle,මාවනැල්ල ප්රා.ලේ.කො,26 බී හීනටිපන කන්ද,HR3,HR3,,LRR-MWP-28,LRR-MWP-28,,House / නිවාස,2025-11-28 00:00:00,,2026-01-02 00:00:00,Landslide / නායයෑම්,Resettle / නැවත පදිංචිකිරීම,Minor / සුළුහානි,,,,,,4.0,,15.0,,19,,Kegalle,80.50667,7.219441
80.191744,7.153382,Kegalle,වරකාපොළ ප්රා.ලේ.කො,උඩුවක - 97,MR,MR,,LRR-WRP-33,LRR-WRP-33,,House / නිවාස,2025-11-28 00:00:00,10:00:00,2026-01-07 00:00:00,Slope failures / බැවුම් අස්ථාවරවීම්,Mitigation / අවදානම් අවම කිරීම,Minor / සුළුහානි,,,,1.0,,,,1.0,,2,,Kegalle,80.191744,7.153382
80.618642,7.383967,Kandy,අකුරණ ප්රා.ලේ.කො,මේල්චේන,MR,MR,,HMTL/013,HMTL/013,,House / නිවාස,2025-11-28 00:00:00,,2025-11-05 00:00:00,Other / වෙනත් (වෙනත් කරුණු යටතේ සදහන් කරන්න),Mitigation / අවදානම් අවම කිරීම,,,,,,,4.0,,1.0,,5,,Kandy,80.618642,7.383967
80.84094,7.300168,Kandy,මැදදුම්බර ප්රා.ලේ.කො,රඹුක්පොත,MR,MR,,SUJ 023,SUJ 023,807,House / නිවාස,2025-11-27 00:00:00,,2026-04-03 00:00:00,Other / වෙනත් (වෙනත් කරුණු යටතේ සදහන් කරන්න),,,,,,,1.0,,,1.0,,2,,Kandy,80.84094,7.300168
80.55106,7.45426,Kurunegala,රිදීගම ප්රා.ලේ.කො,මිරිස්සල,MR,MR,,RDG,RDG,,House / නිවාස,2025-11-28 00:00:00,,2025-12-09 00:00:00,,,,,,34.0,,1.0,3.0,,22.0,,26,,Kurunegala,80.55106,7.45426
80.28712,7.349636,Kurunegala,පොල්ගහවෙල ප්රා.ලේ.කො,වීරගල,MR,MR,,PLG,PLG,948,House / නිවාස,2025-11-28 00:00:00,22:00:00,2025-12-11 00:00:00,Landslide / නායයෑම්,,,,,,,,1.0,,4.0,,5,,Kurunegala,80.28712,7.349636
80.53119,7.684905,Kurunegala,ඉබ්බාගමුව ප්රා.ලේ.කො,පන්ලියද්ද,LR,LR,,IBB,IBB,414,Local Road / ප්‍රාදේශීය මාර්ග (Minor road),2025-11-28 00:00:00,,2025-12-11 00:00:00,Cutting failure / කණ්ඩි අස්ථාවරවීම්,,,,,,1.0,,,,,1.0,2,,Kurunegala,80.53119,7.684905
80.54019,7.46737,Kurunegala,රිදීගම ප්රා.ලේ.කො,ගල්ලව,LR,LR,,RDG,RDG,"එගොඩමුල්ල, ප්‍රාථමික විද්‍යාලය, ඊරියගොල්ල",School / පාසැල,2025-11-28 00:00:00,,2025-12-08 00:00:00,Slope failures / බැවුම් අස්ථාවරවීම්,,,,,22.0,6.0,,17.0,,26.0,1.0,50,,Kurunegala,80.54019,7.46737
