Inc_Type,Type_Code,Request_No,Case_ID,District,DS_Name,Date,GND_Name,GND_No,Village,Address,Pathway,Inv_Date,Inc_Date,Inc_Time,Cause,Rain_1h,Rain_24h,Rain_Cum,Latitude,Longitude
Rock Fall,RF,NBRO/LRRMD-BDL/BDU/SORANA/LI/19/0002,BDU190171,Badulla,Soranathota,2019-01-16,Kosgolls,25D,"දොඩම් මණ්ඩිය, හුඹහමඩ ප්‍රදේශයේ සිදු වූ භූ අස්ථාවරතාවය පිළිබඳ මූලික භූ සමීක්ෂණ වාර්තාව",,,0001-01-01,0001-01-01,,,,,,7.0161378,81.0815907
Rock Fall,RF,NBRO/LRRMD-BDL/BDU/LUNUGA/LI/19/0146,BDU190316,Badulla,Lunugala,2019-08-14,Lunugala Town,94A,"වැරැල්ලපතන වත්ත, ඩුමෝ කොටස",,,0001-01-01,0001-01-01,,,,,,7.039445,81.201825
Rock Fall,RF,NBRO/LRRMD-BDL/BDU/ELLA/LI/19/0186,BDU190356,Badulla,Ella,2019-04-17,Nawela East,72A,කබරගල,,,0001-01-01,0001-01-01,,,,,,6.865914,81.04666
Rock Fall,RF,NBRO/LRRMD-BDL/BDU/ELLA/LI/19/0208,BDU190378,Badulla,Ella,2019-05-22,Ella,68B,වැවේගොඩ,,,0001-01-01,0001-01-01,,,,,,6.867394,81.02258
Rock Fall,RF,NBRO/LRRMD-BDL/BDU/PASSAR/LI/19/0250,BDU190420,Badulla,Passara,2019-05-15,Nikebedda,89H,"ආගරතැන්න ඉහළ කොටස, පැල්ගහතැන්න",,,0001-01-01,0001-01-01,,,,,,6.972233,81.140952
Rock Fall,RF,NBRO/LRRMD-BDL/BDU/HALDUM/LI/19/0260,BDU190430,Badulla,Haldummulla,2019-01-02,Kalupahana,158,"බැලුම්ගල, ගම්වසම්ගම, කළුපහන",,,0001-01-01,0001-01-01,,,,,,6.76648,80.85233
Rock Fall,RF,NBRO/LRRMD-BDL/BDU/HALDUM/LI/19/0365,BDU190535,Badulla,Haldummulla,2019-07-08,Seelathenna,158D,සීලතැන්න,,,0001-01-01,0001-01-01,,,,,,6.74783,80.87027
Rock Fall,RF,NBRO/LRRMD-BDL/BDU/ELLA/LI/20/0209,BDU200210,Badulla,Ella,2020-01-02,Nawela East,72A,"කබරගල කන්ද , නාවෙල නැගෙනහිර , ඇල්ල","කබරගල කන්ද , නාවෙල නැගෙනහිර , ඇල්ල",,2019-12-27 00:00:00,0001-01-01,,,,,,6.876763,81.101621
Rock Fall,RF,NBRO/LRRMD-BDL/BDU/ELLA/LI/20/0218,BDU200219,Badulla,Ella,2020-01-15,Ella,68B,"දුංකලවත්ත, හෙළපුපුල, ඇල්ල","දුංකලවත්ත, හෙළපුපුල, ඇල්ල",බල්ලකෙටුව - පිටපොල මාර්ගයේ පිහිටි හෙළපුපුල විහාරස්ථානය අසලින් පහළට ඇති කොන්ක්‍රීට් පඩිපෙළ මාර,2019-12-27 00:00:00,2019-12-20 00:00:00,06:30,වර්ෂා ජලය මගින් ගල් බෝල්ඩරය පාමුල සිදු වූ පාංශු ඛාදනය,,,,6.899221,81.091628
Rock Fall,RF,NBRO/LRRMD-BDL/BDU/ELLA/LI/20/0223,BDU200224,Badulla,Ella,2020-04-21,Millagama,68G,"මිල්ලගම, බැද්දෙඅරාව","මිල්ලගම, බැද්දෙඅරාව",බදුල්ල - බණ්ඩාරවෙල මාර්ගයේ මිල්ලගම මංසන්ධියේ සිට පියරපන්දෝව මාර්ගයේ 2.5 km ක් පමණ ගමන් කිරීමෙන් අද,2020-04-29 00:00:00,0001-01-01,,,,,,6.886392,81.017618
Rock Fall,RF,NBRO/LRRMD-BDL/BDU/ELLA/LI/20/0272,BDU200273,Badulla,Ella,2020-10-06,Ella,68B,"මවුන්ට් හෙවන් හෝටලය ,වැල්ලවාය මාර්ගය, ඇල්ල ,බදුල්ල","මවුන්ට් හෙවන් හෝටලය ,වැල්ලවාය මාර්ගය, ඇල්ල, බදුල්ල",,2020-02-17 00:00:00,0001-01-01,,,,,,6.85774,81.058606
Rock Fall,RF,NBRO/LRRMD-BDL/BDU/HAPUTA/LI/21/0015,BDU210037,Badulla,Haputale,2021-06-04,Galkanda,64E,"අංක 07 හි පේළි නිවාස, ගල්කන්ද , හපුතලේ වතුයාය","අංක 07 හි පේළි නිවාස, ගල්කන්ද , හපුතලේ වතුයාය",,2021-05-28 00:00:00,2021-05-22 00:00:00,,මෙම බෑවුම මත පැවති ගල් කුට්ටි ලිහිල් වීම හේතුවෙන් (අධික වර්ෂා සහිත අවස්ථාවක නොවේ),,,,6.761827,80.954067
Rock Fall,RF,NBRO/LRRMD-BDL/BDU/HALDUM/LI/21/0030,BDU210052,Badulla,Haldummulla,2021-01-04,Ampittithenna,155K,"දියලුම දිය ඇල්ල, අම්පිටිතැන්න","දියලුම දිය ඇල්ල, අම්පිටිතැන්න",,2021-01-04 00:00:00,2020-11-04 00:00:00,05:00,,,,,6.731903,81.030998
Rock Fall,RF,NBRO/LRRMD-BDL/BDU/HALDUM/LI/21/0038,BDU210060,Badulla,Haldummulla,2021-02-10,Poonagala,155P,"අංක 03, පූනාගල","අංක 03, පූනාගල",,2021-07-07 00:00:00,2021-01-12 00:00:00,,අධික වර්ෂාව,,,,6.743203,81.035567
Rock Fall,RF,NBRO/LRRMD-BDL/BDU/HALDUM/LI/21/0046,BDU210068,Badulla,Haldummulla,2021-06-08,Poonagala,155P,"BTN කොටස, පූනාගල","BTN කොටස, පූනාගල",,2021-06-22 00:00:00,0001-01-01,,,,,,6.80227199,81.0573729
Rock Fall,RF,NBRO/LRRMD-BDL/BDU/HALDUM/LI/21/0048,BDU210070,Badulla,Haldummulla,2021-09-01,Kalupahana,158,"වලකඩ, පුස්සැල්ලාව, කළුපහණ","වලකඩ, පුස්සැල්ලාව, කළුපහණ","බදුල්ල නගරයේ සිට, බදුල්ල - බණ්ඩාරවෙල මාර්ගයේ ගමන් කර, බෙරගල - හාලිඇලි මාර්ගයට පිවිස එම මාර්ගයේ ඉදි",2021-09-29 00:00:00,0001-01-01,,,,,,6.7620117,80.8566515
Rock Fall,RF,NBRO/LRRMD-BDL/BDU/PASSAR/LI/21/0185,BDU210207,Badulla,Passara,2021-08-11,Maussagolla West,87A,පස්සර - නමුණුකුල මාර්ගයේ මාවුස්සාගොල්ල පන්සල අසළ,පස්සර - නමුණුකුල මාර්ගයේ මාවුස්සාගොල්ල පන්සල අසළ,පස්සර නගරයේ සිට 2.5 km පමණ බදුල්ල දෙසට ගමන් කිරීමෙන් පසු හමුවන පස්සර නමුණුකුල මාර්ගයේ 3 km ක් පමණ නමුණ,2021-08-11 00:00:00,2021-08-10 00:00:00,21:30,,,,,6.91229,81.135917
Rock Fall,RF,NBRO/LRRMD-BDL/BDU/PASSAR/LI/21/0188,BDU210210,Badulla,Passara,2021-09-02,Puhulwatta,88J,"ගොණකැලේවත්ත ඉහළ කොටස, පුහුල්වත්ත","ගොණකැලේවත්ත ඉහළ කොටස, පුහුල්වත්ත","පස්සර - නමුණුකුල මාර්ගයේ 1.5 km පමණ ගෝණකැලේ දෙසට ගමන්කර, ඉන් අනතුරුව ගෝණකැලේ විද්‍යාලය හරහා පවතින අත",2021-10-21 00:00:00,2021-09-08 00:00:00,,,,,,6.924664,81.133111
Rock Fall,RF,NBRO/LRRMD-BDL/BDU/BANDAR/LI/21/0207,BDU210229,Badulla,Bandarawela,2021-01-01,Konthaheta,67A,"48/1, ආරියපුර, හාපත්ගමුව, බණ්ඩාර‍වෙල","48/1, ආරියපුර, හාපත්ගමුව, බණ්ඩාර‍වෙල",,2020-12-09 00:00:00,2019-11-30 00:00:00,23:30,අධික වර්ෂාපතනය,,,,6.86680257,80.9726422
Rock Fall,RF,NBRO/LRRMD-BDL/BDU/ELLA/LI/21/0445,BDU210467,Badulla,Ella,2021-10-21,Rawanaella,69F,"ඇල්ල - වැල්ලවාය පාර, රාවණා ඇල්ල අසළ","ඇල්ල - වැල්ලවාය පාර, රාවණා ඇල්ල අසළ",,2021-10-22 00:00:00,0001-01-01,,,,,,6.959164,80.854776
Rock Fall,RF,NBRO/LRRMD-BDL/BDU/MEEGAH/LI/21/0573,BDU210595,Badulla,Meegahakivula,2021-01-05,Kohana,23C,"තල්දෙන, කොහාන, උදුනු වත්ත","තල්දෙන, කොහාන, උදුනු වත්ත",,2021-03-05 00:00:00,0001-01-01,,,,,,7.100587,81.061641
Rock Fall,RF,NBRO/LRRMD-BDL/BDU/LUNUGA/LI/21/0582,BDU210604,Badulla,Lunugala,2021-03-03,Batawatta,18D,"බටවත්ත වතුයාය, කුරුවිගොල්ල","බටවත්ත වතුයාය, කුරුවිගොල්ල",,2021-03-31 00:00:00,0001-01-01,,,,,,7.058726,81.165884
Rock Fall,RF,NBRO/LRRMD-BDL/BDU/LUNUGA/LI/21/0592,BDU210614,Badulla,Lunugala,2021-11-09,Janathapura North,95A,"ජනතාපුර උතුර , මැදපතන","ජනතාපුර උතුර , මැදපතන",,2021-11-10 00:00:00,0001-01-01,,,,,,7.068318,81.180214
Rock Fall,RF,NBRO/LRRMD-BDL/BDU/SORANA/LI/22/0072,BDU220072,Badulla,Soranathota,2022-01-01,Ambagasdowa,25C,"මහකැලේ, අඹගස්දෝව, එගොඩවෙල","මහකැලේ, අඹගස්දෝව, එගොඩවෙල, බදුල්ල",,2022-01-31 00:00:00,0001-01-01,,,,,,7.04554,81.07319
Rock Fall,RF,NBRO/LRRMD-BDL/BDU/UVA-PA/LI/22/0164,BDU220165,Badulla,Uva-Paranagama,2022-01-01,Pitiyakumbura,39C,"ගල්කැටියඅරාව, බඹරපාන, ලූණුවත්ත","ගල්කැටියඅරාව, බඹරපාන, ලූණුවත්ත",වැලිමඩ - මස්පන්න ප්‍රධාන මාර්ගයේ ගමන්කොට බඹරපාන හංදියෙන් පිටියකුඹුර මාර්ගයේ ගමන්කොට ගල්කැටිය,2021-11-11 00:00:00,0001-01-01,,,,,,6.967031,80.961943
Rock Fall,RF,NBRO/LRRMD-BDL/BDU/HALI-E/LI/22/0217,BDU220218,Badulla,Hali-Ela,2022-01-17,Hethekma,75,"ලන්දේකුඹුර, හැතැක්ම, හාලිඇල","ලන්දේකුඹුර, හැතැක්ම, හාලිඇල",හාලිඇල කැටවල මාර්ගයේ හැතැක්ම මහා විද්‍යාලය අසලින් ඇති මාර්ගයේ කිලෝමීටර 2 ක් පමණ ගමන් කිරීමෙන් අ,2021-12-14 00:00:00,2021-12-05 00:00:00,14:00,වර්ෂාව,,,,6.987221,81.023008
Rock Fall,RF,NBRO/LRRMD-BDL/BDU/PASSAR/LI/22/0318,BDU220319,Badulla,Passara,2022-04-08,Maussagolla West,87A,"17 කණුව, හිඟුරේවත්ත, මාඋස්සාගොල්ල","17 කණුව, හිඟුරේවත්ත, මාඋස්සාගොල්ල",,2022-06-03 00:00:00,0001-01-01,,,,,,6.91284,81.1381
Rock Fall,RF,NBRO/LRRMD-BDL/BDU/ELLA/LI/22/0359,BDU220360,Badulla,Ella,2022-01-19,Ballaketuwa,72B,"පාසල් මාවත, බල්ලකැටුව","පාසල් මාවත, බල්ලකැටුව",,2021-11-02 00:00:00,0001-01-01,,,,,,6.86243,81.09382
Rock Fall,RF,NBRO/LRRMD-BDL/BDU/ELLA/LI/22/0382,BDU220383,Badulla,Ella,2022-04-06,Rawanaella,69F,රාවණාඇල්ල ග්‍රාම නිලධාරී වසමේ මවුන්ට්  හෙවන් හෝටලය අසළ,රාවණාඇල්ල ග්‍රාම නිලධාරී වසමේ මවුන්ට්  හෙවන් හෝටලය අසළ,,2022-04-06 00:00:00,2022-04-05 00:00:00,19:00,,,,,6.871164,81.045898
Rock Fall,RF,NBRO/LRRMD-BDL/BDU/HALDUM/LI/22/0406,BDU220407,Badulla,Haldummulla,2022-01-01,Beragala,157B,ඉදල්ගස්හින්න වතුයාය,"ඉදල්ගස්හින්න වතුයාය පහළ කොටසේ, පේළි නිවාස අංක 26",,2022-01-04 00:00:00,0001-01-01,,,,,,6.775303,80.891987
Rock Fall,RF,NBRO/LRRMD-BDL/BDU/HALI-E/LI/22/0599,BDU221280,Badulla,Hali-Ela,2022-12-14,Hethekma,75,"හැතැක්ම, එරමුදුගොල්ල, වරල්කැටිය.","එරමුදුගොල්ල, ඉලිපතුගොඩ ඇල්ල, හැතැක්ම.",,2022-11-15 00:00:00,0001-01-01,,අධික වර්ෂාව,,,,6.9894288,81.017723
Rock Fall,RF,NBRO/LRRMD-BDL/BDU/ELLA/LI/23/0068,BDU230272,Badulla,Ella,2023-03-21,Dodamgolla,71B,දොඩම්ගොල්ල,"කම්බි අඩි පාර, දොඩම්ගොල්ල, බල්ලකෙටුව.",බල්ලකෙටුව නගරයේ සිට බල්ලකෙටුව-දොඩම්ගොල්ල මාර්ගයේ 7 km ක් පමණ  ගමන් කළ යුතුය.,2023-03-08 00:00:00,2023-03-01 00:00:00,17:30,,,,,6.843261,81.122149
Rock Fall,RF,NBRO/LRRMD-BDL/BDU/WELIMA/LI/23/0098,BDU230366,Badulla,Welimada,2023-04-25,Hewanakumbura,50F,"අලුත් කොළණිය, සිල්මියාපුර.","අලුත් කොළණිය, සිල්මියාපුර.",වැලිමඩ නුවරඑළිය මාර්ගයේ ගමන් කොට සිල්මියාපුර නගරයෙන් මැදකොලනිය දක්වා වූ අතුරු මාර්ගයේ ගමන් කි,2023-03-02 00:00:00,0001-01-01,,අධික වර්ෂාව සහ ඉහල බැවුමේ අස්ථාවර ගල් කුට්ටි පිහිටා තිබීම,,,,6.921114,80.8367
Rock Fall,RF,NBRO/LRRMD-BDL/BDU/PASSAR/LI/23/0115,BDU230406,Badulla,Passara,2023-05-16,Kanawerella East,87D,පස්සර නමුණුකුල මාර්ගයේ 13 කණුව ප්‍රදේශය,පස්සර නමුණුකුල මාර්ගයේ 13 කණුව ප්‍රදේශය,,2023-05-03 00:00:00,2023-05-02 00:00:00,,,,,,6.891013,81.120583
Rock Fall,RF,NBRO/LRRMD-BDL/BDU/HALDUM/LI/23/0193,BDU230588,Badulla,Haldummulla,2023-07-12,Mahakanda,155N,"අම්පිටිකන්ද වත්ත, මල්වර්න් කොටස, මහකන්ද.","අම්පිටිකන්ද වත්ත, මල්වර්න් කොටස, මහකන්ද.",,2023-05-16 00:00:00,2023-05-04 00:00:00,,,,,,6.770113,81.040222
Rock Fall,RF,NBRO/LRRMD-BDL/BDU/PASSAR/LI/23/0221,BDU230685,Badulla,Passara,2023-08-09,Pelgahathenna,89G,"ශාන්ත නිවස.නවජනපදය, පැල්ගහතැන්න","ශාන්ත නිවස.නවජනපදය, පැල්ගහතැන්න",බදුල්ල පස්සර මාර්ගයේ කිලෝමිටර් 14ක් පමණ ගමන් කිරීමේදී හමුවන පැල්ගහතැන්න මහා විද්‍යාලයට ගමන් ගන,2023-02-06 00:00:00,0001-01-01,,,,,,6.944743,81.1387938
Rock Fall,RF,NBRO/LRRMD-BDL/BDU/HALI-E/LI/23/0257,BDU230866,Badulla,Hali-Ela,2023-09-08,Dickwella,74,"43, ගොවිපල පාර, අන්තලාව, හාලිඇල","43, ගොවිපල පාර, අන්තලාව, හාලිඇල",බදුල්ල නගරයේ සිට හාලිඇල දෙසට වන මාර්ගයේ ගමන් කර හාලිඇල  පිහිටි IOC ඉන්ධන පිරවුම්හල අසළින් වම් අත ද,2023-09-21 00:00:00,0001-01-01,,,,,,6.961608,81.03718
Rock Fall,RF,NBRO/LRRMD-BDL/BDU/ELLA/LI/23/0259,BDU230869,Badulla,Ella,2023-03-31,Piyarapandowa,68H,"පියරපන්දෝව, ඉලුක්වත්ත","පියරපන්දෝව, ඉලුක්වත්ත",,2023-03-29 00:00:00,2023-03-28 00:00:00,,,,,,6.900054,81.018429
Rock Fall,RF,NBRO/LRRMD-BDL/BDU/BANDAR/LI/23/0263,BDU230913,Badulla,Bandarawela,2023-03-03,Liyangahawela Watta,70D,"බලගලඇල්ල, ලියන්ගහවෙල","අංක 31 A, බලගලඇල්ල, ලියන්ගහවෙල",,2023-07-26 00:00:00,0001-01-01,,,,,,6.813281,81.026275
Rock Fall,RF,NBRO/LRRMD-BDL/BDU/ELLA/LI/23/0347,BDU231092,Badulla,Ella,2023-10-10,Nawela East,72A,"සේරපතන, නාවෙල නැගෙනහිර","සේරපතන, මිරිස්හේන",,2023-10-16 00:00:00,2023-10-15 00:00:00,,,,,,6.873056,81.097328
Rock Fall,RF,NBRO/LRRMD-BDL/BDU/HALDUM/LI/24/0031,BDU240043,Badulla,Haldummulla,2024-01-03,Beragala,157B,"බ්ලැක්වුඩ්, හල්දුම්මුල්ල","බ්ලැක්වුඩ් දෙමළ විදුහල, හල්දුම්මුල්ල",,2024-01-03 00:00:00,0001-01-01,,අධික වර්ෂාව,,,,6.7650538,80.9261053
Rock Fall,RF,NBRO/LRRMD-BDL/BDU/MEEGAH/LI/24/0102,BDU240249,Badulla,Meegahakivula,2024-03-04,Ellekanda,16C,"ඇල්ලන්ද, කළුගහකදුර, මීගහකිවුල","ඇල්ලන්ද, කළුගහකදුර, මීගහකිවුල",-,0001-01-01,0001-01-01,,,,,,7.1153541,81.1058184
Rock Fall,RF,NBRO/LRRMD-BDL/BDU/MEEGAH/LI/24/0104,BDU240251,Badulla,Meegahakivula,2024-03-04,Ellekanda,16C,"කළුගහකදුර, මීගහකිවුල","කළුගහකදුර, මීගහකිවුල",-,0001-01-01,0001-01-01,,,,,,7.122859,81.0991159
Rock Fall,RF,NBRO/LRRMD-BDL/BDU/MEEGAH/LI/24/0107,BDU240255,Badulla,Meegahakivula,2024-03-04,Ellekanda,16C,"ඇල්ලන්ද, කළුගහකදුර, මීගහකිවුල","ඇල්ලන්ද, කළුගහකදුර, මීගහකිවුල",-,0001-01-01,0001-01-01,,,,,,7.1049783,81.1068571
Rock Fall,RF,NBRO/LRRMD-BDL/BDU/LUNUGA/LI/24/0202,BDU240499,Badulla,Lunugala,2024-05-03,Udakiruwa,92A,"කන්දෙගෙදර, උඩකිරුව, ලුණුගල","1. කන්දේ ගෙදර, උඩ කිරුව, ලුණුගල 2. වතුපිටියේ ගෙදර, උඩ කිරුව, ලුණුගල",ලුණුගල - බිබිල මාර්ගයෙන් උඩපන්ගුව මාර්ගයට හැරී කිලෝමීටර 5ක් පමණ යනවිට වම් පසට හමුවන කොන්ක්‍රීට්,2024-05-02 00:00:00,2024-03-20 00:00:00,,,,,,7.074909,81.229348
Rock Fall,RF,NBRO/LRRMD-BDL/BDU/BADULL/LI/24/0215,BDU240513,Badulla,Badulla,2024-05-06,Udawela,80D,"අංක 3/2, ජනවසම පාර, 03 කණුව, පස්සර පාර, බදුල්ල","අංක 3/2, ජනවසම පාර, 03 කණුව, පස්සර පාර, බදුල්ල",,0001-01-01,0001-01-01,,,,,,6.970085,81.084818
Rock Fall,RF,NBRO/LRRMD-BDL/BDU/HALDUM/LI/24/0543,BDU241516,Badulla,Haldummulla,2024-11-05,Viharagala,157G,"රාම ක්‍රිෂ්ණවත්ත, ඉහළ කොටස",,,2024-11-05 00:00:00,2024-11-04 00:00:00,,,,,,6.76773,80.93187
Rock Fall,RF,NBRO/LRRMD-BDL/BDU/HALDUM/LI/24/0546,BDU241523,Badulla,Haldummulla,2024-01-01,Gamhapa,154,"මාවෙලගම, ඌව මාවෙලගම",,,2024-01-13 00:00:00,0001-01-01,,,,,,6.718343,81.036846
Rock Fall,RF,NBRO/LRRMD-BDL/BDU/SORANA/LI/24/0618,BDU241749,Badulla,Soranathota,2024-12-20,Rideepana,26C,"ඉහළ මැඩිතලේ, රිදීපාන",,,2024-11-29 00:00:00,0001-01-01,,,,,,7.023028,81.054646
Rock Fall,RF,NBRO/LRRMD-BDL/BDU/WELIMA/LI/24/0620,BDU241753,Badulla,Welimada,2024-12-20,Kalubululanda,51A,කලුබුලුලන්ද ග්‍රාමනිලධාරී වසම ආශ්‍රිතව පවතින භූ අස්ථාවරතාව,කලුබුලුලන්ද ග්‍රාමනිලධාරී වසම ආශ්‍රිතව පවතින භූ අස්ථාවරතාව,,2024-12-05 00:00:00,2024-11-23 00:00:00,03:00,,,,,6.878278,80.89439
Rock Fall,RF,NBRO/LRRMD-BDL/BDU/BANDAR/LI/25/0291,BDU250981,Badulla,Bandarawela,2025-07-08,Liyangahawela,70A,"ලියන්ගහවෙල වතුයාය, පේළි නිවාස, බණ්ඩාරවෙල",,,2025-07-01 00:00:00,0001-01-01,,,,,,6.803169,81.03281
Rock Fall,RF,NBRO/LRRMD-BDL/BDU/HALDUM/LI/25/0322,BDU251125,Badulla,Haldummulla,2025-07-30,Ranasinghegama,155H,"පෙට්ටිගල වත්ත, රණසිංහගම","පෙට්ටිගල වත්ත, රණසිංහගම",,2025-07-16 00:00:00,0001-01-01,,,,,,6.751622,81.001663
Rock Fall,RF,NBRO/LRRMD-BDL/BDU/HALDUM/LI/25/0393,BDU251649,Badulla,Haldummulla,2025-10-09,Viharagala,157G,"උඩගල්කන්ද, නිකපොත","උඩගල්කන්ද, නිකපොත",,2025-10-09 00:00:00,0001-01-01,,,,,,6.748736,80.949357
Rock Fall,RF,NBRO/LRRMD-CMB/CMB/PADUKK/LI/19/0025,CMB190026,Colombo,Padukka,2019-01-01,Thummodara,458A,"111, Puwakpitiya Road, Puwakpiyia","111, Puwakpitiya Road, Thummodara",,2019-05-27,2018-10-15 00:00:00,,,,,,6.86565,80.16817
Rock Fall,RF,NBRO/LRRMD-CMB/CMB/SEETHA/LI/21/0006,CMB210002,Colombo,Seethawaka,2021-05-10,Avissawella,432,"57/70, 2nd Lane, Vidyalaya Road,Awissawella","57/70, 2nd Lane, Vidyalaya Road,Awissawella",,2021-04-30,2021-04-29 00:00:00,,,,,,6.95864,80.21402
Rock Fall,RF,NBRO/LRRMD-CMB/CMB/PADUKK/LI/21/0074,CMB210035,Colombo,Padukka,2021-03-22,Beruketiya,464D,"310/76,Nisala Sevana,Beruketiya,Kiriwattuduwa","310/76,Nisala Sevana,Beruketiya,Kiriwattuduwa",,2021-03-24,2016-05-29 00:00:00,01:30,,,,,6.796126,80.061921
Rock Fall,RF,NBRO/LRRMD-GLE/GLE/ELPITI/LI/19/0015,GLE190015,Galle,Elpitiya,2019-10-17,Igala Thalawa,26B,"කන්ද අද්දර පාර, ඉගල, ඇල්පිටිය","කන්ද අද්දර පාර, ඉගල, ඇල්පිටිය",,2019-10-17 00:00:00,0001-01-01,,,,,,6.284103,80.161165
Rock Fall,RF,NBRO/LRRMD-GLE/GLE/NAGODA/LI/19/0056,GLE190056,Galle,Nagoda,2019-10-30,Aluth Thanayamgoda Pahala West,215B,"කුඹුරුහේන, මාපලගම මධ්‍යම","කුඹුරුහේන, මාපලගම මධ්‍යම",,2019-10-30 00:00:00,0001-01-01,,,,,,6.241209,80.289735
Rock Fall,RF,NBRO/LRRMD-GLE/GLE/YAKKLM/LI/20/0004,GLE200004,Galle,Yakkalamulla,2020-12-15,Nabadawa,178A,"මලන්දෙණිය, යක්කලමුල්ල","මලන්දෙණිය, යක්කලමුල්ල",,2021-05-19 00:00:00,0001-01-01,,,,,,6.106916,80.368818
Rock Fall,RF,NBRO/LRRMD-GLE/GLE/ELPITI/LI/20/0102,GLE200102,Galle,Elpitiya,2020-08-21,Wallambagala North,27E,"ගලාඩුකන්ද, කැටන්දොල, තල්ගස්පෙ","ගලාඩුකන්ද, කැටන්දොල, තල්ගස්පෙ",,2020-10-19 00:00:00,0001-01-01,,,,,,6.291351,80.192189
Rock Fall,RF,NBRO/LRRMD-GLE/GLE/ELPITI/LI/20/0105,GLE200105,Galle,Elpitiya,2020-01-03,Elpitiya East,25C,"වතුරවලකන්ද, ගනේගොඩ","වතුරවලකන්ද, ගනේගොඩ",,2021-02-16 00:00:00,0001-01-01,,,,,,6.317438,80.168732
Rock Fall,RF,NBRO/LRRMD-GLE/GLE/ELPITI/LI/20/0109,GLE200108,Galle,Elpitiya,2020-01-03,Elpitiya East,25C,"වතුරවලකන්ද, ගනේගොඩ",,,2021-02-16 00:00:00,0001-01-01,,,,,,6.318642,80.167999
Rock Fall,RF,NBRO/LRRMD-GLE/GLE/ELPITI/LI/20/0110,GLE200109,Galle,Elpitiya,2020-01-03,Elpitiya East,25C,"545, වතුරවිල කන්ද, ගනේගොඩ","545, වතුරවිල කන්ද, ගනේගොඩ",,2021-02-16 00:00:00,0001-01-01,,,,,,6.318362,80.168396
Rock Fall,RF,NBRO/LRRMD-GLE/GLE/ELPITI/LI/20/0114,GLE200113,Galle,Elpitiya,2020-01-15,Ella Thanabaddegama,26,"50/A, ඇල්ල, තණබද්දේගම, ඇල්පිටිය","50/A, ඇල්ල, තණබද්දේගම, ඇල්පිටිය",,2021-06-14 00:00:00,0001-01-01,,,,,,6.2431451,80.16644875
Rock Fall,RF,NBRO/LRRMD-GLE/GLE/ELPITI/LI/20/0157,GLE200156,Galle,Elpitiya,2020-08-31,Dikhena,31C,"දික්හේන, තිබ්බටුවාව","දික්හේන, තිබ්බටුවාව",,2019-10-17 00:00:00,0001-01-01,,,,,,6.237546,80.240866
Rock Fall,RF,NBRO/LRRMD-GLE/GLE/WELIVI/LI/20/0162,GLE200161,Galle,Welivitiya-Divithura,2020-03-31,Divithura East,223A,"කිරිමැටිමුල්ල, නුගේතොට පාර, දිවිතුර, ඇත්කඳුර","කිරිමැටිමුල්ල, නුගේතොට පාර, දිවිතුර, ඇත්කඳුර",,2020-03-04 00:00:00,0001-01-01,,,,,,6.215528,80.171649
Rock Fall,RF,NBRO/LRRMD-GLE/GLE/WANDUR/LI/20/0189,GLE200188,Galle,Wanduramba,2020-09-07,Gulugahakanda,221B,බද්දේගම ප්‍රජා මඩු කන්ද,බද්දේගම ප්‍රජා මඩු කන්ද,,2020-11-03 00:00:00,0001-01-01,,,,,,6.132125,80.275308
Rock Fall,RF,NBRO/LRRMD-GLE/GLE/THAWAL/LI/20/0221,GLE200220,Galle,Thawalama,2020-01-02,Dammala Colony,228E,"දාම්මල ජනපදය, හල්විටිගල ජනපදය, ගාල්ල","දාම්මල ජනපදය, හල්විටිගල ජනපදය, ගාල්ල",,2020-10-14 00:00:00,0001-01-01,,,,,,6.30951,80.36415
Rock Fall,RF,NBRO/LRRMD-GLE/GLE/THAWAL/LI/20/0226,GLE200225,Galle,Thawalama,2020-09-25,Ela Ihala,230B,"හබරකඩ, ඇළ ඉහළ, කොටහොරදොල, තවලම","හබරකඩ, ඇළ ඉහළ, කොටහොරදොල, තවලම",,2020-10-14 00:00:00,0001-01-01,,,,,,6.39202,80.29683
Rock Fall,RF,NBRO/LRRMD-GLE/GLE/KARAND/LI/21/0002,GLE210002,Galle,Karandeniya,2021-02-12,Jayabima,93E,"අංක 395/1, ආවාසය අසල, ජයබිම","අංක 395/1, ආවාසය අසල, ජයබිම",,2021-04-07 00:00:00,0001-01-01,,,,,,6.25400183,80.13756604
Rock Fall,RF,NBRO/LRRMD-GLE/GLE/BALAPI/LI/21/0010,GLE210010,Galle,Balapitiya,2021-11-17,Balapitiya,89,"336/2, ගල්මන්දුව, බලපිටිය","336/2, ගල්මන්දුව, බලපිටිය",,2021-11-24 00:00:00,0001-01-01,,,,,,6.2841512,80.051277
Rock Fall,RF,NBRO/LRRMD-GLE/GLE/HABARA/LI/21/0011,GLE210011,Galle,Habaraduwa,2021-11-16,Dodampe,143,"රංවලගොඩ පුරාණ විහාරය, හීනටිගල, තල්පේ","රංවලගොඩ පුරාණ විහාරය, හීනටිගල, තල්පේ",,2021-11-09 00:00:00,0001-01-01,,,,,,6.0211716,80.279771
Rock Fall,RF,NBRO/LRRMD-GLE/GLE/MADAMP/LI/21/0017,GLE210017,Galle,Madampagama,2021-11-08,Galagoda East,78A,"469, ගැලවීමේ හමුදා නිවාසය, ගලගොඩවත්ත, ගලගොඩ, කුලීගොඩ","469, ගැලවීමේ හමුදා නිවාසය, ගලගොඩවත්ත, ගලගොඩ, කුලීගොඩ",,2021-11-08 00:00:00,0001-01-01,,,,,,6.213949,80.082195
Rock Fall,RF,NBRO/LRRMD-GLE/GLE/YAKKLM/LI/21/0036,GLE210036,Galle,Yakkalamulla,2021-06-16,Nawala,177B,"පියනන්දන, නාවල, නාකියාදෙණිය","පියනන්දන, නාවල, නාකියාදෙණිය",,2021-05-19 00:00:00,0001-01-01,,,,,,6.13774477,80.3098781
Rock Fall,RF,NBRO/LRRMD-GLE/GLE/YAKKLM/LI/21/0046,GLE210046,Galle,Yakkalamulla,2021-11-10,Nabadawa,178A,"22D/1, මලන්දෙණිය, යක්කලමුල්ල","22D/1, මලන්දෙණිය, යක්කලමුල්ල",,2021-11-10 00:00:00,0001-01-01,,,,,,6.106858,80.364671
Rock Fall,RF,NBRO/LRRMD-GLE/GLE/YAKKLM/LI/21/0048,GLE210048,Galle,Yakkalamulla,2021-12-20,Yatamalagala,178D,"බ්ලැක්වුඩ් බාරේ,යටමලගල, යක්කලමුල්ල","බ්ලැක්වුඩ් බාරේ,යටමලගල, යක්කලමුල්ල",,2021-12-19 00:00:00,0001-01-01,,,,,,6.100761,80.371124
Rock Fall,RF,NBRO/LRRMD-GLE/GLE/BADDEG/LI/21/0103,GLE210103,Galle,Baddegama,2021-11-16,Pilagoda,187A,"ගා/ පිළගොඩ කණිෂ්ඨ විද්‍යාලය, පිළගොඩ","ගා/ පිළගොඩ කණිෂ්ඨ විද්‍යාලය, පිළගොඩ",,2022-01-26 00:00:00,0001-01-01,,,,,,6.149902,80.205263
Rock Fall,RF,NBRO/LRRMD-GLE/GLE/BOPE-P/LI/21/0195,GLE210197,Galle,Bope-Poddala,2021-04-23,Ambagahawatta,114D,"අංක 20/2,  බැද්ද පාර, ලබුදුව, අක්මීමන","අංක 20/2,  බැද්ද පාර, ලබුදුව, අක්මීමන",,2021-06-08 00:00:00,0001-01-01,,,,,,6.06891,80.236317
Rock Fall,RF,NBRO/LRRMD-GLE/GLE/THAWAL/LI/21/0202,GLE210204,Galle,Thawalama,2021-01-11,Habarakada West,230A,"කපල්ල හන්දිය, හබරකඩ බටහිර, තවලම","කපල්ල හන්දිය, හබරකඩ බටහිර, තවලම",,2021-02-17 00:00:00,0001-01-01,,,,,,6.34979,80.322266
Rock Fall,RF,NBRO/LRRMD-GLE/GLE/NAGODA/LI/21/0305,GLE210307,Galle,Nagoda,2021-05-18,Marakanda,214D,"214/D, මලාමුර, මාරකන්ද, මාපලගම","214/D, මලාමුර, මාරකන්ද, මාපලගම",,2021-06-07 00:00:00,0001-01-01,,,,,,6.284945,80.276947
Rock Fall,RF,NBRO/LRRMD-GLE/GLE/NIYAGA/LI/21/0369,GLE210371,Galle,Niyagama,2021-06-22,Boraluwahena,33B,"ඉහලහෙවෙස්ස පාර, බොරළු හේන, පිටිගල","ඉහලහෙවෙස්ස පාර, බොරළු හේන, පිටිගල",,2021-06-22 00:00:00,0001-01-01,,,,,,6.3558,80.254163
Rock Fall,RF,NBRO/LRRMD-GLE/GLE/ELPITI/LI/21/0443,GLE210445,Galle,Elpitiya,2021-03-21,Pahala Omatta,28,"කන්දෙගොඩ, පහළඹ්මන්ත, ගනේගොඩ",,,2021-03-31 00:00:00,0001-01-01,,,,,,6.33456,80.176603
Rock Fall,RF,NBRO/LRRMD-GLE/GLE/ELPITI/LI/21/0453,GLE210455,Galle,Elpitiya,2021-08-02,Ketandola Udovita,31G,"පුබුදුගම, 12 කණුව, කැටන්දොළ","පුබුදුගම, 12 කණුව, කැටන්දොළ",,2021-09-09 00:00:00,0001-01-01,,,,,,6.3094095,80.184745
Rock Fall,RF,NBRO/LRRMD-GLE/GLE/BADDEG/LI/21/0461,GLE210463,Galle,Baddegama,2021-01-04,Baddegama Town,184B,"කඩේගෙදරවත්ත, බද්දේගම","කඩේගෙදරවත්ත, බද්දේගම",,2021-01-19 00:00:00,0001-01-01,,,,,,6.175518,80.181544
Rock Fall,RF,NBRO/LRRMD-GLE/GLE/BADDEG/LI/21/0465,GLE210467,Galle,Baddegama,2021-01-04,Yahaladoowa,186B,"කරවිල වැල්දුව, යහලදුව, බද්දේගම","කරවිල වැල්දුව, යහලදුව, බද්දේගම",,2020-11-21 00:00:00,0001-01-01,,,,,,6.163992,80.12265
Rock Fall,RF,NBRO/LRRMD-GLE/GLE/GALLFG/LI/22/0251,GLE220003,Galle,Galle Four Gravets,2022-06-03,Weliwatta,97A,වැලිවත්ත,"26/49A, වක්වැල්ල පාර, ගාල්ල","යෝජිත ස්ථානය වෙත ළඟාවීම සඳහා ගාල්ල නගරයේ සිට වක්වැල්ල මාර්ගයෙහි වක්වැල්ල දෙසට ගමන් කිරීමේදී, ක",2022-06-05 00:00:00,2022-06-02 00:00:00,10:00,අධික වර්ෂාපතනය හා කුස්තූර තල ඔස්සේ වෙන්වීම,,,,6.03611,80.217341
Rock Fall,RF,NBRO/LRRMD-GLE/GLE/BADDEG/LI/22/0035,GLE220071,Galle,Baddegama,2022-04-07,Ganegama East,220A,"නො 100, ඉසුරුපුර, ඉඳිගස්කැටිය, බද්දේගම","නො 100, ඉසුරුපුර, ඉඳිගස්කැටිය, බද්දේගම",,2022-05-03 00:00:00,0001-01-01,,,,,,6.13841,80.19081
Rock Fall,RF,NBRO/LRRMD-GLE/GLE/AKMEEM/LI/22/0078,GLE220146,Galle,Akmeemana,2022-03-03,Ganegoda,118,"වැලිකැටියවත්ත, ගනේගොඩ, අක්මීමන","වැලිකැටියවත්ත, ගනේගොඩ, අක්මීමන",,2022-03-24 00:00:00,0001-01-01,,,,,,6.0863719,80.244293
Rock Fall,RF,NBRO/LRRMD-GLE/GLE/NIYAGA/LI/22/0094,GLE220173,Galle,Niyagama,2022-02-28,Weihena,32,"කෝවිල්ගොඩ, වැයිහේන, මත්තක","කෝවිල්ගොඩ, වැයිහේන, මත්තක",,2022-03-22 00:00:00,0001-01-01,,,,,,6.309865,80.238355
Rock Fall,RF,NBRO/LRRMD-GLE/GLE/NIYAGA/LI/22/0096,GLE220175,Galle,Niyagama,2022-05-12,Amaragama,31B/2,"ජයලත්ගොඩ, නාරංඹ්විට, පොරවගම","ජයලත්ගොඩ, නාරංඹ්විට, පොරවගම",,2022-05-24 00:00:00,0001-01-01,,,,,,6.2960623,80.2273635
Rock Fall,RF,NBRO/LRRMD-GLE/GLE/WELIVI/LI/22/0374,GLE221052,Galle,Welivitiya-Divithura,2022-11-25,Agaliya,197,"සූරියසෙවන, අගලිය","සූරියසෙවන, අගලිය",වැලිවිටිය දිවිතුර ප්‍රාදේශීය ලේකම් කාර්‍යාලය පිහිටි ස්ථානයේ සිට මුල්කඩ පාලම දෙසට 3.7 km ගමන් කිරී,2023-02-02 00:00:00,0001-01-01,,,,,,6.1950428,80.1986021
Rock Fall,RF,NBRO/LRRMD-GLE/GLE/GALLFG/LI/22/0380,GLE221058,Galle,Galle Four Gravets,2022-11-28,Kumbalwella South,96,,"නො. 13, වැකුණුගොඩ පාර, ගාල්ල",ගාල්ල-කොලඹ මාර්ගයේ ගාල්ල නගරය පසුකර කොලඹ දෙසට කි.මී.1ක් පමණ  ගමන් කලවිට  හමුවන කළුවැල්ල හංදියෙන් ද,2023-04-25 00:00:00,2022-10-30 00:00:00,,ගල් බැම්ම අස්ථාවරවීමේ අවදානම,,,,6.0494077,80.2048515
Rock Fall,RF,NBRO/LRRMD-GLE/GLE/NAGODA/LI/22/0385,GLE221064,Galle,Nagoda,2022-10-26,Udalamatta East,210C,,"උඩලමත්ත, ගාල්ල",,2023-06-12 00:00:00,2022-10-25 00:00:00,06:30,,,,,6.1848632,80.29711258
Rock Fall,RF,NBRO/LRRMD-GLE/GLE/NAGODA/LI/23/0063,GLE230515,Galle,Nagoda,2023-05-25,Unanvitiya,211,"බතලවත්තවිල, ඉලේපෙරුම මාවත, උනන්විටිය","බතලවත්තවිල, ඉලේපෙරුම මාවත, උනන්විටිය",ගාල්ල නගරයෙන් ගමන් ආරම්භ කර ගාල්ල-උඩුගම ප්‍රධාන මාර්ගයේ ගමන් කර වඳුරඹ-මාපලගම මාර්ගයට ඇතුල් වී එ,2024-09-05 00:00:00,0001-01-01,,,,,,6.157607,80.2396436
Rock Fall,RF,NBRO/LRRMD-GLE/GLE/ELPITI/LI/23/0086,GLE230578,Galle,Elpitiya,2023-06-08,Wallambagala North,27E,"නො. 741, මනානහේන, තල්ගස්පෙ","නො. 741, මනානහේන, තල්ගස්පෙ",ගාල්ල නගරයෙන් ගමන් ආරම්භ කර ගාල්ල-ඇල්පිටිය ප්‍රධාන මාර්ගයේ ගමන් කර ඉන් අනතුරුව හමුවන ඇල්පිටිය-,2024-09-13 00:00:00,0001-01-01,,,,,,6.298564,80.205234
Rock Fall,RF,NBRO/LRRMD-GLE/GLE/WELIVI/LI/23/0103,GLE230598,Galle,Welivitiya-Divithura,2023-06-07,Kuttiyawatta,94C,"පොල්ගහවිල නැගෙනහිර, අගලිය","පොල්ගහවිල නැගෙනහිර, අගලිය",ගාල්ල නගරයෙන් ගමන් ආරම්භ කර ගාල්ල-කොළඹ ප්‍රධාන මාර්ගයේ ගමන් කර ඉන් අනතුරුව හමුවන හික්කඩුව-බද්ද,2024-09-11 00:00:00,0001-01-01,,,,,,6.1975109,80.2097864
Rock Fall,RF,NBRO/LRRMD-GLE/GLE/AMBALG/LI/23/0133,GLE230718,Galle,Ambalangoda,2023-07-04,Kondagala,75K,"කොණ්ඩගල, බටපොල","කොණ්ඩගල, බටපොල",,2023-07-19 00:00:00,2023-06-15 00:00:00,,,,,,6.237505188417831,80.13646175153553
Rock Fall,RF,NBRO/LRRMD-GLE/GLE/KARAND/LI/23/0134,GLE230719,Galle,Karandeniya,2023-07-10,Hipankanda,41A,හිපන්කන්ද,"ශ්‍රිපාද මහා විහාරය, හිපන්කන්ද, නවදගල",ගාල්ල-කොළඹ මාර්ගයේ ගාල්ල නගරයේ සිට කොළඹ දෙසට ගමන් කරනවිට හමුවන අහුංගල්ල හංදියෙන් පවතින අහුංගල්,2023-07-04 00:00:00,2023-07-01 00:00:00,07:30,"අධික වර්ෂාපතනය, අක්‍රමවත් ජල පරිවහනය හා අක්‍රමවත් භූ පරිහරණය",,,,6.332168,80.1191918
Rock Fall,RF,NBRO/LRRMD-GLE/GLE/NIYAGA/LI/23/0147,GLE230802,Galle,Niyagama,2023-07-28,Usbim Colony,34A/2,"මෙදේරිහේන, උස්බිම් ජනපදය, බඹරවාන, මත්තක","මෙදේරිහේන, උස්බිම් ජනපදය, බඹරවාන, මත්තක","ගාල්ල  සිට නියාගම නගරයට ගමන් කර පිටිගල - මාපලගම මාර්ගයෙන් , මත්තක බඹරවාන මාර්ගයට හැරී කිලෝමීටර 4.5ක",2023-09-18 00:00:00,0001-01-01,,අධික වර්ෂාව සමග සිදුවන අක්‍රමවත් පෘෂ්ඨීය ජලවහනය,,,,6.295197,80.290237
Rock Fall,RF,NBRO/LRRMD-GLE/GLE/AKMEEM/LI/23/0164,GLE230943,Galle,Akmeemana,2023-09-11,Handugoda,135E,"දිවුලාන, හදුගොඩ, වංචාවල","දිවුලාන, හදුගොඩ, වංචාවල",ගාල්ල නගරයේ සිට කොළඹ-ගාල්ල-හම්බන්තොට(A2) මාර්ගයේ කිලෝමීටර් 2.8ක් පමණ ගමන් කොට ගාල්ල-දෙනියාය(A17) මාර්ග,2023-09-11 00:00:00,2023-09-11 00:00:00,,,,,,6.03027,80.27769
Rock Fall,RF,NBRO/LRRMD-GLE/GLE/BOPE-P/LI/23/0178,GLE230999,Galle,Bope-Poddala,2023-09-20,Mampitiya,120A,"නො. 12, මිහිදු මාවත, මාම්පිටිය, ගාල්ල","නො. 12, මිහිදු මාවත, මාම්පිටිය, ගාල්ල",,2023-09-08 00:00:00,2023-09-06 00:00:00,16:30,,,,,6.062599,80.198573
Rock Fall,RF,NBRO/LRRMD-GLE/GLE/BOPE-P/LI/23/0214,GLE231087,Galle,Bope-Poddala,2023-10-10,Bokaramullagoda,127C,"සහන භාවනා, මධ්‍යස්ථානය, උළුවිටිකේ","සහන භාවනා, මධ්‍යස්ථානය, උළුවිටිකේ",,2023-10-09 00:00:00,2023-10-05 00:00:00,23:30,අධික වර්ෂාව,,,,6.077565,80.210329
Rock Fall,RF,NBRO/LRRMD-GLE/GLE/ELPITI/LI/23/0230,GLE231119,Galle,Elpitiya,2023-10-18,Ambana,94,"නො. 57ඩී, 5 කණුව, අම්බන උතුර, කහදුව","නො. 57ඩී, 5 කණුව, අම්බන උතුර, කහදුව",,2023-10-14 00:00:00,2023-10-10 00:00:00,11:00,,,,,6.2373903,80.204389
Rock Fall,RF,NBRO/LRRMD-GLE/GLE/ELPITI/LI/23/0231,GLE231120,Galle,Elpitiya,2023-10-18,Elpitiya East,25C,"වතුරවලකන්ද ඉහල මාර්ගය, ගනේගොඩ","වතුරවලකන්ද ඉහල මාර්ගය, ගනේගොඩ",,2024-10-14 00:00:00,2023-10-05 00:00:00,,,,,,6.31891,80.169809
Rock Fall,RF,NBRO/LRRMD-GLE/GLE/GALLFG/LI/23/0302,GLE231233,Galle,Galle Four Gravets,2023-10-25,Kandewatta,96F,"නො. 148/2ඒ, විමලසුරේන්ද්‍ර මාවත, ගල්වඩුගොඩ","නො. 148/2ඒ, විමලසුරේන්ද්‍ර මාවත, ගල්වඩුගොඩ",,2023-11-14 00:00:00,0001-01-01,,,,,,6.0433593,80.211584
Rock Fall,RF,NBRO/LRRMD-GLE/GLE/GALLFG/LI/23/0343,GLE231356,Galle,Galle Four Gravets,2023-11-13,Kumbalwella North,96J,"නො. 12/4බී, පහල ගෙදරවත්ත, සපුමල් පෙදෙස, ගාල්ල","නො. 12/4බී, පහල ගෙදරවත්ත, සපුමල් පෙදෙස, ගාල්ල",ගාල්ලෙන් ආරම්භ කර වක්වැල්ල මාර්ගයේ පැමිණ ජූල් ගස් හංදියේ සිට මීටර් 200ක් ඉදිරියට ගොස් අළුත් පාර හ,2024-05-08 00:00:00,0001-01-01,,,,,,6.058397,80.2023402
Rock Fall,RF,NBRO/LRRMD-GLE/GLE/MADAMP/LI/23/0425,GLE231553,Galle,Madampagama,2023-10-06,Galagoda East,78A,"වෙල පාර, ගලගොඩ නැගෙනහිර","වෙල පාර, ගලගොඩ නැගෙනහිර",,2023-10-06 00:00:00,0001-01-01,,,,,,6.215213,80.0789126
Rock Fall,RF,NBRO/LRRMD-GLE/GLE/NIYAGA/LI/24/0026,GLE240101,Galle,Niyagama,2024-01-16,Mattaka,34,"ප්‍රාථමික සත්කාර ඒකකය, මත්තක","ප්‍රාථමික සත්කාර ඒකකය, මත්තක",ගාල්ලෙන් ආරම්භ කර වක්වැල්ල මාර්ගයේ මීටර් 480ක් පමණ පැමිණ සෙලාන් බැංකුව අසළින් ඩික්සන් මාවතට ඇතුල,2023-12-20 00:00:00,0001-01-01,,,,,,6.3065672,80.2556875
Rock Fall,RF,NBRO/LRRMD-GLE/GLE/NAGODA/LI/24/0057,GLE240289,Galle,Nagoda,2024-02-13,Ketagoda South,214B,"මහගෙදර වත්ත, අලුත් ඉහල,  මාපලගම මධ්‍යම","මහගෙදර වත්ත, අලුත් ඉහල,  මාපලගම මධ්‍යම",ගාල්ලෙන් ආරම්භ කර වක්වැල්ල මාර්ගයේ මීටර් 480ක් පමණ පැමිණ සෙලාන් බැංකුව අසළින් ඩික්සන් මාවතට ඇතුල,2024-03-26 00:00:00,0001-01-01,,,,,,6.23847,80.3123412
Rock Fall,RF,NBRO/LRRMD-GLE/GLE/NAGODA/LI/24/0061,GLE240298,Galle,Nagoda,2024-02-05,Keppitiyagoda,212,"යූ.ජී.ඩී. ආරිතිලක මාවත, වලකුඹුර, නාගොඩ","යූ.ජී.ඩී. ආරිතිලක මාවත, වලකුඹුර, නාගොඩ",ගාල්ල නගරයෙන් ආරම්භ කර ගාල්ල-නාගොඩ ප්‍රධාන මාර්ගයේ පැමිණ යටලමත්ත හංදියෙන් වඳුරඹ-මාපලගම මාර්ගය,2024-06-11 00:00:00,0001-01-01,,,,,,6.1858039,80.2778272
Rock Fall,RF,NBRO/LRRMD-GLE/GLE/YAKKLM/LI/24/0091,GLE240556,Galle,Yakkalamulla,2024-04-25,Karagoda,178,"පුංචිදෙණිය, කරාගොඩ, ගාල්ල","පුංචිදෙණිය, කරාගොඩ, ගාල්ල",ගාල්ලෙන් ආරම්භ කර වක්වැල්ල මාර්ගයේ මීටර් 580ක් පමණ පැමිණ සෙලාන් බැංකුව අසළින් ඩික්සන් මාවතට ඇතුල,2024-03-19 00:00:00,0001-01-01,,,,,,6.100129,80.38667
Rock Fall,RF,NBRO/LRRMD-GLE/GLE/YAKKLM/LI/24/0092,GLE240557,Galle,Yakkalamulla,2024-04-25,Ihala Nakiyadeniya,179E,"නො. 17/2, උඩුගම පාර, නාකියාදෙණිය","නො. 17/2, උඩුගම පාර, නාකියාදෙණිය",ගාල්ලෙන් ආරම්භ කර වක්වැල්ල මාර්ගයේ මීටර් 480ක් පමණ පැමිණ සෙලාන් බැංකුව අසළින් ඩික්සන් මාවතට ඇතුල,2024-03-19 00:00:00,0001-01-01,,,,,,6.151991,80.345286
Rock Fall,RF,NBRO/LRRMD-GLE/GLE/NIYAGA/LI/24/0126,GLE240760,Galle,Niyagama,2024-06-06,Pitigala,30,"20 ශ්‍රි ලංකා යුධ හමුදා කඳවුර, පාසල් මාවත, පිටිගල","20 ශ්‍රි ලංකා යුධ හමුදා කඳවුර, පාසල් මාවත, පිටිගල",ගාල්ල නගරයෙන් ආරම්භ කර ගාල්ල-ඇල්පිටිය ප්‍රධාන මාර්ගයේ ගමන් කර පැලවත්ත මාර්ගයට ඇතුල් වී ඉන් අනත,2024-06-04 00:00:00,2024-03-10 00:00:00,,,,,,6.3547275,80.2193156
Rock Fall,RF,NBRO/LRRMD-GLE/GLE/THAWAL/LI/24/0154,GLE241040,Galle,Thawalama,2024-06-25,Opatha West,229C,"ඕපාත, බානගල",,,2024-06-17 00:00:00,0001-01-01,,,,,,6.2438767,80.4128629
Rock Fall,RF,NBRO/LRRMD-GLE/GLE/GALLFG/LI/24/0160,GLE241103,Galle,Galle Four Gravets,2024-07-18,Maitipe,101,"නො. 18/1/ඒ, මාඉටිපේ පලමු පටුමග, ගාල්ල","නො. 18/1/ඒ, මාඉටිපේ පලමු පටුමග, ගාල්ල",ගාල්ල නගරයෙන් ආරම්භ කර එඩ්මන්ඩ් මාවතට ඇතුල් වී මාඉටිපේ පළමු පටුමගට ඇතුල් වී මීටර් 150ක් පමණ ගමන් ක,2024-08-01 00:00:00,0001-01-01,,,,,,6.057063,80.2288139
Rock Fall,RF,NBRO/LRRMD-GLE/GLE/AKMEEM/LI/24/0165,GLE241108,Galle,Akmeemana,2024-06-26,Kaduruduwa,134B,"අන්තුවාගෙවත්ත, කදුරුදුව, වංචාවල","අන්තුවාගෙවත්ත, කදුරුදුව, වංචාවල",ගාල්ල නගරයෙන් ගමන් ආරම්භ කර ගාල්ල-අක්මීමන ප්‍රධාන මාර්ගයේ ගමන් කර ගාල්ල-දෙණියායා  මාර්ගයට ඇතුල,2024-07-29 00:00:00,2024-06-24 00:00:00,,,,,,6.0341714,80.2969143
Rock Fall,RF,NBRO/LRRMD-GLE/GLE/AKMEEM/LI/24/0169,GLE241162,Galle,Akmeemana,2024-08-12,Niyagama,118B,"නියාගම, අක්මීමන","නො. 404/බී, ජනපදය, නියාගම, අක්මීමන",,0001-01-01,0001-01-01,,,,,,6.080402,80.2532153
Rock Fall,RF,NBRO/LRRMD-GLE/GLE/AKMEEM/LI/24/0170,GLE241163,Galle,Akmeemana,2024-08-01,Ihalagoda East,109A,"නිව්සිටි, කුරුදුවත්ත","නො. 04, නිව්සිටි, කුරුදුවත්ත",,2024-08-15 00:00:00,0001-01-01,,,,,,6.07966,80.276855
Rock Fall,RF,NBRO/LRRMD-GLE/GLE/AKMEEM/LI/24/0235,GLE241420,Galle,Akmeemana,2024-09-30,Haliwala,130B,"නො. 940/50, ප්‍රජා පොලිස් කමිටු මාවත, හිල්සයිඩ්වත්ත, හාලිවල, ගාල්ල","නො. 940/50, ප්‍රජා පොලිස් කමිටු මාවත, හිල්සයිඩ්වත්ත, හාලිවල, ගාල්ල",ගාල්ල නගරයෙන් ගමන් ආරම්භ කර ගාල්ල-උඩුගම ප්‍රධාන මාර්ගයේ ගොස් ඩී. සැම්සන් රාජපක්ෂ මාවතට ඇතුල් වී,2024-10-10 00:00:00,0001-01-01,,,,,,6.0516391,80.2433366
Rock Fall,RF,NBRO/LRRMD-GLE/GLE/BADDEG/LI/24/0241,GLE241500,Galle,Baddegama,2024-10-03,Ganegama East,220A,"කිතුල්ගහගොඩකන්ද, ගනේගම නැගෙනහිර, බද්දේගම","කිතුල්ගහගොඩකන්ද, ගනේගම නැගෙනහිර, බද්දේගම",ගාල්ල නගරයෙන් ගමන් ආරම්භ කර ගාල්ල-බද්දේගම ප්‍රධාන මාර්ගයේ ගමන් කර ඉඳිගස්කැටිය හංදිය අසලින් කිත,2025-10-15 00:00:00,0001-01-01,,,,,,6.1485132,80.1933009
Rock Fall,RF,NBRO/LRRMD-GLE/GLE/WELIVI/LI/24/0253,GLE241529,Galle,Welivitiya-Divithura,2024-10-18,Thanabaddegama,223B,"පාලුවත්ත, තණබද්දේගම, ඇත්කඳුර","පාලුවත්ත, තණබද්දේගම, ඇත්කඳුර",ගාල්ල නගරයෙන් ගමන් ආරම්භ කර ගාල්ල-කොළඹ  ප්‍රධාන මාර්ගයේ ගමන් කර ඉන් අනතුරුව ගාල්ල-ඇල්පිටිය මාර්,2024-10-14 00:00:00,2024-10-10 00:00:00,,,,,,6.2366071,80.172542
Rock Fall,RF,NBRO/LRRMD-GLE/GLE/NAGODA/LI/24/0254,GLE241530,Galle,Nagoda,2024-10-18,Yatalamatta,209,"රුක්මල්ගොඩ කන්ද ප්‍රජා ජල ව්‍යාපෘතිය, යටලමත්ත, ගාල්ල","රුක්මල්ගොඩ කන්ද ප්‍රජා ජල ව්‍යාපෘතිය, යටලමත්ත, ගාල්ල",ගාල්ල - මාපලගම මාර්ගයෙ පැමිණ යටලමත්ත රුක්මල්ගොඩ පාලම පසුවු විගස වමට හැරි ගමන් කිරිමෙන් අදාල ස්ථ,2024-11-06 00:00:00,2024-11-02 00:00:00,,අක්‍රනමවත් පෘ ශ්ඨීය ජල වහනය හෙතුවෙන් සිදු වූ පාංශු  ඛාදනය,,,,6.1671824,80.2786933
Rock Fall,RF,NBRO/LRRMD-GLE/GLE/WANDUR/LI/24/0300,GLE241846,Galle,Wanduramba,2024-12-09,Wanduramba,221,"කොටුවැල්ල, පංවිල, වදුරඹ","කොටුවැල්ල, පංවිල, වදුරඹ",ගාල්ල නගරයෙන් ආරම්භකර කී.මී 16 ක් පමණ ගමන් කිරිමෙන්  පසු හමුවන වටරවුමෙන් වමට හැරී පංවිල පාරේ කී.මී 2,2024-12-05 00:00:00,0001-01-01,,,,,,6.1292429,80.247266
Rock Fall,RF,NBRO/LRRMD-GLE/GLE/NAGODA/LI/25/0024,GLE250212,Galle,Nagoda,2025-01-03,Parana Thanayamgoda Pahala,213A,"තේක්ක වත්ත, ඇතුමලේ, මාපලගම","තේක්ක වත්ත, ඇතුමලේ, මාපලගම",නාගොඩ නගරයෙන් වඳුරඹ-මාපලගම මාර්ගයට ඇතුල් වී එහි කි.මී. 3ක් පමණ ගමන් කල විට හමුවන ජනිත් හෝටලය අසලින,2024-12-12 00:00:00,2023-09-29 00:00:00,,,,,,6.2244932,80.2952956
Rock Fall,RF,NBRO/LRRMD-GLE/GLE/WELIVI/LI/25/0125,GLE251145,Galle,Welivitiya-Divithura,2025-06-30,Thanabaddegama,223B,"කොකරකන්ද, ඇත්කඳුර","51, ජන උදාන ගම්මානය, කොකරකන්ද, ඇත්කඳුර",,2025-07-16 00:00:00,0001-01-01,,අධික වර්ෂාව සමග සිදුවන අවිධිමත් පෘෂ්ඨීය ජලවහනය,,,,6.231743,80.168829
Rock Fall,RF,NBRO/LRRMD-GLE/GLE/WANDUR/LI/25/0241,GLE252081,Galle,Wanduramba,2025-12-10,Wanduramba,221,"නො. 198, දොල අරඹ අද්දර","නො. 198, දොල අරඹ අද්දර","ගාල්ල නගරයේ සිට වඳුරඹ මංසන්ධියට ගොස්, වඳුරඹ - මාපලගම මාර්ගය  ඔස්සේ මීටර් 700 ක් පමණ ගමන් කොට, දකුණු ප",2026-07-21 00:00:00,0001-01-01,,අධික වර්ෂාපතනය සමග සිදුවන අවිධිමත් පෘෂ්ඨීය ජලවහනය,,,,6.137626,80.25995
Rock Fall,RF,NBRO/LRRMD-MTR/HAB/WALASM/LI/15/0019,HAB150020,Hambantota,Walasmulla,2015-01-16,Saputhanthirikanda,561,"ආරණ්‍ය පාර, සපුගහදොළ අසල, සපුතන්ත්‍රිකන්ද",,,0001-01-01,0001-01-01,,,,,,6.238733,80.638183
Rock Fall,RF,NBRO/LRRMD-MTR/HAB/WALASM/LI/18/0023,HAB180023,Hambantota,Walasmulla,2018-08-24,Rammala,562,"‍රම්මල කන්ද, මුලන්ගොඩැල්ල, රම්මල 2 පියවර",,,0001-01-01,0001-01-01,,,,,,6.25583,80.64564
Rock Fall,RF,NBRO/LRRMD-MTR/HAB/KATUWN/LI/19/0047,HAB190051,Hambantota,Katuwana,2019-10-14,Bengamukanda,528,"රාළුවගහ කොරටුව,බෙන්ගමුකන්ද, කටුවන",,,0001-01-01,0001-01-01,,,,,,6.280468,80.666479
Rock Fall,RF,NBRO/LRRMD-MTR/HAB/KATUWN/LI/19/0048,HAB190052,Hambantota,Katuwana,2019-07-29,Bengamukanda,528,"උඩුවිල, බෙන්ගමුකන්ද",,,0001-01-01,0001-01-01,,,,,,6.28237,80.66153
Rock Fall,RF,NBRO/LRRMD-MTR/HAB/WALASM/LI/21/0009,HAB210009,Hambantota,Walasmulla,2021-09-28,Saputhanthirikanda,561,"රුක්ගහදෙනිය, සපුතන්ත්‍රීකන්ද, රම්මල, වරාපිටිය","රුක්ගහදෙනිය, සපුතන්ත්‍රීකන්ද, රම්මල, වරාපිටිය",-,2021-09-29 00:00:00,2021-08-27 00:00:00,,බෑවුමේ අර්ධ වශයෙන් ගිලී බෑවුම දෙසට ඇලව තිබූ පාෂාණ කුට්ටියේ ආධාරක ලෙස පිහිටි කුඩා පාෂාණ කුට්ටිය,,,,6.22949,80.63189
Rock Fall,RF,NBRO/LRRMD-MTR/HAB/KATUWN/LI/21/0023,HAB210028,Hambantota,Katuwana,2021-06-02,Middeniya East,500,"ගල්තලාකන්ද, මිද්දෙණිය","ගල්තලාකන්ද, මිද්දෙණිය",,2021-06-23 00:00:00,2019-11-02 00:00:00,,,,,,6.25257,80.77377
Rock Fall,RF,NBRO/LRRMD-MTR/HAB/KATUWN/LI/21/0026,HAB210031,Hambantota,Katuwana,2021-04-13,Kehelwatta,526,"වෑලෑනගොඩ, කෙසෙල්වත්ත, කටුවන","වෑලෑනගොඩ, කෙසෙල්වත්ත, කටුවන",,2021-04-13 00:00:00,2021-04-11 00:00:00,,,,,,6.2722,80.69308
Rock Fall,RF,NBRO/LRRMD-MTR/HAB/WALASM/LI/21/0044,HAB210049,Hambantota,Walasmulla,2021-10-27,Saputhanthirikanda,561,"රුක්ගහදෙනිය, සපුතන්ත්‍රිකන්ද, රම්මල,වරාපිටිය",,,0001-01-01,0001-01-01,,,,,,6.22987,80.63101
Rock Fall,RF,NBRO/LRRMD-MTR/HAB/KATUWN/LI/21/0046,HAB210051,Hambantota,Katuwana,2021-08-09,Kehelwatta,526,"නො; 68/3 , වැලෑනගොඩ, කෙසෙල්වත්ත, කටුවන",,,0001-01-01,0001-01-01,,,,,,6.2722,80.69308
Rock Fall,RF,NBRO/LRRMD-MTR/HAB/WALASM/LI/22/0021,HAB220010,Hambantota,Walasmulla,2022-04-08,Saputhanthirikanda,561,සපුතන්ත්‍රීකන්ද,"153/සී/97, හල්දොලකන්ද, රම්මල, වරාපිටිය",වරාපිටිය නගරයේ සිට ඌරුබොක්ක මාර්ගයේ ගමන් කර රුක්ගහදෙනිය පාරේ ගොස් මෙම ස්ථානයට ලඟා විය හැකිය.,2023-02-16 00:00:00,0001-01-01,අවධානම පරික්ෂා කිරීම සඳහා,බෑවුම ඛාදනයට ලක්වීම.,,,අදාල නොවේ,6.22581,80.62959
Rock Fall,RF,NBRO/LRRMD-MTR/HAB/ANGUNA/LI/22/0033,HAB220039,Hambantota,Angunakolapelessa,2022-11-17,Thalawa South,237,"වීරෝදාගම, තලාව","20/3, වීරෝදාගම, තලාව, කාරියමඩිත්ත",මාතර හක්මණ වලස්මුල්ල කටුවන මිද්දෙණිය අගුණුකොලපැලැස්ස හුංගම මාර්ගයේ තලාව මහා විද්‍යාලය දක්වා,2023-02-22 00:00:00,2019-05-11 00:00:00,16:00,අධික තීවුරතාවයකින් යුක්ත වූ වර්ෂාපතනය අවිධිමත් මානව ක්‍රියාකාරකම් පාෂාණ කුට්ටි ජීරණයට ලක්වීම,-,,,6.23124,80.8145
Rock Fall,RF,NBRO/LRRMD-MTR/HAB/WEERAK/LI/24/0042,HAB240049,Hambantota,Weeraketiya,2024-09-01,Buddhiyagama East,391,"මහානාගමාවත, තංගල්ල පාර, වීරකැටිය","මහානාගමාවත, තංගල්ල පාර, වීරකැටිය",වීරකැටිය-බෙලිඅත්ත පාරේ මහානාග පාරේ ගමන් ගන්නා විට අදාල නිවාස හමුවේ.,2024-01-09 00:00:00,0001-01-01,,"අධික තීව්‍රරතාවයකින් යුක්ත වූ වර්ෂාපතනය, අවිධිමත් භූ පරිහරණ රටාවන් පැවතීම, මතුපිට පාංශු ස්ථරයේ",,,,6.13946,80.76552
Rock Fall,RF,NBRO/LRRMD-MTR/HAB/KATUWN/LI/25/0005,HAB250005,Hambantota,Katuwana,2025-01-29,Udagomadiya,524,"වැවේවත්ත, උඩගොමඩිය, කටුවන","වැවේවත්ත, උඩගොමඩිය, කටුවන",මාතර- හක්මන-මිද්දෙනිය  මාර්ගයේ කටුවන ඔරලෝසු කණුව දක්වා පැමිණ  එහිදී හමුවන  වම් අත දිශාවට විහිදී ය,2025-09-30 00:00:00,0001-01-01,,"අධික තීව්‍රතාවයකින් යුක්ත වූ වර්ෂාපතනය, අවිධිමත් පෘෂ්ඨීය ජල වහන රටාව, අවිධිමත් ඉඩම් පරිහරණ රටා",,,,6.28666,80.67443
Rock Fall,RF,NBRO/LRRMD-MTR/HAB/KATUWN/LI/25/0038,HAB250052,Hambantota,Katuwana,2025-11-12,Uda Alupothdeniya,523,"උඩහවත්ත,මොරවාඩියකන්ද","උඩඅළුදෙනිය, මොරවාඩියකන්ද, උඩහවත්ත",මාතර- වලස්මුල්ල මිද්දෙනිය මාර්ගයේ කටුවන ඔරලෝසු කණුව දක්වා පැමිණ ෙන්නේ එහිදී හමුවන ේ වම් අත දෙසට,2025-11-13 00:00:00,2025-11-11 00:00:00,23:30,අධික තීව්‍රතාවයකින් යුක්ත වූ වර්ෂාපතනය- මතුපිට පාංශු ස්ථරයේ භෞතික ගුණාංගයන්- ූ විද්‍යාත්මක සාධ,,,,6.305778,80.699153
Rock Fall,RF,NBRO/LRRMD-KLT/KAL/PALIND/LI/17/0023,KAL170026,Kalutara,Palindanuwara,2017-09-23,Bampara,836J,"Bampara , Peleda","Bampara , Peleda",,0001-01-01,0001-01-01,,,,,,6.569318,80.27204
Rock Fall,RF,NBRO/LRRMD-KLT/KAL/BULATS/LI/17/0125,KAL170130,Kalutara,Bulathsinhala,2017-10-03,Bulathsinhala South,821B,Gulana Ela,Gulana Ela,,0001-01-01,0001-01-01,,,,,,6.670151,80.179523
Rock Fall,RF,NBRO/LRRMD-KLT/KAL/BULATS/LI/17/0130,KAL170135,Kalutara,Bulathsinhala,2017-06-13,Amaragedara North,821E,Ellagala,Ellagala,,0001-01-01,0001-01-01,,,,,,6.685172192,80.17628442
Rock Fall,RF,NBRO/LRRMD-KLT/KAL/PALIND/LI/17/0186,KAL170191,Kalutara,Palindanuwara,2017-05-28,Lathpandura,835,Kandawatta,Kandawatta,,0001-01-01,0001-01-01,,,,,,6.519977946,80.217468105
Rock Fall,RF,NBRO/LRRMD-KLT/KAL/HORANA/LI/17/0187,KAL170192,Kalutara,Horana,2017-08-10,Pannila,612B,"157, Pannil kanda, Kananvila Horana","157, Pannil kanda, Kananvila Horana",,0001-01-01,0001-01-01,,,,,,6.7697538,80.0447178
Rock Fall,RF,NBRO/LRRMD-KLT/KAL/HORANA/LI/17/0188,KAL170193,Kalutara,Horana,2017-08-10,Maha Uduwa,614B,"Nagaha landa, Maha uduwa, Kudauduwa","Nagaha landa, Maha uduwa, Kudauduwa",,0001-01-01,0001-01-01,,,,,,6.7596136,80.061134
Rock Fall,RF,NBRO/LRRMD-KLT/KAL/MILLAN/LI/17/0222,KAL170227,Kalutara,Millaniya,2017-12-06,Pathakada,639,"Athalekanda, Pathakada, Galpatha","Athalekanda, Pathakada, Galpatha",,0001-01-01,0001-01-01,,,,,,6.622961,80.045611
Rock Fall,RF,NBRO/LRRMD-KLT/KAL/WALALL/LI/18/0031,KAL180029,Kalutara,Walallavita,2018-05-25,Gulavita South,789A,"Bangalawa , Gulawita , Walallawita","Bangalawa , Gulawita , Walallawita",,0001-01-01,0001-01-01,,,,,,6.394588,80.1824558
Rock Fall,RF,NBRO/LRRMD-KLT/KAL/PALIND/LI/18/0063,KAL180061,Kalutara,Palindanuwara,2018-01-16,Thiniyawala,842A,"Pelawatta , Neluwa , Main Road","Pelawatta , Neluwa , Main Road",,0001-01-01,0001-01-01,,,,,,6.404152,80.29936
Rock Fall,RF,NBRO/LRRMD-KLT/KAL/PALIND/LI/18/0075,KAL180073,Kalutara,Palindanuwara,2018-02-20,Kapugedara,836C,"Uduwankanda, keledola , Molkawa","Uduwankanda, keledola , Molkawa",,0001-01-01,2017-05-26 00:00:00,,,,,,6.580337,80.252933
Rock Fall,RF,NBRO/LRRMD-KLT/KAL/HORANA/LI/18/0085,KAL180083,Kalutara,Horana,2018-10-25,Gal Edandugoda,615C,"49/10, koskolawatta, Panadura Road, Horana","49/10, koskolawatta, Panadura Road, Horana",,0001-01-01,0001-01-01,,,,,,6.722494,80.050721
Rock Fall,RF,NBRO/LRRMD-KLT/KAL/INGIRI/LI/18/0086,KAL180084,Kalutara,Ingiriya,2018-08-21,Kottiyawatta,626A,Ingiriya Theenawala,Ingiriya Theenawala,,0001-01-01,0001-01-01,,,,,,6.760334309,80.1827369
Rock Fall,RF,NBRO/LRRMD-KLT/KAL/MADURW/LI/18/0096,KAL180094,Kalutara,Madurawela,2018-01-19,Kananvila,633A,"Acres 21 , Ranawiru Gammanaya , Prabuddagama Kananwila, Anguruwathota","Acres 21 , Ranawiru Gammanaya , Prabuddagama Kananwila, Anguruwathota",,0001-01-01,0001-01-01,,,,,,6.663922,80.084195
Rock Fall,RF,NBRO/LRRMD-KLT/KAL/MATHUG/LI/18/0180,KAL180178,Kalutara,Mathugama,2018-05-25,Naravila,803,"Kandahena, Mathugama","Kandahena, Mathugama",,0001-01-01,0001-01-01,,,,,,6.490896,80.1080786
Rock Fall,RF,NBRO/LRRMD-KLT/KAL/DODANG/LI/18/0219,KAL180217,Kalutara,Dodangoda,2018-01-18,Bombuwala North - Central,728B,"Mirispelawatta, Bombuwala","Mirispelawatta, Bombuwala",,0001-01-01,0001-01-01,,,,,,6.58146,80.023744
Rock Fall,RF,NBRO/LRRMD-KLT/KAL/DODANG/LI/18/0224,KAL180222,Kalutara,Dodangoda,2018-05-22,Bombuwala North - West,728C,"Gulanakanda, Bombuwala","Gulanakanda, Bombuwala",,0001-01-01,0001-01-01,,,,,,6.582473,80.0092582
Rock Fall,RF,NBRO/LRRMD-KLT/KAL/DODANG/LI/18/0226,KAL180224,Kalutara,Dodangoda,2018-04-24,Puhambugoda East,799,Sri Rahula Sangaraja Yogasanaya,Sri Rahula Sangaraja Yogasanaya,,0001-01-01,0001-01-01,,,,,,6.517272,80.047654
Rock Fall,RF,NBRO/LRRMD-KLT/KAL/BULATS/LI/18/0262,KAL180260,Kalutara,Bulathsinhala,2018-10-19,Thennahena,824D,"Kiriwana Ketiya, Estate Kinesley Section, Mahagama","Kiriwana Ketiya, Estate Kinesley Section, Mahagama",,0001-01-01,0001-01-01,,,,,,6.6159265,80.1936377
Rock Fall,RF,NBRO/LRRMD-KLT/KAL/INGIRI/LI/18/0277,KAL180275,Kalutara,Ingiriya,2018-06-25,Urugala East,619,"Udaha Urugala, ingiriya","Udaha Urugala, ingiriya",,0001-01-01,0001-01-01,,,,,,6.729179,80.194015
Rock Fall,RF,NBRO/LRRMD-KLT/KAL/MILLAN/LI/19/0014,KAL190014,Kalutara,Millaniya,2019-01-28,Mulkadakanda,649B,"No. 247J/1, Pahangalakanda, Mulkadakanda","No. 247J/1, Pahangalakanda, Mulkadakanda",,2019-01-28 00:00:00,0001-01-01,,,,,,6.641126,80.03867
Rock Fall,RF,NBRO/LRRMD-KLT/KAL/BULATS/LI/19/0018,KAL190018,Kalutara,Bulathsinhala,2019-10-14,Ihala Naragala South,813C,"No. 220, 84 Kotasa, Processor Estate, Kobawaka, Govinna.","No. 220, 84 Kotasa, Processor Estate, Kobawaka, Govinna.",,2021-03-05 00:00:00,0001-01-01,,,,,,6.677399,80.134328
Rock Fall,RF,NBRO/LRRMD-KLT/KAL/MATHUG/LI/19/0106,KAL190106,Kalutara,Mathugama,2019-08-12,Ovitigala,795,"අළුත්ගම පාර,මතුගම",,,2019-08-12 00:00:00,0001-01-01,,,,,,6.511936,80.121291
Rock Fall,RF,NBRO/LRRMD-KLT/KAL/MATHUG/LI/19/0109,KAL190109,Kalutara,Mathugama,2019-01-07,Mathugama East,805,"හොරකදමුල්ල,ගල්අමුණ,මතුගම",,,2019-01-07 00:00:00,0001-01-01,,,,,,6.53269987,80.11847426
Rock Fall,RF,NBRO/LRRMD-KLT/KAL/BULATS/LI/19/0122,KAL190122,Kalutara,Bulathsinhala,2019-09-11,Muduna,819G,"ගමගේ වත්ත, පොලේගොඩ, මහගම",,,2019-09-11 00:00:00,0001-01-01,,,,,,6.589191,80.17271
Rock Fall,RF,NBRO/LRRMD-KLT/KAL/BULATS/LI/19/0123,KAL190123,Kalutara,Bulathsinhala,2019-06-27,Amaragedara North,821E,"දොරණකන්ද, ගොයම්ගල,අමරගෙදර,බුලත්සිංහල",,,2019-06-27 00:00:00,0001-01-01,,,,,,6.690334,80.176336
Rock Fall,RF,NBRO/LRRMD-KLT/KAL/BULATS/LI/19/0138,KAL190138,Kalutara,Bulathsinhala,2019-03-14,Muduna,819G,"ගමගේ වත්ත, මුදුන,බුලත්සිංහල",,,2019-03-14 00:00:00,0001-01-01,,,,,,6.5921045,80.1699339
Rock Fall,RF,NBRO/LRRMD-KLT/KAL/AGALAW/LI/19/0200,KAL190200,Kalutara,Agalawatta,2019-09-19,Girikola,827A,Girikola,Girikola,,0001-01-01,0001-01-01,,,,,,6.575483,80.153545
Rock Fall,RF,NBRO/LRRMD-KLT/KAL/BULATS/LI/19/0202,KAL190202,Kalutara,Bulathsinhala,2019-03-14,Muduna,819G,"Gamagewatta, Bulathsinhala","Gamagewatta, Bulathsinhala",,0001-01-01,0001-01-01,,,,,,6.59210445,80.1699339
Rock Fall,RF,NBRO/LRRMD-KLT/KAL/AGALAW/LI/19/0268,KAL190268,Kalutara,Agalawatta,2019-10-10,Yatiyana East,830A,"Godaudahena, Yatiyana Agalawatta","Godaudahena, Yatiyana Agalawatta",,0001-01-01,0001-01-01,,,,,,6.529102,80.146283
Rock Fall,RF,NBRO/LRRMD-KLT/KAL/AGALAW/LI/19/0269,KAL190269,Kalutara,Agalawatta,2019-10-10,Kurupita,845,"Kurupita, Polgampola, Agalawatta","Kurupita, Polgampola, Agalawatta",,0001-01-01,0001-01-01,,,,,,6.486903,80.208873
Rock Fall,RF,NBRO/LRRMD-KLT/KAL/AGALAW/LI/19/0276,KAL190276,Kalutara,Agalawatta,2019-02-14,Agalawatta,829,"Vithana Watta, Udawela, Agalawatta","Vithana Watta, Udawela, Agalawatta",,0001-01-01,0001-01-01,,,,,,6.553263,80.149821
Rock Fall,RF,NBRO/LRRMD-KLT/KAL/MILLAN/LI/20/0017,KAL200017,Kalutara,Millaniya,2020-05-20,Mulkadakanda,649B,"No. 191/1, Mulkadakanda, Galpatha","No. 191/1, Mulkadakanda, Galpatha",,2020-05-21 00:00:00,0001-01-01,,,,,,6.63994,80.037223
Rock Fall,RF,NBRO/LRRMD-KLT/KAL/BULATS/LI/20/0205,KAL200205,Kalutara,Bulathsinhala,2020-05-12,Mahagama West,819C,"පීල්ලවත්ත, උදටියාවල,මහගම",,,2020-05-12 00:00:00,0001-01-01,,,,,,6.579609594,80.156192381
Rock Fall,RF,NBRO/LRRMD-KLT/KAL/KALUTA/LI/20/0251,KAL200251,Kalutara,Kalutara,2020-09-24,Diyagama,713,"ශ්‍යාමලී,දියගම,ගල්පාත",,,2020-09-24 00:00:00,0001-01-01,,,,,,6.63577161,80.00217489
Rock Fall,RF,NBRO/LRRMD-KLT/KAL/AGALAW/LI/20/0279,KAL200279,Kalutara,Agalawatta,2020-01-17,Kalupahana,847,"Mahakalu Pahana, Mathugama","Mahakalu Pahana, Mathugama",,0001-01-01,0001-01-01,,,,,,6.475642,80.163119
Rock Fall,RF,NBRO/LRRMD-KLT/KAL/AGALAW/LI/20/0280,KAL200280,Kalutara,Agalawatta,2020-11-21,Dapiligoda,831,"No.105/2, Dapiligoda, Agalawatta","No.105/2, Dapiligoda, Agalawatta",,0001-01-01,0001-01-01,,,,,,6.531645,80.173592
Rock Fall,RF,NBRO/LRRMD-KLT/KAL/BULATS/LI/21/0083,KAL210064,Kalutara,Bulathsinhala,2021-12-22,Muduna,819G,"Meegahadeniya, Bulthsinhala","Meegahadeniya, Bulthsinhala",,2021-12-30 00:00:00,0001-01-01,,,,,,6.656898,80.180952
Rock Fall,RF,NBRO/LRRMD-KLT/KAL/BULATS/LI/21/0113,KAL210093,Kalutara,Bulathsinhala,2021-10-12,Polegoda West,819F,Moragodu Kanda Block no. 992,Moragodu Kanda Block no. 992,,2021-10-12 00:00:00,0001-01-01,,,,,,6.592556,80.157449
Rock Fall,RF,NBRO/LRRMD-KLT/KAL/BULATS/LI/21/0269,KAL210251,Kalutara,Bulathsinhala,2021-06-07,Kongasthenna,822F,"Akkara 150, Halwathura, Bulathsinhala",,,2021-06-07 00:00:00,0001-01-01,,,,,,6.68852,80.148833
Rock Fall,RF,NBRO/LRRMD-KLT/KAL/WALALL/LI/21/0388,KAL210370,Kalutara,Walallavita,2021-09-14,Mandagala,843C,"රණේපුරගොඩ, පහළ හෙවෙස්ස",,,2021-09-14 00:00:00,0001-01-01,,,,,,6.406905,80.236823
Rock Fall,RF,NBRO/LRRMD-KLT/KAL/INGIRI/LI/21/0400,KAL210382,Kalutara,Ingiriya,2021-01-19,Ingiriya East,620,"රයිගම් වත්ත, ඉංගිරිය",,,2021-01-19 00:00:00,0001-01-01,,,,,,6.747411,80.13043
Rock Fall,RF,NBRO/LRRMD-KLT/KAL/WALALL/LI/22/0284,KAL220066,Kalutara,Walallavita,2022-06-08,Walallavita East,787,"Kiripellagewatta, Walallavita","කිරිපැල්ලගහවත්ත, වලල්ලාවිට",,2022-08-08 00:00:00,2022-06-06 00:00:00,,Rain,,,,6.377462,80.191315
Rock Fall,RF,NBRO/LRRMD-KLT/KAL/WALALL/LI/22/0107,KAL220301,Kalutara,Walallavita,2022-03-14,Uthumgama,790A,"Dedampapitiya, Uthumgama, Mathugama","Dedampapitiya, Uthumgama, Mathugama",,2022-03-24 00:00:00,0001-01-01,,,,,,6.433821,80.142841
Rock Fall,RF,NBRO/LRRMD-KLT/KAL/WALALL/LI/22/0108,KAL220302,Kalutara,Walallavita,2022-05-18,Makalandawa,788,"Gulawita Road, Wedawaththa, Meegahathenna","Gulawita Road, Wedawaththa, Meegahathenna",,2022-05-18 00:00:00,0001-01-01,,,,,,6.41123,80.186048
Rock Fall,RF,NBRO/LRRMD-KLT/KAL/DODANG/LI/22/0327,KAL220305,Kalutara,Dodangoda,2022-11-01,Nebada West,807C,"Clodan Janapadaya Upper Block, Dodangoda",,,2022-11-02 00:00:00,0001-01-01,,අධික වර්ෂාපතනය හා  ස්වභාවික භු විද්‍යාත්මක භූ රූපණ තත්ත්වයන්,,,,6.615634,80.059721
Rock Fall,RF,NBRO/LRRMD-KLT/KAL/WALALL/LI/23/0417,KAL230038,Kalutara,Walallavita,2022-12-23,Mandagala,843C,"Mandagala, Pahala Hewessa",,පැලවත්ත හංදියෙන් හෙවැස්ස මාර්ගයේ පවතින කොස්ගුලනාවල මාරගයේ කිලෝමීටර 4ක් පමණ ගමන් කළ යුතුය.,2023-01-25 00:00:00,0001-01-01,,,,,,6.4202276,80.249395
Rock Fall,RF,NBRO/LRRMD-KLT/KAL/WALALL/LI/23/0418,KAL230039,Kalutara,Walallavita,2022-12-23,Pahala Hewessa South,843G,"02nd mile Post, Pahala Hewessa","02nd mile Post, Pahala Hewessa",පැලවත්ත - නෙළුව මාර්ගයේ කිලෝමීටර 4ක් පමණ ගමන් කලවිට වමට හමුවන ගල්බොරලුව මාර්ගයේ ගමන් කළ යුතුය.,2023-01-09 00:00:00,0001-01-01,,,,,,6.400499,80.244262
Rock Fall,RF,NBRO/LRRMD-KLT/KAL/MATHUG/LI/23/0423,KAL230045,Kalutara,Mathugama,2022-12-22,Iddagoda West,806A,"වෝගන් වත්ත, පහළ කොටස, මතුගම","වෝගන් වත්ත, පහළ කොටස, මතුගම",හොරණ - මතුගම මාර්ගයේ පවතින වෝගන් වත්ත ඉහළ කොටසට පිවිසෙන මාර්ගයේ මීටර 500ක් පමණ ගමන් කළ යුතුය.,2023-01-09 00:00:00,2022-10-31 00:00:00,,අධික වර්ෂාපතනය හා පාෂාණ කුට්ටි වල ස්වභාවික පිහිටීම,,,,6.544868,80.1055408
Rock Fall,RF,NBRO/LRRMD-KLT/KAL/MATHUG/LI/23/0426,KAL230048,Kalutara,Mathugama,2022-09-21,Panthiya,804,"ඉහළ කොටස, වෝගන්වත්ත, මතුගම","ඉහළ කොටස, වෝගන්වත්ත, මතුගම",හොරණ - මතුගම මාර්ගයේ පවතින වෝගන් වත්ත ඉහළ කොටසට පිවිසෙන මාර්ගයේ කිලෝමීටර 1.5ක් පමණ ගමන් කළ යුතුය.,2023-01-09 00:00:00,0001-01-01,,අවිධිමත් භුමි පරිහරණය හා අක්‍රමවත් ඉදිකිරීම්,,,,6.535059,80.107854
Rock Fall,RF,NBRO/LRRMD-KLT/KAL/MATHUG/LI/23/0428,KAL230050,Kalutara,Mathugama,2022-09-21,Sandasirigama,795B,"183/03, Paluwatta, Koranillewa, Ovitigala, Mathugama",,,2023-01-09 00:00:00,0001-01-01,,no any incident,,,,6.506571,80.128226
Rock Fall,RF,NBRO/LRRMD-KLT/KAL/BULATS/LI/23/0022,KAL230088,Kalutara,Bulathsinhala,2023-02-08,Kongasthenna,822F,"අක්කර 150, හල්වතුර, බුලත්සිංහල",,,2023-02-07 00:00:00,0001-01-01,,,,,,6.719743,80.20187
Rock Fall,RF,NBRO/LRRMD-KLT/KAL/PALIND/LI/23/0138,KAL230240,Kalutara,Palindanuwara,2023-06-06,Yakupitiya,834D,"කඹුරාවල, බදුරලිය.",,,2023-08-22 00:00:00,0001-01-01,,,,,,6.4594809,80.2798841
Rock Fall,RF,NBRO/LRRMD-KLT/KAL/BULATS/LI/23/0228,KAL230363,Kalutara,Bulathsinhala,2023-08-02,Kongasthenna,822F,"87,  සුමුදු උයන, හල්වතුර, බුලත්සිංහල",,,2023-08-10 00:00:00,0001-01-01,,,,,,6.717159,80.1918761
Rock Fall,RF,NBRO/LRRMD-KLT/KAL/WALALL/LI/23/0233,KAL230368,Kalutara,Walallavita,2023-07-04,Uragoda West,790B,"ඌරගොඩ, වැලිපැන්න, වලල්ලාවවිට.",,,2023-08-22 00:00:00,0001-01-01,,,,,,6.450805,80.1346207
Rock Fall,RF,NBRO/LRRMD-KLT/KAL/DODANG/LI/23/0312,KAL230464,Kalutara,Dodangoda,2023-11-28,Thudugala East,808A,"ක්ලෝඩන් වත්ත, හටංගල කොටස, දොඩන්ගොඩ",,,2023-10-24 00:00:00,0001-01-01,,,,,,6.579482,80.0699073
Rock Fall,RF,NBRO/LRRMD-KLT/KAL/PALIND/LI/23/0456,KAL230629,Kalutara,Palindanuwara,2023-11-27,Diganna,836N,"දිගන්න, පාලින්දනුවර",,,2024-03-14 00:00:00,0001-01-01,,අස්ථාවර වීමේ අවදානමක් පමණක් පවතී.,,,,6.536321,80.291364
Rock Fall,RF,NBRO/LRRMD-KLT/KAL/WALALL/LI/23/0463,KAL230636,Kalutara,Walallavita,2023-11-15,Pahala Hewessa South,843G,"ගලගාවවත්ත, පහළහෙවෙස්ස, මතුගම.",,,2024-04-03 00:00:00,0001-01-01,,,,,,6.408704,80.2413689
Rock Fall,RF,NBRO/LRRMD-KLT/KAL/MILLAN/LI/24/0012,KAL240018,Kalutara,Millaniya,2024-01-16,Paragasthota,644,"නො. 431, හොරේකන්ද වත්ත, පරගස්තොට, මිල්ලනිය",,,0001-01-01,0001-01-01,,අවිධිමත් භූමි පරිහරණය සහ අධික වර්ෂාපතනය,,,,6.6708048,79.9917793
Rock Fall,RF,NBRO/LRRMD-KLT/KAL/WALALL/LI/24/0118,KAL240175,Kalutara,Walallavita,2024-05-28,Bogodakanda,849D,"නාවලකන්ද, මීගහතැන්න.","නාවලකන්ද, ඩිමෙල් මාවත, මීගහතැන්න.",,2024-07-03 00:00:00,0001-01-01,,,,,,6.421889,80.181211
Rock Fall,RF,NBRO/LRRMD-KLT/KAL/MATHUG/LI/24/0126,KAL240196,Kalutara,Mathugama,2024-06-03,Badugama New Colony,795C,"ලියන්කන්ද, සිරිකදුර පාර, මතුගම",,,2024-06-03 00:00:00,0001-01-01,,,,,,6.487442,80.14955
Rock Fall,RF,NBRO/LRRMD-KLT/KAL/BULATS/LI/24/0143,KAL240215,Kalutara,Bulathsinhala,2024-06-10,Demodarawatta,819E,"දෙමෝදරවත්ත, මහගම, බුලත්සිංහල.",,,2024-06-10 00:00:00,2024-05-05 00:00:00,,ස්වභාවික භූ රූපණ තත්ත්වයන් සහ බෑවුමේ ඔස්සේ සිදුවන අධික පාංශු ඛාදනය,,,,6.6199149,80.1619631
Rock Fall,RF,NBRO/LRRMD-KLT/KAL/BULATS/LI/24/0147,KAL240220,Kalutara,Bulathsinhala,2024-06-10,Demodarawatta,819E,"ඉලුක්කැටිය, මහගම, බුලත්සිංහල",,,2024-06-10 00:00:00,2024-06-01 00:00:00,,අධික වර්ෂාපතනය සහ අවිධිමත් භූමි පරිහරණය,,,,6.6162048,80.164411
Rock Fall,RF,NBRO/LRRMD-KLT/KAL/PALIND/LI/24/0183,KAL240274,Kalutara,Palindanuwara,2024-06-14,Pelenda,836,"407/1, මඟුරුවල, පැළැඳ, පාලින්දනුවර",,,2024-06-17 00:00:00,0001-01-01,,භූ අස්ථාවර වීමේ අවදානමක් පමණක් පවතී,,,,6.5746975,80.253495
Rock Fall,RF,NBRO/LRRMD-KLT/KAL/BULATS/LI/24/0191,KAL240282,Kalutara,Bulathsinhala,2024-07-02,Amaragedara South,821C,"නාගහදොල, යටගම්පිටිය, බුලත්සිංහල.",,,2024-06-20 00:00:00,2024-06-01 00:00:00,,අධික වර්ෂාපතනය සහ ස්වභාවික භූ රූපණ තත්වයන්,,,,6.6656802,80.1989172
Rock Fall,RF,NBRO/LRRMD-KLT/KAL/PALIND/LI/24/0221,KAL240329,Kalutara,Palindanuwara,2024-08-21,Athwelthota,836D,"ඇල්ල අසල, අත්වැල්තොට, පාලින්දනුවර",,,2024-08-21 00:00:00,2024-08-17 00:00:00,,අධික වර්ෂාපතනය සහ අවිධිමත් භූමි පරිහරණය,,,,6.5427616,80.277113
Rock Fall,RF,NBRO/LRRMD-KLT/KAL/WALALL/LI/24/0250,KAL240370,Kalutara,Walallavita,2024-08-14,Makalandawa,788,"මාකලන්දාව, වලල්ලාවිට","බප/මතු/ මාකලන්දාව කණිෂ්ඨ විද්‍යාලය, මාකලන්දාව, වලල්ලාවිට",,2024-09-09 00:00:00,0001-01-01,,,,,,6.403668,80.196244
Rock Fall,RF,NBRO/LRRMD-KLT/KAL/BULATS/LI/24/0292,KAL240436,Kalutara,Bulathsinhala,2024-09-11,Bogahawatta,819D,"නායදොළ, මහගම, බුලත්සිංහල",,,0001-01-01,0001-01-01,,,,,,6.6046041,80.1553049
Rock Fall,RF,NBRO/LRRMD-KLT/KAL/PALIND/LI/24/0332,KAL240490,Kalutara,Palindanuwara,2024-06-14,Bellana East,834A,Bellana East,,,2024-12-17 00:00:00,0001-01-01,,අධික වර්ෂාපතනය සහ අවිධිමත් භූමි පරිහරණය,,,,6.537443,80.187604
Rock Fall,RF,NBRO/LRRMD-KLT/KAL/PALIND/LI/24/0388,KAL240550,Kalutara,Palindanuwara,2024-05-29,Midalana West,837A,Midalana West,"ගග ලග, බදුරලිය",,2024-12-30 00:00:00,0001-01-01,,අධික වර්ෂාපතනය සහ අවිධිමත් භූමි පරිහරණය,,,,6.519629,80.242445
Rock Fall,RF,NBRO/LRRMD-KLT/KAL/AGALAW/LI/24/0420,KAL240582,Kalutara,Agalawatta,2024-06-14,Kekulandala North,829A,"මයියොක්කාවත්ත පාර, කැකුළන්දල, අගලවත්ත.","මඤ්ඤොක්කාවත්ත පාර, කැකුලන්දර, අගලවත්ත",,2024-08-22 00:00:00,0001-01-01,,,,,,6.549178,80.161729
Rock Fall,RF,NBRO/LRRMD-KLT/KAL/PALIND/LI/24/0430,KAL240592,Kalutara,Palindanuwara,2024-06-14,Bellana,834,,,,2025-02-18 00:00:00,0001-01-01,,,,,,6.534982,80.257747
Rock Fall,RF,NBRO/LRRMD-KLT/KAL/WALALL/LI/24/0464,KAL240626,Kalutara,Walallavita,2024-07-02,Uthumgama,790A,"කිවුල්දෙනිය ,දොඩම්පාපිටිය,වලල්ලාවිට","කිවුල්දෙනිය ,දොඩම්පාපිටිය,වලල්ලාවිට",,2025-03-12 00:00:00,0001-01-01,,අධික වර්ෂාපතනය සහ අවිධිමත් භූමි පරිහරණය,,,,6.444518,80.142794
Rock Fall,RF,NBRO/LRRMD-KLT/KAL/PALIND/LI/24/0470,KAL240632,Kalutara,Palindanuwara,2024-09-09,Athwelthota,836D,"අත්වැල්තොට ,මොරපිටිය ,පාලින්දනුවර",,,2025-03-28 00:00:00,0001-01-01,,,,,,6.53864,80.288806
Rock Fall,RF,NBRO/LRRMD-KLT/KAL/AGALAW/LI/24/0502,KAL240665,Kalutara,Agalawatta,2024-06-14,Kekulandala South,829B,"අංක342, ගොරොක්ලොඩ, අගලවත්ත",,,2025-05-05 00:00:00,0001-01-01,,,,,,6.546694,80.147008
Rock Fall,RF,NBRO/LRRMD-KLT/KAL/HORANA/LI/25/0009,KAL250030,Kalutara,Horana,2025-01-29,Kanewala,609,"107/A/1, ගල්ගොඩ පාර, කනේවල, පොකුණුවිට.",,,2025-02-05 00:00:00,0001-01-01,,,,,,6.721036,80.034746
Rock Fall,RF,NBRO/LRRMD-KLT/KAL/DODANG/LI/25/0026,KAL250061,Kalutara,Dodangoda,2025-02-20,Sapugahawatta,800B,"ගොඩහේන දෙමළ විද්‍යාලය, දොඩන්ගොඩ","ගොඩහේන දෙමළ විද්‍යාලය, දොඩන්ගොඩ",,2025-02-26 00:00:00,0001-01-01,,අධික වර්ෂාපතනය සහ අවිධිමත් භූමි පරිහරණය,,,,6.541326,80.051291
Rock Fall,RF,NBRO/LRRMD-KLT/KAL/AGALAW/LI/25/0074,KAL250148,Kalutara,Agalawatta,2025-05-28,Kalupahana,847,"දංගහවිල, මහකළුපහන, මතුගම",,,0001-01-01,0001-01-01,,,,,,6.473798,80.154923
Rock Fall,RF,NBRO/LRRMD-KLT/KAL/AGALAW/LI/25/0082,KAL250159,Kalutara,Agalawatta,2025-05-30,Kurupita,845,"කුරුපිට, පොල්ගම්පල","කුරුපිට, පොල්ගම්පල",,2025-05-28 00:00:00,0001-01-01,,අධික වර්ෂාපතනය සහ අවිධිමත් භූමි පරිහරණය,,,,6.4847839,80.2083683
Rock Fall,RF,NBRO/LRRMD-KLT/KAL/MADURW/LI/25/0088,KAL250172,Kalutara,Madurawela,2025-06-13,Kandana South,632B,"නො.24/B, පන්සල පාර, කදන, හොරණ","නො.24/B, පන්සල පාර, කදන, හොරණ",,2025-06-19 00:00:00,0001-01-01,,,,,,6.688945,80.091183
Rock Fall,RF,NBRO/LRRMD-KLT/KAL/BULATS/LI/25/0153,KAL250282,Kalutara,Bulathsinhala,2025-09-30,Egaloya,821D,"ඈගල්ඔය, බුලත්සිංහල","ආර්ථික මධ්‍යස්ථානය, ඈගල්ඔය",,2025-09-30 00:00:00,2025-09-26 00:00:00,,අධික වර්ෂාව,,,,6.678298,80.162035
Rock Fall,RF,NBRO/LRRMD-KND/KDN/YATINU/LI/16/0012,KDN160012,Kandy,Yatinuwara,2016-09-05,Weralugolla,192,"වෙරළුගොල්ල, කඩුගන්නාව","වෙරළුගොල්ල, කඩුගන්නාව",,2016-05-17 00:00:00,0001-01-01,,,,,,7.2646805,80.4980137
Rock Fall,RF,NBRO/LRRMD-KND/KDN/GANGIK/LI/17/0006,KDN170006,Kandy,Ganga Ihala Korale,2017-09-26,Yatapana,1056,"405, ඇල්ලගොඩ, යටපාන, කුරුදුවත්ත කඩවිදිය","405, ඇල්ලගොඩ, යටපාන, කුරුදුවත්ත කඩවිදිය",,2017-09-26 00:00:00,0001-01-01,,,,,,7.113812,80.514212
Rock Fall,RF,NBRO/LRRMD-KND/KDN/THUMPA/LI/18/0074,KDN180074,Kandy,Thumpane,2018-01-01,Adungama Palkumbura,360,"ගල් ගාන පාර, අරඹේකඩේ, කුඹුරේගම","ගල් ගාන පාර, අරඹේකඩේ, කුඹුරේගම",,2018-08-21 00:00:00,2018-09-16 00:00:00,10:45,,,,,7.343106,80.5486199
Rock Fall,RF,NBRO/LRRMD-KND/KDN/THUMPA/LI/18/0075,KDN180075,Kandy,Thumpane,2018-01-01,Adungama Palkumbura,360,"ගල් ගාන පාර, අරඹේකඩේ, කුඹුරේගම","ගල් ගාන පාර, අරඹේකඩේ, කුඹුරේගම",,2018-08-21 00:00:00,2018-08-16 00:00:00,10:45,,,,,7.3433106,80.5486199
Rock Fall,RF,NBRO/LRRMD-KND/KDN/GANGIK/LI/18/0081,KDN180081,Kandy,Ganga Ihala Korale,2018-01-01,Wetakedeniya,1058,"මැදගොඩ පහළ, වැටකේදෙණිය","මැදගොඩ පහළ, වැටකේදෙණිය",,2017-09-27 00:00:00,0001-01-01,,,,,,7.124327,80.504946
Rock Fall,RF,NBRO/LRRMD-KND/KDN/UDUNUW/LI/18/0125,KDN180125,Kandy,Udunuwara,2018-01-01,Yalegoda East,11,"293, යාලේගොඩ , හන්දෙස්ස","293, යාලේගොඩ , හන්දෙස්ස",,2017-11-11 00:00:00,2012-12-10 00:00:00,19:00,,,,,7.246344,80.589775
Rock Fall,RF,NBRO/LRRMD-KND/KDN/KNDFG/LI/18/0136,KDN180136,Kandy,Kandy Four Gravets & Gangawata Korale,2018-01-01,Uda Peradeniya,249,"73/2/ඊ, ගල්හැන්වත්ත, උඩපේරාදෙණිය","73/2/ඊ, ගල්හැන්වත්ත, උඩපේරාදෙණිය",,2018-09-25 00:00:00,0001-01-01,,,,,,7.255848333,80.61082333
Rock Fall,RF,NBRO/LRRMD-KND/KDN/KNDFG/LI/18/0148,KDN180148,Kandy,Kandy Four Gravets & Gangawata Korale,2018-01-19,Wewathenna,274,"202/3, කන්ද අම්පිටිය","202/3, කන්ද අම්පිටිය",,2018-04-19 00:00:00,0001-01-01,,,,,,7.2669883,80.6545866
Rock Fall,RF,NBRO/LRRMD-KND/KDN/PATHAH/LI/18/0165,KDN180165,Kandy,Pathahewaheta,2018-04-27,Oluwawatta,1015,"ඔලුවාවත්ත ග්‍රාමය , මාරස්සන","ඔලුවාවත්ත ග්‍රාමය , මාරස්සන",,2018-04-27 00:00:00,2018-04-26 00:00:00,23:30,,,,,7.202533,80.730616
Rock Fall,RF,NBRO/LRRMD-KND/KDN/KUNDAS/LI/18/0175,KDN180175,Kandy,Kundasale,2018-01-01,Aswalapitiya,702,අස්වලපිටිය,අස්වලපිටිය,,2018-02-05 00:00:00,0001-01-01,,,,,,7.288953,80.72514
Rock Fall,RF,NBRO/LRRMD-KND/KDN/MEDADU/LI/18/0208,KDN180208,Kandy,Medadumbara,2018-01-01,Kotaganga,741,"ලයින් 04, ක්ෂේත්‍ර අංක 02, කොටගඟ ඉහඝ තොටස, කොටගල වතු යාය","ලයින් 04, ක්ෂේත්‍ර අංක 02, කොටගඟ ඉහඝ තොටස, කොටගල වතු යාය",,2017-10-31 00:00:00,0001-01-01,,,,,,7.3654922,80.7922733
Rock Fall,RF,NBRO/LRRMD-KND/KDN/KNDFG/LI/18/0228,KDN180228,Kandy,Kandy Four Gravets & Gangawata Korale,2018-11-23,Mahakanda,268,"317/43, මහකන්ද වත්ත, මහකන්ද","317/43, මහකන්ද වත්ත, මහකන්ද",,2018-12-07 00:00:00,0001-01-01,,,,,,7.2279766,80.6082616
Rock Fall,RF,NBRO/LRRMD-KND/KDN/HATHRL/LI/18/0232,KDN180232,Kandy,Hatharaliyadda,2018-06-29,Welivita Pahalagama,352,"78/1, වැලිවිට පහළගම, හතරලියද්ද","78/1, වැලිවිට පහළගම, හතරලියද්ද",,2018-06-26 00:00:00,0001-01-01,,,,,,7.32392109,80.5147725
Rock Fall,RF,NBRO/LRRMD-KND/KDN/HATHRL/LI/18/0234,KDN180234,Kandy,Hatharaliyadda,2018-10-25,Kanakkarapola South,349,"පහළ ගල් කන්ද හා ගල් කන්ද කනක්කර පොල දකුණ, හතරලියද්ද","පහළ ගල් කන්ද හා ගල් කන්ද කනක්කර පොල දකුණ, හතරලියද්ද",,2018-06-26 00:00:00,0001-01-01,,,,,,7.3314842,80.4776554
Rock Fall,RF,NBRO/LRRMD-KND/KDN/PANVIL/LI/18/0239,KDN180239,Kandy,Panvila,2018-01-01,Gomaraya,738,"54/1, ගෝමරය ජනපදය පහළ‌ෙකාටස, තවලන්තැන්න","54/1, ගෝමරය ජනපදය පහළ‌ෙකාටස, තවලන්තැන්න",,2017-09-07 00:00:00,0001-01-01,,,,,,7.233070284,80.5652144
Rock Fall,RF,NBRO/LRRMD-KND/KDN/HARISP/LI/18/0257,KDN180257,Kandy,Harispattuwa,2018-02-05,Yatihalagala Udagama,445,"157/4, යටිහලගල, මහනුවර","157/4, යටිහලගල, මහනුවර",,2018-06-01 00:00:00,0001-01-01,,,,,,7.29412909,80.5921605
Rock Fall,RF,NBRO/LRRMD-KND/KDN/HARISP/LI/18/0260,KDN180260,Kandy,Harispattuwa,2018-10-26,Haloluwa Pallegama,434,"91/ඒ, පල්ලේගම,හල්ඔළුව","91/ඒ, පල්ලේගම,හල්ඔළුව",,2018-10-26 00:00:00,0001-01-01,,,,,,7.3014661,80.6075659
Rock Fall,RF,NBRO/LRRMD-KND/KDN/DOLUWA/LI/19/0028,KDN190029,Kandy,Doluwa,2019-01-01,Nawa Gurukele,1139,"ගොඩවලවත්ත, නවගුරුකැළේ, දොළුව","ගොඩවලවත්ත, නවගුරුකැළේ, දොළුව",,2018-07-17 00:00:00,0001-01-01,,,,,,7.1884002,80.6228212
Rock Fall,RF,NBRO/LRRMD-KND/KDN/YATINU/LI/19/0060,KDN190061,Kandy,Yatinuwara,2019-10-31,Udawela Pahalagama,179,"238/A/4, නාරංගස්තැන්න, උඩවෙල, දන්තුරේ","238/A/4, නාරංගස්තැන්න, උඩවෙල, දන්තුරේ",,2019-11-18 00:00:00,0001-01-01,,,,,,7.293032,80.536174
Rock Fall,RF,NBRO/LRRMD-KND/KDN/YATINU/LI/19/0062,KDN190063,Kandy,Yatinuwara,2019-10-11,Kendakaduwa,134,"13/1/4, ප්‍රගතිපුර ජනාවාසය, පේරාදෙණිය","13/1/4, ප්‍රගතිපුර ජනාවාසය, පේරාදෙණිය",,2019-10-12 00:00:00,0001-01-01,,,,,,7.268021,80.592343
Rock Fall,RF,NBRO/LRRMD-KND/KDN/GANGIK/LI/19/0069,KDN190070,Kandy,Ganga Ihala Korale,2019-01-01,Wetakedeniya,1058,"බොස්වුඩ් ජනපදය, වැටකේදෙණිය","බොස්වුඩ් ජනපදය, වැටකේදෙණිය",,2019-05-27 00:00:00,0001-01-01,,,,,,7.1244225,80.4937716
Rock Fall,RF,NBRO/LRRMD-KND/KDN/KNDFG/LI/19/0083,KDN190084,Kandy,Kandy Four Gravets & Gangawata Korale,2019-10-19,Deiyannewela,261,"349/14, ශ්‍රීමත් කුඩාරත්වත්ත මාවත, දොඩම්වල","349/14, ශ්‍රීමත් කුඩාරත්වත්ත මාවත, දොඩම්වල",,2019-11-07 00:00:00,0001-01-01,,,,,,7.297561,80.626613
Rock Fall,RF,NBRO/LRRMD-KND/KDN/YATINU/LI/19/0119,KDN190120,Kandy,Yatinuwara,2019-01-01,Pelawa Pahalagama,137,"64/1, පෑලව, පහළගම, මුරුතලාව","64/1, පෑලව, පහළගම, මුරුතලාව",,2019-01-30 00:00:00,0001-01-01,,,,,,7.3027827,80.5752406
Rock Fall,RF,NBRO/LRRMD-KND/KDN/UDAPAL/LI/19/0180,KDN190181,Kandy,Udapalatha,2019-01-01,Mount Temple,1122,"200/6, කඩුගන්නාව පාර, ගම්පොල","200/6, කඩුගන්නාව පාර, ගම්පොල",,2019-02-15 00:00:00,0001-01-01,,,,,,7.170917,80.562987
Rock Fall,RF,NBRO/LRRMD-KND/KDN/KNDFG/LI/19/0213,KDN190214,Kandy,Kandy Four Gravets & Gangawata Korale,2019-01-07,Aniwatta West,233,"309/10, ජෝර් ජ් ඊ ද සිල්වා මාවත, මහනුවර","309/10, ජෝර් ජ් ඊ ද සිල්වා මාවත, මහනුවර",,2019-02-26 00:00:00,0001-01-01,,,,,,7.281195,80.61251
Rock Fall,RF,NBRO/LRRMD-KND/KDN/HATHRL/LI/19/0238,KDN190239,Kandy,Hatharaliyadda,2019-01-01,Pattapola Ihala,342,"පට්ටියපොල ඉහළ , හතරලියද්ද","පට්ටියපොල ඉහළ , හතරලියද්ද",,2019-07-25 00:00:00,0001-01-01,,,,,,7.3115578,80.4874192
Rock Fall,RF,NBRO/LRRMD-KND/KDN/HATHRL/LI/19/0239,KDN190240,Kandy,Hatharaliyadda,2019-01-01,Alagalla Pahalagama,381,"198/ඒ, කොඳගම, හතරලියද්ද","198/ඒ, කොඳගම, හතරලියද්ද",,2018-11-27 00:00:00,0001-01-01,,,,,,7.3100369,80.4825365
Rock Fall,RF,NBRO/LRRMD-KND/KDN/HATHRL/LI/19/0240,KDN190241,Kandy,Hatharaliyadda,2019-01-01,Aludeniya South,376,"46, යටල, අළුදෙණිය දකුණ, හතරලියද්ද","46, යටල, අළුදෙණිය දකුණ, හතරලියද්ද",,2018-11-27 00:00:00,0001-01-01,,,,,,7.3600289,80.4646146
Rock Fall,RF,NBRO/LRRMD-KND/KDN/HATHRL/LI/19/0243,KDN190244,Kandy,Hatharaliyadda,2019-01-01,Welivita Pahalagama,352,"වැලිවිට පහළ ගම දකුණ, සංඝරාජපුර","වැලිවිට පහළ ගම දකුණ, සංඝරාජපුර",,2018-11-27 00:00:00,0001-01-01,,,,,,7.311414299,80.50546706
Rock Fall,RF,NBRO/LRRMD-KND/KDN/UDADUM/LI/19/0245,KDN190246,Kandy,Udadumbara,2019-12-12,Wadawalakanda,890,"291/A, වදවලකන්ද, කොබෝනිල්ල","291/A, වදවලකන්ද, කොබෝනිල්ල",,2019-12-19 00:00:00,0001-01-01,,,,,,7.366395,80.846319
Rock Fall,RF,NBRO/LRRMD-KND/KDN/HATHRL/LI/19/0277,KDN190278,Kandy,Hatharaliyadda,2019-01-10,Ambawa,389,"නො.158/1, අම්බාව, හතරලියද්ද","නො.158/1, අම්බාව, හතරලියද්ද",,2019-01-11 00:00:00,0001-01-01,,,,,,7.3216355,80.444356
Rock Fall,RF,NBRO/LRRMD-KND/KDN/HARISP/LI/19/0288,KDN190289,Kandy,Harispattuwa,2019-11-07,Kurundugahamada,448,"19/5, ශ්‍රි සුමනතිස්ස මාවත, කුළුගම්මන","19/5, ශ්‍රි සුමනතිස්ස මාවත, කුළුගම්මන",,2019-11-27 00:00:00,0001-01-01,,,,,,7.313066,80.588815
Rock Fall,RF,NBRO/LRRMD-KND/KDN/HARISP/LI/19/0296,KDN190297,Kandy,Harispattuwa,2019-01-01,Hamangoda South,437,"59/ඒ/1, ජයන්ති පාර, පලිලේගම, හල්ඔළුව","59/ඒ/1, ජයන්ති පාර, පලිලේගම, හල්ඔළුව",,2018-10-26 00:00:00,0001-01-01,,,,,,7.3069866,80.6029792
Rock Fall,RF,NBRO/LRRMD-KND/KDN/THUMPA/LI/19/0302,KDN190303,Kandy,Thumpane,2019-01-03,Marawanagoda,402,"89/A, මරවානාගොඩ, වැරැල්ලගම","89/A, මරවානාගොඩ, වැරැල්ලගම",,2019-01-17 00:00:00,2018-10-08 00:00:00,,,,,,7.3428189,80.5587816
Rock Fall,RF,NBRO/LRRMD-KND/KDN/KUNDAS/LI/19/0323,KDN190324,Kandy,Kundasale,2019-01-01,Naranpanawa West,725,"46/2, ගලහ වත්ත, නාරම්පනාව","46/2, ගලහ වත්ත, නාරම්පනාව",,2018-08-23 00:00:00,0001-01-01,,,,,,7.339971,80.733469
Rock Fall,RF,NBRO/LRRMD-KND/KDN/KUNDAS/LI/19/0331,KDN190332,Kandy,Kundasale,2019-01-01,Maluwegama,720,"11/බි, තැන්නේමාවත, ගොමගොඩ","11/බි, තැන්නේමාවත, ගොමගොඩ",,2017-07-24 00:00:00,0001-01-01,,,,,,7.330411,80.737442
Rock Fall,RF,NBRO/LRRMD-KND/KDN/KUNDAS/LI/19/0332,KDN190333,Kandy,Kundasale,2019-01-17,Gabadagama North,669,"35/4, මීගමවත්ත, පොල්ගොල්ල","35/4, මීගමවත්ත, පොල්ගොල්ල",,2019-01-07 00:00:00,0001-01-01,,,,,,7.3301339,80.6596453
Rock Fall,RF,NBRO/LRRMD-KND/KDN/POOJAP/LI/19/0334,KDN190335,Kandy,Poojapitiya,2019-01-01,Galkanda,523,"19/1, ගල්කන්ද, රඹුකේවෙල","19/1, ගල්කන්ද, රඹුකේවෙල",,2018-10-11 00:00:00,2018-10-11 00:00:00,,,,,,7.4135855,80.5573599
Rock Fall,RF,NBRO/LRRMD-KND/KDN/POOJAP/LI/19/0344,KDN190345,Kandy,Poojapitiya,2019-01-01,Kiralagama,545,"230/A, කිරිලගම බටහිර, පුජාපිටිය","230/A, කිරිලගම බටහිර, පුජාපිටිය",,2018-10-11 00:00:00,0001-01-01,,,,,,7.3679621,80.600173
Rock Fall,RF,NBRO/LRRMD-KND/KDN/KUNDAS/LI/19/0353,KDN190354,Kandy,Kundasale,2019-10-15,Gonawala North,718,"50, පහළ ගොනවෙල රජවැල්ල","50, පහළ ගොනවෙල රජවැල්ල",,2019-10-15 00:00:00,0001-01-01,,,,,,7.31019311,80.735679063
Rock Fall,RF,NBRO/LRRMD-KND/KDN/PATHAH/LI/19/0392,KDN190393,Kandy,Pathahewaheta,2019-01-01,Oluwawatta,1015,පස්ගම බෝපිටිය මාර්ගයේ ඔලුවාවත්ත,පස්ගම බෝපිටිය මාර්ගයේ ඔලුවාවත්ත,,2018-10-15 00:00:00,2018-10-13 00:00:00,,,,,,7.201791,80.72936
Rock Fall,RF,NBRO/LRRMD-KND/KDN/MEDADU/LI/19/0400,KDN190401,Kandy,Medadumbara,2019-03-21,Rajagala,808,"467/2, දඩමාන්නවත්ත, මැදමහනුවර","467/2, දඩමාන්නවත්ත, මැදමහනුවර",,2019-03-21 00:00:00,0001-01-01,,,,,,7.28033519,80.8263226
Rock Fall,RF,NBRO/LRRMD-KND/KDN/MEDADU/LI/19/0403,KDN190404,Kandy,Medadumbara,2019-02-25,Ambalagala,757,"58/4/2, අම්බලගල, පුටුහපුව","58/4/2, අම්බලගල, පුටුහපුව",,2019-05-28 00:00:00,0001-01-01,,,,,,7.336937,80.7420627
Rock Fall,RF,NBRO/LRRMD-KND/KDN/MEDADU/LI/19/0426,KDN190427,Kandy,Medadumbara,2019-10-07,Senarathwela,828,"සෙනරත්වෙල, රජවැල්ල","සෙනරත්වෙල, රජවැල්ල",,2019-11-06 00:00:00,0001-01-01,,,,,,7.2829044,80.7640422
Rock Fall,RF,NBRO/LRRMD-KND/KDN/PANVIL/LI/19/0445,KDN190446,Kandy,Panvila,2019-08-28,Thawalanthenna,737,"ගෝමරය ජනපදය, උඩකොටස, තවලන්තැන්න","ගෝමරය ජනපදය, උඩකොටස, තවලන්තැන්න",,2019-08-19 00:00:00,0001-01-01,,,,,,7.384208,80.7702579
Rock Fall,RF,NBRO/LRRMD-KND/KDN/PASBAG/LI/19/0472,KDN190473,Kandy,Pasbage Korale,2019-10-10,Penithuduwa,1106,"96/2,මීපිටිය, නාවලපිටිය","96/2,මීපිටිය, නාවලපිටිය",,2019-10-10 00:00:00,0001-01-01,,,,,,7.05398,80.521649
Rock Fall,RF,NBRO/LRRMD-KND/KDN/KNDFG/LI/20/0003,KDN200003,Kandy,Kandy Four Gravets & Gangawata Korale,2020-10-09,Ogastawatta,246,"386,ඔගස්ටාවත්ත, මහනුවර","386,ඔගස්ටාවත්ත, මහනුවර",,2021-08-18 00:00:00,0001-01-01,,,,,,7.263581,80.616225
Rock Fall,RF,NBRO/LRRMD-KND/KDN/HARISP/LI/20/0118,KDN200123,Kandy,Harispattuwa,2020-03-10,Karanduwawala Pahala,478,"158/4, කරඩුවාවෙල පහළ, වැරැල්ලගම","158/4, කරඩුවාවෙල පහළ, වැරැල්ලගම",,2020-06-25 00:00:00,0001-01-01,,,,,,7.3221,80.56028
Rock Fall,RF,NBRO/LRRMD-KND/KDN/KUNDAS/LI/20/0141,KDN200146,Kandy,Kundasale,2020-01-01,Rajawella North,696,"සමගි මෝටර්ස්, දිගන, රජවැල්ල","සමගි මෝටර්ස්, දිගන, රජවැල්ල",,2019-12-21 00:00:00,0001-01-01,,,,,,7.28491,80.737264
Rock Fall,RF,NBRO/LRRMD-KND/KDN/KNDFG/LI/20/0151,KDN200156,Kandy,Kandy Four Gravets & Gangawata Korale,2020-01-01,Pahala Eriyagama,282,"157, ගල්වල පාර, පේරාදෙණිය","157, ගල්වල පාර, පේරාදෙණිය",,2019-11-07 00:00:00,0001-01-01,,,,,,7.262349,80.586762
Rock Fall,RF,NBRO/LRRMD-KND/KDN/KNDFG/LI/20/0154,KDN200159,Kandy,Kandy Four Gravets & Gangawata Korale,2020-01-01,Getambe,259,"12, 2 ‌රාජසිංහ මාවත, ගැටඹේ","12, 2 ‌රාජසිංහ මාවත, ගැටඹේ",,2019-10-17 00:00:00,0001-01-01,,,,,,7.2848238,80.607088
Rock Fall,RF,NBRO/LRRMD-KND/KDN/KNDFG/LI/20/0163,KDN200168,Kandy,Kandy Four Gravets & Gangawata Korale,2020-01-01,Uda Bowala,244,"ශ්‍රි අමරවංශ මාවත, වාගොල්ල වත්ත. පේරාදෙණිය","ශ්‍රි අමරවංශ මාවත, වාගොල්ල වත්ත. පේරාදෙණිය",,2020-02-13 00:00:00,0001-01-01,,,,,,7.265644,80.608552
Rock Fall,RF,NBRO/LRRMD-KND/KDN/KNDFG/LI/20/0178,KDN200183,Kandy,Kandy Four Gravets & Gangawata Korale,2020-06-29,Thennakumbura,275,"75(65), පහළ තැන්නකුඹුර, මහනුවර","75(65), පහළ තැන්නකුඹුර, මහනුවර",,2020-07-13 00:00:00,0001-01-01,,,,,,7.2768182,80.866871
Rock Fall,RF,NBRO/LRRMD-KND/KDN/MEDADU/LI/20/0205,KDN200210,Kandy,Medadumbara,2020-01-01,Ranmulla,772,"කටකිතුල පහළ කොටස, රංමුල්ල","කටකිතුල පහළ කොටස, රංමුල්ල",,2019-10-28 00:00:00,0001-01-01,,,,,,7.3053722,80.785395
Rock Fall,RF,NBRO/LRRMD-KND/KDN/MEDADU/LI/20/0240,KDN200245,Kandy,Medadumbara,2020-02-10,Gangasirigama,760,"231/සි/1,ගඟසිරිගම, තෙල්දෙණිය","231/සි/1,ගඟසිරිගම, තෙල්දෙණිය",,2020-02-06 00:00:00,0001-01-01,,,,,,7.327801,80.746992
Rock Fall,RF,NBRO/LRRMD-KND/KDN/MEDADU/LI/20/0245,KDN200250,Kandy,Medadumbara,2020-01-01,Putuhapuwa,755,"පුටුහපුව, නාරම්පනාව පාර, වෙරළුඅංග ගම","පුටුහපුව, නාරම්පනාව පාර, වෙරළුඅංග ගම",,2020-08-27 00:00:00,0001-01-01,,,,,,7.339538,80.748774
Rock Fall,RF,NBRO/LRRMD-KND/KDN/YATINU/LI/20/0287,KDN200292,Kandy,Yatinuwara,2020-01-01,Kadawathgama,204,"176/බි, නාවුල්ල, ගම්පොල පාර, කඩුගන්නාව","176/බි, නාවුල්ල, ගම්පොල පාර, කඩුගන්නාව",,2019-10-22 00:00:00,0001-01-01,,,,,,7.2542,80.521084
Rock Fall,RF,NBRO/LRRMD-KND/KDN/YATINU/LI/20/0290,KDN200295,Kandy,Yatinuwara,2020-01-01,Kandangama South,209,"319, සාන්ත ශ්‍රි කදන්ගම, කඩුගන්නාව","319, සාන්ත ශ්‍රි කදන්ගම, කඩුගන්නාව",,2019-11-27 00:00:00,0001-01-01,,,,,,7.261375,80.528115
Rock Fall,RF,NBRO/LRRMD-KND/KDN/PATHAD/LI/20/0307,KDN200312,Kandy,Pathadumbara,2020-01-01,Ihala Yatawara,622,"ඉහළ යටවර, වත්තේගම","ඉහළ යටවර, වත්තේගම",,2019-06-01 00:00:00,0001-01-01,,,,,,7.3266038,80.4819822
Rock Fall,RF,NBRO/LRRMD-KND/KDN/POOJAP/LI/20/0317,KDN200322,Kandy,Poojapitiya,2020-01-08,Pallegama Pahala,534,"154/2ඒ, ගල්කුඹුර, පල්ලේගම, අංකුඹුර","154/2ඒ, ගල්කුඹුර, පල්ලේගම, අංකුඹුර",,2020-01-20 00:00:00,0001-01-01,,,,,,7.415243,80.567754
Rock Fall,RF,NBRO/LRRMD-KND/KDN/POOJAP/LI/20/0321,KDN200326,Kandy,Poojapitiya,2020-07-30,Pahala Kithulgolla,540,"පහළ කිතුල්ගොල්ල, අංකුඹුර","පහළ කිතුල්ගොල්ල, අංකුඹුර",,2020-08-07 00:00:00,0001-01-01,,,,,,7.43441,80.559515
Rock Fall,RF,NBRO/LRRMD-KND/KDN/THUMPA/LI/20/0327,KDN200332,Kandy,Thumpane,2020-01-01,Rokhill,302,"340, රොක්හිල් , ගලගෙදර",,,2019-10-28 00:00:00,0001-01-01,,අධික වර්ෂාපතනය,,,,7.384716,80.513906
Rock Fall,RF,NBRO/LRRMD-KND/KDN/THUMPA/LI/20/0328,KDN200333,Kandy,Thumpane,2020-01-01,Bonakot,304,"8/A, බොනකොඩ් වත්ත, ගල‌‌ගෙදර","8/A, බොනකොඩ් වත්ත, ගල‌‌ගෙදර",,2019-11-25 00:00:00,0001-01-01,,,,,,7.377264,80.520997
Rock Fall,RF,NBRO/LRRMD-KND/KDN/UDADUM/LI/20/0339,KDN200344,Kandy,Udadumbara,2020-01-01,Hanwella,882,"112. හංවැල්ල, කහටගහලියද්ද",,,2019-12-20 00:00:00,0001-01-01,,,,,,7.3499151,80.87572658
Rock Fall,RF,NBRO/LRRMD-KND/KDN/UDADUM/LI/20/0356,KDN200361,Kandy,Udadumbara,2020-01-06,Oyathenna,872,"19C, ඔයතැන්න, පොප්පිටිය","19C, ඔයතැන්න, පොප්පිටිය",,2020-01-23 00:00:00,0001-01-01,,,,,,7.341451,80.911539
Rock Fall,RF,NBRO/LRRMD-KND/KDN/UDAPAL/LI/20/0372,KDN200376,Kandy,Udapalatha,2020-01-07,Ranawala,1130,"124, රණවන ජනපදය, ගම්පොල","124, රණවන ජනපදය, ගම්පොල",,2020-01-07 00:00:00,0001-01-01,,,,,,7.178292,80.563135
Rock Fall,RF,NBRO/LRRMD-KND/KDN/UDAPAL/LI/20/0377,KDN200381,Kandy,Udapalatha,2020-06-14,Mount Temple,1122,"93/3, උනම්බුව පාර, ගල්වල, ගම්පොල","93/3, උනම්බුව පාර, ගල්වල, ගම්පොල",,2019-05-09 00:00:00,0001-01-01,,,,,,7.170108,80.56936
Rock Fall,RF,NBRO/LRRMD-KND/KDN/UDAPAL/LI/20/0378,KDN200382,Kandy,Udapalatha,2020-01-01,Ihalagama,1174,"21/බී/1, ඉහලගම, මහඋඩගම","21/බී/1, ඉහලගම, මහඋඩගම",,2019-05-09 00:00:00,0001-01-01,,,,,,7.136206,80.625994
Rock Fall,RF,NBRO/LRRMD-KND/KDN/UDAPAL/LI/20/0382,KDN200386,Kandy,Udapalatha,2020-01-01,Amuhena,1169,"72/2, කොලොල්ගහනාවල, පල්ලේගම, අටබාගේ","72/2, කොලොල්ගහනාවල, පල්ලේගම, අටබාගේ",,2019-05-09 00:00:00,0001-01-01,,,,,,7.130186,80.611846
Rock Fall,RF,NBRO/LRRMD-KND/KDN/YATINU/LI/20/0388,KDN200391,Kandy,Yatinuwara,2020-01-01,Udawela Pahalagama,179,"241, නාරංගස්තැන්න, උඩවෙල","241, නාරංගස්තැන්න, උඩවෙල",,2020-06-21 00:00:00,0001-01-01,,,,,,7.291801,80.536153
Rock Fall,RF,NBRO/LRRMD-KND/KDN/YATINU/LI/21/0052,KDN210057,Kandy,Yatinuwara,2021-11-10,Parakatawella,181,"පරකැටවැල්ල, පිළිමතලාව","පරකැටවැල්ල, පිළිමතලාව",,2021-11-17 00:00:00,2021-11-10 00:00:00,,,,,,7.285056,80.544963
Rock Fall,RF,NBRO/LRRMD-KND/KDN/UDUNUW/LI/21/0067,KDN210078,Kandy,Udunuwara,2021-11-29,Ambagasthenna,68,"අඹගස්තැන්න, වෙලම්බඩ","අඹගස්තැන්න, වෙලම්බඩ",,2021-11-29 00:00:00,2021-11-27 00:00:00,21:00,,,,,7.205945,80.554514
Rock Fall,RF,NBRO/LRRMD-KND/KDN/KNDFG/LI/21/0112,KDN210125,Kandy,Kandy Four Gravets & Gangawata Korale,2021-11-04,Pahala Eriyagama,282,"සිපෙට්කෝ ලංකා ඉන්දන පිරවුම් හල , පේරාදෙණිය","සිපෙට්කෝ ලංකා ඉන්දන පිරවුම් හල , පේරාදෙණිය",,2021-11-04 00:00:00,2021-11-03 00:00:00,,අධික වර්ෂාව,,,,7.263682,80.592913
Rock Fall,RF,NBRO/LRRMD-KND/KDN/PATHAH/LI/21/0122,KDN210135,Kandy,Pathahewaheta,2021-10-06,Bawlana,1014,"29/11, බව්ලාන","29/11, බව්ලාන",,2021-10-20 00:00:00,2021-10-01 00:00:00,,,,,,7.20731,80.71133
Rock Fall,RF,NBRO/LRRMD-KND/KDN/YATINU/LI/21/0153,KDN210166,Kandy,Yatinuwara,2021-11-17,Parakatawella,181,"පරකැ‍ටවැල්ල, පිළිමතලාව","පරකැ‍ටවැල්ල, පිළිමතලාව",,2021-11-17 00:00:00,0001-01-01,,,,,,7.285056,80.544963
Rock Fall,RF,NBRO/LRRMD-KND/KDN/KNDFG/LI/21/0166,KDN210179,Kandy,Kandy Four Gravets & Gangawata Korale,2021-11-13,Heeressagala,242,රුපවාහිනි සංස්ථාවට අයත් හන්තාන විකාශනාගාරය,රුපවාහිනි සංස්ථාවට අයත් හන්තාන විකාශනාගාරය,,2021-11-14 00:00:00,0001-01-01,,,,,,7.258429,80.60182
Rock Fall,RF,NBRO/LRRMD-KND/KDN/UDUNUW/LI/21/0189,KDN210203,Kandy,Udunuwara,2021-11-03,Panabokka,124,"දිහිටියාවල, වට්ටප්පොල","දිහිටියාවල, වට්ටප්පොල",,2021-11-03 00:00:00,2021-11-01 00:00:00,,,,,,7.225184,80.546128
Rock Fall,RF,NBRO/LRRMD-KND/KDN/YATINU/LI/21/0190,KDN210204,Kandy,Yatinuwara,2021-11-03,Pahala Rathmeewala,197,"113/සී, ගල්අංග, මැණික්දිවෙල","113/සී, ගල්අංග, මැණික්දිවෙල",,2021-11-03 00:00:00,2021-10-30 00:00:00,,,,,,7.277338,80.504446
Rock Fall,RF,NBRO/LRRMD-KND/KDN/KNDFG/LI/21/0216,KDN210237,Kandy,Kandy Four Gravets & Gangawata Korale,2021-10-08,Suduhumpala East,265,"යසරත්න තෙන්නකෝන් මාවත, මහනුවර","යසරත්න තෙන්නකෝන් මාවත, මහනුවර",,2021-10-19 00:00:00,0001-01-01,,,,,,7.28245,80.628425
Rock Fall,RF,NBRO/LRRMD-KND/KDN/HATHRL/LI/21/0324,KDN210345,Kandy,Hatharaliyadda,2021-06-01,Walpalagolla East,397,"83/2, වල්පල්ලාගල, සඝරාජපුර","83/2, වල්පල්ලාගල, සඝරාජපුර",,2021-06-07 00:00:00,0001-01-01,,,,,,7.322262,80.536614
Rock Fall,RF,NBRO/LRRMD-KND/KDN/KNDFG/LI/21/0360,KDN210372,Kandy,Kandy Four Gravets & Gangawata Korale,2021-06-07,Ulpathakumbura,273,"නො.17, ඇල්හේන, කැටවල, ලෙපිල","නො.17, ඇල්හේන, කැටවල, ලෙපිල",,2021-06-17 00:00:00,0001-01-01,,,,,,7.264413,80.672448
Rock Fall,RF,NBRO/LRRMD-KND/KDN/THUMPA/LI/21/0363,KDN210375,Kandy,Thumpane,2021-01-01,Kirindiwelpola,285,"19,හදුගහඇල වත්ත, අරඹේකඩේ, කුඹුරේගම","19,හදුගහඇල වත්ත, අරඹේකඩේ, කුඹුරේගම",,2020-12-21 00:00:00,0001-01-01,,,,,,7.338904,80.547931
Rock Fall,RF,NBRO/LRRMD-KND/KDN/AKURAN/LI/21/0400,KDN210412,Kandy,Akurana,2021-01-01,Vilana Udagama,589,"හපුගොල්ලවත්ත, විලාන,උඩගම","හපුගොල්ලවත්ත, විලාන,උඩගම",,2021-01-06 00:00:00,0001-01-01,,,,,,7.3266038,80.4819822
Rock Fall,RF,NBRO/LRRMD-KND/KDN/GANGIK/LI/21/0431,KDN210443,Kandy,Ganga Ihala Korale,2021-01-01,Herakola,1067,"47. බේසයිට් කොළනි, හැරකොළ, ගම්පොළ","47. බේසයිට් කොළනි, හැරකොළ, ගම්පොළ",,2018-05-15 00:00:00,0001-01-01,,,,,,7.147653,80.5552071
Rock Fall,RF,NBRO/LRRMD-KND/KDN/DOLUWA/LI/21/0433,KDN210445,Kandy,Doluwa,2021-01-01,Thumpelawaka,1140,"167/A, රෝහල් ජනපදය,මොරහේන, පන්විලතැන්න","167/A, රෝහල් ජනපදය,මොරහේන, පන්විලතැන්න",,2020-09-30 00:00:00,0001-01-01,,,,,,7.1557593,80.6671479
Rock Fall,RF,NBRO/LRRMD-KND/KDN/KNDFG/LI/21/0440,KDN210452,Kandy,Kandy Four Gravets & Gangawata Korale,2021-01-21,Ogastawatta,246,"27බි, දෙවන පටුමග, ඔගස්ටාවත්ත","27බි, දෙවන පටුමග, ඔගස්ටාවත්ත",,2021-01-21 00:00:00,0001-01-01,,,,,,7.265361,80.607406
Rock Fall,RF,NBRO/LRRMD-KND/KDN/DELTHO/LI/21/0443,KDN210455,Kandy,Delthota,2021-01-01,Kolambissa West,1030,"49, කොළොම්බිස්ස","49, කොළොම්බිස්ස",,2020-11-27 00:00:00,0001-01-01,,,,,,7.180966,80.740918
Rock Fall,RF,NBRO/LRRMD-KND/KDN/KNDFG/LI/21/0472,KDN210484,Kandy,Kandy Four Gravets & Gangawata Korale,2021-01-18,Bogambara,264,"59/82 ඒ, ඇහැලේපොළ කුමාරිහාමි මාවත, බෝගම්බර, මහනුවර","59/82 ඒ, ඇහැලේපොළ කුමාරිහාමි මාවත, බෝගම්බර, මහනුවර",,2021-04-02 00:00:00,2021-01-06 00:00:00,,,,,,7.286719,80.635163
Rock Fall,RF,NBRO/LRRMD-KND/KDN/KNDFG/LI/21/0493,KDN210505,Kandy,Kandy Four Gravets & Gangawata Korale,2021-01-05,Aniwatta West,233,"85ඒ, ජෝර්ජ් ද සිලිවා මාවත, මහනුවර","85ඒ, ජෝර්ජ් ද සිලිවා මාවත, මහනුවර",,2021-01-21 00:00:00,0001-01-01,,,,,,7.2818083,80.613553
Rock Fall,RF,NBRO/LRRMD-KND/KDN/KNDFG/LI/21/0494,KDN210506,Kandy,Kandy Four Gravets & Gangawata Korale,2021-01-04,Nuwara Dodamwala,232,"ප්‍රදීප් කඩයට ඉහළ, ශ්‍රිමත් කුඩාරත්වත්ත මාවත, මහනුවර","ප්‍රදීප් කඩයට ඉහළ, ශ්‍රිමත් කුඩාරත්වත්ත මාවත, මහනුවර",,2021-04-06 00:00:00,0001-01-01,,,,,,7.290775,80.6015605
Rock Fall,RF,NBRO/LRRMD-KND/KDN/UDUNUW/LI/21/0529,KDN210540,Kandy,Udapalatha,2021-01-04,Delpitiya,1166,"96, ස්ටෝෆිල්ඩ්, පහළ කොටස, ගම්පල","96, ස්ටෝෆිල්ඩ්, පහළ කොටස, ගම්පල",,2021-05-14 00:00:00,2021-05-13 00:00:00,21:30,,,,,7.146277,80.581648
Rock Fall,RF,NBRO/LRRMD-KND/KDN/UDUNUW/LI/21/0539,KDN210550,Kandy,Udunuwara,2021-01-04,Warakagoda,86,"1/9, සින්දුරන්කන්ද,  වරකාගොඩ","1/9, සින්දුරන්කන්ද,  වරකාගොඩ",,2021-06-16 00:00:00,2021-06-04 00:00:00,,අධික වර්ෂාව,,,,7.245984,80.54529
Rock Fall,RF,NBRO/LRRMD-KND/KDN/KNDFG/LI/21/0603,KDN210614,Kandy,Kandy Four Gravets & Gangawata Korale,2021-01-01,Maligathenna,279,"24/සි,14 හතර කොටස, හාරගම","24/සි,14 හතර කොටස, හාරගම",,2021-02-04 00:00:00,0001-01-01,,,,,,7.257876,80.719243
Rock Fall,RF,NBRO/LRRMD-KND/KDN/KNDFG/LI/21/0633,KDN210644,Kandy,Kandy Four Gravets & Gangawata Korale,2021-01-04,Gurudeniya East,276,"340/0, උඩතැන්න පාර, ගුරුදෙණිය","340/0, උඩතැන්න පාර, ගුරුදෙණිය",,2021-03-09 00:00:00,0001-01-01,,,,,,7.269376,80.6923716
Rock Fall,RF,NBRO/LRRMD-KND/KDN/UDUNUW/LI/21/0662,KDN210672,Kandy,Udunuwara,2021-01-04,Dehipagoda East,37,"369/3, පල්ලිය පාර,දෙල්අංග, ගෙලිඔය","369/3, පල්ලිය පාර,දෙල්අංග, ගෙලිඔය",,2021-05-26 00:00:00,2021-05-15 00:00:00,05:30,අධික වර්ෂාව,,,,7.20942,80.589148
Rock Fall,RF,NBRO/LRRMD-KND/KDN/KNDFG/LI/21/0689,KDN210699,Kandy,Kandy Four Gravets & Gangawata Korale,2021-01-13,Mahakanda,268,"393/6, කැමිලියා නැග්ම, මහකන්ද","393/6, කැමිලියා නැග්ම, මහකන්ද",,2021-05-13 00:00:00,0001-01-01,,,,,,7.2231166,80.610583
Rock Fall,RF,NBRO/LRRMD-KND/KDN/KNDFG/LI/22/0009,KDN220026,Kandy,Kandy Four Gravets & Gangawata Korale,2022-01-03,Meddegama,272,"නො. 45/1, මැද්දේපතන, අම්පිටිය","නො. 45/1, මැද්දේපතන, අම්පිටිය",,2022-03-07 00:00:00,2021-11-10 00:00:00,,,,,,7.269138,80.657999
Rock Fall,RF,NBRO/LRRMD-KND/KDN/KNDFG/LI/22/0108,KDN220135,Kandy,Kandy Four Gravets & Gangawata Korale,2022-01-11,Getambe,259,"නො. 60, නෙළුම් මාවත, ප්‍රිම්රෝස්, මහනුවර","නො. 60, නෙළුම් මාවත, ප්‍රිම්රෝස්, මහනුවර",,2022-01-10 00:00:00,0001-01-01,,,,,,7.28099,80.615016
Rock Fall,RF,NBRO/LRRMD-KND/KDN/PATHAH/LI/22/0149,KDN220185,Kandy,Pathahewaheta,2022-01-03,Pathamailapitiya South,1006,"අංක 17/1, මයිලගස්යාය, මයිලපිටිය","අංක 17/1, මයිලගස්යාය, මයිලපිටිය",,2021-12-07 00:00:00,0001-01-01,,,,,,7.22035,80.755216
Rock Fall,RF,NBRO/LRRMD-KND/KDN/KNDFG/LI/22/0169,KDN220216,Kandy,Kandy Four Gravets & Gangawata Korale,2022-01-06,Heeressagala,242,"අංක 71/9, හීරැස්සගල, දෙවන පටුමග, හීරැස්සගල","අංක 71/9, හීරැස්සගල, දෙවන පටුමග, හීරැස්සගල",,2022-02-21 00:00:00,2021-11-23 00:00:00,,,,,,7.2760299,80.621513
Rock Fall,RF,NBRO/LRRMD-KND/KDN/KNDFG/LI/22/0196,KDN220246,Kandy,Kandy Four Gravets & Gangawata Korale,2022-01-03,Nagasthenna,262,"43/21, නාගස්තැන්න පාර,මහනුවර","43/21, නාගස්තැන්න පාර,මහනුවර",,2021-11-18 00:00:00,2021-10-23 00:00:00,,,,,,7.2842379,80.6311167
Rock Fall,RF,NBRO/LRRMD-KND/KDN/PATHAH/LI/22/0211,KDN220262,Kandy,Pathahewaheta,2022-01-03,Batagalla,959,"අංක 105/3, බටගල්ල, තලාතුඔය","අංක 105/3, බටගල්ල, තලාතුඔය",,2021-12-01 00:00:00,2021-11-02 00:00:00,,,,,,7.246809,80.684573
Rock Fall,RF,NBRO/LRRMD-KND/KDN/KNDFG/LI/22/0223,KDN220296,Kandy,Kandy Four Gravets & Gangawata Korale,2022-01-03,Heeressagala,242,"අංක 71/82, හීරැස්සගල දෙවන පටුමග, මහනුවර","අංක 71/82, හීරැස්සගල දෙවන පටුමග, මහනුවර",,2021-11-23 00:00:00,0001-01-01,,,,,,7.216043,80.621508
Rock Fall,RF,NBRO/LRRMD-KND/KDN/UDUNUW/LI/22/0353,KDN220335,Kandy,Udunuwara,2022-07-25,Belungala,115,"ලගමුව, කඩුගන්නාව","නො 229, අඹගස්තැන්නේ ගෙදර, ලගමුව, කඩුගන්නාව",,2022-08-08 00:00:00,2022-07-21 00:00:00,,ගල් පෙරලීමේ අවධානම,,,,7.267418,80.575887
Rock Fall,RF,NBRO/LRRMD-KND/KDN/PASBAG/LI/22/0375,KDN220415,Kandy,Pasbage Korale,2022-08-15,Inguruoya North,1099,"ඉඟුරුඔය උතුර, නාවලපිටිය","37, ඉඟුරුඔය උතුර, නාවලපිටිය",,2022-08-15 00:00:00,2022-08-01 00:00:00,,පාෂාණ පෙරලීම,,,,7.0082416,80.53812
Rock Fall,RF,NBRO/LRRMD-KND/KDN/YATINU/LI/22/0466,KDN220711,Kandy,Yatinuwara,2022-10-06,Kadawathgama,204,"අංක 64C, කඩවත්ගම, කඩුගන්නාව","අංක 64C, කඩවත්ගම, කඩුගන්නාව",,2022-10-19 00:00:00,2022-10-05 00:00:00,,"අක්‍රමවත් ඉඩම් පරිහරණය, අධික වර්ෂා",,,,7.257186,80.527061
Rock Fall,RF,NBRO/LRRMD-KND/KDN/PATHAH/LI/22/0516,KDN220825,Kandy,Pathahewaheta,2022-10-12,Oluwawatta,1015,"ඔළුවාවත්ත, මාරස්සන","ඔළුවාවත්ත, මාරස්සන",මහනුවර නගරයේ සිට රජවැල්ල මාර්ගයේ කිවුල්ලිඳ හන්දියෙන් මාරස්සන මාර්ගයේ මාරස්සන දක්වා ගමන් කර පස,0001-01-01,2022-09-09 00:00:00,,,,,,7.199815,80.732096
Rock Fall,RF,NBRO/LRRMD-KND/KDN/PATHAD/LI/23/0005,KDN230132,Kandy,Pathadumbara,2023-01-25,Udathalavinna,615,උඩතලවින්න රජයේ බෙහෙත් ශාලාව ආශ්‍රිත පුස්සළු ඔය පවතින භුමිය,"දොරගමුව, ගලදෙණිය",මහනුවර සිට වත්තේගම මාර්ගයේ දොරගමුව හන්දිය දක්වා ගමන් කොට දොරගමුව මාර්ගයේ උඩතලවින්න තෙක් ගමන් ක,2023-01-25 00:00:00,2022-12-25 00:00:00,,----,,,,7.345461,80.656709
Rock Fall,RF,NBRO/LRRMD-KND/KDN/MEDADU/LI/24/0109,KDN240421,Kandy,Medadumbara,2024-04-19,Meegahalanda,821,"158, මීගහලන්ද, සඳසිරි දුනුවිල, මැදමහනුවර","158, මීගහලන්ද, සඳසිරි දුනුවිල, මැදමහනුවර",මහනුවර- පල්ලෙකැලේ- දිගන- වේඩරුව පාර- මීගහලන්ද,2024-03-28 00:00:00,2023-12-29 00:00:00,,අධික වර්ෂාපතනය හා අවිධිමත් භූමි නව්‍යකරණය,,,,7.244662,80.827285
Rock Fall,RF,NBRO/LRRMD-KND/KDN/UDADUM/LI/24/0240,KDN240949,Kandy,Udadumbara,2024-01-08,Kalalgamuwa,857,"කළල්ගමුව,උඩදුම්බර","කළල්ගමුව,උඩදුම්බර","මහනුවර මහියංගණය මාර්ගයේ මහනුවර සිට මහියංගනය දෙසට ගමන් කරණ විට හමුවන උඩදුම්බර නගරයෙන් , මඩුගල්ල",2024-01-05 00:00:00,2023-12-31 00:00:00,,,,,,7.287411,80.896766
Rock Fall,RF,NBRO/LRRMD-KND/KDN/KUNDAS/LI/24/0273,KDN241177,Kandy,Kundasale,2024-10-16,Diyabubula,703,"අංක 9/A, ස්වශක්තිගම, දිගන","අංක 9/A , ස්වශක්තිගම, දිගන","මහනුවර සිට මහනුවර- මහියංගනය ප්‍රධාන මාර්ගයේ දිගන නගරය තෙක් ගමන්කර, රජවැල්ල හිංදු විද්‍යාලය අසල",2001-01-08 00:00:00,2001-09-28 00:00:00,,අධික වර්ෂාපතනය සමග කුස්තුර සහිත පාෂාන කුට්ටි වල සිදුවූ අස්ථාවරතාවයන්,,,,7.286656,80.735687
Rock Fall,RF,NBRO/LRRMD-KND/KDN/UDUNUW/LI/24/0291,KDN241242,Kandy,Udunuwara,2024-11-01,Nikahetiya,109,"18/A, තැන්නේගෙදර, නිකහැටිය, වට්ටප්පොල","18/A, තැන්නේගෙදර, නිකහැටිය, වට්ටප්පොල",කොළඹ ප්‍රධාන මාර්ගයේ පිලිමතලාව දක්වා ගොස් දවුලගල - පරණපට්ටිය මාර්ගයේ කිලෝමීටර 03 ක් පමණ ගියපසු හ,2024-11-01 00:00:00,2024-10-31 00:00:00,,අධික වර්ෂාපතනය හා අවිධිමත් භූමි නව්‍යකරණය,,,,7.227408,80.539214
Rock Fall,RF,NBRO/LRRMD-KND/KDN/KNDFG/LI/25/0100,KDN250610,Kandy,Kandy Four Gravets & Gangawata Korale,2025-04-30,Gurudeniya Dambawela,277,"දඹවෙල, ගුරුදෙණිය",": දඹවෙල, ගුරුදෙණිය",අම්පිටිය නගරයෙන් හැරී දඹවෙල මාර්ගයේ ගමන් කළ විට මෙම ස්ථානයට ළඟා විය හැක.,2025-02-03 00:00:00,2024-11-25 00:00:00,,අධික වර්ෂාපතනය,,,,7.26386,80.68619
Rock Fall,RF,NBRO/LRRMD-KND/KDN/POOJAP/LI/25/0136,KDN250843,Kandy,Poojapitiya,2025-06-04,Galkanda,523,"අංක 249/2/ඒ, ගල්කන්ද, රඹුකේවෙල","අංක 249/2/ඒ, ගල්කන්ද, රඹුකේවෙල",අංකුඹුර මාර්ගයෙන් ගල් කන්ද ග්‍රාමය දෙසට ගමන් කිරීමෙන් ආදළ ස්ථානයට ලඟාවිය හැක.,2025-01-29 00:00:00,2024-11-26 00:00:00,,අධික වර්ෂාපතනය සමග පාෂාන කුට්ටි වල සිදුවූ අස්ථාවරතාවයන්,,,,7.415652,80.556167
Rock Fall,RF,NBRO/LRRMD-KND/KDN/HARISP/LI/25/0189,KDN251113,Kandy,Harispattuwa,2025-06-25,Hamangoda South,437,"65/1, පිටිගහපෑල, හල්ඔළුව, කටුගස්තොට","65/1, පිටිගහපෑල, හල්ඔළුව, කටුගස්තොට",නුගවෙල - බරිගම- හල්ඔළුව මාර්ගය- කුළුගම්මන මාර්ගය -දුලාව මාර්ගය  - හමන්ගොඩ දකුණ,2025-08-14 00:00:00,0001-01-01,,,,,,7.308956,80.60272
Rock Fall,RF,NBRO/LRRMD-KND/KDN/PATHAH/LI/25/0227,KDN251248,Kandy,Pathahewaheta,2025-01-02,Thalathuoya West,960,"අංක 7/125,තලාතුඔය නුවර පාර,තලාතුඔය","අංක 7/125,තලාතුඔය නුවර පාර,තලාතුඔය",මහනුවර නගරයේ සිට තලාතුඔය දෙසට කිලෝමීටර් 10 පමණ ගමන් කිරීමෙන් අදාළ ස්ථානයට ලඟා විය හැක.,2024-12-18 00:00:00,0001-01-01,,,,,,7.258071,80.686715
Rock Fall,RF,NBRO/LRRMD-KND/KDN/GANGIK/LI/25/0245,KDN251361,Kandy,Ganga Ihala Korale,2025-03-05,Malwattagama,1063,"අංක 72/ඒ ,මැදගොඩවත්ත, උද්දල්තුඩුව, කුරුදුවත්ත කඩවීදිය","අංක 72/ඒ ,මැදගොඩවත්ත, උද්දල්තුඩුව, කුරුදුවත්ත කඩවීදිය","මහනුවර නගරයේ සිට පේරාදෙණිය හරහා ගම්පොල නගරය පසුකොට  කුරුදුවත්ත නගරයට ගොස්, කොහොමඩ මාර්ගයේ උද්ද",2025-05-07 00:00:00,0001-01-01,,අධික වර්ෂාපතනය සමග කුස්තුර සහිත පාෂාන කුට්ටි වල සිදුවූ අස්ථාවරතාවයන් සහ අවිධිමත් භූමි නව්‍යකර,,,,7.123666,80.509753
Rock Fall,RF,NBRO/LRRMD-KEG/KEG/GALIGA/LI/12/0004,KEG120004,Kegalle,Galigamuwa,2012-10-03,Makuddala,73,"බතලහේන, පල්ලෙ‌‌වෙල, හැලමඩ.","බතලහේන, පල්ලෙ‌‌වෙල, හැලමඩ.",කෑගල්ල - පොල්ගහවෙල මාර්ගයේ කිලෝමීටර් 09 ක් පමණ ගමන් කර හමුවන වේරගොඩ මාර්ගයේ කිලෝමීටර් 01 ක් පමණ ගමන,2012-09-10 00:00:00,0001-01-01,,ගල් පෙරලීමේ අවධානම් තත්ත්වය,,,,7.308904,80.296233
Rock Fall,RF,NBRO/LRRMD-KEG/KEG/RAMBUK/LI/13/0007,KEG130008,Kegalle,Rambukkana,2013-06-17,Kehelwathugoda,75A,"පහල රණවක, දේවාලේගම.","පහල රණවක, දේවාලේගම.","පහල රණවක, දේවාලේගම.",2013-06-10 00:00:00,0001-01-01,,අනතුරුදායක ගලක් නිවස පිටුපස පිහිටා තිබේ.,,,,7.30124,80.32036
Rock Fall,RF,NBRO/LRRMD-KEG/KEG/KEGALL/LI/13/0008,KEG130009,Kegalle,Kegalle,2013-10-02,Kegalle Town,51B,"ආර්.ඒ.ගාමිණී රණසිංහ, නො.195, මහවීදිය, කෑගල්ල.","ආර්.ඒ.ගාමිණී රණසිංහ, නො.195, මහවීදිය, කෑගල්ල.","ආර්.ඒ.ගාමිණී රණසිංහ, නො.195, මහවීදිය, කෑගල්ල.",2013-09-30 00:00:00,0001-01-01,,පාෂාණ කැඩීම හේතුවෙන් සිව් මහල් ගොඩනැගිල්ලට හානි වීම.,,,,7.253404,80.346913
Rock Fall,RF,NBRO/LRRMD-KEG/KEG/KEGALL/LI/14/0001,KEG140001,Kegalle,Kegalle,2014-11-27,Ganthuna Pallegama North,58B,එපිටකන්ද ඉහළ ගෙදර,එපිටකන්ද ඉහළ ගෙදර,එපිටකන්ද ඉහළ ගෙදර,2014-11-18 00:00:00,0001-01-01,,ගල් පෙරලීමේ අවධානම පිළිබඳ ව පරීක්ෂා කිරීම.,,,,7.07452,80.23953
Rock Fall,RF,NBRO/LRRMD-KEG/KEG/KEGALL/LI/14/0009,KEG140009,Kegalle,Kegalle,2014-12-02,Ganthuna Pallegama North,58B,එපිටකන්ද ඉහළ ගෙදර.,එපිටකන්ද ඉහළ ගෙදර.,එපිටකන්ද ඉහළ ගෙදර.,2014-11-18 00:00:00,2014-11-15 00:00:00,,ගල් පෙරලීමේ අවධානම් තත්ත්වය පරීක්ෂා කිරීම.,,,,7.07452,80.23953
Rock Fall,RF,NBRO/LRRMD-KEG/KEG/RAMBUK/LI/16/0224,KEG160234,Kegalle,Rambukkana,2016-05-30,Kumbaldiwela,13E,"ජයපාල මහා විද්‍යාලය, මොළගොඩ","ජයපාල මහා විද්‍යාලය, මොළගොඩ","ජයපාල මහා විද්‍යාලය, මොළගොඩ",2016-05-24 00:00:00,2016-05-17 00:00:00,,ගල් පෙරලීමේ අවධානම,,,,7.256347,80.397757
Rock Fall,RF,NBRO/LRRMD-KEG/KEG/RAMBUK/LI/16/0231,KEG160241,Kegalle,Rambukkana,2016-05-30,Kumbaldiwela,13E,"ජයපාල මහා විද්‍යාලය, මොළගොඩ","ජයපාල මහා විද්‍යාලය, මොළගොඩ","ජයපාල මහා විද්‍යාලය, මොළගොඩ",2016-06-06 00:00:00,2016-05-17 00:00:00,,ගල් පෙරලීම,,,,7.25635,80.397783
Rock Fall,RF,NBRO/LRRMD-KEG/KEG/KEGALL/LI/17/0014,KEG170022,Kegalle,Kegalle,2017-07-10,Undugoda,56B,කෑගල්ල - බුලත්කොහුපිටිය - කරවනැල්ල මාර්ගයේ 12+143 යන ස්ථානය,කෑගල්ල - බුලත්කොහුපිටිය - කරවනැල්ල මාර්ගයේ 12+143 යන ස්ථානය,කෑගල්ල - බුලත්කොහුපිටිය - කරවනැල්ල මාර්ගයේ 12+143 යන ස්ථානය,0001-01-01,0001-01-01,,කෑගල්ල - බුලත්කොහුපිටිය - කරවනැල්ල මාර්ගයේ 12+143 යන ස්ථානය ආශ්‍රිතව මෙම අස්ථාවර පාෂාණය පිහිටා ඇත.,,,,7.139446,80.359068
Rock Fall,RF,NBRO/LRRMD-KEG/KEG/KEGALL/LI/17/0017,KEG170025,Kegalle,Kegalle,2017-02-13,Deewela Pallegama,16B,දීවෙල මොරහේන,දීවෙල මොරහේන,දීවෙල මොරහේන පාර සිට කොස්ගොල්ල පාර,2017-01-25 00:00:00,0001-01-01,,මාර්ගයට අවහිරව පවතින ගල් ඉවත් කිරීම,,,,7.222227,80.385281
Rock Fall,RF,NBRO/LRRMD-KEG/KEG/KEGALL/LI/17/0019,KEG170027,Kegalle,Kegalle,2017-12-19,Wathura,54A,"අංක 167/2, ගල්කොටුවදෙණිය නිවස, වතුර.","අංක 167/2, ගල්කොටුවදෙණිය නිවස, වතුර.",කෑගල්ල නගරය් සිට කෑගල්ල - බුලත්කොහුපිටිය මාර්ගයේ හෙට්ටිමුල්ල හන්දියෙන් දෙබත්ගම මාර්ගයේ වතුරට,2017-11-07 00:00:00,0001-01-01,,ගල් පෙරලීමේ අවධානම් තත්ත්වය පරීක්ෂා කිරීම,,,,7.156319,80.22086
Rock Fall,RF,NBRO/LRRMD-KEG/KEG/KEGALL/LI/17/0024,KEG170032,Kegalle,Kegalle,2017-09-13,Undugoda,56B,කෑගල්ල - බුලත්කොහුපිටිය මාර්ගයේ කිලෝමීටර් 12+143 ස්ථානය,කෑගල්ල - බුලත්කොහුපිටිය මාර්ගයේ කිලෝමීටර් 12+143 ස්ථානය,කෑගල්ල -බුලත්කොහුපිටිය මාර්ගයේ කිලෝමීටර් 12+143 ස්ථානය ආශ්‍රිත ව මෙම අස්ථාවර පාෂාණය පිහිටා ඇත.,2017-03-31 00:00:00,2017-03-26 00:00:00,,අනතුරුදායක ලෙස පවතින පාෂාණ කොටස් ඉවත් කිරීම,,,,7.155739,80.217577
Rock Fall,RF,NBRO/LRRMD-KEG/KEG/MAWANE/LI/17/0028,KEG170036,Kegalle,Mawanella,2017-06-20,Thambavita,36A,උඩ තඹවිට,උඩ තඹවිට,මාවනැල්ලේ සිට හෙම්මාතගම පාරේ කිලෝමීටර් 6ක් පමණ යන විට වමට හැරී වේරකේ ගම හරහා කිලෝමීටර් 3ක් පමණ ගො,2017-06-12 00:00:00,2017-06-01 00:00:00,,ගල් පෙරලීමේ අවදානම,,,,7.17163,80.22056
Rock Fall,RF,NBRO/LRRMD-KEG/KEG/MAWANE/LI/17/0031,KEG170039,Kegalle,Mawanella,2017-11-22,Kehelpannala East,40,කෙහෙල්පන්නල,කෙහෙල්පන්නල,මාවනැල්ල සිට හෙම්මාතගමට ගොස් එතැන් සිට කිලෝමීටර් 05 ක් පමණ ගම්පොල දෙසට යන විට අදාළ ස්ථානයට ළඟා වි,2017-07-17 00:00:00,2017-07-07 00:00:00,,ගල් පෙරලීම,,,,7.166712,80.519285
Rock Fall,RF,NBRO/LRRMD-KEG/KEG/MAWANE/LI/17/0034,KEG170042,Kegalle,Mawanella,2017-12-06,Ihala Kotte,23A,"උලාන කන්ද , ඉහළ කෝට්ටේ.","උලාන කන්ද , ඉහළ කෝට්ටේ.",කඩුගන්නාවෙන් පොත්තපිටිය හන්දියට ගොස් බෝගහ අසළින් වමට ඇති පාරේ කිලෝමීටර් 2.5 ක් පමණ ගිය විට උලාන ක,2017-10-19 00:00:00,2017-10-18 00:00:00,11:30,ගල් පෙරලීමේ අවධානම,,,,7.166912,80.232061
Rock Fall,RF,NBRO/LRRMD-KEG/KEG/RUWANW/LI/17/0061,KEG170069,Kegalle,Ruwanwella,2017-08-10,Udakanugala,102C,"අංක 60, ලන්දහේන, උඩකණුගල, අමිතිරිගල.","අංක 60, ලන්දහේන, උඩකණුගල, අමිතිරිගල.","අංක 60, ලන්දහේන, උඩකණුගල, අමිතිරිගල.",2017-08-08 00:00:00,2017-08-01 00:00:00,,ගල් පෙරලීම.,,,,7.0059047,80.189075
Rock Fall,RF,NBRO/LRRMD-KEG/KEG/RAMBUK/LI/17/0072,KEG170080,Kegalle,Rambukkana,2017-11-28,Udanvita,1,"දාගුන්නාව, සියඹලාන්ගමුව, හේවාදිවල.","දාගුන්නාව, සියඹලාන්ගමුව, හේවාදිවල.","දාගුන්නාව, සියඹලාන්ගමුව, හේවාදිවල.",2017-11-21 00:00:00,2017-11-19 00:00:00,,ගල් පෙරලීම.,,,,7.3803027,80.3648327
Rock Fall,RF,NBRO/LRRMD-KEG/KEG/GALIGA/LI/17/0103,KEG170111,Kegalle,Galigamuwa,2017-06-05,Peherambe,70,දම්මල ප්‍රාථමික විද්‍යාලය.,දම්මල ප්‍රාථමික විද්‍යාලය.,දම්මල ප්‍රාථමික විද්‍යාලය.,2017-06-09 00:00:00,2017-05-15 00:00:00,,ගල් පෙරලීම.,,,,7.2496659,80.29044216
Rock Fall,RF,NBRO/LRRMD-KEG/KEG/ARANAY/LI/17/0177,KEG170185,Kegalle,Aranayaka,2017-11-07,Narangala,58F,නාරංගල ග්‍රාම නිලධාරි වසම,නාරංගල ග්‍රාම නිලධාරි වසම,මාවනැල්ලේ සිට අරණායකට කිලෝමීටර් 13ක් ගොස් අම්බලකන්ද මාර්ගයේ කිලෝමීටර් 4ක් පමණ ගිය විට අදාල ස්ථාන,2017-10-30 00:00:00,2017-10-01 00:00:00,,ගල් පෙරලීමේ අවදානම.,,,,7.163515,80.214564
Rock Fall,RF,NBRO/LRRMD-KEG/KEG/ARANAY/LI/18/0005,KEG180016,Kegalle,Aranayaka,2018-10-26,Getaberi Kanda,43B,"සී15/1. ඩොනමෝරුවත්ත, අම්බලකන්ද. අරණායක","සී15/1. ඩොනමෝරුවත්ත, අම්බලකන්ද. අරණායක",,2018-10-26 00:00:00,0001-01-01,,,,,,7.144,80.44773
Rock Fall,RF,NBRO/LRRMD-KEG/KEG/KEGALL/LI/18/0027,KEG180048,Kegalle,Kegalle,2018-06-28,Bogala,58,"ඔවිටිගමුව , පාළුගමුව.","ඔවිටිගමුව , පාළුගමුව.",කෑගල්ල නගරයේ සිට කෑගල්ල - බුලත්කොහුපිටිය මාර්ගයේ කිලෝමීටර 16 ක් පමණ දුර ගිය පසු හමු වන කිරිපට්ටිය,2018-06-25 00:00:00,2018-06-22 00:00:00,02:00,-,,,,7.133525,80.3759121
Rock Fall,RF,NBRO/LRRMD-KEG/KEG/KEGALL/LI/18/0036,KEG180064,Kegalle,Kegalle,2018-11-12,Siyambalapitiya,51,"එච් 04 , උපාලි නිවස , සියඹලාපිටිය , කෑගල්ල.","එච් 04 , උපාලි නිවස , සියඹලාපිටිය , කෑගල්ල.",කෑගල්ල නගරයේ සිට කෑගල්ල-සියඹලාපිටිය මාර්ගයේ කිලෝමීටර් 03 ක පමණ දුරක් ගිය පසු වම් පසින් අදාළ ස්ථා,2018-10-23 00:00:00,0001-01-01,,,,,,7.26157,80.33827
Rock Fall,RF,NBRO/LRRMD-KEG/KEG/KEGALL/LI/18/0038,KEG180066,Kegalle,Kegalle,2018-08-20,Udumagama,48D,"උඩුමාගම, හෙට්ටිමුල්ල.","උඩුමාගම, හෙට්ටිමුල්ල.",කෑගල්ල නගරයේ සිට කෑගල්ල - බුලත්කොහුපිටිය - කරවනැල්ල මාර්ගයේ (A21) කිලෝමීටර් 7ක් පමණ ගිය පසු හෙට්ටිමු,2018-06-08 00:00:00,2018-05-24 00:00:00,19:00,අධික වර්ෂාව සහ අවිධිමත් භූමි පරිහරණ රටාව,,,,7.204193,80.372138
Rock Fall,RF,NBRO/LRRMD-KEG/KEG/KEGALL/LI/18/0047,KEG180075,Kegalle,Kegalle,2018-01-30,Olagankanda,51C,"සබරගමුව පළාතේ, කෑගල්ල දිස්ත්‍රික්කයේ, කෑගල්ල ප්‍රාදේශීය ලේකම් කොට්ඨාශයේ, ඔලගන්කන්ද ග්‍රාම නිල",කුරුඳුහින්න - ඔලගන්කන්ද මාර්ගය (ප්‍රාදේශීය සභා මාර්ගය).,කුරුඳුහින්න - ඔලගන්කන්ද මාර්ගය (ප්‍රාදේශීය සභා මාර්ගය).,2017-11-07 00:00:00,0001-01-01,,මාර්ගයට පවතින ගල් පෙරලීමේ අවදානම් තත්වය,,,,7.153761,80.228835
Rock Fall,RF,NBRO/LRRMD-KEG/KEG/MAWANE/LI/18/0069,KEG180097,Kegalle,Mawanella,2018-03-01,Weganthale,20,"මොරගොල්ලහේන, වෑගන්තලේ.","මොරගොල්ලහේන, වෑගන්තලේ.","මොරගොල්ලහේන, වෑගන්තලේ.",2017-10-30 00:00:00,2017-10-15 00:00:00,,ගල් පෙරලීමේ ආපදා තත්වය.,,,,7.27222,80.41745
Rock Fall,RF,NBRO/LRRMD-KEG/KEG/MAWANE/LI/18/0076,KEG180104,Kegalle,Mawanella,2018-12-01,Rukulagama,27B,"රුකුලගම කන්ද කොටස, ගමගේ හේන.","රුකුලගම කන්ද කොටස, ගමගේ හේන.","මාවනැල්ල නගරයෙන්, මාවනැල්ල - හෙම්මාතගම (B 279) මාර්ගයේ කිලෝමීටර් 8 පමණ ඉදිරියට කුඹල්ගම තුංමන් හන්දිය",2018-08-14 00:00:00,2018-08-10 00:00:00,12:00,ගල් පෙරලීම්,,,,7.21498224,80.4969177
Rock Fall,RF,NBRO/LRRMD-KEG/KEG/MAWANE/LI/18/0078,KEG180106,Kegalle,Mawanella,2018-10-18,Eraminigammana,36,"එරමිණිගම, දෙවනගල.","එරමිණිගම, දෙවනගල.",මාර්ගයට පිවිස එම මාර්ගයෙන් අලුපොත - තල්ගමුව මාර්ගයෙන් හෙම්මාතගම මාර්ගයට පිවිසිය හැකි ය. එම මාර්,2018-05-30 00:00:00,2018-05-21 00:00:00,07:00,භූ අස්ථාවරත්වය,,,,7.191981,80.504652
Rock Fall,RF,NBRO/LRRMD-KEG/KEG/WARAKA/LI/18/0107,KEG180135,Kegalle,Warakapola,2018-06-04,Weragoda,93,"උඩකොටුව, නියදුරුපොල.","උඩකොටුව, නියදුරුපොල.",කෑගල්ල - ගලිගමුව හරහා ගලපිටමඩ උප නගරයට පිවිස එම නගරයේ සිට වරකාපොල මාර්ගයේ කිලෝමීටර් හයක් පමණ ගිය,2018-05-31 00:00:00,2018-05-26 00:00:00,08:00,ගල් පෙරලීම.,,,,7.16839,80.22182
Rock Fall,RF,NBRO/LRRMD-KEG/KEG/DERANI/LI/18/0118,KEG180146,Kegalle,Deraniyagala,2018-06-01,Demeda,114F,කොස්ගහහින්න,කොස්ගහහින්න,දැරණියගල නගරයේ සිට දකුණට දිවෙන යටිවල මාර්ගයේ කිලෝමීටර් 3ක් පමණ ගොස් එතැන් සිට දකුණට දිවෙන දෙමැද,2018-08-31 00:00:00,2018-05-15 00:00:00,19:30,ගල් පෙරලීම.,,,,6.863574,80.355796
Rock Fall,RF,NBRO/LRRMD-KEG/KEG/BULATK/LI/18/0159,KEG180187,Kegalle,Bulathkohupitiya,2018-10-01,Urumeewala,129C,ඌරුමීවල ගමේ පැලලිකඩහේන කොටස.,ඌරුමීවල ගමේ පැලලිකඩහේන කොටස.,කෑගල්ල නගරයේ සිට කෑගල්ල - බුලත්කොහුපිටිය - කරවනැල්ල (A21) මාර්ගයේ කිලෝමීටර් 25ක් පමණ ගියපසු බුලත්කොහ,2018-09-21 00:00:00,2018-05-16 00:00:00,,ගල් පෙරලීම.,,,,7.089857,80.349312
Rock Fall,RF,NBRO/LRRMD-KEG/KEG/BULATK/LI/18/0160,KEG180188,Kegalle,Bulathkohupitiya,2018-02-19,Neluwakkana,131,"එෆ්/12, නිර්මලාවත්ත, බුලත්කොහුපිටිය.","එෆ්/12, නිර්මලාවත්ත, බුලත්කොහුපිටිය.","කෑගල්ල නගරයේ සිට  කෑගල්ල, බුලත්කොහුපිටිය කරවනැල්ල (A21) මාර්ගයේ කිලෝ මීටර් 26 ක පමණ ගිය පසු වම් පසට දේ",2018-05-01 00:00:00,2018-05-11 00:00:00,,ගල් පෙරලීම.,,,,7.081147,80.38527
Rock Fall,RF,NBRO/LRRMD-KEG/KEG/BULATK/LI/18/0161,KEG180189,Kegalle,Bulathkohupitiya,2018-06-28,Udapotha,128E,"ඉහළගම, උඩපොත, බුලත්කොහුපිටිය.","ඉහළගම, උඩපොත, බුලත්කොහුපිටිය.",කෑගල්ල නගරයේ සිට කෑගල්ල - බුලත්කොහුපිටිය - කරවනැල්ල (A21) මාර්ගයේ කිලෝමීටර් 26ක් පමණ දුරක් ගිය පසු වම,2018-06-22 00:00:00,2018-06-01 00:00:00,,ගල් පෙරලීම.,,,,7.0951068,80.371339
Rock Fall,RF,NBRO/LRRMD-KEG/KEG/BULATK/LI/18/0180,KEG180208,Kegalle,Bulathkohupitiya,2018-07-26,Nevismiyar Ihala,129D,"නෙව්ස්මියර් පහළ, බුලත්කොහුපිටිය.","නෙව්ස්මියර් පහළ, බුලත්කොහුපිටිය.",කෑගල්ල නගරයේ සිට කෑගල්ල - බුලත්කොහුපිටිය - කරවනැල්ල A21 මාර්ගයේ කිලෝමීටර් 25ක් ගිය පසු බුලත්කොහුපි,2018-07-17 00:00:00,2018-07-01 00:00:00,,ගල් පෙරලීම.,,,,7.112143,80.344542
Rock Fall,RF,NBRO/LRRMD-KEG/KEG/ARANAY/LI/19/0004,KEG190017,Kegalle,Aranayaka,2019-07-15,Randiligama,41D,"කෝවිල මුල්ල, රන්දිලිගම, හෙම්මාතගම","කෝවිල මුල්ල, රන්දිලිගම, හෙම්මාතගම",,2019-07-14 00:00:00,0001-01-01,,,,,,7.158,80.49792
Rock Fall,RF,NBRO/LRRMD-KEG/KEG/ARANAY/LI/19/0006,KEG190019,Kegalle,Aranayaka,2019-10-02,Rahala,41B,"සී9/1,කූඩැල්ලගොල්ල, රහල, නැගෙනහිර, හෙම්මාතගම","සී9/1,කූඩැල්ලගොල්ල, රහල, නැගෙනහිර, හෙම්මාතගම",,2019-10-02 00:00:00,0001-01-01,,,,,,7.13997,80.4957
Rock Fall,RF,NBRO/LRRMD-KEG/KEG/KEGALL/LI/19/0046,KEG190059,Kegalle,Kegalle,2019-05-16,Thalewala,55,"අංක 14, තාරකාගම, හෙට්ටිමුල්ල.","අංක 14, තාරකාගම, හෙට්ටිමුල්ල.",කෑගල්ල නගරයේ සිට කෑගල්ල - බුලත්කොහුපිටිය - කරවනැල්ල (A21) මාර්ගයේ කිලෝමීටර් 6ක් පමණ දුරක් ගියපසු හෙට,2018-09-19 00:00:00,0001-01-01,,-,,,,7.206395,80.358268
Rock Fall,RF,NBRO/LRRMD-KEG/KEG/MAWANE/LI/19/0078,KEG190091,Kegalle,Mawanella,2019-07-24,Dodanthale,18C,"අංක 14/1, වැලිගල්ල පාර, සියඹලාපිටිය, මාවනැල්ල.","අංක 14/1, වැලිගල්ල පාර, සියඹලාපිටිය, මාවනැල්ල.",මාවනැල්ල නගරයෙන් වැලිගල්ල මාර්ගයේ ඉදිරියට මීටර් 400 පමණ පැමිණෙන විට හමුවන තුංමංහන්දියෙන් වමට පි,2019-07-05 00:00:00,2019-06-18 00:00:00,,ගල් පෙරලීමේ ආපදා තත්වය,,,,7.23868,80.43748
Rock Fall,RF,NBRO/LRRMD-KEG/KEG/YATIYN/LI/19/0100,KEG190113,Kegalle,Yatiyanthota,2019-10-01,Garagoda Ihala,115D,කබරගල ජනපදය,කබරගල ජනපදය,කෑගල්ල - අවිස්සාවේල්ල මාර්ගයේ කිලෝමීටර් 36ක් ගිය විට හමුවන කරවනැල්ල නගරයෙන් වමට දිවෙන යටියන්තොට,2019-04-18 00:00:00,2019-04-15 00:00:00,16:00,අධික වර්ෂාපතනය,,,,7.015297,80.298216
Rock Fall,RF,NBRO/LRRMD-KEG/KEG/YATIYN/LI/19/0118,KEG190131,Kegalle,Yatiyanthota,2019-06-03,Pelellegama,115F,"ඩී 43, පැලැල්ලේගම, හබ්බෙල්ලාව.","ඩී 43, පැලැල්ලේගම, හබ්බෙල්ලාව.",කෑගල්ල නගරයේ සිට කොළඹ - මහනුවර (A1) මාර්ගයෙන් ගලිගමුව මංසන්ධියට පිවිස එතැන් සිට ගල්ගමුව - අවිස්සාව,2018-06-18 00:00:00,2018-06-07 00:00:00,19:30,අධික වර්ෂාව,,,,7.006154,80.315032
Rock Fall,RF,NBRO/LRRMD-KEG/KEG/RUWANW/LI/19/0135,KEG190148,Kegalle,Ruwanwella,2019-11-01,Mahalla,104B,රුවන්වැල්ල - ගල්කන්ද මුරාවත්ත,රුවන්වැල්ල - ගල්කන්ද මුරාවත්ත,රුවන්වැල්ල - වේයන්ගොඩ මාර්ගයේ කිලෝ මීටර් 1 ක් පමණ ගිය විට මාර්ගයට ඉහළ බෑවුම,2019-08-26 00:00:00,0001-01-01,,ගල් පෙරළීමේ අවදානම පරික්ෂා කිරීම.,,,,7.041819,80.244456
Rock Fall,RF,NBRO/LRRMD-KEG/KEG/WARAKA/LI/19/0152,KEG190165,Kegalle,Warakapola,2019-08-09,Thulhiriya,82A,"ගල්ලිඳමුල්ල වත්ත, තුල්හිරිය, වරකාපොල.","ගල්ලිඳමුල්ල වත්ත, තුල්හිරිය, වරකාපොල.",අඹේපුස්ස - කුරුණෑගල මාර්ගයේ කිලෝමීටර් 3ක් පමණ ගමන් කළ විට හමුවන MAS කර්මාන්ත ශාලාව අසලින් තුල්හිරි,2019-08-05 00:00:00,2019-05-15 00:00:00,,ගල් පෙරලීයාමේ අවදානම.,,,,7.26894,80.22952
Rock Fall,RF,NBRO/LRRMD-KEG/KEG/DERANI/LI/19/0171,KEG190184,Kegalle,Deraniyagala,2019-08-19,Dikellakanda,112E,"දික්ඇල්ල කන්ද, මාලිබොඩ.","දික්ඇල්ල කන්ද, මාලිබොඩ.","කෑගල්ල නගරයේ සිට කොළඹ - නුවර (A1) ප්‍රධාන මාර්ගයෙන් ගලිගමුවටත්, එතැන් සිට ගලිගමුව - වරාවල (B127) මාර්ගයෙ",2019-09-27 00:00:00,2019-08-16 00:00:00,13:30,ගල් පෙරලීම.,,,,6.873654,80.439701
Rock Fall,RF,NBRO/LRRMD-KEG/KEG/DERANI/LI/19/0195,KEG190208,Kegalle,Deraniyagala,2019-06-04,Dikellakanda,112E,"නාමල්වත්ත, මාලිබොඩ.","නාමල්වත්ත, මාලිබොඩ.",දැරණියගල නගරයෙන් වමට දිවෙන නූරිය මාර්ගයේ කිලෝමීටර් 5ක් ගොස් දකුණට දිවෙන මාලිබොඩ මාර්ගයේ කිලෝමී,2019-06-04 00:00:00,2019-01-01 00:00:00,01:30,අධික වර්ෂාපතනය,,,,6.887586,80.426644
Rock Fall,RF,NBRO/LRRMD-KEG/KEG/DERANI/LI/19/0197,KEG190210,Kegalle,Deraniyagala,2019-08-19,Miyanavita,114G,"අක්කර 90, මියනවිට වත්ත, පේළි නිවාස අංක 12","අක්කර 90, මියනවිට වත්ත, පේළි නිවාස අංක 12",දැරණියගල නගරයෙන් දකුණට දිවෙන මියනවිට මාර්ගයේ කිලෝමීටර් 2ක් ගොස් වමට දිවෙන පහළ මියනවිට මාර්ගයේ,2019-08-16 00:00:00,2019-08-11 00:00:00,,අධික වර්ෂාපතනය,,,,6.89739,80.355665
Rock Fall,RF,NBRO/LRRMD-KEG/KEG/BULATK/LI/19/0212,KEG190225,Kegalle,Bulathkohupitiya,2019-08-06,Dedugala,131C,"ඟගවැරලිය, දේදුගල.","ඟගවැරලිය, දේදුගල.",කෑගල්ල නගරයේ සිට කෑගල්ල - බුලත්කොහුපිටිය - කරවනැල්ල මාර්ගයෙන් (A21) බුලත්කොහුපිටියට පිවිස එතැන් සි,2019-06-19 00:00:00,2018-03-20 00:00:00,21:30,අධික වර්ෂාපතනය,,,,7.096727,80.408302
Rock Fall,RF,NBRO/LRRMD-KEG/KEG/DEHIOV/LI/19/0237,KEG190250,Kegalle,Dehiovita,2019-09-11,Dikella,119A,"අංක 1/10/2, නාවෙල, දෙල්ඔළුව.","අංක 1/10/2, නාවෙල, දෙල්ඔළුව.",දෙහිඕවිට නගරයේ සිට දැරණියගල මාර්ගයේ කිලෝමීටර් 5ක් පමණ ගොස් හමුවන දීගල හන්දියෙන් දකුණට දිවෙන රූ,2019-09-06 00:00:00,2019-08-31 00:00:00,04:00,අධික වර්ෂාපතනය හා අක්‍රමවත් පෘෂ්ඨීය ජලවහනය,,,,6.936184,80.320408
Rock Fall,RF,NBRO/LRRMD-KEG/KEG/DEHIOV/LI/19/0252,KEG190265,Kegalle,Dehiovita,2019-08-19,Algoda,119,"3/1A, අළුදෙණිය, දෙහිඕවිට.","3/1A, අළුදෙණිය, දෙහිඕවිට.",දෙහිඕවිට නගරයෙන් වමට දිවෙන දැරණියගල පාරේ කිලෝමීටර් 2.5ක් පමණ ගොස් දකුණට දිවෙන මහඹය පාලමෙන් එගොඩ,2020-06-25 00:00:00,2019-08-01 00:00:00,,අධික වර්ෂාපතනය,,,,6.960214,80.277882
Rock Fall,RF,NBRO/LRRMD-KEG/KEG/DEHIOV/LI/19/0256,KEG190269,Kegalle,Dehiovita,2019-11-15,Debegama,116D,"ඊ 63/3, දෙබෑගම, දෙහිඕවිට.","ඊ 63/3, දෙබෑගම, දෙහිඕවිට.",කෑගල්ලේ සිට කිලෝමීටර් 40ක් ගොස් හමුවන දෙබෑගම හන්දියෙන් දකුණට දිවෙන කැලෑගම මාර්ගයේ කිලෝමීටර් 1.5ක,2019-11-07 00:00:00,2019-10-07 00:00:00,,ගල් පෙරලීම.,,,,6.994222,80.24792
Rock Fall,RF,NBRO/LRRMD-KEG/KEG/DEHIOV/LI/19/0258,KEG190271,Kegalle,Dehiovita,2019-05-08,Dehiovita,119B,"ඩෝරවත්ත, ඇහැලියගොඩ පාර, අල්ගොඩ, දෙහිඕවිට.","ඩෝරවත්ත, ඇහැලියගොඩ පාර, අල්ගොඩ, දෙහිඕවිට.",දෙහිඕවිට නගරයෙන් වමට දිවෙන පනාවල මාර්ගයේ කිලෝමීටරයක් පමණ ගමන් කිරීමෙන් අදාළ ස්ථානයට ලඟාවිය හැ,2019-06-25 00:00:00,2019-06-24 00:00:00,10:30,අධික වර්ෂාපතනය,,,,6.958966,80.265597
Rock Fall,RF,NBRO/LRRMD-KEG/KEG/ARANAY/LI/19/0269,KEG190282,Kegalle,Aranayaka,2019-10-07,Deiyanwala,41E,"ඩී 24, බෙරවිල ජනපදය, හොරේවල, අරණායක.","ඩී 24, බෙරවිල ජනපදය, හොරේවල, අරණායක.",මාවනැල්ල - අරණායක - හොරේවල මාර්ගයෙහි (B278) හොරේවල දක්වා ගමන් කර හොරේවල හන්දියෙන් දකුණට පිහිටි හොරේව,2019-09-26 00:00:00,2019-09-01 00:00:00,,ගල් පෙරලීම.,,,,7.1357,80.4623
Rock Fall,RF,NBRO/LRRMD-KEG/KEG/ARANAY/LI/19/0272,KEG190285,Kegalle,Aranayaka,2019-06-17,Deiyanwala,41E,"බී 22/2 , දෙල්වත්ත , දෙයියන්වල , අරණායක.","බී 22/2 , දෙල්වත්ත , දෙයියන්වල , අරණායක.",අරණායක සිට අරණායක - හොරේවල - රහල මාර්ගයේ හොරේවල තෙක් ගමන් කර හොරේවල හන්දිය පසු කර හොරේවල - දෙයියන්,2018-06-12 00:00:00,2018-06-01 00:00:00,,ගල් පෙරලීම.,,,,7.1304087,80.47200044
Rock Fall,RF,NBRO/LRRMD-KEG/KEG/RUWANW/LI/20/0019,KEG200020,Kegalle,Ruwanwella,2020-10-05,Galapitamada,99B,"දුනුමාල හන්දිය, ගලපිටමඩ","දුනුමාල හන්දිය, ගලපිටමඩ",,2020-10-05 00:00:00,0001-01-01,,,,,,7.141241,80.233257
Rock Fall,RF,NBRO/LRRMD-KEG/KEG/ARANAY/LI/20/0029,KEG200030,Kegalle,Aranayaka,2020-12-17,Selawa West,41C,"අමුණ පාර, සැලව බටහිර, හෙම්මාතගම","අමුණ පාර, සැලව බටහිර, හෙම්මාතගම",,2021-11-14 00:00:00,0001-01-01,,,,,,7.1390196,80.500573
Rock Fall,RF,NBRO/LRRMD-KEG/KEG/MAWANE/LI/20/0038,KEG200039,Kegalle,Mawanella,2020-05-27,Kehelpannala West,40A,"කෙහෙල්පන්නල, මාවනැල්ල","කෙහෙල්පන්නල, මාවනැල්ල",,2020-05-27 00:00:00,0001-01-01,,,,,,7.160584,80.514505
Rock Fall,RF,NBRO/LRRMD-KEG/KEG/WARAKA/LI/20/0050,KEG200052,Kegalle,Warakapola,2020-11-18,Weniwellakaduwa,77A,"ලයිම් අංක 13, හොරණ කොටස, වෙනිවැල්ලකඩුව වත්ත","ලයිම් අංක 13, හොරණ කොටස, වෙනිවැල්ලකඩුව වත්ත",,2020-11-27 00:00:00,0001-01-01,,,,,,7.130208,80.26345
Rock Fall,RF,NBRO/LRRMD-KEG/KEG/BULATK/LI/20/0053,KEG200063,Kegalle,Bulathkohupitiya,2020-09-29,Urumeewala,129C,"වෙදමැදුර, උරුමීවල","වෙදමැදුර, උරුමීවල",,2020-09-29 00:00:00,2020-09-20 00:00:00,,,,,,7.081406,80.353667
Rock Fall,RF,NBRO/LRRMD-KEG/KEG/ARANAY/LI/20/0071,KEG200081,Kegalle,Aranayaka,2020-09-18,Katugaha,17B,"ඩී/85, කටුගහ, උස්සාපිටිය","ඩී/85, කටුගහ, උස්සාපිටිය",,2021-02-12 00:00:00,0001-01-01,,,,,,7.212986,80.443943
Rock Fall,RF,NBRO/LRRMD-KEG/KEG/ARANAY/LI/20/0073,KEG200083,Kegalle,Aranayaka,2020-06-29,Deewela Udagama,16A,"දීවෙල, පල්ලේගම, කෑගල්ල","දීවෙල, පල්ලේගම, කෑගල්ල",,2021-02-12 00:00:00,0001-01-01,,,,,,7.222998,80.395434
Rock Fall,RF,NBRO/LRRMD-KEG/KEG/YATIYN/LI/20/0097,KEG200107,Kegalle,Yatiyanthota,2020-07-28,Berannawa,131D,"බෙරන්නාව, යටියන්තොට","බෙරන්නාව, යටියන්තොට",,2021-03-26 00:00:00,0001-01-01,,,,,,7.075108,80.409759
Rock Fall,RF,NBRO/LRRMD-KEG/KEG/GALIGA/LI/20/0170,KEG200181,Kegalle,Galigamuwa,2020-06-18,Ballapana Pathabage,70C,"බල්ලපාන පාතබාගේ, ගලිගමුව නගරය","බල්ලපාන පාතබාගේ, ගලිගමුව නගරය",-,2020-07-02 00:00:00,0001-01-01,,,,,,7.245038,80.292308
Rock Fall,RF,NBRO/LRRMD-KEG/KEG/GALIGA/LI/20/0173,KEG200184,Kegalle,Galigamuwa,2020-06-30,Ballapana Pathabage,70C,"බල්ලපාන පාතබාගේ, ගලිගමුව නගරය","බල්ලපාන පාතබාගේ, ගලිගමුව නගරය",-,2020-07-02 00:00:00,0001-01-01,,,,,,7.248408,80.293265
Rock Fall,RF,NBRO/LRRMD-KEG/KEG/GALIGA/LI/20/0186,KEG200197,Kegalle,Galigamuwa,2020-05-17,Panakawa,74D,"නො බී/8/12, පොල්ගහවෙල පාර, දේවාල පාර, අඳුරාපොත","නො බී/8/12, පොල්ගහවෙල පාර, දේවාල පාර, අඳුරාපොත",කෑගල්ල නගරයේ සිට කොළඹ ප්‍රධාන මාර්ගයේ ගමන් කර රන්වල හන්දියෙන් හැරී කෑගල්ල- පොල්ගහවෙල මාර්ගයට ප,2020-05-22 00:00:00,2020-05-16 00:00:00,,,,,,7.25994876,80.32850884
Rock Fall,RF,NBRO/LRRMD-KEG/KEG/KEGALL/LI/20/0225,KEG200236,Kegalle,Kegalle,2020-08-11,Paranagampola,52C,"එප්11/1, වඩුගම, වලව්වත්ත,","එප්11/1, වඩුගම, වලව්වත්ත,",කෑගල්ල නගරයේ සිට කොළඹ- මහනුවර (A01) මාර්ගයෙන් රංවල ප්‍ර දේශයට පිවිස එම ප්‍ර දේශයෙන් වූ පානකාව පාරෙන,2020-07-14 00:00:00,0001-01-01,,,,,,7.254415,80.325653
Rock Fall,RF,NBRO/LRRMD-KEG/KEG/KEGALL/LI/20/0230,KEG200241,Kegalle,Kegalle,2020-05-17,Ranwala,51A,NBRO/KG/KGP/LI/2020/00008 වාර්තාව මඟින් පරීක්ෂා කළ ස්ථානයට ඉහළ බෑවුමේ වූ නිවාස දෙකක්,NBRO/KG/KGP/LI/2020/00008 වාර්තාව මඟින් පරීක්ෂා කළ ස්ථානයට ඉහළ බෑවුමේ වූ නිවාස දෙකක්,,2020-05-22 00:00:00,2020-05-16 00:00:00,13:00,,,,,7.2548773,80.3396593
Rock Fall,RF,NBRO/LRRMD-KEG/KEG/KEGALL/LI/20/0236,KEG200247,Kegalle,Kegalle,2020-08-21,Ranwala,51A,"271, අගුරුවැල්ල, කෑගල්ල.","271, අගුරුවැල්ල, කෑගල්ල.",මහනුවර කොළඹ (A1) මහා මාර්ගයේ කෑගල්ල නගරයේ රන්වල හන්දියට ආසන්නව “අඹසෙවණ” හෝටලයට මීටර් 25 ක පමණ දුරකි,2020-09-21 00:00:00,2020-09-19 00:00:00,13:30,අධික වර්ෂාපතනය,,,,7.251406,80.337128
Rock Fall,RF,NBRO/LRRMD-KEG/KEG/KEGALL/LI/20/0246,KEG200257,Kegalle,Kegalle,2020-05-18,Ranwala,51A,සියඹලාපිටිය මාර්ගයට ඉහළ කෑගල්ල උසාවිය පරීශ්‍රය ආශ්‍රිත බෑවුම,සියඹලාපිටිය මාර්ගයට ඉහළ කෑගල්ල උසාවිය පරීශ්‍රය ආශ්‍රිත බෑවුම,කෑගල්ල - සියඹලාපිටිය මාර්ගයට ඉහළ කෑගල්ල උසාවිය පරීශ්‍රය ආශ්‍රිත බෑවුම,2020-05-16 00:00:00,2020-05-16 00:00:00,12:30,පාෂාණ පතනය,,,,7.254721,80.340529
Rock Fall,RF,NBRO/LRRMD-KEG/KEG/MAWANE/LI/20/0263,KEG200274,Kegalle,Mawanella,2020-09-15,Kehelpannala West,40A,කෙහෙල්පන්නල එම්.ජි.විජේරත්න මහතාගේ ඉඩම ආශ්‍රිත කොටස,කෙහෙල්පන්නල එම්.ජි.විජේරත්න මහතාගේ ඉඩම ආශ්‍රිත කොටස,කෑගල්ල සිට මාවනැල්ල හරහා හෙම්මාතගම නගරයට පැමිණ ගම්පොල මාර්ගයේ ගමන් කිරිමේඳි හමුවන කෙහෙල්පන්න,2020-05-27 00:00:00,2020-05-25 00:00:00,19:30,-,,,,7.158541,80.512817
Rock Fall,RF,NBRO/LRRMD-KEG/KEG/MAWANE/LI/20/0264,KEG200275,Kegalle,Mawanella,2020-05-18,Warakapana,26A,දිදුලවත්ත ඉහළ කොටස,"අංක 39/3, දිදුලවත්ත ඉහළ කොටස, හිඟුල.","අංක 39/3, දිදුලවත්ත ඉහළ කොටස, හිඟුල.",2020-05-16 00:00:00,2020-05-14 00:00:00,,ගල් පෙරලීම,,,,7.248729,80.507597
Rock Fall,RF,NBRO/LRRMD-KEG/KEG/MAWANE/LI/20/0276,KEG200287,Kegalle,Mawanella,2020-10-14,Kehelpannala West,40A,"පුහුල්හේන, කෙහෙල්පන්නල බටහිර, මාවනැල්ල.","පුහුල්හේන, කෙහෙල්පන්නල බටහිර, මාවනැල්ල.",කෑගල්ල සිට මාවනැල්ල නගරය හරහා හෙම්මාතගම නගරයට පැමිණ ගම්පොළ මාර්ගයේ ගමන් කිරීමෙන් හමුවන බලත්ගම,2020-05-27 00:00:00,2020-05-15 00:00:00,,ගල්පෙරලිමේ අවදානම,,,,7.152874,80.526902
Rock Fall,RF,NBRO/LRRMD-KEG/KEG/MAWANE/LI/20/0279,KEG200290,Kegalle,Mawanella,2020-11-16,Warakapana,26A,"නො 21, දිඳුල වත්ත පහළ කොටස, හිඟුල.","නො 21, දිඳුල වත්ත පහළ කොටස, හිඟුල.",කෑගල්ල  ගනරයේ සිට කොළඹ - නුවර ප්‍රධාන මාර්ගයේ (A1) හිඟුල පසුකර ඉදිරියට ගමන් ගන්නා විට කඩුගන්නාවෙන්,2019-10-24 00:00:00,2019-10-24 00:00:00,,ආන්ත්‍රික වර්ෂාපතනය,,,,7.2514695,80.503787
Rock Fall,RF,NBRO/LRRMD-KEG/KEG/MAWANE/LI/20/0283,KEG200294,Kegalle,Mawanella,2020-11-02,Eraminigammana,36,"සී 16/1, එරමිණිගම්මන, දෙවනගල.","සී 16/1, එරමිණිගම්මන, දෙවනගල.","සී 16/1, එරමිණිගම්මන, දෙවනගල.",2019-07-11 00:00:00,2019-07-01 00:00:00,,ආන්ත්‍රික වර්ෂාපතනය,,,,7.19237,80.50509
Rock Fall,RF,NBRO/LRRMD-KEG/KEG/MAWANE/LI/20/0284,KEG200295,Kegalle,Mawanella,2020-11-17,Eraminigammana,36,"සී 6/3, පිහිල්ලේගොඩ, එරමිණිගම්මන, දෙවනගල.","සී 6/3, පිහිල්ලේගොඩ, එරමිණිගම්මන, දෙවනගල.","සී 6/3, පිහිල්ලේගොඩ, එරමිණිගම්මන, දෙවනගල.",2019-07-11 00:00:00,2018-12-30 00:00:00,,ගල් පෙරළීම,,,,7.19736,80.50358
Rock Fall,RF,NBRO/LRRMD-KEG/KEG/MAWANE/LI/20/0288,KEG200299,Kegalle,Mawanella,2020-12-01,Uthuwankanda,19C,"කලුකොටුව, උතුවන්කන්ද.","කලුකොටුව, උතුවන්කන්ද.","කලුකොටුව, උතුවන්කන්ද.",2019-10-18 00:00:00,2019-10-15 00:00:00,05:30,ගල් පෙරලීම,,,,7.25789,80.42041
Rock Fall,RF,NBRO/LRRMD-KEG/KEG/MAWANE/LI/20/0295,KEG200306,Kegalle,Mawanella,2020-11-18,Madulbowa,39B,"සහ්රියා අරාබි විදුහල, ඔලාන, හෙම්මාතගම.","සහ්රියා අරාබි විදුහල, ඔලාන, හෙම්මාතගම.","කොළඹ - නුවර ප්‍රධාන මාර්ගය ඔස්සේ මාවනැල්ල නගරයට පැමිණ, මාවනැල්ල-හෙම්මාතගම මාර්ගය ඔස්සේ ගමන් කර හ",2020-10-29 00:00:00,2020-10-15 00:00:00,,පාෂාණ කුට්ටි ඉවත් කිරීම,,,,7.172363,80.511478
Rock Fall,RF,NBRO/LRRMD-KEG/KEG/MAWANE/LI/20/0298,KEG200309,Kegalle,Mawanella,2020-12-21,Kahawandala,26,"සී. 95/3, කහවන්දල, උඩුමුල්ල, මාවනැල්ල.","සී. 95/3, කහවන්දල, උඩුමුල්ල, මාවනැල්ල.","සී. 95/3, කහවන්දල, උඩුමුල්ල, මාවනැල්ල.",2019-07-11 00:00:00,2018-12-31 00:00:00,,ගල් පෙරලීම,,,,7.23375,80.51914
Rock Fall,RF,NBRO/LRRMD-KEG/KEG/YATIYN/LI/20/0303,KEG200314,Kegalle,Yatiyanthota,2020-07-30,Parussella,106A,"බලේකඩ, පරුස්ඇල්ල, යටියන්තොට.","බලේකඩ, පරුස්ඇල්ල, යටියන්තොට.","කෑගල්ල නගරයේ සිට කොළඹ- මහනුවර (A01) මාර්ගයෙන් ගලිගමුවටත්, ගලිගමුව සිට වරාවල (B127) මාර්ගයෙන් වරාවලටත්,",2020-07-17 00:00:00,2020-07-16 00:00:00,22:30,අධික වර්ෂාව,,,,7.029967,80.308164
Rock Fall,RF,NBRO/LRRMD-KEG/KEG/YATIYN/LI/20/0308,KEG200319,Kegalle,Yatiyanthota,2020-05-01,Mahavila,106C,"B/144, බෙරිහිල් ජනපදය, මහවිල, යටියන්තොට.","B/144, බෙරිහිල් ජනපදය, මහවිල, යටියන්තොට.",කරවනැල්ල නගරයේ සිට කිලෝමීටර් 5ක් පමණ යටියන්තොට - හැටන් මාර්ගයේ ගමන් කොට එතැනින් වමට දිවෙන මහවිල,2019-11-07 00:00:00,2019-11-05 00:00:00,,අධික වර්ෂාපතනය හා අක්‍රමවත් පෘෂ්ඨීය ජල වහනය,,,,7.039032,80.298724
Rock Fall,RF,NBRO/LRRMD-KEG/KEG/YATIYN/LI/20/0310,KEG200321,Kegalle,Yatiyanthota,2020-02-03,Dombepola,132,"දෙනවකවත්ත, මලල්පොල.","දෙනවකවත්ත, මලල්පොල.",කෑගල්ල - අවිස්සාවේල්ල මාර්ගයේ කරවනැල්ල නගරයෙන් වමට දිවෙන යටියන්තොට - හැටන් මාර්ගයේ කිලෝමීටර් 5ක,2019-01-10 00:00:00,2018-07-27 00:00:00,05:30,අධික වර්ෂාපතනය හා අක්‍රමවත් භූමි පරිහරණය,,,,7.065749,80.360591
Rock Fall,RF,NBRO/LRRMD-KEG/KEG/YATIYN/LI/20/0317,KEG200328,Kegalle,Yatiyanthota,2020-05-01,Parussella,106A,"දංගල්ල, නවට.","දංගල්ල, නවට.","කෑගල්ල නගරයේ සිට කෑගල්ල - බුලත්කොහුපිටිය - කරවනැල්ල (A21) මාර්ගයෙන් පරුස්සැල්ල හන්දියටත්, එතැන් සි",2020-03-11 00:00:00,2020-02-06 00:00:00,22:30,,,,,7.020882,80.312056
Rock Fall,RF,NBRO/LRRMD-KEG/KEG/RUWANW/LI/20/0372,KEG200384,Kegalle,Ruwanwella,2020-08-06,Nivunhella,100A,"සී,150/1, විහාර කන්ද, නිවුන්හැල්ල, ඉඹුලාන.","සී,150/1, විහාර කන්ද, නිවුන්හැල්ල, ඉඹුලාන.","සී,150/1, විහාර කන්ද, නිවුන්හැල්ල, ඉඹුලාන.",2020-07-31 00:00:00,2020-07-19 00:00:00,,ගල් පෙරලීම.,,,,7.080377,80.244726
Rock Fall,RF,NBRO/LRRMD-KEG/KEG/WARAKA/LI/20/0386,KEG200398,Kegalle,Warakapola,2020-05-25,Warakapola,92A,"අංක I7, රබ්බිඩිගල, ගලපිටමඩ.","අංක I7, රබ්බිඩිගල, ගලපිටමඩ.",වරකාපොල - කරවනැල්ල මාර්ගයේ කිලෝමීටර් 11ක් පමණ ගමන් කර දමුණුමුල හන්දියෙන් රබ්බිඩිගල මාර්ගයේ මීටර,2020-05-21 00:00:00,2020-04-16 00:00:00,17:30,ගල් පෙරලීම.,,,,7.1480557,80.2344192
Rock Fall,RF,NBRO/LRRMD-KEG/KEG/WARAKA/LI/20/0401,KEG200413,Kegalle,Warakapola,2020-09-14,Bopitiya,94,"A 46/2, බෝපිටිය(සබරගමුව පළාත), වරකාපොල.","A 46/2, බෝපිටිය(සබරගමුව පළාත), වරකාපොල.",කොළඹ - නුවර ප්‍රධාන මාර්ගයේ වරකාපොල නගරය පසු කර කොළඹ දෙසට යන විට වමට ඇති දුම්මලදෙණිය මාර්ගයේ කිල,2020-09-15 00:00:00,2020-08-31 00:00:00,,අධික වර්ෂාපතනය සහ පාෂාණ ජීර්ණය,,,,7.1757055,80.2004625
Rock Fall,RF,NBRO/LRRMD-KEG/KEG/DERANI/LI/20/0450,KEG200462,Kegalle,Deraniyagala,2020-08-10,Maliboda,112,මාලිබොඩ- හිඟුරණ මාර්ගය,මාලිබොඩ- හිඟුරණ මාර්ගය,"කෑගල්ල නගරයේ සිට කොළඹ - මහනුවර (A01) මාර්ගයෙන් ගලිගමුවටත්, ගලිගමුව සිට ගලිගමුව - වරාවල මාර්ගයෙන් (B127)",2020-08-10 00:00:00,2020-08-06 00:00:00,04:00,අධික වර්ෂාව,,,,6.898479,80.421428
Rock Fall,RF,NBRO/LRRMD-KEG/KEG/DERANI/LI/20/0459,KEG200471,Kegalle,Deraniyagala,2020-05-06,Deraniyagala South,114E,"පලාදෙණිය විරු ගම්මානය, දැරණියගල.","පලාදෙණිය විරු ගම්මානය, දැරණියගල.","කෑගල්ල නගරයේ සිට කොළඹ - මහනුවර (A01) මාර්ගයෙන් ගලිගමුවටත්, ගලිගමුව සිට ගලිගමුව - වරාවල මාර්ගයෙන් (B127)",2020-06-19 00:00:00,2020-04-17 00:00:00,,අධික වර්ෂාව,,,,6.914457,80.3489801
Rock Fall,RF,NBRO/LRRMD-KEG/KEG/BULATK/LI/20/0482,KEG200494,Kegalle,Bulathkohupitiya,2020-06-03,Kendawa,128A,"උඩපොත, තුම්බාගේ, බුලත්කොහුපිටිය.","උඩපොත, තුම්බාගේ, බුලත්කොහුපිටිය.",කෑගල්ල නගරයේ සිට කෑගල්ල- බුලත්කොහුපිටිය- කරවනැල්ල (A21) මාර්ගයෙන් බුලත්කොහුපිටිය නගරයට පිවිස එතැ,2020-05-27 00:00:00,2020-05-16 00:00:00,,අධික වර්ශාව හා මුල් කිඳාබැසීම.,,,,7.105365,80.368488
Rock Fall,RF,NBRO/LRRMD-KEG/KEG/BULATK/LI/20/0496,KEG200508,Kegalle,Bulathkohupitiya,2020-03-12,Kabagamuwa,60,"කබගමුව, බුලත්කොහුපිටිය.","කබගමුව, බුලත්කොහුපිටිය.",කෑගල්ල - බුලත්කොහුපිටිය මාර්ගයේ කිලෝමීටර් 6ක් පමණ ගමන් කළ විට හමුවන කබගමුව විවලතැන්න තේවත්ත මාර,2020-03-03 00:00:00,2020-03-03 00:00:00,,ගල් පෙරලීම.,,,,7.130336,80.335902
Rock Fall,RF,NBRO/LRRMD-KEG/KEG/DEHIOV/LI/20/0518,KEG200530,Kegalle,Dehiovita,2020-10-29,Ambalampitiya,121D,තලපිටිය - මැදි කැලේ පාර.,තලපිටිය - මැදි කැලේ පාර.,"කෑගල්ල නගරයේ සිට කොළඹ - මහනුවර (A01) මාර්ගයෙන් ගලිගමුවටත්, ගලිගමුව සිට ගලිගමුව - වරාවල මාර්ගයෙන් (B127)",2020-10-23 00:00:00,2020-10-01 00:00:00,,ගල් පෙරළීම.,,,,6.881445,80.282824
Rock Fall,RF,NBRO/LRRMD-KEG/KEG/KEGALL/LI/21/0013,KEG210013,Kegalle,Kegalle,2021-05-27,Karandupotha,14,"පරණ කොත්නාගොඩ, කරඩුපන,කෑගල්ල","පරණ කොත්නාගොඩ, කරඩුපන,කෑගල්ල",,2021-05-27 00:00:00,0001-01-01,,ගල් පෙරලීම,-,-,-,7.250614,80.374687
Rock Fall,RF,NBRO/LRRMD-KEG/KEG/KEGALL/LI/21/0015,KEG210015,Kegalle,Kegalle,2021-05-20,Belihulwana,58C,"කොටුව නිවස,බෙලිහුල්වාන,උදුගොඩ","කොටුව නිවස,බෙලිහුල්වාන,උදුගොඩ",,2021-05-20 00:00:00,0001-01-01,,,,,,7.126684,80.384477
Rock Fall,RF,NBRO/LRRMD-KEG/KEG/KEGALL/LI/21/0060,KEG210060,Kegalle,Kegalle,2021-12-01,Eregama,57A,"ඩී70, හීරගල, වතුර","ඩී70, හීරගල, වතුර",කෑගල්ල නගරයේ සිට කෑගල්ල- බුලත්කොහුපිටිය  (A21) ප්‍රධාන මාර්ගයේ බුලත්කොහුපිටිය දෙසට කිලෝමීටර 5.5 පමණ,2021-12-01 00:00:00,2021-11-27 00:00:00,,,,,,7.161457,80.392845
Rock Fall,RF,NBRO/LRRMD-KEG/KEG/KEGALL/LI/21/0076,KEG210076,Kegalle,Kegalle,2021-11-03,Meepitiya,51G,"බණ්ඩාරනායක මාවත, කෑගල්ල","බණ්ඩාරනායක මාවත, කෑගල්ල",,2021-11-03 00:00:00,2021-11-27 00:00:00,20:30,අධික වර්ෂාපතනය,,,,7.250647,80.357662
Rock Fall,RF,NBRO/LRRMD-KEG/KEG/RAMBUK/LI/21/0122,KEG210122,Kegalle,Rambukkana,2021-11-17,Kadigamuwa,21,මීමිලිකේ,මීමිලිකේ,,2021-11-17 00:00:00,2021-11-09 00:00:00,,අධික වර්ෂාපතනය,,,,7.318797,80.423742
Rock Fall,RF,NBRO/LRRMD-KEG/KEG/RAMBUK/LI/21/0138,KEG210138,Kegalle,Rambukkana,2021-12-01,Naranbedda East,11D,"80, කරගස්තැන්න, හිරිවඩුන්න","80, කරගස්තැන්න, හිරිවඩුන්න",,2021-12-23 00:00:00,2021-11-09 00:00:00,,,,,,7.311363,80.367308
Rock Fall,RF,NBRO/LRRMD-KEG/KEG/RAMBUK/LI/21/0172,KEG210173,Kegalle,Rambukkana,2021-08-14,Hiriwadunna,11E,"රටකෝපිවත්ත, හිරිවඩුන්න","රටකෝපිවත්ත, හිරිවඩුන්න",,2020-08-14 00:00:00,0001-01-01,,,,,,7.28207,80.38375
Rock Fall,RF,NBRO/LRRMD-KEG/KEG/RAMBUK/LI/21/0194,KEG210195,Kegalle,Rambukkana,2021-11-23,Deliwala,5,"මිරිහාගොඩ, හේවාදිවල, රඹුක්කන","මිරිහාගොඩ, හේවාදිවල, රඹුක්කන",,2021-11-23 00:00:00,2021-11-09 00:00:00,,අධික වර්ෂාව,,,,7.3607243,80.375215
Rock Fall,RF,NBRO/LRRMD-KEG/KEG/RAMBUK/LI/21/0195,KEG210196,Kegalle,Rambukkana,2021-12-13,Walgama,4,"ඒ45,කහටගස්තැන්න, වල්ගම, යටගම, රඹුක්කන","ඒ45,කහටගස්තැන්න, වල්ගම, යටගම, රඹුක්කන",,2021-12-13 00:00:00,2021-11-09 00:00:00,,අධික වර්ෂාපතනය,,,,7.350802,80.357355
Rock Fall,RF,NBRO/LRRMD-KEG/KEG/RAMBUK/LI/21/0203,KEG210204,Kegalle,Rambukkana,2021-11-23,Deliwala,5,"මිරිහාගොඩ, හේවාදිවල,රඹුක්කන",,,2021-11-23 00:00:00,2021-11-09 00:00:00,,,,,,7.357881,80.376496
Rock Fall,RF,NBRO/LRRMD-KEG/KEG/GALIGA/LI/21/0267,KEG210272,Kegalle,Galigamuwa,2021-12-28,Walagama,75A,"කොටිකාලපිටිය,වලගම, දේවාලේගම","කොටිකාලපිටිය,වලගම, දේවාලේගම",,2021-12-28 00:00:00,0001-01-01,,අධික වර්ෂාපතනය හා පාෂාණ බෝල්ඩර පිහිටා ඇති භූමියේ පවතින සීඝ්‍ර ආනතිය,,,,7.27953,80.33032
Rock Fall,RF,NBRO/LRRMD-KEG/KEG/GALIGA/LI/21/0276,KEG210281,Kegalle,Galigamuwa,2021-11-26,Jeewana,74A,"එෆ්/45, නාරංදෙණිය, දේවාලේගම","එෆ්/45, නාරංදෙණිය, දේවාලේගම",,2022-01-24 00:00:00,2021-11-09 00:00:00,,,,,,7.275224,80.313216
Rock Fall,RF,NBRO/LRRMD-KEG/KEG/GALIGA/LI/21/0285,KEG210290,Kegalle,Galigamuwa,2021-11-26,Jeewana,74A,"එෆ්43/5, නාරංදෙණිය, දේවාලේගම","එෆ්43/5, නාරංදෙණිය, දේවාලේගම",,2022-01-24 00:00:00,2021-11-09 00:00:00,,,,,,7.274785,80.313214
Rock Fall,RF,NBRO/LRRMD-KEG/KEG/WARAKA/LI/21/0356,KEG210363,Kegalle,Warakapola,2021-09-02,Dummaladeniya,94C,දුම්මලදෙනිය,"දුම්මලදෙනිය, වරකාපොල",,2021-09-02 00:00:00,2021-09-22 00:00:00,,අධික වර්ෂාපතනය හා සුළං,,,,7.215724,80.193417
Rock Fall,RF,NBRO/LRRMD-KEG/KEG/YATIYN/LI/21/0368,KEG210374,Kegalle,Yatiyanthota,2021-11-12,Pelellegama,115F,"ඩී 29, පැලැල්ලේගම, හක්බෙල්ලාවක","ඩී 29, පැලැල්ලේගම, හක්බෙල්ලාවක",,2021-11-12 00:00:00,2021-10-21 00:00:00,02:00,අධික වර්ෂාපතනය හා අක්‍රමවත් භුමි පරිහරණය,,,,7.0060953,80.316627
Rock Fall,RF,NBRO/LRRMD-KEG/KEG/DERANI/LI/21/0415,KEG210419,Kegalle,Deraniyagala,2021-11-08,Deraniyagala South,114E,අධික වර්ෂාපතනය හා අක්‍රමවත් භුමි පරිහරණය,අධික වර්ෂාපතනය හා අක්‍රමවත් භුමි පරිහරණය,,2021-11-15 00:00:00,2021-11-14 00:00:00,13:30,අධික වර්ෂාපතනය හා අක්‍රමවත් භුමි පරිහරණය,,,,6.923233,80.325359
Rock Fall,RF,NBRO/LRRMD-KEG/KEG/DEHIOV/LI/21/0428,KEG210432,Kegalle,Dehiovita,2021-10-08,Godagampala,121C,"විහාර මාවත, ගොඩගම්පල, උඩ පට්ටිය වත්ත","විහාර මාවත, ගොඩගම්පල, උඩ පට්ටිය වත්ත",,2021-10-08 00:00:00,0001-01-01,,,,,,6.884007,80.317495
Rock Fall,RF,NBRO/LRRMD-KEG/KEG/DEHIOV/LI/21/0430,KEG210434,Kegalle,Dehiovita,2021-11-17,Kahanavita,115A,"අංක 05, අළුදෙණිය, කහනාවිට","අංක 05, අළුදෙණිය, කහනාවිට",,2021-11-17 00:00:00,2021-11-15 00:00:00,17:30,අධික වර්ෂාපතනය හා අක්‍රමවත් භූමි පරිහරණය,,,,6.960559,80.278224
Rock Fall,RF,NBRO/LRRMD-KEG/KEG/BULATK/LI/21/0447,KEG210451,Kegalle,Bulathkohupitiya,2021-11-03,Bulathkohupitiya,129B,"ඊ 56/2, පිට්ටෑගම, බුලත්කොහුපිටිය","ඊ 56/2, පිට්ටෑගම, බුලත්කොහුපිටිය",,2021-11-03 00:00:00,0001-01-01,,,,,,7.113447,80.337574
Rock Fall,RF,NBRO/LRRMD-KEG/KEG/MAWANE/LI/21/0497,KEG210501,Kegalle,Mawanella,2021-09-27,Yatimahana,23C,"සී-4, යටිමහන පාර, මාපලාන, මාකෙහෙල්වල, මාවනැල්ල","සී-4, යටිමහන පාර, මාපලාන, මාකෙහෙල්වල, මාවනැල්ල",,2021-09-27 00:00:00,2021-09-26 00:00:00,,අධික වර්ෂාපතනය,,,,7.275949,80.449989
Rock Fall,RF,NBRO/LRRMD-KEG/KEG/WARAKA/LI/21/0600,KEG210609,Kegalle,Warakapola,2021-06-15,Waddeniya,77,"ඊ 46/1, වද්දෙණිය, හැලමඩ","ඊ 46/1, වද්දෙණිය, හැලමඩ",,2021-05-25 00:00:00,0001-01-01,,,,,,7.2297822,80.1927968
Rock Fall,RF,NBRO/LRRMD-KEG/KEG/WARAKA/LI/21/0606,KEG210615,Kegalle,Warakapola,2021-07-21,Uduwaka,97,"පුරාණ ගල්ලෙන් රජමහා විහාරය,උඩුවක","පුරාණ ගල්ලෙන් රජමහා විහාරය,උඩුවක",,2021-06-10 00:00:00,2021-06-05 00:00:00,,,,,,7.142035,80.18988
Rock Fall,RF,NBRO/LRRMD-KEG/KEG/WARAKA/LI/21/0631,KEG210641,Kegalle,Warakapola,2021-06-06,Algama,95,"D 2/2 , අල්ගමවත්ත පාර, පුවක්දෙණිය, අල්ගම","D 2/2 , අල්ගමවත්ත පාර, පුවක්දෙණිය, අල්ගම",,2021-06-06 00:00:00,2021-06-04 00:00:00,,,,,,7.1758235,80.178744
Rock Fall,RF,NBRO/LRRMD-KEG/KEG/WARAKA/LI/21/0633,KEG210643,Kegalle,Warakapola,2021-05-25,Bopitiya,94,"ඉහළ වැලිගල්ල, නිවටුව","ඉහළ වැලිගල්ල, නිවටුව",,2021-05-25 00:00:00,0001-01-01,,,,,,7.175589,80.2050927
Rock Fall,RF,NBRO/LRRMD-KEG/KEG/RAMBUK/LI/21/0702,KEG210717,Kegalle,Rambukkana,2021-07-20,Thismalpola,04B,"D/52, තිස්මල්පොල, යටගම, රඹුක්කන","D/52, තිස්මල්පොල, යටගම, රඹුක්කන",,2021-06-15 00:00:00,0001-01-01,,,,,,7.322426,80.34935
Rock Fall,RF,NBRO/LRRMD-KEG/KEG/RAMBUK/LI/21/0706,KEG210721,Kegalle,Rambukkana,2021-08-26,Molagoda,13B,"වෑවල, මොලගොඩ","වෑවල, මොලගොඩ",,2021-09-01 00:00:00,0001-01-01,,,,,,7.2252078,80.393581
Rock Fall,RF,NBRO/LRRMD-KEG/KEG/BULATK/LI/21/0721,KEG210736,Kegalle,Bulathkohupitiya,2021-06-05,Puspane,60D,"52 කොටස, යටදැරියවත්ත, උඳුගොඩ","52 කොටස, යටදැරියවත්ත, උඳුගොඩ",,2021-06-05 00:00:00,0001-01-01,,,,,,7.135792,80.35695
Rock Fall,RF,NBRO/LRRMD-KEG/KEG/BULATK/LI/21/0722,KEG210737,Kegalle,Bulathkohupitiya,2021-06-05,Kabagamuwa,60,"A/174, තේ වත්ත, කබගමුව","A/174, තේ වත්ත, කබගමුව",,2021-06-05 00:00:00,0001-01-01,,,,,,7.133516,80.336379
Rock Fall,RF,NBRO/LRRMD-KEG/KEG/ARANAY/LI/21/0764,KEG210779,Kegalle,Aranayaka,2021-09-15,Deiyanwala,41E,"බි 41/1, දෙයියන්වල, අරණායක","බි 41/1, දෙයියන්වල, අරණායක",,2021-10-14 00:00:00,2021-06-04 00:00:00,,,,,,7.13205,80.469791
Rock Fall,RF,NBRO/LRRMD-KEG/KEG/DEHIOV/LI/21/0780,KEG210795,Kegalle,Dehiovita,2021-08-18,Pukunuwala,122C,"පූනහැල, ඉහලගම","පූනහැල, ඉහලගම",,2020-06-25 00:00:00,0001-01-01,,,,,,7.083634,80.316633
Rock Fall,RF,NBRO/LRRMD-KEG/KEG/DERANI/LI/21/0790,KEG210805,Kegalle,Deraniyagala,2021-08-25,Behenella,110C,"එෆ්/15/බි, බැහැනැල්ල තැලිගම","එෆ්/15/බි, බැහැනැල්ල තැලිගම",,2021-10-26 00:00:00,0001-01-01,,,,,,6.986828,80.363833
Rock Fall,RF,NBRO/LRRMD-KEG/KEG/DERANI/LI/21/0792,KEG210807,Kegalle,Deraniyagala,2021-08-24,Wattegedara,114D,"අරලිය ගහ ළඟ, පහළ කොටස, දැරණියගල","අරලිය ගහ ළඟ, පහළ කොටස, දැරණියගල",,2020-09-08 00:00:00,0001-01-01,,,,,,6.954589,80.339119
Rock Fall,RF,NBRO/LRRMD-KEG/KEG/ARANAY/LI/21/0802,KEG210817,Kegalle,Aranayaka,2021-05-31,Ambalakanda,43A,"A-118, අම්බලකන්ද, අරණායක","A-118, අම්බලකන්ද, අරණායක",,2021-05-31 00:00:00,2021-05-21 00:00:00,,,,,,7.132958,80.448126
Rock Fall,RF,NBRO/LRRMD-KEG/KEG/DEHIOV/LI/21/0820,KEG210835,Kegalle,Dehiovita,2021-06-10,Bomaluwa,124A,"267/3, ඉහල මානියංගම, අවිස්සාවේල්ල","267/3, ඉහල මානියංගම, අවිස්සාවේල්ල",,2021-06-10 00:00:00,0001-01-01,,,,,,6.929496,80.247664
Rock Fall,RF,NBRO/LRRMD-KEG/KEG/KEGALL/LI/21/0926,KEG210939,Kegalle,Kegalle,2021-06-16,Kolongalla,14D,"ග්‍රෙස්ලින් ජනපදය, රංදෙණීය, හිරිවඩුන්න","ග්‍රෙස්ලින් ජනපදය, රංදෙණීය, හිරිවඩුන්න",,2021-06-16 00:00:00,0001-01-01,,,,,,7.27749,80.375298
Rock Fall,RF,NBRO/LRRMD-KEG/KEG/YATIYN/LI/22/1081,KEG220131,Kegalle,Yatiyanthota,2022-07-20,Neluwathukanda,133B,"නෙළුවනකන්ද, හල්ගොල්ල, වැලිහෙලතැන්න","නෙළුවනකන්ද, හල්ගොල්ල, වැලිහෙලතැන්න",,2022-09-15 00:00:00,0001-01-01,,,,,,7.032828,80.371158
Rock Fall,RF,NBRO/LRRMD-KEG/KEG/YATIYN/LI/22/1093,KEG220208,Kegalle,Yatiyanthota,2021-11-29,Kabulumulla,106B,"33/5, කන්දෙවත්ත, කබුළුමුල්ල","33/5, කන්දෙවත්ත, කබුළුමුල්ල",ස්ඩ්,2021-11-29 00:00:00,2021-11-27 00:00:00,,අධික වර්ෂාපතනය,,,,7.027028,80.265575
Rock Fall,RF,NBRO/LRRMD-KEG/KEG/RAMBUK/LI/22/0125,KEG220257,Kegalle,Rambukkana,2022-02-01,Maligathenna,03J,"A13, මාලිගාතැන්න, හේවාදිවෙල, රඹුක්කන","A13, මාලිගාතැන්න, හේවාදිවෙල, රඹුක්කන",,2022-02-01 00:00:00,2021-11-09 00:00:00,,අධික වර්ෂාව,,,,7.381941,80.376071
Rock Fall,RF,NBRO/LRRMD-KEG/KEG/RAMBUK/LI/22/0173,KEG220314,Kegalle,Rambukkana,2022-01-29,Kadigamuwa,21,"ලබුගොල්ල, කැබැල්ලවත්ත, පත්තම්පිටිය","ලබුගොල්ල, කැබැල්ලවත්ත, පත්තම්පිටිය",,2022-01-21 00:00:00,0001-01-01,,,,,,7.32709,80.42851
Rock Fall,RF,NBRO/LRRMD-KEG/KEG/RAMBUK/LI/22/0190,KEG220343,Kegalle,Rambukkana,2022-05-17,Thaldewa,06A,"ඩී 54/12, තල්දෑව, රඹුක්කන","ඩී 54/12, තල්දෑව, රඹුක්කන",,2021-05-20 00:00:00,2021-05-17 00:00:00,,අධික වර්ෂාපතනය,,,,7.3406339,80.3910918
Rock Fall,RF,NBRO/LRRMD-KEG/KEG/RAMBUK/LI/22/0191,KEG220344,Kegalle,Rambukkana,2022-05-10,Kehelwathugoda,75A,"එෆ් /24, පහළ රණවන, දේවාලේගම","එෆ් /24, පහළ රණවන, දේවාලේගම",,2021-05-10 00:00:00,2021-05-20 00:00:00,,අධික වර්ෂාපතනය හා අක්‍රමවත් භූමි පරිහරණය,,,,7.301034,80.3270226
Rock Fall,RF,NBRO/LRRMD-KEG/KEG/MAWANE/LI/22/1117,KEG220358,Kegalle,Mawanella,2022-08-08,Batawala,27A,"සි107, පල්ලේමාකඩවර, මාවනැල්ල","සි107, පල්ලේමාකඩවර, මාවනැල්ල",කෑගල්ල නගරයේ සිට මහනුවර- කොළඹ ප්‍රධාන මාර්ගයේ (A1) මහනුවර දෙසට  කිලෝමීටර 15 පමණ ගමන් කළ පසු හිගුල පාල,2022-08-10 00:00:00,2022-08-01 00:00:00,,අධික වර්ෂාපතනය,,,,7.24616,80.478048
Rock Fall,RF,NBRO/LRRMD-KEG/KEG/MAWANE/LI/22/0227,KEG220399,Kegalle,Mawanella,2022-02-11,Makehelwala,23,"A/120, මහකෙහෙල්වල, මාවනැල්ල","A/120, මහකෙහෙල්වල, මාවනැල්ල",,2022-02-11 00:00:00,2021-11-09 00:00:00,,අධික වර්ෂාව,,,,7.283812,80.475512
Rock Fall,RF,NBRO/LRRMD-KEG/KEG/MAWANE/LI/22/0229,KEG220401,Kegalle,Mawanella,2022-02-11,Makehelwala,23,"A/124, මහකෙහෙල්වල, මාවනැල්ල","A/124, මහකෙහෙල්වල, මාවනැල්ල",,2022-02-11 00:00:00,0001-01-01,,,,,,7.283487,80.476014
Rock Fall,RF,NBRO/LRRMD-KEG/KEG/MAWANE/LI/22/0236,KEG220408,Kegalle,Mawanella,2022-01-28,Mawanella,19B,"හෙම්මාතගම, හරන්කහව","හෙම්මාතගම, හරන්කහව",කෑගල්ල සිට කොළඹ-නුවර මාර්ගයේ කිලෝමීටර් 13ක් මාවනැල්ල නගරය තෙක් පැමිණ මාවනැල්ල හෙම්මාතගම මාර්ගය,2022-03-09 00:00:00,0001-01-01,,අධික වර්ෂාපතනය,,,,7.18617,80.510389
Rock Fall,RF,NBRO/LRRMD-KEG/KEG/GALIGA/LI/22/0290,KEG220513,Kegalle,Galigamuwa,2022-11-26,Jeewana,74A,"ඒ20, ජීවාන, දේවාලේගම","ඒ20, ජීවාන, දේවාලේගම",,2022-01-24 00:00:00,2021-11-09 00:00:00,,,,,,7.283885,80.311172
Rock Fall,RF,NBRO/LRRMD-KEG/KEG/YATIYN/LI/22/1146,KEG220520,Kegalle,Yatiyanthota,2022-08-22,Parussella,106A,පරුස්සැල්ල,"ඒ2/2ඒ, පරුස්සැල්ල, යටියන්තොට",,2022-08-17 00:00:00,2022-08-01 00:00:00,11:00,අධික වර්ෂාපතනය,,,,7.030022,80.307905
Rock Fall,RF,NBRO/LRRMD-KEG/KEG/GALIGA/LI/22/0322,KEG220570,Kegalle,Galigamuwa,2022-01-24,Panakawa,74D,"බි2/59, දෙවන ජනපදය, පානකාව","බි2/59, දෙවන ජනපදය, පානකාව",,2022-01-24 00:00:00,2021-11-09 00:00:00,,අධික වර්ෂාපතනය,,,,7.255803,80.332115
Rock Fall,RF,NBRO/LRRMD-KEG/KEG/GALIGA/LI/22/0323,KEG220571,Kegalle,Galigamuwa,2022-01-24,Panakawa,74D,"නන්දනී ආරාමය, හබුදුගල","නන්දනී ආරාමය, හබුදුගල",,2022-01-24 00:00:00,2021-11-09 00:00:00,,අධික වර්ෂාපතනය,,,,7.258272,80.332692
Rock Fall,RF,NBRO/LRRMD-KEG/KEG/RUWANW/LI/22/0329,KEG220590,Kegalle,Ruwanwella,2022-02-18,Dannoruwa,104C,දන්නොරුව,දන්නොරුව,,2022-02-18 00:00:00,0001-01-01,,,,,,7.06475,80.23333
Rock Fall,RF,NBRO/LRRMD-KEG/KEG/RUWANW/LI/22/0344,KEG220615,Kegalle,Ruwanwella,2022-02-15,Galapitamada,99B,"ගලපිටමඩ, රුවන්වැල්ල",,,2022-02-22 00:00:00,2021-11-26 00:00:00,,,,,,7.13164,80.23611
Rock Fall,RF,NBRO/LRRMD-KEG/KEG/RUWANW/LI/22/0350,KEG220621,Kegalle,Ruwanwella,2022-02-16,Morawatta,104,"I/200, බටුපිටිය, මොරාවත්ත, රුවන්වැල්ල","I/200, බටුපිටිය, මොරාවත්ත, රුවන්වැල්ල",රුවන්වැල්ල නගරයේ සිට රුවන්වැල්ල-නිට්ටඹුව මාර්ගයේ මීටර 500ක් පමණ ගමන් කිරීමෙන් පසු හමුවන රට්ටාගල,2022-02-16 00:00:00,0001-01-01,,,,,,7.05649,80.23933
Rock Fall,RF,NBRO/LRRMD-KEG/KEG/KEGALL/LI/22/1183,KEG220666,Kegalle,Kegalle,2022-09-08,Belihulwana,58C,"බෙලිහුල්වාන, උඳුගොඩ","95, බෙලිහුල්වාන, උදුගොඩ",කෑගල්ල නගරයේ සිට කෑගල්ල - බුලත්කොහුපිටිය මාර්ගයේ (A21) බුලත්කොහුපිටිය දෙසට කිලෝමීටර 4.2 පමන ගමන් කර,2022-09-08 00:00:00,0001-01-01,,අස්ථාවර වීමක් සිදු වී නොමැත,,,,7.127048,80.386722
Rock Fall,RF,NBRO/LRRMD-KEG/KEG/YATIYN/LI/22/1187,KEG220670,Kegalle,Yatiyanthota,2022-09-02,Garagoda Ihala,115D,හේන  (කබරගල),"ඒ/420/4, ඉහළ ගරාගොඩ, යටියන්තොට","කෑගල්ල නගරයේ සිට කොළඹ - මහනුවර (A01) ප්‍රධාන මාර්ගයෙන් ගලිගමුවටත්, ගලිගමුව සිට ගලිගමුව-වරාවල (B127) මාර",2022-10-05 00:00:00,2022-08-31 00:00:00,10:30,,,,,7.014947,80.294269
Rock Fall,RF,NBRO/LRRMD-KEG/KEG/KEGALL/LI/22/1190,KEG220673,Kegalle,Kegalle,2022-09-06,Wewaladeniya,51D,"ජේ. 80, හබුදුගල පාර, කෑගල්ල","ජේ. 80, හබුදුගල පාර, කෑගල්ල",කෑගල්ල නගරයේ සිට කැගල්ල - සියඹලාපිටිය මාර්ගයේ (B601) මීටර 600 පමන ගමන් කර මාර්ගයේ වම් පසින් පිහිටි පල්,2022-10-19 00:00:00,2022-09-05 00:00:00,,,,,,7.258017,80.337887
Rock Fall,RF,NBRO/LRRMD-KEG/KEG/RAMBUK/LI/22/1197,KEG220681,Kegalle,Rambukkana,2022-09-08,Walgama,4,කහටගස්තැන්න,"ඒ/38/2, කහටගස්තැන්න, වල්ගම, යටගම, රඹුක්කන","කොළඹ - මහනුවර (A01) මාර්ගයෙන් කරඬුපනට පිවිසිය හැක. කරඬුපන සිට රඹුක්කනට, රඹුක්කන මාර්ගය (B199) මඟින් පිවි",2022-09-27 00:00:00,2022-09-02 00:00:00,,අධික වර්ෂාව,,,,7.353688,80.356678
Rock Fall,RF,NBRO/LRRMD-KEG/KEG/GALIGA/LI/22/1206,KEG220692,Kegalle,Galigamuwa,2022-09-07,Panakawa,74D,"අංක 02 ජනපදය, පානකාව","අංක 02 ජනපදය, පානකාව",-,2023-04-11 00:00:00,0001-01-01,,,,,,7.25773,80.33301
Rock Fall,RF,NBRO/LRRMD-KEG/KEG/ARANAY/LI/22/1223,KEG220737,Kegalle,Aranayaka,2022-09-14,Gammannagoda,17D,"ගල්කොටුව, තම්මිට,උස්සාපිටිය","ගල්කොටුව, තම්මිට,උස්සාපිටිය",කෑගල්ල නගරයේ සිට මාවනැල්ල නගරයට පැමිණ අරණායක මාර්ගයේ ගමන්කිරීමෙන් හමුවන උස්සාපිටිය හංදියෙන්,2022-09-26 00:00:00,2022-09-09 00:00:00,19:10,,,,,7.20604,80.43446
Rock Fall,RF,NBRO/LRRMD-KEG/KEG/DERANI/LI/22/0423,KEG220791,Kegalle,Deraniyagala,2022-03-02,Rasnakkanda,114B,"කියු 9/1, රස්නක්කන්ද, දැරණියගල","කියු 9/1, රස්නක්කන්ද, දැරණියගල",,2022-03-02 00:00:00,0001-01-01,,,,,,6.9203,80.318318
Rock Fall,RF,NBRO/LRRMD-KEG/KEG/DERANI/LI/22/0424,KEG220792,Kegalle,Deraniyagala,2022-03-02,Rasnakkanda,114B,රස්නක්කන්ද දැරණියගල,රස්නක්කන්ද දැරණියගල,,2022-03-02 00:00:00,0001-01-01,,,,,,6.917177,80.321965
Rock Fall,RF,NBRO/LRRMD-KEG/KEG/DERANI/LI/22/0426,KEG220794,Kegalle,Deraniyagala,2022-02-03,Kosgahakanda,113A,"කොස්ගහකන්ද, මියනවිට","කොස්ගහකන්ද, මියනවිට",,2022-02-03 00:00:00,0001-01-01,,,,,,6.874039,80.366178
Rock Fall,RF,NBRO/LRRMD-KEG/KEG/DEHIOV/LI/22/0458,KEG220831,Kegalle,Dehiovita,2022-05-09,Maniyangama,124,"141/2, මානියම්ගම, අවිස්සාවේල්ල","141/2, මානියම්ගම, අවිස්සාවේල්ල",,2022-05-09 00:00:00,0001-01-01,,,,,,6.943041,80.231794
Rock Fall,RF,NBRO/LRRMD-KEG/KEG/ARANAY/LI/22/0490,KEG220879,Kegalle,Aranayaka,2022-02-07,Galbokka,43C,"ගල්බොක්ක, අරණායක","ගල්බොක්ක, අරණායක",,2022-02-07 00:00:00,0001-01-01,,,,,,7.158789,80.446719
Rock Fall,RF,NBRO/LRRMD-KEG/KEG/ARANAY/LI/22/0502,KEG220903,Kegalle,Aranayaka,2022-02-25,Godigamuwa,46A,"බී/93/2, බෝගහමුලකොටුව, ගොඩිගමුව, උස්සාපීටිය","බී/93/2, බෝගහමුලකොටුව, ගොඩිගමුව, උස්සාපීටිය",,2022-02-25 00:00:00,0001-01-01,,,,,,7.1972325,80.453257
Rock Fall,RF,NBRO/LRRMD-KEG/KEG/YATIYN/LI/22/1303,KEG221020,Kegalle,Yatiyanthota,2022-09-15,Amanawala,131A,හල්ගොල්ල වත්ත,"වේවැල්තලාව කොටස, හල්ගොල්ල වත්ත, යටියන්තොට",,2022-09-15 00:00:00,2022-09-05 00:00:00,17:00,අධික වර්ෂාපතන්‍ය,,235.25mm,,7.04617,80.371095
Rock Fall,RF,NBRO/LRRMD-KEG/KEG/RUWANW/LI/22/1317,KEG221058,Kegalle,Ruwanwella,2022-10-20,Gonaramba,109A,"ඩී 26/1, ගොණාරඹ, අම්පාගල","ඩී 26/1, ගොණාරඹ, අම්පාගල",,2022-11-09 00:00:00,0001-01-01,,,,,,7.0713121,80.2768804
Rock Fall,RF,NBRO/LRRMD-KEG/KEG/RUWANW/LI/22/1321,KEG221063,Kegalle,Ruwanwella,2022-10-20,Doranuwa,105B,"ඉහළමුල්ල, දොරණුව, රුවන්වැල්ල","ඉහළමුල්ල, දොරණුව, රුවන්වැල්ල",,2022-10-20 00:00:00,0001-01-01,,,,,,7.055488,80.267042
Rock Fall,RF,NBRO/LRRMD-KEG/KEG/RUWANW/LI/22/1323,KEG221065,Kegalle,Ruwanwella,2022-10-20,Dannoruwa,104C,දන්නෝරුව,දන්නෝරුව,,2022-10-20 00:00:00,2022-10-14 00:00:00,,අධික වර්ෂාපතනය,,,,7.074733,80.231252
Rock Fall,RF,NBRO/LRRMD-KEG/KEG/BULATK/LI/22/1327,KEG221069,Kegalle,Bulathkohupitiya,2022-10-24,Neluwakkana,131,මි අඹගහ මුල පාර,"නෙළුවක්කන, දේදුගල",කෑගල්ල නගරයේ සිට කෑගල්ල- බුලත්කොහුපිටිය- කරවනැල්ල (A021) මාර්ගයෙන් බුලත්කොහුපිටිය නගරයට පිවිස එතැ,2022-10-21 00:00:00,2022-10-17 00:00:00,21:30,අදික වර්ෂාව,,,,7.099537,80.394775
Rock Fall,RF,NBRO/LRRMD-KEG/KEG/WARAKA/LI/22/1338,KEG221083,Kegalle,Warakapola,2022-10-21,Warakapola,92A,වරකාපොල,"සමගි මාවත, වරකාපොල",,2022-10-23 00:00:00,2022-10-12 00:00:00,15:30,,,,,7.226701,80.203599
Rock Fall,RF,NBRO/LRRMD-KEG/KEG/KEGALL/LI/22/1346,KEG221097,Kegalle,Kegalle,2022-10-27,Deewela Medagama,16C,"කුරුකුඳේ, දීවෙල, මැදගම","56/1, කුරුකුදය, දීවෙල, මැදගම",,2022-10-19 00:00:00,2022-10-15 00:00:00,,,,,,7.223205,80.370352
Rock Fall,RF,NBRO/LRRMD-KEG/KEG/WARAKA/LI/22/1348,KEG221099,Kegalle,Warakapola,2022-10-27,Mahena,83B,මාහේනගම,"ගල්කොටුව, මාහේන, වරකාපොල",,2022-10-23 00:00:00,2022-10-10 00:00:00,,,,,,7.229994,80.215852
Rock Fall,RF,NBRO/LRRMD-KEG/KEG/RUWANW/LI/22/1378,KEG221128,Kegalle,Ruwanwella,2022-10-18,Imbulana,100,"ඒ130/12, බංගලිවත්ත, ඉගුලාන","ඒ130/12, බංගලිවත්ත, ඉගුලාන",,2022-10-20 00:00:00,2022-10-14 00:00:00,16:00,අධික වර්ෂාපතනය,,,,7.073265,80.257083
Rock Fall,RF,NBRO/LRRMD-KEG/KEG/RUWANW/LI/22/1386,KEG221135,Kegalle,Ruwanwella,2022-11-28,Gonagala North,103C,යක්ගල්බොඩ,"උතුරු ගෝණගල, වහකුළ, රුවන්වැල්ල","කෑගල්ල නගරයේ සිට කොළඹ - මහනුවර (A01) මාර්ගයෙන් ගලිගමුවටත්, ගලිගමුව සිට ගලිගමුව - වරාවල මාර්ගයෙන් (B127)",2022-11-09 00:00:00,2022-10-14 00:00:00,,අධික වර්ෂාව,,,,7.038608,80.206002
Rock Fall,RF,NBRO/LRRMD-KEG/KEG/WARAKA/LI/22/1413,KEG221171,Kegalle,Warakapola,2022-11-02,Dummaladeniya,94C,"ගල්පොත්ත හේන, මුස්ලිම් විද්‍යාල පාර, දුම්මලදෙණිය, වරකාපොල",කෑගල්ල නගරයේ සිට කොළඹ නුවර මාර්ගයේ ගමන් කිරීමෙන් හමුවන දුම්මලදෙනිය හංදියෙන් හැරී  මුස්ලිම් විද,,2023-05-19 00:00:00,0001-01-01,,,,,,7.21937,80.19052
Rock Fall,RF,NBRO/LRRMD-KEG/KEG/MAWANE/LI/22/1459,KEG221236,Kegalle,Mawanella,2022-11-11,Uthuwankanda,19C,"ගොන්දිවල වත්ත, ගෝන්දිවල","ගොන්දිවල වත්ත, ගෝන්දිවල",ි්ා්,2022-11-10 00:00:00,2022-11-04 00:00:00,10:00,අධික වර්ෂාපතනය,,,,7.257903,80.428452
Rock Fall,RF,NBRO/LRRMD-KEG/KEG/RAMBUK/LI/22/1497,KEG221284,Kegalle,Rambukkana,2022-11-23,Kotawella,03G,"උඩ හිඟුරුවක, කොටවැල්ල, රඹුක්කන","උඩ හිඟුරුවක, කොටවැල්ල, රඹුක්කන",,2023-04-21 00:00:00,0001-01-01,,,,,,7.35886,80.4007967
Rock Fall,RF,NBRO/LRRMD-KEG/KEG/YATIYN/LI/22/1518,KEG221313,Kegalle,Yatiyanthota,2022-11-24,Dombepola,132,"ඩී 107/02, දොඹේපොල, මලල්පොල","ඩී 107/02, දොඹේපොල, මලල්පොල",-,2023-03-13 00:00:00,0001-01-01,,-,,,,7.07005,80.379562
Rock Fall,RF,NBRO/LRRMD-KEG/KEG/RAMBUK/LI/22/1526,KEG221325,Kegalle,Rambukkana,2022-11-25,Henepola,22E,"පිංහේනේ වත්ත, හේනේපොල, පත්තම්පිටිය","පිංහේනේ වත්ත, හේනේපොල, පත්තම්පිටිය",,2023-04-21 00:00:00,0001-01-01,,,,,,7.30521,80.44053
Rock Fall,RF,NBRO/LRRMD-KEG/KEG/DEHIOV/LI/22/1542,KEG221349,Kegalle,Dehiovita,2022-12-09,Dehiovita,119B,සමන්ගිරිගම,දෙහිඕවිට ජනපදය,"කොළඹ - මහනුවර (A01) මාර්ගයෙන් ගලිගමුවටත්, ගලිගමුව - වරාවල (B127) මාර්ගයෙන් වරාවලටත්, වරාවල සිට කෑගල්ල - බු",2023-12-08 00:00:00,0001-01-01,,,,,,6.970079,80.267287
Rock Fall,RF,NBRO/LRRMD-KEG/KEG/DEHIOV/LI/22/1544,KEG221351,Kegalle,Dehiovita,2022-12-09,Panawala,122,"බලනගල වත්ත, පනාවල, ඇහැලියගොඩ","බලනගල වත්ත, පනාවල, ඇහැලියගොඩ",-,2023-02-22 00:00:00,0001-01-01,,,,,,6.885912,80.274553
Rock Fall,RF,NBRO/LRRMD-KEG/KEG/WARAKA/LI/22/0570,KEG221354,Kegalle,Warakapola,2022-07-31,Malmaduwa,88,"ඉහළගම, මල්මඩුව","ඉහළගම, මල්මඩුව",,2021-11-29 00:00:00,0001-01-01,,,,,,7.142808,80.271313
Rock Fall,RF,NBRO/LRRMD-KEG/KEG/WARAKA/LI/22/0572,KEG221356,Kegalle,Warakapola,2022-07-31,Thambadiya,87A,"29/2, තඹදිය, මහපල්ලේගම","29/2, තඹදිය, මහපල්ලේගම",,2021-11-29 00:00:00,2021-11-27 00:00:00,17:30,,,,,7.143263,80.270902
Rock Fall,RF,NBRO/LRRMD-KEG/KEG/WARAKA/LI/22/1554,KEG221376,Kegalle,Warakapola,2022-12-02,Imbulovita,85D,"අරුප්පල, තුංතොට, ඉඹුලෝවිට","අරුප්පල, තුංතොට, ඉඹුලෝවිට",,2022-11-28 00:00:00,0001-01-01,,,,,,7.1921,80.259798
Rock Fall,RF,NBRO/LRRMD-KEG/KEG/WARAKA/LI/22/1556,KEG221378,Kegalle,Warakapola,2022-12-02,Alpitiya,89,"ඒ 24/2, අල්පිටිය, ගලපිටමඩ","ඒ 24/2, අල්පිටිය, ගලපිටමඩ",,2022-11-28 00:00:00,0001-01-01,,,,,,7.145337,80.240581
Rock Fall,RF,NBRO/LRRMD-KEG/KEG/RUWANW/LI/22/1573,KEG221407,Kegalle,Ruwanwella,2022-12-29,Palle Kanugala,102B,හල්ගහහේන,"සී/161/2, හල්ගහහේන, පල්ලෙකණුගල","කෑගල්ල නගරයේ සිට කොළඹ - මහනුවර (A01) මාර්ගයෙන් ගලිගමුවටත්, ගලිගමුව සිට ගලිගමුව - වරාවල මාර්ගයෙන් (B127)",2022-11-09 00:00:00,2022-11-05 00:00:00,18:00,,,,,7.000747,80.192791
Rock Fall,RF,NBRO/LRRMD-KEG/KEG/KEGALL/LI/22/1623,KEG221431,Kegalle,Kegalle,2022-05-19,Ambanpitiya,52,"අංක 12, බණ්ඩාරනායක මාවත, අඹන්පිටිය","අංක 12, බණ්ඩාරනායක මාවත, අඹන්පිටිය",,2022-05-19 00:00:00,0001-01-01,,අධික වර්ෂාව,,,,7.237957,80.31903
Rock Fall,RF,NBRO/LRRMD-KEG/KEG/ARANAY/LI/22/1625,KEG221433,Kegalle,Aranayaka,2022-12-30,Rahala,41B,"රහල, නැගෙනහිර","සී/9/1, කැබැල්ලගොල්ල මූකලාන, රහල නැගෙනහිර",,2022-12-31 00:00:00,0001-01-01,,,,,,7.140142,80.495644
Rock Fall,RF,NBRO/LRRMD-KEG/KEG/DERANI/LI/23/0007,KEG230007,Kegalle,Deraniyagala,2023-01-03,Dikellakanda,112E,දික්ඇල්ල කන්ද,"දික්ඇල්ල කන්ද, මාලිබොඩ","කෑගල්ල නගරයේ සිට කොළඹ - මහනුවර (A01) මාර්ගයෙන් ගලිගමුවටත්, ගලිගමුව සිට ගලිගමුව - වරාවල මාර්ගයෙන් (B127)",2022-08-30 00:00:00,0001-01-01,,,,,,6.879855,80.437386
Rock Fall,RF,NBRO/LRRMD-KEG/KEG/RUWANW/LI/23/1586,KEG230014,Kegalle,Ruwanwella,2022-12-22,Dannoruwa,104C,ඉහලවත්ත,"ජි/38/2, ඉහලවත්ත, හුඹස්වලාන, රුවන්වැල්ල",කෑගල්ල නගරයේ සිට කොළඹ - මහනුවර ප්‍රධාන මාර්ගයේ(A1) කොළඹ දෙසට කිලෝමීටර 5.7 පමණ ගමන් කළ පසු ගලිගමුව නගර,2022-12-29 00:00:00,0001-01-01,,-,,,,7.062895,80.234175
Rock Fall,RF,NBRO/LRRMD-KEG/KEG/ARANAY/LI/23/1587,KEG230015,Kegalle,Aranayaka,2022-11-03,Lambutuwa,16F,"හදබිම ජනපදය, ගල් අතර","හදබිම ජනපදය, ගල් අතර",,2022-11-03 00:00:00,0001-01-01,,අධික වර්ෂාව,,,,7.195727,80.430704
Rock Fall,RF,NBRO/LRRMD-KEG/KEG/WARAKA/LI/23/1595,KEG230025,Kegalle,Warakapola,2022-12-29,Thumbaliyadda,92C,"33/, තුඹලියද්ද කන්ද, තුඹලියද්ද","33/, තුඹලියද්ද කන්ද, තුඹලියද්ද",,2023-01-30 00:00:00,2022-12-25 00:00:00,උදෑසන,,,,,7.20392,80.20696
Rock Fall,RF,NBRO/LRRMD-KEG/KEG/BULATK/LI/23/0010,KEG230034,Kegalle,Bulathkohupitiya,2023-01-02,Puspane,60D,"අක්කර 76, 10 කණුව, උඳුගොඩ","අක්කර 76, 10 කණුව, උඳුගොඩ",,2023-03-17 00:00:00,0001-01-01,,අධික වර්ෂාව,,,,7.14107,80.35802
Rock Fall,RF,NBRO/LRRMD-KEG/KEG/YATIYN/LI/23/1609,KEG230042,Kegalle,Yatiyanthota,2022-12-29,Berannawa,131D,"පල්ලෙකුඹුර, ඉහළ බෙරන්නාව, යටියන්තොට","පල්ලෙකුඹුර, ඉහළ බෙරන්නාව, යටියන්තොට",,2022-12-26 00:00:00,0001-01-01,,,,,,7.075328,80.412071
Rock Fall,RF,NBRO/LRRMD-KEG/KEG/GALIGA/LI/23/1610,KEG230043,Kegalle,Galigamuwa,2022-12-30,Kurunegoda,63B,"කුරුණෑගොඩ, කොටියාකුඹුර","ඩී60/2/ඒ, බුළුමුල්වතැන්න, කුරුණෑගොඩ, කොටියාකුඹුර",ගලිගමුව සිට අවිස්සාවේල්ල මාර්ගයේ කොටියාකුඹුර ට පැමිණ ලුණුපැලිකන්ද මාර්ගයේ ගමන් කල විට අදාල නි,2023-02-15 00:00:00,0001-01-01,,,,,,7.1357,80.2936
Rock Fall,RF,NBRO/LRRMD-KEG/KEG/MAWANE/LI/23/0026,KEG230065,Kegalle,Mawanella,2023-01-05,Warakapana,26A,"අයි/11/1, දිදුලවත්ත පහළ කොටස, හිඟුල",,,2022-12-31 00:00:00,2022-12-25 00:00:00,08:30,,,,,7.25093,80.50367
Rock Fall,RF,NBRO/LRRMD-KEG/KEG/RAMBUK/LI/23/0047,KEG230108,Kegalle,Rambukkana,2023-01-18,Dunukewala,11B,"අරග්ගල, දුණුකේවල, හිරිවඩුන්න","අරග්ගල, දුණුකේවල, හිරිවඩුන්න",,2023-04-21 00:00:00,0001-01-01,,,,,,7.2988,80.35237
Rock Fall,RF,NBRO/LRRMD-KEG/KEG/KEGALL/LI/23/0054,KEG230120,Kegalle,Kegalle,2023-01-24,Nilmalgoda,50A,"නන්දන වත්ත, නිල්මල්ගොඩ, කෑගල්ල","නන්දන වත්ත, නිල්මල්ගොඩ, කෑගල්ල",,2023-01-27 00:00:00,0001-01-01,,,,,,7.24573,80.36107
Rock Fall,RF,NBRO/LRRMD-KEG/KEG/DEHIOV/LI/23/0073,KEG230173,Kegalle,Dehiovita,2023-02-09,Madagammana,122B,"මඩගම්මන, ඉහළ තලපිටිය-මැදිකැලේ මාර්ගයට ආසන්නව","මඩගම්මන, ඉහළ තලපිටිය-මැදිකැලේ මාර්ගයට ආසන්නව",,2023-03-28 00:00:00,0001-01-01,,,,,,6.8815002,80.2828617
Rock Fall,RF,NBRO/LRRMD-KEG/KEG/KEGALL/LI/23/0105,KEG230258,Kegalle,Kegalle,2023-03-20,Meepitiya,51G,"අංක 37, කුරුඳුහින්න, කෑගල්ල","අංක 37, කුරුඳුහින්න, කෑගල්ල",-,2023-03-17 00:00:00,2023-03-16 00:00:00,15:30,වර්ෂාපතනය හා සුළග,,,,7.262345,80.355138
Rock Fall,RF,NBRO/LRRMD-KEG/KEG/KEGALL/LI/23/0115,KEG230289,Kegalle,Kegalle,2023-03-28,Wewaladeniya,51D,හබුදුගල,"හබුදුගල, කෑගල්ල",,2023-03-21 00:00:00,0001-01-01,,,,,,7.256233,80.332643
Rock Fall,RF,NBRO/LRRMD-KEG/KEG/RUWANW/LI/23/0118,KEG230294,Kegalle,Ruwanwella,2023-02-06,Mahalla,104B,"1 කණුව, නව ගම්මානය, රුවන්වැල්ල","1 කණුව, නව ගම්මානය, රුවන්වැල්ල",,2023-02-06 00:00:00,0001-01-01,,,,,,7.04143,80.24316
Rock Fall,RF,NBRO/LRRMD-KEG/KEG/BULATK/LI/23/0125,KEG230310,Kegalle,Bulathkohupitiya,2023-03-03,Kendawa,128A,"තුම්බාගේ ජනපදය, උඩපොත","තුම්බාගේ ජනපදය, උඩපොත",,2023-03-17 00:00:00,0001-01-01,,,,,,7.1614,80.3496
Rock Fall,RF,NBRO/LRRMD-KEG/KEG/RUWANW/LI/23/0138,KEG230329,Kegalle,Ruwanwella,2023-04-17,Imbulana,100,කඩදර,"බී.49/2, කඩදර, ඉඹුලාන","කෑගල්ල නගරයේ සිට කොළඹ - මහනුවර (A01) මාර්ගයෙන් ගලිගමුවටත්, ගලිගමුව සිට ගලිගමුව - වරාවල මාර්ගයෙන් (B127)",2023-08-10 00:00:00,2023-04-03 00:00:00,,අධික වර්ෂාව,,,,7.070831,80.248652
Rock Fall,RF,NBRO/LRRMD-KEG/KEG/DERANI/LI/23/0142,KEG230335,Kegalle,Deraniyagala,2023-04-17,Deraniyagala South,114E,"කජුගස්වත්ත, දැරණියගල දකුණ","කජුගස්වත්ත, දැරණියගල දකුණ",,2023-04-18 00:00:00,2023-04-11 00:00:00,,,,,,6.914921,80.33458
Rock Fall,RF,NBRO/LRRMD-KEG/KEG/WARAKA/LI/23/0150,KEG230347,Kegalle,Warakapola,2023-04-25,Hallawa,93A,"හල්ලව ජනපදය, නියදුරුපොල",-,-,2023-04-05 00:00:00,2023-04-01 00:00:00,20:30,-,,,,7.157842,80.222037
Rock Fall,RF,NBRO/LRRMD-KEG/KEG/BULATK/LI/23/0178,KEG230384,Kegalle,Bulathkohupitiya,2023-05-08,Dedugala,131C,"ගඟවැරලිය, බුලත්කොහුපිටිය","ගඟවැරලිය, බුලත්කොහුපිටිය",බුලත්කොහොපිටිය සිට දේදුගල මාර්ගයේ කි.මි 15ක් පමන ගමන් කල විට ගගවැරලිය ප්‍රදේශයේ කැකුලපනේ මාර්ගය,2023-05-10 00:00:00,0001-01-01,,බෑවුම ඉහල මව් පාෂාණයේ භෞතික ජීර්ණයෙන් වෙන්වූ පාෂාණ කොටස් පහලට පෙරලීමේ අවධානම,,,,7.0967,80.4101
Rock Fall,RF,NBRO/LRRMD-KEG/KEG/YATIYN/LI/23/0181,KEG230390,Kegalle,Yatiyanthota,2023-05-10,Polpitiya,135B,ගම්මැද්ද,"ලේදිගම්මන පාර, පොල්පිටිය, වැලිහෙලතැන්න","කෑගල්ල නගරයේ සිට කොළඹ- මහනුවර (A01) මාර්ගයෙන් ගලිගමුවටත්, ගලිගමුව සිට වරාවල (B127) මාර්ගයෙන් වරාවලටත්,",2023-04-25 00:00:00,0001-01-01,,,,,,7.031849,80.349803
Rock Fall,RF,NBRO/LRRMD-KEG/KEG/KEGALL/LI/23/0194,KEG230403,Kegalle,Kegalle,2023-05-15,Golahela,51E,බණ්ඩාරනායක මාවත,"26 ඒ, බණ්ඩාරනායක මාවත, කෑගල්ල",කෑගල්ල නගරයේ සිට බණ්ඩාරනායක මාවතේ මීර 100ක් පමණ ගිය පසු දකුණු පසින් මෙම ස්ථානය වේ.,2023-05-07 00:00:00,2023-05-07 00:00:00,09:30,අධ්ක වර්ෂාව,,,,7.252705,80.354375
Rock Fall,RF,NBRO/LRRMD-KEG/KEG/WARAKA/LI/23/0195,KEG230404,Kegalle,Warakapola,2023-05-15,Ambepussa,83A,"දේවාලේ පාර,  අඹේපුස්ස, වරකාපොල","දේවාලපාර, අඹේපුස්ස",කෑගල්ල නගරයේ සිට කොළඹ නුවර මාර්ගයේ ගමන් කිරීමෙන් හමුවන අඹේපුස්ස හංදියෙන් දකුණට හැරී  දේවාල මාර,2023-05-19 00:00:00,2023-05-06 00:00:00,,,,,,7.24032,80.20348
Rock Fall,RF,NBRO/LRRMD-KEG/KEG/RAMBUK/LI/23/0198,KEG230407,Kegalle,Rambukkana,2023-05-15,Udugama Gondewala,21B,"ඊ 26/2, උඩුගම, පත්තම්පිටිය","ඊ 26/2, උඩුගම, පත්තම්පිටිය",,2023-04-25 00:00:00,0001-01-01,,,,,,7.32509,80.41618
Rock Fall,RF,NBRO/LRRMD-KEG/KEG/BULATK/LI/23/0200,KEG230409,Kegalle,Bulathkohupitiya,2023-05-17,Dedugala,131C,"ගඟවැරලිය, දේදුගල","ගඟවැරලිය, දේදුගල",,2023-05-14 00:00:00,0001-01-01,,eroision,,,,7.10022,80.40605
Rock Fall,RF,NBRO/LRRMD-KEG/KEG/YATIYN/LI/23/0223,KEG230450,Kegalle,Yatiyanthota,2023-05-29,Gonagamuwa,133,"කෑ/දෙහි / ගෝනගමුව කණිෂ්ඨ විද්‍යාලය, ගෝනගමුව",,,2023-04-26 00:00:00,0001-01-01,,,,,,7.008605,80.38293
Rock Fall,RF,NBRO/LRRMD-KEG/KEG/DERANI/LI/23/0228,KEG230463,Kegalle,Deraniyagala,2023-05-04,Anhettigama,111A,"පනාකූර, අංහෙට්ටිගම","පනාකූර, අංහෙට්ටිගම",,2023-05-08 00:00:00,0001-01-01,,,,,,6.921612,80.384094
Rock Fall,RF,NBRO/LRRMD-KEG/KEG/RAMBUK/LI/23/0256,KEG230509,Kegalle,Rambukkana,2023-06-09,Kumbaloluwa,13C,"ගොරොක්ගහකැලේ, පුවක්දෙණිය, මොලගොඩ","ගොරොක්ගහකැලේ, පුවක්දෙණිය, මොලගොඩ",කෑගල්ල නගරයේ සිට කොළඹ- මහනුවර මාර්ගයේ(A1) මහනුවර දෙසට කිලෝමීටර් 4ක් පමණ ගමන් කර කරඬුපන මංසංධිය වෙත,2023-06-09 00:00:00,0001-01-01,,,,,,7.2647533,80.38245
Rock Fall,RF,NBRO/LRRMD-KEG/KEG/WARAKA/LI/23/0266,KEG230527,Kegalle,Warakapola,2023-06-14,Mahena,83B,"සී/101/ඒ, රිදියපාන, මාහේන, වරකාපොල","සී/101/ඒ, රිදියපාන, මාහේන, වරකාපොල",,2023-08-24 00:00:00,0001-01-01,,,,,,7.23074,80.21252
Rock Fall,RF,NBRO/LRRMD-KEG/KEG/DERANI/LI/23/0310,KEG230583,Kegalle,Deraniyagala,2023-06-21,Rasnakkanda,114B,"කන්දෙවත්ත, රස්නක්කන්ද, දැරණියගල","කන්දෙවත්ත, රස්නක්කන්ද, දැරණියගල",,2023-06-15 00:00:00,2023-06-12 00:00:00,,,,,,6.92041,80.32618
Rock Fall,RF,NBRO/LRRMD-KEG/KEG/YATIYN/LI/23/0347,KEG230652,Kegalle,Yatiyanthota,2023-07-12,Theligama,133A,ගනේපල්ල වත්ත,"ක්ෂේත්‍ර නිලධාරි නිල නිවස, පහළ කොටස, ගනේපල්ල, තැලිගම","කෑගල්ල නගරයේ සිට කොළඹ- මහනුවර (A01) මාර්ගයෙන් ගලිගමුවටත්, ගලිගමුව සිට වරාවල (B127) මාර්ගයෙන් වරාවලටත්,",2023-07-12 00:00:00,2023-07-07 00:00:00,,,,,,7.00389,80.364473
Rock Fall,RF,NBRO/LRRMD-KEG/KEG/DERANI/LI/23/0353,KEG230662,Kegalle,Deraniyagala,2023-07-17,Udabage,111,"ජනහිතගම, දැරණියගල","ජනහිතගම, දැරණියගල",කෑගල්ල නගරයේ සිට කොළඹ- මහනුවර මාර්ගයේ(A1) කිලෝමීටර් 6ක් ගලිගමුව නගරය තෙක් ගමන් කොට ගලිගමුව නගරයේ ස,2023-06-27 00:00:00,0001-01-01,,,,,,6.95834,80.36368
Rock Fall,RF,NBRO/LRRMD-KEG/KEG/DERANI/LI/23/0373,KEG230725,Kegalle,Deraniyagala,2023-07-31,Pandaha,112B,පන්දාහ,පනාකූර තලාව මාර්ගය,කෑගල්ල නගරයේ සිට දැරණියගල නගරයට ගමන්කර නූරිය මාර්ගයේ ගමන්කිරීමෙන් හමුවන පනාකූර හංදියෙන් හැරී,2023-07-26 00:00:00,2023-07-25 00:00:00,13:00,,,,,6.91232,80.39903
Rock Fall,RF,NBRO/LRRMD-KEG/KEG/WARAKA/LI/23/0380,KEG230743,Kegalle,Warakapola,2023-08-11,Uduwaka,97,"කුඩුම්බිකන්ද, බෝපිටිය(සබර), උඩුවක, අල්ගම","කුඩුම්බිකන්ද, බෝපිටිය(සබර), උඩුවක, අල්ගම",කෑගල්ල නගරයේ සිට කොළඹ නුවර මාර්ගයේ කොළඹ දෙසට ගමන් කිරීමෙන් හමුවන දුම්මලදෙනිය හංදියෙන් හැරී උඩු,2023-08-09 00:00:00,0001-01-01,,,,,,7.156175,80.18726
Rock Fall,RF,NBRO/LRRMD-KEG/KEG/MAWANE/LI/23/0391,KEG230769,Kegalle,Mawanella,2023-08-16,Randiwala,24,රන්දිවෙල යටියැව ඇළ මාර්ගය අවහිර වීම හා ගල ඉවත් කිරීම,රන්දිවෙල යටියැව ඇළ මාර්ග,,2023-07-06 00:00:00,0001-01-01,,දිගු කාලීන ඉවුරු ඛාදනය,,,,7.2591,80.4678
Rock Fall,RF,NBRO/LRRMD-KEG/KEG/GALIGA/LI/23/0412,KEG230831,Kegalle,Galigamuwa,2023-09-08,Makuddala,73,හැලමඩ,"ඊරියමචිත්ත, හැලමඩ",,2023-10-11 00:00:00,0001-01-01,,අවිධිමත් ඉදිකිරීම් සහ දුර්වල පෘෂ්ඨීය ජල වහනය,,,,7.2951,80.3008
Rock Fall,RF,NBRO/LRRMD-KEG/KEG/RUWANW/LI/23/0415,KEG230834,Kegalle,Ruwanwella,2023-09-08,Morathota,101B,"ඩී/52/1, වැද්දාවල, රුවන්වැල්ල","ඩී 52/1, වැද්දාවල, වහරක",කෑගල්ල නගරයේ සිට අගුරුවැල්ල නගරයට පැමිණ වරකාපොල මාර්ගයේ ගමන්කිරීමෙන් හමුවන ඉඹුලාන හංදියෙන් හ,2023-10-17 00:00:00,2023-09-08 00:00:00,,,,,,7.08233,80.21569
Rock Fall,RF,NBRO/LRRMD-KEG/KEG/KEGALL/LI/23/0430,KEG230862,Kegalle,Kegalle,2023-09-20,Kolongalla,14D,"ඒ / 28, රන්දෙණිය, හිරිවඩුන්න","ඒ / 28, රන්දෙණිය, හිරිවඩුන්න","කෑගල්ලේ සිට, කොලඹ-නුවර මාර්ගයේ නුවර දෙසට කිලෝමීටර 4ක් පමණ කරඬුපන හන්දියට පැමිණ, එතැන්සිට, වම්පසට",2023-11-03 00:00:00,0001-01-01,,අධික වර්ෂාපතනය,0,0,0,7.281166,80.381441
Rock Fall,RF,NBRO/LRRMD-KEG/KEG/YATIYN/LI/23/0445,KEG230886,Kegalle,Yatiyanthota,2023-09-26,Pelellegama,115F,තම්බිගේ වත්ත,"පැලැල්ලේගම, හක්බෙල්ලාවක","කෑගල්ල නගරයේ සිට කොළඹ- මහනුවර (A01) මාර්ගයෙන් ගලිගමුවටත්, ගලිගමුව සිට වරාවල (B127) මාර්ගයෙන් වරාවලටත්,",2023-09-21 00:00:00,0001-01-01,,,,,,7.000706,80.318295
Rock Fall,RF,NBRO/LRRMD-KEG/KEG/RAMBUK/LI/23/0458,KEG230910,Kegalle,Rambukkana,2023-10-04,Ambuwangala,75B,අඹුවන්ගල්ල,"අඹුවන්ගල්ල, ඉඹුල්ගස්දෙණිය",,2023-10-17 00:00:00,0001-01-01,,අවිධිමත් භූමි පරිහරනය,,,,7.314,80.3266
Rock Fall,RF,NBRO/LRRMD-KEG/KEG/KEGALL/LI/23/0460,KEG230912,Kegalle,Kegalle,2023-10-04,Ekiriyagala,50,"ඇකිරියගල මුදලින්දාරාම විහාරස්ථානය, ඇකිරියගල","ඇකිරියගල මුදලින්දාරාම විහාරස්ථානය, ඇකිරියගල",,2023-09-30 00:00:00,2023-09-29 00:00:00,12:30,,,,,7.2374,80.362181
Rock Fall,RF,NBRO/LRRMD-KEG/KEG/MAWANE/LI/23/0476,KEG230933,Kegalle,Mawanella,2023-09-27,Dunugama Maliyadda,24B,මාකෙහෙල්වල,"ඒ / 35-2, පිටකොටුව මාලියද්ද, මාකෙහෙල්වල",,0001-01-01,0001-01-01,,භූ විද්‍යාත්මකව අස්ථාවර ප්‍රදේශ වල ඉදිකිරීම් සිදුකිරීම,,,,7.2755,80.4725
Rock Fall,RF,NBRO/LRRMD-KEG/KEG/YATIYN/LI/23/0494,KEG230954,Kegalle,Yatiyanthota,2023-10-16,Theligama,133A,"ජයතුකන්ද, තැලිගම",,,2023-09-06 00:00:00,2023-09-04 00:00:00,19:30,,,,,7.000955,80.378103
Rock Fall,RF,NBRO/LRRMD-KEG/KEG/ARANAY/LI/23/0504,KEG230975,Kegalle,Aranayaka,2023-10-19,Hathgampala,47,හත්ගම්පල,"හත්ගම්පල, අරණායක.","කෑගල්ල නගරයේ සිට කොළඹ - මහනුවර (A01) මාර්ගයෙන් මාවනැල්ලටත්, මාවනැල්ල සිට මාවනැල්ල- අරණායක මාර්ගයෙන",2023-10-31 00:00:00,2023-10-14 00:00:00,21:00,අධික වර්ෂාව,2.75,45.25,55.5,7.177293,80.434154
Rock Fall,RF,NBRO/LRRMD-KEG/KEG/GALIGA/LI/23/0519,KEG230997,Kegalle,Galigamuwa,2023-10-26,Edurapotha East,74B,ස්ථාල හන්දිය,"අංක ඒ/27/ඩී, ස්ථාල හන්දිය, ඇඳුරාපොත, දේවාලේගම",කොළඹ - මහනුවර (A01) මාර්ගයෙන් රංවල මං සන්ධියට පිවිසිය හැක. රංවල මං සන්ධියේ සිට කෑගල්ල- පොලිගහවෙල (A19) ම,2023-11-08 00:00:00,2023-10-22 00:00:00,16:00,අධික වර්ෂාව,,,,7.275633,80.326878
Rock Fall,RF,NBRO/LRRMD-KEG/KEG/DERANI/LI/23/0524,KEG231003,Kegalle,Deraniyagala,2023-10-27,Panakoora,112D,"පනාකූර, අංහෙට්ටිගම","පනාකූර, අංහෙට්ටිගම",,2023-11-01 00:00:00,2023-03-06 00:00:00,03:00,,,,,6.921138,80.383945
Rock Fall,RF,NBRO/LRRMD-KEG/KEG/ARANAY/LI/23/0546,KEG231026,Kegalle,Aranayaka,2023-10-20,Hathgampala,47,හත්ගම්පල බටහිර,"ඊ/9, හත්ගම්පල, අරණායක","කෑගල්ල නගරයේ සිට කොළඹ - මහනුවර (A01) මාර්ගයෙන් මාවනැල්ලටත්, මාවනැල්ල සිට මාවනැල්ල- අරණායක මාර්ගයෙන",2023-10-31 00:00:00,0001-01-01,,,,,,7.176477,80.433194
Rock Fall,RF,NBRO/LRRMD-KEG/KEG/WARAKA/LI/23/0669,KEG231167,Kegalle,Warakapola,2023-11-15,Warakapola,92A,වරකාපොල,"එච් 803/ඒ, කෙලින් වීදිය, වරකාපොල",කෑගල්ල නගරයේ සිට කොළඹ- මහනුවර (A01) මාර්ගයේ කි. මී.  23ක් පමණ කොළඹ දෙසට ගිය දකුණු පසින් පරීක්ෂා කල ප්‍රද,2023-11-15 00:00:00,0001-01-01,,අධීක වර්ෂාව,,,,7.232606,80.204344
Rock Fall,RF,NBRO/LRRMD-KEG/KEG/WARAKA/LI/23/0756,KEG231273,Kegalle,Warakapola,2023-11-17,Thambugala,96A,තාඹුගල,"ඒ 91, තාඹුගල, දංඕවිට",කෑගල්ල නගරයේ සිට කොළඹ- මහනුවර (A01) මාර්ගයේ කි. මී.  27 ක් පමණ කොළඹ දෙසට ගිය පසු හමුවන හොරගස්මංකඩ මං සංධ,2023-11-15 00:00:00,0001-01-01,,,,,,7.176972,80.170909
Rock Fall,RF,NBRO/LRRMD-KEG/KEG/YATIYN/LI/23/0773,KEG231290,Kegalle,Yatiyanthota,2023-11-17,Garagoda Ihala,115D,"ඒ/323//1සී, කබරගල ජනපදය, ගරාගොඩ, යටියන්තොට","ඒ/323//1සී, කබරගල ජනපදය, ගරාගොඩ, යටියන්තොට",,2024-01-17 00:00:00,0001-01-01,,,,,,7.01381,80.298266
Rock Fall,RF,NBRO/LRRMD-KEG/KEG/BULATK/LI/23/0805,KEG231322,Kegalle,Bulathkohupitiya,2023-11-24,Dedugala,131C,"රෝහල පාර, දේදුගල","පරණ රෝහල පාර,දේදුගල",,2023-11-22 00:00:00,2023-11-19 00:00:00,,දුර්වල පෘෂ්ඨීය ජල වහනය සහ භූ විද්‍යාත්මක පිහිටීම්,,,,7.0977,80.401
Rock Fall,RF,NBRO/LRRMD-KEG/KEG/YATIYN/LI/23/1049,KEG231596,Kegalle,Yatiyanthota,2023-12-13,Kirikohuthenna,134I,වටගල පාර,"වටගල පාර, කිරිකොහුතැන්න, කිතුල්ගල","කෑගල්ල නගරයේ සිට කොළඹ- මහනුවර (A01) මාර්ගයෙන් ගලිගමුවටත්, ගලිගමුව සිට වරාවල (B127) මාර්ගයෙන් වරාවලටත්,",2024-01-05 00:00:00,0001-01-01,,සිදු වී නොමැත,,,,7.019847,80.402288
Rock Fall,RF,NBRO/LRRMD-KEG/KEG/ARANAY/LI/23/1221,KEG231779,Kegalle,Aranayaka,2023-11-23,Podape,43D,වෙලන්ගහවත්ත,"වෙලන්ගහවත්ත, අරණායක","කෑගල්ල නගරයේ සිට කොළඹ - මහනුවර (A01) මාර්ගයෙන් මාවනැල්ලටත්, මාවනැල්ල සිට මාවනැල්ල- අරණායක මාර්ගයෙන",2024-09-10 00:00:00,2023-11-20 00:00:00,12:00,අධික වර්ෂාව,,50.75,131,7.138575,80.463823
Rock Fall,RF,NBRO/LRRMD-KEG/KEG/YATIYN/LI/23/1226,KEG231784,Kegalle,Yatiyanthota,2023-10-09,Dombepola,132,"ඩී 107/02, දොඹේපොල, මලල්පොල",,,2023-11-30 00:00:00,0001-01-01,,,,,,7.070402,80.37964
Rock Fall,RF,NBRO/LRRMD-KEG/KEG/ARANAY/LI/23/1236,KEG231794,Kegalle,Aranayaka,2023-12-27,Kandamulla,16E,"මහත්තල, කන්දමුල්ල, දීවෙල පල්ලේගම, දීවෙල උඩගම","මහත්තල, කන්දමුල්ල, දීවෙල පල්ලේගම, දීවෙල උඩගම",කෑගල්ල නගරයේ සිට බුලත්කොහුපිටිය මාර්ගයේ ගමන්කිරීමේදී හමුවන ගම්සභා හංදියෙන් හැරී උස්සාපිටිය ම,2024-09-19 00:00:00,0001-01-01,,,,,,7.208356,80.390225
Rock Fall,RF,NBRO/LRRMD-KEG/KEG/ARANAY/LI/23/1247,KEG231805,Kegalle,Aranayaka,2023-12-20,Deiyanwala,41E,උදයපුර,"දෙයියන්වල, අරණායක","කෑගල්ල නගරයේ සිට කොළඹ - මහනුවර (A01) මාර්ගයෙන් මාවනැල්ලටත්, මාවනැල්ල සිට මාවනැල්ල- අරණායක මාර්ගයෙන",2023-11-18 00:00:00,0001-01-01,,,,,,7.126197,80.465121
Rock Fall,RF,NBRO/LRRMD-KEG/KEG/GALIGA/LI/23/1262,KEG231821,Kegalle,Galigamuwa,2023-12-07,Galigamuwa,69B,ගලිගමුව රිදීතොටුව මාර්ගය,"ඉමේහේන, රිදීකොටුව මාර්ගය, ගලිගමුව",කෑගල්ලේ සිට ගලිගමුවට ගොස් දකුණට හැරී රිදීකොටුව මාර්ගයේ කිලෝමීටර 2ක් පමණ ගිය පසු අදාල ස්ථානය හමු,2025-04-25 00:00:00,0001-01-01,,අධීක වර්ෂාපතනය,,,,7.2508729,80.3055823
Rock Fall,RF,NBRO/LRRMD-KEG/KEG/GALIGA/LI/23/1264,KEG231823,Kegalle,Galigamuwa,2023-11-17,Boyagoda,65B,"දික්හේන ජනපදය, බෝයගොඩ, අටාල","දික්හේන ජනපදය, බෝයගොඩ, අටාල",කෑගල්ල සිට ගලිගමුව පසු කර අවිස්සාවේල්ල මාර්ගයේ ගොස් බෝයගොඩ මාර්ගයට හැරී දික්හේන ජනපදය ප්‍රදේශ,2025-04-25 00:00:00,0001-01-01,,අධික වර්ෂාපතනය,,,,7.1761915,80.2780521
Rock Fall,RF,NBRO/LRRMD-KEG/KEG/DEHIOV/LI/24/0105,KEG240153,Kegalle,Dehiovita,2024-01-31,Uduvila,118C,"අංක 344/ඒ/02, උඩුවිල, අවිස්සාවේල්ල.",,,2024-06-11 00:00:00,0001-01-01,,,,,,6.97404,80.229952
Rock Fall,RF,NBRO/LRRMD-KEG/KEG/MAWANE/LI/24/0182,KEG240282,Kegalle,Mawanella,2024-02-06,Mawela,25D,පහළ කඩුගන්නාව,මාවෙල වලගම්බා විහාරය.,අදාළ ස්ථානයට ළඟා වෙන ආකාරය: කොළඹ - මහනුවර (A01) මාර්ගයෙන් පහළ කඩුගන්නාවට පිවිසිය හැක.  දකුණු පසින් වූ,2024-05-30 00:00:00,0001-01-01,,,,,,7.251931,80.499739
Rock Fall,RF,NBRO/LRRMD-KEG/KEG/BULATK/LI/24/0191,KEG240311,Kegalle,Bulathkohupitiya,2024-03-06,Kendawa,128A,රවන්මිදෙල්ලහේන,රවන්මිදෙල්ලහේන,කෑගල්ල නගරයේ සිට කෑගල්ල- බුලත්කොහුපිටිය- කරවනැල්ල (A21) මාර්ගයෙන් බුලත්කොහුපිටිය නගරයට පිවිස එතැ,2023-11-06 00:00:00,0001-01-01,,,,,,7.100077,80.345305
Rock Fall,RF,NBRO/LRRMD-KEG/KEG/WARAKA/LI/24/0201,KEG240337,Kegalle,Warakapola,2024-03-22,Warakapola,92A,"අංක 37/9, ඉදල්නාවත්ත, දුම්රියපොල පාර, වරකාපොල.",,,2024-04-30 00:00:00,0001-01-01,,,,,,7.22956,80.196276
Rock Fall,RF,NBRO/LRRMD-KEG/KEG/DEHIOV/LI/24/0219,KEG240359,Kegalle,Dehiovita,2024-04-01,Boralankada,115B,"සපුමල් ජනපදය, බොරලංකඩ.",,,2024-03-19 00:00:00,0001-01-01,,,,,,6.963553,80.32609
Rock Fall,RF,NBRO/LRRMD-KEG/KEG/ARANAY/LI/24/0238,KEG240389,Kegalle,Aranayaka,2024-04-22,Arama,41,"උඩගම්මැද්ද, අරම, අරණායක","උඩගම්මැද්ද, අරම, අරණායක",,2024-04-18 00:00:00,2024-04-18 00:00:00,06:30,,,,,7.13418,80.4771
Rock Fall,RF,NBRO/LRRMD-KEG/KEG/YATIYN/LI/24/0265,KEG240442,Kegalle,Yatiyanthota,2024-05-08,Seepoth,131E,"සී / 93/ 2 , සීපෝත් , යටියන්තොට.","සී / 93/ 2 , සීපෝත් , යටියන්තොට",,2023-10-29 00:00:00,0001-01-01,,,,,,7.064014,80.432174
Rock Fall,RF,NBRO/LRRMD-KEG/KEG/YATIYN/LI/24/0307,KEG240536,Kegalle,Yatiyanthota,2024-06-03,Neluwathukanda,133B,"එච් 148/1 , තල්ගොල්ල , යටියන්තොට.",,,2024-01-17 00:00:00,2023-11-17 00:00:00,,,,,,7.03998,80.362541
Rock Fall,RF,NBRO/LRRMD-KEG/KEG/MAWANE/LI/24/0331,KEG240563,Kegalle,Mawanella,2024-05-27,Ganethenna,25A,කොළඹ මහනුවර ප්‍රධාන මාර්ගයේ (A 001) කී.මී.98 ආසන්නව පිහිටි ඉහල බෑවුම,Pahala Kadugannawa,,0001-01-01,2024-05-23 00:00:00,04:00,Fallen down of huge tree due to Wind and Rain.,0,23.5,47.5,7.25315,80.505988
Rock Fall,RF,NBRO/LRRMD-KEG/KEG/MAWANE/LI/24/0332,KEG240570,Kegalle,Mawanella,2024-06-12,Ganethenna,25A,කඩුගන්නාව 98 කණුව ස්ථානය,,,2024-06-12 00:00:00,0001-01-01,,,,,,7.253237,80.506423
Rock Fall,RF,NBRO/LRRMD-KEG/KEG/BULATK/LI/24/0347,KEG240606,Kegalle,Bulathkohupitiya,2024-06-18,Uduwa,130,"ඉහළ උඩුව,දේදුගල.","ඉහළ උඩුව,දේදුගල.",කෑගල්ල නගරයේ සිට බුලත්කොහුපිටිය නගරයට ගමන්කර දේදුගල මාර්ගයේ ගමන්කිරීමෙන් හමුවන උඩුව හංදියෙන්,2024-06-24 00:00:00,0001-01-01,,,,,,7.11663,80.39648
Rock Fall,RF,NBRO/LRRMD-KEG/KEG/YATIYN/LI/24/0370,KEG240636,Kegalle,Yatiyanthota,2024-06-12,Dunukedeniya,134E,දුණුකේදෙණිය,"එෆ් 56, දුණුකේදෙණිය, කිතුල්ගල","කෑගල්ල නගරයේ සිට කොළඹ- මහනුවර (A01) මාර්ගයෙන් ගලිගමුවටත්, ගලිගමුව සිට වරාවල (B127) මාර්ගයෙන් වරාවලටත්,",2024-06-12 00:00:00,0001-01-01,,,,,,7.026593,80.432639
Rock Fall,RF,NBRO/LRRMD-KEG/KEG/RUWANW/LI/24/0383,KEG240668,Kegalle,Ruwanwella,2024-06-12,Mahalla,104B,මාහල්ල,"අංක 188/1, නවගම්මානය, රුවන්වැල්ල","කෑගල්ල නගරයේ සිට කොළඹ - මහනුවර (A01) මාර්ගයෙන් ගලිගමුවටත්, ගලිගමුව සිට ගලිගමුව - වරාවල මාර්ගයෙන් (B127)",2024-06-06 00:00:00,2024-06-03 00:00:00,17:00,අධික වර්ෂාව,0,0.2,3,7.042803,80.243215
Rock Fall,RF,NBRO/LRRMD-KEG/KEG/RUWANW/LI/24/0384,KEG240669,Kegalle,Ruwanwella,2024-06-07,Mahalla,104B,වලව්වත්ත,"මාහල්ල, වහකුල, රුවන්වැල්ල.","කෑගල්ල නගරයේ සිට කොළඹ - මහනුවර (A01) මාර්ගයෙන් ගලිගමුවටත්, ගලිගමුව සිට ගලිගමුව - වරාවල මාර්ගයෙන් (B127)",2024-06-06 00:00:00,2024-06-02 00:00:00,11:30,අධික වර්ෂාව,0,2.8,11,7.060117,80.227606
Rock Fall,RF,NBRO/LRRMD-KEG/KEG/DERANI/LI/24/0449,KEG240770,Kegalle,Deraniyagala,2024-07-26,Yatiwala,113B,"කෑ/දෙහි/යටිවල කණිෂ්ඨ විද්‍යාලය, යටිවල, දැරණියගල",,,2024-07-16 00:00:00,0001-01-01,,,,,,6.86147,80.39043
Rock Fall,RF,NBRO/LRRMD-KEG/KEG/RUWANW/LI/24/0499,KEG240849,Kegalle,Ruwanwella,2024-08-02,Mahalla,104B,"අයි 185, නව ගම්මානය, එකේ කණුව, රුවන්වැල්ල","අයි 185, නව ගම්මානය, එකේ කණුව, රුවන්වැල්ල","අයි 185, නව ගම්මානය, එකේ කණුව, රුවන්වැල්ල",0001-01-01,0001-01-01,,,,,,7.0409447,80.243507
Rock Fall,RF,NBRO/LRRMD-KEG/KEG/DEHIOV/LI/24/0544,KEG240923,Kegalle,Dehiovita,2024-09-04,Imbulpitiya,121,"ඉඹුල්පිටිය, දෙමැද",,,2024-09-04 00:00:00,0001-01-01,,,,,,6.85451,80.35291
Rock Fall,RF,NBRO/LRRMD-KEG/KEG/YATIYN/LI/24/0564,KEG240952,Kegalle,Yatiyanthota,2024-09-11,Kithulgala North,134,මඩමෝදර,"මඩමෝදර, කිතුල්ගල","කෑගල්ල නගරයේ සිට කොළඹ- මහනුවර (A01) මාර්ගයෙන් ගලිගමුවටත්, ගලිගමුව සිට වරාවල (B127) මාර්ගයෙන් වරාවලටත්,",2024-08-20 00:00:00,2024-08-17 00:00:00,,අධික වර්ෂාව,,,,6.998406,80.399148
Rock Fall,RF,NBRO/LRRMD-KEG/KEG/ARANAY/LI/24/0569,KEG240969,Kegalle,Aranayaka,2024-09-18,Deiyanwala,41E,ලෙච්චිමලේ,"එච් 79, ලෙච්චිමලේ, අරණායක","කෑගල්ල නගරයේ සිට කොළඹ - මහනුවර (A01) මාර්ගයෙන් මාවනැල්ලටත්, මාවනැල්ල සිට මාවනැල්ල- අරණායක මාර්ගයෙන",2024-09-10 00:00:00,2024-05-23 00:00:00,23:30,අධික වර්ෂාව,0,53.25,105.25,7.128319,80.472189
Rock Fall,RF,NBRO/LRRMD-KEG/KEG/BULATK/LI/24/0571,KEG240971,Kegalle,Bulathkohupitiya,2024-09-19,Narangala,128C,"කෑ/දෙහි/ගඟසිරිකුමර කණිෂ්ඨ විද්‍යාලය, දෙනවකවත්ත, මලල්පොල",,,2024-09-14 00:00:00,2024-09-09 00:00:00,,අධික වර්ෂාපතනය,,,,7.07365,80.365975
Rock Fall,RF,NBRO/LRRMD-KEG/KEG/DERANI/LI/24/0606,KEG241075,Kegalle,Deraniyagala,2024-10-14,Pandaha,112B,හිඟුරංගල අසළ,දැරණියගල තලාව මාර්ගය,"කෑගල්ල නගරයේ සිට කොළඹ - මහනුවර (A01) මාර්ගයෙන් ගලිගමුවටත්, ගලිගමුව සිට ගලිගමුව - වරාවල මාර්ගයෙන් (B127)",2024-07-01 00:00:00,2024-05-22 00:00:00,,,,,,6.911267,80.399737
Rock Fall,RF,NBRO/LRRMD-KEG/KEG/WARAKA/LI/24/0616,KEG241102,Kegalle,Warakapola,2024-09-20,Welhella,89A,"එෆ් 19, වැල්හැල්ල, ගලපිටමඩ",,,2024-11-15 00:00:00,0001-01-01,,,,,,7.1237158,80.245646
Rock Fall,RF,NBRO/LRRMD-KEG/KEG/DEHIOV/LI/24/0632,KEG241123,Kegalle,Dehiovita,2024-10-24,Maniyangama,124,"ඒ 443/2, මානියංගම, රාජසිහගම, අවිස්සාවේල්ල",,,2024-10-12 00:00:00,0001-01-01,,poor devolopment,,,,6.94699,80.236666
Rock Fall,RF,NBRO/LRRMD-KEG/KEG/WARAKA/LI/24/0665,KEG241179,Kegalle,Warakapola,2024-10-23,Yaddehimulla,91D,ගල්අමුණ,"ගල්අමුණ, දොරවක",කෑගල්ල නගරයේ සිට කොළඹ නුවර මාර්ගයේ ගමන් කිරීමෙන් හමුවන නෙලුන්දෙනිය හංදියෙන් හැරී ගලපිටමඩ මාර්,2024-10-30 00:00:00,0001-01-01,,,,,,7.18533,80.23446
Rock Fall,RF,NBRO/LRRMD-KEG/KEG/KEGALL/LI/24/0671,KEG241208,Kegalle,Kegalle,2024-11-11,Higgoda,59A,"ජී 22, වහදිවෙල, ගංතුන",,,2024-11-10 00:00:00,0001-01-01,,poor land management,,,,7.147948,80.387908
Rock Fall,RF,NBRO/LRRMD-KEG/KEG/ARANAY/LI/24/0689,KEG241247,Kegalle,Aranayaka,2024-05-17,Rahala,41B,"රහල බටහිර, අරණායක","181,හල්ගහකොටුව,රහල-බටහිර,අරණායක",කෑගල්ලේ සිට අරණායකට ගොස් රහල මළුවේ විහාරයේ සිට කිලෝමීටර 1.1ක් පමණ ගිය පසු නිවස හමු වේ.,2025-03-11 00:00:00,0001-01-01,,,,,,7.137589,80.488469
Rock Fall,RF,NBRO/LRRMD-KEG/KEG/RUWANW/LI/24/0706,KEG241267,Kegalle,Ruwanwella,2024-11-21,Doranuwa,105B,ඉහළමුල්ල,"බී 298/2, ඉහළමුල්ල, දොරණුව","කෑගල්ල නගරයේ සිට කොළඹ - මහනුවර (A01) මාර්ගයෙන් ගලිගමුවටත්, ගලිගමුව සිට ගලිගමුව - වරාවල මාර්ගයෙන් (B127)",2024-11-07 00:00:00,0001-01-01,,,,,,7.055284,80.268563
Rock Fall,RF,NBRO/LRRMD-KEG/KEG/GALIGA/LI/24/0775,KEG241337,Kegalle,Galigamuwa,2024-11-01,Makuddala,73,"සී 22/1,ප තලගහවත්ත, පල්ලෙවෙල, හැලමඩ",,,2025-04-30 00:00:00,0001-01-01,,,,,,7.29662,80.289561
Rock Fall,RF,NBRO/LRRMD-KEG/KEG/BULATK/LI/24/0792,KEG241355,Kegalle,Bulathkohupitiya,2024-11-22,Dedugala,131C,"බී 588, ගගවෙරලිය 1.2 KM","බී 588, ගගවෙරලිය 1.2 KM",කෑගල්ල නගරයේ සිට කෑගල්ල- බුලත්කොහුපිටිය- කරවනැල්ල (A21) මාර්ගයෙන් බුලත්කොහුපිටිය නගරයට පිවිස එතැ,2024-11-05 00:00:00,2024-11-02 00:00:00,,,,,,7.096713,80.406162
Rock Fall,RF,NBRO/LRRMD-KEG/KEG/WARAKA/LI/24/0822,KEG241396,Kegalle,Warakapola,2024-11-22,Kodapaluwa,77B,"දෙණිය පාර, කෝදාපාලුව, අලව්ව",,,2024-11-20 00:00:00,2024-11-11 00:00:00,17:30,,,,,7.292857,80.248134
Rock Fall,RF,NBRO/LRRMD-KEG/KEG/KEGALL/LI/24/0823,KEG241397,Kegalle,Kegalle,2024-11-13,Minuwangamuwa,49B,"අංක 210/2, වෑත්තෑව, මිනුවන්ගමුව, හෙට්ටිමුල්ල",,,0001-01-01,0001-01-01,,,,,,7.2138007,80.3789756
Rock Fall,RF,NBRO/LRRMD-KEG/KEG/KEGALL/LI/24/0868,KEG241475,Kegalle,Kegalle,2024-10-23,Undugoda,56B,"නිල්ඔලුව, උදුගොඩ","නිල්ඔලුව, උදුගොඩ","නිල්ඔලුව, උදුගොඩ",2024-11-06 00:00:00,2024-11-05 00:00:00,,,,,,7.15089,80.373313
Rock Fall,RF,NBRO/LRRMD-KEG/KEG/YATIYN/LI/24/1040,KEG241669,Kegalle,Yatiyanthota,2024-07-22,Yatiyanthota,106,නවගම්මානය,"බී 96/3, නවගම්මානය, මහවිල, යටියන්තොට","කෑගල්ල නගරයේ සිට කොළඹ- මහනුවර (A01) මාර්ගයෙන් ගලිගමුවටත්, ගලිගමුව සිට වරාවල (B127) මාර්ගයෙන් වරාවලටත්,",2024-12-20 00:00:00,2024-07-27 00:00:00,,,,,,7.048278,80.301222
Rock Fall,RF,NBRO/LRRMD-KEG/KEG/YATIYN/LI/24/1059,KEG241688,Kegalle,Yatiyanthota,2024-12-05,Neluwathukanda,133B,හල්ගොල්ලවත්ත,"හල්ගොල්ලවත්ත, යටියන්තොට","කෑගල්ල නගරයේ සිට කොළඹ- මහනුවර (A01) මාර්ගයෙන් ගලිගමුවටත්, ගලිගමුව සිට වරාවල (B127) මාර්ගයෙන් වරාවලටත්,",2024-11-19 00:00:00,2024-11-18 00:00:00,19:30,අධික වර්ෂාව,,,,7.038617,80.361887
Rock Fall,RF,NBRO/LRRMD-KEG/KEG/ARANAY/LI/24/1121,KEG241796,Kegalle,Aranayaka,2024-12-16,Debathgama Pallebage,47A,"ඒ 34/3, දෙබත්ගම, පල්ලෙබාගේ","ඒ 34/3, දෙබත්ගම, පල්ලෙබාගේ",,2025-02-20 00:00:00,0001-01-01,,අදීක වර්ෂාව සමග සිදුවන අක්‍රමවත් පෘෂ්ඨීය ජල වහනය,,,,7.1659499,80.4373918
Rock Fall,RF,NBRO/LRRMD-KEG/KEG/RUWANW/LI/24/1203,KEG241878,Kegalle,Ruwanwella,2024-12-11,Wahakula,101C,"ඊ 40/03, දික්විල, වහකුල, රුවන්වැල්ල","ඊ 40/03, දික්විල, වහකුල, රුවන්වැල්ල",කෑගල්ලේ සිට රුවන්වැල්ලට ගොස් දකුණට හැරී නිට්ටඹුව මාර්ගයේ ගමන්කර වමට හැරී වහකුල මාර්ගයේ කිලෝමී,2025-04-02 00:00:00,2024-12-02 00:00:00,,අධික වර්ෂාපතනය,,,,7.0474635,80.209518
Rock Fall,RF,NBRO/LRRMD-KEG/KEG/KEGALL/LI/24/1207,KEG241882,Kegalle,Kegalle,2024-11-05,Undugoda,56B,"බී 1/2, මල්ගාලවත්ත, උදුගොඩ","මල්ගාලවත්ත, උදුගොඩ",කෑගල්ල බුලත්කොහුපිටිය මාර්ගයේ කිලෝමීටර 6ක් පමණ ගොස් පහළ බෝගල මාර්ගයේ ගොස් දකුණට හරවා ගංතුන මාර,2025-04-07 00:00:00,0001-01-01,,අධික වර්ෂාපතනය,,,,7.1342018,80.3865414
Rock Fall,RF,NBRO/LRRMD-KEG/KEG/YATIYN/LI/25/0027,KEG250132,Kegalle,Yatiyanthota,2025-01-31,Dombepola,132,දොඹේපොල,"ඩී 13/2, දොඹේපොල, මලල්පොල","2.1.අදාළ ස්ථානයට ළඟා වෙන ආකාරය: කොළඹ - මහනුවර (A01) මාර්ගයෙන් ගලිගමුවටත්, ගලිගමුව - වරාවල (B127) මාර්ගයෙන් ව",2024-11-29 00:00:00,0001-01-01,,අධික වර්ෂාව,,,,7.065424,80.374578
Rock Fall,RF,NBRO/LRRMD-KEG/KEG/DERANI/LI/25/0045,KEG250188,Kegalle,Deraniyagala,2025-03-05,Basnagala,111C,"එෆ් 489/1, බස්නාගල, නූරිය","එෆ් 489/1, බස්නාගල, නූරිය",කෑගල්ල නගරයේ සිට දැරණියගලට ගොස් දැරණියගල-නූරිය මාර්ගයේ කිලෝමීටර 12ක් පමණ ගිය පසු නිවස හමු වේ.,2025-02-13 00:00:00,0001-01-01,,,,,,6.931678,80.4036702
Rock Fall,RF,NBRO/LRRMD-KEG/KEG/WARAKA/LI/25/0064,KEG250251,Kegalle,Warakapola,2025-03-04,Bopitiya,94,"බෝපිටිය, වරකාපොල","ඒ48/2,බෝපිටිය,වරකාපොල",කෑගල්ල සිට වරකාපොල පසු ක්‍ර දුම්මලදෙනිය හන්දියට ගොස් වමට හැරී උඩුවක මාර්ගයේ නිවටුව පසුකර බෝපිට,2025-05-20 00:00:00,0001-01-01,,,,,,7.1745705,80.1996592
Rock Fall,RF,NBRO/LRRMD-KEG/KEG/DERANI/LI/25/0105,KEG250292,Kegalle,Deraniyagala,2025-03-19,Dodawatta,110D,පුංචි දොඩාවත්ත,"එච් 19, පුංචි දොඩාවත්ත, නූරිය","කෑගල්ල නගරයේ සිට කොළඹ - මහනුවර (A01) මාර්ගයෙන් ගලිගමුවටත්, ගලිගමුව සිට ගලිගමුව - වරාවල මාර්ගයෙන් (B127)",2024-10-14 00:00:00,2024-12-06 00:00:00,10:30,,,,,6.966066,80.398121
Rock Fall,RF,NBRO/LRRMD-KEG/KEG/RUWANW/LI/25/0135,KEG250348,Kegalle,Ruwanwella,2025-03-24,Morathota,101B,"ඩී 14, වැද්දාවල, වහරක","ඩී 14, වැද්දාවල, වහරක",කෑගල්ලේ සිට අගුරුවැල්ලට ගොස් දකුණට හැරී ගොස් ඉඹුලාන මංසන්ධියෙන් වමට හැරී කිලෝමීටර 7ක් පමණ ගිය ප,2025-04-02 00:00:00,0001-01-01,,කුස්තුර තලවල ශාක මුල් වර්ධනය,,,,7.087195,80.2159023
Rock Fall,RF,NBRO/LRRMD-KEG/KEG/RUWANW/LI/25/0138,KEG250366,Kegalle,Ruwanwella,2025-04-07,Daluwalana,101A,"ඩී 79/10/ඒ, දලුවලාන, වහරක","දලුවලාන, වහරක",කෑගල්ලේ සිට රුවන්වැල්ලට ගොස් දකුණට හැරී වහරක මාර්ගයේ කිලෝමීටර 7ක් පමණ ගොස්  දළුවාලන ප්‍රදේශයට ග,2025-04-02 00:00:00,0001-01-01,,අධික වර්ෂාපතනය,,,,7.0636955,80.200837
Rock Fall,RF,NBRO/LRRMD-KEG/KEG/DERANI/LI/25/0144,KEG250412,Kegalle,Deraniyagala,2025-04-17,Pandaha,112B,දැරණියගල - තලාව මාර්ගය,"පන්දාහ, තලාව, මාලිබඩ",කෑගල්ලේ සිට දැරණියගලට ගොස් දැරණියගල නගරය පසු කර කිලෝමීටර 10ක් පමණ ගිය පසු අදාල ස්ථානය හමුවේ.,2025-04-09 00:00:00,2025-04-08 00:00:00,11:30,අධික වර්ෂාපතනය,,,,6.9107747,80.400132
Rock Fall,RF,NBRO/LRRMD-KEG/KEG/RUWANW/LI/25/0165,KEG250466,Kegalle,Ruwanwella,2025-04-11,Dannoruwa,104C,දන්නෝරුව,"ඩී 56/ඒ, දන්නෝරුව, රුවන්වැල්ල",,2025-05-14 00:00:00,0001-01-01,,,,,,7.072275,80.23267
Rock Fall,RF,NBRO/LRRMD-KEG/KEG/YATIYN/LI/25/0170,KEG250471,Kegalle,Yatiyanthota,2025-05-05,Dombepola,132,"සී 53/5, පීල්ලහේන, මලල්පොල",,,2024-11-23 00:00:00,0001-01-01,,,,,,7.065477,80.369577
Rock Fall,RF,NBRO/LRRMD-KEG/KEG/RUWANW/LI/25/0220,KEG250603,Kegalle,Ruwanwella,2025-05-05,Kadigamuwa,99D,කඩිගමුව,"කජුකඩේ, ඉඹුල්ගොඩ, ගලපිටමඩ","කෑගල්ල නගරයේ සිට කොළඹ - මහනුවර (A01) මාර්ගයෙන් ගලිගමුවටත්, ගලිගමුව සිට ගලිගමුව - වරාවල මාර්ගයෙන් (B127)",2025-04-28 00:00:00,0001-01-01,,,,,,7.120926,80.237405
Rock Fall,RF,NBRO/LRRMD-KEG/KEG/WARAKA/LI/25/0231,KEG250644,Kegalle,Warakapola,2025-06-18,Thalliyadda,91C,"කැකුණකන්ද, තල්ලියද්ද, දොරවක",,,2025-06-16 00:00:00,2025-06-14 00:00:00,21:30,,,,,7.19232,80.215967
Rock Fall,RF,NBRO/LRRMD-KEG/KEG/KEGALL/LI/25/0236,KEG250657,Kegalle,Kegalle,2025-06-05,Kegalle Town,51B,"මහේස්ත්‍රාත් නිල නිවස, කෑගල්ල","මහේස්ත්‍රාත් නිල නිවස, කෑගල්ල",කෑගල්ල  නගරයේ සිට සියඹලාපිටිය මාර් යේ මීටර් 150 ක් පමණ ගිය පසු  වම්  පසින් මෙම ස්ථානයට ළඟා විය හැකිය.,2025-06-18 00:00:00,0001-01-01,,අදීක වර්ෂාවත් සමග සිදුවන අක්‍රමවත් පෘෂ්ඨීය ජල වහනය නිසා සිදුවන සෝදාපාළුව නිසා පාශාණ කුට්ටි මතු,,,,7.254142,80.3393923
Rock Fall,RF,NBRO/LRRMD-KEG/KEG/YATIYN/LI/25/0247,KEG250697,Kegalle,Yatiyanthota,2025-06-30,Ganepalla,135,"ඩී 73/9, ගනේපල්ල, තැලිගම","ඩී 73/9, ගනේපල්ල, තැලිගම",,2025-06-12 00:00:00,2025-06-04 00:00:00,15:30,,,,,7.009502,80.350512
Rock Fall,RF,NBRO/LRRMD-KEG/KEG/YATIYN/LI/25/0283,KEG250764,Kegalle,Yatiyanthota,2025-06-27,Ganepalla,135,"ඩී 299, ගනේපල්ල, තැලිගම","ඩී 299, ගනේපල්ල, තැලිගම",,2025-07-31 00:00:00,0001-01-01,,,,,,7.011265,80.36054
Rock Fall,RF,NBRO/LRRMD-KEG/KEG/KEGALL/LI/25/0291,KEG250772,Kegalle,Kegalle,2025-07-11,Ranwala,51A,"අංක 269, කෙලින් වීදිය, කෑගල්ල","අංක 269, කෙලින් වීදිය, කෑගල්ල",මහනුවර කොලඹ (A1) මහා මාර්ගයේ කෑගල්ල නගරයේ රන්වල හන්දියට ආසන්නව “අඹසෙවණ” හෝටලයට මීටර් 25 ක පමණ දුරකි,2025-06-30 00:00:00,2025-01-01 00:00:00,,අධික වර්ෂාපතනය,,,,7.251352,80.337069
Rock Fall,RF,NBRO/LRRMD-KEG/KEG/RUWANW/LI/25/0298,KEG250799,Kegalle,Ruwanwella,2025-07-16,Daluwalana,101A,"දළුවලාන, වහරක","ඩී 34, දළුවලාන, වහරක",කෑගල්ලේ සිට ගලිගමුව හරහා රුවන්වැල්ල නගරයට පිවිස නිට්ටඹුව මාර්ගයේ කිලෝමීටර 7ක් පමණ ගමන්කිරීමෙන,2025-07-15 00:00:00,2025-06-16 00:00:00,16:25,,,,,7.065963,80.200688
Rock Fall,RF,NBRO/LRRMD-KEG/KEG/ARANAY/LI/25/0304,KEG250851,Kegalle,Aranayaka,2025-07-29,Jambugasmada,58C,"ජම්බුගස්මඩ, අරණායක","ජම්බුගස්මඩ, අරණායක",කෑගල්ල නගරයේ සිට මාවනැල්ල නගරය හරහා අරණායකට ගමන්කර දෝතල් ඔය මාර්ගයේ හුලංකපොල්ල පසුකර කිලෝමීටර,2025-07-25 00:00:00,2025-07-25 00:00:00,,,,,,7.12142,80.43343
Rock Fall,RF,NBRO/LRRMD-KEG/KEG/MAWANE/LI/25/0337,KEG250990,Kegalle,Mawanella,2025-08-04,Hemmathagama,38A,හෙම්මාතගම ගම්පල මාර්ගය,හෙම්මාතගම ගම්පල මාර්ගය,හෙම්මාතගම ගම්පල මාර්ගය,2025-07-29 00:00:00,0001-01-01,,,,,,7.160554,80.52238
Rock Fall,RF,NBRO/LRRMD-KEG/KEG/WARAKA/LI/25/0344,KEG251016,Kegalle,Warakapola,2025-08-05,Thambugala,96A,"අංක 104/2/A, කොණ්ඩගල හේන, තාඹුගල, දංඕවිට","අංක 104/2/A, කොණ්ඩගල හේන, තාඹුගල, දංඕවිට",,2025-09-23 00:00:00,0001-01-01,,Rock fall threat,,,,7.17938,80.179656
Rock Fall,RF,NBRO/LRRMD-KEG/KEG/YATIYN/LI/25/0361,KEG251050,Kegalle,Yatiyanthota,2025-08-26,Mahavila,106C,"බී 119/2/බී, මහවිල, යටියන්තොට","බී 119/2/බී, මහවිල, යටියන්තොට",,2025-07-31 00:00:00,0001-01-01,,,,,,7.04048,80.300213
Rock Fall,RF,NBRO/LRRMD-KRG/KUR/POLGAH/LI/19/0005,KUR190007,Kurunegala,Polgahawela,2019-10-01,Kendahena,962,"කැන්දහේන, පොල්ගහවෙල",,කුරුණෑගල නගරයේ සිට කුරුණෑගල - කොලඹ මාර්ගයේ කිලෝමීටර 11 ක් පමණ ගොස් බුළුගොල්ල හංදියෙන් වමට හැරී කි,2019-11-08,0001-01-01,,,,,,7.3765583,80.347767
Rock Fall,RF,NBRO/LRRMD-KRG/KUR/KURUNE/LI/19/0007,KUR190009,Kurunegala,Kurunegala,2019-10-21,Kudumbuwa,826,"පාත්‍රාගල වත්ත, දොඹේමඩ",,කොළඹ මාර්ගයේ ගොස් පොතුහැරින් වමට හැරී කූරියම්පොල හංදියෙන් දකුණට හැරී කිලෝමීටරයක් පමණ ගිය පසු ම,2019-12-27,0001-01-01,,,,,,7.39347,80.35457
Rock Fall,RF,NBRO/LRRMD-KRG/KUR/POLGAH/LI/19/0013,KUR190015,Kurunegala,Polgahawela,2019-10-17,Denagamuwa,924,"112, ග්‍රීන්වුඩ් වත්ත, දෙනගමුව, පොල්ගහවෙල",,,2019-12-16,0001-01-01,,,,,,7.3446,80.3211
Rock Fall,RF,NBRO/LRRMD-KRG/KUR/POLGAH/LI/19/0016,KUR190018,Kurunegala,Polgahawela,2019-10-01,Polpitiya North,914,"පොල්පිටිය උතුර , මැටිකුඹුර",,,2019-11-08,0001-01-01,,,,,,7.3787967,80.332325
Rock Fall,RF,NBRO/LRRMD-KRG/KUR/ALAWWA/LI/19/0019,KUR190021,Kurunegala,Alawwa,2019-10-17,Abbowa,1014,"274/අබ්බෝව, අලව්ව",,අලව්ව නගරයේ සිට අලව්ව - ගිරිඋල්ල මාර්ගයේ  ගොස් මහපිටිය හංදියෙන් වමට හැරී කිලෝමීටර් 2 ක් පමණ ගොස් ත,2019-11-14,0001-01-01,,,,,,7.29555,80.19781
Rock Fall,RF,NBRO/LRRMD-KRG/KUR/MAWATH/LI/20/0016,KUR200015,Kurunegala,Mawathagama,2020-05-18,Mawathagama North,678,"7 කණුව, කපුකොටුව, මාවතගම","7 කණුව, කපුකොටුව, මාවතගම",කුරුණෑගල - නුවර මාර්ගයේ මාවතගම නගරයේ විපස්සනා භාවනා මධ්‍යස්ථාන මාර්ගයේ මීටර් 300 ක් පමණ ගමන් කිරී,2020-05-19,0001-01-01,,,,,,7.4365714,80.442341
Rock Fall,RF,NBRO/LRRMD-KRG/KUR/POLGAH/LI/20/0022,KUR200021,Kurunegala,Polgahawela,2020-05-17,Meddalanda,935,"කොස්වැටිය පාර, මාලිගාකන්ද, පොල්ගහවෙල","කොස්වැටිය පාර, මාලිගාකන්ද, පොල්ගහවෙල",පොල්ගහවෙල - අලව්ව ප්‍රධාන මාර්ගයේ පිහිටි කොස්වැටිය මාර්ගයේ මීටර් 800 ක් පමණ දුරින් පිහිටා ඇත,2020-05-17,0001-01-01,,,,,,7.33395,80.295551
Rock Fall,RF,NBRO/LRRMD-KRG/KUR/POLGAH/LI/20/0026,KUR200025,Kurunegala,Polgahawela,2020-09-16,Aragoda,925,"දිවුලගහමුල හේන, ආරගොඩ","දිවුලගහමුල හේන, ආරගොඩ",කුරුණෑගල - කොළඹ (A06) මාර්ගයේ ගෙඩවෙල හංදියෙන් වමට ඇති දෙනගමුව මාර්ගයේ කිලෝමීටර් 4 ක් පමණ ගිය විට හමු,2020-10-24,0001-01-01,,,,,,7.3646909,80.3420036
Rock Fall,RF,NBRO/LRRMD-KRG/KUR/KURUNE/LI/21/0043,KUR210062,Kurunegala,Kurunegala,2021-11-23,Kurunegala Town - North,831,"හොන්ෂු එන්ටප්‍රයිස් ආයතනය, පුත්තලම් පාර, කුරුණෑගල",,කුරුණෑගල - පුත්තලම ප්‍රධාන කුරුණෑගල ප්‍රධාන බස්නැවතුම්පල අසළ සිට මීටර් 800ක් පමණ ගමන් කිරීමෙන් අ,2021-11-24,2021-11-09 00:00:00,19:00,,,,,7.4917452,80.3577296
Rock Fall,RF,NBRO/LRRMD-KRG/KUR/KURUNE/LI/21/0044,KUR210063,Kurunegala,Kurunegala,2021-11-24,Rathgalla,821,"රත්ගල්ල, බෝයගනේ",,කුරුණෑගල - කොළඹ ප්‍රධාන මල්පිටිය ප්‍රදේශයෙන් දකුණට ඇති රත්ගල්ල (හාල්පාර) මාර්ගයේ කි.මී. 1ක් පමණ ගම,2021-11-24,0001-01-01,,,,,,7.4538692,80.3319419
Rock Fall,RF,NBRO/LRRMD-KRG/KUR/MAWATH/LI/21/0055,KUR210074,Kurunegala,Mawathagama,2021-11-02,Hettipola,645,"පියරතන මාවත, හෙට්ටිපොල, වෑඋඩ",,"කුරුණෑගල - නුවර ප්‍රධාන මාර්ගයේ, මාවතගම නගරයෙන් දකුණට පවතින රඹුක්කන මාර්ගයේ කි.මී. 5ක් පමණ ගමන් කි",2021-11-04,0001-01-01,,,,,,7.402016,80.442645
Rock Fall,RF,NBRO/LRRMD-KRG/KUR/POLGAH/LI/21/0062,KUR210081,Kurunegala,Polgahawela,2021-02-02,Ginneriya,957,"ගින්නේරිය, වදාකඩ",,කුරුණෑගල - වදාකඩ මාර්ගයේ බෙම්මුල්ල හංදිය මාර්ගයේ මීටර් 200ක් පමණ ගමන් කිරීමෙන් මෙම ස්ථානයට ළඟා වි,2021-03-12,0001-01-01,,,,,,7.4009289,80.2628863
Rock Fall,RF,NBRO/LRRMD-KRG/KUR/RIDEEG/LI/21/0095,KUR210114,Kurunegala,Rideegama,2021-01-27,Alakolamada,547,"පාළුවත්ත, අලකොළමඩ, දොඩම්ගස්ලන්ද",,රිදීගම සිට යටවත්ත - දොඹවෙල මාර්ගයේ කි.මී. 11ක් පමණ යන විට ඇති දොඩම්ගස්ලන්ද යොවුන් සේනාංකය වමට ඇති ම,2021-03-12,0001-01-01,,,,,,7.5605637,80.5558803
Rock Fall,RF,NBRO/LRRMD-KRG/KUR/RIDEEG/LI/21/0104,KUR210119,Kurunegala,Rideegama,2021-06-16,Olagama,605,"ගල්කොටුව, ඔලගම, රිදීගම",,"කුරුණෑගල - කැප්පිටිගල ප්‍රධාන මාර්ගයේ, ඔලගම හංදියෙන් පිහිටි ගමකන්ද මාර්ගයේ මෙම ස්ථානයට පිහිටා",2021-06-18,0001-01-01,,,,,,7.50694,80.50249
Rock Fall,RF,NBRO/LRRMD-KRG/KUR/RIDEEG/LI/21/0107,KUR210122,Kurunegala,Rideegama,2021-10-28,Kotuhena,539,"කොටුහේන, මදුරාගොඩ",,"කුරුණෑගල - මාතලේ ප්‍රධාන මාර්ගයේ, මදුරාගොඩ හංදියෙන් පිහිටි මදුරාගොඩ - කහටගහ පතල මාර්ගයේ කි.මී. 2.5ක",2021-10-01,0001-01-01,,,,,,7.59055,80.54426
Rock Fall,RF,NBRO/LRRMD-KRG/KUR/RIDEEG/LI/21/0112,KUR210127,Kurunegala,Rideegama,2021-11-03,Korossa,548,"උඩවත්ත, කොරොස්ස",,"කුරුණෑගල - මාතලේ ප්‍රධාන මාර්ගයේ, කටුපිලගොල්ල ප්‍රදේශයෙන් දකුණට ඇති  කොරොස්ස මාර්ගයේ කි.මී. 2.5ක්",2021-11-10,0001-01-01,,,,,,7.550278,80.552529
Rock Fall,RF,NBRO/LRRMD-KRG/KUR/RIDEEG/LI/21/0129,KUR210144,Kurunegala,Rideegama,2021-11-13,Gonigoda,588,"අංක 104 \ 2, අරුණෝදාගම, පිහිඹුව",,කැප්පිටිගල ප්‍රධාන මාර්ගයේ ඉලුකපිටිය මංසදියේ   පිහිටි ගෝනිගොඩ  දෙසට ඇති අතුරු මාර්ගයේ  ගමන් කිර,2021-11-19,0001-01-01,,,,,,7.439847,80.50842
Rock Fall,RF,NBRO/LRRMD-KRG/KUR/RIDEEG/LI/21/0130,KUR210145,Kurunegala,Rideegama,2021-11-13,Gonigoda,588,"අංක 42, අරුණෝදාගම, පිහිඹුව",,කැප්පිටිගල ප්‍රධාන මාර්ගයේ ඉලුක්පිටිය මංසදියේ   පිහිටි ගෝනිගොඩ  දෙසට ඇති අතුරු මාර්ගයේ  ගමන් කි,2021-11-19,0001-01-01,,,,,,7.439584,80.508218
Rock Fall,RF,NBRO/LRRMD-KRG/KUR/IBBAGA/LI/22/0004,KUR220004,Kurunegala,Ibbagamuwa,2022-01-01,Ihala Gokarella,487,"ඉහළ ගොකරැල්ල, ගොකරැල්ල","ඉහළ ගොකරැල්ල, ගොකරැල්ල","කුරුණෑගල - දඹුල්ල ප්‍රධාන මාර්ගයේ,  ගොකරැල්ල පොලිස් ස්ථානය පසුකළ විට වමට ඇති උතුරුපව්ව විහාරයට ය",2021-11-26,0001-01-01,,,,,,7.594185,80.47373
Rock Fall,RF,NBRO/LRRMD-KRG/KUR/IBBAGA/LI/22/0005,KUR220005,Kurunegala,Ibbagamuwa,2022-01-01,Ihala Gokarella,487,"6/37,ඉහළ ගොකරැල්ල, ගොකරැල්ල","6/37,ඉහළ ගොකරැල්ල, ගොකරැල්ල","කුරුණෑගල - දඹුල්ල ප්‍රධාන මාර්ගයේ,  ගොකරැල්ල පොලිස් ස්ථානය පසුකළ විට වමට ඇති උතුරුපව්ව විහාරයට ය",2021-11-26,0001-01-01,,,,,,7.596861,80.472061
Rock Fall,RF,NBRO/LRRMD-KRG/KUR/KURUNE/LI/22/0178,KUR220152,Kurunegala,Kurunegala,2021-11-16,Gettuwana,833,"දිමුතු මාවත, ගැට්ටුවාන, කුරුණෑගල","109/8, දිමුතු මාවත, ගැට්ටුවාන, කුරුණෑගල",කුරුණෑගල මහනුවර මාර්ගයේ ගැට්ටුවාන හංදියෙන් ගැට්ටුවාන මාර්ගයේ කි.මී. 1ක් පමණ ගමන් කිරීමේදී ඇති ද,2021-11-17,0001-01-01,,,,,,7.4841873,80.3739565
Rock Fall,RF,NBRO/LRRMD-KRG/KUR/MAWATH/LI/22/0194,KUR220203,Kurunegala,Mawathagama,2021-11-28,Rathneggama,697,රත්මැල්ගම,"දහමුණේ, පිලැස්ස",කුරුණෑගල මහනුවර මාර්ගයේ නාපේ හංදියේ පිලැස්ස පාසල අසලින් වමට ඇති දහමුණේ මාර්ගයේ ගමන්කිරීමෙන් අ,2021-11-29,2021-11-27 00:00:00,,ගල අසලින් ගලාආ අධික ජලපහර,,,,7.4419839,80.4152786
Rock Fall,RF,NBRO/LRRMD-MAT/MTL/MATALE/LI/17/0011,MTL170016,Matale,Matale,2017-01-26,Golahenwatta,E328B,"289/3, කෝන්ගහමුල, පලාපත්වල",,,2017-01-26 00:00:00,0001-01-01,,,,,,7.547823,80.628883
Rock Fall,RF,NBRO/LRRMD-MAT/MTL/RATTOT/LI/18/0047,MTL180197,Matale,Rattota,2018-05-22,Palleyaya,E368E,පල්ලේයාය,,,2018-06-19 00:00:00,0001-01-01,,,,,,7.46983,80.66915
Rock Fall,RF,NBRO/LRRMD-MAT/MTL/RATTOT/LI/19/0066,MTL190527,Matale,Rattota,2019-01-03,Welangahawatta,E376A,,"කඩමුදුන පාර,එගොඩගොඩ",,2019-01-08 00:00:00,0001-01-01,,,,,,7.4890556,80.6924167
Rock Fall,RF,NBRO/LRRMD-MAT/MTL/UKUWEL/LI/19/0077,MTL190611,Matale,Ukuwela,2019-08-28,Elkaduwa,E363A,"හුණුුගල පාර, මහ ජනපදය, ඇල්කඩුව","හුණුුගල පාර, මහ ජනපදය, ඇල්කඩුව",,2019-09-19 00:00:00,0001-01-01,,,,,,7.4172,80.6862
Rock Fall,RF,NBRO/LRRMD-MAT/MTL/YATAWA/LI/19/0081,MTL190615,Matale,Yatawatta,2019-11-27,Lakshahena,E335E,"ලක්ෂහේන සී, උඩස්ගිරිය, මාතලේ","ලක්ෂහේන සී, උඩස්ගිරිය, මාතලේ",,2019-11-28 00:00:00,0001-01-01,,,,,,7.546457,80.588942
Rock Fall,RF,NBRO/LRRMD-MAT/MTL/UKUWEL/LI/20/0009,MTL200009,Matale,Ukuwela,2020-01-11,Gurulawela North,E358,ගුරවෙල,"92/ඒ, ගුරවෙල උතුර, උකුවෙල",,2021-06-01 00:00:00,0001-01-01,,,,,,7.4097133,80.63489519
Rock Fall,RF,NBRO/LRRMD-MAT/MTL/UKUWEL/LI/20/0015,MTL200015,Matale,Ukuwela,2020-10-22,Makulemada,E343B,මකුලේමඩ,"57/2, 6 කණුව, මකුලේමඩ",,2021-02-16 00:00:00,0001-01-01,,,,,,7.471947,80.581163
Rock Fall,RF,NBRO/LRRMD-MAT/MTL/GALEWE/LI/20/0090,MTL200630,Matale,Galewela,2020-05-22,Medabedda North,E428B,මැදබැද්ද,බම්බාකන්ද වත්ත,,2020-06-18 00:00:00,0001-01-01,,,,,,7.730948,80.572963
Rock Fall,RF,NBRO/LRRMD-MAT/MTL/NAULA/LI/20/0116,MTL200656,Matale,Naula,2020-10-20,Meegolla,E415G,මීගොල්ල,බී.ඒ.ජී.ආරියදාස,,2020-11-10 00:00:00,0001-01-01,,,,,,7.6798,80.6542
Rock Fall,RF,NBRO/LRRMD-MAT/MTL/MATALE/LI/20/0122,MTL200662,Matale,Matale,2020-05-22,Kandegedara,E351,කන්දේගෙදර,"6 ඒ, කන්දේගෙදර පාර, මාතලේ",,2020-06-19 00:00:00,0001-01-01,,,,,,7.4701,80.6129
Rock Fall,RF,NBRO/LRRMD-MAT/MTL/UKUWEL/LI/20/0130,MTL200706,Matale,Ukuwela,2020-10-21,Ovilikanda,E344A,"9/ඒ, ඕවිලිකන්ද, මාතලේ",,,2020-10-21 00:00:00,0001-01-01,,,,,,7.456377,80.580333
Rock Fall,RF,NBRO/LRRMD-MAT/MTL/PALLEP/LI/20/0136,MTL200720,Matale,Pallepola,2020-01-06,Demada Oya,E417A,,,,2019-12-31 00:00:00,0001-01-01,,,,,,7.680835,80.623963
Rock Fall,RF,NBRO/LRRMD-MAT/MTL/UKUWEL/LI/21/0010,MTL210010,Matale,Ukuwela,2021-11-02,Kirimetiyawa,E343A,කිරිමැටියාව,මහානාම ප්‍රාථමික විද්‍යාලය,,2021-11-02 00:00:00,0001-01-01,,,,,,7.4586611,80.592805
Rock Fall,RF,NBRO/LRRMD-MAT/MTL/PALLEP/LI/21/0054,MTL210052,Matale,Pallepola,2021-11-17,Ambokka,E422,අංබොක්ක,"මිල්ලවාන, අංබොක්ක",,2021-11-17 00:00:00,0001-01-01,,,,,,7.6276785,80.5679094
Rock Fall,RF,NBRO/LRRMD-MAT/MTL/RATTOT/LI/21/0061,MTL210058,Matale,Rattota,2021-04-08,Pahala Hapuvida,E367A,අල්වත්ත,"87/2, පහළ හපුවිද, අල්වත්ත",,2021-04-08 00:00:00,0001-01-01,,,,,,7.43,80.6641
Rock Fall,RF,NBRO/LRRMD-MAT/MTL/UKUWEL/LI/21/0094,MTL210085,Matale,Ukuwela,2021-12-04,Horagahapitiya,E344F,"ඇලගාව ගෙදර, ඕවිලිකන්ද, මාතලේ","ඇලගාව ගෙදර, ඕවිලිකන්ද, මාතලේ",,2021-11-04 00:00:00,2021-11-03 00:00:00,,,,,,7.455197,80.5758037
Rock Fall,RF,NBRO/LRRMD-MAT/MTL/RATTOT/LI/21/0097,MTL210088,Matale,Rattota,2021-11-13,Kandenuwara West,E368G,අල්වත්ත,"30/1, කන්දේනුවර වත්ත, අල්වත්ත",,2021-11-13 00:00:00,0001-01-01,,,,,,7.448973,80.674981
Rock Fall,RF,NBRO/LRRMD-MAT/MTL/RATTOT/LI/21/0128,MTL210115,Matale,Rattota,2021-10-27,Alakolamada,E374C,අලකොළමඩ,"79/3, අලකොළමඩ, කුඹුරේගෙදර, කයිකාවල",,2021-10-28 00:00:00,0001-01-01,,,,,,7.486808,80.6777557
Rock Fall,RF,NBRO/LRRMD-MAT/MTL/NAULA/LI/21/0174,MTL210160,Matale,Naula,2021-02-09,Gan Imayaya,E412E,,"නාඋල, ගංඉමයාය, කෝන්ගහවෙල - බඹරගල රක්ෂිතය ආශ්‍රිත",,2021-10-12 00:00:00,0001-01-01,,,,,,7.6733,80.6924
Rock Fall,RF,NBRO/LRRMD-MAT/MTL/MATALE/LI/22/0020,MTL220504,Matale,Matale,2022-04-25,Palapathwala,E328D,ඔලිස්කෝම් වත්ත,"299/55-1, ඔලිස්කෝම් වත්ත, පලාපත්වල",,2022-04-29 00:00:00,0001-01-01,,,,,,7.4793456,80.630687
Rock Fall,RF,NBRO/LRRMD-MAT/MTL/YATAWA/LI/22/0040,MTL220524,Matale,Yatawatta,2022-01-03,Mathalapitiya,E340A,මාතලාපිටිය,"9/8, මාතලාපිටිය, යටවත්ත",,2022-12-01 00:00:00,0001-01-01,,,,,,7.5235743,80.5779982
Rock Fall,RF,NBRO/LRRMD-MAT/MTL/RATTOT/LI/22/0067,MTL220588,Matale,Rattota,2022-02-21,Udagama,E374,"වේවැල්මඩ ජනපදය, උඩගම, අලකොලමඩ","වේවැල්මඩ ජනපදය, උඩගම, අලකොලමඩ",,2022-02-21 00:00:00,0001-01-01,,,,,,7.475282,80.683071
Rock Fall,RF,NBRO/LRRMD-MAT/MTL/YATAWA/LI/22/0071,MTL220592,Matale,Yatawatta,2022-02-22,Polwatta,E340C,"වාලවෙල, පොල්වත්ත, යටවත්ත","නො.47, වාලවෙල, පොල්වත්ත, යටවත්ත",,2022-02-22 00:00:00,0001-01-01,,,,,,7.5196,80.5844
Rock Fall,RF,NBRO/LRRMD-MAT/MTL/YATAWA/LI/22/0072,MTL220593,Matale,Yatawatta,2022-01-22,Polwatta,E340C,වෙල්පහල,"පොල්වත්ත, වාලවෙල",,2022-01-22 00:00:00,0001-01-01,,,,,,7.5196444,80.5842021
Rock Fall,RF,NBRO/LRRMD-MAT/MTL/RATTOT/LI/22/0073,MTL220594,Matale,Rattota,2022-02-07,Neluwakanda,E368A,"නෙළුවාකන්ද, අල්වත්ත","54/2, නෙළුවාකන්ද, අල්වත්ත",,2022-02-22 00:00:00,0001-01-01,,,,,,7.46207991,80.6763999
Rock Fall,RF,NBRO/LRRMD-MAT/MTL/YATAWA/LI/22/0097,MTL220620,Matale,Yatawatta,2022-06-08,Gammulla,E337,වාලවෙල,"නො. 09, ගම්මුල්ල, වාලවෙල",,2022-06-08 00:00:00,0001-01-01,,,,,,7.543358,80.594523
Rock Fall,RF,NBRO/LRRMD-MAT/MTL/RATTOT/LI/23/0008,MTL230070,Matale,Rattota,2023-03-09,Wanaraniya,E375C,,"120, නිකලොය පාර, රත්තොට",,2022-12-27 00:00:00,0001-01-01,,,,,,7.5211,80.6826
Rock Fall,RF,NBRO/LRRMD-MAT/MTL/NAULA/LI/23/0057,MTL230254,Matale,Naula,2023-06-13,Rajawela,E409A,රජාවෙල,"111/B, පාලුවත්ත, රජාවෙල, කොන්ගහවෙල",මාතලේ සිට නාඋල දක්වා ගොස් ඇළහැර- පල්ලේගම මාර්ගයේ කි.මී. 8.4 පමණ ගොස් හමුවන වඩේ කඩේ අසලින් දකුණට හැරී,2023-07-07 00:00:00,0001-01-01,,අධික වර්ෂාපතනය,,,,7.66483,80.7020043
Rock Fall,RF,NBRO/LRRMD-MAT/MTL/NAULA/LI/23/0058,MTL230255,Matale,Naula,2023-06-13,Moragahamada,E383C,මොරගහමඩ,"47C, අඹන උඩපාර, කෝන්ගහමුල.",,2023-07-07 00:00:00,0001-01-01,,අධික වර්ෂාපතනය,,,,7.6615545,80.685577
Rock Fall,RF,NBRO/LRRMD-MAT/MTL/UKUWEL/LI/23/0079,MTL230402,Matale,Ukuwela,2023-10-10,Ovilikanda,E344A,ඹ්විලිකන්ද,,,2023-10-09 00:00:00,2023-10-07 00:00:00,20:00,,,75.0,,7.4559605,80.581328
Rock Fall,RF,NBRO/LRRMD-MAT/MTL/RATTOT/LI/24/0002,MTL240002,Matale,Rattota,2024-01-03,Medawatta,E375E,මැදවත්ත පහල කොටස,"මැදවත්ත පහල කොටස, රත්තොට",මාතලේ-රත්තොට- වෙරළුගස්තැන්න- රිවස්ටන් පාර- මැදවත්ත,2024-01-04 00:00:00,2024-01-01 00:00:00,15:00,අධික වර්ෂාපතනය,,,,7.508274,80.724576
Rock Fall,RF,NBRO/LRRMD-MAT/MTL/RATTOT/LI/24/0030,MTL240145,Matale,Rattota,2024-01-30,Madakumbura,E375F,,බඹරගල වත්ත කොටස,,2024-03-06 00:00:00,0001-01-01,,භූ විද්‍යාත්මකව අස්ථාවර කලාපයක අවිධිමත් ලෙස නිවාස ඉදිකිරීම,,,,7.5085,80.7154
Rock Fall,RF,NBRO/LRRMD-MAT/MTL/YATAWA/LI/24/0191,MTL240823,Matale,Yatawatta,2024-12-20,Deevilla North,E337C,"එගොඩමුල්ල, දිවිල්ල",බදුගේවත්ත පන්සල පාර පී.ජී ගුණවතී යන අයගේ නිවසට ඇති ප්‍රවේශ මාර්ගය ආසන්නයේ,,2024-11-26 00:00:00,2024-11-25 00:00:00,,අවිධිමත් පෘෂ්ඨීය ජල වහනය,,,,7.5624847,80.6009857
Rock Fall,RF,NBRO/LRRMD-MAT/MTL/RATTOT/LI/25/0010,MTL250131,Matale,Rattota,2025-01-16,Viharagama,E371C,"කළුදෑවල, මාතලේ","කළුදෑවල, මාතලේ",,2025-01-10 00:00:00,0001-01-01,,,,,,7.484187,80.638593
Rock Fall,RF,NBRO/LRRMD-MAT/MTL/PALLEP/LI/25/0025,MTL250223,Matale,Pallepola,2025-02-05,Millawana Ihalagama,E423,කිරවනැල්ල,"ආර්.ජී.එන්.එස්.වී.අමරසූරිය 8D  , කිරවනැල්ල ,ඉහළගම",,2025-01-23 00:00:00,0001-01-01,,,,,,7.6436617,80.5818558
Rock Fall,RF,NBRO/LRRMD-MAT/MTL/YATAWA/LI/25/0028,MTL250268,Matale,Yatawatta,2025-03-05,Mathale North,E331G,,,,2025-04-08 00:00:00,0001-01-01,,,,,,7.594823,80.617906
Rock Fall,RF,NBRO/LRRMD-MAT/MTL/NAULA/LI/25/0045,MTL250341,Matale,Naula,2025-02-13,Moragolla,E409C,"තලංගොල්ල, මොරගොල්ල, අඹන","නො.80,අඹන,මොරහෙල",,2025-05-25 00:00:00,0001-01-01,,,,,,7.6608074,80.704876
Rock Fall,RF,NBRO/LRRMD-MAT/MTL/RATTOT/LI/25/0088,MTL250810,Matale,Rattota,2025-10-28,Dambagolla,E378C,දඹගොල්ල,"පහල දේවාලය,කටාරන් තැන්න පහල කොටස,දඹගොල්ල",,2025-10-20 00:00:00,2025-10-18 00:00:00,13:00,,,,,7.5321294,80.7108431
Rock Fall,RF,NBRO/LRRMD-MTR/MTR/PASGOD/LI/13/0049,MTR130053,Matara,Pasgoda,2013-08-05,Denkandaliya,268D,"ප්‍රාදේශිය ලේකම්, පස්ගොඩ ලේකම් කාර්යාලය, පස්ගොඩ",,,0001-01-01,0001-01-01,,,,,,6.249717,80.577567
Rock Fall,RF,NBRO/LRRMD-MTR/MTR/KIRINP/LI/15/0066,MTR150075,Matara,Kirinda Puhulwella,2015-05-20,Hettiyawala South,325E,"කිතුලකන්ද, හේනකන්ද, අඹගහහේන",,,0001-01-01,0001-01-01,,,,,,6.056333,80.650467
Rock Fall,RF,NBRO/LRRMD-MTR/MTR/PITABE/LI/15/0095,MTR150104,Matara,Pitabeddara,2015-11-30,Kiriwelkele South,261C,"3 පියවර, කලුතලවිලදෙනිය, පිටබැද්දර",,,0001-01-01,0001-01-01,,,,,,6.23805,80.447383
Rock Fall,RF,NBRO/LRRMD-MTR/MTR/AKURES/LI/15/0120,MTR150144,Matara,Akuressa,2015-09-07,Nawalagoda,367D,"කුල සෙවන, තලවතුගොඩ, මලිදුව, අකුරැස්ස",,,0001-01-01,0001-01-01,,,,,,6.139367,80.436433
Rock Fall,RF,NBRO/LRRMD-MTR/MTR/MULATI/LI/18/0009,MTR180030,Matara,Mulatiyana,2018-05-27,Ketiyape North,273,"නියඟන කන්ද, කටුදෙනිය හේන, කැටියපේ, දෙයියන්දර විහාරගල හේන, කැටියපේ - උතුර, දෙයියන්දර.","නියඟන කන්ද, කටුදෙනිය හේන, කැටියපේ, දෙයියන්දර විහාරගල හේන, කැටියපේ - උතුර, දෙයියන්දර.",,2018-05-31 00:00:00,2018-05-31 00:00:00,09:00,,,,,6.1814,80.62053
Rock Fall,RF,NBRO/LRRMD-MTR/MTR/KOTAPO/LI/19/0003,MTR190003,Matara,Kotapola,2019-09-05,Beliattakumbura,240B,"උක්ගල්කොනකන්ද, කොලවෙනිගම, පල්ලේගම","උක්ගල්කොනකන්ද, කොලවෙනිගම, පල්ලේගම",,2019-09-05 00:00:00,2019-08-25 00:00:00,02:00,"අධික වර්ෂාපතනය, දැඩි/ අධික සුළඟ",,,,6.31255,80.51031
Rock Fall,RF,NBRO/LRRMD-MTR/MTR/PASGOD/LI/19/0010,MTR190010,Matara,Pasgoda,2019-09-06,Mologgamuwa North,251C,"රන්දෑව, රේදෙණිය, මොරගල, කිරිලිපන","රන්දෑව, රේදෙණිය, මොරගල, කිරිලිපන",,2020-11-18 00:00:00,0001-01-01,,අධික තිව්‍රතාවයකින්  යුක්ත වූ වර්ෂාපතනය,,,,6.28028,80.57452
Rock Fall,RF,NBRO/LRRMD-MTR/MTR/PASGOD/LI/19/0012,MTR190012,Matara,Pasgoda,2019-08-26,Mologgamuwa South,251D,"උඩතැන්නවත්ත, මොලොග්ගමුව","උඩතැන්නවත්ත, මොලොග්ගමුව",,2020-07-27 00:00:00,0001-01-01,,අධික තිව්‍රතාවයකින් යුක්ත වූ වර්ෂාපතනය,,,,6.27223,80.59312
Rock Fall,RF,NBRO/LRRMD-MTR/MTR/MULATI/LI/19/0013,MTR190013,Matara,Mulatiyana,2019-09-25,Kudapana,271B,"උඩගෙදරවත්ත, කුඩාපාන , ගොම්බද්දල","උඩගෙදරවත්ත, කුඩාපාන , ගොම්බද්දල",,2020-02-21 00:00:00,0001-01-01,,අධික තිව්‍රතාවයකින් යුක්ත වු වර්ෂාපතනය,,,,6.18685,80.5694
Rock Fall,RF,NBRO/LRRMD-MTR/MTR/KAMBUR/LI/20/0025,MTR200025,Matara,Kamburupitiya,2020-11-22,Eriyathota,323C,"තට්ටකදෙණිය, ඊරියතොට, කඹුරුපිටිය","තට්ටකදෙණිය, ඊරියතොට, කඹුරුපිටිය",,2021-01-08 00:00:00,2020-12-18 00:00:00,,අධික තිව්‍රතාවයකින් යුක්ත වු වර්ෂාපතනය,,,,6.10167,80.589219
Rock Fall,RF,NBRO/LRRMD-MTR/MTR/KOTAPO/LI/20/0092,MTR200186,Matara,Kotapola,2020-11-17,Kiriweldola,241A,"නො:366, කොරළේ ගෙදර, කිරිවැල්දොළ","නො:366, කොරළේ ගෙදර, කිරිවැල්දොළ",,2020-11-17 00:00:00,2017-05-25 00:00:00,,අධික තිව්‍රතාවයකින් යුක්ත වර්ෂාව,,,,6.35989,80.53315
Rock Fall,RF,NBRO/LRRMD-MTR/MTR/KIRINP/LI/20/0344,MTR200460,Matara,Kirinda Puhulwella,2020-10-30,Hettiyawala South,325E,"ගල් ඇන්ද, කිතුල් උයන , හෙට්ටියාවල දකුණ, කිරින්ද",,,0001-01-01,0001-01-01,,,,,,6.05448,80.64925
Rock Fall,RF,NBRO/LRRMD-MTR/MTR/KOTAPO/LI/21/0003,MTR210003,Matara,Kotapola,2021-05-26,Deniyaya West,243A,"පහල පාර, යාපිටකන්ද, දෙනියාය",,,2020-07-01 00:00:00,0001-01-01,,,,,,6.33978,80.55243
Rock Fall,RF,NBRO/LRRMD-MTR/MTR/PITABE/LI/21/0058,MTR210059,Matara,Pitabeddara,2021-07-05,Weliwa,262A,"විජය පිරිවෙන අසල, වැලිව, මොරවක",,,2020-12-12 00:00:00,0001-01-01,,,,,,6.26557,80.49381
Rock Fall,RF,NBRO/LRRMD-MTR/MTR/PITABE/LI/21/0093,MTR210094,Matara,Pitabeddara,2021-05-10,Weliwa,262A,"බටහේනකන්ද, වැලිව","බටහේනකන්ද, වැලිව",,2021-06-17 00:00:00,2021-05-01 00:00:00,,අධික තිව්‍රතාවයකින් යුක්ත වූ වර්ෂාපතනය,,,,6.2589,80.49931
Rock Fall,RF,NBRO/LRRMD-MTR/MTR/KOTAPO/LI/21/0263,MTR210501,Matara,Kotapola,2021-01-24,Kotapola North,242,"තැන්නහේන, දියදාව",,,0001-01-01,0001-01-01,,,,,,6.32455,80.55335
Rock Fall,RF,NBRO/LRRMD-MTR/MTR/PITABE/LI/21/0285,MTR210523,Matara,Pitabeddara,2021-01-27,Weliwa,262A,"විජය පිරිවෙන අසල, වැලිව, මොරවක",,,0001-01-01,0001-01-01,,,,,,6.26557,80.49381
Rock Fall,RF,NBRO/LRRMD-MTR/MTR/PITABE/LI/22/0018,MTR220033,Matara,Pitabeddara,2022-03-08,Kosnilgoda,262D,"අළුකැටියගෙදර, පහුරුතොට, මොරවක","අළුකැටියගෙදර, පහුරුතොට, මොරවක",,2021-05-09 00:00:00,2021-05-09 00:00:00,,-,,,,6.22593,80.4901
Rock Fall,RF,NBRO/LRRMD-MTR/MTR/MATAFG/LI/22/0118,MTR220139,Matara,Matara Four Gravets,2022-02-10,Ruwan Ella,428A,"නො:24, මාලිගාතැන්න, රුවන්ඇල්ල, මාකාවිට, මාතර","නො:24, මාලිගාතැන්න, රුවන්ඇල්ල, මාකාවිට, මාතර",,2022-04-25 00:00:00,2022-04-25 00:00:00,,පාෂාණ කුට්ටියේ පාදම ප්‍රදේශය ආශ්‍රිතව අවිධිමත් ලෙස කැණිම් සිදුකිරිම,,,,5.96391,80.57677
Rock Fall,RF,NBRO/LRRMD-MTR/MTR/PITABE/LI/22/0393,MTR220522,Matara,Pitabeddara,2022-11-08,Aluwana,262E,අලුවන්කන්ද,"යහල්මුල්ල, අලුවන්කන්ද, වැලිව, මොරවක",මාතර අකුරැස්ස පිටබැද්දර මොරවක දෙනියාය මාර්ගයේ මිල්ලඇල හන්දිය දක්වා පැමිණ එහිදී හමුවන දකුණු අත,2022-11-10 00:00:00,2022-11-02 00:00:00,17:00,අධික තීවුරතාවයකින් යුක්ත වූ වර්ෂාපතනය බෑවුමේ ආනතිය හා භූ රූපන සාධක,,,,6.25022,80.50687
Rock Fall,RF,NBRO/LRRMD-MTR/MTR/MULATI/LI/22/0417,MTR220557,Matara,Mulatiyana,2022-12-22,Beragama North,303B,බැරගම උතුර,"බිබුලගොඩහේන, බැරගම උතුර",,2022-12-20 00:00:00,2022-12-17 00:00:00,-,,-,-,,6.16556,80.56367
Rock Fall,RF,NBRO/LRRMD-MTR/MTR/MULATI/LI/23/0525,MTR230635,Matara,Mulatiyana,2023-10-27,Kudapana,271B,"ජී.කේ.චමින්ද, එල්ලාවෙල,ගොමිල, මාවරල","එරල්ලාවල , ගොමිල , මාවරල",,2023-10-07 00:00:00,0001-01-01,,,,,,6.18886,80.5806
Rock Fall,RF,NBRO/LRRMD-MTR/MTR/AKURES/LI/23/0859,MTR231003,Matara,Akuressa,2023-10-31,Nimalawa East,371B,"ඉදිගස්හේන, හේනගම, අකුරැස්ස","ඉදිගස්හේන, හේනගම, අකුරැස්ස",අකුරැස්ස නගරයෙන් ගාලු පාරේ ගමන් කර හේනෙගම පාරට හැරී ගමන් කිරීමෙන් අදාළ ස්තානයට ලගා විය හැක.,2023-10-31 00:00:00,0001-01-01,,"අධික තීව්‍රරතාවයකින් යුක්ත වූ වර්ෂාපතනය, අවිධිමත් භූ පරිහරණ රටාවන් පැවතීම, මතුපිට පාංශු ස්ථරයේ",,,,6.05838,80.45552
Rock Fall,RF,NBRO/LRRMD-MTR/MTR/KAMBUR/LI/25/0045,MTR250080,Matara,Kamburupitiya,2025-03-11,Karagoda Uyangoda 1 Atha West,317,කරගොඩ උයන්ගොඩ.,"ඇබරැල්ලාව, රජගල්ගොඩ, කරගොඩ, උයන්ගොඩ.",මාලිම්බඩ නගරයෙන් කද්දුව පාරේ පැමිණ කද්දුව පාලම අසළින් කඹුරුපිටිය පාරේ ගමන් කර බණ්ඩරවත්ත හන්දි,2025-04-01 00:00:00,2025-03-08 00:00:00,06:00,"අධික වර්ෂාපතනය, අවිධිමත් භූ පරිහරණ රටාවන් හා අවිධිමත් පෘෂ්ටීය ජලවහන රටාවන් පැවතීම.",,,,6.05099,80.51296
Rock Fall,RF,NBRO/LRRMD-MTR/MTR/PITABE/LI/25/0054,MTR250096,Matara,Pitabeddara,2025-03-24,Kalubovitiyana,259,කළුබෝවිටියන,"ළිදගාව ගෙදර, අඹේවෙල පාර, කළුබෝවිටියන",කළුබෝවිටියන නගරයෙන් අඹේවෙල පාරේ මීටර 400ක් පමණ ගමන් ගන්නා විට අදාල නිවස හමුවේ.,2025-03-26 00:00:00,2024-11-24 00:00:00,18:00,"අධික වර්ෂාපතනය, අවිධිමත් භූ පරිහරණ රටාවන් හා අවිධිමත් පෘෂ්ටීය ජලවහන රටාවන් පැවතීම.",,,,6.31394,80.39952
Rock Fall,RF,NBRO/LRRMD-MTR/MTR/HAKMAN/LI/25/0103,MTR250202,Matara,Hakmana,2025-06-17,Gangodagama,286,"5/2, පේරගහකොරටුව, හක්මණ","5/2, පේරගහකොරටුව, හක්මණ",හක්මණ නගරයෙන් බෙලිඅත්ත පාරේ ගමන් ගන්නා විට හමුවන පන්සල ලග 2 කණුව අසලින් වන මාර්ගයේ ගමන් ගන්නා වි,2025-08-21 00:00:00,0001-01-01,,"අධික තීව්‍රතාවයකින් යුක්ත වූ වර්ෂාපතනය, අවිධිමත් පෘෂ්ඨීය ජල වහන රටාව, අවිධිමත් ඉඩම් පරිහරණ රටා",,,,6.08749,80.67738
Rock Fall,RF,NBRO/LRRMD-MTR/MTR/MULATI/LI/26/0055,MTR260085,Matara,Mulatiyana,2026-01-30,Beragama North,303B,"මහඋඩගේවත්තහේන, බැරගම උතුර, මාකදුර","මහඋඩගේවත්තහේන, බැරගම උතුර, මාකදුර",කඹුරුපිටිය- මුලටියන ප්‍රධාන මාර්ගයේ මාකඳුර නගරය පසු වී මුලටියන දෙසට මීටර 800 ක් පමණ ගමන් කර ගොවිජන,2026-04-17 00:00:00,0001-01-01,,"අධික වර්ෂාපතනය, අවිධිමත් භූ පරිහරණ රටාවන් හා අවිධිමත් පෘෂ්ටීය ජලවහන රටාවන් පැවතීම.",,,,6.15283,80.562621
Rock Fall,RF,NBRO/LRRMD-BDL/MON/WELLAW/LI/20/0012,MON200012,Moneragala,Wellawaya,2020-01-02,Sudupanawela,152C,"ගම්පංගුව,සුදුපනාවෙල,වැල්ලවාය.","ගම්පංගුව,සුදුපනාවෙල,වැල්ලවාය.",බෝගහපතන කන්ද ලෙස හඳුන්වන කන්දට ආසන්නව ඉහත සඳහන් කළ නිවාස පිහිටා තිබේ,2020-01-31,0001-01-01,,,,,,6.76228,81.11967
Rock Fall,RF,NBRO/LRRMD-BDL/MON/WELLAW/LI/21/0015,MON210015,Moneragala,Wellawaya,2021-01-04,Kurugama,153,"අමුණේගොඩ, ඌව කරඳගොල්ල, ඇල්ල","අමුණේගොඩ, ඌව කරඳගොල්ල, ඇල්ල",කුඹල්වෙල වැල්ලවාය මාර්ගයේ හුණුකැටපිටිය හංදියෙන් දකුණට ඇති කුරුගම මාර්ගයේ කිලෝමීටර්යක් පමණ ගි,2021-02-06,0001-01-01,,,,,,6.807012,81.075275
Rock Fall,RF,NBRO/LRRMD-BDL/MON/KATHAR/LI/21/0019,MON210019,Moneragala,Katharagama,2021-01-07,Kandasurindugama,146C,දෙමටගමුව කණ්ෂ්ඨ විද්‍යාලය ආශ්‍රිත සෙනටෙල් කන්ද ප්‍රදේශය,දෙමටගමුව කණ්ෂ්ඨ විද්‍යාලය ආශ්‍රිත සෙනටෙල් කන්ද ප්‍රදේශය,වීරවිල - තිස්ස කතරගම මාර්ගයේ 12 km කණුව අසළින් දකුණට ඇති අතුරු මාර්ගය ඔස්සේ අදාළ ස්ථානයට ලඟාවිය හැක,2021-01-15,2021-01-07 00:00:00,18:30,,,,,6.384437,81.324452
Rock Fall,RF,NBRO/LRRMD-BDL/MON/MONERA/LI/22/0010,MON220011,Moneragala,Moneragala,2022-01-11,Aliyawatta,129I,"ස්ටෝරු ලැයිම, අලියාවත්ත","ස්ටෝරු ලැයිම, අලියාවත්ත",,2022-01-19,0001-01-01,,,,,,6.869846,81.378479
Rock Fall,RF,NBRO/LRRMD-NWE/NWE/HANGUR/LI/16/0003,NWE160005,Nuwara Eliya,Hanguranketha,2016-01-06,Bambaragama,499,බඹරගම,,,2016-06-26 00:00:00,0001-01-01,,,,,,7.1392693,80.7430673
Rock Fall,RF,NBRO/LRRMD-NWE/NWE/HANGUR/LI/16/0049,NWE160050,Nuwara Eliya,Hanguranketha,2016-06-26,Bambaragama East,499E,බඹරගම නැගෙනහිර,,,2016-06-26 00:00:00,0001-01-01,,,,,,7.1392693,80.7430673
Rock Fall,RF,NBRO/LRRMD-NWE/NWE/NUWARE/LI/16/0089,NWE160123,Nuwara Eliya,Nuwara Eliya,2016-05-04,Coombewood,475R,"ටෲප් වතුයාය, තලවාකැලේ.",,,2016-03-30 00:00:00,0001-01-01,,,,,,6.917401,80.641584
Rock Fall,RF,NBRO/LRRMD-NWE/NWE/HANGUR/LI/17/0020,NWE170023,Nuwara Eliya,Hanguranketha,2017-02-09,Rathyaya,511C,"රත්යාය, එළමුල්ල",,,2017-03-18 00:00:00,0001-01-01,,,,,,7.082207,80.77917
Rock Fall,RF,NBRO/LRRMD-NWE/NWE/WALAPA/LI/17/0038,NWE170041,Nuwara Eliya,Walapane,2017-11-02,Maha Uva,515E,"මහඌව  වත්ත, කර්මාන්ත ශාලා කොටස","මහඌව  වත්ත, කර්මාන්ත ශාලා කොටස",,2020-12-03 00:00:00,0001-01-01,,,,,,7.0791080687,80.8636757545
Rock Fall,RF,NBRO/LRRMD-NWE/NWE/HANGUR/LI/17/0047,NWE170050,Nuwara Eliya,Hanguranketha,2017-10-09,Moragolla,491A,ගල්ලෙනහේන ප්‍රදේශය,,,2017-10-09 00:00:00,0001-01-01,,,,,,7.01504758,80.817
Rock Fall,RF,NBRO/LRRMD-NWE/NWE/HANGUR/LI/18/0006,NWE180013,Nuwara Eliya,Hanguranketha,2018-10-25,Bambaragama West,499F,"දෙල්පත්කඩ, පල්ලේබෝවල",,,2018-11-15 00:00:00,0001-01-01,,,,,,7.1389275,80.730477757
Rock Fall,RF,NBRO/LRRMD-NWE/NWE/HANGUR/LI/18/0010,NWE180017,Nuwara Eliya,Hanguranketha,2018-01-17,Gonakele,508B,"අලකොලවැව ජනපදය, මතුරට",,,2018-03-29 00:00:00,0001-01-01,,,,,,7.0598159,80.805112151
Rock Fall,RF,NBRO/LRRMD-NWE/NWE/WALAPA/LI/18/0051,NWE180061,Nuwara Eliya,Walapane,2018-01-04,Ihala Pannala,513D,"ඉහල පන්නල, කුඹල්ගමුව","ඉහල පන්නල, කුඹල්ගමුව",,2018-01-08 00:00:00,0001-01-01,,,,,,7.1297151,80.848118
Rock Fall,RF,NBRO/LRRMD-NWE/NWE/NUWARE/LI/18/0075,NWE180085,Nuwara Eliya,Nuwara Eliya,2018-07-06,Coombewood,475R,"කොරින් කොටස, ටෲප් වත්ත, තලවාකැලේ.","කොරින් කොටස, ටෲප් වත්ත, තලවාකැලේ.",,2019-04-20 00:00:00,0001-01-01,,,,,,6.929184,80.650383
Rock Fall,RF,NBRO/LRRMD-NWE/NWE/NUWARE/LI/18/0087,NWE180097,Nuwara Eliya,Nuwara Eliya,2018-07-02,Lippakelle,476L,"ඇල්ජින් වතුයාය, ඉහළ කොටස,  ක්ෂේත්‍ර අංක 3ඩී",,"නුවරඑළිය නගරයේ සිට හැටන් මාර්ගයේ ගමන් කර  ලිඳුල මංසන්ධියේ සිට ආගරපතන මෙරායා හරහා ලිපකැලේ, ඇල්ජි",2018-06-19 00:00:00,0001-01-01,,,,,,6.888649,80.757544
Rock Fall,RF,NBRO/LRRMD-NWE/NWE/HANGUR/LI/18/0094,NWE180104,Nuwara Eliya,Hanguranketha,2018-10-26,Bambaragama West,499F,"දෙල්පත්කඩ, පල්ලේබෝවල",,නුවරඑළිය - වලපනේ ප්‍රධාන මාර්ගයේ ගමන් කොට රිකිල්ලගස්කඩ නගරයේ සිට  පල්ලේබෝවල දෙසට කි.මී. 12ක් පමණ ග,2018-11-15 00:00:00,0001-01-01,,,,,,7.1389275,80.730477757
Rock Fall,RF,NBRO/LRRMD-NWE/NWE/WALAPA/LI/19/0045,NWE190046,Nuwara Eliya,Walapane,2019-10-11,Ketakandura,516,"කැටකඳුර, වලපනේ",,,2019-12-07 00:00:00,0001-01-01,,,,,,7.106017323,80.873279133
Rock Fall,RF,NBRO/LRRMD-NWE/NWE/WALAPA/LI/19/0104,NWE190137,Nuwara Eliya,Walapane,2019-06-12,Roopaha,528,"පන්සල අසල, රූපහ","පන්සල අසල, රූපහ",,2019-06-15 00:00:00,0001-01-01,,,,,,7.013036,80.89643
Rock Fall,RF,NBRO/LRRMD-NWE/NWE/HANGUR/LI/19/0105,NWE190138,Nuwara Eliya,Hanguranketha,2019-09-09,Bambaragama East,499E,,,නුවරඑළිය - වලපනේ  ප්‍රධාන මාර්ගයේ ගමන් කොට හැටන් පදියපැලැල්ල නගරයට පිවිස රිකිල්ලගස්කඩ- හේවාහැට,2019-10-17 00:00:00,0001-01-01,,,,,,7.139856,80.80743109
Rock Fall,RF,NBRO/LRRMD-NWE/NWE/KOTHMA/LI/19/0126,NWE190159,Nuwara Eliya,Kothmale,2019-05-07,Mawela West,456B,"අංක 91/1, කොට්ටේගොඩ, මාවෙල, මාස්වෙල.",,,2019-06-09 00:00:00,0001-01-01,,,,,,7.074483,80.636399
Rock Fall,RF,NBRO/LRRMD-NWE/NWE/NUWARE/LI/19/0193,NWE190338,Nuwara Eliya,Nuwara Eliya,2019-07-26,Waltrim,475V,ඉහළ වෝල්ට්‍රිම් ජල විදුලි බලාගාරය - ලිඳුල,,,2019-07-24 00:00:00,0001-01-01,,,,,,6.905059,80.706654
Rock Fall,RF,NBRO/LRRMD-NWE/NWE/AMBAGA/LI/20/0001,NWE200001,Nuwara Eliya,Ambagamuwa,2020-07-22,Vidulipura North,315D,ටැප්ලෝ ජනපදය,"ටැප්ලෝ ජනපදය, විදුලිපුර.",ගිනිගත්හේන - දියගල හංදියේ සිට නෝර්ටන් මාර්ගයේ කිලෝමීටර 5ක පමණ දුරක් ගමන් කිරීමෙන් මෙම ස්ථානයට පි,2021-11-08 00:00:00,0001-01-01,,තීව්‍ර වර්ෂාපතනය,-,-,-,6.937328,80.510938
Rock Fall,RF,NBRO/LRRMD-NWE/NWE/AMBAGA/LI/20/0016,NWE200008,Nuwara Eliya,Ambagamuwa,2020-02-05,Millagahamula,316E,"කළුවාගල, පිටවල, මිල්ලගහමුල.","කළුවාගල, පිටවල, මිල්ලගහමුල.",ගිනිගත්හේන නගරයේ සිට අවිස්සාවේල්ල මාර්ගයේ ගමන් කරන විට හමු වන කළුගල හංදියෙන් ලක්ෂපාන මාර්ගයේ,2022-01-05 00:00:00,0001-01-01,,අධික වර්ෂාපතනය,,,,6.986536,80.454116
Rock Fall,RF,NBRO/LRRMD-NWE/NWE/HANGUR/LI/20/0053,NWE200058,Nuwara Eliya,Hanguranketha,2020-11-18,Udakanda,489C,"අංක 27, බටගොල්ල, උඩකන්ද, ඉල්ලගොල්ල",,,2020-11-19 00:00:00,0001-01-01,,,,,,7.15996824,80.806562675
Rock Fall,RF,NBRO/LRRMD-NWE/NWE/HANGUR/LI/20/0055,NWE200060,Nuwara Eliya,Hanguranketha,2020-11-23,Dimbulkumbura,484D,": කොබ්බෑකැටිය, දිඹුල්කුඹුර, රිකිල්ලගස්කඩ",,,2020-12-02 00:00:00,0001-01-01,,,,,,7.149095241,80.813286351
Rock Fall,RF,NBRO/LRRMD-NWE/NWE/AMBAGA/LI/20/0086,NWE200091,Nuwara Eliya,Ambagamuwa,2020-06-03,Watawala,320F,"දියගලවත්ත, වටවල.",,,2020-05-18 00:00:00,0001-01-01,,,,,,6.96237074,80.5197013
Rock Fall,RF,NBRO/LRRMD-NWE/NWE/NUWARE/LI/20/0107,NWE200115,Nuwara Eliya,Nuwara Eliya,2020-08-11,Yulefield,475Y,"ලයින් අංක 4, ලයින් අංක 5, ලයින් අංක 7, වෙලිංටන් කොටස - යුලිෆීල්ඩ් වතුයාය",,,2020-08-12 00:00:00,0001-01-01,,,,,,6.90231755,80.61344753
Rock Fall,RF,NBRO/LRRMD-NWE/NWE/WALAPA/LI/20/0161,NWE200241,Nuwara Eliya,Walapane,2020-01-02,Kosgolla,518A,"කොස්ගොල්ල, දියනිල්ල, වලපනේ.","කොස්ගොල්ල, දියනිල්ල, වලපනේ.",,0001-01-01,2019-12-09 00:00:00,,,,,,7.0864132571,80.92435592
Rock Fall,RF,NBRO/LRRMD-NWE/NWE/WALAPA/LI/20/0175,NWE200251,Nuwara Eliya,Walapane,2020-10-28,Madumana,506E,"මඩුමාන, වලපනේ","මඩුමාන, වලපනේ",නුවරඑලියේ සිට කඳපොල හරහා හයිෆොරස්ට් හන්‍දියෙන් හැරී කි.මි. 10ක්  ගමන් කලවිට ලියන්වල ග්‍රාමයේ අදා,2020-11-08 00:00:00,0001-01-01,,,,,,7.117553,80.831751
Rock Fall,RF,NBRO/LRRMD-NWE/NWE/WALAPA/LI/20/0187,NWE200259,Nuwara Eliya,Walapane,2020-01-02,Liyanwela Ihalagama,506D,"ලියන්වල, වලපනේ.","ලියන්වල, වලපනේ.",,2019-12-28 00:00:00,0001-01-01,,,,,,7.1175981,80.8321253285
Rock Fall,RF,NBRO/LRRMD-NWE/NWE/AMBAGA/LI/20/0215,NWE200287,Nuwara Eliya,Ambagamuwa,2020-07-03,Maskeliya,320A,"මස්කෙළිය වත්ත, මස්කෙළිය.",,"මස්කෙළිය නගරයේ සිට සමන් එළිය මහා විද්‍යාලය දක්වා දිවෙන මාර්ගයේ ගමන් කර මස්කෙළිය වත්තේ, මස්කෙළි",2020-07-06 00:00:00,0001-01-01,,,,,,6.829908,80.579852
Rock Fall,RF,NBRO/LRRMD-NWE/NWE/KOTHMA/LI/20/0242,NWE200314,Nuwara Eliya,Kothmale,2020-09-10,Kotagepitiya South,459A,කොටගේපිටිය - දකුණ,,කොත්මලේ සිට කඩදොර හන්දියෙන් මහවැලි සැය අසලින් දිවෙන මාර්ගයෙන් අදාළ ස්ථානයට ලඟාවියහැක.,2020-10-02 00:00:00,0001-01-01,,,,,,7.069575169,80.6260776764
Rock Fall,RF,NBRO/LRRMD-NWE/NWE/KOTHMA/LI/20/0243,NWE200315,Nuwara Eliya,Kothmale,2020-09-10,Kotagepitiya South,459A,කොටගේපිටිය,,කොත්මලේ සිට කඩදොර හන්දියෙන් මහවැලි සැය අසලින් දිවෙන මාර්ගයෙන් අදාළ ස්ථානයට ලඟාවියහැක.,2020-09-02 00:00:00,0001-01-01,,,,,,7.0722433,80.6178752066
Rock Fall,RF,NBRO/LRRMD-NWE/NWE/KOTHMA/LI/20/0244,NWE200316,Nuwara Eliya,Kothmale,2020-02-19,Madakumbura,468,"කයිප්පුගල වත්ත, නුගසෙවන කොටස,",,නුවරඑළියේ සිට තලවාකැලේ නගරයට ගොස් තලවාකැලේ කොත්මලේ මාර්ගයේ කි.මී 10ක් පමණ ගමන් කිරිමෙන් පසු අදාළ,2020-03-05 00:00:00,0001-01-01,,,,,,7.014020455,80.64802617
Rock Fall,RF,NBRO/LRRMD-NWE/NWE/HANGUR/LI/20/0257,NWE200329,Nuwara Eliya,Hanguranketha,2020-07-14,Agappala,498B,"අංක 32 අගප්පල, ඇකිරිය.",,රිකිල්ලගස්කඩ පල්ලෙ බෝවල මාර්ගයෙන් කිතුල්පේ පන්සල පසුකර කිලෝමීටර තුනක් පමණ ගමන් කිරීමෙන් අදාළ,2021-08-10 00:00:00,0001-01-01,,,,,,7.1403628,80.74631
Rock Fall,RF,NBRO/LRRMD-NWE/NWE/KOTHMA/LI/20/0260,NWE200332,Nuwara Eliya,Kothmale,2020-11-09,Ramboda,474,ඉහළ කඩවිදිය අසල,"ඉහළ කඩවිදිය අසල , රම්බොඩ",මහනුවර - නුවරඑළිය මාර්ගයේ රම්බොඩ ඉහළ කඩවිදිය අසලින් ඊසාන දෙසට දිවෙන අතුරු මාර්ගය ඔස්සේ ගමන් කර ම,2020-10-13 00:00:00,0001-01-01,,,,,,7.0559389859,80.7022184803
Rock Fall,RF,NBRO/LRRMD-NWE/NWE/NUWARE/LI/20/0270,NWE200342,Nuwara Eliya,Nuwara Eliya,2020-10-24,Nanuoya,476,ශාන්ත ක්ලෙයාර් වත්ත,,නුවරඑළිය හැටන් මාර්ගයේ තලවකැලේ පසුකර කිලෝමීටරයක් පමණ  ගමන් කිරීමේදි අදාල ස්ථානයට ළඟා විය හැකිය,2020-02-17 00:00:00,0001-01-01,,,,,,6.949807,80.641264
Rock Fall,RF,NBRO/LRRMD-NWE/NWE/WALAPA/LI/20/0280,NWE200352,Nuwara Eliya,Walapane,2020-10-28,Liyanwela Pahalagama,506B,"ලියන්වල, වලපනේ",,,2020-11-05 00:00:00,0001-01-01,,,,,,7.11759817,80.8321253285
Rock Fall,RF,NBRO/LRRMD-NWE/NWE/KOTHMA/LI/20/0355,NWE200482,Nuwara Eliya,Kothmale,2020-07-31,Beramana South,467C,"මහවැලිගම, විජයබාහුකන්ද, හැටන් හරහා","මහවැලිගම, විජයබාහුකන්ද, හැටන් හරහා",නුවරඑළියේ සිට නුවරඑළිය මහනුවර ප්‍රධාන මාර්ගයේ තවලන්තැන්න දක්වා පැමිණ පූඬළුඔය දෙසට ගමන් කිරීම,2020-07-30 00:00:00,0001-01-01,,,,,,6.982156,80.627184
Rock Fall,RF,NBRO/LRRMD-NWE/NWE/KOTHMA/LI/20/0366,NWE200503,Nuwara Eliya,Kothmale,2020-06-11,Thelissagala,460I,"අංක 01, හරංගල",,: නුවරඑළිය - ගොඩමඩිත්ත -නවතිස්පනේ මාර්ගයේ නවතිස්පනේ සිට කි.මී. 3ක් පමන ගොඩමඩිත්ත දෙසට ගමන් කිරීමෙන,2021-03-11 00:00:00,0001-01-01,,,,,,7.022164,80.592468
Rock Fall,RF,NBRO/LRRMD-NWE/NWE/KOTHMA/LI/20/0397,NWE200596,Nuwara Eliya,Kothmale,2020-06-30,Mawela West,456B,"තම්මිටිය, මාස්වෙල, මාවෙල",,නුවරඑළියේ මහනුවර ප්‍රධාන මාර්ගයේ තවලන්තැන්නට පැමිණ කොත්මලේ දෙසට ගමන් කිරීමේදී දකුණට මාවලට මා,2021-03-22 00:00:00,0001-01-01,,,,,,7.0700752,80.635442
Rock Fall,RF,NBRO/LRRMD-NWE/NWE/KOTHMA/LI/21/0001,NWE210001,Nuwara Eliya,Kothmale,2021-11-14,Nayapana,459C,නායාපාන ජනපදය,"නායාපාන ජනපදය, ගම්පොල.",ගම්පොල - පුස්සැල්ලැව මාර්ගයේ නුගවෙල හන්දියේ සිට නයාපාන ජනපද මාර්ගයේ කිලෝ මීටර 1ක්  පමණ ගිය තැන මෙ,2021-11-09 00:00:00,2021-11-09 00:00:00,-,අධික වර්ෂාපතනයත් සමග ජීර්ණය වූ පාෂාණ උදෘතයන්ගේ දුර්වල ස්ථර ඔස්සේ සිදුවූ ජලය  ගලා යෑම් මගින්,-,-,-,7.076603,80.591242
Rock Fall,RF,NBRO/LRRMD-NWE/NWE/KOTHMA/LI/21/0002,NWE210002,Nuwara Eliya,Kothmale,2021-11-14,Nayapana,459C,"නායාපාන ජනපදය, ගම්පොල","නායාපාන ජනපදය, ගම්පොල",ගම්පොල - පුස්සැල්ලැව මාර්ගයේ නුගවෙල හන්දියේ සිට නයාපාන ජනපද මාර්ගයේ කිලෝ මීටර 1ක්  පමණ ගිය තැන මෙ,2021-10-09 00:00:00,2021-11-09 00:00:00,,අධික වර්ෂාපතනයත් සමග ජීර්ණය වූ පාෂාණ උදෘතයන්ගේ දුර්වල ස්ථර ඔස්සේ සිදුවූ ජලය   ගලා යෑම් මගින්,-,-,-,7.076603,80.591242
Rock Fall,RF,NBRO/LRRMD-NWE/NWE/HANGUR/LI/21/0008,NWE210008,Nuwara Eliya,Hanguranketha,2021-11-26,Medagama,500B,"මැදගම, පල්ලේබෝවල","ගනේමංකඩ විහාරස්ථානය, මැදගම, පල්ලේබෝවල",නුවරඑළිය - වලපනේ ප්‍රධාන මාර්ගයේ ගමන් කොට රිකිල්ලගස්කඩ නගරයට පිවිස රිකිල්ලගස්කඩ නගරයේ සිට පල්ල,2021-12-21 00:00:00,2021-11-26 00:00:00,,අධික වර්ෂාපතනය,-,-,-,7.16075002618,80.73422937
Rock Fall,RF,NBRO/LRRMD-NWE/NWE/WALAPA/LI/21/0009,NWE210009,Nuwara Eliya,Walapane,2021-10-13,Goradiyagolla,524B,ගොරඩියගොල්ල.,"පල්ලමගාල, ගොරඩියගොල්ල, හරස්බැද්ද",නිල්දණ්ඩාහින්න නගරයේ සිට මීටර 500ක් පමණ මඩුල්ල දෙසට ගමන් කර ඉන් හරස්බැද්ද මාර්ගයේ   කි.මී 2ක් පමණ ගම,2021-12-17 00:00:00,0001-01-01,,,,,,7.022164,80.592468
Rock Fall,RF,NBRO/LRRMD-NWE/NWE/AMBAGA/LI/21/0012,NWE210012,Nuwara Eliya,Ambagamuwa,2021-11-15,Hebbekanda,314G,"පේරගොල්ල,","පේරගොල්ල, ගිනිගත්හේන",හැටන් - කොළබ මාර්ගයේ වමට ඇති පේරගොල්ල මාර්ගයේ හමුවන පේරගොල්ල බෝධිය අසලින් අදාළ ස්ථානයට ළඟා විය හ,2021-11-21 00:00:00,0001-01-01,,-,-,-,-,6.963962,80.494153
Rock Fall,RF,NBRO/LRRMD-NWE/NWE/WALAPA/LI/21/0075,NWE210065,Nuwara Eliya,Walapane,2021-12-31,Maha Uva,515E,"මහඌව වත්ත, 3 වන කොටස, ක්ෂේත්‍ර අංක 12,","මහඌව වත්ත, 3 වන කොටස, ක්ෂේත්‍ර අංක 12,",නුවරඑළිය - වලපනේ නගරයේ සිට කි.මී. 1ක් පමන ගිය තැන හමුවන මහ ඌව වත්ත වෙත ගමන් කරන මාර්ගයේ කි.මී. 3ක් පමන,2022-03-09 00:00:00,0001-01-01,,,,,,7.063481,80.872731
Rock Fall,RF,NBRO/LRRMD-NWE/NWE/AMBAGA/LI/21/0076,NWE210066,Nuwara Eliya,Ambagamuwa,2021-11-15,Hebbekanda,314G,"පේරගොල්ල, ගිනිගත්හේන","පේරගොල්ල, ගිනිගත්හේන",හැටන් - කොළබ මාර්ගයේ වමට ඇති පේරගොල්ල මාර්ගයේ හමුවන පේරගොල්ල බෝධිය අසලින් අදාළ ස්ථානයට ළඟා විය හ,2021-12-27 00:00:00,2021-08-31 00:00:00,,,,,,6.963962,80.494153
Rock Fall,RF,NBRO/LRRMD-NWE/NWE/KOTHMA/LI/21/0134,NWE210124,Nuwara Eliya,Kothmale,2021-10-12,Medakanda,469C,"මාවෙල කන්ද, මාස්වෙල.",,,2021-10-04 00:00:00,2021-10-01 00:00:00,07:30,,,,,7.073081,80.646802
Rock Fall,RF,NBRO/LRRMD-NWE/NWE/WALAPA/LI/21/0140,NWE210130,Nuwara Eliya,Walapane,2021-10-28,Ambaliyadda,531,531-අඹලියද්ද ප්‍රජාශාලාව,,B332 නුවර එළිය-උඩුපුස්සැල්ලාව මාර්ගයේ ගමන් කර ඇමෙස්ට් හංදියෙන් B627 රූපහ මාර්ගයට පිවිසි එම මාර්ගය ඔස,2021-11-09 00:00:00,0001-01-01,,,,,,7.019257,80.90393
Rock Fall,RF,NBRO/LRRMD-NWE/NWE/HANGUR/LI/21/0176,NWE210264,Nuwara Eliya,Hanguranketha,2021-02-12,Ampitigoda,508D,"මහවැව ජනපදය, අම්පිටිගොඩ, මතුරට",,,2021-02-14 00:00:00,0001-01-01,,,,,,7.0672799041,80.797121934
Rock Fall,RF,NBRO/LRRMD-NWE/NWE/AMBAGA/LI/21/0212,NWE210298,Nuwara Eliya,Ambagamuwa,2021-04-28,Ginigathhena,315A,"පේරගහමුල, ගිනිගත්හේන",,,2022-05-03 00:00:00,0001-01-01,,,,,,6.979929,80.503535
Rock Fall,RF,NBRO/LRRMD-NWE/NWE/WALAPA/LI/21/0217,NWE210305,Nuwara Eliya,Walapane,2021-11-11,Goradiyagolla,524B,"ගොරඩියගොල්ල, හරස්බැද්ද.",,,2021-11-19 00:00:00,0001-01-01,,,,,,7.07259,80.885003
Rock Fall,RF,NBRO/LRRMD-NWE/NWE/WALAPA/LI/21/0230,NWE210367,Nuwara Eliya,Walapane,2021-12-13,Sooriyagahapathana Pahala,533F,"රොක්ලන්ඩ් වත්ත, සදසිරිපුර",,,2021-12-13 00:00:00,0001-01-01,,,,,,7.013825,80.897683
Rock Fall,RF,NBRO/LRRMD-NWE/NWE/WALAPA/LI/21/0237,NWE210394,Nuwara Eliya,Walapane,2021-10-24,St. Leonard,533M,"ශාන්ත ලෙනාර්ඩ්, ඉහළ කොටස, පේලි නිවාස 33",,,2021-10-25 00:00:00,0001-01-01,,,,,,7.003088,80.857748
Rock Fall,RF,NBRO/LRRMD-NWE/NWE/WALAPA/LI/21/0288,NWE210453,Nuwara Eliya,Walapane,2021-01-27,Werellapathana,516C,"වැරැල්ලපතන, වලපනේ","වැරැල්ලපතන, වලපනේ",නුවරඑළිය - වලපනේ ප්‍රධාන මාර්ගයේ ගමන් කොට වලපනේ නගරය පසු කොට  වැරැල්ලපතන මංසන්ධියෙන් ඉල්ක්පතන ද,2021-05-15 00:00:00,0001-01-01,,,,,,7.078899,80.87826387
Rock Fall,RF,NBRO/LRRMD-NWE/NWE/WALAPA/LI/21/0289,NWE210454,Nuwara Eliya,Walapane,2021-12-14,Sooriyagahapathana Pahala,533F,"රොක්ලන්ඩ් වත්ත, රොක්ලන්ඩ් වත්ත කොටස, සදසිරිපුර","රොක්ලන්ඩ් වත්ත, රොක්ලන්ඩ් වත්ත කොටස, සදසිරිපුර",රාගල උඩුපුස්සැල්ලාව මාර්ගයේ ගමන් කර ඇමස්ට් හන්දියෙන් මඩුල්ල දෙසට ගමන් කර කිලෝ මීටර 4ක් පමණ ගමන්,2021-12-13 00:00:00,0001-01-01,,,,,,7.013825,80.897683
Rock Fall,RF,NBRO/LRRMD-NWE/NWE/HANGUR/LI/21/0303,NWE210464,Nuwara Eliya,Hanguranketha,2021-01-15,Ampitigoda,508D,"මහවැව ජනපදය, අම්පිටිගොඩ, මතුරට",,"නුවර එළිය - උඩපුස්සැල්ලාව ප්‍රධාන මාර්ගයේ ගමන් කොට, බෲක්සයිඩ් මංසන්ධියෙන් ගෝනපිටිය දෙසට ඇති මා",2021-02-14 00:00:00,0001-01-01,,,,,,7.0672799041,80.797121934
Rock Fall,RF,NBRO/LRRMD-NWE/NWE/KOTHMA/LI/21/0390,NWE210539,Nuwara Eliya,Kothmale,2021-10-14,Mawela Kanda,456C,"මාවෙල කන්ද, මාස්වෙල.",,,2021-10-04 00:00:00,0001-01-01,,,,,,7.073081,80.646802
Rock Fall,RF,NBRO/LRRMD-NWE/NWE/KOTHMA/LI/21/0421,NWE210608,Nuwara Eliya,Kothmale,2021-08-06,Kumbaloluwa,469,"චොයිසි මාවත, කුඹල්ඔලුව ගම. පුඩළුඔය","චොයිසි මාවත, කුඹල්ඔලුව ගම. පුඩළුඔය",නුවරඑළියේ සිට මහනුවර දක්වා පැමිණිමේදී තවලන්තැන්නෙන් පුඩළුඔය දෙසට හැරි ගමන් කිරිමේදී පුඩළුඔයෙ,2021-10-12 00:00:00,0001-01-01,,,,,,7.035667,80.659566
Rock Fall,RF,NBRO/LRRMD-NWE/NWE/KOTHMA/LI/21/0426,NWE210613,Nuwara Eliya,Kothmale,2021-11-27,Kotagepitiya North,459B,දවටගස් කොටස ප්‍රධාන මාර්ගය ( කොටගේපිටිය),දවටගස් කොටස ප්‍රධාන මාර්ගය ( කොටගේපිටිය),මාවෙල මාස්වෙල මාර්ගයේ මහවැලිසෑය විහාරය අසලින් ඇති දවටගස් මාර්ගයේ මහවැලි සෑය අසල සිට කි.මී. 4.2 ක්,2021-11-24 00:00:00,0001-01-01,,,,,,7.079805,80.619401
Rock Fall,RF,NBRO/LRRMD-NWE/NWE/KOTHMA/LI/21/0429,NWE210616,Nuwara Eliya,Kothmale,2021-10-12,Malhewa,472A,"බී 45, මැද කොටුව, මල්හෑව.",,නුවර එලිය - මහනුවර මාර්ගයෙන් තවලම්තැන්න හන්දියෙන් පූඩලුඔය මාර්ගයේ ගමන් කර අඹතලාව ප්‍රදේශයේදි ම,2021-10-04 00:00:00,0001-01-01,,,,,,7.051348,80.68874
Rock Fall,RF,NBRO/LRRMD-NWE/NWE/KOTHMA/LI/21/0474,NWE210700,Nuwara Eliya,Kothmale,2021-10-01,Kumbaloluwa,469,"චොයිසි මාවත, කුඹලඔළුව ගම.",,තවලම්තැන්න-පූඩලුඔය මර්ගයේ ගමන් කර චොයිසි මාවතට හැරී චොයිසි මාවතේ කිලෝමීටර 3ක පමන දුරක් ගමන් කර අ,2021-07-12 00:00:00,0001-01-01,,,,,,7.035559,80.659621
Rock Fall,RF,NBRO/LRRMD-NWE/NWE/HANGUR/LI/22/0077,NWE220058,Nuwara Eliya,Hanguranketha,2022-02-08,Metibembiya,512A,"මැටිබැඹිය, ගල්පොත්තාවල, එළමුල්ල","මැටිබැඹිය, ගල්පොත්තාවල, එළමුල්ල",නුවරඑළිය - වලපනේ ප්‍රධාන මාර්ගයේ ගමන්කොට පදියපැලැල්ල නගරය පසු කර එළමුල්ල දෙසට ඇති මාර්ගයේ කිලෝ,2022-05-21 00:00:00,0001-01-01,,අධික වර්ෂාපතනය,-,-,-,7.067723055,80.7844797614
Rock Fall,RF,NBRO/LRRMD-NWE/NWE/WALAPA/LI/22/0081,NWE220061,Nuwara Eliya,Walapane,2022-03-09,Ambaliyadda,531,"තැන්නවත්ත, අඹලියද්ද","තැන්නවත්ත, අඹලියද්ද",නුවරඑළිය -උඩු පුස්සැල්ලාව (B332) මාර්ගයේ ගමන් කර ඇමස්ථි හන්දිය අසලින් රුපහ (B627) මාර්ගයට පිවිස ගමන් කර,2022-04-24 00:00:00,0001-01-01,,,-,-,-,7.019946,80.902085
Rock Fall,RF,NBRO/LRRMD-NWE/NWE/WALAPA/LI/22/0112,NWE220122,Nuwara Eliya,Walapane,2022-01-11,Wathulanda West,530B,වතුලන්ද ප්‍රජා ශාලාව හා ඒ අවට නිවාස,"මඩුල්ල,කුරුපනාවෙල",,2022-01-07 00:00:00,2021-12-11 00:00:00,,,,,,7.015925,80.909766
Rock Fall,RF,NBRO/LRRMD-NWE/NWE/KOTHMA/LI/22/0113,NWE220123,Nuwara Eliya,Kothmale,2022-03-08,Delunthalamada,473A,"දෙළුන්තලාමඩ, ක‍ටුකිතුල.","දෙළුන්තලාමඩ, ක‍ටුකිතුල.",නුවරඑළිය - මහනුවර ප්‍රධාන මාර්ගයේ ගමන්කොට තවලන්තැන්න මංසන්ධියෙන් පූඬලුඔය දෙසට ඇති මාර්ගයේ කිල,2022-03-01 00:00:00,0001-01-01,,,,,,7.0710986573,80.665552373
Rock Fall,RF,NBRO/LRRMD-NWE/NWE/HANGUR/LI/22/0126,NWE220435,Nuwara Eliya,Hanguranketha,2022-08-16,Bambaragama West,499F,"352 A, දෙල්පත්කඩ, පල්ලේබෝවල","352 A, දෙල්පත්කඩ, පල්ලේබෝවල",නුවරඑළිය - වලපනේ ප්‍රධාන මාර්ගයේ ගමන්කොට පදියපැලැල්ල නගරය පසු කර රිකිල්ලගස්කඩ නගරයේ සිට පල්ලේබ,2022-09-29 00:00:00,0001-01-01,,,,,,7.138810646,80.7317061
Rock Fall,RF,NBRO/LRRMD-NWE/NWE/KOTHMA/LI/22/0234,NWE220485,Nuwara Eliya,Kothmale,2021-11-26,Palagolla,474C,"අලුත් කොටස, රම්බොඩවත්ත, රම්බොඩ","අලුත් කොටස, රම්බොඩවත්ත, රම්බොඩ",නුවරඑළිය-මහනුවර (A5) ප්‍රධාන මාර්ගය භාවිතා කර කිලෝමීටර 20ක් පමණ ගමන්කර රම්බොඩ ආශ්‍රිතව කොණ්ඩගල පිහ,2022-06-17 00:00:00,2021-11-11 00:00:00,,අධික වර්ෂාපතනය,,,,7.031835,80.703885
Rock Fall,RF,NBRO/LRRMD-NWE/NWE/AMBAGA/LI/22/0338,NWE220638,Nuwara Eliya,Ambagamuwa,2022-08-05,Dehigasthenna,314F,"අඹතළාව, දෙහිගස්තැන්න","අඹතළාව, දෙහිගස්තැන්න",ගිනිගත්හේන නගරයේ සිට අඹතළාව මාර්ගයේ කිලෝමීටර 4ක් පමණ ගමන් කිරීමෙන් මෙම ස්ථානයට පිවිසිය හැකිය.,2022-09-07 00:00:00,0001-01-01,,,,,,6.964251,80.505696
Rock Fall,RF,NBRO/LRRMD-NWE/NWE/KOTHMA/LI/22/0358,NWE220671,Nuwara Eliya,Kothmale,2022-10-15,Thispane Kanda,462A,"තිස්පනේ කන්ද, නවතිස්පනේ","තිස්පනේකන්ද,  නවතිස්පනේ, නාවලපිටිය.",,2023-01-13 00:00:00,0001-01-01,,,,,,7.048101,80.605717
Rock Fall,RF,NBRO/LRRMD-NWE/NWE/AMBAGA/LI/22/0363,NWE220677,Nuwara Eliya,Ambagamuwa,2022-11-21,Theeniyagala,315,"තිනියගල, ගිණිගත්හේන","තීනියගල, ගිණිගත්හේන",ගිණිගත්හේන නගරයේ සිට දිවෙන ඇල්ල උඩ - තීනියගල මාර්ගයේ ගමන්කරන විට හමුවන පේරගොල්ල මාර්ගයේ කිලෝමී,2023-02-10 00:00:00,0001-01-01,,සිදුවීමක් සිදුව නොමැත.,-,-,-,6.980523,80.491879
Rock Fall,RF,NBRO/LRRMD-NWE/NWE/HANGUR/LI/22/0140,NWE220800,Nuwara Eliya,Hanguranketha,2022-08-22,Bambaragama West,499F,"352 A, දෙල්පත්කඩ, පල්ලේබෝවල",,,2022-09-29 00:00:00,0001-01-01,,,,,,7.138810646,80.7317061
Rock Fall,RF,NBRO/LRRMD-NWE/NWE/WALAPA/LI/23/0125,NWE230580,Nuwara Eliya,Walapane,2023-11-22,Naranthalawa,514A,නාරංතලාව ගම අතුරු මාර්ගය,නාරංතලාව ගම අතුරු මාර්ගය,නුවරඑළිය - වලපනේ ප්‍රධාන මාර්ගයේ ගමන්කොට වලපනේ නගරය පසු කර නාරංතලාව මංසන්ධියේ සිට කිලෝමීටරයක්,2023-10-10 00:00:00,0001-01-01,,,,,,7.13007,80.84021
Rock Fall,RF,NBRO/LRRMD-NWE/NWE/WALAPA/LI/23/0133,NWE230621,Nuwara Eliya,Walapane,2023-12-13,Delmar,533L,"ශ්‍රී ධර්මාශෝක විහාරය, ගෝඩන් වත්ත, උඩපුස්සැල්ලාව","ශ්‍රී ධර්මාශෝක විහාරය, ගෝඩන් වත්ත, උඩපුස්සැල්ලාව",නුවරඑළිය - වලපනේ ප්‍රධාන මාර්ගයේ ගමන් කර රාගල නගරය පසු කොට රාගල - උඩපුස්සැල්ලාව ප්‍රධාන මාර්ගයේ,2023-09-22 00:00:00,0001-01-01,,,,,,6.983433,80.875051
Rock Fall,RF,NBRO/LRRMD-NWE/NWE/KOTHMA/LI/23/0139,NWE230663,Nuwara Eliya,Kothmale,2023-12-31,Maswela,457,මාවෙල  මාස්වෙල,මාවෙල  මාස්වෙල,ආසන්නතම සිදුවීම 2023 ඔක්‍තෝබර් මස 22 වන  දින පස්වරු 3ත් 3.30ත් අතර සිදුවී ඇති අතර මීට වසර ගණනාවක් තිස්සේ,2023-10-23 00:00:00,0001-01-01,,,,,,7.075647,80.638915
Rock Fall,RF,NBRO/LRRMD-NWE/NWE/HANGUR/LI/23/0145,NWE230669,Nuwara Eliya,Hanguranketha,2023-12-31,Makempe,498C,"හක්මන වලව්ව, මාකෙම්පේ, ඇකිරිය","හක්මන වලව්ව, මාකෙම්පේ, ඇකිරිය",නුවරඑළිය නගරයේ සිට නුවරඑළිය වලපනේ ප්‍රධාන මාර්ගයේ ගමන් කොට පදියපැලැල්ල නගරයෙන් රිකිල්ලගස්කඩ,2023-12-13 00:00:00,0001-01-01,,,,,,7.136433,80.7614266
Rock Fall,RF,NBRO/LRRMD-NWE/NWE/HANGUR/LI/24/0082,NWE240351,Nuwara Eliya,Hanguranketha,2024-07-15,Welapahala,481D,"කඳුරකඩේ, පදියපැලැල්ල","කඳුරකඩේ, පදියපැලැල්ල","කඳුරකඩේ, පදියපැලැල්ල",2024-06-28 00:00:00,0001-01-01,,,,,,7.10498,80.799295
Rock Fall,RF,NBRO/LRRMD-NWE/NWE/WALAPA/LI/24/0181,NWE240655,Nuwara Eliya,Walapane,2024-11-09,Goradiyagolla,524B,ගොරඩියගොල්ල මාර්ගය ආශ්‍රිත ප්‍රදේශයේ,,,2019-11-08 00:00:00,0001-01-01,,,,,,7.075807,80.888988
Rock Fall,RF,NBRO/LRRMD-NWE/NWE/AMBAGA/LI/24/0193,NWE240681,Nuwara Eliya,Ambagamuwa,2024-11-12,Vidulipura North,315D,මප/හැ විදුලිපුර මහා විද්‍යාලය,මප/හැ විදුලිපුර මහා විද්‍යාලය,නෝර්ටන්බ්‍රිජ් ජලාශ වේල්ලේ සිට හැටන් දෙසට වූ මාර්ගයේ මීටර 200ක පමණ දුරක් ගමන් කිරීමෙන් මෙම ස්ථාන,2024-10-02 00:00:00,0001-01-01,,,,,,6.911464,80.521179
Rock Fall,RF,NBRO/LRRMD-NWE/NWE/KOTHMA/LI/25/0009,NWE250262,Nuwara Eliya,Kothmale,2025-01-09,Dunsinane,468N,"ක්ෂේත්‍ර අංක 4, පහල කොටස, ඩන්සිනන් වත්ත",,,2024-12-04 00:00:00,0001-01-01,,,,,,7.006481,80.69093
Rock Fall,RF,NBRO/LRRMD-NWE/NWE/KOTHMA/LI/25/0040,NWE250374,Nuwara Eliya,Kothmale,2025-04-04,Kudaoya,474B,"අංක බී 145/1, කුඩාඔය, ලබුකැලේ",,නුවරඑළිය නගරයේ සිට මහනුවර මාර්ගයේ කි.මි. 10ක් පමන ගමන්කර දකුණු දිශාවට ඇති අතුරු මාර්ගයකට හැරී එහි,2025-04-04 00:00:00,0001-01-01,,,,,,7.010578,80.736598
Rock Fall,RF,NBRO/LRRMD-NWE/NWE/WALAPA/LI/25/0042,NWE250462,Nuwara Eliya,Walapane,2025-02-11,Demataarawa,518F,"වත්තේගෙදර, මඩුල්ල, උඩුපුස්සැල්ලාව",,"වලපනේ - නිල්දණ්ඩාහින්න මාර්ගය දිගේ ගමන් කොට, දඹගොල්ල - මඩුල්ල මාර්ගයට පිව්ස එම මාර්ගයේ දඹගොල්ල ව",2025-05-22 00:00:00,0001-01-01,,,,,,7.061002,80.909005
Rock Fall,RF,NBRO/LRRMD-NWE/NWE/AMBAGA/LI/25/0052,NWE250505,Nuwara Eliya,Ambagamuwa,2025-06-17,Millagahamula,316E,කළුගල - ලක්ෂපාන මාර්ගයේ බ්‍රෝඩ්ලන්ඩ් තේ කර්මාන්තශාලාව අසළ,,,2025-06-17 00:00:00,0001-01-01,,,,,,6.983455,80.453167
Rock Fall,RF,NBRO/LRRMD-NWE/NWE/AMBAGA/LI/25/0114,NWE250734,Nuwara Eliya,Ambagamuwa,2025-07-23,Hatton West,319C,"අංක 756, කුඩාගම, හැටන්",,,2025-09-18 00:00:00,0001-01-01,,,,,,6.912548,80.589066
Rock Fall,RF,NBRO/LRRMD-NWE/NWE/AMBAGA/LI/25/0124,NWE250774,Nuwara Eliya,Ambagamuwa,2025-05-05,Dehigasthenna,314F,"අඹතලාව, ගිනිගත්හේන",,ගිනිගත්හේන නගරයෙන් පවතින ඇල්ලඋඩ මාර්ගයේ කිලෝමීටර 6ක් පමණ ගමන් කිරීමේදී මාර්ගයේ වම් පස අදාළ නිව,2025-09-29 00:00:00,0001-01-01,,,,,,6.967874,80.501975
Rock Fall,RF,NBRO/LRRMD-NWE/NWE/AMBAGA/LI/25/0125,NWE250775,Nuwara Eliya,Ambagamuwa,2025-09-29,Dehigasthenna,314F,"අඹතලාව, ගිනිගත්හේන",,ගිනිගත්හේන නගරයෙන් පවතින ඇල්ලඋඩ මාර්ගයේ කිලෝමීටර 8ක් පමණ ගමන් කිරීමේදී මාර්ගයේ වම් පස උක්ත ගල්,2025-09-29 00:00:00,0001-01-01,,,,,,6.95826,80.50523
Rock Fall,RF,NBRO/LRRMD-RTP/RTP/AYAGAM/LI/17/0329,RTP170584,Ratnapura,Ayagama,2017-10-12,Vithanagama,193B,උඩගෙදර කන්ද,,,0001-01-01,0001-01-01,,,,,,6.66393,80.31083
Rock Fall,RF,NBRO/LRRMD-RTP/RTP/WELIGE/LI/17/0604,RTP170867,Ratnapura,Weligepola,2017-12-04,Ammaduwa,221B,"හාන්ඳුගම,  ඕපාත  සහ අම්මඩුව",,,0001-01-01,0001-01-01,,,,,,6.54163,80.66408
Rock Fall,RF,NBRO/LRRMD-RTP/RTP/ELAPAT/LI/19/0014,RTP190014,Ratnapura,Elapatha,2019-12-18,Gangulvitiya,183C,"අක්කර 35, ඇලපාත, රත්නපුර",,,2021-12-08 00:00:00,0001-01-01,,,,,,6.654655,80.363916
Rock Fall,RF,NBRO/LRRMD-RTP/RTP/ELAPAT/LI/19/0015,RTP190015,Ratnapura,Elapatha,2019-08-29,Weragama,184A,"අළුපත්ගල, වේරගම",,,2021-12-09 00:00:00,0001-01-01,,,,,,6.66785,80.32425
Rock Fall,RF,NBRO/LRRMD-RTP/RTP/IMBULP/LI/19/0017,RTP190017,Ratnapura,Imbulpe,2019-11-08,Bolthumbe,267,"බොල්තුඹේ,ඉඹුල්පේ","බොල්තුඹේ,ඉඹුල්පේ",,2021-11-30 00:00:00,2019-10-10 00:00:00,,,,,,6.73056,80.66652
Rock Fall,RF,NBRO/LRRMD-RTP/RTP/OPANAY/LI/19/0041,RTP190041,Ratnapura,Opanayaka,2019-04-30,Malmeekanda,244B,"මල්මීකන්ද,කෝන්කැටිය හේන්යාය,ඕපනායක","මල්මීකන්ද,කෝන්කැටිය හේන්යාය,ඕපනායක",,2021-12-19 00:00:00,2021-04-01 00:00:00,,,,,,6.719331,80.669854
Rock Fall,RF,NBRO/LRRMD-RTP/RTP/EHELIY/LI/20/0023,RTP200025,Ratnapura,Eheliyagoda,2020-09-17,Ganegoda,138B,"112, උතුරු මිටිපොල, ගනේගොඩ","112, උතුරු මිටිපොල, ගනේගොඩ",රත්නපුර - කොළඹ මාර්ගයේ මෝරගල හන්දියෙන් සදර්ලෑන්ඩ් වතුයාය දෙසට පවතින මාර්ගයේ ගමන් කිරීමෙන් ලඟාව,2021-11-22 00:00:00,2017-10-10 00:00:00,,,,,,6.855766,80.2333266
Rock Fall,RF,NBRO/LRRMD-RTP/RTP/EHELIY/LI/20/0024,RTP200026,Ratnapura,Eheliyagoda,2020-09-16,Moragala,136D,"අංක 470/A, රජමහා විහාර මාවත, මෝරගල, ඇහැලියගොඩ","අංක 470/A, රජමහා විහාර මාවත, මෝරගල, ඇහැලියගොඩ",රත්නපුර - අවිස්සාවේල්ල මාර්ගයේ ගමන් කරන විට හමුවන මෝරගල හන්දියෙන් හැරී අඹන්මලුව රජමහාවිහාර මාව,2021-11-15 00:00:00,2020-10-10 00:00:00,,,,,,6.855766,80.2333266
Rock Fall,RF,NBRO/LRRMD-RTP/RTP/RATNAP/LI/20/0039,RTP200041,Ratnapura,Ratnapura,2020-05-27,Weralupe,152B,"අංක 75, සමන් පෙදෙස, රත්නපුර","අංක 75, සමන් පෙදෙස, රත්නපුර",,2021-12-24 00:00:00,2020-05-01 00:00:00,,,,,,6.692454,80.389646
Rock Fall,RF,NBRO/LRRMD-RTP/RTP/RATNAP/LI/20/0054,RTP200056,Ratnapura,Ratnapura,2020-10-15,Alupola,165B,"මුගුණකන්දවැල්ල, වේවැල්වත්ත, රත්නපුර",,,2021-11-25 00:00:00,2020-10-11 00:00:00,,,,,,6.699042,80.558554
Rock Fall,RF,NBRO/LRRMD-RTP/RTP/RATNAP/LI/20/0083,RTP200085,Ratnapura,Ratnapura,2020-05-27,Kospelavinna,153D,"50/96, වෙරළුප පන්සල පාර, ගල්ඇන්ද, රත්නපුර","50/96, වෙරළුප පන්සල පාර, ගල්ඇන්ද, රත්නපුර",වෙරළුප හන්දියෙන් හැරී වෙරළුප පාරේ ගමන් කර වෙරළුප පන්සල අසලින් ගල්ඇන්ද ප්‍රදේශයේ ගල්ඇන්ද බස්රථ,2021-10-08 00:00:00,2020-05-19 00:00:00,,,,,,6.698196,80.402912
Rock Fall,RF,NBRO/LRRMD-RTP/RTP/KURUVI/LI/20/0316,RTP200318,Ratnapura,Kuruvita,2020-05-25,Devipahala,160A,"ඉහල ගම, දෙවිපහල, කුරුවිට","ඉහල ගම, දෙවිපහල, කුරුවිට",,2020-06-11 00:00:00,0001-01-01,,,,,,6.8317865,80.3576512
Rock Fall,RF,NBRO/LRRMD-RTP/RTP/KURUVI/LI/20/0331,RTP200333,Ratnapura,Kuruvita,2020-09-20,Pathberiya West,127B,"කොට්ටුන්න, පරකඩුව","කොට්ටුන්න, පරකඩුව",,2020-10-02 00:00:00,0001-01-01,,,,,,6.8489285,80.2996152
Rock Fall,RF,NBRO/LRRMD-RTP/RTP/KURUVI/LI/20/0332,RTP200334,Ratnapura,Kuruvita,2020-09-07,Amuhenkanda,146A,"මිල්ලවිටිය කන්ද, අමුහෙන්කන්ද","මිල්ලවිටිය කන්ද, අමුහෙන්කන්ද",,2020-09-25 00:00:00,0001-01-01,,,,,,6.834385,80.291571
Rock Fall,RF,NBRO/LRRMD-RTP/RTP/KURUVI/LI/20/0347,RTP200349,Ratnapura,Kuruvita,2020-09-13,Pathberiya,127,"කොට්ටුන්න, පරකඩුව","කොට්ටුන්න, පරකඩුව",,2020-10-02 00:00:00,0001-01-01,,,,,,6.8489285,80.2996152
Rock Fall,RF,NBRO/LRRMD-RTP/RTP/OPANAY/LI/21/0093,RTP210090,Ratnapura,Opanayaka,2021-02-04,Kendaketiya,245B,"කැන්දකැටිය, ඕපනායක",,,2022-02-20 00:00:00,0001-01-01,,,,,,6.6361,80.64803
Rock Fall,RF,NBRO/LRRMD-RTP/RTP/RATNAP/LI/21/0178,RTP210175,Ratnapura,Ratnapura,2021-11-03,Bambarabotuwa,164A,"පැලෑඳගම, වේවැල්වත්ත",,,2022-04-05 00:00:00,0001-01-01,,,,,,6.706044,80.541565
Rock Fall,RF,NBRO/LRRMD-RTP/RTP/AYAGAM/LI/21/0190,RTP210187,Ratnapura,Ayagama,2021-12-21,Pitakanda,193F,"බෝගහවංගුව, තේ ජනපදය, අයගම",,,2022-06-15 00:00:00,2021-12-21 00:00:00,,,,,,6.6456433,80.288413
Rock Fall,RF,NBRO/LRRMD-RTP/RTP/OPANAY/LI/21/0260,RTP210257,Ratnapura,Opanayaka,2021-11-08,Madola,246,"මාදොල, ඕපනායක",,,2021-12-09 00:00:00,0001-01-01,,,,,,6.8271083,80.358378
Rock Fall,RF,NBRO/LRRMD-RTP/RTP/RATNAP/LI/21/0277,RTP210274,Ratnapura,Ratnapura,2021-11-10,Batugedara,181,"නො:28/2, පරණ පාර, බටුගෙදර, රත්නපුර","නො:28/2, පරණ පාර, බටුගෙදර, රත්නපුර",බටුගෙදර හංදියෙන් හැරී පරණ පාරෙහි සම්බෝධි විහාරස්ථානයට යන මාර්ගය පසුකර මඳ දුරක් ගිය විට දකුණු ප,2021-12-09 00:00:00,2018-10-10 00:00:00,,,,,,6.674188,80.416327
Rock Fall,RF,NBRO/LRRMD-RTP/RTP/EHELIY/LI/21/0302,RTP210299,Ratnapura,Eheliyagoda,2021-10-20,Paleegala,141B,"241/A/02, පලීගල, ඇහැලියගොඩ",,,2021-11-02 00:00:00,2021-10-05 00:00:00,,,,,,6.83549,80.235983
Rock Fall,RF,NBRO/LRRMD-RTP/RTP/KURUVI/LI/21/0305,RTP210302,Ratnapura,Kuruvita,2021-11-01,Meneripitiya,127C,ගල්පුස්සැල්ලාව මාර්ගය,ගල්පුස්සැල්ලාව මාර්ගය,රත්නපුර - අවිස්සාවේල්ල මාර්ගයේ ගල් පුස්සැල්ලාව හන්දියෙන් වමට පවතින ගල්පුස්සැල්ලාව මාර්ගයේ කි,2021-11-02 00:00:00,2021-10-31 00:00:00,,,,,,6.8176683,80.3158166
Rock Fall,RF,NBRO/LRRMD-RTP/RTP/KURUVI/LI/21/0306,RTP210303,Ratnapura,Kuruvita,2021-10-06,Pathberiya West,127B,"වැටුම්වල, බටහිර පත්බේරිය","වැටුම්වල, බටහිර පත්බේරිය",රත්නපුර සිට ඇහැලියගොඩ දක්වා ගමන් කරන විට හමුවන පරකඩුව හන්දියෙන් හැරී මීටර් 500ක් පමණ ගමන් කළ විට හ,2021-10-07 00:00:00,2021-10-06 00:00:00,,,,,,6.847125,80.304365
Rock Fall,RF,NBRO/LRRMD-RTP/RTP/KIRIEL/LI/21/0334,RTP210331,Ratnapura,Kiriella,2021-11-12,Idangoda,145B,"අළුකැටියවත්ත, ඉඩංගොඩ, කිරිඇල්ල",,,2021-10-06 00:00:00,2020-11-05 00:00:00,,,,,,6.73350166,80.2804666
Rock Fall,RF,NBRO/LRRMD-RTP/RTP/RATNAP/LI/21/0352,RTP210349,Ratnapura,Ratnapura,2021-10-20,Meehitiya,163B,"දන්කුඹුර, මීහිටිය, මල්වල, රත්නපුර",,,2021-09-15 00:00:00,0001-01-01,,,,,,6.70905,80.54212
Rock Fall,RF,NBRO/LRRMD-RTP/RTP/RATNAP/LI/21/0376,RTP210373,Ratnapura,Ratnapura,2021-07-13,Bambarabotuwa,164A,"හෙට්ටිගම, වේවැල්වත්ත, රත්නපුර","හෙට්ටිගම, වේවැල්වත්ත, රත්නපුර",රත්නපුර නගරයේ සිට වේවැල්වත්ත මාර්ගයේ බඹරබොටුව නවෝද්‍යා විද්‍යාලය අසලට පැමිණ ප්‍රධාන මාර්ගයේ,2021-06-28 00:00:00,0001-01-01,,,,,,6.70905,80.54212
Rock Fall,RF,NBRO/LRRMD-RTP/RTP/AYAGAM/LI/21/0388,RTP210385,Ratnapura,Ayagama,2021-06-30,Gangodakanda,193C,"ගමික්කන්ද, පල්ලෙකඩ, අයගම","ගමික්කන්ද, පල්ලෙකඩ, අයගම",අයගම- ගවගිරිය  මාර්ගයේ අඹගහවංගුව මංසන්ධියේ සිට හැරැස්ස මාර්ගයේ  කිලෝ මීටර  2.5ක් පමණ ගමන් කිරීමෙන්,2021-07-13 00:00:00,0001-01-01,,,,,,6.65763,80.28237
Rock Fall,RF,NBRO/LRRMD-RTP/RTP/GODAKA/LI/21/0408,RTP210405,Ratnapura,Godakawela,2021-06-04,Buluwana,233C,"ඉඹුලහේන, බුළුවාන, අටකලම්පන්න",,,2021-06-14 00:00:00,0001-01-01,,,,,,6.54098,80.6128
Rock Fall,RF,NBRO/LRRMD-RTP/RTP/KAHAWA/LI/21/0437,RTP210434,Ratnapura,Kahawatta,2021-06-04,Bungiriya,230C,"නො:10, මොරපොලවත්ත, කහවත්ත","නො:10, මොරපොලවත්ත, කහවත්ත",කහවත්ත නගරයේ සිට ඇත්දාන මාර්ගයෙන් බුංගිරිය මාර්ගයට හැරී කිලෝමීටරයක් පමණ ගමන් කිරීමෙන් හමුවන ම,2021-07-28 00:00:00,2021-04-13 00:00:00,,,,,,6.56286,80.56815
Rock Fall,RF,NBRO/LRRMD-RTP/RTP/NIVITH/LI/21/0440,RTP210437,Ratnapura,Nivithigala,2021-06-29,Horanekarakanda,177C,"කරවිට ජනපදය, උඩ කරවිට",,,2021-05-30 00:00:00,2021-05-30 00:00:00,,,,,,6.56085,80.42886
Rock Fall,RF,NBRO/LRRMD-RTP/RTP/AYAGAM/LI/21/0566,RTP210563,Ratnapura,Ayagama,2021-12-23,Ayagama,193,අයගම,"සභාව අසල, අයගම",අයගම ගවරගිරිය මාර්ගයේ ප්‍රදේශිය සභාව අසල,2023-02-28 00:00:00,0001-01-01,,,,,,6.642229,80.30612
Rock Fall,RF,NBRO/LRRMD-RTP/RTP/AYAGAM/LI/21/0567,RTP210564,Ratnapura,Ayagama,2021-12-23,Ayagama,193,අයගම,සභාව අසල අයගය,අයගම ගවරගිරිම මාර්ගයේ අයගම ප්‍රදේශිය සභාව අසල,2023-02-28 00:00:00,0001-01-01,,,,,,6.6425299,80.3068016
Rock Fall,RF,NBRO/LRRMD-RTP/RTP/AYAGAM/LI/21/0569,RTP210566,Ratnapura,Ayagama,2021-12-21,Paragala,194,"පරගල, අයගම","700 වත්ත, පරගල, අයගම",අයගම කලවාන මාර්ගයේ 700 වත්ත මාාර්ගයේ.,2023-01-24 00:00:00,0001-01-01,,,,,,6.6116066,80.33739
Rock Fall,RF,NBRO/LRRMD-RTP/RTP/GODAKA/LI/22/0048,RTP220194,Ratnapura,Godakawela,2022-02-03,Malwatta,237C,"නාවලේකන්ද හේන කොටස,මාකදුර,කහවත්ත",,,2022-03-10 00:00:00,0001-01-01,,,,,,6.557104,80.632976
Rock Fall,RF,NBRO/LRRMD-RTP/RTP/GODAKA/LI/22/0049,RTP220195,Ratnapura,Godakawela,2022-02-03,Makandura,233A,"බස්නාකන්ද, මාකදුර (සබර), කහවත්ත",,,2022-03-10 00:00:00,0001-01-01,,,,,,6.557294,80.634565
Rock Fall,RF,NBRO/LRRMD-RTP/RTP/KALAWA/LI/22/0093,RTP220490,Ratnapura,Kalawana,2022-01-14,Rambuka,201,"රඹුක, බටේමුල්ල, රක්වාන",,,2022-02-15 00:00:00,0001-01-01,,,,,,6.46347,80.51199
Rock Fall,RF,NBRO/LRRMD-RTP/RTP/KURUVI/LI/22/0100,RTP220497,Ratnapura,Kuruvita,2022-03-10,Endiriyanwala,160,"ඇඳිරියන්වල, වැල්ලවල හේන්යාය , කුරුවිට",,,2022-03-25 00:00:00,0001-01-01,,,,,,6.83352,80.38533
Rock Fall,RF,NBRO/LRRMD-RTP/RTP/RATNAP/LI/22/0103,RTP220508,Ratnapura,Ratnapura,2022-04-22,Weralupe,152B,"93/1, සමන් පෙදෙස, රත්නපුර",,,2022-04-06 00:00:00,0001-01-01,,,,,,6.693754,80.388162
Rock Fall,RF,NBRO/LRRMD-RTP/RTP/RATNAP/LI/22/0217,RTP220765,Ratnapura,Ratnapura,2022-06-22,Kospelavinna,153D,"150/32/A, ගෝල්ඩන් ග්‍රෝව්, කොස්පැලවින්න, රත්නපුර",,,2022-06-17 00:00:00,2022-06-02 00:00:00,,,,,,6.701568,80.401397
Rock Fall,RF,NBRO/LRRMD-RTP/RTP/KAHAWA/LI/22/0534,RTP221033,Ratnapura,Kahawatta,2022-11-28,Endana,227B,සමරකන්ද,"පුරාණගල්ලෙන් විහාරස්ථාන භූමිය, සමරකන්ද.",,2023-01-16 00:00:00,2022-12-09 00:00:00,,අවිධිමත් භුමි පරිභෝජනය,,,,6.525012,80.528504
Rock Fall,RF,NBRO/LRRMD-RTP/RTP/KALAWA/LI/22/0649,RTP221149,Ratnapura,Kalawana,2022-06-15,Koswatta,197B,"314/5, මානාන, බටහිර  දොලහේන, කලවාන","314/5, මානාන, බටහිර  දොලහේන, කලවාන",,2022-07-11 00:00:00,0001-01-01,,,,,,6.53442,80.3951133
Rock Fall,RF,NBRO/LRRMD-RTP/RTP/ELAPAT/LI/22/0668,RTP221168,Ratnapura,Elapatha,2022-05-17,Dambuluwana,189,"1/70, දම්බුළුවන, රත්නපුර","1/70, දම්බුළුවන, රත්නපුර",,2022-08-17 00:00:00,2022-05-14 00:00:00,,,,,,6.710686,80.334785
Rock Fall,RF,NBRO/LRRMD-RTP/RTP/KURUVI/LI/22/0743,RTP221244,Ratnapura,Kuruvita,2022-09-01,Pathberiya West,127B,"වැටුම්මල, පරකඩුව","වැටුම්මල, පරකඩුව",,2022-09-05 00:00:00,0001-01-01,,,,,,6.849208,80.30672
Rock Fall,RF,NBRO/LRRMD-RTP/RTP/PELMAD/LI/22/0783,RTP221284,Ratnapura,Pelmadulla,2022-10-18,Dewalegama,171D,"පාළුගම්පල,සන්නස්ගම,ලෙල්ලොපිටිය.","පාළුගම්පල,සන්නස්ගම,ලෙල්ලොපිටිය.",,2022-10-25 00:00:00,0001-01-01,,,,,,6.644378,80.483847
Rock Fall,RF,NBRO/LRRMD-RTP/RTP/BALANG/LI/22/0796,RTP221297,Ratnapura,Balangoda,2022-09-05,Meddekanda,254A,"අලුත් ගෙදර, බුලත්ගම, බලංගොඩ","අලුත් ගෙදර, බුලත්ගම, බලංගොඩ",,2022-11-10 00:00:00,0001-01-01,,,,,,6.672508,80.6075368
Rock Fall,RF,NBRO/LRRMD-RTP/RTP/KALAWA/LI/22/0842,RTP221343,Ratnapura,Kalawana,2022-12-31,Davugalagama,196F,"දවුගලගම,  කලවාන","දවුගලගම,  කලවාන",,2022-11-23 00:00:00,0001-01-01,,,,,,6.498525,80.3965483
Rock Fall,RF,NBRO/LRRMD-RTP/RTP/OPANAY/LI/22/0844,RTP221363,Ratnapura,Opanayaka,2022-08-29,Liyanagoda,241A,"වටවනකුඔුර, අකරැල්ල, ඕපනායක","වටවනකුඔුර, අකරැල්ල, ඕපනායක",රත්නපුර - බලන්ගොඩ මාර්ගයේ ඕපනායක පසු කොට හමුවන උඩවෙල මංසන්දියෙන් දකුණු දෙසට වූ අකරැල්ල මාර්ගයේ,2023-05-18 00:00:00,0001-01-01,,පාංශු ඛාදනය,,,,6.584745,80.673192
Rock Fall,RF,NBRO/LRRMD-RTP/RTP/KOLONN/LI/23/0071,RTP230339,Ratnapura,Kolonna,2023-05-11,Wijeriya,203,"22/3/සී,කිවුල,විජේරිය","22/3/සී,කිවුල,විජේරිය",බුළුතොට-කොලොන්න මාර්ගයේ කැකුණගස් ආර දොළ අසල,2023-09-12 00:00:00,0001-01-01,,,,,,6.420466,80.65781166
Rock Fall,RF,NBRO/LRRMD-RTP/RTP/ELAPAT/LI/23/0116,RTP230460,Ratnapura,Elapatha,2023-06-12,Elapatha,185,"අක්කර 65, ඇලපාත","අක්කර 65, ඇලපාත",රත්නපුර-පලාවෙල මාර්ගයේ ඇලපත ප්‍රදේශිය ලේඛම් කාර්්‍යාලය අසලින් පවතින දම්මේ මාර්ගයේ දම්මේ ප්‍ර,2023-06-26 00:00:00,0001-01-01,,,,,,6.6587633,80.3638116
Rock Fall,RF,NBRO/LRRMD-RTP/RTP/EHELIY/LI/23/0136,RTP230490,Ratnapura,Eheliyagoda,2023-06-22,Hindurangala,142A,"42/A/1,හිදුරංගල,කිරිඇල්ල","42/A/1,හිදුරංගල,කිරිඇල්ල",නැදුරන-කිරිඇල්ල මාර්ගයේ හිදුරංගල කිලෝමිටර 4 කණුව අසල,2023-06-22 00:00:00,0001-01-01,,,,,,6.7715516,80.258405
Rock Fall,RF,NBRO/LRRMD-RTP/RTP/PELMAD/LI/23/0166,RTP230554,Ratnapura,Pelmadulla,2023-07-14,Welimaluwa,172A,"පහල දෙමලගම්මන,මුල්ලක්කඩ,වැලිමළුව","පහල දෙමලගම්මන,මුල්ලක්කඩ,වැලිමළුව","රත්නපුර සිට පැල්මඩුල්ලට ගොස් වමට හැරී ගමන් කල විට වැලිමළුව බෝධිය හමු වේ, එතනින් ගෝනකුඹුර මාර්ගය",2024-05-15 00:00:00,0001-01-01,,,,,,6.6795738,80.462349
Rock Fall,RF,NBRO/LRRMD-RTP/RTP/RATNAP/LI/23/0231,RTP230764,Ratnapura,Ratnapura,2023-09-08,Dewalegawa,151,"බෝඹුගල කන්ද,දේවාලෙගාව,රත්නපුර","බෝඹුගල කන්ද,දේවාලෙගාව,රත්නපුර",නැගෙනහිර ගනේගොඩ මාර්ගයේ කිලෝමිටර 1ක් පමණ ගමන් කළ පසු හමු වේ.,2023-09-19 00:00:00,0001-01-01,,,,,,6.69315166,80.38602166
Rock Fall,RF,NBRO/LRRMD-RTP/RTP/NIVITH/LI/23/0265,RTP230843,Ratnapura,Nivithigala,2023-09-27,Yakdehiwatta,174A,"යටිකඳුරාව,දෑල","යටිකඳුරාව,දෑල",තිරිවානාකැටිය-කළවාන මාර්ගයේ කිලෝමිටර 6 -7 කණුව අතර,2023-09-05 00:00:00,0001-01-01,,,,,,6.6083566,80.4538333
Rock Fall,RF,NBRO/LRRMD-RTP/RTP/RATNAP/LI/23/0402,RTP231132,Ratnapura,Ratnapura,2023-11-06,Ratnapura Town West,152F,"අංක 51/ 4, කොළඹ පාර, රත්නපුර","අංක 51/ 4, කොළඹ පාර, රත්නපුර",කොළඹ රත්නපුර මාර්ගයේ මොරගයට හංදිය පසු කර රත්නපුර නගරය දෙසට යන විට රෝයල් හෙද විදුහල අසලින් දකුණු,2024-05-06 00:00:00,2023-10-10 00:00:00,,,,,,6.683256,80.398187
Rock Fall,RF,NBRO/LRRMD-RTP/RTP/RATNAP/LI/23/0409,RTP231139,Ratnapura,Ratnapura,2023-11-07,Weralupe,152B,"අංක 40/ 10, සමන්පෙදෙස, රත්නපුර","අංක 40/ 10, සමන්පෙදෙස, රත්නපුර",කොළඹ රත්නපුර මාර්ගයේ අරවින්ද මාවතේ කිලෝමීටර 1ක් පමණ ගමන් කළ පසු හමු වේ.,2024-01-19 00:00:00,0001-01-01,,,,,,6.693065,80.390265
Rock Fall,RF,NBRO/LRRMD-RTP/RTP/RATNAP/LI/23/0467,RTP231197,Ratnapura,Ratnapura,2023-11-15,Kahangama,151B,"40 කණුව, කහංගම, රත්නපුර.","40 කණුව, කහංගම, රත්නපුර.",රත්නපුර සිට පානදුර මාර්ගය ඔස්සේ 40 කණුව දෙසට පැමිණීමෙන් අදාල ස්ථානයට ලගා විය.,2024-05-06 00:00:00,0001-01-01,,,,,,6.6980234,80.3716568
Rock Fall,RF,NBRO/LRRMD-RTP/RTP/KOLONN/LI/23/0529,RTP231275,Ratnapura,Kolonna,2023-11-24,Omalpe,217,"අංක 29/බී,03, මනන්දොල, ඕමල්පේ","අංක 29/බී,03, මනන්දොල, ඕමල්පේ",රත්නපුර සිට පනාමුර හන්දියට ගොස් ඌරුබොක්ක මාර්ගයේ ගොස් ඕමල්පේ පන්සල පසු කල විට මාර්ගයේ වම් පසින,2024-09-25 00:00:00,2023-10-23 00:00:00,06:00,අධික වර්ෂාපතනය,,,,6.3277734,80.6990147
Rock Fall,RF,NBRO/LRRMD-RTP/RTP/KOLONN/LI/23/0729,RTP231534,Ratnapura,Kolonna,2023-12-15,Nandanagama,205C,"මහායාය ගම,නන්දනගම,කොලොන්න","මහායාය ගම,නන්දනගම,කොලොන්න",රත්නපුර සිට පැල්මඩුල්ලට ගොස් ඇඹිලිපිටිය මාර්ගයේ ගමන් කර පනාමුර මාර්ගයට හැරී කිලෝමීටර 15ක් පමණ ග,2024-09-25 00:00:00,0001-01-01,,අධික වර්ෂාපතනය,,,,6.3738359,80.7387583
Rock Fall,RF,NBRO/LRRMD-RTP/RTP/BALANG/LI/23/0750,RTP231571,Ratnapura,Balangoda,2023-12-20,Thumbagoda,256C,පල්ලෙවෙල,"137,රාස්සගල පාර,පල්ලෙවෙල,බලංගොඩ",බලංගොඩ රස්සගල පාරේ 1.5 km පමන ගිය විට හමුවන පල්ලෙවෙල පරේ ගිය විට මෙම ස්ථානය හමු වේ.,2023-12-14 00:00:00,2023-12-12 00:00:00,,අවිධිමත් භූමි පරිහරණ රටාව/ අධික වර්ෂාව,,,,6.665381,80.692113
Rock Fall,RF,NBRO/LRRMD-RTP/RTP/KALAWA/LI/24/0082,RTP240176,Ratnapura,Kalawana,2024-01-23,Hangarangala,196D,"හඟරංගල,කලවාන","හඟරංගල,කලවාන",රත්නපුර කලවාන ප්‍රධාන මාර්ගයේ කලවාන දෙසට ගොස් හගරංගල මංසන්ධියෙන් හැරී කිලෝමීටර 2 ක් පමණ ගිය විට,2024-05-29 00:00:00,0001-01-01,,,,,,6.5091698,80.4337034
Rock Fall,RF,NBRO/LRRMD-RTP/RTP/KOLONN/LI/24/0094,RTP240196,Ratnapura,Kolonna,2024-01-18,Buthkanda,205A,"නෑදොල,බුත්කන්ද","නෑදොල,බුත්කන්ද",රත්නපුර සිට කොලොන්නට ගොස් සූරියකන්ද මාර්ගයේ බුත්කන්දට ගමන් කල පසු අදාල ස්ථානය හමුවේ.,2024-12-04 00:00:00,2023-11-28 00:00:00,,අධික වර්ෂාපතනය,,,,6.3968434,80.6548332
Rock Fall,RF,NBRO/LRRMD-RTP/RTP/KALAWA/LI/24/0154,RTP240329,Ratnapura,Kalawana,2024-02-20,Kudawa,198B,"බුත්කන්ද,කුඩව","බුත්කන්ද,කුඩව",රත්නපුර කලවාන මාර්ගයේ කලවාන දෙසට ගොස් කලවාන නගරයෙන් වැද්දගල මාර්ගයේ ගමන් කර කුඩව ප්‍රදේශයේදී බ,2024-08-26 00:00:00,0001-01-01,,,,,,6.4541933,80.410235
Rock Fall,RF,NBRO/LRRMD-RTP/RTP/BALANG/LI/24/0255,RTP240644,Ratnapura,Balangoda,2024-05-05,Massenna,254,"කටුකන්දකැටිය,පහල මස්සැන්න,බලංගොඩ","කටුකන්දකැටිය,පහල මස්සැන්න,බලංගොඩ","කොළඹ- රත්නපුර මාර්ගයේ බලන්ගොඩ දෙසට ගමන් කර බලන්ගොඩ, බාන්ස් රත්වත්ත මාර්ගයට පිවිසෙන්න. එහි ඉදිරි",2024-11-11 00:00:00,0001-01-01,,,,,,6.653618,80.676942
Rock Fall,RF,NBRO/LRRMD-RTP/RTP/KURUVI/LI/24/0308,RTP240733,Ratnapura,Kuruvita,2024-05-22,Pathberiya West,127B,පරකඩුව,"කොට්ටුන්න, පරකඩුව",,2024-05-20 00:00:00,2024-05-14 00:00:00,,,,,,6.8475499,80.3019916
Rock Fall,RF,NBRO/LRRMD-RTP/RTP/EHELIY/LI/24/0309,RTP240734,Ratnapura,Eheliyagoda,2024-05-22,Sirisamanpura,143E,"120/1,සමන්පුර කරදන","120/1,සමන්පුර කරදන",රත්නපුර සිට ඇහැලියගොඩට ගොස් වමට හැරී ඇරෑපොල මාර්ගයේ ගමන් කොට දකුණට හැරී මිටිපොල මාර්ගයේ ගොස් ද,2024-10-01 00:00:00,0001-01-01,,,,,,6.7847889,80.2258325
Rock Fall,RF,NBRO/LRRMD-RTP/RTP/ELAPAT/LI/24/0408,RTP240918,Ratnapura,Elapatha,2024-06-18,Weragama,184A,"වේරගම,උඩනිරිඇල්ල","වේරගම,උඩනිරිඇල්ල",රත්නපුර ඇලපාත මාර්ගයේ ඇලපාත දෙසට ගමන් කර නැවත ඇලපාත පලාවෙල මාර්ගයේ ගොස්  කෙහෙල්ඕවිටගම වේරගම මා,2024-07-12 00:00:00,2024-06-02 00:00:00,,අධික වර්ෂාපතනය,,,,6.6642861,80.3435051
Rock Fall,RF,NBRO/LRRMD-RTP/RTP/ELAPAT/LI/24/0411,RTP240921,Ratnapura,Elapatha,2024-06-18,Palawela,184D,"කඩුවනත්ත හේන,පලාවෙල,උඩනිරිඇල්ල,රත්නපුර","කඩුවනත්ත හේන,පලාවෙල,උඩනිරිඇල්ල,රත්නපුර",රත්නපුර සිට පලාවෙල හන්දියට ගොස් දකුණට හැරී මීටර 100ක් පමණ ගිය පසු දකුණට හැරී කඩුවනත්තහේන මාර්ගයේ,2024-07-09 00:00:00,0001-01-01,,,,,,6.655622,80.353356
Rock Fall,RF,NBRO/LRRMD-RTP/RTP/ELAPAT/LI/24/0563,RTP241130,Ratnapura,Elapatha,2024-06-26,Karangoda,186,"අංක 44,කොටාමුල්ල,තැන්නවත්ත,කරංගොඩ","අංක 44,කොටාමුල්ල,තැන්නවත්ත,කරංගොඩ",රත්නපුර ඇලපාත මාර්ගයේ ඇලපාත දෙසට ගමන් කර කොටාමුල්ල හංදියෙන් දකුණට හැරී දම්බුළුවන මාර්ගයේ ගමන්,2024-09-24 00:00:00,2024-06-02 00:00:00,,අධික වර්ෂාපතනය,,,,6.6744604,80.3797318
Rock Fall,RF,NBRO/LRRMD-RTP/RTP/AYAGAM/LI/24/0693,RTP241304,Ratnapura,Ayagama,2024-07-12,Pitakanda,193F,"තේ ජනපදය,අයගම","තේ ජනපදය, අයගම, අක්කර 08",තේ ජනපදය ප්‍රජාශාලාව අසලින් මීටර 500 පමණ උඩට ගිය විට නිවස හමුවේ.,2025-03-21 00:00:00,0001-01-01,,අවධානම් බෝල්ධර නීරීක්ෂණය වීම.,,,,6.6458005,80.2796311
Rock Fall,RF,NBRO/LRRMD-RTP/RTP/RATNAP/LI/24/0799,RTP241526,Ratnapura,Ratnapura,2024-08-05,Kospelavinna,153D,"ගෝල්ඩන් ග්‍රෝව්, කොස්පැලවින්න",,,2025-01-10 00:00:00,2024-07-01 00:00:00,,අඩික වර්ෂාව සහ අවිඩිමත්‍ භූමි පරිහරණය,,,,6.699773,80.40276
Rock Fall,RF,NBRO/LRRMD-RTP/RTP/KALAWA/LI/24/0833,RTP241566,Ratnapura,Kalawana,2024-08-08,Koswatta,197B,"කොස්වත්ත, කලවාන",,,0001-01-01,0001-01-01,,,,,,6.51164,80.385853
Rock Fall,RF,NBRO/LRRMD-RTP/RTP/KALAWA/LI/24/0861,RTP241665,Ratnapura,Kalawana,2024-08-29,Kukulegama South,195B,"දකුණු කුකුලේගම, කලවාන","දකුණු කුකුලේගම, කලවාන",රත්නපුර කලවාන මාර්ගයේ ගමන් කර කලවාන නගරයට පැමිණ කලවාන නගරයෙන් කලවාන මතුගම මාර්ගයේ කිලෝමීටර 5 ක්,2024-08-26 00:00:00,2024-06-01 00:00:00,,අධික වර්ෂාපතනය,,,,6.5213954,80.3540199
Rock Fall,RF,NBRO/LRRMD-RTP/RTP/GODAKA/LI/24/0869,RTP241679,Ratnapura,Godakawela,2024-08-22,Bibilegama East,223,"හපුගස්තැන්න, ගොඩකවෙල","හපුගස්තැන්න, ගොඩකවෙල","රත්නපුර - වැල්ලවාය - මඩකලපුව මාර්ගයෙන් පැල්මඩුල්ලටත්, පල්මඩුල්ලෙන්  , පැල්මඩුල්ල - ඇඹිලිපිටිය  මා",2024-10-14 00:00:00,2024-08-20 00:00:00,06:00,,,,,6.4680161,80.664575
Rock Fall,RF,NBRO/LRRMD-RTP/RTP/RATNAP/LI/24/0870,RTP241688,Ratnapura,Ratnapura,2024-09-04,Gileemale North,162,"ඉදුරුව, ගිලිමලේ","ඉදුරුව, ගිලිමලේ","රත්නපුර-වේවැල්වත්ත මාර්ගයේ ගමන් කර , මල්වල හන්දිය පසු කර, මල්වල සිරිපාගම මාර්ගයේ කි.මී. 7.5ක් පමන ගම",2024-12-24 00:00:00,0001-01-01,,,,,,6.7544351,80.4240193
Rock Fall,RF,NBRO/LRRMD-RTP/RTP/KURUVI/LI/24/0909,RTP241819,Ratnapura,Kuruvita,2024-10-01,Erathna,161,"අංක 352, බටහිර ගඟබඩ, එරත්න","අංක 352, බටහිර ගඟබඩ, එරත්න",රත්නපුර සිට කුරුවිටට ගොස් දකුණට හැරී එරත්න මාර්ගයේ මුත්තෙට්ටුකන්දට ගොස් වමට හැරී මීටර 500ක් පමණ,2025-01-27 00:00:00,2024-09-12 00:00:00,,අධික වර්ෂාපතනය,,,,6.8529541,80.3916869
Rock Fall,RF,NBRO/LRRMD-RTP/RTP/EHELIY/LI/24/0942,RTP241915,Ratnapura,Eheliyagoda,2024-10-24,Ganegoda,138B,"අංක 71/2/බී, ගනේගොඩ, ගැටහැත්ත","අංක 71/2/බී, ගනේගොඩ, ගැටහැත්ත",රත්නපුර සිට ඇහැලියගොඩට පසුකර මීන්නානට ගොස් වමට හැරී ඉද්දමල්ගොඩ මාර්ගයේ ගමන් කර ඉද්දමල්ගොඩ විද,2025-02-13 00:00:00,0001-01-01,,අධික වර්ෂාපතනය,,,,6.8708834,80.2374204
Rock Fall,RF,NBRO/LRRMD-RTP/RTP/KURUVI/LI/24/0993,RTP242093,Ratnapura,Kuruvita,2024-11-28,Adavikanda,161B,අඩවිකන්ද- පලාදෙණිය මාර්ගය,අඩවිකන්ද- පලාදෙණිය මාර්ගය,රත්නපුර සිට කුරුවිටට ගොස් වමට හැරී එරත්න මාර්ගයේ අඩවිකන්දට ගොස් දකුණට හැරී පලාදෙණිය මාර්ගයේ මී,2024-11-13 00:00:00,2024-11-12 00:00:00,18:00,අධික වර්ෂාපතනය,,,,6.829891,80.424688
Rock Fall,RF,NBRO/LRRMD-RTP/RTP/BALANG/LI/24/1012,RTP242134,Ratnapura,Balangoda,2024-11-27,Jahinkanda,254D,"ජාසිංකන්ද, මස්සැන්න, බලංගොඩ","ජාසිංකන්ද, මස්සැන්න, බලංගොඩ",රත්නපුර සිට බලංගොඩ නගරයට ගොස් ආනන්ද මෛත්‍රී මාවතේ කිලෝමීටර 2ක් පමණ ගොස් මස්සැන්න මාර්ගයේ කිලෝම,2025-01-22 00:00:00,0001-01-01,,අධික වර්ෂාපතනය,,,,6.664493,80.671458
Rock Fall,RF,NBRO/LRRMD-RTP/RTP/RATNAP/LI/24/1027,RTP242157,Ratnapura,Ratnapura,2024-10-28,Kahangama,151B,"40 කණුව, කහංගම, රත්නපුර","40 කණුව, කහංගම, රත්නපුර",රත්නපුර පානදුර මාර්ගයේ පානදුර දෙසට ගමන් කර 40 කණුව ප්‍රදේශයට ළගා වීමෙන් අදාල ස්ථානයට ළගා විය.,0001-01-01,0001-01-01,,,,,,6.6980234,80.3716568
Rock Fall,RF,NBRO/LRRMD-RTP/RTP/KAHAWA/LI/24/1072,RTP242268,Ratnapura,Kahawatta,2024-12-16,Panapitiya North,226A,"උතුරු පනාපිටිය, කහවත්ත","උතුරු පනාපිටිය, කහවත්ත",කන්දපනාපිටිය මාර්ගයේ කි.මී. 6ක් පමන ගමන් කල පසු  මෙම නිවස හමුවේ.,2025-01-08 00:00:00,0001-01-01,,,,,,6.5337212,80.54926
Rock Fall,RF,NBRO/LRRMD-RTP/RTP/EHELIY/LI/24/1091,RTP242322,Ratnapura,Eheliyagoda,2024-12-27,Karandana North,143,"දොරේ වත්ත, උතුරු කරඳන, කරඳන","දොරේ වත්ත, උතුරු කරඳන, කරඳන",රත්නපුර සිට ඇහැලියගොඩ පසු ක්‍ර ගැටහැත්තට ගොස් වමට හැරී කරදන මාර්ගයේ උතුරු කරදන දොරේවත්ත ප්‍රදේ,2025-03-25 00:00:00,0001-01-01,,අධික වර්ෂාපතනය,,,,6.7923936,80.2277051
Rock Fall,RF,NBRO/LRRMD-RTP/RTP/KALAWA/LI/24/1113,RTP242350,Ratnapura,Kalawana,2024-12-31,Hangarangala,196D,"හගරංගල, කලවාන","හගරංගල, කලවාන",රත්නපුර සිට කලවාන දෙසට ගොස් වමට හැරී හගරංගල මාර්ගයේ කිලෝමීටර 2.5ක් පමණ ගොස් දකුණට හැරී මීටර 50ක් පම,2025-02-17 00:00:00,0001-01-01,,අධික වර්ෂාපතනය,,,,6.5160462,80.4224847
Rock Fall,RF,NBRO/LRRMD-RTP/RTP/AYAGAM/LI/25/0019,RTP250084,Ratnapura,Ayagama,2025-01-10,Gawaragiriya,192,"වතුකාරගම, ගවරගිරිය","වතුකාරගම, ගවරගිරිය",රත්නපුර පානදුර මාර්ගයේ ගමන් කර හැරණියාවක මංසන්ධියෙන් හැරී කිරිඇල්ල නගරයට ගමන් කර කිරිඇල්ල නගර,2025-01-06 00:00:00,2024-12-29 00:00:00,,අධික වර්ෂාපතනය,,,,6.6593884,80.2513383
Rock Fall,RF,NBRO/LRRMD-RTP/RTP/KIRIEL/LI/25/0030,RTP250119,Ratnapura,Kiriella,2025-01-23,Idangoda,145B,"නාරංගස්හේන, ඉඩංගොඩ, කිරිඇල්ල","නාරංගස්හේන, ඉඩංගොඩ, කිරිඇල්ල",රත්නපුර සිට පානදුර මාර්ගයේ ඉඩංගොඩ මංසන්ධියට ගොස් ද්කුණට හැරී මීටර 20ක් ගොස් දකුණට හැරී කොන්ක්‍ර,2025-01-23 00:00:00,2024-12-15 00:00:00,,,,,,6.7454429,80.2745779
Rock Fall,RF,NBRO/LRRMD-RTP/RTP/AYAGAM/LI/25/0047,RTP250196,Ratnapura,Ayagama,2025-01-30,Sinhalagoda,190A,"සිංහලගොඩ පහල වත්ත, මැද ගලතුර, සිංහලගොඩ, කඩ මණ්ඩිය","සිංහලගොඩ පහල වත්ත, මැද ගලතුර, සිංහලගොඩ, කඩ මණ්ඩිය",රත්නපුර පානදුර මාර්ගයේ ගමන් කර හැරණියාවක මංසන්ධියෙන් හැරී අයගම දෙසට ගමන් කර සිංහලගොඩ ප්‍රදේශය,2024-12-12 00:00:00,0001-01-01,,අධික වර්ෂාපතනය,,,,6.6845631,80.2871134
Rock Fall,RF,NBRO/LRRMD-RTP/RTP/IMBULP/LI/25/0127,RTP250392,Ratnapura,Imbulpe,2025-03-06,Bolthumbe,267,"බොල්තුඹේ, පින්නවල",ආර්.එම්. භද්‍රා,බොල්තුඹේ දේවාලය මාර්ගයේ මීටර 700ක් පමන දුරින්,2025-04-03 00:00:00,0001-01-01,,අධික වර්ශාව,,,,6.7198372,80.671159
Rock Fall,RF,NBRO/LRRMD-RTP/RTP/NIVITH/LI/25/0142,RTP250484,Ratnapura,Nivithigala,2025-03-14,Pinkanda,174D,"නව පිංකන්ද, නො. 01, උඩ කරවිට","නව පිංකන්ද, නො. 01, උඩ කරවිට",රත්නපුර පැල්මඩුල්ල මාර්ගයේ ගමන් කර තිරිවානකැටිය මංසන්ධියෙන් හැරී නිවිතිගල මාර්ගයේ ගමන් කර අද,2025-01-28 00:00:00,2025-01-25 00:00:00,,අධික වර්ෂාපතනය,,,,6.5865709,80.4284817
Rock Fall,RF,NBRO/LRRMD-RTP/RTP/EHELIY/LI/25/0152,RTP250513,Ratnapura,Eheliyagoda,2025-03-21,Eheliyagoda Watta,126D,"425/ඊ, කෙහෙල්වරාව පාලම, මින්නාන පාර, ඇහැලියගොඩ","425/ඊ, කෙහෙල්වරාව පාලම, මින්නාන පාර, ඇහැලියගොඩ",රත්නපුර සිට ඇහැලියගොඩ දෙසට ගොස් දකුණට හැරී පනාවල මාර්ගයේ කිලෝමීටර 2ක් පමණ ගිය පසු අදාල නිවස හමුව,2025-03-25 00:00:00,0001-01-01,,වතු සමාගමේ ගස් ඉවත් කිරීම,,,,6.8690846,80.2740057
Rock Fall,RF,NBRO/LRRMD-RTP/RTP/KAHAWA/LI/25/0153,RTP250514,Ratnapura,Kahawatta,2025-03-24,Weladura,230A,"බුදු මැදුර අසල, වැල්ලදුර, කහවත්ත","බුදු මැදුර අසල, වැල්ලදුර, කහවත්ත",රත්නපුර සිට කහවත්තට ගොස් යයින්න මාර්ගයේ ගමන්කර බුදු මැදුර අසලින් වමට ගමන්කල පසු අදාල නිවස හමුව,2025-03-24 00:00:00,2025-03-20 00:00:00,,අධික වර්ෂාපතනය,,,,6.560759,80.5713272
Rock Fall,RF,NBRO/LRRMD-RTP/RTP/OPANAY/LI/25/0167,RTP250613,Ratnapura,Opanayaka,2025-04-08,Polwattahena,244D,"අසමානකන්ද, පොල්වත්ත, ඕපනායක","අසමානකන්ද, පොල්වත්ත, ඕපනායක",,2025-05-22 00:00:00,0001-01-01,,අධික වර්ශාවත් සමඟ ගල් පෙරලීම්,,,,6.6398056,80.5911397
Rock Fall,RF,NBRO/LRRMD-RTP/RTP/AYAGAM/LI/25/0173,RTP250619,Ratnapura,Ayagama,2025-04-10,Pitakanda,193F,"පිටකන්ද, අයගම","බස්නාහිර පාර,හතරහවුල් හේන, පිටකන්ද, අයගම",රත්නපුර නගරයේ සිට අයගමට ගොස් අයගම-ගවරගිරිය මාරගයේ කිලෝමීටර 7ක් පමණ ගිය පසුහමුවන තේ ජනපදය පාසල මා,2025-04-09 00:00:00,2025-04-07 00:00:00,04:00,,,,,6.6254372,80.290857
Rock Fall,RF,NBRO/LRRMD-RTP/RTP/KURUVI/LI/25/0208,RTP250699,Ratnapura,Kuruvita,2025-04-30,Adavikanda,161B,අඩවිකන්ද,"පැලෑන්දකන්ද, අඩවිකන්ද",රත්නපුර නගරයේ සිට කුරුවිටට ගොස් එරත්න මාර්ගයේ අඩවිකන්දට ගොස් ශ්‍රීපාද පිවිසුම් මාර්ගයේ මෙම නි,2025-04-23 00:00:00,2025-04-22 00:00:00,04:00,,,,,6.8365504,80.426091
Rock Fall,RF,NBRO/LRRMD-RTP/RTP/KAHAWA/LI/25/0274,RTP250884,Ratnapura,Kahawatta,2025-05-30,Yainna,229,"මනනකන්ද, යායින්න, කහවත්ත","මනනකන්ද, යායින්න, කහවත්ත",,2025-05-27 00:00:00,2025-05-25 00:00:00,,අධික වර්ෂාපතනය,,,,6.565451,80.552326
Rock Fall,RF,NBRO/LRRMD-RTP/RTP/AYAGAM/LI/25/0344,RTP251056,Ratnapura,Ayagama,2025-06-19,Ayagama,193,"ප්‍රාෙද්ශීය සභාව අසල, අයගම","ප්‍රාදෙශීය සභාව අසල, බෝගහවෙල, අයගම",රත්නපුර පානදුර මාර්ගයේ ගමන් කර හැරණියාවක මංසන්ධියෙන් හැරී අයගම නගරයට ගොස් අයගම නගරයෙන් ගවරගිර,2025-06-10 00:00:00,0001-01-01,,අධික වර්ෂාපතනය,,,,6.6442169,80.30702
Rock Fall,RF,NBRO/LRRMD-RTP/RTP/AYAGAM/LI/25/0345,RTP251057,Ratnapura,Ayagama,2025-06-19,Pitakanda,193F,"පාසල අසල, තේ ජනපදය, අයගම","පාසල අසල, තේ ජනපදය, අයගම",රත්නපුර පානදුර මාර්ගයේ ගමන් කර හැරණියාවක මංසන්ධියෙන් හැරී අයගම නගරයට ගමන් කර ඈගල් ඔය දෙසට ගමන්,2025-06-30 00:00:00,0001-01-01,,අධික වර්ෂාපතනය,,,,6.6331004,80.2895044
Rock Fall,RF,NBRO/LRRMD-RTP/RTP/GODAKA/LI/25/0352,RTP251076,Ratnapura,Godakawela,2025-06-19,Rakwana North,231,ස්ටබිඩන් වතුයාය,,,2025-06-18 00:00:00,0001-01-01,,,,,,6.4648139,80.6196102
Rock Fall,RF,NBRO/LRRMD-RTP/RTP/KAHAWA/LI/25/0368,RTP251110,Ratnapura,Kahawatta,2025-06-24,Weladura,230A,"වැල්ලදුර, කහවත්ත","57/ ගමගෙදර ,වලේවත්ත, වැල්ලදුර, කහවත්ත",රත්නපුර නගරයේ සිට කහවත්ත යායින්න හන්දියට ගොස් වමට හැරී කිලෝමීටර 2ක් පමණ ගිය පසු මෙම ස්ථනය හමු වේ,2025-06-25 00:00:00,0001-01-01,,අධික වර්ෂාපතනය,,,,6.5573308,80.571369
Rock Fall,RF,NBRO/LRRMD-RTP/RTP/KOLONN/LI/25/0379,RTP251139,Ratnapura,Kolonna,2025-06-25,Ittakanda,203A,"නො. 05, උඩවත්ත, ඉත්තෑකන්ද","නො. 05, උඩවත්ත, ඉත්තෑකන්ද",රත්නපුර සිට කොලොන්නට ගොස් සූරියකන්ද මාර්ගයේ ගමන් කර ඉත්තෑකන්ද පසුකර වමට හැරී විජේරිය මාර්ගයේ ග,2025-06-17 00:00:00,2025-06-04 00:00:00,,අධික වර්ෂාපතනය,,,,6.4121344,80.6439641
Rock Fall,RF,NBRO/LRRMD-RTP/RTP/IMBULP/LI/25/0383,RTP251143,Ratnapura,Imbulpe,2025-06-27,Seelogama,274,සඳුන්ගිර හෝටලය,"සඳුන්ගිර හෝටලය, බෙලිහුලොය, ඉඹුල්පෙ",,2025-06-20 00:00:00,2025-06-13 00:00:00,,අදික වර්ශාව,,,,6.7176469,80.7640034
Rock Fall,RF,NBRO/LRRMD-RTP/RTP/EMBILI/LI/25/0415,RTP251208,Ratnapura,Embilipitiya,2025-07-03,Sankhapala,224F,"වැල්ලෑව, සංකපාල",,,2025-07-01 00:00:00,0001-01-01,,,,,,6.4577259,80.7412386
Rock Fall,RF,NBRO/LRRMD-RTP/RTP/AYAGAM/LI/25/0423,RTP251216,Ratnapura,Ayagama,2025-07-03,Vithanagama,193B,"රත්මල්තැන්න, අයගම","රත්මල්තැන්න, අයගම",රත්නපුර පානදුර මාර්ගයේ ගමන් කර හැරණියාවක මංසන්ධියෙන් හැරී ඉඩංගොඩ අයගම මාර්ගයේ ගමන් කර වම්පසට ඇ,0001-01-01,0001-01-01,,අධික වර්ෂාපතනය,,,,6.644485,80.3185907
Rock Fall,RF,NBRO/LRRMD-RTP/RTP/BALANG/LI/25/0476,RTP251501,Ratnapura,Balangoda,2025-08-12,Damahana,252,"පන්සල වත්ත, ඉහළ ගම, දාමහන, බලන්ගොඩ",,,2025-08-28 00:00:00,0001-01-01,,,,,,6.618046,80.732662
Rock Fall,RF,NBRO/LRRMD-RTP/RTP/BALANG/LI/25/0667,RTP252244,Ratnapura,Balangoda,2025-11-26,Pettigala,254C,"පලමුවන වංගුව, පෙට්ටිගල පාර, බලංගොඩ.","පලමුවන වංගුව, පෙට්ටිගල පාර, බලංගොඩ.",බලංගොඩ නගරයේ සිට පෙට්ටිගල මාර්ගයේ කිලෝමීටර් 2.5 පමණ පිවිසීමෙන් හමුවන පළමු වංගුව අසළ මෙම අස්ථාවර,2025-11-25 00:00:00,2025-11-24 00:00:00,14:30,අධික වර්ෂාව,,,,6.6512921,80.6792465
