Inc_Type,Type_Code,Request_No,Case_ID,District,DS_Name,Date,GND_Name,GND_No,Village,Address,Pathway,Inv_Date,Inc_Date,Inc_Time,Cause,Rain_1h,Rain_24h,Rain_Cum,Latitude,Longitude
Other,OTHER,NBRO/LRRMD-BDL/BDU/SORANA/LI/18/0002,BDU180004,Badulla,Soranathota,,Rideepana,26C,රිදීපාන පෙච්චිඅම්මාන් කෝවිල සඳහා සංස්කෘතික මධ්‍යස්ථානයක් ඉදිකිරීම.,,,,,,,,,,7.0141136,81.056356
Other,OTHER,NBRO/LRRMD-BDL/BDU/SORANA/LI/19/0001,BDU190170,Badulla,Soranathota,,Moragolla,29,මොරගොල්ල ග්‍රාම නිලධාරී වසමේ M.U.M.නුස්රාන් මානක තැනගේ B/SNR/2018/650 අංක දරන පිඹුරු පතෙහි යෝජිත අනුබෙදුම,,,,,,,,,,7.059355,81.017844
Other,OTHER,NBRO/LRRMD-BDL/BDU/SORANA/LI/19/0016,BDU190185,Badulla,Soranathota,,Ledgerwatta,27C,"සාර්නියාවත්ත ඉහළ කොටස, කන්දෙගෙදර යන ස්ථානයේ බහු කාර්ය මධ්‍යස්ථානය ඉදිකිරීමේ ව්‍යාපෘතිය",,,,,,,,,,7.0292952,81.020248
Other,OTHER,NBRO/LRRMD-BDL/BDU/SORANA/LI/19/0017,BDU190186,Badulla,Soranathota,,Ledgerwatta,27C,ලෙජර්වත්ත යන ස්ථානයේ බහුකාර්ය මධ්‍යස්ථානය ඉදිකිරීමේ ව්‍යාපෘතිය,,,,,,,,,,7.0292299,81.01222418
Other,OTHER,NBRO/LRRMD-BDL/BDU/SORANA/LI/19/0030,BDU190199,Badulla,Soranathota,,Kandegedara Town,27A,"නො. 167, කීණකැළේ පාර, කන්දෙගෙදර",,,,,,,,,,7.013904,81.017642
Other,OTHER,NBRO/LRRMD-BDL/BDU/SORANA/LI/19/0031,BDU190200,Badulla,Soranathota,,Soranathota,28,"උස්ගල්ලන්ද, කිරින්දේගම, සොරණාතොට",,,,,,,,,,7.022458,81.053753
Other,OTHER,NBRO/LRRMD-BDL/BDU/HAPUTA/LI/19/0047,BDU190216,Badulla,Haputale,,Bingethenna,64G,"තාරකා නිවස නො.09, බිංගේතැන්න දියතලාව",,,,,,,,,,6.762251,80.95105
Other,OTHER,NBRO/LRRMD-BDL/BDU/HAPUTA/LI/19/0048,BDU190217,Badulla,Haputale,,Haputhale Town,63A,ෂර්වුඩ් වත්ත ෂර්වුඩ් කොටසේ ලයින් අංක 10,,,,,,,,,,6.766292,80.963358
Other,OTHER,NBRO/LRRMD-BDL/BDU/WELIMA/LI/19/0093,BDU190263,Badulla,Welimada,,Alugolla,61B,"අලුගොල්ල, ගල් වත්ත",,,,,,,,,,6.853671,80.89849
Other,OTHER,NBRO/LRRMD-BDL/BDU/WELIMA/LI/19/0105,BDU190275,Badulla,Welimada,,Welimada Town,52A,පැරණි ප්‍රාදේශීය සභා ගොඩනැගිල්ල අසල නිවාස ආශ්‍රිතව ඇති වූ ආපදා තත්ත්වය,,,,,,,,,,6.90914,80.90763
Other,OTHER,NBRO/LRRMD-BDL/BDU/LUNUGA/LI/19/0141,BDU190311,Badulla,Lunugala,,Maduwatta,90C,"විග්නේෂ්වරා දෙමළ විද්‍යාලය, හොප්ටන්",,,,,,,,,,6.97555,81.19855
Other,OTHER,NBRO/LRRMD-BDL/BDU/LUNUGA/LI/19/0142,BDU190312,Badulla,Lunugala,,Lunugala Town,94A,කලෙයිමගල් දෙමළ විද්‍යාලය,,,,,,,,,,7.039445,81.201825
Other,OTHER,NBRO/LRRMD-BDL/BDU/LUNUGA/LI/19/0144,BDU190314,Badulla,Lunugala,,Kottalbedda,93,සෙනෙවිතිස්සපුර,,,,,,,,,,7.039445,81.201825
Other,OTHER,NBRO/LRRMD-BDL/BDU/ELLA/LI/19/0209,BDU190379,Badulla,Ella,,Kithal Elle,69E,කිතල්ඇල්ල,,,,,,,,,,6.86473,81.03828
Other,OTHER,NBRO/LRRMD-BDL/BDU/PASSAR/LI/19/0216,BDU190386,Badulla,Passara,,Thennuge,88D,"13 කණුව, බිබිල පාර, පස්සර",,,,,,,,,,6.940718,81.170853
Other,OTHER,NBRO/LRRMD-BDL/BDU/HALDUM/LI/19/0265,BDU190435,Badulla,Haldummulla,,Nikapotha West,155L,"නිකවැටිය, නිකපොත",,,,,,,,,,6.74578,80.96539
Other,OTHER,NBRO/LRRMD-BDL/BDU/BADULL/LI/19/0382,BDU190578,Badulla,Badulla,,Katupelella,78H,"කටුපැලැල්ල, බදුල්ල",,,,,,,,,,6.99649219,81.0458112
Other,OTHER,NBRO/LRRMD-BDL/BDU/BADULL/LI/19/0383,BDU190579,Badulla,Badulla,,Pitawelagama,78L,"පිටවෙලගම, බදුල්ල",,,,,,,,,,7.00276622,81.053710461
Other,OTHER,NBRO/LRRMD-BDL/BDU/BADULL/LI/19/0384,BDU190580,Badulla,Badulla,,Katupelella,78H,"පිං අරාව, කටුපැළැල්ල, බදුල්ල",,,,,,,,,,6.9855902,81.0453408
Other,OTHER,NBRO/LRRMD-BDL/BDU/BADULL/LI/19/0385,BDU190581,Badulla,Badulla,,Badulla Central,78D,"පීලිපොතගම පාර, බදුල්ල",,,,,,,,,,6.98676063,81.05216933
Other,OTHER,NBRO/LRRMD-BDL/BDU/BADULL/LI/19/0386,BDU190582,Badulla,Badulla,,Medapathana,78M,"පහළවත්ත, මැදපතන, බදුල්ල",,,,,,,,,,7.0048126,81.0636402
Other,OTHER,NBRO/LRRMD-BDL/BDU/BADULL/LI/19/0387,BDU190583,Badulla,Badulla,,Hindagoda,78K,"ඔයේවත්ත, හිඳගොඩ, බදුල්ල",,,,,,,,,,6.977549,81.0654532
Other,OTHER,NBRO/LRRMD-BDL/BDU/BADULL/LI/19/0388,BDU190584,Badulla,Badulla,,Hindagoda,78K,හිඳගොඩ විදුලිබල මණ්ඩලය අසල අතුරු මාර්ගය,,,,,,,,,,6.98218028,81.0675877
Other,OTHER,NBRO/LRRMD-BDL/BDU/BADULL/LI/19/0389,BDU190585,Badulla,Badulla,,Badulla West,78C,බොනීලෑන්ඩ් අතුරු මාර්ගය,,,,,,,,,,6.9940798,81.0487088
Other,OTHER,NBRO/LRRMD-BDL/BDU/BADULL/LI/19/0390,BDU190586,Badulla,Badulla,,Hingurugamuwa,78E,සිප්ස්කෝ මුද්‍රණාලය අසල මාර්ගය,,,,,,,,,,6.97581683,81.06800147
Other,OTHER,NBRO/LRRMD-BDL/BDU/HALI-E/LI/19/0394,BDU190596,Badulla,Hali-Ela,,Haliela,74A,ඇටම්පිටිය-බණ්ඩාරවෙල,,,,,,,,,,6.955985,81.035218
Other,OTHER,NBRO/LRRMD-BDL/BDU/HALI-E/LI/19/0408,BDU190610,Badulla,Hali-Ela,,Haliela,74A,"පට්ටිය ගෙදර, ඇල්ල, දියවුන්නාව",,,,,,,,,,6.9078483,80.974675
Other,OTHER,NBRO/LRRMD-BDL/BDU/BADULL/LI/19/0453,BDU190713,Badulla,Badulla,,Udawela,80D,මැටිගහතැන්න ගම මාර්ගය,,,,,,,,,,6.97204213,81.0847936
Other,OTHER,NBRO/LRRMD-BDL/BDU/BADULL/LI/19/0454,BDU190714,Badulla,Badulla,,Ilukthenna,80B,"පුස්සැල්ලාගොල්ල, කැන්දගොල්ල, බදුල්ල",,,,,,,,,,6.9948548,81.09148371
Other,OTHER,NBRO/LRRMD-BDL/BDU/BADULL/LI/19/0455,BDU190715,Badulla,Badulla,,Thelbedda Estate,81B,"මලංගමුව, තෙල්බැද්ද",,,,,,,,,,6.9884466,81.092461
Other,OTHER,NBRO/LRRMD-BDL/BDU/BADULL/LI/19/0456,BDU190716,Badulla,Badulla,,Medapathana,78M,මැදපතන රවුම් පාර අතුරු මාර්ගය,,,,,,,,,,7.005946073,81.05846379
Other,OTHER,NBRO/LRRMD-BDL/BDU/BADULL/LI/19/0457,BDU190717,Badulla,Badulla,,Rambukpotha,80,බදුලුසිරිගම උඩ කොටස මාර්ගය,,,,,,,,,,6.98251009,81.0738875
Other,OTHER,NBRO/LRRMD-BDL/BDU/BADULL/LI/19/0458,BDU190718,Badulla,Badulla,,Rambukpotha,80,බදුලුසිරිගම අතුරු මාර්ගය,,,,,,,,,,6.98251009,81.0738875
Other,OTHER,NBRO/LRRMD-BDL/BDU/BADULL/LI/19/0459,BDU190719,Badulla,Badulla,,Badulla North,78A,"අංක 37, අත්තම් නිවාස, බදුල්ල",,,,,,,,,,7.0063702,81.055907
Other,OTHER,NBRO/LRRMD-BDL/BDU/BADULL/LI/19/0460,BDU190720,Badulla,Badulla,,Badulla North,78A,"අංක 36, අත්තම් නිවාස, සුවිනීතගම, බදුල්ල",,,,,,,,,,7.006471,81.055851
Other,OTHER,NBRO/LRRMD-BDL/BDU/BADULL/LI/19/0461,BDU190721,Badulla,Badulla,,Badulla North,78A,"35/B, සුවිනීතගම, බදුල්ල",,,,,,,,,,7.006471,81.055851
Other,OTHER,NBRO/LRRMD-BDL/BDU/BADULL/LI/19/0462,BDU190722,Badulla,Badulla,,Badulla North,78A,"අංක 35, සුවිනීතගම, බදුල්ල",,,,,,,,,,7.006222,81.055907
Other,OTHER,NBRO/LRRMD-BDL/BDU/BADULL/LI/19/0463,BDU190723,Badulla,Badulla,,Badulla North,78A,"අංක 40/A, සුවිනීතගම, බදුල්ල",,,,,,,,,,7.00660499,81.055617
Other,OTHER,NBRO/LRRMD-BDL/BDU/BADULL/LI/19/0464,BDU190724,Badulla,Badulla,,Badulla North,78A,"අංක 40, සුවිනීතගම, බදුල්ල",,,,,,,,,,7.0065765,81.0554719
Other,OTHER,NBRO/LRRMD-BDL/BDU/BADULL/LI/19/0465,BDU190725,Badulla,Badulla,,Badulla North,78A,"අංක 38, සුවිනීතගම, බදුල්ල",,,,,,,,,,7.0064213,81.0556092
Other,OTHER,NBRO/LRRMD-BDL/BDU/BADULL/LI/19/0466,BDU190726,Badulla,Badulla,,Badulla North,78A,"අංක 39, සුවිනීතගම, බදුල්ල",,,,,,,,,,7.00642313,81.05566982
Other,OTHER,NBRO/LRRMD-BDL/BDU/BADULL/LI/19/0467,BDU190727,Badulla,Badulla,,Badulla North,78A,"අංක 33, සුවිනීතගම, බදුල්ල",,,,,,,,,,7.00674076,81.0554987
Other,OTHER,NBRO/LRRMD-BDL/BDU/BADULL/LI/19/0468,BDU190728,Badulla,Badulla,,Badulla North,78A,"අංක 33, සුවිනීතගම, බදුල්ල",,,,,,,,,,7.0067312,81.05557919
Other,OTHER,NBRO/LRRMD-BDL/BDU/BADULL/LI/19/0469,BDU190729,Badulla,Badulla,,Badulla North,78A,"අංක 32, සුවිනීතගම, බදුල්ල",,,,,,,,,,7.0069549,81.0556144
Other,OTHER,NBRO/LRRMD-BDL/BDU/BADULL/LI/19/0470,BDU190730,Badulla,Badulla,,Badulla North,78A,"අංක 31, සුවිනීතගම, බදුල්ල",,,,,,,,,,7.0069996,81.055733
Other,OTHER,NBRO/LRRMD-BDL/BDU/BADULL/LI/19/0471,BDU190731,Badulla,Badulla,,Badulla North,78A,"අංක 30, අත්තම් නිවාස, සුවිනීතගම, බදුල්ල",,,,,,,,,,7.00713763,81.05590397
Other,OTHER,NBRO/LRRMD-BDL/BDU/BADULL/LI/19/0472,BDU190732,Badulla,Badulla,,Badulla North,78A,"අංක 29, අත්තම් නිවාස, සුවිනීතගම, බදුල්ල",,,,,,,,,,7.0072045,81.05587881
Other,OTHER,NBRO/LRRMD-BDL/BDU/BADULL/LI/19/0473,BDU190733,Badulla,Badulla,,Badulla North,78A,"අංක 28, සුවිනීතගම, බදුල්ල",,,,,,,,,,7.0073134,81.0559448
Other,OTHER,NBRO/LRRMD-BDL/BDU/BADULL/LI/19/0474,BDU190734,Badulla,Badulla,,Badulla North,78A,"අංක 27, සුවිනීතගම, බදුල්ල",,,,,,,,,,7.067335567,81.055919
Other,OTHER,NBRO/LRRMD-BDL/BDU/BADULL/LI/19/0475,BDU190735,Badulla,Badulla,,Badulla North,78A,"අංක 16, සුවිනීතගම, අත්තම් නිවාස, බදුල්ල",,,,,,,,,,7.0672369,81.055821
Other,OTHER,NBRO/LRRMD-BDL/BDU/BADULL/LI/19/0476,BDU190736,Badulla,Badulla,,Badulla North,78A,"අංක 15, සුවිනීතගම, අත්තම් නිවාස, බදුල්ල",,,,,,,,,,7.00710682,81.05570072
Other,OTHER,NBRO/LRRMD-BDL/BDU/BADULL/LI/19/0478,BDU190738,Badulla,Badulla,,Badulla North,78A,"අංක 41, අත්තම් නිවාස, සුවිනීතගම, බදුල්ල",,,,,,,,,,7.00627274,81.05544877
Other,OTHER,NBRO/LRRMD-BDL/BDU/BADULL/LI/19/0479,BDU190739,Badulla,Badulla,,Badulla North,78A,"අංක 42, සුවිනීතගම, බදුල්ල",,,,,,,,,,7.0060978,81.055387
Other,OTHER,NBRO/LRRMD-BDL/BDU/BADULL/LI/19/0480,BDU190740,Badulla,Badulla,,Badulla North,78A,"අංක 45, සුවිනීතගම, බදුල්ල",,,,,,,,,,7.0059321,81.055696
Other,OTHER,NBRO/LRRMD-BDL/BDU/BADULL/LI/19/0481,BDU190741,Badulla,Badulla,,Badulla North,78A,"අංක 46, සුවිනීතගම, බදුල්ල",,,,,,,,,,7.0056839,81.055632
Other,OTHER,NBRO/LRRMD-BDL/BDU/BADULL/LI/19/0482,BDU190742,Badulla,Badulla,,Badulla North,78A,"අංක 01, සුවිනීතගම, බදුල්ල",,,,,,,,,,7.0064172,81.055253
Other,OTHER,NBRO/LRRMD-BDL/BDU/BADULL/LI/19/0483,BDU190743,Badulla,Badulla,,Badulla North,78A,"අංක 02, සුවිනීතගම, අත්තම් නිවාස, බදුල්ල",,,,,,,,,,7.006511,81.0551409
Other,OTHER,NBRO/LRRMD-BDL/BDU/BADULL/LI/19/0484,BDU190744,Badulla,Badulla,,Badulla North,78A,"අංක 03, අත්තම් නිවාස, සුවිනීතගම, බදුල්ල",,,,,,,,,,7.0067797,81.055167
Other,OTHER,NBRO/LRRMD-BDL/BDU/BADULL/LI/19/0485,BDU190745,Badulla,Badulla,,Badulla North,78A,"අංක 04, අත්තම් නිවාස, සුවිනීතගම, බදුල්ල",,,,,,,,,,7.0068691,81.05501532
Other,OTHER,NBRO/LRRMD-BDL/BDU/BADULL/LI/19/0486,BDU190746,Badulla,Badulla,,Badulla North,78A,"අංක 5/141/ඒ, අත්තම් නිවාස, සුවිනීතගම, බදුල්ල",,,,,,,,,,7.0068631,81.055196
Other,OTHER,NBRO/LRRMD-BDL/BDU/BADULL/LI/19/0487,BDU190747,Badulla,Badulla,,Badulla North,78A,"අංක 12, අත්තම් නිවාස, සුවිනීතගම, බදුල්ල",,,,,,,,,,7.0072676,81.0554701
Other,OTHER,NBRO/LRRMD-BDL/BDU/BADULL/LI/19/0488,BDU190748,Badulla,Badulla,,Badulla North,78A,"අංක 11, අත්තම් නිවාස, සුවිනීතගම, බදුල්ල",,,,,,,,,,7.0072765,81.05453
Other,OTHER,NBRO/LRRMD-BDL/BDU/BADULL/LI/19/0489,BDU190749,Badulla,Badulla,,Badulla North,78A,"අංක 10, අත්තම් නිවාස, සුවිනීතගම, බදුල්ල",,,,,,,,,,7.0073796,81.055471
Other,OTHER,NBRO/LRRMD-BDL/BDU/BADULL/LI/19/0490,BDU190750,Badulla,Badulla,,Badulla North,78A,"අංක 09, සුවිනීතගම, බදුල්ල",,,,,,,,,,7.007441,81.055624
Other,OTHER,NBRO/LRRMD-BDL/BDU/BADULL/LI/19/0491,BDU190751,Badulla,Badulla,,Badulla North,78A,"අංක 08, අත්තම් නිවාස, සුවිනීතගම, බදුල්ල",,,,,,,,,,7.00763792,81.0555956
Other,OTHER,NBRO/LRRMD-BDL/BDU/BADULL/LI/19/0492,BDU190752,Badulla,Badulla,,Badulla North,78A,"අංක 19, අත්තම් නිවාස, සුවිනීතගම, බදුල්ල",,,,,,,,,,7.0078328,81.05584152
Other,OTHER,NBRO/LRRMD-BDL/BDU/BADULL/LI/19/0493,BDU190753,Badulla,Badulla,,Badulla North,78A,"අංක 20, අත්තම් නිවාස, සුවිනීතගම, බදුල්ල",,,,,,,,,,7.00773933,81.0560101
Other,OTHER,NBRO/LRRMD-BDL/BDU/BADULL/LI/19/0494,BDU190754,Badulla,Badulla,,Badulla North,78A,"අංක 21, අත්තම් නිවාස, සුවිනීතගම, බදුල්ල",,,,,,,,,,7.00773961,81.056168
Other,OTHER,NBRO/LRRMD-BDL/BDU/BADULL/LI/19/0495,BDU190755,Badulla,Badulla,,Badulla North,78A,"අංක 24, මහියංගන පාර, සුවිනීතගම, බදුල්ල",,,,,,,,,,7.00723692,81.05639291
Other,OTHER,NBRO/LRRMD-BDL/BDU/BADULL/LI/19/0496,BDU190756,Badulla,Badulla,,Badulla North,78A,"අංක 23, මහියංගන පාර, සුවිනීතගම, බදුල්ල",,,,,,,,,,7.00825678,81.0565949
Other,OTHER,NBRO/LRRMD-BDL/BDU/BADULL/LI/19/0497,BDU190757,Badulla,Badulla,,Badulla North,78A,"අංක 26, සුවිනීතගම, බදුල්ල",,,,,,,,,,7.00746052,81.0561114
Other,OTHER,NBRO/LRRMD-BDL/BDU/BADULL/LI/19/0498,BDU190758,Badulla,Badulla,,Badulla North,78A,"අංක 17, සුවිනීතගම, බදුල්ල",,,,,,,,,,7.00744227,81.05574094
Other,OTHER,NBRO/LRRMD-BDL/BDU/BADULL/LI/19/0499,BDU190759,Badulla,Badulla,,Badulla North,78A,"අංක 14, සුවිනීතගම, බදුල්ල",,,,,,,,,,7.0068625,81.0556824
Other,OTHER,NBRO/LRRMD-BDL/BDU/BADULL/LI/19/0500,BDU190760,Badulla,Badulla,,Badulla North,78A,"අංක 13, අත්තම් නිවාස, සුවිනීතගම, බදුල්ල",,,,,,,,,,7.0069764,81.055434
Other,OTHER,NBRO/LRRMD-BDL/BDU/BADULL/LI/19/0501,BDU190761,Badulla,Badulla,,Badulla North,78A,"අංක 259, මහියංගන පාර, බදුල්ල",,,,,,,,,,7.00688303,81.0558889
Other,OTHER,NBRO/LRRMD-BDL/BDU/BADULL/LI/19/0502,BDU190762,Badulla,Badulla,,Badulla North,78A,"මහ නගර සභා පෙර පාසල, සුවිනීතගම",,,,,,,,,,7.006257426,81.05607066
Other,OTHER,NBRO/LRRMD-BDL/BDU/BADULL/LI/19/0503,BDU190763,Badulla,Badulla,,Badulla North,78A,"මහ නගර සභා පෙර පාසල, ඔළියමණ්ඩිය",,,,,,,,,,7.00466892,81.0550237
Other,OTHER,NBRO/LRRMD-BDL/BDU/BADULL/LI/19/0526,BDU190800,Badulla,Badulla,,Pitawelagama,78L,"අංක 69/1, පිටවෙලගම, බදුල්ල",,,,,,,,,,6.595939,81.031156
Other,OTHER,NBRO/LRRMD-BDL/BDU/BADULL/LI/19/0527,BDU190801,Badulla,Badulla,,Badulla North,78A,"අංක 15, මධ්‍යම පාන්තික නිවාස, සුවිනීතගම, බදුල්ල",,,,,,,,,,7.00874642,81.0554165
Other,OTHER,NBRO/LRRMD-BDL/BDU/BADULL/LI/19/0528,BDU190802,Badulla,Badulla,,Badulla North,78A,"අංක 26, මධ්‍යම පාන්තික නිවාස, සුවිනීතගම, බදුල්ල.",,,,,,,,,,7.00812777,81.0549391
Other,OTHER,NBRO/LRRMD-BDL/BDU/BADULL/LI/19/0532,BDU190806,Badulla,Badulla,,Badulla North,78A,"අංක 28, මධ්‍යම පාන්තික නිවාස, සුවිනීතගම, බදුල්ල.",,,,,,,,,,7.00840387,81.0550368
Other,OTHER,NBRO/LRRMD-BDL/BDU/BADULL/LI/19/0533,BDU190807,Badulla,Badulla,,Badulla North,78A,"අංක 29, මධ්‍යම පාන්තික නිවාස, සුවිනීතගම, බදුල්ල",,,,,,,,,,7.00876568,81.054952
Other,OTHER,NBRO/LRRMD-BDL/BDU/BADULL/LI/19/0534,BDU190808,Badulla,Badulla,,Badulla North,78A,"අංක 07, අත්තම් නිවාස, සුවිනීතගම, බදුල්ල",,,,,,,,,,7.00743843,81.05538743
Other,OTHER,NBRO/LRRMD-BDL/BDU/BADULL/LI/19/0535,BDU190809,Badulla,Badulla,,Badulla North,78A,"අංක 06, අත්තම් නිවාස, සුවිනීතගම, බදුල්ල",,,,,,,,,,7.00743843,81.05538743
Other,OTHER,NBRO/LRRMD-BDL/BDU/BADULL/LI/19/0536,BDU190810,Badulla,Badulla,,Badulla North,78A,"අංක 05, සුවිනීතගම, අත්තම් නිවාස, බදුල්ල",,,,,,,,,,7.00743843,81.05538743
Other,OTHER,NBRO/LRRMD-BDL/BDU/BADULL/LI/19/0537,BDU190811,Badulla,Badulla,,Badulla North,78A,"අංක 07, මධ්‍යම පාන්තික නිවාස, සුවිනීතගම, බදුල්ල.",,,,,,,,,,7.007953,81.0558463
Other,OTHER,NBRO/LRRMD-BDL/BDU/BADULL/LI/19/0539,BDU190813,Badulla,Badulla,,Badulla North,78A,"අංක 07, මධ්‍යම පාන්තික නිවාස, සුවිනීතගම, බදුල්ල.",,,,,,,,,,7.0086139,81.0557625
Other,OTHER,NBRO/LRRMD-BDL/BDU/BADULL/LI/19/0544,BDU190818,Badulla,Badulla,,Badulla North,78A,"අංක 08, මධ්‍යම පාන්තික නිවාස, සුවිනීතගම, බදුල්ල.",,,,,,,,,,7.00814223,81.055890426
Other,OTHER,NBRO/LRRMD-BDL/BDU/BANDAR/LI/19/0546,BDU190820,Badulla,Bandarawela,,Bandarawela East,65G,"උඩඅරාව,මිරහවත්ත,බණ්ඩාරවෙල",,,,,,,,,,6.825878,80.998158
Other,OTHER,NBRO/LRRMD-BDL/BDU/BADULL/LI/19/0548,BDU190823,Badulla,Badulla,,Badulla North,78A,"අංක 09, මධ්‍යම පාන්තික නිවාස, සුවිනීතගම, බදුල්ල.",,,,,,,,,,7.00825038,81.05584068
Other,OTHER,NBRO/LRRMD-BDL/BDU/BADULL/LI/19/0549,BDU190824,Badulla,Badulla,,Badulla North,78A,"අංක 10, මධ්‍යම පාන්තික නිවාස, සුවිනීතගම, බදුල්ල.",,,,,,,,,,7.00851623,81.0559128
Other,OTHER,NBRO/LRRMD-BDL/BDU/BADULL/LI/19/0550,BDU190825,Badulla,Badulla,,Badulla North,78A,"අංක 06, මධ්‍යම පාන්තික නිවාස, සුවිනීතගම, බදුල්ල.",,,,,,,,,,7.0083698,81.055973
Other,OTHER,NBRO/LRRMD-BDL/BDU/BADULL/LI/19/0551,BDU190826,Badulla,Badulla,,Badulla North,78A,"අංක 05, මධ්‍යම පාන්තික නිවාස, බදුල්ල",,,,,,,,,,7.0079987,81.0561268
Other,OTHER,NBRO/LRRMD-BDL/BDU/BADULL/LI/19/0552,BDU190827,Badulla,Badulla,,Badulla North,78A,"අංක 04, මධ්‍යම පාන්තික නිවාස, සුවිනීතගම, බදුල්ල",,,,,,,,,,7.0080224,81.0562284
Other,OTHER,NBRO/LRRMD-BDL/BDU/BADULL/LI/19/0553,BDU190828,Badulla,Badulla,,Badulla North,78A,"අංක 03, මධ්‍යම පාන්තික නිවාස, සුවිනීතගම, බදුල්ල",,,,,,,,,,7.0082942,81.056114
Other,OTHER,NBRO/LRRMD-BDL/BDU/BADULL/LI/19/0554,BDU190829,Badulla,Badulla,,Badulla North,78A,"අංක 02, මධ්‍යම පාන්තික නිවාස, සුවිනීතගම, බදුල්ල",,,,,,,,,,7.0083823,81.056173
Other,OTHER,NBRO/LRRMD-BDL/BDU/BADULL/LI/20/0013,BDU200015,Badulla,Badulla,,Badulla North,78A,"අංක 61, කරුණාපුර, බදුල්ල",,,,,,,,,,7.002328,81.045325
Other,OTHER,NBRO/LRRMD-BDL/BDU/BADULL/LI/20/0014,BDU200016,Badulla,Badulla,,Katupelella,78H,"අංක 12/7, ජලනළ පටුමග, කටුපැළැල්ලගම, බදුල්ල",,,,,,,,,,6.990108,81.04698003
Other,OTHER,NBRO/LRRMD-BDL/BDU/BADULL/LI/20/0015,BDU200017,Badulla,Badulla,,Katupelella,78H,"අංක 12/8, ජලනළ පටුමග, කටුපැළැල්ලගම, බදුල්ල",,,,,,,,,,6.990106,81.0469812
Other,OTHER,NBRO/LRRMD-BDL/BDU/BADULL/LI/20/0016,BDU200018,Badulla,Badulla,,Katupelella,78H,"අංක 12/10, ඉලුක්තැන්න, කටුපැළැල්ලගම, බදුල්ල.",,,,,,,,,,6.990115,81.046982
Other,OTHER,NBRO/LRRMD-BDL/BDU/BADULL/LI/20/0017,BDU200019,Badulla,Badulla,,Katupelella,78H,"අංක 12/10, ඉලුක්තැන්න, කටුපැළැල්ලගම, බදුල්ල",,,,,,,,,,6.990116,81.0469822
Other,OTHER,NBRO/LRRMD-BDL/BDU/BADULL/LI/20/0018,BDU200020,Badulla,Badulla,,Katupelella,78H,"අංක 16/3, ඉලුක්තැන්න, කටුපැළැල්ලගම, බදුල්ල",,,,,,,,,,6.990542,81.046676
Other,OTHER,NBRO/LRRMD-BDL/BDU/BADULL/LI/20/0019,BDU200021,Badulla,Badulla,,Katupelella,78H,"අංක 16/4, බෝගහවත්ත, කටුපැළැල්ලගම, බදුල්ල",,,,,,,,,,6.990646,81.046712
Other,OTHER,NBRO/LRRMD-BDL/BDU/BADULL/LI/20/0020,BDU200022,Badulla,Badulla,,Katupelella,78H,"අංක 16/2, ඉලුක්තැන්න, කටුපැළැල්ලගම, බදුල්ල",,,,,,,,,,6.9906821,81.046435
Other,OTHER,NBRO/LRRMD-BDL/BDU/BADULL/LI/20/0021,BDU200023,Badulla,Badulla,,Katupelella,78H,"අංක 12/15, ජලනළ පටුමග, කටුපැළැල්ලගම, බදුල්ල",,,,,,,,,,6.990735,81.046866
Other,OTHER,NBRO/LRRMD-BDL/BDU/BADULL/LI/20/0022,BDU200024,Badulla,Badulla,,Katupelella,78H,"අංක 12/B, ඉලුක්තැන්න, කටුපැළැල්ලගම, බදුල්ල",,,,,,,,,,6.9910243,81.046715
Other,OTHER,NBRO/LRRMD-BDL/BDU/BADULL/LI/20/0023,BDU200025,Badulla,Badulla,,Katupelella,78H,"අංක 12/18, ඉලුක්තැන්න, කටුපැළැල්ලගම, බදුල්ල",,,,,,,,,,6.9910243,81.046715
Other,OTHER,NBRO/LRRMD-BDL/BDU/BADULL/LI/20/0024,BDU200026,Badulla,Badulla,,Katupelella,78H,"අංක 12/22, ඉලුක්තැන්න, කටුපැළැල්ලගම, බදුල්ල",,,,,,,,,,6.99066,81.046469
Other,OTHER,NBRO/LRRMD-BDL/BDU/BADULL/LI/20/0025,BDU200027,Badulla,Badulla,,Katupelella,78H,"අංක 12/22, ඉලුක්තැන්න, කටුපැළැල්ලගම, බදුල්ල",,,,,,,,,,6.99066,81.046469
Other,OTHER,NBRO/LRRMD-BDL/BDU/BADULL/LI/20/0026,BDU200028,Badulla,Badulla,,Katupelella,78H,"අංක 12/23, ඉලුක්තැන්න, කටුපැළැල්ලගම, බදුල්ල",,,,,,,,,,6.9910174,81.046274
Other,OTHER,NBRO/LRRMD-BDL/BDU/BADULL/LI/20/0027,BDU200029,Badulla,Badulla,,Katupelella,78H,"අංක 12/24, ඉලුක්තැන්න, කටුපැළැල්ලගම, බදුල්ල",,,,,,,,,,6.990975,81.046167
Other,OTHER,NBRO/LRRMD-BDL/BDU/BADULL/LI/20/0028,BDU200030,Badulla,Badulla,,Katupelella,78H,"අංක 16/6, ඉලුක්තැන්න, කටුපැළැල්ලගම, බදුල්ල",,,,,,,,,,6.99108,81.046575
Other,OTHER,NBRO/LRRMD-BDL/BDU/BADULL/LI/20/0029,BDU200031,Badulla,Badulla,,Katupelella,78H,"අංක 12/25 A, ඉලුක්තැන්න, කටුපැළැල්ලගම, බදුල්ල",,,,,,,,,,6.99096,81.046107
Other,OTHER,NBRO/LRRMD-BDL/BDU/BADULL/LI/20/0030,BDU200032,Badulla,Badulla,,Katupelella,78H,"අංක 12/25, ඉලුක්තැන්න, කටුපැළැල්ලගම, බදුල්ල",,,,,,,,,,6.99096,81.046107
Other,OTHER,NBRO/LRRMD-BDL/BDU/BADULL/LI/20/0031,BDU200033,Badulla,Badulla,,Katupelella,78H,"අංක I, බෝගහවත්ත හෙවත් ඉලුක්කෑල්ල, කටුපැළැල්ලගම, බදුල්ල",,,,,,,,,,6.990563,81.0460996
Other,OTHER,NBRO/LRRMD-BDL/BDU/BADULL/LI/20/0032,BDU200034,Badulla,Badulla,,Katupelella,78H,"අංක j, බෝගහවත්ත හෙවත් ඉලුක්කෑල්ල, කටුපැළැල්ලගම, බදුල්ල",,,,,,,,,,6.990563,81.0460996
Other,OTHER,NBRO/LRRMD-BDL/BDU/BADULL/LI/20/0033,BDU200035,Badulla,Badulla,,Katupelella,78H,"අංක 20, ඉලුක්තැන්න, කටුපැළැල්ලගම, බදුල්ල",,,,,,,,,,6.9901706,81.046555
Other,OTHER,NBRO/LRRMD-BDL/BDU/BADULL/LI/20/0034,BDU200036,Badulla,Badulla,,Katupelella,78H,"අංක 16, ඉලුක්තැන්න, කටුපැළැල්ලගම, බදුල්ල",,,,,,,,,,6.9901725,81.046542
Other,OTHER,NBRO/LRRMD-BDL/BDU/BADULL/LI/20/0035,BDU200037,Badulla,Badulla,,Katupelella,78H,"අංක 16/01, ඉලුක්තැන්න, කටුපැළැල්ලගම, බදුල්ල",,,,,,,,,,6.990172,81.046531
Other,OTHER,NBRO/LRRMD-BDL/BDU/BADULL/LI/20/0036,BDU200038,Badulla,Badulla,,Badulla North,78A,"අංක 34/26, කරුණාගම, බදුල්ල",,,,,,,,,,7.001329,81.046222
Other,OTHER,NBRO/LRRMD-BDL/BDU/BADULL/LI/20/0041,BDU200043,Badulla,Badulla,,Katupelella,78H,"ජලනල  මාවත, කහවත්ත",,,,,,,,,,6.988164,81.045213
Other,OTHER,NBRO/LRRMD-BDL/BDU/BADULL/LI/20/0042,BDU200044,Badulla,Badulla,,Badulla West,78C,"උග්ගල්පොත, බදුල්ල බටහිර",,,,,,,,,,6.996382,81.049652
Other,OTHER,NBRO/LRRMD-BDL/BDU/BADULL/LI/20/0043,BDU200045,Badulla,Badulla,,Hingurugamuwa,78E,"පන්සල් වත්ත, කළුගල්පිටිය",,,,,,,,,,6.979363,81.070266
Other,OTHER,NBRO/LRRMD-BDL/BDU/BADULL/LI/20/0044,BDU200046,Badulla,Badulla,,Badulla North,78A,"ගල්කන්ද, බදුල්ල උතුර",,,,,,,,,,7.011759,81.054928
Other,OTHER,NBRO/LRRMD-BDL/BDU/BADULL/LI/20/0045,BDU200047,Badulla,Badulla,,Damanwara,80F,"බුළුගස්අරාව, දමන්වර, බදුල්ල",,,,,,,,,,7.006431,81.02557
Other,OTHER,NBRO/LRRMD-BDL/BDU/BADULL/LI/20/0046,BDU200048,Badulla,Badulla,,Kailagoda,78G,"කයිලගොඩ, බදුල්ල",,,,,,,,,,7.004013,81.058355
Other,OTHER,NBRO/LRRMD-BDL/BDU/BADULL/LI/20/0047,BDU200049,Badulla,Badulla,,Pitawelagama,78L,"අංක 95/3,ඉහළ අලුත් ඇළ පාර,රත්වත්ත මාවත, බදුල්ල",,,,,,,,,,7.000977,81.0542532
Other,OTHER,NBRO/LRRMD-BDL/BDU/BADULL/LI/20/0048,BDU200050,Badulla,Badulla,,Malangamuwa,80G,"මලංගමුව, බදුල්ල",,,,,,,,,,6.7911878,80.953731
Other,OTHER,NBRO/LRRMD-BDL/BDU/BADULL/LI/20/0050,BDU200052,Badulla,Badulla,,Udawela,80D,"උඩවෙල, බදුල්ල",,,,,,,,,,6.977822,81.0831
Other,OTHER,NBRO/LRRMD-BDL/BDU/BADULL/LI/20/0051,BDU200053,Badulla,Badulla,,Udawela,80D,"උඩවෙල, බදුල්ල",,,,,,,,,,6.976049,81.085949
Other,OTHER,NBRO/LRRMD-BDL/BDU/BADULL/LI/20/0052,BDU200054,Badulla,Badulla,,Hegoda,79,"අංක 233, හෑගොඩවත්ත, හෑගොඩ, බදුල්ල",,,,,,,,,,6.989931,81.070434
Other,OTHER,NBRO/LRRMD-BDL/BDU/BADULL/LI/20/0053,BDU200055,Badulla,Badulla,,Hegoda,79,"හෑගොඩවත්ත, හෑගොඩ, බදුල්ල",,,,,,,,,,6.989929,81.07043
Other,OTHER,NBRO/LRRMD-BDL/BDU/BADULL/LI/20/0055,BDU200057,Badulla,Badulla,,Malangamuwa,80G,"මලංගමුව, බදුල්ල",,,,,,,,,,6.983557,81.089606
Other,OTHER,NBRO/LRRMD-BDL/BDU/BADULL/LI/20/0058,BDU200060,Badulla,Badulla,,Hingurugamuwa,78E,"හිගුරුගමුව, බදුල්ල",,,,,,,,,,6.960767,81.071361
Other,OTHER,NBRO/LRRMD-BDL/BDU/BADULL/LI/20/0059,BDU200061,Badulla,Badulla,,Vineethagama,80C,ඉත්තෑ කැරැල්ල රජයේ ඉඩමෙන් කොටසක්,,,,,,,,,,6.9698971,81.109467
Other,OTHER,NBRO/LRRMD-BDL/BDU/BANDAR/LI/20/0069,BDU200071,Badulla,Bandarawela,,Bandarawela West,65B,"දඹගස්කැටිය, විශාකා මාවත, බණ්ඩාරවෙල",,,,,,,,,,6.838487,80.990367
Other,OTHER,NBRO/LRRMD-BDL/BDU/BANDAR/LI/20/0071,BDU200073,Badulla,Bandarawela,,Gediyaroda,67K,"142/1, විශාකා මාවත",,,,,,,,,,6.8430298,80.987741
Other,OTHER,NBRO/LRRMD-BDL/BDU/BANDAR/LI/20/0072,BDU200074,Badulla,Bandarawela,,Gediyaroda,67K,"231/1, ගෙඩියාරොද, උතුරු කැබිල්ලෙවෙල",,,,,,,,,,6.84438,80.9910134
Other,OTHER,NBRO/LRRMD-BDL/BDU/BANDAR/LI/20/0073,BDU200075,Badulla,Bandarawela,,Gediyaroda,67K,"442/2, උතුරු කැබිල්ලෙවෙල, ගෙඩියාරොද.",,,,,,,,,,6.839951,80.991634
Other,OTHER,NBRO/LRRMD-BDL/BDU/BANDAR/LI/20/0074,BDU200076,Badulla,Bandarawela,,Gediyaroda,67K,"171/3, බණ්ඩාරනායක මාවත, ගෙඩියාරොද",,,,,,,,,,6.839951,80.991634
Other,OTHER,NBRO/LRRMD-BDL/BDU/BANDAR/LI/20/0075,BDU200077,Badulla,Bandarawela,,Gediyaroda,67K,"100, බණ්ඩාරනායක මාවත, උතුරුකැබිල්ලෙවෙල",,,,,,,,,,6.839629,80.992904
Other,OTHER,NBRO/LRRMD-BDL/BDU/BANDAR/LI/20/0076,BDU200078,Badulla,Bandarawela,,Gediyaroda,67K,"255/3, සෙල්ලහේවා, බණ්ඩාරනායක මාවත, උතුරුකැබිල්ලෙවෙල",,,,,,,,,,6.840171,80.993247
Other,OTHER,NBRO/LRRMD-BDL/BDU/BANDAR/LI/20/0077,BDU200079,Badulla,Bandarawela,,Gediyaroda,67K,"255, ගෙඩියාරොද, උතුරුකැබිල්ලෙවෙල",,,,,,,,,,6.840667,80.9932144
Other,OTHER,NBRO/LRRMD-BDL/BDU/BANDAR/LI/20/0078,BDU200080,Badulla,Bandarawela,,Gediyaroda,67K,"255, ගෙඩියාරොද, උතුරුකැබිල්ලෙවෙල",,,,,,,,,,6.840667,80.993214
Other,OTHER,NBRO/LRRMD-BDL/BDU/BANDAR/LI/20/0079,BDU200081,Badulla,Bandarawela,,Gediyaroda,67K,"ගෙඩියාරොද, උතුරු කැබිල්ලෙවෙල",,,,,,,,,,6.8409096,80.993948
Other,OTHER,NBRO/LRRMD-BDL/BDU/BANDAR/LI/20/0080,BDU200082,Badulla,Bandarawela,,Gediyaroda,67K,"248/1, ගෙඩියාරොද, උතුරු කැබිල්ලෙවෙල",,,,,,,,,,6.840866,80.994193
Other,OTHER,NBRO/LRRMD-BDL/BDU/BANDAR/LI/20/0081,BDU200083,Badulla,Bandarawela,,Gediyaroda,67K,"330, ගෙඩියාරොද, උතුරු කැබිල්ලෙවෙල",,,,,,,,,,6.843903,80.992237
Other,OTHER,NBRO/LRRMD-BDL/BDU/BANDAR/LI/20/0082,BDU200084,Badulla,Bandarawela,,Gediyaroda,67K,"ගෙඩියාරොද පහළ කොටස, උතුරු කැබිල්ලෙවෙල",,,,,,,,,,6.84497,80.991136
Other,OTHER,NBRO/LRRMD-BDL/BDU/BANDAR/LI/20/0083,BDU200085,Badulla,Bandarawela,,Gediyaroda,67K,"232/4, ගෙඩියාරොද, බණ්ඩාරවෙල",,,,,,,,,,6.844744,80.990751
Other,OTHER,NBRO/LRRMD-BDL/BDU/BANDAR/LI/20/0084,BDU200086,Badulla,Bandarawela,,Gediyaroda,67K,"232, ගෙඩියාරොද, බණ්ඩාරවෙල",,,,,,,,,,6.844682,80.990931
Other,OTHER,NBRO/LRRMD-BDL/BDU/BANDAR/LI/20/0085,BDU200087,Badulla,Bandarawela,,Gediyaroda,67K,"ගෙඩියාරොද, බණ්ඩාරවෙල",,,,,,,,,,6.842291,80.994177
Other,OTHER,NBRO/LRRMD-BDL/BDU/BANDAR/LI/20/0086,BDU200088,Badulla,Bandarawela,,Gediyaroda,67K,"65, විශාකා මාවත",,,,,,,,,,6.840789,80.990722
Other,OTHER,NBRO/LRRMD-BDL/BDU/BANDAR/LI/20/0087,BDU200089,Badulla,Bandarawela,,Gediyaroda,67K,"අංක 47, විශාකා මාවත",,,,,,,,,,6.840786,80.989551
Other,OTHER,NBRO/LRRMD-BDL/BDU/BANDAR/LI/20/0088,BDU200090,Badulla,Bandarawela,,Gediyaroda,67K,"අංක 111, විශාකා මාවත, බණ්ඩාරවෙල",,,,,,,,,,6.84229554,80.988239
Other,OTHER,NBRO/LRRMD-BDL/BDU/BANDAR/LI/20/0089,BDU200091,Badulla,Bandarawela,,Gediyaroda,67K,"සඳරැස, විශාකා මාවත",,,,,,,,,,6.840084,80.98909
Other,OTHER,NBRO/LRRMD-BDL/BDU/BANDAR/LI/20/0090,BDU200092,Badulla,Bandarawela,,Gediyaroda,67K,"111, විශාකා මාවත",,,,,,,,,,6.84210971,80.988443
Other,OTHER,NBRO/LRRMD-BDL/BDU/BANDAR/LI/20/0091,BDU200093,Badulla,Bandarawela,,Gediyaroda,67K,"103, විශාකා මාවත",,,,,,,,,,6.842609,80.988376
Other,OTHER,NBRO/LRRMD-BDL/BDU/BANDAR/LI/20/0092,BDU200094,Badulla,Bandarawela,,Gediyaroda,67K,"108, ජැක් සෙවන, විශාකා මාවත",,,,,,,,,,6.842561,80.987244
Other,OTHER,NBRO/LRRMD-BDL/BDU/BANDAR/LI/20/0093,BDU200095,Badulla,Bandarawela,,Gediyaroda,67K,"208, විශාකා මාවත",,,,,,,,,,6.839785,80.988894
Other,OTHER,NBRO/LRRMD-BDL/BDU/BANDAR/LI/20/0094,BDU200096,Badulla,Bandarawela,,Gediyaroda,67K,"54, තිළිණි නිවස, විශාකා මාවත",,,,,,,,,,6.841566,80.990056
Other,OTHER,NBRO/LRRMD-BDL/BDU/BANDAR/LI/20/0095,BDU200097,Badulla,Bandarawela,,Gediyaroda,67K,"203/3, විශාකා මාවත",,,,,,,,,,6.841394,80.988686
Other,OTHER,NBRO/LRRMD-BDL/BDU/BANDAR/LI/20/0096,BDU200098,Badulla,Bandarawela,,Gediyaroda,67K,"ගෙඩියාරොද, බණ්ඩාරවෙල",,,,,,,,,,6.842295,80.988234
Other,OTHER,NBRO/LRRMD-BDL/BDU/BANDAR/LI/20/0097,BDU200099,Badulla,Bandarawela,,Gediyaroda,67K,"203/3, විශාකා මාවත",,,,,,,,,,6.841553,80.988592
Other,OTHER,NBRO/LRRMD-BDL/BDU/BANDAR/LI/20/0098,BDU200100,Badulla,Bandarawela,,Gediyaroda,67K,"203/3, විශාකා මාවත",,,,,,,,,,6.841394,80.988686
Other,OTHER,NBRO/LRRMD-BDL/BDU/BANDAR/LI/20/0099,BDU200101,Badulla,Bandarawela,,Gediyaroda,67K,"203/3, විශාකා මාවත",,,,,,,,,,6.841394,80.988686
Other,OTHER,NBRO/LRRMD-BDL/BDU/BANDAR/LI/20/0100,BDU200102,Badulla,Bandarawela,,Gediyaroda,67K,"“දිලුම්”, විශාකා මාවත, බණ්ඩාරවෙල",,,,,,,,,,6.840774,80.988911
Other,OTHER,NBRO/LRRMD-BDL/BDU/BANDAR/LI/20/0101,BDU200103,Badulla,Bandarawela,,Udaperuwa,66B,"උඩපේරුව, බණ්ඩාරවෙල",,,,,,,,,,6.83544,81.0128
Other,OTHER,NBRO/LRRMD-BDL/BDU/BANDAR/LI/20/0102,BDU200104,Badulla,Bandarawela,,Inikambedda,65E,"අංක 12/2,විදුහල් පතන,මහානාම පාර,ඉණිකම්බැද්ද, බණ්ඩාරවෙල",,,,,,,,,,6.823778,80.992061
Other,OTHER,NBRO/LRRMD-BDL/BDU/BANDAR/LI/20/0103,BDU200105,Badulla,Bandarawela,,Inikambedda,65E,"අංක 12/1,විදුහල පතන,මහානාම පාර,ඉණිකම්බැද්ද, බණ්ඩාරවෙල",,,,,,,,,,6.823814,80.992161
Other,OTHER,NBRO/LRRMD-BDL/BDU/BANDAR/LI/20/0104,BDU200106,Badulla,Bandarawela,,Inikambedda,65E,"“සදහිරු” , මාර්ලොජ් පාර , බණ්ඩාරවෙල",,,,,,,,,,6.82389,80.989965
Other,OTHER,NBRO/LRRMD-BDL/BDU/BANDAR/LI/20/0105,BDU200107,Badulla,Bandarawela,,Inikambedda,65E,"අංක 192, ජලාශකන්ද, ඉණිකම්බැද්ද, බණ්ඩාරවෙල",,,,,,,,,,6.82536,80.987916
Other,OTHER,NBRO/LRRMD-BDL/BDU/BANDAR/LI/20/0106,BDU200108,Badulla,Bandarawela,,Inikambedda,65E,"10,ජලාශය පාර, ඉණිකම්බැද්ද, බණ්ඩාරවෙල",,,,,,,,,,6.825056,80.987921
Other,OTHER,NBRO/LRRMD-BDL/BDU/BANDAR/LI/20/0107,BDU200109,Badulla,Bandarawela,,Inikambedda,65E,"ජලාශ පාර, ඉණිකම්බැද්ද, බණ්ඩාරවෙල",,,,,,,,,,6.824987,80.987281
Other,OTHER,NBRO/LRRMD-BDL/BDU/BANDAR/LI/20/0108,BDU200110,Badulla,Bandarawela,,Inikambedda,65E,"2/192,දකුණු කැබිල්ලෙවෙල,ජලාශයකන්ද, බණ්ඩාරවෙල",,,,,,,,,,6.825021,80.988259
Other,OTHER,NBRO/LRRMD-BDL/BDU/BANDAR/LI/20/0109,BDU200111,Badulla,Bandarawela,,Inikambedda,65E,"192/1,ජලාශකන්ද,සෙල්ටෙල් කණුව අසල,බණ්ඩාරවෙල",,,,,,,,,,6.825296,80.987987
Other,OTHER,NBRO/LRRMD-BDL/BDU/BANDAR/LI/20/0110,BDU200112,Badulla,Bandarawela,,Inikambedda,65E,"3A,ජනඋදානගම්මානය, ඉණිකම්බැද්ද, බණ්ඩාරවෙල",,,,,,,,,,6.824746,80.98984
Other,OTHER,NBRO/LRRMD-BDL/BDU/BANDAR/LI/20/0111,BDU200113,Badulla,Bandarawela,,Inikambedda,65E,"67A,ජනඋදානගම, ඉණිකම්බැද්ද, බණ්ඩාරවෙල",,,,,,,,,,6.824403,80.990142
Other,OTHER,NBRO/LRRMD-BDL/BDU/BANDAR/LI/20/0112,BDU200114,Badulla,Bandarawela,,Inikambedda,65E,"26 A,ජනඋදානගම, බණ්ඩාරවෙල",,,,,,,,,,6.824373,80.990137
Other,OTHER,NBRO/LRRMD-BDL/BDU/BANDAR/LI/20/0113,BDU200115,Badulla,Bandarawela,,Inikambedda,65E,"40A,ජනඋදානගම, ඉණිකම්බැද්ද, බණ්ඩාරවෙල",,,,,,,,,,6.823598,80.990518
Other,OTHER,NBRO/LRRMD-BDL/BDU/BANDAR/LI/20/0114,BDU200116,Badulla,Bandarawela,,Inikambedda,65E,‘සිසරිසිරි’ මාර්ලෙජ්  පාර,,,,,,,,,,6.823429,80.990423
Other,OTHER,NBRO/LRRMD-BDL/BDU/BANDAR/LI/20/0115,BDU200117,Badulla,Bandarawela,,Udaperuwa,66B,"1/62,ඉසුරු උයන, උඩපේරුව, කිණිගම, බණ්ඩාරවෙල",,,,,,,,,,6.835371,81.009567
Other,OTHER,NBRO/LRRMD-BDL/BDU/BANDAR/LI/20/0118,BDU200120,Badulla,Bandarawela,,Bindunuwewa,67B,"දූල් බැද්ද, බදුලුගස්තැන්න, බිඳුනු වැව, බණ්ඩාරවෙල",,,,,,,,,,6.845332,80.994206
Other,OTHER,NBRO/LRRMD-BDL/BDU/BANDAR/LI/20/0121,BDU200123,Badulla,Bandarawela,,Bindunuwewa,67B,"ලාලනී, බිදුණුවැව, බණ්ඩාරවෙල",,,,,,,,,,6.840525,81.00213
Other,OTHER,NBRO/LRRMD-BDL/BDU/BANDAR/LI/20/0122,BDU200124,Badulla,Bandarawela,,Bindunuwewa,67B,"ලාලනී, බිදුණුවැව, බණ්ඩාරවෙල",,,,,,,,,,6.840409,81.00225
Other,OTHER,NBRO/LRRMD-BDL/BDU/BANDAR/LI/20/0123,BDU200125,Badulla,Bandarawela,,Bindunuwewa,67B,"ලාලනී, බිදුණුවැව, බණ්ඩාරවෙල",,,,,,,,,,6.840629,81.001923
Other,OTHER,NBRO/LRRMD-BDL/BDU/BANDAR/LI/20/0124,BDU200126,Badulla,Bandarawela,,Bindunuwewa,67B,"1/82, බදුළුගස්තැන්න,බිදුණුවැව, බණ්ඩාරවෙල",,,,,,,,,,6.843142,80.996189
Other,OTHER,NBRO/LRRMD-BDL/BDU/BANDAR/LI/20/0125,BDU200127,Badulla,Bandarawela,,Bindunuwewa,67B,"04 ජනාදර මාවත,ගොවිපළපාර,බිඳුණුවැව, බණ්ඩාරවෙල",,,,,,,,,,6.841138,80.998709
Other,OTHER,NBRO/LRRMD-BDL/BDU/BANDAR/LI/20/0126,BDU200128,Badulla,Bandarawela,,Bindunuwewa,67B,"බදුළුගස්තැන්න, ජනාදර මාවත, බිදුණුවැව,  බණ්ඩාරවෙල",,,,,,,,,,6.841354,80.998665
Other,OTHER,NBRO/LRRMD-BDL/BDU/BANDAR/LI/20/0127,BDU200129,Badulla,Bandarawela,,Bindunuwewa,67B,"50, රවුම්පාර නිවස, බිදුණුවැව, බණ්ඩාරවෙල",,,,,,,,,,6.840492,81.001923
Other,OTHER,NBRO/LRRMD-BDL/BDU/BANDAR/LI/20/0129,BDU200131,Badulla,Bandarawela,,Bindunuwewa,67B,"ලාලනී, බිදුණුවැව, බණ්ඩාරවෙල",,,,,,,,,,6.840478,81.001891
Other,OTHER,NBRO/LRRMD-BDL/BDU/BANDAR/LI/20/0130,BDU200132,Badulla,Bandarawela,,Bindunuwewa,67B,"ගොවිපල පාර, බිදුණුවැව, බණ්ඩාරවෙල",,,,,,,,,,6.840352,81.00245
Other,OTHER,NBRO/LRRMD-BDL/BDU/BANDAR/LI/20/0131,BDU200133,Badulla,Bandarawela,,Bindunuwewa,67B,"52,රවුම්පාර නිවස,බදුළුගස්තැන්න, බිඳුණුවැව, බණ්ඩාරවෙල",,,,,,,,,,6.841367,81.001029
Other,OTHER,NBRO/LRRMD-BDL/BDU/BANDAR/LI/20/0132,BDU200134,Badulla,Bandarawela,,Bindunuwewa,67B,"3/3,ගුරු විදුහල පාර, බිඳුණුවැව, බණ්ඩාරවෙල",,,,,,,,,,6.845374,81.00468
Other,OTHER,NBRO/LRRMD-BDL/BDU/BANDAR/LI/20/0133,BDU200135,Badulla,Bandarawela,,Bindunuwewa,67B,"227,මංකඩ අරාව,ඉහළ කහත්තේවෙල, බිඳුණුවැව, බණ්ඩාරවෙල",,,,,,,,,,6.845092,81.004361
Other,OTHER,NBRO/LRRMD-BDL/BDU/BANDAR/LI/20/0134,BDU200136,Badulla,Bandarawela,,Bindunuwewa,67B,"10,සුසන්ත නිවස,දික්උල්පත, බිඳුණුවැව, බණ්ඩාරවෙල",,,,,,,,,,6.844753,81.005332
Other,OTHER,NBRO/LRRMD-BDL/BDU/BANDAR/LI/20/0135,BDU200137,Badulla,Bandarawela,,Bindunuwewa,67B,"දික්උල්පත, බිඳුණුවැව, බණ්ඩාරවෙල",,,,,,,,,,6.844998,81.005595
Other,OTHER,NBRO/LRRMD-BDL/BDU/BANDAR/LI/20/0136,BDU200138,Badulla,Bandarawela,,Bindunuwewa,67B,"චිත්‍රරේඛා,ගරු විදුහල පාර, බිඳුණුවැව, බණ්ඩාරවෙල",,,,,,,,,,6.845092,81.004561
Other,OTHER,NBRO/LRRMD-BDL/BDU/BANDAR/LI/20/0137,BDU200139,Badulla,Bandarawela,,Bindunuwewa,67B,"චිත්‍රරේඛා,ගරු විදුහල පාර, බිඳුණුවැව, බණ්ඩාරවෙල",,,,,,,,,,6.845092,81.004561
Other,OTHER,NBRO/LRRMD-BDL/BDU/BANDAR/LI/20/0138,BDU200140,Badulla,Bandarawela,,Bindunuwewa,67B,"බදුළුගස්තැන්න, බිඳුණුවැව, බණ්ඩාරවෙල",,,,,,,,,,6.843062,80.997521
Other,OTHER,NBRO/LRRMD-BDL/BDU/BANDAR/LI/20/0139,BDU200141,Badulla,Bandarawela,,Bindunuwewa,67B,"බදුළුගස්තැන්න, බිදුණුවැව, බණ්ඩාරවෙල",,,,,,,,,,6.84643,80.995448
Other,OTHER,NBRO/LRRMD-BDL/BDU/BANDAR/LI/20/0140,BDU200142,Badulla,Bandarawela,,Bindunuwewa,67B,"බදුළුගස්තැන්න, බිඳුණුවැව, බණ්ඩාරවෙල",,,,,,,,,,6.842333,80.99782
Other,OTHER,NBRO/LRRMD-BDL/BDU/BANDAR/LI/20/0141,BDU200143,Badulla,Bandarawela,,Bindunuwewa,67B,"බදුළුගස්තැන්න, බිඳුණුවැව, බණ්ඩාරවෙල",,,,,,,,,,6.843135,80.997318
Other,OTHER,NBRO/LRRMD-BDL/BDU/BANDAR/LI/20/0142,BDU200144,Badulla,Bandarawela,,Bindunuwewa,67B,"බිඳුණුවැව, බණ්ඩාරවෙල",,,,,,,,,,6.843062,80.997521
Other,OTHER,NBRO/LRRMD-BDL/BDU/BANDAR/LI/20/0143,BDU200145,Badulla,Bandarawela,,Bindunuwewa,67B,"බදුළුගස්තැන්න, බිඳුණුවැව, බණ්ඩාරවෙල",,,,,,,,,,6.845636,80.993853
Other,OTHER,NBRO/LRRMD-BDL/BDU/BANDAR/LI/20/0144,BDU200146,Badulla,Bandarawela,,Bindunuwewa,67B,"101,බදුළුගස්තැන්න,බිඳුණුවැව,බණ්ඩාර‍වෙල",,,,,,,,,,6.846182,80.99499
Other,OTHER,NBRO/LRRMD-BDL/BDU/BANDAR/LI/20/0145,BDU200147,Badulla,Bandarawela,,Bindunuwewa,67B,"113,බදුළුගස්තැන්න,බිඳුණුවැව,බණ්ඩාරවෙල",,,,,,,,,,6.845698,80.99528
Other,OTHER,NBRO/LRRMD-BDL/BDU/BANDAR/LI/20/0146,BDU200148,Badulla,Bandarawela,,Bindunuwewa,67B,"බදුළුගස්තැන්න,බිඳුණුවැව,බණ්ඩාරවෙල",,,,,,,,,,6.845953,80.994716
Other,OTHER,NBRO/LRRMD-BDL/BDU/BANDAR/LI/20/0147,BDU200149,Badulla,Bandarawela,,Bindunuwewa,67B,"බදුළුගස්තැන්න,බිඳුණුවැව,බණ්ඩාරවෙල",,,,,,,,,,6.846052,80.994382
Other,OTHER,NBRO/LRRMD-BDL/BDU/BANDAR/LI/20/0148,BDU200150,Badulla,Bandarawela,,Bindunuwewa,67B,"22/3 ගොවිපළ පාර, බාබන්විලා, බිඳුණුවැව, බණ්ඩාරවෙල",,,,,,,,,,6.841614,81.000641
Other,OTHER,NBRO/LRRMD-BDL/BDU/BANDAR/LI/20/0149,BDU200151,Badulla,Bandarawela,,Bindunuwewa,67B,"බාබන්විලා, බිඳුණුවැව, බණ්ඩාරවෙල",,,,,,,,,,6.841381,81.000625
Other,OTHER,NBRO/LRRMD-BDL/BDU/BANDAR/LI/20/0150,BDU200152,Badulla,Bandarawela,,Bindunuwewa,67B,"බාබන්විලා, 22/2, බිඳුණුවැව, බණ්ඩාරවෙල",,,,,,,,,,6.841614,81.00064
Other,OTHER,NBRO/LRRMD-BDL/BDU/BANDAR/LI/20/0151,BDU200153,Badulla,Bandarawela,,Bindunuwewa,67B,"222, ගොවිපළ පාර, බිඳුණුවැව, බණ්ඩාරවෙල",,,,,,,,,,6.841614,81.00064
Other,OTHER,NBRO/LRRMD-BDL/BDU/BANDAR/LI/20/0152,BDU200154,Badulla,Bandarawela,,Bindunuwewa,67B,"51/6, පැරකුම් මාවත, දියබිබිල, බණ්ඩාරවෙල",,,,,,,,,,6.8423107,80.9968005
Other,OTHER,NBRO/LRRMD-BDL/BDU/BANDAR/LI/20/0153,BDU200155,Badulla,Bandarawela,,Wewathenna,67G,"57/A,රෝහල පාර, වැවතැන්න, බණ්ඩාරවෙල",,,,,,,,,,6.845598,80.981711
Other,OTHER,NBRO/LRRMD-BDL/BDU/BANDAR/LI/20/0154,BDU200156,Badulla,Bandarawela,,Wewathenna,67G,"22/32, රෝහල පාර, වැවතැන්න, බණ්ඩාරවෙල",,,,,,,,,,6.845598,80.981711
Other,OTHER,NBRO/LRRMD-BDL/BDU/BANDAR/LI/20/0155,BDU200157,Badulla,Bandarawela,,Inikambedda,65E,"23 A, ඉණිකම්බැද්ද",,,,,,,,,,6.82468,80.989961
Other,OTHER,NBRO/LRRMD-BDL/BDU/BANDAR/LI/20/0165,BDU200167,Badulla,Bandarawela,,Thanthiriya,66G,"දිලිනි නිවස, පිං අරාව පාර, කිණිගම,බණ්ඩාරවෙල",,,,,,,,,,6.832375,81.001163
Other,OTHER,NBRO/LRRMD-BDL/BDU/BANDAR/LI/20/0166,BDU200168,Badulla,Bandarawela,,Thanthiriya,66G,"3/18, ධර්මාශෝක පෙදෙස, කිණිගම, බණ්ඩාරවෙල",,,,,,,,,,6.829647,81.001064
Other,OTHER,NBRO/LRRMD-BDL/BDU/BANDAR/LI/20/0167,BDU200169,Badulla,Bandarawela,,Thanthiriya,66G,"58, පිං අරාව, පතනගම පාර, කිණිගම",,,,,,,,,,6.832551,81.00057
Other,OTHER,NBRO/LRRMD-BDL/BDU/BANDAR/LI/20/0168,BDU200170,Badulla,Bandarawela,,Thanthiriya,66G,"33/1, පිං අරාව, පතනගම, උඩුහුල්පොත, බණ්ඩාරවෙල",,,,,,,,,,6.833197,81.000474
Other,OTHER,NBRO/LRRMD-BDL/BDU/BANDAR/LI/20/0170,BDU200171,Badulla,Bandarawela,,Kebillawela North,67D,"අංක 1/115, කුරුඳුගොල්ල, උතුරුකැබිල්ලවෙල, බණ්ඩාරවෙල",,,,,,,,,,6.836417,80.999548
Other,OTHER,NBRO/LRRMD-BDL/BDU/BANDAR/LI/20/0172,BDU200173,Badulla,Bandarawela,,Makulelle,66A,"අංක 54/1, වනසිරිගම, මකුල්ඇල්ල, බණ්ඩාරවෙල",,,,,,,,,,6.824192,81.036686
Other,OTHER,NBRO/LRRMD-BDL/BDU/BANDAR/LI/20/0173,BDU200174,Badulla,Bandarawela,,Bambaragama,70,"ගොන්නගහවත්ත, අඹදණ්ඩේගම, බණ්ඩාරවෙල",,,,,,,,,,6.823765,81.047635
Other,OTHER,NBRO/LRRMD-BDL/BDU/BANDAR/LI/20/0174,BDU200175,Badulla,Bandarawela,,Egodagama,66E,"අඹගහකඳුර, එගොඩගම,  බණ්ඩාරවෙල",,,,,,,,,,6.833425,81.022199
Other,OTHER,NBRO/LRRMD-BDL/BDU/BANDAR/LI/20/0175,BDU200176,Badulla,Bandarawela,,Kinigama,66,"157, ඉසුරු ගල්කන්ද, කිණිගම,  බණ්ඩාරවෙල",,,,,,,,,,6.8278523,81.0119463
Other,OTHER,NBRO/LRRMD-BDL/BDU/BANDAR/LI/20/0176,BDU200177,Badulla,Bandarawela,,Makulelle,66A,"හිඹුටුගොල්ල, මකුල්ඇල්ල,  බණ්ඩාරවෙල",,,,,,,,,,6.831842,81.029039
Other,OTHER,NBRO/LRRMD-BDL/BDU/BANDAR/LI/20/0177,BDU200178,Badulla,Bandarawela,,Ambadandegama,70B,"මැදපතන, අඹදණ්ඩේගම, බණ්ඩාරවෙල",,,,,,,,,,6.809259,81.045212
Other,OTHER,NBRO/LRRMD-BDL/BDU/BANDAR/LI/20/0178,BDU200179,Badulla,Bandarawela,,Beddearawa,70C,"සිරි නිවස, බැද්දේඅරාව,  ලියන්ගහවෙල, බණ්ඩාරවෙල",,,,,,,,,,6.8085,81.032592
Other,OTHER,NBRO/LRRMD-BDL/BDU/BANDAR/LI/20/0179,BDU200180,Badulla,Bandarawela,,Weheragalathenna,66F,"මැදපතන, වෙහෙරගලතැන්න, බණ්ඩාරවෙල",,,,,,,,,,6.8383525,81.027706
Other,OTHER,NBRO/LRRMD-BDL/BDU/BANDAR/LI/20/0180,BDU200181,Badulla,Bandarawela,,Weheragalathenna,66F,"මැදපතන, වෙහෙරගලතැන්න, බණ්ඩාරවෙල",,,,,,,,,,6.8383525,81.027706
Other,OTHER,NBRO/LRRMD-BDL/BDU/BANDAR/LI/20/0181,BDU200182,Badulla,Bandarawela,,Thanthiriya,66G,"14, ධර්මාශෝක පෙදෙස, කිණිගම පාර, බණ්ඩාරවෙල",,,,,,,,,,6.829843,81.000706
Other,OTHER,NBRO/LRRMD-BDL/BDU/BANDAR/LI/20/0182,BDU200183,Badulla,Bandarawela,,Thanthiriya,66G,"හීල්ඔය පාර, තන්තිරිය, බණ්ඩාරවෙල",,,,,,,,,,6.830046,81.000474
Other,OTHER,NBRO/LRRMD-BDL/BDU/BANDAR/LI/20/0183,BDU200184,Badulla,Bandarawela,,Thanthiriya,66G,"218/2, R.M. අප්පුහාමි මාවත, කිණිගම,බණ්ඩාරවෙල",,,,,,,,,,6.828944,81.002237
Other,OTHER,NBRO/LRRMD-BDL/BDU/BANDAR/LI/20/0184,BDU200185,Badulla,Bandarawela,,Thanthiriya,66G,"අංක 218/11, R.M. අප්පුහාමි මාවත, කිණිගම,බණ්ඩාරවෙල",,,,,,,,,,6.829551,81.001784
Other,OTHER,NBRO/LRRMD-BDL/BDU/BANDAR/LI/20/0185,BDU200186,Badulla,Bandarawela,,Thanthiriya,66G,"214/1 B, රංග ප්‍රභා, මැදහින්න, කිණිගම, බණ්ඩාරවෙල",,,,,,,,,,6.835291,81.007118
Other,OTHER,NBRO/LRRMD-BDL/BDU/BANDAR/LI/20/0188,BDU200189,Badulla,Bandarawela,,Thanthiriya,66G,"39/6, කිණිගම, බණ්ඩාරවෙල",,,,,,,,,,6.828711,80.998498
Other,OTHER,NBRO/LRRMD-BDL/BDU/BANDAR/LI/20/0189,BDU200190,Badulla,Bandarawela,,Thanthiriya,66G,"සම්පත්, කිණිගම,  බණ්ඩාරවෙල",,,,,,,,,,6.83035,81.0029
Other,OTHER,NBRO/LRRMD-BDL/BDU/BANDAR/LI/20/0190,BDU200191,Badulla,Bandarawela,,Thanthiriya,66G,"2/32, ධර්මාශෝක පෙදෙස, බණ්ඩාරවෙල",,,,,,,,,,6.82965,81.000182
Other,OTHER,NBRO/LRRMD-BDL/BDU/BANDAR/LI/20/0191,BDU200192,Badulla,Bandarawela,,Thanthiriya,66G,"ගිහානි, මැදහින්න, කිණිගම, බණ්ඩාරවෙල",,,,,,,,,,6.835446,81.005645
Other,OTHER,NBRO/LRRMD-BDL/BDU/BANDAR/LI/20/0196,BDU200197,Badulla,Bandarawela,,Wewathenna,67G,"ගස්වත්ත හන්දිය, වැලිමඩ පාර, බණ්ඩාරවෙල",,,,,,,,,,6.841914,80.974361
Other,OTHER,NBRO/LRRMD-BDL/BDU/BANDAR/LI/20/0197,BDU200198,Badulla,Bandarawela,,Mathatilla,67J,"බෙලිපොළ, මාතැටිල්ල, බණ්ඩාරවෙල",,,,,,,,,,6.86173,80.951481
Other,OTHER,NBRO/LRRMD-BDL/BDU/BANDAR/LI/20/0198,BDU200199,Badulla,Bandarawela,,Inikambedda,65E,"ජලාශ කන්ද, ඉණිකම්බැද්ද, බණ්ඩාරවෙල",,,,,,,,,,6.825339,80.987678
Other,OTHER,NBRO/LRRMD-BDL/BDU/BANDAR/LI/20/0199,BDU200200,Badulla,Bandarawela,,Darahitawanagoda,66H,"දරහිටවනාගොඩ, දූල්ගොල්ල, බණ්ඩාරවෙල",,,,,,,,,,6.815534,81.007285
Other,OTHER,NBRO/LRRMD-BDL/BDU/BANDAR/LI/20/0200,BDU200201,Badulla,Bandarawela,,Doolgolla,66C,"දූල්ගොල්ල, බණ්ඩාරවෙල",,,,,,,,,,6.818989,81.01156
Other,OTHER,NBRO/LRRMD-BDL/BDU/BANDAR/LI/20/0201,BDU200202,Badulla,Bandarawela,,Liyangahawela,70A,"පන්සල පාර, ලියන්ගහවෙල, බණ්ඩාරවෙල",,,,,,,,,,6.813787,81.030047
Other,OTHER,NBRO/LRRMD-BDL/BDU/BANDAR/LI/20/0202,BDU200203,Badulla,Bandarawela,,Ambegoda,67C,"අංක 74, හිඹුටුවැල්ගොඩ, අඹේගොඩ, බණ්ඩාරවෙල",,,,,,,,,,6.849998,80.967059
Other,OTHER,NBRO/LRRMD-BDL/BDU/BANDAR/LI/20/0203,BDU200204,Badulla,Bandarawela,,Obadaelle,65F,"අලවත්ත, ඕබඩඇල්ල, බණ්ඩාරවෙල",,,,,,,,,,6.809849,80.984399
Other,OTHER,NBRO/LRRMD-BDL/BDU/BANDAR/LI/20/0204,BDU200205,Badulla,Bandarawela,,Kebillaweka South,65A,"පිරිවෙන අසළ, දකුණු කැබිල්ලේවෙල, බණ්ඩාරවෙල",,,,,,,,,,6.818144,80.994214
Other,OTHER,NBRO/LRRMD-BDL/BDU/BANDAR/LI/20/0205,BDU200206,Badulla,Bandarawela,,Diganathenna,67H,"කිතුල්දෝව, අඹේගොඩ, බණ්ඩාරවෙල",,,,,,,,,,6.850453,80.971626
Other,OTHER,NBRO/LRRMD-BDL/BDU/BANDAR/LI/20/0206,BDU200207,Badulla,Bandarawela,,Beddekumbura,65D,"දෙළුම්ගහ අරාව, ඕබඩඇල්ල, බණ්ඩාරවෙල",,,,,,,,,,6.813425,80.991838
Other,OTHER,NBRO/LRRMD-BDL/BDU/BANDAR/LI/20/0207,BDU200208,Badulla,Bandarawela,,Mahaulpotha,66D,"වත්තේ ගෙදර, මහඋල්පත, බණ්ඩාරවෙල",,,,,,,,,,6.823034,81.00693161
Other,OTHER,NBRO/LRRMD-BDL/BDU/BANDAR/LI/20/0208,BDU200209,Badulla,Bandarawela,,Bindunuwewa,67B,"ප්‍රජා ශාලාව අසල, බදුළුගස්තැන්න, බිඳුණුවැව, බණ්ඩාරවෙල",,,,,,,,,,6.846101,80.996413
Other,OTHER,NBRO/LRRMD-BDL/BDU/ELLA/LI/20/0225,BDU200226,Badulla,Ella,,Dowa,69D,"හෙළදෝව, කුඩුගල්පතන, දික්අරාව, බණ්ඩාරවෙල",,,,,,,,,,6.849337,81.010058
Other,OTHER,NBRO/LRRMD-BDL/BDU/ELLA/LI/20/0226,BDU200227,Badulla,Ella,,Dowa,69D,"අලුත්ගම, බිදුණුවැව, බණ්ඩාරවෙල",,,,,,,,,,6.846536,81.009093
Other,OTHER,NBRO/LRRMD-BDL/BDU/ELLA/LI/20/0227,BDU200228,Badulla,Ella,,Dowa,69D,"වංගුවේ ගෙදර, දික්කරාව, බණ්ඩාරවෙල",,,,,,,,,,6.851525,81.00986209
Other,OTHER,NBRO/LRRMD-BDL/BDU/ELLA/LI/20/0229,BDU200230,Badulla,Ella,,Karandagolla,69A,"10 කණුව, ඌව කරඳගොල්ල, ඇල්ල",,,,,,,,,,6.822783,81.077601
Other,OTHER,NBRO/LRRMD-BDL/BDU/ELLA/LI/20/0233,BDU200234,Badulla,Ella,,Heeloya,69B,"345/B, යහලේගොඩ, බොරලන්ද, හීල්ඔය",,,,,,,,,,6.859487,81.034769
Other,OTHER,NBRO/LRRMD-BDL/BDU/ELLA/LI/20/0234,BDU200235,Badulla,Ella,,Heeloya,69B,"රජකොටුව, යහලේගොඩ, හීල්ඔය.",,,,,,,,,,6.859645,81.034954
Other,OTHER,NBRO/LRRMD-BDL/BDU/ELLA/LI/20/0235,BDU200236,Badulla,Ella,,Heeloya,69B,"යහලේගොඩ, බොරලන්ද, හීල්ඔය",,,,,,,,,,6.832829,80.889018
Other,OTHER,NBRO/LRRMD-BDL/BDU/ELLA/LI/20/0236,BDU200237,Badulla,Ella,,Heeloya,69B,"යහලේගොඩ, බොරලන්ද, හීල්ඔය",,,,,,,,,,6.859875,81.035834
Other,OTHER,NBRO/LRRMD-BDL/BDU/ELLA/LI/20/0237,BDU200238,Badulla,Ella,,Heeloya,69B,"අඹගහ ළිඳ ගෙදර, ආඩිගල, කුඹල්වෙල, ඇල්ල",,,,,,,,,,6.863922,81.030357
Other,OTHER,NBRO/LRRMD-BDL/BDU/ELLA/LI/20/0238,BDU200239,Badulla,Ella,,Heeloya,69B,"නදී සෙවණ, රජකොටුව, හීල්ඔය",,,,,,,,,,6.856233,81.033597
Other,OTHER,NBRO/LRRMD-BDL/BDU/ELLA/LI/20/0239,BDU200240,Badulla,Ella,,Heeloya,69B,"සමන් නිවස, හැවන්වෙල, හීල්ඔය",,,,,,,,,,6.858362,81.028081
Other,OTHER,NBRO/LRRMD-BDL/BDU/HALDUM/LI/20/0245,BDU200246,Badulla,Haldummulla,,Kosgama,158A,"බදුලුදෙන,කොස්ගම,හල්දුම්මුල්ල",,,,,,,,,,6.683998,80.840076
Other,OTHER,NBRO/LRRMD-BDL/BDU/HALDUM/LI/20/0246,BDU200247,Badulla,Haldummulla,,Kosgama,158A,"බදුලුදෙන,කොස්ගම,හල්දුම්මුල්ල",,,,,,,,,,6.703078,80.836531
Other,OTHER,NBRO/LRRMD-BDL/BDU/HALDUM/LI/20/0252,BDU200253,Badulla,Haldummulla,,Uvathenna,158C,"දිගන්වෙල, ඌවතැන්න",,,,,,,,,,6.760558,80.849565
Other,OTHER,NBRO/LRRMD-BDL/BDU/HALDUM/LI/20/0254,BDU200255,Badulla,Haldummulla,,Kiriwanagama,156,"ගොඩගෙදර අගල, කිරවනාගම",,,,,,,,,,6.731209,80.937444
Other,OTHER,NBRO/LRRMD-BDL/BDU/HALDUM/LI/20/0255,BDU200256,Badulla,Haldummulla,,Kalupahana,158,"නිධන්ගොඩ, කළුපහන",,,,,,,,,,6.773129,80.851086
Other,OTHER,NBRO/LRRMD-BDL/BDU/HALDUM/LI/20/0256,BDU200257,Badulla,Haldummulla,,Seelathenna,158D,"මාලදොළ, හල්දුම්මුල්ල.",,,,,,,,,,6.7394,80.861687
Other,OTHER,NBRO/LRRMD-BDL/BDU/HALDUM/LI/20/0258,BDU200259,Badulla,Haldummulla,,Manthenna,156B,"සිංහාවරණ, රන්වන්ගුහාව, කිරවනාගම.",,,,,,,,,,6.744199,80.917447
Other,OTHER,NBRO/LRRMD-BDL/BDU/HALDUM/LI/20/0259,BDU200260,Badulla,Haldummulla,,Akkara Seeya,155F,"කක්කුටු අරාව, අක්කර 100",,,,,,,,,,6.728154,80.973718
Other,OTHER,NBRO/LRRMD-BDL/BDU/ELLA/LI/20/0260,BDU200261,Badulla,Ella,,Heeloya,69B,"අංක 29, බොරලන්ද, හීල්ඔය, බණ්ඩාරවෙල.",,,,,,,,,,6.850893,81.033208
Other,OTHER,NBRO/LRRMD-BDL/BDU/ELLA/LI/20/0261,BDU200262,Badulla,Ella,,Heeloya,69B,"හීල්ඔය, බණ්ඩාරවෙල",,,,,,,,,,6.859022,81.036492
Other,OTHER,NBRO/LRRMD-BDL/BDU/ELLA/LI/20/0262,BDU200263,Badulla,Ella,,Heeloya,69B,"මොරවක ස්ටෝර්ස්, කුඹල්වෙල,ඇල්ල.",,,,,,,,,,6.8606462,81.031147
Other,OTHER,NBRO/LRRMD-BDL/BDU/ELLA/LI/20/0263,BDU200264,Badulla,Ella,,Heeloya,69B,"රජකොටුව, හීල්ඔය, බණ්ඩාරවෙල",,,,,,,,,,6.856976,81.033886
Other,OTHER,NBRO/LRRMD-BDL/BDU/UVA-PA/LI/20/0276,BDU200277,Badulla,Uva-Paranagama,,Pitiyakumbura,39C,"වැවේගම ප්‍රාදේශීය රෝහල,ඌවපරණගම,බදුල්ල",,,,,,,,,,6.975221,80.955445
Other,OTHER,NBRO/LRRMD-BDL/BDU/UVA-PA/LI/20/0282,BDU200283,Badulla,Uva-Paranagama,,Wewegama,38,"වැවේගම,ඌවපරණගම,බදුල්ල",,,,,,,,,,7.00204,80.942086
Other,OTHER,NBRO/LRRMD-BDL/BDU/UVA-PA/LI/20/0283,BDU200284,Badulla,Uva-Paranagama,,Galahagama,46B,"ගලහගම,ඌවපරණගම,බදුල්ල",,,,,,,,,,6.92875,80.850725
Other,OTHER,NBRO/LRRMD-BDL/BDU/UVA-PA/LI/20/0285,BDU200286,Badulla,Uva-Paranagama,,Maspanna,37,"මස්පන්න,ඌවපරණගම,බදුල්ල",,,,,,,,,,7.02499973,80.946451
Other,OTHER,NBRO/LRRMD-BDL/BDU/UVA-PA/LI/20/0286,BDU200287,Badulla,Uva-Paranagama,,Kirawanagama,41,"කිරවනාගම,ඌවපරණගම,බදුල්ල",,,,,,,,,,6.96774,80.913888
Other,OTHER,NBRO/LRRMD-BDL/BDU/UVA-PA/LI/20/0287,BDU200288,Badulla,Uva-Paranagama,,Galahagama,46B,"ගලහගම,ඌවපරණගම,බදුල්ල",,,,,,,,,,6.92689,80.850298
Other,OTHER,NBRO/LRRMD-BDL/BDU/UVA-PA/LI/20/0288,BDU200289,Badulla,Uva-Paranagama,,Galahagama,46B,"ගලහගම, ඌවපරණගම,බදුල්ල",,,,,,,,,,6.92796,80.847589
Other,OTHER,NBRO/LRRMD-BDL/BDU/UVA-PA/LI/20/0291,BDU200292,Badulla,Uva-Paranagama,,Pitiyakumbura,39C,"පිටියකුඹුර,ඌවපරණගම,බදුල්ල",,,,,,,,,,6.980849,80.93296
Other,OTHER,NBRO/LRRMD-BDL/BDU/UVA-PA/LI/20/0292,BDU200293,Badulla,Uva-Paranagama,,Pallewela,45D,"පල්ලෙවෙල,ඌවපරණගම,බදුල්ල",,,,,,,,,,6.943806,80.908221
Other,OTHER,NBRO/LRRMD-BDL/BDU/UVA-PA/LI/20/0293,BDU200294,Badulla,Uva-Paranagama,,Malapolagama,44A,"මලපොලගම,ඌවපරණගම ,බදුල්ල",,,,,,,,,,6.95852,80.854741
Other,OTHER,NBRO/LRRMD-BDL/BDU/UVA-PA/LI/20/0295,BDU200296,Badulla,Uva-Paranagama,,Medagodagama,46D,"මැදගොඩගම,ඌවපරණගම  ,බදුල්ල",,,,,,,,,,6.927913,80.842969
Other,OTHER,NBRO/LRRMD-BDL/BDU/UVA-PA/LI/20/0296,BDU200297,Badulla,Uva-Paranagama,,Galahagama,46B,"ගලහගම,ඌවපරණගම ,  බදුල්ල",,,,,,,,,,6.92331,80.845435
Other,OTHER,NBRO/LRRMD-BDL/BDU/UVA-PA/LI/20/0297,BDU200298,Badulla,Uva-Paranagama,,Thelhawadigama,46E,"තෙල්පාවඩිගම,ඌවපරණගම ,බදුල්ල",,,,,,,,,,6.924129,80.861357
Other,OTHER,NBRO/LRRMD-BDL/BDU/UVA-PA/LI/20/0298,BDU200299,Badulla,Uva-Paranagama,,Hangunnawa,43B,"හඟුන්නාව,ඌවපරණගම,බදුල්ල",,,,,,,,,,6.936411,80.866814
Other,OTHER,NBRO/LRRMD-BDL/BDU/MEEGAH/LI/20/0300,BDU200301,Badulla,Meegahakivula,,Watagommana,16E,"වටගොම්මන,මීගහකිවුල,බදුල්ල",,,,,,,,,,7.122158,81.136011
Other,OTHER,NBRO/LRRMD-BDL/BDU/MEEGAH/LI/20/0301,BDU200302,Badulla,Meegahakivula,,Ellekanda,16C,"ඇල්ලන්ද,මීගහකිවුල,බදුල්ල",,,,,,,,,,7.094528,81.111324
Other,OTHER,NBRO/LRRMD-BDL/BDU/LUNUGA/LI/20/0311,BDU200312,Badulla,Lunugala,,Milabedda,90A,"මිල්ලබැද්ද,ලුණුගල,බදුල්ල",,,,,,,,,,6.969044,81.191849
Other,OTHER,NBRO/LRRMD-BDL/BDU/LUNUGA/LI/20/0313,BDU200314,Badulla,Lunugala,,Hopton,94H,"රේන්දපොළ, හොප්ටන් වත්ත, බංගලා කොටස",,,,,,,,,,6.991524,81.196329
Other,OTHER,NBRO/LRRMD-BDL/BDU/LUNUGA/LI/20/0315,BDU200316,Badulla,Lunugala,,Hopton,94H,"ගඟසිරිපුර,හොප්ටන්,ලුණුගල",,,,,,,,,,6.993042,81.195652
Other,OTHER,NBRO/LRRMD-BDL/BDU/LUNUGA/LI/20/0317,BDU200318,Badulla,Lunugala,,Yapamma,94B,"කීණගොඩ, උඩගම,ලුණුගල",,,,,,,,,,7.011609,81.193518
Other,OTHER,NBRO/LRRMD-BDL/BDU/LUNUGA/LI/20/0318,BDU200319,Badulla,Lunugala,,Alakolagala,94E,"අලකොළගල,ලුණුගල,බදුල්ල",,,,,,,,,,7.062539,81.209645
Other,OTHER,NBRO/LRRMD-BDL/BDU/LUNUGA/LI/20/0319,BDU200320,Badulla,Lunugala,,Alakolagala,94E,"අලකොළගල,ලුණුගල,බදුල්ල",,,,,,,,,,7.06336,81.194718
Other,OTHER,NBRO/LRRMD-BDL/BDU/LUNUGA/LI/20/0320,BDU200321,Badulla,Lunugala,,Udapanguwa,94,"උඩපංගුව,ලුණුගල,බදුල්ල",,,,,,,,,,7.061653,81.197263
Other,OTHER,NBRO/LRRMD-BDL/BDU/LUNUGA/LI/20/0321,BDU200322,Badulla,Lunugala,,Batawatta,18D,"එනසල් කඳුර පහළ කොටස, බටවත්ත, ලුණුගල",,,,,,,,,,7.065074,81.16038
Other,OTHER,NBRO/LRRMD-BDL/BDU/LUNUGA/LI/20/0323,BDU200325,Badulla,Lunugala,,Peessagama,94I,"‘‘කෙහෙල්වත්ත’’, පීස්සගම",,,,,,,,,,6.984869,81.224851
Other,OTHER,NBRO/LRRMD-BDL/BDU/LUNUGA/LI/20/0324,BDU200326,Badulla,Lunugala,,Sumudugama,94G,"ලුණුගල,බදුල්ල",,,,,,,,,,7.030359,81.19857
Other,OTHER,NBRO/LRRMD-BDL/BDU/LUNUGA/LI/20/0326,BDU200328,Badulla,Lunugala,,Arawakumbura,94C,"ගෙදරකුඹුරුයාය,ලුණුගල,බදුල්ල",,,,,,,,,,7.084514,81.210115
Other,OTHER,NBRO/LRRMD-BDL/BDU/LUNUGA/LI/20/0327,BDU200329,Badulla,Lunugala,,Arawakumbura,94C,"ගෙදරකුඹුරුයාය, ලුණුගල,බදුල්ල",,,,,,,,,,7.049968,81.195359
Other,OTHER,NBRO/LRRMD-BDL/BDU/SORANA/LI/20/0340,BDU200342,Badulla,Soranathota,,Kandegedara Town,27A,"කපල්ලෙවෙල,කන්දෙගෙදර,සොරණාතොට",,,,,,,,,,7.017443,81.0233705
Other,OTHER,NBRO/LRRMD-BDL/BDU/SORANA/LI/20/0341,BDU200343,Badulla,Soranathota,,Kandegedara Town,27A,"කන්දෙගෙදර,සොරණාතොට",,,,,,,,,,7.011365,81.019886
Other,OTHER,NBRO/LRRMD-BDL/BDU/SORANA/LI/20/0349,BDU200352,Badulla,Soranathota,,Kosgolls,25D,"දඹගහමඩිත්ත, තිඹිරිගස්පිටිය",,,,,,,,,,7.033998,81.064258
Other,OTHER,NBRO/LRRMD-BDL/BDU/SORANA/LI/20/0350,BDU200353,Badulla,Soranathota,,Rideepana,26C,"තිඹිරිගස්පිටිය,රිදීපාන,බදුල්ල",,,,,,,,,,7.029088,81.057058
Other,OTHER,NBRO/LRRMD-BDL/BDU/SORANA/LI/20/0351,BDU200354,Badulla,Soranathota,,Budugekanda,29A,"බුදුගේකන්ද ,තැන්නපංගුව",,,,,,,,,,7.073187,81.0269
Other,OTHER,NBRO/LRRMD-BDL/BDU/SORANA/LI/20/0352,BDU200355,Badulla,Soranathota,,Dikpitiya,34A,"තැන්නපංගුව,සොරණාතොට",,,,,,,,,,7.060049,81.007494
Other,OTHER,NBRO/LRRMD-BDL/BDU/SORANA/LI/20/0353,BDU200356,Badulla,Soranathota,,Kithulwattagama,26B,"කොහොවිලකඳුර,සොරණාතොට",,,,,,,,,,7.001743,81.036444
Other,OTHER,NBRO/LRRMD-BDL/BDU/SORANA/LI/20/0354,BDU200357,Badulla,Soranathota,,Kohovila,26,"කොහොවිල,සොරණාතොට",,,,,,,,,,7.014983,81.043538
Other,OTHER,NBRO/LRRMD-BDL/BDU/SORANA/LI/20/0355,BDU200358,Badulla,Soranathota,,Kandegedara Town,27A,"නිල්මල්පොත, කන්දෙගෙදර",,,,,,,,,,7.013134,81.019826
Other,OTHER,NBRO/LRRMD-BDL/BDU/SORANA/LI/20/0356,BDU200359,Badulla,Soranathota,,Budugekanda,29A,"සුරසෙවන, කහටගස්තැන්න, බුදුගේකන්ද",,,,,,,,,,7.065946,81.029074
Other,OTHER,NBRO/LRRMD-BDL/BDU/SORANA/LI/20/0357,BDU200360,Badulla,Soranathota,,Budugekanda,29A,"රුවන්සිරි, කහටගස්තැන්න, බුදුගේකන්ද",,,,,,,,,,7.0698,81.028915
Other,OTHER,NBRO/LRRMD-BDL/BDU/SORANA/LI/20/0358,BDU200361,Badulla,Soranathota,,Idamepanguwa,34,"පරගහමඩ, බුදුගේකන්ද",,,,,,,,,,7.074999,81.020675
Other,OTHER,NBRO/LRRMD-BDL/BDU/SORANA/LI/20/0359,BDU200362,Badulla,Soranathota,,Rideepana,26C,"අංක 04, දුන්හිඳවත්ත, රිදීපාන.",,,,,,,,,,7.113233,81.012835
Other,OTHER,NBRO/LRRMD-BDL/BDU/SORANA/LI/20/0362,BDU200365,Badulla,Soranathota,,Egodawela,24,"රුවන් සෙවන, අඹේගාව, අඹගස්දෝව, එගොඩවෙල, බදුල්ල.",,,,,,,,,,7.087362,81.076962
Other,OTHER,NBRO/LRRMD-BDL/BDU/SORANA/LI/20/0363,BDU200366,Badulla,Soranathota,,Egodawela,24,"දෙමටකැටිය, එගොඩවෙල.",,,,,,,,,,7.06737,81.070962
Other,OTHER,NBRO/LRRMD-BDL/BDU/SORANA/LI/20/0368,BDU200371,Badulla,Soranathota,,Boliyadda,23A,"කැටවලේ නිවස, බෝලියද්ද, තල්දෙන, බදුල්ල",,,,,,,,,,7.069368,81.051137
Other,OTHER,NBRO/LRRMD-BDL/BDU/SORANA/LI/20/0370,BDU200373,Badulla,Soranathota,,Pussellawa,23AA,"ආඬිගස්තැන්න, පුස්සැල්ලාව, තල්දෙන, බදුල්ල",,,,,,,,,,7.056955,81.055966
Other,OTHER,NBRO/LRRMD-BDL/BDU/SORANA/LI/20/0371,BDU200374,Badulla,Soranathota,,Yatilellagama,26A,"අංක 22, උඩහගෙදර, දඹගහපිටිය, සොරණාතොට",,,,,,,,,,7.041316,81.05354
Other,OTHER,NBRO/LRRMD-BDL/BDU/SORANA/LI/20/0372,BDU200375,Badulla,Soranathota,,Soranathota,28,"අලුත්ගෙදර, ලියදිපිටිය, සොරණාතොට",,,,,,,,,,7.027799,81.040495
Other,OTHER,NBRO/LRRMD-BDL/BDU/SORANA/LI/20/0373,BDU200376,Badulla,Soranathota,,Wattekele,24A,"තැන්නයාය, වත්තේකැලේ, එගොඩවෙල, බදුල්ල",,,,,,,,,,7.057848,81.075801
Other,OTHER,NBRO/LRRMD-BDL/BDU/SORANA/LI/20/0374,BDU200377,Badulla,Soranathota,,Budugekanda,29A,"‘නිශාන්ත සිරි’ නිවස, බුදුගේකන්ද, තැන්නපංගුව",,,,,,,,,,7.069368,81.051137
Other,OTHER,NBRO/LRRMD-BDL/BDU/SORANA/LI/20/0375,BDU200378,Badulla,Soranathota,,Pallekanda,29B,"ඉඩමේගෙදර, කීරියගොල්ල, බුදුගේකන්ද,    කන්දේගෙදර, බදුල්ල.",,,,,,,,,,7.068816,81.033365
Other,OTHER,NBRO/LRRMD-BDL/BDU/SORANA/LI/20/0376,BDU200379,Badulla,Soranathota,,Idamepanguwa,34,"”හිරුනි“ නිවස, වෙන්දේසිකැලේ, තැන්නපංගුව",,,,,,,,,,7.066768,81.0014773
Other,OTHER,NBRO/LRRMD-BDL/BDU/SORANA/LI/20/0380,BDU200383,Badulla,Soranathota,,Ketakellagama,25B,"කැටකෑල්ල, කුට්ටියගොල්ල, බදුල්ල.",,,,,,,,,,7.048782,81.09104
Other,OTHER,NBRO/LRRMD-BDL/BDU/SORANA/LI/20/0381,BDU200384,Badulla,Soranathota,,Angoda,25,"ගොඩපිටතැන්න, කොටිකාඅරාව, කොස්ගොල්ල, බදුල්ල.",,,,,,,,,,7.027396,81.080754
Other,OTHER,NBRO/LRRMD-BDL/BDU/WELIMA/LI/20/0404,BDU200407,Badulla,Welimada,,Rahangala,62F,"බොරලන්ද,වැලිමඩ",,,,,,,,,,6.822841,80.8977254
Other,OTHER,NBRO/LRRMD-BDL/BDU/WELIMA/LI/20/0406,BDU200409,Badulla,Welimada,,Ambagahakumbura,48,"ලාහුවැව, අඔගහකුඹුර",,,,,,,,,,6.901617,80.892863
Other,OTHER,NBRO/LRRMD-BDL/BDU/WELIMA/LI/20/0408,BDU200411,Badulla,Welimada,,Wangiyakumbura,62D,"වංගියකුඹුර, බෝගහකුඹුර",,,,,,,,,,6.8935,80.893855
Other,OTHER,NBRO/LRRMD-BDL/BDU/WELIMA/LI/20/0409,BDU200412,Badulla,Welimada,,Alawathugoda,51D,"සුධර්මා, කොළතැන්න, බෝගහකුඹුර",,,,,,,,,,6.85978,80.85748
Other,OTHER,NBRO/LRRMD-BDL/BDU/WELIMA/LI/20/0410,BDU200413,Badulla,Welimada,,Kalubululanda,51A,"කළබුළුන්ද, වැලිමඩ",,,,,,,,,,6.863812,80.883641
Other,OTHER,NBRO/LRRMD-BDL/BDU/WELIMA/LI/20/0412,BDU200415,Badulla,Welimada,,Ambewela,50A,"අඹේවෙල, හෙවනකුඹුර",,,,,,,,,,6.872653,80.842875
Other,OTHER,NBRO/LRRMD-BDL/BDU/WELIMA/LI/20/0415,BDU200418,Badulla,Welimada,,Medagedaragama,59C,"උඩවින්න, මැදගෙදරගම",,,,,,,,,,6.880504,80.915357
Other,OTHER,NBRO/LRRMD-BDL/BDU/WELIMA/LI/20/0416,BDU200419,Badulla,Welimada,,Landegama,52B,"පල්ලේගෙදර වත්ත, ලන්දෙගම",,,,,,,,,,6.9035411,80.9111399
Other,OTHER,NBRO/LRRMD-BDL/BDU/WELIMA/LI/20/0417,BDU200420,Badulla,Welimada,,Puranwela,50I,"පුරංවෙල, කැප්පෙටිපොළ",,,,,,,,,,6.892679,80.882116
Other,OTHER,NBRO/LRRMD-BDL/BDU/WELIMA/LI/20/0418,BDU200421,Badulla,Welimada,,Kabillegama,52D,"පහළ කැබිල්ලේගම, වැලිමඩ",,,,,,,,,,6.89225,80.906197
Other,OTHER,NBRO/LRRMD-BDL/BDU/WELIMA/LI/20/0419,BDU200422,Badulla,Welimada,,Dambavinna,59A,"පහළ දඹවින්න, වැලිමඩ",,,,,,,,,,6.895162,80.921033
Other,OTHER,NBRO/LRRMD-BDL/BDU/WELIMA/LI/20/0420,BDU200423,Badulla,Welimada,,Rathkarawwa,62,"යල්පත්වෙල, රත්කරව්ව",,,,,,,,,,6.805619,80.90109
Other,OTHER,NBRO/LRRMD-BDL/BDU/WELIMA/LI/20/0421,BDU200424,Badulla,Welimada,,Yalpathwela,59B,"යල්පත්වෙල, වැලිමඩ",,,,,,,,,,6.8923,80.92247
Other,OTHER,NBRO/LRRMD-BDL/BDU/WELIMA/LI/20/0423,BDU200426,Badulla,Welimada,,Boragasa,49A,කපුරුවත්ත - බොරගස් මාර්ගය,,,,,,,,,,6.903602,80.835699
Other,OTHER,NBRO/LRRMD-BDL/BDU/WELIMA/LI/20/0425,BDU200428,Badulla,Welimada,,Welimada Town,52A,"වැලිමඩ,බදුල්ල",,,,,,,,,,6.908008,80.918838
Other,OTHER,NBRO/LRRMD-BDL/BDU/WELIMA/LI/20/0427,BDU200430,Badulla,Welimada,,Palugama Town,50,"දුනගහකොටුව, එරබද්ද, කැප්පෙටිපොල",,,,,,,,,,6.884527,80.877839
Other,OTHER,NBRO/LRRMD-BDL/BDU/WELIMA/LI/20/0428,BDU200431,Badulla,Welimada,,Helayalkumbura,62H,"තැන්නකුඹුර, හෙළයල්කුඹුර",,,,,,,,,,6.84103,80.88981
Other,OTHER,NBRO/LRRMD-BDL/BDU/WELIMA/LI/20/0429,BDU200432,Badulla,Welimada,,Hinnaranholla,62E,"ගලබඩගම, බොරලන්ද.",,,,,,,,,,6.884527,80.877839
Other,OTHER,NBRO/LRRMD-BDL/BDU/WELIMA/LI/20/0430,BDU200433,Badulla,Welimada,,Boralanda,62B,"අලුත්වත්ත, කරවැටිය, බොරලන්ද.",,,,,,,,,,6.838572,80.898889
Other,OTHER,NBRO/LRRMD-BDL/BDU/WELIMA/LI/20/0431,BDU200434,Badulla,Welimada,,Malpotha,60A,"මල්පොත,වැලිමඩ,බදුල්ල",,,,,,,,,,6.857299,80.936023
Other,OTHER,NBRO/LRRMD-BDL/BDU/HALI-E/LI/20/0449,BDU200452,Badulla,Hali-Ela,,Dematawelhinna,82B,"දළුක්හින්න,දෙමටවැල්හින්න,හාලිඇල",,,,,,,,,,6.976882,81.056569
Other,OTHER,NBRO/LRRMD-BDL/BDU/HALI-E/LI/20/0450,BDU200453,Badulla,Hali-Ela,,Kandana,86,"කෝට්ටගොඩ - අභයපුර,හාලිඇල",,,,,,,,,,6.940332,81.0884
Other,OTHER,NBRO/LRRMD-BDL/BDU/HALI-E/LI/20/0451,BDU200454,Badulla,Hali-Ela,,Springvalley,85B,"කිණගහලන්ද,ස්ප්‍රිංවැලි,හාලිඇල",,,,,,,,,,6.926884,81.091457
Other,OTHER,NBRO/LRRMD-BDL/BDU/HALI-E/LI/20/0452,BDU200455,Badulla,Hali-Ela,,Imbulgoda,82,"ඉඹුල්ගොඩ,හාලිඇල",,,,,,,,,,6.962599,81.075358
Other,OTHER,NBRO/LRRMD-BDL/BDU/HALI-E/LI/20/0454,BDU200457,Badulla,Hali-Ela,,Imbulgoda,82,"ඉඹුල්ගොඩ,හාලිඇල",,,,,,,,,,6.9533564,81.079418
Other,OTHER,NBRO/LRRMD-BDL/BDU/HALI-E/LI/20/0458,BDU200462,Badulla,Hali-Ela,,Pallegama,55A,"වටබැද්ද මාර්ගය,පල්ලේගම,හාලිඇල",,,,,,,,,,6.919268,80.957085
Other,OTHER,NBRO/LRRMD-BDL/BDU/HALI-E/LI/20/0461,BDU200465,Badulla,Hali-Ela,,Dehivinna,56,"දෙහිවින්න,හාලිඇල",,,,,,,,,,6.916985,80.969209
Other,OTHER,NBRO/LRRMD-BDL/BDU/HALI-E/LI/20/0462,BDU200466,Badulla,Hali-Ela,,Neludanda,56D,"නෙළුදණ්ඩ,හාලිඇල",,,,,,,,,,6.943647,81.002379
Other,OTHER,NBRO/LRRMD-BDL/BDU/HALI-E/LI/20/0463,BDU200467,Badulla,Hali-Ela,,Samagipura,74C,"සමගිපුර,හාලිඇල",,,,,,,,,,6.955165,81.012078
Other,OTHER,NBRO/LRRMD-BDL/BDU/HALI-E/LI/20/0464,BDU200468,Badulla,Hali-Ela,,Kandana,86,"කඳන,හාලිඇල",,,,,,,,,,6.937326,81.094325
Other,OTHER,NBRO/LRRMD-BDL/BDU/HALI-E/LI/20/0465,BDU200469,Badulla,Hali-Ela,,Dehivinna,56,"දෙහිවින්න,හාලිඇල",,,,,,,,,,6.925008,80.971364
Other,OTHER,NBRO/LRRMD-BDL/BDU/HALI-E/LI/20/0466,BDU200470,Badulla,Hali-Ela,,Kurukude,57C,"කුරුකුදේ,හාලිඇල,බදුල්ල",,,,,,,,,,6.879134,80.96389
Other,OTHER,NBRO/LRRMD-BDL/BDU/HALI-E/LI/20/0467,BDU200471,Badulla,Hali-Ela,,Bogahamaditta,74B,"බෝගහමඩිත්ත,හාලිඇල",,,,,,,,,,6.970544,81.039785
Other,OTHER,NBRO/LRRMD-BDL/BDU/HALI-E/LI/20/0470,BDU200474,Badulla,Hali-Ela,,Bogahamaditta,74B,"බෝගහමඩිත්ත,හාලිඇල",,,,,,,,,,6.97129,81.041476
Other,OTHER,NBRO/LRRMD-BDL/BDU/HALI-E/LI/20/0487,BDU200491,Badulla,Hali-Ela,,Kandana,86,"කඳන,හාලිඇල,බදුල්ල",,,,,,,,,,6.941947,81.083545
Other,OTHER,NBRO/LRRMD-BDL/BDU/LUNUGA/LI/20/0701,BDU200705,Badulla,Lunugala,,Milabedda,90A,"බුලුගහහේන,මිල්ලබැද්ද,ලුණුගල",,,,,,,,,,6.969044,81.191849
Other,OTHER,NBRO/LRRMD-BDL/BDU/HAPUTA/LI/21/0007,BDU210009,Badulla,Haputale,,Kahagolla,64,"කහගොල්ල, හපුතලේ",,,,,,,,,,6.813224,80.967661
Other,OTHER,NBRO/LRRMD-BDL/BDU/HAPUTA/LI/21/0010,BDU210012,Badulla,Haputale,,Pahala Kadurugamuwa,63,"පහළකදුරුගමුව, හපුතලේ",,,,,,,,,,6.805331,80.948804
Other,OTHER,NBRO/LRRMD-BDL/BDU/HAPUTA/LI/21/0011,BDU210013,Badulla,Haputale,,Diyathalawa,63B,"දියතලාව පොදු ක්‍රීඩාංගනය, හපුතලේ",,,,,,,,,,6.805331,80.948804
Other,OTHER,NBRO/LRRMD-BDL/BDU/HAPUTA/LI/21/0012,BDU210014,Badulla,Haputale,,Diyathalawa,63B,දියතලාව මධ්‍ය මහා විද්‍යාලය,,,,,,,,,,6.805331,80.948804
Other,OTHER,NBRO/LRRMD-BDL/BDU/HAPUTA/LI/21/0016,BDU210038,Badulla,Haputale,,Hela Kadurugamuwa,63I,"හෙළකදුරුගමුව, හපුතලේ",,,,,,,,,,6.785541,80.948782
Other,OTHER,NBRO/LRRMD-BDL/BDU/HAPUTA/LI/21/0017,BDU210039,Badulla,Haputale,,Glenanore,64F,"බ්ලැක්වුඩ් කෝවිල, ග්ලැනෝර්, හපුතලේ",,,,,,,,,,6.772178,80.941525
Other,OTHER,NBRO/LRRMD-BDL/BDU/HAPUTA/LI/21/0018,BDU210040,Badulla,Haputale,,Glenanore,64F,"අංක 6, ග්ලැනෝර්වත්ත, හපුතලේ",,,,,,,,,,6.781128,80.9279
Other,OTHER,NBRO/LRRMD-BDL/BDU/HAPUTA/LI/21/0019,BDU210041,Badulla,Haputale,,Kahagolla,64,"කහගොල්ල අලුත් වලව්ව ඇළ, කහගොල්ල, හපුතලේ",,,,,,,,,,6.815868,80.971713
Other,OTHER,NBRO/LRRMD-BDL/BDU/HAPUTA/LI/21/0020,BDU210042,Badulla,Haputale,,Ranjallawa,64C,"රංජල්ලාව, හපුතලේ",,,,,,,,,,6.821563,80.969013
Other,OTHER,NBRO/LRRMD-BDL/BDU/HAPUTA/LI/21/0024,BDU210046,Badulla,Haputale,,Ranjallawa,64C,"මැණික්කන්ද ප්‍රධාන මාර්ගය, රංජල්ලාව, හපුතලේ",,,,,,,,,,6.823281,80.9725
Other,OTHER,NBRO/LRRMD-BDL/BDU/HALDUM/LI/21/0029,BDU210051,Badulla,Haldummulla,,Poonagala,155P,"NO. 13A, ULG DIVISION , POONAGALA ESTATE, HALDUMMULLA",,,,,,,,,,6.785468,81.04477
Other,OTHER,NBRO/LRRMD-BDL/BDU/HALDUM/LI/21/0031,BDU210053,Badulla,Haldummulla,,Ampittithenna,155K,"වැල්ලවාය පාර, නාඋල්ල, කොස්ලන්ද",,,,,,,,,,6.733248,81.023586
Other,OTHER,NBRO/LRRMD-BDL/BDU/HALDUM/LI/21/0032,BDU210054,Badulla,Haldummulla,,Weerakongama,158G,"වීරකොන්ගම, කලෝගස්වැව හේන්යාය",,,,,,,,,,6.773569,80.844194
Other,OTHER,NBRO/LRRMD-BDL/BDU/HALDUM/LI/21/0033,BDU210055,Badulla,Haldummulla,,Poonagala,155P,"MAKALDENIYA AREA, POONAGALA ESTATE, HALDUMMULLA",,,,,,,,,,6.742104,81.035029
Other,OTHER,NBRO/LRRMD-BDL/BDU/HALDUM/LI/21/0034,BDU210056,Badulla,Haldummulla,,Mahakanda,155N,"AMPITTIKANDA ESTATE, HALDUMMULLA",,,,,,,,,,7.04642,81.15554
Other,OTHER,NBRO/LRRMD-BDL/BDU/HALDUM/LI/21/0049,BDU210071,Badulla,Haldummulla,,Harankahawa,158B,සූරියහෙළ ප්‍රදේශයේ “ප” යනු වංගුව ප්‍රජා ශාලාව අසළ,,,,,,,,,,6.751465,80.88081
Other,OTHER,NBRO/LRRMD-BDL/BDU/HALDUM/LI/21/0050,BDU210072,Badulla,Haldummulla,,Kosgama,158A,කොස්ගම - මැදවෙල ප්‍රජා ශාලාව,,,,,,,,,,6.707675,80.831137
Other,OTHER,NBRO/LRRMD-BDL/BDU/HALDUM/LI/21/0051,BDU210073,Badulla,Haldummulla,,Harankahawa,158B,"හරංකහව ප්‍රජා ශාලාව, හල්දුම්මුල්ල",,,,,,,,,,6.745885,80.877673
Other,OTHER,NBRO/LRRMD-BDL/BDU/HALDUM/LI/21/0059,BDU210081,Badulla,Haldummulla,,Ampittithenna,155K,"අම්පිටිතැන්න සුරක්ෂිත මධ්‍යස්ථානය, හල්දුම්මුල්ල",,,,,,,,,,6.735461,81.016218
Other,OTHER,NBRO/LRRMD-BDL/BDU/WELIMA/LI/21/0062,BDU210084,Badulla,Welimada,,Udakendagolla,62J,"වැලිහෙලපතන, ගල්ඒදණ්ඩ",,,,,,,,,,6.817464,80.917817
Other,OTHER,NBRO/LRRMD-BDL/BDU/WELIMA/LI/21/0064,BDU210086,Badulla,Welimada,,Hingurugamuwa,60E,"ඇල්ලගම, හිඟුරුගමුව",,,,,,,,,,6.83704,80.932661
Other,OTHER,NBRO/LRRMD-BDL/BDU/WELIMA/LI/21/0065,BDU210087,Badulla,Welimada,,Keppetipola,50D,"ලියන්ගහ අරාව, කැප්පෙටිපොල",,,,,,,,,,6.886208,80.864328
Other,OTHER,NBRO/LRRMD-BDL/BDU/WELIMA/LI/21/0066,BDU210088,Badulla,Welimada,,Vidurupola,49,"බෝකොටුවේ ගෙදර, විදුරුපොල,කැප්පෙටිපොල",,,,,,,,,,6.913722,80.86899
Other,OTHER,NBRO/LRRMD-BDL/BDU/WELIMA/LI/21/0067,BDU210089,Badulla,Welimada,,Maligathenna,62G,"W.M.  අසංක කුමාර, මාලිගාතැන්න",,,,,,,,,,6.798824,80.905278
Other,OTHER,NBRO/LRRMD-BDL/BDU/WELIMA/LI/21/0068,BDU210090,Badulla,Welimada,,Maligathenna,62G,"මාලිගාතැන්න, වැලිමඩ",,,,,,,,,,6.79778,80.898143
Other,OTHER,NBRO/LRRMD-BDL/BDU/WELIMA/LI/21/0071,BDU210093,Badulla,Welimada,,Keppetipola,50D,"සමෘද්ධි ප්‍රජාමූල බැංකු ගොඩනැගිල්ල , කැප්පෙටිපොළ",,,,,,,,,,6.891009,80.871797
Other,OTHER,NBRO/LRRMD-BDL/BDU/WELIMA/LI/21/0072,BDU210094,Badulla,Welimada,,Silmiyapura,49B,"සිල්මියාපුර, වැලිමඩ",,,,,,,,,,6.915723,80.829803
Other,OTHER,NBRO/LRRMD-BDL/BDU/WELIMA/LI/21/0074,BDU210096,Badulla,Welimada,,Hewanakumbura,50F,"ඇලපාත, හෙවනකුඹුර",,,,,,,,,,6.86193,81.04258
Other,OTHER,NBRO/LRRMD-BDL/BDU/WELIMA/LI/21/0075,BDU210097,Badulla,Welimada,,Hewanakumbura,50F,"සුසන්තා රංජනී, බෝගහකුඹුර",,,,,,,,,,6.861515,80.880115
Other,OTHER,NBRO/LRRMD-BDL/BDU/WELIMA/LI/21/0079,BDU210101,Badulla,Welimada,,Mahathenna,61C,"මහතැන්න, ගුරුතලාව",,,,,,,,,,6.837118,80.910425
Other,OTHER,NBRO/LRRMD-BDL/BDU/WELIMA/LI/21/0080,BDU210102,Badulla,Welimada,,Bibiligamuwa,50J,"තුෂිත, මහවෙලතැන්න, බිබිලිගමුව",,,,,,,,,,6.865009,80.864921
Other,OTHER,NBRO/LRRMD-BDL/BDU/WELIMA/LI/21/0081,BDU210103,Badulla,Welimada,,Mahathenna,61C,"මාවිති කුඹුර ගෙදර, ගුරුතලාව, වැලිමඩ.",,,,,,,,,,6.873918,80.897213
Other,OTHER,NBRO/LRRMD-BDL/BDU/WELIMA/LI/21/0082,BDU210104,Badulla,Welimada,,Dimuthugama,50H,"දිමුතුගම, නුගතලාව",,,,,,,,,,6.898844,80.895177
Other,OTHER,NBRO/LRRMD-BDL/BDU/WELIMA/LI/21/0083,BDU210105,Badulla,Welimada,,Idamegama,51B,"මාදෝවිට, කළුබුළුලන්ද, තැන්නේපිටගෙදර",,,,,,,,,,6.882736,80.885492
Other,OTHER,NBRO/LRRMD-BDL/BDU/WELIMA/LI/21/0085,BDU210107,Badulla,Welimada,,Pahala Yalkumbura,59E,"පහළයල්කුඹුර, ඩයරබා වත්ත",,,,,,,,,,6.884076,80.956294
Other,OTHER,NBRO/LRRMD-BDL/BDU/WELIMA/LI/21/0086,BDU210108,Badulla,Welimada,,Kotakithula,60C,"උඩවෙල, පල්ලියගොඩ, මිරහවත්ත",,,,,,,,,,6.865687,80.930454
Other,OTHER,NBRO/LRRMD-BDL/BDU/WELIMA/LI/21/0091,BDU210113,Badulla,Welimada,,Ambewela,50A,"ක්ෂේත්‍ර අංක  02 , වෝවික් වතුයාය, අඹරගල",,,,,,,,,,6.896164,80.824896
Other,OTHER,NBRO/LRRMD-BDL/BDU/WELIMA/LI/21/0093,BDU210115,Badulla,Welimada,,Alakolagala,49D,"W.M. සුරවීර, අලකොළගාල",,,,,,,,,,6.910156,80.828486
Other,OTHER,NBRO/LRRMD-BDL/BDU/WELIMA/LI/21/0094,BDU210116,Badulla,Welimada,,Alakolagala,49D,"D.M. චමිල නුවන් ප්‍රේමචන්ද්‍ර, අලකොළගාල",,,,,,,,,,6.909063,80.827913
Other,OTHER,NBRO/LRRMD-BDL/BDU/WELIMA/LI/21/0096,BDU210118,Badulla,Welimada,,Erabadda,50E,"මැදහින්න, පෙල්ලවින්න",,,,,,,,,,6.885186,80.875851
Other,OTHER,NBRO/LRRMD-BDL/BDU/WELIMA/LI/21/0102,BDU210124,Badulla,Welimada,,Pitapola,62I,"දික්උල්පත, පිටපොල",,,,,,,,,,6.8097403,80.897394
Other,OTHER,NBRO/LRRMD-BDL/BDU/WELIMA/LI/21/0103,BDU210125,Badulla,Welimada,,Hingurugamuwa,60E,"හෙලකිරිකන්ද, හිඟුරුගමුව, ගුරුතලාව",,,,,,,,,,6.84811,80.920887
Other,OTHER,NBRO/LRRMD-BDL/BDU/WELIMA/LI/21/0104,BDU210126,Badulla,Welimada,,Bogahakumbura,51,"තැන්න, සෙන්දියන්ගල, බෝගහකුඹුර",,,,,,,,,,6.854102,80.880201
Other,OTHER,NBRO/LRRMD-BDL/BDU/WELIMA/LI/21/0105,BDU210127,Badulla,Welimada,,Divrumgama,48A,"215, දිවුරුම්ගල, නුගතලාව",,,,,,,,,,6.902467,80.883723
Other,OTHER,NBRO/LRRMD-BDL/BDU/WELIMA/LI/21/0106,BDU210128,Badulla,Welimada,,Nawela,59,"ඉඩමගෙදර, නාවල, මිරහවත්ත",,,,,,,,,,6.881975,80.9286
Other,OTHER,NBRO/LRRMD-BDL/BDU/WELIMA/LI/21/0109,BDU210131,Badulla,Welimada,,Welimada Town,52A,"බණ්ඩාරවෙල පාර, වැලිමඩ",,,,,,,,,,6.905911,80.91634
Other,OTHER,NBRO/LRRMD-BDL/BDU/WELIMA/LI/21/0110,BDU210132,Badulla,Welimada,,Mirahawatta,60,"බලතොට ඇල්ල, මිරහවත්ත",,,,,,,,,,6.931325,81.013566
Other,OTHER,NBRO/LRRMD-BDL/BDU/WELIMA/LI/21/0111,BDU210133,Badulla,Welimada,,Mirahawatta,60,"බලතොට ඇල්ල, මිරහවත්ත",,,,,,,,,,6.931325,81.015566
Other,OTHER,NBRO/LRRMD-BDL/BDU/WELIMA/LI/21/0112,BDU210134,Badulla,Welimada,,Mirahawatta,60,"බලතොට ඇල්ල, මිරහවත්ත",,,,,,,,,,6.89306,80.954829
Other,OTHER,NBRO/LRRMD-BDL/BDU/WELIMA/LI/21/0113,BDU210135,Badulla,Welimada,,Mirahawatta,60,"බලතොට ඇල්ල, මිරහවත්ත",,,,,,,,,,6.93131,81.01556
Other,OTHER,NBRO/LRRMD-BDL/BDU/WELIMA/LI/21/0114,BDU210136,Badulla,Welimada,,Mirahawatta,60,"බලතොට ඇල්ල, මිරහවත්ත",,,,,,,,,,6.93131,81.01556
Other,OTHER,NBRO/LRRMD-BDL/BDU/WELIMA/LI/21/0115,BDU210137,Badulla,Welimada,,Mirahawatta,60,"බලතොට ඇල්ල, මිරහවත්ත",,,,,,,,,,6.93131,81.01556
Other,OTHER,NBRO/LRRMD-BDL/BDU/WELIMA/LI/21/0118,BDU210140,Badulla,Welimada,,Mirahawatta,60,"බලතොට ඇල්ල, මිරහවත්ත",,,,,,,,,,6.88991,80.954019
Other,OTHER,NBRO/LRRMD-BDL/BDU/WELIMA/LI/21/0119,BDU210141,Badulla,Welimada,,Mirahawatta,60,"රණසිංහ ආරච්චිලාගේ ප්‍රියන්ත කුමාර රණසිංහ, මිරහවත්ත",,,,,,,,,,6.93131,81.01556
Other,OTHER,NBRO/LRRMD-BDL/BDU/WELIMA/LI/21/0120,BDU210142,Badulla,Welimada,,Mirahawatta,60,"R.M. හීන්මැණිකා, මිරහවත්ත",,,,,,,,,,6.88038,80.950164
Other,OTHER,NBRO/LRRMD-BDL/BDU/WELIMA/LI/21/0121,BDU210143,Badulla,Welimada,,Mirahawatta,60,"V.G. ජගත් කුමාර, මිරහවත්ත",,,,,,,,,,6.882272,80.9511
Other,OTHER,NBRO/LRRMD-BDL/BDU/WELIMA/LI/21/0123,BDU210145,Badulla,Welimada,,Mirahawatta,60,"U.K.M. සුනිල් දයාරත්න, මිරහවත්ත",,,,,,,,,,6.880385,80.950164
Other,OTHER,NBRO/LRRMD-BDL/BDU/WELIMA/LI/21/0132,BDU210154,Badulla,Welimada,,Ohiya,62A,"හුණුකොටුව වත්ත, වැලිමඩ පාර, ඔහිය",,,,,,,,,,6.8199,80.84951
Other,OTHER,NBRO/LRRMD-BDL/BDU/WELIMA/LI/21/0133,BDU210155,Badulla,Welimada,,Ohiya,62A,"හුණුකොටුව වත්ත, වැලිමඩ පාර, ඔහිය",,,,,,,,,,6.8199,80.84951
Other,OTHER,NBRO/LRRMD-BDL/BDU/WELIMA/LI/21/0134,BDU210156,Badulla,Welimada,,Ohiya,62A,"හුණුකොටුව වත්ත, වැලිමඩ පාර, ඔහිය",,,,,,,,,,6.8199971,80.84929
Other,OTHER,NBRO/LRRMD-BDL/BDU/WELIMA/LI/21/0135,BDU210157,Badulla,Welimada,,Ohiya,62A,"හුණුකොටුව වත්ත, වැලිමඩ පාර, ඔහිය",,,,,,,,,,6.820067,80.84905
Other,OTHER,NBRO/LRRMD-BDL/BDU/WELIMA/LI/21/0136,BDU210158,Badulla,Welimada,,Ohiya,62A,"හුණුකොටුව වත්ත, වැලිමඩ පාර, ඔහිය",,,,,,,,,,6.820067,80.84905
Other,OTHER,NBRO/LRRMD-BDL/BDU/WELIMA/LI/21/0137,BDU210159,Badulla,Welimada,,Ohiya,62A,"හුණුකොටුව වත්ත, වැලිමඩ පාර, ඔහිය",,,,,,,,,,6.82141,80.8463
Other,OTHER,NBRO/LRRMD-BDL/BDU/WELIMA/LI/21/0138,BDU210160,Badulla,Welimada,,Ohiya,62A,"හුණුකොටුව වත්ත, වැලිමඩ පාර, ඔහිය",,,,,,,,,,6.81969,80.84853
Other,OTHER,NBRO/LRRMD-BDL/BDU/WELIMA/LI/21/0139,BDU210161,Badulla,Welimada,,Ohiya,62A,"හුණුකොටුව වත්ත, වැලිමඩ පාර, ඔහිය",,,,,,,,,,6.8203,80.8479
Other,OTHER,NBRO/LRRMD-BDL/BDU/WELIMA/LI/21/0140,BDU210162,Badulla,Welimada,,Ohiya,62A,"හුණුකොටුව වත්ත, වැලිමඩ පාර, ඔහිය",,,,,,,,,,6.82002,80.84829
Other,OTHER,NBRO/LRRMD-BDL/BDU/WELIMA/LI/21/0141,BDU210163,Badulla,Welimada,,Ohiya,62A,"හුණුකොටුව වත්ත, වැලිමඩ පාර, ඔහිය",,,,,,,,,,6.8201,80.8486
Other,OTHER,NBRO/LRRMD-BDL/BDU/WELIMA/LI/21/0143,BDU210165,Badulla,Welimada,,Ohiya,62A,"හුණුකොටුව වත්ත, වැලිමඩ පාර, ඔහිය",,,,,,,,,,6.82092,80.84625
Other,OTHER,NBRO/LRRMD-BDL/BDU/WELIMA/LI/21/0145,BDU210167,Badulla,Welimada,,Ohiya,62A,"වැලිමඩ පාර, ඔහිය",,,,,,,,,,6.8209,80.8481
Other,OTHER,NBRO/LRRMD-BDL/BDU/WELIMA/LI/21/0146,BDU210168,Badulla,Welimada,,Ohiya,62A,"වැලිමඩ පාර, ඔහිය",,,,,,,,,,6.81572,80.8463
Other,OTHER,NBRO/LRRMD-BDL/BDU/WELIMA/LI/21/0147,BDU210169,Badulla,Welimada,,Ohiya,62A,"වැලිමඩ පාර, ඔහිය",,,,,,,,,,6.8168,80.84532
Other,OTHER,NBRO/LRRMD-BDL/BDU/WELIMA/LI/21/0148,BDU210170,Badulla,Welimada,,Ohiya,62A,"වැලිමඩ පාර, ඔහිය",,,,,,,,,,6.8158,80.8458
Other,OTHER,NBRO/LRRMD-BDL/BDU/WELIMA/LI/21/0150,BDU210172,Badulla,Welimada,,Maligathenna,62G,"ක්ෂේත්‍ර අංක 18, මාලිගාතැන්න, බෝවවත්ත",,,,,,,,,,6.785815,80.898514
Other,OTHER,NBRO/LRRMD-BDL/BDU/PASSAR/LI/21/0155,BDU210177,Badulla,Passara,,Gerandiella,89F,"ගැරඩි ඇල්ල ග්‍රාම සංවර්ධන සමිති ශාලා ගොඩනැගිල්ල, පස්සර",,,,,,,,,,6.988119,81.162205
Other,OTHER,NBRO/LRRMD-BDL/BDU/PASSAR/LI/21/0166,BDU210188,Badulla,Passara,,Wewekele,87G,"KANDAHENA ESTATE, WEWAKELE LOWER DIVISION, PASSARA",,,,,,,,,,6.892062,81.141438
Other,OTHER,NBRO/LRRMD-BDL/BDU/PASSAR/LI/21/0174,BDU210196,Badulla,Passara,,Welgolla,89D,"පොල්ගහවත්ත , වැල්ගොල්ල සිට කහටරුප්ප දක්වා මාර්ගය",,,,,,,,,,6.985348,81.139601
Other,OTHER,NBRO/LRRMD-BDL/BDU/PASSAR/LI/21/0175,BDU210197,Badulla,Passara,,Puhulwatta,88J,ගෝණකැලේ දෙමළ විද්‍යාලය හා වීරපුරම් ගම්මානය යා කරන මාර්ගය,,,,,,,,,,6.927818,81.136615
Other,OTHER,NBRO/LRRMD-BDL/BDU/PASSAR/LI/21/0187,BDU210209,Badulla,Passara,,Passara Town North,88B,"ප්‍රාදේශීය ලේකම් කාර්යාලයේ ප්‍රධාන ගොඩනැගිල්ල, පස්සර",,,,,,,,,,6.9365,81.151365
Other,OTHER,NBRO/LRRMD-BDL/BDU/PASSAR/LI/21/0196,BDU210218,Badulla,Passara,,Palagolla,88H,"බ්ලානි වත්ත ඉඩම් කොටස, පාලාගොල්ල, පස්සර",,,,,,,,,,6.942906,81.144153
Other,OTHER,NBRO/LRRMD-BDL/BDU/PASSAR/LI/21/0197,BDU210219,Badulla,Passara,,Maussagolla East,87F,"ශ්‍රී සිවසුබ්‍රමනියම් කෝවිල අසළ, මාවුස්සාගොල්ල, පස්සර",,,,,,,,,,6.912058,81.12049
Other,OTHER,NBRO/LRRMD-BDL/BDU/BANDAR/LI/21/0208,BDU210230,Badulla,Bandarawela,,Bindunuwewa,67B,"1/82, ගුරුවිද්‍යාල පාර, බිඳුණුවැව, බණ්ඩාරවෙල.",,,,,,,,,,6.845192,81.005068
Other,OTHER,NBRO/LRRMD-BDL/BDU/BANDAR/LI/21/0209,BDU210231,Badulla,Bandarawela,,Bindunuwewa,67B,"78/4, ගුරුවිදුහල පාර, බිඳුණුවැව, බණ්ඩාරවෙල",,,,,,,,,,6.844992,81.005234
Other,OTHER,NBRO/LRRMD-BDL/BDU/BANDAR/LI/21/0210,BDU210232,Badulla,Bandarawela,,Inikambedda,65E,"11/A, ජන උදානගම, ඉණිකම්බැද්ද, බණ්ඩාරවෙල",,,,,,,,,,6.824621,80.990978
Other,OTHER,NBRO/LRRMD-BDL/BDU/BANDAR/LI/21/0211,BDU210233,Badulla,Bandarawela,,Inikambedda,65E,"13 A, ඉණිකම්බැද්ද, බණ්ඩාරවෙල",,,,,,,,,,6.824353,80.990899
Other,OTHER,NBRO/LRRMD-BDL/BDU/BANDAR/LI/21/0213,BDU210235,Badulla,Bandarawela,,Diganathenna,67H,"සඳකැළුම්, හාපත්ගමුව, බණ්ඩාරවෙල",,,,,,,,,,6.857563,80.97323
Other,OTHER,NBRO/LRRMD-BDL/BDU/BANDAR/LI/21/0214,BDU210236,Badulla,Bandarawela,,Bandarawela West,65B,"අංක 34, ධර්මපාල මාවත, බණ්ඩාරවෙල",,,,,,,,,,6.833591,80.989282
Other,OTHER,NBRO/LRRMD-BDL/BDU/BANDAR/LI/21/0215,BDU210237,Badulla,Bandarawela,,Watagamuwa,67F,"172 A, පිටපොල පතන, වටගමුව, බණ්ඩාරවෙල",,,,,,,,,,6.853248,80.991727
Other,OTHER,NBRO/LRRMD-BDL/BDU/BANDAR/LI/21/0216,BDU210238,Badulla,Bandarawela,,Karagahawela,65C,"බෝගහඇල්ල, කරගහවෙල,බණ්ඩාරවෙල",,,,,,,,,,6.815886,80.977248
Other,OTHER,NBRO/LRRMD-BDL/BDU/BANDAR/LI/21/0217,BDU210239,Badulla,Bandarawela,,Bandarawela East,65G,"බෝධිය අසල, ජලාශ පාර, බණ්ඩාරවෙල",,,,,,,,,,6.827089,80.986805
Other,OTHER,NBRO/LRRMD-BDL/BDU/BANDAR/LI/21/0218,BDU210240,Badulla,Bandarawela,,Ettalapitiya,67,"තෙලිහා වැව,ඇත්තල පිටිය,බණ්ඩාරවෙල",,,,,,,,,,6.859293,80.989185
Other,OTHER,NBRO/LRRMD-BDL/BDU/BANDAR/LI/21/0219,BDU210241,Badulla,Bandarawela,,Bandarawela East,65G,"සව්දම් කොළණිය,ගවරවෙල",,,,,,,,,,6.901068,81.068871
Other,OTHER,NBRO/LRRMD-BDL/BDU/BANDAR/LI/21/0220,BDU210242,Badulla,Bandarawela,,Kebillawela North,67D,"173, කුරුඳුගොල්ල ගම, උතුරු කැබිල්ලවෙල, බණ්ඩාරවෙල.",,,,,,,,,,6.839149,80.94964
Other,OTHER,NBRO/LRRMD-BDL/BDU/BANDAR/LI/21/0221,BDU210243,Badulla,Bandarawela,,Kirioruwa,67E,"උඩතුරේ, හාපත්ගමුව, බණ්ඩාරවෙල",,,,,,,,,,6.86301,80.974474
Other,OTHER,NBRO/LRRMD-BDL/BDU/BANDAR/LI/21/0222,BDU210244,Badulla,Bandarawela,,Konthaheta,67A,"NO 152/1, මිනුවන්වැව පතන, පනංගල, මලිත්ත, බණ්ඩාරවෙල",,,,,,,,,,6.867451,80.977232
Other,OTHER,NBRO/LRRMD-BDL/BDU/BANDAR/LI/21/0223,BDU210245,Badulla,Bandarawela,,Thanthiriya,66G,"මැදහින්න, කිණිගම, බණ්ඩාරවෙල",,,,,,,,,,6.834475,81.005052
Other,OTHER,NBRO/LRRMD-BDL/BDU/BANDAR/LI/21/0224,BDU210246,Badulla,Bandarawela,,Ettalapitiya,67,"තෙලිහා වැව, ඇත්තලපිටිය, බණ්ඩාරවෙල",,,,,,,,,,6.859495,80.993227
Other,OTHER,NBRO/LRRMD-BDL/BDU/BANDAR/LI/21/0225,BDU210247,Badulla,Bandarawela,,Ettalapitiya,67,"තෙලිහා වැව, ඇත්තලපිටිය, බණ්ඩාරවෙල",,,,,,,,,,6.85755,80.992988
Other,OTHER,NBRO/LRRMD-BDL/BDU/BANDAR/LI/21/0226,BDU210248,Badulla,Bandarawela,,Ettalapitiya,67,"සුමේධ සෙවන, තෙලිහා වැව, බණ්ඩාරවෙල",,,,,,,,,,6.858132,80.993528
Other,OTHER,NBRO/LRRMD-BDL/BDU/BANDAR/LI/21/0227,BDU210249,Badulla,Bandarawela,,Mathatilla,67J,"19/1, මී කැටියේ ගෙදර, මාතැටිල්ල, මීරහවත්ත.",,,,,,,,,,6.866434,80.952952
Other,OTHER,NBRO/LRRMD-BDL/BDU/BANDAR/LI/21/0228,BDU210250,Badulla,Bandarawela,,Mathatilla,67J,"මී කැටියවත්ත, මීරහවත්ත",,,,,,,,,,6.866079,80.952913
Other,OTHER,NBRO/LRRMD-BDL/BDU/BANDAR/LI/21/0229,BDU210251,Badulla,Bandarawela,,Mathatilla,67J,"දොඩම්ගහවත්ත, මාතැටිල්ල, මීරහවත්ත",,,,,,,,,,6.863384,80.957916
Other,OTHER,NBRO/LRRMD-BDL/BDU/BANDAR/LI/21/0230,BDU210252,Badulla,Bandarawela,,Mathatilla,67J,"මහින්ද නිවස, බෙළිපොළ, මාතැටිල්ල, මීරහවත්ත",,,,,,,,,,6.864245,80.952547
Other,OTHER,NBRO/LRRMD-BDL/BDU/BANDAR/LI/21/0231,BDU210253,Badulla,Bandarawela,,Mathatilla,67J,"දොඩම්ගහවත්ත, මාතැටිල්ල, මීරහවත්ත",,,,,,,,,,6.863239,80.95775
Other,OTHER,NBRO/LRRMD-BDL/BDU/BANDAR/LI/21/0232,BDU210254,Badulla,Bandarawela,,Mathatilla,67J,"119, රුවන්සිරි, උඩඅරාව, මිරහවත්ත",,,,,,,,,,6.85961,80.959059
Other,OTHER,NBRO/LRRMD-BDL/BDU/BANDAR/LI/21/0233,BDU210255,Badulla,Bandarawela,,Mathatilla,67J,"දයාසිරි නිවස, උඩඅරාව, මිරහවත්ත",,,,,,,,,,6.858722,80.961369
Other,OTHER,NBRO/LRRMD-BDL/BDU/BANDAR/LI/21/0234,BDU210256,Badulla,Bandarawela,,Mathatilla,67J,"උඩඅරාව, මිරහවත්ත",,,,,,,,,,6.860736,80.961371
Other,OTHER,NBRO/LRRMD-BDL/BDU/BANDAR/LI/21/0235,BDU210257,Badulla,Bandarawela,,Mathatilla,67J,"අරළුගහපතන මාර්ගය, උඩඅරාව, මිරහවත්ත",,,,,,,,,,6.860544,80.9610015
Other,OTHER,NBRO/LRRMD-BDL/BDU/BANDAR/LI/21/0236,BDU210258,Badulla,Bandarawela,,Mathatilla,67J,"ශාන්ත සෙවන, උඩ අරාව, බණ්ඩාරවෙල",,,,,,,,,,6.858527,80.960538
Other,OTHER,NBRO/LRRMD-BDL/BDU/BANDAR/LI/21/0237,BDU210259,Badulla,Bandarawela,,Mathatilla,67J,"සුනිමල්, උඩඅරාව, බණ්ඩාරවෙල",,,,,,,,,,6.858066,80.960698
Other,OTHER,NBRO/LRRMD-BDL/BDU/BANDAR/LI/21/0238,BDU210260,Badulla,Bandarawela,,Wewathenna,67G,"ගස්වත්ත් හන්දිය, වැලිමඩ පාර, බණ්ඩාරවෙල",,,,,,,,,,6.842302,80.974129
Other,OTHER,NBRO/LRRMD-BDL/BDU/BANDAR/LI/21/0239,BDU210261,Badulla,Bandarawela,,Wewathenna,67G,"27, ශාන්ත තෝමස් පහළ පාර, වැවතැන්න, බණ්ඩාරවෙල",,,,,,,,,,6.842954,80.979247
Other,OTHER,NBRO/LRRMD-BDL/BDU/BANDAR/LI/21/0240,BDU210262,Badulla,Bandarawela,,Wewathenna,67G,"තල්ගස්මඩුතැන්න, වැවතැන්න, බණ්ඩාරවෙල",,,,,,,,,,6.842835,80.980525
Other,OTHER,NBRO/LRRMD-BDL/BDU/BANDAR/LI/21/0241,BDU210263,Badulla,Bandarawela,,Wewathenna,67G,"තල්ගස්මඩුතැන්න පාර, බණ්ඩාරවෙල",,,,,,,,,,6.84229,80.980756
Other,OTHER,NBRO/LRRMD-BDL/BDU/BANDAR/LI/21/0242,BDU210264,Badulla,Bandarawela,,Wewathenna,67G,"02/204, ශාන්ත තෝමස් පහළ පාර, වැවතැන්න, බණ්ඩාරවෙල",,,,,,,,,,6.8446452,80.978246
Other,OTHER,NBRO/LRRMD-BDL/BDU/BANDAR/LI/21/0243,BDU210265,Badulla,Bandarawela,,Wewathenna,67G,"208 ඒ, ශාන්ත තෝමස් පාර, වැවතැන්න, බණ්ඩාරවෙල",,,,,,,,,,6.844486,80.977884
Other,OTHER,NBRO/LRRMD-BDL/BDU/BANDAR/LI/21/0244,BDU210266,Badulla,Bandarawela,,Wewathenna,67G,"204 A, ශාන්ත තෝමස් පාර, බණ්ඩාරවෙල",,,,,,,,,,6.84463,80.97788
Other,OTHER,NBRO/LRRMD-BDL/BDU/BANDAR/LI/21/0245,BDU210267,Badulla,Bandarawela,,Wewathenna,67G,"20 / 4 බී, ශාන්ත තෝමස් පාර, වැවතැන්න, බණ්ඩාරවෙල",,,,,,,,,,6.844613,80.977611
Other,OTHER,NBRO/LRRMD-BDL/BDU/BANDAR/LI/21/0246,BDU210268,Badulla,Bandarawela,,Wewathenna,67G,"206, ශාන්ත තෝමස් පහළ පාර, වැවතැන්න, බණ්ඩාරවෙල",,,,,,,,,,6.844614,80.977508
Other,OTHER,NBRO/LRRMD-BDL/BDU/BANDAR/LI/21/0247,BDU210269,Badulla,Bandarawela,,Wewathenna,67G,"27, ශාන්ත තෝමස් පහළ පාර, වැවතැන්න, බණ්ඩාරවෙල",,,,,,,,,,6.842847,80.981502
Other,OTHER,NBRO/LRRMD-BDL/BDU/BANDAR/LI/21/0248,BDU210270,Badulla,Bandarawela,,Wewathenna,67G,"27, ශාන්ත තෝමස් පහළ පාර, වැවතැන්න, බණ්ඩාරවෙල",,,,,,,,,,6.84318,80.981358
Other,OTHER,NBRO/LRRMD-BDL/BDU/BANDAR/LI/21/0249,BDU210271,Badulla,Bandarawela,,Wewathenna,67G,"ගස්වත්ත හන්දිය, වැලිමඩ පාර, බණ්ඩාරවෙල",,,,,,,,,,6.842266,80.973938
Other,OTHER,NBRO/LRRMD-BDL/BDU/BANDAR/LI/21/0250,BDU210272,Badulla,Bandarawela,,Wewathenna,67G,"ගස්වත්ත හන්දිය, වැලිමඩ පාර, බණ්ඩාරවෙල",,,,,,,,,,6.842502,80.974296
Other,OTHER,NBRO/LRRMD-BDL/BDU/BANDAR/LI/21/0251,BDU210273,Badulla,Bandarawela,,Wewathenna,67G,"1/44, දිල්ශාන් ගස්වත්ත, වැලිමඩ පාර, බණ්ඩාරවෙල",,,,,,,,,,6.843472,80.974134
Other,OTHER,NBRO/LRRMD-BDL/BDU/BANDAR/LI/21/0252,BDU210274,Badulla,Bandarawela,,Wewathenna,67G,"1/153, වැලිමඩ පාර, වැවතැන්න, බණ්ඩාරවෙල",,,,,,,,,,6.843361,80.974554
Other,OTHER,NBRO/LRRMD-BDL/BDU/BANDAR/LI/21/0253,BDU210275,Badulla,Bandarawela,,Wewathenna,67G,"12/164, සැනසුම, වැලිමඩ පාර, බණ්ඩාරවෙල",,,,,,,,,,6.846249,80.972812
Other,OTHER,NBRO/LRRMD-BDL/BDU/BANDAR/LI/21/0254,BDU210276,Badulla,Bandarawela,,Wewathenna,67G,"1/65, ගොල්ෆිලිංක් පාර, වැවතැන්න, බණ්ඩාරවෙල",,,,,,,,,,6.843085,80.975058
Other,OTHER,NBRO/LRRMD-BDL/BDU/BANDAR/LI/21/0255,BDU210277,Badulla,Bandarawela,,Wewathenna,67G,"132, නිවාඩු නිකේතන පාර, දිය බිබිල, වැවතැන්න",,,,,,,,,,6.843899,80.975084
Other,OTHER,NBRO/LRRMD-BDL/BDU/BANDAR/LI/21/0259,BDU210281,Badulla,Bandarawela,,Udaperuwa,66B,"2 / 3, ගස්වත්ත, මහගලහින්න, හීල්ඔය පාර, බණ්ඩාරවෙල",,,,,,,,,,6.839156,81.012995
Other,OTHER,NBRO/LRRMD-BDL/BDU/BANDAR/LI/21/0260,BDU210282,Badulla,Bandarawela,,Konthaheta,67A,"පද්මී, හාපත්ගමුව, බණ්ඩාරවෙල",,,,,,,,,,6.862195,80.972883
Other,OTHER,NBRO/LRRMD-BDL/BDU/BANDAR/LI/21/0263,BDU210285,Badulla,Bandarawela,,Kebillawela North,67D,"1/301, හෙරලියගස් කුඹුර පාර, උතුරු කැබිල්ලේවෙල, බණ්ඩාරවෙල",,,,,,,,,,6.840667,80.99514
Other,OTHER,NBRO/LRRMD-BDL/BDU/BANDAR/LI/21/0264,BDU210286,Badulla,Bandarawela,,Kebillawela North,67D,"255, උතුරු කැබිල්ලේවෙල, බණ්ඩාරවෙල",,,,,,,,,,6.837943,80.994372
Other,OTHER,NBRO/LRRMD-BDL/BDU/BANDAR/LI/21/0265,BDU210287,Badulla,Bandarawela,,Kebillawela North,67D,"202, උතුරු කැබිල්ලේවෙල, බණ්ඩාරවෙල",,,,,,,,,,6.83593,80.995329
Other,OTHER,NBRO/LRRMD-BDL/BDU/BANDAR/LI/21/0266,BDU210288,Badulla,Bandarawela,,Kebillawela North,67D,"බක්කරවත්ත, උතුරු කැබිල්ලේවෙල, බණ්ඩාරවෙල",,,,,,,,,,6.837241,80.997242
Other,OTHER,NBRO/LRRMD-BDL/BDU/BANDAR/LI/21/0267,BDU210289,Badulla,Bandarawela,,Kebillawela North,67D,"226/4,  කටුපදුරු උල්පත, උතුරු කැබිල්ලේවෙල, බණ්ඩාරවෙල",,,,,,,,,,6.838655,80.997064
Other,OTHER,NBRO/LRRMD-BDL/BDU/BANDAR/LI/21/0268,BDU210290,Badulla,Bandarawela,,Kebillawela North,67D,"181/2, කුමරු නිවස, උතුරු කැබිල්ලේවෙල, බණ්ඩාරවෙල",,,,,,,,,,6.838855,80.997723
Other,OTHER,NBRO/LRRMD-BDL/BDU/BANDAR/LI/21/0269,BDU210291,Badulla,Bandarawela,,Kebillawela North,67D,"219/1, කටුපදුරු උල්පත, උතුරු කැබිල්ලේවෙල, බණ්ඩාරවෙල",,,,,,,,,,6.838207,80.996602
Other,OTHER,NBRO/LRRMD-BDL/BDU/BANDAR/LI/21/0270,BDU210292,Badulla,Bandarawela,,Kebillawela North,67D,"40, උතුරු කැබිල්ලේවෙල, බණ්ඩාරවෙල",,,,,,,,,,6.834548,80.994451
Other,OTHER,NBRO/LRRMD-BDL/BDU/BANDAR/LI/21/0271,BDU210293,Badulla,Bandarawela,,Kebillawela North,67D,"164/1, කුරුදුගොල්ල, උතුරු කැබිල්ලේවෙල, බණ්ඩාරවෙල",,,,,,,,,,6.827693,80.998958
Other,OTHER,NBRO/LRRMD-BDL/BDU/BANDAR/LI/21/0272,BDU210294,Badulla,Bandarawela,,Kebillawela North,67D,"226/2, කටුපදුරු උල්පත, උතුරු කැබිල්ලේවෙල",,,,,,,,,,6.839063,80.996951
Other,OTHER,NBRO/LRRMD-BDL/BDU/BANDAR/LI/21/0273,BDU210295,Badulla,Bandarawela,,Kebillawela North,67D,"235, කටුපදුරු උල්පත, උතුරු කැබිල්ලේවෙල",,,,,,,,,,6.838868,80.996882
Other,OTHER,NBRO/LRRMD-BDL/BDU/BANDAR/LI/21/0274,BDU210296,Badulla,Bandarawela,,Kebillawela North,67D,"99, උතුරු කැබිල්ලේවෙල, බණ්ඩාරවෙල",,,,,,,,,,6.834909,80.993936
Other,OTHER,NBRO/LRRMD-BDL/BDU/BANDAR/LI/21/0277,BDU210299,Badulla,Bandarawela,,Gediyaroda,67K,"202/2, ගෙඩියාරොද, උතුරු කැබිල්ලේවෙල, බණ්ඩාරවෙල",,,,,,,,,,6.84152,80.993998
Other,OTHER,NBRO/LRRMD-BDL/BDU/BANDAR/LI/21/0278,BDU210300,Badulla,Bandarawela,,Kebillawela North,67D,"1/300, උතුරු කැබිල්ලේවෙල, බණ්ඩාරවෙල",,,,,,,,,,6.83825,80.991437
Other,OTHER,NBRO/LRRMD-BDL/BDU/BANDAR/LI/21/0279,BDU210301,Badulla,Bandarawela,,Kebillawela North,67D,"ජනිනි, ස්ප්‍රිංවත්ත, විශාකා මාවත, බණ්ඩාරවෙල",,,,,,,,,,6.837146,80.99105
Other,OTHER,NBRO/LRRMD-BDL/BDU/BANDAR/LI/21/0280,BDU210302,Badulla,Bandarawela,,Kebillawela North,67D,"33/1, පිංඅරාව පතනගම, බණ්ඩාරවෙල",,,,,,,,,,6.831938,80.999738
Other,OTHER,NBRO/LRRMD-BDL/BDU/BANDAR/LI/21/0281,BDU210303,Badulla,Bandarawela,,Kebillawela North,67D,"58, පිංඅරාව පතනගම, කිණිගම",,,,,,,,,,6.832446,81.000512
Other,OTHER,NBRO/LRRMD-BDL/BDU/BANDAR/LI/21/0282,BDU210304,Badulla,Bandarawela,,Kebillawela North,67D,"දිලිනි නිවස, පිංඅරාව පාර, කිණිගම, බණ්ඩාරවෙල",,,,,,,,,,6.832673,81.002594
Other,OTHER,NBRO/LRRMD-BDL/BDU/BANDAR/LI/21/0283,BDU210305,Badulla,Bandarawela,,Kebillawela North,67D,"116/A, ගල්කන්ද, කිණිගම, බණ්ඩාරවෙල",,,,,,,,,,6.829419,81.00379
Other,OTHER,NBRO/LRRMD-BDL/BDU/BANDAR/LI/21/0285,BDU210307,Badulla,Bandarawela,,Thanthiriya,66G,"26/1, පිංඅරාව පතන, බදුල්ල පාර, බණ්ඩාරවෙල",,,,,,,,,,6.829566,81.001045
Other,OTHER,NBRO/LRRMD-BDL/BDU/BANDAR/LI/21/0286,BDU210308,Badulla,Bandarawela,,Thanthiriya,66G,"3 / 18, ධර්මාශෝක පෙදෙස, කිණිගම, බණ්ඩාරවෙල",,,,,,,,,,6.829566,81.001045
Other,OTHER,NBRO/LRRMD-BDL/BDU/BANDAR/LI/21/0287,BDU210309,Badulla,Bandarawela,,Karagahawela,65C,"ප්‍රේමානන්ද විදුහල, කරගහවෙල, බණ්ඩාරවෙල",,,,,,,,,,6.815597,80.977214
Other,OTHER,NBRO/LRRMD-BDL/BDU/BANDAR/LI/21/0289,BDU210311,Badulla,Bandarawela,,Makulelle,66A,"වැරැල්ලවත්ත, මකුල්ඇල්ල",,,,,,,,,,6.836083,81.028685
Other,OTHER,NBRO/LRRMD-BDL/BDU/BANDAR/LI/21/0290,BDU210312,Badulla,Bandarawela,,Makulelle,66A,"ගල්ගොඩවත්ත, මකුල්ඇල්ල",,,,,,,,,,6.832534,81.031274
Other,OTHER,NBRO/LRRMD-BDL/BDU/BANDAR/LI/21/0291,BDU210313,Badulla,Bandarawela,,Mathatilla,67J,"ගල්ගොඩවත්ත, මකුල්ඇල්ල",,,,,,,,,,6.832618,81.030924
Other,OTHER,NBRO/LRRMD-BDL/BDU/BANDAR/LI/21/0292,BDU210314,Badulla,Bandarawela,,Makulelle,66A,"වැරැල්ලවත්ත, මකුල්ඇල්ල, බණ්ඩාරවෙල",,,,,,,,,,6.834609,81.029678
Other,OTHER,NBRO/LRRMD-BDL/BDU/BANDAR/LI/21/0293,BDU210315,Badulla,Bandarawela,,Makulelle,66A,"වැරැල්ලවත්ත, මකුල්ඇල්ල",,,,,,,,,,6.83612,81.030305
Other,OTHER,NBRO/LRRMD-BDL/BDU/BANDAR/LI/21/0294,BDU210316,Badulla,Bandarawela,,Makulelle,66A,"හිඹුටුගොල්ල, මකුල්ඇල්ල",,,,,,,,,,6.832881,81.029201
Other,OTHER,NBRO/LRRMD-BDL/BDU/BANDAR/LI/21/0295,BDU210317,Badulla,Bandarawela,,Makulelle,66A,"සුනිමල්, මැදපතන, මකුල්ඇල්ල",,,,,,,,,,6.82525,81.034295
Other,OTHER,NBRO/LRRMD-BDL/BDU/BANDAR/LI/21/0296,BDU210318,Badulla,Bandarawela,,Makulelle,66A,"සිරි නිවස, මැදපතන, මකුල්ඇල්ල",,,,,,,,,,6.82498,81.033039
Other,OTHER,NBRO/LRRMD-BDL/BDU/BANDAR/LI/21/0297,BDU210319,Badulla,Bandarawela,,Makulelle,66A,"අංක 61, වනසිරිගම, මකුල්ඇල්ල",,,,,,,,,,6.826155,81.036404
Other,OTHER,NBRO/LRRMD-BDL/BDU/BANDAR/LI/21/0298,BDU210320,Badulla,Bandarawela,,Makulelle,66A,"කුඩුගල්ගොඩ, වැරැල්ලවත්ත, මකුල්ඇල්ල, බණ්ඩාරවෙල",,,,,,,,,,6.834545,81.031201
Other,OTHER,NBRO/LRRMD-BDL/BDU/HALI-E/LI/21/0300,BDU210322,Badulla,Hali-Ela,,Welikemulla,82A,"7/B කුඹුක්ගහ නිවස, වැලිකේමුල්ල, බදුල්ල",,,,,,,,,,6.959305,81.066887
Other,OTHER,NBRO/LRRMD-BDL/BDU/HALI-E/LI/21/0301,BDU210323,Badulla,Hali-Ela,,Welikemulla,82A,"ගොරඩියවක, වැලිකේමුල්ල, බදුල්ල",,,,,,,,,,6.959292,81.066527
Other,OTHER,NBRO/LRRMD-BDL/BDU/HALI-E/LI/21/0302,BDU210324,Badulla,Hali-Ela,,Malitta,57,"වටබැද්ද පතන, මලිත්ත, හාලිඇල",,,,,,,,,,6.887843,80.98656
Other,OTHER,NBRO/LRRMD-BDL/BDU/HALI-E/LI/21/0303,BDU210325,Badulla,Hali-Ela,,Neludanda,56D,"නෙළුදණ්ඩ, ඉලුක්තැන්න, හාලිඇල",,,,,,,,,,6.947078,81.015907
Other,OTHER,NBRO/LRRMD-BDL/BDU/HALI-E/LI/21/0309,BDU210331,Badulla,Hali-Ela,,Dickwella,74,"DIKWELLA ESTATE, HALI ELA, BADULLA",,,,,,,,,,6.948149,81.000642
Other,OTHER,NBRO/LRRMD-BDL/BDU/HALI-E/LI/21/0314,BDU210336,Badulla,Hali-Ela,,Springvalley,85B,"බ/මේමලේ දෙමළ විද්‍යාලය,",,,,,,,,,,6.919708,81.111458
Other,OTHER,NBRO/LRRMD-BDL/BDU/HALI-E/LI/21/0318,BDU210340,Badulla,Hali-Ela,,Imbulgoda,82D,"ඉඹුල්ගොඩ ග්‍රාමීය ක්‍රීඩා පිටිය, හාලිඇල",,,,,,,,,,6.968921,81.072834
Other,OTHER,NBRO/LRRMD-BDL/BDU/HALI-E/LI/21/0320,BDU210342,Badulla,Hali-Ela,,Ketawala,75C,"කැටවල ප්‍රජා ශාලාව, හාලිඇල",,,,,,,,,,6.993296,81.012887
Other,OTHER,NBRO/LRRMD-BDL/BDU/HALI-E/LI/21/0326,BDU210348,Badulla,Hali-Ela,,Uduwara,73,"රොසට් වත්ත පළමු කොටස, උඩුවර, හාලිඇල",,,,,,,,,,6.929585,81.054058
Other,OTHER,NBRO/LRRMD-BDL/BDU/HALI-E/LI/21/0327,BDU210349,Badulla,Hali-Ela,,Uduwara,73,"උඩුවර පහළ කොටස, උඩුවර, හාලිඇල",,,,,,,,,,6.919596,81.054309
Other,OTHER,NBRO/LRRMD-BDL/BDU/HALI-E/LI/21/0329,BDU210351,Badulla,Hali-Ela,,Bogahamaditta,74B,"2 කණුව සිංහපුර ප්‍රජාශාලාව, බෝගහමඩිත්ත, හාලිඇල",,,,,,,,,,6.976125,81.042866
Other,OTHER,NBRO/LRRMD-BDL/BDU/HALI-E/LI/21/0330,BDU210352,Badulla,Hali-Ela,,Bogahamaditta,74B,"ජයන්තිපුර අතුරු මාර්ගය, මහතුන්ලාගේ වෙළඳසැල අසළ, බෝගහමඩිත්ත, හාලිඇල",,,,,,,,,,6.971297,81.041508
Other,OTHER,NBRO/LRRMD-BDL/BDU/HALI-E/LI/21/0337,BDU210359,Badulla,Hali-Ela,,Springvalley,85B,"අංක 27, සේනමලේ, ස්ප්‍රිංවැලි, බදුල්ල",,,,,,,,,,6.950224,81.084413
Other,OTHER,NBRO/LRRMD-BDL/BDU/HALI-E/LI/21/0338,BDU210360,Badulla,Hali-Ela,,Welikemulla,82A,"අම්පිටිගොඩ, වැලිකේමුල්ල, බදුල්ල",,,,,,,,,,6.959873,81.066086
Other,OTHER,NBRO/LRRMD-BDL/BDU/HALI-E/LI/21/0339,BDU210361,Badulla,Hali-Ela,,Mugunuatha West,73C,"ශ්‍රී මුත්තුමාරි අම්මාන් කෝවිල, රොකතැන්න උඩ කොටස, මුගුණුමත බටහිර, හාලිඇල",,,,,,,,,,6.935419,81.023935
Other,OTHER,NBRO/LRRMD-BDL/BDU/HALI-E/LI/21/0346,BDU210368,Badulla,Hali-Ela,,Kirinda,73D,"කිරින්ද ශ්‍රී නිග්‍රෝධාරාම විහාරස්ථානය, කිරින්ද, හාලිඇල",,,,,,,,,,6.912733,81.028818
Other,OTHER,NBRO/LRRMD-BDL/BDU/ELLA/LI/21/0348,BDU210370,Badulla,Ella,,Halpe,68,"දිඹුල්ස්තැන්න, හෙලහල්පේ",,,,,,,,,,6.895094,81.034187
Other,OTHER,NBRO/LRRMD-BDL/BDU/ELLA/LI/21/0349,BDU210371,Badulla,Ella,,Halpe,68,"264, දිඹුල්ස්තැන්න, හෙලහල්පේ",,,,,,,,,,6.894894,81.033634
Other,OTHER,NBRO/LRRMD-BDL/BDU/ELLA/LI/21/0350,BDU210372,Badulla,Ella,,Halpe,68,"264, දිඹුල්ගස්තැන්න, හෙලහල්පේ",,,,,,,,,,6.895078,81.034001
Other,OTHER,NBRO/LRRMD-BDL/BDU/ELLA/LI/21/0352,BDU210374,Badulla,Ella,,Halpe,68,"කුඩුගලපතන, හෙලහල්පේ",,,,,,,,,,6.88835,81.03594
Other,OTHER,NBRO/LRRMD-BDL/BDU/ELLA/LI/21/0353,BDU210375,Badulla,Ella,,Halpe,68,"දිඹුල්ස්තැන්න, හෙලහල්පේ",,,,,,,,,,6.892669,81.03504
Other,OTHER,NBRO/LRRMD-BDL/BDU/ELLA/LI/21/0354,BDU210376,Badulla,Ella,,Halpe,68,"දිඹුල්ස්තැන්න, හෙලහල්පේ",,,,,,,,,,6.891773,81.03531
Other,OTHER,NBRO/LRRMD-BDL/BDU/ELLA/LI/21/0355,BDU210377,Badulla,Ella,,Halpe,68,"68, හල්පේ, දිඹුල්ගස්තැන්න",,,,,,,,,,6.893491,81.035217
Other,OTHER,NBRO/LRRMD-BDL/BDU/ELLA/LI/21/0356,BDU210378,Badulla,Ella,,Newberg,68J,"පොල්ගහගෙදර, හිඹිලියගොල්ල, ඇල්ල",,,,,,,,,,6.871872,81.071879
Other,OTHER,NBRO/LRRMD-BDL/BDU/ELLA/LI/21/0357,BDU210379,Badulla,Ella,,Beddewela,72H,"බැද්දේවෙල, ගවරවෙල",,,,,,,,,,6.895884,81.080874
Other,OTHER,NBRO/LRRMD-BDL/BDU/ELLA/LI/21/0358,BDU210380,Badulla,Ella,,Demodara,68I,"වෑකඩගල, නාවුල්ල, දෙමෝදර",,,,,,,,,,6.889711,81.0561304
Other,OTHER,NBRO/LRRMD-BDL/BDU/ELLA/LI/21/0359,BDU210381,Badulla,Ella,,Heeloya,69B,"අලගොල්ලවත්ත, හීල්ඔය, බණ්ඩාරවෙල",,,,,,,,,,6.846041,81.024896
Other,OTHER,NBRO/LRRMD-BDL/BDU/ELLA/LI/21/0360,BDU210382,Badulla,Ella,,Kithal Elle,69E,"ගල්ගොඩතැන්න, කිතල්ඇල්ල, ඇල්ල",,,,,,,,,,6.86193,81.04258
Other,OTHER,NBRO/LRRMD-BDL/BDU/ELLA/LI/21/0361,BDU210383,Badulla,Ella,,Maduragama,68C,"මැදහින්න, ගොටුවල, ඇල්ල.",,,,,,,,,,6.880625,81.055938
Other,OTHER,NBRO/LRRMD-BDL/BDU/ELLA/LI/21/0362,BDU210384,Badulla,Ella,,Piyarapandowa,68H,"මඩිනත්ත, පියරපන්දෝව, හෙලහල්පේ",,,,,,,,,,6.890176,81.012196
Other,OTHER,NBRO/LRRMD-BDL/BDU/ELLA/LI/21/0363,BDU210385,Badulla,Ella,,Udukumbalwela,69,"පැතුම්, පෑලේගෙදර, කුඹල්වෙල, ඇල්ල",,,,,,,,,,6.866013,81.026422
Other,OTHER,NBRO/LRRMD-BDL/BDU/ELLA/LI/21/0364,BDU210386,Badulla,Ella,,Hettipola,69G,"වෙලංගහඅරාව, ඇල්ල",,,,,,,,,,6.871386,81.043622
Other,OTHER,NBRO/LRRMD-BDL/BDU/ELLA/LI/21/0365,BDU210387,Badulla,Ella,,Dowa,69D,"අංක 83, දෝව, බණ්ඩාරවෙල",,,,,,,,,,6.851595,81.014848
Other,OTHER,NBRO/LRRMD-BDL/BDU/ELLA/LI/21/0366,BDU210388,Badulla,Ella,,Piyarapandowa,68H,"ජය ශ්‍රී නිවස, මීගහඅරාව, පියරපන්දෝව.",,,,,,,,,,6.890855,81.015048
Other,OTHER,NBRO/LRRMD-BDL/BDU/ELLA/LI/21/0367,BDU210389,Badulla,Ella,,Piyarapandowa,68H,"ඉලුක්පතන, පියරපන්දෝව, හෙලහල්පේ",,,,,,,,,,6.897963,81.016933
Other,OTHER,NBRO/LRRMD-BDL/BDU/ELLA/LI/21/0368,BDU210390,Badulla,Ella,,Piyarapandowa,68H,"පියරපන්දෝව, හෙලහල්පේ",,,,,,,,,,6.892913,81.021721
Other,OTHER,NBRO/LRRMD-BDL/BDU/ELLA/LI/21/0369,BDU210391,Badulla,Ella,,Piyarapandowa,68H,"පේරකුඹුර, හෙලහල්පේ",,,,,,,,,,6.891777,81.021012
Other,OTHER,NBRO/LRRMD-BDL/BDU/ELLA/LI/21/0370,BDU210392,Badulla,Ella,,Ella,68B,"සපුමල්තැන්න, ඇල්ල",,,,,,,,,,6.871823,81.053862
Other,OTHER,NBRO/LRRMD-BDL/BDU/ELLA/LI/21/0371,BDU210393,Badulla,Ella,,Dodamgolla,71B,"නුගසෙවන, කළුගල පාර, බල්ලෙකැටුව",,,,,,,,,,6.850814,81.107963
Other,OTHER,NBRO/LRRMD-BDL/BDU/ELLA/LI/21/0372,BDU210394,Badulla,Ella,,Govussa,71A,"රබර්වත්ත, ගෝවුස්ස, ඇල්ල",,,,,,,,,,6.861174,81.078892
Other,OTHER,NBRO/LRRMD-BDL/BDU/ELLA/LI/21/0373,BDU210395,Badulla,Ella,,Dowa,69D,උල්ලේ අරාවේ කුඹුර,,,,,,,,,,6.853769,81.017545
Other,OTHER,NBRO/LRRMD-BDL/BDU/ELLA/LI/21/0374,BDU210396,Badulla,Ella,,Medawela West,72G,"රණහින්න පතන, නාවෙලගම, බල්ලෙකැටුව",,,,,,,,,,6.885098,81.078845
Other,OTHER,NBRO/LRRMD-BDL/BDU/ELLA/LI/21/0375,BDU210397,Badulla,Ella,,Kirinda,68D,"දෙළුම්ගස් කොටුව, වලස්බැද්ද, දෙමෝදර",,,,,,,,,,6.900775,81.04183
Other,OTHER,NBRO/LRRMD-BDL/BDU/ELLA/LI/21/0378,BDU210400,Badulla,Ella,,Ballaketuwa,72B,"ග්‍රාමීය ක්‍රීඩාංගනය, බල්ලකෙටුව, ඇල්ල",,,,,,,,,,6.861391,81.09499
Other,OTHER,NBRO/LRRMD-BDL/BDU/ELLA/LI/21/0381,BDU210403,Badulla,Ella,,Ballaketuwa,72B,"214/14, පස්සර පාර, බල්ලකෙටුව",,,,,,,,,,6.860499,81.095989
Other,OTHER,NBRO/LRRMD-BDL/BDU/ELLA/LI/21/0382,BDU210404,Badulla,Ella,,Ballaketuwa,72B,"269, පස්සර පාර, බල්ලකෙටුව",,,,,,,,,,6.860433,81.0961034
Other,OTHER,NBRO/LRRMD-BDL/BDU/ELLA/LI/21/0383,BDU210405,Badulla,Ella,,Ballaketuwa,72B,"කිංස්ලෑන්ඩ්, පිටපොල පාර, බල්ලකෙටුව",,,,,,,,,,6.859019,81.098609
Other,OTHER,NBRO/LRRMD-BDL/BDU/ELLA/LI/21/0384,BDU210406,Badulla,Ella,,Ballaketuwa,72B,"කෝවිල අසල, පස්සර පාර, බල්ලකෙටුව",,,,,,,,,,6.859009,81.0986086
Other,OTHER,NBRO/LRRMD-BDL/BDU/ELLA/LI/21/0385,BDU210407,Badulla,Ella,,Hettipola,69G,"හෙට්ටිපොළ වත්ත, ඇල්ල",,,,,,,,,,6.8810004,81.036343
Other,OTHER,NBRO/LRRMD-BDL/BDU/ELLA/LI/21/0386,BDU210408,Badulla,Ella,,Medawela West,72G,"තැන්නවත්ත, නාවෙලගම, දෙමෝදර",,,,,,,,,,6.886647,81.079935
Other,OTHER,NBRO/LRRMD-BDL/BDU/ELLA/LI/21/0387,BDU210409,Badulla,Ella,,Medawela West,72G,"රනහින්න පතන, නාවෙලගම, බල්ලකෙටුව",,,,,,,,,,6.884645,81.0781534
Other,OTHER,NBRO/LRRMD-BDL/BDU/ELLA/LI/21/0388,BDU210410,Badulla,Ella,,Medawela West,72G,හේවාකම්කානම්ලාගේ ලීලාවතී,,,,,,,,,,6.879864,81.0824055
Other,OTHER,NBRO/LRRMD-BDL/BDU/ELLA/LI/21/0389,BDU210411,Badulla,Ella,,Medawela West,72G,"කරපන්ටයින් වත්ත, නාවෙලගම, බල්ලකෙටුව",,,,,,,,,,6.8802312,81.081938
Other,OTHER,NBRO/LRRMD-BDL/BDU/ELLA/LI/21/0390,BDU210412,Badulla,Ella,,Medawela West,72G,"කරපන්ටයින්වත්ත, නාවෙලගම, බල්ලකෙටුව",,,,,,,,,,6.880152,81.082208
Other,OTHER,NBRO/LRRMD-BDL/BDU/ELLA/LI/21/0391,BDU210413,Badulla,Ella,,Medawela West,72G,"කරපන්ටයින්වත්ත, නාවෙලගම, බල්ලකෙටුව",,,,,,,,,,6.8801902,81.0828771
Other,OTHER,NBRO/LRRMD-BDL/BDU/ELLA/LI/21/0392,BDU210414,Badulla,Ella,,Yahalewela,68E,"සුසන්ත නිවස, යහලේවල, ඇල්ල",,,,,,,,,,6.882045,81.065803
Other,OTHER,NBRO/LRRMD-BDL/BDU/ELLA/LI/21/0393,BDU210415,Badulla,Ella,,Yahalewela,68E,"දළුක්ගල පතන, යහලේවල, ඇල්ල",,,,,,,,,,6.8785728,81.063782
Other,OTHER,NBRO/LRRMD-BDL/BDU/ELLA/LI/21/0394,BDU210416,Badulla,Ella,,Kithal Elle,69E,"වටගොඩවත්ත, කිතල්ඇල්ල, ඇල්ල",,,,,,,,,,6.8677459,81.044429
Other,OTHER,NBRO/LRRMD-BDL/BDU/ELLA/LI/21/0395,BDU210417,Badulla,Ella,,Pupula West,72D,"අඹගහපතන, හෙලපුපුල, ඇල්ල",,,,,,,,,,6.898666,81.0861918
Other,OTHER,NBRO/LRRMD-BDL/BDU/ELLA/LI/21/0396,BDU210418,Badulla,Ella,,Pupula West,72D,"තිරවනාගලපතන, බැද්දේවෙල, ගවරවෙල, දෙමෝදර",,,,,,,,,,6.899929,81.085112
Other,OTHER,NBRO/LRRMD-BDL/BDU/ELLA/LI/21/0398,BDU210420,Badulla,Ella,,Pupula,72C,"පිටපොලපතන, හෙල පුපුල, ඇල්ල",,,,,,,,,,6.891896,81.091989
Other,OTHER,NBRO/LRRMD-BDL/BDU/ELLA/LI/21/0399,BDU210421,Badulla,Ella,,Pupula,72C,"නවගම්මානය, හෙලපුපුල, ගල්ටැංහේන",,,,,,,,,,6.899495,81.086313
Other,OTHER,NBRO/LRRMD-BDL/BDU/ELLA/LI/21/0400,BDU210422,Badulla,Ella,,Pupula,72C,"කිංස්ලෑන්ඩ්, පිටපොල පාර, බල්ලකෙටුව",,,,,,,,,,6.893874,81.091495
Other,OTHER,NBRO/LRRMD-BDL/BDU/ELLA/LI/21/0401,BDU210423,Badulla,Ella,,Pupula,72C,"පිටපොලපතන, හෙලපුපුල, ඇල්ල",,,,,,,,,,6.892319,81.0916746
Other,OTHER,NBRO/LRRMD-BDL/BDU/ELLA/LI/21/0402,BDU210424,Badulla,Ella,,Beddewela,72H,"අලුත්හේන, බැද්දෙවෙල",,,,,,,,,,6.90493,81.085375
Other,OTHER,NBRO/LRRMD-BDL/BDU/ELLA/LI/21/0403,BDU210425,Badulla,Ella,,Beddewela,72H,"කිරවනාගලපතන, ගවරවෙල",,,,,,,,,,6.905687,81.085224
Other,OTHER,NBRO/LRRMD-BDL/BDU/ELLA/LI/21/0404,BDU210426,Badulla,Ella,,Beddewela,72H,"කිරවනාගලපතන, ගවරවෙල",,,,,,,,,,6.905687,81.085224
Other,OTHER,NBRO/LRRMD-BDL/BDU/ELLA/LI/21/0405,BDU210427,Badulla,Ella,,Millagama,68G,"දංගොඩ, මිල්ලවත්ත, හෙලහල්පේ",,,,,,,,,,6.887852,81.020088
Other,OTHER,NBRO/LRRMD-BDL/BDU/ELLA/LI/21/0407,BDU210429,Badulla,Ella,,Ella,68B,"සපුමල්තැන්න, ඇල්ල",,,,,,,,,,6.873538,81.052316
Other,OTHER,NBRO/LRRMD-BDL/BDU/ELLA/LI/21/0408,BDU210430,Badulla,Ella,,Newberg,68J,"නිව්බර්ග් වතුයාය, ඉහළ කොටස, ක්ෂේත්‍ර අංක 06",,,,,,,,,,6.880961,81.071453
Other,OTHER,NBRO/LRRMD-BDL/BDU/ELLA/LI/21/0410,BDU210432,Badulla,Ella,,Medawela West,72G,"දුංකොළවත්ත, නාවෙලගම, බල්ලකෙටුව",,,,,,,,,,6.887074,81.0678735
Other,OTHER,NBRO/LRRMD-BDL/BDU/ELLA/LI/21/0412,BDU210434,Badulla,Ella,,Navulla,68A,"අම්පිටිගොඩ, නාවුල්ල, දෙමෝදර",,,,,,,,,,6.890234,81.063396
Other,OTHER,NBRO/LRRMD-BDL/BDU/ELLA/LI/21/0413,BDU210435,Badulla,Ella,,Navulla,68A,"අම්පිටිගොඩ, ගොටුවල, දෙමෝදර",,,,,,,,,,6.891232,81.063085
Other,OTHER,NBRO/LRRMD-BDL/BDU/ELLA/LI/21/0414,BDU210436,Badulla,Ella,,Ella,68B,"නාවෙල, ඇල්ල",,,,,,,,,,6.875984,81.093638
Other,OTHER,NBRO/LRRMD-BDL/BDU/ELLA/LI/21/0415,BDU210437,Badulla,Ella,,Pupula West,72D,ගොඩේවත්ත. බැද්දේවෙල. ගවරවෙල,,,,,,,,,,6.898019,81.083289
Other,OTHER,NBRO/LRRMD-BDL/BDU/ELLA/LI/21/0416,BDU210438,Badulla,Ella,,Udukumbalwela,69,වැවේගෙදර වත්ත. උඩුකුඹල්වෙල,,,,,,,,,,6.863704,81.023423
Other,OTHER,NBRO/LRRMD-BDL/BDU/ELLA/LI/21/0417,BDU210439,Badulla,Ella,,Gawarawela,72,"අංක 08, බදුල්ල පාර, ඇල්ලන්ද, දෙමෝදර",,,,,,,,,,6.90939,81.062032
Other,OTHER,NBRO/LRRMD-BDL/BDU/ELLA/LI/21/0418,BDU210440,Badulla,Ella,,Rawanaella,69F,හෙල කිතල් ඇල්ල. ඇල්ල,,,,,,,,,,6.860015,81.045055
Other,OTHER,NBRO/LRRMD-BDL/BDU/ELLA/LI/21/0419,BDU210441,Badulla,Ella,,Rawanaella,69F,"මැදගොඩපතන, හෙලකිතල්ඇල්ල, ඇල්ල",,,,,,,,,,6.861513,81.04779
Other,OTHER,NBRO/LRRMD-BDL/BDU/ELLA/LI/21/0420,BDU210442,Badulla,Ella,,Rawanaella,69F,"හෙලකිතල්ඇල්ල, ඇල්ල",,,,,,,,,,6.859579,81.046963
Other,OTHER,NBRO/LRRMD-BDL/BDU/ELLA/LI/21/0421,BDU210443,Badulla,Ella,,Rawanaella,69F,"ගල්කොටුව, හෙල කිතල්ඇල්ල, ඇල්ල",,,,,,,,,,6.860517,81.047747
Other,OTHER,NBRO/LRRMD-BDL/BDU/ELLA/LI/21/0422,BDU210444,Badulla,Ella,,Dodamgolla,71B,"දොඩම්ගොල්ල, බල්ලෙකැටුව",,,,,,,,,,6.837911,81.121471
Other,OTHER,NBRO/LRRMD-BDL/BDU/ELLA/LI/21/0423,BDU210445,Badulla,Ella,,Millagama,68G,"මොරබැද්ද, මිල්ල වත්ත, පහළ හල්පේ",,,,,,,,,,6.8822036,81.0146037
Other,OTHER,NBRO/LRRMD-BDL/BDU/ELLA/LI/21/0424,BDU210446,Badulla,Ella,,Palleperuwa,69C,"අංක 80, හීල්ඔය පාර, කොළතැන්න, බණ්ඩාරවෙල",,,,,,,,,,6.840099,81.016117
Other,OTHER,NBRO/LRRMD-BDL/BDU/ELLA/LI/21/0425,BDU210447,Badulla,Ella,,Halpe,68,"ගොඩේවත්ත, හෙල හල්පේ",,,,,,,,,,6.8918754,81.041355
Other,OTHER,NBRO/LRRMD-BDL/BDU/ELLA/LI/21/0426,BDU210448,Badulla,Ella,,Halpe,68,"මඩංගාරාව, හෙල හල්පේ",,,,,,,,,,6.890738,81.043824
Other,OTHER,NBRO/LRRMD-BDL/BDU/ELLA/LI/21/0427,BDU210449,Badulla,Ella,,Newberg,68J,"ගල්ලෙන කුඹුර, පස්සර පාර, ඇල්ල",,,,,,,,,,6.866347,81.06584
Other,OTHER,NBRO/LRRMD-BDL/BDU/ELLA/LI/21/0428,BDU210450,Badulla,Ella,,Ilukpelessa,71,"කටුකන්ගෙදර, ඉළුක්පැලැස්ස, බල්ලකැටුව",,,,,,,,,,6.846705,81.095391
Other,OTHER,NBRO/LRRMD-BDL/BDU/ELLA/LI/21/0429,BDU210451,Badulla,Ella,,Dodamgolla,71B,"පින්නකැටිය, උඩවාඩිය, දොඩම්ගොල්ල",,,,,,,,,,6.843228,81.129693
Other,OTHER,NBRO/LRRMD-BDL/BDU/ELLA/LI/21/0430,BDU210452,Badulla,Ella,,Rawanaella,69F,"ජනිත්වාස, හෙලකිතල් ඇල්ල, ඇල්ල",,,,,,,,,,6.859579,81.045073
Other,OTHER,NBRO/LRRMD-BDL/BDU/ELLA/LI/21/0431,BDU210453,Badulla,Ella,,Millagama,68G,"මොරබැද්ද, මිල්ලවත්ත",,,,,,,,,,6.88169,81.013304
Other,OTHER,NBRO/LRRMD-BDL/BDU/ELLA/LI/21/0432,BDU210454,Badulla,Ella,,Hettipola,69G,"හෙට්ටිපොල වත්ත, ඇල්ල",,,,,,,,,,6.881348,81.036667
Other,OTHER,NBRO/LRRMD-BDL/BDU/ELLA/LI/21/0433,BDU210455,Badulla,Ella,,Dowa,69D,"කළුගල් පතන, අළුත්ගම, බිඳුනුවැව, බණ්ඩාරවෙල",,,,,,,,,,6.860693,81.009419
Other,OTHER,NBRO/LRRMD-BDL/BDU/ELLA/LI/21/0434,BDU210456,Badulla,Ella,,Dowa,69D,"කළුගල් පතන, අළුත්ගම, බිඳුනුවැව, බණ්ඩාරවෙල",,,,,,,,,,6.860032,81.008364
Other,OTHER,NBRO/LRRMD-BDL/BDU/ELLA/LI/21/0435,BDU210457,Badulla,Ella,,Halpe,68,"ගෙදර ආරාව, මිරහවත්ත, හල්පේ",,,,,,,,,,6.891693,81.04287
Other,OTHER,NBRO/LRRMD-BDL/BDU/ELLA/LI/21/0436,BDU210458,Badulla,Ella,,Kirinda,68D,"බෝගහහෙල, වලස්බැද්ද, දෙමෝදර",,,,,,,,,,6.89594,81.042776
Other,OTHER,NBRO/LRRMD-BDL/BDU/ELLA/LI/21/0437,BDU210459,Badulla,Ella,,Newberg,68J,"ගල්ලෙනකුඹුර, පස්සර පාර, ඇල්ල",,,,,,,,,,6.867187,81.065405
Other,OTHER,NBRO/LRRMD-BDL/BDU/ELLA/LI/21/0438,BDU210460,Badulla,Ella,,Nawela West,72F,"කිරිවාන, නාවෙලගම",,,,,,,,,,6.879862,81.086987
Other,OTHER,NBRO/LRRMD-BDL/BDU/ELLA/LI/21/0439,BDU210461,Badulla,Ella,,Medawela West,72G,"ලියන්ගොල්ල, නාවෙලගම, බල්ලකෙටුව",,,,,,,,,,6.876779,81.082655
Other,OTHER,NBRO/LRRMD-BDL/BDU/ELLA/LI/21/0440,BDU210462,Badulla,Ella,,Dodamgolla,71B,දොඩම්ගොල්ල,,,,,,,,,,6.83661,81.11687
Other,OTHER,NBRO/LRRMD-BDL/BDU/ELLA/LI/21/0441,BDU210463,Badulla,Ella,,Dowa,69D,"ගුරු ගම්මාන, උඩ කොටස, දෙමෝදර",,,,,,,,,,6.894363,81.048301
Other,OTHER,NBRO/LRRMD-BDL/BDU/ELLA/LI/21/0442,BDU210464,Badulla,Ella,,Idamegama,68F,"හෙළගහකුඹුර, ඉඩමේගම, ඇල්ල",,,,,,,,,,6.885389,81.044225
Other,OTHER,NBRO/LRRMD-BDL/BDU/ELLA/LI/21/0443,BDU210465,Badulla,Ella,,Ballaketuwa,72B,"පාසල් මාවත, බල්ලකෙටුව",,,,,,,,,,6.863451,81.092285
Other,OTHER,NBRO/LRRMD-BDL/BDU/ELLA/LI/21/0444,BDU210466,Badulla,Ella,,Newberg,68J,"අංක 04, සෙවනගල, හිඹිලියගොල්ල, ඇල්ල",,,,,,,,,,6.868466,81.067992
Other,OTHER,NBRO/LRRMD-BDL/BDU/ELLA/LI/21/0446,BDU210468,Badulla,Ella,,Dowa,69D,"අංක 11, ඌව දික්අරාව, බදුල්ල පාර, බණ්ඩාරවෙල",,,,,,,,,,6.845191,81.011062
Other,OTHER,NBRO/LRRMD-BDL/BDU/ELLA/LI/21/0448,BDU210470,Badulla,Ella,,Dowa,69D,"309 A, අළුත්ගම, බිදුණුවැව, බණ්ඩාරවෙල",,,,,,,,,,6.847245,81.008503
Other,OTHER,NBRO/LRRMD-BDL/BDU/ELLA/LI/21/0449,BDU210471,Badulla,Ella,,Medawela West,72G,"පාසල අසළ, නාවෙලගම, බල්ලෙකැටුව",,,,,,,,,,6.883432,81.081581
Other,OTHER,NBRO/LRRMD-BDL/BDU/ELLA/LI/21/0450,BDU210472,Badulla,Ella,,Kirinda,68D,"කන්දෙ වත්ත, වලස්බැද්ද, දෙමෝදර",,,,,,,,,,6.897783,81.042354
Other,OTHER,NBRO/LRRMD-BDL/BDU/ELLA/LI/21/0451,BDU210473,Badulla,Ella,,Piyarapandowa,68H,"චෙල්සි වත්ත, උඩ කොටස, බණ්ඩාරවෙල",,,,,,,,,,6.887492,81.000402
Other,OTHER,NBRO/LRRMD-BDL/BDU/ELLA/LI/21/0452,BDU210474,Badulla,Ella,,Heeloya,69B,"හොරඩිය ගොල්ල, උඩුකුබල්වෙල, ඇල්ල",,,,,,,,,,6.858932,81.024683
Other,OTHER,NBRO/LRRMD-BDL/BDU/ELLA/LI/21/0453,BDU210475,Badulla,Ella,,Rawanaella,69F,"ගල් අරාව, මහගෙදර, ඇල්ල",,,,,,,,,,6.865765,81.046952
Other,OTHER,NBRO/LRRMD-BDL/BDU/ELLA/LI/21/0454,BDU210476,Badulla,Ella,,Kithal Elle,69E,"අළුත් ගෙදර, අස්වැද්දුම, කිතල් ඇල්ල",,,,,,,,,,6.858371,81.0392182
Other,OTHER,NBRO/LRRMD-BDL/BDU/ELLA/LI/21/0455,BDU210477,Badulla,Ella,,Millagama,68G,"අංගොඩ, මිල්ල වත්ත, පියරපන්දෝව, හෙලහල්පේ",,,,,,,,,,6.889572,81.019354
Other,OTHER,NBRO/LRRMD-BDL/BDU/ELLA/LI/21/0456,BDU210478,Badulla,Ella,,Halpe,68,"ගොඩමඩිත්ත, හෙලහල්පේ",,,,,,,,,,6.893043,81.043737
Other,OTHER,NBRO/LRRMD-BDL/BDU/ELLA/LI/21/0457,BDU210479,Badulla,Ella,,Demodara,68I,"රෝහල් පාර, දෙමෝදර",,,,,,,,,,6.86414,81.095507
Other,OTHER,NBRO/LRRMD-BDL/BDU/ELLA/LI/21/0458,BDU210480,Badulla,Ella,,Demodara,68I,"රෝහල් පාර, දෙමෝදර",,,,,,,,,,6.902253,81.05708
Other,OTHER,NBRO/LRRMD-BDL/BDU/ELLA/LI/21/0461,BDU210483,Badulla,Ella,,Navulla,68A,"නාවුල්ල මධ්‍ය මහා විද්‍යාලය, නාවුල්ල",,,,,,,,,,6.896465,81.061928
Other,OTHER,NBRO/LRRMD-BDL/BDU/ELLA/LI/21/0462,BDU210484,Badulla,Ella,,Kithal Elle,69E,කිතල්ඇල්ල ප්‍රධාන මාර්ගයේ සිට - දුම්රියපොළ මාර්ගය,,,,,,,,,,6.858348,81.03832
Other,OTHER,NBRO/LRRMD-BDL/BDU/SORANA/LI/21/0471,BDU210493,Badulla,Soranathota,,Egodawela,24,"දෙමටකැටිය, එගොඩවෙල, බදුල්ල",,,,,,,,,,7.066216,81.069342
Other,OTHER,NBRO/LRRMD-BDL/BDU/SORANA/LI/21/0472,BDU210494,Badulla,Soranathota,,Kirioruwa,27,"දික්හේන, කිරිඔරුව, කන්දෙගෙදර",,,,,,,,,,7.011368,81.037296
Other,OTHER,NBRO/LRRMD-BDL/BDU/SORANA/LI/21/0476,BDU210498,Badulla,Soranathota,,Ambagasdowa,25C,"අඹගහයට ගෙදර, 6 කණුව, ගොවිපළගම, තල්දෙන",,,,,,,,,,7.0394,81.067296
Other,OTHER,NBRO/LRRMD-BDL/BDU/SORANA/LI/21/0477,BDU210499,Badulla,Soranathota,,Ambagasdowa,25C,"බටුයාය, අඹගස්දෝව, එගොඩවෙල, බදුල්ල",,,,,,,,,,7.050552,81.06795
Other,OTHER,NBRO/LRRMD-BDL/BDU/SORANA/LI/21/0478,BDU210500,Badulla,Soranathota,,Wattekele,24A,"පල්ලේපිටියේ ගෙදර, වත්තේකැලේ, එගොඩවෙල, බදුල්ල",,,,,,,,,,7.058529,81.077283
Other,OTHER,NBRO/LRRMD-BDL/BDU/SORANA/LI/21/0479,BDU210501,Badulla,Soranathota,,Kohovila,26,"කොහොවිල කඳුර උප තැපැල් කාර්යාලය, නෙල්ලිගහමඩිත්ත, බතලවත්ත, බදුල්ල",,,,,,,,,,7.003933,81.042147
Other,OTHER,NBRO/LRRMD-BDL/BDU/SORANA/LI/21/0480,BDU210502,Badulla,Soranathota,,Kithulwattagama,26B,"ලියදිපිටිය, ගුණසිරි නිවස, කොහොවිල, සොරණාතොට.",,,,,,,,,,7.011182,81.039537
Other,OTHER,NBRO/LRRMD-BDL/BDU/SORANA/LI/21/0483,BDU210505,Badulla,Soranathota,,Dikpitiya,34A,"කීණහෙලගම, තැන්නපංගුව, දික්පිටිය, සොරණාතොට",,,,,,,,,,7.079885,81.010559
Other,OTHER,NBRO/LRRMD-BDL/BDU/SORANA/LI/21/0484,BDU210506,Badulla,Soranathota,,Soranathota,28,"සොරණාතොට ග්‍රාමීය ක්‍රීඩාංගනය, සොරණාතොට",,,,,,,,,,7.022999,81.045601
Other,OTHER,NBRO/LRRMD-BDL/BDU/SORANA/LI/21/0485,BDU210507,Badulla,Soranathota,,Soranathota,28,"මධුසංක, 4 කණුව, තිඹිරිගස්පිටිය, බදුල්ල",,,,,,,,,,7.028927,81.05677
Other,OTHER,NBRO/LRRMD-BDL/BDU/SORANA/LI/21/0486,BDU210508,Badulla,Soranathota,,Kandegedara Town,27A,"සාර්නියා දෙමළ විද්‍යාලය, කන්දේගෙදර, සොරණාතොට",,,,,,,,,,7.011353,81.020284
Other,OTHER,NBRO/LRRMD-BDL/BDU/SORANA/LI/21/0487,BDU210509,Badulla,Soranathota,,Boliyadda,23A,"බෝලියද්ද ක්‍රීඩාංගනය, සොරණාතොට",,,,,,,,,,7.067854,81.051868
Other,OTHER,NBRO/LRRMD-BDL/BDU/SORANA/LI/21/0488,BDU210510,Badulla,Soranathota,,Egodawela,24,"අට්ටාලගොඩ, එගොඩවෙල, බදුල්ල",,,,,,,,,,7.066884,81.077261
Other,OTHER,NBRO/LRRMD-BDL/BDU/SORANA/LI/21/0489,BDU210511,Badulla,Soranathota,,Pallekanda,29B,"හික්ගොල්ලේගෙදර, කීරියගොල්ල, තැන්නයොය, බුදුගේකන්ද",,,,,,,,,,7.0700029,81.031149
Other,OTHER,NBRO/LRRMD-BDL/BDU/SORANA/LI/21/0490,BDU210512,Badulla,Soranathota,,Kirioruwa,27,"ඩොට්ලන්ඩ්ස් වත්ත, කිරිඔරුව, කන්දෙගෙදර",,,,,,,,,,7.012321,81.022067
Other,OTHER,NBRO/LRRMD-BDL/BDU/SORANA/LI/21/0491,BDU210513,Badulla,Soranathota,,Pussellakanda,28A,"එගොඩපතන, කොහාන, පුස්සැල්ලාකන්ද, පතනවත්ත",,,,,,,,,,7.054226,81.045967
Other,OTHER,NBRO/LRRMD-BDL/BDU/SORANA/LI/21/0492,BDU210514,Badulla,Soranathota,,Budugekanda,29A,"කිඹුල්නෑව, දෙහිලන්ද, බුදුගේකන්ද",,,,,,,,,,7.066356,81.032084
Other,OTHER,NBRO/LRRMD-BDL/BDU/SORANA/LI/21/0493,BDU210515,Badulla,Soranathota,,Kohovila,26,"කොහොවිලකඳුර උප තැපැල් කාර්යාලය බාරේ, අළුගොල්ල, බදුල්ල",,,,,,,,,,7.004663,81.0470053
Other,OTHER,NBRO/LRRMD-BDL/BDU/SORANA/LI/21/0494,BDU210516,Badulla,Soranathota,,Pussellawa,23AA,"8 කණුව, බෝලියද්ද, තල්දෙන",,,,,,,,,,7.0654961,81.05314247
Other,OTHER,NBRO/LRRMD-BDL/BDU/SORANA/LI/21/0495,BDU210517,Badulla,Soranathota,,Kohovila,26,"නෙත්මිණි නිවස, පිටපොල හංදිය, රිදීපාන, බදුල්ල",,,,,,,,,,7.011351,81.050352
Other,OTHER,NBRO/LRRMD-BDL/BDU/SORANA/LI/21/0496,BDU210518,Badulla,Soranathota,,Kosgolls,25D,"කීණගහකඳුර, කොස්ගොල්ල, තිඹිරිගස්පිටිය, බදුල්ල",,,,,,,,,,7.030724,81.077144
Other,OTHER,NBRO/LRRMD-BDL/BDU/SORANA/LI/21/0497,BDU210519,Badulla,Soranathota,,Kosgolls,25D,"තිඹිරිගස්පිටිය, උඩගම, කොස්ගොල්ල, බදුල්ල",,,,,,,,,,7.027571,81.076868
Other,OTHER,NBRO/LRRMD-BDL/BDU/SORANA/LI/21/0498,BDU210520,Badulla,Soranathota,,Yatilellagama,26A,"අඹගහඔය, මීගහවෙල, සොරණාතොට",,,,,,,,,,7.033099,81.058147
Other,OTHER,NBRO/LRRMD-BDL/BDU/SORANA/LI/21/0499,BDU210521,Badulla,Soranathota,,Kuttiyagolla,25A,"ඉහළ දෙහිලන්ද, කුට්ටියගොල්ල, බදුල්ල",,,,,,,,,,7.029722,81.10133
Other,OTHER,NBRO/LRRMD-BDL/BDU/SORANA/LI/21/0500,BDU210522,Badulla,Soranathota,,Soranathota,28,බදුල්ල - මහියංගනය මාර්ගය,,,,,,,,,,7.0136251,81.055608
Other,OTHER,NBRO/LRRMD-BDL/BDU/SORANA/LI/21/0501,BDU210523,Badulla,Soranathota,,Kohovila,26,"අම්පිටියේගෙදර, කුට්ටියගොල්ල, බදුල්ල",,,,,,,,,,7.004663,81.0470053
Other,OTHER,NBRO/LRRMD-BDL/BDU/SORANA/LI/21/0502,BDU210524,Badulla,Soranathota,,Angoda,25,"කපුගස්වත්ත, වෑකඩ, කැන්දගොල්ල",,,,,,,,,,7.022946,81.082902
Other,OTHER,NBRO/LRRMD-BDL/BDU/SORANA/LI/21/0503,BDU210525,Badulla,Soranathota,,Ambagasdowa,25C,"හිරිතලගල මාර්ගය, අඹගස්දෝව, සොරණාතොට",,,,,,,,,,7.0546071,81.085846
Other,OTHER,NBRO/LRRMD-BDL/BDU/SORANA/LI/21/0504,BDU210526,Badulla,Soranathota,,Ketakellagama,25B,"උඩතැන්න, කැටකෑල්ල, කුට්ටියගොල්ල",,,,,,,,,,7.039527,81.083953
Other,OTHER,NBRO/LRRMD-BDL/BDU/SORANA/LI/21/0506,BDU210528,Badulla,Soranathota,,Kuttiyagolla,25A,"ඉහළදෙහිලන්ද, කුට්ටියගොල්ල",,,,,,,,,,7.02203,81.101009
Other,OTHER,NBRO/LRRMD-BDL/BDU/SORANA/LI/21/0508,BDU210530,Badulla,Soranathota,,Egodawela,24,"ශ්‍රී මලියදේව දහම් පාසල, එගොඩවෙල, සොරණාතොට",,,,,,,,,,7.051042,81.0673796
Other,OTHER,NBRO/LRRMD-BDL/BDU/SORANA/LI/21/0509,BDU210531,Badulla,Soranathota,,Kohovila,26,"සිරිසුමන දහම් පාසල, උඩකොහොවිල, හාලිඇල",,,,,,,,,,6.98993,81.036835
Other,OTHER,NBRO/LRRMD-BDL/BDU/SORANA/LI/21/0510,BDU210532,Badulla,Soranathota,,Rideepana,26C,"26, රිදීපාන, බදුල්ල",,,,,,,,,,7.0178438,81.05493041
Other,OTHER,NBRO/LRRMD-BDL/BDU/SORANA/LI/21/0511,BDU210533,Badulla,Soranathota,,Kohovila,26,"ශ්‍රී බෝධිරුක්ඛාරාම විහාරස්ථානය, කොහොවිල, සොරණාතොට",,,,,,,,,,7.015853,81.043271
Other,OTHER,NBRO/LRRMD-BDL/BDU/SORANA/LI/21/0512,BDU210534,Badulla,Soranathota,,Wattekele,24A,"තැන්නේයා‍යේ මාර්ගය, වත්තේකැලේ, සොරණාතොට",,,,,,,,,,7.057765,81.07587
Other,OTHER,NBRO/LRRMD-BDL/BDU/SORANA/LI/21/0513,BDU210535,Badulla,Soranathota,,Kandegedara Town,27A,"සුදර්ශනාරාම විහාරස්ථානය, කන්දේගෙදර, සොරණාතොට",,,,,,,,,,7.019414,81.020752
Other,OTHER,NBRO/LRRMD-BDL/BDU/SORANA/LI/21/0514,BDU210536,Badulla,Soranathota,,Pussellawa,23AA,"තල්දෙන රම්‍යාරාම විහාරය, පුස්සැල්ලාව, සොරණාතොට",,,,,,,,,,7.056977,81.057858
Other,OTHER,NBRO/LRRMD-BDL/BDU/SORANA/LI/21/0515,BDU210537,Badulla,Soranathota,,Kithulwattagama,26B,"වතුපිටිය, කොහොවිල, සොරණාතොට",,,,,,,,,,7.017172,81.039287
Other,OTHER,NBRO/LRRMD-BDL/BDU/SORANA/LI/21/0516,BDU210538,Badulla,Soranathota,,Kirioruwa,27,"මුත්තෙට්ටුවහේන, කිරිඔරුව",,,,,,,,,,7.011001,81.035654
Other,OTHER,NBRO/LRRMD-BDL/BDU/SORANA/LI/21/0517,BDU210539,Badulla,Soranathota,,Dikpitiya,34A,"ගන්නිලේගම, තැන්නේපංගුව",,,,,,,,,,7.065052,81.007497
Other,OTHER,NBRO/LRRMD-BDL/BDU/SORANA/LI/21/0518,BDU210540,Badulla,Soranathota,,Kandegedara Town,27A,"නිලමල්පොත, කන්දෙගෙදර",,,,,,,,,,7.0134275,81.019832
Other,OTHER,NBRO/LRRMD-BDL/BDU/SORANA/LI/21/0519,BDU210541,Badulla,Soranathota,,Idamegama,27B,"තිළිණ නිවස, බෝගහ ඇල්ල, කන්දේගෙදර",,,,,,,,,,7.023268,81.021996
Other,OTHER,NBRO/LRRMD-BDL/BDU/SORANA/LI/21/0520,BDU210542,Badulla,Soranathota,,Kosgolls,25D,"කලබටුවාව, කොස්ගොල්ල",,,,,,,,,,7.024163,81.0706433
Other,OTHER,NBRO/LRRMD-BDL/BDU/SORANA/LI/21/0521,BDU210543,Badulla,Soranathota,,Pussellawa,23AA,"පින්නගොල්ල කෘෂි මාර්ගය, පුස්සැල්ලාව, සොරණාතොට",,,,,,,,,,7.063288,81.0585301
Other,OTHER,NBRO/LRRMD-BDL/BDU/SORANA/LI/21/0522,BDU210544,Badulla,Soranathota,,Kohovila,26,"ශ්‍රී බෝධිරුක්ඛාරාම විහාරස්ථානය, කොහොවිල, සොරණාතොට",,,,,,,,,,7.015853,81.043271
Other,OTHER,NBRO/LRRMD-BDL/BDU/SORANA/LI/21/0523,BDU210545,Badulla,Soranathota,,Pallekanda,29B,"කැළුම් සෙවන, පල්ලේකන්ද, තල්දෙන",,,,,,,,,,7.077274,81.032822
Other,OTHER,NBRO/LRRMD-BDL/BDU/SORANA/LI/21/0524,BDU210546,Badulla,Soranathota,,Soranathota,28,"ගල්කොටුවේවත්ත, කොළොන්ගහමඩිත්ත, සොරණාතොට",,,,,,,,,,7.037634,81.045476
Other,OTHER,NBRO/LRRMD-BDL/BDU/SORANA/LI/21/0525,BDU210547,Badulla,Soranathota,,Ambagasdowa,25C,"බටුයාය, අඹගස්දෝව, එගොඩවෙල",,,,,,,,,,7.049919,81.068383
Other,OTHER,NBRO/LRRMD-BDL/BDU/SORANA/LI/21/0526,BDU210548,Badulla,Soranathota,,Wattekele,24A,"අලුත්වත්ත, එගොඩවෙල, බදුල්ල",,,,,,,,,,7.060102,81.077084
Other,OTHER,NBRO/LRRMD-BDL/BDU/SORANA/LI/21/0527,BDU210549,Badulla,Soranathota,,Pathanegedara,24B,"කහටේගාව ගෙදර, පතනේගෙදර, එගොඩවෙල",,,,,,,,,,7.082706,81.066317
Other,OTHER,NBRO/LRRMD-BDL/BDU/SORANA/LI/21/0528,BDU210550,Badulla,Soranathota,,Pussellawa,23AA,"6 කණුව, පුස්සැල්ලාව, තල්දෙන",,,,,,,,,,7.082706,81.066317
Other,OTHER,NBRO/LRRMD-BDL/BDU/SORANA/LI/21/0529,BDU210551,Badulla,Soranathota,,Moragolla,29,"අලුත්ගෙදර, මොරගොල්ල, තැන්නේ පංගුව",,,,,,,,,,7.068492,81.019451
Other,OTHER,NBRO/LRRMD-BDL/BDU/SORANA/LI/21/0530,BDU210552,Badulla,Soranathota,,Idamepanguwa,34,"කුසුමසිරි, ඇස්වැද්දුම, තැන්නේපංගුව",,,,,,,,,,7.0688166,81.018702
Other,OTHER,NBRO/LRRMD-BDL/BDU/SORANA/LI/21/0531,BDU210553,Badulla,Soranathota,,Moragolla,29,"අබේසිරි නිවස, උඩවෙල, පතනවත්ත",,,,,,,,,,7.051544,81.030315
Other,OTHER,NBRO/LRRMD-BDL/BDU/SORANA/LI/21/0535,BDU210557,Badulla,Soranathota,,Angoda,25,"අංගොඩ - වැවතැන්න - නාගොල්ල මාර්ගය, සොරණාතොට",,,,,,,,,,7.0223265,81.086252
Other,OTHER,NBRO/LRRMD-BDL/BDU/SORANA/LI/21/0536,BDU210558,Badulla,Soranathota,,Ketakellagama,25B,"උඩකන්ද - පල්ලේපතන මාර්ගය, කැටකෑල්ල, සොරණාතොට",,,,,,,,,,7.044869,81.093269
Other,OTHER,NBRO/LRRMD-BDL/BDU/UVA-PA/LI/21/0542,BDU210564,Badulla,Uva-Paranagama,,Yalagamuwa,37E,"R.M. සංජීව අනුර කුමාර, යාලගමුව",,,,,,,,,,7.04501,80.956504
Other,OTHER,NBRO/LRRMD-BDL/BDU/UVA-PA/LI/21/0543,BDU210565,Badulla,Uva-Paranagama,,Pitiyakumbura,39C,"සිසිල්පැන් කඳුර, බඹරපාන",,,,,,,,,,6.969592,80.952655
Other,OTHER,NBRO/LRRMD-BDL/BDU/UVA-PA/LI/21/0544,BDU210566,Badulla,Uva-Paranagama,,Koradekumbura,44C,"කොරඳේකුඹුර, ඌවපරණගම",,,,,,,,,,6.954474,80.863265
Other,OTHER,NBRO/LRRMD-BDL/BDU/UVA-PA/LI/21/0545,BDU210567,Badulla,Uva-Paranagama,,Uduhawara,44,"උඩුහාවර, ඌවපරණගම",,,,,,,,,,6.952216,80.861
Other,OTHER,NBRO/LRRMD-BDL/BDU/UVA-PA/LI/21/0546,BDU210568,Badulla,Uva-Paranagama,,Malapolagama,44A,"මලපොලගම, වී තුඩ, උඩුහාවර",,,,,,,,,,6.957615,80.849538
Other,OTHER,NBRO/LRRMD-BDL/BDU/UVA-PA/LI/21/0547,BDU210569,Badulla,Uva-Paranagama,,Perawella,46,"අමුණගස්තැන්න, පේරවල්ල",,,,,,,,,,6.9413621,80.833344
Other,OTHER,NBRO/LRRMD-BDL/BDU/UVA-PA/LI/21/0553,BDU210575,Badulla,Uva-Paranagama,,Kerklis,38E,කර්ක්ලීස් වතුයාය,,,,,,,,,,6.998144,80.951449
Other,OTHER,NBRO/LRRMD-BDL/BDU/UVA-PA/LI/21/0557,BDU210579,Badulla,Uva-Paranagama,,Perawella,46,"පේරවැල්ල, ඌව පරණගම",,,,,,,,,,6.944282,80.837258
Other,OTHER,NBRO/LRRMD-BDL/BDU/UVA-PA/LI/21/0563,BDU210585,Badulla,Uva-Paranagama,,Weliulla,54A,"ලොට් අංක 306, වැලිඋල්ල, ඌවපරණගම",,,,,,,,,,6.95759,80.929134
Other,OTHER,NBRO/LRRMD-BDL/BDU/UVA-PA/LI/21/0565,BDU210587,Badulla,Uva-Paranagama,,Weliulla,54A,"438 / 297 අංක දරණ උස්ඉන්න, වැලිඋල්ල",,,,,,,,,,6.954849,80.945674
Other,OTHER,NBRO/LRRMD-BDL/BDU/MEEGAH/LI/21/0575,BDU210597,Badulla,Meegahakivula,,Kalugahakandura,16,"වෙන්දේසියාය ශ්‍රී සද්ධානන්ද දහම් පාසල, කලුගහකඳුර, මීගහකිවුල",,,,,,,,,,7.123233,81.087847
Other,OTHER,NBRO/LRRMD-BDL/BDU/MEEGAH/LI/21/0576,BDU210598,Badulla,Meegahakivula,,Komarika,22F,"කණුගොල්ල සිරි සුමනාරාම විහාරස්ථානය, කෝමාරික, මීගහකිවුල",,,,,,,,,,7.127591,81.076591
Other,OTHER,NBRO/LRRMD-BDL/BDU/KANDAK/LI/21/0578,BDU210600,Badulla,Kandaketiya,,Bokanoruwa,35B,"ග්‍රාමීය ක්‍රීඩා පිටිය, බොකන්ඔරුව, කන්දකැටිය",,,,,,,,,,7.041246,80.994895
Other,OTHER,NBRO/LRRMD-BDL/BDU/KANDAK/LI/21/0579,BDU210601,Badulla,Kandaketiya,,Wasanagama,32D,"ග්‍රැවල් වංගුව, වාසනාගම, කන්දකැටිය",,,,,,,,,,7.06716,80.969901
Other,OTHER,NBRO/LRRMD-BDL/BDU/KANDAK/LI/21/0580,BDU210602,Badulla,Kandaketiya,,Bokanoruwa,35B,"බොකන්ඔරුව, කන්දකැටිය",,,,,,,,,,7.042745,80.989855
Other,OTHER,NBRO/LRRMD-BDL/BDU/LUNUGA/LI/21/0583,BDU210605,Badulla,Lunugala,,Metigahathenne,18,"මැටිගහතැන්න මහ විද්‍යාලය, ලුණුගල",,,,,,,,,,7.07717,81.147416
Other,OTHER,NBRO/LRRMD-BDL/BDU/LUNUGA/LI/21/0584,BDU210606,Badulla,Lunugala,,Udapanguwa,94,"උඩපංගුව, පුරාණ ලුණුගල",,,,,,,,,,7.057756,81.199089
Other,OTHER,NBRO/LRRMD-BDL/BDU/LUNUGA/LI/21/0585,BDU210607,Badulla,Lunugala,,Lunugala Town,94A,"ජයතිලක ක්‍රීඩාංගනය, ලුණුගල",,,,,,,,,,7.040728,81.201332
Other,OTHER,NBRO/LRRMD-BDL/BDU/LUNUGA/LI/21/0589,BDU210611,Badulla,Lunugala,,Lunugala Town,94A,"සිල්ක්ෆාම් - පත්තිනිකුඹුර අතුරු මාර්ගය, ලුණුගල",,,,,,,,,,7.038987,81.199503
Other,OTHER,NBRO/LRRMD-BDL/BDU/LUNUGA/LI/21/0593,BDU210615,Badulla,Lunugala,,Janathapura North,95A,"ලුණුගල - කුරුවිගොල්ල මාර්ගයේ දළු මඩුව, ජනතාපුර උතුර",,,,,,,,,,7.062425,81.178646
Other,OTHER,NBRO/LRRMD-BDL/BDU/LUNUGA/LI/21/0595,BDU210617,Badulla,Lunugala,,Metigahathenne,18,"කොස්වත්ත - එගොඩවෙල මාර්ගය, මැටිගහතැන්න",,,,,,,,,,7.076597,81.149673
Other,OTHER,NBRO/LRRMD-BDL/BDU/LUNUGA/LI/21/0596,BDU210618,Badulla,Lunugala,,Janathapura South,95B,"කොස්වත්ත - කිවුලේගම කෘෂි මාර්ගය, ජනතාපුර දකුණ",,,,,,,,,,7.040668,81.199072
Other,OTHER,NBRO/LRRMD-BDL/BDU/BADULL/LI/21/0607,BDU210629,Badulla,Badulla,,Hindagoda,78K,"රන්තරු ග්‍රාමීය ක්‍රීඩාංගනය, හිඳගොඩ, හංවැල්ල",,,,,,,,,,6.98928,81.067347
Other,OTHER,NBRO/LRRMD-BDL/BDU/BADULL/LI/21/0608,BDU210630,Badulla,Badulla,,Katupelella,78H,"51/8A, කටුපැලැල්ලගම, බදුල්ල",,,,,,,,,,6.9997912,81.0374296
Other,OTHER,NBRO/LRRMD-BDL/BDU/BADULL/LI/21/0609,BDU210631,Badulla,Badulla,,Katupelella,78H,"51/8, කටුපැලැල්ලගම, බදුල්ල",,,,,,,,,,6.987879,81.04343849
Other,OTHER,NBRO/LRRMD-BDL/BDU/BADULL/LI/21/0610,BDU210632,Badulla,Badulla,,Katupelella,78H,"58/14, ශ්‍රමදාන පාර, උඩ කොටස, කටුපැලැල්ලගම, බදුල්ල.",,,,,,,,,,6.98627027,81.0418165
Other,OTHER,NBRO/LRRMD-BDL/BDU/BADULL/LI/21/0611,BDU210633,Badulla,Badulla,,Katupelella,78H,"අංක කේ, ඉළුක්කෑල්ල, කටුපැලැල්ලගම, බදුල්ල.",,,,,,,,,,6.99042531,81.04642068
Other,OTHER,NBRO/LRRMD-BDL/BDU/BADULL/LI/21/0612,BDU210634,Badulla,Badulla,,Katupelella,78H,"අංක 18, කටුපැලැල්ලගම, ඉළුක්කෑල්ල, බදුල්ල",,,,,,,,,,6.9903053,81.046570222
Other,OTHER,NBRO/LRRMD-BDL/BDU/BADULL/LI/21/0613,BDU210635,Badulla,Badulla,,Katupelella,78H,"අංක 12/14, ඉලුක්තැන්න, කටුපැලැල්ලගම, බදුල්ල",,,,,,,,,,6.990746,81.046771
Other,OTHER,NBRO/LRRMD-BDL/BDU/BADULL/LI/21/0619,BDU210641,Badulla,Badulla,,Badulla West,78C,"අංක 25/135, උග්ගල්පොත්ත, අළුගොල්ල පටුමග, බදුල්ල",,,,,,,,,,6.996719,81.0501593
Other,OTHER,NBRO/LRRMD-BDL/BDU/BADULL/LI/21/0622,BDU210644,Badulla,Badulla,,Rambukpotha,80,"ග්‍රාමීය ක්‍රීඩාංගනය , බදුලුසිරිගම , රඹුක්පොත",,,,,,,,,,6.981837,81.0748358
Other,OTHER,NBRO/LRRMD-BDL/BDU/BADULL/LI/21/0623,BDU210645,Badulla,Badulla,,Hingurugamuwa,78E,"ශ්‍රී ධම්මාරාම විහාරස්ථානය හා විපස්සනා භාවනා මධ්‍යස්ථානය, වීරියපුර, හිඟුරුගමුව",,,,,,,,,,6.97302,81.0743
Other,OTHER,NBRO/LRRMD-BDL/BDU/BADULL/LI/21/0624,BDU210646,Badulla,Badulla,,Hingurugamuwa,78E,"ලිඳමුල්ල විහාරස්ථානය, හිඟුරුගමුව, බදුල්ල",,,,,,,,,,6.978778,81.069701
Other,OTHER,NBRO/LRRMD-BDL/BDU/BADULL/LI/21/0625,BDU210647,Badulla,Badulla,,Badulla North,78A,"3/1, ඔලියමණ්ඩිය,බදුල්ල",,,,,,,,,,7.007452,81.055321
Other,OTHER,NBRO/LRRMD-BDL/BDU/BADULL/LI/21/0628,BDU210650,Badulla,Badulla,,Damanwara,80F,දමන්වර කූඩලුමුල්ල මාර්ගයේ ජල උල්පත,,,,,,,,,,7.004412,81.085807
Other,OTHER,NBRO/LRRMD-BDL/BDU/BADULL/LI/21/0629,BDU210651,Badulla,Badulla,,Hegoda,79,"89, පියන්ගස් ඇල්ල, නෙළුම්ගම, බදුල්ල",,,,,,,,,,6.989732,81.07342
Other,OTHER,NBRO/LRRMD-BDL/BDU/BADULL/LI/21/0630,BDU210652,Badulla,Badulla,,Hegoda,79,"පියන්ගස් ඇල්ල, නෙළුම්ගම, බදුල්ල",,,,,,,,,,6.990229,81.0735938
Other,OTHER,NBRO/LRRMD-BDL/BDU/BADULL/LI/21/0631,BDU210653,Badulla,Badulla,,Hegoda,79,"77 / 1, පියන්ගස් ඇල්ල, හම්බාවෙල, බදුල්ල",,,,,,,,,,6.987848,81.07346
Other,OTHER,NBRO/LRRMD-BDL/BDU/BADULL/LI/21/0632,BDU210654,Badulla,Badulla,,Hegoda,79,"පියන්ගස් ඇල්ල, නෙළුම්ගම, බදුල්ල",,,,,,,,,,6.989512,81.073396
Other,OTHER,NBRO/LRRMD-BDL/BDU/BADULL/LI/21/0634,BDU210656,Badulla,Badulla,,Hegoda,79,"71, හෙළඅරාව, හම්බාවෙල, බදුල්ල",,,,,,,,,,6.986176,81.072248
Other,OTHER,NBRO/LRRMD-BDL/BDU/BADULL/LI/21/0635,BDU210657,Badulla,Badulla,,Hegoda,79,"E 77 / 1, පියන්ගස් ඇල්ල, හම්බාවෙල, බදුල්ල",,,,,,,,,,6.9860997,81.073099
Other,OTHER,NBRO/LRRMD-BDL/BDU/BADULL/LI/21/0636,BDU210658,Badulla,Badulla,,Hegoda,79,"E 77 / 1, පියන්ගස් ඇල්ල, හම්බාවෙල, බදුල්ල",,,,,,,,,,6.985961,81.072904
Other,OTHER,NBRO/LRRMD-BDL/BDU/BADULL/LI/21/0637,BDU210659,Badulla,Badulla,,Hegoda,79,"E 77 / 1, පියන්ගස් ඇල්ල, හම්බාවෙල, බදුල්ල",,,,,,,,,,6.98623,81.072777
Other,OTHER,NBRO/LRRMD-BDL/BDU/BADULL/LI/21/0638,BDU210660,Badulla,Badulla,,Hegoda,79,"E 77, පියන්ගස් ඇල්ල, හම්බාවෙල, බදුල්ල",,,,,,,,,,6.98623,81.072777
Other,OTHER,NBRO/LRRMD-BDL/BDU/BADULL/LI/21/0641,BDU210663,Badulla,Badulla,,Badulla North,78A,"අලියාගලපාර අසල, බදුල්ල උතුර",,,,,,,,,,7.00607,81.054066
Other,OTHER,NBRO/LRRMD-BDL/BDU/BADULL/LI/21/0642,BDU210664,Badulla,Badulla,,Badulla West,78C,"ඉහල අලුත්වෙලගම අතුරු මාර්ගය , බදුල්ල-බටහිර",,,,,,,,,,6.9943685,81.048353
Other,OTHER,NBRO/LRRMD-BDL/BDU/BADULL/LI/21/0643,BDU210665,Badulla,Badulla,,Badulla West,78C,"අළුත්වෙලගම කපිල කඩය, අළුගොල්ල",,,,,,,,,,6.997295,81.047373
Other,OTHER,NBRO/LRRMD-BDL/BDU/BADULL/LI/21/0644,BDU210666,Badulla,Badulla,,Medapathana,78M,"කුකුල් අරාව මාර්ගය, මැදපතන, බදුල්ල",,,,,,,,,,7.009165,81.057499
Other,OTHER,NBRO/LRRMD-BDL/BDU/BADULL/LI/21/0645,BDU210667,Badulla,Badulla,,Katupelella,78H,"යෙල්වටන්වත්ත පාර, කටුපැලැල්ල",,,,,,,,,,6.98851,81.041923
Other,OTHER,NBRO/LRRMD-BDL/BDU/BADULL/LI/21/0646,BDU210668,Badulla,Badulla,,Badulla North,78A,"ඔළියමණ්ඩිය, බදුල්ල උතුර",,,,,,,,,,7.00525,81.054727
Other,OTHER,NBRO/LRRMD-BDL/BDU/BADULL/LI/21/0647,BDU210669,Badulla,Badulla,,Badulla West,78C,"උග්ගල්පොත්ත, බදුල්ල බටහිර",,,,,,,,,,6.996389,81.049648
Other,OTHER,NBRO/LRRMD-BDL/BDU/BADULL/LI/21/0648,BDU210670,Badulla,Badulla,,Kailagoda,78G,"ගල්පිල්ල, රත්පහ, කයිලගොඩ, බදුල්ල",,,,,,,,,,7.004112,81.058458
Other,OTHER,NBRO/LRRMD-BDL/BDU/BADULL/LI/21/0649,BDU210671,Badulla,Badulla,,Badulla Central,78D,"නඩුකාරකන්ද, බදුල්ල මධ්‍යම",,,,,,,,,,6.985478,81.058458
Other,OTHER,NBRO/LRRMD-BDL/BDU/BADULL/LI/21/0650,BDU210672,Badulla,Badulla,,Pitawelagama,78L,"පිටවෙලගම, බදුල්ල",,,,,,,,,,7.004937,81.051874
Other,OTHER,NBRO/LRRMD-BDL/BDU/BANDAR/LI/21/0659,BDU210682,Badulla,Bandarawela,,Mathatilla,67J,"අරළුගහපතන, උඩඅරාව, මිරහවත්ත",,,,,,,,,,6.860371,80.961085
Other,OTHER,NBRO/LRRMD-BDL/BDU/BADULL/LI/22/0004,BDU220004,Badulla,Badulla,,Badulla North,78A,අංක 18‚ කරුණාපුර‚ බදුල්ල,,,,,,,,,,7.005839,81.054028
Other,OTHER,NBRO/LRRMD-BDL/BDU/BADULL/LI/22/0005,BDU220005,Badulla,Badulla,,Badulla North,78A,අංක 103‚ කරුණාපුර‚ බදුල්ල,,,,,,,,,,7.005562,81.054096
Other,OTHER,NBRO/LRRMD-BDL/BDU/BADULL/LI/22/0006,BDU220006,Badulla,Badulla,,Badulla North,78A,අංක 107‚ කරුණාපුර‚ බදුල්ල,,,,,,,,,,7.005563,81.054096
Other,OTHER,NBRO/LRRMD-BDL/BDU/BADULL/LI/22/0007,BDU220007,Badulla,Badulla,,Badulla North,78A,අංක 19 / 34‚ කරුණාපුර‚ බදුල්ල,,,,,,,,,,7.005422,81.054439
Other,OTHER,NBRO/LRRMD-BDL/BDU/BADULL/LI/22/0009,BDU220009,Badulla,Badulla,,Badulla North,78A,"අංක 18 / 4, කරුණාපුර, බදුල්ල",,,,,,,,,,7.00536,81.053222
Other,OTHER,NBRO/LRRMD-BDL/BDU/BADULL/LI/22/0011,BDU220010,Badulla,Badulla,,Badulla North,78A,"අංක 11 / 4C, කරුණාපුර, බදුල්ල",,,,,,,,,,7.004893,81.053804
Other,OTHER,NBRO/LRRMD-BDL/BDU/BADULL/LI/22/0013,BDU220012,Badulla,Badulla,,Badulla North,78A,"අංක 36, කරුණාපුර, බදුල්ල",,,,,,,,,,7.0060367,81.05333
Other,OTHER,NBRO/LRRMD-BDL/BDU/BADULL/LI/22/0014,BDU220013,Badulla,Badulla,,Badulla North,78A,"අංක 53, ගල්කන්ද පාර, කරුණාපුර, බදුල්ල",,,,,,,,,,7.006022,81.053341
Other,OTHER,NBRO/LRRMD-BDL/BDU/BADULL/LI/22/0015,BDU220014,Badulla,Badulla,,Badulla North,78A,"අංක 4 / 16, කරුණාපුර, බදුල්ල",,,,,,,,,,7.0056903,81.0532672
Other,OTHER,NBRO/LRRMD-BDL/BDU/BADULL/LI/22/0016,BDU220015,Badulla,Badulla,,Badulla North,78A,"අංක 22, කරුණාගම, බදුල්ල",,,,,,,,,,7.0060312,81.05328
Other,OTHER,NBRO/LRRMD-BDL/BDU/BADULL/LI/22/0017,BDU220016,Badulla,Badulla,,Badulla North,78A,"අංක 30 / 2, කරුණාගම, බදුල්ල",,,,,,,,,,7.005462,81.053211
Other,OTHER,NBRO/LRRMD-BDL/BDU/SORANA/LI/22/0018,BDU220017,Badulla,Soranathota,,Ambagasdowa,25C,"මහියංගන පාර, ගොවිපළ, තල්දෙන, බදුල්ල",,,,,,,,,,7.042062,81.066504
Other,OTHER,NBRO/LRRMD-BDL/BDU/BADULL/LI/22/0019,BDU220018,Badulla,Badulla,,Badulla North,78A,"අංක 34 / 8, කරුණාගම, බදුල්ල",,,,,,,,,,7.0056012,81.0535821
Other,OTHER,NBRO/LRRMD-BDL/BDU/SORANA/LI/22/0020,BDU220019,Badulla,Soranathota,,Ambagasdowa,25C,"ගොවිපළගම, අඹගස්දෝව",,,,,,,,,,7.041862,81.064015
Other,OTHER,NBRO/LRRMD-BDL/BDU/SORANA/LI/22/0021,BDU220020,Badulla,Soranathota,,Pallekanda,29B,"චතුරංග නිවස, ඊරියගොල්ල, පතනවත්ත, බදුල්ල",,,,,,,,,,7.067157,81.036801
Other,OTHER,NBRO/LRRMD-BDL/BDU/BADULL/LI/22/0022,BDU220021,Badulla,Badulla,,Badulla North,78A,"අංක 34 / 10, කරුණාපුර, බදුල්ල",,,,,,,,,,7.0056002,81.053574
Other,OTHER,NBRO/LRRMD-BDL/BDU/BADULL/LI/22/0023,BDU220022,Badulla,Badulla,,Badulla North,78A,"1 / 174, ගල්කන්ද, පිටවෙලගම, බදුල්ල",,,,,,,,,,7.007751,81.052068
Other,OTHER,NBRO/LRRMD-BDL/BDU/BADULL/LI/22/0024,BDU220023,Badulla,Badulla,,Badulla North,78A,"අංක 174, ගල්කන්ද, පිටවෙලගම, බදුල්ල",,,,,,,,,,7.007753,81.052073
Other,OTHER,NBRO/LRRMD-BDL/BDU/SORANA/LI/22/0025,BDU220024,Badulla,Soranathota,,Pallekanda,29B,"ඊරියගොල්ල, පතනවත්ත",,,,,,,,,,7.06723,81.036585
Other,OTHER,NBRO/LRRMD-BDL/BDU/SORANA/LI/22/0028,BDU220028,Badulla,Soranathota,,Kirioruwa,27,"වෑකඩ, කිරිඔරුව",,,,,,,,,,7.011582,81.03417
Other,OTHER,NBRO/LRRMD-BDL/BDU/SORANA/LI/22/0029,BDU220029,Badulla,Soranathota,,Kirioruwa,27,"කිරිඔරුව, කන්දේගෙදර",,,,,,,,,,7.020878,81.034218
Other,OTHER,NBRO/LRRMD-BDL/BDU/SORANA/LI/22/0030,BDU220030,Badulla,Soranathota,,Kithulwattagama,26B,"කොහොවිල, සොරණාතොට",,,,,,,,,,7.012615,81.037754
Other,OTHER,NBRO/LRRMD-BDL/BDU/SORANA/LI/22/0031,BDU220031,Badulla,Soranathota,,Idamegama,27B,"මුත්තෙට්ටුවේගම, කන්දෙගෙදර",,,,,,,,,,7.024897,81.034204
Other,OTHER,NBRO/LRRMD-BDL/BDU/BADULL/LI/22/0033,BDU220033,Badulla,Badulla,,Badulla North,78A,"අංක 34 / 13, කරුණාගම, බදුල්ල",,,,,,,,,,7.004926,81.054875
Other,OTHER,NBRO/LRRMD-BDL/BDU/BADULL/LI/22/0034,BDU220034,Badulla,Badulla,,Badulla North,78A,"අංක 109, කරුණාපුර, බදුල්ල",,,,,,,,,,7.006038,81.053871
Other,OTHER,NBRO/LRRMD-BDL/BDU/BADULL/LI/22/0035,BDU220035,Badulla,Badulla,,Badulla North,78A,"අංක 117, කරුණාපුර, බදුල්ල",,,,,,,,,,7.005919,81.05415
Other,OTHER,NBRO/LRRMD-BDL/BDU/BADULL/LI/22/0036,BDU220036,Badulla,Badulla,,Badulla North,78A,"අංක 07, දෙවන පටුමග, ඔලියමණ්ඩිය, බදුල්ල",,,,,,,,,,7.004319,81.055326
Other,OTHER,NBRO/LRRMD-BDL/BDU/BADULL/LI/22/0037,BDU220037,Badulla,Badulla,,Badulla North,78A,"අංක 34 B/ 13, කරුණාගම, බදුල්ල",,,,,,,,,,7.004926,81.054876
Other,OTHER,NBRO/LRRMD-BDL/BDU/BADULL/LI/22/0038,BDU220038,Badulla,Badulla,,Badulla North,78A,"අංක 37, ඔලියමණ්ඩිය, බදුල්ල",,,,,,,,,,7.002642,81.0538595
Other,OTHER,NBRO/LRRMD-BDL/BDU/BADULL/LI/22/0039,BDU220039,Badulla,Badulla,,Badulla North,78A,"අංක 34 / 7, කරුණාපුර, බදුල්ල",,,,,,,,,,7.005801,81.0535321
Other,OTHER,NBRO/LRRMD-BDL/BDU/BADULL/LI/22/0040,BDU220040,Badulla,Badulla,,Badulla North,78A,"අංක 36 / 4, කරුණාපුර, බදුල්ල",,,,,,,,,,7.0059051,81.053493
Other,OTHER,NBRO/LRRMD-BDL/BDU/BADULL/LI/22/0041,BDU220041,Badulla,Badulla,,Badulla North,78A,"අංක 47, කරුණාගම, බදුල්ල",,,,,,,,,,7.006173,81.053513
Other,OTHER,NBRO/LRRMD-BDL/BDU/BADULL/LI/22/0042,BDU220042,Badulla,Badulla,,Badulla North,78A,"අංක 1 / 36, කරුණාපුර, බදුල්ල",,,,,,,,,,7.006185,81.053526
Other,OTHER,NBRO/LRRMD-BDL/BDU/BADULL/LI/22/0043,BDU220043,Badulla,Badulla,,Badulla North,78A,"අංක 34 /5, කරුණාපුර, බදුල්ල",,,,,,,,,,7.006182,81.053547
Other,OTHER,NBRO/LRRMD-BDL/BDU/BADULL/LI/22/0044,BDU220044,Badulla,Badulla,,Badulla North,78A,"අංක 18 / 3, කරුණාපුර, බදුල්ල",,,,,,,,,,7.004777,81.053366
Other,OTHER,NBRO/LRRMD-BDL/BDU/BADULL/LI/22/0045,BDU220045,Badulla,Badulla,,Badulla North,78A,"අංක 18 / 1, කරුණාගම, බදුල්ල",,,,,,,,,,7.004778,81.0532659
Other,OTHER,NBRO/LRRMD-BDL/BDU/BADULL/LI/22/0046,BDU220046,Badulla,Badulla,,Badulla North,78A,"අංක 18 / 5, කරුණාපුර, බදුල්ල",,,,,,,,,,7.004758,81.053263
Other,OTHER,NBRO/LRRMD-BDL/BDU/BADULL/LI/22/0047,BDU220047,Badulla,Badulla,,Badulla North,78A,"අංක 23 / 34, කරුණාපුර, බදුල්ල",,,,,,,,,,7.00591,81.054506
Other,OTHER,NBRO/LRRMD-BDL/BDU/BADULL/LI/22/0048,BDU220048,Badulla,Badulla,,Badulla North,78A,"අංක 96, කරුණාපුර, බදුල්ල",,,,,,,,,,7.00475,81.054162
Other,OTHER,NBRO/LRRMD-BDL/BDU/BADULL/LI/22/0051,BDU220051,Badulla,Badulla,,Badulupitiya,78J,බදුලුපිටිය,,,,,,,,,,6.992829,81.063875
Other,OTHER,NBRO/LRRMD-BDL/BDU/BADULL/LI/22/0052,BDU220052,Badulla,Badulla,,Viyadiguna,80E,වියදිගුණ,,,,,,,,,,6.97031,81.094734
Other,OTHER,NBRO/LRRMD-BDL/BDU/BADULL/LI/22/0053,BDU220053,Badulla,Badulla,,Badulla North,78A,රිදීපාන පළමු පටුමගේ පැති බැම්ම ඉදිකිරීම,,,,,,,,,,7.01176,81.05493
Other,OTHER,NBRO/LRRMD-BDL/BDU/BADULL/LI/22/0054,BDU220054,Badulla,Badulla,,Viyadiguna,80E,වියදිගුණ,,,,,,,,,,6.971785,81.092251
Other,OTHER,NBRO/LRRMD-BDL/BDU/BADULL/LI/22/0055,BDU220055,Badulla,Badulla,,Hegoda,79,"අංක 187 / 1, හෑගොඩ, හෙලවත්ත, බදුල්ල",,,,,,,,,,6.9933275,81.069845
Other,OTHER,NBRO/LRRMD-BDL/BDU/BADULL/LI/22/0056,BDU220056,Badulla,Badulla,,Hegoda,79,"අංක 187 / 7/2, හෙලවත්ත, හෑගොඩ, බදුල්ල",,,,,,,,,,6.9935326,81.069634
Other,OTHER,NBRO/LRRMD-BDL/BDU/BADULL/LI/22/0057,BDU220057,Badulla,Badulla,,Hegoda,79,"අංක 06, නෙළුම්වැව, නෙළුම්ගම, බදුල්ල",,,,,,,,,,6.993856,81.071533
Other,OTHER,NBRO/LRRMD-BDL/BDU/BADULL/LI/22/0058,BDU220058,Badulla,Badulla,,Hegoda,79,"හෑගොඩවත්ත, හෑගොඩ, බදුල්ල",,,,,,,,,,6.983246,81.071533
Other,OTHER,NBRO/LRRMD-BDL/BDU/BADULL/LI/22/0059,BDU220059,Badulla,Badulla,,Hegoda,79,"46 / 2, හෙලවත්ත, හෑගොඩ, බදුල්ල",,,,,,,,,,6.993258,81.067849
Other,OTHER,NBRO/LRRMD-BDL/BDU/BADULL/LI/22/0060,BDU220060,Badulla,Badulla,,Hegoda,79,"අංක 46 / 3, හෙලවත්ත, හෑගොඩ, බදුල්ල",,,,,,,,,,6.993162,81.067894
Other,OTHER,NBRO/LRRMD-BDL/BDU/BADULL/LI/22/0062,BDU220062,Badulla,Badulla,,Badulla North,78A,"අංක 49 / 1, ඔලියමණ්ඩිය, බදුල්ල",,,,,,,,,,7.0037532,81.053571
Other,OTHER,NBRO/LRRMD-BDL/BDU/BADULL/LI/22/0063,BDU220063,Badulla,Badulla,,Badulla North,78A,"අංක 49 / 1, ඔලියමණ්ඩිය, බදුල්ල",,,,,,,,,,7.003765,81.0537611
Other,OTHER,NBRO/LRRMD-BDL/BDU/BADULL/LI/22/0064,BDU220064,Badulla,Badulla,,Badulla North,78A,"අංක 49 / 1 B, ඔලියමණ්ඩිය, බදුල්ල",,,,,,,,,,7.0037118,81.053772
Other,OTHER,NBRO/LRRMD-BDL/BDU/BADULL/LI/22/0065,BDU220065,Badulla,Badulla,,Badulla North,78A,"අංක 49 / 2, ඔලියමණ්ඩිය, බදුල්ල",,,,,,,,,,7.0034451,81.053788
Other,OTHER,NBRO/LRRMD-BDL/BDU/BADULL/LI/22/0066,BDU220066,Badulla,Badulla,,Badulla North,78A,"අංක 55 / 4, ඔලියමණ්ඩියවත්ත, බදුල්ල",,,,,,,,,,7.004441,81.053503
Other,OTHER,NBRO/LRRMD-BDL/BDU/BADULL/LI/22/0067,BDU220067,Badulla,Badulla,,Badulla North,78A,"අංක 51 / 4, වටරවුම් පාර, බදුල්ල",,,,,,,,,,7.003847,81.053937
Other,OTHER,NBRO/LRRMD-BDL/BDU/BADULL/LI/22/0068,BDU220068,Badulla,Badulla,,Badulla North,78A,"අංක 51 / 3, වටරවුම් පාර, ඔලියමණ්ඩිය, බදුල්ල",,,,,,,,,,7.003852,81.053981
Other,OTHER,NBRO/LRRMD-BDL/BDU/BADULL/LI/22/0069,BDU220069,Badulla,Badulla,,Badulla North,78A,"අංක 51 / 2 A, ඔලියමණ්ඩිය, බදුල්ල",,,,,,,,,,7.003717,81.054363
Other,OTHER,NBRO/LRRMD-BDL/BDU/BADULL/LI/22/0070,BDU220070,Badulla,Badulla,,Sirimalgoda,80A,සිරිමල්ගොඩ,,,,,,,,,,6.999081,81.076644
Other,OTHER,NBRO/LRRMD-BDL/BDU/SORANA/LI/22/0071,BDU220071,Badulla,Soranathota,,Pallekanda,29B,"හිඹිලියගහයටගෙදර, පල්ලේකන්ද",,,,,,,,,,7.07838,81.031552
Other,OTHER,NBRO/LRRMD-BDL/BDU/SORANA/LI/22/0073,BDU220073,Badulla,Soranathota,,Pallekanda,29B,"මෙත්මල් නිවස, පල්ලේකන්ද, තල්දෙන",,,,,,,,,,7.08715,81.02414
Other,OTHER,NBRO/LRRMD-BDL/BDU/SORANA/LI/22/0074,BDU220074,Badulla,Soranathota,,Rideepana,26C,"කෝපිහේන, බදුල්ල",,,,,,,,,,7.02206,81.053879
Other,OTHER,NBRO/LRRMD-BDL/BDU/SORANA/LI/22/0075,BDU220075,Badulla,Soranathota,,Kirioruwa,27,"ඇටඹගහකඳුර, කන්දෙගෙදර",,,,,,,,,,7.006837,81.037163
Other,OTHER,NBRO/LRRMD-BDL/BDU/BADULL/LI/22/0076,BDU220076,Badulla,Badulla,,Ilukthenna,80B,"පාසල අසල,ඉලුක්තැන්න,සිරිමල්ගොඩ,බදුල්ල",,,,,,,,,,6.995342,81.079214
Other,OTHER,NBRO/LRRMD-BDL/BDU/SORANA/LI/22/0077,BDU220077,Badulla,Soranathota,,Yatilellagama,26A,M.H.M. සිරියාවතී,,,,,,,,,,7.037419,81.052986
Other,OTHER,NBRO/LRRMD-BDL/BDU/SORANA/LI/22/0079,BDU220079,Badulla,Soranathota,,Pussellakanda,28A,"ඇල්වත්ත, පතනවත්ත",,,,,,,,,,7.040608,81.038018
Other,OTHER,NBRO/LRRMD-BDL/BDU/SORANA/LI/22/0080,BDU220080,Badulla,Soranathota,,Pussellakanda,28A,"පුස්සැල්ලාකන්ද, පතනවත්ත",,,,,,,,,,7.040057,81.043105
Other,OTHER,NBRO/LRRMD-BDL/BDU/SORANA/LI/22/0081,BDU220081,Badulla,Soranathota,,Pussellakanda,28A,"අලුත්තැන්න, පතනවත්ත",,,,,,,,,,7.037497,81.040223
Other,OTHER,NBRO/LRRMD-BDL/BDU/SORANA/LI/22/0082,BDU220082,Badulla,Soranathota,,Pussellakanda,28A,"හීංඅලුතැන්න, ඇල්වත්ත",,,,,,,,,,7.037253,81.040779
Other,OTHER,NBRO/LRRMD-BDL/BDU/SORANA/LI/22/0083,BDU220083,Badulla,Soranathota,,Budugekanda,29A,බුදුගේකන්ද,,,,,,,,,,7.071652,81.022061
Other,OTHER,NBRO/LRRMD-BDL/BDU/SORANA/LI/22/0084,BDU220084,Badulla,Soranathota,,Pussellawa,23AA,පුස්සැල්ලාව,,,,,,,,,,7.047813,81.061076
Other,OTHER,NBRO/LRRMD-BDL/BDU/SORANA/LI/22/0085,BDU220085,Badulla,Soranathota,,Pussellawa,23AA,පුස්සැල්ලාව,,,,,,,,,,7.047198,81.060612
Other,OTHER,NBRO/LRRMD-BDL/BDU/SORANA/LI/22/0086,BDU220086,Badulla,Soranathota,,Ambagasdowa,25C,"අඹගස්දෝව, එගොඩවෙල",,,,,,,,,,7.053822,81.066079
Other,OTHER,NBRO/LRRMD-BDL/BDU/SORANA/LI/22/0087,BDU220087,Badulla,Soranathota,,Ambagasdowa,25C,"මුත්තෙට්ටුකුඹුර, පුස්සැල්ලාව, තල්දෙන",,,,,,,,,,7.053459,81.065874
Other,OTHER,NBRO/LRRMD-BDL/BDU/SORANA/LI/22/0088,BDU220088,Badulla,Soranathota,,Ambagasdowa,25C,"මොණරහෙල, අඹගස්දෝව, එගොඩවෙල",,,,,,,,,,7.055026,81.07657
Other,OTHER,NBRO/LRRMD-BDL/BDU/SORANA/LI/22/0090,BDU220090,Badulla,Soranathota,,Dikpitiya,34A,"හටන්ගමුවේගෙදර, කීණහෙළ, තැන්නපංගුව",,,,,,,,,,7.069591,81.011056
Other,OTHER,NBRO/LRRMD-BDL/BDU/SORANA/LI/22/0091,BDU220091,Badulla,Soranathota,,Dikpitiya,34A,"කීණහෙළගම, තැන්නෙපංගුව",,,,,,,,,,7.064193,81.010803
Other,OTHER,NBRO/LRRMD-BDL/BDU/BANDAR/LI/22/0093,BDU220093,Badulla,Bandarawela,,Makulelle,66A,"අංක 58, වනසිරිගම, මකුල්ඇල්ල",,,,,,,,,,6.826474,81.036789
Other,OTHER,NBRO/LRRMD-BDL/BDU/BANDAR/LI/22/0095,BDU220095,Badulla,Bandarawela,,Makulelle,66A,"1/43, වනසිරිගම, මකුල්ඇල්ල",,,,,,,,,,6.824382,81.037476
Other,OTHER,NBRO/LRRMD-BDL/BDU/BANDAR/LI/22/0096,BDU220096,Badulla,Bandarawela,,Makulelle,66A,"54/1, වනසිරිගම, මකුල්ඇල්ල",,,,,,,,,,6.823944,81.036687
Other,OTHER,NBRO/LRRMD-BDL/BDU/BANDAR/LI/22/0097,BDU220097,Badulla,Bandarawela,,Makulelle,66A,"56, වනසිරිගම, මකුල්ඇල්ල",,,,,,,,,,6.824069,81.036095
Other,OTHER,NBRO/LRRMD-BDL/BDU/BANDAR/LI/22/0098,BDU220098,Badulla,Bandarawela,,Makulelle,66A,"දිඹුල්ගස්තැන්න, මකුල්ඇල්ල",,,,,,,,,,6.821919,81.035973
Other,OTHER,NBRO/LRRMD-BDL/BDU/BANDAR/LI/22/0099,BDU220099,Badulla,Bandarawela,,Makulelle,66A,"බෝගහහින්පතන, මකුල්ඇල්ල",,,,,,,,,,6.826498,81.030848
Other,OTHER,NBRO/LRRMD-BDL/BDU/BANDAR/LI/22/0100,BDU220100,Badulla,Bandarawela,,Makulelle,66A,"හපුගහමුල්ල, මකුල්ඇල්ල",,,,,,,,,,6.834718,81.036742
Other,OTHER,NBRO/LRRMD-BDL/BDU/BANDAR/LI/22/0104,BDU220104,Badulla,Bandarawela,,Inikambedda,65E,"මාර්ලෝජ් පාර, ඉණිකම්බැද්ද, බණ්ඩාරවෙල.",,,,,,,,,,6.824055,80.989973
Other,OTHER,NBRO/LRRMD-BDL/BDU/BANDAR/LI/22/0105,BDU220105,Badulla,Bandarawela,,Wewathenna,67G,"154 / 1, නිවාඩු නිකේතනය පාර, දියබිබිල",,,,,,,,,,6.893037,80.974729
Other,OTHER,NBRO/LRRMD-BDL/BDU/BANDAR/LI/22/0106,BDU220106,Badulla,Bandarawela,,Diganathenna,67H,"සිසිර නිවස, හාපත්ගමුව, බණ්ඩාරවෙල",,,,,,,,,,6.857456,80.97337
Other,OTHER,NBRO/LRRMD-BDL/BDU/BANDAR/LI/22/0107,BDU220107,Badulla,Bandarawela,,Kebillawela North,67D,"කටුපඳුරුඋල්පත, උතුරුකැබිල්ලෙවෙල",,,,,,,,,,6.839698,80.995662
Other,OTHER,NBRO/LRRMD-BDL/BDU/BANDAR/LI/22/0108,BDU220108,Badulla,Bandarawela,,Kebillawela North,67D,"අංක 1 / 115, කුරුඳුගොල්ල, උතුරු කැබිල්ලෙවෙල, බණ්ඩාරවෙල",,,,,,,,,,6.836319,80.999651
Other,OTHER,NBRO/LRRMD-BDL/BDU/BANDAR/LI/22/0109,BDU220109,Badulla,Bandarawela,,Kebillawela North,67D,"අංක 04, පෙරේරා මාවත, බණ්ඩාරවෙල",,,,,,,,,,6.83515,80.993115
Other,OTHER,NBRO/LRRMD-BDL/BDU/BANDAR/LI/22/0110,BDU220111,Badulla,Bandarawela,,Ettalapitiya,67,"සුමේධ සෙවන, තෙලිහා වැව, ඇත්තලපිටිය, බණ්ඩාරවෙල",,,,,,,,,,6.859768,80.992658
Other,OTHER,NBRO/LRRMD-BDL/BDU/BANDAR/LI/22/0111,BDU220112,Badulla,Bandarawela,,Ettalapitiya,67,"තෙලිහාවැව, ඇත්තලපිටිය, බණ්ඩාරවෙල",,,,,,,,,,6.859444,80.993218
Other,OTHER,NBRO/LRRMD-BDL/BDU/SORANA/LI/22/0112,BDU220113,Badulla,Soranathota,,Idamepanguwa,34,"අස්සැද්දුම, තැන්නෙපංගුව",,,,,,,,,,7.072637,81.016967
Other,OTHER,NBRO/LRRMD-BDL/BDU/SORANA/LI/22/0113,BDU220114,Badulla,Soranathota,,Idamepanguwa,34,"ඇස්සැද්දුම, තැන්නෙපංගුව",,,,,,,,,,7.070495,81.01801
Other,OTHER,NBRO/LRRMD-BDL/BDU/SORANA/LI/22/0114,BDU220115,Badulla,Soranathota,,Idamepanguwa,34,"වෙන්දේසිකැළේ, තැන්නෙපංගුව",,,,,,,,,,7.066745,81.018001
Other,OTHER,NBRO/LRRMD-BDL/BDU/SORANA/LI/22/0115,BDU220116,Badulla,Soranathota,,Dikpitiya,34A,"දික්පිටිය, තැන්නෙපංගුව",,,,,,,,,,7.060065,81.013364
Other,OTHER,NBRO/LRRMD-BDL/BDU/SORANA/LI/22/0116,BDU220117,Badulla,Soranathota,,Kohovila,26,"පිටපොල, ජයසේගෙදර",,,,,,,,,,7.007452,81.045672
Other,OTHER,NBRO/LRRMD-BDL/BDU/SORANA/LI/22/0117,BDU220118,Badulla,Soranathota,,Kosgolls,25D,උඩගම - මැදගම මාර්ගය,,,,,,,,,,7.025318,81.0726273
Other,OTHER,NBRO/LRRMD-BDL/BDU/SORANA/LI/22/0118,BDU220119,Badulla,Soranathota,,Kuttiyagolla,25A,කුට්ටියගොල්ල - පහළ කොබෝවත්ත මාර්ගය,,,,,,,,,,7.018534,81.0912797
Other,OTHER,NBRO/LRRMD-BDL/BDU/SORANA/LI/22/0119,BDU220120,Badulla,Soranathota,,Kandegedara Town,27A,"නිල්මල්පොල, කන්දෙගෙදර",,,,,,,,,,7.012953,81.01968
Other,OTHER,NBRO/LRRMD-BDL/BDU/SORANA/LI/22/0123,BDU220124,Badulla,Soranathota,,Kandegedara Town,27A,"රෝහල අසළ, කන්දෙගෙදර",,,,,,,,,,7.01641,81.016969
Other,OTHER,NBRO/LRRMD-BDL/BDU/SORANA/LI/22/0124,BDU220125,Badulla,Soranathota,,Kandegedara Town,27A,කන්දෙගෙදර,,,,,,,,,,7.023224,81.021024
Other,OTHER,NBRO/LRRMD-BDL/BDU/SORANA/LI/22/0125,BDU220126,Badulla,Soranathota,,Budugekanda,29A,"කහටගස්තැන්න, බුදුගේකන්ද",,,,,,,,,,7.069964,81.02611
Other,OTHER,NBRO/LRRMD-BDL/BDU/SORANA/LI/22/0126,BDU220127,Badulla,Soranathota,,Idamepanguwa,34,"පරගහමඩ, බුදුගේකන්ද, තැන්නෙපංගුව",,,,,,,,,,7.074203,81.02153
Other,OTHER,NBRO/LRRMD-BDL/BDU/SORANA/LI/22/0127,BDU220128,Badulla,Soranathota,,Pallekanda,29B,උඩකොහාන-බතලවත්ත මාර්ගය,,,,,,,,,,7.0663014,81.040387
Other,OTHER,NBRO/LRRMD-BDL/BDU/SORANA/LI/22/0128,BDU220129,Badulla,Soranathota,,Egodawela,24,එගොඩවෙල,,,,,,,,,,7.065961,81.075962
Other,OTHER,NBRO/LRRMD-BDL/BDU/SORANA/LI/22/0131,BDU220132,Badulla,Soranathota,,Moragolla,29,මොරගොල්ල,,,,,,,,,,7.0682,81.019912
Other,OTHER,NBRO/LRRMD-BDL/BDU/BANDAR/LI/22/0137,BDU220138,Badulla,Bandarawela,,Ettalapitiya,67,"49/A, කිරවනාබිස්ස, අමුණුදෝව, බණ්ඩාරවෙල",,,,,,,,,,6.858837,80.985316
Other,OTHER,NBRO/LRRMD-BDL/BDU/BANDAR/LI/22/0138,BDU220139,Badulla,Bandarawela,,Watagamuwa,67F,"147/3, වැරැල්ලපතන, ඇත්තලපිටිය",,,,,,,,,,6.855733,80.994002
Other,OTHER,NBRO/LRRMD-BDL/BDU/BANDAR/LI/22/0139,BDU220140,Badulla,Bandarawela,,Ettalapitiya,67,"අංක 187/1, නවෝදය මාවත, උතුරු කැබිලලෙවෙල, බණ්ඩාරවෙල",,,,,,,,,,6.839644,80.993445
Other,OTHER,NBRO/LRRMD-BDL/BDU/BANDAR/LI/22/0140,BDU220141,Badulla,Bandarawela,,Ambadandegama,70B,"ගොඩවලපතන, අඹදණ්ඩේගම, බණ්ඩාරවෙල",,,,,,,,,,6.808323,81.044665
Other,OTHER,NBRO/LRRMD-BDL/BDU/BANDAR/LI/22/0143,BDU220144,Badulla,Bandarawela,,Kinigama,66,"මහඋල්පත, කිණිගම, බණ්ඩාරවෙල",,,,,,,,,,6.826918,81.00898
Other,OTHER,NBRO/LRRMD-BDL/BDU/BANDAR/LI/22/0144,BDU220145,Badulla,Bandarawela,,Kinigama,66,"අංක 01, වලස්බැද්ද, බණ්ඩාරවෙල",,,,,,,,,,6.826678,81.00241
Other,OTHER,NBRO/LRRMD-BDL/BDU/BANDAR/LI/22/0145,BDU220146,Badulla,Bandarawela,,Kinigama,66,"අංක 24, වලස්බැද්ද, බණ්ඩාරවෙල",,,,,,,,,,6.826336,81.000871
Other,OTHER,NBRO/LRRMD-BDL/BDU/BANDAR/LI/22/0146,BDU220147,Badulla,Bandarawela,,Kinigama,66,"3 / 4, ආසිරි, වලස්බැද්ද, කිණිගම, බණ්ඩාරවෙල",,,,,,,,,,6.828091,81.00231
Other,OTHER,NBRO/LRRMD-BDL/BDU/BANDAR/LI/22/0148,BDU220149,Badulla,Bandarawela,,Inikambedda,65E,"අංක 67/A, ජනඋදාගම, ඉනිකම්බැද්ද",,,,,,,,,,6.8244,80.99029
Other,OTHER,NBRO/LRRMD-BDL/BDU/UVA-PA/LI/22/0154,BDU220155,Badulla,Uva-Paranagama,,Rathamba,47C,රතඹ,,,,,,,,,,6.91856,80.89735
Other,OTHER,NBRO/LRRMD-BDL/BDU/UVA-PA/LI/22/0155,BDU220156,Badulla,Uva-Paranagama,,Kiridigolla,37B,"අමුණේ කඳුර, අඹගහවත්ත",,,,,,,,,,7.01682,80.93913
Other,OTHER,NBRO/LRRMD-BDL/BDU/SORANA/LI/22/0156,BDU220157,Badulla,Soranathota,,Kuttiyagolla,25A,කුට්ටියගොල්ල මහා විද්‍යාලයීය ක්‍රීඩාංගනය සංවර්ධනය කිරීම,,,,,,,,,,7.030323,81.096601
Other,OTHER,NBRO/LRRMD-BDL/BDU/UVA-PA/LI/22/0157,BDU220158,Badulla,Uva-Paranagama,,Alagolla,42B,අලගොල්ල,,,,,,,,,,6.98395,80.92375
Other,OTHER,NBRO/LRRMD-BDL/BDU/SORANA/LI/22/0158,BDU220159,Badulla,Soranathota,,Kandegedara Town,27A,,,,,,,,,,,7.015557,81.019267
Other,OTHER,NBRO/LRRMD-BDL/BDU/UVA-PA/LI/22/0163,BDU220164,Badulla,Uva-Paranagama,,Ambagasdowa,47A,අඹගස්දෝව,,,,,,,,,,6.92728,80.89936
Other,OTHER,NBRO/LRRMD-BDL/BDU/UVA-PA/LI/22/0166,BDU220167,Badulla,Uva-Paranagama,,Daragala,47D,"පල්ලේඅරාව, කටුගල්ල, අඹගස්දෝව",,,,,,,,,,6.92072,80.902509
Other,OTHER,NBRO/LRRMD-BDL/BDU/BANDAR/LI/22/0170,BDU220171,Badulla,Bandarawela,,Ettalapitiya,67,"තෙලිහාවැව, ඇත්තලපිටිය, බණ්ඩාරවෙල",,,,,,,,,,6.857649,80.9931588
Other,OTHER,NBRO/LRRMD-BDL/BDU/WELIMA/LI/22/0171,BDU220172,Badulla,Welimada,,Welimada Town,52A,"සමූපකාර සංවර්ධන දෙපාර්තමේන්තුව, සමූපකාර සංවර්ධන ගොඩනැ",,,,,,,,,,6.904813,80.912029
Other,OTHER,NBRO/LRRMD-BDL/BDU/WELIMA/LI/22/0172,BDU220173,Badulla,Welimada,,Ambewela,50A,"වොවික්වත්ත, අඹේවෙල, වැලිමඩ",,,,,,,,,,6.88201,80.8221
Other,OTHER,NBRO/LRRMD-BDL/BDU/WELIMA/LI/22/0173,BDU220174,Badulla,Welimada,,Mirahawatta,60,"6 කණුව, අලුත්ගෙදර, මිරහවත්ත.",,,,,,,,,,6.931315,81.01556
Other,OTHER,NBRO/LRRMD-BDL/BDU/WELIMA/LI/22/0174,BDU220175,Badulla,Welimada,,Ohiya,62A,"H.M. විල්සන්, වැලිමඩ පාර, ඔහිය",,,,,,,,,,6.81745,80.84366
Other,OTHER,NBRO/LRRMD-BDL/BDU/WELIMA/LI/22/0175,BDU220176,Badulla,Welimada,,Ohiya,62A,"විවේකාශ්‍රමය විහාරස්ථානය, වැලිමඩ පාර, ඔහිය",,,,,,,,,,6.81745,80.84366
Other,OTHER,NBRO/LRRMD-BDL/BDU/WELIMA/LI/22/0176,BDU220177,Badulla,Welimada,,Ohiya,62A,"M.A. සෝමාවතී, වැලිමඩ පාර, ඔහිය",,,,,,,,,,6.81593,80.84598
Other,OTHER,NBRO/LRRMD-BDL/BDU/WELIMA/LI/22/0177,BDU220178,Badulla,Welimada,,Ohiya,62A,"සිසිර කුමාර, වැලිමඩ පාර, ඔහිය",,,,,,,,,,6.81673,80.84361
Other,OTHER,NBRO/LRRMD-BDL/BDU/WELIMA/LI/22/0178,BDU220179,Badulla,Welimada,,Ohiya,62A,"ෂර්ලි රත්නායක, වැලිමඩ පාර, ඔහිය",,,,,,,,,,6.81963,80.84624
Other,OTHER,NBRO/LRRMD-BDL/BDU/WELIMA/LI/22/0179,BDU220180,Badulla,Welimada,,Ohiya,62A,"ගාමිණි දිසානායක, වැලිමඩ පාර, ඔහිය",,,,,,,,,,6.81955,80.84543
Other,OTHER,NBRO/LRRMD-BDL/BDU/WELIMA/LI/22/0180,BDU220181,Badulla,Welimada,,Ohiya,62A,"W.M. ධර්මදාස, වැලිමඩ පාර, ඔහිය",,,,,,,,,,6.81989,80.84701
Other,OTHER,NBRO/LRRMD-BDL/BDU/WELIMA/LI/22/0183,BDU220184,Badulla,Welimada,,Rathkarawwa,62,"රත්කරව්ව, වැලිමඩ",,,,,,,,,,6.80731,80.90037
Other,OTHER,NBRO/LRRMD-BDL/BDU/WELIMA/LI/22/0184,BDU220185,Badulla,Welimada,,Karagasthenna,61A,"හපුරොද කුරුඳුගොල්ල පතන, කරගස්තැන්න, වැලිමඩ",,,,,,,,,,6.85557,80.89974
Other,OTHER,NBRO/LRRMD-BDL/BDU/WELIMA/LI/22/0185,BDU220186,Badulla,Welimada,,Udakendagolla,62J,"පහළ නායඹුන්න, උඩකැන්දගොල්ල, වැලිමඩ",,,,,,,,,,6.81406,80.91592
Other,OTHER,NBRO/LRRMD-BDL/BDU/WELIMA/LI/22/0186,BDU220187,Badulla,Welimada,,Hulankapolla,49C,"කොළනිය, හුලංකපොල්ල, වැලිමඩ",,,,,,,,,,6.92217,80.82545
Other,OTHER,NBRO/LRRMD-BDL/BDU/WELIMA/LI/22/0187,BDU220188,Badulla,Welimada,,Boralanda,62B,"ඇපලගොල්ල, බොරලන්ද, වැලිමඩ",,,,,,,,,,6.83131,80.88866
Other,OTHER,NBRO/LRRMD-BDL/BDU/WELIMA/LI/22/0188,BDU220189,Badulla,Welimada,,Maligathenna,62G,"මාලිගාතැන්න, වැලිමඩ",,,,,,,,,,6.78293,80.89781
Other,OTHER,NBRO/LRRMD-BDL/BDU/WELIMA/LI/22/0189,BDU220190,Badulla,Welimada,,Rahangala,62F,"රහංගල, වැලිමඩ",,,,,,,,,,6.82305,80.88828
Other,OTHER,NBRO/LRRMD-BDL/BDU/WELIMA/LI/22/0190,BDU220191,Badulla,Welimada,,Himbiliyagolla,50G,"හෙළවත්ත - වරල්හේන, හිඹිලියගොල්ල, වැලිමඩ",,,,,,,,,,6.87645,80.85608
Other,OTHER,NBRO/LRRMD-BDL/BDU/WELIMA/LI/22/0191,BDU220192,Badulla,Welimada,,Helayalkumbura,62H,"කිරින්දගම, හෙලයල්කුඹුර, වැලිමඩ",,,,,,,,,,6.8481,80.886
Other,OTHER,NBRO/LRRMD-BDL/BDU/WELIMA/LI/22/0192,BDU220193,Badulla,Welimada,,Himbiliyagolla,50G,"හිඹිලියගොල්ල, වැලිමඩ",,,,,,,,,,6.87489,80.86487
Other,OTHER,NBRO/LRRMD-BDL/BDU/WELIMA/LI/22/0193,BDU220194,Badulla,Welimada,,Galedanda,62C,"උඩළුකුඹුර - කට්ටකඳ වෙල්යාය, ගල්ඒදණ්ඩ, වැලිමඩ",,,,,,,,,,6.82753,80.90541
Other,OTHER,NBRO/LRRMD-BDL/BDU/WELIMA/LI/22/0194,BDU220195,Badulla,Welimada,,Dayaraba Watta,58D,"ඩයරබා - ශාන්තිපුරම්,වැලිමඩ",,,,,,,,,,6.88521,80.93875
Other,OTHER,NBRO/LRRMD-BDL/BDU/WELIMA/LI/22/0195,BDU220196,Badulla,Welimada,,Ketakella,58A,"බටගොල්ලඅරාව, කැටකෑල්ල, වැලිමඩ",,,,,,,,,,6.89694,80.92374
Other,OTHER,NBRO/LRRMD-BDL/BDU/WELIMA/LI/22/0199,BDU220200,Badulla,Welimada,,Idamegama,51B,"වියළකුඹුර, කළුබුළුලන්ද",,,,,,,,,,6.87859,80.88718
Other,OTHER,NBRO/LRRMD-BDL/BDU/WELIMA/LI/22/0203,BDU220204,Badulla,Welimada,,Hulankapolla,49C,"හග්ගලවත්ත, හුලංකපොල්ල, වැලිමඩ",,,,,,,,,,6.92536,80.83049
Other,OTHER,NBRO/LRRMD-BDL/BDU/WELIMA/LI/22/0204,BDU220205,Badulla,Welimada,,Hulankapolla,49C,"නව කොළණිය, හුලංකපොල්ල, වැලිමඩ",,,,,,,,,,6.92206,80.82621
Other,OTHER,NBRO/LRRMD-BDL/BDU/WELIMA/LI/22/0205,BDU220206,Badulla,Welimada,,Hulankapolla,49C,"මිරහවත්ත පළතුරුවත්ත ක්‍රීඩාංගනය , උඩුපිහිල්ල, වැලිමඩ",,,,,,,,,,6.873979,80.93904
Other,OTHER,NBRO/LRRMD-BDL/BDU/WELIMA/LI/22/0206,BDU220207,Badulla,Welimada,,Silmiyapura,49B,"මැදපතන, සිල්මියාපුර, වැලිමඩ",,,,,,,,,,6.91521,80.8491
Other,OTHER,NBRO/LRRMD-BDL/BDU/WELIMA/LI/22/0207,BDU220208,Badulla,Welimada,,Alakolagala,49D,"කපුරුවත්ත, වැලිමඩ",,,,,,,,,,6.90311,80.83514
Other,OTHER,NBRO/LRRMD-BDL/BDU/WELIMA/LI/22/0210,BDU220211,Badulla,Welimada,,Divithotawela,59D,මැදබඩල කුඹුරුයාය,,,,,,,,,,6.90425,80.92227
Other,OTHER,NBRO/LRRMD-BDL/BDU/WELIMA/LI/22/0211,BDU220212,Badulla,Welimada,,Welimada Town,52A,වැලිමඩ මූලික රෝහල,,,,,,,,,,6.90822,80.90951
Other,OTHER,NBRO/LRRMD-BDL/BDU/WELIMA/LI/22/0212,BDU220213,Badulla,Welimada,,Rahangala,62F,"ඔහිය පාර, 8 කණුව, රහංගල",,,,,,,,,,6.82121,80.88739
Other,OTHER,NBRO/LRRMD-BDL/BDU/WELIMA/LI/22/0215,BDU220216,Badulla,Welimada,,Welimada Town,52A,වැලිමඩ ප්‍රාදේශීය ලේකම් කාර්යාලයේ පිවිසුම් මාර්ගය,,,,,,,,,,6.90623,80.91107
Other,OTHER,NBRO/LRRMD-BDL/BDU/HALI-E/LI/22/0220,BDU220221,Badulla,Hali-Ela,,Jangulla,77B,"වසමේ කැටවල සමෘද්ධි බැංකු නව ගොඩනැගිල්ල, ජගුල්ල, හාලිඇල",,,,,,,,,,6.994676,81.013038
Other,OTHER,NBRO/LRRMD-BDL/BDU/HALI-E/LI/22/0222,BDU220223,Badulla,Hali-Ela,,Dematawelhinna,82B,"ළමා හා මාතෘ සායන මධ්‍යස්ථානය, දෙමටවැල්හින්න, හාලිඇල",,,,,,,,,,6.969908,81.063059
Other,OTHER,NBRO/LRRMD-BDL/BDU/HALI-E/LI/22/0223,BDU220224,Badulla,Hali-Ela,,Godegama,84B,"සේවා පියස, ගොඩේගම, හාලිඇල",,,,,,,,,,6.953658,81.052856
Other,OTHER,NBRO/LRRMD-BDL/BDU/HALI-E/LI/22/0224,BDU220225,Badulla,Hali-Ela,,Wewelhinna,85A,"සේවා පියස, වේවැල්හින්න, හාලිඇල",,,,,,,,,,6.932426,81.074075
Other,OTHER,NBRO/LRRMD-BDL/BDU/HALI-E/LI/22/0225,BDU220226,Badulla,Hali-Ela,,Beddegama,85,"බැද්දේගම ප්‍රජා ශාලාව , බැද්දේගම, හාලිඇල",,,,,,,,,,6.928213,81.08769
Other,OTHER,NBRO/LRRMD-BDL/BDU/HALI-E/LI/22/0226,BDU220227,Badulla,Hali-Ela,,Springvalley,85B,"සේවා පියස, ස්ප්‍රිංවැලි , හාලිඇල",,,,,,,,,,6.925374,81.090659
Other,OTHER,NBRO/LRRMD-BDL/BDU/HALI-E/LI/22/0227,BDU220228,Badulla,Hali-Ela,,Springvalley Estate,86B,"මේමලේ, ස්ප්‍රිංවැලි , හාලිඇල",,,,,,,,,,6.919936,81.106946
Other,OTHER,NBRO/LRRMD-BDL/BDU/HALI-E/LI/22/0228,BDU220229,Badulla,Hali-Ela,,Bulathwatta,86A,"සේවා පියස, බුලත්වත්ත, හාලිඇල",,,,,,,,,,6.932741,81.093339
Other,OTHER,NBRO/LRRMD-BDL/BDU/HALI-E/LI/22/0230,BDU220231,Badulla,Hali-Ela,,Imbulgoda,82,"සේවා පියස, ඉඹුල්ගොඩ , හාලිඇල",,,,,,,,,,6.968765,81.072822
Other,OTHER,NBRO/LRRMD-BDL/BDU/LUNUGA/LI/22/0232,BDU220233,Badulla,Lunugala,,Alakolagala,94E,අලකොළගල,,,,,,,,,,7.058413,81.206226
Other,OTHER,NBRO/LRRMD-BDL/BDU/LUNUGA/LI/22/0233,BDU220234,Badulla,Lunugala,,Lunugala Town,94A,සිල්ක්ෆාම්,,,,,,,,,,7.036621,81.198459
Other,OTHER,NBRO/LRRMD-BDL/BDU/BADULL/LI/22/0239,BDU220240,Badulla,Badulla,,Ilukthenna,80B,ඉලුක්තැන්න,,,,,,,,,,6.99276,81.078185
Other,OTHER,NBRO/LRRMD-BDL/BDU/BADULL/LI/22/0240,BDU220241,Badulla,Badulla,,Damanwara,80F,දමන්වර,,,,,,,,,,7.005579,81.092456
Other,OTHER,NBRO/LRRMD-BDL/BDU/BADULL/LI/22/0241,BDU220242,Badulla,Badulla,,Badulla South,78,දෙයියන්නේවෙල,,,,,,,,,,6.985448,81.055483
Other,OTHER,NBRO/LRRMD-BDL/BDU/BADULL/LI/22/0242,BDU220243,Badulla,Badulla,,Kendagolla,81,වෑබැද්ද,,,,,,,,,,6.989459,81.11645
Other,OTHER,NBRO/LRRMD-BDL/BDU/HALI-E/LI/22/0243,BDU220244,Badulla,Hali-Ela,,Wegama,77,"සේවා පියස, වෑගම, හාලිඇල",,,,,,,,,,7.015219,81.009927
Other,OTHER,NBRO/LRRMD-BDL/BDU/BADULL/LI/22/0244,BDU220245,Badulla,Badulla,,Pitawelagama,78L,පිටවෙලගම,,,,,,,,,,7.006187,81.051815
Other,OTHER,NBRO/LRRMD-BDL/BDU/BADULL/LI/22/0245,BDU220246,Badulla,Badulla,,Badulla South,78,අමුණුවලපිටිය,,,,,,,,,,6.98519,81.05288
Other,OTHER,NBRO/LRRMD-BDL/BDU/HALI-E/LI/22/0246,BDU220247,Badulla,Hali-Ela,,Jangulla,77B,"සේවා පියස, ජගුල්ල, හාලිඇල",,,,,,,,,,7.006514,81.006544
Other,OTHER,NBRO/LRRMD-BDL/BDU/HALI-E/LI/22/0247,BDU220248,Badulla,Hali-Ela,,Landewela,76A,"ලන්දෙවෙල, හාලිඇල",,,,,,,,,,6.999603,81.004176
Other,OTHER,NBRO/LRRMD-BDL/BDU/HALI-E/LI/22/0248,BDU220249,Badulla,Hali-Ela,,Panakanniya,75E,"සේවා පියස, පනාකන්නිය, හාලිඇල",,,,,,,,,,6.990488,81.000806
Other,OTHER,NBRO/LRRMD-BDL/BDU/HALI-E/LI/22/0249,BDU220250,Badulla,Hali-Ela,,Hethekma,75,"සේවා  පියස, හැතැක්ම, හාලිඇල",,,,,,,,,,6.977686,81.018427
Other,OTHER,NBRO/LRRMD-BDL/BDU/HALI-E/LI/22/0250,BDU220251,Badulla,Hali-Ela,,Perahettiya,57A,"සේවා පියස, පෙරහෙට්ටිය, හාලිඇල",,,,,,,,,,6.894065,80.973816
Other,OTHER,NBRO/LRRMD-BDL/BDU/HALI-E/LI/22/0251,BDU220252,Badulla,Hali-Ela,,Gawela,55C,"ගාවෙල, හාලිඇල",,,,,,,,,,6.949681,80.992144
Other,OTHER,NBRO/LRRMD-BDL/BDU/HALI-E/LI/22/0252,BDU220253,Badulla,Hali-Ela,,Etampitiya,55,"පරංඩි ඇල්ල, ඇටම්පිටිය, හාලිඇල",,,,,,,,,,6.939361,80.990528
Other,OTHER,NBRO/LRRMD-BDL/BDU/HALI-E/LI/22/0253,BDU220254,Badulla,Hali-Ela,,Etampitiya,55,"ඇටම්පිටිය, හාලිඇල",,,,,,,,,,6.936484,80.992319
Other,OTHER,NBRO/LRRMD-BDL/BDU/HALI-E/LI/22/0254,BDU220255,Badulla,Hali-Ela,,Niliathugoda,56E,"සේවා පියස, නිළිඅතුගොඩ, හාලිඇල",,,,,,,,,,6.939251,81.005715
Other,OTHER,NBRO/LRRMD-BDL/BDU/HALI-E/LI/22/0255,BDU220256,Badulla,Hali-Ela,,Pattipola,75B,"සේවා පියස, පට්ටිපොළ, හාලිඇල",,,,,,,,,,6.970362,81.019391
Other,OTHER,NBRO/LRRMD-BDL/BDU/HALI-E/LI/22/0256,BDU220257,Badulla,Hali-Ela,,Anthuduwawela,74D,"කහටගොල්ල බහුකාර්යය ගොඩනැගිල්ල, අන්තුඩුවාවෙල, හාලිඇල",,,,,,,,,,6.967124,81.024808
Other,OTHER,NBRO/LRRMD-BDL/BDU/HALI-E/LI/22/0257,BDU220258,Badulla,Hali-Ela,,Bogoda,76,"බෝගොඩ සුමංගල විද්‍යාලය, බෝගොඩ, හාලිඇල",,,,,,,,,,6.999511,81.00217
Other,OTHER,NBRO/LRRMD-BDL/BDU/HALI-E/LI/22/0291,BDU220292,Badulla,Hali-Ela,,Kurukude,57C,"සේවා පියස, කුරුකුදේගම, හාලිඇල",,,,,,,,,,6.881353,80.969057
Other,OTHER,NBRO/LRRMD-BDL/BDU/LUNUGA/LI/22/0302,BDU220303,Badulla,Lunugala,,Alakolagala,94E,අලකොළගල,,,,,,,,,,7.057909,81.206267
Other,OTHER,NBRO/LRRMD-BDL/BDU/LUNUGA/LI/22/0303,BDU220304,Badulla,Lunugala,,Ekiriya,17,ඇකිරිය,,,,,,,,,,7.077365,81.124092
Other,OTHER,NBRO/LRRMD-BDL/BDU/LUNUGA/LI/22/0304,BDU220305,Badulla,Lunugala,,Janathapura North,95A,ජනතාපුර උතුර,,,,,,,,,,7.059836,81.181272
Other,OTHER,NBRO/LRRMD-BDL/BDU/LUNUGA/LI/22/0306,BDU220307,Badulla,Lunugala,,Galwelagama,18C,ගල්වලගම,,,,,,,,,,7.064815,81.142996
Other,OTHER,NBRO/LRRMD-BDL/BDU/LUNUGA/LI/22/0307,BDU220308,Badulla,Lunugala,,Ekiriya,17,ඇකිරිය,,,,,,,,,,7.077026,81.12389
Other,OTHER,NBRO/LRRMD-BDL/BDU/LUNUGA/LI/22/0309,BDU220310,Badulla,Lunugala,,Udakiruwa,92A,උඩකිරුව,,,,,,,,,,7.062963,81.23082
Other,OTHER,NBRO/LRRMD-BDL/BDU/LUNUGA/LI/22/0310,BDU220311,Badulla,Lunugala,,Udakiruwa,92A,උඩකිරුව,,,,,,,,,,7.058368,81.2307
Other,OTHER,NBRO/LRRMD-BDL/BDU/LUNUGA/LI/22/0311,BDU220312,Badulla,Lunugala,,Madulsima,89C,"මඩොල්සිම ග්‍රාම නිලධාරී වසමේ, පිහිටා ඇති ඌව කැළේවත්ත පේළි නිවාස අංක 15 අසළ.",,,,,,,,,,7.036433,81.166186
Other,OTHER,NBRO/LRRMD-BDL/BDU/LUNUGA/LI/22/0312,BDU220313,Badulla,Lunugala,,Udakiruwa,92A,උඩකිරුව,,,,,,,,,,7.060687,81.231523
Other,OTHER,NBRO/LRRMD-BDL/BDU/LUNUGA/LI/22/0313,BDU220314,Badulla,Lunugala,,Yapamma,94B,යපම්ම,,,,,,,,,,7.009476,81.194101
Other,OTHER,NBRO/LRRMD-BDL/BDU/LUNUGA/LI/22/0314,BDU220315,Badulla,Lunugala,,Attanaola,94F,අත්තනගොල්ල,,,,,,,,,,7.040175,81.205663
Other,OTHER,NBRO/LRRMD-BDL/BDU/HAPUTA/LI/22/0322,BDU220323,Badulla,Haputale,,Kahagolla,64,"ගල්පට්ටි අරාව, කහගොල්ල, හපුතලේ",,,,,,,,,,6.814508,80.967666
Other,OTHER,NBRO/LRRMD-BDL/BDU/HAPUTA/LI/22/0323,BDU220324,Badulla,Haputale,,Kolathenne,63P,"ඉළුක්අරාව, කොළතැන්න, හපුතලේ",,,,,,,,,,6.774717,80.948553
Other,OTHER,NBRO/LRRMD-BDL/BDU/HAPUTA/LI/22/0324,BDU220325,Badulla,Haputale,,Welanhinna,63J,"කහඹිලිය, වෙලන්හින්න, හපුතලේ",,,,,,,,,,6.801453,80.93398
Other,OTHER,NBRO/LRRMD-BDL/BDU/HAPUTA/LI/22/0325,BDU220326,Badulla,Haputale,,Bingethenna,64G,"බිංගේතැන්න, හපුතලේ",,,,,,,,,,6.820782,80.96558
Other,OTHER,NBRO/LRRMD-BDL/BDU/HAPUTA/LI/22/0326,BDU220327,Badulla,Haputale,,Ranjallawa,64C,"රංජල්ලාව, හපුතලේ",,,,,,,,,,6.822125,80.974299
Other,OTHER,NBRO/LRRMD-BDL/BDU/HAPUTA/LI/22/0327,BDU220328,Badulla,Haputale,,Horadorowwa,63E,"හොරදොරොව්ව, හපුතලේ",,,,,,,,,,6.787947,80.907305
Other,OTHER,NBRO/LRRMD-BDL/BDU/HAPUTA/LI/22/0328,BDU220329,Badulla,Haputale,,Ranjallawa,64C,"රංජල්ලාව, හපුතලේ",,,,,,,,,,6.829302,80.979717
Other,OTHER,NBRO/LRRMD-BDL/BDU/HAPUTA/LI/22/0329,BDU220330,Badulla,Haputale,,Kahagolla,64,"කහගොල්ල, තැන්නපිටිය, මුල්ලේගෙදර",,,,,,,,,,6.815954,80.973515
Other,OTHER,NBRO/LRRMD-BDL/BDU/HAPUTA/LI/22/0330,BDU220331,Badulla,Haputale,,Kahagolla,64,"කහගොල්ල, හපුතලේ",,,,,,,,,,6.814232,80.974663
Other,OTHER,NBRO/LRRMD-BDL/BDU/HAPUTA/LI/22/0332,BDU220333,Badulla,Haputale,,Glenanore,64F,"ග්ලැනෝර්වත්ත, හපුතලේ",,,,,,,,,,6.782597,80.922235
Other,OTHER,NBRO/LRRMD-BDL/BDU/MEEGAH/LI/22/0343,BDU220344,Badulla,Meegahakivula,,Meegahakivula,22,"මීගහකිවුල බහුකාර්යය ගොඩනැගිල්ල, මීගහකිවුල",,,,,,,,,,7.13616,81.04506
Other,OTHER,NBRO/LRRMD-BDL/BDU/MEEGAH/LI/22/0344,BDU220345,Badulla,Meegahakivula,,Watagommana,16E,"බහුකාර්යය ගොඩනැගිල්ල, වටෙගාම්මන, මීගහකිවුල",,,,,,,,,,7.12849,81.13301
Other,OTHER,NBRO/LRRMD-BDL/BDU/MEEGAH/LI/22/0345,BDU220346,Badulla,Meegahakivula,,Morahela,21,"මොරහෙල බහුකාර්යය ගොඩනැගිල්ල, මොරහෙල, මීගහකිවුල",,,,,,,,,,7.08813,81.09625
Other,OTHER,NBRO/LRRMD-BDL/BDU/MEEGAH/LI/22/0346,BDU220347,Badulla,Meegahakivula,,Wewathenne,16B,"බතලහේන - වැවතැන්න, මීගහකිවුල",,,,,,,,,,7.11121,81.11726
Other,OTHER,NBRO/LRRMD-BDL/BDU/MEEGAH/LI/22/0347,BDU220348,Badulla,Meegahakivula,,Polgaha Arawa,22E,"හෙලහේන, පොල්ගහඅරාව, මීගහකිවුල",,,,,,,,,,7.13987,81.09399
Other,OTHER,NBRO/LRRMD-BDL/BDU/MEEGAH/LI/22/0348,BDU220349,Badulla,Meegahakivula,,Kalugahakandura,16,"බීරගහඅරාව කෙලළාවත්ත, කළුගහකඳුර, මීගහකිවුල",,,,,,,,,,7.12624,81.10097
Other,OTHER,NBRO/LRRMD-BDL/BDU/ELLA/LI/22/0349,BDU220350,Badulla,Ella,,Nawela East,72A,"කීනගහවත්ත, නාවෙලගම, බල්ලකෙටුව",,,,,,,,,,6.878997,81.09265
Other,OTHER,NBRO/LRRMD-BDL/BDU/ELLA/LI/22/0350,BDU220351,Badulla,Ella,,Nawela East,72A,"කොස්වත්ත, නාවෙලගම, බල්ලකෙටුව",,,,,,,,,,6.877316,81.093985
Other,OTHER,NBRO/LRRMD-BDL/BDU/ELLA/LI/22/0351,BDU220352,Badulla,Ella,,Galtenhena,72E,"රිටිගහඅරාව, හෙළ පුපුල, ඇල්ල",,,,,,,,,,6.883876,81.0962
Other,OTHER,NBRO/LRRMD-BDL/BDU/ELLA/LI/22/0352,BDU220353,Badulla,Ella,,Galtenhena,72E,"අරුණසිරි, වැරණිය වත්ත, හෙළ පුපුල, ඇල්ල",,,,,,,,,,6.881406,81.089913
Other,OTHER,NBRO/LRRMD-BDL/BDU/ELLA/LI/22/0353,BDU220354,Badulla,Ella,,Galtenhena,72E,"පිහිල්ලඅරාව, හෙළ පුපුල, ඇල්ල",,,,,,,,,,6.882836,81.094559
Other,OTHER,NBRO/LRRMD-BDL/BDU/ELLA/LI/22/0355,BDU220356,Badulla,Ella,,Nawela East,72A,"පල්අරාවත්ත,  නාවෙල, බල්ලකෙටුව",,,,,,,,,,6.877961,81.091629
Other,OTHER,NBRO/LRRMD-BDL/BDU/ELLA/LI/22/0356,BDU220357,Badulla,Ella,,Karandagolla,69A,"ඌවකරඳගොල්,, ඇල්ල",,,,,,,,,,6.824656,81.077252
Other,OTHER,NBRO/LRRMD-BDL/BDU/ELLA/LI/22/0357,BDU220358,Badulla,Ella,,Karandagolla,69A,"ඌවකරඳගොල්ල, ඇල්ල",,,,,,,,,,6.823322,81.077439
Other,OTHER,NBRO/LRRMD-BDL/BDU/ELLA/LI/22/0361,BDU220362,Badulla,Ella,,Kirinda,68D,"ක්ෂේත්‍ර අංක 06, උඩුවර වත්ත ඉහළ කොටස, වළස්බැද්ද",,,,,,,,,,6.902899,81.048662
Other,OTHER,NBRO/LRRMD-BDL/BDU/ELLA/LI/22/0362,BDU220363,Badulla,Ella,,Maduragama,68C,"බෝඹුහින්න, ගොටුවල, ඇල්ල",,,,,,,,,,6.883734,81.057609
Other,OTHER,NBRO/LRRMD-BDL/BDU/ELLA/LI/22/0363,BDU220364,Badulla,Ella,,Maduragama,68C,"මැදහින්න, ගොටුවල, ඇල්ල",,,,,,,,,,6.87943,81.058345
Other,OTHER,NBRO/LRRMD-BDL/BDU/ELLA/LI/22/0364,BDU220365,Badulla,Ella,,Maduragama,68C,"මැදහින්න, ගොටුවල, ඇල්ල",,,,,,,,,,6.87943,81.058345
Other,OTHER,NBRO/LRRMD-BDL/BDU/ELLA/LI/22/0365,BDU220366,Badulla,Ella,,Maduragama,68C,"මීරියකැලේ, ගොටුවල, ඇල්ල",,,,,,,,,,6.885902,81.053899
Other,OTHER,NBRO/LRRMD-BDL/BDU/ELLA/LI/22/0368,BDU220369,Badulla,Ella,,Beddewela,72H,"වටගොඩ කොළනිය, බැද්දෙවෙල",,,,,,,,,,6.895874,81.077296
Other,OTHER,NBRO/LRRMD-BDL/BDU/ELLA/LI/22/0369,BDU220370,Badulla,Ella,,Beddewela,72H,"වටගොඩ, බැද්දෙවෙල, ගවරවෙල, දෙමෝදර",,,,,,,,,,6.89532,81.077251
Other,OTHER,NBRO/LRRMD-BDL/BDU/ELLA/LI/22/0370,BDU220371,Badulla,Ella,,Beddewela,72H,"මැදවත්ත කොළනිය, බැද්දෙවෙල",,,,,,,,,,6.897371,81.078376
Other,OTHER,NBRO/LRRMD-BDL/BDU/ELLA/LI/22/0371,BDU220372,Badulla,Ella,,Beddewela,72H,"මැදවත්ත කොළනිය, බැද්දෙවෙල, දෙමෝදර",,,,,,,,,,6.899219,81.075277
Other,OTHER,NBRO/LRRMD-BDL/BDU/ELLA/LI/22/0372,BDU220373,Badulla,Ella,,Beddewela,72H,"අඹගහවත්ත, බැද්දෙවෙල, දෙමෝදර",,,,,,,,,,6.897091,81.079271
Other,OTHER,NBRO/LRRMD-BDL/BDU/ELLA/LI/22/0373,BDU220374,Badulla,Ella,,Beddewela,72H,"මැදඅරාව, බැද්දේවෙල, ගවරවෙල, දෙමෝදර",,,,,,,,,,6.898729,81.077899
Other,OTHER,NBRO/LRRMD-BDL/BDU/ELLA/LI/22/0374,BDU220375,Badulla,Ella,,Beddewela,72H,"අලුත්වෙල, බැද්දේවෙල, ගවරවෙල, දෙමෝදර",,,,,,,,,,6.9022,81.081366
Other,OTHER,NBRO/LRRMD-BDL/BDU/ELLA/LI/22/0375,BDU220376,Badulla,Ella,,Beddewela,72H,"අලුත්හේන, බැද්දේවෙල, දෙමෝදර",,,,,,,,,,6.901452,81.082107
Other,OTHER,NBRO/LRRMD-BDL/BDU/ELLA/LI/22/0377,BDU220378,Badulla,Ella,,Heeloya,69B,"KINELLAN ESTATE, HEELOYA, ELLA",,,,,,,,,,6.858311,81.032076
Other,OTHER,NBRO/LRRMD-BDL/BDU/ELLA/LI/22/0378,BDU220379,Badulla,Ella,,Pupula,72C,"පිටපොළ, හුණුකොටුව, ඇල්ල",,,,,,,,,,6.894947,81.093369
Other,OTHER,NBRO/LRRMD-BDL/BDU/ELLA/LI/22/0379,BDU220380,Badulla,Ella,,Pupula,72C,"පිටපොළ, හෙළපුපුල, ඇල්ල",,,,,,,,,,6.893325,81.092099
Other,OTHER,NBRO/LRRMD-BDL/BDU/ELLA/LI/22/0380,BDU220381,Badulla,Ella,,Pupula West,72D,"වේවැල් අකුල, බැද්දේවෙල, දෙමෝදර",,,,,,,,,,6.899335,81.082881
Other,OTHER,NBRO/LRRMD-BDL/BDU/ELLA/LI/22/0383,BDU220384,Badulla,Ella,,Nawela East,72A,"පිටපොළ පාර, බල්ලකෙටුව",,,,,,,,,,6.870596,81.096942
Other,OTHER,NBRO/LRRMD-BDL/BDU/ELLA/LI/22/0384,BDU220385,Badulla,Ella,,Nawela East,72A,"පල්ලෙඅරාව, නාවෙලගම, බල්ලකැටුව",,,,,,,,,,6.87791,81.09139
Other,OTHER,NBRO/LRRMD-BDL/BDU/ELLA/LI/22/0385,BDU220386,Badulla,Ella,,Nawela East,72A,"කීණිගහවත්ත, නාවෙලගම, බල්ලකැටුව",,,,,,,,,,6.878955,81.09264
Other,OTHER,NBRO/LRRMD-BDL/BDU/ELLA/LI/22/0386,BDU220387,Badulla,Ella,,Ballaketuwa,72B,"ගලපිටකන්දවත්ත, බල්ලකෙටුව",,,,,,,,,,6.86867,81.09215
Other,OTHER,NBRO/LRRMD-BDL/BDU/ELLA/LI/22/0387,BDU220388,Badulla,Ella,,Pupula West,72D,"ලියන්ගහවෙල, නාවෙලගම, ඇල්ල",,,,,,,,,,6.890655,81.08203
Other,OTHER,NBRO/LRRMD-BDL/BDU/ELLA/LI/22/0388,BDU220389,Badulla,Ella,,Pupula West,72D,"අඹගහපතන, ඇල්ල",,,,,,,,,,6.87361,81.090506
Other,OTHER,NBRO/LRRMD-BDL/BDU/ELLA/LI/22/0392,BDU220393,Badulla,Ella,,Pupula West,72D,"අඹගහපතන, හෙළපුපුල, ඇල්ල",,,,,,,,,,6.89392,81.088645
Other,OTHER,NBRO/LRRMD-BDL/BDU/ELLA/LI/22/0393,BDU220394,Badulla,Ella,,Ballaketuwa,72B,"තෙඹියගෙදර, හෙළපුපුල, ඇල්ල",,,,,,,,,,6.893003,81.094031
Other,OTHER,NBRO/LRRMD-BDL/BDU/ELLA/LI/22/0394,BDU220395,Badulla,Ella,,Ballaketuwa,72B,"ඉඹුල්ගොඩගෙදර, හෙළපුපුල, ඇල්ල",,,,,,,,,,6.893429,81.093962
Other,OTHER,NBRO/LRRMD-BDL/BDU/ELLA/LI/22/0395,BDU220396,Badulla,Ella,,Ballaketuwa,72B,"හෙළපුපුල, ඉලුක්වත්ත, ඇල්ල",,,,,,,,,,6.89002,81.09362
Other,OTHER,NBRO/LRRMD-BDL/BDU/ELLA/LI/22/0396,BDU220397,Badulla,Ella,,Govussa,71A,"කන්දේකුඹුර, ගෝවුස්ස, ඇල්ල",,,,,,,,,,6.85159,81.08007
Other,OTHER,NBRO/LRRMD-BDL/BDU/LUNUGA/LI/22/0400,BDU220401,Badulla,Lunugala,,Hopton,94H,පුල්ලෙයාර් කඳුර අසළ,,,,,,,,,,6.995159,81.198231
Other,OTHER,NBRO/LRRMD-BDL/BDU/LUNUGA/LI/22/0401,BDU220402,Badulla,Lunugala,,Rendapola,94J,රේන්දපොළ,,,,,,,,,,6.987495,81.198261
Other,OTHER,NBRO/LRRMD-BDL/BDU/LUNUGA/LI/22/0402,BDU220403,Badulla,Lunugala,,Rendapola,94J,රේන්දපොළ,,,,,,,,,,6.988135,81.197901
Other,OTHER,NBRO/LRRMD-BDL/BDU/LUNUGA/LI/22/0403,BDU220404,Badulla,Lunugala,,Yapamma,94B,යපම්ම,,,,,,,,,,6.999615,81.196156
Other,OTHER,NBRO/LRRMD-BDL/BDU/LUNUGA/LI/22/0404,BDU220405,Badulla,Lunugala,,Yapamma,94B,යපම්ම,,,,,,,,,,7.0033,81.198439
Other,OTHER,NBRO/LRRMD-BDL/BDU/BADULL/LI/22/0457,BDU220482,Badulla,Badulla,,Badulla North,78A,ඔලියමණ්ඩිය,,,,,,,,,,7.0031,81.055361
Other,OTHER,NBRO/LRRMD-BDL/BDU/BADULL/LI/22/0458,BDU220483,Badulla,Badulla,,Badulla North,78A,පුවක්ගොඩමුල්ල,,,,,,,,,,7.0025937,81.055738
Other,OTHER,NBRO/LRRMD-BDL/BDU/BADULL/LI/22/0459,BDU220484,Badulla,Badulla,,Badulla North,78A,රත්වත්ත මාවත,,,,,,,,,,7.0021618,81.0549083
Other,OTHER,NBRO/LRRMD-BDL/BDU/BADULL/LI/22/0460,BDU220485,Badulla,Badulla,,Badulla North,78A,ඔලියමන්ඩිය,,,,,,,,,,7.002456,81.05507
Other,OTHER,NBRO/LRRMD-BDL/BDU/BADULL/LI/22/0461,BDU220486,Badulla,Badulla,,Badulla North,78A,කරුණාපුර,,,,,,,,,,7.006121,81.053165
Other,OTHER,NBRO/LRRMD-BDL/BDU/BADULL/LI/22/0462,BDU220487,Badulla,Badulla,,Badulla North,78A,කරුණාපුර,,,,,,,,,,7.055132,81.054693
Other,OTHER,NBRO/LRRMD-BDL/BDU/BADULL/LI/22/0463,BDU220488,Badulla,Badulla,,Badulla North,78A,ඔලියමන්ඩිය,,,,,,,,,,7.004085,81.0557
Other,OTHER,NBRO/LRRMD-BDL/BDU/BADULL/LI/22/0464,BDU220531,Badulla,Badulla,,Badulla North,78A,රත්වත්ත මාවත,,,,,,,,,,7.002166,81.0549072
Other,OTHER,NBRO/LRRMD-BDL/BDU/SORANA/LI/22/0472,BDU221032,Badulla,Soranathota,,Idamegama,27B,"හාල්අරාව, ඉඩමේගම, කන්දෙගෙදර",,,,,,,,,,7.024601,81.0217477
Other,OTHER,NBRO/LRRMD-BDL/BDU/SORANA/LI/22/0473,BDU221033,Badulla,Soranathota,,Rideepana,26C,"අංක 24, කෝපිහේන, මැඩිතල, රිදීපාන",,,,,,,,,,7.02206,81.053879
Other,OTHER,NBRO/LRRMD-BDL/BDU/ELLA/LI/22/0478,BDU221055,Badulla,Ella,,Nawela East,72A,"කබරගල, නාවෙලගම, බල්ලකෙටුව",,,,,,,,,,6.87586,81.09523
Other,OTHER,NBRO/LRRMD-BDL/BDU/BADULL/LI/22/0483,BDU221068,Badulla,Badulla,,Kailagoda,78G,කයිලගොඩ,,,,,,,,,,6.99963,81.060901
Other,OTHER,NBRO/LRRMD-BDL/BDU/BADULL/LI/22/0484,BDU221069,Badulla,Badulla,,Kailagoda,78G,කයිලගොඩ,,,,,,,,,,6.999593,81.06095
Other,OTHER,NBRO/LRRMD-BDL/BDU/BADULL/LI/22/0485,BDU221070,Badulla,Badulla,,Kailagoda,78G,කයිලගොඩ,,,,,,,,,,6.999654,81.060828
Other,OTHER,NBRO/LRRMD-BDL/BDU/BADULL/LI/22/0486,BDU221071,Badulla,Badulla,,Kailagoda,78G,කයිලගොඩ,,,,,,,,,,6.999627,81.061004
Other,OTHER,NBRO/LRRMD-BDL/BDU/HALDUM/LI/22/0488,BDU221073,Badulla,Haldummulla,,Uvathenna,158C,Dehigahamadiththa,,,,,,,,,,6.762705,80.844611
Other,OTHER,NBRO/LRRMD-BDL/BDU/ELLA/LI/22/0497,BDU221105,Badulla,Ella,,Namunukula,72B1,Namunukula,,,,,,,,,,6.876257,81.113881
Other,OTHER,NBRO/LRRMD-BDL/BDU/BANDAR/LI/22/0499,BDU221107,Badulla,Bandarawela,,Kebillawela North,67D,"M.M රුපාවතී,හෙරලියගස්කුඹුර,උතුරු කබිල්ලේවෙල,බණ්ඩාරවෙල",,,,,,,,,,6.84296,80.99395
Other,OTHER,NBRO/LRRMD-BDL/BDU/BANDAR/LI/22/0500,BDU221108,Badulla,Bandarawela,,Kebillawela North,67D,"රෝටෝරුව,උතුරු කබිල්ලෙවෙල,බණ්ඩාරවෙල",,,,,,,,,,6.83544,80.99723
Other,OTHER,NBRO/LRRMD-BDL/BDU/BANDAR/LI/22/0501,BDU221109,Badulla,Bandarawela,,Kebillawela North,67D,"132,බක්කරවත්ත,උතුරු කබිල්ලේවෙල,බණ්ඩාරවෙල",,,,,,,,,,6.83687,80.99775
Other,OTHER,NBRO/LRRMD-BDL/BDU/ELLA/LI/22/0504,BDU221112,Badulla,Ella,,Maduragama,68C,Halpe,,,,,,,,,,6.88795,81.04724
Other,OTHER,NBRO/LRRMD-BDL/BDU/BANDAR/LI/22/0505,BDU221116,Badulla,Bandarawela,,Kinigama,66,Kinigama,,,,,,,,,,6.828114,81.006091
Other,OTHER,NBRO/LRRMD-BDL/BDU/BANDAR/LI/22/0506,BDU221117,Badulla,Bandarawela,,Kinigama,66,Kinigama,,,,,,,,,,6.82785,81.002931
Other,OTHER,NBRO/LRRMD-BDL/BDU/BANDAR/LI/22/0508,BDU221121,Badulla,Bandarawela,,Kebillawela North,67D,"අංක 132, බක්කරවත්ත, උතුරු කැබිල්ලේවෙල, බණ්ඩාරවෙල",,,,,,,,,,6.84296,80.99395
Other,OTHER,NBRO/LRRMD-BDL/BDU/BANDAR/LI/22/0509,BDU221122,Badulla,Bandarawela,,Kebillawela North,67D,"කුරුඳුගොල්ල, උතුරු කැබිල්ලේවෙල, බණ්ඩාරවෙල",,,,,,,,,,6.83895,80.99934
Other,OTHER,NBRO/LRRMD-BDL/BDU/HALDUM/LI/22/0513,BDU221124,Badulla,Haldummulla,,Mahakanda,155N,"මහ කන්ද, පෙට්ටිගල කොටස.",,,,,,,,,,6.767888,81.047065
Other,OTHER,NBRO/LRRMD-BDL/BDU/MEEGAH/LI/22/0518,BDU221153,Badulla,Meegahakivula,,Pitamaruwa,16A,"පහලතැන්න, සූරියගොල්ල, පිටමාරුව.",,,,,,,,,,7.09631,81.1373
Other,OTHER,NBRO/LRRMD-BDL/BDU/MEEGAH/LI/22/0519,BDU221154,Badulla,Meegahakivula,,Wewathenne,16B,,,,,,,,,,,7.104381,81.11972
Other,OTHER,NBRO/LRRMD-BDL/BDU/BADULL/LI/22/0529,BDU221168,Badulla,Badulla,,Kailagoda,78G,"T.M. තාහීර්ක , 48/4B, රත්පහ, රවුම් පාර, බදුල්ල.",,,,,,,,,,7.00435,81.058516
Other,OTHER,NBRO/LRRMD-BDL/BDU/BADULL/LI/22/0530,BDU221169,Badulla,Badulla,,Kailagoda,78G,"H.M.P. දිසානායක, අංක 58, රත්පහ, රවුම් පාර, බදුල්ල.",,,,,,,,,,7.006266,81.058451
Other,OTHER,NBRO/LRRMD-BDL/BDU/BADULL/LI/22/0531,BDU221170,Badulla,Badulla,,Kailagoda,78G,"H.M.V. මල්කාන්ති, අංක 48/B/14, රත්පහ, රවුම් පාර, බදුල්ල.",,,,,,,,,,7.00435,81.058517
Other,OTHER,NBRO/LRRMD-BDL/BDU/BADULL/LI/22/0532,BDU221171,Badulla,Badulla,,Kailagoda,78G,"R.M. දයාරත්න, අංක 44B, රත්පහ, රවුම් පාර, බදුල්ල.",,,,,,,,,,7.00456,81.058526
Other,OTHER,NBRO/LRRMD-BDL/BDU/BANDAR/LI/22/0536,BDU221177,Badulla,Bandarawela,,Weheragalathenna,66F,"නාරලන්ද, කුරුදුගොල්ල, මකුල්ඇල්ල, බණ්ඩාරවෙල.",,,,,,,,,,6.841187,81.034535
Other,OTHER,NBRO/LRRMD-BDL/BDU/ELLA/LI/22/0561,BDU221207,Badulla,Ella,,Pupula,72C,,,,,,,,,,,6.87516,81.09581
Other,OTHER,NBRO/LRRMD-BDL/BDU/ELLA/LI/22/0562,BDU221208,Badulla,Ella,,Pupula,72C,,,,,,,,,,,6.88054,81.0705
Other,OTHER,NBRO/LRRMD-BDL/BDU/BANDAR/LI/22/0563,BDU221209,Badulla,Bandarawela,,Mathatilla,67J,"උඩ අරාව, මිරහවත්ත.",,,,,,,,,,6.859707,80.961312
Other,OTHER,NBRO/LRRMD-BDL/BDU/BANDAR/LI/22/0564,BDU221210,Badulla,Bandarawela,,Mathatilla,67J,"උඩ අරාව, මිරහවත්ත.",,,,,,,,,,6.860062,80.961517
Other,OTHER,NBRO/LRRMD-BDL/BDU/BANDAR/LI/22/0565,BDU221211,Badulla,Bandarawela,,Mathatilla,67J,"උඩ අරාව, මිරහවත්ත.",,,,,,,,,,6.859665,80.959601
Other,OTHER,NBRO/LRRMD-BDL/BDU/BANDAR/LI/22/0566,BDU221212,Badulla,Bandarawela,,Mathatilla,67J,"උඩ අරාව, මිරහවත්ත.",,,,,,,,,,6.858994,80.960922
Other,OTHER,NBRO/LRRMD-BDL/BDU/BANDAR/LI/22/0567,BDU221213,Badulla,Bandarawela,,Mathatilla,67J,"උඩ අරාව, මිරහවත්ත.",,,,,,,,,,6.859329,80.959912
Other,OTHER,NBRO/LRRMD-BDL/BDU/BANDAR/LI/22/0568,BDU221214,Badulla,Bandarawela,,Mathatilla,67J,"උඩ අරාව, මිරහවත්ත.",,,,,,,,,,6.858592,80.961467
Other,OTHER,NBRO/LRRMD-BDL/BDU/BANDAR/LI/22/0569,BDU221215,Badulla,Bandarawela,,Mathatilla,67J,"උඩ අරාව, මිරහවත්ත.",,,,,,,,,,6.86026,80.96082
Other,OTHER,NBRO/LRRMD-BDL/BDU/BANDAR/LI/22/0570,BDU221216,Badulla,Bandarawela,,Mathatilla,67J,"උඩ අරාව, මිරහවත්ත.",,,,,,,,,,6.86075,80.961592
Other,OTHER,NBRO/LRRMD-BDL/BDU/BANDAR/LI/22/0571,BDU221218,Badulla,Bandarawela,,Kebillawela North,67D,"උතුරු කැබිල්ලවෙල, බණ්ඩාරවෙල.",,,,,,,,,,6.84631,80.99139
Other,OTHER,NBRO/LRRMD-BDL/BDU/BANDAR/LI/22/0572,BDU221219,Badulla,Bandarawela,,Kebillawela North,67D,"රොටෝරුව, උ.කැබිල්ලවෙල, බණ්ඩාරවෙල.",,,,,,,,,,6.83544,80.99723
Other,OTHER,NBRO/LRRMD-BDL/BDU/BANDAR/LI/22/0573,BDU221220,Badulla,Bandarawela,,Kebillawela North,67D,රොටෝරුව,,,,,,,,,,6.83544,80.99723
Other,OTHER,NBRO/LRRMD-BDL/BDU/BANDAR/LI/22/0574,BDU221221,Badulla,Bandarawela,,Kebillawela North,67D,"අංක 179, උ. කැබිල්ලෙවෙල, බණ්ඩාරවෙල.",,,,,,,,,,6.83904,80.99937
Other,OTHER,NBRO/LRRMD-BDL/BDU/BANDAR/LI/22/0575,BDU221222,Badulla,Bandarawela,,Kebillawela North,67D,"කුරුදුගොල්ල, බණ්ඩාරවෙල.",,,,,,,,,,6.83947,80.99938
Other,OTHER,NBRO/LRRMD-BDL/BDU/BANDAR/LI/22/0576,BDU221223,Badulla,Bandarawela,,Kebillawela North,67D,"කුරුදුගොල්ල, බණ්ඩාරවෙල.",,,,,,,,,,6.83957,80.99928
Other,OTHER,NBRO/LRRMD-BDL/BDU/BANDAR/LI/22/0577,BDU221224,Badulla,Bandarawela,,Kebillawela North,67D,"උ.කැබිල්ලෙවෙල, බණ්ඩාරවෙල.",,,,,,,,,,6.83769,80.99906
Other,OTHER,NBRO/LRRMD-BDL/BDU/BANDAR/LI/22/0587,BDU221244,Badulla,Bandarawela,,Kebillawela North,67D,උතුරු කබිල්ලෙවෙල,,,,,,,,,,6.83769,80.99906
Other,OTHER,NBRO/LRRMD-BDL/BDU/BANDAR/LI/22/0588,BDU221245,Badulla,Bandarawela,,Kebillawela North,67D,උතුරු කබිල්ලෙවෙල,,,,,,,,,,6.83767,80.99928
Other,OTHER,NBRO/LRRMD-BDL/BDU/BADULL/LI/22/0601,BDU221284,Badulla,Badulla,,Badulla Central,78D,දිස්ත්‍රික් ලේකම් කාර්යාලයේ දිස්ත්‍රික් කෘෂිකර්ම අධ්‍යක්ෂක කාර්යාලය පිහිටා ඇති ගොඩනැගිල්ල,,,,,,,,,,6.99066,81.05656
Other,OTHER,NBRO/LRRMD-BDL/BDU/SORANA/LI/22/0607,BDU221311,Badulla,Soranathota,,Kirioruwa,27,"ලීමගස්තැන්න, කිරිඔරුව, කන්දෙගෙදර.",,,,,,,,,,7.007875,81.0377418
Other,OTHER,NBRO/LRRMD-BDL/BDU/SORANA/LI/22/0608,BDU221312,Badulla,Soranathota,,Kirioruwa,27,"ලීමගස්තැන්න, කිරිඔරුව, කන්දෙගෙදර.",,,,,,,,,,7.007875,81.037791
Other,OTHER,NBRO/LRRMD-BDL/BDU/SORANA/LI/22/0609,BDU221313,Badulla,Soranathota,,Kirioruwa,27,"ලීමගස්තැන්න, කිරිඔරුව, කන්දෙගෙදර.",,,,,,,,,,7.007865,81.0377791
Other,OTHER,NBRO/LRRMD-BDL/BDU/BANDAR/LI/22/0416,BDU221343,Badulla,Bandarawela,,Egodagama,66E,"අම්පිටිගොඩ, එගොඩගම, බණ්ඩාරවෙල",,,,,,,,,,6.834979,81.028478
Other,OTHER,NBRO/LRRMD-BDL/BDU/BANDAR/LI/22/0417,BDU221344,Badulla,Bandarawela,,Egodagama,66E,"අම්පිටිගොඩ, එගොඩගම, හීල්ඔය, බණ්ඩාරවෙල",,,,,,,,,,6.854789,81.028642
Other,OTHER,NBRO/LRRMD-BDL/BDU/BANDAR/LI/22/0420,BDU221347,Badulla,Bandarawela,,Egodagama,66E,"භාග්‍යා නිවස, කන්දෙඅරාව, කිණිගම, බණ්ඩාරවෙල",,,,,,,,,,6.831683,81.020065
Other,OTHER,NBRO/LRRMD-BDL/BDU/BANDAR/LI/22/0421,BDU221348,Badulla,Bandarawela,,Obadaelle,65F,"ගල්කඩපතන, අලවත්ත, ඔබඩඇල්ල",,,,,,,,,,6.8101051,80.981017
Other,OTHER,NBRO/LRRMD-BDL/BDU/BANDAR/LI/22/0422,BDU221349,Badulla,Bandarawela,,Ambegoda,67C,"පුරන්කුඹුර, අඹේගොඩ, බණ්ඩාරවෙල",,,,,,,,,,6.847277,80.963705
Other,OTHER,NBRO/LRRMD-BDL/BDU/BANDAR/LI/22/0423,BDU221350,Badulla,Bandarawela,,Ambegoda,67C,"පුරන්කුඹුර, අඹේගොඩ, බණ්ඩාරවෙල",,,,,,,,,,6.846862,80.963856
Other,OTHER,NBRO/LRRMD-BDL/BDU/BANDAR/LI/22/0424,BDU221351,Badulla,Bandarawela,,Egodagama,66E,"වියළවගුර, එගොඩගම, හීල්ඔය, බණ්ඩාරවෙල",,,,,,,,,,6.838143,81.023635
Other,OTHER,NBRO/LRRMD-BDL/BDU/BANDAR/LI/22/0425,BDU221352,Badulla,Bandarawela,,Egodagama,66E,"දඹගොල්ල, කන්දෙඅරාව, බණ්ඩාරවෙල",,,,,,,,,,6.829649,81.024944
Other,OTHER,NBRO/LRRMD-BDL/BDU/BANDAR/LI/22/0426,BDU221353,Badulla,Bandarawela,,Egodagama,66E,"දඹගොල්ල, කන්දෙඅරාව, බණ්ඩාරවෙල",,,,,,,,,,6.829213,81.023748
Other,OTHER,NBRO/LRRMD-BDL/BDU/BANDAR/LI/22/0427,BDU221354,Badulla,Bandarawela,,Egodagama,66E,"දමිත් සෙවන, පාසල්පතන, කන්දෙඅරාව, කිණිගම, බණ්ඩාරවෙල",,,,,,,,,,6.829566,81.017103
Other,OTHER,NBRO/LRRMD-BDL/BDU/BANDAR/LI/22/0428,BDU221355,Badulla,Bandarawela,,Egodagama,66E,"39/2, කන්දෙඅරාව, කිණිගම, බණ්ඩාරවෙල",,,,,,,,,,6.831572,81.022157
Other,OTHER,NBRO/LRRMD-BDL/BDU/BANDAR/LI/22/0429,BDU221356,Badulla,Bandarawela,,Kinigama,66,"විහාරගලපතන, දඹගොල්ල, කන්දෙඅරාව, කිණිගම, බණ්ඩාරවෙල",,,,,,,,,,6.830677,81.025325
Other,OTHER,NBRO/LRRMD-BDL/BDU/BANDAR/LI/22/0430,BDU221357,Badulla,Bandarawela,,Egodagama,66E,"23 / 1, දඹගොල්ල, කන්දෙඅරාව, බණ්ඩාරවෙල",,,,,,,,,,6.830058,81.025415
Other,OTHER,NBRO/LRRMD-BDL/BDU/BANDAR/LI/22/0431,BDU221358,Badulla,Bandarawela,,Mathatilla,67J,"බෙලිපොල, මාතැටිල්ල, මිරහවත්ත, බණ්ඩාරවෙල",,,,,,,,,,6.86532,80.952666
Other,OTHER,NBRO/LRRMD-BDL/BDU/BANDAR/LI/22/0432,BDU221359,Badulla,Bandarawela,,Konthaheta,67A,"අංක 42/1, දේවාල පාර, පනංගල",,,,,,,,,,6.84444,80.974772
Other,OTHER,NBRO/LRRMD-BDL/BDU/SORANA/LI/22/0640,BDU221363,Badulla,Soranathota,,Wattekele,24A,"වත්තේකැලේ, සොරණාතොට",,,,,,,,,,7.057145,81.069684
Other,OTHER,NBRO/LRRMD-BDL/BDU/PASSAR/LI/22/0439,BDU221377,Badulla,Passara,,Kanawerella East,87D,"කණවැරැල්ල, තුම්මාල, පස්සර බීට්ටු, නමුනුකුල",,,,,,,,,,6.889549,81.121265
Other,OTHER,NBRO/LRRMD-BDL/BDU/BANDAR/LI/22/0443,BDU221381,Badulla,Bandarawela,,Udaperuwa,66B,"හීල්ඔය පාර, ගස්වත්ත, කොළතැන්න",,,,,,,,,,6.838647,81.013156
Other,OTHER,NBRO/LRRMD-BDL/BDU/BANDAR/LI/22/0444,BDU221382,Badulla,Bandarawela,,Udaperuwa,66B,"හීල්ඔය පාර, ගස්වත්ත, කොළතැන්න",,,,,,,,,,6.839155,81.013087
Other,OTHER,NBRO/LRRMD-BDL/BDU/BANDAR/LI/22/0445,BDU221383,Badulla,Bandarawela,,Udaperuwa,66B,"හීල්ඔය පාර, ගස්වත්ත, කොළතැන්න, බණ්ඩාරවෙල",,,,,,,,,,6.838472,81.013436
Other,OTHER,NBRO/LRRMD-BDL/BDU/BANDAR/LI/22/0446,BDU221384,Badulla,Bandarawela,,Udaperuwa,66B,"3 / 2, මහගලහින්න, කොළතැන්න, හීල්ඔය පාර, බණ්ඩාරවෙල",,,,,,,,,,6.839223,81.012985
Other,OTHER,NBRO/LRRMD-BDL/BDU/BANDAR/LI/22/0447,BDU221385,Badulla,Bandarawela,,Udaperuwa,66B,"3 A, නෙල්ලිගහවත්ත, හීල්ඔය පාර, කොළතැන්න",,,,,,,,,,6.839016,81.014079
Other,OTHER,NBRO/LRRMD-BDL/BDU/BANDAR/LI/22/0448,BDU221386,Badulla,Bandarawela,,Udaperuwa,66B,"කොළතැන්න, බණ්ඩාරවෙල",,,,,,,,,,6.839592,81.0121
Other,OTHER,NBRO/LRRMD-BDL/BDU/BANDAR/LI/22/0449,BDU221388,Badulla,Bandarawela,,Udaperuwa,66B,"අංක 170, මීරියගහ ළඟ, හීල්ඔය පාර, බණ්ඩාරවෙල",,,,,,,,,,6.83838,81.00798
Other,OTHER,NBRO/LRRMD-BDL/BDU/BANDAR/LI/22/0450,BDU221389,Badulla,Bandarawela,,Udaperuwa,66B,"අංක 170, මීරියගහළඟ, හීල්ඔය පාර, බණ්ඩාරවෙල",,,,,,,,,,6.839016,81.014079
Other,OTHER,NBRO/LRRMD-BDL/BDU/BANDAR/LI/22/0451,BDU221390,Badulla,Bandarawela,,Thanthiriya,66G,"උඩුහුල්පොත, කිණිගම, බණ්ඩාරවෙල",,,,,,,,,,6.835294,81.004939
Other,OTHER,NBRO/LRRMD-BDL/BDU/SORANA/LI/22/0454,BDU221393,Badulla,Soranathota,,Soranathota,28,සොරණාතොට,,,,,,,,,,7.022925,81.045269
Other,OTHER,NBRO/LRRMD-BDL/BDU/SORANA/LI/22/0455,BDU221394,Badulla,Soranathota,,Kithulwattagama,26B,කිතුල්වත්ත,,,,,,,,,,7.011764,81.039583
Other,OTHER,NBRO/LRRMD-BDL/BDU/SORANA/LI/22/0456,BDU221395,Badulla,Soranathota,,Pussellawa,23AA,"බෝමළුවේ නිවස, පුස්සැල්ලාව, තල්දෙන, බදුල්ල",,,,,,,,,,7.054548,81.052649
Other,OTHER,NBRO/LRRMD-BDL/BDU/SORANA/LI/22/0459,BDU221398,Badulla,Soranathota,,Kandegedara Town,27A,"අංක 07, අඹගස්වත්ත, කන්දෙගෙදර",,,,,,,,,,7.0170776,81.01947
Other,OTHER,NBRO/LRRMD-BDL/BDU/ELLA/LI/22/0461,BDU221400,Badulla,Ella,,Pupula,72C,"කබරගල, නාවෙල, බල්ලකෙටුව",,,,,,,,,,6.87516,81.09581
Other,OTHER,NBRO/LRRMD-BDL/BDU/ELLA/LI/22/0462,BDU221401,Badulla,Ella,,Pupula,72C,"පිටපොල පාර, කබරගල, බල්ලකෙටුව",,,,,,,,,,6.88054,81.0705
Other,OTHER,NBRO/LRRMD-BDL/BDU/BANDAR/LI/23/0001,BDU230001,Badulla,Bandarawela,,Mathatilla,67J,"මාතැටිල්ල, මිරහවත්ත.",,,,,,,,,,6.8633,80.958387
Other,OTHER,NBRO/LRRMD-BDL/BDU/BANDAR/LI/23/0612,BDU230002,Badulla,Bandarawela,,Mathatilla,67J,"මාතැටිල්ල, මිරහවත්ත.",,,,,,,,,,6.863236,80.957882
Other,OTHER,NBRO/LRRMD-BDL/BDU/BANDAR/LI/23/0613,BDU230003,Badulla,Bandarawela,,Mathatilla,67J,"මාතැටිල්ල, මිරහවත්ත.",,,,,,,,,,6.863324,80.95662
Other,OTHER,NBRO/LRRMD-BDL/BDU/BANDAR/LI/23/0614,BDU230004,Badulla,Bandarawela,,Mathatilla,67J,"මාතැටිල්ල, මිරහවත්ත.",,,,,,,,,,6.862883,80.955509
Other,OTHER,NBRO/LRRMD-BDL/BDU/BANDAR/LI/23/0615,BDU230005,Badulla,Bandarawela,,Mathatilla,67J,"මාතැටිල්ල, මිරහවත්ත.",,,,,,,,,,6.861735,80.95497
Other,OTHER,NBRO/LRRMD-BDL/BDU/BANDAR/LI/23/0616,BDU230006,Badulla,Bandarawela,,Mathatilla,67J,"මාතැටිල්ල, මිරහවත්ත.",,,,,,,,,,6.861021,80.955175
Other,OTHER,NBRO/LRRMD-BDL/BDU/BANDAR/LI/23/0617,BDU230007,Badulla,Bandarawela,,Mathatilla,67J,"මාතැටිල්ල, මිරහවත්ත.",,,,,,,,,,6.862036,80.955288
Other,OTHER,NBRO/LRRMD-BDL/BDU/BANDAR/LI/23/0618,BDU230008,Badulla,Bandarawela,,Mathatilla,67J,"මාතැටිල්ල, මිරහවත්ත.",,,,,,,,,,6.862172,80.959024
Other,OTHER,NBRO/LRRMD-BDL/BDU/BANDAR/LI/23/0625,BDU230015,Badulla,Bandarawela,,Wewathenna,67G,"රෝහල පාර, වැවතැන්න, බණ්ඩාරවෙල.",,,,,,,,,,6.847361,80.980275
Other,OTHER,NBRO/LRRMD-BDL/BDU/HAPUTA/LI/23/0626,BDU230016,Badulla,Haputale,,Eranawela,64B,"ඇටම්පිටිය පාර, බණ්ඩාරවෙල.",,,,,,,,,,6.843037,80.982456
Other,OTHER,NBRO/LRRMD-BDL/BDU/BANDAR/LI/23/0627,BDU230017,Badulla,Bandarawela,,Mathatilla,67J,"ගුරුගල්හින්න, දිගනතැන්න.",,,,,,,,,,6.873544,80.960465
Other,OTHER,NBRO/LRRMD-BDL/BDU/BANDAR/LI/23/0628,BDU230018,Badulla,Bandarawela,,Mathatilla,67J,"ගුරුගල්හින්න, දිගනතැන්න.",,,,,,,,,,6.872813,80.959983
Other,OTHER,NBRO/LRRMD-BDL/BDU/BANDAR/LI/23/0629,BDU230019,Badulla,Bandarawela,,Mathatilla,67J,"ගුරුගල්හින්න, දිගනතැන්න.",,,,,,,,,,6.873104,80.9599
Other,OTHER,NBRO/LRRMD-BDL/BDU/BANDAR/LI/23/0630,BDU230020,Badulla,Bandarawela,,Mathatilla,67J,"ගුරුගල්හින්න, මාතැටිල්ල.",,,,,,,,,,6.874357,80.960408
Other,OTHER,NBRO/LRRMD-BDL/BDU/BANDAR/LI/23/0631,BDU230021,Badulla,Bandarawela,,Mathatilla,67J,"ගුරුගල්හින්න, දිගනතැන්න.",,,,,,,,,,6.87348,80.96082
Other,OTHER,NBRO/LRRMD-BDL/BDU/BANDAR/LI/23/0632,BDU230022,Badulla,Bandarawela,,Mathatilla,67J,"ගුරුගල්හින්න, දිගනතැන්න.",,,,,,,,,,6.873433,80.960939
Other,OTHER,NBRO/LRRMD-BDL/BDU/BADULL/LI/22/0529,BDU230038,Badulla,Badulla,,Kailagoda,78G,"T.M. තාහීර්ක , 48/4B, රත්පහ, රවුම් පාර, බදුල්ල.",,,,,,,,,,7.00435,81.058516
Other,OTHER,NBRO/LRRMD-BDL/BDU/PASSAR/LI/23/0639,BDU230043,Badulla,Passara,,Medawelagama,89,එගොඩගල  අභ්‍යන්තර මාර්ගය,,,,,,,,,,6.966881,81.165952
Other,OTHER,NBRO/LRRMD-BDL/BDU/SORANA/LI/23/0005,BDU230062,Badulla,Soranathota,,Rideepana,26C,"තවාරන කොටස, ඉහළ මාඩිතලේ.",,,,,,,,,,7.01903,81.054757
Other,OTHER,NBRO/LRRMD-BDL/BDU/SORANA/LI/23/0006,BDU230063,Badulla,Soranathota,,Rideepana,26C,"තාවාරන කොටස, ඉහළ මාඩිතලේ.",,,,,,,,,,7.019095,81.05496
Other,OTHER,NBRO/LRRMD-BDL/BDU/SORANA/LI/23/0007,BDU230064,Badulla,Soranathota,,Rideepana,26C,,,,,,,,,,,7.019617,81.054915
Other,OTHER,NBRO/LRRMD-BDL/BDU/SORANA/LI/23/0008,BDU230065,Badulla,Soranathota,,Rideepana,26C,"තවාරන කොටස, 2 කණුව, රිදීපාන.",,,,,,,,,,7.01961,81.054915
Other,OTHER,NBRO/LRRMD-BDL/BDU/SORANA/LI/23/0009,BDU230066,Badulla,Soranathota,,Rideepana,26C,"තිඹිරිගස්පිටිය, රිදිපාන.",,,,,,,,,,7.019096,81.05499
Other,OTHER,NBRO/LRRMD-BDL/BDU/SORANA/LI/23/0010,BDU230067,Badulla,Soranathota,,Moragolla,29,"වරාගස්පිටිය, උඩවෙල, පතනවත්ත.",,,,,,,,,,7.05399,81.025882
Other,OTHER,NBRO/LRRMD-BDL/BDU/SORANA/LI/23/0012,BDU230069,Badulla,Soranathota,,Pathanegedara,24B,"වෙන්දේසි කැලේ, තැන්නපංගුව, බදුල්ල.",,,,,,,,,,7.066228,81.016098
Other,OTHER,NBRO/LRRMD-BDL/BDU/RIDEEM/LI/23/0021,BDU230079,Badulla,Rideemaliyadda,,Arawa,15,"අරාව සේවා පියස, රිදීමාලියද්ද",,,,,,,,,,7.162035,81.08061
Other,OTHER,NBRO/LRRMD-BDL/BDU/BANDAR/LI/23/0022,BDU230080,Badulla,Bandarawela,,Bandarawela West,65B,"සේනානායක මාවත, දඹගස්කැටිය, බණ්ඩාරවෙල",,,,,,,,,,6.83533,80.98985
Other,OTHER,NBRO/LRRMD-BDL/BDU/ELLA/LI/23/0028,BDU230126,Badulla,Ella,,Pupula,72C,නහවිල වත්ත තේ කර්මාන්ත ශාලාව සිට NC කොටස කෝවිල දක්වා විකල්ප මාර්ගය සැකසීම,,,,,,,,,,6.902085,81.099287
Other,OTHER,NBRO/LRRMD-BDL/BDU/HALDUM/LI/23/0029,BDU230127,Badulla,Haldummulla,,Ranasinghegama,155H,මොනරගස්කන්දගම කැබලි අංක 16 හා 17 යන ඉඩම්,,,,,,,,,,6.75392,81.004915
Other,OTHER,NBRO/LRRMD-BDL/BDU/BANDAR/LI/23/0040,BDU230170,Badulla,Bandarawela,,Mathatilla,67J,"ගුරුගල්හින්න, මාතැටිල්ල.",,,,,,,,,,6.871046,80.962658
Other,OTHER,NBRO/LRRMD-BDL/BDU/BANDAR/LI/23/0041,BDU230171,Badulla,Bandarawela,,Mathatilla,67J,"ගුරුගල්හින්න, මාතැටිල්ල.",,,,,,,,,,6.871046,80.962658
Other,OTHER,NBRO/LRRMD-BDL/BDU/BANDAR/LI/23/0042,BDU230172,Badulla,Bandarawela,,Mathatilla,67J,"දළුක්ඇල්ල, මාතැටිල්ල.",,,,,,,,,,6.872465,80.959676
Other,OTHER,NBRO/LRRMD-BDL/BDU/BANDAR/LI/23/0043,BDU230173,Badulla,Bandarawela,,Kirioruwa,67E,"පන්සල පාර, බණ්ඩාරවෙල.",,,,,,,,,,6.862591,80.980875
Other,OTHER,NBRO/LRRMD-BDL/BDU/BANDAR/LI/23/0044,BDU230174,Badulla,Bandarawela,,Kirioruwa,67E,"අංක 18, පට්ටියගෙදර, බණ්ඩාරවෙල.",,,,,,,,,,6.865082,80.979444
Other,OTHER,NBRO/LRRMD-BDL/BDU/BANDAR/LI/23/0045,BDU230175,Badulla,Bandarawela,,Kirioruwa,67E,"අංක 96, බණ්ඩාරවෙල.",,,,,,,,,,6.866216,80.979172
Other,OTHER,NBRO/LRRMD-BDL/BDU/BANDAR/LI/23/0046,BDU230176,Badulla,Bandarawela,,Kirioruwa,67E,"අංක 33/3, සාමචේතිය ගම, පනංගල, පට්ටියගෙදර.",,,,,,,,,,6.865916,80.977038
Other,OTHER,NBRO/LRRMD-BDL/BDU/BANDAR/LI/23/0055,BDU230237,Badulla,Bandarawela,,Mathatilla,67J,"ගල්ගොඩඋහන, මාතැටිල්ල, මිරහවත්ත.",,,,,,,,,,6.860182,80.959193
Other,OTHER,NBRO/LRRMD-BDL/BDU/BANDAR/LI/23/0056,BDU230238,Badulla,Bandarawela,,Mathatilla,67J,"පාලම අසල, මාතැටිල්ල, මිරහවත්ත.",,,,,,,,,,6.866407,80.953
Other,OTHER,NBRO/LRRMD-BDL/BDU/BANDAR/LI/23/0057,BDU230239,Badulla,Bandarawela,,Mathatilla,67J,"මීකැටිය වත්ත, පාලම අසල, මාතැටිල්ල, මිරහවත්ත.",,,,,,,,,,6.866169,80.953031
Other,OTHER,NBRO/LRRMD-BDL/BDU/BANDAR/LI/23/0058,BDU230240,Badulla,Bandarawela,,Mathatilla,67J,"පාලම අසල, මාතැටිල්ල, මිරහවත්ත.",,,,,,,,,,6.865824,80.952742
Other,OTHER,NBRO/LRRMD-BDL/BDU/BANDAR/LI/23/0060,BDU230242,Badulla,Bandarawela,,Mathatilla,67J,"බෙලිපොල, මිරහවත්ත.",,,,,,,,,,6.85879,80.952429
Other,OTHER,NBRO/LRRMD-BDL/BDU/BANDAR/LI/23/0061,BDU230243,Badulla,Bandarawela,,Mathatilla,67J,"බෙලිපොල, මාතැටිල්ල.",,,,,,,,,,6.8638778,80.952963
Other,OTHER,NBRO/LRRMD-BDL/BDU/HALDUM/LI/23/0062,BDU230244,Badulla,Haldummulla,,Marangahawela,158F,"මරංගහවෙල, ඌවතැන්න.",,,,,,,,,,6.747837,80.83532
Other,OTHER,NBRO/LRRMD-BDL/BDU/HALI-E/LI/23/0063,BDU230245,Badulla,Hali-Ela,,Bogahamaditta,74B,"අංක 35, සිංහපුරගම, බෝගහමඩිත්ත, හාලිඇල.",,,,,,,,,,6.976551,81.044533
Other,OTHER,NBRO/LRRMD-BDL/BDU/ELLA/LI/23/0075,BDU230316,Badulla,Ella,,Karandagolla,69A,"ඇල්ල, ඌව කරඳගොල්ල.",,,,,,,,,,6.836815,81.072104
Other,OTHER,NBRO/LRRMD-BDL/BDU/HAPUTA/LI/23/0088,BDU230331,Badulla,Haputale,,Diyathalawa,63B,දියතලාව අල් ආක්ෂා මුස්ලිම් දේවස්ථානය,,,,,,,,,,6.806539,80.958583
Other,OTHER,NBRO/LRRMD-BDL/BDU/HALDUM/LI/23/0090,BDU230349,Badulla,Haldummulla,,Beragala,157B,බ/විපුලානන්ද දෙමළ විද්‍යාලය,,,,,,,,,,6.768368,80.903972
Other,OTHER,NBRO/LRRMD-BDL/BDU/BANDAR/LI/23/0103,BDU230385,Badulla,Bandarawela,,Konthaheta,67A,"මිනුවන් වැව, පනංගල, පට්ටියගෙදර.",,,,,,,,,,6.86947,80.97733
Other,OTHER,NBRO/LRRMD-BDL/BDU/SORANA/LI/23/0107,BDU230389,Badulla,Soranathota,,Egodawela,24,"මොණරගල, අඹගස්දෝව, ඒගොඩවෙල, බදුල්ල.",,,,,,,,,,7.055036,81.07657
Other,OTHER,NBRO/LRRMD-BDL/BDU/SORANA/LI/23/0108,BDU230390,Badulla,Soranathota,,Pussellawa,23AA,"6 කණුව, පුස්සැල්ලාව, තල්දෙන, බදුල්ල.",,,,,,,,,,7.0477849,81.060077
Other,OTHER,NBRO/LRRMD-BDL/BDU/SORANA/LI/23/0109,BDU230391,Badulla,Soranathota,,Pussellawa,23AA,"6 කණුව, පුස්සැල්ලාව, තල්දෙන, බදුල්ල.",,,,,,,,,,7.0495291,81.060697
Other,OTHER,NBRO/LRRMD-BDL/BDU/SORANA/LI/23/0110,BDU230392,Badulla,Soranathota,,Pussellawa,23AA,"6 කණුව, පුස්සැල්ලාව, තල්දෙන, බදුල්ල.",,,,,,,,,,7.0495291,81.060697
Other,OTHER,NBRO/LRRMD-BDL/BDU/SORANA/LI/23/0111,BDU230393,Badulla,Soranathota,,Pussellawa,23AA,"6 කණුව, පුස්සැල්ලාව, තල්දෙන, බදුල්ල.",,,,,,,,,,7.050382,81.060191
Other,OTHER,NBRO/LRRMD-BDL/BDU/SORANA/LI/23/0125,BDU230433,Badulla,Soranathota,,Yatilellagama,26A,"උදාර නිවස, තලගහවත්ත, මිගහවෙල, සොරණාතොට.",,,,,,,,,,7.030801,81.049056
Other,OTHER,NBRO/LRRMD-BDL/BDU/HALDUM/LI/23/0128,BDU230441,Badulla,Haldummulla,,Beragala,157B,බෙරගල සමාද්ධි බැංකු ගොඩනැගිල්ල ස්ථාපිත කිරීමට යෝජිත භූමිය,,,,,,,,,,6.764279,80.906664
Other,OTHER,NBRO/LRRMD-BDL/BDU/BANDAR/LI/23/0137,BDU230463,Badulla,Bandarawela,,Ambegoda,67C,"පුරන්කුඹුර වත්ත, අඹේගොඩ, බණ්ඩාරවෙල",,,,,,,,,,6.846356,80.964237
Other,OTHER,NBRO/LRRMD-BDL/BDU/BADULL/LI/23/0147,BDU230500,Badulla,Badulla,,Kailagoda,78G,"අංක 81/2, මැදපතන, රවුම් පාර, බදුල්ල",,,,,,,,,,7.003484,81.058323
Other,OTHER,NBRO/LRRMD-BDL/BDU/BADULL/LI/23/0148,BDU230501,Badulla,Badulla,,Kailagoda,78G,"අංක 18/1, මැදපතන, රවුම් පාර, බදුල්ල",,,,,,,,,,7.006687,81.058306
Other,OTHER,NBRO/LRRMD-BDL/BDU/LUNUGA/LI/23/0150,BDU230503,Badulla,Lunugala,,Attanaola,94F,ලුණුගල මධ්‍ය මහ විද්‍යාලය,,,,,,,,,,7.042766,81.20585
Other,OTHER,NBRO/LRRMD-BDL/BDU/PASSAR/LI/23/0152,BDU230524,Badulla,Passara,,Pelgahathenna,89G,"පැල්ගහතැන්න, පස්සර.",,,,,,,,,,6.957385,81.123858
Other,OTHER,NBRO/LRRMD-BDL/BDU/PASSAR/LI/23/0153,BDU230525,Badulla,Passara,,Pelgahathenna,89G,"පැල්ගහතැන්න, පස්සර.",,,,,,,,,,6.957557,81.123841
Other,OTHER,NBRO/LRRMD-BDL/BDU/BADULL/LI/23/0155,BDU230527,Badulla,Badulla,,Pitawelagama,78L,"අංක 40A, කොහොවිල පාර, පිටවෙලගම, බදුල්ල.",,,,,,,,,,7.004027,81.052001
Other,OTHER,NBRO/LRRMD-BDL/BDU/BADULL/LI/23/0156,BDU230528,Badulla,Badulla,,Pitawelagama,78L,"අංක 40A, කොහොවිල පාර, පිටවෙලගම, බදුල්ල.",,,,,,,,,,7.00371,81.052117
Other,OTHER,NBRO/LRRMD-BDL/BDU/BADULL/LI/23/0157,BDU230529,Badulla,Badulla,,Pitawelagama,78L,"අංක 40A, කොහොවිල පාර, පිටවෙලගම, බදුල්ල.",,,,,,,,,,7.0044438,81.0520298
Other,OTHER,NBRO/LRRMD-BDL/BDU/BADULL/LI/23/0158,BDU230530,Badulla,Badulla,,Pitawelagama,78L,"අංක 68A, පිටපොල, රිදීපාන, බදුල්ල.",,,,,,,,,,7.007676,81.051785
Other,OTHER,NBRO/LRRMD-BDL/BDU/BADULL/LI/23/0159,BDU230531,Badulla,Badulla,,Pitawelagama,78L,"අංක 109/7B, පිටවෙලගම, බදුල්ල.",,,,,,,,,,7.0022925,81.053535
Other,OTHER,NBRO/LRRMD-BDL/BDU/BADULL/LI/23/0160,BDU230532,Badulla,Badulla,,Pitawelagama,78L,"අංක 47G, කොහොවිල පාර, පිටවෙලගම, බදුල්ල.",,,,,,,,,,7.004423,81.050191
Other,OTHER,NBRO/LRRMD-BDL/BDU/BADULL/LI/23/0161,BDU230533,Badulla,Badulla,,Pitawelagama,78L,"අංක 22/17, පිටවෙලගම, බදුල්ල.",,,,,,,,,,7.002503,81.050898
Other,OTHER,NBRO/LRRMD-BDL/BDU/BADULL/LI/23/0162,BDU230534,Badulla,Badulla,,Pitawelagama,78L,"අංක 63, කොහොවිල පාර, පිටවෙලගම, බදුල්ල.",,,,,,,,,,7.0041588,81.051809
Other,OTHER,NBRO/LRRMD-BDL/BDU/BADULL/LI/23/0163,BDU230535,Badulla,Badulla,,Pitawelagama,78L,"අංක 193, පිටවෙලගම, ගල්කන්ද, බදුල්ල.",,,,,,,,,,7.008987,81.052529
Other,OTHER,NBRO/LRRMD-BDL/BDU/BADULL/LI/23/0164,BDU230536,Badulla,Badulla,,Pitawelagama,78L,"අංක 193/1, පිටවෙලගම, බදුල්ල.",,,,,,,,,,7.008993,81.0525236
Other,OTHER,NBRO/LRRMD-BDL/BDU/BADULL/LI/23/0165,BDU230537,Badulla,Badulla,,Pitawelagama,78L,"අංක 1/15, කොහොවිල පාර, පිටවෙලගම, බදුල්ල.",,,,,,,,,,6.999483,81.051456
Other,OTHER,NBRO/LRRMD-BDL/BDU/BADULL/LI/23/0166,BDU230538,Badulla,Badulla,,Pitawelagama,78L,"අංක 129/A, ගල්කන්ද, පිටවෙලගම, බදුල්ල.",,,,,,,,,,7.004628,81.053118
Other,OTHER,NBRO/LRRMD-BDL/BDU/BANDAR/LI/23/0170,BDU230543,Badulla,Bandarawela,,Kirioruwa,67E,"කිරිඔරුව, බණ්ඩාරවෙල.",,,,,,,,,,6.866079,80.993739
Other,OTHER,NBRO/LRRMD-BDL/BDU/PASSAR/LI/23/0171,BDU230544,Badulla,Passara,,Thennuge,88D,"13 කණුව, බිබිල පාර, පස්සර.",,,,,,,,,,6.939886,81.171707
Other,OTHER,NBRO/LRRMD-BDL/BDU/PASSAR/LI/23/0172,BDU230545,Badulla,Passara,,Thennuge,88D,"12 කණුව, බිබිල පාර, පස්සර.",,,,,,,,,,6.94031,81.16862
Other,OTHER,NBRO/LRRMD-BDL/BDU/PASSAR/LI/23/0173,BDU230546,Badulla,Passara,,Thennuge,88D,"13 කණුව, බිබිල පාර, පස්සර.",,,,,,,,,,6.940739,81.170865
Other,OTHER,NBRO/LRRMD-BDL/BDU/PASSAR/LI/23/0174,BDU230547,Badulla,Passara,,Thennuge,88D,"13 කණුව, බිබල පාර, පස්සර.",,,,,,,,,,6.938672,81.17127
Other,OTHER,NBRO/LRRMD-BDL/BDU/PASSAR/LI/23/0175,BDU230548,Badulla,Passara,,Thennuge,88D,"13 කණුව, බිබිල පාර, පස්සර.",,,,,,,,,,6.940372,81.168929
Other,OTHER,NBRO/LRRMD-BDL/BDU/HAPUTA/LI/23/0176,BDU230549,Badulla,Haputale,,Eranawela,64B,"හෙලමුදුන, ඇටම්පිටිය පාර, බණ්ඩාරවෙල.",,,,,,,,,,6.8430371,80.982456
Other,OTHER,NBRO/LRRMD-BDL/BDU/BANDAR/LI/23/0181,BDU230554,Badulla,Bandarawela,,Ambegoda,67C,"අංක 325, පහළ අඹේගොඩ, දිගනතැන්න, බණ්ඩාරවෙල.",,,,,,,,,,6.855942,80.964012
Other,OTHER,NBRO/LRRMD-BDL/BDU/BANDAR/LI/23/0182,BDU230555,Badulla,Bandarawela,,Diganathenna,67H,"සඳුන් සෙවන, ගිණිගත්හේනපතන, අඹේගොඩ, බණ්ඩාරවෙල.",,,,,,,,,,6.850643,80.96914
Other,OTHER,NBRO/LRRMD-BDL/BDU/HAPUTA/LI/23/0186,BDU230581,Badulla,Haputale,,Viharakele,63F,කොස්කණුවපතන,,,,,,,,,,6.803107,80.952469
Other,OTHER,NBRO/LRRMD-BDL/BDU/BANDAR/LI/23/0188,BDU230583,Badulla,Bandarawela,,Weheragalathenna,66F,"අංක 128, වෙහෙරගලතැන්න, හීල්ඔය, බණ්ඩාරවෙල.",,,,,,,,,,6.891558,81.028175
Other,OTHER,NBRO/LRRMD-BDL/BDU/BANDAR/LI/23/0189,BDU230584,Badulla,Bandarawela,,Weheragalathenna,66F,"වෙහෙරගලතැන්න, හීල්ඔය, බණ්ඩාරවෙල.",,,,,,,,,,6.837753,81.028618
Other,OTHER,NBRO/LRRMD-BDL/BDU/PASSAR/LI/23/0198,BDU230620,Badulla,Passara,,Thennuge,88D,"13 කණුව, බිබිල පාර, පස්සර",,,,,,,,,,6.941623,81.168555
Other,OTHER,NBRO/LRRMD-BDL/BDU/PASSAR/LI/23/0199,BDU230621,Badulla,Passara,,Thennuge,88D,"13 කණුව, බිබිල පාර, පස්සර",,,,,,,,,,6.941675,81.168169
Other,OTHER,NBRO/LRRMD-BDL/BDU/PASSAR/LI/23/0200,BDU230622,Badulla,Passara,,Thennuge,88D,"13 කණුව, බිබිල පාර, පස්සර",,,,,,,,,,6.940481,81.168893
Other,OTHER,NBRO/LRRMD-BDL/BDU/SORANA/LI/23/0202,BDU230632,Badulla,Soranathota,,Pussellawa,23AA,"06 කණුව, පුස්සැල්ලාව, තල්දෙන.",,,,,,,,,,7.05256,81.060615
Other,OTHER,NBRO/LRRMD-BDL/BDU/SORANA/LI/23/0203,BDU230633,Badulla,Soranathota,,Budugekanda,29A,"කහටගස්තැන්න, බුදුගේකන්ද.",,,,,,,,,,7.064941,81.028519
Other,OTHER,NBRO/LRRMD-BDL/BDU/SORANA/LI/23/0204,BDU230634,Badulla,Soranathota,,Ketakellagama,25B,"කෝන්ගස්තැන්න, කැටකෑල්ල, කුට්ටියගොල්ල.",,,,,,,,,,7.052229,81.072057
Other,OTHER,NBRO/LRRMD-BDL/BDU/SORANA/LI/23/0206,BDU230636,Badulla,Soranathota,,Kithulwattagama,26B,"පොල්ගස් වත්ත, වතුපිටිය, සොරණාතොට.",,,,,,,,,,7.0172316,81.03911
Other,OTHER,NBRO/LRRMD-BDL/BDU/HALDUM/LI/23/0212,BDU230644,Badulla,Haldummulla,,Weerakongama,158G,ලාම්පුවත්ත මාර්ගය,,,,,,,,,,6.775192,80.837389
Other,OTHER,NBRO/LRRMD-BDL/BDU/PASSAR/LI/23/0213,BDU230645,Badulla,Passara,,Welgolla,89D,"තේ සමිති ‌ගොඩනැගිල්ල අසල, මිල්ලගහ අරාව, වැල්ගොල්ලගම, බදුල්ල.",,,,,,,,,,6.981451,81.142753
Other,OTHER,NBRO/LRRMD-BDL/BDU/PASSAR/LI/23/0214,BDU230646,Badulla,Passara,,Medawelagama,89,"ගම ගෙදර, එගොඩවෙල මාර්ගය, මැදවෙල, පස්සර.",,,,,,,,,,6.967039,81.166008
Other,OTHER,NBRO/LRRMD-BDL/BDU/WELIMA/LI/23/0217,BDU230666,Badulla,Welimada,,Galedanda,62C,"වටගොඩ, කඹනිල්ල, ගල්ඒදණ්ඩ",,,,,,,,,,6.8257429,80.917652
Other,OTHER,NBRO/LRRMD-BDL/BDU/ELLA/LI/23/0224,BDU230702,Badulla,Ella,,Dowa,69D,Dikkarawa,,,,,,,,,,6.896251,81.01258
Other,OTHER,NBRO/LRRMD-BDL/BDU/HAPUTA/LI/23/0225,BDU230703,Badulla,Haputale,,Viharakele,63F,viharakele,,,,,,,,,,6.799963,80.954867
Other,OTHER,NBRO/LRRMD-BDL/BDU/BANDAR/LI/23/0228,BDU230722,Badulla,Bandarawela,,Kinigama,66,"අංක 70, රත්මල් ගස් ඇල්ල, කිණිගම, බණ්ඩාරවෙල.",,,,,,,,,,6.827245,81.002935
Other,OTHER,NBRO/LRRMD-BDL/BDU/MEEGAH/LI/23/0230,BDU230738,Badulla,Meegahakivula,,Wewathenne,16B,සූරියගොල්ල විද්‍යාලයේ නව ගොඩනැගිල්ලක් ඉදිකිරීම,,,,,,,,,,7.108672,81.118403
Other,OTHER,NBRO/LRRMD-BDL/BDU/BADULL/LI/23/0232,BDU230756,Badulla,Badulla,,Pitawelagama,78L,"අංක 8/7, කොහොවිල පාර, පිටවෙලගම, බදුල්ල",,,,,,,,,,6.999901,81.050835
Other,OTHER,NBRO/LRRMD-BDL/BDU/HALDUM/LI/23/0238,BDU230794,Badulla,Haldummulla,,Watagamuwa,157K,හල්දුම්මුල්ල ප්‍රාදේශීය ලේකම් කාර්යාලය පවත්වාගෙන යන ගොඩනැගිල්ල,,,,,,,,,,6.759947,80.882857
Other,OTHER,NBRO/LRRMD-BDL/BDU/HALDUM/LI/23/0246,BDU230823,Badulla,Haldummulla,,Mahakanda,155N,"මල්වර්න් කොටස, මහකන්ද වත්ත.",,,,,,,,,,6.774225,81.041998
Other,OTHER,NBRO/LRRMD-BDL/BDU/HALDUM/LI/23/0247,BDU230824,Badulla,Haldummulla,,Nikapotha West,155L,"කීණපිටිය ජනපදය, නිකපොත බටහිර, නිකපොත.",,,,,,,,,,6.736,80.951479
Other,OTHER,NBRO/LRRMD-BDL/BDU/HALDUM/LI/23/0248,BDU230825,Badulla,Haldummulla,,Soragune,157,"වෑඑළිය පාර, සොරගුණේ, හල්දුම්මුල්ල.",,,,,,,,,,6.734581,80.894344
Other,OTHER,NBRO/LRRMD-BDL/BDU/HALDUM/LI/23/0249,BDU230826,Badulla,Haldummulla,,Kalupahana,158,"කිරිමැටිය, හල්දුම්මුල්ල.",,,,,,,,,,6.775759,80.860442
Other,OTHER,NBRO/LRRMD-BDL/BDU/HALDUM/LI/23/0250,BDU230827,Badulla,Haldummulla,,Kosgama,158A,"ඌව කොස්ගම, හල්දුම්මුල්ල.",,,,,,,,,,6.703262,80.832151
Other,OTHER,NBRO/LRRMD-BDL/BDU/HALDUM/LI/23/0251,BDU230828,Badulla,Haldummulla,,Watagamuwa,157K,"පැරකුම් මාවත, වටගමුව, හාල් අටුතැන්න, හල්දුම්මුල්ල",,,,,,,,,,6.752339,80.872262
Other,OTHER,NBRO/LRRMD-BDL/BDU/HAPUTA/LI/23/0255,BDU230853,Badulla,Haputale,,Kahagolla,64,"මැදවෙල, කහගොල්ල, හපුතලේ",,,,,,,,,,6.808764,80.972736
Other,OTHER,NBRO/LRRMD-BDL/BDU/HAPUTA/LI/23/0256,BDU230854,Badulla,Haputale,,Kahagolla,64,"මැදවෙල, කහගොල්ල, හපුතලේ",,,,,,,,,,6.81109,80.97196
Other,OTHER,NBRO/LRRMD-BDL/BDU/HALDUM/LI/23/0276,BDU230938,Badulla,Haldummulla,,Walhaputhenna,157H,"ආනන්ද මධ්‍ය මහා විද්‍යාලය, වල්හපුතැන්න, හල්දුම්මුල්ල",,,,,,,,,,6.764404,80.869177
Other,OTHER,NBRO/LRRMD-BDL/BDU/BANDAR/LI/23/0279,BDU230941,Badulla,Bandarawela,,Watagamuwa,67F,"වටගමුව පොදු සුසාන භූමිය, බණ්ඩාරවෙල",,,,,,,,,,6.855031,80.992971
Other,OTHER,NBRO/LRRMD-BDL/BDU/HALDUM/LI/23/0280,BDU230942,Badulla,Haldummulla,,Kalupahana,158,පුස්සැල්ලා පාලම අසල,,,,,,,,,,6.766231,80.857088
Other,OTHER,NBRO/LRRMD-BDL/BDU/HALDUM/LI/23/0290,BDU230977,Badulla,Haldummulla,,Koslanda,155A,"මහ කන්ද ඉහළ කොටස, දඹේතැන්න වත්ත, කොස්ලන්ද.",,,,,,,,,,6.770644,81.021852
Other,OTHER,NBRO/LRRMD-BDL/BDU/BANDAR/LI/23/0301,BDU230989,Badulla,Bandarawela,,Gediyaroda,67K,"අංක 205/01, නිදැල්ල, විශාඛා මාවත, බණ්ඩාරවෙල",,,,,,,,,,6.84008,80.989438
Other,OTHER,NBRO/LRRMD-BDL/BDU/HALI-E/LI/23/0328,BDU231055,Badulla,Hali-Ela,,Wewelhinna,85A,"දෙමෝදර වතුයාය, වේවැල්හින්නවත්ත, ක්ෂේත්‍ර අංක 01, (විද්‍යාලය අසල)",,,,,,,,,,6.929306,81.07109
Other,OTHER,NBRO/LRRMD-BDL/BDU/HALDUM/LI/23/0332,BDU231059,Badulla,Haldummulla,,Ampittithenna,155K,උඩ දියලුම අඩිපාර සංවර්ධනය කිරීම,,,,,,,,,,6.73271,81.0258
Other,OTHER,NBRO/LRRMD-BDL/BDU/HALI-E/LI/23/0337,BDU231082,Badulla,Hali-Ela,,Pallegama,55A,"වේල්ලවෙල නාග විහාරස්ථානය, පල්ලේගම",,,,,,,,,,6.914914,80.961548
Other,OTHER,NBRO/LRRMD-BDL/BDU/HALDUM/LI/23/0343,BDU231088,Badulla,Haldummulla,,Watagamuwa,157K,"වටගමුව ග්‍රාම න සංවර්ධන සමිති ගොජනැගිල්ල, හල්දුම්මුල්ල",,,,,,,,,,6.70133,80.821621
Other,OTHER,NBRO/LRRMD-BDL/BDU/HALDUM/LI/23/0344,BDU231089,Badulla,Haldummulla,,Kalupahana,158,"ගම්වසම්ගම පතන, කලුපහන, හල්දුම්මුල්ල",,,,,,,,,,6.767098,80.851366
Other,OTHER,NBRO/LRRMD-BDL/BDU/HALDUM/LI/23/0366,BDU231135,Badulla,Haldummulla,,Kolongasthenna,154A,"මිරිස්වත්ත, කොළොන්ගස්තැන්න, හල්දුම්මුල්ල",,,,,,,,,,6.710937,81.032989
Other,OTHER,NBRO/LRRMD-BDL/BDU/HALDUM/LI/23/0368,BDU231144,Badulla,Haldummulla,,Ampittithenna,155K,"කොස්ලන්ද, අම්පිටිතැන්න, හල්දුම්මුල්ල",,,,,,,,,,6.73527,81.016475
Other,OTHER,NBRO/LRRMD-BDL/BDU/HALDUM/LI/23/0378,BDU231162,Badulla,Haldummulla,,Gamhapa,154,"ඌව-මාවෙලගම පේෂකර්ම මධ්‍යස්ථානය, ගම්පහ, හල්දුම්මුල්ල",,,,,,,,,,6.716868,81.045754
Other,OTHER,NBRO/LRRMD-BDL/BDU/HALDUM/LI/23/0379,BDU231163,Badulla,Haldummulla,,Ranasinghegama,155H,"දියලුම සමුර්ධි බැංකුව, ලේමස්තොට, රණසිංහගම, හල්දුම්මුල්ල",,,,,,,,,,6.74789,81.00062
Other,OTHER,NBRO/LRRMD-BDL/BDU/BANDAR/LI/23/0393,BDU231191,Badulla,Bandarawela,,Bandarawela East,65G,"ඉනිකම්බැද්ද, බණ්ඩාරවෙල",,,,,,,,,,6.823945,80.995594
Other,OTHER,NBRO/LRRMD-BDL/BDU/HALDUM/LI/24/0020,BDU240031,Badulla,Haldummulla,,Kotabakma,155D,අඹරගල විකල්ප මාර්ගය,,,,,,,,,,6.75743,81.0223
Other,OTHER,NBRO/LRRMD-BDL/BDU/HALDUM/LI/24/0025,BDU240037,Badulla,Haldummulla,,Kosgama,158A,ඌව කොස්ගම,,,,,,,,,,6.700922,80.822843
Other,OTHER,NBRO/LRRMD-BDL/BDU/HAPUTA/LI/24/0059,BDU240151,Badulla,Haputale,,Haputhale Town,63A,සමෘද්ධි බැංකු ගොඩනැගිල්ල,,,,,,,,,,6.77108,80.962765
Other,OTHER,NBRO/LRRMD-BDL/BDU/LUNUGA/LI/24/0076,BDU240188,Badulla,Lunugala,,Arawakumbura,94C,"අරවාකුඹුර, ලුණුගල",,,,,,,,,,7.086802,81.214292
Other,OTHER,NBRO/LRRMD-BDL/BDU/WELIMA/LI/24/0099,BDU240241,Badulla,Welimada,,Rathkarawwa,62,"රත්කරව්ව විද්‍යාලය, වැලිමඩ",,,,,,,,,,6.80489,80.906698
Other,OTHER,NBRO/LRRMD-BDL/BDU/PASSAR/LI/24/0108,BDU240257,Badulla,Passara,,Puhulwatta,88J,"පුහුල්වත්ත, නමුණුකුල පාර, 10 කණුව, පස්සර",,,,,,,,,,6.919694,81.1413047
Other,OTHER,NBRO/LRRMD-BDL/BDU/BADULL/LI/24/0112,BDU240261,Badulla,Badulla,,Badulla North,78A,"ගල්කන්ද,බදුල්ල",,,,,,,,,,7.0079,81.053592
Other,OTHER,NBRO/LRRMD-BDL/BDU/BADULL/LI/24/0113,BDU240262,Badulla,Badulla,,Badulla Central,78D,"පිංඅරාව, බදුල්ල",,,,,,,,,,6.985877,81.046968
Other,OTHER,NBRO/LRRMD-BDL/BDU/BADULL/LI/24/0114,BDU240263,Badulla,Badulla,,Rambukpotha,80,"රඹුක්පොත, බදුල්ල",,,,,,,,,,6.984352,81.079424
Other,OTHER,NBRO/LRRMD-BDL/BDU/BADULL/LI/24/0115,BDU240264,Badulla,Badulla,,Sirimalgoda,80A,"සිරිමල්ගොඩ, බදුල්ල",,,,,,,,,,6.99277,81.075718
Other,OTHER,NBRO/LRRMD-BDL/BDU/BADULL/LI/24/0116,BDU240265,Badulla,Badulla,,Udawela,80D,"උඩවෙල, බදුල්ල",,,,,,,,,,6.9805622,81.088342
Other,OTHER,NBRO/LRRMD-BDL/BDU/HALDUM/LI/24/0117,BDU240267,Badulla,Haldummulla,,Poonagala,155P,"ගැප්කඩේ, පූනාගල, හල්දුම්මුල්ල",,,,,,,,,,6.77622,81.051368
Other,OTHER,NBRO/LRRMD-BDL/BDU/BADULL/LI/24/0130,BDU240306,Badulla,Badulla,,Pitawelagama,78L,"පිටවෙලගම, බදුල්ල",,,,,,,,,,7.001928,81.049791
Other,OTHER,NBRO/LRRMD-BDL/BDU/BADULL/LI/24/0131,BDU240307,Badulla,Badulla,,Katupelella,78H,"බොනීලෑන්ඩ්, කටුපැලැල්ල, බදුල්ල",,,,,,,,,,6.99464,81.046849
Other,OTHER,NBRO/LRRMD-BDL/BDU/BADULL/LI/24/0133,BDU240328,Badulla,Badulla,,Kendagolla,81,"කැන්දගොල්ල, බදුල්ල",,,,,,,,,,6.991166,81.104912
Other,OTHER,NBRO/LRRMD-BDL/BDU/BADULL/LI/24/0140,BDU240335,Badulla,Badulla,,Badulla Central,78D,"ග්‍රීන්වුඩ් ආපනශාලාව අසල, පිංඅරාව, බදුල්ල",,,,,,,,,,6.982472,81.044752
Other,OTHER,NBRO/LRRMD-BDL/BDU/HALDUM/LI/24/0159,BDU240416,Badulla,Haldummulla,,Gamhapa,154,"දියලුම වත්ත මාර්ගය, හල්දුම්මුල්ල",,,,,,,,,,6.726853,81.034959
Other,OTHER,NBRO/LRRMD-BDL/BDU/HALDUM/LI/24/0161,BDU240418,Badulla,Haldummulla,,Gamhapa,154,"බුලත්වැල්ගොඩ මාර්ගය, හල්දුම්මුල්ල",,,,,,,,,,6.713933,81.043856
Other,OTHER,NBRO/LRRMD-BDL/BDU/HALDUM/LI/24/0162,BDU240419,Badulla,Haldummulla,,Gamhapa,154,දියහිටිතැන්න - ඉහළ ගම මාර්ගය,,,,,,,,,,6.718498,81.042556
Other,OTHER,NBRO/LRRMD-BDL/BDU/BANDAR/LI/24/0170,BDU240448,Badulla,Bandarawela,,Egodagama,66E,"එගොඩගම, හිල්ඔය,බණ්ඩාරවෙල",,,,,,,,,,6.835798,81.021392
Other,OTHER,NBRO/LRRMD-BDL/BDU/BANDAR/LI/24/0172,BDU240450,Badulla,Bandarawela,,Ettalapitiya,67,"ශ්‍රී රත්නායක මුදලින්දාරාමය, බණ්ඩාරවෙල",,,,,,,,,,6.855046,80.983908
Other,OTHER,NBRO/LRRMD-BDL/BDU/BANDAR/LI/24/0173,BDU240451,Badulla,Bandarawela,,Ettalapitiya,67,"ශ්‍රී ඛෙත්තාරාමය, බණ්ඩාරවෙල",,,,,,,,,,6.85238,80.988551
Other,OTHER,NBRO/LRRMD-BDL/BDU/ELLA/LI/24/0174,BDU240452,Badulla,Ella,,Ella,68B,ඇල්ල නගර මධ්‍යයේ ඇති පොලිස් මුරපොල අසල,,,,,,,,,,6.872315,81.049345
Other,OTHER,NBRO/LRRMD-BDL/BDU/ELLA/LI/24/0175,BDU240453,Badulla,Ella,,Ella,68B,ඇල්ල - පස්සර මාර්ගය,,,,,,,,,,6.873039,81.049208
Other,OTHER,NBRO/LRRMD-BDL/BDU/ELLA/LI/24/0176,BDU240454,Badulla,Ella,,Ella,68B,ඇල්ල දුම්රිය ස්ථානයේ සිට ආරුක්කු නවය පාලම දක්වා,,,,,,,,,,6.876415,81.047472
Other,OTHER,NBRO/LRRMD-BDL/BDU/BANDAR/LI/24/0178,BDU240456,Badulla,Bandarawela,,Bandarawela West,65B,"බණ්ඩාරවෙල විශාඛා මාවත, මස්ජිත් පල්ලිය",,,,,,,,,,6.839671,80.987438
Other,OTHER,NBRO/LRRMD-BDL/BDU/WELIMA/LI/24/0179,BDU240457,Badulla,Welimada,,Dambavinna,59A,හද්දාවුල මාර්ගය - ඉහළ,,,,,,,,,,6.897126,80.911572
Other,OTHER,NBRO/LRRMD-BDL/BDU/BANDAR/LI/24/0181,BDU240459,Badulla,Bandarawela,,Icelab Watta,67N,අයිස්ලෙබි අක්කර 50 කොටස කෝවිල,,,,,,,,,,6.868032,81.00098
Other,OTHER,NBRO/LRRMD-BDL/BDU/HALDUM/LI/24/0185,BDU240464,Badulla,Haldummulla,,Kalupahana,158,"ගම්වසම්ගම, කළුපහන",,,,,,,,,,6.76812,80.846508
Other,OTHER,NBRO/LRRMD-BDL/BDU/HALDUM/LI/24/0186,BDU240465,Badulla,Haldummulla,,Walhaputhenna,157H,කොස්වත්ත ගමට යන මාර්ගය,,,,,,,,,,6.764381,80.865797
Other,OTHER,NBRO/LRRMD-BDL/BDU/HALDUM/LI/24/0187,BDU240475,Badulla,Haldummulla,,Walhaputhenna,157H,හාල්අටුතැන්න පස්සර මාර්ගය,,,,,,,,,,6.762118,80.883193
Other,OTHER,NBRO/LRRMD-BDL/BDU/HALDUM/LI/24/0188,BDU240476,Badulla,Haldummulla,,Marangahawela,158F,ගෙවල් 10 මාර්ගය,,,,,,,,,,6.755475,80.845314
Other,OTHER,NBRO/LRRMD-BDL/BDU/HALDUM/LI/24/0189,BDU240477,Badulla,Haldummulla,,Soragune,157,යපන්න ගම මාර්ගය,,,,,,,,,,6.743852,80.894808
Other,OTHER,NBRO/LRRMD-BDL/BDU/HALDUM/LI/24/0190,BDU240485,Badulla,Haldummulla,,Kithulgahaarawa,158E,කිතුල්ගහඅරාව ප්‍රධාන මාර්ගය,,,,,,,,,,6.750558,80.880619
Other,OTHER,NBRO/LRRMD-BDL/BDU/LUNUGA/LI/24/0192,BDU240488,Badulla,Lunugala,,Arawakumbura,94C,A005 ප්‍රධාන මාර්ගයේ 178 + 492 සිට 178 + 492 අතර කොටස,,,,,,,,,,7.090084,81.214426
Other,OTHER,NBRO/LRRMD-BDL/BDU/BANDAR/LI/24/0193,BDU240489,Badulla,Bandarawela,,Udaperuwa,66B,ඉසිගිරි විපස්සනා භාවනා මධ්‍යස්ථානය,,,,,,,,,,6.833754,81.009157
Other,OTHER,NBRO/LRRMD-BDL/BDU/HALI-E/LI/24/0194,BDU240490,Badulla,Hali-Ela,,Mahathenna,57E,"මහතැන්න, හාලිඇල",,,,,,,,,,6.873652,80.992827
Other,OTHER,NBRO/LRRMD-BDL/BDU/PASSAR/LI/24/0195,BDU240491,Badulla,Passara,,Welgolla,89D,"වැල්ගොල්ල, පස්සර",,,,,,,,,,6.982219,81.141664
Other,OTHER,NBRO/LRRMD-BDL/BDU/PASSAR/LI/24/0203,BDU240500,Badulla,Passara,,Medawelagama,89,"එල්බට් වත්ත උඩ කොටස,මැදවෙලගම,පස්සර",,,,,,,,,,6.969942,81.176197
Other,OTHER,NBRO/LRRMD-BDL/BDU/PASSAR/LI/24/0204,BDU240501,Badulla,Passara,,Medawelagama,89,"එල්බට් වත්ත,මැදවෙලගම, පස්සර",,,,,,,,,,6.969902,81.17619
Other,OTHER,NBRO/LRRMD-BDL/BDU/HALDUM/LI/24/0219,BDU240523,Badulla,Haldummulla,,Uvathenna,158C,"ඌව තැන්න, හල්දුම්මුල්ල",,,,,,,,,,6.759824,80.84546
Other,OTHER,NBRO/LRRMD-BDL/BDU/BANDAR/LI/24/0225,BDU240533,Badulla,Bandarawela,,Weheragalathenna,66F,"කුරුදුගොල්ල ශ්‍රී ප්‍රියදර්ශනාරාම විහාරස්ථානය, වෙහෙරගලතැන්න",,,,,,,,,,6.841095,81.033205
Other,OTHER,NBRO/LRRMD-BDL/BDU/HALI-E/LI/24/0230,BDU240556,Badulla,Hali-Ela,,Mahathenna,57E,"මහතැන්න මාර්ගය, කාටු ලැයිම අසල",,,,,,,,,,6.873649,80.992832
Other,OTHER,NBRO/LRRMD-BDL/BDU/HALI-E/LI/24/0231,BDU240557,Badulla,Hali-Ela,,Bogahamaditta,74B,"බෝගහමඩිත්ත, හාලිඇල",,,,,,,,,,6.975877,81.043331
Other,OTHER,NBRO/LRRMD-BDL/BDU/HALI-E/LI/24/0232,BDU240558,Badulla,Hali-Ela,,Bogahamaditta,74B,"බෝගහමඩිත්ත, හාලිඇල",,,,,,,,,,6.971691,81.037615
Other,OTHER,NBRO/LRRMD-BDL/BDU/HALI-E/LI/24/0233,BDU240561,Badulla,Hali-Ela,,Dehivinna,56,"දෙහිවින්න, හාලිඇල",,,,,,,,,,6.924726,80.982908
Other,OTHER,NBRO/LRRMD-BDL/BDU/HALI-E/LI/24/0235,BDU240563,Badulla,Hali-Ela,,Gawela,55C,"ගාවෙල, හාලිඇල",,,,,,,,,,6.956773,80.986163
Other,OTHER,NBRO/LRRMD-BDL/BDU/HALI-E/LI/24/0236,BDU240564,Badulla,Hali-Ela,,Dickwella,74,"දික්වැල්ල, හාලිඇල",,,,,,,,,,6.9962947,81.033716
Other,OTHER,NBRO/LRRMD-BDL/BDU/BANDAR/LI/24/0240,BDU240580,Badulla,Bandarawela,,Konthaheta,67A,"නායඅරාව ප්‍රජාශාලාව, කොන්තහෙළ",,,,,,,,,,6.864045,80.968811
Other,OTHER,NBRO/LRRMD-BDL/BDU/BANDAR/LI/24/0241,BDU240581,Badulla,Bandarawela,,Konthaheta,67A,"නායඅරාව ප්‍රධාන මාර්ගය, ඉදිකඩවෙල වෙල්යාය",,,,,,,,,,6.863919,80.968914
Other,OTHER,NBRO/LRRMD-BDL/BDU/BANDAR/LI/24/0244,BDU240603,Badulla,Bandarawela,,Liyangahawela Watta,70D,"ලියන්ගහවෙල වත්ත, බණ්ඩාරවෙල",,,,,,,,,,6.802039,81.038409
Other,OTHER,NBRO/LRRMD-BDL/BDU/HAPUTA/LI/24/0245,BDU240604,Badulla,Haputale,,Bingethenna,64G,බිංගෙතැන්න No.09 සුරුවම අසල,,,,,,,,,,6.817391,80.964102
Other,OTHER,NBRO/LRRMD-BDL/BDU/HAPUTA/LI/24/0246,BDU240605,Badulla,Haputale,,Bingethenna,64G,"හපුරොද වත්ත පාර, හපුතලේ",,,,,,,,,,6.815773,80.961433
Other,OTHER,NBRO/LRRMD-BDL/BDU/HAPUTA/LI/24/0247,BDU240606,Badulla,Haputale,,Dodamwattta,63G,"අම්බලන්කපල්ල බෝ මලුව, හපුතලේ",,,,,,,,,,6.811808,80.965452
Other,OTHER,NBRO/LRRMD-BDL/BDU/HAPUTA/LI/24/0248,BDU240607,Badulla,Haputale,,Dodamwattta,63G,"හෙළවත්ත, හපුතලේ",,,,,,,,,,6.813259,80.965597
Other,OTHER,NBRO/LRRMD-BDL/BDU/HAPUTA/LI/24/0249,BDU240608,Badulla,Haputale,,Kahagolla,64,ගල්පට්ටි අරාව පහළ කොටස,,,,,,,,,,6.814605,80.967394
Other,OTHER,NBRO/LRRMD-BDL/BDU/HAPUTA/LI/24/0250,BDU240609,Badulla,Haputale,,Kahagolla,64,හූරියවංගුව I මාර්ගය,,,,,,,,,,6.809928,80.971652
Other,OTHER,NBRO/LRRMD-BDL/BDU/HAPUTA/LI/24/0251,BDU240610,Badulla,Haputale,,Kahagolla,64,වැල්ගොල්ල - බුලත්වැල් අරාව පාලම අසළ මාර්ගයට පැති බැම්මක් ඉදිකිරීම,,,,,,,,,,6.813663,80.967787
Other,OTHER,NBRO/LRRMD-BDL/BDU/HAPUTA/LI/24/0252,BDU240611,Badulla,Haputale,,Kahagolla,64,මාරබැද්ද මුදුන්පිට ඇළ දක්වා පැති  බැම්ම සංවර්ධනය කිරීම,,,,,,,,,,6.812099,80.971117
Other,OTHER,NBRO/LRRMD-BDL/BDU/LUNUGA/LI/24/0258,BDU240639,Badulla,Lunugala,,Alakolagala,94E,"අඩාවත්ත ප්‍රජා ශාලාව, අලකොලගාල",,,,,,,,,,7.0619054,81.1998838
Other,OTHER,NBRO/LRRMD-BDL/BDU/SORANA/LI/24/0259,BDU240640,Badulla,Soranathota,,Kuttiyagolla,25A,"කොබෝවත්ත, කුට්ටියගොල්ල, සොරණාතොට",,,,,,,,,,7.016563,81.09682
Other,OTHER,NBRO/LRRMD-BDL/BDU/BADULL/LI/24/0260,BDU240643,Badulla,Badulla,,Badulla North,78A,"බ/ උදයරාජ මහා විද්‍යාලය, බදුල්ල",,,,,,,,,,7.00248,81.056474
Other,OTHER,NBRO/LRRMD-BDL/BDU/HALDUM/LI/24/0263,BDU240648,Badulla,Haldummulla,,Poonagala,155P,"ගැප්කඩේ, පූනාගල",,,,,,,,,,6.775157,81.052011
Other,OTHER,NBRO/LRRMD-BDL/BDU/ELLA/LI/24/0264,BDU240649,Badulla,Ella,,Millagama,68G,"ස්ටෑන්ඩන් වත්ත මාර්ගය, මිල්ලගම, ඇල්ල",,,,,,,,,,6.885446,81.020957
Other,OTHER,NBRO/LRRMD-BDL/BDU/HALI-E/LI/24/0265,BDU240650,Badulla,Hali-Ela,,Bogahamaditta,74B,"235/3, සිංහපුරගම, බෝගහමඩිත්ත, හාලිඇල",,,,,,,,,,6.978536,81.044002
Other,OTHER,NBRO/LRRMD-BDL/BDU/SORANA/LI/24/0266,BDU240651,Badulla,Soranathota,,Kuttiyagolla,25A,"උඩඅරාව, කුට්ටියගොල්ල",,,,,,,,,,7.025317,81.096925
Other,OTHER,NBRO/LRRMD-BDL/BDU/SORANA/LI/24/0267,BDU240652,Badulla,Soranathota,,Rideepana,26C,"තිඹිරිගස්පිටිය, රිදීපාන",,,,,,,,,,7.028471,81.056707
Other,OTHER,NBRO/LRRMD-BDL/BDU/HALI-E/LI/24/0280,BDU240682,Badulla,Hali-Ela,,Hapuwalakumbura,73A,උුඩුවර 6 කණුව සුසාන භූමියට යන මාර්ගය,,,,,,,,,,6.929095,81.042127
Other,OTHER,NBRO/LRRMD-BDL/BDU/HALI-E/LI/24/0282,BDU240684,Badulla,Hali-Ela,,Hapuwalakumbura,73A,6 කණුව පාසල පාර අසල නව ප්‍රජාශාලාව ඉදි කිරීම,,,,,,,,,,6.928166,81.040831
Other,OTHER,NBRO/LRRMD-BDL/BDU/WELIMA/LI/24/0284,BDU240686,Badulla,Welimada,,Guruthalawa,61,"බ/මුස්ලිම් මධ්‍ය මහා විද්‍යාලය, ගුරුතලාව",,,,,,,,,,6.846975,80.902069
Other,OTHER,NBRO/LRRMD-BDL/BDU/UVA-PA/LI/24/0285,BDU240687,Badulla,Uva-Paranagama,,Thuppitiya,40,"ගන්දෙනිය ප්‍රධාන මාර්ගය, බෝධිය  මාර්ගය",,,,,,,,,,6.974668,80.983642
Other,OTHER,NBRO/LRRMD-BDL/BDU/BANDAR/LI/24/0287,BDU240689,Badulla,Bandarawela,,Ettalapitiya,67,"සැනසුම ජ්‍යෙෂ්ඨ පුරවැසි නිවාසය, බණ්ඩාරවෙල",,,,,,,,,,6.856017,80.985236
Other,OTHER,NBRO/LRRMD-BDL/BDU/HALDUM/LI/24/0288,BDU240693,Badulla,Haldummulla,,Haldummulla,157A,හල්දුම්මුල්ල පන්සල්වත්ත මාර්ගය,,,,,,,,,,6.76451,80.888925
Other,OTHER,NBRO/LRRMD-BDL/BDU/HAPUTA/LI/24/0290,BDU240702,Badulla,Haputale,,Ellegama,63K,"කරපිංචාගොඩ මාර්ගය, ඇල්ලගම",,,,,,,,,,6.819781,80.94455
Other,OTHER,NBRO/LRRMD-BDL/BDU/HAPUTA/LI/24/0291,BDU240703,Badulla,Haputale,,Ellegama,63K,බෝධිය අසල සිට දෙපාවෙල දක්වා මාර්ගය,,,,,,,,,,6.828611,80.9440957
Other,OTHER,NBRO/LRRMD-BDL/BDU/HAPUTA/LI/24/0292,BDU240704,Badulla,Haputale,,Ranjallawa,64C,රංජල්ලාව-කෝමරිකාගොඩ මාර්ගයේ අමුණ අසල,,,,,,,,,,6.82381,80.975869
Other,OTHER,NBRO/LRRMD-BDL/BDU/HAPUTA/LI/24/0293,BDU240705,Badulla,Haputale,,Jayaminipura,64H,දික් උල්පත කුඹුරු යායට අයත් ඇල මාර්ගය,,,,,,,,,,6.81533,80.944913
Other,OTHER,NBRO/LRRMD-BDL/BDU/HAPUTA/LI/24/0294,BDU240706,Badulla,Haputale,,Diyathalawa,63B,විමලසේන මහතාගේ නිවස ඉදිරිපස සිට සුහදගම ප්‍රධාන මාර්ගය,,,,,,,,,,6.805608,80.962627
Other,OTHER,NBRO/LRRMD-BDL/BDU/HAPUTA/LI/24/0296,BDU240714,Badulla,Haputale,,Kolathenne,63P,"ඉලුක්අරාව ඉහළ කොටස, කොළතුන්න",,,,,,,,,,6.77303,80.947387
Other,OTHER,NBRO/LRRMD-BDL/BDU/HAPUTA/LI/24/0297,BDU240715,Badulla,Haputale,,Magiripura,63L,"එඩිසම්පතන ගම, මාගිරිපුර",,,,,,,,,,6.768906,80.939128
Other,OTHER,NBRO/LRRMD-BDL/BDU/HAPUTA/LI/24/0298,BDU240716,Badulla,Haputale,,Magiripura,63L,"එඩිසම්පතන, මාගිරිපුර",,,,,,,,,,6.769526,80.935835
Other,OTHER,NBRO/LRRMD-BDL/BDU/HAPUTA/LI/24/0299,BDU240717,Badulla,Haputale,,Aluthwela,63D,අලුත්වෙල උතුර හැකිරිල්ලාපොළ,,,,,,,,,,6.812823,80.928616
Other,OTHER,NBRO/LRRMD-BDL/BDU/HAPUTA/LI/24/0300,BDU240718,Badulla,Haputale,,Welanhinna,63J,පේරවත්ත එලමල්තැන්න මාර්ගය,,,,,,,,,,6.797587,80.9168
Other,OTHER,NBRO/LRRMD-BDL/BDU/HAPUTA/LI/24/0301,BDU240719,Badulla,Haputale,,Horadorowwa,63E,ඕතුබේ තුඹුරු යායට පිවිසෙන මාර්ගය,,,,,,,,,,6.792195,80.917402
Other,OTHER,NBRO/LRRMD-BDL/BDU/HAPUTA/LI/24/0302,BDU240720,Badulla,Haputale,,Horadorowwa,63E,ජම්බුගස් අරාව,,,,,,,,,,6.793146,80.924015
Other,OTHER,NBRO/LRRMD-BDL/BDU/HAPUTA/LI/24/0303,BDU240721,Badulla,Haputale,,Horadorowwa,63E,"කිතුල්ගහවක, ජයන්ති මාවත",,,,,,,,,,6.794011,80.90775
Other,OTHER,NBRO/LRRMD-BDL/BDU/HAPUTA/LI/24/0304,BDU240722,Badulla,Haputale,,Haputhale Town,63A,"හපුතලේ ආතර් සිරිසේන මාවත, ශ්‍රී ලක්විව් අසලින් ෂර්වුඩ් මාර්ගය දක්වා කොටස",,,,,,,,,,6.767665,80.961226
Other,OTHER,NBRO/LRRMD-BDL/BDU/HAPUTA/LI/24/0306,BDU240725,Badulla,Haputale,,Panketiya,63M,කහගලවත්ත අතුරු මාර්ගය,,,,,,,,,,6.793242,80.972928
Other,OTHER,NBRO/LRRMD-BDL/BDU/HAPUTA/LI/24/0307,BDU240726,Badulla,Haputale,,Galkanda,64E,ගල්කන්ද වසමට පිවිසෙන මාර්ගය,,,,,,,,,,6.764326,80.961392
Other,OTHER,NBRO/LRRMD-BDL/BDU/HAPUTA/LI/24/0309,BDU240728,Badulla,Haputale,,Galkanda,64E,"කාලිකෝවිල ප්‍රජාශාලාව, ගල්කන්ද",,,,,,,,,,6.763532,80.96147
Other,OTHER,NBRO/LRRMD-BDL/BDU/HAPUTA/LI/24/0310,BDU240729,Badulla,Haputale,,Eranawela,64B,"පොදුළිඳ, ඇක්ටන්වත්ත, එරණවෙල",,,,,,,,,,6.83779,80.979367
Other,OTHER,NBRO/LRRMD-BDL/BDU/SORANA/LI/24/0314,BDU240733,Badulla,Soranathota,,Kandegedara Town,27A,"මුස්ලිම් පල්ලිය, කන්දෙගෙදර",,,,,,,,,,7.017953,81.020774
Other,OTHER,NBRO/LRRMD-BDL/BDU/SORANA/LI/24/0315,BDU240734,Badulla,Soranathota,,Kandegedara Town,27A,ශ්‍රී සුදර්ශනාරාම විහාරස්ථානයේ දහම්පාසල,,,,,,,,,,7.0192,81.020343
Other,OTHER,NBRO/LRRMD-BDL/BDU/SORANA/LI/24/0316,BDU240735,Badulla,Soranathota,,Kirioruwa,27,"සාරණිය වත්ත ඩොට්ලන්ඩි කොටස, සෙඩ්ලයින් අසල ක්‍රීඩාපිටිය",,,,,,,,,,7.010943,81.02522
Other,OTHER,NBRO/LRRMD-BDL/BDU/SORANA/LI/24/0317,BDU240736,Badulla,Soranathota,,Rideepana,26C,කෝපිහේන සුසාන භූමියට යන මාර්ගය කොන්ක්‍රීට් කිරීම,,,,,,,,,,7.020836,81.054771
Other,OTHER,NBRO/LRRMD-BDL/BDU/SORANA/LI/24/0318,BDU240737,Badulla,Soranathota,,Idamegama,27B,"ගල්කොටුවේගම, කොට්ටවත්ත මාර්ගය",,,,,,,,,,7.024841,81.024136
Other,OTHER,NBRO/LRRMD-BDL/BDU/SORANA/LI/24/0319,BDU240738,Badulla,Soranathota,,Ketakellagama,25B,"උඩකන්ද, පල්ලෙපතන මාර්ගය",,,,,,,,,,7.044945,81.092743
Other,OTHER,NBRO/LRRMD-BDL/BDU/SORANA/LI/24/0320,BDU240739,Badulla,Soranathota,,Kohovila,26,"පිටපොළ ප්‍රජාශාලාව මාර්ගය, කොහුවිල",,,,,,,,,,7.009722,81.04932
Other,OTHER,NBRO/LRRMD-BDL/BDU/HAPUTA/LI/24/0322,BDU240742,Badulla,Haputale,,Kahattewela,64A,අඹතැන්න - ඉහළ කහත්තේවෙල මාර්ගය,,,,,,,,,,6.828539,80.983866
Other,OTHER,NBRO/LRRMD-BDL/BDU/LUNUGA/LI/24/0324,BDU240744,Badulla,Lunugala,,Milabedda,90A,මිල්ලබැද්ද මහ විද්‍යාලය,,,,,,,,,,6.968585,81.192187
Other,OTHER,NBRO/LRRMD-BDL/BDU/LUNUGA/LI/24/0325,BDU240745,Badulla,Lunugala,,Peessagama,94I,පීස්සගම විද්‍යාලය,,,,,,,,,,6.985634,81.224142
Other,OTHER,NBRO/LRRMD-BDL/BDU/LUNUGA/LI/24/0326,BDU240746,Badulla,Lunugala,,Maduwatta,90C,වික්නේශ්වරා දෙමළ විද්‍යාලය,,,,,,,,,,6.975315,81.198235
Other,OTHER,NBRO/LRRMD-BDL/BDU/MEEGAH/LI/24/0327,BDU240750,Badulla,Meegahakivula,,Akurukaduwa,22G,"හෙලවත්ත, මකුල්ගොල්ල, මීගහකිවුල",,,,,,,,,,7.117385,81.0480259
Other,OTHER,NBRO/LRRMD-BDL/BDU/BADULL/LI/24/0329,BDU240755,Badulla,Badulla,,Andeniya,79A,ඉත්තෑබොක්ක මාර්ගය,,,,,,,,,,7.000438,81.063356
Other,OTHER,NBRO/LRRMD-BDL/BDU/PASSAR/LI/24/0330,BDU240757,Badulla,Passara,,Meeriyabedde,88,"මිරියබැද්ද, පස්සර",,,,,,,,,,6.930926,81.155838
Other,OTHER,NBRO/LRRMD-BDL/BDU/PASSAR/LI/24/0331,BDU240758,Badulla,Passara,,Pallegama,88G,"එල්ටබ් වත්ත, පල්ලේගම",,,,,,,,,,6.9457781,81.1571515
Other,OTHER,NBRO/LRRMD-BDL/BDU/HALI-E/LI/24/0332,BDU240776,Badulla,Hali-Ela,,Medagama,84,තිබ්බටුකඳුර මාර්ගය,,,,,,,,,,6.959745,81.068195
Other,OTHER,NBRO/LRRMD-BDL/BDU/LUNUGA/LI/24/0334,BDU240787,Badulla,Lunugala,,Madulsima,89C,"ලොග්ගල්ඔය පාලම, පඩුගස්තලාව",,,,,,,,,,7.037855,81.130247
Other,OTHER,NBRO/LRRMD-BDL/BDU/BANDAR/LI/24/0337,BDU240819,Badulla,Bandarawela,,Udaperuwa,66B,උඩපේරුව මහකුඹුර යාය අමුණ ඇළ,,,,,,,,,,6.833142,81.015858
Other,OTHER,NBRO/LRRMD-BDL/BDU/BANDAR/LI/24/0338,BDU240820,Badulla,Bandarawela,,Makulelle,66A,අරාව යායේ මුල අමුණක් බැඳීම,,,,,,,,,,6.827066,81.037379
Other,OTHER,NBRO/LRRMD-BDL/BDU/BANDAR/LI/24/0339,BDU240821,Badulla,Bandarawela,,Icelab Watta,67N,"දෙමළ මහා විද්‍යාලය, අයිස්ලැබ්",,,,,,,,,,6.862015,80.988962
Other,OTHER,NBRO/LRRMD-BDL/BDU/BANDAR/LI/24/0340,BDU240822,Badulla,Bandarawela,,Creig Watta,66I,ක්‍රේග් පහළ කොටස ක්‍රීඩා පිටිය,,,,,,,,,,6.824667,81.018721
Other,OTHER,NBRO/LRRMD-BDL/BDU/ELLA/LI/24/0341,BDU240823,Badulla,Ella,,Piyarapandowa,68H,"මාළුතුකුඹුර,ගොඩගෙඩිය,පියරපන්දෝව",,,,,,,,,,6.893053,81.020046
Other,OTHER,NBRO/LRRMD-BDL/BDU/BANDAR/LI/24/0342,BDU240824,Badulla,Bandarawela,,Creig Watta,66I,ක්‍රෙග්වත්ත ප්‍රජා ශාලාව,,,,,,,,,,6.821157,81.018976
Other,OTHER,NBRO/LRRMD-BDL/BDU/BANDAR/LI/24/0344,BDU240826,Badulla,Bandarawela,,Udaperuwa,66B,උඩපේරුව ගොඩමුදුනේ සිට කුඩුගල,,,,,,,,,,6.835941,81.011708
Other,OTHER,NBRO/LRRMD-BDL/BDU/BANDAR/LI/24/0345,BDU240827,Badulla,Bandarawela,,Liyangahawela Watta,70D,පරණ රෝහල මාර්ගයේ ප්‍රේමසිරි ස්ටෝස් අසල,,,,,,,,,,6.8115,81.028822
Other,OTHER,NBRO/LRRMD-BDL/BDU/LUNUGA/LI/24/0346,BDU240828,Badulla,Lunugala,,Madulsima,89C,"ඌවකැලේ වත්ත, මඩොල්සිම",,,,,,,,,,7.037749,81.16701
Other,OTHER,NBRO/LRRMD-BDL/BDU/LUNUGA/LI/24/0348,BDU240830,Badulla,Lunugala,,Wewabedda,18A,"කොක‍ාගල වත්ත, නිව්ෆොරස්ට් කොටස, අක්කර 70 ක්‍රීඩා පිටිය",,,,,,,,,,7.09036,81.146689
Other,OTHER,NBRO/LRRMD-BDL/BDU/LUNUGA/LI/24/0350,BDU240832,Badulla,Lunugala,,Madulsima,89C,වැරුල්ලපතන ප්‍රජාශාලාව,,,,,,,,,,7.035727,81.159886
Other,OTHER,NBRO/LRRMD-BDL/BDU/HALDUM/LI/24/0356,BDU240838,Badulla,Haldummulla,,Haldummulla,157A,"ශ්‍රී මුත්තුමාරි අම්මන් කෝවිල, නීඩ්වුඩ්, හල්දුම්මුල්ල",,,,,,,,,,6.769901,80.888108
Other,OTHER,NBRO/LRRMD-BDL/BDU/SORANA/LI/24/0357,BDU240839,Badulla,Soranathota,,Kuttiyagolla,25A,පහළ දෙහිලන්ද මාර්ගය,,,,,,,,,,7.029105,81.093905
Other,OTHER,NBRO/LRRMD-BDL/BDU/PASSAR/LI/24/0358,BDU240840,Badulla,Passara,,Madugasthalawa South,19C,මඩවලපතන - කොටරුක්පතන මාර්ගය,,,,,,,,,,6.998328,81.154682
Other,OTHER,NBRO/LRRMD-BDL/BDU/HALDUM/LI/24/0360,BDU240847,Badulla,Haldummulla,,Uvathenna,158C,"ගෙවල් 10 මාර්ගය, ඌවතැන්න",,,,,,,,,,6.755421,80.844005
Other,OTHER,NBRO/LRRMD-BDL/BDU/HALDUM/LI/24/0361,BDU240848,Badulla,Haldummulla,,Uvathenna,158C,කළුපහන මහා විද්‍යාලය,,,,,,,,,,6.760165,80.845318
Other,OTHER,NBRO/LRRMD-BDL/BDU/HALDUM/LI/24/0362,BDU240849,Badulla,Haldummulla,,Kiriwanagama,156,කිරවනාගම නවෝද්‍ය පාසලේ නිල නිවාසය,,,,,,,,,,6.736222,80.932978
Other,OTHER,NBRO/LRRMD-BDL/BDU/HALDUM/LI/24/0363,BDU240851,Badulla,Haldummulla,,Uvathenna,158C,ඇලමහගම මාර්ගය,,,,,,,,,,6.746591,80.841041
Other,OTHER,NBRO/LRRMD-BDL/BDU/HALDUM/LI/24/0364,BDU240852,Badulla,Haldummulla,,Kiriwanagama,156,මුංහේන මාර්ගයේ හෙට්ටිකැලේ කොටස,,,,,,,,,,6.743006,80.938867
Other,OTHER,NBRO/LRRMD-BDL/BDU/HALDUM/LI/24/0365,BDU240853,Badulla,Haldummulla,,Manthenna,156B,මංතැන්න අභ්‍යන්තර මාර්ගය,,,,,,,,,,6.742112,80.924244
Other,OTHER,NBRO/LRRMD-BDL/BDU/HALI-E/LI/24/0367,BDU240897,Badulla,Hali-Ela,,Panakanniya,75E,"පීලි ඇල, පනාකන්නිය",,,,,,,,,,6.986253,80.993367
Other,OTHER,NBRO/LRRMD-BDL/BDU/HALI-E/LI/24/0369,BDU240899,Badulla,Hali-Ela,,Mahawattegama,82C,අමුණුවලපිටිය ප්‍රධාන මාර්ගය,,,,,,,,,,6.980961,81.051284
Other,OTHER,NBRO/LRRMD-BDL/BDU/HALI-E/LI/24/0371,BDU240901,Badulla,Hali-Ela,,Welikemulla,82A,"වැල්කේමුල්ල සමෘද්ධි බැංකුව, කන්දෙඅරාව සිට සපුගස්පිටිය",,,,,,,,,,6.967202,81.065002
Other,OTHER,NBRO/LRRMD-BDL/BDU/BANDAR/LI/24/0376,BDU240906,Badulla,Bandarawela,,Konthaheta,67A,කොන්තේහෙල,,,,,,,,,,6.864951,80.967927
Other,OTHER,NBRO/LRRMD-BDL/BDU/BANDAR/LI/24/0377,BDU240907,Badulla,Bandarawela,,Bandarawela West,65B,"අංක 77/4A, විශාඛා මාවත, බණ්ඩාරවෙල",,,,,,,,,,6.840038,80.987446
Other,OTHER,NBRO/LRRMD-BDL/BDU/BANDAR/LI/24/0378,BDU240908,Badulla,Bandarawela,,Bandarawela West,65B,"අංක 77/4A2, විශාඛා මාවත, බණ්ඩාරවෙල",,,,,,,,,,6.839987,80.986961
Other,OTHER,NBRO/LRRMD-BDL/BDU/BANDAR/LI/24/0379,BDU240909,Badulla,Bandarawela,,Bandarawela West,65B,"අංක 77/4, විශාඛා මාවත, බණ්ඩාරවෙල",,,,,,,,,,6.839859,80.987483
Other,OTHER,NBRO/LRRMD-BDL/BDU/LUNUGA/LI/24/0381,BDU240925,Badulla,Lunugala,,Attanaola,94F,"අත්තනගොල්ල, ලුණුගල",,,,,,,,,,7.042733,81.2062266
Other,OTHER,NBRO/LRRMD-BDL/BDU/LUNUGA/LI/24/0382,BDU240931,Badulla,Lunugala,,Attanaola,94F,අත්තනගොල්ල,,,,,,,,,,7.041968,81.2055675
Other,OTHER,NBRO/LRRMD-BDL/BDU/SORANA/LI/24/0383,BDU240932,Badulla,Soranathota,,Pussellakanda,28A,"""සදගිරි නිවස"", ඇල්ලවත්ත, පතනවත්ත, කන්දෙගෙදර",,,,,,,,,,7.041955,81.039081
Other,OTHER,NBRO/LRRMD-BDL/BDU/PASSAR/LI/24/0387,BDU240937,Badulla,Passara,,Puhulwatta,88J,"සේවා පියස, පුහුල්වත්ත",,,,,,,,,,6.921786,81.141466
Other,OTHER,NBRO/LRRMD-BDL/BDU/PASSAR/LI/24/0388,BDU240938,Badulla,Passara,,Wewekele,87G,"ශ්‍රී අම්මාන් කෝවිල, වැවකැලේ",,,,,,,,,,6.884071,81.128389
Other,OTHER,NBRO/LRRMD-BDL/BDU/ELLA/LI/24/0389,BDU240959,Badulla,Ella,,Demodara,68I,දෙමෝදර ශ්‍රී ශෛලතලාරාමය,,,,,,,,,,6.894252,81.060196
Other,OTHER,NBRO/LRRMD-BDL/BDU/ELLA/LI/24/0390,BDU240960,Badulla,Ella,,Demodara,68I,දෙමෝදර කදිරේශන්  කෝවිල,,,,,,,,,,6.899252,81.05781
Other,OTHER,NBRO/LRRMD-BDL/BDU/ELLA/LI/24/0391,BDU240961,Badulla,Ella,,Demodara,68I,දෙමෝදර ශ්‍රී මුත්තුමාරි අම්මන් කෝවිල,,,,,,,,,,6.901511,81.057186
Other,OTHER,NBRO/LRRMD-BDL/BDU/UVA-PA/LI/24/0392,BDU240962,Badulla,Uva-Paranagama,,Kerklis,38E,කර් කීල්ස් වත්ත පහළ කොටස මුත්තුමාරි අම්මාන් කෝවිල් ප්‍රජාශාලාව,,,,,,,,,,6.985695,80.9434834
Other,OTHER,NBRO/LRRMD-BDL/BDU/HAPUTA/LI/24/0394,BDU240975,Badulla,Haputale,,Horadorowwa,63E,"‍ නායඅරාව කෘෂි මාර්ගය, ‍බෝඹුහින්න",,,,,,,,,,6.789634,80.908742
Other,OTHER,NBRO/LRRMD-BDL/BDU/HAPUTA/LI/24/0395,BDU240976,Badulla,Haputale,,Horadorowwa,63E,බෝඹුහින්න ගම්මානය,,,,,,,,,,6.781036,80.90965
Other,OTHER,NBRO/LRRMD-BDL/BDU/SORANA/LI/24/0397,BDU240979,Badulla,Soranathota,,Kohovila,26,"කුරිය අරාව පාර, කොහොවිල",,,,,,,,,,7.013963,81.043742
Other,OTHER,NBRO/LRRMD-BDL/BDU/LUNUGA/LI/24/0398,BDU240980,Badulla,Lunugala,,Sumudugama,94G,"සුමුදුගම, ලුණුගල",,,,,,,,,,7.03623,81.190654
Other,OTHER,NBRO/LRRMD-BDL/BDU/LUNUGA/LI/24/0399,BDU240981,Badulla,Lunugala,,Hopton,94H,"හොප්ටන් ප්‍රජා ශාලාව, හොප්ටන්",,,,,,,,,,6.992887,81.19556
Other,OTHER,NBRO/LRRMD-BDL/BDU/BANDAR/LI/24/0400,BDU240984,Badulla,Bandarawela,,Ambegoda,67C,ගිනිගත්හේන අතුරු මාර්ගය,,,,,,,,,,6.850861,80.969237
Other,OTHER,NBRO/LRRMD-BDL/BDU/BANDAR/LI/24/0401,BDU240985,Badulla,Bandarawela,,Liyangahawela Watta,70D,ලියන්ගහවෙල වත්ත ප්‍රජාශාලාව,,,,,,,,,,6.805608,81.03613
Other,OTHER,NBRO/LRRMD-BDL/BDU/LUNUGA/LI/24/0402,BDU240988,Badulla,Lunugala,,Weragoda,92B,සූරියගොඩ පිහිල්ල කඳුර මාර්ගය,,,,,,,,,,7.038155,81.207153
Other,OTHER,NBRO/LRRMD-BDL/BDU/LUNUGA/LI/24/0403,BDU240992,Badulla,Lunugala,,Attanaola,94F,"ශ්‍රී ලෝනගිරි පුරාණ රජ මහා විහාරය, අත්තනගොල්ල",,,,,,,,,,7.0400896,81.2060016
Other,OTHER,NBRO/LRRMD-BDL/BDU/LUNUGA/LI/24/0404,BDU240993,Badulla,Lunugala,,Yapamma,94B,කීණගොඩ - උඩවත්ත මාර්ගය,,,,,,,,,,7.0091835,81.194008
Other,OTHER,NBRO/LRRMD-BDL/BDU/LUNUGA/LI/24/0405,BDU240995,Badulla,Lunugala,,Rendapola,94J,"රේන්දපොල, ලුණුගල",,,,,,,,,,6.987346,81.198483
Other,OTHER,NBRO/LRRMD-BDL/BDU/LUNUGA/LI/24/0406,BDU240996,Badulla,Lunugala,,Hopton,94H,ලුණුගල හොප්ටන් ප්‍රජාශාලාව,,,,,,,,,,6.987346,81.198483
Other,OTHER,NBRO/LRRMD-BDL/BDU/MEEGAH/LI/24/0407,BDU241013,Badulla,Meegahakivula,,Polgaha Arawa,22E,"ශාන්ත නිවස, පොල්ගහඅරාව, අරාව, බදුල්ල",,,,,,,,,,7.147408,81.086367
Other,OTHER,NBRO/LRRMD-BDL/BDU/MEEGAH/LI/24/0408,BDU241014,Badulla,Meegahakivula,,Thaldena,23,"අංක 08, ගල්ගේලන්ද, තල්දෙන",,,,,,,,,,7.1013186,81.045641
Other,OTHER,NBRO/LRRMD-BDL/BDU/MEEGAH/LI/24/0409,BDU241015,Badulla,Meegahakivula,,Thaldena,23,"ගොන්කටුතැන්න, කිරිගලයාය, තල්දෙන",,,,,,,,,,7.091059,81.057951
Other,OTHER,NBRO/LRRMD-BDL/BDU/MEEGAH/LI/24/0410,BDU241016,Badulla,Meegahakivula,,Morahela,21,මොරහෙල මීගොල්ල,,,,,,,,,,7.0760589,81.1055038
Other,OTHER,NBRO/LRRMD-BDL/BDU/MEEGAH/LI/24/0411,BDU241017,Badulla,Meegahakivula,,Kohana,23C,"නිපුන්සෙවන, වනුමැලේවත්ත, පුවක්ගහවත්ත, කැටවත්ත",,,,,,,,,,7.1061231,81.046069
Other,OTHER,NBRO/LRRMD-BDL/BDU/MEEGAH/LI/24/0412,BDU241018,Badulla,Meegahakivula,,Ketawatta,21A,"නිපුන්සෙවන, වනුමැලේවත්ත, පුවක්ගහවත්ත, කැටවත්ත",,,,,,,,,,7.0901813,81.0812626
Other,OTHER,NBRO/LRRMD-BDL/BDU/MEEGAH/LI/24/0413,BDU241019,Badulla,Meegahakivula,,Morahela,21,"දිය අගලේ ගෙදර, මොරහෙල",,,,,,,,,,7.088634,81.098427
Other,OTHER,NBRO/LRRMD-BDL/BDU/ELLA/LI/24/0414,BDU241020,Badulla,Ella,,Demodara,68I,මධුරගම මීරියකැලේ වෑකඩගම,,,,,,,,,,6.88984,81.0547
Other,OTHER,NBRO/LRRMD-BDL/BDU/HALDUM/LI/24/0416,BDU241022,Badulla,Haldummulla,,Kelipanawela,155M,"කැලිපනාවෙල, හල්දුම්මුල්ල",,,,,,,,,,6.723658,81.015088
Other,OTHER,NBRO/LRRMD-BDL/BDU/PASSAR/LI/24/0418,BDU241025,Badulla,Passara,,Medawelagama,89,"එගොඩඅරාව, මැදවෙලගම, පස්සර",,,,,,,,,,6.970752,81.16686
Other,OTHER,NBRO/LRRMD-BDL/BDU/BADULL/LI/24/0419,BDU241039,Badulla,Badulla,,Vineethagama,80C,"උඩකැටවල මාර්ගය, විනීතගම",,,,,,,,,,6.967058,81.104875
Other,OTHER,NBRO/LRRMD-BDL/BDU/HALDUM/LI/24/0420,BDU241045,Badulla,Haldummulla,,Watagamuwa,157K,"ගැමුණු මාවත, වටගමුව, හල්දුම්මුල්ල",,,,,,,,,,6.757042,80.923363
Other,OTHER,NBRO/LRRMD-BDL/BDU/ELLA/LI/24/0421,BDU241046,Badulla,Ella,,Newberg,68J,"පිබිලියගොල්ල,සෙවනගම",,,,,,,,,,6.86898,81.06828
Other,OTHER,NBRO/LRRMD-BDL/BDU/HALDUM/LI/24/0422,BDU241048,Badulla,Haldummulla,,Viharagala,157G,"පහළ බ්ලැක්වුඩ්, විහාරගල",,,,,,,,,,6.757042,80.923363
Other,OTHER,NBRO/LRRMD-BDL/BDU/HALDUM/LI/24/0423,BDU241049,Badulla,Haldummulla,,Ranasinghegama,155H,"මොරගහවත්ත, රණසිංහගම",,,,,,,,,,6.747831,80.993563
Other,OTHER,NBRO/LRRMD-BDL/BDU/HAPUTA/LI/24/0426,BDU241065,Badulla,Haputale,,Hela Kadurugamuwa,63I,කරබැද්ද ඇළ ආශ්‍රිතව,,,,,,,,,,6.790909,80.953787
Other,OTHER,NBRO/LRRMD-BDL/BDU/HAPUTA/LI/24/0427,BDU241068,Badulla,Haputale,,Dodamwattta,63G,දියතලාව - කෝන්ගහකුඹුර යාකරන මාර්ගය,,,,,,,,,,6.810085,80.959926
Other,OTHER,NBRO/LRRMD-BDL/BDU/PASSAR/LI/24/0431,BDU241085,Badulla,Passara,,Pelgahathenna,89G,"නව ජනපදය, විද්‍යාල මාවත, පැල්ගහතැන්න",,,,,,,,,,6.946428,81.135589
Other,OTHER,NBRO/LRRMD-BDL/BDU/BANDAR/LI/24/0434,BDU241094,Badulla,Bandarawela,,Doolgolla,66C,උඩතැන්න වත්ත මාර්ගය,,,,,,,,,,6.818289,81.014227
Other,OTHER,NBRO/LRRMD-BDL/BDU/HALI-E/LI/24/0435,BDU241103,Badulla,Hali-Ela,,Haliela,74A,"විද්‍යා විද්‍යාලය, හාලිඇල",,,,,,,,,,6.956724,81.033913
Other,OTHER,NBRO/LRRMD-BDL/BDU/PASSAR/LI/24/0436,BDU241134,Badulla,Passara,,Kanawerella,87,කණවැරැල්ල නැගෙනහිර,,,,,,,,,,6.897083,81.129096
Other,OTHER,NBRO/LRRMD-BDL/BDU/HALI-E/LI/24/0437,BDU241135,Badulla,Hali-Ela,,Mugunuatha West,73C,හාලිඇල දෙමළ විද්‍යාලයේ ක්‍රීඩාපිටිය,,,,,,,,,,6.950841,81.031745
Other,OTHER,NBRO/LRRMD-BDL/BDU/HALI-E/LI/24/0438,BDU241136,Badulla,Hali-Ela,,Bogahamaditta,74B,ජයන්තිපුර - රිටිගහලන්ද මාර්ගය,,,,,,,,,,6.950841,81.031745
Other,OTHER,NBRO/LRRMD-BDL/BDU/MEEGAH/LI/24/0442,BDU241176,Badulla,Meegahakivula,,Polwatta,16D,"සෙව්වන්දි නිවස, පොල්වත්ත,කළුගහකඳුර",,,,,,,,,,7.116447,81.1132786
Other,OTHER,NBRO/LRRMD-BDL/BDU/MEEGAH/LI/24/0443,BDU241178,Badulla,Meegahakivula,,Pitamaruwa,16A,"ඇබිල්ලවැල්තැන්න,සූරියගොල්ල,පිටමාරුව.",,,,,,,,,,7.1070014,81.1359124
Other,OTHER,NBRO/LRRMD-BDL/BDU/MEEGAH/LI/24/0444,BDU241179,Badulla,Meegahakivula,,Aggalaulpatha,22C,සමෘද්ධි කඩය අසල බෙදුම් ඇල සංවර්ධනය කිරීම,,,,,,,,,,7.1528169,81.0601315
Other,OTHER,NBRO/LRRMD-BDL/BDU/HALDUM/LI/24/0447,BDU241183,Badulla,Haldummulla,,Kithulgahaarawa,158E,"රුක්අත්තන, පීල්ලකඳුර මාර්ගය",,,,,,,,,,6.757699,80.883085
Other,OTHER,NBRO/LRRMD-BDL/BDU/LUNUGA/LI/24/0452,BDU241203,Badulla,Lunugala,,Janathapura North,95A,"කිවුලේගම මාර්ගය, ජනතාපුර උතුර",,,,,,,,,,7.040572,81.198783
Other,OTHER,NBRO/LRRMD-BDL/BDU/BANDAR/LI/24/0458,BDU241223,Badulla,Bandarawela,,Egodagama,66E,පාසල් පතන පොදු  සුසාන භූමියේ සොහොන් ගෙය ඉදි කිරීම,,,,,,,,,,6.8334073,81.0181786
Other,OTHER,NBRO/LRRMD-BDL/BDU/BANDAR/LI/24/0460,BDU241225,Badulla,Bandarawela,,Bandarawela East,65G,"අප්හිල්,අඹේගොඩ,බණ්ඩාරවෙල.",,,,,,,,,,6.851342,80.96642
Other,OTHER,NBRO/LRRMD-BDL/BDU/BANDAR/LI/24/0461,BDU241226,Badulla,Bandarawela,,Bandarawela East,65G,"ලයන්විලා, අඹේගොඩ,බණ්ඩාරවෙල",,,,,,,,,,6.852049,80.966396
Other,OTHER,NBRO/LRRMD-BDL/BDU/BANDAR/LI/24/0462,BDU241227,Badulla,Bandarawela,,Bandarawela East,65G,"අප්හිල්,අඹේගොඩ,බණ්ඩාරවෙල.",,,,,,,,,,6.8504515,80.966804
Other,OTHER,NBRO/LRRMD-BDL/BDU/BANDAR/LI/24/0463,BDU241228,Badulla,Bandarawela,,Bandarawela East,65G,"අප්හිල්,අඹේගොඩ,බණ්ඩාරවෙල.",,,,,,,,,,6.850692,80.966483
Other,OTHER,NBRO/LRRMD-BDL/BDU/BANDAR/LI/24/0464,BDU241229,Badulla,Bandarawela,,Wewathenna,67G,"දියබිබිල,පැරකුම් මාවත, බණ්ඩාරවෙල.",,,,,,,,,,6.8423176,80.9759968
Other,OTHER,NBRO/LRRMD-BDL/BDU/BANDAR/LI/24/0465,BDU241230,Badulla,Bandarawela,,Ettalapitiya,67,"No.224/A,ඇටැම්පිටිය පාර,හෙළමුදුන, බණ්ඩාරවෙල.",,,,,,,,,,6.844057,80.984098
Other,OTHER,NBRO/LRRMD-BDL/BDU/BANDAR/LI/24/0466,BDU241231,Badulla,Bandarawela,,Kebillawela North,67D,"No.24/1,උතුරු කැබිල්ලේවෙල,බණ්ඩාරවෙල.",,,,,,,,,,6.83547,80.99093
Other,OTHER,NBRO/LRRMD-BDL/BDU/BANDAR/LI/24/0467,BDU241232,Badulla,Bandarawela,,Thanthiriya,66G,"ධර්මාශෝක මාවත,R.M අප්පුහාමි මාවත,කිණිගම, බණ්ඩාරවෙල.",,,,,,,,,,6.82942,81.000095
Other,OTHER,NBRO/LRRMD-BDL/BDU/BANDAR/LI/24/0468,BDU241233,Badulla,Bandarawela,,Bindunuwewa,67B,"වැලිහෙලපතන,දික්උල්පත,බිදුණුවැව,බණ්ඩාරවෙල.",,,,,,,,,,6.84742,81.006654
Other,OTHER,NBRO/LRRMD-BDL/BDU/BANDAR/LI/24/0469,BDU241234,Badulla,Bandarawela,,Bindunuwewa,67B,"No.141,චන්ද්‍රා නිවස,ගුරුවිදුහල පාර,බිදුණුවැව,බණ්ඩාරවෙල.",,,,,,,,,,6.845229,81.005122
Other,OTHER,NBRO/LRRMD-BDL/BDU/BANDAR/LI/24/0470,BDU241235,Badulla,Bandarawela,,Bindunuwewa,67B,"No.157/B,බදුලුගස්තැන්න,බිදුණුවැව,බණ්ඩාරවෙල.",,,,,,,,,,6.844647,80.970542
Other,OTHER,NBRO/LRRMD-BDL/BDU/BANDAR/LI/24/0471,BDU241236,Badulla,Bandarawela,,Bindunuwewa,67B,"No.81/1,ගුරුවිදුහල පාර,බිදුණුවැව,බණ්ඩාරවෙල.",,,,,,,,,,6.844949,81.005015
Other,OTHER,NBRO/LRRMD-BDL/BDU/ELLA/LI/24/0474,BDU241245,Badulla,Ella,,Kithal Elle,69E,"කරඳගහකුඹුර, ඇල්ල",,,,,,,,,,6.874082,81.029415
Other,OTHER,NBRO/LRRMD-BDL/BDU/BADULL/LI/24/0482,BDU241262,Badulla,Badulla,,Badulla North,78A,"අංක 39, කරුණාපුර, බදුල්ල",,,,,,,,,,7.0060676,81.0547612
Other,OTHER,NBRO/LRRMD-BDL/BDU/BADULL/LI/24/0483,BDU241263,Badulla,Badulla,,Badulla North,78A,"51/2A, ඔලියමණ්ඩිය, බදුල්ල",,,,,,,,,,7.0038056,81.0543997
Other,OTHER,NBRO/LRRMD-BDL/BDU/MEEGAH/LI/24/0485,BDU241292,Badulla,Meegahakivula,,Meegahakivula,22,"15 කණුව අතුරු මාර්ගය 2 කොටස, මීගහකිවුල",,,,,,,,,,7.1402629,81.049766
Other,OTHER,NBRO/LRRMD-BDL/BDU/PASSAR/LI/24/0486,BDU241293,Badulla,Passara,,Passara Town East,88L,"ප්‍රධාන මුස්ලිම් පල්ලිය, පස්සර",,,,,,,,,,6.936237,81.156651
Other,OTHER,NBRO/LRRMD-BDL/BDU/SORANA/LI/24/0488,BDU241327,Badulla,Soranathota,,Pussellawa,23AA,"බටුවත්ත, පුවක්ගහවත්ත කෘෂි මාර්ගය",,,,,,,,,,7.0555305,81.0566222
Other,OTHER,NBRO/LRRMD-BDL/BDU/SORANA/LI/24/0490,BDU241329,Badulla,Soranathota,,Soranathota,28,දියනාවල දේවාලයට පිවිසෙන මාර්ගය,,,,,,,,,,7.0141236,81.0254866
Other,OTHER,NBRO/LRRMD-BDL/BDU/SORANA/LI/24/0491,BDU241330,Badulla,Soranathota,,Kandegedara Town,27A,වීරගම නව ක්‍රීඩාපිටිය,,,,,,,,,,7.0140405,81.0245089
Other,OTHER,NBRO/LRRMD-BDL/BDU/SORANA/LI/24/0495,BDU241336,Badulla,Soranathota,,Budugekanda,29A,"‍ඓතිහාසික පුරාණ වළගම්භා ලෙන් විහාරය, බුදුගේකන්ද",,,,,,,,,,7.072917,81.027183
Other,OTHER,NBRO/LRRMD-BDL/BDU/BADULL/LI/24/0497,BDU241338,Badulla,Badulla,,Ilukthenna,80B,"සිරිමල්ගොඩ මහා විද්‍යාලය, බදුල්ල",,,,,,,,,,6.9959089,81.0783373
Other,OTHER,NBRO/LRRMD-BDL/BDU/BANDAR/LI/24/0499,BDU241340,Badulla,Bandarawela,,Diganathenna,67H,සින්න මාළිගාතැන්න සුසාන භුමිය අසල,,,,,,,,,,6.832582,80.982161
Other,OTHER,NBRO/LRRMD-BDL/BDU/UVA-PA/LI/24/0506,BDU241386,Badulla,Uva-Paranagama,,Thawalampola,43A,"අඹගහවත්ත, තවලම්පොල",,,,,,,,,,6.9597099,80.8814285
Other,OTHER,NBRO/LRRMD-BDL/BDU/SORANA/LI/24/0513,BDU241425,Badulla,Soranathota,,Rideepana,26C,"අංක 12, පිටපොල, රිදීපාන වත්ත, බදුල්ල",,,,,,,,,,7.016182,81.056108
Other,OTHER,NBRO/LRRMD-BDL/BDU/SORANA/LI/24/0514,BDU241426,Badulla,Soranathota,,Pussellawa,23AA,"කැටගොඩ,පුස්සැල්ලාව,තල්දෙන.",,,,,,,,,,7.0609737,81.0576117
Other,OTHER,NBRO/LRRMD-BDL/BDU/PASSAR/LI/24/0516,BDU241430,Badulla,Passara,,Pelgahathenna,89G,"7 කණුව, පස්සර පාර, පැල්ගහතැන්න.",,,,,,,,,,6.9571688,81.1234852
Other,OTHER,NBRO/LRRMD-BDL/BDU/BANDAR/LI/24/0518,BDU241438,Badulla,Bandarawela,,Kebillaweka South,65A,"23/1, ගල් වල පතන, පුනාගල පාර, බණ්ඩාරවෙල",,,,,,,,,,6.8227777,80.9973276
Other,OTHER,NBRO/LRRMD-BDL/BDU/BANDAR/LI/24/0519,BDU241439,Badulla,Bandarawela,,Ettalapitiya,67,"45/1, එක්කුලාගොඩපතන, පාසල් මාවත, ඇත්තලපිටිය, බණ්ඩාරවෙල",,,,,,,,,,6.84979,80.985241
Other,OTHER,NBRO/LRRMD-BDL/BDU/HALDUM/LI/24/0520,BDU241440,Badulla,Haldummulla,,Kotabakma,155D,කොටබක්ම වාරි ඇළේ කැඩුණු ස්ථානය,,,,,,,,,,6.734778,81.007137
Other,OTHER,NBRO/LRRMD-BDL/BDU/BANDAR/LI/24/0523,BDU241459,Badulla,Bandarawela,,Ambegoda,67C,"අංක 69, සමගිපුර මාවත, පළමු පටුමග, වැලිමඩ පාර, බණ්ඩාරවෙල",,,,,,,,,,6.847338,80.971135
Other,OTHER,NBRO/LRRMD-BDL/BDU/BANDAR/LI/24/0524,BDU241460,Badulla,Bandarawela,,Ambegoda,67C,"අංක 64, සමගිපුර මාවත, පළමු පටුමග, වැලිමඩ පාර, බණ්ඩාරවෙල",,,,,,,,,,6.847358,80.971127
Other,OTHER,NBRO/LRRMD-BDL/BDU/BANDAR/LI/24/0525,BDU241461,Badulla,Bandarawela,,Ambegoda,67C,"සෙත්සිරි, සමගිපුර මාවත, පළමු පටුමග, වැලිමඩ පාර, බණ්ඩාරවෙල",,,,,,,,,,6.847258,80.97131
Other,OTHER,NBRO/LRRMD-BDL/BDU/SORANA/LI/24/0526,BDU241470,Badulla,Soranathota,,Pathanegedara,24B,"කිඹුලන්නාවෙල, 7 කණුව, පුස්සැල්ලාව, තල්දෙන",,,,,,,,,,7.063285,81.060372
Other,OTHER,NBRO/LRRMD-BDL/BDU/SORANA/LI/24/0527,BDU241471,Badulla,Soranathota,,Pathanegedara,24B,"අංක 110, රෝහල අසල, කන්දෙගෙදර",,,,,,,,,,7.02713,81.02019
Other,OTHER,NBRO/LRRMD-BDL/BDU/UVA-PA/LI/24/0539,BDU241485,Badulla,Uva-Paranagama,,Galahagama,46B,"අළුත්වත්ත, ගලහගම",,,,,,,,,,6.928452,80.83086
Other,OTHER,NBRO/LRRMD-BDL/BDU/BANDAR/LI/24/0540,BDU241506,Badulla,Bandarawela,,Liyangahawela Watta,70D,ලියන්ගහවෙල වත්ත පොදු ක්‍රීඩාපිටිය,,,,,,,,,,6.806514,81.028015
Other,OTHER,NBRO/LRRMD-BDL/BDU/HALDUM/LI/24/0547,BDU241541,Badulla,Haldummulla,,Kalupahana,158,"වැලිපීල්ල, ගම්වසම්ගම, කළුපහන",,,,,,,,,,6.765625,80.853564
Other,OTHER,NBRO/LRRMD-BDL/BDU/HALDUM/LI/24/0548,BDU241542,Badulla,Haldummulla,,Ampittithenna,155K,"අංක 33/1, නාඋල්ල, කොස්ලන්ද",,,,,,,,,,6.733776,81.024128
Other,OTHER,NBRO/LRRMD-BDL/BDU/BADULL/LI/24/0552,BDU241553,Badulla,Badulla,,Kailagoda,78G,"රත්පහ ගල්පිල්ල ක්‍රීඩා පිටිය, කයිලගොඩ",,,,,,,,,,7.004236,81.058029
Other,OTHER,NBRO/LRRMD-BDL/BDU/HAPUTA/LI/24/0562,BDU241588,Badulla,Haputale,,Hela Kadurugamuwa,63I,බීරියගහ උල්පත - මැදහින්න - උඩුතුරේ මාර්ගය,,,,,,,,,,6.788949,80.948657
Other,OTHER,NBRO/LRRMD-BDL/BDU/SORANA/LI/24/0563,BDU241594,Badulla,Soranathota,,Pussellakanda,28A,"“ප්‍රියචාමර”, කීරියගොල්ල, බුදුගේකන්ද",,,,,,,,,,7.071186,81.036705
Other,OTHER,NBRO/LRRMD-BDL/BDU/SORANA/LI/24/0564,BDU241595,Badulla,Soranathota,,Dikpitiya,34A,"ඔලගංවත්ත, දික්පිටිය, තැන්නේපංගුව",,,,,,,,,,7.059973,81.014486
Other,OTHER,NBRO/LRRMD-BDL/BDU/BADULL/LI/24/0593,BDU241643,Badulla,Badulla,,Badulla North,78A,"අංක 284/2 හුනුකොටුව හරස් පාර, රිදීපාන, බදුල්ල",,,,,,,,,,7.01038,81.055227
Other,OTHER,NBRO/LRRMD-BDL/BDU/BADULL/LI/24/0594,BDU241644,Badulla,Badulla,,Badulla North,78A,"අංක 91 ,ගල්කන්ද පහල කොටස,බදුල්ල",,,,,,,,,,7.0081007,81.054027
Other,OTHER,NBRO/LRRMD-BDL/BDU/BADULL/LI/24/0595,BDU241645,Badulla,Badulla,,Badulla North,78A,"අංක284/6/ඒ, හුනුකොටුව හරස් පාර, රීදීපාන,බදුල්ල",,,,,,,,,,7.011438,81.055643
Other,OTHER,NBRO/LRRMD-BDL/BDU/BADULL/LI/24/0596,BDU241646,Badulla,Badulla,,Badulla North,78A,"අංක10/50 , ගල්කන්ද පහල කොටස,බදුල්ල",,,,,,,,,,7.0082476,81.0540595
Other,OTHER,NBRO/LRRMD-BDL/BDU/PASSAR/LI/24/0598,BDU241648,Badulla,Passara,,Passara Town North,88B,පස්සර ප්‍රදාන ජුම්මා පල්ලිය,,,,,,,,,,6.936467,81.156163
Other,OTHER,NBRO/LRRMD-BDL/BDU/BADULL/LI/24/0599,BDU241649,Badulla,Badulla,,Vineethagama,80C,වීනීතගම ප්‍රජා ශාලාව අසල,,,,,,,,,,6.969539,81.109864
Other,OTHER,NBRO/LRRMD-BDL/BDU/BANDAR/LI/24/0604,BDU241672,Badulla,Bandarawela,,Kinigama,66,"අමිල සෙවන,මහ උල්පත පාර,කිණිගම,බදුල්ල.",,,,,,,,,,6.8283737,81.0042124
Other,OTHER,NBRO/LRRMD-BDL/BDU/BADULL/LI/24/0628,BDU241768,Badulla,Badulla,,Hegoda,79,"E11, පතනේගෙදර, හෑගොඩ, බදුල්ල",,,,,,,,,,6.991471,81.071161
Other,OTHER,NBRO/LRRMD-BDL/BDU/BANDAR/LI/25/0003,BDU250016,Badulla,Bandarawela,,Liyangahawela,70A,"අංක 305 A,අලුත්ගම,බිදුණුවැව,බණ්ඩාරවෙල.",,,,,,,,,,6.800425,81.050379
Other,OTHER,NBRO/LRRMD-BDL/BDU/BADULL/LI/25/0006,BDU250036,Badulla,Badulla,,Ilukthenna,80B,"හොරිවලහේන ඉඩම, රත්පහවත්ත, මැදමංකඩ, සිරිමල්ගොඩ, බදුල්ල",,,,,,,,,,7.000367,81.085395
Other,OTHER,NBRO/LRRMD-BDL/BDU/BANDAR/LI/25/0010,BDU250074,Badulla,Bandarawela,,Makulelle,66A,"අංක 77/7A,ගොවිජන කේන්ද්‍රය ඉදිරිපිට,විශාකා මාවත.",,,,,,,,,,6.824902,81.034851
Other,OTHER,NBRO/LRRMD-BDL/BDU/BANDAR/LI/25/0012,BDU250076,Badulla,Bandarawela,,Karagahawela,65C,"පිටවත්ත පතන , ඉහළ කහත්තේවෙල පාර, බණ්ඩාරවෙල.",,,,,,,,,,6.836706,80.981891
Other,OTHER,NBRO/LRRMD-BDL/BDU/SORANA/LI/25/0018,BDU250085,Badulla,Soranathota,,Soranathota,28,"සොරණාතොට ප්‍රාථමික විද්‍යාලය, පාසල් පිවිසුම් මාර්ගය",,,,,,,,,,7.023515,81.043106
Other,OTHER,NBRO/LRRMD-BDL/BDU/BANDAR/LI/25/0022,BDU250112,Badulla,Bandarawela,,Wewathenna,67G,"දෙව්මිණි,අමුණුදෝව,වැවතැන්න,බණ්ඩාරවෙල.",,,,,,,,,,6.8527121,80.9802828
Other,OTHER,NBRO/LRRMD-BDL/BDU/BANDAR/LI/25/0023,BDU250113,Badulla,Bandarawela,,Bindunuwewa,67B,"අංක 101,බදුලුගස්තැන්න,බිදුණුවැව,බණ්ඩාරවෙල.",,,,,,,,,,6.8462443,80.9949435
Other,OTHER,NBRO/LRRMD-BDL/BDU/BANDAR/LI/25/0024,BDU250115,Badulla,Bandarawela,,Bindunuwewa,67B,"අංක 39/6,ගුරු විද්‍යාල පාර,බිදුණුවැව,බණ්ඩාරවෙල.",,,,,,,,,,6.845693,81.00481
Other,OTHER,NBRO/LRRMD-BDL/BDU/BANDAR/LI/25/0025,BDU250116,Badulla,Bandarawela,,Bindunuwewa,67B,"අංක 56,බදුලුගස්තැන්න,බිදුණුවැව,බණ්ඩාරවෙල.",,,,,,,,,,6.8422634,80.9984513
Other,OTHER,NBRO/LRRMD-BDL/BDU/BANDAR/LI/25/0026,BDU250117,Badulla,Bandarawela,,Wewathenna,67G,"අංක 154/1,නිවිඩු නිකේතනය පාර,දියබිබිල,බණ්ඩාරවෙල.",,,,,,,,,,6.8430805,80.9746416
Other,OTHER,NBRO/LRRMD-BDL/BDU/BANDAR/LI/25/0027,BDU250118,Badulla,Bandarawela,,Wewathenna,67G,"අංක 64/A,රෝහල් පාර,වැවතැන්න,බණ්ඩාරවෙල.",,,,,,,,,,6.8483652,80.9817434
Other,OTHER,NBRO/LRRMD-BDL/BDU/BANDAR/LI/25/0028,BDU250119,Badulla,Bandarawela,,Watagamuwa,67F,"ගොඩමඩිත්ත,වටලමුව,බණ්ඩාරවෙල.",,,,,,,,,,6.859887,81.0026575
Other,OTHER,NBRO/LRRMD-BDL/BDU/BANDAR/LI/25/0030,BDU250123,Badulla,Bandarawela,,Kinigama,66,"“සැනසුම”, රත්මල්ගස් ඇල්ල, කිණිගම, බණ්ඩාරවෙල",,,,,,,,,,6.827349,81.002251
Other,OTHER,NBRO/LRRMD-BDL/BDU/BANDAR/LI/25/0031,BDU250125,Badulla,Bandarawela,,Kinigama,66,"“බොතේජු විලා”, රත්මල්ගස් ඇල්ල, කිණිගම, බණ්ඩාරවෙල",,,,,,,,,,6.827674,81.000474
Other,OTHER,NBRO/LRRMD-BDL/BDU/BANDAR/LI/25/0032,BDU250127,Badulla,Bandarawela,,Kinigama,66,"11A, “දිනිදු”, වලස්බැද්ද, බණ්ඩාරවෙල",,,,,,,,,,6.827909,80.999382
Other,OTHER,NBRO/LRRMD-BDL/BDU/BANDAR/LI/25/0033,BDU250130,Badulla,Bandarawela,,Ettalapitiya,67,"දෙහිගස්ඇල්ල,ඇත්තලපිටිය,බණ්ඩාරවෙල.",,,,,,,,,,6.8467685,80.9847193
Other,OTHER,NBRO/LRRMD-BDL/BDU/BANDAR/LI/25/0034,BDU250132,Badulla,Bandarawela,,Ambegoda,67C,"අංක 15/6/1,සිරිමල් වත්ත,අඹේගොඩ, බණ්ඩාරවෙල.",,,,,,,,,,6.8390242,80.9754171
Other,OTHER,NBRO/LRRMD-BDL/BDU/BANDAR/LI/25/0035,BDU250133,Badulla,Bandarawela,,Bandarawela East,65G,"අංක 71/1,නසරත් පාර,ගජනායක මාවත, බණ්ඩාරවෙල.",,,,,,,,,,6.8316173,80.9941221
Other,OTHER,NBRO/LRRMD-BDL/BDU/BANDAR/LI/25/0036,BDU250134,Badulla,Bandarawela,,Bandarawela West,65B,"අංක 44/45 A,පිටවත්ත පතන,පිවිසුම් මාර්ගය, බණ්ඩාරවෙල.",,,,,,,,,,6.83170105,80.9819486
Other,OTHER,NBRO/LRRMD-BDL/BDU/BANDAR/LI/25/0037,BDU250135,Badulla,Bandarawela,,Gediyaroda,67K,"අංක 233/1,ගෙඩියාරොද,බණ්ඩාරවෙල.",,,,,,,,,,6.844268,80.9920067
Other,OTHER,NBRO/LRRMD-BDL/BDU/BANDAR/LI/25/0038,BDU250136,Badulla,Bandarawela,,Gediyaroda,67K,"අංක 232/2, ගෙඩියාරොද,බණ්ඩාරවෙල.",,,,,,,,,,6.844394,80.991694
Other,OTHER,NBRO/LRRMD-BDL/BDU/BANDAR/LI/25/0039,BDU250137,Badulla,Bandarawela,,Gediyaroda,67K,"උතුරු කැබිල්ලේවෙල, ගෙඩියාරොද,බණ්ඩාරවෙල.",,,,,,,,,,6.844807,80.991569
Other,OTHER,NBRO/LRRMD-BDL/BDU/BANDAR/LI/25/0040,BDU250138,Badulla,Bandarawela,,Gediyaroda,67K,"අංක 230/2A, උතුරු කැබිල්ලේවෙල, ගෙඩියාරොද,බණ්ඩාරවෙල.",,,,,,,,,,6.844807,80.991569
Other,OTHER,NBRO/LRRMD-BDL/BDU/BANDAR/LI/25/0041,BDU250139,Badulla,Bandarawela,,Gediyaroda,67K,"අංක 230/1, උතුරු කැබිල්ලේවෙල, ගෙඩියාරොද,බණ්ඩාරවෙල.",,,,,,,,,,6.84481,80.991571
Other,OTHER,NBRO/LRRMD-BDL/BDU/BANDAR/LI/25/0043,BDU250145,Badulla,Bandarawela,,Gediyaroda,67K,"අංක 235/3,තොටවෙල අරාව පහළ,ගෙඩියාරොද,බණ්ඩාරවෙල.",,,,,,,,,,6.845262,80.991161
Other,OTHER,NBRO/LRRMD-BDL/BDU/BANDAR/LI/25/0044,BDU250146,Badulla,Bandarawela,,Gediyaroda,67K,"අංක  255/5 (1), හෙරලියගස් කුඹුර පාර,ගෙඩියාරොද,බණ්ඩාරවෙල.",,,,,,,,,,6.845653,80.991263
Other,OTHER,NBRO/LRRMD-BDL/BDU/BANDAR/LI/25/0045,BDU250147,Badulla,Bandarawela,,Gediyaroda,67K,"සුසාන භූමිය අසල, හෙරලියගස් කුඹුර පාර,ගෙඩියාරොද,බණ්ඩාරවෙල.",,,,,,,,,,6.845598,80.991386
Other,OTHER,NBRO/LRRMD-BDL/BDU/BANDAR/LI/25/0046,BDU250148,Badulla,Bandarawela,,Gediyaroda,67K,"උතුරු කැබිල්ලේවෙල, ගෙඩියාරොද,බණ්ඩාරවෙල.",,,,,,,,,,6.845441,80.991742
Other,OTHER,NBRO/LRRMD-BDL/BDU/BANDAR/LI/25/0047,BDU250149,Badulla,Bandarawela,,Gediyaroda,67K,"හෙරලියගස් කුඹුර පාර, උතුරු කැබිල්ලේවෙල, බණ්ඩාරවෙල.",,,,,,,,,,6.845283,80.991925
Other,OTHER,NBRO/LRRMD-BDL/BDU/BANDAR/LI/25/0048,BDU250150,Badulla,Bandarawela,,Gediyaroda,67K,"අංක  230/4, ගෙඩියාරොද,බණ්ඩාරවෙල.",,,,,,,,,,6.8451326,80.99244
Other,OTHER,NBRO/LRRMD-BDL/BDU/BANDAR/LI/25/0049,BDU250156,Badulla,Bandarawela,,Kinigama,66,"අංක 17, වලස්බැද්ද, බණ්ඩාරවෙල",,,,,,,,,,6.827788,80.998975
Other,OTHER,NBRO/LRRMD-BDL/BDU/BANDAR/LI/25/0055,BDU250163,Badulla,Bandarawela,,Kinigama,66,"අංක 38, “ශ්‍රී විකුම්”, වලස්බැද්ද, බණ්ඩාරවෙල",,,,,,,,,,6.825996,81.003645
Other,OTHER,NBRO/LRRMD-BDL/BDU/BANDAR/LI/25/0057,BDU250165,Badulla,Bandarawela,,Kinigama,66,"අංක 20, වලස්බැද්ද, කිණිගම, බණ්ඩාරවෙල",,,,,,,,,,6.826561,81.000772
Other,OTHER,NBRO/LRRMD-BDL/BDU/HAPUTA/LI/25/0058,BDU250166,Badulla,Haputale,,Ellegama,63K,ඇල්ල ගම ආදා ඇල්ල ප්‍රදේශය,,,,,,,,,,6.82318,80.94591
Other,OTHER,NBRO/LRRMD-BDL/BDU/BANDAR/LI/25/0060,BDU250168,Badulla,Bandarawela,,Kinigama,66,"ගල්කන්ද, මහඋල්පොත, බණ්ඩාරවෙල",,,,,,,,,,6.828191,81.012884
Other,OTHER,NBRO/LRRMD-BDL/BDU/BANDAR/LI/25/0061,BDU250169,Badulla,Bandarawela,,Kinigama,66,"අංක 152/1, ගල්කන්ද, මහඋල්පොත, කිණිගම, බණ්ඩාරවෙල",,,,,,,,,,6.828279,81.012847
Other,OTHER,NBRO/LRRMD-BDL/BDU/BANDAR/LI/25/0062,BDU250170,Badulla,Bandarawela,,Inikambedda,65E,"ඉණිකම්බැද්ද, බණ්ඩාරවෙල",,,,,,,,,,6.824294,80.990514
Other,OTHER,NBRO/LRRMD-BDL/BDU/BANDAR/LI/25/0063,BDU250171,Badulla,Bandarawela,,Thanthiriya,66G,"අංක 48/2, උඩුහුල්පොත පතන, කිණිගම, බණ්ඩාරවෙල",,,,,,,,,,6.835045,81.003207
Other,OTHER,NBRO/LRRMD-BDL/BDU/BANDAR/LI/25/0064,BDU250172,Badulla,Bandarawela,,Thanthiriya,66G,"අංක 48/1, උඩුහුල්පොත පතන, කිණිගම, බණ්ඩාරවෙල",,,,,,,,,,6.834935,81.003488
Other,OTHER,NBRO/LRRMD-BDL/BDU/BANDAR/LI/25/0065,BDU250173,Badulla,Bandarawela,,Thanthiriya,66G,"අංක 48/1, උඩුහුල්පොත පතන, හීල්ඔය පාර, කිණිගම, බණ්ඩාරවෙල",,,,,,,,,,6.834937,81.003485
Other,OTHER,NBRO/LRRMD-BDL/BDU/BANDAR/LI/25/0066,BDU250174,Badulla,Bandarawela,,Thanthiriya,66G,"“ප්‍රභා”, තන්තිරිය වත්ත, කිණිගම, බණ්ඩාරවෙල",,,,,,,,,,6.829406,81.00132
Other,OTHER,NBRO/LRRMD-BDL/BDU/BADULL/LI/25/0067,BDU250195,Badulla,Badulla,,Medapathana,78M,"අංක 27/4 A, මැදපතන, බදුල්ල",,,,,,,,,,7.0063,81.0587949
Other,OTHER,NBRO/LRRMD-BDL/BDU/HAPUTA/LI/25/0075,BDU250229,Badulla,Haputale,,Ranjallawa,64C,"සූරියගස්තැන්න, මැණික්කන්ද, බණ්ඩාරවෙල",,,,,,,,,,6.8255912,80.9713012
Other,OTHER,NBRO/LRRMD-BDU/BDU/SORANA/LI/25/0079,BDU250237,Badulla,Soranathota,,Pussellawa,23AA,"6 කණුව,පුස්සැල්ලාව,බදුල්ල.",,,,,,,,,,7.0525073,81.059465
Other,OTHER,NBRO/LRRMD-BDL/BDU/BANDAR/LI/25/0094,BDU250311,Badulla,Bandarawela,,Gediyaroda,67K,"අංක 228/1, ගෙඩියාරොද, බණ්ඩාරවෙල",,,,,,,,,,6.845323,80.991878
Other,OTHER,NBRO/LRRMD-BDL/BDU/BANDAR/LI/25/0095,BDU250312,Badulla,Bandarawela,,Kinigama,66,"අංක 62, බලගල ඇල්ල, කිණිගම, බණ්ඩාරවෙල",,,,,,,,,,6.827401,81.004475
Other,OTHER,NBRO/LRRMD-BDL/BDU/BANDAR/LI/25/0096,BDU250313,Badulla,Bandarawela,,Thanthiriya,66G,තන්තිරිය ග්‍රාම නිලධාරි වසමේ නව තැපැල් කාර් යාලයක් ඉදි කිරීම,,,,,,,,,,6.830554,81.003457
Other,OTHER,NBRO/LRRMD-BDL/BDU/BANDAR/LI/25/0097,BDU250314,Badulla,Bandarawela,,Kinigama,66,"NO.2/2,බලිගල ඇල්ල,කිණිගම,බණ්ඩාරවෙල.",,,,,,,,,,6.827433,81.004945
Other,OTHER,NBRO/LRRMD-BDL/BDU/HAPUTA/LI/25/0098,BDU250315,Badulla,Haputale,,Kahattewela,64A,උඩුතුරේ සිට පරදෙහි අරාව මාර්ගය,,,,,,,,,,6.8360474,80.9728362
Other,OTHER,NBRO/LRRMD-BDL/BDU/BANDAR/LI/25/0100,BDU250317,Badulla,Bandarawela,,Inikambedda,65E,"ලාලිත්‍ය, මාර්ලෝජ් පාර, ඉණිකම්බැද්ද, බණ්ඩාරවෙල",,,,,,,,,,6.822928,80.991579
Other,OTHER,NBRO/LRRMD-BDL/BDU/BANDAR/LI/25/0104,BDU250322,Badulla,Bandarawela,,Thanthiriya,66G,"අංක 23, බදුල්ල පාර, උඩුහුල්පොත, බණ්ඩාරවෙල",,,,,,,,,,6.836026,81.002153
Other,OTHER,NBRO/LRRMD-BDL/BDU/BANDAR/LI/25/0106,BDU250324,Badulla,Bandarawela,,Kinigama,66,"අංක 1/3, අනුරාධා,  බලගල ඇල්ල, කිණිගම, බණ්ඩාරවෙල",,,,,,,,,,6.827325,81.005599
Other,OTHER,NBRO/LRRMD-BDL/BDU/BANDAR/LI/25/0108,BDU250326,Badulla,Bandarawela,,Kinigama,66,"අංක 39, බලගල ඇල්ල, මහඋල්පත, බණ්ඩාරවෙල",,,,,,,,,,6.827428,81.004656
Other,OTHER,NBRO/LRRMD-BDL/BDU/BANDAR/LI/25/0110,BDU250328,Badulla,Bandarawela,,Kinigama,66,"රත්මල්ගස්ඇල්ල, කිණිගම, බණ්ඩාරවෙල",,,,,,,,,,6.828826,81.003496
Other,OTHER,NBRO/LRRMD-BDL/BDU/BANDAR/LI/25/0112,BDU250330,Badulla,Bandarawela,,Kinigama,66,"අංක 1/10, වැරණියගොඩ නිවස, වලස්බැද්ද, බණ්ඩාරවෙල",,,,,,,,,,6.827072,80.999655
Other,OTHER,NBRO/LRRMD-BDL/BDU/BANDAR/LI/25/0132,BDU250403,Badulla,Bandarawela,,Bandarawela West,65B,"K.P.C අසල,වැලිමඩ පාර,බණ්ඩාරවෙල.",,,,,,,,,,6.8364516,80.9820576
Other,OTHER,NBRO/LRRMD-BDL/BDU/BANDAR/LI/25/0133,BDU250404,Badulla,Bandarawela,,Bandarawela East,65G,"බණ්ඩාරවෙල එක්සත් ව්‍යාපාරික සංගමය,MT නව වාණිජ මධ්‍යස්ථානය,බණ්ඩාරවෙල.",,,,,,,,,,6.8320473,80.994513
Other,OTHER,NBRO/LRRMD-BDL/BDU/BANDAR/LI/25/0134,BDU250405,Badulla,Bandarawela,,Inikambedda,65E,"අංක 29 B,ජන උදානගම,බණ්ඩාරවෙල.",,,,,,,,,,6.825447,80.9897028
Other,OTHER,NBRO/LRRMD-BDL/BDU/BANDAR/LI/25/0135,BDU250406,Badulla,Bandarawela,,Inikambedda,65E,"අංක 47/10,ජලාශය පාර,2 වන පටුමග,බණ්ඩාරවෙල.",,,,,,,,,,6.8257,80.988887
Other,OTHER,NBRO/LRRMD-BDL/BDU/BANDAR/LI/25/0136,BDU250407,Badulla,Bandarawela,,Inikambedda,65E,"අංක 14 අංක 14/B,ජන උදානගම,මර්ලොජ් පාර,බණ්ඩාරවෙල.",,,,,,,,,,6.8256076,80.9895353
Other,OTHER,NBRO/LRRMD-BDL/BDU/BANDAR/LI/25/0137,BDU250408,Badulla,Bandarawela,,Inikambedda,65E,"අංක 14/B,ජන උදානගම,මර්ලොජ් පාර,බණ්ඩාරවෙල.",,,,,,,,,,6.8258186,80.9897735
Other,OTHER,NBRO/LRRMD-BDL/BDU/HAPUTA/LI/25/0139,BDU250442,Badulla,Haputale,,Hela Kadurugamuwa,63I,"වැරැල්ල පතන,හෙළකඳුරුගමුව,දියතලාව.",,,,,,,,,,6.7962744,80.9505848
Other,OTHER,NBRO/LRRMD-BDL/BDU/HAPUTA/LI/25/0140,BDU250443,Badulla,Haputale,,Diyathalawa,63B,දියතලාව ප්‍රාදේශීය සභා ක්‍රීඩා පිටිය තුල මීටර් 200 ධාවන පථය සකස් කිරීම,,,,,,,,,,6.807753,80.9556756
Other,OTHER,NBRO/LRRMD-BDL/BDU/BANDAR/LI/25/0141,BDU250463,Badulla,Bandarawela,,Kinigama,66,"රුක්මලී,මහඋල්පත පාර,කිණීගම,බණ්ඩාරවෙල.",,,,,,,,,,6.8287215,81.0041814
Other,OTHER,NBRO/LRRMD-BDL/BDU/BANDAR/LI/25/0142,BDU250464,Badulla,Bandarawela,,Inikambedda,65E,"විදුහල්පතන,ඉණිකම්බැද්ද,බණ්ඩාරවෙල.",,,,,,,,,,6.8235783,80.9900418
Other,OTHER,NBRO/LRRMD-BDL/BDU/BANDAR/LI/25/0143,BDU250465,Badulla,Bandarawela,,Bandarawela East,65G,"අංක 36,ජලාශය පාර,බණ්ඩාරවෙල.",,,,,,,,,,6.825592,80.9882818
Other,OTHER,NBRO/LRRMD-BDL/BDU/BANDAR/LI/25/0144,BDU250466,Badulla,Bandarawela,,Bandarawela East,65G,"අංක 51,ජලාශකන්ද,බණ්ඩාරවෙල.•අංක 51,ජලාශකන්ද,බණ්ඩාරවෙල.",,,,,,,,,,6.8260077,80.9892648
Other,OTHER,NBRO/LRRMD-BDL/BDU/BANDAR/LI/25/0145,BDU250467,Badulla,Bandarawela,,Bandarawela East,65G,"අංක 03,ජලාශය පාර,බණ්ඩාරවෙල.",,,,,,,,,,6.8266208,80.9880241
Other,OTHER,NBRO/LRRMD-BDL/BDU/BANDAR/LI/25/0147,BDU250469,Badulla,Bandarawela,,Bandarawela East,65G,"අංක 39/3,ජලාශකන්ද පාර,බණ්ඩාරවෙල.",,,,,,,,,,6.8262719,80.988056
Other,OTHER,NBRO/LRRMD-BDL/BDU/BANDAR/LI/25/0148,BDU250470,Badulla,Bandarawela,,Bandarawela East,65G,"අංක 1 C,ජලාශය පාර,බණ්ඩාරවෙල.",,,,,,,,,,6.8265911,80.987995
Other,OTHER,NBRO/LRRMD-BDL/BDU/BANDAR/LI/25/0155,BDU250511,Badulla,Bandarawela,,Udaperuwa,66B,"පුරන්වත්ත, උඩ‌පේරුව",,,,,,,,,,6.835637,81.012601
Other,OTHER,NBRO/LRRMD-BDL/BDU/BANDAR/LI/25/0156,BDU250513,Badulla,Bandarawela,,Bandarawela East,65G,"ජලසම්පාදන මණ්ඩලය ඉදිරිපිට, ජලාශ පාර, කිණිගම, බණ්ඩාරවෙල",,,,,,,,,,6.826792,80.987738
Other,OTHER,NBRO/LRRMD-BDL/BDU/BANDAR/LI/25/0158,BDU250556,Badulla,Bandarawela,,Mathatilla,67J,"ගුරුගල්හින්න, මාතැටිල්ල, මිරහවත්ත, බණ්ඩාරවෙල",,,,,,,,,,6.8677747,80.9588249
Other,OTHER,NBRO/LRRMD-BDL/BDU/BANDAR/LI/25/0159,BDU250557,Badulla,Bandarawela,,Mathatilla,67J,"අංක 1/196, ගල්මඩු වත්ත, දිගනතැන්න, බණ්ඩාරවෙල",,,,,,,,,,6.8692666,80.9644668
Other,OTHER,NBRO/LRRMD-BDL/BDU/BANDAR/LI/25/0160,BDU250558,Badulla,Bandarawela,,Bindunuwewa,67B,"බදුලු ගස්තැන්න, බිදුණුවැව, බණ්ඩාඩාරවෙල",,,,,,,,,,6.843002,80.996833
Other,OTHER,NBRO/LRRMD-BDL/BDU/BANDAR/LI/25/0161,BDU250559,Badulla,Bandarawela,,Darahitawanagoda,66H,"උලු ගෙදර, දුල්ගොල්ල, බණ්ඩාරවෙල",,,,,,,,,,6.8178644,81.0110398
Other,OTHER,NBRO/LRRMD-BDL/BDU/BANDAR/LI/25/0163,BDU250561,Badulla,Bandarawela,,Obadaelle,65F,"ඔත්තෙකඩේ, බණ්ඩාරවෙල",,,,,,,,,,6.8095784,80.9792108
Other,OTHER,NBRO/LRRMD-BDL/BDU/BANDAR/LI/25/0164,BDU250562,Badulla,Bandarawela,,Ambegoda,67C,"පහළ අබේගොඩ, දිගනතැන්න, බණ්ඩාරවෙල",,,,,,,,,,6.854014,80.9651594
Other,OTHER,NBRO/LRRMD-BDL/BDU/BANDAR/LI/25/0165,BDU250563,Badulla,Bandarawela,,Ambegoda,67C,"මලපුටුකපොල්ල, අබේගොඩ, බණ්ඩාරවෙල",,,,,,,,,,6.8511797,80.9563711
Other,OTHER,NBRO/LRRMD-BDL/BDU/PASSAR/LI/25/0172,BDU250570,Badulla,Passara,,Meedumpitiya,90B,"ලුුණුබිස්සපතන, 14 කණුව, බිබිල පාර, පස්සර",,,,,,,,,,6.94093,81.174248
Other,OTHER,NBRO/LRRMD-BDL/BDU/PASSAR/LI/25/0173,BDU250571,Badulla,Passara,,Meedumpitiya,90B,"ලුුණුබිස්සපතන, 14 කණුව, බිබිල පාර",,,,,,,,,,6.940609,81.175107
Other,OTHER,NBRO/LRRMD-BDL/BDU/PASSAR/LI/25/0174,BDU250572,Badulla,Passara,,Meedumpitiya,90B,"ලුුණුබිස්සපතන, 14 කණුව, බිබිල පාර, පස්සර",,,,,,,,,,6.939155,81.176218
Other,OTHER,NBRO/LRRMD-BDL/BDU/PASSAR/LI/25/0177,BDU250575,Badulla,Passara,,Kahataruppa,19A,"නිලුපුල් නිවස, කහටරුප්ප",,,,,,,,,,7.021402,81.117294
Other,OTHER,NBRO/LRRMD-BDL/BDU/PASSAR/LI/25/0178,BDU250603,Badulla,Passara,,Pelgahathenna,89G,"උන්දඩු හේන, 7 කණුව, පැලගහතැන්න",,,,,,,,,,6.956592,81.124006
Other,OTHER,NBRO/LRRMD-BDL/BDU/UVA-PA/LI/25/0181,BDU250606,Badulla,Uva-Paranagama,,Thelhawadigama,46E,තෙල්හවඩිගම යාය මාර්ගයේ නාය ගිය කොටස පිලිසකර කිරීම,,,,,,,,,,6.9249344,80.8591108
Other,OTHER,NBRO/LRRMD-BDL/BDU/UVA-PA/LI/25/0182,BDU250607,Badulla,Uva-Paranagama,,Ranhawadigama,43E,"අරළුගහවක,ලෙයින්කුඹුර,ඌවපරණගම.",,,,,,,,,,6.9520224,80.8776298
Other,OTHER,NBRO/LRRMD-BDL/BDU/SORANA/LI/25/0183,BDU250609,Badulla,Soranathota,,Rideepana,26C,"T. සෙල්වරාණි,රිදීපාන වත්ත,දුංහිඳ කොටස,රිදීපාන.",,,,,,,,,,7.018672,81.05674
Other,OTHER,NBRO/LRRMD-BDL/BDU/HALDUM/LI/25/0187,BDU250613,Badulla,Haldummulla,,Koslanda,155A,"අමපිටිකන්ද, දියගල",,,,,,,,,,6.7802457,81.034526
Other,OTHER,NBRO/LRRMD-BDL/BDU/BANDAR/LI/25/0189,BDU250615,Badulla,Bandarawela,,Gediyaroda,67K,"අංක 1/41/ ඒ්, විශාඛා මාවත, ගෙඩියාරොද, බණ්ඩාරවෙල",,,,,,,,,,6.8394758,80.9890405
Other,OTHER,NBRO/LRRMD-BDL/BDU/BANDAR/LI/25/0192,BDU250649,Badulla,Bandarawela,,Bindunuwewa,67B,"B. ප්‍රේමරත්න ,බිඳුණුවැව,බණ්ඩාරවෙල.",,,,,,,,,,6.84767,80.99607
Other,OTHER,NBRO/LRRMD-BDL/BDU/BANDAR/LI/25/0195,BDU250652,Badulla,Bandarawela,,Kebillaweka South,65A,"ලෝලන්ඩ් වත්ත, දකුණු කැබිල්ලෙවෙල",,,,,,,,,,6.8183587,80.9887093
Other,OTHER,NBRO/LRRMD-BDL/BDU/HALI-E/LI/25/0197,BDU250666,Badulla,Hali-Ela,,Mugunuatha West,73C,"බණ්ඩාරවෙල පාර , හාලිඇල.",,,,,,,,,,6.951925,81.03215
Other,OTHER,NBRO/LRRMD-BDL/BDU/BADULL/LI/25/0199,BDU250697,Badulla,Badulla,,Badulla North,78A,"අංක 80/24, කරුණාපුර,බදුල්ල.",,,,,,,,,,7.007027,81.053608
Other,OTHER,NBRO/LRRMD-BDL/BDU/BADULL/LI/25/0200,BDU250699,Badulla,Badulla,,Badulla West,78C,"අංක 27/10 බී,අළුගොල්ල,බදුල්ල.",,,,,,,,,,6.998845,81.043977
Other,OTHER,NBRO/LRRMD-BDL/BDU/BADULL/LI/25/0201,BDU250700,Badulla,Badulla,,Badulla North,78A,"අංක 24/3,මහියංගනය පරෙ,බදුල්ල.",,,,,,,,,,7.010531,81.054269
Other,OTHER,NBRO/LRRMD-BDL/BDU/HALI-E/LI/25/0202,BDU250701,Badulla,Hali-Ela,,Morethota,56A,බ/මොරේතොට විද්‍යාලයේ නව පුස්තකාල ගොඩනැගිල්ලක් ඉදි කිරීම,,,,,,,,,,6.930551,81.015267
Other,OTHER,NBRO/LRRMD-BDL/BDU/ELLA/LI/25/0203,BDU250702,Badulla,Ella,,Newberg,68J,"ගල්ලෙන කුඹුර,පස්සර පාර,ඇල්ල.",,,,,,,,,,6.866312,81.065866
Other,OTHER,NBRO/LRRMD-BDL/BDU/PASSAR/LI/25/0204,BDU250705,Badulla,Passara,,Bibilegama West,87B,"""සූරිය සෙවන"", නමුණුකුල , පස්සර",,,,,,,,,,6.876732,81.113283
Other,OTHER,NBRO/LRRMD-BDL/BDU/BADULL/LI/25/0205,BDU250706,Badulla,Badulla,,Hegoda,79,"නෙළුම්ගම පේෂ කර්ම මධ්‍යස්ථානය, බදුල්ල",,,,,,,,,,6.994525,81.071445
Other,OTHER,NBRO/LRRMD-BDL/BDU/PASSAR/LI/25/0207,BDU250708,Badulla,Passara,,Passara Town North,88B,"ග්‍රාමීය කාන්තා සංවර්ධන මධ්‍යස්ථානය,  පස්සර",,,,,,,,,,6.936128,81.152544
Other,OTHER,NBRO/LRRMD-BDL/BDU/BADULL/LI/25/0209,BDU250711,Badulla,Badulla,,Badulla North,78A,"අංක 53/12, ගල්කන්ද , බදුල්ල",,,,,,,,,,7.008235,81.053407
Other,OTHER,NBRO/LRRMD-BDL/BDU/BADULL/LI/25/0211,BDU250713,Badulla,Badulla,,Badulla North,78A,"අංක 221/C/1, රිදීපාන, බදුල්ල",,,,,,,,,,7.011816,81.055448
Other,OTHER,NBRO/LRRMD-BDL/BDU/PASSAR/LI/25/0212,BDU250717,Badulla,Passara,,Maussagolla West,87A,බතලවත්ත බුලුගහවත්ත කෘෂි මාර්ගය කොන්ක්‍රීට් කිරීම,,,,,,,,,,6.909967,81.136404
Other,OTHER,NBRO/LRRMD-BDL/BDU/HALI-E/LI/25/0214,BDU250722,Badulla,Hali-Ela,,Maligathenna,57H,"අංක 120/4, මාලිගාතැන්න,පට්ටියගෙදර",,,,,,,,,,6.907052,80.984715
Other,OTHER,NBRO/LRRMD-BDL/BDU/HALI-E/LI/25/0215,BDU250723,Badulla,Hali-Ela,,Maligathenna,57H,"සමෘද්ධි බැංකුව, රිල්පොල",,,,,,,,,,6.967713,81.065468
Other,OTHER,NBRO/LRRMD-BDL/BDU/BADULL/LI/25/0216,BDU250724,Badulla,Badulla,,Sirimalgoda,80A,"බෝගහකුඹුර,රඹුක්පොත, බදුල්ල",,,,,,,,,,6.981332,81.081653
Other,OTHER,NBRO/LRRMD-BDL/BDU/PASSAR/LI/25/0229,BDU250737,Badulla,Passara,,Maussagolla West,87A,බිබිලේගම පරාපාව මාර්ගයේ මාවුස්සාගොල්ල අසල කඩාගෙන ගොස් ඇති පැති බැම්ම ඉදි කිරීම,,,,,,,,,,6.906422,81.139772
Other,OTHER,NBRO/LRRMD-BDL/BDU/HALI-E/LI/25/0230,BDU250738,Badulla,Hali-Ela,,Bogahamaditta,74B,"බෝගහමඩිත්ත, හාලිඇල",,,,,,,,,,6.965316,81.03956
Other,OTHER,NBRO/LRRMD-BDL/BDU/UVA-PA/LI/25/0234,BDU250775,Badulla,Uva-Paranagama,,Ilukwela,38D,"මස්පන්න සමෘද්ධි ප්‍රජා මූල බැංකුව, උ‍ෟවපරණගම",,,,,,,,,,7.0089642,80.932805
Other,OTHER,NBRO/LRRMD-BDL/BDU/WELIMA/LI/25/0235,BDU250776,Badulla,Welimada,,Hinnaranholla,62E,"ගලබඩගම, ඔහියපාර,බොරලන්ද",,,,,,,,,,6.814298,80.8835299
Other,OTHER,NBRO/LRRMD-BDL/BDU/UVA-PA/LI/25/0239,BDU250780,Badulla,Uva-Paranagama,,Pallewela,45D,"සිරිසර නිවස, දියකදුර, පේරවැල්ල",,,,,,,,,,6.9455364,80.8479586
Other,OTHER,NBRO/LRRMD-BDL/BDU/BANDAR/LI/25/0240,BDU250781,Badulla,Bandarawela,,Bandarawela West,65B,"අංක 13, නගරසභා නිවස, ධර්මපාල මාවත, බණ්ඩාරවෙල",,,,,,,,,,6.8331388,80.990088
Other,OTHER,NBRO/LRRMD-BDL/BDU/HALI-E/LI/25/0244,BDU250794,Badulla,Hali-Ela,,Pattipola,75B,"ලයින් අංක 02, දික්වැල්ල වත්ත, පහළ කොටස .හාලිඇල",,,,,,,,,,6.967193,81.013395
Other,OTHER,NBRO/LRRMD-BDL/BDU/LUNUGA/LI/25/0246,BDU250802,Badulla,Lunugala,,Sooriyagoda,94D,"ලුණුගල, සූරියගොඩ, මිල්ලවත්ත",,,,,,,,,,7.035409,81.210504
Other,OTHER,NBRO/LRRMD-BDL/BDU/LUNUGA/LI/25/0247,BDU250803,Badulla,Lunugala,,Udakiruwa,92A,"මැදගෙදර, මැදපතන, උඩකිරුව",,,,,,,,,,7.064374,81.229582
Other,OTHER,NBRO/LRRMD-BDL/BDU/LUNUGA/LI/25/0248,BDU250804,Badulla,Lunugala,,Peessagama,94I,"උඩවෙල, පීස්සලම, හොප්ටන්",,,,,,,,,,6.975328,81.226296
Other,OTHER,NBRO/LRRMD-BDL/BDU/LUNUGA/LI/25/0249,BDU250805,Badulla,Lunugala,,Sumudugama,94G,"අංක 29/1, සුමුදුගම, ලුණුගල",,,,,,,,,,7.03431,81.197188
Other,OTHER,NBRO/LRRMD-BDL/BDU/BADULL/LI/25/0252,BDU250855,Badulla,Badulla,,Hingurugamuwa,78E,"දෙමෝදර - ස්ප්‍රිංවැලි -බදුල්ල මාර්ගයේ සංවර්ධනය සුදුසු පස් ලබා ගැනීීම සඳහා - අංක 180, රොක්හිල්, බදුල්",,,,,,,,,,6.973124,81.069528
Other,OTHER,NBRO/LRRMD-BDL/BDU/HALDUM/LI/25/0253,BDU250856,Badulla,Haldummulla,,Kotabakma,155D,කොස්ලන්ද වත්ත පිහිටි දිවා සුරැකුම් මධ්‍යස්ථානය වටා ඇති ආරක්ෂිත පැති බැම්ම ප්‍රතිසංස්කරණය කිර,,,,,,,,,,6.7562971,81.021559
Other,OTHER,NBRO/LRRMD-BDL/BDU/ELLA/LI/25/0254,BDU250874,Badulla,Ella,,Pupula,72C,"පිටපොල පතන, හෙළ පුපුල,ඇල්ල.",,,,,,,,,,6.893502,81.0921124
Other,OTHER,NBRO/LRRMD-BDL/BDU/ELLA/LI/25/0255,BDU250875,Badulla,Ella,,Ballaketuwa,72B,"කන්දේකුඹුර, බල්ලකෙටුව.",,,,,,,,,,6.8608652,81.0942332
Other,OTHER,NBRO/LRRMD-BDL/BDU/ELLA/LI/25/0256,BDU250876,Badulla,Ella,,Ballaketuwa,72B,"පාසැල් මාවත,බල්ලකෙටුව.",,,,,,,,,,6.8608652,81.0942332
Other,OTHER,NBRO/LRRMD-BDL/BDU/ELLA/LI/25/0257,BDU250877,Badulla,Ella,,Namunukula,72B1,බ/පිංගරාව දෙමළ විද්‍යාලයේ අලුත් ගොඩනැගිල්ලක් ඉදි කිරීමට යෝජිත භූමිය පරීක්ෂා කර ගැනීම,,,,,,,,,,6.8743775,81.1165504
Other,OTHER,NBRO/LRRMD-BDL/BDU/HALDUM/LI/25/0258,BDU250878,Badulla,Haldummulla,,Kotabakma,155D,ආනෝල්ඩ් හන්දිය අග කෙලවර සිට මීටර්  500 ක් පමණ මීරියබැද්ද දක්වා මාර්ගය කොන්ක්‍රීට් කිරීම,,,,,,,,,,6.7588957,81.0233425
Other,OTHER,NBRO/LRRMD-BDL/BDU/HALDUM/LI/25/0259,BDU250879,Badulla,Haldummulla,,Mahakanda,155N,පැරණි තේ කර්මාන්ත ශාලාව හරහා පූනාගල මාර්ගයේ සිට මීටර් 150 පමණ  ඉදිරියට මාර්ගය කොන්ක්‍රීට් කිරීම,,,,,,,,,,6.768406,81.03768
Other,OTHER,NBRO/LRRMD-BDL/BDU/HALDUM/LI/25/0260,BDU250880,Badulla,Haldummulla,,Beragala,157B,වැවගොල්ල මාර්ගයේ මුල සිට මීටර් 150 පමණ ඉදිරියට කොන්ක්‍රීට් කිරීම,,,,,,,,,,6.7749318,80.9033304
Other,OTHER,NBRO/LRRMD-BDL/BDU/HALDUM/LI/25/0261,BDU250881,Badulla,Haldummulla,,Haldummulla,157A,පරණවත්ත වොලිබෝල් ක්‍රීඩා පිටිය නවීකරණය කිරීම,,,,,,,,,,6.77079,80.881568
Other,OTHER,NBRO/LRRMD-BDL/BDU/HALDUM/LI/25/0262,BDU250882,Badulla,Haldummulla,,Poonagala,155P,"අංක 04, 05, 06 කොටස් ආවරණය වන පරිදි ජල ව්‍යාපෘතියක් ක්‍රියාත්මක කිරීම",,,,,,,,,,6.7532812,81.0422158
Other,OTHER,NBRO/LRRMD-BDL/BDU/PASSAR/LI/25/0263,BDU250883,Badulla,Passara,,Ambathenne,88F,"කිණිහිරිය, මල්වත්ත,පිනැල්ල, පස්සර",,,,,,,,,,6.9289982,81.1718305
Other,OTHER,NBRO/LRRMD-BDL/BDU/LUNUGA/LI/25/0264,BDU250888,Badulla,Lunugala,,Peessagama,94I,"උඩවෙල, පීස්සගම, හොප්ටන්",,,,,,,,,,6.975025,81.225794
Other,OTHER,NBRO/LRRMD-BDL/BDU/RIDEEM/LI/25/0265,BDU250889,Badulla,Rideemaliyadda,,Arawa,15,"අංක 56/1, දිඹුල්ගස්වත්ත, අරාව, බදුල්ල",,,,,,,,,,7.164254,81.083931
Other,OTHER,NBRO/LRRMD-BDL/BDU/SORANA/LI/25/0266,BDU250892,Badulla,Soranathota,,Ambagasdowa,25C,"6 කණුව, ගොවිපල , තල්දෙන",,,,,,,,,,7.043251,81.066623
Other,OTHER,NBRO/LRRMD-BDL/BDU/SORANA/LI/25/0267,BDU250893,Badulla,Soranathota,,Egodawela,24,"නාගොල්ල, එගොඩවෙල, බණ්ඩාරවෙල",,,,,,,,,,7.067781,81.07096
Other,OTHER,NBRO/LRRMD-BDL/BDU/MEEGAH/LI/25/0268,BDU250910,Badulla,Meegahakivula,,Karametiya,22D,"ජයමාවත, පරණ මහියංගණ පාර, කරමැටිය",,,,,,,,,,7.194995,81.029185
Other,OTHER,NBRO/LRRMD-BDL/BDU/MEEGAH/LI/25/0269,BDU250911,Badulla,Meegahakivula,,Wewathenne,16B,"වැවතැන්න, පිටමාරුව",,,,,,,,,,7.109324,81.118661
Other,OTHER,NBRO/LRRMD-BDL/BDU/HAPUTA/LI/25/0270,BDU250924,Badulla,Haputale,,Kahattewela,64A,ඉබ්බාලන්ද වත්ත ඉඩමට ප්‍රවේශ මාර්ගය,,,,,,,,,,6.8326921,80.9765622
Other,OTHER,NBRO/LRRMD-BDL/BDU/MEEGAH/LI/25/0271,BDU250930,Badulla,Meegahakivula,,Komarika,22F,"පහළ ගෙදර, ගුරුමඩ, කෝමාරික, මීගහකිවුල",,,,,,,,,,7.117276,81.079042
Other,OTHER,NBRO/LRRMD-BDL/BDU/MEEGAH/LI/25/0272,BDU250931,Badulla,Meegahakivula,,Balagolla,22A,"18 කණුව, දෙහිගහමඩ, බලගොල්ල",,,,,,,,,,7.163111,81.055629
Other,OTHER,NBRO/LRRMD-BDL/BDU/MEEGAH/LI/25/0273,BDU250932,Badulla,Meegahakivula,,Ketawatta,21A,"මුදුන් ඇල ගෙදර, ඌරුපිටිය, කැටවත්ත",,,,,,,,,,7.10419,81.088517
Other,OTHER,NBRO/LRRMD-BDL/BDU/PASSAR/LI/25/0274,BDU250946,Badulla,Passara,,Passara Town East,88L,සෝමපාල සෙනවිරත්න ක්‍රීඩාංගනයේ ප්‍රාදේශය සභාව සතු පුස්තකාල ශ්‍රවනාලාරයේ ඉහළ මහළයේ ගොඩනැගිල්ල,,,,,,,,,,6.9354319,81.1548895
Other,OTHER,NBRO/LRRMD-BDL/BDU/ELLA/LI/25/0277,BDU250967,Badulla,Ella,,Yahalewela,68E,"දළුග්ගල පතන, යහලෙවෙල, ඇල්ල",,,,,,,,,,6.8773853,81.063077
Other,OTHER,NBRO/LRRMD-BDL/BDU/ELLA/LI/25/0278,BDU250968,Badulla,Ella,,Yahalewela,68E,"""පැතුමි නිවස"", යහලෙවෙල, ඇල්ල",,,,,,,,,,6.876456,81.0666549
Other,OTHER,NBRO/LRRMD-BDL/BDU/ELLA/LI/25/0279,BDU250969,Badulla,Ella,,Demodara,68I,"වෑකඩගල, නාවුල්ල, දේමෝදර",,,,,,,,,,6.8886549,81.0577148
Other,OTHER,NBRO/LRRMD-BDL/BDU/ELLA/LI/25/0280,BDU250970,Badulla,Ella,,Nawela West,72F,නාවෙලගම ගල්කැටිය සිට පිල්ලියද්ද ඇළ දක්වා වු කෘෂි මාර්ගය,,,,,,,,,,6.8780797,81.0893862
Other,OTHER,NBRO/LRRMD-BDL/BDU/ELLA/LI/25/0281,BDU250971,Badulla,Ella,,Medawela West,72G,උණපඳුරලන්ද කෘෂි මාර්ග ව්‍යාපෘතිය,,,,,,,,,,6.8722776,81.0927914
Other,OTHER,NBRO/LRRMD-BDL/BDU/HALI-E/LI/25/0282,BDU250972,Badulla,Hali-Ela,,Dickwella,74,"මධ්‍යම පන්තිය, උඩ කොටස,හාලිඇල",,,,,,,,,,6.9627271,81.0320241
Other,OTHER,NBRO/LRRMD-BDL/BDU/HALI-E/LI/25/0283,BDU250973,Badulla,Hali-Ela,,Medagama,84,තිබ්බටුවත්ත පන්සල්වත්ත මාර්ගය කොන්ක්‍රීට් කිරීම,,,,,,,,,,6.9360527,81.0688582
Other,OTHER,NBRO/LRRMD-BDL/BDU/UVA-PA/LI/25/0286,BDU250976,Badulla,Uva-Paranagama,,Medawela,46A,"කරමැටිය, ඇලපාත, මැදවෙල, උඩකිද",,,,,,,,,,6.9264515,80.8666934
Other,OTHER,NBRO/LRRMD-BDL/BDU/UVA-PA/LI/25/0287,BDU250977,Badulla,Uva-Paranagama,,Beraliyapola,41E,"ගෙදරකුඹුර, පහළ අලගොල්ල, ලූණුවත්ත",,,,,,,,,,6.9706102,80.9313457
Other,OTHER,NBRO/LRRMD-BDL/BDU/UVA-PA/LI/25/0288,BDU250978,Badulla,Uva-Paranagama,,Pallewela,45D,"දික්වත්තේ ගෙදර, පේරවැල්ල",,,,,,,,,,6.9450007,80.8425703
Other,OTHER,NBRO/LRRMD-BDL/BDU/UVA-PA/LI/25/0289,BDU250979,Badulla,Uva-Paranagama,,Thuppitiya,40,"සදව නිවස, ඇල්ලේගම, තුප්පිටිය, බඹරපාන",,,,,,,,,,6.9968692,80.9830205
Other,OTHER,NBRO/LRRMD-BDL/BDU/UVA-PA/LI/25/0290,BDU250980,Badulla,Uva-Paranagama,,Ulugalla,53B,"උළුගල, බෝවෙල, වැලිමඩ",,,,,,,,,,6.9290169,80.9421268
Other,OTHER,NBRO/LRRMD-BDL/BDU/BANDAR/LI/25/0292,BDU250983,Badulla,Bandarawela,,Inikambedda,65E,"අංක 42, ජල‍‍ාශය පාර, ඉනිකම්බැද්ද, බණ්ඩාරවෙල",,,,,,,,,,6.825361,80.989036
Other,OTHER,NBRO/LRRMD-BDL/BDU/UVA-PA/LI/25/0295,BDU250991,Badulla,Uva-Paranagama,,Lunuwatta,41B,"ගෝණාව, උණපාන, ලූණුවත්ත",,,,,,,,,,6.9458267,80.9243488
Other,OTHER,NBRO/LRRMD-BDL/BDU/WELIMA/LI/25/0297,BDU250993,Badulla,Welimada,,Dambavinna,59A,"හද්දාවුල, දඹවින්න, වැලිමඩ",,,,,,,,,,6.8967734,80.9104766
Other,OTHER,NBRO/LRRMD-BDL/BDU/WELIMA/LI/25/0299,BDU250995,Badulla,Welimada,,Palugama Town,50,"අංක 74, වැරැල්ලවත් ත, පාලුගම, කැප්පෙටිපොල",,,,,,,,,,6.8967707,80.869839
Other,OTHER,NBRO/LRRMD-BDL/BDU/WELIMA/LI/25/0298,BDU250996,Badulla,Welimada,,Puranwela,50I,"හෙට්ටිගෙදර, කැප්පෙටිපොළ",,,,,,,,,,6.8897306,80.884516
Other,OTHER,NBRO/LRRMD-BDL/BDU/BADULL/LI/25/0300,BDU250997,Badulla,Badulla,,Kailagoda,78G,"රත්පහ, පහළගම, බදුල්ල.",,,,,,,,,,7.0038389,81.058118
Other,OTHER,NBRO/LRRMD-BDL/BDU/SORANA/LI/25/0305,BDU251053,Badulla,Soranathota,,Dikpitiya,34A,"දික්කාපිවිය, සොරණාතොට.",,,,,,,,,,7.0636944,81.011816
Other,OTHER,NBRO/LRRMD-BDL/BDU/SORANA/LI/25/0306,BDU251054,Badulla,Soranathota,,Pallekanda,29B,"පුස්සැල්ලාකන්ද, සොරණාතොට.",,,,,,,,,,7.0407558,81.0381617
Other,OTHER,NBRO/LRRMD-BDL/BDU/MEEGAH/LI/25/0307,BDU251055,Badulla,Meegahakivula,,Aggalaulpatha,22C,"කරවිලලන්ද,අග්ගලා උල්පත,මීගහකිවුල.",,,,,,,,,,7.1523328,81.0487528
Other,OTHER,NBRO/LRRMD-BDL/BDU/MEEGAH/LI/25/0308,BDU251056,Badulla,Meegahakivula,,Polgaha Arawa,22E,"සනිදීපනී නිවස, මදුරා මංඩිය, පොල්ගහඅරාව.",,,,,,,,,,7.14453,81.0869868
Other,OTHER,NBRO/LRRMD-BDL/BDU/HALI-E/LI/25/0309,BDU251057,Badulla,Hali-Ela,,Udakohovila,74F,"යටිතුරේගෙදර, උඩුකොහොවිල, ලන්දේවෙල",,,,,,,,,,6.996667,81.034456
Other,OTHER,NBRO/LRRMD-BDL/BDU/HALI-E/LI/25/0310,BDU251058,Badulla,Hali-Ela,,Kokatiyamaluwa,77A,"අක්කර 10, ලුණුගල්ල,නාරංගල.",,,,,,,,,,6.907052,80.984715
Other,OTHER,NBRO/LRRMD-BDL/BDU/HALI-E/LI/25/0311,BDU251083,Badulla,Hali-Ela,,Gawela,55C,"කඳුරුගස්හින්න,වේරගම,ඇටම්පිටිය.",,,,,,,,,,6.9644361,80.989328
Other,OTHER,NBRO/LRRMD-BDL/BDU/HALI-E/LI/25/0312,BDU251084,Badulla,Hali-Ela,,Samagipura,74C,"නුවරඑළිය පාර,අඹවක.",,,,,,,,,,6.9545564,81.021019
Other,OTHER,NBRO/LRRMD-BDL/BDU/HAPUTA/LI/25/0313,BDU251086,Badulla,Haputale,,Diyathalawa,63B,පොලිස්කන්ද කුඹුරුයායට යන මාර්ගය කොන්ක්‍රීට් කිරීම,,,,,,,,,,6.8078559,80.957968
Other,OTHER,NBRO/LRRMD-BDL/BDU/HAPUTA/LI/25/0314,BDU251088,Badulla,Haputale,,Bingethenna,64G,බිංගේතැන්න හපුරොදවත්ත මාර්ගය සංවර්ධනය කිරීම,,,,,,,,,,6.815778,80.961443
Other,OTHER,NBRO/LRRMD-BDL/BDU/HAPUTA/LI/25/0315,BDU251089,Badulla,Haputale,,Magiripura,63L,මාගිරිපුර  ලිලී මාවතේ කාණු පද්ධතිය සංවර්ධනය කිරීම,,,,,,,,,,6.7655176,80.9476887
Other,OTHER,NBRO/LRRMD-BDL/BDU/HAPUTA/LI/25/0316,BDU251090,Badulla,Haputale,,Pahala Kadurugamuwa,63,"දියවැලබැද්ද,වල්ගහවෙල,හපුතලේ.",,,,,,,,,,6.7848824,80.9349868
Other,OTHER,NBRO/LRRMD-BDL/BDU/HAPUTA/LI/25/0317,BDU251091,Badulla,Haputale,,Pahala Kadurugamuwa,63,"අංක 54/1,නවගම්මානය,කහඹිලිය,දියතලාව.",,,,,,,,,,6.8031122,80.931979
Other,OTHER,NBRO/LRRMD-BDL/BDU/HAPUTA/LI/25/0318,BDU251092,Badulla,Haputale,,Pahala Kadurugamuwa,63,"නවගම්මානය,කහඹිලිය,දියතලාව.",,,,,,,,,,6.8030849,80.9329788
Other,OTHER,NBRO/LRRMD-BDL/BDU/HAPUTA/LI/25/0319,BDU251094,Badulla,Haputale,,Pahala Kadurugamuwa,63,"සඳලි,විල්හිල් පතන,පහළ කගදුරුගමුව.",,,,,,,,,,6.8064973,80.9501896
Other,OTHER,NBRO/LRRMD-BDL/BDU/HAPUTA/LI/25/0320,BDU251095,Badulla,Haputale,,Kahagolla,64,කහගොල්ල ඉස්කෝලමුල්ල මාර්ගය සංවර්ධනය කිරීම,,,,,,,,,,6.8162363,80.9659784
Other,OTHER,NBRO/LRRMD-BDL/BDU/PASSAR/LI/25/0321,BDU251097,Badulla,Passara,,Passara Town North,88B,"අංක 125, කෝවිල් ක‍ඩේ, පස්සර",,,,,,,,,,6.933452,81.149817
Other,OTHER,NBRO/LRRMD-BDL/BDU/HALDUM/LI/25/0323,BDU251126,Badulla,Haldummulla,,Soragune,157,"මහවෙල, සොරගුණේ, හල්දුම්මුල්ල",,,,,,,,,,6.743941,80.894385
Other,OTHER,NBRO/LRRMD-BDL/BDU/HALDUM/LI/25/0324,BDU251127,Badulla,Haldummulla,,Seelathenna,158D,"මාලදොල, හදබිම, හල්දුම්මුල්ල",,,,,,,,,,6.735521,80.86523
Other,OTHER,NBRO/LRRMD-BDL/BDU/HALDUM/LI/25/0325,BDU251128,Badulla,Haldummulla,,Kiriwanagama,156,"මන්තැන්න, කිරවනාගම",,,,,,,,,,6.741238,80.93631
Other,OTHER,NBRO/LRRMD-BDL/BDU/HALDUM/LI/25/0326,BDU251129,Badulla,Haldummulla,,Kiriwanagama,156,"උඩවත්ත, කිරවනාගම",,,,,,,,,,6.737786,80.945327
Other,OTHER,NBRO/LRRMD-BDL/BDU/HALDUM/LI/25/0327,BDU251130,Badulla,Haldummulla,,Moraketiya,155E,"මුරුගහින්න, නිකපොත",,,,,,,,,,6.732271,80.956987
Other,OTHER,NBRO/LRRMD-BDL/BDU/HALDUM/LI/25/0328,BDU251131,Badulla,Haldummulla,,Ranasinghegama,155H,"පෙට්ටිගල වත්ත, රණසිංහගම",,,,,,,,,,6.751868,81.001138
Other,OTHER,NBRO/LRRMD-BDL/BDU/LUNUGA/LI/25/0330,BDU251171,Badulla,Lunugala,,Wewabedda,18A,"කොකාගල, වැවබැද්ද",,,,,,,,,,7.093686,81.154762
Other,OTHER,NBRO/LRRMD-BDL/BDU/LUNUGA/LI/25/0331,BDU251172,Badulla,Lunugala,,Milabedda,90A,මිල්ලබැද්ද - බුළුගහහේන මාර්ගය,,,,,,,,,,6.969293,81.192081
Other,OTHER,NBRO/LRRMD-BDL/BDU/ELLA/LI/25/0343,BDU251320,Badulla,Ella,,Demodara,68I,"කන්දෙගෙදර, බල්ලාකෙටුව",,,,,,,,,,6.852759,81.080031
Other,OTHER,NBRO/LRRMD-BDL/BDU/HALI-E/LI/25/0350,BDU251341,Badulla,Hali-Ela,,Dehivinna,56,"එරන්දි සෙවන,උඩ අලවත්ත,දෙහිවින්න,ඇටම්පිටිය.",,,,,,,,,,6.9187301,80.9717381
Other,OTHER,NBRO/LRRMD-BDL/BDU/HALI-E/LI/25/0351,BDU251343,Badulla,Hali-Ela,,Kandana,86,"අංක 3, ජන උදානගම, පහළ කඳන, ස්ප්‍රිංවැලි.",,,,,,,,,,6.944675,81.073806
Other,OTHER,NBRO/LRRMD-BDL/BDU/BANDAR/LI/25/0363,BDU251467,Badulla,Bandarawela,,Bandarawela West,65B,"අංක 48/8, ධර්මපාල මාවත, බණ්ඩාරවෙල",,,,,,,,,,6.8338643,80.9904948
Other,OTHER,NBRO/LRRMD-BDL/BDU/BANDAR/LI/25/0364,BDU251469,Badulla,Bandarawela,,Nayabedda Estate,65H,"ලයිම් අංක 21 , බණ්ඩාරවෙල",,,,,,,,,,6.8153019,81.0036106
Other,OTHER,NBRO/LRRMD-BDL/BDU/BANDAR/LI/25/0365,BDU251470,Badulla,Bandarawela,,Nayabedda Estate,65H,"ලයිම් අංක 18 , බණ්ඩාරවෙල",,,,,,,,,,6.8095135,80.9983287
Other,OTHER,NBRO/LRRMD-BDL/BDU/BANDAR/LI/25/0366,BDU251471,Badulla,Bandarawela,,Liyangahawela Watta,70D,"ලයිම් අංක 10 , බණ්ඩාරවෙල",,,,,,,,,,6.8022593,81.0390425
Other,OTHER,NBRO/LRRMD-BDL/BDU/BANDAR/LI/25/0367,BDU251472,Badulla,Bandarawela,,Liyangahawela Watta,70D,"ලයිම් අංක 18 , බණ්ඩාරවෙල",,,,,,,,,,6.8049351,81.0390662
Other,OTHER,NBRO/LRRMD-BDL/BDU/BANDAR/LI/25/0368,BDU251473,Badulla,Bandarawela,,Liyangahawela Watta,70D,"ලයිම් අංක 09 , බණ්ඩාරවෙල",,,,,,,,,,6.8015372,81.0473066
Other,OTHER,NBRO/LRRMD-BDL/BDU/BANDAR/LI/25/0369,BDU251474,Badulla,Bandarawela,,Liyangahawela Watta,70D,"ලයිම් අංක 03 , බණ්ඩාරවෙල",,,,,,,,,,6.804592,81.046138
Other,OTHER,NBRO/LRRMD-BDL/BDU/BANDAR/LI/25/0370,BDU251475,Badulla,Bandarawela,,Liyangahawela Watta,70D,"ලයිම් අංක 04, බණ්ඩාරවෙල",,,,,,,,,,6.8122939,81.0268827
Other,OTHER,NBRO/LRRMD-BDL/BDU/BANDAR/LI/25/0371,BDU251477,Badulla,Bandarawela,,Liyangahawela Watta,70D,"ලයිම් අංක 10 , බණ්ඩාරවෙල",,,,,,,,,,6.8099738,81.026937
Other,OTHER,NBRO/LRRMD-BDL/BDU/BANDAR/LI/25/0372,BDU251478,Badulla,Bandarawela,,Icelab Watta,67N,"අංක 22, රජයේ කොටස, අයිස්ලැබ් වත්ත, බණ්ඩාරවෙල",,,,,,,,,,6.8669208,80.979022
Other,OTHER,NBRO/LRRMD-BDL/BDU/BANDAR/LI/25/0375,BDU251482,Badulla,Bandarawela,,Icelab Watta,67N,"අංක 26, රජයේ කොටස, අයිස්ලැබ් වත්ත, බණ්ඩාරවෙල",,,,,,,,,,6.8671947,80.9786713
Other,OTHER,NBRO/LRRMD-BDL/BDU/BANDAR/LI/25/0376,BDU251483,Badulla,Bandarawela,,Icelab Watta,67N,"අක්කර 50 කොටස, අයිස්ලැබ් වත්ත, බණ්ඩාරවෙල",,,,,,,,,,6.8666396,80.99999
Other,OTHER,NBRO/LRRMD-BDL/BDU/BANDAR/LI/25/0377,BDU251493,Badulla,Bandarawela,,Wewathenna,67G,"අංක 06, ගොල්ෆ් ලින්ක් පාර, දියබිබිල, බණ්ඩාරවෙල",,,,,,,,,,6.8470484,80.9760464
Other,OTHER,NBRO/LRRMD-BDL/BDU/BANDAR/LI/25/0379,BDU251513,Badulla,Bandarawela,,Wewathenna,67G,"අංක 43/20 ඩි, ශාන්ත කුමාර පාර, බණ්ඩාරවෙල",,,,,,,,,,6.8435498,80.9782012
Other,OTHER,NBRO/LRRMD-BDL/BDU/PASSAR/LI/25/0381,BDU251544,Badulla,Passara,,Kahataruppa,19A,"පැතුම් නිවස, පලාවත්ත, කහටරුප්ප, බදුල්ල.",,,,,,,,,,7.03899,81.10674
Other,OTHER,NBRO/LRRMD-BDL/BDU/BANDAR/LI/25/0382,BDU251546,Badulla,Bandarawela,,Thanthiriya,66G,පිංඅරාව පතන,,,,,,,,,,6.833141,80.999583
Other,OTHER,NBRO/LRRMD-BDL/BDU/HAPUTA/LI/25/0384,BDU251584,Badulla,Haputale,,Glenanore,64F,"ග්ලැනෝර් වතුයාය, ප්‍රජා ශක්ති ගොඩනැගිල්ල අසල",,,,,,,,,,6.780446,80.925475
Other,OTHER,NBRO/LRRMD-BDL/BDU/BANDAR/LI/25/0385,BDU251641,Badulla,Bandarawela,,Bandarawela West,65B,"අංක 36, ඇටැම්පිවිය පාර, බණ්ඩාරවෙල.",,,,,,,,,,6.8397667,80.9864155
Other,OTHER,NBRO/LRRMD-BDL/BDU/BADULL/LI/25/0386,BDU251642,Badulla,Badulla,,Hegoda,79,පියන්ගස්ඇල්ල ගම්සභා මාර්ගය,,,,,,,,,,6.987259,81.07355
Other,OTHER,NBRO/LRRMD-BDL/BDU/BADULL/LI/25/0387,BDU251643,Badulla,Badulla,,Damanwara,80F,"අක්කර 5, වෑකඩ, කැන්දගොල්ල, බදුල්ල",,,,,,,,,,7.01439,81.089362
Other,OTHER,NBRO/LRRMD-BDL/BDU/PASSAR/LI/25/0388,BDU251644,Badulla,Passara,,Meedumpitiya,90B,"මීදුම්පිටිය, පස්සර",,,,,,,,,,6.953606,81.195633
Other,OTHER,NBRO/LRRMD-BDL/BDU/PASSAR/LI/25/0389,BDU251645,Badulla,Passara,,Medawelagama,89,"වඩුකන්ද, මැදවෙලගම, පස්සර",,,,,,,,,,6.985056,81.179527
Other,OTHER,NBRO/LRRMD-BDL/BDU/PASSAR/LI/25/0390,BDU251646,Badulla,Passara,,Dambewela,88E,"කමත්ගොඩ, මොණරංගල, පස්සර",,,,,,,,,,6.914914,81.170781
Other,OTHER,NBRO/LRRMD-BDL/BDU/PASSAR/LI/25/0391,BDU251647,Badulla,Passara,,Ambathenna West,88M,"පොල්ගහලන්ද, බුත්තල පාර, පස්සර",,,,,,,,,,6.931312,81.165806
Other,OTHER,NBRO/LRRMD-BDL/BDU/PASSAR/LI/25/0392,BDU251648,Badulla,Passara,,Meedumpitiya,90B,"කුඩුගලපතන, මීදුම්පිටිය, පස්සර",,,,,,,,,,6.955006,81.200583
Other,OTHER,NBRO/LRRMD-BDL/BDU/PASSAR/LI/25/0394,BDU251650,Badulla,Passara,,Madugasthalawa South,19C,"අංක 01, රබර් වත්ත, මැදවෙලගම, පස්සර",,,,,,,,,,6.968418,81.161446
Other,OTHER,NBRO/LRRMD-BDL/BDU/HALDUM/LI/25/0395,BDU251666,Badulla,Haldummulla,,Haldummulla,157A,"නීඩ්වුඩ් නව නිවාස , හල්දුම්මුල්ල",,,,,,,,,,6.7690162,80.88477854
Other,OTHER,NBRO/LRRMD-BDL/BDU/HALDUM/LI/25/0396,BDU251667,Badulla,Haldummulla,,Weerakongama,158G,"වීරකෝන්ගම, හල්දුම්මුල්ල",,,,,,,,,,6.775307,80.83687
Other,OTHER,NBRO/LRRMD-BDL/BDU/WELIMA/LI/25/0401,BDU251709,Badulla,Welimada,,Vidurupola,49,"බැලුංගල, බොරලස්",,,,,,,,,,6.9066399,80.8516744
Other,OTHER,NBRO/LRRMD-BDL/BDU/MEEGAH/LI/25/0408,BDU251778,Badulla,Meegahakivula,,Meegahakivula,22,මීගහකිවුලනව පොදු ක්‍රීඩා පිටිය සංවර් ධනය කිරීම,,,,,,,,,,7.137227,81.044534
Other,OTHER,NBRO/LRRMD-BDL/BDU/LUNUGA/LI/25/0409,BDU251779,Badulla,Lunugala,,Kottalbedda,93,කොට්ටල්බැද්ද එගොඩගෙදර මාර් ගයේ පැති බැම්ම සැකසීම සහ කොන්ක්‍රීට් කිරීම,,,,,,,,,,6.969293,81.192081
Other,OTHER,NBRO/LRRMD-BDL/BDU/BANDAR/LI/25/0411,BDU251796,Badulla,Bandarawela,,Kebillawela North,67D,"කුරුඳුගොල්ල, උතුරු කැබිල්ලේවෙල, බණ්ඩාරවෙල.",,,,,,,,,,6.838649,80.998087
Other,OTHER,NBRO/LRRMD-BDL/BDU/BANDAR/LI/25/0414,BDU251841,Badulla,Bandarawela,,Nayabedda Estate,65H,"ගෝනමොටාව වත්ත,ඉහළ කොටස.",,,,,,,,,,6.803537,80.986333
Other,OTHER,NBRO/LRRMD-BDL/BDU/BANDAR/LI/25/0415,BDU251843,Badulla,Bandarawela,,Nayabedda Estate,65H,"අංක 02, ගෝනමොටාව වත්ත, ඉහළ කොටස.",,,,,,,,,,6.794543,80.984235
Other,OTHER,NBRO/LRRMD-BDL/BDU/BANDAR/LI/25/0416,BDU251844,Badulla,Bandarawela,,Nayabedda Estate,65H,"ගෝනමොටාව වත්ත, ඉහළ කොටස.",,,,,,,,,,6.802325,80.986834
Other,OTHER,NBRO/LRRMD-BDL/BDU/BANDAR/LI/25/0417,BDU251845,Badulla,Bandarawela,,Nayabedda Estate,65H,"අංක7,ගෝනමොටාව වත්ත, ඉහළ කොටස.",,,,,,,,,,6.795814,80.985653
Other,OTHER,NBRO/LRRMD-BDL/BDU/UVA-PA/LI/25/0418,BDU251857,Badulla,Uva-Paranagama,,Lunuwatta,41B,"ඇටැම්පිටිය වත්ත, පට්ටිය කුඹුර, ලූණුවත්ත.",,,,,,,,,,6.953441,80.9316294
Other,OTHER,NBRO/LRRMD-BDL/BDU/UVA-PA/LI/25/0419,BDU251858,Badulla,Uva-Paranagama,,Lunuwatta,41B,"දරගල වත්ත, හාගිලිඇල්ල, පුහුල්පොල, වැලිමඩ.",,,,,,,,,,6.9183023,80.9519511
Other,OTHER,NBRO/LRRMD-BDL/BDU/HALI-E/LI/25/0422,BDU251888,Badulla,Hali-Ela,,Maligathenna,57H,"අබේපුර, ඇල්ලෙවෙල, දන්සැල්තැන්න, පට්ටිය ‍ගෙදර",,,,,,,,,,6.900005,80.963827
Other,OTHER,NBRO/LRRMD-BDL/BDU/HALI-E/LI/25/0423,BDU251889,Badulla,Hali-Ela,,Godegama,84B,"මහගෙදර, අළුබෝමුල්ල, පිල්පොලගම",,,,,,,,,,6.955675,81.050691
Other,OTHER,NBRO/LRRMD-BDL/BDU/HALI-E/LI/25/0424,BDU251890,Badulla,Hali-Ela,,Pallegama,55A,"උළුගෙදර, වේල්ලවෙල, ඇටම්පිටිය",,,,,,,,,,6.914656,80.960623
Other,OTHER,NBRO/LRRMD-BDL/BDU/HALI-E/LI/25/0425,BDU251891,Badulla,Hali-Ela,,Pallegama,55A,"කම්බිකණුගොඩ, තවලන්තැන්න, ඇටමිපිටිය",,,,,,,,,,6.924145,80.964689
Other,OTHER,NBRO/LRRMD-BDL/BDU/BANDAR/LI/25/0427,BDU251903,Badulla,Bandarawela,,Bandarawela East,65G,"අංක 17, පූනාගල පාර, බණ්ඩාරවෙල.",,,,,,,,,,6.8239919,80.994161
Other,OTHER,NBRO/LRRMD-CMB/CMB/KESBEW/LI/18/0003,CMB180003,Colombo,Kesbewa,,Erewwala West,581A,"Suboda Pedesa, Erewwala West",,,,,,,,,,6.823553,79.938438
Other,OTHER,NBRO/LRRMD-CMB/CMB/KADUWE/LI/19/0005,CMB190006,Colombo,kaduwela,,Wickramasinghapura,479C,"26/4, 2nd Lane, Wickramasinghepura Road, Wickramasinghepura, Battaramulla.",,,,,,,,,,6.88028,79.9369
Other,OTHER,NBRO/LRRMD-CMB/CMB/SEETHA/LI/19/0018,CMB190019,Colombo,Seethawaka,,Kotahera,432D,"Kotaherakanda,",,,,,,,,,,6.944228,80.21369
Other,OTHER,NBRO/LRRMD-CMB/CMB/SEETHA/LI/19/0019,CMB190020,Colombo,Seethawaka,,Kiriwandala North,431B,"431/B, Kiriwandala, Pendrithwatta.",,,,,,,,,,6.94976,80.19614
Other,OTHER,NBRO/LRRMD-CMB/CMB/DEHIWA/LI/19/0021,CMB190022,Colombo,Dehiwala,,Jayathilaka,540B,"40A, Malwatta Road, Dehiwala",,,,,,,,,,6.853469,79.867801
Other,OTHER,NBRO/LRRMD-CMB/CMB/DEHIWA/LI/19/0022,CMB190023,Colombo,Dehiwala,,Udyanaya,536A,"79/12, Prathibimbarama Road, Dehiwala",,,,,,,,,,6.861463,79.874562
Other,OTHER,NBRO/LRRMD-CMB/CMB/HOMAGA/LI/19/0024,CMB190025,Colombo,Homagama,,Uduwana,485A,"239/11, Sarvodaya Lane, Temple Road, Udugama, Homagama",,,,,,,,,,6.822247,80.00518
Other,OTHER,NBRO/LRRMD-CMB/CMB/DEHIWA/LI/19/0039,CMB190040,Colombo,Dehiwala,,Nedimala,536,"128/6 and 128/7, Andersan Road, Nendimala, Dehiwala",,,,,,,,,,6.85828,79.88126
Other,OTHER,NBRO/LRRMD-CMB/CMB/HOMAGA/LI/20/0002,CMB200034,Colombo,Homagama,,Habarakada North,481,"232/6, Habarakada Mal Mawatha, Homagama.",,,,,,,,,,6.87025,80.01565
Other,OTHER,NBRO/LRRMD-CMB/CMB/KADUWE/LI/20/0091,CMB200044,Colombo,kaduwela,,Nawagamuwa,470,"13/J, Samagi Mawatha, Nawagampura 1, Stace Road, Colombo 14",,,,,,,,,,6.945506,79.877588
Other,OTHER,NBRO/LRRMD-CMB/CMB/KADUWE/LI/20/0092,CMB200045,Colombo,kaduwela,,Kothalawala,473,"56/10, (1st Lane, Off vihara lane) Seewali Mawatha, Kolonnawa, Kaduwela.",,,,,,,,,,6.91877,79.97189
Other,OTHER,NBRO/LRRMD-CMB/CMB/KADUWE/LI/20/0093,CMB200046,Colombo,kaduwela,,Hokandara East,494A,"48,A,1, Ekamuthu Mawatha, Hokandara East, Hokandara.",,,,,,,,,,6.871225,79.969769
Other,OTHER,NBRO/LRRMD-CMB/CMB/KADUWE/LI/20/0096,CMB200049,Colombo,kaduwela,,Hokandara North,494,"375/25, 9th Lane, Rathnarama Road, Hokandara North, Hokandara",,,,,,,,,,6.8884,79.97378
Other,OTHER,NBRO/LRRMD-CMB/CMB/KADUWE/LI/20/0097,CMB200050,Colombo,kaduwela,,Nawagamuwa,470,"138/10, Bulugahawatta Road, Gemunupura, Nawagamuwa, Kaduwela.",,,,,,,,,,6.91623,80.01303
Other,OTHER,NBRO/LRRMD-CMB/CMB/KESBEW/LI/20/0099,CMB200052,Colombo,Kesbewa,,Werahera South,577A,"524/3A, Uswatta Road, Verahera, Boralasgamuwa.",,,,,,,,,,6.820136,79.907012
Other,OTHER,NBRO/LRRMD-CMB/CMB/KOLONN/LI/20/0109,CMB200062,Colombo,Kolonnawa,,Kotikawatta West,505C,"240/11, Keerthi mawatha, Delgahawatta Road, Angoda. (Lower Land)246/6, Delgahawatta Road, Mulleriyawa. (Upper Land)",,,,,,,,,,6.92952,79.92059
Other,OTHER,NBRO/LRRMD-CMB/CMB/PADUKK/LI/20/0126,CMB200079,Colombo,Padukka,,Dambora,458C,"Ayr Estate, Labugama Division, Dambora, Thummodara",,,,,,,,,,6.85302,80.16994
Other,OTHER,NBRO/LRRMD-CMB/CMB/SEETHA/LI/20/0133,CMB200086,Colombo,Seethawaka,,Puwakpitiya South,431C,"Farmharm Division, Eslton Estate.",,,,,,,,,,6.940703,80.198988
Other,OTHER,NBRO/LRRMD-CMB/CMB/SEETHA/LI/20/0135,CMB200088,Colombo,Seethawaka,,Weragolla North,431A,"30, Pahanalanga, Puwakpitiya",,,,,,,,,,6.93618,80.17863
Other,OTHER,NBRO/LRRMD-CMB/CMB/MAHARA/LI/21/0040,CMB210019,Colombo,Maharagama,,Thalapathpitiya,525,"Medical Faculty,Colombo University,Sri Jayawardenapura,Kotte,",,,,,,,,,,6.8696549,79.9272733
Other,OTHER,NBRO/LRRMD-CMB/CMB/KADUWE/LI/21/0065,CMB210033,Colombo,kaduwela,,Pahalawela,479A,"14/33,Rathnayaka Mawatha,Pelawatta, Battaramulla.",,,,,,,,,,6.886215,79.927584
Other,OTHER,NBRO/LRRMD-CMB/CMB/HOMAGA/LI/21/0094,CMB210048,Colombo,Homagama,,Kahathuduwa South,602A,"353/1,Nelum Gardnes,Kahathuduwa",,,,,,,,,,6.77659,80.00088
Other,OTHER,NBRO/LRRMD-CMB/CMB/HOMAGA/LI/21/0095,CMB210049,Colombo,Homagama,,Mattegoda Central 'A',587A,"4A,Araliya Uyana,Mattegoda",,,,,,,,,,6.80921,79.97198
Other,OTHER,NBRO/LRRMD-CMB/CMB/KOLONN/LI/21/0098,CMB210052,Colombo,Kolonnawa,,Himbutana East,503B,"252/B/3,Manikgrawatta,Himbutana,Angoda",,,,,,,,,,6.917237,79.917237
Other,OTHER,NBRO/LRRMD-CMB/CMB/DEHIWA/LI/21/0118,CMB210054,Colombo,Dehiwala,,Galwala,538A,"15, Moor Place,Kalubowila Road,Dehiwala",,,,,,,,,,6.863861,79.864581
Other,OTHER,NBRO/LRRMD-CMB/CMB/KESBEW/LI/21/0119,CMB210055,Colombo,Kesbewa,,Pelenwatta West,582A,"405/1,12th Lane,Gemunu Mawatha,Palanwatta,Kesbewa",,,,,,,,,,6.819335,79.941438
Other,OTHER,NBRO/LRRMD-CMB/CMB/SRIJAY/LI/21/0123,CMB210058,Colombo,Sri Jayawardanapura Kotte,,Pagoda East,519C,"19/4,4th Lane,Vimalarathne Mawatha",,,,,,,,,,6.87008,79.901474
Other,OTHER,NBRO/LRRMD-CMB/CMB/THIMBI/LI/22/0008,CMB220011,Colombo,Thimbirigasyaya,,Kuppiyawatta East,,"145/1,Ketawamulla Lane,Colombo 09.",,,,,,,,,,6.926911,79.873986
Other,OTHER,NBRO/LRRMD-CMB/CMB/SRIJAY/LI/22/0021,CMB220041,Colombo,Sri Jayawardanapura Kotte,,Pitakotte West,522,"No 9/8, 4th Lane, Pitakotte",,,,,,,,,,6.88541,79.90047
Other,OTHER,NBRO/LRRMD-CMB/CMB/PADUKK/LI/22/0023,CMB220043,Colombo,Padukka,,Waga West,457A,"No 576,Kelimadala, Thummodara, Padukka",,,,,,,,,,6.870527,80.134909
Other,OTHER,NBRO/LRRMD-CMB/CMB/KADUWE/LI/22/0024,CMB220044,Colombo,kaduwela,,Wickramasinghapura,479C,"38/7, 5 lane, Wickramasinghapura, Baththaramulla",,,,,,,,,,6.881329,79.937795
Other,OTHER,NBRO/LRRMD-CMB/CMB/KADUWE/LI/23/0048,CMB230071,Colombo,kaduwela,,Pothuarawa,477C,"ප්‍රියංගා පනාගොඩ, අංක 1009/13/ජී, සුමුදු මාවත, මාලබේ",,,,,,,,,,6.901392,79.955254
Other,OTHER,NBRO/LRRMD-CMB/CMB/COLOMB/LI/24/0004,CMB240011,Colombo,Dehiwala,,Jayathilaka,540B,අංක  540බී ජයතිලක ග්‍රාම නිලධාරී වසමේ ප්‍රනාන්දු මාවකෙත් මාර්ගය ගිලා බැසීම,,,,,,,,,,6.852483,79.863036
Other,OTHER,NBRO/LRRMD-CMB/CMB/KADUWE/LI/24/0005,CMB240012,Colombo,kaduwela,,Korathota,488,කේ.එම්.ජිනදාසඅංක 97/සීකොරතොටකඩුවෙල,,,,,,,,,,6.898909,80.003265
Other,OTHER,NBRO/LRRMD-CMB/CMB/PADUKK/LI/24/0017,CMB240028,Colombo,Padukka,,Angampitiya,454A,"කහටගහවත්ත, අංගම්පිටිය.",,,,,,,,,,6.848121,80.1197901
Other,OTHER,NBRO/LRRMD-CMB/CMB/KESBEW/LI/24/0019,CMB240031,Colombo,Kesbewa,,Bangalawatta,581B,එච්.එම්.ඒ.ජේ.හේවාවසම්අංක 263බානගලවත්තකොට්ටාවපන්නිපිටිය,,,,,,,,,,6.838814,79.959962
Other,OTHER,NBRO/LRRMD-CMB/CMB/SEETHA/LI/24/0029,CMB240045,Colombo,Seethawaka,,Kiriwandala North,431B,"246B, හයිලෙවල් පාර, කොට්ටාව.",,,,,,,,,,6.943633,80.188525
Other,OTHER,NBRO/LRRMD-CMB/CMB/PADUKK/LI/24/0048,CMB240068,Colombo,Padukka,,Arukwatta South,460A,"කොච්චිවත්ත, මහමායා පෙදෙස, අරුක්වත්ත, පාදුක්ක.",,,,,,,,,,6.8352914,80.1108767
Other,OTHER,NBRO/LRRMD-CMB/CMB/KADUWE/LI/24/0052,CMB240072,Colombo,kaduwela,,Welivita,475,"වැලිපිල්ලාව පාර, වැලිවිට",,,,,,,,,,6.933672,79.954059
Other,OTHER,NBRO/LRRMD-GLE/GLE/AKMEEM/LI/15/0003,GLE150003,Galle,Akmeemana,,Galgamuwa,135C,"නො 79, සූරිය උයන, කළහෙ, වංචාවල",,,,,,,,,,6.085833,80.359166
Other,OTHER,NBRO/LRRMD-GLE/GLE/AKMEEM/LI/16/0012,GLE160012,Galle,Akmeemana,,Ihalagoda Colony,109F,"හියාරේ හන්දිය, ගොනාමුල්ල",,,,,,,,,,6.28444,80.31333
Other,OTHER,NBRO/LRRMD-GLE/GLE/YAKKLM/LI/16/0016,GLE160016,Galle,Yakkalamulla,,Badungala,181C,"බදුංගල, වල්පල",,,,,,,,,,6.0941667,80.40111
Other,OTHER,NBRO/LRRMD-GLE/GLE/ELPITI/LI/17/0013,GLE170013,Galle,Elpitiya,,Kudagala Kadirandola,26C,ගලගාව ඕවිට වත්ත,,,,,,,,,,6.310833,80.18444
Other,OTHER,NBRO/LRRMD-GLE/GLE/GALLFG/LI/18/0006,GLE180006,Galle,Galle Four Gravets,,Dangedara West,98D,"නො 40, තිඹිරිගස්වත්ත, දංගෙදර",,,,,,,,,,6.0487,80.2137
Other,OTHER,NBRO/LRRMD-GLE/GLE/GALLFG/LI/18/0014,GLE180014,Galle,Galle Four Gravets,,Ettiligoda South,130,තෙන්කල්ගොඩ සුභද්‍රාරාමය විහාරය,,,,,,,,,,6.0466,80.2371
Other,OTHER,NBRO/LRRMD-GLE/GLE/IMADUW/LI/18/0022,GLE180022,Galle,Imaduwa,,Kabaragala,153D,"නො 11, ගොවිජන මාවත, කබරගල, අගුළුගහ",,,,,,,,,,6.06305,80.35944
Other,OTHER,NBRO/LRRMD-GLE/GLE/AKMEEM/LI/18/0027,GLE180027,Galle,Akmeemana,,Ihalagoda West,109,"නො 433/ඒ, ක්වින්ස්වේ පළමු පටුමඟ, රජගහවත්ත, ඉහළගොඩ, අක්මීමන",,,,,,,,,,6.241666,80.4125
Other,OTHER,NBRO/LRRMD-GLE/GLE/GALLFG/LI/18/0032,GLE180032,Galle,Galle Four Gravets,,Bataganvila,98B,"13/30, බීක්ක දෙවන පටුමඟ, බටගන්විල",,,,,,,,,,6.10555,80.37833
Other,OTHER,NBRO/LRRMD-GLE/GLE/GALLFG/LI/18/0033,GLE180033,Galle,Galle Four Gravets,,Bataganvila,98B,"මහින්ද මාවත, බටගන්විල",,,,,,,,,,6.053055,80.213611
Other,OTHER,NBRO/LRRMD-GLE/GLE/AKMEEM/LI/18/0038,GLE180038,Galle,Akmeemana,,Pilana,152,"තුරුණු ශ්‍රම ශක්ති ව්‍යාපෘතිය, පිලාන",,,,,,,,,,6.05111,80.32416
Other,OTHER,NBRO/LRRMD-GLE/GLE/BADDEG/LI/19/0008,GLE190008,Galle,Baddegama,,Horagampita,205,"නො 2, දීපගොඩ, හොරගම්පිට, ගිනිමැල්ලගහ",,,,,,,,,,6.0979,80.179192
Other,OTHER,NBRO/LRRMD-GLE/GLE/IMADUW/LI/19/0012,GLE190012,Galle,Imaduwa,,Kahanda,167,"කහඳ, අගුළුගහ",,,,,,,,,,6.1449,80.1987
Other,OTHER,NBRO/LRRMD-GLE/GLE/ELPITI/LI/19/0014,GLE190014,Galle,Elpitiya,,Ketandola Udovita,31G,"උඩෝවිට, තල්ගස්පේ",,,,,,,,,,6.3056643,80.202101
Other,OTHER,NBRO/LRRMD-GLE/GLE/BOPE-P/LI/19/0017,GLE190017,Galle,Bope-Poddala,,Thunhiripana,124A,"මාදංගහවත්ත, නාවින්න පාර, උළුවිටිකේ, ගාල්ල",,,,,,,,,,6.052039,80.198706
Other,OTHER,NBRO/LRRMD-GLE/GLE/GALLFG/LI/19/0020,GLE190020,Galle,Galle Four Gravets,,Madapathala,97B,"43/B, II වන පටුමඟ, මඩපාතල,ගාල්ල",,,,,,,,,,6.138182,80.156175
Other,OTHER,NBRO/LRRMD-GLE/GLE/GALLFG/LI/19/0022,GLE190022,Galle,Galle Four Gravets,,Bope West,119,"56බී, වැකුණගොඩ පාර, ගාල්ල",,,,,,,,,,6.052039,80.198706
Other,OTHER,NBRO/LRRMD-GLE/GLE/GALLFG/LI/19/0024,GLE190024,Galle,Galle Four Gravets,,Madawalamulla North,98A,"67/2, පුබුදු, බටගන්විල, ගාල්ල",,,,,,,,,,6.055461,80.218324
Other,OTHER,NBRO/LRRMD-GLE/GLE/GALLFG/LI/19/0026,GLE190026,Galle,Galle Four Gravets,,Bope North,107A,"118/19A, වටරැක පාර, ගාල්ල",,,,,,,,,,6.0576555,80.1961927
Other,OTHER,NBRO/LRRMD-GLE/GLE/GALLFG/LI/19/0029,GLE190029,Galle,Galle Four Gravets,,Maitipe,101,"29A/15, 1 වන පටුමඟ, මාඉටිපේ, ගාල්ල",,,,,,,,,,6.05976,80.22724
Other,OTHER,NBRO/LRRMD-GLE/GLE/GALLFG/LI/19/0030,GLE190030,Galle,Galle Four Gravets,,Bope East,119A,"නො 74, හීන්පැන්දල පාර, ගාල්ල",,,,,,,,,,6.04661,80.20173
Other,OTHER,NBRO/LRRMD-GLE/GLE/BADDEG/LI/19/0031,GLE190031,Galle,Baddegama,,Madoldoowa,201B,"129 බී, මඩොල්දුව පාර, බද්දේගම",,,,,,,,,,6.138382,80.156175
Other,OTHER,NBRO/LRRMD-GLE/GLE/BADDEG/LI/19/0033,GLE190033,Galle,Baddegama,,Adurathvila,206E,"සමඟි, අඳුරත්විල, පෝද්දල",,,,,,,,,,6.131014,80.20163
Other,OTHER,NBRO/LRRMD-GLE/GLE/BADDEG/LI/19/0049,GLE190049,Galle,Baddegama,,Keembiela,206C,"ඔලිම්පස් පාර්ක්, අඳුරත්විල, බද්දේගම",,,,,,,,,,6.130744,80.204067
Other,OTHER,NBRO/LRRMD-GLE/GLE/YAKKLM/LI/19/0050,GLE190050,Galle,Yakkalamulla,,Yakkalamulla,177C,"පොලිස් ස්ථානය, යක්කලමුල්ල",,,,,,,,,,6.106258,80.347225
Other,OTHER,NBRO/LRRMD-GLE/GLE/NAGODA/LI/19/0053,GLE190053,Galle,Nagoda,,Nagoda,216,"ගා/ මාපලගම සිරි සුනන්ද මහා විද්‍යාලය, නාගොඩ",,,,,,,,,,6.13648,80.17062
Other,OTHER,NBRO/LRRMD-GLE/GLE/NAGODA/LI/19/0057,GLE190057,Galle,Nagoda,,Aluthwatta,219D,"කැකිරිහේන්දොළ, අළුත්වත්ත, නාකියාදෙණිය",,,,,,,,,,6.158512,80.359378
Other,OTHER,NBRO/LRRMD-GLE/GLE/NAGODA/LI/19/0059,GLE190059,Galle,Nagoda,,Yatalamatta West,209B,"දුන්කන්ද, යටලමත්ත",,,,,,,,,,6.1602185,80.28013
Other,OTHER,NBRO/LRRMD-GLE/GLE/NAGODA/LI/19/0065,GLE190065,Galle,Nagoda,,Homadola,219A,"ජන උදානගම, හෝමදොළ",,,,,,,,,,6.21054,80.36452
Other,OTHER,NBRO/LRRMD-GLE/GLE/NAGODA/LI/19/0066,GLE190066,Galle,Nagoda,,Homadola,219A,"හිල් සයිඩ්, හෝමදොල",,,,,,,,,,6.2137,80.3506
Other,OTHER,NBRO/LRRMD-GLE/GLE/NAGODA/LI/19/0067,GLE190067,Galle,Nagoda,,Udalamatta East,210C,"අලුත් නුවර, උඩලමත්ත",,,,,,,,,,6.18913,80.2973
Other,OTHER,NBRO/LRRMD-GLE/GLE/NAGODA/LI/19/0068,GLE190068,Galle,Nagoda,,Udalamatta North,210,"නො 36, විලමාවත, උඩලමත්ත",,,,,,,,,,6.18363,80.2909
Other,OTHER,NBRO/LRRMD-GLE/GLE/NAGODA/LI/19/0069,GLE190069,Galle,Nagoda,,Homadola,219A,"හීල්සයිඩ්, හේමදොළ",,,,,,,,,,6.2131,80.3504
Other,OTHER,NBRO/LRRMD-GLE/GLE/NAGODA/LI/19/0070,GLE190070,Galle,Nagoda,,Homadola,219A,"ජනඋදාගම, කොතලාවල, උඩුගම",,,,,,,,,,6.20972,80.36514
Other,OTHER,NBRO/LRRMD-GLE/GLE/NAGODA/LI/19/0071,GLE190071,Galle,Nagoda,,Ukovita North,218C,"උක්ඹ්විට, උඩුගම",,,,,,,,,,6.199492,80.3255
Other,OTHER,NBRO/LRRMD-GLE/GLE/NAGODA/LI/19/0072,GLE190072,Galle,Nagoda,,Homadola,219A,"ජන උදාන ගම්මානය, හෝමදොළ",,,,,,,,,,6.21009,80.36309
Other,OTHER,NBRO/LRRMD-GLE/GLE/NAGODA/LI/19/0073,GLE190073,Galle,Nagoda,,Homadola,219A,"හීල්සයිඩ්, කොතලාවල, හෝමදොළ",,,,,,,,,,6.21222,80.35682
Other,OTHER,NBRO/LRRMD-GLE/GLE/NAGODA/LI/19/0074,GLE190074,Galle,Nagoda,,Udalamatta East,210C,"උඩලමත්ත, නාගොඩ",,,,,,,,,,6.18193,80.30374
Other,OTHER,NBRO/LRRMD-GLE/GLE/NAGODA/LI/19/0075,GLE190075,Galle,Nagoda,,Aluth Thanayamgoda Pahala West,215B,"හොරකගස්තුඩුව, මාපලගම",,,,,,,,,,6.2418,80.2948
Other,OTHER,NBRO/LRRMD-GLE/GLE/NAGODA/LI/19/0077,GLE190077,Galle,Nagoda,,Marakanda,214D,"මාරකන්ද, මාලමුර උතුර, මාපලගම මධ්‍යම",,,,,,,,,,6.2781,80.2823
Other,OTHER,NBRO/LRRMD-GLE/GLE/NAGODA/LI/19/0078,GLE190078,Galle,Nagoda,,Thalgaswala,215C,"අංක 26, දියවර ගම්මානය, තල්ගස්වල",,,,,,,,,,6.2402,80.2772
Other,OTHER,NBRO/LRRMD-GLE/GLE/NAGODA/LI/19/0079,GLE190079,Galle,Nagoda,,Marakanda,214D,"මාලමුර උතුර, මාපලගම මධ්‍යම",,,,,,,,,,6.2802,80.2815
Other,OTHER,NBRO/LRRMD-GLE/GLE/NAGODA/LI/19/0080,GLE190080,Galle,Nagoda,,Thalgaswala,215C,"දියවර ගම්මානය, තල්ගස්වල",,,,,,,,,,6.2395,80.2787
Other,OTHER,NBRO/LRRMD-GLE/GLE/NAGODA/LI/19/0081,GLE190081,Galle,Nagoda,,Thalgaswala,215C,"ප්‍රසන්න, නව නගරය, තල්ගස්වල",,,,,,,,,,6.2458,80.2719
Other,OTHER,NBRO/LRRMD-GLE/GLE/NAGODA/LI/19/0082,GLE190082,Galle,Nagoda,,Marakanda,214D,"මල්ලගොඩ, මලාමුර, මාපලගම මධ්‍යම",,,,,,,,,,6.2746,80.2919
Other,OTHER,NBRO/LRRMD-GLE/GLE/NAGODA/LI/19/0083,GLE190083,Galle,Nagoda,,Marakanda,214D,"මාලමුර, මාපලගම මධ්‍යම",,,,,,,,,,6.2707,80.2897
Other,OTHER,NBRO/LRRMD-GLE/GLE/NAGODA/LI/19/0084,GLE190084,Galle,Nagoda,,Mapalagama,215A,"මොඩල්ගම, මාපලගම",,,,,,,,,,6.2296,80.2841
Other,OTHER,NBRO/LRRMD-GLE/GLE/NAGODA/LI/19/0085,GLE190085,Galle,Nagoda,,Thalgaswala,215C,"කළුකොත, මනම්පිටිය, තල්ගස්වල",,,,,,,,,,6.259,80.2668
Other,OTHER,NBRO/LRRMD-GLE/GLE/NAGODA/LI/19/0086,GLE190086,Galle,Nagoda,,Ketagoda North,214E,"අඟල කන්ද, අලුත් ඇහැළ, මාපලගම",,,,,,,,,,6.2383,80.3228
Other,OTHER,NBRO/LRRMD-GLE/GLE/NAGODA/LI/19/0087,GLE190087,Galle,Nagoda,,Thalgaswala,215C,"නව නගරය, තල්ගස්වල",,,,,,,,,,6.2459,80.2715
Other,OTHER,NBRO/LRRMD-GLE/GLE/NAGODA/LI/19/0088,GLE190088,Galle,Nagoda,,Marakanda,214D,"මලාමුර, මාපලගම මධ්‍යම",,,,,,,,,,6.2697,80.2895
Other,OTHER,NBRO/LRRMD-GLE/GLE/NAGODA/LI/19/0089,GLE190089,Galle,Nagoda,,Mapalagama,215A,"69/1, රණවිරුගම, මාපලගම, ඇතුමලේ",,,,,,,,,,6.2333,80.2817
Other,OTHER,NBRO/LRRMD-GLE/GLE/ELPITI/LI/19/0092,GLE190092,Galle,Elpitiya,,Elpitiya East,25C,"දිගන්වල, ඇල්පිටිය",,,,,,,,,,6.321204,80.169068
Other,OTHER,NBRO/LRRMD-GLE/GLE/BOPE-P/LI/20/0005,GLE200005,Galle,Bope-Poddala,,Karapitiya,126A,"නො 03,පන්විලදුව වත්ත, කරාපිටිය",,,,,,,,,,6.072805,80.227726
Other,OTHER,NBRO/LRRMD-GLE/GLE/NAGODA/LI/20/0025,GLE200025,Galle,Nagoda,,Mapalagama,215A,තල්ගස්වත්ත,,,,,,,,,,6.229988,80.280548
Other,OTHER,NBRO/LRRMD-GLE/GLE/NAGODA/LI/20/0030,GLE200030,Galle,Nagoda,,Urala Central,222B,"ගම් ඉමේ වත්ත, පහළ ලේල්වල, වදුරඹ",,,,,,,,,,6.144879,80.262439
Other,OTHER,NBRO/LRRMD-GLE/GLE/AKMEEM/LI/20/0034,GLE200034,Galle,Akmeemana,,Wanchawala,134E,"මානව සම්පත් උයන, කළහේ, වංචාවල",,,,,,,,,,6.028641,80.264319
Other,OTHER,NBRO/LRRMD-GLE/GLE/AKMEEM/LI/20/0035,GLE200035,Galle,Akmeemana,,Hinidumgoda,130C,"නො 8/1/ඒ, දිසානායක මාවත, ආනන්ගොඩ",,,,,,,,,,6.053896,80.251983
Other,OTHER,NBRO/LRRMD-GLE/GLE/AKMEEM/LI/20/0036,GLE200036,Galle,Akmeemana,,Niyagama,118B,"340/8, ආසිරි උයන, කැකිරිහේන, අක්මීමන",,,,,,,,,,6.089018,80.24262
Other,OTHER,NBRO/LRRMD-GLE/GLE/IMADUW/LI/20/0046,GLE200046,Galle,Imaduwa,,Kodagoda East,171A,"බඩහැල්ගොඩ වත්ත, ඉමදුව",,,,,,,,,,6.33756,80.41276
Other,OTHER,NBRO/LRRMD-GLE/GLE/IMADUW/LI/20/0047,GLE200047,Galle,Imaduwa,,Horadugoda,168,"ගම්චිචිගෙවත්ත, හොරදුගොඩ,ඉමදුව",,,,,,,,,,6.021515,80.406616
Other,OTHER,NBRO/LRRMD-GLE/GLE/NIYAGA/LI/20/0051,GLE200051,Galle,Niyagama,,Amaragama,31B/2,"234, කිරිදොළ, මානානහේන, අමරගම",,,,,,,,,,6.291647,80.207862
Other,OTHER,NBRO/LRRMD-GLE/GLE/GALLFG/LI/20/0058,GLE200058,Galle,Galle Four Gravets,,Richmond Kanda,96E,"251/16, රිච්මන්ඩ් කන්ද, ගාල්ල",,,,,,,,,,6.053555,80.204124
Other,OTHER,NBRO/LRRMD-GLE/GLE/GALLFG/LI/20/0060,GLE200060,Galle,Galle Four Gravets,,Ettiligoda South,130,"12/1, පුංචානන්ගොඩ, තෙන්කල්ලගොඩ, ගාල්ල",,,,,,,,,,6.047535,80.23671
Other,OTHER,NBRO/LRRMD-GLE/GLE/GALLFG/LI/20/0062,GLE200062,Galle,Galle Four Gravets,,Dangedara East,97D,"26/17E, ස්ටීල් පාර, දංගෙදර, ගාල්ල",,,,,,,,,,6.046908,80.220116
Other,OTHER,NBRO/LRRMD-GLE/GLE/GALLFG/LI/20/0064,GLE200064,Galle,Galle Four Gravets,,Bope West,119,"84/39, අත්තම් නිවාස, වැකුණගොඩ පාර,  ගාල්ල",,,,,,,,,,6.050908,80.1987
Other,OTHER,NBRO/LRRMD-GLE/GLE/GALLFG/LI/20/0075,GLE200075,Galle,Galle Four Gravets,,Madawalamulla North,98A,"71/7, අළුත්ගෙදරවත්ත, බටගන්විල, ගාල්ල",,,,,,,,,,6.056723,80.212604
Other,OTHER,NBRO/LRRMD-GLE/GLE/GALLFG/LI/20/0077,GLE200077,Galle,Galle Four Gravets,,Dangedara West,98D,"2 කේ, ඩොනල්ඩ් ජෑන්ස් පාර, බටගන්විල, ගාල්ල",,,,,,,,,,6.054025,80.217306
Other,OTHER,NBRO/LRRMD-GLE/GLE/GALLFG/LI/20/0082,GLE200082,Galle,Galle Four Gravets,,Galwadugoda,96B,"99/20, ඩී.ජේ. විමලසුරේන්ද්‍ර මාවත, ගල්වඩුගොඩ, ගාල්ල",,,,,,,,,,6.04426,80.209656
Other,OTHER,NBRO/LRRMD-GLE/GLE/GALLFG/LI/20/0086,GLE200086,Galle,Galle Four Gravets,,Deddugoda North,101C,"574/20, දෙද්දුගොඩ, ගාල්ල",,,,,,,,,,6.066798,80.22313515
Other,OTHER,NBRO/LRRMD-GLE/GLE/GALLFG/LI/20/0087,GLE200087,Galle,Galle Four Gravets,,Dadalla West,102,"430/6, පැලවත්ත, දඩල්ල, ගාල්ල",,,,,,,,,,6.0511009,80.18279391
Other,OTHER,NBRO/LRRMD-GLE/GLE/GALLFG/LI/20/0096,GLE200096,Galle,Galle Four Gravets,,Maitipe,101,"අනගාරික ධර්මපාල මාවත, 90/5A, කරාපිටිය, ගාල්ල",,,,,,,,,,6.060696,80.225926
Other,OTHER,NBRO/LRRMD-GLE/GLE/ELPITI/LI/20/0101,GLE200101,Galle,Elpitiya,,Ketandola Udovita,31G,"ගෝනපාවුලදෙනිය, කැටන්දොල, තල්ගස්පෙ",,,,,,,,,,6.308098,80.185819
Other,OTHER,NBRO/LRRMD-GLE/GLE/BADDEG/LI/20/0118,GLE200117,Galle,Baddegama,,Majuwana,202,"කෙරදේවල, මාජුවාන",,,,,,,,,,6.148635,80.171967
Other,OTHER,NBRO/LRRMD-GLE/GLE/WANDUR/LI/20/0121,GLE200120,Galle,Wanduramba,,Mabotuwana,189,"අක්කර 50, මාබොටුවන, වදුරඹ",,,,,,,,,,6.119114,80.299313
Other,OTHER,NBRO/LRRMD-GLE/GLE/BADDEG/LI/20/0122,GLE200121,Galle,Baddegama,,Walpita North,206,"නො 87, දියවර ගම්මානය, බලගොඩ, පෝද්දල",,,,,,,,,,6.111816,80.202968
Other,OTHER,NBRO/LRRMD-GLE/GLE/BADDEG/LI/20/0126,GLE200125,Galle,Baddegama,,Kasideniya,208A,"ඹලිම්පස් වත්ත, බද්දේගම",,,,,,,,,,6.1331123,80.20673827
Other,OTHER,NBRO/LRRMD-GLE/GLE/RATHGA/LI/20/0128,GLE200127,Galle,Rathgama,,Katudampe,48,"බුජමුල්ල වත්ත, කටුදම්පේ, රත්ගම",,,,,,,,,,6.106452,80.143896
Other,OTHER,NBRO/LRRMD-GLE/GLE/HIKKAD/LI/20/0131,GLE200130,Galle,Hikkaduwa,,Handaudumulla,55C,"ආරච්චිවත්ත, පිංකන්ද, දොඩන්දුව",,,,,,,,,,6.131485,80.135091
Other,OTHER,NBRO/LRRMD-GLE/GLE/HIKKAD/LI/20/0132,GLE200131,Galle,Hikkaduwa,,Nalagasdeniya,59C,"බද්දේගම පාර, කිරිහන්දිගොඩ, හික්කඩුව",,,,,,,,,,6.138916,80.106186
Other,OTHER,NBRO/LRRMD-GLE/GLE/AMBALG/LI/20/0138,GLE200137,Galle,Ambalangoda,,Vilegoda,84,"නො 23, හල්වතුර නිවාස, විලේගොඩ, අම්බලන්ගොඩ",,,,,,,,,,6.238035,80.059078
Other,OTHER,NBRO/LRRMD-GLE/GLE/HIKKAD/LI/20/0144,GLE200143,Galle,Hikkaduwa,,Handaudumulla,55C,"හඳඋඩුමුල්ල, පිංකන්ද, දොඩන්දුව",,,,,,,,,,6.130155,80.13742
Other,OTHER,NBRO/LRRMD-GLE/GLE/WELIVI/LI/20/0160,GLE200159,Galle,Welivitiya-Divithura,,Waduwelivitiya,196A,"සෝරත ජන උදාන ගම්මානය, වාඩුවැලිවිටිය දකුණ, උනන්විටිය",,,,,,,,,,6.189605,80.240057
Other,OTHER,NBRO/LRRMD-GLE/GLE/WELIVI/LI/20/0161,GLE200160,Galle,Welivitiya-Divithura,,Ampegama,192,"අම්පේගම උතුර, අම්පේගම",,,,,,,,,,6.199434,80.141515
Other,OTHER,NBRO/LRRMD-GLE/GLE/BOPE-P/LI/20/0167,GLE200166,Galle,Bope-Poddala,,Uluvitike,127,"කැන්දතුඩුවපල, උළුවිටිකේ, ගාල්ල",,,,,,,,,,6.085019,80.210357
Other,OTHER,NBRO/LRRMD-GLE/GLE/BOPE-P/LI/20/0169,GLE200168,Galle,Bope-Poddala,,Labudoowa,114,"ප්‍රාදේශිය ලේකම් කාර්යාලය, බෝපෙ පෝද්දල",,,,,,,,,,6.070385,80.234251
Other,OTHER,NBRO/LRRMD-GLE/GLE/GALLFG/LI/20/0171,GLE200170,Galle,Galle Four Gravets,,Sanghamittapura,98C,"95/6, පල්ලිය පාර, ගාල්ල",,,,,,,,,,6.046678,80.214852
Other,OTHER,NBRO/LRRMD-GLE/GLE/GALLFG/LI/20/0178,GLE200177,Galle,Galle Four Gravets,,Bope East,119A,"නො 9, ශ්‍රී රේවත මාවත, හීන්පැන්දල, ගාල්ල",,,,,,,,,,6.285953,80.1214622
Other,OTHER,NBRO/LRRMD-GLE/GLE/GALLFG/LI/20/0181,GLE200180,Galle,Galle Four Gravets,,Sanghamittapura,98C,"අංක 715, සංඝමිත්ත පටුමඟ, වක්වැල්ල පාර, ගාල්ල",,,,,,,,,,6.045686,80.213564
Other,OTHER,NBRO/LRRMD-GLE/GLE/GALLFG/LI/20/0184,GLE200183,Galle,Galle Four Gravets,,Kaluwella,96C,"අංක 01, ටෙම්පල්ස් පාර, කළුවැල්ල, ගාල්ල",,,,,,,,,,6.034533,80.212331
Other,OTHER,NBRO/LRRMD-GLE/GLE/THAWAL/LI/20/0206,GLE200205,Galle,Thawalama,,Kumburegoda,230C,"කලුගල, කුඹුරේගොඩ, හබරකඩ, තවලම",,,,,,,,,,6.374739,80.324933
Other,OTHER,NBRO/LRRMD-GLE/GLE/THAWAL/LI/20/0207,GLE200206,Galle,Thawalama,,Kudugalpala,230D,"230/D, කුඩුගල්පල, බටහේන, තවලම",,,,,,,,,,6.341861,80.319284
Other,OTHER,NBRO/LRRMD-GLE/GLE/AKMEEM/LI/20/0275,GLE200274,Galle,Akmeemana,,Haliwala,130B,"අංක 59, ලන්සියාහේන, හාලිවල",,,,,,,,,,6.054206,80.241705
Other,OTHER,NBRO/LRRMD-GLE/GLE/YAKKLM/LI/21/0026,GLE210026,Galle,Yakkalamulla,,Kottawa West,176B,"මිනුවන්දෙනිය, තල්ගහකන්ද",,,,,,,,,,6.103715,80.314955
Other,OTHER,NBRO/LRRMD-GLE/GLE/BOPE-P/LI/21/0039,GLE210039,Galle,Bope-Poddala,,Thunhiripana,124A,"අංක 165/D, පලාගල කන්ද,කිතුලම්පිටිය",,,,,,,,,,6.068678,80.207433
Other,OTHER,NBRO/LRRMD-GLE/GLE/THAWAL/LI/21/0050,GLE210050,Galle,Thawalama,,Habarakada West,230A,"11/2, කඳු මුදුන, හබරකඩ, තවලම",,,,,,,,,,6.354318,80.341797
Other,OTHER,NBRO/LRRMD-GLE/GLE/BALAPI/LI/21/0053,GLE210053,Galle,Balapitiya,,Nanathota Palatha,16D,"අංක 439 E, බාන්වැල්දූව, කොස්ගොඩ",,,,,,,,,,6.3610284,80.0418362
Other,OTHER,NBRO/LRRMD-GLE/GLE/BALAPI/LI/21/0054,GLE210054,Galle,Balapitiya,,Boraluketiya,16C,"දෙටු ජනපදය, නාපේ, කොස්ගොඩ",,,,,,,,,,6.351767,80.055769
Other,OTHER,NBRO/LRRMD-GLE/GLE/NAGODA/LI/21/0065,GLE210065,Galle,Nagoda,,Parana Thanayamgoda Pahala,213A,"කරහින්නවත්ත, ගාලු පාර, ඇතුමලේ",,,,,,,,,,6.219316,80.284767
Other,OTHER,NBRO/LRRMD-GLE/GLE/RATHGA/LI/21/0077,GLE210077,Galle,Rathgama,,Ranapanadeniya,46A,"රනපනාදෙණිය, රත්ගම",,,,,,,,,,6.108942,80.153754
Other,OTHER,NBRO/LRRMD-GLE/GLE/HABARA/LI/21/0078,GLE210078,Galle,Habaraduwa,,Handugoda,143B,"තානවත්ත, දෙල්ගහකොරටුව",,,,,,,,,,6.01945,80.26723
Other,OTHER,NBRO/LRRMD-GLE/GLE/NELUWA/LI/21/0083,GLE210083,Galle,Neluwa,,Dewalegama East,235A,"සමෘද්ධි බැංකුව, දෙල්ලව",,,,,,,,,,6.320833,80.436111
Other,OTHER,NBRO/LRRMD-GLE/GLE/NELUWA/LI/21/0085,GLE210085,Galle,Neluwa,,Koswatta,232G,"ගා/මාවිට ආදර්ශ විද්‍යාලය, මාවිට, නෙළුව",,,,,,,,,,6.4,80.341388
Other,OTHER,NBRO/LRRMD-GLE/GLE/BADDEG/LI/21/0101,GLE210101,Galle,Baddegama,,Walpita North,206,"අඳුරත්විල සමෘද්ධි බැංකුව, අඳුරත්විල, බද්දේගම",,,,,,,,,,6.1313889,80.2008333
Other,OTHER,NBRO/LRRMD-GLE/GLE/YAKKLM/LI/21/0106,GLE210107,Galle,Yakkalamulla,,Nakiyadeniya,179A,"ගොඩහේන්කන්ද, නාකියාදෙණිය",,,,,,,,,,6.140337,80.333503
Other,OTHER,NBRO/LRRMD-GLE/GLE/GALLFG/LI/21/0112,GLE210113,Galle,Galle Four Gravets,,Magalla,99,"59/22, ගංගාරාම පාර, මාගාල්ල, ගාල්ල",,,,,,,,,,6.03999,80.230205
Other,OTHER,NBRO/LRRMD-GLE/GLE/GALLFG/LI/21/0116,GLE210117,Galle,Galle Four Gravets,,Kandewatta,96F,"නො 53, 1 වන පටුමග, කන්දෙවත්ත, ගාල්ල",,,,,,,,,,6.041669,80.210221
Other,OTHER,NBRO/LRRMD-GLE/GLE/GALLFG/LI/21/0117,GLE210118,Galle,Galle Four Gravets,,Madawalamulla South,98,"82/15, කිතුලම්පිටිය, ගාල්ල",,,,,,,,,,6.0613005,80.216214
Other,OTHER,NBRO/LRRMD-GLE/GLE/GALLFG/LI/21/0121,GLE210122,Galle,Galle Four Gravets,,Siyambalagahawatta,102C,"288/24F, ගොඩේකැලේවත්ත, මහමෝදර",,,,,,,,,,6.044947,80.197978
Other,OTHER,NBRO/LRRMD-GLE/GLE/GALLFG/LI/21/0122,GLE210123,Galle,Galle Four Gravets,,Kumbalwella South,96,"30/5D, පඤ්ඤාලංකාර මාවත, ගාල්ල",,,,,,,,,,6.046553,80.205467
Other,OTHER,NBRO/LRRMD-GLE/GLE/GALLFG/LI/21/0124,GLE210125,Galle,Galle Four Gravets,,Bataganvila,98B,"එක්සත් ප්‍රජා සහයෝගීතා මධ්‍යස්ථානය, 288/4, සිංහපුර, වක්වැල්ල පාර, ගාල්ල",,,,,,,,,,6.049536,80.210988
Other,OTHER,NBRO/LRRMD-GLE/GLE/GALLFG/LI/21/0127,GLE210128,Galle,Galle Four Gravets,,Kumbalwella South,96,"අංක 129, රිච්මන්ඩ් කන්ද පාර, ගාල්ල",,,,,,,,,,6.043598,80.20739
Other,OTHER,NBRO/LRRMD-GLE/GLE/GALLFG/LI/21/0128,GLE210129,Galle,Galle Four Gravets,,Galwadugoda,96B,"202/3A, රිච්මන්ඩ් කන්ද පාර, ගාල්ල",,,,,,,,,,6.050205,80.207059
Other,OTHER,NBRO/LRRMD-GLE/GLE/GALLFG/LI/21/0129,GLE210130,Galle,Galle Four Gravets,,Ettiligoda South,130,"186, හේනවත්ත, ඇත්තිලිගොඩ,ගාල්ල",,,,,,,,,,6.0499768,80.233294
Other,OTHER,NBRO/LRRMD-GLE/GLE/GALLFG/LI/21/0130,GLE210131,Galle,Galle Four Gravets,,Kumbalwella South,96,"31/1, ගල්කැටිය පාර, ගාල්ල",,,,,,,,,,6.049012,80.20485
Other,OTHER,NBRO/LRRMD-GLE/GLE/GALLFG/LI/21/0133,GLE210134,Galle,Galle Four Gravets,,Kumbalwella South,96,"නිලසෙවන කාර්යාලය, ශ්‍රී පඤ්ඤාලෝක මාවත, හීන්පැන්දල, ගාල්ල",,,,,,,,,,6.0458,80.205289
Other,OTHER,NBRO/LRRMD-GLE/GLE/GALLFG/LI/21/0137,GLE210138,Galle,Galle Four Gravets,,Milidduwa,101B,"81/29/F/1, H.K එඩ්මන්ඩ් මාවත, මොරගොඩ, ගාල්ල",,,,,,,,,,6.048965,80.223778
Other,OTHER,NBRO/LRRMD-GLE/GLE/AKMEEM/LI/21/0147,GLE210148,Galle,Akmeemana,,Ihalagoda East,109A,"කදිරගාමර් ගම්මානය, කුරුදුවත්ත, අක්මීමන",,,,,,,,,,6.073104,80.284647
Other,OTHER,NBRO/LRRMD-GLE/GLE/AKMEEM/LI/21/0152,GLE210153,Galle,Akmeemana,,Thalpe North,133A,"මස්සලගේවත්ත, තල්පෙ උතුර, උනවටුන",,,,,,,,,,6.0101946,80.263131
Other,OTHER,NBRO/LRRMD-GLE/GLE/AKMEEM/LI/21/0153,GLE210154,Galle,Akmeemana,,Thalahitiyawa,152B,"නො 238, මොරගල්ල වත්ත, පිලාන, වංචාවල",,,,,,,,,,6.045491,80.287468
Other,OTHER,NBRO/LRRMD-GLE/GLE/AKMEEM/LI/21/0157,GLE210158,Galle,Akmeemana,,Ihalagoda South,109B,"ලෙච්චමීවත්ත, චීන මිත්‍ර ගම්මානය",,,,,,,,,,6.076262,80.273662
Other,OTHER,NBRO/LRRMD-GLE/GLE/THAWAL/LI/21/0172,GLE210173,Galle,Thawalama,,Gallandala,225B,"115/D, ගල්ලන්දල, ගා/ පනංගම",,,,,,,,,,6.237675,80.332806
Other,OTHER,NBRO/LRRMD-GLE/GLE/NIYAGA/LI/21/0186,GLE210188,Galle,Niyagama,,Liyanagamakanda,34A/1,"ලියනගමකන්ද, බඹරවාන",,,,,,,,,,6.214563,80.287848
Other,OTHER,NBRO/LRRMD-GLE/GLE/BOPE-P/LI/21/0192,GLE210194,Galle,Bope-Poddala,,Thunhiripana,124A,"පලාගලකන්ද, කිතුලම්පිටිය",,,,,,,,,,6.06804,80.207852
Other,OTHER,NBRO/LRRMD-GLE/GLE/BOPE-P/LI/21/0193,GLE210195,Galle,Bope-Poddala,,Thunhiripana,124A,"පලාගලකන්ද, කිතුලම්පිටිය, උළුවිටිකේ, ගාල්ල",,,,,,,,,,6.06820739,80.20764266
Other,OTHER,NBRO/LRRMD-GLE/GLE/BOPE-P/LI/21/0194,GLE210196,Galle,Bope-Poddala,,Thunhiripana,124A,"පලාගලකන්ද, කිතුලම්පිටිය, උළුවිටිකේ, ගාල්ල",,,,,,,,,,6.0681875,80.2080375
Other,OTHER,NBRO/LRRMD-GLE/GLE/BOPE-P/LI/21/0198,GLE210200,Galle,Bope-Poddala,,Addaragoda,111E,"සිරිපුර පෙදෙස, මීපාවල, පෝද්දල",,,,,,,,,,6.09868852,80.22143593
Other,OTHER,NBRO/LRRMD-GLE/GLE/BOPE-P/LI/21/0200,GLE210202,Galle,Bope-Poddala,,Magadeniya,111A,"අංක 262, කාසල්හිල් වත්ත,නරාවල, පෝද්දල",,,,,,,,,,6.093229,80.236083
Other,OTHER,NBRO/LRRMD-GLE/GLE/THAWAL/LI/21/0209,GLE210211,Galle,Thawalama,,Kumburegoda,230C,"කළුගල, හබරකඩ, තවලම",,,,,,,,,,6.375598,80.324505
Other,OTHER,NBRO/LRRMD-GLE/GLE/THAWAL/LI/21/0213,GLE210215,Galle,Thawalama,,Hiniduma West,226B,බටහේන - මාපලගම,,,,,,,,,,6.321549,80.310319
Other,OTHER,NBRO/LRRMD-GLE/GLE/THAWAL/LI/21/0215,GLE210217,Galle,Thawalama,,Ela Ihala,230B,"හබරකඩ, ඇළ ඉහළ, තවලම",,,,,,,,,,6.392038,80.296888
Other,OTHER,NBRO/LRRMD-GLE/GLE/THAWAL/LI/21/0217,GLE210219,Galle,Thawalama,,Habarakada East,230,"බඳුවත්ත, හබරකඩ නැගෙනහිර, තවලම",,,,,,,,,,6.348611,80.335556
Other,OTHER,NBRO/LRRMD-GLE/GLE/NELUWA/LI/21/0231,GLE210233,Galle,Neluwa,,Ihala Millawa,238A,"ඉහල මිල්ලව, මොරවක",,,,,,,,,,6.29651,80.4638
Other,OTHER,NBRO/LRRMD-GLE/GLE/NELUWA/LI/21/0232,GLE210234,Galle,Neluwa,,Lankagama,234A,"ලංකාගම, දෙනියාය",,,,,,,,,,6.369673,80.456835
Other,OTHER,NBRO/LRRMD-GLE/GLE/NELUWA/LI/21/0238,GLE210240,Galle,Neluwa,,Danawala,232C,"අංක 6C, මොරවිටිගල, දනවල, නෙළුව",,,,,,,,,,6.40221136,80.3207335
Other,OTHER,NBRO/LRRMD-GLE/GLE/NELUWA/LI/21/0244,GLE210246,Galle,Neluwa,,Ihala Gigummaduwa,231B,"ඉහළ ගිගුම්මඩුව, මාවනාන, නෙළුව",,,,,,,,,,6.33968367,80.3671059
Other,OTHER,NBRO/LRRMD-GLE/GLE/NELUWA/LI/21/0252,GLE210254,Galle,Neluwa,,Warukandeniya,234C,"වලුගෙදර, වාරුකන්දෙනිය, නෙළුව",,,,,,,,,,6.379796,80.418603
Other,OTHER,NBRO/LRRMD-GLE/GLE/NELUWA/LI/21/0253,GLE210255,Galle,Neluwa,,Lankagama,234A,"අංක 02, වතුගල, ලංකාගම, දෙනියාය",,,,,,,,,,6.37189,80.473976
Other,OTHER,NBRO/LRRMD-GLE/GLE/NELUWA/LI/21/0254,GLE210256,Galle,Neluwa,,Warukandeniya,234C,"වලුගෙදර, වාරුකන්දෙනිය, නෙළුව",,,,,,,,,,6.379791,80.418846
Other,OTHER,NBRO/LRRMD-GLE/GLE/NELUWA/LI/21/0259,GLE210261,Galle,Neluwa,,Pahala Maddegama,233B,"උඩවෙල, පහළ මද්දේගම, නෙළුව",,,,,,,,,,6.36207391,80.3856159
Other,OTHER,NBRO/LRRMD-GLE/GLE/NAGODA/LI/21/0270,GLE210272,Galle,Nagoda,,Parana Thanayamgoda,213,"කරහින්නවත්ත, ඇතුමලේ, ගාල්ල",,,,,,,,,,6.21902793,80.28446681
Other,OTHER,NBRO/LRRMD-GLE/GLE/NAGODA/LI/21/0280,GLE210282,Galle,Nagoda,,Udugama East,219,"අක්කර 80, උඩුගම නැගෙනහිර, උඩුගම",,,,,,,,,,6.1756157,80.37469053
Other,OTHER,NBRO/LRRMD-GLE/GLE/NAGODA/LI/21/0295,GLE210297,Galle,Nagoda,,Mapalagama,215A,"කොත්කන්දවත්ත, තල්ගස්වල",,,,,,,,,,6.27073,80.267636
Other,OTHER,NBRO/LRRMD-GLE/GLE/NAGODA/LI/21/0297,GLE210299,Galle,Nagoda,,Parana Thanayamgoda Central,213B,"අමුහේන කන්ද, තානායම්ගොඩ, මාපලගම",,,,,,,,,,6.224612,80.3124205
Other,OTHER,NBRO/LRRMD-GLE/GLE/NAGODA/LI/21/0315,GLE210317,Galle,Nagoda,,Malamura,214A,"නිලසෙවන අසල, මලාමුර",,,,,,,,,,6.250331,80.30196
Other,OTHER,NBRO/LRRMD-GLE/GLE/NAGODA/LI/21/0316,GLE210318,Galle,Nagoda,,Aluth Thanayamgoda Pahala West,215B,"නාවින්න, මාපලගම",,,,,,,,,,6.246023,80.288198
Other,OTHER,NBRO/LRRMD-GLE/GLE/AKMEEM/LI/21/0320,GLE210322,Galle,Akmeemana,,Anangoda,113C,"ආරච්චිගේවත්ත, ආනන්ගොඩ, ගාල්ල",,,,,,,,,,6.040131,80.249771
Other,OTHER,NBRO/LRRMD-GLE/GLE/AKMEEM/LI/21/0325,GLE210327,Galle,Akmeemana,,Ankokkawala,110,"ශ්‍රී සුමංගල විහාරස්ථානය, අංකොක්කාවල, ගාල්ල",,,,,,,,,,6.05151909,80.2845578
Other,OTHER,NBRO/LRRMD-GLE/GLE/AKMEEM/LI/21/0327,GLE210329,Galle,Akmeemana,,Ihalagoda West,109,ගල්පොත්ත පුරාණ විහාරය,,,,,,,,,,6.07530709,80.254252518
Other,OTHER,NBRO/LRRMD-GLE/GLE/AKMEEM/LI/21/0328,GLE210330,Galle,Akmeemana,,Manavila,112,"74/1, මැලිබන් මාවත, මානවිල, වලහන්දූව",,,,,,,,,,6.06286,80.259947
Other,OTHER,NBRO/LRRMD-GLE/GLE/AKMEEM/LI/21/0332,GLE210334,Galle,Akmeemana,,Haliwala,130B,"සුදර්ශනගිරි ජත්‍යාන්තර බෞද්ධ මධ්‍යස්ථානය, හාලිවල, අක්මීමන, ගාල්ල",,,,,,,,,,6.052753,80.24387
Other,OTHER,NBRO/LRRMD-GLE/GLE/AKMEEM/LI/21/0333,GLE210335,Galle,Akmeemana,,Amukotuwa,152A,"නො 384, බණ්ඩකන්ද, පිලාන, අගුළුගහ",,,,,,,,,,6.043166,80.297017
Other,OTHER,NBRO/LRRMD-GLE/GLE/AKMEEM/LI/21/0334,GLE210336,Galle,Akmeemana,,Thalpe North,133A,"තන්තිරිගෙවත්ත, තල්පේ උතුර, උණවටුන",,,,,,,,,,6.00797,80.261817
Other,OTHER,NBRO/LRRMD-GLE/GLE/IMADUW/LI/21/0344,GLE210346,Galle,Imaduwa,,Horadugoda,168,"ප්‍රියන්කර, මලියගොඩවත්ත, හොරදුගොඩ, ඉමදුව",,,,,,,,,,6.017056,80.412445
Other,OTHER,NBRO/LRRMD-GLE/GLE/IMADUW/LI/21/0347,GLE210349,Galle,Imaduwa,,Welikonda,153C,"327/6/A, පින්නදුව වත්ත, දොරපේ",,,,,,,,,,6.0305792,80.30728452
Other,OTHER,NBRO/LRRMD-GLE/GLE/IMADUW/LI/21/0361,GLE210363,Galle,Imaduwa,,Angulugaha,154,"106/A/10, සර්වෝදය කන්ද, අගුළුගහ",,,,,,,,,,6.36668,80.36391
Other,OTHER,NBRO/LRRMD-GLE/GLE/NIYAGA/LI/21/0363,GLE210365,Galle,Niyagama,,Niyagama West,38A,"නියාගම, තල්ගස්වල",,,,,,,,,,6.233296,80.262414
Other,OTHER,NBRO/LRRMD-GLE/GLE/NIYAGA/LI/21/0381,GLE210383,Galle,Niyagama,,Manampita,37A/2,"34 කොටස, මානම්පිට, තල්ගස්වල",,,,,,,,,,6.255388,80.256458
Other,OTHER,NBRO/LRRMD-GLE/GLE/NIYAGA/LI/21/0382,GLE210384,Galle,Niyagama,,Porawagama,35,ඉහල ගෙදර කන්ද,,,,,,,,,,6.276932,80.234224
Other,OTHER,NBRO/LRRMD-GLE/GLE/NIYAGA/LI/21/0394,GLE210396,Galle,Niyagama,,Pitigala North,30B,"මිරිස්වතු මුකලාන, උතුරු පිටිගල, පිටිගල",,,,,,,,,,6.377516,80.218276
Other,OTHER,NBRO/LRRMD-GLE/GLE/NIYAGA/LI/21/0395,GLE210397,Galle,Niyagama,,Porawagama South,35B,"හැද්දගොඩවත්ත, පොරවගම",,,,,,,,,,6.268508,80.243233
Other,OTHER,NBRO/LRRMD-GLE/GLE/NIYAGA/LI/21/0397,GLE210399,Galle,Niyagama,,Kaluarachchigoda,30E,"සෙමනේරිස් වත්ත, කළුආරච්චිගොඩ, පිටිගල",,,,,,,,,,6.352273,80.231918
Other,OTHER,NBRO/LRRMD-GLE/GLE/NIYAGA/LI/21/0399,GLE210401,Galle,Niyagama,,Horangalla West,37/3,"මැංගුස් සෙවන, හොරන්ගල්ල, තල්ගස්වල",,,,,,,,,,6.22556,80.248888
Other,OTHER,NBRO/LRRMD-GLE/GLE/GALLFG/LI/21/0401,GLE210403,Galle,Galle Four Gravets,,Welipatha,101D,"07B/9, මවුන්ට් ප්ලසන්ට් ඉඩම, 3වන මාඉටිපේ, ගාල්ල",,,,,,,,,,6.06539,80.23291
Other,OTHER,NBRO/LRRMD-GLE/GLE/GALLFG/LI/21/0406,GLE210408,Galle,Galle Four Gravets,,Sanghamittapura,98C,"නො 236/2, වක්වැල්ල පාර, ගාල්ල",,,,,,,,,,6.04532,80.213929
Other,OTHER,NBRO/LRRMD-GLE/GLE/GALLFG/LI/21/0407,GLE210409,Galle,Galle Four Gravets,,Maitipe,101,"නො 38A, පීටර් කිරිංගොඩ මාවත, කරාපිටිය, ගාල්ල",,,,,,,,,,6.061,80.226792
Other,OTHER,NBRO/LRRMD-GLE/GLE/GALLFG/LI/21/0409,GLE210411,Galle,Galle Four Gravets,,Madawalamulla North,98A,"20B, රතනසුරිය මාවත, බටගන්විල, ගාල්ල",,,,,,,,,,6.057608,80.2127
Other,OTHER,NBRO/LRRMD-GLE/GLE/GALLFG/LI/21/0414,GLE210416,Galle,Galle Four Gravets,,Dangedara East,97D,"360/104A, සමඟිවත්තගම, දංගෙදර, ගාල්ල",,,,,,,,,,6.052538,80.2208593
Other,OTHER,NBRO/LRRMD-GLE/GLE/GALLFG/LI/21/0423,GLE210425,Galle,Galle Four Gravets,,Dadalla East,102A,"සුනාමි නිවාස 30 ව්‍යාපෘතිය, දඩැල්ල, ගාල්ල",,,,,,,,,,6.0523169,80.18791925
Other,OTHER,NBRO/LRRMD-GLE/GLE/GALLFG/LI/21/0426,GLE210428,Galle,Galle Four Gravets,,Maitipe,101,"76/8, අනගාරික ධර්මපාල මාවත, මාඉටිපේ, ගාල්ල",,,,,,,,,,6.05947955,80.22539865
Other,OTHER,NBRO/LRRMD-GLE/GLE/GALLFG/LI/21/0427,GLE210429,Galle,Galle Four Gravets,,Bataganvila,98B,"195/6, එලියට් පාර, ගාල්ල",,,,,,,,,,6.0536899,80.213666
Other,OTHER,NBRO/LRRMD-GLE/GLE/GALLFG/LI/21/0430,GLE210432,Galle,Galle Four Gravets,,Madapathala,97B,"53/15,  දෙවන පටුමඟ, මඩපාතල, ගාල්ල",,,,,,,,,,6.043855,80.218595
Other,OTHER,NBRO/LRRMD-GLE/GLE/GALLFG/LI/21/0431,GLE210433,Galle,Galle Four Gravets,,Ginthota West,103,"21C, බෝපෙ පාර, ගිංතොට",,,,,,,,,,6.056414,80.183714
Other,OTHER,NBRO/LRRMD-GLE/GLE/GALLFG/LI/21/0433,GLE210435,Galle,Galle Four Gravets,,Ettiligoda South,130,"අංක 84, සාධුජන පාර, මිලිද්දුව, ගාල්ල",,,,,,,,,,6.05091,80.23084
Other,OTHER,NBRO/LRRMD-GLE/GLE/GALLFG/LI/21/0434,GLE210436,Galle,Galle Four Gravets,,Kumbalwella North,96J,"නො 6, දුමිරියපොළ පාර, රිච්මන්ඩ් කන්ද, ගාල්ල",,,,,,,,,,6.054444,80.203888
Other,OTHER,NBRO/LRRMD-GLE/GLE/GALLFG/LI/21/0435,GLE210437,Galle,Galle Four Gravets,,Dangedara East,97D,"නො 388, හිරිඹුර පාර, දංගෙදර, ගාල්ල",,,,,,,,,,6.0530487,80.218863
Other,OTHER,NBRO/LRRMD-GLE/GLE/GALLFG/LI/21/0436,GLE210438,Galle,Galle Four Gravets,,Maitipe,101,"29 A/22 H, පළමු පටුමඟ, මාඉටිපේ, මිරිස්වත්ත, ගාල්ල",,,,,,,,,,6.060315,80.2265841
Other,OTHER,NBRO/LRRMD-GLE/GLE/ELPITI/LI/21/0456,GLE210458,Galle,Elpitiya,,Wathuruvila,94C,"308, පාසල අසල, වතුරුවිල, කහදුව",,,,,,,,,,6.228112,80.229245
Other,OTHER,NBRO/LRRMD-GLE/GLE/ELPITI/LI/21/0457,GLE210459,Galle,Elpitiya,,Kellapatha,31E,"කැල්ලපත, අමුගොඩ, ඇල්පිටිය",,,,,,,,,,6.314489,80.21226475
Other,OTHER,NBRO/LRRMD-GLE/GLE/BADDEG/LI/21/0462,GLE210464,Galle,Baddegama,,Baddegama North,184,"අංක 166, බඹරවානවත්ත",,,,,,,,,,6.158002,80.173302
Other,OTHER,NBRO/LRRMD-GLE/GLE/BADDEG/LI/21/0466,GLE210468,Galle,Baddegama,,Baddegama Town,184B,"ක්‍රිස්තුදේව බාලිකා විද්‍යාලය, බද්දේගම",,,,,,,,,,6.176012,80.179966
Other,OTHER,NBRO/LRRMD-GLE/GLE/BADDEG/LI/21/0478,GLE210480,Galle,Baddegama,,Horagampita,205,"දීපගොඩ, ගිනිමැල්ලගහ",,,,,,,,,,6.098863,80.1820477
Other,OTHER,NBRO/LRRMD-GLE/GLE/BADDEG/LI/21/0483,GLE210485,Galle,Baddegama,,Yahaladoowa,186B,"සුරියකන්ද, යහලදුව, බද්දේගම",,,,,,,,,,6.1708673,80.1902542
Other,OTHER,NBRO/LRRMD-GLE/GLE/BADDEG/LI/21/0485,GLE210487,Galle,Baddegama,,Halpathota Central,199A,"අංක 20, නවබෙරිල්ලවත්ත, හල්පාතොට මධ්‍යම, බද්දේගම",,,,,,,,,,6.164654,80.1618304
Other,OTHER,NBRO/LRRMD-GLE/GLE/BADDEG/LI/21/0491,GLE210493,Galle,Baddegama,,Kotagoda,184C,"පරණවත්ත, කොටගොඩ, බද්දේගම",,,,,,,,,,6.184776,80.1952249
Other,OTHER,NBRO/LRRMD-GLE/GLE/HIKKAD/LI/21/0495,GLE210497,Galle,Hikkaduwa,,Hikkaduwa Nagarikaya,59A,"නො 2, කුරුඳුවත්ත, හික්කඩුව",,,,,,,,,,6.141296,80.101666
Other,OTHER,NBRO/LRRMD-GLE/GLE/HIKKAD/LI/21/0498,GLE210499,Galle,Hikkaduwa,,Nalagasdeniya,59C,"එගොඩගොඩ, හික්කඩුව",,,,,,,,,,6.143723,80.108383
Other,OTHER,NBRO/LRRMD-GLE/GLE/HIKKAD/LI/21/0500,GLE210501,Galle,Hikkaduwa,,Gammaduwatta,53A,"ආදිගෙවත්ත, පටුවත, දොඩන්දුව",,,,,,,,,,6.113593,80.124982
Other,OTHER,NBRO/LRRMD-GLE/GLE/WELIVI/LI/21/0516,GLE210516,Galle,Welivitiya-Divithura,,Waduwelivitiya,196A,"දරඅකුල් කන්ද, වැලිවිටිය දිවිතුර",,,,,,,,,,6.18611,80.23977
Other,OTHER,NBRO/LRRMD-GLE/GLE/WELIVI/LI/21/0523,GLE210523,Galle,Welivitiya-Divithura,,Waduwelivitiya,196A,"බැම්මමේකඩේ, වාඩුවැලිවිටිය දකුණ, උනන්විටිය",,,,,,,,,,6.1816507,80.238213
Other,OTHER,NBRO/LRRMD-GLE/GLE/BALAPI/LI/22/0004,GLE220006,Galle,Balapitiya,,Nanathota Palatha,16D,"කිරිමැටි හක්ක, පස්මන්හන්දිය, කොස්ගොඩ",,,,,,,,,,6.343586,80.0481346
Other,OTHER,NBRO/LRRMD-GLE/GLE/NAGODA/LI/22/0009,GLE220011,Galle,Nagoda,,Nagoda,216,"විවිධ සේවා සමුපාකාරය, යටලමත්ත, නාගොඩ",,,,,,,,,,6.198441,80.274642
Other,OTHER,NBRO/LRRMD-GLE/GLE/NAGODA/LI/22/0010,GLE220012,Galle,Nagoda,,Parana Thanayamgoda Pahala,213A,"ගොඩැල්ලවත්ත, පරණ තානායම්ගොඩවත්ත",,,,,,,,,,6.219016,80.286815
Other,OTHER,NBRO/LRRMD-GLE/GLE/RATHGA/LI/22/0014,GLE220018,Galle,Rathgama,,Palliyapitiya,46C,"රත්ගම ග්‍රාමෝදය සෞඛ්‍ය මධ්‍යස්ථානය, සෞඛ්‍ය වෛද්‍ය නිලධාරි කාර්යාලය, රත්ගම",,,,,,,,,,6.09024,80.147683
Other,OTHER,NBRO/LRRMD-GLE/GLE/GONAPI/LI/22/0015,GLE220019,Galle,Gonapinuwala,,Hikkaduwa East,59A,"260/1, ලේක් පාසල පාර, පතන, හික්කඩුව",,,,,,,,,,6.139585,80.120472
Other,OTHER,NBRO/LRRMD-GLE/GLE/GONAPI/LI/22/0016,GLE220020,Galle,Gonapinuwala,,Karuwalabedda,73C,කරුවලබැද්ද නිල සෙවන,,,,,,,,,,6.195591,80.12298
Other,OTHER,NBRO/LRRMD-GLE/GLE/HIKKAD/LI/22/0023,GLE220027,Galle,Hikkaduwa,,Wavulagoda East,58A,"විජේසිරි නිවස, වවුලගොඩ, හික්කඩුව",,,,,,,,,,6.13503367,80.10657373
Other,OTHER,NBRO/LRRMD-GLE/GLE/BADDEG/LI/22/0042,GLE220078,Galle,Baddegama,,Ganegama East,220A,"අක්කර 15, ගනේගම නැගෙනහිර, බද්දේගම",,,,,,,,,,6.13883,80.19057
Other,OTHER,NBRO/LRRMD-GLE/GLE/GALLFG/LI/22/0050,GLE220107,Galle,Galle Four Gravets,,Milidduwa,101B,"81/25/P/34, මොරගොඩ, මිලිද්දුව",,,,,,,,,,6.0489368,80.2233304
Other,OTHER,NBRO/LRRMD-GLE/GLE/GALLFG/LI/22/0052,GLE220109,Galle,Galle Four Gravets,,Kumbalwella South,96,"35A, ගල්කැටිය පාර, ගාල්ල",,,,,,,,,,6.049066,80.204967
Other,OTHER,NBRO/LRRMD-GLE/GLE/GALLFG/LI/22/0053,GLE220110,Galle,Galle Four Gravets,,Ginthota East,103A,"34/8, පියරත්න මාවත, බෝපෙ පාර, ගිංතොට",,,,,,,,,,6.049067,80.204966
Other,OTHER,NBRO/LRRMD-GLE/GLE/GALLFG/LI/22/0055,GLE220114,Galle,Galle Four Gravets,,Milidduwa,101B,"125/44, එච්.කේ. එඩ්මන්ඩ් මාවත, මිලිද්දූව",,,,,,,,,,6.0495112,80.2244909
Other,OTHER,NBRO/LRRMD-GLE/GLE/GALLFG/LI/22/0057,GLE220116,Galle,Galle Four Gravets,,Milidduwa,101B,"81/26, එච්.කේ. එඩ්මන්ඩ් මාවත, මොරගොඩ",,,,,,,,,,6.049073,80.223342
Other,OTHER,NBRO/LRRMD-GLE/GLE/GALLFG/LI/22/0071,GLE220133,Galle,Galle Four Gravets,,Dangedara West,98D,"44/10, 1 වන පටුමඟ, දංගෙදර, ගාල්ල",,,,,,,,,,6.04899,80.21786812
Other,OTHER,NBRO/LRRMD-GLE/GLE/GALLFG/LI/22/0073,GLE220135,Galle,Galle Four Gravets,,Bataganvila,98B,"අංක 27, අලපලාව, එලියට් පාර, ගාල්ල",,,,,,,,,,6.049247,80.213745
Other,OTHER,NBRO/LRRMD-GLE/GLE/ELPITI/LI/22/0075,GLE220140,Galle,Elpitiya,,Ambana North,94L,"කළුගල, අම්බන උතුර, කහදුව",,,,,,,,,,6.232092,80.198031
Other,OTHER,NBRO/LRRMD-GLE/GLE/NIYAGA/LI/22/0095,GLE220174,Galle,Niyagama,,Pitigala North,30B,"වෙලේ කඩේ, උතුරු පිටිගල",,,,,,,,,,6.368413,80.22088
Other,OTHER,NBRO/LRRMD-GLE/GLE/NIYAGA/LI/22/0099,GLE220178,Galle,Niyagama,,Naranovita,31B,"සුමනසිරි මාවත, නාරංඹ්විට, පොරවගම",,,,,,,,,,6.294056,80.22339
Other,OTHER,NBRO/LRRMD-GLE/GLE/IMADUW/LI/22/0269,GLE220322,Galle,Imaduwa,,Angulugaha,154,"හොරහේනකන්ද, අඟුළුගහ, ඉමදූව.",,,,,,,,,,6.0366694,80.323618
Other,OTHER,NBRO/LRRMD-GLE/GLE/WANDUR/LI/22/0275,GLE220395,Galle,Wanduramba,,Meda Keembiya East,200A,"හිරිගල්කැටිය, මැදකීඹිය, ගාල්ල.",,,,,,,,,,6.109787,80.2527015
Other,OTHER,NBRO/LRRMD-GLE/GLE/NIYAGA/LI/22/0283,GLE220419,Galle,Niyagama,,Usbim Colony,34A/2,"නො. 200, උස්බිම් ජනපදය, බඹරවාන, මත්තක.",,,,,,,,,,6.3061549,80.297571
Other,OTHER,NBRO/LRRMD-GLE/GLE/RATHGA/LI/22/0285,GLE220421,Galle,Rathgama,,Palliyapitiya,46C,"පාලමගොඩ, රත්ගම.",,,,,,,,,,6.0962632,80.1436514
Other,OTHER,NBRO/LRRMD-GLE/GLE/NAGODA/LI/22/0288,GLE220507,Galle,Nagoda,,Ketagoda South,214B,"පැල්පිටවත්ත, අලුත් ඉහළ, මාපලගම (මධ්‍යම)",,,,,,,,,,6.23043,80.32092
Other,OTHER,NBRO/LRRMD-GLE/GLE/BALAPI/LI/22/0315,GLE220611,Galle,Balapitiya,,Wathugedara,87C,"නො. 13/6, ඉහල වත්ත, වතුගෙදර",,,,,,,,,,6.26152385,80.058449
Other,OTHER,NBRO/LRRMD-GLE/GLE/GALLFG/LI/22/0320,GLE220625,Galle,Galle Four Gravets,,Kumbalwella South,96,"නො. 17/6, හීන්පැන්දල පාර, ගාල්ල.",,,,,,,,,,6.044088,80.205025
Other,OTHER,NBRO/LRRMD-GLE/GLE/HIKKAD/LI/22/0327,GLE220710,Galle,Hikkaduwa,,Narigama,56,"කන්නන්ගරවත්ත, නාරිගම, හික්කඩුව.",,,,,,,,,,6.1283456,80.1137802
Other,OTHER,NBRO/LRRMD-GLE/GLE/BENTHO/LI/22/0362,GLE221040,Galle,Benthota,,Miriswatta,14A,මහකරුන්ද හා සුරම්‍යගම,,,,,,,,,,6.379189,80.062958
Other,OTHER,NBRO/LRRMD-GLE/GLE/HIKKAD/LI/22/0365,GLE221043,Galle,Hikkaduwa,,Millagoda,57B,"නො. 109/10, ඇක්මන් හපුගොඩ මාවත, ආරච්චිකන්ද, හික්කඩුව",,,,,,,,,,6.1353885,80.1122376
Other,OTHER,NBRO/LRRMD-GLE/GLE/NAGODA/LI/22/0370,GLE221048,Galle,Nagoda,,Mapalagama,215A,"තල්ගස්වත්ත,  නාගොඩ",,,,,,,,,,6.23398,80.27987
Other,OTHER,NBRO/LRRMD-GLE/GLE/GALLFG/LI/22/0382,GLE221061,Galle,Galle Four Gravets,,Ginthota West,103,"නො. 45/10ඒ, තරුණ සේවා මාවත, ගිංතොට",,,,,,,,,,6.05951594,80.1819816
Other,OTHER,NBRO/LRRMD-GLE/GLE/THAWAL/LI/23/0335,GLE230015,Galle,Thawalama,,Ela Ihala,230B,"ඇල ඉහල, හබරකඩ, තවලම",,,,,,,,,,6.39204695,80.29691999
Other,OTHER,NBRO/LRRMD-GLE/GLE/THAWAL/LI/23/0340,GLE230020,Galle,Thawalama,,Kudugalpala,230D,"නො.28/1, කුඩුගල්පොල, බටහිර තවලම",,,,,,,,,,6.3355492,80.3160817
Other,OTHER,NBRO/LRRMD-GLE/GLE/GALLFG/LI/23/0358,GLE230054,Galle,Galle Four Gravets,,Sanghamittapura,98C,"වක්වැල්ල පාර, ගාල්ල",,,,,,,,,,6.04669172,80.21372029
Other,OTHER,NBRO/LRRMD-GLE/GLE/GALLFG/LI/23/0005,GLE230152,Galle,Galle Four Gravets,,Dewata,100A,"අංක 15/8K, සියඹලාගහ වත්ත, දෙවට",,,,,,,,,,6.0315009,80.2448587
Other,OTHER,NBRO/LRRMD-GLE/GLE/HIKKAD/LI/23/0011,GLE230163,Galle,Hikkaduwa,,Hikkaduwa West,59,"අංක 172/1 C, කලවිටිගොඩ, හික්කඩුව",,,,,,,,,,6.1412158,80.10225515
Other,OTHER,NBRO/LRRMD-GLE/GLE/GALLFG/LI/23/0023,GLE230312,Galle,Galle Four Gravets,,Sanghamittapura,98C,"සංඝමිත්තා බාලිකා විද්‍යාලය, ගාල්ල",,,,,,,,,,6.04669172,80.21372029
Other,OTHER,NBRO/LRRMD-GLE/GLE/GALLFG/LI/23/0028,GLE230335,Galle,Galle Four Gravets,,Dangedara West,98D,"නො. 19/5, ක්‍රීඩාපිටිය පටුමග, මැද්දවත්ත, ගාල්ල",,,,,,,,,,6.051165,80.2174085
Other,OTHER,NBRO/LRRMD-GLE/GLE/GALLFG/LI/23/0043,GLE230408,Galle,Galle Four Gravets,,Dangedara West,98D,"නො. 15/1, මල්වත්ත පන්සල පාර, දංගෙදර, ගාල්ල",,,,,,,,,,6.04973,80.21818
Other,OTHER,NBRO/LRRMD-GLE/GLE/YAKKLM/LI/23/0075,GLE230537,Galle,Yakkalamulla,,Nabadawa,178A,"ඉහලමුලන, නබදව, යක්කලමුල්ල",,,,,,,,,,6.11182003,80.35808942
Other,OTHER,NBRO/LRRMD-GLE/GLE/THAWAL/LI/23/0128,GLE230713,Galle,Thawalama,,Malgalla,228,"නො. 7/4, මල්ගල්ල, තලංගල්ල",,,,,,,,,,6.2999369,80.365463
Other,OTHER,NBRO/LRRMD-GLE/GLE/BOPE-P/LI/23/0217,GLE231090,Galle,Bope-Poddala,,Godakanda,126,"නො. 255ඩී, පැල්පොලවත්ත, ගොඩකන්ද",,,,,,,,,,6.070705,80.2217064
Other,OTHER,NBRO/LRRMD-GLE/GLE/BADDEG/LI/23/0242,GLE231135,Galle,Baddegama,,Baddegama North,184,ගා/ ක්‍රිස්තුදේව බාලිකා විද්‍යාලය ඉදිරිපිට අගලිය දෙසට යන මාර්ගය,,,,,,,,,,6.176098,80.1796528
Other,OTHER,NBRO/LRRMD-GLE/GLE/AKMEEM/LI/23/0246,GLE231173,Galle,Akmeemana,,Ihalagoda East,109A,"ඩ්‍රිම් සිටි, කුරුදුවත්ත, ගාල්ල",,,,,,,,,,6.0793642,80.2751038
Other,OTHER,NBRO/LRRMD-GLE/GLE/YAKKLM/LI/23/0254,GLE231182,Galle,Yakkalamulla,,Nabadawa,178A,"ඉහලමුලන, නබදව, යක්කලමුල්ල",,,,,,,,,,6.1117612,80.3581977
Other,OTHER,NBRO/LRRMD-GLE/GLE/NAGODA/LI/23/0317,GLE231272,Galle,Nagoda,,Keppitiyagoda North,212A,"ප්‍රාදේශීය ලේකම් කාර්යාලය, නාගොඩ, ගාල්ල",,,,,,,,,,6.1960737,80.275747
Other,OTHER,NBRO/LRRMD-GLE/GLE/NELUWA/LI/23/0403,GLE231463,Galle,Neluwa,,Dewalegama West,235C,"දෙල්ලව, මොරවක",,,,,,,,,,6.321075,80.423892
Other,OTHER,NBRO/LRRMD-GLE/GLE/HABARA/LI/24/0016,GLE240091,Galle,Habaraduwa,,Halloluwagoda,143A,"දිවෙල්වත්ත, හීනටිගල, තල්පෙ",,,,,,,,,,6.01567,80.275401
Other,OTHER,NBRO/LRRMD-GLE/GLE/NAGODA/LI/24/0205,GLE241236,Galle,Nagoda,,Udugama West,218,"ගමගොඩ, උඩුගම",,,,,,,,,,6.212851,80.330686
Other,OTHER,NBRO/LRRMD-GLE/GLE/HIKKAD/LI/24/0299,GLE241827,Galle,Hikkaduwa,,Millagoda,57B,"මිල්ල, හික්කඩුව",,,,,,,,,,6.134703,80.108988
Other,OTHER,NBRO/LRRMD-GLE/GLE/BOPE-P/LI/25/0043,GLE250349,Galle,Bope-Poddala,,Hapugala,123,"අංක 123, ජන උදාන ගම්මානය, මවුන්ට් ප්ලසන්ට් වත්ත,  හපුගල",,,,,,,,,,6.089167,80.201822
Other,OTHER,NBRO/LRRMD-GLE/GLE/HABARA/LI/25/0047,GLE250427,Galle,Habaraduwa,,Thalpe South,132,"ගා/ ධම්මරතන විද්‍යාලය, මිහිරිපැන්න",,,,,,,,,,6.0037528,80.2663862
Other,OTHER,NBRO/LRRMD-GLE/GLE/NAGODA/LI/25/0071,GLE250725,Galle,Nagoda,,Budapanagama,211A,"ලෙහුවල කන්ද, බුදපනාගම",,,,,,,,,,6.167206,80.25683
Other,OTHER,NBRO/LRRMD-GLE/GLE/NIYAGA/LI/25/0149,GLE251364,Galle,Niyagama,,Niyagama,38,"69 කොටස, නියාගම, තල්ගස්වල",,,,,,,,,,6.233565,80.274445
Other,OTHER,NBRO/LRRMD-MTR/HAB/TANGAL/LI/13/0001,HAB130001,Hambantota,Tangalle,,Pahajjawa,284,"කරමැටිය, නාකුළුගමුව",,,,,,,,,,5.995883,80.729167
Other,OTHER,NBRO/LRRMD-MTR/HAB/KATUWN/LI/14/0002,HAB140002,Hambantota,Katuwana,,Udagomadiya,524,"තරිඳු නිවස, ඇහැගහහේන, උඩගොමඩිය, කටුවන",,,,,,,,,,6.29205,80.671417
Other,OTHER,NBRO/LRRMD-MTR/HAB/KATUWN/LI/14/0006,HAB140010,Hambantota,Katuwana,,Kehelwatta,526,"ගඟගාව කොරටුව, උඩගොමඩිය",,,,,,,,,,6.2928,80.671833
Other,OTHER,NBRO/LRRMD-MTR/HAB/KATUWN/LI/14/0007,HAB140011,Hambantota,Katuwana,,Kehelwatta,526,"කඩේගෙදර අසල, උඩගොමඩිය",,,,,,,,,,6.287533,80.681433
Other,OTHER,NBRO/LRRMD-MTR/HAB/KATUWN/LI/14/0009,HAB140013,Hambantota,Katuwana,,Udagomadiya,524,"පහල මැදවත්ත, ගොමඩිය",,,,,,,,,,6.286483,80.677367
Other,OTHER,NBRO/LRRMD-MTR/HAB/KATUWN/LI/14/0010,HAB140014,Hambantota,Katuwana,,Kehelwatta,526,"''පේෂාල නිවස'', උඩගොමඩිය",,,,,,,,,,6.287483,80.681417
Other,OTHER,NBRO/LRRMD-MTR/HAB/KATUWN/LI/14/0012,HAB140016,Hambantota,Katuwana,,Udagomadiya,524,"මුතුගෙවත්ත, උඩඅළුපොත්දෙණිය, ගඟුලන්දෙණිය",,,,,,,,,,6.298983,80.7108
Other,OTHER,NBRO/LRRMD-MTR/HAB/KATUWN/LI/14/0013,HAB140017,Hambantota,Katuwana,,Alupothdeniya Pahala,522,"ගල්ගම්ගොඩ, පහල අළුපොත්දෙණිය, ගගුලන්දෙනිය",,,,,,,,,,6.30075,80.6951
Other,OTHER,NBRO/LRRMD-MTR/HAB/KATUWN/LI/14/0017,HAB140021,Hambantota,Katuwana,,Medakanda,525,උඩගොමඩිය මහා විද්‍යාලය,,,,,,,,,,6.29575,80.669583
Other,OTHER,NBRO/LRRMD-MTR/HAB/KATUWN/LI/14/0019,HAB140023,Hambantota,Katuwana,,Medakanda,525,"රංග නිවාස, මැදකන්ද උඩ, ගොමඩිය",,,,,,,,,,6.295467,80.672467
Other,OTHER,NBRO/LRRMD-MTR/HAB/KATUWN/LI/14/0022,HAB140026,Hambantota,Katuwana,,Medakanda,525,"මාරගහවත්ත, මැදකන්ද, උඩගොමඩිය",,,,,,,,,,6.297333,80.676233
Other,OTHER,NBRO/LRRMD-MTR/HAB/KATUWN/LI/15/0014,HAB150015,Hambantota,Katuwana,,Udagomadiya,524,"නො 59/23/2, ඇහැලගහහේන, උඩගොමඩිය, කටුවන",,,,,,,,,,6.290017,80.67275
Other,OTHER,NBRO/LRRMD-MTR/HAB/KATUWN/LI/15/0015,HAB150016,Hambantota,Katuwana,,Bengamukanda,528,"''ෂෙහාන් නිවස'', ගල්ඇන්දගහ කොරටුව, බෙංගමුව",,,,,,,,,,6.278233,80.667283
Other,OTHER,NBRO/LRRMD-MTR/HAB/WALASM/LI/15/0020,HAB150021,Hambantota,Walasmulla,,Dehigahahena,564,"246/ඒ, රොටුඔ ගෙදර, දෙහිගහහේන, හදුගල",,,,,,,,,,6.296,80.682817
Other,OTHER,NBRO/LRRMD-MTR/HAB/WALASM/LI/15/0021,HAB150022,Hambantota,Walasmulla,,Saputhanthirikanda,561,"26/2, තලපලකන්ද,රම්මල, වරාපිටිය",,,,,,,,,,6.217333,80.633717
Other,OTHER,NBRO/LRRMD-MTR/HAB/KATUWN/LI/15/0031,HAB150032,Hambantota,Katuwana,,Katuwana,535,"13/ඒ,1, වැලිපිටිය ගෙදර, අමුදමන, කටුවන",,,,,,,,,,6.263217,80.7242
Other,OTHER,NBRO/LRRMD-MTR/HAB/BELIAT/LI/15/0034,HAB150038,Hambantota,Beliatta,,Miriswatta,369,"මඟයාය, තැන්නඋඩහේන, මිරිස්වත්ත, බෙලිඅත්ත",,,,,,,,,,6.016283,80.710533
Other,OTHER,NBRO/LRRMD-MTR/HAB/OKEWEL/LI/17/0007,HAB170008,Hambantota,Okewela,,Heenatihathamuna,492,"පහල ගෙදර කැදල, මොදරවාන",,,,,,,,,,6.10054,80.70673
Other,OTHER,NBRO/LRRMD-MTR/HAB/BELIAT/LI/17/0027,HAB170073,Hambantota,Beliatta,,Beligalla North,314,"සී/ස බෙලිඅත්ත විවිධ සේවා සමූපකාර සමිතිය ,  බෙලිඅත්ත",,,,,,,,,,6.09251,80.74447
Other,OTHER,NBRO/LRRMD-MTR/HAB/KATUWN/LI/17/0039,HAB170087,Hambantota,Katuwana,,Katuwana,535,"ඇහැලගහහේන, උඩගොමඩිය",,,,,,,,,,6.27136,80.68271
Other,OTHER,NBRO/LRRMD-MTR/HAB/KATUWN/LI/17/0040,HAB170088,Hambantota,Katuwana,,Udagomadiya,524,"උඩගොමඩිය, ඇහැලගහහේන",,,,,,,,,,6.290483,80.672167
Other,OTHER,NBRO/LRRMD-MTR/HAB/OKEWEL/LI/18/0005,HAB180005,Hambantota,Okewela,,Okewela,487,"පාලම ළඟ කඩේ, කොටඹ, මොදරවාන",,,,,,,,,,6.10544,80.71457
Other,OTHER,NBRO/LRRMD-MTR/HAB/OKEWEL/LI/18/0006,HAB180006,Hambantota,Okewela,,Sumihirigama,468,"අංක 45, සුමිහිරිගම, මී ඇල්ල",,,,,,,,,,6.133304,80.65728
Other,OTHER,NBRO/LRRMD-MTR/HAB/OKEWEL/LI/18/0007,HAB180007,Hambantota,Okewela,,Heenatihathamuna,492,"පාලම ළග කඩේ, කොටඹේ, ඕකෙවෙල",,,,,,,,,,6.10474,80.71456
Other,OTHER,NBRO/LRRMD-MTR/HAB/OKEWEL/LI/18/0009,HAB180009,Hambantota,Okewela,,Kanumuldeniya South,475,"ගෝණදෙනිහේන, දකුණු කණුමුල්දෙණිය, වලස්මුල්ල",,,,,,,,,,6.13291,80.68315
Other,OTHER,NBRO/LRRMD-MTR/HAB/WALASM/LI/18/0012,HAB180012,Hambantota,Walasmulla,,Welandagoda,551,"හංසි නිවස, කඩපල, කිරම",,,,,,,,,,6.20651,80.66709
Other,OTHER,NBRO/LRRMD-MTR/HAB/WALASM/LI/18/0013,HAB180013,Hambantota,Walasmulla,,Saputhanthirikanda,561,"සාරංගා, සපුතන්ත්‍රිකන්ද, රම්මල, වරාපිටිය",,,,,,,,,,6.23143,80.63428
Other,OTHER,NBRO/LRRMD-MTR/HAB/WALASM/LI/18/0024,HAB180024,Hambantota,Walasmulla,,Mapitakanda,552,"වරාපිටිය පාර, බටගස්ස, කිරම",,,,,,,,,,6.2103,80.66033
Other,OTHER,NBRO/LRRMD-MTR/HAB/WALASM/LI/18/0026,HAB180026,Hambantota,Walasmulla,,Mapitakanda,552,"ඇල ඉවුර, මාපිටකන්ද, කිරම",,,,,,,,,,6.21091,80.6588
Other,OTHER,NBRO/LRRMD-MTR/HAB/WALASM/LI/18/0030,HAB180030,Hambantota,Walasmulla,,Koholana,456,"කොහොලාන , නයිවලවත්ත",,,,,,,,,,6.15517,80.70997
Other,OTHER,NBRO/LRRMD-MTR/HAB/KATUWN/LI/18/0037,HAB180037,Hambantota,Katuwana,,Bengamukanda,528,"කටුරුක්ගහකොරටුව, බෙංගමුකන්ද, කටුවන",,,,,,,,,,6.28074,80.66829
Other,OTHER,NBRO/LRRMD-MTR/HAB/AMBALT/LI/18/0050,HAB180050,Hambantota,Ambalantota,,Bataatha South,158,"නො. 95/4/1 , ලිදේ යාය, බටඅත - දකුණ, හුංගම",,,,,,,,,,6.09227,80.92291
Other,OTHER,NBRO/LRRMD-MTR/HAB/HAMBAN/LI/18/0051,HAB180051,Hambantota,Hambantota,,Walawa,125,"අංක 385/3 , මැදගම පාර , වලව, අම්බලන්තොට",,,,,,,,,,6.119736,81.04316
Other,OTHER,NBRO/LRRMD-MTR/HAB/WALASM/LI/19/0020,HAB190024,Hambantota,Walasmulla,,Batagassa,553,"තණබිම, කිරම, බටගස්ස",,,,,,,,,,6.20066,80.65913
Other,OTHER,NBRO/LRRMD-MTR/HAB/WALASM/LI/19/0023,HAB190027,Hambantota,Walasmulla,,Batagassa,553,"ඇල ඉවුර, බටගස්ස, කිරම",,,,,,,,,,6.21179,80.65614
Other,OTHER,NBRO/LRRMD-MTR/HAB/WALASM/LI/19/0027,HAB190031,Hambantota,Walasmulla,,Mathuwakanda,567,"පෙට්ටිගෙඩිගහගාව, මතුවකන්ද, වීදිපොල, වරාපිටිය",,,,,,,,,,6.19573,80.61318
Other,OTHER,NBRO/LRRMD-MTR/HAB/WALASM/LI/19/0031,HAB190035,Hambantota,Walasmulla,,Batagassa,553,"ඇලඉවුර, බටගස්ස, කිරම",,,,,,,,,,6.21122,80.65689
Other,OTHER,NBRO/LRRMD-MTR/HAB/KATUWN/LI/19/0045,HAB190049,Hambantota,Katuwana,,Udagomadiya,524,"දෙනියෙගෙදර, කලවටුවාගොඩ, උඩගොමඩිය",,,,,,,,,,6.27999,80.6752
Other,OTHER,NBRO/LRRMD-MTR/HAB/KATUWN/LI/19/0052,HAB190056,Hambantota,Katuwana,,Alupothdeniya Pahala,522,"දංගහවත්ත, පහල අළුපොත්දෙණිය, කටුවන",,,,,,,,,,6.30064,80.69646
Other,OTHER,NBRO/LRRMD-MTR/HAB/BELIAT/LI/19/0056,HAB190060,Hambantota,Beliatta,,Galwewa,349,"ලන්දෙවෙල, ගල්වැව, බෙලිඅත්ත",,,,,,,,,,6.052598,80.730118
Other,OTHER,NBRO/LRRMD-MTR/HAB/BELIAT/LI/19/0062,HAB190066,Hambantota,Beliatta,,Kambussawala East,346,"නො; 285 , ගැටමාන්න පාර, බෙලි අත්ත",,,,,,,,,,6.04599,80.72773
Other,OTHER,NBRO/LRRMD-MTR/HAB/WEERAK/LI/20/0004,HAB200006,Hambantota,Weeraketiya,,Weeraketiya East,387,"රාජපක්ෂ මහා විද්‍යාලය, ඉදිරිපිට, තංගල්ල පාර, වීරකැටිය",,,,,,,,,,6.13452,80.76997
Other,OTHER,NBRO/LRRMD-MTR/HAB/WALASM/LI/20/0012,HAB200014,Hambantota,Walasmulla,,Welandagoda,551,"රෝහල ඉදිරිපිට , කිරම",,,,,,,,,,6.20587,80.66844
Other,OTHER,NBRO/LRRMD-MTR/HAB/WALASM/LI/20/0013,HAB200015,Hambantota,Walasmulla,,Welandagoda,551,"ක්‍ර්‍රීඩා සමාජය අසල, කිරම",,,,,,,,,,6.20584,80.66844
Other,OTHER,NBRO/LRRMD-MTR/HAB/KATUWN/LI/20/0037,HAB200039,Hambantota,Katuwana,,Wathukanda,544,"මුලංගොඩැල්ල, වතුකන්ද, කටුවන",,,,,,,,,,6.25736,80.65108
Other,OTHER,NBRO/LRRMD-MTR/HAB/TANGAL/LI/20/0044,HAB200046,Hambantota,Tangalle,,Nakulugamuwa South,285,"මහගෙදරවත්ත, වැල්ලවත්ත, නාකුළුගමුව",,,,,,,,,,5.983315,80.722698
Other,OTHER,NBRO/LRRMD-MTR/HAB/KATUWN/LI/20/0083,HAB200091,Hambantota,Katuwana,,Karivilakanda,527,කරිවිලකන්ද,,,,,,,,,,6.29995,80.65878
Other,OTHER,NBRO/LRRMD-MTR/HAB/WALASM/LI/21/0005,HAB210005,Hambantota,Walasmulla,,Keredeniya,560,"තුරුසෙවණ  ගෙස්ට්, රම්මල, වරාපිටිය",,,,,,,,,,6.231,80.64198
Other,OTHER,NBRO/LRRMD-MTR/HAB/OKEWEL/LI/21/0039,HAB210044,Hambantota,Okewela,,Modarawana South,486,"අංක 90/B , නෙටොල්ගහවත්ත, වතුමුල්ල, මොදරවාන",,,,,,,,,,6.119135,80.72392
Other,OTHER,NBRO/LRRMD-MTR/HAB/THISSA/LI/21/0074,HAB210079,Hambantota,Thissamaharama,,Rana Keliya,13,"හ/ ශ්‍රී දේවානන්ද මහා විද්‍යාලය , තිස්සමහාරාමය",,,,,,,,,,6.2581,81.31027
Other,OTHER,NBRO/LRRMD-MTR/HAB/HAMBAN/LI/21/0075,HAB210080,Hambantota,Hambantota,,Bellagaswewa,120,"719,බැල්ලගස්වැව, බැරගම, අම්බලන්තොට",,,,,,,,,,6.17138,81.06276
Other,OTHER,NBRO/LRRMD-MTR/HAB/TANGAL/LI/22/0014,HAB220003,Hambantota,Tangalle,,Pattiyapola South,262,"නො:185, පට්ටියපොල-දකුණ, නෙටොල්පිටිය",,,,,,,,,,6.08096,80.83209
Other,OTHER,NBRO/LRRMD-MTR/HAB/TANGAL/LI/22/0010,HAB220022,Hambantota,Tangalle,,Kahandamodara,239,"නො (2)/67(82), ලැටනිස් මාවත, කහඳමෝදර, රන්න",,,,,,,,,,6.06952,80.9037
Other,OTHER,NBRO/LRRMD-MTR/HAB/WALASM/LI/22/0024,HAB220029,Hambantota,Walasmulla,,Dehigahahena,564,"සිරිසෙවන, දෙහිගහහේන, හඳුගල, මාතර",,,,,,,,,,6.20598,80.6224
Other,OTHER,NBRO/LRRMD-MTR/HAB/WALASM/LI/22/0029,HAB220035,Hambantota,Walasmulla,,Dehigahahena,564,"රොටුඹ ගෙදර, දෙහිගහහේන, හදුගල, මාතර",,,,,,,,,,6.20841,80.62191
Other,OTHER,NBRO/LRRMD-MTR/HAB/AMBALT/LI/23/0065,HAB230069,Hambantota,Ambalantota,,Bolana North,139,"නො.168/1,බෝලාන, රුහුණු රිදියගම, අම්බලන්තොට",,,,,,,,,,6.160917,81.005773
Other,OTHER,NBRO/LRRMD-MTR/HAB/BELIAT/LI/23/0067,HAB230071,Hambantota,Beliatta,,Getamanna South,336,"චමින්ද සමරවීර, වැලිකෑල්ල කඩේ, ගැටමාන්න, දකුණ",,,,,,,,,,6.04136,80.68687
Other,OTHER,NBRO/LRRMD-MTR/HAB/TANGAL/LI/23/0077,HAB230081,Hambantota,Tangalle,,Thalunna,248,"අත්කම් නිවාස, 208/7්A, පුල්ගහකොරටුව, තලුන්න",,,,,,,,,,6.10872,80.83367
Other,OTHER,NBRO/LRRMD-MTR/HAB/TANGAL/LI/23/0103,HAB230109,Hambantota,Tangalle,,Mawella South,293,"ජේ.ඒ.ගාමිණි, 13/1, කන්දගොඩ, මාවැල්ල",,,,,,,,,,5.98881,80.73804
Other,OTHER,NBRO/LRRMD-MTR/HAB/LUNUGA/LI/23/0113,HAB230119,Hambantota,Lunugamvehera,,Agbopura,70,"නො. 561, අග්බෝපුර, නව නගරය, වීරවිල",,,,,,,,,,6.25624,81.19335
Other,OTHER,NBRO/LRRMD-MTR/HAB/AMBALT/LI/23/0116,HAB230122,Hambantota,Ambalantota,,Bolana North,139,"නො: 206/1, බෝලාන",,,,,,,,,,6.161023,81.005714
Other,OTHER,NBRO/LRRMD-MTR/HAB/AMBALT/LI/23/0117,HAB230123,Hambantota,Ambalantota,,Bolana North,139,"නො:47/1, බෝලාන",,,,,,,,,,6.161115,81.005618
Other,OTHER,NBRO/LRRMD-MTR/HAB/AMBALT/LI/23/0118,HAB230124,Hambantota,Ambalantota,,Bolana North,139,"නො: 47, බෝලාන",,,,,,,,,,6.161261,81.005475
Other,OTHER,NBRO/LRRMD-MTR/HAB/AMBALT/LI/24/0033,HAB240040,Hambantota,Ambalantota,,Ambalanthota North,144,"නො ; 01 , ප්‍රමෝද් සෙවන, ලෝරන්ස් වත්ත, රිදියගම පාර, අම්බලන්තොට",,,,,,,,,,6.129339,81.021025
Other,OTHER,NBRO/LRRMD-MTR/HAB/THISSA/LI/24/0034,HAB240041,Hambantota,Thissamaharama,,Kawanthissapura,42,"කාවන්තිස්සපුර, තිස්සමහාරාමය",,,,,,,,,,6.36593,81.31848
Other,OTHER,NBRO/LRRMD-MTR/HAB/THISSA/LI/24/0035,HAB240042,Hambantota,Thissamaharama,,Kawanthissapura,42,"49/ඒ, කාවන්තිස්සපුර, තිස්සමහාරාමය",,,,,,,,,,6.37203,81.31623
Other,OTHER,NBRO/LRRMD-MTR/HAB/OKEWEL/LI/24/0040,HAB240047,Hambantota,Okewela,,Kanumuldeniya North,469,"අංක 179/A, පිටදෙණිය, පල්ලේ කන්ද, වලස්මුල්ල",,,,,,,,,,6.14996,80.66478
Other,OTHER,NBRO/LRRMD-MTR/HAB/OKEWEL/LI/24/0041,HAB240048,Hambantota,Okewela,,Sumihirigama,468,"අංක 61, සුමිහිරිගම, වී ඇල්ල",,,,,,,,,,6.13329,80.65799
Other,OTHER,NBRO/LRRMD-MTR/HAB/TANGAL/LI/24/0044,HAB240051,Hambantota,Tangalle,,Pahajjawa,284,"48/A,කරමැටිය හේන වත්ත, පහජ්ජාව, නාකුළුගමුව",,,,,,,,,,5.996538,80.729123
Other,OTHER,NBRO/LRRMD-MTR/HAB/TANGAL/LI/25/0003,HAB250003,Hambantota,Tangalle,,Kudawella East,287,"අංක 113, විමලජෝති නාහිමි මාවත, කන්දගොඩ, කුඩාවැල්ල නැගෙනහිර",,,,,,,,,,5.985606,80.736252
Other,OTHER,NBRO/LRRMD-MTR/HAB/WALASM/LI/25/0007,HAB250007,Hambantota,Walasmulla,,Dehigahahena,564,"සිරි සෙවන, දෙහිගහහේන, හදුගල, මාතර",,,,,,,,,,6.203454,80.621291
Other,OTHER,NBRO/LRRMD-MTR/HAB/WALASM/LI/25/0008,HAB250009,Hambantota,Walasmulla,,Walasmulla East,454,"නො.129, බෙලිගහවත්ත පාර, වීරකැටිය පාර, වලස්මුල්ල.",,,,,,,,,,6.155339,80.703394
Other,OTHER,NBRO/LRRMD-MTR/HAB/HAMBAN/LI/25/0017,HAB250024,Hambantota,Hambantota,,Siriyagama,82,"අංක 177, තෙලුල්ල, බුන්දල, හම්බන්තොට",,,,,,,,,,6.20625,81.2918
Other,OTHER,NBRO/LRRMD-MTR/HAB/HAMBAN/LI/25/0018,HAB250025,Hambantota,Hambantota,,Siriyagama,82,"අංක 177/1, තෙලුල්ල, බුන්දල, හම්බන්තොට",,,,,,,,,,6.20664,81.29199
Other,OTHER,NBRO/LRRMD-MTR/HAB/WALASM/LI/25/0028,HAB250040,Hambantota,Walasmulla,,Rammala,562,"""හිරුණි"", රම්මල, වරාපිටිය",,,,,,,,,,6.244342,80.646322
Other,OTHER,NBRO/LRRMD-MTR/HAB/BELIAT/LI/25/0034,HAB250046,Hambantota,Beliatta,,Getamanna West,337,"217/6, කොළ පොතේවත්ත, ගැටමාන්න බටහිර, බෙලිඅත්ත.",,,,,,,,,,6.037508,80.678193
Other,OTHER,NBRO/LRRMD-MTR/HAB/HAMBAN/LI/25/0044,HAB250058,Hambantota,Hambantota,,Siriyagama,82,"අංක 147,තෙදුල්ල, බුන්දල, හම්බන්තොට",,,,,,,,,,6.21345,81.295162
Other,OTHER,NBRO/LRRMD-MTR/HAB/WALASM/LI/25/0050,HAB250065,Hambantota,Walasmulla,,Medagamgoda,576,"මධුෂානි නිවස, දංගහදෙනිය, මැදගන්ගොඩ, වලස්මුල්ල",,,,,,,,,,6.173162,80.672348
Other,OTHER,NBRO/LRRMD-MTR/HAB/THISSA/LI/25/0055,HAB250070,Hambantota,Thissamaharama,,Debarawewa,37,"කිරිදිඔය මාවත, දෙබරවැව, තිස්සමහාරාමය",,,,,,,,,,6.287758,81.262165
Other,OTHER,NBRO/LRRMD-MTR/HAB/THISSA/LI/25/0056,HAB250071,Hambantota,Thissamaharama,,Uduvila,25,"ඉක්කපල්ලම, තිස්සමහාරාමය",,,,,,,,,,6.260292,81.264698
Other,OTHER,NBRO/LRRMD-MTR/HAB/THISSA/LI/25/0057,HAB250072,Hambantota,Thissamaharama,,Ellagala,32,"1බී, ඇනිකට්පාර, ඇල්ලගල, තිස්සමහාරාමය,",,,,,,,,,,6.335088,81.243272
Other,OTHER,NBRO/LRRMD-MTR/HAB/THISSA/LI/25/0058,HAB250073,Hambantota,Thissamaharama,,Mahindapura,33,"125/3, මහින්දපුර, පන්නගමුව, වීරවිල",,,,,,,,,,6.297388,81.255073
Other,OTHER,NBRO/LRRMD-MTR/HAB/WALASM/LI/26/0006,HAB260008,Hambantota,Walasmulla,,Saputhanthirikanda,561,"හ/සපුතන්ත්‍රීකන්ද විද්‍යාලය, වලස්මුල්ල",,,,,,,,,,6.233388,80.636401
Other,OTHER,NBRO/LRRMD-MTR/HAB/WALASM/LI/26/0011,HAB260014,Hambantota,Walasmulla,,Mathuwakanda,567,"හ/හදුගල විද්‍යාලය, මැදවාඩිය, හදුගල",,,,,,,,,,6.198123,80.622446
Other,OTHER,NBRO/LRRMD-MTR/HAB/WALASM/LI/26/0029,HAB260039,Hambantota,Walasmulla,,Batagassa,553,"අංක 124, බටගස්ස, වරාපිටිය, කිරම",,,,,,,,,,6.208642,80.659809
Other,OTHER,NBRO/LRRMD-MTR/HAB/AMBALT/LI/26/0054,HAB260081,Hambantota,Ambalantota,,Ambalanthota North,144,"නො. 318 / A , ලොරන්ස් වත්ත , රිදියගම පාර , අම්බලන්තොට",,,,,,,,,,6.129072,81.020932
Other,OTHER,NBRO/LRRMD-KLT/KAL/PALIND/LI/16/0005,KAL160006,Kalutara,Palindanuwara,,Ilukpatha,835A,Delkith watta,,,,,,,,,,6.57027938,80.20576138
Other,OTHER,NBRO/LRRMD-KLT/KAL/BULATS/LI/17/0021,KAL170024,Kalutara,Bulathsinhala,,Yatagampitiya,823,Pahiyangala Aranya Seenasanaya,,,,,,,,,,6.646489,80.216113
Other,OTHER,NBRO/LRRMD-KLT/KAL/INGIRI/LI/17/0207,KAL170212,Kalutara,Ingiriya,,Kurana South,627,Kurauda- Kaluwaladeniya,,,,,,,,,,6.7995336,80.16337
Other,OTHER,NBRO/LRRMD-KLT/KAL/DODANG/LI/17/0233,KAL170238,Kalutara,Dodangoda,,Nebada,807,"Nebada, Vellatha, Thudugala",,,,,,,,,,6.585371,80.086393
Other,OTHER,NBRO/LRRMD-KLT/KAL/MATHUG/LI/17/0239,KAL170244,Kalutara,Mathugama,,Mathugama East,805,Batamulla Kanda,,,,,,,,,,6.5186687,80.1162598
Other,OTHER,NBRO/LRRMD-KLT/KAL/MATHUG/LI/17/0240,KAL170245,Kalutara,Mathugama,,Mathugama East,805,Mathugam kanda,,,,,,,,,,6.52748414,80.1148287
Other,OTHER,NBRO/LRRMD-KLT/KAL/PALIND/LI/18/0083,KAL180081,Kalutara,Palindanuwara,,Ambegoda,836M,"Ambegoda, Athvelthota , Morapitiya",,,,,,,,,,6.547156,80.291933
Other,OTHER,NBRO/LRRMD-KLT/KAL/HORANA/LI/18/0094,KAL180092,Kalutara,Horana,,Batuvita South,611B,Chamara uyana,,,,,,,,,,6.740301,80.038622
Other,OTHER,NBRO/LRRMD-KLT/KAL/PALIND/LI/18/0107,KAL180105,Kalutara,Palindanuwara,,Maragahadeniya,835C,Mohomadi Estate,,,,,,,,,,6.537071,80.232755
Other,OTHER,NBRO/LRRMD-KLT/KAL/MATHUG/LI/18/0162,KAL180160,Kalutara,Mathugama,,Iddagoda West,806A,"Iddagoda, Worgernwatta",,,,,,,,,,6.566558,80.098568
Other,OTHER,NBRO/LRRMD-KLT/KAL/DODANG/LI/18/0221,KAL180219,Kalutara,Dodangoda,,Nebada West,807C,"Sewa piyasa, Klodern Colony section, Nebada West",,,,,,,,,,6.590038,80.085035
Other,OTHER,NBRO/LRRMD-KLT/KAL/DODANG/LI/18/0222,KAL180220,Kalutara,Dodangoda,,Puhambugoda East,799,"Sri Jinendrarama Temple, Pihambugoda, Nebada",,,,,,,,,,6.522995,80.046474043
Other,OTHER,NBRO/LRRMD-KLT/KAL/BULATS/LI/18/0256,KAL180254,Kalutara,Bulathsinhala,,Bulathsinhala,824B,"Bulathsinhala, Police",,,,,,,,,,6.648984,80.175865
Other,OTHER,NBRO/LRRMD-KLT/KAL/MATHUG/LI/19/0104,KAL190104,Kalutara,Mathugama,,Yatadolawatta West,802B,"හෝරහේන කැලේ, යටදොල,මතුගම",,,,,,,,,,6.510432,80.061088
Other,OTHER,NBRO/LRRMD-KLT/KAL/DODANG/LI/19/0170,KAL190170,Kalutara,Dodangoda,,Gamagoda East,724,"ගමගොඩ, ක්ලයිඩ් වත්ත, දොඩංගොඩ",,,,,,,,,,6.621917698,79.9995111
Other,OTHER,NBRO/LRRMD-KLT/KAL/HORANA/LI/19/0214,KAL190214,Kalutara,Horana,,Horana South,615A,Horana Thakshila M.V,,,,,,,,,,6.714273,80.072178
Other,OTHER,NBRO/LRRMD-KLT/KAL/HORANA/LI/19/0216,KAL190216,Kalutara,Horana,,Kanewala,609,"69-C, Nagaha Road, Kanewala, Pokunuwita",,,,,,,,,,6.75406479,79.996838
Other,OTHER,NBRO/LRRMD-KLT/KAL/MATHUG/LI/19/0225,KAL190225,Kalutara,Mathugama,,Mathugama South,805C,"Yatadolawatta , Mathugama",,,,,,,,,,6.512609,80.116508
Other,OTHER,NBRO/LRRMD-KLT/KAL/KALUTA/LI/19/0235,KAL190235,Kalutara,Kalutara,,Kalutara South,725,Kalutara Bodhi Board of Trustees,,,,,,,,,,6.586807,79.960557
Other,OTHER,NBRO/LRRMD-KLT/KAL/AGALAW/LI/19/0278,KAL190278,Kalutara,Agalawatta,,Beragama,829C,"Beragan Kanda Watta, Beragama, Agalawatta",,,,,,,,,,6.541589,80.148157
Other,OTHER,NBRO/LRRMD-KLT/KAL/AGALAW/LI/19/0279,KAL190279,Kalutara,Agalawatta,,Beragama,829C,"Beragankandawatta, Beragama, Agalawatta",,,,,,,,,,6.541589,80.148157
Other,OTHER,NBRO/LRRMD-KLT/KAL/MILLAN/LI/19/0287,KAL190287,Kalutara,Millaniya,,Uduwara East,638A,"Elegoda, Uduwara, Aguruwathota",,,,,,,,,,6.624317,80.07145
Other,OTHER,NBRO/LRRMD-KLT/KAL/MILLAN/LI/20/0011,KAL200011,Kalutara,Millaniya,,Labugama,653,"Labugama, Halthota",,,,,,,,,,6.6936106,80.0530597
Other,OTHER,NBRO/LRRMD-KLT/KAL/BULATS/LI/20/0075,KAL200076,Kalutara,Bulathsinhala,,Delmella,821A,"Samagipura, Delmalla, Bulathsinhala",,,,,,,,,,6.6788958,80.2131228
Other,OTHER,NBRO/LRRMD-KLT/KAL/MATHUG/LI/20/0089,KAL200090,Kalutara,Mathugama,,Wettewa,805D,Weththewa,,,,,,,,,,6.53285472,80.1219079
Other,OTHER,NBRO/LRRMD-KLT/KAL/BERUWA/LI/20/0111,KAL200111,Kalutara,Beruwala,,Pannila,752A,"පන්නිල පාර,බේරුවල",,,,,,,,,,6.476271,79.997092
Other,OTHER,NBRO/LRRMD-KLT/KAL/AGALAW/LI/20/0124,KAL200124,Kalutara,Agalawatta,,Agalawatta,829,"වෝර්ගන් වතුයාය, අගලවත්ත",,,,,,,,,,6.548803182,80.1212426
Other,OTHER,NBRO/LRRMD-KLT/KAL/MATHUG/LI/20/0133,KAL200133,Kalutara,Mathugama,,Madawala,793D,"ගල්කඩුල්ල,මඩවල,වැලිපැන්න",,,,,,,,,,6.457976,80.12361
Other,OTHER,NBRO/LRRMD-KLT/KAL/PALIND/LI/20/0171,KAL200171,Kalutara,Palindanuwara,,Kosgulana,836L,"කොස්ගුලන,පාලින්දනුවර",,,,,,,,,,6.610151638,80.27630717
Other,OTHER,NBRO/LRRMD-KLT/KAL/BULATS/LI/20/0180,KAL200180,Kalutara,Bulathsinhala,,Amaragedara North,821E,"අමර ගෙදර උතුර,බුලත්සිංහල",,,,,,,,,,6.692154,80.181929
Other,OTHER,NBRO/LRRMD-KLT/KAL/BULATS/LI/20/0198,KAL200198,Kalutara,Bulathsinhala,,Bulathsinhala West,824G,"අක්කර 100 කන්ද ප්‍රදේශය, බුලත්සිංහල",,,,,,,,,,6.643474,80.1714985
Other,OTHER,NBRO/LRRMD-KLT/KAL/DODANG/LI/20/0254,KAL200254,Kalutara,Dodangoda,,Remunagoda South,726,"රෙමුණගොඩ,දකුණු කළුතර",,,,,,,,,,6.602526,80.024829
Other,OTHER,NBRO/LRRMD-KLT/KAL/HORANA/LI/21/0202,KAL210184,Kalutara,Horana,,Midellamulahena,616E,"අක්කර 72, වවුලගලවත්ත රජයේ ඉඩම",,,,,,,,,,6.734989,80.070657
Other,OTHER,NBRO/LRRMD-KLT/KAL/HORANA/LI/21/0203,KAL210185,Kalutara,Horana,,Midellamulahena,616E,"අක්කර 72, වවුලගලවත්ත රජයේ ඉඩම",,,,,,,,,,6.734835,80.070537
Other,OTHER,NBRO/LRRMD-KLT/KAL/HORANA/LI/21/0204,KAL210186,Kalutara,Horana,,Midellamulahena,616E,"අක්කර 72, වවුලගලවත්ත රජයේ ඉඩම",,,,,,,,,,6.7348837,80.070586
Other,OTHER,NBRO/LRRMD-KLT/KAL/HORANA/LI/21/0205,KAL210187,Kalutara,Horana,,Midellamulahena,616E,"අක්කර 72, වවුලගලවත්ත රජයේ ඉඩම",,,,,,,,,,6.73537,80.070659
Other,OTHER,NBRO/LRRMD-KLT/KAL/HORANA/LI/21/0206,KAL210188,Kalutara,Horana,,Midellamulahena,616E,"අක්කර 72, වවුලගලවත්ත රජයේ ඉඩම",,,,,,,,,,6.735575,80.070545
Other,OTHER,NBRO/LRRMD-KLT/KAL/HORANA/LI/21/0207,KAL210189,Kalutara,Horana,,Midellamulahena,616E,"අක්කර 72, වවුලගලවත්ත රජයේ ඉඩම",,,,,,,,,,6.735728,80.070662
Other,OTHER,NBRO/LRRMD-KLT/KAL/HORANA/LI/21/0208,KAL210190,Kalutara,Horana,,Midellamulahena,616E,"අක්කර 72, වවුලගලවත්ත රජයේ ඉඩම",,,,,,,,,,6.737447,80.069657
Other,OTHER,NBRO/LRRMD-KLT/KAL/HORANA/LI/21/0209,KAL210191,Kalutara,Horana,,Midellamulahena,616E,"අක්කර 72, වවුලගලවත්ත රජයේ ඉඩම",,,,,,,,,,6.737422,80.069928
Other,OTHER,NBRO/LRRMD-KLT/KAL/HORANA/LI/21/0210,KAL210192,Kalutara,Horana,,Midellamulahena,616E,"අක්කර 72, වවුලගලවත්ත රජයේ ඉඩම",,,,,,,,,,6.737188,80.069388
Other,OTHER,NBRO/LRRMD-KLT/KAL/HORANA/LI/21/0212,KAL210194,Kalutara,Horana,,Midellamulahena,616E,"අක්කර 72, වවුලගලවත්ත රජයේ ඉඩම",,,,,,,,,,6.737615,80.069342
Other,OTHER,NBRO/LRRMD-KLT/KAL/HORANA/LI/21/0213,KAL210195,Kalutara,Horana,,Midellamulahena,616E,"අක්කර 72, වවුලගලවත්ත රජයේ ඉඩම",,,,,,,,,,6.737572,80.069645
Other,OTHER,NBRO/LRRMD-KLT/KAL/HORANA/LI/21/0214,KAL210196,Kalutara,Horana,,Midellamulahena,616E,"අක්කර 72, වවුලගලවත්ත රජයේ ඉඩම",,,,,,,,,,6.73776,80.089533
Other,OTHER,NBRO/LRRMD-KLT/KAL/HORANA/LI/21/0215,KAL210197,Kalutara,Horana,,Midellamulahena,616E,"අක්කර 72, වවුලගලවත්ත රජයේ ඉඩම",,,,,,,,,,6.737615,80.069342
Other,OTHER,NBRO/LRRMD-KLT/KAL/HORANA/LI/21/0216,KAL210198,Kalutara,Horana,,Midellamulahena,616E,"අක්කර 72, වවුලගලවත්ත රජයේ ඉඩම",,,,,,,,,,6.737194,80.069489
Other,OTHER,NBRO/LRRMD-KLT/KAL/HORANA/LI/21/0217,KAL210199,Kalutara,Horana,,Midellamulahena,616E,"අක්කර 72, වවුලගලවත්ත රජයේ ඉඩම",,,,,,,,,,6.738093,80.069084
Other,OTHER,NBRO/LRRMD-KLT/KAL/HORANA/LI/21/0218,KAL210200,Kalutara,Horana,,Midellamulahena,616E,"අක්කර 72, වවුලගලවත්ත රජයේ ඉඩම",,,,,,,,,,6.738093,80.069084
Other,OTHER,NBRO/LRRMD-KLT/KAL/HORANA/LI/21/0219,KAL210201,Kalutara,Horana,,Midellamulahena,616E,"අක්කර 72, වවුලගලවත්ත රජයේ ඉඩම",,,,,,,,,,6.738194,80.069424
Other,OTHER,NBRO/LRRMD-KLT/KAL/HORANA/LI/21/0220,KAL210202,Kalutara,Horana,,Midellamulahena,616E,"අක්කර 72, වවුලගලවත්ත රජයේ ඉඩම",,,,,,,,,,6.738456,80.069425
Other,OTHER,NBRO/LRRMD-KLT/KAL/HORANA/LI/21/0221,KAL210203,Kalutara,Horana,,Midellamulahena,616E,"අක්කර 72, වවුලගලවත්ත රජයේ ඉඩම",,,,,,,,,,6.738442,80.069428
Other,OTHER,NBRO/LRRMD-KLT/KAL/HORANA/LI/21/0222,KAL210204,Kalutara,Horana,,Midellamulahena,616E,"අක්කර 72, වවුලගලවත්ත රජයේ ඉඩම",,,,,,,,,,6.738308,80.069096
Other,OTHER,NBRO/LRRMD-KLT/KAL/HORANA/LI/21/0223,KAL210205,Kalutara,Horana,,Midellamulahena,616E,"අක්කර 72, වවුලගලවත්ත රජයේ ඉඩම",,,,,,,,,,6.738812,80.069183
Other,OTHER,NBRO/LRRMD-KLT/KAL/HORANA/LI/21/0224,KAL210206,Kalutara,Horana,,Midellamulahena,616E,"අක්කර 72, වවුලගලවත්ත රජයේ ඉඩම",,,,,,,,,,6.738563,80.069054
Other,OTHER,NBRO/LRRMD-KLT/KAL/HORANA/LI/21/0226,KAL210208,Kalutara,Horana,,Midellamulahena,616E,"අක්කර 72, වවුලගලවත්ත රජයේ ඉඩම",,,,,,,,,,6.736494,80.070605
Other,OTHER,NBRO/LRRMD-KLT/KAL/HORANA/LI/21/0227,KAL210209,Kalutara,Horana,,Midellamulahena,616E,"අක්කර 72, වවුලගලවත්ත රජයේ ඉඩම",,,,,,,,,,6.735982,80.070491
Other,OTHER,NBRO/LRRMD-KLT/KAL/HORANA/LI/21/0228,KAL210210,Kalutara,Horana,,Midellamulahena,616E,"අක්කර 72, වවුලගලවත්ත රජයේ ඉඩම",,,,,,,,,,6.7359181,80.070717
Other,OTHER,NBRO/LRRMD-KLT/KAL/HORANA/LI/21/0229,KAL210211,Kalutara,Horana,,Midellamulahena,616E,"අක්කර 72, වවුලගලවත්ත රජයේ ඉඩම",,,,,,,,,,6.736021,80.070886
Other,OTHER,NBRO/LRRMD-KLT/KAL/HORANA/LI/21/0230,KAL210212,Kalutara,Horana,,Midellamulahena,616E,"අක්කර 72, වවුලගලවත්ත රජයේ ඉඩම",,,,,,,,,,6.736397,80.070599
Other,OTHER,NBRO/LRRMD-KLT/KAL/BERUWA/LI/21/0274,KAL210256,Kalutara,Beruwala,,Diyalagoda,741,"බප/කළු දියලගොඩ මහා විද්‍යාලයල,බේරුවල",,,,,,,,,,6.46446,80.033351
Other,OTHER,NBRO/LRRMD-KLT/KAL/INGIRI/LI/21/0418,KAL210400,Kalutara,Ingiriya,,Nimalagama,620D,"ශ්‍රී ලංකා ආයුර්වේද ඖෂධ සංස්ථාව, සොයිසා වත්ත",,,,,,,,,,6.750013,80.161881
Other,OTHER,NBRO/LRRMD-KLT/KAL/BULATS/LI/22/0274,KAL220056,Kalutara,Bulathsinhala,,Niggaha,823A,"පස්පෑලකඩ, නිග්ගහ, බුලත්සිංහල.",,,,,,,,,,6.649607,80.241211
Other,OTHER,NBRO/LRRMD-KLT/KAL/BULATS/LI/22/0275,KAL220057,Kalutara,Bulathsinhala,,Niggaha,823A,"පස්පෑලකඩ, නිග්ගහ, බුලත්සිංහල",,,,,,,,,,6.649048,80.240418
Other,OTHER,NBRO/LRRMD-KLT/KAL/BULATS/LI/22/0276,KAL220058,Kalutara,Bulathsinhala,,Niggaha,823A,"පස්පෑලකඩ, නිග්ගහ, බුලත්සිංහල",,,,,,,,,,6.654681,80.232568
Other,OTHER,NBRO/LRRMD-KLT/KAL/BULATS/LI/22/0277,KAL220059,Kalutara,Bulathsinhala,,Niggaha,823A,"පස්පෑලකඩ, නිග්ගහ, බුලත්සිංහල",,,,,,,,,,6.655645,80.231781
Other,OTHER,NBRO/LRRMD-KLT/KAL/BULATS/LI/22/0278,KAL220060,Kalutara,Bulathsinhala,,Niggaha,823A,"පස්පෑලකඩ, නිග්ගහ, බුලත්සිංහල",,,,,,,,,,6.65613,80.231612
Other,OTHER,NBRO/LRRMD-KLT/KAL/BULATS/LI/22/0279,KAL220061,Kalutara,Bulathsinhala,,Niggaha,823A,"රා හැලි මූකලාන, නිග්ගහ, බුලත්සිංහල",,,,,,,,,,6.656536,80.231418
Other,OTHER,NBRO/LRRMD-KLT/KAL/BULATS/LI/22/0280,KAL220062,Kalutara,Bulathsinhala,,Niggaha,823A,"පස්පෑලකඩ, නිග්ගහ, බුලත්සිංහල",,,,,,,,,,6.657737,80.230776
Other,OTHER,NBRO/LRRMD-KLT/KAL/BULATS/LI/22/0281,KAL220063,Kalutara,Bulathsinhala,,Niggaha,823A,"රාහැලි මූකලාන, නිග්ග",,,,,,,,,,6.653602,80.232918
Other,OTHER,NBRO/LRRMD-KLT/KAL/PALIND/LI/22/0282,KAL220064,Kalutara,Palindanuwara,,Athwelthota,836D,"Athweltota, Baduraliya",,,,,,,,,,6.539598,80.274177
Other,OTHER,NBRO/LRRMD-KLT/KAL/BULATS/LI/22/0283,KAL220065,Kalutara,Bulathsinhala,,Niggaha,823A,"පස්පෑලකඩ,  නිග්ගහ, බුලත්සිංහල",,,,,,,,,,6.653409,80.233338
Other,OTHER,NBRO/LRRMD-KLT/KAL/BULATS/LI/22/0285,KAL220067,Kalutara,Bulathsinhala,,Niggaha,823A,"පස්පෑලකඩ,  නිග්ගහ, බුලත්සිංහල",,,,,,,,,,6.650274,80.237891
Other,OTHER,NBRO/LRRMD-KLT/KAL/BULATS/LI/22/0286,KAL220068,Kalutara,Bulathsinhala,,Niggaha,823A,"පස්පෑලකඩ,  නිග්ගහ, බුලත්සිංහල",,,,,,,,,,6.650671,80.238569
Other,OTHER,NBRO/LRRMD-KLT/KAL/BULATS/LI/22/0287,KAL220069,Kalutara,Bulathsinhala,,Niggaha,823A,"පස්පෑලකඩ,  නිග්ගහ, බුලත්සිංහල",,,,,,,,,,6.650639,80.238727
Other,OTHER,NBRO/LRRMD-KLT/KAL/BULATS/LI/22/0289,KAL220071,Kalutara,Bulathsinhala,,Niggaha,823A,"පස්පෑලකඩ,  නිග්ගහ, බුලත්සිංහල",,,,,,,,,,6.650914,80.2376
Other,OTHER,NBRO/LRRMD-KLT/KAL/BULATS/LI/22/0290,KAL220072,Kalutara,Bulathsinhala,,Niggaha,823A,"පස්පෑලකඩ,  නිග්ගහ, බුලත්සිංහල",,,,,,,,,,6.65143,80.237627
Other,OTHER,NBRO/LRRMD-KLT/KAL/BULATS/LI/22/0291,KAL220073,Kalutara,Bulathsinhala,,Niggaha,823A,"පස්පෑලකඩ,  නිග්ගහ, බුලත්සිංහල",,,,,,,,,,6.651266,80.237868
Other,OTHER,NBRO/LRRMD-KLT/KAL/BULATS/LI/22/0292,KAL220074,Kalutara,Bulathsinhala,,Niggaha,823A,"පස්පෑලකඩ,  නිග්ගහ, බුලත්සිංහල",,,,,,,,,,6.650988,80.237753
Other,OTHER,NBRO/LRRMD-KLT/KAL/WALALL/LI/22/0011,KAL220129,Kalutara,Walallavita,,Gulanawatta,843H,Pelawatta Estate,,,,,,,,,,6.385345,80.275385
Other,OTHER,NBRO/LRRMD-KLT/KAL/WALALL/LI/22/0012,KAL220130,Kalutara,Walallavita,,Gulanawatta,843H,Pelawatta Estate,,,,,,,,,,6.385154,80.275726
Other,OTHER,NBRO/LRRMD-KLT/KAL/WALALL/LI/22/0013,KAL220131,Kalutara,Walallavita,,Gulanawatta,843H,Pelawatta Estate,,,,,,,,,,6.384895,80.275963
Other,OTHER,NBRO/LRRMD-KLT/KAL/WALALL/LI/22/0014,KAL220132,Kalutara,Walallavita,,Gulanawatta,843H,Pelawatta Estate,,,,,,,,,,6.384652,80.27588
Other,OTHER,NBRO/LRRMD-KLT/KAL/WALALL/LI/22/0015,KAL220133,Kalutara,Walallavita,,Gulanawatta,843H,Pelawatta Estate,,,,,,,,,,6.384375,80.275561
Other,OTHER,NBRO/LRRMD-KLT/KAL/WALALL/LI/22/0016,KAL220134,Kalutara,Walallavita,,Gulanawatta,843H,Pelawatta Estate,,,,,,,,,,6.38444,80.275926
Other,OTHER,NBRO/LRRMD-KLT/KAL/WALALL/LI/22/0017,KAL220135,Kalutara,Walallavita,,Gulanawatta,843H,Pelawatta Estate,,,,,,,,,,6.383676,80.275418
Other,OTHER,NBRO/LRRMD-KLT/KAL/WALALL/LI/22/0018,KAL220136,Kalutara,Walallavita,,Gulanawatta,843H,Pelawatta Estate,,,,,,,,,,6.38249,80.2755881
Other,OTHER,NBRO/LRRMD-KLT/KAL/WALALL/LI/22/0019,KAL220137,Kalutara,Walallavita,,Gulanawatta,843H,Pelawatta Estate,,,,,,,,,,6.382878,80.276265
Other,OTHER,NBRO/LRRMD-KLT/KAL/WALALL/LI/22/0020,KAL220138,Kalutara,Walallavita,,Gulanawatta,843H,Pelawatta Estate,,,,,,,,,,6.384405,80.276181
Other,OTHER,NBRO/LRRMD-KLT/KAL/WALALL/LI/22/0021,KAL220139,Kalutara,Walallavita,,Gulanawatta,843H,Pelawatta Estate,,,,,,,,,,6.383915,80.276321
Other,OTHER,NBRO/LRRMD-KLT/KAL/WALALL/LI/22/0022,KAL220140,Kalutara,Walallavita,,Gulanawatta,843H,Pelawatta Estate,,,,,,,,,,6.384015,80.276607
Other,OTHER,NBRO/LRRMD-KLT/KAL/WALALL/LI/22/0023,KAL220141,Kalutara,Walallavita,,Gulanawatta,843H,Pelawatta Estate,,,,,,,,,,6.383711,80.276313
Other,OTHER,NBRO/LRRMD-KLT/KAL/WALALL/LI/22/0024,KAL220142,Kalutara,Walallavita,,Gulanawatta,843H,Pelawatta Estate,,,,,,,,,,6.383193,80.276657
Other,OTHER,NBRO/LRRMD-KLT/KAL/WALALL/LI/22/0025,KAL220143,Kalutara,Walallavita,,Gulanawatta,843H,Pelawatta Estate,,,,,,,,,,6.38323,80.277048
Other,OTHER,NBRO/LRRMD-KLT/KAL/WALALL/LI/22/0026,KAL220144,Kalutara,Walallavita,,Gulanawatta,843H,Pelawatta Estate,,,,,,,,,,6.38267,80.276591
Other,OTHER,NBRO/LRRMD-KLT/KAL/WALALL/LI/22/0027,KAL220146,Kalutara,Walallavita,,Gulanawatta,843H,Pelawatta Estate,,,,,,,,,,6.38232,80.276486
Other,OTHER,NBRO/LRRMD-KLT/KAL/WALALL/LI/22/0028,KAL220147,Kalutara,Walallavita,,Gulanawatta,843H,Pelawatta Estate,,,,,,,,,,6.382058,80.276411
Other,OTHER,NBRO/LRRMD-KLT/KAL/WALALL/LI/22/0029,KAL220148,Kalutara,Walallavita,,Gulanawatta,843H,Pelawatta Estate,,,,,,,,,,6.380853,80.277288
Other,OTHER,NBRO/LRRMD-KLT/KAL/WALALL/LI/22/0030,KAL220149,Kalutara,Walallavita,,Gulanawatta,843H,Pelawatta Estate,,,,,,,,,,6.380171,80.277041
Other,OTHER,NBRO/LRRMD-KLT/KAL/WALALL/LI/22/0031,KAL220150,Kalutara,Walallavita,,Gulanawatta,843H,Pelawatta Estate,,,,,,,,,,6.380715,80.277001
Other,OTHER,NBRO/LRRMD-KLT/KAL/WALALL/LI/22/0032,KAL220151,Kalutara,Walallavita,,Gulanawatta,843H,Pelawatta Estate,,,,,,,,,,6.380522,80.276638
Other,OTHER,NBRO/LRRMD-KLT/KAL/WALALL/LI/22/0033,KAL220152,Kalutara,Walallavita,,Gulanawatta,843H,Pelawatta Estate,,,,,,,,,,6.380911,80.275932
Other,OTHER,NBRO/LRRMD-KLT/KAL/WALALL/LI/22/0034,KAL220153,Kalutara,Walallavita,,Gulanawatta,843H,Pelawatta Estate,,,,,,,,,,6.380963,80.276091
Other,OTHER,NBRO/LRRMD-KLT/KAL/WALALL/LI/22/0035,KAL220154,Kalutara,Walallavita,,Gulanawatta,843H,Pelawatta Estate,,,,,,,,,,6.381466,80.276159
Other,OTHER,NBRO/LRRMD-KLT/KAL/WALALL/LI/22/0036,KAL220155,Kalutara,Walallavita,,Gulanawatta,843H,Pelawatta Estate,,,,,,,,,,6.381672,80.275631
Other,OTHER,NBRO/LRRMD-KLT/KAL/WALALL/LI/22/0037,KAL220156,Kalutara,Walallavita,,Gulanawatta,843H,Pelawatta Estate,,,,,,,,,,6.381805,80.273694
Other,OTHER,NBRO/LRRMD-KLT/KAL/WALALL/LI/22/0038,KAL220157,Kalutara,Walallavita,,Gulanawatta,843H,Pelawatta Estate,,,,,,,,,,6.381596,80.27366
Other,OTHER,NBRO/LRRMD-KLT/KAL/WALALL/LI/22/0039,KAL220158,Kalutara,Walallavita,,Gulanawatta,843H,Pelawatta Estate,,,,,,,,,,6.380974,80.273692
Other,OTHER,NBRO/LRRMD-KLT/KAL/WALALL/LI/22/0040,KAL220159,Kalutara,Walallavita,,Gulanawatta,843H,Pelawatta Estate,,,,,,,,,,6.381091,80.27446
Other,OTHER,NBRO/LRRMD-KLT/KAL/WALALL/LI/22/0041,KAL220160,Kalutara,Walallavita,,Gulanawatta,843H,Pelawatta Estate,,,,,,,,,,6.381155,80.275094
Other,OTHER,NBRO/LRRMD-KLT/KAL/WALALL/LI/22/0042,KAL220161,Kalutara,Walallavita,,Gulanawatta,843H,Pelawatta Estate,,,,,,,,,,6.381137,80.275451
Other,OTHER,NBRO/LRRMD-KLT/KAL/WALALL/LI/22/0043,KAL220162,Kalutara,Walallavita,,Gulanawatta,843H,Pelawatta Estate,,,,,,,,,,6.380716,80.275624
Other,OTHER,NBRO/LRRMD-KLT/KAL/WALALL/LI/22/0044,KAL220163,Kalutara,Walallavita,,Gulanawatta,843H,Pelawatta Estate,,,,,,,,,,6.380468,80.275123
Other,OTHER,NBRO/LRRMD-KLT/KAL/WALALL/LI/22/0045,KAL220164,Kalutara,Walallavita,,Gulanawatta,843H,Pelawatta Estate,,,,,,,,,,6.380848,80.275338
Other,OTHER,NBRO/LRRMD-KLT/KAL/WALALL/LI/22/0046,KAL220165,Kalutara,Walallavita,,Gulanawatta,843H,Pelawatta Estate,,,,,,,,,,6.380859,80.27488
Other,OTHER,NBRO/LRRMD-KLT/KAL/WALALL/LI/22/0047,KAL220166,Kalutara,Walallavita,,Gulanawatta,843H,Pelawatta Estate,,,,,,,,,,6.380914,80.274473
Other,OTHER,NBRO/LRRMD-KLT/KAL/WALALL/LI/22/0048,KAL220167,Kalutara,Walallavita,,Gulanawatta,843H,Pelawatta Estate,,,,,,,,,,6.380667,80.274261
Other,OTHER,NBRO/LRRMD-KLT/KAL/WALALL/LI/22/0049,KAL220168,Kalutara,Walallavita,,Gulanawatta,843H,Pelawatta Estate,,,,,,,,,,6.380278,80.274115
Other,OTHER,NBRO/LRRMD-KLT/KAL/WALALL/LI/22/0050,KAL220169,Kalutara,Walallavita,,Gulanawatta,843H,Pelawatta Estate,,,,,,,,,,6.380058,80.274026
Other,OTHER,NBRO/LRRMD-KLT/KAL/WALALL/LI/22/0051,KAL220170,Kalutara,Walallavita,,Gulanawatta,843H,Pelawatta Estate,,,,,,,,,,6.379796,80.274519
Other,OTHER,NBRO/LRRMD-KLT/KAL/WALALL/LI/22/0052,KAL220171,Kalutara,Walallavita,,Gulanawatta,843H,Pelawatta Estate,,,,,,,,,,6.380228,80.274969
Other,OTHER,NBRO/LRRMD-KLT/KAL/WALALL/LI/22/0053,KAL220172,Kalutara,Walallavita,,Gulanawatta,843H,Pelawatta Estatw,,,,,,,,,,6.379796,80.274519
Other,OTHER,NBRO/LRRMD-KLT/KAL/MATHUG/LI/22/0297,KAL220188,Kalutara,Mathugama,,Panthiya,804,ක්ලෝඩන් වත්ත,,,,,,,,,,6.543095,80.096545
Other,OTHER,NBRO/LRRMD-KLT/KAL/BULATS/LI/22/0064,KAL220200,Kalutara,Bulathsinhala,,Niggaha,823A,"Paspelakada, Niggaha, Bulathsinhala",,,,,,,,,,6.651927,80.236211
Other,OTHER,NBRO/LRRMD-KLT/KAL/BULATS/LI/22/0066,KAL220202,Kalutara,Bulathsinhala,,Niggaha,823A,"Paspelakada, Niggaha, Bulathsinhala",,,,,,,,,,6.647844,80.235748
Other,OTHER,NBRO/LRRMD-KLT/KAL/BULATS/LI/22/0067,KAL220203,Kalutara,Bulathsinhala,,Niggaha,823A,"Paspelakada, Niggaha, Bulathsinhala",,,,,,,,,,6.652567,80.23687
Other,OTHER,NBRO/LRRMD-KLT/KAL/BULATS/LI/22/0068,KAL220204,Kalutara,Bulathsinhala,,Niggaha,823A,"Paspelakada, Niggaha, Bulathsinhala",,,,,,,,,,6.651719,80.235908
Other,OTHER,NBRO/LRRMD-KLT/KAL/BULATS/LI/22/0069,KAL220205,Kalutara,Bulathsinhala,,Niggaha,823A,"Paspelakada, Niggaha, Bulathsinhala",,,,,,,,,,6.652055,80.23524
Other,OTHER,NBRO/LRRMD-KLT/KAL/BULATS/LI/22/0071,KAL220207,Kalutara,Bulathsinhala,,Niggaha,823A,"Paspelakada, Niggaha, Bulathsinhala",,,,,,,,,,6.647701,80.205742
Other,OTHER,NBRO/LRRMD-KLT/KAL/BULATS/LI/22/0072,KAL220208,Kalutara,Bulathsinhala,,Niggaha,823A,"Paspelakada, Niggaha, Bulathsinhala",,,,,,,,,,6.649206,80.238242
Other,OTHER,NBRO/LRRMD-KLT/KAL/BULATS/LI/22/0073,KAL220209,Kalutara,Bulathsinhala,,Niggaha,823A,"Paspelakada, Niggaha, Bulathsinhala",,,,,,,,,,6.648049,80.23632
Other,OTHER,NBRO/LRRMD-KLT/KAL/BULATS/LI/22/0074,KAL220210,Kalutara,Bulathsinhala,,Niggaha,823A,"Paspelakada, Niggaha, Bulathsinhala",,,,,,,,,,6.652034,80.235567
Other,OTHER,NBRO/LRRMD-KLT/KAL/BULATS/LI/22/0075,KAL220211,Kalutara,Bulathsinhala,,Niggaha,823A,"Paspelakada, Niggaha, Bulathsinhala",,,,,,,,,,6.650576,80.237164
Other,OTHER,NBRO/LRRMD-KLT/KAL/BULATS/LI/22/0076,KAL220212,Kalutara,Bulathsinhala,,Niggaha,823A,"Paspelakada, Niggaha, Bulathsinhala",,,,,,,,,,6.648066,80.238282
Other,OTHER,NBRO/LRRMD-KLT/KAL/BULATS/LI/22/0077,KAL220213,Kalutara,Bulathsinhala,,Niggaha,823A,"Paspelakada, Niggaha, Bulathsinhala",,,,,,,,,,6.648071,80.236084
Other,OTHER,NBRO/LRRMD-KLT/KAL/BULATS/LI/22/0078,KAL220214,Kalutara,Bulathsinhala,,Niggaha,823A,"Paspelakada, Niggaha, Bulathsinhala",,,,,,,,,,6.651626,80.236148
Other,OTHER,NBRO/LRRMD-KLT/KAL/HORANA/LI/22/0097,KAL220246,Kalutara,Horana,,Pannila,612B,"36/03, ආතර්ලෑන්ඩ්, කහටපිටිය, ගෝනපල හංදිය",,,,,,,,,,6.7631882,80.042877
Other,OTHER,NBRO/LRRMD-KLT/KAL/BULATS/LI/22/0306,KAL220259,Kalutara,Bulathsinhala,,Amaragedara South,821C,"නාගහදොළ පාර, අමරගෙදර, බුලත්සිංහල",,,,,,,,,,6.667569,80.200835
Other,OTHER,NBRO/LRRMD-KLT/KAL/INGIRI/LI/22/0312,KAL220268,Kalutara,Ingiriya,,Nimalagama,620D,"නො. 286, සිසිල් සෙවන, ඉංගිරිය",,,,,,,,,,6.7610542,80.162458
Other,OTHER,NBRO/LRRMD-KLT/KAL/DODANG/LI/22/0328,KAL220306,Kalutara,Dodangoda,,Dodangoda West,800,"නො. 315, හර්මන් වත්ත පළමු අදියර, දොඩන්ගොඩ",,,,,,,,,,6.564358,80.010516
Other,OTHER,NBRO/LRRMD-KLT/KAL/DODANG/LI/22/0330,KAL220308,Kalutara,Dodangoda,,Gamagoda West,724A,"No. 131/1A, Wattegedara, Gamagoda.",,,,,,,,,,6.59959,80.010052
Other,OTHER,NBRO/LRRMD-KLT/KAL/HORANA/LI/22/0334,KAL220315,Kalutara,Horana,,Horana South,615A,"හොරණ ශ්‍රිපාලි විදුහල, හොරණ",,,,,,,,,,6.7076929,80.068765
Other,OTHER,NBRO/LRRMD-KLT/KAL/KALUTA/LI/22/0337,KAL220318,Kalutara,Kalutara,,Nagoda South,729,"නො. 05බී, මතුගම පාර, නාගොඩ",,,,,,,,,,6.566781,79.997187
Other,OTHER,NBRO/LRRMD-KLT/KAL/BULATS/LI/22/0339,KAL220320,Kalutara,Bulathsinhala,,Paragoda West,825C,"පරගොඩ, බුලත්සිංහල",,,,,,,,,,6.620973,80.223587
Other,OTHER,NBRO/LRRMD-KLT/KAL/BULATS/LI/22/0357,KAL220341,Kalutara,Bulathsinhala,,Paragoda West,825C,"Trappergar Watta, Paragoda, Bulathsinghala.",,,,,,,,,,6.6162064,80.223627
Other,OTHER,NBRO/LRRMD-KLT/KAL/PALIND/LI/22/0118,KAL220359,Kalutara,Palindanuwara,,Kamburawala,839B,"කඹුරාවල කන්ද, පාලින්දනුවර",,,,,,,,,,6.507952,80.222323
Other,OTHER,NBRO/LRRMD-KLT/KAL/PALIND/LI/22/0120,KAL220361,Kalutara,Palindanuwara,,Lathpandura,835,"ලත්පදුර, අටහවුල්හේන",,,,,,,,,,6.522617,80.222992
Other,OTHER,NBRO/LRRMD-KLT/KAL/AGALAW/LI/22/0372,KAL220374,Kalutara,Agalawatta,,Kithulgoda,833,"Kithulgoda, Agalawatta",,,,,,,,,,6.492084,80.185912
Other,OTHER,NBRO/LRRMD-KLT/KAL/MADURW/LI/22/0375,KAL220377,Kalutara,Madurawela,,Elawella,650E,"Elawella, Madurawala",,,,,,,,,,6.704865,80.078402
Other,OTHER,NBRO/LRRMD-KLT/KAL/BERUWA/LI/22/0437,KAL220406,Kalutara,Beruwala,,Yovungama,744B,"යොවුන්ගම, කිතුලපිටිය, බේරුවල",,,,,,,,,,6.4928512,80.032517
Other,OTHER,NBRO/LRRMD-KLT/KAL/HORANA/LI/22/0438,KAL220407,Kalutara,Horana,,Narthanagala,616C,"නර්තනගල, හොරණ",,,,,,,,,,6.717359,80.073987
Other,OTHER,NBRO/LRRMD-KLT/KAL/HORANA/LI/22/0439,KAL220408,Kalutara,Horana,,Midellamulahena,616E,"මිදෙල්ලමුල්ලහේන, වවුලගලවත්ත, හොරණ",,,,,,,,,,6.739585,80.067178
Other,OTHER,NBRO/LRRMD-KLT/KAL/PALIND/LI/22/0443,KAL220412,Kalutara,Palindanuwara,,Bollunna,841C,"හැඩිගල්ල ජනපදය, පොල්ගහහේන, බදුරලිය",,,,,,,,,,6.474731,80.310879
Other,OTHER,NBRO/LRRMD-KLT/KAL/PALIND/LI/22/0444,KAL220413,Kalutara,Palindanuwara,,Hedigalla,838,"වේවැල්කැටිය, හැඩිගල්ල ජනපදය, බඳුරලිය",,,,,,,,,,6.463499,80.2901895
Other,OTHER,NBRO/LRRMD-KLT/KAL/BERUWA/LI/22/0456,KAL220445,Kalutara,Beruwala,,Katukurundugahalanda East,738B,"Katukurudugahalanda, Beruwala.",,,,,,,,,,6.524802,80.013462
Other,OTHER,NBRO/LRRMD-KLT/KAL/BERUWA/LI/22/0457,KAL220446,Kalutara,Beruwala,,Katukurundugahalanda East,738B,"Millagasudumulla, Beruwala",,,,,,,,,,6.52245,80.01135
Other,OTHER,NBRO/LRRMD-KLT/KAL/BERUWA/LI/22/0458,KAL220447,Kalutara,Beruwala,,Katukurundugahalanda East,738B,"Millagasudumulla, Beruwala.",,,,,,,,,,6.52234,80.01122
Other,OTHER,NBRO/LRRMD-KLT/KAL/BULATS/LI/22/0125,KAL220450,Kalutara,Bulathsinhala,,Niggaha,823A,"රා හැලි මූකලාන, නිග්ගහ, බුලත්සිංහල.",,,,,,,,,,6.650897,80.234045
Other,OTHER,NBRO/LRRMD-KLT/KAL/BULATS/LI/22/0128,KAL220453,Kalutara,Bulathsinhala,,Niggaha,823A,"පස්පෑලකඩ, නිග්ගහ, බුලත්සිංහල.",,,,,,,,,,6.649678,80.234867
Other,OTHER,NBRO/LRRMD-KLT/KAL/BULATS/LI/22/0129,KAL220454,Kalutara,Bulathsinhala,,Niggaha,823A,ආර්.ඩබ්.ඒ. පියසේන,,,,,,,,,,6.649065,80.235003
Other,OTHER,NBRO/LRRMD-KLT/KAL/BULATS/LI/22/0130,KAL220455,Kalutara,Bulathsinhala,,Niggaha,823A,"පස්පෑලකඩ, නිග්ගහ, බුලත්සිංහල.",,,,,,,,,,6.649968,80.234927
Other,OTHER,NBRO/LRRMD-KLT/KAL/BULATS/LI/22/0131,KAL220456,Kalutara,Bulathsinhala,,Niggaha,823A,"පස්පෑලකඩ, නිග්ගහ, බුලත්සිංහල.",,,,,,,,,,6.6507563,80.234496
Other,OTHER,NBRO/LRRMD-KLT/KAL/BULATS/LI/22/0132,KAL220457,Kalutara,Bulathsinhala,,Niggaha,823A,"පස්පෑලකඩ, නිග්ගහ, බුලත්සිංහල.",,,,,,,,,,6.651966,80.233953
Other,OTHER,NBRO/LRRMD-KLT/KAL/BULATS/LI/22/0133,KAL220458,Kalutara,Bulathsinhala,,Niggaha,823A,"පස්පෑලකඩ, නිග්ගහ, බුලත්සිංහල.",,,,,,,,,,6.653408,80.235725
Other,OTHER,NBRO/LRRMD-KLT/KAL/BULATS/LI/22/0134,KAL220459,Kalutara,Bulathsinhala,,Niggaha,823A,"පස්පෑලකඩ, නිග්ගහ, බුලත්සිංහල.",,,,,,,,,,6.653495,80.23569
Other,OTHER,NBRO/LRRMD-KLT/KAL/BULATS/LI/22/0135,KAL220460,Kalutara,Bulathsinhala,,Niggaha,823A,"පස්පෑලකඩ, නිග්ගහ, බුලත්සිංහල.",,,,,,,,,,6.653999,80.235437
Other,OTHER,NBRO/LRRMD-KLT/KAL/BULATS/LI/22/0136,KAL220461,Kalutara,Bulathsinhala,,Niggaha,823A,"පස්පෑලකඩ, නිග්ගහ, බුලත්සිංහල.",,,,,,,,,,6.6550193,80.234496
Other,OTHER,NBRO/LRRMD-KLT/KAL/BULATS/LI/22/0137,KAL220462,Kalutara,Bulathsinhala,,Niggaha,823A,"පස්පෑලකඩ, නිග්ගහ, බුලත්සිංහල.",,,,,,,,,,6.65283,80.233795
Other,OTHER,NBRO/LRRMD-KLT/KAL/BULATS/LI/22/0138,KAL220463,Kalutara,Bulathsinhala,,Niggaha,823A,"රා හැලි මූකලාන, නිග්ගහ, බුලත්සිංහල.",,,,,,,,,,6.647615,80.235025
Other,OTHER,NBRO/LRRMD-KLT/KAL/BULATS/LI/22/0140,KAL220465,Kalutara,Bulathsinhala,,Niggaha,823A,"පස්පෑලකඩ, නිග්ගහ, බුලත්සිංහල.",,,,,,,,,,6.648528,80.235288
Other,OTHER,NBRO/LRRMD-KLT/KAL/BULATS/LI/22/0141,KAL220466,Kalutara,Bulathsinhala,,Niggaha,823A,"පස්පෑලකඩ, නිග්ගහ, බුලත්සිංහල.",,,,,,,,,,6.653048,80.234913
Other,OTHER,NBRO/LRRMD-KLT/KAL/BULATS/LI/22/0142,KAL220467,Kalutara,Bulathsinhala,,Niggaha,823A,"පස්පෑලකඩ, නිග්ගහ, බුලත්සිංහල.",,,,,,,,,,6.653001,80.234879
Other,OTHER,NBRO/LRRMD-KLT/KAL/BULATS/LI/23/0408,KAL230027,Kalutara,Bulathsinhala,,Niggaha,823A,"Idiketiya Watta, Niggaha, Bulathsinhala.",,,,,,,,,,6.646437,80.232531
Other,OTHER,NBRO/LRRMD-KLT/KAL/BERUWA/LI/23/0409,KAL230030,Kalutara,Beruwala,,Katukurundugahalanda East,738B,"Katukurudugahalanda, Beruwala.",,,,,,,,,,6.524802,80.013462
Other,OTHER,NBRO/LRRMD-KLT/KAL/BERUWA/LI/23/0410,KAL230031,Kalutara,Beruwala,,Pothuvila East,740,"Galpoththawatta, Pothuwila, Beruwala.",,,,,,,,,,6.51799,79.99439
Other,OTHER,NBRO/LRRMD-KLT/KAL/WALALL/LI/23/0414,KAL230035,Kalutara,Walallavita,,Lihiniyawa East,848A,"Lihiniyawa, Walallavita",,,,,,,,,,6.461943,80.167892
Other,OTHER,NBRO/LRRMD-KLT/KAL/WALALL/LI/23/0419,KAL230040,Kalutara,Walallavita,,Yattapatha,843B,"Singheraja Udyanaya, 4th Lane, Yattapatha",,,,,,,,,,6.4150897,80.278051
Other,OTHER,NBRO/LRRMD-KLT/KAL/WALALL/LI/23/0420,KAL230042,Kalutara,Walallavita,,Kankotawatta,843D,"Thiriwanaketiya, Ihalahewessa",,,,,,,,,,6.474731,80.310879
Other,OTHER,NBRO/LRRMD-KLT/KAL/MATHUG/LI/23/0432,KAL230054,Kalutara,Mathugama,,Bopitiya East,802,"ශ්‍රී සෝමපාල මාවත, බෝපිටිය, මතුගම",,,,,,,,,,6.520983,80.093452
Other,OTHER,NBRO/LRRMD-KLT/KAL/INGIRI/LI/23/0004,KAL230060,Kalutara,Ingiriya,,Nimalagama,620D,"නිමලගම, ඉංගිරිය",,,,,,,,,,6.765174,80.14829
Other,OTHER,NBRO/LRRMD-KLT/KAL/DODANG/LI/23/0006,KAL230063,Kalutara,Dodangoda,,Nebada West,807C,"ක්ලෝඩන් ජනපදය, නෑබඩ",,,,,,,,,,6.615634,80.059721
Other,OTHER,NBRO/LRRMD-KLT/KAL/HORANA/LI/23/0014,KAL230075,Kalutara,Horana,,Batuvita South,611B,"170, බටවිට පන්සල ඉදිරිපිට,  ගෝනපල",,,,,,,,,,6.73962,80.04129
Other,OTHER,NBRO/LRRMD-KLT/KAL/DODANG/LI/23/0023,KAL230090,Kalutara,Dodangoda,,Nebada West,807C,"Cloden Watta Japadaya, Nebada.",,,,,,,,,,6.589614,80.085246
Other,OTHER,NBRO/LRRMD-KLT/KAL/DODANG/LI/23/0024,KAL230091,Kalutara,Dodangoda,,Nebada West,807C,"Cloden Janapadaya, Nebada",,,,,,,,,,6.588675,80.085433
Other,OTHER,NBRO/LRRMD-KLT/KAL/DODANG/LI/23/0025,KAL230092,Kalutara,Dodangoda,,Nebada West,807C,"Cloden Janapadaya, Nebada.",,,,,,,,,,6.588639,80.085745
Other,OTHER,NBRO/LRRMD-KLT/KAL/DODANG/LI/23/0026,KAL230093,Kalutara,Dodangoda,,Nebada West,807C,"Cloden Janapadaya, Nebada",,,,,,,,,,6.588211,80.085644
Other,OTHER,NBRO/LRRMD-KLT/KAL/DODANG/LI/23/0027,KAL230094,Kalutara,Dodangoda,,Nebada West,807C,"Cloden Janapadaya, Nebada",,,,,,,,,,6.589593,80.085673
Other,OTHER,NBRO/LRRMD-KLT/KAL/DODANG/LI/23/0028,KAL230095,Kalutara,Dodangoda,,Nebada West,807C,"Cloden Janapadaya, Nebada",,,,,,,,,,6.590658,80.0841857
Other,OTHER,NBRO/LRRMD-KLT/KAL/DODANG/LI/23/0029,KAL230096,Kalutara,Dodangoda,,Nebada West,807C,"Cloden Janapadaya, Nebada",,,,,,,,,,6.589504,80.084477
Other,OTHER,NBRO/LRRMD-KLT/KAL/DODANG/LI/23/0030,KAL230097,Kalutara,Dodangoda,,Nebada West,807C,"Cloden Janapadaya, Nebada",,,,,,,,,,6.58899,80.08444
Other,OTHER,NBRO/LRRMD-KLT/KAL/DODANG/LI/23/0031,KAL230098,Kalutara,Dodangoda,,Nebada West,807C,"Cloden Janapadaya, Nebada",,,,,,,,,,6.5892105,80.084405
Other,OTHER,NBRO/LRRMD-KLT/KAL/DODANG/LI/23/0032,KAL230099,Kalutara,Dodangoda,,Nebada West,807C,"Cloden Janapadaya, Nebada.",,,,,,,,,,6.58966,80.085434
Other,OTHER,NBRO/LRRMD-KLT/KAL/DODANG/LI/23/0033,KAL230100,Kalutara,Dodangoda,,Nebada West,807C,"Cloden Janapadaya, Nebada.",,,,,,,,,,6.589804,80.085642
Other,OTHER,NBRO/LRRMD-KLT/KAL/DODANG/LI/23/0035,KAL230102,Kalutara,Dodangoda,,Nebada West,807C,"Cloden Janapadaya, Nebada.",,,,,,,,,,6.5896772,80.085578
Other,OTHER,NBRO/LRRMD-KLT/KAL/DODANG/LI/23/0036,KAL230103,Kalutara,Dodangoda,,Nebada West,807C,"Cloden Janapadaya, Nebada.",,,,,,,,,,6.588782,80.084808
Other,OTHER,NBRO/LRRMD-KLT/KAL/DODANG/LI/23/0037,KAL230104,Kalutara,Dodangoda,,Nebada West,807C,"Cloden Janapadaya, Nebada.",,,,,,,,,,6.55878703,80.0853461
Other,OTHER,NBRO/LRRMD-KLT/KAL/DODANG/LI/23/0038,KAL230105,Kalutara,Dodangoda,,Nebada West,807C,"Cloden Janapadaya, Nebada.",,,,,,,,,,6.589668,80.085043
Other,OTHER,NBRO/LRRMD-KLT/KAL/DODANG/LI/23/0039,KAL230106,Kalutara,Dodangoda,,Nebada West,807C,"Cloden Janapadaya, Nebada.",,,,,,,,,,6.589045,80.0849656
Other,OTHER,NBRO/LRRMD-KLT/KAL/DODANG/LI/23/0040,KAL230107,Kalutara,Dodangoda,,Nebada West,807C,"Cloden Janapadaya, Nebada.",,,,,,,,,,6.588222,80.085812
Other,OTHER,NBRO/LRRMD-KLT/KAL/DODANG/LI/23/0041,KAL230108,Kalutara,Dodangoda,,Nebada West,807C,"Cloden Janapadaya, Nebada.",,,,,,,,,,6.588219,80.085012
Other,OTHER,NBRO/LRRMD-KLT/KAL/HORANA/LI/23/0043,KAL230112,Kalutara,Horana,,Aramanagolla,610A,"Koskolawatta, Aramanagolla",,,,,,,,,,6.727518,80.048359
Other,OTHER,NBRO/LRRMD-KLT/KAL/MILLAN/LI/23/0045,KAL230115,Kalutara,Millaniya,,Raddegoda,644C,"Raddegoda, Millaniya",,,,,,,,,,6.684708,79.99506
Other,OTHER,NBRO/LRRMD-KLT/KAL/HORANA/LI/23/0049,KAL230125,Kalutara,Horana,,Palannoruwa,604,"පලන්නොරුව, හොරණ",,,,,,,,,,6.763253,80.016585
Other,OTHER,NBRO/LRRMD-KLT/KAL/PALIND/LI/23/0052,KAL230137,Kalutara,Palindanuwara,,Pelenda,836,"රණවිරු ගම්මානය, පැළෑඳ, පාලින්දනුවර",,,,,,,,,,6.559025,80.23953
Other,OTHER,NBRO/LRRMD-KLT/KAL/PALIND/LI/23/0053,KAL230138,Kalutara,Palindanuwara,,Pelenda,836,"රණවිරු ගම්මානය, පැළෑඳ, පාලින්දනුවර",,,,,,,,,,6.558657,80.239697
Other,OTHER,NBRO/LRRMD-KLT/KAL/PALIND/LI/23/0074,KAL230167,Kalutara,Palindanuwara,,Pelenda,836,"රණවිරු ගම්මානය, පැළෑඳ, පාලින්දනුවර",,,,,,,,,,6.559099,80.239174
Other,OTHER,NBRO/LRRMD-KLT/KAL/PALIND/LI/23/0075,KAL230168,Kalutara,Palindanuwara,,Pelenda,836,"රණවිරු ගම්මානය, පැළෑඳ, පාලින්දනුවර",,,,,,,,,,6.558801,80.240149
Other,OTHER,NBRO/LRRMD-KLT/KAL/PALIND/LI/23/0076,KAL230169,Kalutara,Palindanuwara,,Pelenda,836,"රණවිරු ගම්මානය, පැළෑඳ, පාලින්දනුවර",,,,,,,,,,6.558179,80.239914
Other,OTHER,NBRO/LRRMD-KLT/KAL/PALIND/LI/23/0077,KAL230170,Kalutara,Palindanuwara,,Pelenda,836,"රණවිරු ගම්මානය, පැළෑඳ, පාලින්දනුවර",,,,,,,,,,6.560645,80.238577
Other,OTHER,NBRO/LRRMD-KLT/KAL/PALIND/LI/23/0078,KAL230171,Kalutara,Palindanuwara,,Pelenda,836,"රණවිරු ගම්මානය, පැළෑඳ, පාලින්දනුවර",,,,,,,,,,6.560201,80.238306
Other,OTHER,NBRO/LRRMD-KLT/KAL/PALIND/LI/23/0079,KAL230172,Kalutara,Palindanuwara,,Pelenda,836,"රණවිරු ගම්මානය, පැළෑඳ, පාලින්දනුවර",,,,,,,,,,6.560369,80.238634
Other,OTHER,NBRO/LRRMD-KLT/KAL/PALIND/LI/23/0080,KAL230173,Kalutara,Palindanuwara,,Pelenda,836,"රණවිරු ගම්මානය, පැළෑඳ, පාලින්දනුවර",,,,,,,,,,6.560485,80.238933
Other,OTHER,NBRO/LRRMD-KLT/KAL/PALIND/LI/23/0081,KAL230174,Kalutara,Palindanuwara,,Pelenda,836,"රණවිරු ගම්මානය, පැළෑඳ, පාලින්දනුවර",,,,,,,,,,6.560336,80.239163
Other,OTHER,NBRO/LRRMD-KLT/KAL/PALIND/LI/23/0082,KAL230175,Kalutara,Palindanuwara,,Pelenda,836,"රණවිරු ගම්මානය, පැළෑඳ, පාලින්දනුවර",,,,,,,,,,6.560191,80.238844
Other,OTHER,NBRO/LRRMD-KLT/KAL/PALIND/LI/23/0083,KAL230176,Kalutara,Palindanuwara,,Pelenda,836,"රණවිරු ගම්මානය, පැළෑඳ, පාලින්දනුවර",,,,,,,,,,6.559975,80.238391
Other,OTHER,NBRO/LRRMD-KLT/KAL/PALIND/LI/23/0084,KAL230177,Kalutara,Palindanuwara,,Pelenda,836,"රණවිරු ගම්මානය, පැළෑඳ, පාලින්දනුවර",,,,,,,,,,6.55932,80.238987
Other,OTHER,NBRO/LRRMD-KLT/KAL/PALIND/LI/23/0085,KAL230178,Kalutara,Palindanuwara,,Pelenda,836,"රණවිරු ගම්මානය, පැළෑඳ, පාලින්දනුවර",,,,,,,,,,6.559445,80.239761
Other,OTHER,NBRO/LRRMD-KLT/KAL/HORANA/LI/23/0089,KAL230182,Kalutara,Horana,,Meemana,611A,"පුස්වැල් කහඳහේන, බටුවිට, හොරණ",,,,,,,,,,6.746143,80.052514
Other,OTHER,NBRO/LRRMD-KLT/KAL/HORANA/LI/23/0102,KAL230199,Kalutara,Horana,,Gal Edandugoda,615C,"ගල්ඒදඩුගොඩ, හොරණ",,,,,,,,,,6.7210739,80.0503752
Other,OTHER,NBRO/LRRMD-KLT/KAL/PALIND/LI/23/0107,KAL230204,Kalutara,Palindanuwara,,Pelenda West,836E,"රණවිරු ගම්මානය, පැළෑඳ, පාලින්දනුවර",,,,,,,,,,6.55767,80.237815
Other,OTHER,NBRO/LRRMD-KLT/KAL/PALIND/LI/23/0108,KAL230205,Kalutara,Palindanuwara,,Pelenda West,836E,"රණවිරු ගම්මානය, පැළෑඳ, පාලින්දනුවර",,,,,,,,,,6.557472,80.237731
Other,OTHER,NBRO/LRRMD-KLT/KAL/PALIND/LI/23/0109,KAL230206,Kalutara,Palindanuwara,,Pelenda West,836E,"රණවිරු ගම්මානය, පැළෑඳ, පාලින්දනුවර",,,,,,,,,,6.557361,80.237923
Other,OTHER,NBRO/LRRMD-KLT/KAL/PALIND/LI/23/0110,KAL230207,Kalutara,Palindanuwara,,Pelenda West,836E,"රණවිරු ගම්මානය, පැළෑඳ, පාලින්දනුවර",,,,,,,,,,6.55696,80.239207
Other,OTHER,NBRO/LRRMD-KLT/KAL/PALIND/LI/23/0111,KAL230208,Kalutara,Palindanuwara,,Pelenda West,836E,"රණවිරු ගම්මානය, පැළෑඳ, පාලින්දනුවර",,,,,,,,,,6.556984,80.239379
Other,OTHER,NBRO/LRRMD-KLT/KAL/PALIND/LI/23/0112,KAL230209,Kalutara,Palindanuwara,,Pelenda West,836E,"රණවිරු ගම්මානය, පැළෑඳ, පාලින්දනුවර",,,,,,,,,,6.55716,80.237847
Other,OTHER,NBRO/LRRMD-KLT/KAL/PALIND/LI/23/0113,KAL230210,Kalutara,Palindanuwara,,Pelenda West,836E,"රණවිරු ගම්මානය, පැළෑඳ, පාලින්දනුවර",,,,,,,,,,6.557095,80.23791
Other,OTHER,NBRO/LRRMD-KLT/KAL/PALIND/LI/23/0114,KAL230211,Kalutara,Palindanuwara,,Pelenda West,836E,"රණවිරු ගම්මානය, පැළෑඳ, පාලින්දනුවර",,,,,,,,,,6.556914,80.238068
Other,OTHER,NBRO/LRRMD-KLT/KAL/PALIND/LI/23/0115,KAL230212,Kalutara,Palindanuwara,,Pelenda West,836E,"රණවිරු ගම්මානය, පැළෑඳ, පාලින්දනුවර",,,,,,,,,,6.556787,80.237975
Other,OTHER,NBRO/LRRMD-KLT/KAL/MATHUG/LI/23/0117,KAL230215,Kalutara,Mathugama,,Horawala,794,"මානාන, හොරවල, වැලිපැන්න",,,,,,,,,,6.475475,80.1349442
Other,OTHER,NBRO/LRRMD-KLT/KAL/BULATS/LI/23/0125,KAL230224,Kalutara,Bulathsinhala,,Thennahena,824D,"තැන්නහේන, මහගම",,,,,,,,,,6.5875009,80.1841708
Other,OTHER,NBRO/LRRMD-KLT/KAL/PALIND/LI/23/0126,KAL230226,Kalutara,Palindanuwara,,Addaragoda,840B,"බප/මතු ගුරුළුබැද්ද ප්‍රාථමික විද්‍යාලය, මතුගම",,,,,,,,,,6.480801,80.25317
Other,OTHER,NBRO/LRRMD-KLT/KAL/INGIRI/LI/23/0153,KAL230262,Kalutara,Ingiriya,,Ingiriya East,620,"රඹුක්කන ගම, ඉංගිරිය",,,,,,,,,,6.7484078,80.1852769
Other,OTHER,NBRO/LRRMD-KLT/KAL/PALIND/LI/23/0193,KAL230310,Kalutara,Palindanuwara,,Walakada,836K,"වලකඩ, පාලින්දනුවර",,,,,,,,,,6.611692,80.261448
Other,OTHER,NBRO/LRRMD-KLT/KAL/KALUTA/LI/23/0202,KAL230322,Kalutara,Kalutara,,Vilegoda North,718C,"406/4, හොරණ පාර, විලේගොඩ, කළුතර උතුර",,,,,,,,,,6.6106153,79.9566806
Other,OTHER,NBRO/LRRMD-KLT/KAL/KALUTA/LI/23/0203,KAL230323,Kalutara,Kalutara,,Thekkawatta,723F,"නො .20, පන්විලහේන වත්ත, පන්විල, කළුතර",,,,,,,,,,6.5998164,79.9822382
Other,OTHER,NBRO/LRRMD-KLT/KAL/BERUWA/LI/23/0204,KAL230324,Kalutara,Beruwala,,Kalavilakanda,750B,"බුංවලකන්ද, කාලවිල, බේරුවල",,,,,,,,,,6.468666,80.0228661
Other,OTHER,NBRO/LRRMD-KLT/KAL/BERUWA/LI/23/0205,KAL230325,Kalutara,Beruwala,,Kalavilakanda,750B,"බුංවලකන්ද, කාලවිල, බේරුවල",,,,,,,,,,6.468457,80.0228359
Other,OTHER,NBRO/LRRMD-KLT/KAL/MATHUG/LI/23/0207,KAL230327,Kalutara,Mathugama,,Wettewa,805D,"56/39, රෝහල පාර, වෑත්තෑව, මතුගම",,,,,,,,,,6.5214149,80.1261486
Other,OTHER,NBRO/LRRMD-KLT/KAL/WALALL/LI/23/0212,KAL230342,Kalutara,Walallavita,,Yagirala,785,"යගිරල, වලල්ලාවිට",,,,,,,,,,6.375378,80.153256
Other,OTHER,NBRO/LRRMD-KLT/KAL/PALIND/LI/23/0215,KAL230347,Kalutara,Palindanuwara,,Maragahadeniya,835C,"මාරගහදෙනිය, පාලින්දනුවර",,,,,,,,,,6.54045,80.23511
Other,OTHER,NBRO/LRRMD-KLT/KAL/MILLAN/LI/23/0218,KAL230350,Kalutara,Millaniya,,Uduwara North,638B,"නො. 115, බොරළුතැටිය, බටගොඩ, ගල්පාත",,,,,,,,,,6.6433117,80.0472494
Other,OTHER,NBRO/LRRMD-KLT/KAL/PALIND/LI/23/0229,KAL230364,Kalutara,Palindanuwara,,Maragahadeniya,835C,"මාරගහදෙනිය, පාලින්දනුවර",,,,,,,,,,6.5458064,80.21698
Other,OTHER,NBRO/LRRMD-KLT/KAL/BULATS/LI/23/0232,KAL230367,Kalutara,Bulathsinhala,,Demodarawatta,819E,"දෙමෝදරවත්ත, බුලත්සිංහල",,,,,,,,,,6.6152479,80.1719382
Other,OTHER,NBRO/LRRMD-KLT/KAL/DODANG/LI/23/0243,KAL230384,Kalutara,Dodangoda,,Ihala Nebada,807A,"මතුගම පාර, ඉහළ නෑබඩ, නෑබඩ",,,,,,,,,,6.5827558,80.0903602
Other,OTHER,NBRO/LRRMD-KLT/KAL/DODANG/LI/23/0254,KAL230396,Kalutara,Dodangoda,,Puhambugoda East,799,"පුහාඹුගොඩ, දොඩන්ගොඩ",,,,,,,,,,6.526064,80.056822
Other,OTHER,NBRO/LRRMD-KLT/KAL/BERUWA/LI/23/0258,KAL230402,Kalutara,Beruwala,,Kalavilakanda,750B,"බුංවලකන්ද, කාලවිල, බේරුවල",,,,,,,,,,6.4708588,80.0239873
Other,OTHER,NBRO/LRRMD-KLT/KAL/BULATS/LI/23/0283,KAL230432,Kalutara,Bulathsinhala,,Yatagampitiya,823,"නාගහදොළ, බුලත්සිංහල",,,,,,,,,,6.661896,80.200911
Other,OTHER,NBRO/LRRMD-KLT/KAL/BULATS/LI/23/0284,KAL230433,Kalutara,Bulathsinhala,,Amaragedara North,821E,"හොරටියල් මූකලාන, අමරගෙදර, බුලත්සිංහල",,,,,,,,,,6.690163,80.186432
Other,OTHER,NBRO/LRRMD-KLT/KAL/WALALL/LI/23/0290,KAL230439,Kalutara,Walallavita,,Ranepuragoda,843I,"රණේපුරගොඩ, පහළ හෙවෙස්ස, වලල්ලාවිට.",,,,,,,,,,6.4176595,80.242138
Other,OTHER,NBRO/LRRMD-KLT/KAL/DODANG/LI/23/0306,KAL230457,Kalutara,Dodangoda,,Gamagoda East,724,"උඳුපිටියගොඩ, ගමගොඩ, කළුතර",,,,,,,,,,6.5957092,80.0175426
Other,OTHER,NBRO/LRRMD-KLT/KAL/PALIND/LI/23/0309,KAL230460,Kalutara,Palindanuwara,,Hedigalla,838,"මඩොල්ගහහේනකැලේ, හැඩිගල්ල, පාලින්දනුවර",,,,,,,,,,6.477458,80.280699
Other,OTHER,NBRO/LRRMD-KLT/KAL/KALUTA/LI/23/0317,KAL230471,Kalutara,Kalutara,,Mawala South,705A,"නො. 260/9A, මාවල දකුණ, වාද්දූව",,,,,,,,,,6.656969,79.959758
Other,OTHER,NBRO/LRRMD-KLT/KAL/KALUTA/LI/23/0320,KAL230474,Kalutara,Kalutara,,Thekkawatta,723F,"A/4, ජෙසුයිට් නිවාස, තේක්කවත්ත, පලාතොට, කළුතර දකුණ",,,,,,,,,,6.597293,79.974736
Other,OTHER,NBRO/LRRMD-KLT/KAL/HORANA/LI/23/0325,KAL230479,Kalutara,Horana,,Kumbuka East,607,"වැලිකඩයාහේන, බටුවිට පාර, ගෝනපල",,,,,,,,,,6.7535985,80.0297346
Other,OTHER,NBRO/LRRMD-KLT/KAL/MATHUG/LI/23/0329,KAL230485,Kalutara,Mathugama,,Kolehekada,798A,"කොළැහැකඩ, නවුත්තුඩුව, මතුගම",,,,,,,,,,6.478054,80.081498
Other,OTHER,NBRO/LRRMD-KLT/KAL/WALALL/LI/23/0330,KAL230486,Kalutara,Walallavita,,Gulavita South,789A,"මහගෙදර වත්ත, ගුලවිට දකුණ, වලල්ලාවිට",,,,,,,,,,6.4119638,80.1653973
Other,OTHER,NBRO/LRRMD-KLT/KAL/DODANG/LI/23/0332,KAL230488,Kalutara,Dodangoda,,Koholana North,719B,"හෙට්ටිගොඩ, කොහොලාන, කළුතර දකුණ",,,,,,,,,,6.6137496,79.9861353
Other,OTHER,NBRO/LRRMD-KLT/KAL/MATHUG/LI/23/0333,KAL230489,Kalutara,Mathugama,,Navuttuduwa,796,"9A/2, රණවිරු නිමල් මාවත, හිරිවැද්දල",,,,,,,,,,6.482763,80.072419
Other,OTHER,NBRO/LRRMD-KLT/KAL/WALALL/LI/23/0334,KAL230490,Kalutara,Walallavita,,Pannila,791,"පන්නිල, වලල්ලාවිට",,,,,,,,,,6.43629,80.100087
Other,OTHER,NBRO/LRRMD-KLT/KAL/BULATS/LI/23/0342,KAL230507,Kalutara,Bulathsinhala,,Bogahawatta,819D,"35/2B, විලෙහිවත්ත, මහගම, බුලත්සිංහල",,,,,,,,,,6.605039,80.153127
Other,OTHER,NBRO/LRRMD-KLT/KAL/INGIRI/LI/23/0346,KAL230511,Kalutara,Ingiriya,,Maha Ingiriya,620G,"නො. 820, ඇලබඩ පාර, ඉංගිරිය.",,,,,,,,,,6.753241,80.168444
Other,OTHER,NBRO/LRRMD-KLT/KAL/INGIRI/LI/23/0347,KAL230512,Kalutara,Ingiriya,,Urugala East,619,"හොලොම්බුවේ ගෙදර, ඌරුගල, උඩහ, ඉංගිරිය.",,,,,,,,,,6.730184,80.197786
Other,OTHER,NBRO/LRRMD-KLT/KAL/MILLAN/LI/23/0349,KAL230517,Kalutara,Millaniya,,Pethigamuwa North,653B,"නො. 117/2, පෙතිගමුව කන්ද, හල්තොට",,,,,,,,,,6.67998,80.056323
Other,OTHER,NBRO/LRRMD-KLT/KAL/MILLAN/LI/23/0350,KAL230518,Kalutara,Millaniya,,Lenawara,647A,"187/25/1, ලෙනවර, මිල්ලනිය.",,,,,,,,,,6.697889,80.034594
Other,OTHER,NBRO/LRRMD-KLT/KAL/BULATS/LI/23/0351,KAL230521,Kalutara,Bulathsinhala,,Kongasthenna,822F,"2023 ක්‍ෂේත්‍රය, කෝන්ගස්තැන්න, හල්වතුර වතුයාය, බුලත්සිංහල",,,,,,,,,,6.723024,80.186535
Other,OTHER,NBRO/LRRMD-KLT/KAL/KALUTA/LI/23/0363,KAL230534,Kalutara,Kalutara,,Welapura,725B,"ශ්‍රී පූර්වාරාම ධර්මවිජය පිරිවෙන, කළුතර දකුණ",,,,,,,,,,6.584249,79.965752
Other,OTHER,NBRO/LRRMD-KLT/KAL/PALIND/LI/23/0383,KAL230554,Kalutara,Palindanuwara,,Bellana,834,"හල්දොළ හන්දිය, බෙල්ලන, පාලින්දනුවර",,,,,,,,,,6.524445,80.194879
Other,OTHER,NBRO/LRRMD-KLT/KAL/BULATS/LI/23/0389,KAL230562,Kalutara,Bulathsinhala,,Halwathura,822A,"හල්වතුර වත්ත, දෙල්මෑල්ල කොටස, බුලත්සිංහල",,,,,,,,,,6.7008158,80.1965857
Other,OTHER,NBRO/LRRMD-KLT/KAL/WALALL/LI/23/0426,KAL230599,Kalutara,Walallavita,,Pannila,791,"කොහිලදෙණිය, පන්නිල.",,,,,,,,,,6.4368054,80.1106454
Other,OTHER,NBRO/LRRMD-KLT/KAL/BERUWA/LI/23/0427,KAL230600,Kalutara,Beruwala,,Mehimulla,733B,"මැහිමුල්ල, බේරුවල.",,,,,,,,,,6.5546535,79.9960725
Other,OTHER,NBRO/LRRMD-KLT/KAL/BERUWA/LI/23/0428,KAL230601,Kalutara,Beruwala,,Mehimulla,733B,"මැහිමුල්ල, පයාගල, බේරුවල",,,,,,,,,,6.5549666,79.9960826
Other,OTHER,NBRO/LRRMD-KLT/KAL/DODANG/LI/23/0431,KAL230604,Kalutara,Dodangoda,,Nebada,807,"71/2, කෙලින් වීදිය, නෑබොඩ",,,,,,,,,,6.58514,80.088546
Other,OTHER,NBRO/LRRMD-KLT/KAL/BERUWA/LI/23/0437,KAL230610,Kalutara,Beruwala,,Mehimulla,733B,"අනුරේඛන අංක Ka/BRW/17/227, මැහිමුල්ල, බේරුවල",,,,,,,,,,6.5532283,79.99559
Other,OTHER,NBRO/LRRMD-KLT/KAL/BERUWA/LI/23/0438,KAL230611,Kalutara,Beruwala,,Mehimulla,733B,"369C, මැහිමුල්ල, පයාගල, බේරුවල",,,,,,,,,,6.552913,79.995428
Other,OTHER,NBRO/LRRMD-KLT/KAL/BERUWA/LI/23/0439,KAL230612,Kalutara,Beruwala,,Mehimulla,733B,"මැහිමුල්ල, බේරුවල.",,,,,,,,,,6.553251,79.99523
Other,OTHER,NBRO/LRRMD-KLT/KAL/BERUWA/LI/23/0440,KAL230613,Kalutara,Beruwala,,Mehimulla,733B,"මැහිමුල්ල, පයාගල, බේරුවල",,,,,,,,,,6.554061,79.996981
Other,OTHER,NBRO/LRRMD-KLT/KAL/BERUWA/LI/23/0441,KAL230614,Kalutara,Beruwala,,Mehimulla,733B,"371 A/1, මැහිමුල්ල, පයාගල, බේරුවල",,,,,,,,,,6.554845,79.997683
Other,OTHER,NBRO/LRRMD-KLT/KAL/BERUWA/LI/23/0442,KAL230615,Kalutara,Beruwala,,Mehimulla,733B,"මැහිමුල්ල, පයාගල, බේරුවල",,,,,,,,,,6.553733,79.999231
Other,OTHER,NBRO/LRRMD-KLT/KAL/DODANG/LI/23/0446,KAL230619,Kalutara,Dodangoda,,Wattahena,807E,"සිංහල ගම්මානය, දීගල්ල, දොඩන්ගොඩ",,,,,,,,,,6.56317,80.088063
Other,OTHER,NBRO/LRRMD-KLT/KAL/WALALL/LI/23/0449,KAL230622,Kalutara,Walallavita,,Lihiniyawa West,848B,"ළිහිණියාව කන්ද, ළිහිණියාව, වලල්ලාවිට",,,,,,,,,,6.463061,80.159827
Other,OTHER,NBRO/LRRMD-KLT/KAL/BERUWA/LI/23/0457,KAL230630,Kalutara,Beruwala,,Halkandavila,744,"බස්තියන් මාවත, හල්වල කැලේ, හල්කඳවිල.",,,,,,,,,,6.515831,80.021372
Other,OTHER,NBRO/LRRMD-KLT/KAL/BERUWA/LI/23/0458,KAL230631,Kalutara,Beruwala,,Halkandavila,744,"බස්තියන් මාවත, හල්කඳවිල්, බේරුවල",,,,,,,,,,6.515192,80.02142
Other,OTHER,NBRO/LRRMD-KLT/KAL/BERUWA/LI/23/0459,KAL230632,Kalutara,Beruwala,,Katukurundugahalanda East,738B,"බෝතලදෙනිය, හල්කඳවිල, පයාගල, බේරුවල.",,,,,,,,,,6.518374,80.010429
Other,OTHER,NBRO/LRRMD-KLT/KAL/BERUWA/LI/23/0460,KAL230633,Kalutara,Beruwala,,Katukurundugahalanda East,738B,"බෝකල්දෙනිය, හල්කඳවිල, පයාගල, බේරුවල.",,,,,,,,,,6.517914,80.010634
Other,OTHER,NBRO/LRRMD-KLT/KAL/BERUWA/LI/23/0461,KAL230634,Kalutara,Beruwala,,Katukurundugahalanda East,738B,"බෝතලදෙනිය, හල්කඳවිල, පයාගල, බේරුවල.",,,,,,,,,,6.518155,80.010499
Other,OTHER,NBRO/LRRMD-KLT/KAL/BERUWA/LI/23/0466,KAL230639,Kalutara,Beruwala,,Katukurundugahalanda East,738B,"රාගලවල, හල්කඳවිල, පයාගල, බේරුවල.",,,,,,,,,,6.518576,80.011398
Other,OTHER,NBRO/LRRMD-KLT/KAL/BERUWA/LI/23/0467,KAL230640,Kalutara,Beruwala,,Katukurundugahalanda East,738B,"රාගලවල, බෝතලදෙණිය, පයාගල, බේරුවල.",,,,,,,,,,6.516754,80.011611
Other,OTHER,NBRO/LRRMD-KLT/KAL/BERUWA/LI/23/0468,KAL230641,Kalutara,Beruwala,,Katukurundugahalanda East,738B,"රාගලවල, හල්කඳවිල, පයාගල, බේරුවල.",,,,,,,,,,6.518384,80.012069
Other,OTHER,NBRO/LRRMD-KLT/KAL/BERUWA/LI/23/0469,KAL230642,Kalutara,Beruwala,,Katukurundugahalanda East,738B,"රාගලවල, හල්කඳවිල, පයාගල, බේරුවල.",,,,,,,,,,6.518165,80.012247
Other,OTHER,NBRO/LRRMD-KLT/KAL/BERUWA/LI/23/0470,KAL230643,Kalutara,Beruwala,,Katukurundugahalanda East,738B,"රාගලවල, හල්කඳවිල, පයාගල, බේරුවල.",,,,,,,,,,6.518226,80.011589
Other,OTHER,NBRO/LRRMD-KLT/KAL/BERUWA/LI/23/0471,KAL230644,Kalutara,Beruwala,,Katukurundugahalanda East,738B,"රාගලවල, හල්කඳවිල, පයාගල, බේරුවල.",,,,,,,,,,6.518479,80.013109
Other,OTHER,NBRO/LRRMD-KLT/KAL/BERUWA/LI/23/0473,KAL230646,Kalutara,Beruwala,,Katukurundugahalanda East,738B,"බෝතලදෙනිය, හල්කඳවිල, බේරුවල",,,,,,,,,,6.51906,80.010568
Other,OTHER,NBRO/LRRMD-KLT/KAL/BERUWA/LI/23/0474,KAL230647,Kalutara,Beruwala,,Katukurundugahalanda East,738B,"බෝතලදෙනිය, හල්කඳවිල, බේරුවල.",,,,,,,,,,6.517428,80.011188
Other,OTHER,NBRO/LRRMD-KLT/KAL/BERUWA/LI/23/0475,KAL230648,Kalutara,Beruwala,,Katukurundugahalanda East,738B,"හල්කඳවිල, පයාගල, බේරුවල",,,,,,,,,,6.515624,80.012772
Other,OTHER,NBRO/LRRMD-KLT/KAL/BERUWA/LI/23/0476,KAL230649,Kalutara,Beruwala,,Katukurundugahalanda East,738B,"රාගලවල, බෝතලදෙනිය, පයාගල, බේරුවල.",,,,,,,,,,6.517313,80.01146
Other,OTHER,NBRO/LRRMD-KLT/KAL/BERUWA/LI/23/0477,KAL230650,Kalutara,Beruwala,,Katukurundugahalanda East,738B,"හල්කඳවිල, පයාගල, බේරුවල.",,,,,,,,,,6.516066,80.012749
Other,OTHER,NBRO/LRRMD-KLT/KAL/KALUTA/LI/23/0479,KAL230652,Kalutara,Kalutara,,Kalutara South,725,"කළුතර විද්‍යාලය, කළුතර",,,,,,,,,,6.574434,79.965692
Other,OTHER,NBRO/LRRMD-KLT/KAL/AGALAW/LI/24/0003,KAL240006,Kalutara,Agalawatta,,Kevitiyagala,846,"උඩුමුල්ල,කෙවිටියාගල, පොල්ගම්පල",,,,,,,,,,6.482406,80.187177
Other,OTHER,NBRO/LRRMD-KLT/KAL/PALIND/LI/24/0007,KAL240013,Kalutara,Palindanuwara,,Pelenda,836,"පැළෑඳ, පාලින්දනුවර",,,,,,,,,,6.563119,80.242057
Other,OTHER,NBRO/LRRMD-KLT/KAL/BULATS/LI/24/0020,KAL240036,Kalutara,Bulathsinhala,,Ihala Kudaligama,817,"ඉහළ කුඩලිගම, නෑබඩ, බුලත්සිංහල",,,,,,,,,,6.5813516,80.1221662
Other,OTHER,NBRO/LRRMD-KLT/KAL/MADURW/LI/24/0025,KAL240043,Kalutara,Madurawela,,Remuna,650,"කළු/ප්‍ර/4818 දීමනා පත්‍ර, පි.පි.ඒ. 3926, රෙමුණ, මාහේන, මදුරාවල",,,,,,,,,,6.687153,80.066709
Other,OTHER,NBRO/LRRMD-KLT/KAL/BERUWA/LI/24/0027,KAL240050,Kalutara,Beruwala,,Pambe,733A,"අනුරේඛණ KA/BRW/97/250, පඹේ, මැහිමුල්ල, බේරුවල",,,,,,,,,,6.5549666,79.9960826
Other,OTHER,NBRO/LRRMD-KLT/KAL/BERUWA/LI/24/0028,KAL240051,Kalutara,Beruwala,,Pambe,733A,"අනුරේඛණ KA/BRW/97/250, පඹේ, මැහිමුල්ල, බේරුවල",,,,,,,,,,6.551086,79.996679
Other,OTHER,NBRO/LRRMD-KLT/KAL/BERUWA/LI/24/0029,KAL240052,Kalutara,Beruwala,,Maggona East,743,"කැබලි අංක 20, නිර්මලවත්ත, මග්ගොන, බේරුවල",,,,,,,,,,6.500748,79.984203
Other,OTHER,NBRO/LRRMD-KLT/KAL/BERUWA/LI/24/0030,KAL240053,Kalutara,Beruwala,,Maggona East,743,"කැබලි අංක 31, නිර්මල වත්ත, මග්ගොන, බේරුවල",,,,,,,,,,6.500028,79.983656
Other,OTHER,NBRO/LRRMD-KLT/KAL/BERUWA/LI/24/0031,KAL240054,Kalutara,Beruwala,,Maggona East,743,"කැබලි අංක 73, නිර්මල වත්ත, මග්ගොන, බේරුවල",,,,,,,,,,6.49864,79.987349
Other,OTHER,NBRO/LRRMD-KLT/KAL/BERUWA/LI/24/0032,KAL240055,Kalutara,Beruwala,,Maggona East,743,"නිර්මල වත්ත, මග්ගොන, බේරුවල",,,,,,,,,,6.498962,79.987557
Other,OTHER,NBRO/LRRMD-KLT/KAL/BERUWA/LI/24/0036,KAL240066,Kalutara,Beruwala,,Weragala,738A,"කැබලි අංක AZ, මිල්ලගස්උඩුමුල්ල, වේරගල, පයාගල",,,,,,,,,,6.5280903,80.013983
Other,OTHER,NBRO/LRRMD-KLT/KAL/BERUWA/LI/24/0037,KAL240067,Kalutara,Beruwala,,Weragala,738A,"කැබලි අංක BC, මිල්ලගස්උඩුමුල්ල, වේරගල, පයාගල.",,,,,,,,,,6.527693,80.013931
Other,OTHER,NBRO/LRRMD-KLT/KAL/BERUWA/LI/24/0038,KAL240068,Kalutara,Beruwala,,Hirigalgodella,737A,"කජුදූව, හිරිගල්ගොඩැල්ල, පයාගල, බේරුවල",,,,,,,,,,6.542162,79.998421
Other,OTHER,NBRO/LRRMD-KLT/KAL/AGALAW/LI/24/0056,KAL240092,Kalutara,Agalawatta,,Kithulgoda South,833A,"වැලිකන්ද පාර, කිතුල්ගොඩ, අගලවත්ත.",,,,,,,,,,6.4975706,80.1886997
Other,OTHER,NBRO/LRRMD-KLT/KAL/AGALAW/LI/24/0060,KAL240096,Kalutara,Agalawatta,,Girikola,827A,"සිරිගුණරතන කනිෂ්ඨ විද්‍යාලය, ගිරිකොළ, අගලවත්ත.",,,,,,,,,,6.571901,80.145788
Other,OTHER,NBRO/LRRMD-KLT/KAL/BERUWA/LI/24/0073,KAL240119,Kalutara,Beruwala,,Mehimulla,733B,"ගොරකගහදෙණිය, මැහිමුල්ල, බේරුවල",,,,,,,,,,6.5531587,79.9919248
Other,OTHER,NBRO/LRRMD-KLT/KAL/AGALAW/LI/24/0074,KAL240120,Kalutara,Agalawatta,,Kithulgoda South,833A,"උඩදෙනිය, කිතුල්ගොඩ, අගලවත්ත",,,,,,,,,,6.4917536,80.1923753
Other,OTHER,NBRO/LRRMD-KLT/KAL/BERUWA/LI/24/0075,KAL240121,Kalutara,Beruwala,,Pambe,733A,"මැහිමුල්ලකන්ද, පයාගල, බේරුවල.",,,,,,,,,,6.5513613,79.9965587
Other,OTHER,NBRO/LRRMD-KLT/KAL/BERUWA/LI/24/0076,KAL240122,Kalutara,Beruwala,,Pambe,733A,"මැහිමුල්ලකන්ද, පයාගල, බේරුවල",,,,,,,,,,6.551413,79.996924
Other,OTHER,NBRO/LRRMD-KLT/KAL/BERUWA/LI/24/0081,KAL240131,Kalutara,Beruwala,,Katukurundugahalanda East,738B,"පැපිලියගහලන්ද, බේරුවල.",,,,,,,,,,6.523438,80.00852
Other,OTHER,NBRO/LRRMD-KLT/KAL/BERUWA/LI/24/0082,KAL240132,Kalutara,Beruwala,,Katukurundugahalanda East,738B,"පැපිලියගහලන්ද, බේරුවල.",,,,,,,,,,6.522632,80.009614
Other,OTHER,NBRO/LRRMD-KLT/KAL/BERUWA/LI/24/0083,KAL240133,Kalutara,Beruwala,,Katukurundugahalanda East,738B,"පැපිලියගහලන්ද, බේරුවල.",,,,,,,,,,6.522947,80.010459
Other,OTHER,NBRO/LRRMD-KLT/KAL/BERUWA/LI/24/0084,KAL240134,Kalutara,Beruwala,,Katukurundugahalanda East,738B,"පැපිලියගහලන්ද, බේරුවල",,,,,,,,,,6.522582,80.010209
Other,OTHER,NBRO/LRRMD-KLT/KAL/BERUWA/LI/24/0085,KAL240135,Kalutara,Beruwala,,Katukurundugahalanda East,738B,"පැපිලියගහලන්ද, බේරුවල",,,,,,,,,,6.521885,80.009519
Other,OTHER,NBRO/LRRMD-KLT/KAL/BERUWA/LI/24/0086,KAL240136,Kalutara,Beruwala,,Katukurundugahalanda East,738B,"පැපිලියගහලන්ද, බේරුවල.",,,,,,,,,,6.521164,80.010024
Other,OTHER,NBRO/LRRMD-KLT/KAL/PALIND/LI/24/0110,KAL240167,Kalutara,Palindanuwara,,Yakupitiya,834D,-,,,,,,,,,,6.5076268,80.1991332
Other,OTHER,NBRO/LRRMD-KLT/KAL/BULATS/LI/24/0146,KAL240219,Kalutara,Bulathsinhala,,Demodarawatta,819E,"දෙමෝදර වත්ත, මහගම, බුලත්සිංහල",,,,,,,,,,6.621568,80.16087
Other,OTHER,NBRO/LRRMD-KLT/KAL/BULATS/LI/24/0152,KAL240228,Kalutara,Bulathsinhala,,Yahalawatta,822D,"කුඹුරගෙදර පාර, බෝතලේගම, බුලත්සිංහල.",,,,,,,,,,6.7077811,80.1612872
Other,OTHER,NBRO/LRRMD-KLT/KAL/PANADU/LI/24/0179,KAL240270,Kalutara,Panadura,,Molligoda South,704B,"නො. 53, පිරිවෙන පාර, මොල්ලිගොඩ, පානදුර.",,,,,,,,,,6.6528204,79.939776
Other,OTHER,NBRO/LRRMD-KLT/KAL/PALIND/LI/24/0189,KAL240280,Kalutara,Palindanuwara,,Thiniyawala,842A,"6 හවුල, තිනියාවල, පාලින්දනුවර",,,,,,,,,,6.423692,80.324713
Other,OTHER,NBRO/LRRMD-KLT/KAL/BERUWA/LI/24/0194,KAL240285,Kalutara,Beruwala,,Pinhena Colony,759B,"පිංහේන ජනපදය, පාදාගොඩ, බේරුවල.",,,,,,,,,,6.463757,80.0138203
Other,OTHER,NBRO/LRRMD-KLT/KAL/PALIND/LI/24/0195,KAL240287,Kalutara,Palindanuwara,,Diganna,836N,අත්වැල්තොට - දිගන්න කළුකන්දාව මාර්ගය සංවර්ධනය කිරීම,,,,,,,,,,6.52299,80.303862
Other,OTHER,NBRO/LRRMD-KLT/KAL/BULATS/LI/24/0218,KAL240325,Kalutara,Bulathsinhala,,Paragoda East,825A,"හීන්පැන්දල, පරගොඩ, බුලත්සිංහල",,,,,,,,,,6.6317317,80.222744
Other,OTHER,NBRO/LRRMD-KLT/KAL/BULATS/LI/24/0237,KAL240355,Kalutara,Bulathsinhala,,Ihala Naragala,813A,"ඉහළ නාරගල, ගෝවින්න.",,,,,,,,,,6.696341,80.1109056
Other,OTHER,NBRO/LRRMD-KLT/KAL/AGALAW/LI/24/0242,KAL240360,Kalutara,Agalawatta,,Wandurabba,830,"නො. 05, මර්වින් සමරනායක මාවත, අගලවත්ත.",,,,,,,,,,6.5377266,80.1607514
Other,OTHER,NBRO/LRRMD-KLT/KAL/HORANA/LI/24/0269,KAL240399,Kalutara,Horana,,Wewala East,615G,"වෑවල, හොරණ.",,,,,,,,,,6.7111398,80.0685092
Other,OTHER,NBRO/LRRMD-KLT/KAL/MILLAN/LI/24/0278,KAL240409,Kalutara,Millaniya,,Yatawara North,640,"වැලිකැටිය, යටවර, යටවර හන්දිය, කළුතර දකුණ",,,,,,,,,,6.603676,80.028939
Other,OTHER,NBRO/LRRMD-KLT/KAL/WALALL/LI/24/0279,KAL240412,Kalutara,Walallavita,,Walallavita East,787,"උඩුමුල්ල පාර, වලල්ලාවිට.",,,,,,,,,,6.379735,80.192905
Other,OTHER,NBRO/LRRMD-KLT/KAL/BULATS/LI/24/0288,KAL240426,Kalutara,Bulathsinhala,,Kobawaka South,813B,"කිරිමැටිවලකඩ, කොබවක, ගෝවින්න, බුලත්සිංහල.",,,,,,,,,,6.6634803,80.146923
Other,OTHER,NBRO/LRRMD-KLT/KAL/BULATS/LI/24/0293,KAL240437,Kalutara,Bulathsinhala,,Delmella,821A,"දෙල්මෑල්ල, බුලත්සිංහල",,,,,,,,,,6.681943,80.210518
Other,OTHER,NBRO/LRRMD-KLT/KAL/BULATS/LI/24/0295,KAL240445,Kalutara,Bulathsinhala,,Amaragedara North,821E,"අමරගෙදර, බුලත්සිංහල.",,,,,,,,,,6.683235,80.19099
Other,OTHER,NBRO/LRRMD-KLT/KAL/DODANG/LI/24/0307,KAL240460,Kalutara,Dodangoda,,Thudugala East,808A,"විමලසාර නාහිමි මාවත, තුඩුගල, දොඩංගොඩ",,,,,,,,,,6.563379,80.060138
Other,OTHER,NBRO/LRRMD-KLT/KAL/BULATS/LI/24/0312,KAL240467,Kalutara,Bulathsinhala,,Pahala Naragala,812A,"""පුබුදු"", වැලිකොටුව, ගෝවින්න, බුලත්සිංහල",,,,,,,,,,6.6790224,80.1083451
Other,OTHER,NBRO/LRRMD-KLT/KAL/BULATS/LI/24/0315,KAL240471,Kalutara,Bulathsinhala,,Mahagama South,819A,"Udatiyawala, Mahagama",,,,,,,,,,6.5800629,80.1588826
Other,OTHER,NBRO/LRRMD-KLT/KAL/BULATS/LI/24/0324,KAL240481,Kalutara,Bulathsinhala,,Gamagewatta,819H,Gamagewatta,,,,,,,,,,6.5828347,80.1772926
Other,OTHER,NBRO/LRRMD-KLT/KAL/MATHUG/LI/24/0337,KAL240495,Kalutara,Mathugama,,Yatadolawatta West,802B,"Aluthgamgoda Junction, Payagala Road, Nawunthuduwa",,,,,,,,,,6.503504,80.054974
Other,OTHER,NBRO/LRRMD-KLT/KAL/BULATS/LI/24/0347,KAL240505,Kalutara,Bulathsinhala,,Udugalakanda,821G,"උඩුගලකන්ද, බුලත්සිංහල.",,,,,,,,,,6.668636,80.2351951
Other,OTHER,NBRO/LRRMD-KLT/KAL/AGALAW/LI/24/0357,KAL240519,Kalutara,Agalawatta,,Bodhiyakanda,830C,Bodhiyakandawatta,,,,,,,,,,6.510739,80.153346
Other,OTHER,NBRO/LRRMD-KLT/KAL/AGALAW/LI/24/0358,KAL240520,Kalutara,Agalawatta,,Bodhiyakanda,830C,Bodhiyakandawatta,,,,,,,,,,6.511095,80.152901
Other,OTHER,NBRO/LRRMD-KLT/KAL/AGALAW/LI/24/0359,KAL240521,Kalutara,Agalawatta,,Bodhiyakanda,830C,Bodhiyakandawatta,,,,,,,,,,6.513969,80.149986
Other,OTHER,NBRO/LRRMD-KLT/KAL/BULATS/LI/24/0373,KAL240535,Kalutara,Bulathsinhala,,Mahagama East,819B,"Ilukketiya, Mahagama",,,,,,,,,,6.6130235,80.1637803
Other,OTHER,NBRO/LRRMD-KLT/KAL/MATHUG/LI/24/0387,KAL240549,Kalutara,Mathugama,,Yattovita,805E,"Okandawatta, Panthiya, Mathugama",,,,,,,,,,6.525874,80.099949
Other,OTHER,NBRO/LRRMD-KLT/KAL/PALIND/LI/24/0406,KAL240568,Kalutara,Palindanuwara,,Boralugoda,842,"Boralugoda, Mathugama",,,,,,,,,,6.4420353,80.2855995
Other,OTHER,NBRO/LRRMD-KLT/KAL/BERUWA/LI/24/0424,KAL240586,Kalutara,Beruwala,,Mahagammedda,739,"6D, Induruwagoda, Daluwatta, Payagala.",,,,,,,,,,6.525502,79.980983
Other,OTHER,NBRO/LRRMD-KLT/KAL/MADURW/LI/24/0439,KAL240601,Kalutara,Madurawela,,Kananvila,633A,"අංක 43, නාගහකන්ද, ප්‍රබුද්ධගම, මදුරාවල",,,,,,,,,,6.658447,80.086865
Other,OTHER,NBRO/LRRMD-KLT/KAL/AGALAW/LI/24/0442,KAL240604,Kalutara,Agalawatta,,Kalupahana,847,"මහකළුපහන , මතුගම.",,,,,,,,,,6.4748758,80.162655
Other,OTHER,NBRO/LRRMD-KLT/KAL/AGALAW/LI/24/0447,KAL240609,Kalutara,Agalawatta,,Kithulgoda,833,"කැන්දගහහේන, අගලවත්ත.",,,,,,,,,,6.506526,80.184095
Other,OTHER,NBRO/LRRMD-KLT/KAL/MILLAN/LI/24/0456,KAL240618,Kalutara,Millaniya,,Delgoda,639A,"දෙල්ගොඩ, මිල්ලනිය",,,,,,,,,,6.61275,80.04758
Other,OTHER,NBRO/LRRMD-KLT/KAL/AGALAW/LI/24/0460,KAL240622,Kalutara,Agalawatta,,Harankahapatha,845A,"හරන්කහපත, අගලවත්ත",,,,,,,,,,6.475085,80.212609
Other,OTHER,NBRO/LRRMD-KLT/KAL/WALALL/LI/24/0465,KAL240627,Kalutara,Walallavita,,Katudora,787A,"කටදොරවත්ත, කටදොර, වලල්ලාවිට",,,,,,,,,,6.391051,80.186258
Other,OTHER,NBRO/LRRMD-KLT/KAL/BERUWA/LI/24/0469,KAL240631,Kalutara,Beruwala,,Kalavilakanda,750B,"බුංවලකන්ද ,කාලවිලකන්ද,බේරුවල",,,,,,,,,,6.470911,80.025827
Other,OTHER,NBRO/LRRMD-KLT/KAL/PALIND/LI/24/0471,KAL240633,Kalutara,Palindanuwara,,Diganna,836N,"දිගන්න ,පාලින්දනුවර",,,,,,,,,,6.53469,80.292405
Other,OTHER,NBRO/LRRMD-KLT/KAL/BERUWA/LI/24/0473,KAL240635,Kalutara,Beruwala,,Katukurundugahalanda East,738B,"කටුකුරුදුගහලන්ද ,බේරුවල",,,,,,,,,,6.521169,80.006867
Other,OTHER,NBRO/LRRMD-KLT/KAL/WALALL/LI/24/0495,KAL240657,Kalutara,Walallavita,,Ranepuragoda,843I,"රණේපුරගොඩ , වලල්ලාවිට",,,,,,,,,,6.420377,80.241718
Other,OTHER,NBRO/LRRMD-KLT/KAL/MILLAN/LI/24/0511,KAL240674,Kalutara,Millaniya,,Uduwara West,638,"උඩුවර, මිල්ලනිය",,,,,,,,,,6.623908,80.070754
Other,OTHER,NBRO/LRRMD-KLT/KAL/MILLAN/LI/24/0512,KAL240675,Kalutara,Millaniya,,Begamuwa Thalahitiya,640B,"බේගමුව, මිල්ලනිය",,,,,,,,,,6.591697,80.043636
Other,OTHER,NBRO/LRRMD-KLT/KAL/MILLAN/LI/25/0002,KAL250006,Kalutara,Millaniya,,Mahadurupitiya,639B,"No.43/2 Galpatha, Pathakada, Mahadurupitiya",,,,,,,,,,6.619604,80.046779
Other,OTHER,NBRO/LRRMD-KLT/KAL/BULATS/LI/25/0014,KAL250038,Kalutara,Bulathsinhala,,Kongasthenna,822F,"නවෝද්‍යාගම, බුලත්සිංහල.",,,,,,,,,,6.719972,80.197986
Other,OTHER,NBRO/LRRMD-KLT/KAL/BERUWA/LI/25/0024,KAL250059,Kalutara,Beruwala,,Akkara Asoowa,745B,"අක්කර අසූව, මිංහේන, මග්ගොන",,,,,,,,,,6.489976,80.003705
Other,OTHER,NBRO/LRRMD-KLT/KAL/DODANG/LI/25/0025,KAL250060,Kalutara,Dodangoda,,Thudugala East,808A,"78/4, තුඩුගල, දොඩන්ගොඩ.",,,,,,,,,,6.5581343,80.042302
Other,OTHER,NBRO/LRRMD-KLT/KAL/KALUTA/LI/25/0027,KAL250063,Kalutara,Kalutara,,Nagoda South,729,"නො 66 අරලිය ක්‍රවුන් සිටි, මතුගම පාර ,නාගොඩ, මතුගම",,,,,,,,,,6.564112,79.993597
Other,OTHER,NBRO/LRRMD-KLT/KAL/BULATS/LI/25/0028,KAL250064,Kalutara,Bulathsinhala,,Bogahawatta,819D,"බෝගහවත්ත ,මතුගම",,,,,,,,,,6.60683,80.14911
Other,OTHER,NBRO/LRRMD-KLT/KAL/MATHUG/LI/25/0030,KAL250069,Kalutara,Mathugama,,Aluthgamgoda,796A,"නො 28, ශ්‍රි නන්දසාර මාවත, අලුත්ගමිගොඩ, නවුත්තුඩුව",,,,,,,,,,6.502053,80.06176
Other,OTHER,NBRO/LRRMD-KLT/KAL/MILLAN/LI/25/0032,KAL250071,Kalutara,Millaniya,,Galpatha West,642A,"ගල්පාත ,බටගොඩ, කිතුලහේනවත්ත",,,,,,,,,,6.63701,80.05212
Other,OTHER,NBRO/LRRMD-KLT/KAL/AGALAW/LI/25/0042,KAL250092,Kalutara,Agalawatta,,Udawela,828,"උඩවෙල, අගලවත්ත",,,,,,,,,,6.557322,80.142773
Other,OTHER,NBRO/LRRMD-KLT/KAL/AGALAW/LI/25/0043,KAL250093,Kalutara,Agalawatta,,Udawela,828,"උඩවෙල, අගලවත්ත",,,,,,,,,,6.555796,80.142754
Other,OTHER,NBRO/LRRMD-KLT/KAL/BERUWA/LI/25/0045,KAL250095,Kalutara,Beruwala,,Bandanagoda,750A,"හුංගන්කැලේ ,බදනාගොඩ ,බේරුවල",,,,,,,,,,6.506526,80.184095
Other,OTHER,NBRO/LRRMD-KLT/KAL/DODANG/LI/25/0048,KAL250100,Kalutara,Dodangoda,,Thebuwana West,809A,"ග්‍රන්ථාගාර පිරිවෙන, තෙබුවන",,,,,,,,,,6.589832,80.055467
Other,OTHER,NBRO/LRRMD-KLT/KAL/DODANG/LI/25/0051,KAL250106,Kalutara,Dodangoda,,Nebada,807,"හොරණ පාර ,කඩවීදිය, නෑබඩ",,,,,,,,,,6.591645,80.085817
Other,OTHER,NBRO/LRRMD-KLT/KAL/WALALL/LI/25/0052,KAL250107,Kalutara,Walallavita,,Moragala,848,"මොරගල, වලල්ලාවිට",,,,,,,,,,6.461037,80.17917
Other,OTHER,NBRO/LRRMD-KLT/KAL/PALIND/LI/25/0054,KAL250111,Kalutara,Palindanuwara,,Diganna,836N,"මිල්ලගහවත්ත, පිටකට්ටිය,පාලින්දනුවර",,,,,,,,,,6.519907,80.307432
Other,OTHER,NBRO/LRRMD-KLT/KAL/HORANA/LI/25/0056,KAL250114,Kalutara,Horana,,Meemana,611A,"නො.351/2, මීමන, පොකුණුවිට",,,,,,,,,,6.732414,80.038331
Other,OTHER,NBRO/LRRMD-KLT/KAL/BULATS/LI/25/0071,KAL250142,Kalutara,Bulathsinhala,,Ihala Naragala South,813C,"කන්ද කුඔුර, ගොවින්න",,,,,,,,,,6.680343,80.122795
Other,OTHER,NBRO/LRRMD-KLT/KAL/WALALL/LI/25/0076,KAL250153,Kalutara,Walallavita,,Gorakadoowa,850C,"නො.316/6, නාමල්ගම, ගොරකදූව, පැලවත්ත",,,,,,,,,,6.550325,80.139828
Other,OTHER,NBRO/LRRMD-KLT/KAL/MATHUG/LI/25/0085,KAL250165,Kalutara,Mathugama,,Keeranthidiya,797,"කීරන්තිඩිය, මතුගම",,,,,,,,,,6.479546,80.0524271
Other,OTHER,NBRO/LRRMD-KLT/KAL/MATHUG/LI/25/0086,KAL250166,Kalutara,Mathugama,,Panthiya,804,"උතුරු පල්ලියගොඩ, පාන්තිය, මතුගම",,,,,,,,,,6.534877,80.108802
Other,OTHER,NBRO/LRRMD-KLT/KAL/BULATS/LI/25/0087,KAL250168,Kalutara,Bulathsinhala,,Yatagampitiya,823,"යටගම්පිටිය, බුලත්සිංහල",,,,,,,,,,6.640337,80.20845
Other,OTHER,NBRO/LRRMD-KLT/KAL/DODANG/LI/25/0089,KAL250173,Kalutara,Dodangoda,,Pelapitiyagoda,810,"නාර්තුපාන හන්දිය, තෙබුවන",,,,,,,,,,6.624085,80.075771
Other,OTHER,NBRO/LRRMD-KLT/KAL/PALIND/LI/25/0091,KAL250179,Kalutara,Palindanuwara,,Morapitiya,836A,"මොරපිටිය, පාලින්දනුවර",,,,,,,,,,6.533425,80.260049
Other,OTHER,NBRO/LRRMD-KLT/KAL/HORANA/LI/25/0097,KAL250190,Kalutara,Horana,,Henegama,609A,"නො.219/9, හේනෙගම, පොකුණුවිට",,,,,,,,,,6.724453,80.031059
Other,OTHER,NBRO/LRRMD-KLT/KAL/MATHUG/LI/25/0108,KAL250209,Kalutara,Mathugama,,Wettewa,805D,"පෙත්තකන්ද, වෑත්තෑව, මතුගම",,,,,,,,,,6.527783,80.123983
Other,OTHER,NBRO/LRRMD-KLT/KAL/PALIND/LI/25/0110,KAL250213,Kalutara,Palindanuwara,,Kalugala,840,"4 කණුව, හල්ගස්වල, හැඩිගල්ල",,,,,,,,,,6.473665,80.267339
Other,OTHER,NBRO/LRRMD-KLT/KAL/BULATS/LI/25/0121,KAL250228,Kalutara,Bulathsinhala,,Niggaha,823A,"නිග්ගහ, බුලත්සිංහල",,,,,,,,,,6.648693,80.215057
Other,OTHER,NBRO/LRRMD-KLT/KAL/HORANA/LI/25/0126,KAL250237,Kalutara,Horana,,Horana North,615,"බප/හො/හොරණ දෙමළ විද්‍යාලය, හොරණ",,,,,,,,,,6.711322,80.07036
Other,OTHER,NBRO/LRRMD-KLT/KAL/BULATS/LI/25/0128,KAL250241,Kalutara,Bulathsinhala,,Muduna,819G,"පොලේගොඩ, මහගම",,,,,,,,,,6.585696,80.17707
Other,OTHER,NBRO/LRRMD-KLT/KAL/HORANA/LI/25/0129,KAL250244,Kalutara,Horana,,Kirigalahena,617C,"නො.667/C, කිරිගලහේන, හොරණ",,,,,,,,,,6.73252,80.085753
Other,OTHER,NBRO/LRRMD-KLT/KAL/MILLAN/LI/25/0132,KAL250247,Kalutara,Millaniya,,Delkada,644A,"දැල්කඩ, මිල්ලනිය",,,,,,,,,,6.680814,79.992889
Other,OTHER,NBRO/LRRMD-KLT/KAL/PALIND/LI/25/0134,KAL250249,Kalutara,Palindanuwara,,Kapugama,834B,"උග්ගල්හේන ඉඩම, කපුගම, පාලින්දනුවර",,,,,,,,,,6.541952,80.286942
Other,OTHER,NBRO/LRRMD-KLT/KAL/PALIND/LI/25/0135,KAL250250,Kalutara,Palindanuwara,,Lathpandura,835,"ලත්පදුර, බදුරලිය",,,,,,,,,,6.52432,80.20795
Other,OTHER,NBRO/LRRMD-KLT/KAL/BULATS/LI/25/0140,KAL250255,Kalutara,Bulathsinhala,,Yatagampitiya,823,"මඟුරුවල, යටගම්පිටිය, බුලත්සිංහල",,,,,,,,,,6.644181,80.206101
Other,OTHER,NBRO/LRRMD-KLT/KAL/AGALAW/LI/25/0141,KAL250256,Kalutara,Agalawatta,,Kevitiyagala,846,"කෙවිටියාගල, අගලවත්ත",,,,,,,,,,6.468248,80.195868
Other,OTHER,NBRO/LRRMD-KLT/KAL/BULATS/LI/25/0147,KAL250272,Kalutara,Bulathsinhala,,Yatagampitiya,823,"ජයලත්ගොඩ,යටගම්පිටිය, බුලත්සිංහල",,,,,,,,,,6.647559,80.213863
Other,OTHER,NBRO/LRRMD-KLT/KAL/BULATS/LI/25/0149,KAL250275,Kalutara,Bulathsinhala,,Kobawaka North,813,"පන්සල අසල පාර,  කොබවක, ගෝවින්න",,,,,,,,,,6.685465,80.136244
Other,OTHER,NBRO/LRRMD-KLT/KAL/HORANA/LI/25/0152,KAL250281,Kalutara,Horana,,Horana North,615,"නො.113, ශ්‍රි සෝමානන්ද මාවත, හොරණ",,,,,,,,,,6.717482,80.063317
Other,OTHER,NBRO/LRRMD-KLT/KAL/BULATS/LI/25/0169,KAL250319,Kalutara,Bulathsinhala,,Kongasthenna,822F,"නො.162/E, ඇටකන්ද ජනපදය, හල්වතුර, බුලත්සිංහල",,,,,,,,,,6.716382,80.178729
Other,OTHER,NBRO/LRRMD-KLT/KAL/PALIND/LI/25/0170,KAL250320,Kalutara,Palindanuwara,,Lathpandura,835,"ලත්පදුර, පාලින්දනුවර",,,,,,,,,,6.520534,80.198689
Other,OTHER,NBRO/LRRMD-KLT/KAL/MATHUG/LI/25/0189,KAL250339,Kalutara,Mathugama,,Mathugama North,805B,"දේවාල පාර, ගුරුදොල, මතුගම",,,,,,,,,,6.534285,80.118501
Other,OTHER,NBRO/LRRMD-KLT/KAL/MATHUG/LI/25/0190,KAL250340,Kalutara,Mathugama,,Panthiya,804,"මලමිරිස්කන්ද, වැල්කන්දලපාර, මතුගම",,,,,,,,,,6.540566,80.092455
Other,OTHER,NBRO/LRRMD-KLT/KAL/MATHUG/LI/25/0191,KAL250341,Kalutara,Mathugama,,Wettewa,805D,"පහලවත්ත පාර, වෑත්තෑව",,,,,,,,,,6.531709,80.12696
Other,OTHER,NBRO/LRRMD-KLT/KAL/MATHUG/LI/25/0192,KAL250342,Kalutara,Mathugama,,Mathugama North,805B,"දේවාලකන්ද පාර, මතුගම",,,,,,,,,,6.533657,80.12007
Other,OTHER,NBRO/LRRMD-KLT/KAL/AGALAW/LI/25/0193,KAL250343,Kalutara,Agalawatta,,Evariwatta,826A,"ඇවරිවත්ත, ඕමත්ත, අගලවත්ත",,,,,,,,,,6.550089,80.180249
Other,OTHER,NBRO/LRRMD-KND/KDN/YATINU/LI/15/0053,KDN150053,Kandy,Yatinuwara,,Arambegama West,165,"171/ඒ, අරඹේගම, පිලිමතලාව",,,,,,,,,,7.2686659,80.5469199
Other,OTHER,NBRO/LRRMD-KND/KDN/YATINU/LI/17/0024,KDN170024,Kandy,Yatinuwara,,Udawela Pahalagama,179,"161, උඩවෙල, දන්තුරේ",,,,,,,,,,7.301424,80.532775
Other,OTHER,NBRO/LRRMD-KND/KDN/YATINU/LI/18/0021,KDN180022,Kandy,Yatinuwara,,Walgowwagoda,206,"114/1, වල්ගොව්වාගොඩ, දන්තුරේ",,,,,,,,,,7.2777399,80.8229633
Other,OTHER,NBRO/LRRMD-KND/KDN/YATINU/LI/18/0022,KDN180023,Kandy,Yatinuwara,,Edanduwawa West,132,"330/A, සිංහ සෙවන, කිරිබත්කුඹුර",,,,,,,,,,7.2562992,80.5812205
Other,OTHER,NBRO/LRRMD-KND/KDN/YATINU/LI/18/0023,KDN180024,Kandy,Yatinuwara,,Godigamuwa,187,"12/5, දොඩම්වල මළුව, මුරුතලාව",,,,,,,,,,7.2851659,80.543752
Other,OTHER,NBRO/LRRMD-KND/KDN/YATINU/LI/18/0026,KDN180027,Kandy,Yatinuwara,,Siyambalagoda,163,"331, වියඹලාගොඩ,  දන්රේ",,,,,,,,,,7.2797923,80.5415589
Other,OTHER,NBRO/LRRMD-KND/KDN/YATINU/LI/18/0032,KDN180033,Kandy,Yatinuwara,,Madiligama,195,"174, මාදිලිගම, මැණික්දිවෙල",,,,,,,,,,7.28557666,80.50526166
Other,OTHER,NBRO/LRRMD-KND/KDN/GANGIK/LI/18/0093,KDN180093,Kandy,Ganga Ihala Korale,,Pellapitiya South,1064,"පැල්ලපිටිය ජනපදය, කුරුදුවත්ත කඩවීදීය",,,,,,,,,,7.1158414,80.543751
Other,OTHER,NBRO/LRRMD-KND/KDN/UDUNUW/LI/18/0107,KDN180107,Kandy,Udunuwara,,Uda Aludeniya,42,"27/ඒ, නුවර පාර, වැලිගල්ල",,,,,,,,,,7.190317,80.592912
Other,OTHER,NBRO/LRRMD-KND/KDN/UDUNUW/LI/18/0108,KDN180108,Kandy,Udunuwara,,Mathgamuwa,119,"69/ඒ, අඹගස්තැන්න , කඩුගන්නාව",,,,,,,,,,7.214842,80.533209
Other,OTHER,NBRO/LRRMD-KND/KDN/UDUNUW/LI/18/0120,KDN180120,Kandy,Udunuwara,,Hepana,87,"144ඒ, වරකාගොඩ, හෑපාන",,,,,,,,,,7.246344,80.589775
Other,OTHER,NBRO/LRRMD-KND/KDN/GANGIK/LI/18/0121,KDN180121,Kandy,Ganga Ihala Korale,,Ethgala East,1074,"647, ඇත්ගාල, ගම්පොළ",,,,,,,,,,7.129301,80.565319
Other,OTHER,NBRO/LRRMD-KND/KDN/UDUNUW/LI/18/0122,KDN180122,Kandy,Udunuwara,,Thalawatta,4,"163/ඒ, තලවත්ත, පේරාදෙණිය",,,,,,,,,,7.259328,80.576296
Other,OTHER,NBRO/LRRMD-KND/KDN/UDADUM/LI/18/0135,KDN180135,Kandy,Udadumbara,,Wadawalakanda,890,වදවලකන්ද - දළුගේකන්ද කොන්න්‍රීට් මාර්ගය,,,,,,,,,,7.35564,80.856685
Other,OTHER,NBRO/LRRMD-KND/KDN/UDADUM/LI/18/0139,KDN180139,Kandy,Udadumbara,,Kirigankumbura,877,"114, හපුගස්කුඹුර, උඩුදුම්බර",,,,,,,,,,7.328708,80.869799
Other,OTHER,NBRO/LRRMD-KND/KDN/KNDFG/LI/18/0146,KDN180146,Kandy,Kandy Four Gravets & Gangawata Korale,,Palle Peradeniya,248,"සංඝමිත්තා ශාලාව, පේරාදෙණිය විශ්වවිද්‍යාලය",,,,,,,,,,7.2485833,80.59674833
Other,OTHER,NBRO/LRRMD-KND/KDN/KUNDAS/LI/18/0171,KDN180171,Kandy,Kundasale,,Nattarampotha,684,"ශ්‍රි විසාකාරාමය, නත්තරම්පොත, කුණ්ඩසාලේ",,,,,,,,,,7.286939,80.680082
Other,OTHER,NBRO/LRRMD-KND/KDN/KUNDAS/LI/18/0172,KDN180172,Kandy,Kundasale,,Dambarawa,706,මහ/වත්/ධර්මාලෝක මහා විද්‍යාලය,,,,,,,,,,7.298588,80.697257
Other,OTHER,NBRO/LRRMD-KND/KDN/KUNDAS/LI/18/0174,KDN180174,Kandy,Kundasale,,Amunugama North,656,"10/2, තේනරවත්ත, අමුණුගම",,,,,,,,,,7.3125358,80.6684678
Other,OTHER,NBRO/LRRMD-KND/KDN/KNDFG/LI/18/0183,KDN180183,Kandy,Kandy Four Gravets & Gangawata Korale,,Getambe,259,සරසවි උයන මහා විද්‍යාලය,,,,,,,,,,7.26686,80.60125
Other,OTHER,NBRO/LRRMD-KND/KDN/KNDFG/LI/18/0186,KDN180186,Kandy,Kandy Four Gravets & Gangawata Korale,,Katukele,255,"මහා සිද්දි ලෙබ්බෙ මහා විද්‍යාලය, කටුකැලේ",,,,,,,,,,7.28412833,80.622955
Other,OTHER,NBRO/LRRMD-KND/KDN/MEDADU/LI/18/0201,KDN180201,Kandy,Medadumbara,,Hathiyalwela,804,හාතියල්වේල ග්‍රාමයේ ක්‍රීඩා පිටි 3,,,,,,,,,,7.31279089,80.8232921
Other,OTHER,NBRO/LRRMD-KND/KDN/KNDFG/LI/18/0203,KDN180203,Kandy,Kandy Four Gravets & Gangawata Korale,,Bahirawa Kanda,236,"පළාත් පාලන කොමසාරිස් නිල නිවස, 26/8, පුෂ්පදාන මාවත, මහනුවර",,,,,,,,,,7.29607,80.63163
Other,OTHER,NBRO/LRRMD-KND/KDN/KNDFG/LI/18/0205,KDN180205,Kandy,Kandy Four Gravets & Gangawata Korale,,Bahirawa Kanda,236,"ප්‍රාදේශීය ලේකම් නිල නිවස, 26/7, ශ්‍රි පුෂපදාන මාවත මහනුවර",,,,,,,,,,7.296268,80.630778
Other,OTHER,NBRO/LRRMD-KND/KDN/HARISP/LI/18/0229,KDN180229,Kandy,Harispattuwa,,Thittapajjala North,462,උදුපිටිය මාර් ගය,,,,,,,,,,7.333187,80.5834878
Other,OTHER,NBRO/LRRMD-KND/KDN/PANVIL/LI/18/0236,KDN180236,Kandy,Panvila,,Madulkele,731,"513/1/ඒ, කබරගල පාර, මඩුකැලේ",,,,,,,,,,7.4020229,80.731381
Other,OTHER,NBRO/LRRMD-KND/KDN/PANVIL/LI/18/0242,KDN180242,Kandy,Panvila,,Watakele,734,වටකැලේ ග්‍රාම නිලධාරි කාර්යාලය යාබඳ භූමිය,,,,,,,,,,7.4191253,80.73333366
Other,OTHER,NBRO/LRRMD-KND/KDN/PATHAD/LI/18/0246,KDN180246,Kandy,Pathadumbara,,Wattegama,594,"29/71, කුඩුගල  පාර, වත්‌තේගම",,,,,,,,,,7.3514642,80.6795113
Other,OTHER,NBRO/LRRMD-KND/KDN/HARISP/LI/18/0251,KDN180251,Kandy,Harispattuwa,,Hamangoda South,437,හමංගොඩ දකුණ,,,,,,,,,,7.3079284,80.6038927
Other,OTHER,NBRO/LRRMD-KND/KDN/PATHAD/LI/18/0264,KDN180264,Kandy,Pathadumbara,,Galadeniya,612,"62/1, ගල්දෙණිය, උඩතලවින්න",,,,,,,,,,7.3456624,80.6490524
Other,OTHER,NBRO/LRRMD-KND/KDN/DOLUWA/LI/19/0029,KDN190030,Kandy,Doluwa,,Ganegoda,1158,"මෙගොඩකළුගමුව, පේරාදෙණිය",,,,,,,,,,7.201952,80.612425
Other,OTHER,NBRO/LRRMD-KND/KDN/DOLUWA/LI/19/0030,KDN190031,Kandy,Doluwa,,Gampolawatta,1150,"92, ගම්ගලවත්ත, ගම්පොළ",,,,,,,,,,7.162712,80.584974
Other,OTHER,NBRO/LRRMD-KND/KDN/DOLUWA/LI/19/0039,KDN190040,Kandy,Doluwa,,Hunugala,1142,මුල්ගම සිට හුණුගල දක්වා දිවෙන මාර් ගය,,,,,,,,,,7.143655,80.675109
Other,OTHER,NBRO/LRRMD-KND/KDN/DOLUWA/LI/19/0041,KDN190042,Kandy,Doluwa,,Ganegoda,1158,"200/2, ගනේගොඩ, එගොඩකළුගමුව",,,,,,,,,,7.200044,80.608391
Other,OTHER,NBRO/LRRMD-KND/KDN/YATINU/LI/19/0064,KDN190065,Kandy,Yatinuwara,,Pilapitiya,126,"2/33, පිලපිටිය, කිරිබත්කුඹුර",,,,,,,,,,7.274064,80.57413
Other,OTHER,NBRO/LRRMD-KND/KDN/GANGIK/LI/19/0070,KDN190071,Kandy,Ganga Ihala Korale,,Maligapurana,1078,"848/1, රජඇලගම, ගම්පොළවෙල, ගම්පොළ",,,,,,,,,,7.1404235,80.5759916
Other,OTHER,NBRO/LRRMD-KND/KDN/KNDFG/LI/19/0077,KDN190078,Kandy,Kandy Four Gravets & Gangawata Korale,,Wattaranthenna,238,"පුරාණ ගල්ලෙන් විහාරය, වට්ටාරන්තැන්න",,,,,,,,,,7.317308,80.633871
Other,OTHER,NBRO/LRRMD-KND/KDN/YATINU/LI/19/0088,KDN190089,Kandy,Yatinuwara,,Edanduwawa East,131,"326, කිරිමැටිය, පිළිමතලාව",,,,,,,,,,7.25585566,80.5853647
Other,OTHER,NBRO/LRRMD-KND/KDN/YATINU/LI/19/0090,KDN190091,Kandy,Yatinuwara,,Kotaligoda North,215,"66, එපිටගොඩවත්ත, කොටලිගොඩ, මැණික්දිවෙල",,,,,,,,,,7.2915492,80.5128152
Other,OTHER,NBRO/LRRMD-KND/KDN/KNDFG/LI/19/0105,KDN190106,Kandy,Kandy Four Gravets & Gangawata Korale,,Mahaiyawa,239,"26/15, විද්‍යාර් ත මාවත,මහනුවර",,,,,,,,,,7.30534166,80.636453
Other,OTHER,NBRO/LRRMD-KND/KDN/KNDFG/LI/19/0107,KDN190108,Kandy,Kandy Four Gravets & Gangawata Korale,,Getambe,259,"36/3, ප්‍රිම්රෝස් උයන, මහනුවර",,,,,,,,,,7.27737,80.610655
Other,OTHER,NBRO/LRRMD-KND/KDN/YATINU/LI/19/0116,KDN190117,Kandy,Yatinuwara,,Yahalathenna,140,"38/C, යහලතැන්න, මුරුතලාව",,,,,,,,,,7.3167226,80.5670031
Other,OTHER,NBRO/LRRMD-KND/KDN/YATINU/LI/19/0118,KDN190119,Kandy,Yatinuwara,,Kadawathgama,204,"176/13, ගම්පොල පාර, නාවුල්ල, කඩුගන්නාව",,,,,,,,,,7.2541668,80.520884
Other,OTHER,NBRO/LRRMD-KND/KDN/YATINU/LI/19/0123,KDN190124,Kandy,Yatinuwara,,Pilapitiya,126,"ශාන්ති නිකේතනය, මුරුතලාව, මහනුවර",,,,,,,,,,7.2925153,80.5720256
Other,OTHER,NBRO/LRRMD-KND/KDN/YATINU/LI/19/0127,KDN190128,Kandy,Yatinuwara,,Malgammana,149,"17, මල්ගම්මන, පිළිමතලාව",,,,,,,,,,7.27935579,80.557423
Other,OTHER,NBRO/LRRMD-KND/KDN/KNDFG/LI/19/0129,KDN190130,Kandy,Kandy Four Gravets & Gangawata Korale,,Aruppala West,223,"5/2/ඒ, ධර්මාශෝක මාවත, 3 වන පටුමග, අරුප්පල",,,,,,,,,,7.3048566,80.645466
Other,OTHER,NBRO/LRRMD-KND/KDN/YATINU/LI/19/0130,KDN190131,Kandy,Yatinuwara,,Kendakaduwa,134,"305, කැන්දකඩුව, පේරාදෙණිය",,,,,,,,,,7.2775388,80.5897265
Other,OTHER,NBRO/LRRMD-KND/KDN/KNDFG/LI/19/0133,KDN190134,Kandy,Kandy Four Gravets & Gangawata Korale,,Mapanawathura,237,"නො72/19, විහාරමාවත, මාපනාවතුර",,,,,,,,,,7.311005,80.6275083
Other,OTHER,NBRO/LRRMD-KND/KDN/KNDFG/LI/19/0137,KDN190138,Kandy,Kandy Four Gravets & Gangawata Korale,,Ampitiya North,252,"29/273, අම්පිටිය පාර, මහනුවර",,,,,,,,,,7.28562,80.65015666
Other,OTHER,NBRO/LRRMD-KND/KDN/KNDFG/LI/19/0167,KDN190168,Kandy,Kandy Four Gravets & Gangawata Korale,,Wattaranthenna,238,"පුරාණ ගල්ලෙන් විහාරය, වට්ටාරන්තැන්න",,,,,,,,,,7.3161489,80.6289283
Other,OTHER,NBRO/LRRMD-KND/KDN/UDAPAL/LI/19/0174,KDN190175,Kandy,Udapalatha,,Angammana West,1164,"7, නැඩ්සා නිවාස සංකීර්ණය,  බොරළුමංකඩ, ගම්පොල",,,,,,,,,,7.154243,80.579455
Other,OTHER,NBRO/LRRMD-KND/KDN/UDAPAL/LI/19/0175,KDN190176,Kandy,Udapalatha,,Kirinda,1123,"156/A/1, ගල්ගෙඩ්යාව, ගම්පොල",,,,,,,,,,7.183215,80.5846816
Other,OTHER,NBRO/LRRMD-KND/KDN/UDAPAL/LI/19/0177,KDN190178,Kandy,Udapalatha,,Kekulanda,1186,සුසාන භූමියට වෙන් කර ඇති ඉඩම - කැකුලන්දල,,,,,,,,,,7.10233,80.578166
Other,OTHER,NBRO/LRRMD-KND/KDN/UDAPAL/LI/19/0182,KDN190183,Kandy,Udapalatha,,Pussellawa,1176,"395/5, නුවරඑළිය පාර, පුස්සැල්ලාව",,,,,,,,,,7.109566,80.633807
Other,OTHER,NBRO/LRRMD-KND/KDN/UDAPAL/LI/19/0184,KDN190185,Kandy,Udapalatha,,Gampola West,1111,"85/C, කඩුගන්නාව පාර, ගම්පොල",,,,,,,,,,7.166588,80.564659
Other,OTHER,NBRO/LRRMD-KND/KDN/UDAPAL/LI/19/0185,KDN190186,Kandy,Udapalatha,,Bothalapitiya,1109,"49/1, පාරතොට පාර, බෝතලාපිටිය",,,,,,,,,,7.173292,80.580748
Other,OTHER,NBRO/LRRMD-KND/KDN/KNDFG/LI/19/0190,KDN190191,Kandy,Kandy Four Gravets & Gangawata Korale,,Mahakanda,268,"394, මහකන්ද දෙවන ජනපදය, සරසවිගම",,,,,,,,,,7.225066,80.609933
Other,OTHER,NBRO/LRRMD-KND/KDN/KNDFG/LI/19/0193,KDN190194,Kandy,Kandy Four Gravets & Gangawata Korale,,Pitakanda Gama,250,"51, පිටකන්ද පාර, මහයියාව",,,,,,,,,,7.3127566,80.63587166
Other,OTHER,NBRO/LRRMD-KND/KDN/KNDFG/LI/19/0194,KDN190195,Kandy,Kandy Four Gravets & Gangawata Korale,,Thennakumbura,275,"31/ඒ, පහළ තැන්නකෙුඹුර,මහනුවර",,,,,,,,,,7.27786,80.667128
Other,OTHER,NBRO/LRRMD-KND/KDN/KNDFG/LI/19/0196,KDN190197,Kandy,Kandy Four Gravets & Gangawata Korale,,Asgiriya,235,"21/66, ශ්‍රි  ධම්මදිස්සි මාවත, අස්ගිරිය",,,,,,,,,,7.3031833,80.63002
Other,OTHER,NBRO/LRRMD-KND/KDN/KNDFG/LI/19/0198,KDN190199,Kandy,Kandy Four Gravets & Gangawata Korale,,Bowala,245,"122, බොධියංගන මාවත, මැදබෝවල",,,,,,,,,,7.27161229,80.6129121
Other,OTHER,NBRO/LRRMD-KND/KDN/UDADUM/LI/19/0248,KDN190249,Kandy,Udadumbara,,Dewahandiya East,863,"63B3, දේව හන්දිය නැගෙනහිර",,,,,,,,,,7.257643,80.914277
Other,OTHER,NBRO/LRRMD-KND/KDN/UDADUM/LI/19/0257,KDN190258,Kandy,Udadumbara,,Hapukanda East,865,හපුකන්ද නැගෙනහිර පිහිටි Maha/UDD/2016/193 පිඹුරුපත සහිත ඉඩම,,,,,,,,,,7.282072,80.904261
Other,OTHER,NBRO/LRRMD-KND/KDN/UDUNUW/LI/19/0268,KDN190269,Kandy,Udunuwara,,Dehipagoda East,37,"330/B, අංගල කුඹුර, මුරුතගහමුල",,,,,,,,,,7.208596,80.58761
Other,OTHER,NBRO/LRRMD-KND/KDN/UDUNUW/LI/19/0270,KDN190271,Kandy,Udunuwara,,Palle Aludeniya,30,"100, පල්ලේ අළුදෙනිය, ගෙලිඔය",,,,,,,,,,7.2202483,80.59429
Other,OTHER,NBRO/LRRMD-KND/KDN/UDUNUW/LI/19/0272,KDN190273,Kandy,Udunuwara,,Wegiriya East,48,මැණික්බෝව පුරාණ රජමහා විහාරය,,,,,,,,,,7.2017763,80.5772729
Other,OTHER,NBRO/LRRMD-KND/KDN/UDUNUW/LI/19/0273,KDN190274,Kandy,Udunuwara,,Lagamuwa,114,"116, ලගමුහ හන්දිය, කඩුගන්නාව",,,,,,,,,,7.247873,80.526605
Other,OTHER,NBRO/LRRMD-KND/KDN/THUMPA/LI/19/0305,KDN190306,Kandy,Thumpane,,Diyapalagoda,359,"57, දියපලාගොඩ, කුඹුරේගම",,,,,,,,,,7.3525384,80.5479294
Other,OTHER,NBRO/LRRMD-KND/KDN/THUMPA/LI/19/0306,KDN190307,Kandy,Thumpane,,Diyapalagoda,359,"59, දියපලාගොඩ, කුඹුරේගම",,,,,,,,,,7.353648,80.547247
Other,OTHER,NBRO/LRRMD-KND/KDN/KUNDAS/LI/19/0336,KDN190337,Kandy,Kundasale,,Aswalapitiya,702,"36/5, පහළවෙල, කෙන්ගල්ල",,,,,,,,,,7.288098,80.725399
Other,OTHER,NBRO/LRRMD-KND/KDN/KUNDAS/LI/19/0338,KDN190339,Kandy,Kundasale,,Hurikaduwa North,678,"50, උයන්වත්ත, මැණීක්හින්න",,,,,,,,,,7.3067396,80.69139178
Other,OTHER,NBRO/LRRMD-KND/KDN/KUNDAS/LI/19/0339,KDN190340,Kandy,Kundasale,,Hurikaduwa East,680,"70/2, දියබුබුලගාවතැන්න, මැණික්හින්න",,,,,,,,,,7.30583536,80.70291889
Other,OTHER,NBRO/LRRMD-KND/KDN/PATHAH/LI/19/0349,KDN190350,Kandy,Pathahewaheta,,Uduwela Udagama East,946,"හන්තාන වතු යාය, සංඝරාජ ආරණ්‍යට වන මාර්ගය",,,,,,,,,,7.241075,80.639197
Other,OTHER,NBRO/LRRMD-KND/KDN/PATHAH/LI/19/0364,KDN190365,Kandy,Pathahewaheta,,Oluwawatta,1015,"ඕලුවාවත්ත, උඩමුල්ල මාර්ගය",,,,,,,,,,7.198398,80.728178
Other,OTHER,NBRO/LRRMD-KND/KDN/PATHAH/LI/19/0366,KDN190367,Kandy,Pathahewaheta,,Pussathenna,957,"185, පුස්සතැන්න, ගුරුදෙණිය",,,,,,,,,,7.26156,80.689354
Other,OTHER,NBRO/LRRMD-KND/KDN/PATHAH/LI/19/0386,KDN190387,Kandy,Pathahewaheta,,Moragolla,973,"230/2/B, මොරගොල්ල පාර, මහවංගුව",,,,,,,,,,7.231716,80.683032
Other,OTHER,NBRO/LRRMD-KND/KDN/PATHAH/LI/19/0388,KDN190389,Kandy,Pathahewaheta,,Hewavissa West,1017,"හේවාවිස්ස කනිෂ්ඨ විද්‍යාලය, හේවාවිස්ස, මාරස්සන",,,,,,,,,,7.210295,80.729922
Other,OTHER,NBRO/LRRMD-KND/KDN/PATHAH/LI/19/0391,KDN190392,Kandy,Pathahewaheta,,Bawlana,1014,උඩුපිහිල්ල මාර්ගය,,,,,,,,,,7.209687,80.715758
Other,OTHER,NBRO/LRRMD-KND/KDN/PATHAH/LI/19/0395,KDN190396,Kandy,Pathahewaheta,,Uduwela Pallegama East,949,කැකිරිවල සිට පල්ලේවෙල දක්වා අතුරු මාර්ග,,,,,,,,,,7.251328,80.660279
Other,OTHER,NBRO/LRRMD-KND/KDN/PATHAH/LI/19/0396,KDN190397,Kandy,Pathahewaheta,,Thalathuoya West,960,"තලාතුඔය දෙමළ විද්‍යාලය, තලාතුඔය",,,,,,,,,,7.2499033,80.69211
Other,OTHER,NBRO/LRRMD-KND/KDN/MEDADU/LI/19/0404,KDN190405,Kandy,Medadumbara,,Watapana,758,"19/1, කොඩිලපතන, වටපාන,පුටුහපුව",,,,,,,,,,7.329033,80.747863
Other,OTHER,NBRO/LRRMD-KND/KDN/PATHAD/LI/19/0413,KDN190414,Kandy,Pathadumbara,,Pallethalavinna Ihala,614,"58, ඉන්ද්‍රා මාවත, පල්ලේතලවින්න",,,,,,,,,,7.343561,80.643128
Other,OTHER,NBRO/LRRMD-KND/KDN/MEDADU/LI/19/0424,KDN190425,Kandy,Medadumbara,,Heeloya,796,"05, වටගල, හීල්ඹය, උඩිස්පත්තුව",,,,,,,,,,7.325271,80.80862
Other,OTHER,NBRO/LRRMD-KND/KDN/PANVIL/LI/19/0446,KDN190447,Kandy,Panvila,,Panvila,729,"19/2, උඩකුඹුර, පන්විල",,,,,,,,,,7.36012,80.71073
Other,OTHER,NBRO/LRRMD-KND/KDN/PATHAD/LI/19/0449,KDN190450,Kandy,Pathadumbara,,Pitiyegedara,642,"පිටියේගෙදර, වත්තේගම",,,,,,,,,,7.3371445,80.6831104
Other,OTHER,NBRO/LRRMD-KND/KDN/KNDFG/LI/20/0006,KDN200006,Kandy,Kandy Four Gravets & Gangawata Korale,,Katukele,255,"200/27/1, ෆෙඩ් ඊ ද සිල්වා මාවත පේරාදෙණිය පාර, කටුකැලේ",,,,,,,,,,7.288698,80.629451
Other,OTHER,NBRO/LRRMD-KND/KDN/GANGIK/LI/20/0015,KDN200015,Kandy,Ganga Ihala Korale,,Wetakedeniya,1058,"මැද‍ගොඩ පහළ, වැටකේදෙණිය",,,,,,,,,,7.122516,80.506776
Other,OTHER,NBRO/LRRMD-KND/KDN/KNDFG/LI/20/0028,KDN200028,Kandy,Kandy Four Gravets & Gangawata Korale,,Wewathenna,274,"376/6,වැවතැන්න පාර, අම්පිටිය",,,,,,,,,,7.265487,80.6637561
Other,OTHER,NBRO/LRRMD-KND/KDN/KNDFG/LI/20/0029,KDN200029,Kandy,Kandy Four Gravets & Gangawata Korale,,Boowelikada,220,"83, අනගාරික ධර්මපාල මාවත, මහනුවර",,,,,,,,,,7.292142,80.647828
Other,OTHER,NBRO/LRRMD-KND/KDN/GANGIK/LI/20/0076,KDN200081,Kandy,Ganga Ihala Korale,,Ethgala East,1074,"40, නාවලපිටිය පාර, ඇත්ගාල, ගම්පොළ",,,,,,,,,,7.133318,80.5693539
Other,OTHER,NBRO/LRRMD-KND/KDN/DOLUWA/LI/20/0080,KDN200085,Kandy,Doluwa,,Megoda Kalugamuwa,1157,"181, ගනේගොඩ, මොගොඩකළුගමුව",,,,,,,,,,7.1975115,80.6075924
Other,OTHER,NBRO/LRRMD-KND/KDN/DOLUWA/LI/20/0089,KDN200094,Kandy,Doluwa,,Atuwewatta,1151,"19A, ආඩියාකඩවත්ත, ගම්පොල",,,,,,,,,,7.1640031,80.579274
Other,OTHER,NBRO/LRRMD-KND/KDN/KNDFG/LI/20/0106,KDN200111,Kandy,Kandy Four Gravets & Gangawata Korale,,Thennakumbura,275,"අංක: 3/89/ඒ,3/89/3/බී, සම්පත් උයන, හරිස්චන්ද්‍ර වත්ත, තැන්නකුඹුර",,,,,,,,,,7.2828116,80.66336
Other,OTHER,NBRO/LRRMD-KND/KDN/KNDFG/LI/20/0107,KDN200112,Kandy,Kandy Four Gravets & Gangawata Korale,,Thennakumbura,275,"48/179, පහළ තැන්නකුඹුර, තැන්නකුඹුර",,,,,,,,,,7.279363,80.6662083
Other,OTHER,NBRO/LRRMD-KND/KDN/HARISP/LI/20/0121,KDN200126,Kandy,Harispattuwa,,Doranegama,487,"147/2, දොරණෑගම, මැදවල",,,,,,,,,,7.3697938,80.566813
Other,OTHER,NBRO/LRRMD-KND/KDN/KNDFG/LI/20/0127,KDN200132,Kandy,Kandy Four Gravets & Gangawata Korale,,Mahanuwara,257,"ශ්‍රි ලංකා රයිෆල් බලකාය, ශ්‍රි දළදා මාලිගාව, මහනුවර",,,,,,,,,,7.29271,80.642505
Other,OTHER,NBRO/LRRMD-KND/KDN/KNDFG/LI/20/0129,KDN200134,Kandy,Kandy Four Gravets & Gangawata Korale,,Ketawala,281,"130/1,ඇතිකැන්දගොල්ල, කැටවල , ‌‌ලෙව්ල",,,,,,,,,,7.25913,80.670408
Other,OTHER,NBRO/LRRMD-KND/KDN/KUNDAS/LI/20/0133,KDN200138,Kandy,Kundasale,,Rajawella South,697,"දිගන, රජවැල්ල",,,,,,,,,,7.283809,80.746677
Other,OTHER,NBRO/LRRMD-KND/KDN/KNDFG/LI/20/0135,KDN200140,Kandy,Kandy Four Gravets & Gangawata Korale,,Senkadagala,251,"117/08, අනගාරික ධර්මපාල මාවත, මහනුවර",,,,,,,,,,7.293247,80.648168
Other,OTHER,NBRO/LRRMD-KND/KDN/KNDFG/LI/20/0137,KDN200142,Kandy,Kandy Four Gravets & Gangawata Korale,,Suduhumpala East,265,"441/02, විහාර මාවත, සුදුහුම්පල",,,,,,,,,,7.280895,80.625592
Other,OTHER,NBRO/LRRMD-KND/KDN/KNDFG/LI/20/0152,KDN200157,Kandy,Kandy Four Gravets & Gangawata Korale,,Maligathenna,279,"131, මවුන්ට් පැරඩයිස්, මාලිගාතැන්න, ගුරුදෙණිය",,,,,,,,,,7.260661,80.709403
Other,OTHER,NBRO/LRRMD-KND/KDN/KNDFG/LI/20/0156,KDN200161,Kandy,Kandy Four Gravets & Gangawata Korale,,Pahala Eriyagama,282,"401, පල්‌ලේ වලව්ව, ඊරියගම, ‌ෙප්රාදෙණිය",,,,,,,,,,7.264449,80.588136
Other,OTHER,NBRO/LRRMD-KND/KDN/KNDFG/LI/20/0158,KDN200163,Kandy,Kandy Four Gravets & Gangawata Korale,,Nagasthenna,262,"86/5, නාගස්තැන්න පාර, මහනුවර",,,,,,,,,,7.304599,80.623345
Other,OTHER,NBRO/LRRMD-KND/KDN/KNDFG/LI/20/0159,KDN200164,Kandy,Kandy Four Gravets & Gangawata Korale,,Nagasthenna,262,"86/5, නාගස්තැන්න පාර, මහනුවර",,,,,,,,,,7.28228,80.629852
Other,OTHER,NBRO/LRRMD-KND/KDN/KNDFG/LI/20/0171,KDN200176,Kandy,Kandy Four Gravets & Gangawata Korale,,Ampitiya North,252,"643/1, පල්ලේගම, අම්පිටිය",,,,,,,,,,7.274476,80.661199
Other,OTHER,NBRO/LRRMD-KND/KDN/KNDFG/LI/20/0183,KDN200188,Kandy,Kandy Four Gravets & Gangawata Korale,,Pitakanda Gama,250,"ශාන්ත අන්‌තෝනි විදුහල, මහනුවර",,,,,,,,,,7.32318,80.6246748
Other,OTHER,NBRO/LRRMD-KND/KDN/KNDFG/LI/20/0210,KDN200215,Kandy,Kandy Four Gravets & Gangawata Korale,,Getambe,259,"3, විමලධර්ම මාවත, දංගොල්ල",,,,,,,,,,7.268839,80.6087576
Other,OTHER,NBRO/LRRMD-KND/KDN/KNDFG/LI/20/0211,KDN200216,Kandy,Kandy Four Gravets & Gangawata Korale,,Boowelikada,220,"83, අනගාරික ධර්මපාල මාවත, මහනුවර",,,,,,,,,,7.292142,80.647828
Other,OTHER,NBRO/LRRMD-KND/KDN/KNDFG/LI/20/0212,KDN200217,Kandy,Kandy Four Gravets & Gangawata Korale,,Gurudeniya East,276,"ශ්‍රි විසුද්ධාරාමය, ගුරුදෙණිය",,,,,,,,,,7.270038,80.691479
Other,OTHER,NBRO/LRRMD-KND/KDN/KNDFG/LI/20/0214,KDN200219,Kandy,Kandy Four Gravets & Gangawata Korale,,Malwatta,254,"ගෝතමි විදුහල, මහනුවර",,,,,,,,,,7.288762,80.639529
Other,OTHER,NBRO/LRRMD-KND/KDN/MEDADU/LI/20/0217,KDN200222,Kandy,Medadumbara,,Kandekumbura,802,"166, කන්දෙකුඹුර, මැදමහනුවර",,,,,,,,,,7.3044274,80.8113459
Other,OTHER,NBRO/LRRMD-KND/KDN/MEDADU/LI/20/0221,KDN200226,Kandy,Medadumbara,,Rangala,791,"රංගලවත්ත, රංගල",,,,,,,,,,7.347973,80.7950928
Other,OTHER,NBRO/LRRMD-KND/KDN/MEDADU/LI/20/0226,KDN200231,Kandy,Medadumbara,,Rambukpotha,807,"183/ඒ, රඹුක්පොත, මැදමහනුවර",,,,,,,,,,7.299619,80.842355
Other,OTHER,NBRO/LRRMD-KND/KDN/KNDFG/LI/20/0228,KDN200233,Kandy,Kandy Four Gravets & Gangawata Korale,,Pitakanda Gama,250,"48, පිටකන්ද පාර, මහනුවර",,,,,,,,,,7.3131416,80.6368783
Other,OTHER,NBRO/LRRMD-KND/KDN/KNDFG/LI/20/0229,KDN200234,Kandy,Kandy Four Gravets & Gangawata Korale,,Aniwatta West,233,"83/2, අනිවත්ත පාර, මහනුවර",,,,,,,,,,7.290962,80.62306
Other,OTHER,NBRO/LRRMD-KND/KDN/KNDFG/LI/20/0233,KDN200238,Kandy,Kandy Four Gravets & Gangawata Korale,,Thalwatta,221,"නයිට්ස් හෝටලය, 71, හේවාහැට පාර, මහනුවර",,,,,,,,,,7.294571,80.651698
Other,OTHER,NBRO/LRRMD-KND/KDN/KNDFG/LI/20/0234,KDN200239,Kandy,Kandy Four Gravets & Gangawata Korale,,Thennakumbura,275,"571/1, ඉහළ තැන්නකුඹුර, මහනුවර",,,,,,,,,,7.276145,80.666091
Other,OTHER,NBRO/LRRMD-KND/KDN/KNDFG/LI/20/0236,KDN200241,Kandy,Kandy Four Gravets & Gangawata Korale,,Thalwatta,221,"95/56, හේවාහැට පාර. තල්වත්ත",,,,,,,,,,7.293157,80.654078
Other,OTHER,NBRO/LRRMD-KND/KDN/MEDADU/LI/20/0242,KDN200247,Kandy,Medadumbara,,Thennalanda,820,"244/3, තැන්නලන්ද , මැදමහනුවර",,,,,,,,,,7.23862,80.803228
Other,OTHER,NBRO/LRRMD-KND/KDN/YATINU/LI/20/0251,KDN200256,Kandy,Yatinuwara,,Kandangama North,208,"259/2,කදන්ගම, කඩුගන්නාව",,,,,,,,,,7.26419,80.52967
Other,OTHER,NBRO/LRRMD-KND/KDN/MINIPE/LI/20/0252,KDN200257,Kandy,Minipe,,Thorapitiya,919,"465, තෝරපිටිය, හසලක",,,,,,,,,,7.377318,80.941001
Other,OTHER,NBRO/LRRMD-KND/KDN/MINIPE/LI/20/0253,KDN200258,Kandy,Minipe,,Batumulla,938,"කිවුල, 5 කණුව, හඳගනාව",,,,,,,,,,7.255734,80.992812
Other,OTHER,NBRO/LRRMD-KND/KDN/MINIPE/LI/20/0254,KDN200259,Kandy,Minipe,,Mahayaya North,916,"ශ්‍රි විවේකාරාම මහ විහාරය , 9 ඇළ, උල්පතගම",,,,,,,,,,7.393954,80.959322
Other,OTHER,NBRO/LRRMD-KND/KDN/PANVIL/LI/20/0259,KDN200264,Kandy,Panvila,,Gomaraya,738,"ගෝමරේ තැන්න, තවලන්තැන්න",,,,,,,,,,7.387345,80.767366
Other,OTHER,NBRO/LRRMD-KND/KDN/PANVIL/LI/20/0261,KDN200266,Kandy,Panvila,,Madulkele,731,උඩපුස්සැල්ලාව වැවිලි සමාගම-උනනගල උඩ කොටස පේලි නිවාසය,,,,,,,,,,7.413123,80.71384
Other,OTHER,NBRO/LRRMD-KND/KDN/PANVIL/LI/20/0264,KDN200269,Kandy,Panvila,,Panvila,729,"39, ගල්පිහිල්ල, පන්විල",,,,,,,,,,7.350296,80.7105131
Other,OTHER,NBRO/LRRMD-KND/KDN/PASBAG/LI/20/0279,KDN200284,Kandy,Pasbage Korale,,Penithuduwa,1106,"140, මීපිටිය, නාවලපිටිය",,,,,,,,,,7.048714,80.52112
Other,OTHER,NBRO/LRRMD-KND/KDN/YATINU/LI/20/0283,KDN200288,Kandy,Yatinuwara,,Gannoruwa Central,136,"138, ගන්නෝරුව, පේරාදෙණිය",,,,,,,,,,7.2871,80.58944
Other,OTHER,NBRO/LRRMD-KND/KDN/YATINU/LI/20/0289,KDN200294,Kandy,Yatinuwara,,Uda Eriyagama West,152,"13/බි, පොල්ගස්දෙණිය පාර, උඩඊරියගම",,,,,,,,,,7.26588,80.587716
Other,OTHER,NBRO/LRRMD-KND/KDN/UDADUM/LI/20/0348,KDN200353,Kandy,Udadumbara,,Mediwaka,852,කිරිපට්ටිය පාර. මැදවක,,,,,,,,,,7.303515,80.883452
Other,OTHER,NBRO/LRRMD-KND/KDN/UDADUM/LI/20/0349,KDN200354,Kandy,Udadumbara,,Devinnegama,838,"238/3, ‌‌දෙවිින්නේගම, හුුුුස්ගිරිය",,,,,,,,,,7.253543,80.848454
Other,OTHER,NBRO/LRRMD-KND/KDN/UDADUM/LI/20/0351,KDN200356,Kandy,Udadumbara,,Udakumbura,873,"118/A,උඩකුඹුර, කළුගල",,,,,,,,,,7.384352,80.915418
Other,OTHER,NBRO/LRRMD-KND/KDN/UDADUM/LI/20/0353,KDN200358,Kandy,Udadumbara,,Gangoda,855,"6, ගංගොඩ, උඩදුම්බර",,,,,,,,,,7.308359,80.892261
Other,OTHER,NBRO/LRRMD-KND/KDN/UDADUM/LI/20/0355,KDN200360,Kandy,Udadumbara,,Godakumbura,854,"85ඒ, ‌‌ගොඩකුඹුර, ‌‌බෝපාන",,,,,,,,,,7.3048046,80.9018272
Other,OTHER,NBRO/LRRMD-KND/KDN/UDADUM/LI/20/0368,KDN200373,Kandy,Udadumbara,,Pitawala Udagammedda,868,"8, පිටවල උඩගම්මැද්ද, බෝපාක",,,,,,,,,,7.17577,80.5452
Other,OTHER,NBRO/LRRMD-KND/KDN/UDAPAL/LI/20/0369,KDN200374,Kandy,Udapalatha,,Delpitiya,1166,"ස්ටොෆිල්ඩ් වත්ත,ගම්පොල",,,,,,,,,,7.1469,80.581337
Other,OTHER,NBRO/LRRMD-KND/KDN/UDAPAL/LI/20/0380,KDN200384,Kandy,Udapalatha,,Millagaspitiya,1172,"408/1, අලවැල්ලගොල්ල, මහඋඩගම",,,,,,,,,,7.138574,80.617188
Other,OTHER,NBRO/LRRMD-KND/KDN/YATINU/LI/20/0390,KDN200393,Kandy,Yatinuwara,,Mangalagama,146,"241/ඒ, මංගලගම, මුරුතලාව",,,,,,,,,,7.283356,80.80565034
Other,OTHER,NBRO/LRRMD-KND/KDN/YATINU/LI/20/0399,KDN200402,Kandy,Yatinuwara,,Kotaligoda North,215,"කැටපිටිය මහජන පුස්ථකාලය, කො‍ටලිගොඩ",,,,,,,,,,7.288308,80.513461
Other,OTHER,NBRO/LRRMD-KND/KDN/UDAPAL/LI/20/0414,KDN200417,Kandy,Udapalatha,,Rathmalkaduwa,1126,"35/2, සිංහාපිටිය පාර,රත්මල්කඩුව, ගම්පොල",,,,,,,,,,7.167307,80.555386
Other,OTHER,NBRO/LRRMD-KND/KDN/UDAPAL/LI/20/0417,KDN200420,Kandy,Udapalatha,,Nawadevita,1167,"5/1, පිහිල්ලදෙණිය, නාරංවිට, ගම්පොල",,,,,,,,,,7.1692232,80.5820844
Other,OTHER,NBRO/LRRMD-KND/KDN/UDAPAL/LI/20/0420,KDN200423,Kandy,Udapalatha,,Kekulanda,1186,මාර්ග සංවර්ධන ව්‍යාපෘතිය - කැකුලන්දර ග්‍රාමය,,,,,,,,,,7.098641,80.585617
Other,OTHER,NBRO/LRRMD-KND/KDN/KNDFG/LI/21/0001,KDN210001,Kandy,Kandy Four Gravets & Gangawata Korale,,Bahirawa Kanda,236,"115, බහිරවක්නද පාර, මහනුවර",,,,,,,,,,7.295758,80.627523
Other,OTHER,NBRO/LRRMD-KND/KDN/KNDFG/LI/21/0015,KDN210015,Kandy,Kandy Four Gravets & Gangawata Korale,,Mahaiyawa,239,"මහ/බදුර්දීන් මහමුද් බාලිකා විදුහල-ප්‍රාථමික අංශ 3,4,5 ශ්‍රේණි , මහනුවර",,,,,,,,,,7.301583,80.6371483
Other,OTHER,NBRO/LRRMD-KND/KDN/KNDFG/LI/21/0016,KDN210016,Kandy,Kandy Four Gravets & Gangawata Korale,,Mahaiyawa,239,"මහ/බදුර්දීන් මහමුද් බාලිකා විදුහල-ප්‍රාථමික අංශ 1,2 ශ්‍රේණි, මහනුවර",,,,,,,,,,7.301583,80.6371483
Other,OTHER,NBRO/LRRMD-KND/KDN/KNDFG/LI/21/0053,KDN210058,Kandy,Kandy Four Gravets & Gangawata Korale,,Gurudeniya West,278,කිරිමැටිය,,,,,,,,,,7.268407,80.688102
Other,OTHER,NBRO/LRRMD-KND/KDN/KNDFG/LI/21/0086,KDN210098,Kandy,Kandy Four Gravets & Gangawata Korale,,Asgiriya,235,"23/2,ශ්‍රි ධර්මපාල මාවත, අස්ගිරිය",,,,,,,,,,7.300231,80.630749
Other,OTHER,NBRO/LRRMD-KND/KDN/KNDFG/LI/21/0105,KDN210118,Kandy,Kandy Four Gravets & Gangawata Korale,,Mahaiyawa,239,"8/48, ධම්ම දිස්සි මාවත, මහනුවර",,,,,,,,,,7.2824483,80.628425
Other,OTHER,NBRO/LRRMD-KND/KDN/KNDFG/LI/21/0143,KDN210156,Kandy,Kandy Four Gravets & Gangawata Korale,,Bogambara,264,"59/54, ඇහැලේපොල",,,,,,,,,,7.3112933,80.648053
Other,OTHER,NBRO/LRRMD-KND/KDN/KNDFG/LI/21/0145,KDN210158,Kandy,Kandy Four Gravets & Gangawata Korale,,Uda Peradeniya,249,"217/17, උඩපේරදෙනිය, පේරාදෙණිය",,,,,,,,,,7.258079,80.607985
Other,OTHER,NBRO/LRRMD-KND/KDN/KNDFG/LI/21/0168,KDN210181,Kandy,Kandy Four Gravets & Gangawata Korale,,Hindagala,267,හිදගල රජමහා විහාරය,,,,,,,,,,7.240552,80.601184
Other,OTHER,NBRO/LRRMD-KND/KDN/KNDFG/LI/21/0169,KDN210182,Kandy,Kandy Four Gravets & Gangawata Korale,,Palle Peradeniya,248,"කෘෂිකර්ම දෙපාර්තමේන්තුව, පේරාදෙණිය",,,,,,,,,,7.2618166,80.5967987
Other,OTHER,NBRO/LRRMD-KND/KDN/KNDFG/LI/21/0172,KDN210186,Kandy,Kandy Four Gravets & Gangawata Korale,,Mapanawathura,237,"140/27, මාපනාවතුර පාර, මහනුවර",,,,,,,,,,7.30875,80.6272144
Other,OTHER,NBRO/LRRMD-KND/KDN/KNDFG/LI/21/0182,KDN210196,Kandy,Kandy Four Gravets & Gangawata Korale,,Boowelikada,220,"ධර්මරාජ විද්‍යාලය, මහනුවර",,,,,,,,,,7.2892216,80.65102
Other,OTHER,NBRO/LRRMD-KND/KDN/DOLUWA/LI/21/0194,KDN210208,Kandy,Doluwa,,Haloya,1160,"335/4, හල්ඔය හිදගල",,,,,,,,,,7.212553,80.612583
Other,OTHER,NBRO/LRRMD-KND/KDN/KNDFG/LI/21/0214,KDN210235,Kandy,Kandy Four Gravets & Gangawata Korale,,Uda Peradeniya,249,"217/17,උඩ පේරාදෙණිය , පේරාදෙණිය",,,,,,,,,,7.258079,80.607985
Other,OTHER,NBRO/LRRMD-KND/KDN/KNDFG/LI/21/0240,KDN210261,Kandy,Kandy Four Gravets & Gangawata Korale,,Mulgampala,243,"125/1 ඒ, විහාර මාවත, මුල්ගම්පොල, මහනුවර",,,,,,,,,,7.2866753,80.6374026
Other,OTHER,NBRO/LRRMD-KND/KDN/KNDFG/LI/21/0247,KDN210268,Kandy,Kandy Four Gravets & Gangawata Korale,,Getambe,259,ගැටඹේ ශ්‍රි සුධර්මාරාම පුරාණ විහාරය,,,,,,,,,,7.273029,80.608806
Other,OTHER,NBRO/LRRMD-KND/KDN/KNDFG/LI/21/0258,KDN210279,Kandy,Kandy Four Gravets & Gangawata Korale,,Pahala Eriyagama,282,"446/ඩි, මහවැලි මාවත පේරාදෙණිය",,,,,,,,,,7.2612266,80.591896
Other,OTHER,NBRO/LRRMD-KND/KDN/KNDFG/LI/21/0262,KDN210283,Kandy,Kandy Four Gravets & Gangawata Korale,,Lewella,222,"210/212, ධර්මාශෝක මාවත, ලේවැල්ල, මහනුවර",,,,,,,,,,7.2995716,80.6508783
Other,OTHER,NBRO/LRRMD-KND/KDN/KNDFG/LI/21/0270,KDN210291,Kandy,Kandy Four Gravets & Gangawata Korale,,Malwatta,254,"හිල්වුඩ් විද්‍යාලය, මහනුවර",,,,,,,,,,7.287329,80.641474
Other,OTHER,NBRO/LRRMD-KND/KDN/KNDFG/LI/21/0272,KDN210293,Kandy,Kandy Four Gravets & Gangawata Korale,,Malwatta,254,"හිල්වුඩ් විද්‍යාලය, මහනුවර",,,,,,,,,,7.287292,80.641495
Other,OTHER,NBRO/LRRMD-KND/KDN/KNDFG/LI/21/0288,KDN210309,Kandy,Kandy Four Gravets & Gangawata Korale,,Thennakumbura,275,"365, මැද්දේගම, අම්පිටිය",,,,,,,,,,7.2763325,80.667715
Other,OTHER,NBRO/LRRMD-KND/KDN/KNDFG/LI/21/0289,KDN210310,Kandy,Kandy Four Gravets & Gangawata Korale,,Thennakumbura,275,"162/7/ඒ,තල්වත්ත, තැන්නෙකුඔුර",,,,,,,,,,7.28864499,80.657558
Other,OTHER,NBRO/LRRMD-KND/KDN/UDAPAL/LI/21/0293,KDN210314,Kandy,Udapalatha,,Ranawala,1130,"83, රණවල ජලපදය, බෝවල, ගම්පොළ",,,,,,,,,,7.176449,80.65255
Other,OTHER,NBRO/LRRMD-KND/KDN/KNDFG/LI/21/0331,KDN210352,Kandy,Kandy Four Gravets & Gangawata Korale,,Ampitiya North,252,"69/6 බී, අම්පිටිය පාර, මහනුවර",,,,,,,,,,7.284836,80.6519149
Other,OTHER,NBRO/LRRMD-KND/KDN/UDUNUW/LI/21/0361,KDN210373,Kandy,Udunuwara,,Hiyarapitiya,74,"75, හියාරාපිටිය, හන්දෙස්ස",,,,,,,,,,7.229779,80.567464
Other,OTHER,NBRO/LRRMD-KND/KDN/KNDFG/LI/21/0379,KDN210391,Kandy,Kandy Four Gravets & Gangawata Korale,,Pahala Eriyagama,282,"159, ගල්වල පාර, පහළ ඊරියගම, පේරාදේණිය",,,,,,,,,,7.263916,80.587178
Other,OTHER,NBRO/LRRMD-KND/KDN/KNDFG/LI/21/0380,KDN210392,Kandy,Kandy Four Gravets & Gangawata Korale,,Wewathenna,274,"76/2,රඳාගස්පාන,තලාතුඔය පාර, අම්පිටිය",,,,,,,,,,7.262769,80.66666
Other,OTHER,NBRO/LRRMD-KND/KDN/KNDFG/LI/21/0386,KDN210398,Kandy,Kandy Four Gravets & Gangawata Korale,,Godagandeniya,283,"ශ්‍රි භාරති විද්‍යාතන පිරිවෙන, ගන්ගොඩදෙණිය, පේරාදෙණිය",,,,,,,,,,7.257522,80.588955
Other,OTHER,NBRO/LRRMD-KND/KDN/KNDFG/LI/21/0398,KDN210410,Kandy,Kandy Four Gravets & Gangawata Korale,,Boowelikada,220,"22, සංඝමිත්තා මාවත, මහනුවර",,,,,,,,,,7.2931916,80.6473183
Other,OTHER,NBRO/LRRMD-KND/KDN/DOLUWA/LI/21/0399,KDN210411,Kandy,Doluwa,,Pupuressa,1181,"ස්ටෙලන්බර්ග්, දෙමළ විද්‍යාලය, පුපුරැස්ස",,,,,,,,,,7.106361,80.689743
Other,OTHER,NBRO/LRRMD-KND/KDN/KNDFG/LI/21/0407,KDN210419,Kandy,Kandy Four Gravets & Gangawata Korale,,Malwatta,254,"56/ඒ/4, සංඝරාජ මාවත, මහනුවර",,,,,,,,,,7.290238,80.646511
Other,OTHER,NBRO/LRRMD-KND/KDN/DOLUWA/LI/21/0410,KDN210422,Kandy,Doluwa,,Gothatuwela,1145,"300/58, පන්විලතැන්න, මිල්ලගයමුල, කහවත්ත",,,,,,,,,,7.164079,80.6100811
Other,OTHER,NBRO/LRRMD-KND/KDN/HARISP/LI/21/0413,KDN210425,Kandy,Harispattuwa,,Senarathgama South,424,"134/5, සෙනරත්ගම, කටුගස්තොට",,,,,,,,,,7.323699,80.609268
Other,OTHER,NBRO/LRRMD-KND/KDN/DOLUWA/LI/21/0419,KDN210431,Kandy,Doluwa,,Wariyagala,1161,"284/3, වාරියගල, නිල්ලඹ",,,,,,,,,,7.202903,80.632339
Other,OTHER,NBRO/LRRMD-KND/KDN/KNDFG/LI/21/0428,KDN210440,Kandy,Kandy Four Gravets & Gangawata Korale,,Bahirawa Kanda,236,"19/8, පේරාදෙණිය පාර, මහනුවර",,,,,,,,,,7.291971,80.63297
Other,OTHER,NBRO/LRRMD-KND/KDN/KNDFG/LI/21/0438,KDN210450,Kandy,Kandy Four Gravets & Gangawata Korale,,Boowelikada,220,"10 බී, සංඝමිත්තා මාවත, මහනුවර",,,,,,,,,,7.292039,80.6475016
Other,OTHER,NBRO/LRRMD-KND/KDN/KNDFG/LI/21/0451,KDN210463,Kandy,Kandy Four Gravets & Gangawata Korale,,Aruppala West,223,"18/5, වටගොඩ පන්සල,අරුප්පල",,,,,,,,,,7.167307,80.555386
Other,OTHER,NBRO/LRRMD-KND/KDN/KNDFG/LI/21/0463,KDN210475,Kandy,Kandy Four Gravets & Gangawata Korale,,Welata,260,"645, 631 හා 635 විලියම් ගොපල්ලව මාවත, මහනුවර",,,,,,,,,,7.274829,80.61381
Other,OTHER,NBRO/LRRMD-KND/KDN/KNDFG/LI/21/0464,KDN210476,Kandy,Kandy Four Gravets & Gangawata Korale,,Wewathenna,274,"341/5ඒ 1 හා 341/5 ඒ,  වෑවතැන්න, අම්පිටිය",,,,,,,,,,7.263506,80.6626215
Other,OTHER,NBRO/LRRMD-KND/KDN/KNDFG/LI/21/0466,KDN210478,Kandy,Kandy Four Gravets & Gangawata Korale,,Uda Bowala,244,"20, උඩපෝවල වත්ත, මහනුවර",,,,,,,,,,7.26689,80.619003
Other,OTHER,NBRO/LRRMD-KND/KDN/KNDFG/LI/21/0467,KDN210479,Kandy,Kandy Four Gravets & Gangawata Korale,,Meddegama,272,"25,  මැද්දේපතන වත්ත, අමිපිටිය",,,,,,,,,,7.2690616,80.657958
Other,OTHER,NBRO/LRRMD-KND/KDN/KNDFG/LI/21/0468,KDN210480,Kandy,Kandy Four Gravets & Gangawata Korale,,Meddegama,272,"100/1, බෝධියංගන මාවත, මැදබෝවල",,,,,,,,,,7.26689,80.619003
Other,OTHER,NBRO/LRRMD-KND/KDN/KNDFG/LI/21/0470,KDN210482,Kandy,Kandy Four Gravets & Gangawata Korale,,Ampitiya North,252,"නො 29/91,ධර්මරාජ මාවත, මහනුවර",,,,,,,,,,7.287268,80.650861
Other,OTHER,NBRO/LRRMD-KND/KDN/KNDFG/LI/21/0471,KDN210483,Kandy,Kandy Four Gravets & Gangawata Korale,,Wattaranthenna,238,"නො 140/42,  ශ්‍රි සුමන්ගල මාවත, මහනුවර",,,,,,,,,,7.3047049,80.627976
Other,OTHER,NBRO/LRRMD-KND/KDN/KNDFG/LI/21/0475,KDN210487,Kandy,Kandy Four Gravets & Gangawata Korale,,Senkadagala,251,"නො.08, සන්දිරිගම පටුමග, කටුගස්තොට",,,,,,,,,,7.325336,80.619985
Other,OTHER,NBRO/LRRMD-KND/KDN/KNDFG/LI/21/0480,KDN210492,Kandy,Kandy Four Gravets & Gangawata Korale,,Katukele West,256,"496/25, පියාෂෝ උද්්‍යානය, මහනුවර",,,,,,,,,,7.284946,80.621046
Other,OTHER,NBRO/LRRMD-KND/KDN/KNDFG/LI/21/0489,KDN210502,Kandy,Kandy Four Gravets & Gangawata Korale,,Welata,260,සිතාදේවි බාලිකා විදුහල මහනුවර,,,,,,,,,,7.2789389,80.6168366
Other,OTHER,NBRO/LRRMD-KND/KDN/KNDFG/LI/21/0492,KDN210504,Kandy,Kandy Four Gravets & Gangawata Korale,,Uda Peradeniya,249,"බෝධිමාලක, ශ්‍රි විශුද්ධාරාමය, උඩපේරාදෙණිය",,,,,,,,,,7.260616,80.60556
Other,OTHER,NBRO/LRRMD-KND/KDN/KNDFG/LI/21/0495,KDN210507,Kandy,Kandy Four Gravets & Gangawata Korale,,Mapanawathura,237,"141/18, රාමනායක මාවත, මාපනාවතුර, මහනුවර",,,,,,,,,,7.3092549,80.629115
Other,OTHER,NBRO/LRRMD-KND/KDN/KNDFG/LI/21/0516,KDN210527,Kandy,Kandy Four Gravets & Gangawata Korale,,Aruppala West,223,"2/1, වටගොඩ පන්සල පාර, අරුප්පල",,,,,,,,,,7.3035799,80.647433
Other,OTHER,NBRO/LRRMD-KND/KDN/GANGIK/LI/21/0540,KDN210551,Kandy,Ganga Ihala Korale,,Gampolawela,1077,"දොළොස්බාගේ ප්‍රාදේශීය රෝහල,  දොළොස්බාගේ",,,,,,,,,,7.0826025,80.47115
Other,OTHER,NBRO/LRRMD-KND/KDN/HARISP/LI/21/0541,KDN210552,Kandy,Harispattuwa,,Udabokalawela,411,"95/c, බොකලවෙල,  අඹේතැන්න",,,,,,,,,,7.3405947,80.607689
Other,OTHER,NBRO/LRRMD-KND/KDN/YATINU/LI/21/0544,KDN210555,Kandy,Yatinuwara,,Edanduwawa West,132,"256/B, ජෙස්මින් වත්ත,  පේරාදෙණිය",,,,,,,,,,7.2657,80.580769
Other,OTHER,NBRO/LRRMD-KND/KDN/PATHAH/LI/21/0549,KDN210560,Kandy,Pathahewaheta,,Nugaliyadda Ihala,983,"49, කන්දේගම, නුගලියද්ද",,,,,,,,,,7.2892583,80.656475
Other,OTHER,NBRO/LRRMD-KND/KDN/PATHAH/LI/21/0557,KDN210568,Kandy,Pathahewaheta,,Moragolla,973,"155/1,අස්වැද්දුමේ කුඹුර, මොරගොල්ල",,,,,,,,,,7.2296583,80.68025
Other,OTHER,NBRO/LRRMD-KND/KDN/KNDFG/LI/21/0581,KDN210592,Kandy,Kandy Four Gravets & Gangawata Korale,,Katukele,255,"JWA ගොඩනැගිල්ල, 06 බහිරවකන්ද, මහනුවර",,,,,,,,,,7.291135,80.629875
Other,OTHER,NBRO/LRRMD-KND/KDN/PATHAH/LI/21/0583,KDN210594,Kandy,Pathahewaheta,,Kossinna,956,"හෂිනි ලී මෝල අසල, කොස්සින්න",,,,,,,,,,7.2628816,80.68081
Other,OTHER,NBRO/LRRMD-KND/KDN/KNDFG/LI/21/0586,KDN210597,Kandy,Kandy Four Gravets & Gangawata Korale,,Thalwatta,221,"95/11, හේවාහැට පාර, තල්වත්ත",,,,,,,,,,7.2945749,80.64974
Other,OTHER,NBRO/LRRMD-KND/KDN/UDAPAL/LI/21/0592,KDN210603,Kandy,Udapalatha,,Gampola East,1108,"5/1,පිහිල්ලදෙණිය, නාරංවිට, ගම්පොල",,,,,,,,,,7.1692232,80.5820844
Other,OTHER,NBRO/LRRMD-KND/KDN/KNDFG/LI/21/0594,KDN210605,Kandy,Kandy Four Gravets & Gangawata Korale,,Thalwatta,221,"95/11, හේවාහැට පාර, තල්වත්ත",,,,,,,,,,7.293765,80.653883
Other,OTHER,NBRO/LRRMD-KND/KDN/KNDFG/LI/21/0617,KDN210628,Kandy,Kandy Four Gravets & Gangawata Korale,,Thalwatta,221,"19/15, පී.එල්.පී. අල්විස් මාවත, ලේවැල්ල",,,,,,,,,,7.2949016,80.652133
Other,OTHER,NBRO/LRRMD-KND/KDN/KNDFG/LI/21/0630,KDN210641,Kandy,Kandy Four Gravets & Gangawata Korale,,Thalwatta,221,"69/ඩී, ලේවැල්ල පාර, මහනුවර",,,,,,,,,,7.29804,80.650083
Other,OTHER,NBRO/LRRMD-KND/KDN/KNDFG/LI/21/0632,KDN210643,Kandy,Kandy Four Gravets & Gangawata Korale,,Thalwatta,221,"77/2 හා 77/3, තල්වත්ත",,,,,,,,,,7.2942699,80.65236
Other,OTHER,NBRO/LRRMD-KND/KDN/KNDFG/LI/21/0660,KDN210670,Kandy,Kandy Four Gravets & Gangawata Korale,,Gurudeniya East,276,"340, උඩරට සැඳැල්ල, හාරගම, ගුරුදෙණිය",,,,,,,,,,7.2601245,80.7201316
Other,OTHER,NBRO/LRRMD-KND/KDN/KNDFG/LI/21/0672,KDN210682,Kandy,Kandy Four Gravets & Gangawata Korale,,Deiyannewela,261,පතනවත්ත- පිඹුරු අංක 2542 කැබලි 8-10,,,,,,,,,,7.2770416,80.63159
Other,OTHER,NBRO/LRRMD-KND/KDN/KNDFG/LI/21/0675,KDN210685,Kandy,Kandy Four Gravets & Gangawata Korale,,Uda Bowala,244,"89/197, හීරැස්සගල , මහනුවර",,,,,,,,,,7.268969,80.624757
Other,OTHER,NBRO/LRRMD-KND/KDN/KNDFG/LI/21/0691,KDN210701,Kandy,Kandy Four Gravets & Gangawata Korale,,Mulgampala,243,"31/6, සියඹලාපිටිය පාර, මුල්ගම්පොල",,,,,,,,,,7.27397,80.619216
Other,OTHER,NBRO/LRRMD-KND/KDN/KNDFG/LI/21/0692,KDN210702,Kandy,Kandy Four Gravets & Gangawata Korale,,Bogambara,264,හන්තාන නිවාස ක්‍රමය45/බි01 නිවසට පහළ,,,,,,,,,,7.2770416,80.63159
Other,OTHER,NBRO/LRRMD-KND/KDN/KNDFG/LI/21/0694,KDN210704,Kandy,Kandy Four Gravets & Gangawata Korale,,Thennakumbura,275,"185, තල්වත්ත තැන්නෙකුඹුර",,,,,,,,,,7.289358,80.6564616
Other,OTHER,NBRO/LRRMD-KND/KDN/PATHAH/LI/22/0008,KDN220025,Kandy,Pathahewaheta,,Thalathuoya East,961,"තාලතුඔය කණිෂ්ඨ විද්‍යාලය, තලාතුඔය",,,,,,,,,,7.252818,80.689227
Other,OTHER,NBRO/LRRMD-KND/KDN/KNDFG/LI/22/0049,KDN220067,Kandy,Kandy Four Gravets & Gangawata Korale,,Bahirawa Kanda,236,"මහ/ ජනාධිපති ආදර්ශ ප්‍රාථමික විද්‍යාලය, දොඩම්වල",,,,,,,,,,7.2992983,80.622333
Other,OTHER,NBRO/LRRMD-KND/KDN/KNDFG/LI/22/0062,KDN220080,Kandy,Kandy Four Gravets & Gangawata Korale,,Boowelikada,220,"ධර්මරාජ විද්‍යාලය, මහනුවර",,,,,,,,,,7.2892216,80.65102
Other,OTHER,NBRO/LRRMD-KND/KDN/POOJAP/LI/22/0100,KDN220124,Kandy,Poojapitiya,,Rambukewela,517,"රඹුක්වෙල පූර්වාරාමය, අංකුඹුර",,,,,,,,,,7.4052028,80.56350715
Other,OTHER,NBRO/LRRMD-KND/KDN/POOJAP/LI/22/0103,KDN220127,Kandy,Poojapitiya,,Ovissa South,543,"18/4උඩගම, ගල්හින්න",,,,,,,,,,7.42317463,80.56726055
Other,OTHER,NBRO/LRRMD-KND/KDN/KNDFG/LI/22/0107,KDN220134,Kandy,Kandy Four Gravets & Gangawata Korale,,Aniwatta West,233,"නො. 124ඒ, ජෝර්ජ් ඊ ද සිල්වා මාවත, මහනුවර",,,,,,,,,,7.283586,80.6182516
Other,OTHER,NBRO/LRRMD-KND/KDN/KNDFG/LI/22/0118,KDN220148,Kandy,Kandy Four Gravets & Gangawata Korale,,Watapuluwa West,229,"නො. 16/12, අප්ලන්ඩ්ස්, අරුප්පල, මහනුවර",,,,,,,,,,7.307766,80.63989
Other,OTHER,NBRO/LRRMD-KND/KDN/KNDFG/LI/22/0122,KDN220158,Kandy,Kandy Four Gravets & Gangawata Korale,,Aruppala East,224,පිඹුරු අංක 1203 හි කැබලි අංක 4,,,,,,,,,,7.310954,80.648255
Other,OTHER,NBRO/LRRMD-KND/KDN/DOLUWA/LI/22/0145,KDN220181,Kandy,Doluwa,,Doluwa,1155,ලෝරාවත්ත,,,,,,,,,,7.15690169,80.63746714
Other,OTHER,NBRO/LRRMD-KND/KDN/DOLUWA/LI/22/0148,KDN220184,Kandy,Doluwa,,Gurukele,1138,රජමාලෛ වත්ත,,,,,,,,,,7.182441052,80.6389363
Other,OTHER,NBRO/LRRMD-KND/KDN/KNDFG/LI/22/0165,KDN220212,Kandy,Kandy Four Gravets & Gangawata Korale,,Mahaiyawa,239,"අංක 20/69, විද්‍යාර්ථ මාවත, මහනුවර",,,,,,,,,,7.305136,80.63563
Other,OTHER,NBRO/LRRMD-KND/KDN/KNDFG/LI/22/0166,KDN220213,Kandy,Kandy Four Gravets & Gangawata Korale,,Getambe,259,"අංක 19/ඒ, ප්‍රිම්රෝස් උයන, මහනුවර",,,,,,,,,,7.281909,80.614946
Other,OTHER,NBRO/LRRMD-KND/KDN/KNDFG/LI/22/0168,KDN220215,Kandy,Kandy Four Gravets & Gangawata Korale,,Boowelikada,220,මහමායා බාලිකා ප්‍රාථමික විද්‍යාලය -මහනුවර,,,,,,,,,,7.2907823,80.644776
Other,OTHER,NBRO/LRRMD-KND/KDN/KNDFG/LI/22/0185,KDN220232,Kandy,Kandy Four Gravets & Gangawata Korale,,Thennakumbura,275,"අංක 178/452, පට්ටියකැලේ ජනපදය, අම්පිටිය",,,,,,,,,,7.286393,80.656775
Other,OTHER,NBRO/LRRMD-KND/KDN/KNDFG/LI/22/0186,KDN220233,Kandy,Kandy Four Gravets & Gangawata Korale,,Boowelikada,220,"අංක 112, අනගාරික ධර්මපාල මාවත, මහනුවර",,,,,,,,,,7.292363,80.6490816
Other,OTHER,NBRO/LRRMD-KND/KDN/UDAPAL/LI/22/0202,KDN220253,Kandy,Udapalatha,,Pallegama,1168,"අංක 49/එෆ්, පල්ලේගම, අටබාගේ",,,,,,,,,,7.136627,80.602926
Other,OTHER,NBRO/LRRMD-KND/KDN/KNDFG/LI/22/0246,KDN220345,Kandy,Kandy Four Gravets & Gangawata Korale,,Getambe,259,"අංක 36/21, වජිරාරාම මාවත, ප්‍රිම්රෝස්",,,,,,,,,,7.278047,80.610879
Other,OTHER,NBRO/LRRMD-KND/KDN/THUMPA/LI/22/0259,KDN220358,Kandy,Thumpane,,Haddapitiya,305,"අංක 105, පහළ වත්ත, මඩවල, ගලගෙදර",,,,,,,,,,7.378385,80.526916
Other,OTHER,NBRO/LRRMD-KND/KDN/UDADUM/LI/22/0267,KDN220366,Kandy,Udadumbara,,Bambarabedda East,836,"38, බඹරබැද්ද නැගෙනහිර, හුන්නස්ගිරිය",,,,,,,,,,7.2517,80.848677
Other,OTHER,NBRO/LRRMD-KND/KDN/UDADUM/LI/22/0268,KDN220367,Kandy,Udadumbara,,Nugethenna West,841,"236/c, නුගේතැන්න බහිර, හුන්නස්ගිරිය",,,,,,,,,,7.283531,80.855261
Other,OTHER,NBRO/LRRMD-KND/KDN/KNDFG/LI/22/0490,KDN220392,Kandy,Kandy Four Gravets & Gangawata Korale,,Watapuluwa,228,"74/6, බෝමළුව පාර, වටපුළුව",,,,,,,,,,7.31926,80.64031
Other,OTHER,NBRO/LRRMD-KND/KDN/KNDFG/LI/24/0172,KDN240631,Kandy,Kandy Four Gravets & Gangawata Korale,,Ampitiya North,252,"නො. 187, අම්පිටිය පාර, මහනුවර",,,,,,,,,,7.28068,80.654383
Other,OTHER,NBRO/LRRMD-KND/KDN/PATHAH/LI/24/0187,KDN240691,Kandy,Pathahewaheta,,Sriyagama,974,අම්බලන්මානවත්ත,,,,,,,,,,7.229927,80.684717
Other,OTHER,NBRO/LRRMD-KND/KDN/KNDFG/LI/24/0376,KDN241515,Kandy,Kandy Four Gravets & Gangawata Korale,,Getambe,259,"අංක 24, දෙවන රාජසිංහ මාවත, මහනුවර",,,,,,,,,,7.278941,80.606257
Other,OTHER,NBRO/LRRMD-KND/KDN/KNDFG/LI/25/0003,KDN250073,Kandy,Kandy Four Gravets & Gangawata Korale,,Uda Peradeniya,249,"146/2, උඩපේරාදෙණිය, පේරාදෙණිය",,,,,,,,,,7.261716,80.606089
Other,OTHER,NBRO/LRRMD-KND/KDN/KNDFG/LI/25/0036,KDN250298,Kandy,Kandy Four Gravets & Gangawata Korale,,Heeressagala,242,"සිරිමාවෝ බණ්ඩාරනායක විශේෂිත ළමා රෝහල, පේරාදෙණිය",,,,,,,,,,7.26747,80.99866
Other,OTHER,NBRO/LRRMD-KND/KDN/PANVIL/LI/25/0175,KDN251029,Kandy,Panvila,,Hathale,732,"හාතලේ වත්ත, පන්විල",,,,,,,,,,7.38339,80.72924
Other,OTHER,NBRO/LRRMD-KND/KDN/DOLUWA/LI/25/0187,KDN251089,Kandy,Doluwa,,Nillamba,1137,ලෙවලන් වතුයාය ආශ්‍රිත නිවාස,,,,,,,,,,7.157209,80.680097
Other,OTHER,NBRO/LRRMD-KND/KDN/KNDFG/LI/25/0268,KDN251478,Kandy,Kandy Four Gravets & Gangawata Korale,,Hindagala,267,"අංක 130, සිසිර, දොළුව පාර, හිඳගල",,,,,,,,,,7.2373824,80.6013792
Other,OTHER,NBRO/LRRMD-KEG/KEG/DERANI/LI/11/0002,KEG110003,Kegalle,Deraniyagala,,Wattegedara,114D,"උඩබාගෙවත්ත, පහළ කොටස",,,,,,,,,,6.926618,80.342992
Other,OTHER,NBRO/LRRMD-KEG/KEG/ARANAY/LI/12/0015,KEG120015,Kegalle,Aranayaka,,Gevilipitiya Town,45B,ගැවිලිපිටිය නගරය,,,,,,,,,,7.183166,80.453502
Other,OTHER,NBRO/LRRMD-KEG/KEG/KEGALL/LI/13/0004,KEG130005,Kegalle,Kegalle,,Buluruppa,53B,"එච්.ආර්.එන්.ඩී.හීන්දෙණිය, ""නන්දන"", තිබ්බුටුමුනුව, හෙට්ටිමුල්ල.(මල්පැන්දෙණිය ඉඩම)",,,,,,,,,,7.22361,80.350556
Other,OTHER,NBRO/LRRMD-KEG/KEG/KEGALL/LI/13/0005,KEG130006,Kegalle,Kegalle,,Golahela,51E,"නො.67, විද්‍යාල මාවත, කෑගල්ල.",,,,,,,,,,7.251541,80.349567
Other,OTHER,NBRO/LRRMD-KEG/KEG/GALIGA/LI/13/0041,KEG130042,Kegalle,Galigamuwa,,Galigamuwa,69B,ඉද්දමල්පාන මහා විද්‍යාලය,,,,,,,,,,7.186976,80.313982
Other,OTHER,NBRO/LRRMD-KEG/KEG/KEGALL/LI/15/0001,KEG150004,Kegalle,Kegalle,,Siyambalapitiya,51,සියඹලාපිටිය (පොත්ගුලේ මුකලාන නැමැති ඉඩම),,,,,,,,,,7.27256,80.340817
Other,OTHER,NBRO/LRRMD-KEG/KEG/RUWANW/LI/15/0016,KEG150019,Kegalle,Ruwanwella,,Wendala,105,"රුවන්වැල්ල ප්‍රාදේශීය ලේකම් කාර්යාලය, රුවන්වැල්ල.",,,,,,,,,,7.031587,80.258548
Other,OTHER,NBRO/LRRMD-KEG/KEG/RAMBUK/LI/15/0021,KEG150024,Kegalle,Rambukkana,,Kiriwandeniya,9,වැලිකන්ද ජනපදය,,,,,,,,,,7.17281,80.25143
Other,OTHER,NBRO/LRRMD-KEG/KEG/MAWANE/LI/16/0002,KEG160011,Kegalle,Mawanella,,Ambalawa,40C,ගම්පොල,,,,,,,,,,7.17461,80.218871
Other,OTHER,NBRO/LRRMD-KEG/KEG/DEHIOV/LI/16/0014,KEG160023,Kegalle,Dehiovita,,Boralankada,115B,"අයිලාවත්ත, අයිලා කොටස.",,,,,,,,,,7.152481,80.198985
Other,OTHER,NBRO/LRRMD-KEG/KEG/DEHIOV/LI/16/0015,KEG160024,Kegalle,Dehiovita,,Kahanavita,115A,කෑ/දෙහි/කහනාවිට කණිෂ්ඨ විද්‍යාලය.,,,,,,,,,,7.145641,80.196152
Other,OTHER,NBRO/LRRMD-KEG/KEG/DEHIOV/LI/16/0016,KEG160025,Kegalle,Dehiovita,,Godagampala,121C,කෑ/දෙහි ඉද්දමල්ලෙන විදුහල.,,,,,,,,,,6.882246,80.317145
Other,OTHER,NBRO/LRRMD-KEG/KEG/KEGALL/LI/17/0012,KEG170020,Kegalle,Kegalle,,Uraulla,52B,"එච් 11/5, එගොඩවත්ත, රංවල, කෑගල්ල.",,,,,,,,,,7.150138,80.22711
Other,OTHER,NBRO/LRRMD-KEG/KEG/MAWANE/LI/17/0032,KEG170040,Kegalle,Mawanella,,Dehimaduwa,15E,"කන්ද පාර, වලකඩයාව, මාවනැල්ල.",,,,,,,,,,7.248271,80.417685
Other,OTHER,NBRO/LRRMD-KEG/KEG/MAWANE/LI/17/0033,KEG170041,Kegalle,Mawanella,,Makehelwala,23,මාකෙහෙල්වල,,,,,,,,,,7.167463,80.320949
Other,OTHER,NBRO/LRRMD-KEG/KEG/YATIYN/LI/17/0041,KEG170049,Kegalle,Yatiyanthota,,Nawata,135D,කැළණි ගඟ හරහා පද්දාවල තොටුපලට ඉහලින් ඉදිරිකිරීමට අපේක්ෂිත කම්බි පාලම,,,,,,,,,,7.149132,80.201391
Other,OTHER,NBRO/LRRMD-KEG/KEG/WARAKA/LI/17/0068,KEG170076,Kegalle,Warakapola,,Pitadeniya,85C,"දලුක්ගලහේන, මල්දෙණිය, නෙලුම්දෙණිය.",,,,,,,,,,7.145466,80.223645
Other,OTHER,NBRO/LRRMD-KEG/KEG/WARAKA/LI/17/0069,KEG170077,Kegalle,Warakapola,,Weniwellakaduwa,77A,"වෙනිවැල්ල වත්ත, වෙනිවැල්ල කොටස.",,,,,,,,,,7.291674,80.271313
Other,OTHER,NBRO/LRRMD-KEG/KEG/RAMBUK/LI/17/0071,KEG170079,Kegalle,Rambukkana,,Pinnawala,10,"පින්නවල උඩහ, රඹුක්කන.",,,,,,,,,,7.158855,80.23388
Other,OTHER,NBRO/LRRMD-KEG/KEG/RAMBUK/LI/17/0073,KEG170081,Kegalle,Rambukkana,,Kiriwandeniya,9,"වැලිකන්ද, කිරිවන්දෙණිය, රඹුක්කන.",,,,,,,,,,7.160658,80.232537
Other,OTHER,NBRO/LRRMD-KEG/KEG/RAMBUK/LI/17/0074,KEG170082,Kegalle,Rambukkana,,Marukwathura,75D,"අංක 69, සූරියපුර, ඉඹුල්ගස්දෙණිය.",,,,,,,,,,7.151471,80.23515
Other,OTHER,NBRO/LRRMD-KEG/KEG/RAMBUK/LI/17/0076,KEG170084,Kegalle,Rambukkana,,Yatagama,04D,"සී 75/3, තලහේන්කන්ද, යටගම, රඹුක්කන.",,,,,,,,,,7.154599,80.236175
Other,OTHER,NBRO/LRRMD-KEG/KEG/DERANI/LI/17/0080,KEG170088,Kegalle,Deraniyagala,,Anhettigama,111A,කෑ/දෙහි/අංහෙට්ටිගම මහා විදුහල,,,,,,,,,,7.156454,80.191791
Other,OTHER,NBRO/LRRMD-KEG/KEG/DERANI/LI/17/0081,KEG170089,Kegalle,Deraniyagala,,Lassegama,114C,"ලසේගම, දැරණියගල.",,,,,,,,,,7.153452,80.191025
Other,OTHER,NBRO/LRRMD-KEG/KEG/DERANI/LI/17/0082,KEG170090,Kegalle,Deraniyagala,,Wattegedara,114D,"වත්තේගෙදර, දැරණියගල.",,,,,,,,,,7.15077,80.194461
Other,OTHER,NBRO/LRRMD-KEG/KEG/DERANI/LI/17/0084,KEG170092,Kegalle,Deraniyagala,,Demeda,114F,ඌඩාපොල හන්දිය - දෙමැද මාර්ගය,,,,,,,,,,7.152939,80.187954
Other,OTHER,NBRO/LRRMD-KEG/KEG/GALIGA/LI/17/0086,KEG170094,Kegalle,Galigamuwa,,Karagala,62A,"කේ/10, කරගල, අරුග්ගම්මන.",,,,,,,,,,7.147681,80.213012
Other,OTHER,NBRO/LRRMD-KEG/KEG/DERANI/LI/17/0087,KEG170095,Kegalle,Deraniyagala,,Kosgahakanda,113A,කොස්ගහකන්ද,,,,,,,,,,7.155732,80.185961
Other,OTHER,NBRO/LRRMD-KEG/KEG/DERANI/LI/17/0088,KEG170096,Kegalle,Deraniyagala,,Kosgahakanda,113A,"ආර් 55/02, වීදිය වත්ත, මියනවිට, දැරණියගල.",,,,,,,,,,7.155703,80.186931
Other,OTHER,NBRO/LRRMD-KEG/KEG/DERANI/LI/17/0089,KEG170097,Kegalle,Deraniyagala,,Deraniyagala,114,ඉලුක්තැන්න වත්තේ පුස්තකාල ගොඩනැගිල්ල,,,,,,,,,,7.150737,80.194133
Other,OTHER,NBRO/LRRMD-KEG/KEG/BULATK/LI/17/0115,KEG170123,Kegalle,Bulathkohupitiya,,Panapitiya,107D,පනාපිටිය.,,,,,,,,,,7.147852,80.209795
Other,OTHER,NBRO/LRRMD-KEG/KEG/DEHIOV/LI/17/0123,KEG170131,Kegalle,Dehiovita,,Dikella,119A,"දීගල, පහළ කොටස, දෙහිඕවිට.",,,,,,,,,,7.147927,80.194766
Other,OTHER,NBRO/LRRMD-KEG/KEG/DEHIOV/LI/17/0133,KEG170141,Kegalle,Dehiovita,,Ambalampitiya,121D,කෑ/දෙහි/අම්බලම්පිටිය මහා විද්‍යාලය,,,,,,,,,,7.148061,80.184959
Other,OTHER,NBRO/LRRMD-KEG/KEG/DEHIOV/LI/17/0136,KEG170144,Kegalle,Dehiovita,,Eluwana,116E,"එළුවාන පාර, මාගම්මන, දෙහිඕවිට.",,,,,,,,,,7.0099026,80.2588145
Other,OTHER,NBRO/LRRMD-KEG/KEG/GALIGA/LI/18/0011,KEG180022,Kegalle,Galigamuwa,,Atala,63C,"අක්කර 50, පිංදෙණිය වත්ත, අටාල",,,,,,,,,,7.14706,80.3
Other,OTHER,NBRO/LRRMD-KEG/KEG/KEGALL/LI/18/0042,KEG180070,Kegalle,Kegalle,,Olagankanda,51C,ඔලගන්කන්ද ළමා මිතුරු ප්‍රාථමික විද්‍යාලය,,,,,,,,,,7.2607542,80.351483
Other,OTHER,NBRO/LRRMD-KEG/KEG/KEGALL/LI/18/0049,KEG180077,Kegalle,Kegalle,,Beragala,52A,"බෙරගල, දික්ඇල්ල.",,,,,,,,,,7.22969,80.33279
Other,OTHER,NBRO/LRRMD-KEG/KEG/KEGALL/LI/18/0052,KEG180080,Kegalle,Kegalle,,Godigamuwa,54,"ඒ.7/1, ගොඩිගමුව, මොරොන්තොට.",,,,,,,,,,7.154467,80.219691
Other,OTHER,NBRO/LRRMD-KEG/KEG/KEGALL/LI/18/0053,KEG180081,Kegalle,Kegalle,,Buluruppa,53B,"බුරුළුප්ප, ගොඩපොළ.",,,,,,,,,,7.153039,80.22492
Other,OTHER,NBRO/LRRMD-KEG/KEG/MAWANE/LI/18/0073,KEG180101,Kegalle,Mawanella,,Hingula,29,පහළ කඩුගන්නාව,,,,,,,,,,7.150996,80.301487
Other,OTHER,NBRO/LRRMD-KEG/KEG/MAWANE/LI/18/0075,KEG180103,Kegalle,Mawanella,,Dunugama Maliyadda,24B,දුනුගම්මාලියද්ද හරහා යටිනුවර දක්වා මාර්ගය,,,,,,,,,,7.275091677,80.47658849
Other,OTHER,NBRO/LRRMD-KEG/KEG/MAWANE/LI/18/0081,KEG180109,Kegalle,Mawanella,,Warakapana,26A,දිදුලවත්ත ඉහළ,,,,,,,,,,7.170551,80.227429
Other,OTHER,NBRO/LRRMD-KEG/KEG/YATIYN/LI/18/0082,KEG180110,Kegalle,Yatiyanthota,,Pelellegama,115F,පනාවත්ත අංක 3හි 2005 ක්ෂේත්‍රයට ආසන්න භූමි ප්‍රදේශය (පනාවත්ත අංක 3 කොටස ගෙවල් 30ක ලැයිම අසල ඉඩම),,,,,,,,,,6.989157,80.301727
Other,OTHER,NBRO/LRRMD-KEG/KEG/YATIYN/LI/18/0083,KEG180111,Kegalle,Yatiyanthota,,Jayavinda Gama,132B,"වී ඔය වත්ත පහළ කොටසසේ 18A ක්ෂේත්‍රයේ, 41 - 42 පේලි නිවාස පිහිටි භූමිය (වී ඔය වත්ත පහළ කොටස ශ්‍රී කරු මාරි",,,,,,,,,,7.061045,80.335771
Other,OTHER,NBRO/LRRMD-KEG/KEG/YATIYN/LI/18/0084,KEG180112,Kegalle,Yatiyanthota,,Mahabage,134A,"ඉන්ඔය වත්ත, පහළ කොටස.",,,,,,,,,,7.0052265,80.426214
Other,OTHER,NBRO/LRRMD-KEG/KEG/YATIYN/LI/18/0085,KEG180113,Kegalle,Yatiyanthota,,Dunukedeniya,134E,තෙබුවත්ත ශ්‍රී විජිතාරාමය,,,,,,,,,,7.0329294,80.423741
Other,OTHER,NBRO/LRRMD-KEG/KEG/YATIYN/LI/18/0088,KEG180116,Kegalle,Yatiyanthota,,Yatiyanthota,106,"බෙරන්නාව, දොඹේපොල, අමනාවල",,,,,,,,,,7.06703,80.4077052
Other,OTHER,NBRO/LRRMD-KEG/KEG/WARAKA/LI/18/0097,KEG180125,Kegalle,Warakapola,,Dummaladeniya,94C,ඇත්නාවල දෙමළ විද්‍යාලය ස්ථාපිත කිරීම සඳහා යෝජිත භූමිය,,,,,,,,,,7.21271,80.19036
Other,OTHER,NBRO/LRRMD-KEG/KEG/WARAKA/LI/18/0098,KEG180126,Kegalle,Warakapola,,Kudapallegama,87B,"කුඩා පල්ලේගම, වරකාපොල.",,,,,,,,,,7.1667983,80.261945
Other,OTHER,NBRO/LRRMD-KEG/KEG/WARAKA/LI/18/0102,KEG180130,Kegalle,Warakapola,,Weragala,90,කෑ/දැදි/වේරගල කණිෂ්ඨ විද්‍යාලය,,,,,,,,,,7.132588,80.264684
Other,OTHER,NBRO/LRRMD-KEG/KEG/RAMBUK/LI/18/0116,KEG180144,Kegalle,Rambukkana,,Meeduma,04E,යටපාවල වත්ත (කංකානංදෙණිය),,,,,,,,,,7.32679713,80.3684332
Other,OTHER,NBRO/LRRMD-KEG/KEG/DERANI/LI/18/0121,KEG180149,Kegalle,Deraniyagala,,Dodawatta,110D,දොඩාවත්ත දලුක්මුල්ලේවත්ත ඉඩම,,,,,,,,,,6.959394,80.399342
Other,OTHER,NBRO/LRRMD-KEG/KEG/DERANI/LI/18/0125,KEG180153,Kegalle,Deraniyagala,,Wattegedara,114D,"ටී 122, ඉලුක්තැන්න, වත්තේගෙදර.",,,,,,,,,,7.150771,80.194453
Other,OTHER,NBRO/LRRMD-KEG/KEG/DERANI/LI/18/0126,KEG180154,Kegalle,Deraniyagala,,Udabage,111,"ඒල් 13/2, උඩබාගේ, අංහෙට්ටිගම.",,,,,,,,,,7.15538,80.194849
Other,OTHER,NBRO/LRRMD-KEG/KEG/GALIGA/LI/18/0136,KEG180164,Kegalle,Galigamuwa,,Narangoda,67,"පිටගල්දෙණිය හන්දිය, පිටගල්දෙණිය.",,,,,,,,,,7.1929049,80.2998441
Other,OTHER,NBRO/LRRMD-KEG/KEG/BULATK/LI/18/0137,KEG180165,Kegalle,Bulathkohupitiya,,Puspane,60D,"D39, විලුඹහේන, උඳුගොඩ.",,,,,,,,,,7.13927,80.35922
Other,OTHER,NBRO/LRRMD-KEG/KEG/BULATK/LI/18/0138,KEG180166,Kegalle,Bulathkohupitiya,,Bulathkohupitiya,129B,"බුලත්කොහුපිටිය ග්‍රාම නිලධාරි වසමේ, නෙව්ස්මියර් පහළ 8 කොටස සහ 10 කොටස ගම්මාන දෙක",,,,,,,,,,7.103524,80.344687
Other,OTHER,NBRO/LRRMD-KEG/KEG/BULATK/LI/18/0139,KEG180167,Kegalle,Bulathkohupitiya,,Wegalla,128B,"පුස්සහේන, වෑගල්ල.",,,,,,,,,,7.095479,80.303621
Other,OTHER,NBRO/LRRMD-KEG/KEG/BULATK/LI/18/0140,KEG180168,Kegalle,Bulathkohupitiya,,Urumeewala,129C,"ඌරුමීවල, බුලත්කොහුපිටිය.",,,,,,,,,,7.082593,80.350233
Other,OTHER,NBRO/LRRMD-KEG/KEG/BULATK/LI/18/0145,KEG180173,Kegalle,Bulathkohupitiya,,Puspane,60D,"උඩගොඩ, එළගල්ල.",,,,,,,,,,7.14982,80.356959
Other,OTHER,NBRO/LRRMD-KEG/KEG/BULATK/LI/18/0154,KEG180182,Kegalle,Bulathkohupitiya,,Udapotha,128E,කළුපහන වත්තේ වහරක කොටස.,,,,,,,,,,7.09987,80.37629
Other,OTHER,NBRO/LRRMD-KEG/KEG/BULATK/LI/18/0155,KEG180183,Kegalle,Bulathkohupitiya,,Udapotha,128E,"උඩපොත, බුලත්කොහුපිටිය.",,,,,,,,,,7.0969227,80.373235
Other,OTHER,NBRO/LRRMD-KEG/KEG/BULATK/LI/18/0156,KEG180184,Kegalle,Bulathkohupitiya,,Urumeewala,129C,ගිරි සමන්තාරාම විහාරස්ථානය,,,,,,,,,,7.08775,80.34786
Other,OTHER,NBRO/LRRMD-KEG/KEG/BULATK/LI/18/0158,KEG180186,Kegalle,Bulathkohupitiya,,Bulathkohupitiya,129B,බුලත්කොහුපිටිය ප්‍රාදේශීය ලේකම් කාර්යාලය,,,,,,,,,,7.107515,80.334815
Other,OTHER,NBRO/LRRMD-KEG/KEG/BULATK/LI/18/0162,KEG180190,Kegalle,Bulathkohupitiya,,Punehela,128,ඇඳුරාපොල වත්ත.,,,,,,,,,,7.0841143,80.3237001
Other,OTHER,NBRO/LRRMD-KEG/KEG/BULATK/LI/18/0163,KEG180191,Kegalle,Bulathkohupitiya,,Udapotha,128E,කළුපහන වත්තේ ළමා සංවර්ධන මධ්‍යස්ථානය.,,,,,,,,,,7.0880215,80.38251
Other,OTHER,NBRO/LRRMD-KEG/KEG/BULATK/LI/18/0166,KEG180194,Kegalle,Bulathkohupitiya,,Punehela,128,"ඇඳුරාපොල වත්ත, 1996.08.36 ක්‍ෂේත්‍රය",,,,,,,,,,7.0907737,80.3254866
Other,OTHER,NBRO/LRRMD-KEG/KEG/BULATK/LI/18/0168,KEG180196,Kegalle,Bulathkohupitiya,,Urumeewala,129C,"ඌරුමීවල ජනපදය, බුලත්කොහුපිටිය.",,,,,,,,,,7.078457,80.346219
Other,OTHER,NBRO/LRRMD-KEG/KEG/BULATK/LI/18/0182,KEG180210,Kegalle,Bulathkohupitiya,,Neluwakkana,131,"නෙළුඅක්කන ග්‍රාම නිලධාරී වසමේ, නිර්මලා වත්තෙහි, වතු ලැයිම ආශ්‍රිත නිවාස ව්‍යාපෘතිය",,,,,,,,,,7.07887,80.390309
Other,OTHER,NBRO/LRRMD-KEG/KEG/DEHIOV/LI/18/0185,KEG180213,Kegalle,Dehiovita,,Thimbiripola,118D,"ඩී/61/27, මල්වරුසාවත්ත, ඇහැළියගොඩ පාර, දෙහිඕවිට.",,,,,,,,,,7.143548,80.195858
Other,OTHER,NBRO/LRRMD-KEG/KEG/DEHIOV/LI/18/0186,KEG180214,Kegalle,Dehiovita,,Madagammana,122B,මාගම්මන කණිෂ්ඨ විද්‍යාලය.,,,,,,,,,,7.01567,80.266058
Other,OTHER,NBRO/LRRMD-KEG/KEG/DEHIOV/LI/18/0187,KEG180215,Kegalle,Dehiovita,,Madagammana,122B,"ලලාන් වැවිලි සමාගම, තලපිටිය වත්ත.",,,,,,,,,,6.88206,80.281646
Other,OTHER,NBRO/LRRMD-KEG/KEG/DEHIOV/LI/18/0188,KEG180216,Kegalle,Dehiovita,,Dikella,119A,"මහඔයවත්ත, බඹරගල කොටස, 89 කෑල්ල",,,,,,,,,,6.959443,80.283865
Other,OTHER,NBRO/LRRMD-KEG/KEG/DEHIOV/LI/18/0189,KEG180217,Kegalle,Dehiovita,,Batangala,123,මහඔයවත්ත වුඩ්එන්ඩ් කොටස,,,,,,,,,,6.90649,80.269079
Other,OTHER,NBRO/LRRMD-KEG/KEG/DEHIOV/LI/18/0193,KEG180221,Kegalle,Dehiovita,,Algoda,119,අල්ගොඩ සේවා පියස,,,,,,,,,,6.948712,80.277948
Other,OTHER,NBRO/LRRMD-KEG/KEG/DEHIOV/LI/18/0196,KEG180224,Kegalle,Dehiovita,,Dikella,119A,"මහඔයවත්ත, තලපිටිය ඉඩම, නොම්මර 09 කොටස",,,,,,,,,,6.971289,80.275038
Other,OTHER,NBRO/LRRMD-KEG/KEG/DEHIOV/LI/18/0197,KEG180225,Kegalle,Dehiovita,,Walpola,115,"ඩී 53, මීගස්තැන්න, යටියන්තොට.",,,,,,,,,,6.99404,80.291703
Other,OTHER,NBRO/LRRMD-KEG/KEG/ARANAY/LI/18/0201,KEG180229,Kegalle,Aranayaka,,Kalugala,47D,කළුගල 47 ඩී ග්‍රාම නිලධාරී වසමේ දෙබත්ගම වත්ත,,,,,,,,,,7.166424362,80.411490562
Other,OTHER,NBRO/LRRMD-KEG/KEG/ARANAY/LI/18/0202,KEG180230,Kegalle,Aranayaka,,Thalgaspitiya Muslimgama,44C,"එච් 70, කෙරමිණිය වත්ත, මාවනැල්ල.",,,,,,,,,,7.17596352,80.4796286
Other,OTHER,NBRO/LRRMD-KEG/KEG/ARANAY/LI/18/0206,KEG180234,Kegalle,Aranayaka,,Ussapitiya,17,"පහළ ගෙදර, කෝපිවත්ත, උස්සාපිටිය. (කෝපිවත්ත කටුගහ මාර්ගයෙහි එච්.ලලිතා යන අයගේ නිවස අසල)",,,,,,,,,,7.21316756,80.44950176
Other,OTHER,NBRO/LRRMD-KEG/KEG/ARANAY/LI/18/0213,KEG180241,Kegalle,Aranayaka,,Gevilipitiya Gama,45A,"තලගොල්ල වත්ත, ගැවිලිපිටිය.",,,,,,,,,,7.18235676,80.45135547
Other,OTHER,NBRO/LRRMD-KEG/KEG/GALIGA/LI/19/0023,KEG190036,Kegalle,Galigamuwa,,Godapola,76,"යෝජිත ආදර්ශ ගම්මානය ,ෆෙයාර් ෆිල්ඩ් වතු යාය",,,,,,,,,,7.313694,80.305459
Other,OTHER,NBRO/LRRMD-KEG/KEG/GALIGA/LI/19/0024,KEG190037,Kegalle,Galigamuwa,,Arandara,64A,"පහලගොඩ අස්වැද්දුම, අරන්දර",,,,,,,,,,7.181523,80.294132
Other,OTHER,NBRO/LRRMD-KEG/KEG/KEGALL/LI/19/0041,KEG190054,Kegalle,Kegalle,,Ranwala,51A,"රංවල, කෑගල්ල (ආයුර්වේද රෝහල අසල)",,,,,,,,,,7.250323,80.334825
Other,OTHER,NBRO/LRRMD-KEG/KEG/KEGALL/LI/19/0045,KEG190058,Kegalle,Kegalle,,Kegalle Town,51B,කෑගල්ල බන්ධනාගාරය,,,,,,,,,,7.255534,80.352727
Other,OTHER,NBRO/LRRMD-KEG/KEG/KEGALL/LI/19/0047,KEG190060,Kegalle,Kegalle,,Pussella,51F,පුස්සැල්ල ගාමිණී විද්‍යාලය,,,,,,,,,,7.271376,80.347937
Other,OTHER,NBRO/LRRMD-KEG/KEG/KEGALL/LI/19/0057,KEG190070,Kegalle,Kegalle,,Siyambalapitiya,51,උඩම්බා සියඹලාපිටිය,,,,,,,,,,7.266257,80.334665
Other,OTHER,NBRO/LRRMD-KEG/KEG/KEGALL/LI/19/0058,KEG190071,Kegalle,Kegalle,,Wathura,54A,වතුර ශ්‍රී ලංකා කණිෂ්ඨ විද්‍යාලයේ ක්‍රීඩා පිටිය,,,,,,,,,,7.186808,80.378734
Other,OTHER,NBRO/LRRMD-KEG/KEG/KEGALL/LI/19/0059,KEG190072,Kegalle,Kegalle,,Meepitiya,51G,"අංක 71, ඈෂ්ලි පීරිස් මාවත, කෑගල්ල.",,,,,,,,,,7.249799,80.361357
Other,OTHER,NBRO/LRRMD-KEG/KEG/KEGALL/LI/19/0060,KEG190073,Kegalle,Kegalle,,Wadupola,48E,"අලපලාවල, වතුර.",,,,,,,,,,7.176114,80.387721
Other,OTHER,NBRO/LRRMD-KEG/KEG/KEGALL/LI/19/0063,KEG190076,Kegalle,Kegalle,,Wathura,54A,"සමෘද්ධි බැංකුව, වතුර.",,,,,,,,,,7.194674,80.373117
Other,OTHER,NBRO/LRRMD-KEG/KEG/KEGALL/LI/19/0066,KEG190079,Kegalle,Kegalle,,Kegalle Town,51B,"කෑ/වලගම්බා විද්‍යාලය, මිරිහැල්ල පාර, කෑගල්ල.",,,,,,,,,,7.254116,80.347303
Other,OTHER,NBRO/LRRMD-KEG/KEG/KEGALL/LI/19/0068,KEG190081,Kegalle,Kegalle,,Wewaladeniya,51D,"සමගි මාවත, හබුදුගල, කෑගල්ල.",,,,,,,,,,7.261205,80.33258
Other,OTHER,NBRO/LRRMD-KEG/KEG/MAWANE/LI/19/0081,KEG190094,Kegalle,Mawanella,,Werake,34,"ජේ 6/1, මනෝ කඩේ බාරේ, සිංහරාජගම, අල්පිටිය, දෙවනගල.",,,,,,,,,,7.20298,80.50301
Other,OTHER,NBRO/LRRMD-KEG/KEG/MAWANE/LI/19/0089,KEG190102,Kegalle,Mawanella,,Warakapana,26A,"වරකාපන, උඩුමුල්ල.",,,,,,,,,,7.245299,80.507689
Other,OTHER,NBRO/LRRMD-KEG/KEG/YATIYN/LI/19/0103,KEG190116,Kegalle,Yatiyanthota,,Ganepalla,135,"ගනේපල්ල වත්ත ඉහළ කොටස, පේලි නිවාස 1 ප්‍රදේශය",,,,,,,,,,7.012136,80.351966
Other,OTHER,NBRO/LRRMD-KEG/KEG/YATIYN/LI/19/0105,KEG190118,Kegalle,Yatiyanthota,,Theligama,133A,"ගනේපල්ල වත්ත පහළ කොටස, පේලි නිවාස 4,5, 6 ප්‍රදේශය",,,,,,,,,,7.07887,80.390309
Other,OTHER,NBRO/LRRMD-KEG/KEG/YATIYN/LI/19/0116,KEG190129,Kegalle,Yatiyanthota,,Theligama,133A,"ගනේපල්ල වත්ත, පහළ",,,,,,,,,,7.000304,80.3660125
Other,OTHER,NBRO/LRRMD-KEG/KEG/YATIYN/LI/19/0117,KEG190130,Kegalle,Yatiyanthota,,Kithulgala North,134,"අංක 472/6, මල්වත්ත පාර, කිතුල්ගල.",,,,,,,,,,7.005603,80.410248
Other,OTHER,NBRO/LRRMD-KEG/KEG/YATIYN/LI/19/0121,KEG190134,Kegalle,Yatiyanthota,,Dombepola,132,යටියන්තොට - පූනාගල - මීනාගල මාර්ගයේ බෝක්කු අංක 17/1 පාලම,,,,,,,,,,7.065241,80.379511
Other,OTHER,NBRO/LRRMD-KEG/KEG/YATIYN/LI/19/0122,KEG190135,Kegalle,Yatiyanthota,,Parussella,106A,"රන්පවුම්ගම, කැළණිවතු සමාගමට අයත් පොලටගම වත්තෙහි පරුස්සැල්ල කොටස",,,,,,,,,,7.015964,80.191538
Other,OTHER,NBRO/LRRMD-KEG/KEG/RUWANW/LI/19/0124,KEG190137,Kegalle,Ruwanwella,,Mahalla,104B,"රුවන්වැල්ල වත්ත, රුවන්වැල්ල.",,,,,,,,,,7.03971,80.233815
Other,OTHER,NBRO/LRRMD-KEG/KEG/WARAKA/LI/19/0150,KEG190163,Kegalle,Warakapola,,Ambepussa,83A,වරකාපොල රෝයල් ජාත්‍යන්තර පාසල,,,,,,,,,,7.23217,80.20653
Other,OTHER,NBRO/LRRMD-KEG/KEG/WARAKA/LI/19/0154,KEG190167,Kegalle,Warakapola,,Waddeniya,77,බෝරුක්ගමුව කුඹුරු යායේ ප්‍රාණගල ඉහළ කොටස.,,,,,,,,,,7.30113,80.28331
Other,OTHER,NBRO/LRRMD-KEG/KEG/WARAKA/LI/19/0155,KEG190168,Kegalle,Warakapola,,Mahena,83B,කෑ/වර මාදෙනිය දෙමළ විදුහල.,,,,,,,,,,7.2317,80.22105
Other,OTHER,NBRO/LRRMD-KEG/KEG/RAMBUK/LI/19/0158,KEG190171,Kegalle,Rambukkana,,Marukwathura,75D,අශෝකාගම ආදර්ශ ගම්මානය,,,,,,,,,,7.32267,80.32363
Other,OTHER,NBRO/LRRMD-KEG/KEG/RAMBUK/LI/19/0160,KEG190173,Kegalle,Rambukkana,,Pattampitiya,22C,"සිංසප නිකේතනාරාමය, ලබුගොල්ල වත්ත, පත්තමිපිටිය.",,,,,,,,,,7.3169825,80.43703593
Other,OTHER,NBRO/LRRMD-KEG/KEG/RAMBUK/LI/19/0161,KEG190174,Kegalle,Rambukkana,,Kadigamuwa,21,"පරගහමුලවත්ත, කඩිගමුව, පත්තම්පිටිය, රඹුක්කන.",,,,,,,,,,7.31397902,80.42857772
Other,OTHER,NBRO/LRRMD-KEG/KEG/RAMBUK/LI/19/0163,KEG190176,Kegalle,Rambukkana,,Yatagama,04D,"අංක 75/3, තලහේන්කන්ද, යටගම, රඹුක්කන.",,,,,,,,,,7.328167,80.362336
Other,OTHER,NBRO/LRRMD-KEG/KEG/DERANI/LI/19/0167,KEG190180,Kegalle,Deraniyagala,,Wattegedara,114D,"ජේ 6, මලන්දෙණිය, දැරණියගල.",,,,,,,,,,6.956861,80.323993
Other,OTHER,NBRO/LRRMD-KEG/KEG/DERANI/LI/19/0168,KEG190181,Kegalle,Deraniyagala,,Basnagala,111C,කෑ/දෙහි/නූරි දෙමළ විද්‍යාලය,,,,,,,,,,6.946646,80.403316
Other,OTHER,NBRO/LRRMD-KEG/KEG/DERANI/LI/19/0169,KEG190182,Kegalle,Deraniyagala,,Panakoora,112D,ගල කඩා මාර්ගය සංවර්ධනය කිරීමට පෙර එම ස්ථානය පරීක්ෂාවක් සිදු කිරීම.                   ගල පහළ මාර්ගය,,,,,,,,,,6.924614,80.395502
Other,OTHER,NBRO/LRRMD-KEG/KEG/DERANI/LI/19/0173,KEG190186,Kegalle,Deraniyagala,,Deraniyagala,114,ශෛලගිරිය යෝගාශ්‍රමය.,,,,,,,,,,6.931586,80.344083
Other,OTHER,NBRO/LRRMD-KEG/KEG/DERANI/LI/19/0177,KEG190190,Kegalle,Deraniyagala,,Kosgahakanda,113A,"ආර් 69, වීදියවත්ත, මියනවිට, දැරණියගල.",,,,,,,,,,6.876769,80.372125
Other,OTHER,NBRO/LRRMD-KEG/KEG/DERANI/LI/19/0181,KEG190194,Kegalle,Deraniyagala,,Deraniyagala,114,"වත්තන්ත්‍රී කන්ද, මුහන්දිරම් මාවත ඉහළ කොටස.",,,,,,,,,,6.932059,80.34068
Other,OTHER,NBRO/LRRMD-KEG/KEG/DERANI/LI/19/0182,KEG190195,Kegalle,Deraniyagala,,Wattegedara,114D,"ඉලුක්තැන්න වත්ත, පහළ කොටස, දැරණියගල.",,,,,,,,,,6.9486108,80.327255
Other,OTHER,NBRO/LRRMD-KEG/KEG/DERANI/LI/19/0188,KEG190201,Kegalle,Deraniyagala,,Yatiwala,113B,"අකුරේගම, අසමානකන්ද.",,,,,,,,,,6.861437,80.383889
Other,OTHER,NBRO/LRRMD-KEG/KEG/DERANI/LI/19/0189,KEG190202,Kegalle,Deraniyagala,,Nakkavita,112A,"මඩවත්ත, ගල්ලැන්දගාවහේන, ඉහළවත්තේහේන.",,,,,,,,,,6.904625,80.372075
Other,OTHER,NBRO/LRRMD-KEG/KEG/BULATK/LI/19/0205,KEG190218,Kegalle,Bulathkohupitiya,,Alawathura,61A,"ස්ථානාධිපති, තැපැල් කාර්යාලය, බුලත්කොහුපිටිය.",,,,,,,,,,7.10655,80.332962
Other,OTHER,NBRO/LRRMD-KEG/KEG/BULATK/LI/19/0213,KEG190226,Kegalle,Bulathkohupitiya,,Ampagala,107A,"ජේ 227, පන්නල, අම්පාගල.",,,,,,,,,,7.078789,80.2947388
Other,OTHER,NBRO/LRRMD-KEG/KEG/BULATK/LI/19/0217,KEG190230,Kegalle,Bulathkohupitiya,,Dedugala,131C,"අට්ටමලේ, යෝජිත ආදර්ශ ගම්මානය",,,,,,,,,,7.095951,80.412671
Other,OTHER,NBRO/LRRMD-KEG/KEG/BULATK/LI/19/0225,KEG190238,Kegalle,Bulathkohupitiya,,Wegalla,128B,"ඌරුමීවල වත්තෙහි, ලැවල, වාගොල්ල හා මානන්ගල යන කොටස.",,,,,,,,,,7.07887,80.390309
Other,OTHER,NBRO/LRRMD-KEG/KEG/BULATK/LI/19/0229,KEG190242,Kegalle,Bulathkohupitiya,,Kendawa,128A,කෑ/දෙහි/ආනන්ද කීර්ති විද්‍යාලය.,,,,,,,,,,7.105177,80.365698
Other,OTHER,NBRO/LRRMD-KEG/KEG/BULATK/LI/19/0230,KEG190243,Kegalle,Bulathkohupitiya,,Ampagala,107A,ශ්‍රී සීලානන්ද විද්‍යාලයේ ක්‍රීඩාපිටිය හා කෑ/දෙහි/පන්නල මහා විද්‍යාලයේ ක්‍රීඩාපිටිය,,,,,,,,,,7.098638,80.327859
Other,OTHER,NBRO/LRRMD-KEG/KEG/DEHIOV/LI/19/0236,KEG190249,Kegalle,Dehiovita,,Walpola,115,සපුමල්කන්ද දෙමළ මහා විද්‍යාලය,,,,,,,,,,6.975802,80.302627
Other,OTHER,NBRO/LRRMD-KEG/KEG/DEHIOV/LI/19/0239,KEG190252,Kegalle,Dehiovita,,Godagampala,121C,ගොඩගම්පල සායන මධ්‍යස්ථානය,,,,,,,,,,6.874554,80.31315
Other,OTHER,NBRO/LRRMD-KEG/KEG/DEHIOV/LI/19/0246,KEG190259,Kegalle,Dehiovita,,Panawala,122,පනාවල ජාතික නිවාස ආරම්භක ස්ථානය,,,,,,,,,,6.896675,80.274591
Other,OTHER,NBRO/LRRMD-KEG/KEG/DEHIOV/LI/19/0250,KEG190263,Kegalle,Dehiovita,,Thimbiripola,118D,"තිඹිරිපොල ග්‍රාම නිලධාරී වසමේ, මල්වරුෂාව ඇන්ටන් මහතාගේ නිවස අසලින් යන මාර්ගය",,,,,,,,,,6.962967,80.262673
Other,OTHER,NBRO/LRRMD-KEG/KEG/DEHIOV/LI/19/0251,KEG190264,Kegalle,Dehiovita,,Daigala,117,දයිගල කැකිල්ල මාර්ගය.,,,,,,,,,,7.017288,80.248253
Other,OTHER,NBRO/LRRMD-KEG/KEG/DEHIOV/LI/19/0264,KEG190277,Kegalle,Dehiovita,,Uduvila,118C,"තල්දූව වත්ත, සීතාවක කොටස, 1987 රබර් ක්ෂේත්‍රය හා 2006 ක්ෂේත්‍රය",,,,,,,,,,6.962598,80.225616
Other,OTHER,NBRO/LRRMD-KEG/KEG/ARANAY/LI/19/0274,KEG190287,Kegalle,Aranayaka,,Selawa West,41C,"රහලගල , සැළව බටහිර",,,,,,,,,,7.13096506,80.49595436
Other,OTHER,NBRO/LRRMD-KEG/KEG/ARANAY/LI/19/0277,KEG190290,Kegalle,Aranayaka,,Ambalakanda,43A,අම්බලකන්ද විහාරස්ථානය,,,,,,,,,,7.13916667,80.4525
Other,OTHER,NBRO/LRRMD-KEG/KEG/KEGALL/LI/20/0002,KEG200002,Kegalle,Kegalle,,Olagankanda,51C,ඔලගන්කන්ද,,,,,,,,,,7.261831,80.350765
Other,OTHER,NBRO/LRRMD-KEG/KEG/RAMBUK/LI/20/0017,KEG200017,Kegalle,Rambukkana,,Halpitiya,11A,"හල්පිටිය, එරමිණිගොල්ල, රඹුක්කන",,,,,,,,,,7.30933,80.37434
Other,OTHER,NBRO/LRRMD-KEG/KEG/RUWANW/LI/20/0020,KEG200021,Kegalle,Ruwanwella,,Ruwanwella,105A,රුවන්වැල්ල,,,,,,,,,,7.0461828,80.2536947
Other,OTHER,NBRO/LRRMD-KEG/KEG/MAWANE/LI/20/0033,KEG200034,Kegalle,Mawanella,,Makadawara,25,,,,,,,,,,,7.254081,80.485875
Other,OTHER,NBRO/LRRMD-KEG/KEG/MAWANE/LI/20/0035,KEG200036,Kegalle,Mawanella,,Mawana,30A,"147/10, හෙම්මාතගම, මාවනැල්ල",,,,,,,,,,7.248727,80.448574
Other,OTHER,NBRO/LRRMD-KEG/KEG/WARAKA/LI/20/0049,KEG200051,Kegalle,Warakapola,,Mahena Colony,83C,"1/37, රඹුටන්වත්ත, අඹේපුස්ස, වරකාපොල",,,,,,,,,,7.23565,80.2093
Other,OTHER,NBRO/LRRMD-KEG/KEG/ARANAY/LI/20/0074,KEG200084,Kegalle,Aranayaka,,Gammannagoda,17D,"තම්මිට, කඩේවත්ත, උස්සාපිටිය",,,,,,,,,,7.206184,80.483588
Other,OTHER,NBRO/LRRMD-KEG/KEG/DEHIOV/LI/20/0076,KEG200086,Kegalle,Dehiovita,,Hinguralakanda West,120A,"රත්නාගල වත්ත, බටංගල, පනාවල, ඇහැළියගොඩ",,,,,,,,,,6.912709,80.278833
Other,OTHER,NBRO/LRRMD-KEG/KEG/KEGALL/LI/20/0103,KEG200113,Kegalle,Kegalle,,Olagankanda,51C,"F/392/1, පන්සල අසල , ඔලගන්කන්ද,කෑගල්ල",,,,,,,,,,7.261831,80.350765
Other,OTHER,NBRO/LRRMD-KEG/KEG/KEGALL/LI/20/0105,KEG200115,Kegalle,Kegalle,,Diyagama,12A,දියගම ප්‍රාථමික විද්‍යාලය,,,,,,,,,,7.286124,80.391432
Other,OTHER,NBRO/LRRMD-KEG/KEG/ARANAY/LI/20/0109,KEG200119,Kegalle,Aranayaka,,Hathgampala,47,බතලේගල,,,,,,,,,,7.189062,80.434185
Other,OTHER,NBRO/LRRMD-KEG/KEG/GALIGA/LI/20/0165,KEG200176,Kegalle,Galigamuwa,,Kiridana,64B,"ඇපලතොටුව,පොතුකොළදෙනිය",,,,,,,,,,7.255426,80.343669
Other,OTHER,NBRO/LRRMD-KEG/KEG/GALIGA/LI/20/0167,KEG200178,Kegalle,Galigamuwa,,Mayfield,70E,-,,,,,,,,,,7.234662,80.291495
Other,OTHER,NBRO/LRRMD-KEG/KEG/GALIGA/LI/20/0204,KEG200215,Kegalle,Galigamuwa,,Hathnapitiya,62B,"දොරොව්වහේන, පට්ටියමුල්ල,කොටියාකුඹුර",,,,,,,,,,7.1220239,80.292014
Other,OTHER,NBRO/LRRMD-KEG/KEG/KEGALL/LI/20/0231,KEG200242,Kegalle,Kegalle,,Ewunugalla,49A,මල්වත්ත කන්ද විහාරය,,,,,,,,,,7.229699,80.374457
Other,OTHER,NBRO/LRRMD-KEG/KEG/KEGALL/LI/20/0242,KEG200253,Kegalle,Kegalle,,Kegalle Town,51B,"තටාක පාර , කෑගල්ල",,,,,,,,,,7.2605017,80.3448854
Other,OTHER,NBRO/LRRMD-KEG/KEG/KEGALL/LI/20/0247,KEG200258,Kegalle,Kegalle,,Golahela,51E,"කෑගලු විද්‍යාලය ,කෑගල්ල.",,,,,,,,,,7.251636,80.349583
Other,OTHER,NBRO/LRRMD-KEG/KEG/MAWANE/LI/20/0254,KEG200265,Kegalle,Mawanella,,Uthuwankanda,19C,"කෑ/මාව/විද්‍යාදිය මහා විද්‍යාලය, උඩන්නව, මාවනැල්ල.",,,,,,,,,,7.24818,80.42214
Other,OTHER,NBRO/LRRMD-KEG/KEG/MAWANE/LI/20/0255,KEG200266,Kegalle,Mawanella,,Heenatipana,26B,"මුත්තෙට්ටුවේ හේන ජනපදය, මාවනැල්ල",,,,,,,,,,7.22543,80.5103
Other,OTHER,NBRO/LRRMD-KEG/KEG/MAWANE/LI/20/0256,KEG200267,Kegalle,Mawanella,,Uthuwankanda,19C,"ධර්මදූත විහාරය, උතුවන, උතුවන්කන්ද.",,,,,,,,,,7.249975,80.420695
Other,OTHER,NBRO/LRRMD-KEG/KEG/MAWANE/LI/20/0266,KEG200277,Kegalle,Mawanella,,Warakapana,26A,"දිදුල වත්ත, වරකාපාන, මාවනැල්ල.",,,,,,,,,,7.245958,80.510901
Other,OTHER,NBRO/LRRMD-KEG/KEG/MAWANE/LI/20/0293,KEG200304,Kegalle,Mawanella,,Mawanella,19B,"අංක 122/5, දිගනවත්ත, අරණායක පාර, මාවනැල්ල.",,,,,,,,,,7.244452,80.443445
Other,OTHER,NBRO/LRRMD-KEG/KEG/YATIYN/LI/20/0306,KEG200317,Kegalle,Yatiyanthota,,Hakbellawaka,135E,හක්බෙල්ලාවක - නදීගම මාර්ගය,,,,,,,,,,6.996433,80.330292
Other,OTHER,NBRO/LRRMD-KEG/KEG/YATIYN/LI/20/0309,KEG200320,Kegalle,Yatiyanthota,,Dombepola,132,"දොඹේපොල, මලල්පොල.",,,,,,,,,,7.069891,80.381711
Other,OTHER,NBRO/LRRMD-KEG/KEG/YATIYN/LI/20/0313,KEG200324,Kegalle,Yatiyanthota,,Malalpola,132A,"පන්සල අසල, මලල්පොල, යටියන්තොට.",,,,,,,,,,7.05641,80.36112
Other,OTHER,NBRO/LRRMD-KEG/KEG/YATIYN/LI/20/0314,KEG200325,Kegalle,Yatiyanthota,,Garagoda Ihala,115D,"A/350, පනාවත්ත පාර, ගරාගොඩ, යටියන්තොට.",,,,,,,,,,7.023667,80.294859
Other,OTHER,NBRO/LRRMD-KEG/KEG/YATIYN/LI/20/0319,KEG200330,Kegalle,Yatiyanthota,,Kabulumulla,106B,"නව ගම්මානය, ගොමාඩුව, යටියන්තොට.",,,,,,,,,,7.0335075,80.283004
Other,OTHER,NBRO/LRRMD-KEG/KEG/YATIYN/LI/20/0321,KEG200332,Kegalle,Yatiyanthota,,Dombepola,132,පේරගස්හංදිය - විහාර උඩ මාර්ගය.,,,,,,,,,,7.0700094,80.377232
Other,OTHER,NBRO/LRRMD-KEG/KEG/YATIYN/LI/20/0324,KEG200335,Kegalle,Yatiyanthota,,Mahavila,106C,"මහවිල, යටියන්තොට.",,,,,,,,,,7.043106,80.300518
Other,OTHER,NBRO/LRRMD-KEG/KEG/YATIYN/LI/20/0325,KEG200336,Kegalle,Yatiyanthota,,Garagoda Ihala,115D,"අංක 427 ඒ, ඉහළ ගරාගොඩ, යටියන්තොට.",,,,,,,,,,7.0177,80.296126
Other,OTHER,NBRO/LRRMD-KEG/KEG/YATIYN/LI/20/0336,KEG200347,Kegalle,Yatiyanthota,,Berannawa,131D,"බෙරන්නාව, ගුරුමැටිය.",,,,,,,,,,7.072371,80.415673
Other,OTHER,NBRO/LRRMD-KEG/KEG/YATIYN/LI/20/0341,KEG200352,Kegalle,Yatiyanthota,,Dombepola,132,"දෙනවකවත්ත, මලල්පොල.",,,,,,,,,,7.067275,80.365851
Other,OTHER,NBRO/LRRMD-KEG/KEG/YATIYN/LI/20/0347,KEG200358,Kegalle,Yatiyanthota,,Yatiyanthota,106,"නෙත්මින, ගණීතකන්ද පාර, හොරන්දල, යටියන්තොට.",,,,,,,,,,7.026994,80.302995
Other,OTHER,NBRO/LRRMD-KEG/KEG/YATIYN/LI/20/0348,KEG200359,Kegalle,Yatiyanthota,,Malalpola,132A,"බී 80, මළල්පොල, යටියන්තොට.",,,,,,,,,,7.051894,80.360307
Other,OTHER,NBRO/LRRMD-KEG/KEG/YATIYN/LI/20/0349,KEG200360,Kegalle,Yatiyanthota,,Berannawa,131D,"කරව්ව කඩේ, පේරකොටුව, බෙරන්නාව, යටියන්තොට.",,,,,,,,,,7.07198,80.40516
Other,OTHER,NBRO/LRRMD-KEG/KEG/WARAKA/LI/20/0385,KEG200397,Kegalle,Warakapola,,Tholangamuwa,83,"D 153/1, ඉහළගම, තෝලංගමුව.",,,,,,,,,,7.23739,80.241354
Other,OTHER,NBRO/LRRMD-KEG/KEG/WARAKA/LI/20/0402,KEG200414,Kegalle,Warakapola,,Warakapola,92A,වරකාපොල මූලික රෝහල,,,,,,,,,,7.225586,80.19556
Other,OTHER,NBRO/LRRMD-KEG/KEG/RAMBUK/LI/20/0424,KEG200436,Kegalle,Rambukkana,,Yatagama,04D,"යටගම, තලහේන්කන්ද.",,,,,,,,,,7.328167,80.362336
Other,OTHER,NBRO/LRRMD-KEG/KEG/RAMBUK/LI/20/0425,KEG200437,Kegalle,Rambukkana,,Puwakmote,04A,"වැල්ගාල කන්ද, පුවක්මොටේ, යටගම, රඹුක්කන.",,,,,,,,,,7.333039,80.360136
Other,OTHER,NBRO/LRRMD-KEG/KEG/RAMBUK/LI/20/0429,KEG200441,Kegalle,Rambukkana,,Mangalagama,13A,කෑ/මාව/ මංගලගම ප්‍රාථමික විද්‍යාලය.,,,,,,,,,,7.25987,80.40632
Other,OTHER,NBRO/LRRMD-KEG/KEG/DERANI/LI/20/0437,KEG200449,Kegalle,Deraniyagala,,Kosgahakanda,113A,"කෑ/දෙහි/ කොස්ගහකන්ද මහ විද්‍යාලය, මියනවිට, දැරණියගල.",,,,,,,,,,6.875121,80.371308
Other,OTHER,NBRO/LRRMD-KEG/KEG/DERANI/LI/20/0451,KEG200463,Kegalle,Deraniyagala,,Kosgahakanda,113A,"වීදියවත්ත, මියනවිට, දැරණියගල.",,,,,,,,,,6.882358,80.371275
Other,OTHER,NBRO/LRRMD-KEG/KEG/DERANI/LI/20/0461,KEG200473,Kegalle,Deraniyagala,,Poddenikanda,112C,පොද්දෙනිකන්ද ප්‍රාථමික වෛද්‍ය ප්‍රතිකාර ඒකකය,,,,,,,,,,6.890283,80.408766
Other,OTHER,NBRO/LRRMD-KEG/KEG/DERANI/LI/20/0463,KEG200475,Kegalle,Deraniyagala,,Basnagala,111C,බස්නාගල ප්‍රාථමික වෛද්‍ය ප්‍රතිකාර ඒකකය.,,,,,,,,,,6.944989,80.401302
Other,OTHER,NBRO/LRRMD-KEG/KEG/DERANI/LI/20/0464,KEG200476,Kegalle,Deraniyagala,,Kosgahakanda,113A,"හත්කෑල, මියනවිට, දැරණියගල.",,,,,,,,,,6.888538,80.373125
Other,OTHER,NBRO/LRRMD-KEG/KEG/GALIGA/LI/20/0470,KEG200482,Kegalle,Galigamuwa,,Nawagamuwa,72A,"නො. ජී 36, කහගල්ල, දේවාලේගම.",,,,,,,,,,7.25738,80.31127
Other,OTHER,NBRO/LRRMD-KEG/KEG/GALIGA/LI/20/0471,KEG200483,Kegalle,Galigamuwa,,Arandara,64A,"හල්ලාව, අරන්දර, අටාල.",,,,,,,,,,7.187793,80.29006
Other,OTHER,NBRO/LRRMD-KEG/KEG/BULATK/LI/20/0475,KEG200487,Kegalle,Bulathkohupitiya,,Lewala,129A,"ප්‍රාදේශීය සභාව ඉදිරිපිට ඉඩම, බුලත්කොහුපිටිය.",,,,,,,,,,7.1045178,80.332988
Other,OTHER,NBRO/LRRMD-KEG/KEG/BULATK/LI/20/0480,KEG200492,Kegalle,Bulathkohupitiya,,Narangala,128C,"බී/50/1, නාරංගල, බුලත්කොහුපිටිය.",,,,,,,,,,7.091382,80.365724
Other,OTHER,NBRO/LRRMD-KEG/KEG/BULATK/LI/20/0486,KEG200498,Kegalle,Bulathkohupitiya,,Puspane,60D,අක්කර 76 කොටස,,,,,,,,,,7.139162,80.359623
Other,OTHER,NBRO/LRRMD-KEG/KEG/BULATK/LI/20/0492,KEG200504,Kegalle,Bulathkohupitiya,,Dedugala,131C,"අට්ටමලේ, දේදුගල.",,,,,,,,,,7.096502,80.412683
Other,OTHER,NBRO/LRRMD-KEG/KEG/BULATK/LI/20/0501,KEG200513,Kegalle,Bulathkohupitiya,,Higgoda,60A,"ශ්‍රි වාලුකාරාම මහා විහාරය, තුම්මුදුන, කබගමුව.",,,,,,,,,,7.137943,80.340577
Other,OTHER,NBRO/LRRMD-KEG/KEG/WARAKA/LI/20/0525,KEG200611,Kegalle,Warakapola,,Menikkadawara,86,නියදුරුපොල වතුයායට අයත් පල්ලේගම වත්තේ පහළ කොටස,,,,,,,,,,7.186655,80.262685
Other,OTHER,NBRO/LRRMD-KEG/KEG/KEGALL/LI/21/0006,KEG210006,Kegalle,Kegalle,,Meepitiya,51G,"675/11/ඒ, දෙහිගමවත්ත, මීපිටිය, කැගල්ල",,,,,,,,,,7.254816,80.358969
Other,OTHER,NBRO/LRRMD-KEG/KEG/KEGALL/LI/21/0007,KEG210007,Kegalle,Kegalle,,Olagankanda,51C,ඔලගන්කන්ද,,,,,,,,,,7.262002,80.351318
Other,OTHER,NBRO/LRRMD-KEG/KEG/KEGALL/LI/21/0010,KEG210010,Kegalle,Kegalle,,Olagankanda,51C,ඔලගන්කන්ද,,,,,,,,,,7.260052,80.350218
Other,OTHER,NBRO/LRRMD-KEG/KEG/KEGALL/LI/21/0012,KEG210012,Kegalle,Kegalle,,Meepitiya,51G,"අංක 7,තැන්නවිට,කෑගල්ල",,,,,,,,,,7.256336,80.353477
Other,OTHER,NBRO/LRRMD-KEG/KEG/KEGALL/LI/21/0022,KEG210022,Kegalle,Kegalle,,Gurullawala,56A,"ගුරුල්ලවල, මල්ගම්මන",,,,,,,,,,7.173692,80.353715
Other,OTHER,NBRO/LRRMD-KEG/KEG/KEGALL/LI/21/0025,KEG210025,Kegalle,Kegalle,,Kolongalla,14D,කොළොන්ගොල්ල,,,,,,,,,,7.281263,80.383674
Other,OTHER,NBRO/LRRMD-KEG/KEG/KEGALL/LI/21/0041,KEG210041,Kegalle,Kegalle,,Kalugalla,12,"එෆ්/38/1,කලුගල්ල, මොලගොඩ",,,,,,,,,,7.274324,80.393318
Other,OTHER,NBRO/LRRMD-KEG/KEG/KEGALL/LI/21/0042,KEG210042,Kegalle,Kegalle,,Kegalle Town,51B,"කෑගල්ල රාජකීය ප්‍රාතමික විද්‍යාලය, කෑගල්ල",,,,,,,,,,7.254086,80.34639
Other,OTHER,NBRO/LRRMD-KEG/KEG/KEGALL/LI/21/0048,KEG210048,Kegalle,Kegalle,,Puwakdeniya,14A,"සැනසුම,නිල්වක්ක,කෑගල්ල",,,,,,,,,,7.265597,80.363495
Other,OTHER,NBRO/LRRMD-KEG/KEG/KEGALL/LI/21/0049,KEG210049,Kegalle,Kegalle,,Meepitiya,51G,"50,නිල්වක්ක,කෑගල්ල",,,,,,,,,,7.263025,80.358513
Other,OTHER,NBRO/LRRMD-KEG/KEG/KEGALL/LI/21/0051,KEG210051,Kegalle,Kegalle,,Undugoda,56B,"ඊ58/2,උඩුපිටිය,උදුගොඩ",,,,,,,,,,7.145873,80.363598
Other,OTHER,NBRO/LRRMD-KEG/KEG/KEGALL/LI/21/0056,KEG210056,Kegalle,Kegalle,,Kavudugama,53A,"කවුඩුගම රජමහා විහාරස්තානය,කවුඩුගම,හෙට්ටිමුල්ල",,,,,,,,,,7.219615,80.36158
Other,OTHER,NBRO/LRRMD-KEG/KEG/KEGALL/LI/21/0061,KEG210061,Kegalle,Kegalle,,Ganthuna Pallegama South,58A,"13, පුංචිඋනන්කන්ද, පල්ලේගම, ගම්තුන",,,,,,,,,,7.124683,80.410568
Other,OTHER,NBRO/LRRMD-KEG/KEG/KEGALL/LI/21/0063,KEG210063,Kegalle,Kegalle,,Karandupotha,14,"ඒ78/6,දුන්හේන පාර, කරඩුපන",,,,,,,,,,7.251623,80.378875
Other,OTHER,NBRO/LRRMD-KEG/KEG/KEGALL/LI/21/0071,KEG210071,Kegalle,Kegalle,,Olagankanda,51C,"205/එෆ්,කැටවල,ඔලගන්කන්ද",,,,,,,,,,7.263082,80.347469
Other,OTHER,NBRO/LRRMD-KEG/KEG/KEGALL/LI/21/0077,KEG210077,Kegalle,Kegalle,,Olagankanda,51C,"එෆ්354, ඔලගන්කන්ද, කෑගල්ල",,,,,,,,,,7.262775,80.34969
Other,OTHER,NBRO/LRRMD-KEG/KEG/KEGALL/LI/21/0078,KEG210078,Kegalle,Kegalle,,Olagankanda,51C,"එෆ් 356, ඔලගන්කන්ද, කෑගල්ල",,,,,,,,,,7.26259,80.34995
Other,OTHER,NBRO/LRRMD-KEG/KEG/KEGALL/LI/21/0079,KEG210079,Kegalle,Kegalle,,Olagankanda,51C,"එෆ්355/1, ඔලගන්කන්ද, කෑගල්ල",,,,,,,,,,7.26262,80.349875
Other,OTHER,NBRO/LRRMD-KEG/KEG/KEGALL/LI/21/0080,KEG210080,Kegalle,Kegalle,,Olagankanda,51C,"එෆ්-347, ඔලගන්කන්ද, කෑගල්ල",,,,,,,,,,7.26289,80.349988
Other,OTHER,NBRO/LRRMD-KEG/KEG/KEGALL/LI/21/0081,KEG210081,Kegalle,Kegalle,,Olagankanda,51C,"එෆ්406, ඔලගන්කන්ද, කෑගල්ල",,,,,,,,,,7.26204,80.35125
Other,OTHER,NBRO/LRRMD-KEG/KEG/KEGALL/LI/21/0082,KEG210082,Kegalle,Kegalle,,Olagankanda,51C,"එෆ්408/1, ඔලගන්කන්ද, කෑගල්ල",,,,,,,,,,7.262095,80.351447
Other,OTHER,NBRO/LRRMD-KEG/KEG/KEGALL/LI/21/0083,KEG210083,Kegalle,Kegalle,,Olagankanda,51C,"එෆ්408, ඔලගන්කන්ද, කෑගල්ල",,,,,,,,,,7.261858,80.351485
Other,OTHER,NBRO/LRRMD-KEG/KEG/KEGALL/LI/21/0084,KEG210084,Kegalle,Kegalle,,Olagankanda,51C,ඔලගන්කන්ද,,,,,,,,,,7.261837,80.351742
Other,OTHER,NBRO/LRRMD-KEG/KEG/KEGALL/LI/21/0085,KEG210085,Kegalle,Kegalle,,Olagankanda,51C,ඔලගන්කන්ද,,,,,,,,,,7.261487,80.352115
Other,OTHER,NBRO/LRRMD-KEG/KEG/KEGALL/LI/21/0086,KEG210086,Kegalle,Kegalle,,Olagankanda,51C,ඔලගන්කන්ද,,,,,,,,,,7.262128,80.352387
Other,OTHER,NBRO/LRRMD-KEG/KEG/KEGALL/LI/21/0087,KEG210087,Kegalle,Kegalle,,Olagankanda,51C,", ඔලගන්කන්ද",,,,,,,,,,7.262288,80.352443
Other,OTHER,NBRO/LRRMD-KEG/KEG/KEGALL/LI/21/0088,KEG210088,Kegalle,Kegalle,,Olagankanda,51C,ඔලගන්කන්ද,,,,,,,,,,7.262578,80.353555
Other,OTHER,NBRO/LRRMD-KEG/KEG/KEGALL/LI/21/0089,KEG210089,Kegalle,Kegalle,,Olagankanda,51C,"ඔලගන්කන්ද ,",,,,,,,,,,7.26399,80.35123
Other,OTHER,NBRO/LRRMD-KEG/KEG/KEGALL/LI/21/0090,KEG210090,Kegalle,Kegalle,,Olagankanda,51C,ඔලගන්කන්ද,,,,,,,,,,7.26415,80.350895
Other,OTHER,NBRO/LRRMD-KEG/KEG/KEGALL/LI/21/0091,KEG210091,Kegalle,Kegalle,,Olagankanda,51C,ඔලගන්කන්ද,,,,,,,,,,7.26322,80.3505
Other,OTHER,NBRO/LRRMD-KEG/KEG/KEGALL/LI/21/0092,KEG210092,Kegalle,Kegalle,,Olagankanda,51C,", ඔලගන්කන්ද",,,,,,,,,,7.26322,80.3505
Other,OTHER,NBRO/LRRMD-KEG/KEG/KEGALL/LI/21/0093,KEG210093,Kegalle,Kegalle,,Olagankanda,51C,ඔලගන්කන්ද,,,,,,,,,,7.26333,80.35085
Other,OTHER,NBRO/LRRMD-KEG/KEG/KEGALL/LI/21/0094,KEG210094,Kegalle,Kegalle,,Olagankanda,51C,", ඔලගන්කන්ද",,,,,,,,,,7.26333,80.35085
Other,OTHER,NBRO/LRRMD-KEG/KEG/KEGALL/LI/21/0095,KEG210095,Kegalle,Kegalle,,Olagankanda,51C,ඔලගන්කන්ද,,,,,,,,,,7.262183,80.353772
Other,OTHER,NBRO/LRRMD-KEG/KEG/KEGALL/LI/21/0096,KEG210096,Kegalle,Kegalle,,Olagankanda,51C,", ඔලගන්කන්ද",,,,,,,,,,7.262085,80.352968
Other,OTHER,NBRO/LRRMD-KEG/KEG/KEGALL/LI/21/0097,KEG210097,Kegalle,Kegalle,,Olagankanda,51C,ඔලගන්කන්ද,,,,,,,,,,7.26289,80.349988
Other,OTHER,NBRO/LRRMD-KEG/KEG/KEGALL/LI/21/0098,KEG210098,Kegalle,Kegalle,,Olagankanda,51C,ඔලගන්කන්ද,,,,,,,,,,7.262303,80.353913
Other,OTHER,NBRO/LRRMD-KEG/KEG/KEGALL/LI/21/0100,KEG210100,Kegalle,Kegalle,,Olagankanda,51C,ඔලගන්කන්ද,,,,,,,,,,7.263566,80.349174
Other,OTHER,NBRO/LRRMD-KEG/KEG/KEGALL/LI/21/0101,KEG210101,Kegalle,Kegalle,,Olagankanda,51C,ඔලගන්කන්ද,,,,,,,,,,7.264952,80.347567
Other,OTHER,NBRO/LRRMD-KEG/KEG/KEGALL/LI/21/0102,KEG210102,Kegalle,Kegalle,,Olagankanda,51C,ඔලගන්කන්ද,,,,,,,,,,7.264952,80.347567
Other,OTHER,NBRO/LRRMD-KEG/KEG/KEGALL/LI/21/0103,KEG210103,Kegalle,Kegalle,,Olagankanda,51C,ඔලගන්කන්ද,,,,,,,,,,7.263185,80.350522
Other,OTHER,NBRO/LRRMD-KEG/KEG/KEGALL/LI/21/0104,KEG210104,Kegalle,Kegalle,,Olagankanda,51C,", ඔලගන්කන්ද",,,,,,,,,,7.263242,80.346643
Other,OTHER,NBRO/LRRMD-KEG/KEG/KEGALL/LI/21/0105,KEG210105,Kegalle,Kegalle,,Olagankanda,51C,"ඔලගන්කන්ද,",,,,,,,,,,7.263242,80.346643
Other,OTHER,NBRO/LRRMD-KEG/KEG/RAMBUK/LI/21/0200,KEG210201,Kegalle,Rambukkana,,Yatiwaldeniya,22B,"යටිවල්දෙණිය, පත්තම්පිටිය",,,,,,,,,,7.3118675,80.4393666
Other,OTHER,NBRO/LRRMD-KEG/KEG/RAMBUK/LI/21/0201,KEG210202,Kegalle,Rambukkana,,Yatiwaldeniya,22B,"යටිවල්දෙණිය, පත්තම්පිටිය",,,,,,,,,,7.3118283,80.44106
Other,OTHER,NBRO/LRRMD-KEG/KEG/MAWANE/LI/21/0234,KEG210238,Kegalle,Mawanella,,Eraminigammana,36,"7 කණුව, අළුදෙණිය, හෙම්මාතගම",,,,,,,,,,7.192246186,80.496907
Other,OTHER,NBRO/LRRMD-KEG/KEG/GALIGA/LI/21/0271,KEG210276,Kegalle,Galigamuwa,,Peherambe,70,"ඩී 1/1, වෑකුඹුර, බෙලිගල",,,,,,,,,,7.25343,80.277
Other,OTHER,NBRO/LRRMD-KEG/KEG/GALIGA/LI/21/0282,KEG210287,Kegalle,Galigamuwa,,Kandegedara,75,"සි23/2, කිරිවාන, බෝකොළමුල්ල, දේවාලේගම",,,,,,,,,,7.280523,80.338898
Other,OTHER,NBRO/LRRMD-KEG/KEG/GALIGA/LI/21/0290,KEG210295,Kegalle,Galigamuwa,,Kurunegoda,63B,"කුරුණෑගොඩ, ගලිගමුව",,,,,,,,,,7.1354842,80.242208
Other,OTHER,NBRO/LRRMD-KEG/KEG/RUWANW/LI/21/0313,KEG210318,Kegalle,Ruwanwella,,Lewangama South,99A,"අංක 19, ලෙවන්ගම, රුවන්වැල්ල",,,,,,,,,,7.09536,80.24783
Other,OTHER,NBRO/LRRMD-KEG/KEG/RUWANW/LI/21/0325,KEG210332,Kegalle,Ruwanwella,,Morathota,101B,"දංගහවෙල, මූකලාන",,,,,,,,,,7.089066,80.218344
Other,OTHER,NBRO/LRRMD-KEG/KEG/YATIYN/LI/21/0364,KEG210370,Kegalle,Yatiyanthota,,Hakbellawaka,135E,"නදිගම, තණකොලවත්ත, හක්බෙල්ලාවක.",,,,,,,,,,6.997155,80.331149
Other,OTHER,NBRO/LRRMD-KEG/KEG/YATIYN/LI/21/0405,KEG210409,Kegalle,Yatiyanthota,,Nawata,135D,අයිවිස්වත්ත,,,,,,,,,,7.013892,80.308838
Other,OTHER,NBRO/LRRMD-KEG/KEG/DEHIOV/LI/21/0434,KEG210438,Kegalle,Dehiovita,,Pannila,121A,"පන්නිල පාර, අම්බලම්පිටිය",,,,,,,,,,6.86313,80.308984
Other,OTHER,NBRO/LRRMD-KEG/KEG/BULATK/LI/21/0448,KEG210452,Kegalle,Bulathkohupitiya,,Haloluwa,108A,කිරිපෝරුව වත්ත පාරා  කොටස ආශ්‍රිතව සේවා පියස ඉදිකිරීම,,,,,,,,,,7.099083,80.291234
Other,OTHER,NBRO/LRRMD-KEG/KEG/BULATK/LI/21/0449,KEG210453,Kegalle,Bulathkohupitiya,,Wegalla,128B,"වෙලතුඩුව, කිතුල්වත්ත, බුලත්කොහුපිටිය",,,,,,,,,,7.110706,80.306943
Other,OTHER,NBRO/LRRMD-KEG/KEG/BULATK/LI/21/0455,KEG210459,Kegalle,Bulathkohupitiya,,Bulathkohupitiya,129B,"නො 10, නෙව්ස්මියර් පහළ, බුලත්කොහුපිටිය",,,,,,,,,,7.106789,80.345053
Other,OTHER,NBRO/LRRMD-KEG/KEG/MAWANE/LI/21/0510,KEG210514,Kegalle,Mawanella,,Mawanella,19B,"ශ්‍රී නිග්‍රෝධාරාම මාවත, දෙවරගම්පල, මාවනැල්ල",,,,,,,,,,7.24533,80.442686
Other,OTHER,NBRO/LRRMD-KEG/KEG/MAWANE/LI/21/0515,KEG210519,Kegalle,Mawanella,,Yatimahana,23C,"බී76, යටිමන ජනපදය, මාකෙහෙල්වල",,,,,,,,,,7.283797,80.441872
Other,OTHER,NBRO/LRRMD-KEG/KEG/MAWANE/LI/21/0521,KEG210525,Kegalle,Mawanella,,Owatta,29B,"ඕවත්ත ශ්‍රී සුවිසුද්දාරාමය, ඕවත්ත, හිගුල",,,,,,,,,,7.254588,80.462914
Other,OTHER,NBRO/LRRMD-KEG/KEG/MAWANE/LI/21/0523,KEG210527,Kegalle,Mawanella,,Makehelwala,23,"අංක : 87B, ඉහලගම, මාකෙහෙල්වල",,,,,,,,,,7.2816435,80.474828
Other,OTHER,NBRO/LRRMD-KEG/KEG/MAWANE/LI/21/0530,KEG210533,Kegalle,Mawanella,,Warakapana,26A,"1/17/1, දිදුලවත්ත පහළ කොටස",,,,,,,,,,7.251322,80.504031
Other,OTHER,NBRO/LRRMD-KEG/KEG/MAWANE/LI/21/0531,KEG210534,Kegalle,Mawanella,,Dehimaduwa,15E,"අඔගහමුල,දෙහිමඩුව, මාවනැල්ල",,,,,,,,,,7.242532,80.423602
Other,OTHER,NBRO/LRRMD-KEG/KEG/WARAKA/LI/21/0594,KEG210603,Kegalle,Warakapola,,Algama,95,"මැදගම, අල්ගම",,,,,,,,,,7.1545,80.1624
Other,OTHER,NBRO/LRRMD-KEG/KEG/WARAKA/LI/21/0666,KEG210681,Kegalle,Warakapola,,Algama Ihalagama,95D,අඟුරුවල,,,,,,,,,,7.171096,80.178864
Other,OTHER,NBRO/LRRMD-KEG/KEG/RAMBUK/LI/21/0708,KEG210723,Kegalle,Rambukkana,,Medagaladeniya,02B,"දඹුලුකන්ද,උඩගලදෙණිය,රඹුක්කන",,,,,,,,,,7.357407,80.363965
Other,OTHER,NBRO/LRRMD-KEG/KEG/RAMBUK/LI/21/0710,KEG210725,Kegalle,Rambukkana,,Mangalagama,13A,"පල්පාත, මංගලගම",,,,,,,,,,7.24961,80.4173
Other,OTHER,NBRO/LRRMD-KEG/KEG/RAMBUK/LI/21/0711,KEG210726,Kegalle,Rambukkana,,Kumbaloluwa,13C,"ඩී/13/5, හරංකහවත්ත, මොලගොඩ",,,,,,,,,,7.263578,80.386637
Other,OTHER,NBRO/LRRMD-KEG/KEG/BULATK/LI/21/0723,KEG210738,Kegalle,Bulathkohupitiya,,Kabagamuwa,60,"කඳුපිට, හිග්ගොඩ, උඳුගොඩ",,,,,,,,,,7.140109,80.350149
Other,OTHER,NBRO/LRRMD-KEG/KEG/ARANAY/LI/21/0736,KEG210751,Kegalle,Aranayaka,,Kumarapura,47E,"නාත්තකන්ද, දෙයියන්වල, අරණායක",,,,,,,,,,7.17445,80.412525
Other,OTHER,NBRO/LRRMD-KEG/KEG/ARANAY/LI/21/0739,KEG210754,Kegalle,Aranayaka,,Kumarapura,47E,"නො-D/81/1, කුමාරපුර ජනපදය, දෙබත්ගම",,,,,,,,,,7.176526,80.410125
Other,OTHER,NBRO/LRRMD-KEG/KEG/ARANAY/LI/21/0742,KEG210757,Kegalle,Aranayaka,,Gevilipitiya Town,45B,"කලගොල්ලවත්ත, ගැවිලිපිටිය",,,,,,,,,,7.18503,80.45292
Other,OTHER,NBRO/LRRMD-KEG/KEG/ARANAY/LI/21/0753,KEG210768,Kegalle,Aranayaka,,Aranayaka,43,"පල්ලිය අසල, හොරේවල පාර, අරණායක",,,,,,,,,,7.147432,80.466087
Other,OTHER,NBRO/LRRMD-KEG/KEG/ARANAY/LI/21/0758,KEG210773,Kegalle,Aranayaka,,Deiyanwala,41E,"G 4/1, උදයපුර, දෙයියන්වල, අරණායක",,,,,,,,,,7.136229,80.46229
Other,OTHER,NBRO/LRRMD-KEG/KEG/ARANAY/LI/21/0761,KEG210776,Kegalle,Aranayaka,,Udagama,43E,"උඩගම, අරණායක",,,,,,,,,,7.143761,80.457729
Other,OTHER,NBRO/LRRMD-KEG/KEG/DEHIOV/LI/21/0781,KEG210796,Kegalle,Dehiovita,,Kanangama,116C,සීමා සහිත කැළණිවැලි වැවිලි සමාගමට අයත් දේවාලකන්ද  වතුයායේ අක්කරමලේ කොටසේ පවතින අක්කර 4 ½ ක පමණ ඉඩ,,,,,,,,,,6.992806,80.26944
Other,OTHER,NBRO/LRRMD-KEG/KEG/DEHIOV/LI/21/0782,KEG210797,Kegalle,Dehiovita,,Uduvila,118C,තල්දූව වත්ත කොටසේ 2011 රබර් වගාවේ අක්කර 10ක් පමණ,,,,,,,,,,6.971833,80.22731
Other,OTHER,NBRO/LRRMD-KEG/KEG/DERANI/LI/21/0789,KEG210804,Kegalle,Deraniyagala,,Maliboda,112,"දැරණියගල, මාලිබොඩ, ඔරුපීල්ලගම",,,,,,,,,,6.902065,80.447431
Other,OTHER,NBRO/LRRMD-KEG/KEG/ARANAY/LI/21/0797,KEG210812,Kegalle,Aranayaka,,Selawa West,41C,"සැලව, හෙම්මාතගම",,,,,,,,,,7.14443,80.50247
Other,OTHER,NBRO/LRRMD-KEG/KEG/RUWANW/LI/21/0824,KEG210839,Kegalle,Ruwanwella,,Gonagala North,103C,"යක්ගල්බඩ, උඩුබුලත්හේන",,,,,,,,,,7.038384,80.20639
Other,OTHER,NBRO/LRRMD-KEG/KEG/RUWANW/LI/21/0841,KEG210856,Kegalle,Ruwanwella,,Imbulana,100,"රත්තාගල, තැන්නෙහේන වත්ත",,,,,,,,,,7.079865,80.230927
Other,OTHER,NBRO/LRRMD-KEG/KEG/YATIYN/LI/21/0848,KEG210863,Kegalle,Yatiyanthota,,Theligama,133A,,,,,,,,,,,6.998798,80.374698
Other,OTHER,NBRO/LRRMD-KEG/KEG/YATIYN/LI/21/0874,KEG210889,Kegalle,Yatiyanthota,,Yatiyanthota,106,නැගතිහේනවත්තට යන පාර අසල පැති බැම්ම ඉදිකිරිම,,,,,,,,,,7.0264675,80.2957673
Other,OTHER,NBRO/LRRMD-KEG/KEG/YATIYN/LI/21/0875,KEG210890,Kegalle,Yatiyanthota,,Kabulumulla,106B,"අංක. බී 175, කබුළුමුල්ල , යටියන්තොට.",,,,,,,,,,7.027276,80.27758
Other,OTHER,NBRO/LRRMD-KEG/KEG/YATIYN/LI/21/0876,KEG210891,Kegalle,Yatiyanthota,,Ganepalla,135,"ගනේතැන්න, තැලිගම",,,,,,,,,,7.010336,80.349853
Other,OTHER,NBRO/LRRMD-KEG/KEG/YATIYN/LI/21/0877,KEG210892,Kegalle,Yatiyanthota,,Dunukedeniya,134E,"තෙබුවත්ත, මහබාගේ, කිතුල්ගල",,,,,,,,,,7.034655,80.423404
Other,OTHER,NBRO/LRRMD-KEG/KEG/YATIYN/LI/21/0878,KEG210893,Kegalle,Yatiyanthota,,Dunukedeniya,134E,"පරත්තවල, මහබාගේ, කිතුල්ගල",,,,,,,,,,7.018645,80.426406
Other,OTHER,NBRO/LRRMD-KEG/KEG/YATIYN/LI/21/0879,KEG210894,Kegalle,Yatiyanthota,,Welihelathenna,135A,"වැලිපොලතැන්න, යටියන්තොට",,,,,,,,,,7.044613,80.345159
Other,OTHER,NBRO/LRRMD-KEG/KEG/YATIYN/LI/21/0880,KEG210895,Kegalle,Yatiyanthota,,Jayavinda Gama,132B,"පොලටගම , වී ඔය, යටියන්තොට",,,,,,,,,,7.063176,80.325785
Other,OTHER,NBRO/LRRMD-KEG/KEG/YATIYN/LI/21/0881,KEG210896,Kegalle,Yatiyanthota,,Amanawala,131A,"E 53/2, අමනාවල, බෙරන්නාව",,,,,,,,,,7.066051,80.393065
Other,OTHER,NBRO/LRRMD-KEG/KEG/YATIYN/LI/21/0902,KEG210917,Kegalle,Yatiyanthota,,Hakbellawaka,135E,"නදීගම, හක්බෙල්ලාවක",,,,,,,,,,6.995789,80.332317
Other,OTHER,NBRO/LRRMD-KEG/KEG/YATIYN/LI/21/0904,KEG210919,Kegalle,Yatiyanthota,,Nawata,135D,"නවට, යටියන්තොට",,,,,,,,,,7.01495,80.317004
Other,OTHER,NBRO/LRRMD-KEG/KEG/KEGALL/LI/21/0909,KEG210924,Kegalle,Kegalle,,Meepitiya,51G,"672/11/ඒ,දෙහිගමවත්ත,මීපිටිය,කෑගල්ල",,,,,,,,,,7.254816,80.358969
Other,OTHER,NBRO/LRRMD-KEG/KEG/KEGALL/LI/21/0916,KEG210929,Kegalle,Kegalle,,Golahela,51E,"278/C,බණ්ඩාරනායක මාවත,කෑගල්ල",,,,,,,,,,7.139989,80.498998
Other,OTHER,NBRO/LRRMD-KEG/KEG/KEGALL/LI/21/0929,KEG210942,Kegalle,Kegalle,,Malavita,55B,"D/1/2A, තුන්මෝදරවත්ත, මලවිට, හෙට්ටිමුල්ල",,,,,,,,,,7.173692,80.353715
Other,OTHER,NBRO/LRRMD-KEG/KEG/GALIGA/LI/21/0931,KEG210944,Kegalle,Galigamuwa,,Edurapotha East,74B,"දියගලාවත්ත, ඇදුරාපොත",,,,,,,,,,7.27362,80.32609
Other,OTHER,NBRO/LRRMD-KEG/KEG/GALIGA/LI/21/0937,KEG210949,Kegalle,Galigamuwa,,Asideniya,69,"බලපත්තාව, ගලිගමුව නගරය",,,,,,,,,,7.2223854,80.303324
Other,OTHER,NBRO/LRRMD-KEG/KEG/GALIGA/LI/22/1043,KEG220001,Kegalle,Galigamuwa,,Holombuwa,67B,Atala Estate,,,,,,,,,,7.196263,80.3081
Other,OTHER,NBRO/LRRMD-KEG/KEG/BULATK/LI/22/1060,KEG220023,Kegalle,Bulathkohupitiya,,Getiyamulla,61,ගැටියමුල්ල,,,,,,,,,,7.154169,80.325213
Other,OTHER,NBRO/LRRMD-KEG/KEG/KEGALL/LI/22/0006,KEG220026,Kegalle,Kegalle,,Karandupotha,14,"ශශිකා නිවස, දෙව්වල, කැටවල",,,,,,,,,,7.25387,80.37596
Other,OTHER,NBRO/LRRMD-KEG/KEG/KEGALL/LI/22/0008,KEG220029,Kegalle,Kegalle,,Siyambalapitiya,51,"නන්දන,සියබලාපිටිය,කැගල්ල",,,,,,,,,,7.267177,80.335777
Other,OTHER,NBRO/LRRMD-KEG/KEG/GALIGA/LI/22/1063,KEG220031,Kegalle,Galigamuwa,,Makuddala,73,"1/4, මල්හේන, මකුද්දල",,,,,,,,,,7.2881043,80.295644
Other,OTHER,NBRO/LRRMD-KEG/KEG/KEGALL/LI/22/0010,KEG220033,Kegalle,Kegalle,,Olagankanda,51C,කැටවල,,,,,,,,,,7.263117,80.347177
Other,OTHER,NBRO/LRRMD-KEG/KEG/KEGALL/LI/22/0011,KEG220034,Kegalle,Kegalle,,Olagankanda,51C,ඔලගන්කන්ද,,,,,,,,,,7.261239,80.35466
Other,OTHER,NBRO/LRRMD-KEG/KEG/KEGALL/LI/22/0012,KEG220035,Kegalle,Kegalle,,Olagankanda,51C,ඔලගන්කන්ද,,,,,,,,,,7.261415,80.354975
Other,OTHER,NBRO/LRRMD-KEG/KEG/KEGALL/LI/22/0013,KEG220036,Kegalle,Kegalle,,Olagankanda,51C,ඔලගන්කන්ද,,,,,,,,,,7.261148,80.354601
Other,OTHER,NBRO/LRRMD-KEG/KEG/KEGALL/LI/22/0014,KEG220037,Kegalle,Kegalle,,Olagankanda,51C,ඔලගන්කන්ද,,,,,,,,,,7.263117,80.347177
Other,OTHER,NBRO/LRRMD-KEG/KEG/KEGALL/LI/22/0015,KEG220038,Kegalle,Kegalle,,Olagankanda,51C,ඔලගන්කන්ද,,,,,,,,,,7.2627522,80.347044
Other,OTHER,NBRO/LRRMD-KEG/KEG/KEGALL/LI/22/0016,KEG220039,Kegalle,Kegalle,,Olagankanda,51C,ඔලගන්කන්ද,,,,,,,,,,7.262127,80.351486
Other,OTHER,NBRO/LRRMD-KEG/KEG/KEGALL/LI/22/0017,KEG220040,Kegalle,Kegalle,,Olagankanda,51C,ඔලගන්කන්ද,,,,,,,,,,7.261254,80.354514
Other,OTHER,NBRO/LRRMD-KEG/KEG/KEGALL/LI/22/0018,KEG220041,Kegalle,Kegalle,,Olagankanda,51C,ඔලගන්කන්ද,,,,,,,,,,7.262577,80.347746
Other,OTHER,NBRO/LRRMD-KEG/KEG/KEGALL/LI/22/0019,KEG220042,Kegalle,Kegalle,,Olagankanda,51C,: ඔලගන්කන්ද,,,,,,,,,,7.262335,80.353742
Other,OTHER,NBRO/LRRMD-KEG/KEG/KEGALL/LI/22/0020,KEG220043,Kegalle,Kegalle,,Olagankanda,51C,ඔලගන්කන්ද,,,,,,,,,,7.26292,80.347623
Other,OTHER,NBRO/LRRMD-KEG/KEG/KEGALL/LI/22/0021,KEG220044,Kegalle,Kegalle,,Olagankanda,51C,ඔලගන්කන්ද,,,,,,,,,,7.263325,80.351182
Other,OTHER,NBRO/LRRMD-KEG/KEG/KEGALL/LI/22/0022,KEG220045,Kegalle,Kegalle,,Olagankanda,51C,ඔලගන්කන්ද,,,,,,,,,,7.26327,80.351861
Other,OTHER,NBRO/LRRMD-KEG/KEG/KEGALL/LI/22/0023,KEG220047,Kegalle,Kegalle,,Olagankanda,51C,ඔලගන්කන්ද,,,,,,,,,,7.262915,80.34611
Other,OTHER,NBRO/LRRMD-KEG/KEG/KEGALL/LI/22/0024,KEG220048,Kegalle,Kegalle,,Olagankanda,51C,ඔලගන්කන්ද,,,,,,,,,,7.261494,80.35457
Other,OTHER,NBRO/LRRMD-KEG/KEG/DERANI/LI/22/1072,KEG220073,Kegalle,Deraniyagala,,Miyanavita,114G,"එම්/49/1, මියනවිට, දැරණියගල",,,,,,,,,,6.886818,80.356734
Other,OTHER,NBRO/LRRMD-KEG/KEG/BULATK/LI/22/1079,KEG220105,Kegalle,Bulathkohupitiya,,Ampagala,107A,"පනාපිටිය, අම්පාගල",,,,,,,,,,7.089034,80.298209
Other,OTHER,NBRO/LRRMD-KEG/KEG/BULATK/LI/22/1097,KEG220230,Kegalle,Bulathkohupitiya,,Kendawa,128A,"වැලි වංගුව, තුන්බාගේ, උඩපොත",,,,,,,,,,7.103576,80.36748
Other,OTHER,NBRO/LRRMD-KEG/KEG/RAMBUK/LI/22/0169,KEG220310,Kegalle,Rambukkana,,Kudagama North,02A,"සිරි නිවස, කුඩාගම, දොඹේමඩ",,,,,,,,,,7.37108,80.3579
Other,OTHER,NBRO/LRRMD-KEG/KEG/RAMBUK/LI/22/0189,KEG220342,Kegalle,Rambukkana,,Eriyagolla,08G,"වල්කොටුව වත්ත, ඊරියගොල්ල",,,,,,,,,,7.337677,80.404932
Other,OTHER,NBRO/LRRMD-KEG/KEG/MAWANE/LI/22/0215,KEG220381,Kegalle,Mawanella,,Makehelwala,23,"පුරාණ තොටුපල විහාරය, මහකෙහෙල්වල, මාවනැල්ල",,,,,,,,,,7.283286,80.467476
Other,OTHER,NBRO/LRRMD-KEG/KEG/GALIGA/LI/22/1140,KEG220386,Kegalle,Galigamuwa,,Pothukoladeniya,61B,"Pindeniyawaththa, Pothukoladeniya",,,,,,,,,,7.158042,80.308197
Other,OTHER,NBRO/LRRMD-KEG/KEG/RUWANW/LI/22/1129,KEG220451,Kegalle,Ruwanwella,,Doranuwa,105B,"බී/35, කැනඩා මිත්‍ර මාවත, අඟුරුවැල්ල",,,,,,,,,,7.06271,80.26391
Other,OTHER,NBRO/LRRMD-KEG/KEG/DEHIOV/LI/22/1136,KEG220461,Kegalle,Dehiovita,,Maniyangama,124,මානියම්ගම වෙහෙරකඩගලපල්ලේහේන,,,,,,,,,,6.941291,80.232364
Other,OTHER,NBRO/LRRMD-KEG/KEG/BULATK/LI/22/1142,KEG220488,Kegalle,Bulathkohupitiya,,Kabagamuwa,60,"තේ වත්ත, තුම්මුදුන, කඩගමුව",,,,,,,,,,7.137489,80.335402
Other,OTHER,NBRO/LRRMD-KEG/KEG/GALIGA/LI/22/0311,KEG220539,Kegalle,Galigamuwa,,Galigamuwa,69B,"ජී 92, හල්ගහමුල්ල හේන, ගලිගමුව නගරය",,,,,,,,,,7.2429188,80.3070612
Other,OTHER,NBRO/LRRMD-KEG/KEG/RUWANW/LI/22/1158,KEG220562,Kegalle,Ruwanwella,,Mahalla,104B,"අයි/101/7, 1 කණුව, නවගම්මානය",,,,,,,,,,7.04171,80.24381
Other,OTHER,NBRO/LRRMD-KEG/KEG/RUWANW/LI/22/0341,KEG220612,Kegalle,Ruwanwella,,Moraliya,103A,"මොරලිය, රුවන්වැල්ල",,,,,,,,,,7.02414,80.2211
Other,OTHER,NBRO/LRRMD-KEG/KEG/RUWANW/LI/22/0345,KEG220616,Kegalle,Ruwanwella,,Galapitamada,99B,"ගලපිටමඩ, රුවන්වැල්ල",,,,,,,,,,7.12291,80.24046
Other,OTHER,NBRO/LRRMD-KEG/KEG/RUWANW/LI/22/0355,KEG220626,Kegalle,Ruwanwella,,Ruwanwella,105A,"අංක 103 F, කෑගල්ල පාර, රුවන්වැල්ල",,,,,,,,,,7.04798,80.25556
Other,OTHER,NBRO/LRRMD-KEG/KEG/YATIYN/LI/22/1170,KEG220629,Kegalle,Yatiyanthota,,Mattamagoda,108,"ඒ 329, දුම්මලදෙණිය, ගල්පාත, රුවන්වැල්ල",,,,,,,,,,7.0539,80.28248
Other,OTHER,NBRO/LRRMD-KEG/KEG/WARAKA/LI/22/0375,KEG220658,Kegalle,Warakapola,,Palamure,93B,"බටුවන ශ්‍රී බොධිරුක්ඛාරාම විහාරය, බටුවන.",,,,,,,,,,7.163204,80.20577
Other,OTHER,NBRO/LRRMD-KEG/KEG/DEHIOV/LI/22/1201,KEG220687,Kegalle,Dehiovita,,Madagammana,122B,කිරිඇල්ලගේ වත්ත,,,,,,,,,,6.875982,80.280952
Other,OTHER,NBRO/LRRMD-KEG/KEG/WARAKA/LI/22/0388,KEG220718,Kegalle,Warakapola,,Delgamuwa,83D,බණමඩුතැන්න,,,,,,,,,,7.218184,80.223561
Other,OTHER,NBRO/LRRMD-KEG/KEG/WARAKA/LI/22/0391,KEG220721,Kegalle,Warakapola,,Nelumdeniya,85B,"බටපොතැල්ල, නෙළුන්දෙණිය",,,,,,,,,,7.2365781,80.2700283
Other,OTHER,NBRO/LRRMD-KEG/KEG/WARAKA/LI/22/1229,KEG220746,Kegalle,Warakapola,,Ebidigala,93C,"ඒබිඩිගල, ගලපිටමඩ",,,,,,,,,,7.14843,80.23442
Other,OTHER,NBRO/LRRMD-KEG/KEG/YATIYN/LI/22/0404,KEG220757,Kegalle,Yatiyanthota,,Berannawa,131D,කෑ/දෙහි/බෙරන්නාව අබේරාජ මහා විද්‍යාලය,,,,,,,,,,7.073338,80.410707
Other,OTHER,NBRO/LRRMD-KEG/KEG/YATIYN/LI/22/0411,KEG220768,Kegalle,Yatiyanthota,,Berannawa,131D,"""සමනල"", පාසල් මාවත, බෙරන්නාව, යටියන්තොට",,,,,,,,,,7.073995,80.41353
Other,OTHER,NBRO/LRRMD-KEG/KEG/DERANI/LI/22/0441,KEG220814,Kegalle,Deraniyagala,,Anhettigama,111A,"A/54/1, අංහෙට්ටිගම,  දැරණියගල",,,,,,,,,,6.921777,80.377734
Other,OTHER,NBRO/LRRMD-KEG/KEG/DEHIOV/LI/22/0454,KEG220827,Kegalle,Dehiovita,,Elavulla,121B,එලවුල්ල  මහ අරඹේවත්ත හා පහුරහේන වත්තේ නව මාර්ගය ඉදිකිරීමට යෝජිත කොටස,,,,,,,,,,6.8436037,80.338419
Other,OTHER,NBRO/LRRMD-KEG/KEG/BULATK/LI/22/0469,KEG220854,Kegalle,Bulathkohupitiya,,Pelempitiya,131B,පැලැම්පිටිය,,,,,,,,,,7.084142,80.430593
Other,OTHER,NBRO/LRRMD-KEG/KEG/ARANAY/LI/22/0475,KEG220860,Kegalle,Aranayaka,,Selawa West,41C,සැලව බටහිර 41/සී,,,,,,,,,,7.146915,80.495588
Other,OTHER,NBRO/LRRMD-KEG/KEG/DERANI/LI/22/1262,KEG220889,Kegalle,Deraniyagala,,Nakkavita,112A,"නක්කාවිට, දැරණියගල",,,,,,,,,,6.911393,80.370498
Other,OTHER,NBRO/LRRMD-KEG/KEG/DEHIOV/LI/22/1294,KEG221008,Kegalle,Dehiovita,,Algoda,119,"වාසනා පෙරපාසල, රත්නගම",,,,,,,,,,6.95074,80.27659
Other,OTHER,NBRO/LRRMD-KEG/KEG/RUWANW/LI/22/1322,KEG221064,Kegalle,Ruwanwella,,Gonaramba,109A,"ඩී/118/2/ඒ, ගෝනාරඹ",,,,,,,,,,7.067273,80.270745
Other,OTHER,NBRO/LRRMD-KEG/KEG/BULATK/LI/22/1326,KEG221068,Kegalle,Bulathkohupitiya,,Nevismiyar Ihala,129D,"යටිදෑරියවත්ත, නුගහිටිය කොටස",,,,,,,,,,7.11788,80.369847
Other,OTHER,NBRO/LRRMD-KEG/KEG/WARAKA/LI/22/1341,KEG221091,Kegalle,Warakapola,,Uduwaka,97,උඩුවක කණිෂ්ඨ විද්‍යාලය,,,,,,,,,,7.19746,80.19081
Other,OTHER,NBRO/LRRMD-KEG/KEG/RAMBUK/LI/22/1342,KEG221093,Kegalle,Rambukkana,,Madawala,08I,"උඩදෙණිය වත්ත, මඩවල, රඹුක්කන",,,,,,,,,,7.318195,80.39895
Other,OTHER,NBRO/LRRMD-KEG/KEG/GALIGA/LI/22/1359,KEG221108,Kegalle,Galigamuwa,,Kiridana,64B,"ඊ 43/1ඒ, කිරිඳන, අටාල",,,,,,,,,,7.184383,80.313228
Other,OTHER,NBRO/LRRMD-KEG/KEG/WARAKA/LI/22/1417,KEG221175,Kegalle,Warakapola,,Ganithapura,92B,"පන්දෙණිය පාර, ගණිතපුර, වරකාපොල",,,,,,,,,,7.21173,80.20517
Other,OTHER,NBRO/LRRMD-KEG/KEG/RUWANW/LI/22/1424,KEG221192,Kegalle,Ruwanwella,,Wendala,105,"පොල්කොටුව වත්ත, වැන්දල, රුවන්වැල්ල",,,,,,,,,,7.037873,80.265572
Other,OTHER,NBRO/LRRMD-KEG/KEG/RUWANW/LI/22/1441,KEG221213,Kegalle,Ruwanwella,,Wendala,105,වත්තහේන,,,,,,,,,,7.043953,80.267375
Other,OTHER,NBRO/LRRMD-KEG/KEG/BULATK/LI/22/1449,KEG221222,Kegalle,Bulathkohupitiya,,Wegalla,128B,"වැලිකන්ද, පූනාහැල, බුලත්කොහුපිටිය",,,,,,,,,,7.089654,80.307493
Other,OTHER,NBRO/LRRMD-KEG/KEG/YATIYN/LI/22/1485,KEG221266,Kegalle,Yatiyanthota,,Yatiyanthota,106,"නො 25, පරණ කොළඹ පාර, යටියන්තොට",,,,,,,,,,7.031828,80.294675
Other,OTHER,NBRO/LRRMD-KEG/KEG/KEGALL/LI/22/1491,KEG221272,Kegalle,Kegalle,,Olagankanda,51C,ඔලගන්කන්ද ජනපදය,,,,,,,,,,7.262793,80.346853
Other,OTHER,NBRO/LRRMD-KEG/KEG/GALIGA/LI/22/1528,KEG221327,Kegalle,Galigamuwa,,Dewalegama,74,වේරෑනකන්ද මූකලාන,,,,,,,,,,7.2702,80.3169
Other,OTHER,NBRO/LRRMD-KEG/KEG/WARAKA/LI/22/1558,KEG221382,Kegalle,Warakapola,,Weragoda,93,"සී 76, කිරිවාන, නියදුරුපොල",,,,,,,,,,7.17377234,80.21688843
Other,OTHER,NBRO/LRRMD-KEG/KEG/RUWANW/LI/22/1570,KEG221404,Kegalle,Ruwanwella,,Doranuwa,105B,"නො 01, වලව්වත්ත, රුවන්වැල්ල",,,,,,,,,,7.0667945,80.2645681
Other,OTHER,NBRO/LRRMD-KEG/KEG/RUWANW/LI/22/1572,KEG221406,Kegalle,Ruwanwella,,Kadigamuwa,99D,"ගලපිටමඩ, නාරංගස්තැන්න",,,,,,,,,,7.10536,80.22649
Other,OTHER,NBRO/LRRMD-KEG/KEG/RUWANW/LI/22/1574,KEG221408,Kegalle,Ruwanwella,,Galapitamada,99B,"සී/68, ඌරුවල, ගලපිටමඩ",,,,,,,,,,7.14288,80.22697
Other,OTHER,NBRO/LRRMD-KEG/KEG/KEGALL/LI/22/1575,KEG221409,Kegalle,Kegalle,,Kolongalla,14D,"නො14/1, ග්‍රේස්ලින් වත්ත, රංදෙණිය, හිරිවඩුන්න",,,,,,,,,,7.27916,80.37483
Other,OTHER,NBRO/LRRMD-KEG/KEG/ARANAY/LI/22/1614,KEG221422,Kegalle,Aranayaka,,Rahala,41B,"රහළ නැගෙනහිර, හෙම්මාතගම",,,,,,,,,,7.141648,80.49193
Other,OTHER,NBRO/LRRMD-KEG/KEG/WARAKA/LI/22/1615,KEG221423,Kegalle,Warakapola,,Tholangamuwa,83,"කටුකන්ගොල්ල මූකලාන,  තෝලංගමුව",,,,,,,,,,7.243245,80.231256
Other,OTHER,NBRO/LRRMD-KEG/KEG/GALIGA/LI/22/1616,KEG221424,Kegalle,Galigamuwa,,Dewalegama,74,වේරෑනකන්ද මූකලාන,,,,,,,,,,7.2712,80.3181
Other,OTHER,NBRO/LRRMD-KEG/KEG/GALIGA/LI/22/1617,KEG221425,Kegalle,Galigamuwa,,Dewalegama,74,වේරෑවකන්ද මූකලාන,,,,,,,,,,7.2709,80.3185
Other,OTHER,NBRO/LRRMD-KEG/KEG/GALIGA/LI/22/1618,KEG221426,Kegalle,Galigamuwa,,Dewalegama,74,වේරෑනකන්ද මූකලාන,,,,,,,,,,7.2714,80.3189
Other,OTHER,NBRO/LRRMD-KEG/KEG/GALIGA/LI/22/1619,KEG221427,Kegalle,Galigamuwa,,Dewalegama,74,වේරෑනකන්ද මූකලාන,,,,,,,,,,7.2719,80.3192
Other,OTHER,NBRO/LRRMD-KEG/KEG/KEGALL/LI/22/1620,KEG221428,Kegalle,Kegalle,,Meedeniya South,55D,කෑගල්ල-බුලත්කොහුපිටිය කරවනැල්ල මාර්ගයේ (A-021)8/8-8/9 බෝක්කු අතර මාර්ග කොටස ගිලා බැසීම නිසා,,,,,,,,,,7.19468,80.36055
Other,OTHER,NBRO/LRRMD-KEG/KEG/ARANAY/LI/22/1631,KEG221439,Kegalle,Aranayaka,,Hakurugammana,42,"මුදන්නැහේන, පිංවත්ත හංදිය, හකුරුගම්මන, අරණායක",,,,,,,,,,7.14782,80.47986
Other,OTHER,NBRO/LRRMD-KEG/KEG/DERANI/LI/23/1585,KEG230013,Kegalle,Deraniyagala,,Wattegedara,114D,"මල්දෙණිය, වත්තේගෙදර, රුවන්වැල්ල",,,,,,,,,,6.924042,80.344521
Other,OTHER,NBRO/LRRMD-KEG/KEG/DERANI/LI/23/1589,KEG230017,Kegalle,Deraniyagala,,Rasnakkanda,114B,"කන්දේවත්ත,  දැරණියගල",,,,,,,,,,6.920868,80.325702
Other,OTHER,NBRO/LRRMD-KEG/KEG/YATIYN/LI/23/1592,KEG230020,Kegalle,Yatiyanthota,,Nawata,135D,ඌරාගලවත්ත,,,,,,,,,,7.014942,80.323202
Other,OTHER,NBRO/LRRMD-KEG/KEG/DERANI/LI/23/0013,KEG230048,Kegalle,Deraniyagala,,Dodawatta,110D,දොඩාවත්ත පාසල අසල,,,,,,,,,,6.947955,80.412223
Other,OTHER,NBRO/LRRMD-KEG/KEG/WARAKA/LI/23/0017,KEG230056,Kegalle,Warakapola,,Morawaka,80,"ඩී 55/ඒ, මොරවක, නෙලුන්දෙනිය",,,,,,,,,,7.23442,80.25528
Other,OTHER,NBRO/LRRMD-KEG/KEG/MAWANE/LI/23/0028,KEG230067,Kegalle,Mawanella,,Dehimaduwa,15E,"සී 82, වල්පොල පාර, දෙහිමඩුව, මාවනැල්ල",,,,,,,,,,7.244168,80.426943
Other,OTHER,NBRO/LRRMD-KEG/KEG/KEGALL/LI/23/1613,KEG230075,Kegalle,Kegalle,,Ranwala,51A,රංවල අංක 547 දරණ ගොඩනැගිල්ල,,,,,,,,,,7.2513,80.3239
Other,OTHER,NBRO/LRRMD-KEG/KEG/WARAKA/LI/23/0034,KEG230083,Kegalle,Warakapola,,Kandegama,95C,"කන්දේගම, අල්ගම",,,,,,,,,,7.134817,80.167017
Other,OTHER,NBRO/LRRMD-KEG/KEG/MAWANE/LI/23/0035,KEG230090,Kegalle,Mawanella,,Eraminigammana,36,එරමිණිගම්මන,,,,,,,,,,7.192246,80.496907
Other,OTHER,NBRO/LRRMD-KEG/KEG/RUWANW/LI/23/0057,KEG230123,Kegalle,Ruwanwella,,Morawatta,104,"ගල්කන්ද, මොරාවත්ත, රුවන්වැල්ල",,,,,,,,,,7.0418614,80.244593
Other,OTHER,NBRO/LRRMD-KEG/KEG/MAWANE/LI/23/0064,KEG230144,Kegalle,Mawanella,,Kongamuwa,31A,"276/6, මකීන් ගාර්ඩ්න්, කොට්ටවත්ත, මාවනැල්ල",,,,,,,,,,7.24126,80.44884
Other,OTHER,NBRO/LRRMD-KEG/KEG/RAMBUK/LI/23/0075,KEG230175,Kegalle,Rambukkana,,Kanugolla,03I,කණුගොල්ල රඹුක්කන ඔය රක්ෂිතය,,,,,,,,,,7.33714,80.41371
Other,OTHER,NBRO/LRRMD-KEG/KEG/GALIGA/LI/23/0082,KEG230187,Kegalle,Galigamuwa,,Kurunegoda,63B,"උඩහවලව් වත්ත, කුරුණෑගොඩ",,,,,,,,,,7.1415,80.2946
Other,OTHER,NBRO/LRRMD-KEG/KEG/WARAKA/LI/23/0087,KEG230217,Kegalle,Warakapola,,Weragoda,93,"සී 55/1, දිස්න විලා, නියදුරුපොල",,,,,,,,,,7.179931,80.211981
Other,OTHER,NBRO/LRRMD-KEG/KEG/GALIGA/LI/23/0090,KEG230220,Kegalle,Galigamuwa,,Dewalegama,74,"නො 38/3, කෑගල්ල පාර, දේවාලේගම",,,,,,,,,,7.283475,80.3234
Other,OTHER,NBRO/LRRMD-KEG/KEG/WARAKA/LI/23/0097,KEG230238,Kegalle,Warakapola,,Kandegama,95C,"කන්දේගම, අල්ගම",,,,,,,,,,7.134817,80.167017
Other,OTHER,NBRO/LRRMD-KEG/KEG/ARANAY/LI/23/0103,KEG230256,Kegalle,Aranayaka,,Devanagala,33B,"ජී 51, සැනසුම, දෙවනගල",,,,,,,,,,7.2191,80.4738
Other,OTHER,NBRO/LRRMD-KEG/KEG/DEHIOV/LI/23/0108,KEG230261,Kegalle,Dehiovita,,Welangalla,125A,"සී/92/1, වෙලන්ගල්ල, ගැටහැත්ත",,,,,,,,,,6.913378,80.244862
Other,OTHER,NBRO/LRRMD-KEG/KEG/RUWANW/LI/23/0112,KEG230283,Kegalle,Ruwanwella,,Galapitamada,99B,"ඊ /37/2, නාරංගස්තැන්න, ගලපිටමඩ",,,,,,,,,,7.103922,80.224973
Other,OTHER,NBRO/LRRMD-KEG/KEG/DERANI/LI/23/0116,KEG230290,Kegalle,Deraniyagala,,Rasnakkanda,114B,"බුලත්වත්ත, දැරණියගල",,,,,,,,,,6.929523,80.314865
Other,OTHER,NBRO/LRRMD-KEG/KEG/ARANAY/LI/23/0119,KEG230295,Kegalle,Aranayaka,,Jambugasmada,58C,"මොරටියේ පතන හෙවත් ගන්තුන් වත්ත, ජම්බුගස්මඩ",,,,,,,,,,7.119136,80.438301
Other,OTHER,NBRO/LRRMD-KEG/KEG/DERANI/LI/23/0121,KEG230301,Kegalle,Deraniyagala,,Deraniyagala,114,"ප්‍රාදේශීය රබර් සංවර්ධන නිලධාරි කාර්යාලය, සමන්පුරගම, දැරණියගල",,,,,,,,,,6.918352,80.341742
Other,OTHER,NBRO/LRRMD-KEG/KEG/ARANAY/LI/23/0127,KEG230312,Kegalle,Aranayaka,,Godigamuwa,46A,"බී/121/බී, උඩගෙදර, ගොඩිගමුව, උස්සාපිටිය",,,,,,,,,,7.19971,80.45692
Other,OTHER,NBRO/LRRMD-KEG/KEG/WARAKA/LI/23/0140,KEG230333,Kegalle,Warakapola,,Dummaladeniya,94C,"මෙනේරිපිටිය විහාරස්ථානය, දුම්මලදෙණිය, වරකාපොල",,,,,,,,,,7.22612,80.19136
Other,OTHER,NBRO/LRRMD-KEG/KEG/GALIGA/LI/23/0144,KEG230337,Kegalle,Galigamuwa,,Kurunegoda,63B,"බොපිටිය, පිංදෙණිය",,,,,,,,,,7.157353,80.290313
Other,OTHER,NBRO/LRRMD-KEG/KEG/WARAKA/LI/23/0152,KEG230349,Kegalle,Warakapola,,Mahena,83B,"සී/02/3, ගල්හේන, මාහේන",,,,,,,,,,7.157842,80.222037
Other,OTHER,NBRO/LRRMD-KEG/KEG/GALIGA/LI/23/0154,KEG230353,Kegalle,Galigamuwa,,Galigamuwa,69B,"පලාගල වත්ත, ගලිගමුව, ගලිගමුව නගරය",,,,,,,,,,7.2420581,80.3090403
Other,OTHER,NBRO/LRRMD-KEG/KEG/MAWANE/LI/23/0156,KEG230357,Kegalle,Mawanella,,Mawanella,19B,"නො 91/1,  අත්තනගොඩ, අම්බුලුගල, මාවනැල්ල",,,,,,,,,,7.232198,80.39793
Other,OTHER,NBRO/LRRMD-KEG/KEG/DERANI/LI/23/0158,KEG230359,Kegalle,Deraniyagala,,Dikellakanda,112E,"ඌරුවනාව, මාලිබොඩ",,,,,,,,,,6.888565,80.426143
Other,OTHER,NBRO/LRRMD-KEG/KEG/YATIYN/LI/23/0159,KEG230360,Kegalle,Yatiyanthota,,Nawata,135D,"ඒ /148/2, ලැවන්ට් පාර, නවට, යටියන්තොට",,,,,,,,,,7.013904,80.323483
Other,OTHER,NBRO/LRRMD-KEG/KEG/RAMBUK/LI/23/0166,KEG230370,Kegalle,Rambukkana,,Heenabowa,7,"ගල්තැටිය පාර, හීනාබෝව, රඹුක්කන",,,,,,,,,,7.355964,80.419557
Other,OTHER,NBRO/LRRMD-KEG/KEG/YATIYN/LI/23/0176,KEG230380,Kegalle,Yatiyanthota,,Dombepola,132,පීල්ලහේන ජනපදය,,,,,,,,,,7.06737,80.372742
Other,OTHER,NBRO/LRRMD-KEG/KEG/KEGALL/LI/23/0177,KEG230383,Kegalle,Kegalle,,Meepitiya,51G,"පොලිස් ස්ථානය, කෑගල්ල",,,,,,,,,,7.255173,80.353502
Other,OTHER,NBRO/LRRMD-KEG/KEG/KEGALL/LI/23/0179,KEG230385,Kegalle,Kegalle,,Ambanpitiya,52,"ඒ/3/3, ගල්කැටියාහේන, වෙළමැද පාර, රංවල, කෑගල්ල",,,,,,,,,,7.24506,80.32855
Other,OTHER,NBRO/LRRMD-KEG/KEG/BULATK/LI/23/0185,KEG230394,Kegalle,Bulathkohupitiya,,Wegalla,128B,"ජී/79, ඔරුබැද්ද, යක්ඇල්ල",,,,,,,,,,7.1032,80.318
Other,OTHER,NBRO/LRRMD-KEG/KEG/BULATK/LI/23/0186,KEG230395,Kegalle,Bulathkohupitiya,,Wegalla,128B,"ජී/63/3, ඔරුබැද්ද, යක්ඇල්ල",,,,,,,,,,7.1036,80.3179
Other,OTHER,NBRO/LRRMD-KEG/KEG/BULATK/LI/23/0187,KEG230396,Kegalle,Bulathkohupitiya,,Wegalla,128B,"ජී/79/2, ඔරුබැද්ද, යක්ඇල්ල",,,,,,,,,,7.1034,80.3183
Other,OTHER,NBRO/LRRMD-KEG/KEG/KEGALL/LI/23/0190,KEG230399,Kegalle,Kegalle,,Kegalle Town,51B,,,,,,,,,,,7.25302,80.34958
Other,OTHER,NBRO/LRRMD-KEG/KEG/KEGALL/LI/23/0193,KEG230402,Kegalle,Kegalle,,Golahela,51E,කෑගලු විද්‍යාලය,,,,,,,,,,7.249927,80.347934
Other,OTHER,NBRO/LRRMD-KEG/KEG/RAMBUK/LI/23/0196,KEG230405,Kegalle,Rambukkana,,Kavudaulla,13D,"කැන්දපිටිය වත්ත, මොලගොඩ",,,,,,,,,,7.256459,80.38902
Other,OTHER,NBRO/LRRMD-KEG/KEG/YATIYN/LI/23/0203,KEG230412,Kegalle,Yatiyanthota,,Hakbellawaka,135E,තණකොළවත්ත,,,,,,,,,,6.997769,80.336328
Other,OTHER,NBRO/LRRMD-KEG/KEG/MAWANE/LI/23/0212,KEG230439,Kegalle,Mawanella,,Uyanwatta,30B,"අංක 80/3, අල්පිටිය, දෙවනගල",,,,,,,,,,7.2085,80.4948
Other,OTHER,NBRO/LRRMD-KEG/KEG/RAMBUK/LI/23/0220,KEG230447,Kegalle,Rambukkana,,Gangoda,22A,"ගංගොඩ, මාකෙහෙල්වල",,,,,,,,,,7.300089,80.45182
Other,OTHER,NBRO/LRRMD-KEG/KEG/ARANAY/LI/23/0232,KEG230467,Kegalle,Aranayaka,,Thalgaspitiya,44,"තල්ගස්පිටිය, අරණායක",,,,,,,,,,7.16712,80.48385
Other,OTHER,NBRO/LRRMD-KEG/KEG/MAWANE/LI/23/0240,KEG230492,Kegalle,Mawanella,,Werake,34,"සිංහරාජවත්ත, අල්පිටිය, දෙවනගල",,,,,,,,,,7.2086,80.5067
Other,OTHER,NBRO/LRRMD-KEG/KEG/DEHIOV/LI/23/0243,KEG230495,Kegalle,Dehiovita,,Viharakanda,124B,"124/ඊ, විහාර කන්ද, (සේවා පියස කාර්යාල)",,,,,,,,,,6.93464,80.24871
Other,OTHER,NBRO/LRRMD-KEG/KEG/YATIYN/LI/23/0259,KEG230514,Kegalle,Yatiyanthota,,Meegasthenna,115E,"18, ගරාගොඩ, යටියන්තොට",,,,,,,,,,7.018126,80.293235
Other,OTHER,NBRO/LRRMD-KEG/KEG/KEGALL/LI/23/0268,KEG230532,Kegalle,Kegalle,,Meepitiya,51G,"මෝටර් රථ දිස්ත්‍රික් කාර්යාලය අසල, නාගොල්ල පාර, කෑගල්ල",,,,,,,,,,7.255474,80.358124
Other,OTHER,NBRO/LRRMD-KEG/KEG/DERANI/LI/23/0276,KEG230548,Kegalle,Deraniyagala,,Wattegedara,114D,"මංචනායක මාවත, දැරණියගල",,,,,,,,,,6.933,80.33252
Other,OTHER,NBRO/LRRMD-KEG/KEG/WARAKA/LI/23/0278,KEG230550,Kegalle,Warakapola,,Opatha,78B,වැදිකන්ද,,,,,,,,,,7.281309,80.240583
Other,OTHER,NBRO/LRRMD-KEG/KEG/BULATK/LI/23/0283,KEG230555,Kegalle,Bulathkohupitiya,,Bulathkohupitiya,129B,"නෙව්ස්මියර් පහළ, යටවත්ත, බුලත්කොහුපිටිය",,,,,,,,,,7.112045,80.349344
Other,OTHER,NBRO/LRRMD-KEG/KEG/DERANI/LI/23/0306,KEG230579,Kegalle,Deraniyagala,,Basnagala,111C,"8,1 කොටස, නූරිවත්ත, දැරණියගල",,,,,,,,,,6.95003,80.39823
Other,OTHER,NBRO/LRRMD-KEG/KEG/BULATK/LI/23/0321,KEG230603,Kegalle,Bulathkohupitiya,,Dedugala,131C,හැවුලන්ඩ් වත්ත,,,,,,,,,,7.08588,80.40123
Other,OTHER,NBRO/LRRMD-KEG/KEG/ARANAY/LI/23/0349,KEG230656,Kegalle,Aranayaka,,Ruwandeniya,33C,"E/6,බැමිණිවත්ත, මාවනැල්ල",,,,,,,,,,7.2261,80.45216
Other,OTHER,NBRO/LRRMD-KEG/KEG/MAWANE/LI/23/0365,KEG230691,Kegalle,Mawanella,,Dunugama Maliyadda,24B,"ඒ 67/1, දෙහිවත්තේහේන, මීපිටිවෙල, කෙහෙල්වල",,,,,,,,,,7.2772,80.4743
Other,OTHER,NBRO/LRRMD-KEG/KEG/ARANAY/LI/23/0368,KEG230709,Kegalle,Aranayaka,,Aranayaka,43,"සැලව, හෙම්මාතගම",,,,,,,,,,7.14721,80.50492
Other,OTHER,NBRO/LRRMD-KEG/KEG/YATIYN/LI/23/0379,KEG230732,Kegalle,Yatiyanthota,,Yatiyanthota,106,"හාමන්ද, යටියන්තොට",,,,,,,,,,7.036049,80.293294
Other,OTHER,NBRO/LRRMD-KEG/KEG/RAMBUK/LI/23/0382,KEG230751,Kegalle,Rambukkana,,Eriyagolla,08G,"වල්කොටුවවත්ත, රඹුක්කන",,,,,,,,,,7.335949,80.400514
Other,OTHER,NBRO/LRRMD-KEG/KEG/DERANI/LI/23/0383,KEG230752,Kegalle,Deraniyagala,,Deraniyagala,114,"මුහන්දිරම් කණිෂ්ඨ විදුහල පාර, දැරණියගල",,,,,,,,,,6.932375,80.337813
Other,OTHER,NBRO/LRRMD-KEG/KEG/MAWANE/LI/23/0393,KEG230773,Kegalle,Mawanella,,Werake,34,"ජේ 11/ඒ, සිංහරාජගම, අල්පිටිය, දෙවනගල",,,,,,,,,,7.203,80.505
Other,OTHER,NBRO/LRRMD-KEG/KEG/ARANAY/LI/23/0398,KEG230793,Kegalle,Aranayaka,,Aranayaka,43,"එෆ් 112/1, කලවිටේ ගෙදර, සැලව, හෙම්මාතගම",,,,,,,,,,7.14679,80.50234
Other,OTHER,NBRO/LRRMD-KEG/KEG/ARANAY/LI/23/0399,KEG230794,Kegalle,Aranayaka,,Ganthuna Udagama,58B,"ගල්පොත්තේගෙදර, උඩගම",,,,,,,,,,7.13415,80.41901
Other,OTHER,NBRO/LRRMD-KEG/KEG/RUWANW/LI/23/0400,KEG230795,Kegalle,Ruwanwella,,Dannoruwa,104C,"අංක 82, නවගම්මානය, මොරලිය",,,,,,,,,,7.0444633,80.26655
Other,OTHER,NBRO/LRRMD-KEG/KEG/YATIYN/LI/23/0403,KEG230812,Kegalle,Yatiyanthota,,Polpitiya,135B,"මාලිගාතැන්න පාර උඩ කොටස, හල්ගොල්ල, යටියන්තොට",,,,,,,,,,7.038816,80.35981
Other,OTHER,NBRO/LRRMD-KEG/KEG/KEGALL/LI/23/0406,KEG230815,Kegalle,Kegalle,,Ranwala,51A,"නො 2, යබුන්වල, රන්වල, කෑගල්ල",,,,,,,,,,7.247134,80.329627
Other,OTHER,NBRO/LRRMD-KEG/KEG/KEGALL/LI/23/0407,KEG230816,Kegalle,Kegalle,,Ambanpitiya,52,"ඒ 180/2, අඹන්පිටිය, ගලිගමුව නගරය",,,,,,,,,,7.237518,80.318805
Other,OTHER,NBRO/LRRMD-KEG/KEG/ARANAY/LI/23/0409,KEG230818,Kegalle,Aranayaka,,Aranayaka,43,"නො 5, වීමල්ලවත්ත, අරණායක",,,,,,,,,,7.14504,80.46364
Other,OTHER,NBRO/LRRMD-KEG/KEG/YATIYN/LI/23/0410,KEG230819,Kegalle,Yatiyanthota,,Parussella,106A,"ඒ/32/2, නවට පාර, පරුස්සැල්ල පාර, යටියන්තොට",,,,,,,,,,7.026734,80.311632
Other,OTHER,NBRO/LRRMD-KEG/KEG/KEGALL/LI/23/0417,KEG230840,Kegalle,Kegalle,,Undugoda,56B,"උඳුගොඩ, බෝගල, කොටවැල්ල",,,,,,,,,,7.136686,80.392655
Other,OTHER,NBRO/LRRMD-KEG/KEG/GALIGA/LI/23/0419,KEG230842,Kegalle,Galigamuwa,,Bisowela,69C,"139, තුත්තිරිපිටිය, ගලිගමුව නගරය",,,,,,,,,,7.228053,80.305712
Other,OTHER,NBRO/LRRMD-KEG/KEG/GALIGA/LI/23/0420,KEG230843,Kegalle,Galigamuwa,,Peherambe,70,"බලත්දවත්ත ආබාධිත නිවාසය, පෙහෙරඹේ, ගලිගමුව නගරය",,,,,,,,,,7.255588,80.280616
Other,OTHER,NBRO/LRRMD-KEG/KEG/DEHIOV/LI/23/0422,KEG230848,Kegalle,Dehiovita,,Walpola,115,"සී 13/2, කොටවැල්ලදෙණිය, දෙහිඕවිට",,,,,,,,,,6.9652481,80.295683
Other,OTHER,NBRO/LRRMD-KEG/KEG/MAWANE/LI/23/0424,KEG230855,Kegalle,Mawanella,,Mahanthegama,26C,"මහන්තේගම, උඩුමුල්ල",,,,,,,,,,7.2303,80.5125
Other,OTHER,NBRO/LRRMD-KEG/KEG/MAWANE/LI/23/0425,KEG230856,Kegalle,Mawanella,,Mahawatta,29A,"නො 35/50, ගල්කන්ද, මහවත්ත",,,,,,,,,,7.2607,80.4465
Other,OTHER,NBRO/LRRMD-KEG/KEG/RUWANW/LI/23/0466,KEG230923,Kegalle,Ruwanwella,,Kannattota,109,"එච්/128, අතලව, කන්නත්තොට",,,,,,,,,,7.0900649,80.266602
Other,OTHER,NBRO/LRRMD-KEG/KEG/RUWANW/LI/23/0475,KEG230932,Kegalle,Ruwanwella,,Kadigamuwa,99D,"සුවසෙවණ, කඩිගමුව, ගලපිටමඩ",,,,,,,,,,7.125557,80.228245
Other,OTHER,NBRO/LRRMD-KEG/KEG/MAWANE/LI/23/0478,KEG230935,Kegalle,Mawanella,,Madulbowa,39B,"මඩුල්බෝව, හෙම්මාතගම",,,,,,,,,,7.1727,80.5162
Other,OTHER,NBRO/LRRMD-KEG/KEG/ARANAY/LI/23/0483,KEG230943,Kegalle,Aranayaka,,Ruwandeniya,33C,"ඊ 16, බැමිණිවත්ත, මාවනැල්ල",,,,,,,,,,7.22592,80.45212
Other,OTHER,NBRO/LRRMD-KEG/KEG/ARANAY/LI/23/0502,KEG230973,Kegalle,Aranayaka,,Ruwandeniya,33C,"චීන මිත්‍රත්ව ගම්මානය, පල්ලෙ කණුව, දෙවනගල.",,,,,,,,,,7.021973,80.45573
Other,OTHER,NBRO/LRRMD-KEG/KEG/KEGALL/LI/23/0508,KEG230979,Kegalle,Kegalle,,Thiyambarahena,59B,"නිල්ඔලුව, උදුගොඩ.",,,,,,,,,,7.151269,80.373222
Other,OTHER,NBRO/LRRMD-KEG/KEG/DERANI/LI/23/0527,KEG231006,Kegalle,Deraniyagala,,Dikellakanda,112E,"එල්/16/බී, නාමල්වත්ත, මාලිබොඩ",,,,,,,,,,6.887121,80.433776
Other,OTHER,NBRO/LRRMD-KEG/KEG/RAMBUK/LI/23/0562,KEG231044,Kegalle,Rambukkana,,Henepola,22E,"වත්තේගම, බැද්දවල",,,,,,,,,,7.30279,80.44896
Other,OTHER,NBRO/LRRMD-KEG/KEG/ARANAY/LI/23/0567,KEG231049,Kegalle,Aranayaka,,Kariyagama,17A,"පිවිතුරු උයන, උස්සාපිටිය",,,,,,,,,,7.211192,80.456376
Other,OTHER,NBRO/LRRMD-KEG/KEG/BULATK/LI/23/0572,KEG231055,Kegalle,Bulathkohupitiya,,Lewala,129A,"ඌරුමීවල වත්ත, ලැවල කොටස, බුලත්කොහුපිටිය",,,,,,,,,,7.10759,80.329724
Other,OTHER,NBRO/LRRMD-KEG/KEG/RUWANW/LI/23/0586,KEG231069,Kegalle,Ruwanwella,,Mahalla,104B,"නවගම්මානය, 1 කණුව, රුවන්වැල්ල",,,,,,,,,,7.0415123,80.2427103
Other,OTHER,NBRO/LRRMD-KEG/KEG/GALIGA/LI/23/0600,KEG231090,Kegalle,Galigamuwa,,Galigamuwa,69B,"කඩිකුඹුර, ගලිගමුව නගරය",,,,,,,,,,7.23588,80.316024
Other,OTHER,NBRO/LRRMD-KEG/KEG/RUWANW/LI/23/0657,KEG231155,Kegalle,Ruwanwella,,Dannoruwa,104C,"69/5, දන්නොරුව, රුවන්වැල්ල",,,,,,,,,,7.074229,80.230146
Other,OTHER,NBRO/LRRMD-KEG/KEG/KEGALL/LI/23/0665,KEG231163,Kegalle,Kegalle,,Hungampola,56C,"ඒ/5282/1, හුංගම්පල, බොරොන්තොට",,,,,,,,,,7.170371,80.363699
Other,OTHER,NBRO/LRRMD-KEG/KEG/GALIGA/LI/23/0690,KEG231206,Kegalle,Galigamuwa,,Kandegedara,75,"ඊ 03, බොකොලමුල්ල, දේවාලේගම.",,,,,,,,,,7.2814,80.341369
Other,OTHER,NBRO/LRRMD-KEG/KEG/ARANAY/LI/23/0719,KEG231236,Kegalle,Aranayaka,,Thalgamuwa,33,"තල්ගමුව පුරාණ විහාරය, තල්ගමුව, දෙවනගල",,,,,,,,,,7.210902,80.471563
Other,OTHER,NBRO/LRRMD-KEG/KEG/MAWANE/LI/23/0819,KEG231336,Kegalle,Mawanella,,Keppetipola,23B,"පල්ලේබැද්දවල සුභ සාධක සමිතිය, කැප්පෙටිපොල",,,,,,,,,,7.2908,80.453
Other,OTHER,NBRO/LRRMD-KEG/KEG/MAWANE/LI/23/0822,KEG231339,Kegalle,Mawanella,,Ganethenna,25A,කඩුගන්නාව කොටසක් නායයෑම,,,,,,,,,,7.252814,80.505823
Other,OTHER,NBRO/LRRMD-KEG/KEG/KEGALL/LI/23/0861,KEG231384,Kegalle,Kegalle,,Meepitiya,51G,"අංක 90/1, නාගොල්ල පාර, කෑගල්ල.",,,,,,,,,,7.256997,80.361291
Other,OTHER,NBRO/LRRMD-KEG/KEG/KEGALL/LI/23/0873,KEG231399,Kegalle,Kegalle,,Meepitiya,51G,"අංක 171/4, පැරකුම්බා මාවත, නාගොල්ල, කෑගල්ල.",,,,,,,,,,7.26024,80.36378
Other,OTHER,NBRO/LRRMD-KEG/KEG/DEHIOV/LI/23/0892,KEG231418,Kegalle,Dehiovita,,Ihala Thaldoowa,118A,පවුල් සෞක්‍ය නිලධාරි කාර්යාලය,,,,,,,,,,6.967695,80.236863
Other,OTHER,NBRO/LRRMD-KEG/KEG/WARAKA/LI/23/0962,KEG231489,Kegalle,Warakapola,,Ambepussa,83A,"259/1, නුවර පාර, අඹේපුස්ස",,,,,,,,,,7.235,80.206166
Other,OTHER,NBRO/LRRMD-KEG/KEG/YATIYN/LI/23/1105,KEG231660,Kegalle,Yatiyanthota,,Yatiyanthota,106,"E 40/1, නෙලුවතුකන්ද, මලල්පොල, යටියන්තොට.",,,,,,,,,,7.024061,80.372202
Other,OTHER,NBRO/LRRMD-KEG/KEG/WARAKA/LI/23/1109,KEG231665,Kegalle,Warakapola,,Thalgahadeniya,95B,සුබෝධා ලමා නිවාසය,,,,,,,,,,7.171292,80.181217
Other,OTHER,NBRO/LRRMD-KEG/KEG/RUWANW/LI/23/1124,KEG231680,Kegalle,Ruwanwella,,Dunumala,99C,"කිතුලංගමුව, දුනුමාල.",,,,,,,,,,7.157638,80.215842
Other,OTHER,NBRO/LRRMD-KEG/KEG/MAWANE/LI/23/1159,KEG231715,Kegalle,Mawanella,,Kekirigoda,28A,"එච් 34, කැකිරිගොඩ, එගොඩහේන, දෙවනගල",,,,,,,,,,7.225569,80.470225
Other,OTHER,NBRO/LRRMD-KEG/KEG/BULATK/LI/23/1207,KEG231765,Kegalle,Bulathkohupitiya,,Udapotha,128E,"ගල්නැල්ල, උඩපොත, බුලත්කොහුපිටිය",,,,,,,,,,7.09982,80.37522
Other,OTHER,NBRO/LRRMD-KEG/KEG/ARANAY/LI/23/1211,KEG231769,Kegalle,Aranayaka,,Deiyanwala,41E,"දෙයියන්වල, අරණායක",,,,,,,,,,7.13123,80.47234
Other,OTHER,NBRO/LRRMD-KEG/KEG/MAWANE/LI/23/1216,KEG231774,Kegalle,Mawanella,,Waduwawala,37A,"කෑ/මාව/වඩුවාවල ක.විද්‍යාලය, වඩුවාවල, හෙට්ටිමුල්ල",,,,,,,,,,7.1867597,80.487472
Other,OTHER,NBRO/LRRMD-KEG/KEG/ARANAY/LI/23/1227,KEG231785,Kegalle,Aranayaka,,Aranayaka,43,"බී 77/1, අරණායක",,,,,,,,,,7.146665,80.4664183
Other,OTHER,NBRO/LRRMD-KEG/KEG/ARANAY/LI/23/1229,KEG231787,Kegalle,Aranayaka,,Aranayaka,43,"බී 77/ඒ, අරණායක",,,,,,,,,,7.147188,80.46601
Other,OTHER,NBRO/LRRMD-KEG/KEG/ARANAY/LI/23/1234,KEG231792,Kegalle,Aranayaka,,Pehinipeddara,45C,"බී 14/3, පැහිණිපැද්දර, අරණායක",,,,,,,,,,7.1934133,80.4612833
Other,OTHER,NBRO/LRRMD-KEG/KEG/ARANAY/LI/23/1240,KEG231798,Kegalle,Aranayaka,,Aranayaka,43,"අංක 34, කාදිලියාවත්ත, අරණායක",,,,,,,,,,7.141671,80.459237
Other,OTHER,NBRO/LRRMD-KEG/KEG/DEHIOV/LI/23/1250,KEG231808,Kegalle,Dehiovita,,Hinguralakanda West,120A,"අංක 39, දීගලවත්ත, හිගුරලකන්ද, දෙහිඕවිට",,,,,,,,,,6.92354,80.279081
Other,OTHER,NBRO/LRRMD-KEG/KEG/KEGALL/LI/23/1251,KEG231809,Kegalle,Kegalle,,Undugoda,56B,"ඊ 185, කහටගහමුල, උදුගොඩ",,,,,,,,,,7.139264,80.366013
Other,OTHER,NBRO/LRRMD-KEG/KEG/ARANAY/LI/23/1254,KEG231812,Kegalle,Aranayaka,,Uduwewela,15A,"කෑ/මාව/ගල් අතර උඩුවේවල ප්‍රාථමික විද්‍යාලය, අරණායක",,,,,,,,,,7.21705,80.415938
Other,OTHER,NBRO/LRRMD-KEG/KEG/KEGALL/LI/24/0038,KEG240057,Kegalle,Kegalle,,Deewela Medagama,16C,"අංක 16, දීවෙලමැදගම, දීවෙල පල්ලේගම.",,,,,,,,,,7.226123,80.382129
Other,OTHER,NBRO/LRRMD-KEG/KEG/MAWANE/LI/24/0067,KEG240102,Kegalle,Mawanella,,Molligoda,25C,"මොල්ලිගොඩ, උඩුමුල්ල.",,,,,,,,,,7.2398,80.4974
Other,OTHER,NBRO/LRRMD-KEG/KEG/WARAKA/LI/24/0072,KEG240116,Kegalle,Warakapola,,Pallepelpita,88C,"තියඹරාහේන, පල්ලෙපැල්පිට, කොටියාකුඹුර.",,,,,,,,,,7.114597,80.2773249
Other,OTHER,NBRO/LRRMD-KEG/KEG/DEHIOV/LI/24/0106,KEG240154,Kegalle,Dehiovita,,Dehiovita,119B,"ඩෙන්ස්වර්ත්, නො 01 ලැයිම.",,,,,,,,,,6.939153,80.279913
Other,OTHER,NBRO/LRRMD-KEG/KEG/KEGALL/LI/24/0118,KEG240197,Kegalle,Kegalle,,Uraulla,52B,"ඌරාඋල්ල, අඹන්පිිටිය, ගලිගමුව නගරය",,,,,,,,,,7.226875,80.329613
Other,OTHER,NBRO/LRRMD-KEG/KEG/WARAKA/LI/24/0122,KEG240204,Kegalle,Warakapola,,Dummaladeniya,94C,දුම්මලදෙණිය. වරකාපොල.,,,,,,,,,,7.22774,80.193475
Other,OTHER,NBRO/LRRMD-KEG/KEG/YATIYN/LI/24/0145,KEG240236,Kegalle,Yatiyanthota,,Weeragalla,135C,"වීරගල්ල, වැලිහෙලතැන්න, යටියන්තොට.",,,,,,,,,,7.018885,80.338096
Other,OTHER,NBRO/LRRMD-KEG/KEG/RUWANW/LI/24/0160,KEG240256,Kegalle,Ruwanwella,,Mapitigama,103B,මාපිටිගම නිල නිවාසය,,,,,,,,,,7.011177,80.20948
Other,OTHER,NBRO/LRRMD-KEG/KEG/BULATK/LI/24/0171,KEG240271,Kegalle,Bulathkohupitiya,,Uduwa,130,"කැකලපන, දේදුගල.",,,,,,,,,,7.105676,80.401939
Other,OTHER,NBRO/LRRMD-KEG/KEG/BULATK/LI/24/0172,KEG240272,Kegalle,Bulathkohupitiya,,Uduwa,130,"බී 75, කැකුලපන, දේදුගල.",,,,,,,,,,7.105676,80.401939
Other,OTHER,NBRO/LRRMD-KEG/KEG/MAWANE/LI/24/0173,KEG240273,Kegalle,Mawanella,,Ihala Kotte,23A,"බී 38/6, ඉහලකෝට්ටේ දුම්රියපොල පාර, ඉහළ කෝට්ටේ, මාකෙහෙල්වල",,,,,,,,,,7.2878,80.47
Other,OTHER,NBRO/LRRMD-KEG/KEG/KEGALL/LI/24/0180,KEG240280,Kegalle,Kegalle,,Ranwala,51A,"රංවල අත්කම් ආයතනය, රංවල.",,,,,,,,,,7.251015,80.33249
Other,OTHER,NBRO/LRRMD-KEG/KEG/MAWANE/LI/24/0181,KEG240281,Kegalle,Mawanella,,Idampitiya,28,"උහංගොඩ, ඉඩම්පිටිය, හිගුල.",,,,,,,,,,7.23444,80.473317
Other,OTHER,NBRO/LRRMD-KEG/KEG/KEGALL/LI/24/0185,KEG240292,Kegalle,Kegalle,,Hettimulla,49,"ජී 5/1, නාරංපිටිය, හෙට්ටිමුල්ල.",,,,,,,,,,7.219646,80.35506
Other,OTHER,NBRO/LRRMD-KEG/KEG/DERANI/LI/24/0203,KEG240340,Kegalle,Deraniyagala,,Nakkavita,112A,යක්ගල්ල වත්ත හෙවත් ජැක්ලින් වත්ත,,,,,,,,,,6.915318,80.35474
Other,OTHER,NBRO/LRRMD-KEG/KEG/GALIGA/LI/24/0208,KEG240348,Kegalle,Galigamuwa,,Aruggammana,62,අරුග්ගම්මන.,,,,,,,,,,7.11221,80.3044
Other,OTHER,NBRO/LRRMD-KEG/KEG/GALIGA/LI/24/0209,KEG240349,Kegalle,Galigamuwa,,Aruggammana,62,අරුග්ගම්මන,,,,,,,,,,7.11223,80.304656
Other,OTHER,NBRO/LRRMD-KEG/KEG/GALIGA/LI/24/0210,KEG240350,Kegalle,Galigamuwa,,Aruggammana,62,අරුග්ගම්මන,,,,,,,,,,7.112616,80.304919
Other,OTHER,NBRO/LRRMD-KEG/KEG/RAMBUK/LI/24/0226,KEG240366,Kegalle,Rambukkana,,Parape South,03F,"බී 91, මීදෙණිය වත්ත, පරපේ, රඹුක්කන.",,,,,,,,,,7.3562,80.40426
Other,OTHER,NBRO/LRRMD-KEG/KEG/ARANAY/LI/24/0232,KEG240382,Kegalle,Aranayaka,,Waharakgoda,17C,"එච් / 69 / 2 / සී , නාගහමුලතැන්න , වහරක්ගොඩ , උස්සාපිටිය.",,,,,,,,,,7.22475,80.44611
Other,OTHER,NBRO/LRRMD-KEG/KEG/ARANAY/LI/24/0272,KEG240476,Kegalle,Aranayaka,,Vilpola,45E,"අංක 920, මාවතගොඩ, අරණායක.",,,,,,,,,,7.1654979,80.4596617
Other,OTHER,NBRO/LRRMD-KEG/KEG/GALIGA/LI/24/0273,KEG240480,Kegalle,Galigamuwa,,Bambaragama,66A,"දේගවත්ත, බඹරගම, හකහින්න",,,,,,,,,,7.021522,80.31258
Other,OTHER,NBRO/LRRMD-KEG/KEG/WARAKA/LI/24/0284,KEG240506,Kegalle,Warakapola,,Mahena,83B,"Kandy Road, Mahena, Warakapola",,,,,,,,,,7.240078,80.213292
Other,OTHER,NBRO/LRRMD-KEG/KEG/BULATK/LI/24/0313,KEG240542,Kegalle,Bulathkohupitiya,,Panapitiya,107D,"ග්‍රාම සංවර්ධන සමිතිය, හපුගම්මන, අම්පාගල",,,,,,,,,,7.067837,80.305018
Other,OTHER,NBRO/LRRMD-KEG/KEG/KEGALL/LI/24/0314,KEG240543,Kegalle,Kegalle,,Makoora,53,අංක 53 මාකූර වසම,,,,,,,,,,7.214945,80.356551
Other,OTHER,NBRO/LRRMD-KEG/KEG/GALIGA/LI/24/0322,KEG240551,Kegalle,Galigamuwa,,Panakawa,74D,පානකාව අංක 02 ජනපදය,,,,,,,,,,7.258392,80.332662
Other,OTHER,NBRO/LRRMD-KEG/KEG/GALIGA/LI/24/0323,KEG240552,Kegalle,Galigamuwa,,Bisowela,69C,ගලිගමුව මධ්‍ය මහා විද්‍යාලය,,,,,,,,,,7.18224,80.302061
Other,OTHER,NBRO/LRRMD-KEG/KEG/GALIGA/LI/24/0324,KEG240553,Kegalle,Galigamuwa,,Bambaragama,66A,කඩිගමුව බඹරගම මාතෘ සායනය,,,,,,,,,,7.2005,80.3137
Other,OTHER,NBRO/LRRMD-KEG/KEG/YATIYN/LI/24/0338,KEG240584,Kegalle,Yatiyanthota,,Kabulumulla,106B,"B 165,කබුළුමුල්ල,යටියන්තොට.",,,,,,,,,,7.0268,80.22619
Other,OTHER,NBRO/LRRMD-KEG/KEG/YATIYN/LI/24/0340,KEG240589,Kegalle,Yatiyanthota,,Mahavila,106C,"B/118, නව ගම්මානය,මහවිල, යටියන්තොට.",,,,,,,,,,7.05057,80.30359
Other,OTHER,NBRO/LRRMD-KEG/KEG/BULATK/LI/24/0348,KEG240607,Kegalle,Bulathkohupitiya,,Kendawa,128A,බෝගල ග්‍රැෆයිට් ලංකා වැඩ භූමිය,,,,,,,,,,7.10734,80.36489
Other,OTHER,NBRO/LRRMD-KEG/KEG/YATIYN/LI/24/0364,KEG240630,Kegalle,Yatiyanthota,,Galpatha,107B,"බෙරවල්දෙණිය, ගල්පාත, රුවන්වැල්ල.",,,,,,,,,,7.05745,80.27192
Other,OTHER,NBRO/LRRMD-KEG/KEG/KEGALL/LI/24/0367,KEG240633,Kegalle,Kegalle,,Kegalle Town,51B,කෑගල්ල මහේස්ත්‍රාත් අධිකරණය,,,,,,,,,,7.253501,80.39921
Other,OTHER,NBRO/LRRMD-KEG/KEG/KEGALL/LI/24/0376,KEG240661,Kegalle,Kegalle,,Golahela,51E,"සහිරා විද්‍යාලය, කෑගල්ල.",,,,,,,,,,7.251467,80.343887
Other,OTHER,NBRO/LRRMD-KEG/KEG/KEGALL/LI/24/0392,KEG240679,Kegalle,Kegalle,,Ewunugalla,49A,"සැනසුම, ඇවුණුගල්ල, හෙට්ටිමුල්ල.",,,,,,,,,,7.218447,80.374016
Other,OTHER,NBRO/LRRMD-KEG/KEG/RUWANW/LI/24/0417,KEG240711,Kegalle,Ruwanwella,,Moraliya,103A,"වැද්දාවල,ගෝණවල",,,,,,,,,,7.016645,80.221605
Other,OTHER,NBRO/LRRMD-KEG/KEG/KEGALL/LI/24/0432,KEG240737,Kegalle,Kegalle,,Kegalle Town,51B,පළාත්බද මහාධිකරණය -කෑගල්ල.,,,,,,,,,,7.254057,80.340245
Other,OTHER,NBRO/LRRMD-KEG/KEG/BULATK/LI/24/0433,KEG240744,Kegalle,Bulathkohupitiya,,Ampagala,107A,"පන්නල කන්ද මාර්ගය, අම්පාගල",,,,,,,,,,7.082036,80.292328
Other,OTHER,NBRO/LRRMD-KEG/KEG/GALIGA/LI/24/0438,KEG240753,Kegalle,Galigamuwa,,Imbulgala,68,"14 A, Imbulgala, Hettimulla",,,,,,,,,,7.214419,80.339265
Other,OTHER,NBRO/LRRMD-KEG/KEG/KEGALL/LI/24/0439,KEG240754,Kegalle,Kegalle,,Pussella,51F,"දංගහදෙණිය, පුස්සැල්ල, කෑගල්ල",,,,,,,,,,7.272368,80.348694
Other,OTHER,NBRO/LRRMD-KEG/KEG/DEHIOV/LI/24/0446,KEG240764,Kegalle,Dehiovita,,Dehiovita,119B,සමන්ගිරිගම,,,,,,,,,,6.967401,80.267714
Other,OTHER,NBRO/LRRMD-KEG/KEG/ARANAY/LI/24/0447,KEG240767,Kegalle,Aranayaka,,Narangammana,45D,"වසත්නගම, ගැවිලිපිටිය, අරණායක.",,,,,,,,,,7.18226,80.448293
Other,OTHER,NBRO/LRRMD-KEG/KEG/DEHIOV/LI/24/0448,KEG240769,Kegalle,Dehiovita,,Dehiovita,119B,සමන්ගිරිගම දෙවන කොටස,,,,,,,,,,6.965555,80.267573
Other,OTHER,NBRO/LRRMD-KEG/KEG/RUWANW/LI/24/0466,KEG240787,Kegalle,Ruwanwella,,Gonagala North,103C,"කෑ/දෙහි/ගෝණගල උතුර කණිෂ්ඨ විද්‍යාලය, රුවන්වැල්ල",,,,,,,,,,7.032805,80.209538
Other,OTHER,NBRO/LRRMD-KEG/KEG/RUWANW/LI/24/0496,KEG240843,Kegalle,Ruwanwella,,Galapitamada,99B,"ඩී 70/1, අගුරුවැල්ල පාර, ගලපිටමඩ",,,,,,,,,,7.136828,80.235146
Other,OTHER,NBRO/LRRMD-KEG/KEG/KEGALL/LI/24/0497,KEG240845,Kegalle,Kegalle,,Meepitiya,51G,White House සංචාරක බංගලාව,,,,,,,,,,7.255524,80.357072
Other,OTHER,NBRO/LRRMD-KEG/KEG/DEHIOV/LI/24/0504,KEG240857,Kegalle,Dehiovita,,Batangala,123,ලලාන් වැවිලි සමාගම,,,,,,,,,,6.92427,80.26828
Other,OTHER,NBRO/LRRMD-KEG/KEG/GALIGA/LI/24/0511,KEG240867,Kegalle,Galigamuwa,,Bambaragama,66A,"කඩිගමුව, පිටගල්දෙණිය",,,,,,,,,,7.19993,80.313876
Other,OTHER,NBRO/LRRMD-KEG/KEG/RAMBUK/LI/24/0512,KEG240868,Kegalle,Rambukkana,,Udugama,04C,"විදුහල්පති, කෑ/මාව උඩුගම බෞද්ධ ප්‍රාථමික විද්‍යාලය",,,,,,,,,,7.33547,80.35661
Other,OTHER,NBRO/LRRMD-KEG/KEG/RUWANW/LI/24/0513,KEG240869,Kegalle,Ruwanwella,,Galapitamada,99B,"ගලපිටමඩ,වළගම්බා මහ විදුහල අසළ පෞද්ගලික ඉඩම",,,,,,,,,,7.141241,80.233794
Other,OTHER,NBRO/LRRMD-KEG/KEG/GALIGA/LI/24/0523,KEG240889,Kegalle,Galigamuwa,,Arandara,64A,"ජී 29/1, හරිගල පාර, අරන්දර",,,,,,,,,,7.189305,80.303231
Other,OTHER,NBRO/LRRMD-KEG/KEG/RUWANW/LI/24/0524,KEG240890,Kegalle,Ruwanwella,,Imbulana,100,"රත්තාගල, ඉඹුලාන ශ්‍රී අභිනවාරාම විහාරස්ථානය",,,,,,,,,,7.082426,80.236906
Other,OTHER,NBRO/LRRMD-KEG/KEG/WARAKA/LI/24/0543,KEG240920,Kegalle,Warakapola,,Morawaka,80,"ඩී 134/1, මොරවක, නෙලුන්දෙණිය",,,,,,,,,,7.233515,80.254597
Other,OTHER,NBRO/LRRMD-KEG/KEG/BULATK/LI/24/0557,KEG240943,Kegalle,Bulathkohupitiya,,Bulathkohupitiya,129B,"පොලිස් ස්ථානය, බුලත්කොහුපිටිය",,,,,,,,,,7.104392,80.336113
Other,OTHER,NBRO/LRRMD-KEG/KEG/DERANI/LI/24/0573,KEG240978,Kegalle,Deraniyagala,,Rasnakkanda,114B,"ලස්සේගම, දැරණියගල",,,,,,,,,,6.916771,80.35831
Other,OTHER,NBRO/LRRMD-KEG/KEG/RUWANW/LI/24/0574,KEG240979,Kegalle,Ruwanwella,,Mahalla,104B,"නො. 601/5, දහම් මාවත, කරවනැල්ල",,,,,,,,,,7.026567,80.261262
Other,OTHER,NBRO/LRRMD-KEG/KEG/WARAKA/LI/24/0577,KEG240990,Kegalle,Warakapola,,Thumbaliyadda,92C,"තුඹලියැද්ද, වරකාපොල",,,,,,,,,,7.210069,80.208469
Other,OTHER,NBRO/LRRMD-KEG/KEG/MAWANE/LI/24/0591,KEG241028,Kegalle,Mawanella,,Werake,34,"ශ්‍රී ජිනේද්‍රාරාම විහාරස්ථානය, අල්පිටිය",,,,,,,,,,7.203204,80.494652
Other,OTHER,NBRO/LRRMD-KEG/KEG/ARANAY/LI/24/0594,KEG241031,Kegalle,Aranayaka,,Narangammana,45D,"ඩී 23, වසන්තගම ජනපදය, අරණායක",,,,,,,,,,7.183922,80.448649
Other,OTHER,NBRO/LRRMD-KEG/KEG/MAWANE/LI/24/0595,KEG241032,Kegalle,Mawanella,,Mawanella,19B,කෑ/මාව/දෙල්ගහගොඩ මු.ක.විද්‍යාලය,,,,,,,,,,7.24369,80.473371
Other,OTHER,NBRO/LRRMD-KEG/KEG/DERANI/LI/24/0597,KEG241040,Kegalle,Deraniyagala,,Panakoora,112D,"හාරදාහ, පනාකූර",,,,,,,,,,6.921917,80.39211
Other,OTHER,NBRO/LRRMD-KEG/KEG/KEGALL/LI/24/0602,KEG241050,Kegalle,Kegalle,,Eregama,57A,"ඊ 55, කිරිදාන කොලණිය, ඉල්වාන, බොස්සැල්ල",,,,,,,,,,7.151992,80.391988
Other,OTHER,NBRO/LRRMD-KEG/KEG/DERANI/LI/24/0607,KEG241076,Kegalle,Deraniyagala,,Rasnakkanda,114B,"බුලත්වත්ත, දැරණියගල",,,,,,,,,,6.921687,80.318489
Other,OTHER,NBRO/LRRMD-KEG/KEG/DEHIOV/LI/24/0613,KEG241094,Kegalle,Dehiovita,,Dehiovita,119B,"අංක 305/6, ඊරියගොල්ල, පිරිවෙන පාර, දෙහිඕවිට",,,,,,,,,,6.97824,80.263425
Other,OTHER,NBRO/LRRMD-KEG/KEG/DEHIOV/LI/24/0633,KEG241124,Kegalle,Dehiovita,,Elavulla,121B,"එලවුල්ල, පරකඩුව",,,,,,,,,,6.841628,80.3376033
Other,OTHER,NBRO/LRRMD-KEG/KEG/DEHIOV/LI/24/0634,KEG241125,Kegalle,Dehiovita,,Imbulpitiya,121,"කුඩා ගම්මානය, ඉඹුල්පිටිය, ගොඩගම්පල",,,,,,,,,,6.876268,80.33755
Other,OTHER,NBRO/LRRMD-KEG/KEG/DEHIOV/LI/24/0635,KEG241126,Kegalle,Dehiovita,,Batangala,123,මුරුත්තෙට්ටුව කණිෂ්ඨ විද්‍යාලය,,,,,,,,,,6.948916,80.269194
Other,OTHER,NBRO/LRRMD-KEG/KEG/WARAKA/LI/24/0636,KEG241127,Kegalle,Warakapola,,Mangedara,82,"එෆ් 88/3/1, කපුහේන, මංගෙදර, තුල්හිරිය",,,,,,,,,,7.257319,80.218644
Other,OTHER,NBRO/LRRMD-KEG/KEG/WARAKA/LI/24/0638,KEG241129,Kegalle,Warakapola,,Penihela,96C,"පැණිහෙල, අල්ගම",,,,,,,,,,7.17381,80.1609733
Other,OTHER,NBRO/LRRMD-KEG/KEG/MAWANE/LI/24/0644,KEG241145,Kegalle,Mawanella,,Idampitiya,28,"ඒ 21/3, දෙල්ගහගොඩ, හිගුල",,,,,,,,,,7.24369,80.473371
Other,OTHER,NBRO/LRRMD-KEG/KEG/ARANAY/LI/24/0657,KEG241162,Kegalle,Aranayaka,,Gevilipitiya Town,45B,"ගැවිලිපිටිය ගල්වල ඉඩම, ගැවිලිපිටිය, අරණායක",,,,,,,,,,7.182902,80.453135
Other,OTHER,NBRO/LRRMD-KEG/KEG/ARANAY/LI/24/0658,KEG241163,Kegalle,Aranayaka,,Gevilipitiya Town,45B,"ගැවිලිපිටිය ගල්වල ඉඩම, ගැවිලිපිටිය, අරණායක",,,,,,,,,,7.182931,80.453231
Other,OTHER,NBRO/LRRMD-KEG/KEG/WARAKA/LI/24/0662,KEG241176,Kegalle,Warakapola,,Menikkadawara,86,"ගල්ලිදවත්ත, මැණික්කඩවර, තුංතොට",,,,,,,,,,7.18599,80.25575
Other,OTHER,NBRO/LRRMD-KEG/KEG/WARAKA/LI/24/0664,KEG241178,Kegalle,Warakapola,,Dorawaka Pallebage,91B,"අංක 437/3, නාරංගහහේන කන්ද, දොරවක, වරකාපොල",,,,,,,,,,7.18334,80.21745
Other,OTHER,NBRO/LRRMD-KEG/KEG/WARAKA/LI/24/0666,KEG241180,Kegalle,Warakapola,,Yaddehimulla,91D,"යද්දෙහිමුල්ල, වරකාපොල",,,,,,,,,,7.1928,80.2281
Other,OTHER,NBRO/LRRMD-KEG/KEG/WARAKA/LI/24/0667,KEG241181,Kegalle,Warakapola,,Maha Pallegama,87,"ශ්‍රී විශුද්ධාරාම විහාරස්ථානය, මහපල්ලේගම",,,,,,,,,,7.16899,80.2592
Other,OTHER,NBRO/LRRMD-KEG/KEG/KEGALL/LI/24/0681,KEG241219,Kegalle,Kegalle,,Higgoda,59A,"ජී 59/2, වහදිවෙල, ගංතුන",,,,,,,,,,7.1482995,80.3859
Other,OTHER,NBRO/LRRMD-KEG/KEG/ARANAY/LI/24/0683,KEG241223,Kegalle,Aranayaka,,Gal Athara,15C,"කෑ/මාව/ගල්අතර උඩුවේවල මහා විද්‍යාලය, අරණායක",,,,,,,,,,7.2169075,80.417879
Other,OTHER,NBRO/LRRMD-KEG/KEG/KEGALL/LI/24/0685,KEG241236,Kegalle,Kegalle,,Wathura,54A,"අංක 177, නදුන් සෙවණ, පන්සල් හන්දිය, වතුර, කෑගල්ල",,,,,,,,,,7.189627,80.376914
Other,OTHER,NBRO/LRRMD-KEG/KEG/WARAKA/LI/24/0686,KEG241237,Kegalle,Warakapola,,Othnapitiya,84A,"සාරිපුත්ත ආදර්ශ ප්‍රාථමික විද්‍යාලය, වාරියගොඩ, අලව්ව",,,,,,,,,,7.287904,80.236502
Other,OTHER,NBRO/LRRMD-KEG/KEG/ARANAY/LI/24/0687,KEG241245,Kegalle,Aranayaka,,Habalakkawa,44A,අත්තනදෙණිය කිරිහාමිගේ වත්ත,,,,,,,,,,7.179833,80.472502
Other,OTHER,NBRO/LRRMD-KEG/KEG/ARANAY/LI/24/0688,KEG241246,Kegalle,Aranayaka,,Narangala,58F,"අංක 725/20/9, බැලුන්ගල, නාරංගල, අරණායක",,,,,,,,,,7.14248,80.44111
Other,OTHER,NBRO/LRRMD-KEG/KEG/ARANAY/LI/24/0694,KEG241252,Kegalle,Aranayaka,,Kehelwatta,48,"ඩී 74/1, කෙහෙල්වත්ත, අරණායක",,,,,,,,,,7.176452,80.3814801
Other,OTHER,NBRO/LRRMD-KEG/KEG/ARANAY/LI/24/0698,KEG241256,Kegalle,Aranayaka,,Gammannagoda,17D,"ඒ 50/10, ගම්මන්නාගොඩ, උස්සාපිටිය",,,,,,,,,,7.2114,80.438821
Other,OTHER,NBRO/LRRMD-KEG/KEG/ARANAY/LI/24/0702,KEG241260,Kegalle,Aranayaka,,Elangipitiya,47F,"ශ්‍රී ධම්මානන්ද සුචරිත දහම් පාසල, එළගපිටිය",,,,,,,,,,7.16267,80.436336
Other,OTHER,NBRO/LRRMD-KEG/KEG/ARANAY/LI/24/0718,KEG241279,Kegalle,Aranayaka,,Rahala,41B,"ඒ 66/2, රහල නැගෙනහිර",,,,,,,,,,7.1408835,80.490821
Other,OTHER,NBRO/LRRMD-KEG/KEG/ARANAY/LI/24/0724,KEG241285,Kegalle,Aranayaka,,Rahala,41B,"එන් 28/1, රහල නැගෙනහිර",,,,,,,,,,7.1460119,80.493343
Other,OTHER,NBRO/LRRMD-KEG/KEG/ARANAY/LI/24/0725,KEG241286,Kegalle,Aranayaka,,Rahala,41B,"ඒ 66/1, රහල නැගෙනහිර",,,,,,,,,,7.1410078,80.490816
Other,OTHER,NBRO/LRRMD-KEG/KEG/ARANAY/LI/24/0729,KEG241290,Kegalle,Aranayaka,,Debathgama Udabage,47B,"බී 92/3, බෝ සෙවණ, දෙබත්ගම, කෑගල්ල",,,,,,,,,,7.171826,80.41926
Other,OTHER,NBRO/LRRMD-KEG/KEG/BULATK/LI/24/0736,KEG241297,Kegalle,Bulathkohupitiya,,Panapitiya,107D,"නො 61, කුලසිරිගම, පනාපිටිය, අම්පාගල",,,,,,,,,,7.081855,80.305137
Other,OTHER,NBRO/LRRMD-KEG/KEG/BULATK/LI/24/0737,KEG241298,Kegalle,Bulathkohupitiya,,Uduwa,130,"ඉහළ උඩුව, කැකලපන, දේදුගල",,,,,,,,,,7.106364,80.403121
Other,OTHER,NBRO/LRRMD-KEG/KEG/DEHIOV/LI/24/0748,KEG241309,Kegalle,Dehiovita,,Boralankada,115B,"එෆ් 5/7, බොරලංකඩ, දෙහිඕවිට",,,,,,,,,,6.972063,80.337704
Other,OTHER,NBRO/LRRMD-KEG/KEG/ARANAY/LI/24/0811,KEG241374,Kegalle,Aranayaka,,Vilpola,45E,"අංක 24/4, විල්පොල, අරණායක",,,,,,,,,,7.17334,80.45212
Other,OTHER,NBRO/LRRMD-KEG/KEG/BULATK/LI/24/0819,KEG241385,Kegalle,Bulathkohupitiya,,Alawathura,61A,"සී 60/2, කෑගල්ල පාර, අලවතුර",,,,,,,,,,7.13223,80.324141
Other,OTHER,NBRO/LRRMD-KEG/KEG/BULATK/LI/24/0820,KEG241386,Kegalle,Bulathkohupitiya,,Dedugala,131C,"කැල්වින් සී, දේදුගල",,,,,,,,,,7.088777,80.428839
Other,OTHER,NBRO/LRRMD-KEG/KEG/DEHIOV/LI/24/0839,KEG241416,Kegalle,Dehiovita,,Dehiovita,119B,"දීගල හන්දිය, දෙල්ඔළුව, දෙහිඕවිට",,,,,,,,,,6.966184,80.2944724
Other,OTHER,NBRO/LRRMD-KEG/KEG/GALIGA/LI/24/0866,KEG241473,Kegalle,Galigamuwa,,Makuddala,73,"සී 02, කෝන්ගස්තැන්න, පල්ලවෛල, හැලමඩ",,,,,,,,,,7.29565,80.28391
Other,OTHER,NBRO/LRRMD-KEG/KEG/ARANAY/LI/24/0890,KEG241504,Kegalle,Aranayaka,,Keerapana,42C,"දිය දහරා නිවස, දෙමළහීරිය, අරණායක",,,,,,,,,,7.171424,80.459979
Other,OTHER,NBRO/LRRMD-KEG/KEG/KEGALL/LI/24/0905,KEG241519,Kegalle,Kegalle,,Paragammana,53E,"එෆ් 164, වේරකාව, ඇකිරියගල පාර, කෑගල්ල",,,,,,,,,,7.2349373,80.3538259
Other,OTHER,NBRO/LRRMD-KEG/KEG/ARANAY/LI/24/0940,KEG241558,Kegalle,Aranayaka,,Podape,43D,"ඩී 59/1, පෝඩාපේ, අරණායක",,,,,,,,,,7.137191,80.462185
Other,OTHER,NBRO/LRRMD-KEG/KEG/ARANAY/LI/24/0942,KEG241560,Kegalle,Aranayaka,,Podape,43D,අරණායක - වෙලන්ගහවත්ත මාර්ගය,,,,,,,,,,7.139822,80.466687
Other,OTHER,NBRO/LRRMD-KEG/KEG/ARANAY/LI/24/0945,KEG241563,Kegalle,Aranayaka,,Podape,43D,"කූරඹදෙණිය, හොරේවල, අරණායක",,,,,,,,,,7.14467,80.46484
Other,OTHER,NBRO/LRRMD-KEG/KEG/ARANAY/LI/24/0993,KEG241612,Kegalle,Aranayaka,,Selawa West,41C,"එෆ් 150/ඒ, සැලව බටහිර, හෙම්මාතගම",,,,,,,,,,7.1466752,80.498184
Other,OTHER,NBRO/LRRMD-KEG/KEG/RAMBUK/LI/24/0998,KEG241617,Kegalle,Rambukkana,,Waragoda,13F,"ජේ 07, වරාගොඩ, මොලගොඩ, කෑගල්ල",,,,,,,,,,7.252968,80.402407
Other,OTHER,NBRO/LRRMD-KEG/KEG/RAMBUK/LI/24/0999,KEG241618,Kegalle,Rambukkana,,Waragoda,13F,"ජේ 36/4, වරාගොඩ, මොළගොඩ, කෑගල්ල",,,,,,,,,,7.252628,80.401856
Other,OTHER,NBRO/LRRMD-KEG/KEG/KEGALL/LI/24/1006,KEG241630,Kegalle,Kegalle,,Karandupotha,14,"කොත්තන්නාගොඩ, කරඩුපන, කෑගල්ල",,,,,,,,,,7.248414,80.37493
Other,OTHER,NBRO/LRRMD-KEG/KEG/RAMBUK/LI/24/1009,KEG241637,Kegalle,Rambukkana,,Kadigamuwa,21,"වඩුවාවත්ත, පිටවල පාර, කඩිගමුව, පත්තම්පිටිය",,,,,,,,,,7.3218983,80.4260917
Other,OTHER,NBRO/LRRMD-KEG/KEG/RAMBUK/LI/24/1013,KEG241641,Kegalle,Rambukkana,,Kadigamuwa,21,"පිටවල පාර, කඩිගමුව, පත්තම්පිටිය",,,,,,,,,,7.319206,80.424362
Other,OTHER,NBRO/LRRMD-KEG/KEG/RAMBUK/LI/24/1024,KEG241652,Kegalle,Rambukkana,,Waragoda,13F,"ජේ 23, වරාගොඩ, මොළගොඩ, කෑගල්ල",,,,,,,,,,7.252578,80.402172
Other,OTHER,NBRO/LRRMD-KEG/KEG/RAMBUK/LI/24/1025,KEG241653,Kegalle,Rambukkana,,Waragoda,13F,"ජේ 69/2, වරාගොඩ, මොළගොඩ, කෑගල්ල",,,,,,,,,,7.253146,80.402457
Other,OTHER,NBRO/LRRMD-KEG/KEG/YATIYN/LI/24/1047,KEG241676,Kegalle,Yatiyanthota,,Mahavila,106C,"නො.109/3, නවගම්මානය, මහවිල, යටියන්තොට",,,,,,,,,,7.0496745,80.3036018
Other,OTHER,NBRO/LRRMD-KEG/KEG/YATIYN/LI/24/1055,KEG241684,Kegalle,Yatiyanthota,,Yatiyanthota,106,"ශ්‍රී නන්දාරාමය, යටියන්තොට",,,,,,,,,,7.037852,80.29552
Other,OTHER,NBRO/LRRMD-KEG/KEG/ARANAY/LI/24/1062,KEG241692,Kegalle,Aranayaka,,Getaberi Kanda,43B,"වැලිමන්න, අරණායක",,,,,,,,,,7.15906,80.45813
Other,OTHER,NBRO/LRRMD-KEG/KEG/ARANAY/LI/24/1064,KEG241694,Kegalle,Aranayaka,,Ruwandeniya,33C,"චීන මිත්‍රත්ව ගම්මානය, ගොඩනැගිලි අංක 01, රුවන්දෙණිය",,,,,,,,,,7.220148,80.455357
Other,OTHER,NBRO/LRRMD-KEG/KEG/ARANAY/LI/24/1065,KEG241695,Kegalle,Aranayaka,,Ruwandeniya,33C,"චීන මිත්‍රත්ව ගම්මානය, ගොඩනැගිලි අංක 02, රුවන්දෙණිය",,,,,,,,,,7.220148,80.455357
Other,OTHER,NBRO/LRRMD-KEG/KEG/ARANAY/LI/24/1066,KEG241696,Kegalle,Aranayaka,,Ruwandeniya,33C,"චීන මිත්‍රත්ව ගම්මානය, ගොඩනැගිලි අංක 03, රුවන්දෙණිය",,,,,,,,,,7.219845,80.455357
Other,OTHER,NBRO/LRRMD-KEG/KEG/ARANAY/LI/24/1067,KEG241697,Kegalle,Aranayaka,,Ruwandeniya,33C,"චීන මිත්‍රත්ව ගම්මානය, ගොඩනැගිලි අංක 04, රුවන්දෙණිය",,,,,,,,,,7.219717,80.455711
Other,OTHER,NBRO/LRRMD-KEG/KEG/ARANAY/LI/24/1068,KEG241698,Kegalle,Aranayaka,,Ruwandeniya,33C,"චීන මිත්‍රත්ව ගම්මානය, ගොඩනැගිලි අංක 05, රුවන්දෙණිය",,,,,,,,,,7.220299,80.455177
Other,OTHER,NBRO/LRRMD-KEG/KEG/ARANAY/LI/24/1069,KEG241699,Kegalle,Aranayaka,,Ruwandeniya,33C,"චීන මිත්‍රත්ව ගම්මානය, ගොඩනැගිලි අංක 06, රුවන්දෙණිය",,,,,,,,,,7.2200317,80.455174
Other,OTHER,NBRO/LRRMD-KEG/KEG/ARANAY/LI/24/1070,KEG241700,Kegalle,Aranayaka,,Ruwandeniya,33C,"චීන මිත්‍රත්ව ගම්මානය, ගොඩනැගිලි අංක 07, රුවන්දෙණිය",,,,,,,,,,7.2197311,80.455399
Other,OTHER,NBRO/LRRMD-KEG/KEG/ARANAY/LI/24/1071,KEG241701,Kegalle,Aranayaka,,Ruwandeniya,33C,"චීන මිත්‍රත්ව ගම්මානය, ගොඩනැගිලි අංක 08, රුවන්දෙණිය",,,,,,,,,,7.2196368,80.455586
Other,OTHER,NBRO/LRRMD-KEG/KEG/ARANAY/LI/24/1072,KEG241702,Kegalle,Aranayaka,,Ruwandeniya,33C,"චීන මිත්‍රත්න ගම්මානය, ගොඩනැගිලි අංක 09, රුවන්දෙණිය",,,,,,,,,,7.2197311,80.455399
Other,OTHER,NBRO/LRRMD-KEG/KEG/ARANAY/LI/24/1073,KEG241703,Kegalle,Aranayaka,,Ruwandeniya,33C,"චීන මිත්‍රත්ව ගම්මානය, ගොඩනැගිලි අංක 10, රුවන්දෙණිය",,,,,,,,,,7.219532,80.455447
Other,OTHER,NBRO/LRRMD-KEG/KEG/ARANAY/LI/24/1074,KEG241704,Kegalle,Aranayaka,,Ruwandeniya,33C,"චීන මිත්‍රත්ව ගම්මානය, ගොඩනැගිලි අංක 11, රුවන්දෙණිය",,,,,,,,,,7.219893,80.454979
Other,OTHER,NBRO/LRRMD-KEG/KEG/ARANAY/LI/24/1075,KEG241705,Kegalle,Aranayaka,,Ruwandeniya,33C,"චීන මිත්‍රත්ව ගම්මානය, ගොඩනැගිලි අංක 12, රුවන්දෙණිය",,,,,,,,,,7.219607,80.4551953
Other,OTHER,NBRO/LRRMD-KEG/KEG/ARANAY/LI/24/1076,KEG241706,Kegalle,Aranayaka,,Ruwandeniya,33C,"චීන මිත්‍රත්ව ගම්මානය,  ගොඩනැගිලි අංක 13, රුවන්දෙණිය",,,,,,,,,,7.219458,80.45531
Other,OTHER,NBRO/LRRMD-KEG/KEG/ARANAY/LI/24/1077,KEG241707,Kegalle,Aranayaka,,Ruwandeniya,33C,"චීන මිත්‍රත්ව ගම්මානය, ගොඩනැගිලි අංක 14, රුවන්දෙණිය",,,,,,,,,,7.21952,80.455041
Other,OTHER,NBRO/LRRMD-KEG/KEG/ARANAY/LI/24/1078,KEG241708,Kegalle,Aranayaka,,Ruwandeniya,33C,"චීන මිත්‍රත්ව ගම්මානය, ගොඩනැගිලි අංක 15, රුවන්දෙණිය",,,,,,,,,,7.219379,80.455122
Other,OTHER,NBRO/LRRMD-KEG/KEG/RUWANW/LI/24/1114,KEG241789,Kegalle,Ruwanwella,,Nivunhella,100A,"සී 163/1, නිවුන්හැල්ල, ඉඹුලාන",,,,,,,,,,7.0832158,80.2466307
Other,OTHER,NBRO/LRRMD-KEG/KEG/RUWANW/LI/24/1116,KEG241791,Kegalle,Ruwanwella,,Gonaramba,109A,"ඩී 121/2, බඩගැටවල ජනපදය, ගෝණාරඹ, අම්පාගල",,,,,,,,,,7.0689431,80.2724091
Other,OTHER,NBRO/LRRMD-KEG/KEG/WARAKA/LI/24/1125,KEG241800,Kegalle,Warakapola,,Weragoda,93,"හල්ලව ජනපදය, නියදුරුපොල",,,,,,,,,,7.1322398,80.2698332
Other,OTHER,NBRO/LRRMD-KEG/KEG/WARAKA/LI/24/1126,KEG241801,Kegalle,Warakapola,,Delgamuwa,83D,"අංක 1/12/බී, දෙල්ගමුව, තෝලංගමුව",,,,,,,,,,7.2244158,80.221232
Other,OTHER,NBRO/LRRMD-KEG/KEG/ARANAY/LI/24/1147,KEG241822,Kegalle,Aranayaka,,Ganthuna Udagama,58B,"හදබිම, උඩගම, ගංතුන",,,,,,,,,,7.130085,80.423456
Other,OTHER,NBRO/LRRMD-KEG/KEG/ARANAY/LI/24/1149,KEG241824,Kegalle,Aranayaka,,Ganthuna Udagama,58B,"සී 105, ගල්පොත්තේ ගෙදර, උඩගම, ගංතුන",,,,,,,,,,7.134178,80.418955
Other,OTHER,NBRO/LRRMD-KEG/KEG/RAMBUK/LI/24/1211,KEG241886,Kegalle,Rambukkana,,Kadigamuwa,21,"අංක 445/1, කඩිගමුව, පත්තම්පිටිය",,,,,,,,,,7.3549219,80.420119
Other,OTHER,NBRO/LRRMD-KEG/KEG/ARANAY/LI/24/1212,KEG241887,Kegalle,Aranayaka,,Galbokka,43C,"අංක 27, ගල්බොක්ක, අරණායක",,,,,,,,,,7.1655083,80.446328
Other,OTHER,NBRO/LRRMD-KEG/KEG/MAWANE/LI/25/0003,KEG250013,Kegalle,Mawanella,,Habbunkaduwa,19D,"කොළඹ පාර, අන්වාරම, මාවනැල්ල",,,,,,,,,,7.252032,80.43418
Other,OTHER,NBRO/LRRMD-KEG/KEG/DEHIOV/LI/25/0010,KEG250035,Kegalle,Dehiovita,,Algoda,119,"ඩෙන්ස්වර්ත්වත්ත, දෙහිඕවිට",,,,,,,,,,6.94519,80.27905
Other,OTHER,NBRO/LRRMD-KEG/KEG/YATIYN/LI/25/0011,KEG250044,Kegalle,Yatiyanthota,,Kabulumulla,106B,"සංස්කෘතික මධ්‍යස්ථාන ගොඩනැගිල්ල, කබුළුමුල්ල, යටියන්තොට",,,,,,,,,,7.026997,80.275252
Other,OTHER,NBRO/LRRMD-KEG/KEG/BULATK/LI/25/0012,KEG250045,Kegalle,Bulathkohupitiya,,Pelempitiya,131B,"බී 55/4, ඉහළ පැලැම්පිටිය, බෙරන්නාව",,,,,,,,,,7.085335,80.424916
Other,OTHER,NBRO/LRRMD-KEG/KEG/BULATK/LI/25/0016,KEG250049,Kegalle,Bulathkohupitiya,,Pelempitiya,131B,"පැලැම්පිටිය, බෙරන්නාව",,,,,,,,,,7.086076,80.423929
Other,OTHER,NBRO/LRRMD-KEG/KEG/WARAKA/LI/25/0025,KEG250128,Kegalle,Warakapola,,Mampita,80A,"ඉහළගම, නෙළුන්දෙණිය",,,,,,,,,,7.2296712,80.2820084
Other,OTHER,NBRO/LRRMD-KEG/KEG/WARAKA/LI/25/0026,KEG250129,Kegalle,Warakapola,,Ragalkanda,78,"අයි 48, මෙනේරිහේන, රබ්බීඩිගල, ගලපිටමඩ",,,,,,,,,,7.148894,80.234593
Other,OTHER,NBRO/LRRMD-KEG/KEG/RUWANW/LI/25/0028,KEG250141,Kegalle,Ruwanwella,,Lewangama South,99A,"අංක 19, ලෙවන්ගම, රුවන්වැල්ල",,,,,,,,,,7.095505,80.2479572
Other,OTHER,NBRO/LRRMD-KEG/KEG/ARANAY/LI/25/0029,KEG250142,Kegalle,Aranayaka,,Kalugala,47D,"සී 38, කළුගල, බොස්සැල්ල",,,,,,,,,,7.17078,80.42105
Other,OTHER,NBRO/LRRMD-KEG/KEG/WARAKA/LI/25/0047,KEG250190,Kegalle,Warakapola,,Warakapola,92A,"එච්/38/4, වෙන්දේසි ඉඩම, වරකාපොල",,,,,,,,,,7.226165,80.2050161
Other,OTHER,NBRO/LRRMD-KEG/KEG/KEGALL/LI/25/0053,KEG250218,Kegalle,Kegalle,,Bossella,57B,"නිල්මිණිගම ජනපදය, බොස්සැල්ල",,,,,,,,,,7.144335,80.399707
Other,OTHER,NBRO/LRRMD-KEG/KEG/YATIYN/LI/25/0054,KEG250237,Kegalle,Yatiyanthota,,Polpitiya,135B,පොල්පිටිය පන්සල අසළ ඉඩම,,,,,,,,,,7.035159,80.358788
Other,OTHER,NBRO/LRRMD-KEG/KEG/RAMBUK/LI/25/0068,KEG250255,Kegalle,Rambukkana,,Hewadiwela,03D,"කොළොන්ගොල්ල, පිටවෙල, හේවාදිවෙල",,,,,,,,,,7.3677441,80.3778323
Other,OTHER,NBRO/LRRMD-KEG/KEG/ARANAY/LI/25/0072,KEG250259,Kegalle,Aranayaka,,Pehinipeddara,45C,"බී 98, පැහිණිපැද්දර, අරණායක",,,,,,,,,,7.189451,80.464012
Other,OTHER,NBRO/LRRMD-KEG/KEG/ARANAY/LI/25/0073,KEG250260,Kegalle,Aranayaka,,Ganthuna Udagama,58B,"වේල්ලේවල, උඩගම, ගංතුන",,,,,,,,,,7.133767,80.424726
Other,OTHER,NBRO/LRRMD-KEG/KEG/MAWANE/LI/25/0085,KEG250272,Kegalle,Mawanella,,Ambalawa,40C,අම්බුලුවාවවත්ත නමැති ඉඩම,,,,,,,,,,7.169155,80.543579
Other,OTHER,NBRO/LRRMD-KEG/KEG/RUWANW/LI/25/0095,KEG250282,Kegalle,Ruwanwella,,Batuvita,102E,"පහල කන්ද, බටුවිට, රුවන්වැල්ල",,,,,,,,,,7.052717,80.174965
Other,OTHER,NBRO/LRRMD-KEG/KEG/DERANI/LI/25/0103,KEG250290,Kegalle,Deraniyagala,,Deraniyagala,114,"ප්‍රාදේශීය ලේකම් නිල නිවාසය, දැරණියගල",,,,,,,,,,6.934603,80.335814
Other,OTHER,NBRO/LRRMD-KEG/KEG/RUWANW/LI/25/0106,KEG250293,Kegalle,Ruwanwella,,Gonagala North,103C,"ඊ 289, පාමන්කඩ, වහකුල, රුවන්වැල්ල",,,,,,,,,,7.029091,80.219609
Other,OTHER,NBRO/LRRMD-KEG/KEG/RUWANW/LI/25/0116,KEG250317,Kegalle,Ruwanwella,,Amithirigala South,102A,නාරත්තලවත්ත කොටස,,,,,,,,,,7.035072,80.194865
Other,OTHER,NBRO/LRRMD-KEG/KEG/ARANAY/LI/25/0124,KEG250334,Kegalle,Aranayaka,,Aranayaka,43,"ප්‍රාදේශීය ලේකම් කාර්යාලය, අරණායක",,,,,,,,,,7.178904,80.455503
Other,OTHER,NBRO/LRRMD-KEG/KEG/ARANAY/LI/25/0125,KEG250335,Kegalle,Aranayaka,,Narangammana,45D,"සෙනෙහෙ සියපත ගම්මානය, ගැවිලිපටිය, අරණායක",,,,,,,,,,7.1835981,80.448141
Other,OTHER,NBRO/LRRMD-KEG/KEG/DERANI/LI/25/0127,KEG250337,Kegalle,Deraniyagala,,Wattegedara,114D,වත්තේගොඩ මාර්ගය,,,,,,,,,,6.890996,80.445649
Other,OTHER,NBRO/LRRMD-KEG/KEG/GALIGA/LI/25/0158,KEG250455,Kegalle,Galigamuwa,,Weragoda,73A,"පන්නල්වත්ත, වේරගොඩ, බෙලිගල",,,,,,,,,,7.277529,80.293534
Other,OTHER,NBRO/LRRMD-KEG/KEG/RUWANW/LI/25/0166,KEG250467,Kegalle,Ruwanwella,,Doranuwa,105B,"ඩී 59/1, දෙනිපල්ල, දන්නෝරුව, රුවන්වැල්ල",,,,,,,,,,7.074911,80.234896
Other,OTHER,NBRO/LRRMD-KEG/KEG/DERANI/LI/25/0176,KEG250477,Kegalle,Deraniyagala,,Deraniyagala,114,"පල්ලිය පාර, දැරණියගල",,,,,,,,,,6.929981,80.339224
Other,OTHER,NBRO/LRRMD-KEG/KEG/WARAKA/LI/25/0180,KEG250497,Kegalle,Warakapola,,Hallawa,93A,"වඩුකන්ද, බෙලිගල",,,,,,,,,,7.270677,80.283778
Other,OTHER,NBRO/LRRMD-KEG/KEG/WARAKA/LI/25/0182,KEG250499,Kegalle,Warakapola,,Elamaldeniya,88B,"බටකොළණිය, මල්මඩුව",,,,,,,,,,7.147057,80.276292
Other,OTHER,NBRO/LRRMD-KEG/KEG/WARAKA/LI/25/0183,KEG250500,Kegalle,Warakapola,,Elamaldeniya,88B,"බටකොළණිය, මල්මඩුව",,,,,,,,,,7.147416,80.27594
Other,OTHER,NBRO/LRRMD-KEG/KEG/ARANAY/LI/25/0184,KEG250517,Kegalle,Aranayaka,,Vilpola,45E,"විල්පොල, අරණායක",,,,,,,,,,7.1654979,80.4596617
Other,OTHER,NBRO/LRRMD-KEG/KEG/ARANAY/LI/25/0186,KEG250519,Kegalle,Aranayaka,,Kalugala,47D,කලුගල - එරබදුපිටිය මාර් ගය,,,,,,,,,,7.1544538,80.4172633
Other,OTHER,NBRO/LRRMD-KEG/KEG/KEGALL/LI/25/0191,KEG250552,Kegalle,Kegalle,,Dikkohupitiya,50B,"බී 308, දික්කොහුපිටිය, හෙට්ටිමුල්ල",,,,,,,,,,7.226518,80.3611201
Other,OTHER,NBRO/LRRMD-KEG/KEG/KEGALL/LI/25/0195,KEG250558,Kegalle,Kegalle,,Bulugahadeniya,55A,"සී 30/2, හල්ඔළුව, හෙටිටිමුල්ල",,,,,,,,,,7.2012477,80.3405439
Other,OTHER,NBRO/LRRMD-KEG/KEG/WARAKA/LI/25/0204,KEG250583,Kegalle,Warakapola,,Warakapola,92A,"කෘෂිකර්ම අධ්‍යක්ෂ කාර්යාලය, වරකාපොල",,,,,,,,,,7.2378632,80.2125925
Other,OTHER,NBRO/LRRMD-KEG/KEG/RUWANW/LI/25/0205,KEG250584,Kegalle,Ruwanwella,,Galapitamada,99B,"අංක 43/බී, අගුරුවැල්ල පාර, ගලපිටමඩ",,,,,,,,,,7.1380183,80.2351983
Other,OTHER,NBRO/LRRMD-KEG/KEG/RUWANW/LI/25/0206,KEG250585,Kegalle,Ruwanwella,,Dannoruwa,104C,"ඉහළපුරණ, දන්නෝරුව, කන්නන්තොට",,,,,,,,,,7.0688349,80.232071
Other,OTHER,NBRO/LRRMD-KEG/KEG/DERANI/LI/25/0218,KEG250601,Kegalle,Deraniyagala,,Magala,113,දීප්ති දිවා සුරැකුම් මධ්‍යස්ථානය,,,,,,,,,,6.875378,80.410089
Other,OTHER,NBRO/LRRMD-KEG/KEG/MAWANE/LI/25/0219,KEG250602,Kegalle,Mawanella,,Eraminigammana,36,-,,,,,,,,,,7.165943,80.498912
Other,OTHER,NBRO/LRRMD-KEG/KEG/KEGALL/LI/25/0222,KEG250611,Kegalle,Kegalle,,Kegalle Town,51B,"රෙජිස්ට්‍රාර්, මහාධිකරණය, කෑගල්ල",,,,,,,,,,7.2542041,80.3403659
Other,OTHER,NBRO/LRRMD-KEG/KEG/ARANAY/LI/25/0227,KEG250616,Kegalle,Aranayaka,,Getaberi Kanda,43B,"එෆ් 130/3, වැලිමන්න, අරණායක",,,,,,,,,,7.156068,80.45692
Other,OTHER,NBRO/LRRMD-KEG/KEG/RUWANW/LI/25/0229,KEG250639,Kegalle,Ruwanwella,,Mahakanda,98B,බස්නාගොඩ ජලාශ ව්‍යාපෘතිය,,,,,,,,,,7.099246,80.187375
Other,OTHER,NBRO/LRRMD-KEG/KEG/YATIYN/LI/25/0233,KEG250654,Kegalle,Yatiyanthota,,Amanawala,131A,අමනාවල - දොඹේපොල මාර්ගය,,,,,,,,,,7.070237,80.382112
Other,OTHER,NBRO/LRRMD-KEG/KEG/KEGALL/LI/25/0238,KEG250675,Kegalle,Kegalle,,Kegalle Town,51B,"මහේස්ත්‍රාත් අධිකරණය, කෑගල්ල",,,,,,,,,,7.25371,80.340596
Other,OTHER,NBRO/LRRMD-KEG/KEG/KEGALL/LI/25/0240,KEG250677,Kegalle,Kegalle,,Undugoda,56B,"සත්ත්ව පාලන සංවර්ධන හා පුහුණු මධ්‍යස්ථානය, උදුගොඩ",,,,,,,,,,7.1400311,80.3721859
Other,OTHER,NBRO/LRRMD-KEG/KEG/BULATK/LI/25/0252,KEG250723,Kegalle,Bulathkohupitiya,,Pelempitiya,131B,"දොළොස්බාගේ පාර, පැලැම්පිටිය",,,,,,,,,,7.0808086,80.439919
Other,OTHER,NBRO/LRRMD-KEG/KEG/WARAKA/LI/25/0255,KEG250736,Kegalle,Warakapola,,Mahena,83B,"මැදවත්ත, මාහේන, වරකාපොල",,,,,,,,,,7.225803,80.219838
Other,OTHER,NBRO/LRRMD-KEG/KEG/GALIGA/LI/25/0269,KEG250750,Kegalle,Galigamuwa,,Panakawa,74D,"අංක 02 ජනපදය, පානකාව",,,,,,,,,,7.259452,80.332055
Other,OTHER,NBRO/LRRMD-KEG/KEG/ARANAY/LI/25/0271,KEG250752,Kegalle,Aranayaka,,Aranayaka,43,"ඊ 121, පාසල හන්දිය, හත්ගම්පල, අරණායක",,,,,,,,,,7.17342,80.433196
Other,OTHER,NBRO/LRRMD-KEG/KEG/YATIYN/LI/25/0309,KEG250872,Kegalle,Yatiyanthota,,Neluwathukanda,133B,"හල්ගොල්ලවත්ත, පේරගස් හන්දිය",,,,,,,,,,7.062995,80.37054
Other,OTHER,NBRO/LRRMD-KEG/KEG/ARANAY/LI/25/0330,KEG250952,Kegalle,Aranayaka,,Ruwandeniya,33C,"රුවන්දෙණිය, දෙවනගල",,,,,,,,,,7.219717,80.455711
Other,OTHER,NBRO/LRRMD-KEG/KEG/MAWANE/LI/25/0336,KEG250989,Kegalle,Mawanella,,Kehelpannala West,40A,"සී 21/5, මැදගෙදර, පුහුල්හේන, කෙහෙල්පන්නල",,,,,,,,,,7.1522383,80.523138
Other,OTHER,NBRO/LRRMD-KEG/KEG/MAWANE/LI/25/0338,KEG251004,Kegalle,Mawanella,,Ambalawa,40C,අම්බුළුවාව ඉඩම,,,,,,,,,,7.168597,80.546233
Other,OTHER,NBRO/LRRMD-KEG/KEG/DEHIOV/LI/25/0341,KEG251013,Kegalle,Dehiovita,,Batangala,123,"උපදේශන මධ්‍යස්ථානය, බටංගල",,,,,,,,,,6.946408,80.263828
Other,OTHER,NBRO/LRRMD-KEG/KEG/ARANAY/LI/25/0355,KEG251035,Kegalle,Aranayaka,,Debathgama Udabage,47B,"කුමාරපුර හන්දිය, දෙබත්ගම",,,,,,,,,,7.1721987,80.4166942
Other,OTHER,NBRO/LRRMD-KEG/KEG/ARANAY/LI/25/0357,KEG251041,Kegalle,Aranayaka,,Thalgamuwa,33,"තල්ගමුව, ගම්මලේවත්ත රජයේ ඉඩම",,,,,,,,,,7.2032484,80.4765713
Other,OTHER,NBRO/LRRMD-KEG/KEG/ARANAY/LI/25/0358,KEG251042,Kegalle,Aranayaka,,Getaberi Kanda,43B,"කෝදාගොඩ, වැලිමන්න, අරණායක",,,,,,,,,,7.154204,80.4581105
Other,OTHER,NBRO/LRRMD-KEG/KEG/ARANAY/LI/25/0412,KEG251128,Kegalle,Aranayaka,,Ganthuna Medagama,58G,"දෝතල් ඔය වත්ත, උඩ කොටස, දොළොස්බාගේ",,,,,,,,,,7.1110727,80.4210784
Other,OTHER,NBRO/LRRMD-KEG/KEG/GALIGA/LI/25/0420,KEG251214,Kegalle,Galigamuwa,,Kandegedara,75,"කරදැල්ල, කන්දෙගෙදර, දේවාලේගම",,,,,,,,,,7.284235,80.343994
Other,OTHER,NBRO/LRRMD-KEG/KEG/YATIYN/LI/25/0425,KEG251219,Kegalle,Yatiyanthota,,Gonagamuwa,133,"කෑ/දෙහි/ගෝනගමුව කනිෂ්ඨ විදශාලය, ගෝනගමුව",,,,,,,,,,7.009028,80.383045
Other,OTHER,NBRO/LRRMD-KRG/KUR/RIDEEG/LI/19/0020,KUR190022,Kurunegala,Rideegama,,Kithulgolla,573,"දුනුමාව ප්‍රාථමික විදුහල, දුනුමාව",,,,,,,,,,7.4688594,80.5553
Other,OTHER,NBRO/LRRMD-KRG/KUR/RIDEEG/LI/19/0021,KUR190023,Kurunegala,Rideegama,,Kuthurumahana,612,"සමෘද්ධි බැංකුව, කරඳගොල්ල, අඹකොටේ",,,,,,,,,,7.504793,80.45292
Other,OTHER,NBRO/LRRMD-KRG/KUR/BAMUNA/LI/20/0005,KUR200004,Kurunegala,Bamunakotuwa,,Panawa,1236,"ගොන්නව, බමුණාකොටුව",,,,,,,,,,7.584582,80.23966
Other,OTHER,NBRO/LRRMD-KRG/KUR/BAMUNA/LI/20/0006,KUR200005,Kurunegala,Bamunakotuwa,,Mahakeliya,1212,"ගංගොඩ පාර, මහකෙළිය",,,,,,,,,,7.5788322,80.2807744
Other,OTHER,NBRO/LRRMD-KRG/KUR/IBBAGA/LI/20/0009,KUR200008,Kurunegala,Ibbagamuwa,,Nembilikumbura,524,රණවිරුගම ජල ටැංකිය,,,,,,,,,,7.5260278,80.4649992
Other,OTHER,NBRO/LRRMD-KRG/KUR/KOTAVE/LI/20/0010,KUR200009,Kurunegala,Kotavehera,,Kudarawaliya,251,"තඹරොඹුව, කොටවෙහෙර",,,,,,,,,,7.83661,80.10187
Other,OTHER,NBRO/LRRMD-KRG/KUR/KOTAVE/LI/20/0012,KUR200011,Kurunegala,Kotavehera,,Hidogama,235,,,,,,,,,,,7.82744,80.1345
Other,OTHER,NBRO/LRRMD-KRG/KUR/KOTAVE/LI/20/0013,KUR200012,Kurunegala,Kotavehera,,Kotavehera,253,"කොටවෙහෙර, නිකවැරටිය",,,,,,,,,,7.80984,80.07832
Other,OTHER,NBRO/LRRMD-KRG/KUR/MAHO/LI/20/0014,KUR200013,Kurunegala,Maho,,Heenuggala,164,"පන්නලයාගම, බලල්ල",,,,,,,,,,7.78971,80.21812
Other,OTHER,NBRO/LRRMD-KRG/KUR/MAWATH/LI/20/0017,KUR200016,Kurunegala,Mawathagama,,Mawathagama South,679,"70/1, ඔලියාමුල්ල, මාවතගම",,,,,,,,,,7.4301112,80.4448559
Other,OTHER,NBRO/LRRMD-KRG/KUR/POLGAH/LI/20/0032,KUR200032,Kurunegala,Polgahawela,,Panaliya North,930,"ඊදැල්ල වත්ත, පනලිය, පොල්ගහවෙල",,,,,,,,,,7.33347744,80.342439
Other,OTHER,NBRO/LRRMD-KRG/KUR/RIDEEG/LI/20/0044,KUR200044,Kurunegala,Rideegama,,Kotuhena,539,කොටුහේන - මාදුරාගොඩ,,,,,,,,,,7.5984019,80.5530399
Other,OTHER,NBRO/LRRMD-KRG/KUR/WEERAM/LI/20/0046,KUR200046,Kurunegala,Weerambugedara,,Algama,857,"අල්ගම හංදිය, පොතුහැර",,,,,,,,,,7.415698,80.294584
Other,OTHER,NBRO/LRRMD-KRG/KUR/ALAWWA/LI/21/0033,KUR210052,Kurunegala,Alawwa,,Alawwa South,1001,"ඕවිටවත්ත, අලව්ව",,,,,,,,,,7.2930515,80.2380476
Other,OTHER,NBRO/LRRMD-KRG/KUR/KURUNE/LI/21/0039,KUR210058,Kurunegala,Kurunegala,,Kurunegala Town - Bazaar,840,"වයඹ පළාත් පරිවාස හා ළමාරක්ෂක සේවා දෙපාර්තමේන්තුව, අංක 02, දඹුල්ල පාර කුරුණෑගල",,,,,,,,,,7.488926,80.3656782
Other,OTHER,NBRO/LRRMD-KRG/KUR/KURUNE/LI/21/0040,KUR210059,Kurunegala,Kurunegala,,Wehera West,806,"Maliyadewa Adarsha Maha Vidyalaya, Kurunegala",,,,,,,,,,7.47731,80.35503
Other,OTHER,NBRO/LRRMD-KRG/KUR/KURUNE/LI/21/0041,KUR210060,Kurunegala,Kurunegala,,Kurunegala Town - West,837,"CARDIOLOGY BUILDING UNIT AT TEACHING HOSPITAL, KURUNEGALA",,,,,,,,,,7.479847,80.35594
Other,OTHER,NBRO/LRRMD-KRG/KUR/MAWATH/LI/21/0049,KUR210068,Kurunegala,Mawathagama,,Mawathagama,677,"ඩෙනර්වත්ත, මාවතගම",,,,,,,,,,7.429315,80.455801
Other,OTHER,NBRO/LRRMD-KRG/KUR/MAWATH/LI/21/0052,KUR210071,Kurunegala,Mawathagama,,Kahapathwala North,655,"මලන්දෙණිය ගල්වල, කහපත්වල උතුර",,,,,,,,,,7.3928478,80.4599963
Other,OTHER,NBRO/LRRMD-KRG/KUR/MAWATH/LI/21/0056,KUR210075,Kurunegala,Mawathagama,,Hettipola,645,"හෙට්ටිපොල, වෑඋඩ",,,,,,,,,,7.40126,80.4939
Other,OTHER,NBRO/LRRMD-KRG/KUR/PANNAL/LI/21/0058,KUR210077,Kurunegala,Pannala,,Elabadagama North,1540,පන්නල පවුල් සෞඛ්‍ය නිලධාරී කාර්යාලයට ජලය ලබාගන්නා ළිඳ,,,,,,,,,,7.3607932,80.0328387
Other,OTHER,NBRO/LRRMD-KRG/KUR/POLGAH/LI/21/0070,KUR210089,Kurunegala,Polgahawela,,Gallenamulla,951,උඩපොල රක්ෂිත කලාපය ආශ්‍රිතව,,,,,,,,,,7.3705517,80.2830471
Other,OTHER,NBRO/LRRMD-KRG/KUR/POLGAH/LI/21/0073,KUR210092,Kurunegala,Polgahawela,,Udukedeniya,928,"උඩුකේදෙණිය, හම්බපොල",,,,,,,,,,7.3578921,80.3526522
Other,OTHER,NBRO/LRRMD-KRG/KUR/RIDEEG/LI/21/0134,KUR210149,Kurunegala,Rideegama,,Kanadeniyawala,580,"පාලම අසල, කනදෙනියාවල",,,,,,,,,,7.440106,80.531609
Other,OTHER,NBRO/LRRMD-KRG/KUR/UDUBAD/LI/21/0139,KUR210154,Kurunegala,Udubaddawa,,Henegedara,1522,"හේනේගෙදර, උඩුබද්දාව",,,,,,,,,,7.467633,79.9472398
Other,OTHER,NBRO/LRRMD-KRG/KUR/UDUBAD/LI/21/0140,KUR210155,Kurunegala,Udubaddawa,,Henegedara,1522,"අප්පකුට්ටිවත්ත, හේනේගෙදර, උඩුබද්දාව",,,,,,,,,,7.469731,79.953483
Other,OTHER,NBRO/LRRMD-KRG/KUR/WEERAM/LI/21/0141,KUR210156,Kurunegala,Weerambugedara,,Poogalla,863,කෙල්ලමලාගල රජයට අයත් ගල්තලාව,,,,,,,,,,7.43814,80.2598
Other,OTHER,NBRO/LRRMD-KRG/KUR/MAWATH/LI/22/0008,KUR220008,Kurunegala,Mawathagama,,Mee/ Udagama,669,මුවන්කන්ද වත්ත හරහා යෝජිත මාර්ගය,,,,,,,,,,7.412592,80.424832
Other,OTHER,NBRO/LRRMD-KRG/KUR/KURUNE/LI/22/0017,KUR220019,Kurunegala,Kurunegala,,Mathawa,828,"රොක්වීව් වත්ත, මතව, කොහිලේගෙදර",,,,,,,,,,7.4221836,80.3546009
Other,OTHER,NBRO/LRRMD-KRG/KUR/NARAMM/LI/22/0020,KUR220022,Kurunegala,Narammala,,Marandagolla,1034,"ගිරිඋල්ල නව නගරය, මල්වානවත්ත, මරඳගොල්ල",,,,,,,,,,7.3304955,80.1252981
Other,OTHER,NBRO/LRRMD-KRG/KUR/RIDEEG/LI/22/0038,KUR220040,Kurunegala,Rideegama,,Adapola,528,"පේරගහඇල, දොඩම්ගස්ලන්ද",,,,,,,,,,7.612917,80.52034
Other,OTHER,NBRO/LRRMD-KRG/KUR/POLGAH/LI/22/0075,KUR220090,Kurunegala,Polgahawela,,Godigamuwa,927,"අංක 503 , ගොඩිගමුව, පනලිය, පොල්ගහවෙල",,,,,,,,,,7.350132,80.340903
Other,OTHER,NBRO/LRRMD-KRG/KUR/WEERAM/LI/22/0197,KUR220207,Kurunegala,Weerambugedara,,Kanumale,855,"මගුරුඔය වත්ත, කණුමලේ",,,,,,,,,,7.4689925,80.3222756
Other,OTHER,NBRO/LRRMD-KRG/KUR/PANNAL/LI/22/0188,KUR220215,Kurunegala,Pannala,,Narangamuwa,1576,"මීගමු පාර, ගිරිඋල්ල",,,,,,,,,,7.327471,80.120689
Other,OTHER,NBRO/LRRMD-MAT/MTL/UKUWEL/LI/17/0038,MTL170043,Matale,Ukuwela,,Ukuwela,E355,"පන්සල්තැන්න, උකුවෙල",,,,,,,,,,7.4184633,80.6067083
Other,OTHER,NBRO/LRRMD-MAT/MTL/UKUWEL/LI/17/0046,MTL170596,Matale,Ukuwela,,Gurulawela North,E358,"ගුරලවෙල උතුර, උකුවෙල",,,,,,,,,,7.409425,80.635349
Other,OTHER,NBRO/LRRMD-MAT/MTL/WILGAM/LI/18/0013,MTL180148,Matale,Wilgamuwa,,Hettipola,E394A,,,,,,,,,,,7.5607291,80.9031814
Other,OTHER,NBRO/LRRMD-MAT/MTL/WILGAM/LI/18/0014,MTL180149,Matale,Wilgamuwa,,Hettipola,E394A,,,,,,,,,,,7.5607291,80.9031819
Other,OTHER,NBRO/LRRMD-MAT/MTL/UKUWEL/LI/18/0024,MTL180159,Matale,Ukuwela,,Ukuwela,E355,,,,,,,,,,,7.661747,80.8481785
Other,OTHER,NBRO/LRRMD-MAT/MTL/UKUWEL/LI/18/0026,MTL180161,Matale,Ukuwela,,Elkaduwa,E363A,"92,මාතලේ පාර, ඇල්කඩුව",,,,,,,,,,7.4170099,80.67843
Other,OTHER,NBRO/LRRMD-MAT/MTL/UKUWEL/LI/18/0030,MTL180165,Matale,Ukuwela,,Raithalawela,E360A,රයිතලාවෙල,,,,,,,,,,7.3967848,80.6503117
Other,OTHER,NBRO/LRRMD-MAT/MTL/MATALE/LI/18/0038,MTL180188,Matale,Matale,,Dombawela,E329,දොඹවෙල,,,,,,,,,,7.540493333,80.619115
Other,OTHER,NBRO/LRRMD-MAT/MTL/RATTOT/LI/18/0040,MTL180190,Matale,Rattota,,Ikirigolla,E371D,ඉකිරියගොල්ල,,,,,,,,,,7.5014701,80.6491031
Other,OTHER,NBRO/LRRMD-MAT/MTL/RATTOT/LI/18/0042,MTL180192,Matale,Rattota,,Rattota,E376,රත්තොට,,,,,,,,,,7.5187707,80.678041
Other,OTHER,NBRO/LRRMD-MAT/MTL/AMBANK/LI/18/0053,MTL180203,Matale,Ambanganga Korale,,Pallethenna,E384F,,,,,,,,,,,7.518184,80.673915
Other,OTHER,NBRO/LRRMD-MAT/MTL/RATTOT/LI/18/0055,MTL180206,Matale,Rattota,,Maussagolla,E375,,,,,,,,,,,7.4996123,80.6966578
Other,OTHER,NBRO/LRRMD-MAT/MTL/MATALE/LI/18/0057,MTL180313,Matale,Matale,,Palapathwala,E328D,,,,,,,,,,,7.53108666,80.62695333
Other,OTHER,NBRO/LRRMD-MAT/MTL/MATALE/LI/18/0061,MTL180317,Matale,Matale,,Bogahakotuwa,E352E,,,,,,,,,,,7.474233,80.62080833
Other,OTHER,NBRO/LRRMD-MAT/MTL/UKUWEL/LI/19/0012,MTL190464,Matale,Ukuwela,,Pujagoda,E362G,පූජාගොඩ ප්‍රජා ශාලාව,,,,,,,,,,7.4033,80.6649
Other,OTHER,NBRO/LRRMD-MAT/MTL/UKUWEL/LI/19/0013,MTL190465,Matale,Ukuwela,,Ovilikanda,E344A,"නො.30,ඔිිවිලිකන්ද,මාතලේ",,,,,,,,,,7.4557268,80.579359
Other,OTHER,NBRO/LRRMD-MAT/MTL/AMBANK/LI/19/0023,MTL190475,Matale,Ambanganga Korale,,Sirangahawatta,E384E,දන්කන්ද,,,,,,,,,,7.535,80.6805
Other,OTHER,NBRO/LRRMD-MAT/MTL/UKUWEL/LI/19/0026,MTL190478,Matale,Ukuwela,,Meedeniya,E356B,වරකාමුර,,,,,,,,,,7.4399,80.6405
Other,OTHER,NBRO/LRRMD-MAT/MTL/UKUWEL/LI/19/0028,MTL190480,Matale,Ukuwela,,Udathenna,E365C,උඩතැන්න,,,,,,,,,,7.4319,80.6483
Other,OTHER,NBRO/LRRMD-MAT/MTL/NAULA/LI/19/0030,MTL190483,Matale,Naula,,Nikula,E413A,නිකුල,,,,,,,,,,7.74269,80.63292
Other,OTHER,NBRO/LRRMD-MAT/MTL/NAULA/LI/19/0030,MTL190484,Matale,Naula,,Nikula,E413A,නිකුල,,,,,,,,,,7.74269,80.63292
Other,OTHER,NBRO/LRRMD-MAT/MTL/NAULA/LI/19/0030,MTL190485,Matale,Naula,,Nikula,E413A,නිකුල,,,,,,,,,,7.74269,80.63292
Other,OTHER,NBRO/LRRMD-MAT/MTL/NAULA/LI/19/0030,MTL190486,Matale,Naula,,Nikula,E413A,නිකුල,,,,,,,,,,7.74269,80.63292
Other,OTHER,NBRO/LRRMD-MAT/MTL/NAULA/LI/19/0030,MTL190487,Matale,Naula,,Nikula,E413A,නිකුල,,,,,,,,,,7.74269,80.63292
Other,OTHER,NBRO/LRRMD-MAT/MTL/YATAWA/LI/19/0033,MTL190490,Matale,Yatawatta,,Walawela,E339B,වෙල්පහල,,,,,,,,,,7.5212632,80.5950182
Other,OTHER,NBRO/LRRMD-MAT/MTL/UKUWEL/LI/19/0035,MTL190492,Matale,Ukuwela,,Pahala Wehigala,E362C,"අංක 57/1, පහල වැහිගල,වැහිගල",,,,,,,,,,7.4046,80.6701
Other,OTHER,NBRO/LRRMD-MAT/MTL/UKUWEL/LI/19/0036,MTL190493,Matale,Ukuwela,,Katudeniya,E354A,"නො. 147/56/2, රත්වත්ත ජනපදය, කටුදෙනිය",,,,,,,,,,7.4399,80.6405
Other,OTHER,NBRO/LRRMD-MAT/MTL/RATTOT/LI/19/0038,MTL190495,Matale,Rattota,,Maradurawala,E373B,පල්ලේගම පිහිටි මුල්පාගන කොස්ගහමුලවත්ත ඉඩම,,,,,,,,,,7.5018,80.6716
Other,OTHER,NBRO/LRRMD-MAT/MTL/RATTOT/LI/19/0038,MTL190496,Matale,Rattota,,Maradurawala,E373B,පල්ලේගම පිහිටි මුල්පාගන කොස්ගහමුලවත්ත ඉඩම,,,,,,,,,,7.5018,80.6716
Other,OTHER,NBRO/LRRMD-MAT/MTL/RATTOT/LI/19/0038,MTL190497,Matale,Rattota,,Maradurawala,E373B,පල්ලේගම පිහිටි මුල්පාගන කොස්ගහමුලවත්ත ඉඩම,,,,,,,,,,7.5018,80.6716
Other,OTHER,NBRO/LRRMD-MAT/MTL/RATTOT/LI/19/0038,MTL190498,Matale,Rattota,,Maradurawala,E373B,පල්ලේගම පිහිටි මුල්පාගන කොස්ගහමුලවත්ත ඉඩම,,,,,,,,,,7.5018,80.6716
Other,OTHER,NBRO/LRRMD-MAT/MTL/RATTOT/LI/19/0038,MTL190499,Matale,Rattota,,Maradurawala,E373B,පල්ලේගම පිහිටි මුල්පාගන කොස්ගහමුලවත්ත ඉඩම,,,,,,,,,,7.5018,80.6716
Other,OTHER,NBRO/LRRMD-MAT/MTL/UKUWEL/LI/19/0043,MTL190504,Matale,Ukuwela,,Pujagoda,E362G,,,,,,,,,,,7.4029699,80.665655
Other,OTHER,NBRO/LRRMD-MAT/MTL/UKUWEL/LI/19/0047,MTL190508,Matale,Ukuwela,,Elkaduwa,E363A,,,,,,,,,,,7.415914,80.674579
Other,OTHER,NBRO/LRRMD-MAT/MTL/AMBANK/LI/19/0069,MTL190530,Matale,Ambanganga Korale,,Hunukete,E384B,,,,,,,,,,,7.5297,80.6775
Other,OTHER,NBRO/LRRMD-MAT/MTL/AMBANK/LI/19/0072,MTL190533,Matale,Ambanganga Korale,,Hunukete,E384B,,,,,,,,,,,7.5301,80.6764
Other,OTHER,NBRO/LRRMD-MAT/MTL/YATAWA/LI/19/0080,MTL190614,Matale,Yatawatta,,Ethipallawala,E335D,"12/2, දළුපත, උඩස්ගිරිය",,,,,,,,,,7.531477,80.586041
Other,OTHER,NBRO/LRRMD-MAT/MTL/AMBANK/LI/19/0084,MTL190618,Matale,Ambanganga Korale,,Sirangahawatta,E384E,"රත්තොට වත්ත, දන්කන්ද",,,,,,,,,,7.6327,80.6816
Other,OTHER,NBRO/LRRMD-MAT/MTL/DAMBUL/LI/19/0089,MTL190627,Matale,Dambulla,,Inamaluwa,E451,,,,,,,,,,,7.9372,80.7065
Other,OTHER,NBRO/LRRMD-MAT/MTL/UKUWEL/LI/19/0091,MTL190629,Matale,Ukuwela,,Elkaduwa,E363A,"114,  ඇල්කඩුව ගම, ඇල්කඩුව",,,,,,,,,,7.4194,80.6795
Other,OTHER,NBRO/LRRMD-MAT/MTL/RATTOT/LI/19/0102,MTL190644,Matale,Rattota,,Lonvil,E373C,"127/5, ගනේතැන්න පාර, ලෝන්විල්",,,,,,,,,,7.5115115,80.6703725
Other,OTHER,NBRO/LRRMD-MAT/MTL/RATTOT/LI/19/0104,MTL190646,Matale,Rattota,,Madakumbura,E375F,,,,,,,,,,,7.5104,80.6995
Other,OTHER,NBRO/LRRMD-MAT/MTL/UKUWEL/LI/20/0005,MTL200005,Matale,Ukuwela,,Elwala,E355A,"ඇල්වල, දේවාල පාර",,,,,,,,,,7.4332144,80.6337312
Other,OTHER,NBRO/LRRMD-MAT/MTL/RATTOT/LI/20/0027,MTL200027,Matale,Rattota,,Alakolamada,E374C,අලකොලමඩ,,,,,,,,,,7.4871,80.6775
Other,OTHER,NBRO/LRRMD-MAT/MTL/UKUWEL/LI/20/0036,MTL200576,Matale,Ukuwela,,Dehipitiya,E356A,වරකාමුර,,,,,,,,,,7.4418806,80.6271703
Other,OTHER,NBRO/LRRMD-MAT/MTL/MATALE/LI/20/0045,MTL200585,Matale,Matale,,Rajjammana,E322A,රජ්ජම්මන,,,,,,,,,,7.6148,80.66279
Other,OTHER,NBRO/LRRMD-MAT/MTL/UKUWEL/LI/20/0052,MTL200592,Matale,Ukuwela,,Raithalawela,E360A,රයිතලාවෙල,,,,,,,,,,7.40501511,80.6533039
Other,OTHER,NBRO/LRRMD-MAT/MTL/MATALE/LI/20/0068,MTL200608,Matale,Matale,,Palapathwala,E328D,පලාපත්වල,,,,,,,,,,7.5471,80.6273
Other,OTHER,NBRO/LRRMD-MAT/MTL/PALLEP/LI/20/0081,MTL200621,Matale,Pallepola,,Maningamuwa West,E422B,තොටිල්ලගොල්ල,,,,,,,,,,7.637037,80.580242
Other,OTHER,NBRO/LRRMD-MAT/MTL/GALEWE/LI/20/0087,MTL200627,Matale,Galewela,,Galewela Town,E432,,,,,,,,,,,7.760189,80.604375
Other,OTHER,NBRO/LRRMD-MAT/MTL/AMBANK/LI/20/0093,MTL200633,Matale,Ambanganga Korale,,Hunukete,E384B,හුණුකැටේ,,,,,,,,,,7.52825,80.6775
Other,OTHER,NBRO/LRRMD-MAT/MTL/YATAWA/LI/20/0094,MTL200634,Matale,Yatawatta,,Thalgahagoda,E342A,,,,,,,,,,,7.499318,80.5968
Other,OTHER,NBRO/LRRMD-MAT/MTL/YATAWA/LI/20/0095,MTL200635,Matale,Yatawatta,,Maligathenna,E334D,,,,,,,,,,,7.56276,80.566357
Other,OTHER,NBRO/LRRMD-MAT/MTL/YATAWA/LI/20/0096,MTL200636,Matale,Yatawatta,,Thalgahagoda,E342A,,,,,,,,,,,7.499075,80.596797
Other,OTHER,NBRO/LRRMD-MAT/MTL/NAULA/LI/20/0100,MTL200640,Matale,Naula,,Koombiyangahaela,E412A,කෝන්ගොල්ල,,,,,,,,,,7.6891,80.6953
Other,OTHER,NBRO/LRRMD-MAT/MTL/YATAWA/LI/20/0102,MTL200642,Matale,Yatawatta,,Asgiri Dorakumbura,E340,දොරකුඹුර,,,,,,,,,,7.515106,80.582503
Other,OTHER,NBRO/LRRMD-MAT/MTL/UKUWEL/LI/20/0117,MTL200657,Matale,Ukuwela,,Kandemada,E358B,ගුරුලවෙල,,,,,,,,,,7.404659,80.641289
Other,OTHER,NBRO/LRRMD-MAT/MTL/YATAWA/LI/20/0119,MTL200659,Matale,Yatawatta,,Udagama,E332B,උඩගම,,,,,,,,,,7.585968,80.588174
Other,OTHER,NBRO/LRRMD-MAT/MTL/UKUWEL/LI/20/0131,MTL200713,Matale,Ukuwela,,Ovilla,E344,"උඩ හපුවිද, අල්වත්ත",,,,,,,,,,7.43347162,80.66822435
Other,OTHER,NBRO/LRRMD-MAT/MTL/UKUWEL/LI/20/0135,MTL200719,Matale,Ukuwela,,Ukuwela,E355,,,,,,,,,,,7.45265659,80.649636
Other,OTHER,NBRO/LRRMD-MAT/MTL/UKUWEL/LI/21/0025,MTL210025,Matale,Ukuwela,,Kirimetiyawa,E343A,ඔ්විලිකන්ද,,,,,,,,,,7.458668,80.59337
Other,OTHER,NBRO/LRRMD-MAT/MTL/UKUWEL/LI/21/0077,MTL210074,Matale,Ukuwela,,Elkaduwa,E363A,"40, වේගල පාර, ඇල්කඩුව",,,,,,,,,,7.41688148,80.6843721
Other,OTHER,NBRO/LRRMD-MAT/MTL/UKUWEL/LI/21/0106,MTL210097,Matale,Ukuwela,,Elkaduwa,E363A,ඇල්කඩුව,,,,,,,,,,7.4210756,80.667866
Other,OTHER,NBRO/LRRMD-MAT/MTL/UKUWEL/LI/21/0147,MTL210134,Matale,Ukuwela,,Thawalankoya,E355B,,,,,,,,,,,7.430176,80.63411
Other,OTHER,NBRO/LRRMD-MAT/MTL/AMBANK/LI/21/0182,MTL210168,Matale,Ambanganga Korale,,Pussella,E384,පුස්සැල්ල,,,,,,,,,,7.55512,80.683079
Other,OTHER,NBRO/LRRMD-MAT/MTL/UKUWEL/LI/21/0218,MTL210197,Matale,Ukuwela,,Pujagoda,E362G,,,,,,,,,,,7.399819,80.662123
Other,OTHER,NBRO/LRRMD-MAT/MTL/MATALE/LI/21/0244,MTL210840,Matale,Matale,,Palapathwala,E328D,සාප්පු වත්ත,,,,,,,,,,7.5293,80.6261
Other,OTHER,NBRO/LRRMD-MAT/MTL/UKUWEL/LI/21/0246,MTL210842,Matale,Ukuwela,,Elkaduwa Watta,E363C,ආනන්ද ජනපදය,,,,,,,,,,7.41298458,80.689306
Other,OTHER,NBRO/LRRMD-MAT/MTL/MATALE/LI/21/0247,MTL210843,Matale,Matale,,Dorakumbura,E326,දුම්කලවත්ත,,,,,,,,,,7.511449,80.634018
Other,OTHER,NBRO/LRRMD-MAT/MTL/LAGGAP/LI/21/0249,MTL210900,Matale,Laggala-Pallegama,,Pottatawela,E399,,,,,,,,,,,7.596329,80.76343
Other,OTHER,NBRO/LRRMD-MAT/MTL/RATTOT/LI/21/0259,MTL210910,Matale,Rattota,,Pahala Hapuvida,E367A,,,,,,,,,,,7.43347,80.665857
Other,OTHER,NBRO/LRRMD-MAT/MTL/RATTOT/LI/21/0263,MTL210914,Matale,Rattota,,Kandenuwara East,E368D,"30/1, කන්දේනුවර වත්ත, අල්වත්ත",,,,,,,,,,7.449172,80.675005
Other,OTHER,NBRO/LRRMD-MAT/MTL/UKUWEL/LI/21/0264,MTL210915,Matale,Ukuwela,,Kirimetiyawa,E343A,"13/1, දඬුහෙල, ඕවිලිකන්ද",,,,,,,,,,7.456117,80.59007
Other,OTHER,NBRO/LRRMD-MAT/MTL/GALEWE/LI/21/0268,MTL210921,Matale,Galewela,,Walaswewa,E434,ගලේවල,,,,,,,,,,7.759695,80.588138
Other,OTHER,NBRO/LRRMD-MAT/MTL/YATAWA/LI/21/0269,MTL210922,Matale,Yatawatta,,Mathalapitiya,E340A,,,,,,,,,,,7.522885,80.576491
Other,OTHER,NBRO/LRRMD-MAT/MTL/MATALE/LI/21/0270,MTL210923,Matale,Matale,,Hulangamuwa North,E353B,,,,,,,,,,,7.4601,80.612
Other,OTHER,NBRO/LRRMD-MAT/MTL/GALEWE/LI/21/0273,MTL210926,Matale,Galewela,,Hombawa,E431A,,,,,,,,,,,7.777837,80.526279
Other,OTHER,NBRO/LRRMD-MAT/MTL/UKUWEL/LI/22/0001,MTL220485,Matale,Ukuwela,,Thawalankoya,E355B,උකුවෙල,,,,,,,,,,7.431924,80.6311154
Other,OTHER,NBRO/LRRMD-MAT/MTL/UKUWEL/LI/22/0011,MTL220495,Matale,Ukuwela,,Imbulpitiya,E362,ඉඹුල්පිටිය,,,,,,,,,,7.3970297,80.67923018
Other,OTHER,NBRO/LRRMD-MAT/MTL/YATAWA/LI/22/0015,MTL220499,Matale,Yatawatta,,Rathalawewa,E331C,රතලවැව,,,,,,,,,,7.572558,80.611492
Other,OTHER,NBRO/LRRMD-MAT/MTL/UKUWEL/LI/22/0017,MTL220501,Matale,Ukuwela,,Weligala,E365,,,,,,,,,,,7.423258,80.644658
Other,OTHER,NBRO/LRRMD-MAT/MTL/UKUWEL/LI/22/0024,MTL220508,Matale,Ukuwela,,Karagahahinna,E362F,කරගහහින්න/ඉඹුල්පිටිය විදුහල,,,,,,,,,,7.4002382,80.680318
Other,OTHER,NBRO/LRRMD-MAT/MTL/RATTOT/LI/22/0025,MTL220509,Matale,Rattota,,Rattota,E376,අන්නාසිවත්ත,,,,,,,,,,7.518371,80.673772
Other,OTHER,NBRO/LRRMD-MAT/MTL/UKUWEL/LI/22/0027,MTL220511,Matale,Ukuwela,,Imbulpitiya,E362,ඉඹුල්පිටිය,,,,,,,,,,7.4002382,80.680318
Other,OTHER,NBRO/LRRMD-MAT/MTL/MATALE/LI/22/0029,MTL220513,Matale,Matale,,Rajjammana,E322A,නව ජනපදය,,,,,,,,,,7.6065,80.6586
Other,OTHER,NBRO/LRRMD-MAT/MTL/YATAWA/LI/22/0030,MTL220514,Matale,Yatawatta,,Walawela,E339B,වාලවෙල,,,,,,,,,,7.5232615,80.5991404
Other,OTHER,NBRO/LRRMD-MAT/MTL/YATAWA/LI/22/0031,MTL220515,Matale,Yatawatta,,Walawela,E339B,"මාතලාපිටිය, වාලවෙල",,,,,,,,,,7.5232332,80.5783026
Other,OTHER,NBRO/LRRMD-MAT/MTL/UKUWEL/LI/22/0039,MTL220523,Matale,Ukuwela,,Nagolla,E355D,උකුවෙලවත්ත,,,,,,,,,,7.4288599,80.6240744
Other,OTHER,NBRO/LRRMD-MAT/MTL/RATTOT/LI/22/0265,MTL220554,Matale,Rattota,,Maussagolla,E375,මාඋස්සාගොල්ල,,,,,,,,,,7.5237,80.6809
Other,OTHER,NBRO/LRRMD-MAT/MTL/YATAWA/LI/22/0043,MTL220563,Matale,Yatawatta,,Aluthgama,E338,අලුත්ගම,,,,,,,,,,7.5330403,80.5989855
Other,OTHER,NBRO/LRRMD-MAT/MTL/YATAWA/LI/22/0077,MTL220598,Matale,Yatawatta,,Polwatta,E340C,"වාරියපොල වත්ත, රිවර්සයිඩ්",,,,,,,,,,7.5606,80.6047
Other,OTHER,NBRO/LRRMD-MAT/MTL/YATAWA/LI/22/0087,MTL220609,Matale,Yatawatta,,Yatawatta,E334,බටහිර වත්ත,,,,,,,,,,7.487023,80.593052
Other,OTHER,NBRO/LRRMD-MAT/MTL/RATTOT/LI/22/0089,MTL220611,Matale,Rattota,,Alwatta,E369,සපුමල්ගම,,,,,,,,,,7.444836,80.663404
Other,OTHER,NBRO/LRRMD-MAT/MTL/RATTOT/LI/22/0098,MTL220621,Matale,Rattota,,Alakolamada,E374C,අලකොළමඩ,,,,,,,,,,7.44282,80.576859
Other,OTHER,NBRO/LRRMD-MAT/MTL/RATTOT/LI/22/0101,MTL220624,Matale,Rattota,,Punchiseluwakanda,E369B,මහසෙළුවා කන්ද,,,,,,,,,,7.45963,80.6939659
Other,OTHER,NBRO/LRRMD-MAT/MTL/UKUWEL/LI/22/0106,MTL220637,Matale,Ukuwela,,Elkaduwa,E363A,"ආනන්ද ජනපදය, ඇල්කඩුව",,,,,,,,,,7.411694,80.689278
Other,OTHER,NBRO/LRRMD-MAT/MTL/UKUWEL/LI/22/0116,MTL220647,Matale,Ukuwela,,Pananthadiya,E365E,"2, පනන්තඩිය, උඩතැන්න",,,,,,,,,,7.4486815,80.6494428
Other,OTHER,NBRO/LRRMD-MAT/MTL/UKUWEL/LI/22/0118,MTL220650,Matale,Ukuwela,,Elwala,E355A,,,,,,,,,,,7.4403,80.634293
Other,OTHER,NBRO/LRRMD-MAT/MTL/RATTOT/LI/23/0040,MTL230110,Matale,Rattota,,Bodhikotuwa,E375A,"බෝධිකොටුව, රත්තොට",,,,,,,,,,7.515117,80.68746987
Other,OTHER,NBRO/LRRMD-MAT/MTL/AMBANK/LI/23/0050,MTL230204,Matale,Ambanganga Korale,,Pussella,E384,පුස්සැල්ල,,,,,,,,,,7.5579661,80.6806008
Other,OTHER,NBRO/LRRMD-MAT/MTL/AMBANK/LI/23/0061,MTL230291,Matale,Ambanganga Korale,,Hunukete,E384B,හුණුකැටේ,,,,,,,,,,7.5259086,80.6764154
Other,OTHER,NBRO/LRRMD-MAT/MTL/UKUWEL/LI/23/0069,MTL230342,Matale,Ukuwela,,Kandemada,E358B,කන්දේමඩ,,,,,,,,,,7.40539,80.635896
Other,OTHER,NBRO/LRRMD-MAT/MTL/RATTOT/LI/23/0074,MTL230380,Matale,Rattota,,Dombagoda,E366C,දොඹගොඩ,,,,,,,,,,7.4282477,80.65412004
Other,OTHER,NBRO/LRRMD-MAT/MTL/MATALE/LI/23/0076,MTL230386,Matale,Matale,,Aluvihare,E327,Watagoda,,,,,,,,,,7.4616162,80.601548
Other,OTHER,NBRO/LRRMD-MAT/MTL/MATALE/LI/23/0081,MTL230405,Matale,Matale,,Hulangamuwa South,E353,,,,,,,,,,,7.463556,80.62486
Other,OTHER,NBRO/LRRMD-MAT/MTL/UKUWEL/LI/23/0106,MTL230504,Matale,Ukuwela,,Warakamura,E356,,,,,,,,,,,7.4356659,80.6220659
Other,OTHER,NBRO/LRRMD-MAT/MTL/UKUWEL/LI/23/0107,MTL230505,Matale,Ukuwela,,Ukuwela,E355,කොහෝබිලිවෙල,,,,,,,,,,7.4553099,80.6289277
Other,OTHER,NBRO/LRRMD-MAT/MTL/YATAWA/LI/23/0127,MTL230576,Matale,Yatawatta,,Mathalapitiya,E340A,මොරගස්පිටිය,,,,,,,,,,7.533097,80.582773
Other,OTHER,NBRO/LRRMD-MAT/MTL/UKUWEL/LI/23/0129,MTL230584,Matale,Ukuwela,,Thenna,E343,"අයුර්වේද රෝහල, තැන්න, මාතලේ",,,,,,,,,,7.445575,80.610878
Other,OTHER,NBRO/LRRMD-MAT/MTL/DAMBUL/LI/23/0130,MTL230585,Matale,Dambulla,,Dambulugama,E445F,,,,,,,,,,,7.883848,80.644588
Other,OTHER,NBRO/LRRMD-MAT/MTL/WILGAM/LI/23/0133,MTL230592,Matale,Wilgamuwa,,Wilgamuwa,E395,,,,,,,,,,,7.608486,80.825133
Other,OTHER,NBRO/LRRMD-MAT/MTL/UKUWEL/LI/23/0134,MTL230593,Matale,Ukuwela,,Marukona,E360,මාරුකොන සුසාන භූමියට හා ගඟට යන පාර සම්බන්ධව,,,,,,,,,,7.412831,80.6447296
Other,OTHER,NBRO/LRRMD-MAT/MTL/UKUWEL/LI/23/0135,MTL230594,Matale,Ukuwela,,Pananthadiya,E365E,නවරත්නගොඩ,,,,,,,,,,7.4535483,80.6504413
Other,OTHER,NBRO/LRRMD-MAT/MTL/UKUWEL/LI/23/0138,MTL230597,Matale,Ukuwela,,Gurulawela South,E358A,,,,,,,,,,,7.4240333,80.6352217
Other,OTHER,NBRO/LRRMD-MAT/MTL/RATTOT/LI/23/0145,MTL230604,Matale,Rattota,,Bogambara,E374A,බෝගම්බර,,,,,,,,,,7.4906873,80.670703
Other,OTHER,NBRO/LRRMD-MAT/MTL/PALLEP/LI/23/0171,MTL230630,Matale,Pallepola,,Millawana Ihalagama,E423,මිල්ලවාන ඉහලගම,,,,,,,,,,7.6485,80.5773
Other,OTHER,NBRO/LRRMD-MAT/MTL/PALLEP/LI/23/0172,MTL230631,Matale,Pallepola,,Millawana Ihalagama,E423,පිහිල්ල වත්ත,,,,,,,,,,7.648,80.5736
Other,OTHER,NBRO/LRRMD-MAT/MTL/UKUWEL/LI/23/0174,MTL230633,Matale,Ukuwela,,Katudeniya,E354A,Katudeniya,,,,,,,,,,7.442379,80.64992
Other,OTHER,NBRO/LRRMD-MAT/MTL/MATALE/LI/23/0179,MTL230638,Matale,Matale,,Sinhala Town,E352A,Matale town,,,,,,,,,,7.465677,80.62341
Other,OTHER,NBRO/LRRMD-MAT/MTL/RATTOT/LI/24/0005,MTL240024,Matale,Rattota,,Bambarakiriella,E375D,බඹර කිරි ඇල්ල,,,,,,,,,,7.486847,80.70846
Other,OTHER,NBRO/LRRMD-MAT/MTL/YATAWA/LI/24/0009,MTL240041,Matale,Yatawatta,,Kavudupelella,E331A,"115, වෙහෙරගොඩැල්ල වත්ත, කවුඩුපැලැල්ල",,,,,,,,,,7.584924,80.6256241
Other,OTHER,NBRO/LRRMD-MAT/MTL/AMBANK/LI/24/0023,MTL240126,Matale,Ambanganga Korale,,Palle Eswedduma,E384G,පල්ලේ අස්වැද්දුම,,,,,,,,,,7.54679,80.6747218
Other,OTHER,NBRO/LRRMD-MAT/MTL/UKUWEL/LI/24/0024,MTL240128,Matale,Ukuwela,,Talingamada,E362D,තාලිංගාමඩ,,,,,,,,,,7.3875045,80.6775398
Other,OTHER,NBRO/LRRMD-MAT/MTL/UKUWEL/LI/24/0027,MTL240131,Matale,Ukuwela,,Hunuketawala,E363B,රත්වත්ත පහළ කොටස,,,,,,,,,,7.4227365,80.6518567
Other,OTHER,NBRO/LRRMD-MAT/MTL/RATTOT/LI/24/0029,MTL240144,Matale,Rattota,,Bambarakiriella,E375D,බඹරකිරිඇල්ල,,,,,,,,,,7.4971,80.6984
Other,OTHER,NBRO/LRRMD-MAT/MTL/UKUWEL/LI/24/0048,MTL240203,Matale,Ukuwela,,Alawathuwala,E344C,අලවතුවල,,,,,,,,,,7.4568919,80.5734148
Other,OTHER,NBRO/LRRMD-MAT/MTL/UKUWEL/LI/24/0050,MTL240212,Matale,Ukuwela,,Marukona,E360,,,,,,,,,,,7.413705,80.64168
Other,OTHER,NBRO/LRRMD-MAT/MTL/UKUWEL/LI/24/0053,MTL240215,Matale,Ukuwela,,Kaduwela,E361,,,,,,,,,,,7.39907,80.655299
Other,OTHER,NBRO/LRRMD-MAT/MTL/MATALE/LI/24/0061,MTL240224,Matale,Matale,,Pandivita,E349,Padivita,,,,,,,,,,7.4575791,80.6012583
Other,OTHER,NBRO/LRRMD-MAT/MTL/MATALE/LI/24/0063,MTL240226,Matale,Matale,,Kandegedara,E351,අගලවත්ත ජනපදය,,,,,,,,,,7.4757266,80.6144319
Other,OTHER,NBRO/LRRMD-MAT/MTL/WILGAM/LI/24/0084,MTL240324,Matale,Wilgamuwa,,Naminigama,E394B,,,,,,,,,,,7.533109,80.955723
Other,OTHER,NBRO/LRRMD-MAT/MTL/WILGAM/LI/24/0085,MTL240327,Matale,Wilgamuwa,,80 Yaya,E393D,,,,,,,,,,,7.496826,80.948118
Other,OTHER,NBRO/LRRMD-MAT/MTL/WILGAM/LI/24/0086,MTL240328,Matale,Wilgamuwa,,Hettipola,E394A,ගොඩ උල්පොත,,,,,,,,,,7.558031,80.9037535
Other,OTHER,NBRO/LRRMD-MAT/MTL/LAGGAP/LI/24/0087,MTL240330,Matale,Laggala-Pallegama,,Maoya,E402B,,,,,,,,,,,7.670717,80.834195
Other,OTHER,NBRO/LRRMD-MAT/MTL/WILGAM/LI/24/0088,MTL240333,Matale,Wilgamuwa,,Maraka,E395H,,,,,,,,,,,7.5881196,80.9584657
Other,OTHER,NBRO/LRRMD-MAT/MTL/AMBANK/LI/24/0099,MTL240387,Matale,Ambanganga Korale,,Pussella,E384,පුස්සැල්ල,,,,,,,,,,7.5584333,80.6803917
Other,OTHER,NBRO/LRRMD-MAT/MTL/UKUWEL/LI/24/0106,MTL240395,Matale,Ukuwela,,Pahalawela,E346A,,,,,,,,,,,7.4451886,80.6261841
Other,OTHER,NBRO/LRRMD-MAT/MTL/DAMBUL/LI/24/0110,MTL240420,Matale,Dambulla,,Yapagama,E445G,yapagama,,,,,,,,,,7.8414452,80.6558407
Other,OTHER,NBRO/LRRMD-MAT/MTL/YATAWA/LI/24/0111,MTL240464,Matale,Yatawatta,,Galaliyadda,E331H,මහවෙල,,,,,,,,,,7.582,80.6101
Other,OTHER,NBRO/LRRMD-MAT/MTL/AMBANK/LI/24/0117,MTL240471,Matale,Ambanganga Korale,,Gammaduwa,E381C,Pussella Muduna (Near Samurdhi Bank),,,,,,,,,,7.55963,80.679331
Other,OTHER,NBRO/LRRMD-MAT/MTL/LAGGAP/LI/24/0121,MTL240489,Matale,Laggala-Pallegama,,Narangamuwa,E391,,,,,,,,,,,7.502551,80.838018
Other,OTHER,NBRO/LRRMD-MAT/MTL/UKUWEL/LI/24/0123,MTL240492,Matale,Ukuwela,,Maberiya,E359B,මාබේරිය,,,,,,,,,,7.4177353,80.642915
Other,OTHER,NBRO/LRRMD-MAT/MTL/RATTOT/LI/24/0126,MTL240497,Matale,Rattota,,Bodhikotuwa,E375A,බෝධිකොටුව,,,,,,,,,,7.5206,80.6834
Other,OTHER,NBRO/LRRMD-MAT/MTL/MATALE/LI/24/0128,MTL240545,Matale,Matale,,Muslim Town,E352,,,,,,,,,,,7.465669,80.623418
Other,OTHER,NBRO/LRRMD-MAT/MTL/RATTOT/LI/24/0131,MTL240557,Matale,Rattota,,Madakumbura,E375F,Madakumbura,,,,,,,,,,7.510639,80.699441
Other,OTHER,NBRO/LRRMD-MAT/MTL/RATTOT/LI/24/0132,MTL240565,Matale,Rattota,,Alwatta,E369,,,,,,,,,,,7.450789,80.663467
Other,OTHER,NBRO/LRRMD-MAT/MTL/MATALE/LI/24/0134,MTL240597,Matale,Matale,,Malwatta,E352D,"නො 78,ගොඩපල පාර,මාතලේ",,,,,,,,,,7.4740741,80.626614
Other,OTHER,NBRO/LRRMD-MAT/MTL/NAULA/LI/24/0138,MTL240666,Matale,Naula,,Moragolla,E409C,මොරගොල්ල,,,,,,,,,,7.626836,80.725084
Other,OTHER,NBRO/LRRMD-MAT/MTL/MATALE/LI/24/0159,MTL240753,Matale,Matale,,Parawatta,E350B,"11, පරාවත්ත, කළුදෑවල",,,,,,,,,,7.4951132,80.6340367
Other,OTHER,NBRO/LRRMD-MAT/MTL/MATALE/LI/24/0167,MTL240761,Matale,Matale,,Parawatta,E350B,"නො 9, පරාවත්ත, කළුදෑවල",,,,,,,,,,7.4950982,80.634035
Other,OTHER,NBRO/LRRMD-MAT/MTL/PALLEP/LI/24/0177,MTL240786,Matale,Matale,,Narangamuwa,E323,"නාරංගමුව, මඩවල උල්පත",,,,,,,,,,7.619558,80.631234
Other,OTHER,NBRO/LRRMD-MAT/MTL/NAULA/LI/24/0179,MTL240794,Matale,Naula,,Serudandapola,E415A,"139/1, මහවැලි පාර, ලේනදොර",,,,,,,,,,7.747814,80.671277
Other,OTHER,NBRO/LRRMD-MAT/MTL/UKUWEL/LI/24/0200,MTL240850,Matale,Ukuwela,,Marukona,E360,"14/9, මාරුකොන, උකුවෙල",,,,,,,,,,7.411532,80.6416521
Other,OTHER,NBRO/LRRMD-MAT/MTL/UKUWEL/LI/24/0210,MTL240860,Matale,Ukuwela,,Hunnasgiriyawatta,E362E,"හුන්නස්ගිරිය, ඇල්කඩුව, මාතලේ",,,,,,,,,,7.400544,80.6945241
Other,OTHER,NBRO/LRRMD-MAT/MTL/RATTOT/LI/24/0219,MTL240869,Matale,Rattota,,Medawatta,E375E,,,,,,,,,,,7.5154983,80.7148417
Other,OTHER,NBRO/LRRMD-MAT/MTL/MATALE/LI/24/0221,MTL240871,Matale,Matale,,Palapathwala,E328D,"423/1, වාවන්නාවත්ත, පලාපත්වල",,,,,,,,,,7.53136,80.628598
Other,OTHER,NBRO/LRRMD-MTL/MTL/MATALE/LI/25/0007,MTL250119,Matale,Matale,,Hulangamuwa North,E353B,,,,,,,,,,,7.465336,80.617579
Other,OTHER,NBRO/LRRMD-MAT/MTL/MATALE/LI/25/0016,MTL250201,Matale,Matale,,Hulangamuwa South,E353,වටගොඩ - මාතලේ මාර්ගය,,,,,,,,,,7.462219,80.60135
Other,OTHER,NBRO/LRRMD-MAT/MTL/AMBANK/LI/25/0019,MTL250209,Matale,Ambanganga Korale,,Narangolla,E384A,"366/1, සිරංගහවත්ත, දන්කන්ද",,,,,,,,,,7.54029,80.6913602
Other,OTHER,NBRO/LRRMD-MAT/MTL/PALLEP/LI/25/0023,MTL250221,Matale,Pallepola,,Millawana Ihalagama,E423,,,,,,,,,,,7.65678,80.56787
Other,OTHER,NBRO/LRRMD-MAT/MTL/PALLEP/LI/25/0024,MTL250222,Matale,Pallepola,,Millawana Ihalagama,E423,"85 අයි, මානින්ගමුව, පල්ලේපොල",,,,,,,,,,7.6274271,80.5877148
Other,OTHER,NBRO/LRRMD-MAT/MTL/LAGGAP/LI/25/0027,MTL250249,Matale,Laggala-Pallegama,,Etanwala,E386,ඇටන්වල,,,,,,,,,,7.529122,80.75267
Other,OTHER,NBRO/LRRMD-MAT/MTL/UKUWEL/LI/25/0038,MTL250303,Matale,Ukuwela,,Katuattamada,E343E,,,,,,,,,,,7.4617966,80.5872702
Other,OTHER,NBRO/LRRMD-MAT/MTL/MATALE/LI/25/0043,MTL250325,Matale,Matale,,Palapathwala,E328D,"321/3, වාවින්න, පලාපත්වල",,,,,,,,,,7.5365783,80.629445
Other,OTHER,NBRO/LRRMD-MAT/MTL/UKUWEL/LI/25/0047,MTL250355,Matale,Ukuwela,,Elwala,E355A,"51/2/බී, ඇල්වල, උකුවෙල",,,,,,,,,,7.4475962,80.6293952
Other,OTHER,NBRO/LRRMD-MAT/MTL/DAMBUL/LI/25/0048,MTL250356,Matale,Dambulla,,Inamaluwa,E451,,,,,,,,,,,7.9280779,80.6873981
Other,OTHER,NBRO/LRRMD-MAT/MTL/YATAWA/LI/25/0061,MTL250530,Matale,Yatawatta,,Nagolla,E332C,"නො.65,නාගොල්ල ජනපදය,සැලගම",,,,,,,,,,7.58651,80.593419
Other,OTHER,NBRO/LRRMD-MAT/MTL/RATTOT/LI/25/0063,MTL250560,Matale,Rattota,,Pahala Owala,E372,"එරමිණිගොල්ල, පහළ ඕවල",,,,,,,,,,7.5134267,80.6514083
Other,OTHER,NBRO/LRRMD-MAT/MTL/RATTOT/LI/25/0064,MTL250561,Matale,Rattota,,Lonvil,E373C,ලෝන්විල් වත්ත,,,,,,,,,,7.5129622,80.676556
Other,OTHER,NBRO/LRRMD-MAT/MTL/RATTOT/LI/25/0065,MTL250562,Matale,Rattota,,Lonvil,E373C,"හන්සරපොල වත්ත, ලෝන්විල්",,,,,,,,,,7.5018317,80.6831517
Other,OTHER,NBRO/LRRMD-MAT/MTL/RATTOT/LI/25/0066,MTL250563,Matale,Rattota,,Lonvil,E373C,"100, ලෝන්විල් ඉහළ, රත්තොට",,,,,,,,,,7.505671,80.683235
Other,OTHER,NBRO/LRRMD-MAT/MTL/RATTOT/LI/25/0067,MTL250564,Matale,Rattota,,Lonvil,E373C,"පාරවල් 07, ලෝන්විල්, රත්තොට",,,,,,,,,,7.50986,80.68144
Other,OTHER,NBRO/LRRMD-MAT/MTL/RATTOT/LI/25/0068,MTL250565,Matale,Rattota,,Udagama,E374,"170/1, උඩගම, කයිකාවල",,,,,,,,,,7.472435,80.682699
Other,OTHER,NBRO/LRRMD-MAT/MTL/GALEWE/LI/25/0069,MTL250583,Matale,Galewela,,Dambagolla,E434B,"299/1, කලාවැව පාර, කොලෝන්ගොල්ල",,,,,,,,,,7.7647837,80.5671133
Other,OTHER,NBRO/LRRMD-MAT/MTL/UKUWEL/LI/25/0073,MTL250681,Matale,Ukuwela,,Katuattamada,E343E,"4/11 බී, අලුත් කොළණිය, මකුලේමඩ, ඕවිලිකන්ද,",,,,,,,,,,7.464664,80.59016
Other,OTHER,NBRO/LRRMD-MAT/MTL/RATTOT/LI/25/0079,MTL250746,Matale,Rattota,,Lonvil,E373C,"108, ලෝන්විල් ඉහළ කොටස, පාරවල් 7, රත්තොට",,,,,,,,,,7.506249,80.683783
Other,OTHER,NBRO/LRRMD-MAT/MTL/RATTOT/LI/25/0080,MTL250747,Matale,Rattota,,Bodhikotuwa,E375A,බෝධිකොටුව,,,,,,,,,,7.517617,80.685312
Other,OTHER,NBRO/LRRMD-MAT/MTL/RATTOT/LI/26/0179,MTL260380,Matale,Rattota,,Dambagolla,E378C,දන්කන්ද,,,,,,,,,,7.52991,80.71242
Other,OTHER,NBRO/LRRMD-MAT/MTL/AMBANK/LI/26/0197,MTL260429,Matale,Ambanganga Korale,,Pallethenna,E384F,"14, පල්ලේතැන්න",,,,,,,,,,7.544851,80.67126
Other,OTHER,NBRO/LRRMD-MAT/MTL/GALEWE/LI/26/0202,MTL260434,Matale,Galewela,,Dewahoowa Colony 1,E437C,බුලනවැව,,,,,,,,,,7.833349,80.577169
Other,OTHER,NBRO/LRRMD-MAT/MTL/GALEWE/LI/26/0203,MTL260435,Matale,Galewela,,Ibbankatuwa,E439B,"ඉබ්බන්කටුව,",,,,,,,,,,7.838006,80.631105
Other,OTHER,NBRO/LRRMD-MAT/MTL/GALEWE/LI/26/0204,MTL260436,Matale,Galewela,,Galewela Town,E432,නුවර පුර,,,,,,,,,,7.783001,80.582028
Other,OTHER,NBRO/LRRMD-MAT/MTL/WILGAM/LI/26/0254,MTL260543,Matale,Wilgamuwa,,Dewagiriya,E394F,එගොඩගම දේවගිරිය,,,,,,,,,,7.547595,80.942565
Other,OTHER,NBRO/LRRMD-MAT/MTL/WILGAM/LI/26/0256,MTL260545,Matale,Wilgamuwa,,Dunuvilapitiya,E398F,"404, දුන්විලපිටිය, මාතලේ",,,,,,,,,,7.624752,80.9612
Other,OTHER,NBRO/LRRMD-MAT/MTL/DAMBUL/LI/26/0257,MTL260546,Matale,Dambulla,,Mailattawa,E455D,"236, අලුත් යාය, මයිලැත්තෑව, සීගිරිය",,,,,,,,,,7.914364,80.752035
Other,OTHER,NBRO/LRRMD-MAT/MTL/LAGGAP/LI/26/0258,MTL260547,Matale,Laggala-Pallegama,,Maoya,E402B,"දින 100 ගම්මානය, මාඹය",,,,,,,,,,7.665792,80.842354
Other,OTHER,NBRO/LRRMD-MAT/MTL/LAGGAP/LI/26/0259,MTL260548,Matale,Laggala-Pallegama,,Ilukkumbura,E388A,"උඩවත්ත, උඩවත්ත, ඉළුක්කුඹුර",,,,,,,,,,7.52856,80.75401
Other,OTHER,NBRO/LRRMD-MAT/MTL/MATALE/LI/26/0274,MTL260585,Matale,Matale,,Hulangamuwa South,E353,"189, අස්වැද්දුම පාර , මාතලේ",,,,,,,,,,7.456071,80.607216
Other,OTHER,NBRO/LRRMD-MAT/MTL/NAULA/LI/26/0275,MTL260586,Matale,Naula,,Moragolla,E409C,"මොරගොල්ල, අඹන",,,,,,,,,,7.661235,80.70549
Other,OTHER,NBRO/LRRMD-MAT/MTL/NAULA/LI/26/0276,MTL260587,Matale,Naula,,Wewattawa,E414C,"126ඒ, තලපිටිය, වැවැත්තාව",,,,,,,,,,7.7032,80.631496
Other,OTHER,NBRO/LRRMD-MAT/MTL/UKUWEL/LI/26/0277,MTL260588,Matale,Ukuwela,,Meedeniya,E356B,"45 බී, හිජ්රා කොලනිය, වරකාමුර",,,,,,,,,,7.435083,80.625725
Other,OTHER,NBRO/LRRMD-MAT/MTL/UKUWEL/LI/26/0278,MTL260589,Matale,Ukuwela,,Thenna,E343,"22/13, ගනේගොඩතැන්න, මාතලේ",,,,,,,,,,7.443731,80.59446
Other,OTHER,NBRO/LRRMD-MAT/MTL/UKUWEL/LI/26/0279,MTL260590,Matale,Ukuwela,,Kendagolla,E347B,"5බී, එගොඩපුරිජ්ජවෙල, මාතලේ",,,,,,,,,,7.444796,80.611828
Other,OTHER,NBRO/LRRMD-MAT/MTL/YATAWA/LI/26/0280,MTL260591,Matale,Yatawatta,,Wattegedara,E331I,"42/3, පතින්ගස්කොටුව, මහවෙල, මාතලේ",,,,,,,,,,7.565115,80.608185
Other,OTHER,NBRO/LRRMD-MAT/MTL/NAULA/LI/26/0281,MTL260592,Matale,Naula,,Hapugasyaya,E415D,"ජන උදාන ගම්මානය, හපුගස්යාය, නාලන්ද",,,,,,,,,,7.648935,80.644706
Other,OTHER,NBRO/LRRMD-MAT/MTL/YATAWA/LI/26/0282,MTL260593,Matale,Yatawatta,,Ethipallawala,E335D,"40/1, ඇතිපල්ලාවල, උඩස්ගිරිය, මාතලේ",,,,,,,,,,7.540143,80.581272
Other,OTHER,NBRO/LRRMD-MAT/MTL/DAMBUL/LI/26/0309,MTL260630,Matale,Dambulla,,Bulagala,E450B,"ප්‍රගති මාවත, බූලාගල, දඹුල්ල",,,,,,,,,,7.796854,80.665222
Other,OTHER,NBRO/LRRMD-MAT/MTL/MATALE/LI/26/0317,MTL260640,Matale,Matale,,Kaludewala,E350C,කළුදෑවල,,,,,,,,,,7.482141,80.626643
Other,OTHER,NBRO/LRRMD-MAT/MTL/MATALE/LI/26/0318,MTL260641,Matale,Matale,,Nagolla,E353A,නාගොල්ල,,,,,,,,,,7.454556,80.619043
Other,OTHER,NBRO/LRRMD-MAT/MTL/PALLEP/LI/26/0364,MTL260704,Matale,Pallepola,,Mahayayawatta,E419C,මහායායවත්ත,,,,,,,,,,7.6501149,80.59928
Other,OTHER,NBRO/LRRMD-MAT/MTL/PALLEP/LI/26/0367,MTL260708,Matale,Pallepola,,Demada Oya,E417A,නාලන්ද,,,,,,,,,,7.676853,80.622016
Other,OTHER,NBRO/LRRMD-MAT/MTL/PALLEP/LI/26/0370,MTL260711,Matale,Pallepola,,Medalanda,E419D,අකුරම්බොඩ,,,,,,,,,,7.652591,80.609816
Other,OTHER,NBRO/LRRMD-MAT/MTL/MATALE/LI/26/0380,MTL260740,Matale,Matale,,Harasgama,E350,හරස්ගමුව,,,,,,,,,,7.478149,80.617848
Other,OTHER,NBRO/LRRMD-MAT/MTL/MATALE/LI/26/0382,MTL260742,Matale,Matale,,Imbulandanda,E325,රෝසවත්ත,,,,,,,,,,7.545175,80.63802
Other,OTHER,NBRO/LRRMD-MAT/MTL/MATALE/LI/26/0383,MTL260743,Matale,Matale,,Palapathwala,E328D,ග්‍රින් පාර්ක්,,,,,,,,,,7.542591,80.6250283
Other,OTHER,NBRO/LRRMD-MAT/MTL/MATALE/LI/26/0384,MTL260744,Matale,Matale,,Puwakpitiya,E324,පුවක්පිටිය,,,,,,,,,,7.570651,80.633599
Other,OTHER,NBRO/LRRMD-MAT/MTL/MATALE/LI/26/0385,MTL260745,Matale,Matale,,Palapathwala,E328D,ඔලිස්කොස්වත්ත,,,,,,,,,,7.545418,80.625953
Other,OTHER,NBRO/LRRMD-MAT/MTL/MATALE/LI/26/0386,MTL260746,Matale,Matale,,Udugama,E328,පලාපත්වල,,,,,,,,,,7.525785,80.61339
Other,OTHER,NBRO/LRRMD-MAT/MTL/WILGAM/LI/26/0428,MTL260811,Matale,Wilgamuwa,,Perakanatta,E395C,ගඟසිරිගම,,,,,,,,,,7.521973,80.970001
Other,OTHER,NBRO/LRRMD-MAT/MTL/WILGAM/LI/26/0429,MTL260812,Matale,Wilgamuwa,,Perakanatta,E395C,ගඟසිරිගම,,,,,,,,,,7.521973,80.970001
Other,OTHER,NBRO/LRRMD-MAT/MTL/WILGAM/LI/26/0430,MTL260813,Matale,Wilgamuwa,,Perakanatta,E395C,ගඟසිරිගම,,,,,,,,,,7.521834,80.97028
Other,OTHER,NBRO/LRRMD-MAT/MTL/WILGAM/LI/26/0431,MTL260814,Matale,Wilgamuwa,,Perakanatta,E395C,ගඟසිරිගම,,,,,,,,,,7.520057,80.969469
Other,OTHER,NBRO/LRRMD-MAT/MTL/WILGAM/LI/26/0432,MTL260815,Matale,Wilgamuwa,,Perakanatta,E395C,ගඟසිරිගම,,,,,,,,,,7.52064,80.970578
Other,OTHER,NBRO/LRRMD-MAT/MTL/WILGAM/LI/26/0434,MTL260818,Matale,Wilgamuwa,,Perakanatta,E395C,ගඟසිරිගම,,,,,,,,,,7.520885,80.969591
Other,OTHER,NBRO/LRRMD-MAT/MTL/YATAWA/LI/26/0435,MTL260822,Matale,Yatawatta,,Yatawatta,E334,,,,,,,,,,,7.559578,80.593568
Other,OTHER,NBRO/LRRMD-MAT/MTL/WILGAM/LI/26/0523,MTL260953,Matale,Wilgamuwa,,Perakanatta,E395C,පේරකනත්ත,,,,,,,,,,7.514566,80.970575
Other,OTHER,NBRO/LRRMD-MAT/MTL/WILGAM/LI/26/0524,MTL260954,Matale,Wilgamuwa,,Perakanatta,E395C,පේරකනත්ත,,,,,,,,,,7.514659,80.970581
Other,OTHER,NBRO/LRRMD-MAT/MTL/WILGAM/LI/26/0525,MTL260955,Matale,Wilgamuwa,,Perakanatta,E395C,පේරකනත්ත,,,,,,,,,,7.516657,80.969005
Other,OTHER,NBRO/LRRMD-MAT/MTL/WILGAM/LI/26/0526,MTL260956,Matale,Wilgamuwa,,Perakanatta,E395C,පේරකනත්ත,,,,,,,,,,7.520057,80.969469
Other,OTHER,NBRO/LRRMD-MAT/MTL/WILGAM/LI/26/0527,MTL260957,Matale,Wilgamuwa,,Perakanatta,E395C,පේරකනත්ත,,,,,,,,,,7.519716,80.96993
Other,OTHER,NBRO/LRRMD-MAT/MTL/WILGAM/LI/26/0528,MTL260958,Matale,Wilgamuwa,,Perakanatta,E395C,පේරකනත්ත,,,,,,,,,,7.518622,80.970349
Other,OTHER,NBRO/LRRMD-MAT/MTL/WILGAM/LI/26/0529,MTL260959,Matale,Wilgamuwa,,Perakanatta,E395C,පේරකනත්ත,,,,,,,,,,7.517678,80.97008
Other,OTHER,NBRO/LRRMD-MAT/MTL/WILGAM/LI/26/0530,MTL260960,Matale,Wilgamuwa,,Perakanatta,E395C,පේරකනත්ත,,,,,,,,,,7.518012,80.969923
Other,OTHER,NBRO/LRRMD-MAT/MTL/WILGAM/LI/26/0532,MTL260962,Matale,Wilgamuwa,,Perakanatta,E395C,පේරකනත්ත,,,,,,,,,,7.51687,80.970018
Other,OTHER,NBRO/LRRMD-MAT/MTL/WILGAM/LI/26/0534,MTL260964,Matale,Wilgamuwa,,Perakanatta,E395C,පේරකනත්ත,,,,,,,,,,7.515531,80.968233
Other,OTHER,NBRO/LRRMD-MAT/MTL/WILGAM/LI/26/0535,MTL260965,Matale,Wilgamuwa,,Perakanatta,E395C,පේරකනත්ත,,,,,,,,,,7.511871,80.961753
Other,OTHER,NBRO/LRRMD-MAT/MTL/WILGAM/LI/26/0536,MTL260966,Matale,Wilgamuwa,,Perakanatta,E395C,පේරකනත්ත,,,,,,,,,,7.515889,80.970278
Other,OTHER,NBRO/LRRMD-MAT/MTL/WILGAM/LI/26/0538,MTL260968,Matale,Wilgamuwa,,Perakanatta,E395C,පේරකනත්ත,,,,,,,,,,7.516769,80.968997
Other,OTHER,NBRO/LRRMD-MAT/MTL/WILGAM/LI/26/0540,MTL260970,Matale,Wilgamuwa,,Perakanatta,E395C,පේරකනත්ත,,,,,,,,,,7.513403,80.967956
Other,OTHER,NBRO/LRRMD-MAT/MTL/WILGAM/LI/26/0541,MTL260971,Matale,Wilgamuwa,,Perakanatta,E395C,පේරකනත්ත,,,,,,,,,,7.517168,80.969559
Other,OTHER,NBRO/LRRMD-MAT/MTL/WILGAM/LI/26/0542,MTL260972,Matale,Wilgamuwa,,Perakanatta,E395C,පේරකනත්ත,,,,,,,,,,7.514228,80.970478
Other,OTHER,NBRO/LRRMD-MAT/MTL/WILGAM/LI/26/0543,MTL260973,Matale,Wilgamuwa,,Perakanatta,E395C,පේරකනත්ත,,,,,,,,,,7.515976,80.953141
Other,OTHER,NBRO/LRRMD-MAT/MTL/MATALE/LI/26/0557,MTL260987,Matale,Matale,,Kaludewala,E350C,කළුදෑවල,,,,,,,,,,7.483318,80.627086
Other,OTHER,NBRO/LRRMD-MAT/MTL/MATALE/LI/26/0558,MTL260988,Matale,Matale,,Kaludewala,E350C,කළුදෑවල,,,,,,,,,,7.483332,80.627081
Other,OTHER,NBRO/LRRMD-MAT/MTL/MATALE/LI/26/0559,MTL260989,Matale,Matale,,Udugama,E328,උඩුගම,,,,,,,,,,7.527316,80.613469
Other,OTHER,NBRO/LRRMD-MAT/MTL/MATALE/LI/26/0560,MTL260990,Matale,Matale,,Pandivita,E349,ඉහළගම,,,,,,,,,,7.479157,80.617818
Other,OTHER,NBRO/LRRMD-MAT/MTL/NAULA/LI/26/0600,MTL261066,Matale,Naula,,Andawala,E382,ආඳාවල,,,,,,,,,,7.608224,80.686098
Other,OTHER,NBRO/LRRMD-MAT/MTL/YATAWA/LI/26/0608,MTL261075,Matale,Yatawatta,,Madadeniya,E336A,මඩදෙණිය,,,,,,,,,,7.529255,80.58259
Other,OTHER,NBRO/LRRMD-MAT/MTL/RATTOT/LI/26/0624,MTL261112,Matale,Rattota,,Ulpothapitiya,E370,කිවුල ජනපදය,,,,,,,,,,7.497403,80.648663
Other,OTHER,NBRO/LRRMD-MAT/MTL/PALLEP/LI/26/0625,MTL261113,Matale,Pallepola,,Koholanwala,E416D,නාලන්ද,,,,,,,,,,7.632866,80.624055
Other,OTHER,NBRO/LRRMD-MAT/MTL/NAULA/LI/26/0689,MTL261180,Matale,Naula,,Alugolla,E415C,නාලන්ද,,,,,,,,,,7.676404,80.632354
Other,OTHER,NBRO/LRRMD-MAT/MTL/NAULA/LI/26/0690,MTL261181,Matale,Naula,,Elhena,E415F,ඇල්හේන,,,,,,,,,,7.6791833,80.639856
Other,OTHER,NBRO/LRRMD-MAT/MTL/NAULA/LI/26/0691,MTL261182,Matale,Naula,,Lihinipitiya,E382A,ආදාවල,,,,,,,,,,7.616408,80.6702432
Other,OTHER,NBRO/LRRMD-MAT/MTL/NAULA/LI/26/0693,MTL261184,Matale,Naula,,Mailpitiya,E414,මේල්පිටිය,,,,,,,,,,7.6952297,80.6283908
Other,OTHER,NBRO/LRRMD-MAT/MTL/NAULA/LI/26/0694,MTL261185,Matale,Naula,,Pilihudugolla Ihalagama,E410,පිළිහුඩුගොල්ල,,,,,,,,,,7.6945817,80.6644067
Other,OTHER,NBRO/LRRMD-MAT/MTL/RATTOT/LI/26/0704,MTL261195,Matale,Rattota,,Epitamulla,E368F,මුවන්දෙණිය,,,,,,,,,,7.4782453,80.6647035
Other,OTHER,NBRO/LRRMD-MAT/MTL/RATTOT/LI/26/0706,MTL261197,Matale,Rattota,,Maussagolla,E375,මාවුස්සාගොල්ල,,,,,,,,,,7.5040633,80.691241
Other,OTHER,NBRO/LRRMD-MAT/MTL/RATTOT/LI/26/0707,MTL261198,Matale,Rattota,,Welangahawatta,E376A,වෙලන්ගහවත්ත,,,,,,,,,,7.48696,80.696613
Other,OTHER,NBRO/LRRMD-MAT/MTL/MATALE/LI/26/0717,MTL261208,Matale,Matale,,Udugama,E328,උඩුගම,,,,,,,,,,7.516202,80.610367
Other,OTHER,NBRO/LRRMD-MAT/MTL/MATALE/LI/26/0718,MTL261209,Matale,Matale,,Parana Dombawela,E329A,පරණ දොඹවෙල,,,,,,,,,,7.542275,80.617089
Other,OTHER,NBRO/LRRMD-MAT/MTL/MATALE/LI/26/0719,MTL261210,Matale,Matale,,Vihara Road,E352G,විහාර පාර,,,,,,,,,,7.47093,80.62027
Other,OTHER,NBRO/LRRMD-MAT/MTL/PALLEP/LI/26/0720,MTL261211,Matale,Pallepola,,Koholanwala,E416D,කොහොලන්වල,,,,,,,,,,7.627575,80.626908
Other,OTHER,NBRO/LRRMD-MAT/MTL/MATALE/LI/26/0721,MTL261212,Matale,Matale,,Kaludewala,E350C,කළුදෑවල,,,,,,,,,,7.480545,80.628618
Other,OTHER,NBRO/LRRMD-MAT/MTL/AMBANK/LI/26/0722,MTL261213,Matale,Ambanganga Korale,,Kavudagammana,E384D,කවුඩාගමමන,,,,,,,,,,7.52753,80.685569
Other,OTHER,NBRO/LRRMD-MAT/MTL/PALLEP/LI/26/0730,MTL261251,Matale,Pallepola,,Nagahapola,E419E,නාගහපොල,,,,,,,,,,7.6575783,80.6042017
Other,OTHER,NBRO/LRRMD-MAT/MTL/RATTOT/LI/26/0732,MTL261253,Matale,Rattota,,Bambarakiriella,E375D,රත්තොට,,,,,,,,,,7.496343,80.70061
Other,OTHER,NBRO/LRRMD-MAT/MTL/WILGAM/LI/26/0735,MTL261256,Matale,Wilgamuwa,,Wilgamuwa,E395,පේරකනත්ත,,,,,,,,,,7.519403,80.946036
Other,OTHER,NBRO/LRRMD-MAT/MTL/MATALE/LI/26/0736,MTL261257,Matale,Matale,,Koombiyangoda,E348A,රේාවත්ත,,,,,,,,,,7.5480288,80.628691
Other,OTHER,NBRO/LRRMD-MAT/MTL/MATALE/LI/26/0737,MTL261258,Matale,Matale,,Imbulandanda,E325,ඉඹුලන්දණ්ඩ,,,,,,,,,,7.548165,80.629529
Other,OTHER,NBRO/LRRMD-MAT/MTL/MATALE/LI/26/0738,MTL261259,Matale,Matale,,Dodamdeniya,E351A,මාතලේ,,,,,,,,,,7.46559,80.61056
Other,OTHER,NBRO/LRRMD-MAT/MTL/RATTOT/LI/26/0741,MTL261270,Matale,Rattota,,Epitamulla,E368F,මුවන්දෙණිය,,,,,,,,,,7.4834551,80.662595
Other,OTHER,NBRO/LRRMD-MAT/MTL/YATAWA/LI/26/0771,MTL261327,Matale,Yatawatta,,Deevilla North,E337C,දීවිල්ල,,,,,,,,,,7.560925,80.601157
Other,OTHER,NBRO/LRRMD-MAT/MTL/UKUWEL/LI/26/0773,MTL261329,Matale,Ukuwela,,Gurulawela South,E358A,ගුරුලවෙල,,,,,,,,,,7.407127,80.634899
Other,OTHER,NBRO/LRRMD-MAT/MTL/UKUWEL/LI/26/0774,MTL261330,Matale,Ukuwela,,Gurulawela North,E358,ගුරුලවෙල,,,,,,,,,,7.410175,80.632135
Other,OTHER,NBRO/LRRMD-MAT/MTL/UKUWEL/LI/26/0777,MTL261335,Matale,Ukuwela,,Gurulawela South,E358A,ගුරුලවෙල,,,,,,,,,,7.41104,80.637192
Other,OTHER,NBRO/LRRMD-MAT/MTL/UKUWEL/LI/26/0779,MTL261337,Matale,Ukuwela,,Kirimetiyawa,E343A,කිරිමැටියාව,,,,,,,,,,7.4542667,80.5972696
Other,OTHER,NBRO/LRRMD-MAT/MTL/RATTOT/LI/26/0780,MTL261338,Matale,Rattota,,Nikawella,E377,වලතලාව,,,,,,,,,,7.527212,80.6636602
Other,OTHER,NBRO/LRRMD-MAT/MTL/YATAWA/LI/26/0781,MTL261339,Matale,Yatawatta,,Lakshahena,E335E,උඩස්ගිරිය,,,,,,,,,,7.548025,80.5819964
Other,OTHER,NBRO/LRRMD-MAT/MTL/RATTOT/LI/26/0782,MTL261340,Matale,Rattota,,Pallegama,E373,බණ්ඩාරවත්ත,,,,,,,,,,7.5113415,80.6715569
Other,OTHER,NBRO/LRRMD-MAT/MTL/RATTOT/LI/26/0783,MTL261341,Matale,Rattota,,Nikawella,E377,වලතලාව,,,,,,,,,,7.527292,80.663602
Other,OTHER,NBRO/LRRMD-MAT/MTL/RATTOT/LI/26/0784,MTL261342,Matale,Rattota,,Gansarapola,E374D,ගන්සරපොල,,,,,,,,,,7.5120283,80.657131
Other,OTHER,NBRO/LRRMD-MAT/MTL/UKUWEL/LI/26/0785,MTL261343,Matale,Ukuwela,,Gurulawela South,E358A,ගුරුලවෙල,,,,,,,,,,7.414829,80.633687
Other,OTHER,NBRO/LRRMD-MAT/MTL/RATTOT/LI/26/0786,MTL261344,Matale,Rattota,,Kaikawala,E373A,ඉසුරුගම,,,,,,,,,,7.51339,80.658968
Other,OTHER,NBRO/LRRMD-MAT/MTL/WILGAM/LI/26/0908,MTL261558,Matale,Wilgamuwa,,Malgammana,E395J,මල්ගම්මන,,,,,,,,,,7.5709765,80.970052
Other,OTHER,NBRO/LRRMD-MAT/MTL/WILGAM/LI/26/0909,MTL261559,Matale,Wilgamuwa,,Malgammana,E395J,මල්ගම්මන,,,,,,,,,,7.5747197,80.966958
Other,OTHER,NBRO/LRRMD-MAT/MTL/WILGAM/LI/26/0910,MTL261560,Matale,Wilgamuwa,,Dewagiriya,E394F,දේවගිරිය,,,,,,,,,,7.5594997,80.9325965
Other,OTHER,NBRO/LRRMD-MAT/MTL/WILGAM/LI/26/0911,MTL261561,Matale,Wilgamuwa,,Naminigama,E394B,නාමිණිඔය,,,,,,,,,,7.537145,80.9325467
Other,OTHER,NBRO/LRRMD-MAT/MTL/WILGAM/LI/26/0912,MTL261562,Matale,Wilgamuwa,,Malgammana,E395J,ගඟේ යාය,,,,,,,,,,7.5691457,80.970081
Other,OTHER,NBRO/LRRMD-MAT/MTL/WILGAM/LI/26/0913,MTL261563,Matale,Wilgamuwa,,Sonutta,E393,ගඟේ යාය,,,,,,,,,,7.4899457,80.9684457
Other,OTHER,NBRO/LRRMD-MTR/MTR/MULATI/LI/11/0003,MTR110003,Matara,Mulatiyana,,Pallawela,279C,"නො. 90/5 ඒ, ඉහලමුල්ල, මුල්ලහේන, පල්ලාවෙල, රදාවෙල.",,,,,,,,,,6.114283,80.615867
Other,OTHER,NBRO/LRRMD-MTR/MTR/MULATI/LI/12/0004,MTR120004,Matara,Mulatiyana,,Maduwala,275D,"“සරනි“, මඩුවල, දෙයියන්දර.",,,,,,,,,,6.152398,80.600354
Other,OTHER,NBRO/LRRMD-MTR/MTR/KOTAPO/LI/12/0040,MTR120049,Matara,Kotapola,,Kotapola South,242A,"මොරවක දිසා අධිකරණය, ගල්දොළ, කොටපොල",,,,,,,,,,6.281817,80.545933
Other,OTHER,NBRO/LRRMD-MTR/MTR/AKURES/LI/12/0042,MTR120051,Matara,Akuressa,,Lenama North,363F,හුලංදාව වත්ත,,,,,,,,,,6.173717,80.45935
Other,OTHER,NBRO/LRRMD-MTR/MTR/PITABE/LI/12/0044,MTR120054,Matara,Pitabeddara,,Rambukana East,262B,"නො: 82, හිල්ටවුන්, වැලිව, මොරවක",,,,,,,,,,6.250533,80.495883
Other,OTHER,NBRO/LRRMD-MTR/MTR/MULATI/LI/13/0009,MTR130009,Matara,Mulatiyana,,Kudapana,271B,"එරෙල්ලාවල ප්‍රදේශය, මුලටියන - කොටපොළ මාර්ගය.",,,,,,,,,,6.1892,80.580917
Other,OTHER,NBRO/LRRMD-MTR/MTR/MULATI/LI/13/0010,MTR130010,Matara,Mulatiyana,,Beragama South,303C,"තලහගහහේන, බැරගම - දකුණ, මාකඳුර.",,,,,,,,,,6.149933,80.5457
Other,OTHER,NBRO/LRRMD-MTR/MTR/KAMBUR/LI/13/0031,MTR130034,Matara,Kamburupitiya,,Karaputugala South,324,මාතරගෙවත්ත,,,,,,,,,,6.072933,80.598567
Other,OTHER,NBRO/LRRMD-MTR/MTR/KOTAPO/LI/13/0032,MTR130036,Matara,Kotapola,,Viharahena,244,විහාරහේන - සෙල්වකන්ද වතුයාය,,,,,,,,,,6.37325,80.615633
Other,OTHER,NBRO/LRRMD-MTR/MTR/AKURES/LI/13/0038,MTR130042,Matara,Akuressa,,Poramba,361A,පෝරඔ,,,,,,,,,,6.107683,80.47508
Other,OTHER,NBRO/LRRMD-MTR/MTR/PITABE/LI/13/0042,MTR130046,Matara,Pitabeddara,,Thalapekumbura,261G,"අබේවික්‍රම ස්ටෝර්ස්, දෑරංගලවත්ත, අතුඇළ",,,,,,,,,,6.24355,80.469567
Other,OTHER,NBRO/LRRMD-MTR/MTR/KAMBUR/LI/14/0011,MTR140011,Matara,Kamburupitiya,,Mapalana Mangin Ihala,331D,"කොට්ටගහහේන, මාපලාන.",,,,,,,,,,6.050533,80.566133
Other,OTHER,NBRO/LRRMD-MTR/MTR/MULATI/LI/14/0013,MTR140013,Matara,Mulatiyana,,Mulatiyana,272,"45, කඩේගෙදර, මාවරල පාර, මුලටියන.",,,,,,,,,,6.161533,80.584017
Other,OTHER,NBRO/LRRMD-MTR/MTR/MULATI/LI/14/0015,MTR140015,Matara,Mulatiyana,,Gombaddala South,271,"අංක, 28/1, ඇපරලේ, ගොම්බද්දල.",,,,,,,,,,6.194703,80.56427
Other,OTHER,NBRO/LRRMD-MTR/MTR/MULATI/LI/14/0017,MTR140017,Matara,Mulatiyana,,Diddenipotha North,302B,මාර/දිද්දෙණියපොත මහ විදුහල.,,,,,,,,,,6.15668,80.575567
Other,OTHER,NBRO/LRRMD-MTR/MTR/KIRINP/LI/14/0072,MTR140077,Matara,Kirinda Puhulwella,,Walakanda East,327B,"ප්‍රාදේශීය ලේකම්, ප්‍රාදේශීය ලේකම් කාර්යාලය, කිරින්ද පුහුල්වැල්ල",,,,,,,,,,6.02945,80.658017
Other,OTHER,NBRO/LRRMD-MTR/MTR/KIRINP/LI/14/0073,MTR140078,Matara,Kirinda Puhulwella,,Hettiyawala West,325F,"ප්‍රාදේශීය ලේකම්, ප්‍රාදේශීය ලේකම් කාර්යාලය, කිරින්ද පුහුල්වැල්ල",,,,,,,,,,6.05795,80.6376
Other,OTHER,NBRO/LRRMD-MTR/MTR/KIRINP/LI/14/0074,MTR140079,Matara,Kirinda Puhulwella,,Hettiyawala West,325F,"ප්‍රාදේශීය ලේකම්, ප්‍රාදේශීය ලේකම් කාර්යාලය, කිරින්ද පුහුල්වැල්ල",,,,,,,,,,6.060167,80.650383
Other,OTHER,NBRO/LRRMD-MTR/MTR/KIRINP/LI/14/0075,MTR140080,Matara,Kirinda Puhulwella,,Naradda,290B,"ප්‍රාදේශීය ලේකම්, ප්‍රාදේශීය ලේකම් කාර්යාලය, කිරින්ද පුහුල්වැල්ල",,,,,,,,,,6.073183,80.674567
Other,OTHER,NBRO/LRRMD-MTR/MTR/KIRINP/LI/14/0076,MTR140081,Matara,Kirinda Puhulwella,,Wathukolakanda North,327A,"ප්‍රාදේශීය ලේකම්, ප්‍රාදේශීය ලේකම් කාර්යාලය, කිරින්ද පුහුල්වැල්ල",,,,,,,,,,6.028917,80.618833
Other,OTHER,NBRO/LRRMD-MTR/MTR/KIRINP/LI/14/0077,MTR140082,Matara,Kirinda Puhulwella,,Hettiyawala East,325A,"ප්‍රාදේශීය ලේකම්, ප්‍රාදේශීය ලේකම් කාර්යාලය, කිරින්ද පුහුල්වැල්ල",,,,,,,,,,6.058717,80.656033
Other,OTHER,NBRO/LRRMD-MTR/MTR/KIRINP/LI/14/0079,MTR140084,Matara,Kirinda Puhulwella,,Ovitigamuwa North,328A,"ප්‍රාදේශීය ලේකම්, ප්‍රාදේශීය ලේකම් කාර්යාලය, කිරින්ද පුහුල්වැල්ල",,,,,,,,,,6.0691,80.6101
Other,OTHER,NBRO/LRRMD-MTR/MTR/MALIMB/LI/14/0080,MTR140085,Matara,Malimbada,,Thelijjavila,353A,"නුගදූව, පාලටුව",,,,,,,,,,5.993533,80.519867
Other,OTHER,NBRO/LRRMD-MTR/MTR/AKURES/LI/14/0085,MTR140090,Matara,Akuressa,,Akuressa,360,අකුරැස්ස - කලවැල්ලගොඩ,,,,,,,,,,6.104567,80.4742
Other,OTHER,NBRO/LRRMD-MTR/MTR/AKURES/LI/14/0090,MTR140095,Matara,Akuressa,,Akuressa,360,"ජාතික ජල සම්පාදන හා ජල පවාහන මණ්ඩලය, කළමණාකරු, මාතර",,,,,,,,,,6.104567,80.4742
Other,OTHER,NBRO/LRRMD-MTR/MTR/AKURES/LI/14/0092,MTR140097,Matara,Akuressa,,Akuressa,360,"මාර/ඇල්ලෙවල කනිටු විදුහල අසල, ඇල්ලවෙල මාරඔ, අකුරැස්ස",,,,,,,,,,6.1382,80.453417
Other,OTHER,NBRO/LRRMD-MTR/MTR/AKURES/LI/14/0098,MTR140103,Matara,Akuressa,,Nimalawa East,371B,"ඉදිගස්හේන ප්‍රජා ශාලාව අසල, ඉදිගස්හේන, හේනගම, අකුරැස්ස",,,,,,,,,,6.057883,80.456183
Other,OTHER,NBRO/LRRMD-MTR/MTR/AKURES/LI/14/0100,MTR140105,Matara,Akuressa,,Henegama West,370A,"ශ්‍රී සුධර්මාරාමය කියාඩුව, අකුරැස්ස",,,,,,,,,,6.06875,80.4678
Other,OTHER,NBRO/LRRMD-MTR/MTR/AKURES/LI/14/0109,MTR140114,Matara,Akuressa,,Hulandawa,363E,"විකසිතගම ක්‍රීඩාපිටියේ නැගෙනහිර දිශාවේ මායිම අසල, විකසිතගම, හුලංදාව",,,,,,,,,,6.179417,80.467783
Other,OTHER,NBRO/LRRMD-MTR/MTR/AKURES/LI/14/0110,MTR140115,Matara,Akuressa,,Higgoda,364A,"හික්ගොඩ කනිෂ්ඨ විද්‍යාලයේ පන්සල් ඉඩමේ පිහිටි භූමිය, හිග්ගොඩ කනිෂ්ඨ විද්‍යාලය, දියලපේ",,,,,,,,,,6.1175,80.458083
Other,OTHER,NBRO/LRRMD-MTR/MTR/AKURES/LI/14/0111,MTR140116,Matara,Akuressa,,Ganhela,362,"ගංහැල කනිෂ්ඨ විද්‍යාලය, ගංහෑල",,,,,,,,,,6.135367,80.465867
Other,OTHER,NBRO/LRRMD-MTR/MTR/AKURES/LI/14/0112,MTR140117,Matara,Akuressa,,Melewwa,359C,"මැලැව්ව ප්‍රජා ශාලාව පිහිටි ස්ථානය, මැලැව්ව",,,,,,,,,,6.079933,80.476317
Other,OTHER,NBRO/LRRMD-MTR/MTR/AKURES/LI/14/0113,MTR140118,Matara,Akuressa,,Paraduwa South,359A,"මාතර/ ධර්මරාජ කණිෂ්ඨ විද්‍යාල භූමියේ උතුරු දිශාවේ මායිම අසල, පහුරන්විල, පරදූව",,,,,,,,,,6.068617,80.478767
Other,OTHER,NBRO/LRRMD-MTR/MTR/AKURES/LI/14/0114,MTR140119,Matara,Akuressa,,Asmagoda,362B,"අස්මගොඩ රජමහා විහාර භූමියේ දකුණු කෙළවර අසල, අස්මගොඩ",,,,,,,,,,6.1219,80.474867
Other,OTHER,NBRO/LRRMD-MTR/MTR/AKURES/LI/14/0115,MTR140120,Matara,Akuressa,,Peddapitiya South,363C,"මාරඔ පුරාණ රජමහා විහාරය, මාරඔ, අකුරැස්ස",,,,,,,,,,6.130783,80.485633
Other,OTHER,NBRO/LRRMD-MTR/MTR/AKURES/LI/14/0116,MTR140121,Matara,Akuressa,,Nimalawa,371,"ශ්‍රී බෝධිරාජ විහාරය, තෙපුදෙණිය, කනංකේ කඩ වීදිය",,,,,,,,,,6.050067,80.45925
Other,OTHER,NBRO/LRRMD-MTR/MTR/AKURES/LI/14/0117,MTR140122,Matara,Akuressa,,Weliketiya,367A,"සෞඛ්‍ය මධ්‍යස්ථානය අසල, වැලිකැටිය",,,,,,,,,,6.146233,80.44195
Other,OTHER,NBRO/LRRMD-MTR/MTR/AKURES/LI/14/0118,MTR140123,Matara,Akuressa,,Galabadahena,360C,"ගලබඩහේන ප්‍රජා ශාලාව‍, අන්නාසිගලහේන, අකුරැස්ස",,,,,,,,,,6.086967,80.461183
Other,OTHER,NBRO/LRRMD-MTR/MTR/PASGOD/LI/14/0124,MTR140129,Matara,Pasgoda,,Ehelakanda,270A,"පොල්ගස්මහේන, ඇහලකන්ද, පස්ගොඩ",,,,,,,,,,6.227067,80.592383
Other,OTHER,NBRO/LRRMD-MTR/MTR/THIHAG/LI/14/0130,MTR140146,Matara,Thihagoda,,Kithalagama Central,349B,"ගල්කැටියහේන, කිතලගම මධ්‍යම, තිහගොඩ",,,,,,,,,,6.01765,80.5431
Other,OTHER,NBRO/LRRMD-MTR/MTR/KAMBUR/LI/15/0011,MTR150011,Matara,Kamburupitiya,,Sapugoda,330A,"පෝහමුල්ල, ගෝදාව, කඹුරුපිටිය.“උත්සාහය“, පෝහමුල්ල, ගෝදාව.",,,,,,,,,,6.06965,80.552333
Other,OTHER,NBRO/LRRMD-MTR/MTR/KAMBUR/LI/15/0012,MTR150012,Matara,Kamburupitiya,,Sapugoda,330A,"“වතීෂා“, ග්‍රීන්පාර්ක්, සපුගොඩ, කඹුරුපිටිය.",,,,,,,,,,6.083783,80.550083
Other,OTHER,NBRO/LRRMD-MTR/MTR/MULATI/LI/15/0013,MTR150013,Matara,Mulatiyana,,Neralampitiya,272A,"අංක 3/4, ගල්ලෙනවත්ත, නෙරලම්පිටිය.ජේ.ජේ ගුණසේන, අංක 01, එගොඩවත්ත, නෙරලම්පිටිය.",,,,,,,,,,6.159507,80.593691
Other,OTHER,NBRO/LRRMD-MTR/MTR/WELIGA/LI/15/0021,MTR150021,Matara,Weligama,,Kapparathota North,386D,"දොලේහේන, කළුකන්දපාර.",,,,,,,,,,5.960083,80.411412
Other,OTHER,NBRO/LRRMD-MTR/MTR/KIRINP/LI/15/0070,MTR150079,Matara,Kirinda Puhulwella,,Wavulanbokka,325H,"බෙලිඅත්ත පාර, වටුලන්බොක්ක, කිරින්දපුහුල්වැල්ල",,,,,,,,,,6.048267,80.631217
Other,OTHER,NBRO/LRRMD-MTR/MTR/ATHURA/LI/15/0073,MTR150082,Matara,Athuraliya,,Dematapassa,305B,"මදුප්‍රිය සෙවන , බෝපගොඩ, දෙමටපස්ස",,,,,,,,,,6.150867,80.50145
Other,OTHER,NBRO/LRRMD-MTR/MTR/ATHURA/LI/15/0074,MTR150083,Matara,Athuraliya,,Divithura,305A,"පනුවලහේන, දිවිතුර, බෝපගොඩ",,,,,,,,,,6.156233,80.489433
Other,OTHER,NBRO/LRRMD-MTR/MTR/MALIMB/LI/15/0075,MTR150084,Matara,Malimbada,,Thelijjavila,353A,"දොළමුල්ල, හොරගොඩ, තෙලිජ්ජවිල",,,,,,,,,,6.0449,80.470217
Other,OTHER,NBRO/LRRMD-MTR/MTR/THIHAG/LI/15/0081,MTR150090,Matara,Thihagoda,,Medauyangoda,334A,තිහගොඩ,,,,,,,,,,6.0193,80.594317
Other,OTHER,NBRO/LRRMD-MTR/MTR/AKURES/LI/15/0083,MTR150092,Matara,Akuressa,,Akuressa,360,"ප්‍රාදේශීය ලේකම් කාර්යාලය, අකුරැස්ස",,,,,,,,,,6.097267,80.47355
Other,OTHER,NBRO/LRRMD-MTR/MTR/AKURES/LI/15/0084,MTR150093,Matara,Akuressa,,Akuressa,360,අකුරැස්ස දිසා රෝහල,,,,,,,,,,6.087733,80.473683
Other,OTHER,NBRO/LRRMD-MTR/MTR/AKURES/LI/15/0085,MTR150094,Matara,Akuressa,,Eramudugoda,365,"මුදක්කර, එරමුදුගොඩ, මලිදුව",,,,,,,,,,6.127317,80.434683
Other,OTHER,NBRO/LRRMD-MTR/MTR/AKURES/LI/15/0086,MTR150095,Matara,Akuressa,,Eramudugoda,365,"මුද්දක්කරයවත්ත, එරමුදුගොඩ, මලිදුව, අකුරැස්ස",,,,,,,,,,6.12605,80.434583
Other,OTHER,NBRO/LRRMD-MTR/MTR/AKURES/LI/15/0087,MTR150096,Matara,Akuressa,,Vilagama,367B,"මුද්දක්කරයවත්ත, එරමුදුගොඩ, මලිදූව, අකුරැස්ස",,,,,,,,,,6.12605,80.434583
Other,OTHER,NBRO/LRRMD-MTR/MTR/AKURES/LI/15/0089,MTR150098,Matara,Akuressa,,Vilagama,367B,"විලගම පන්සල අසල, කරතුරවත්ත, විලගම, මලිදූව, අකුරැස්ස",,,,,,,,,,6.143983,80.583333
Other,OTHER,NBRO/LRRMD-MTR/MTR/AKURES/LI/15/0090,MTR150099,Matara,Akuressa,,Gallala,371A,"උඩවත්ත, ගල්ලල, කනංකේ කඩවීදිය",,,,,,,,,,6.0641,80.446717
Other,OTHER,NBRO/LRRMD-MTR/MTR/AKURES/LI/15/0092,MTR150101,Matara,Akuressa,,Gallala,371A,"උඩවත්ත, ගලල්ල, කනංකේ කඩවීදීය",,,,,,,,,,6.0641,80.446717
Other,OTHER,NBRO/LRRMD-MTR/MTR/AKURES/LI/15/0093,MTR150102,Matara,Akuressa,,Henegama,370,කේ.ජී. විමලසේනගේ නිවස අසල ඉඩම,,,,,,,,,,6.1318,80.50825
Other,OTHER,NBRO/LRRMD-MTR/MTR/PITABE/LI/15/0096,MTR150105,Matara,Pitabeddara,,Aluwana,262E,"බටහේන, කන්දෙගෙවත්ත, අළුන්කන්ද, වැලිව, මොරවක",,,,,,,,,,6.250567,80.503733
Other,OTHER,NBRO/LRRMD-MTR/MTR/DEVINU/LI/15/0104,MTR150113,Matara,Devinuwara,,Thalalla East,438B,"අලුත් ගෙදර, තලල්ල නැගෙනහිර, කැකණදුර, මාතර",,,,,,,,,,5.954833,80.610467
Other,OTHER,NBRO/LRRMD-MTR/MTR/DEVINU/LI/15/0105,MTR150114,Matara,Devinuwara,,Kapugama North,436B,"තල්ගම වත්ත, කපුගම උතුර, දෙවිනුවර",,,,,,,,,,5.94335,80.601767
Other,OTHER,NBRO/LRRMD-MTR/MTR/PASGOD/LI/15/0106,MTR150115,Matara,Pasgoda,,Galketikanda,268B,"දොඩම්ගස්තැන්න, ගල්කැටිකන්ද, රොටුඔ",,,,,,,,,,6.219483,80.58345
Other,OTHER,NBRO/LRRMD-MTR/MTR/PASGOD/LI/15/0107,MTR150116,Matara,Pasgoda,,Thalapalakanda,250C,"ප්‍රාදේශීය ලේකම්, ප්‍රාදේශිය ලේකම් කාර්යාලය, පස්ගොඩ",,,,,,,,,,6.329033,80.594583
Other,OTHER,NBRO/LRRMD-MTR/MTR/PASGOD/LI/15/0109,MTR150118,Matara,Pasgoda,,Pothdeniya,255A,"දෙකද්දණ්ඩ, බෙංගමුව",,,,,,,,,,6.278783,80.603617
Other,OTHER,NBRO/LRRMD-MTR/MTR/WELIGA/LI/16/0011,MTR160011,Matara,Weligama,,Mirissa North,405,මාර/මිරිස්ස මහා විද්‍යාලය.,,,,,,,,,,5.951167,80.466667
Other,OTHER,NBRO/LRRMD-MTR/MTR/MALIMB/LI/16/0030,MTR160076,Matara,Malimbada,,Malimbada South,402,"නාගොඩ, මාලිම්බඩ, පාලටුව",,,,,,,,,,5.99617,80.519617
Other,OTHER,NBRO/LRRMD-MTR/MTR/MALIMB/LI/16/0039,MTR160091,Matara,Malimbada,,Thelijjavila,353A,"අංක 46/15 , වැලිගම පාර, තෙලිජ්ජවිල",,,,,,,,,,6.023117,80.49375
Other,OTHER,NBRO/LRRMD-MTR/MTR/THIHAG/LI/16/0044,MTR160097,Matara,Thihagoda,,Dematahettigoda,340C,"නො ; 08, දම්පල්ගම, පාලටුව, උනැල්ල",,,,,,,,,,5.988583,80.511183
Other,OTHER,NBRO/LRRMD-MTR/MTR/PITABE/LI/16/0051,MTR160104,Matara,Pitabeddara,,Pitabeddara,261A,"මාර/ඩඩ්ලි සේනානායක විදුහල, පිටබැද්දර",,,,,,,,,,6.198467,80.478583
Other,OTHER,NBRO/LRRMD-MTR/MTR/DEVINU/LI/16/0053,MTR160106,Matara,Devinuwara,,Devinuwara,433C,"අංක 11, කන්දහේන, ගල්හේන පාර, දෙවිනුවර",,,,,,,,,,5.9328,80.588067
Other,OTHER,NBRO/LRRMD-MTR/MTR/KOTAPO/LI/17/0001,MTR170001,Matara,Kotapola,,Kotapola North,242,"තැන්නහේන, දියදාව, දෙනියාය",,,,,,,,,,6.32743,80.55585
Other,OTHER,NBRO/LRRMD-MTR/MTR/WELIGA/LI/17/0056,MTR170058,Matara,Weligama,,Henwala East,405C,"කටුකුරුන්දවත්ත, හේන්වල - නැගෙනහිර, 405C",,,,,,,,,,5.95892,80.47309
Other,OTHER,NBRO/LRRMD-MTR/MTR/MATAFG/LI/17/0085,MTR170087,Matara,Matara Four Gravets,,Deeyagaha West,446,"321, දීයගහ, මාතර.ශ්‍රියානි, දීයගහ, නාවිමන.",,,,,,,,,,5.97646,80.56369
Other,OTHER,NBRO/LRRMD-MTR/MTR/AKURES/LI/17/0128,MTR170130,Matara,Akuressa,,Hulandawa,363E,"බෙල්මන්ඩ් වත්ත, හුලන්දාව.",,,,,,,,,,6.17682,80.46737
Other,OTHER,NBRO/LRRMD-MTR/MTR/AKURES/LI/17/0129,MTR170131,Matara,Akuressa,,Hulandawa,363E,"252/4, පාතඕවිට, හුලන්දාව, පිටබැද්දර.252/3, පාතඕවිට, හුලන්දාව, පිටබැද්දර.",,,,,,,,,,6.18005,80.47298
Other,OTHER,NBRO/LRRMD-MTR/MTR/MULATI/LI/17/0130,MTR170164,Matara,Mulatiyana,,Dewalegama West,277A,ඇතාගලහේන,,,,,,,,,,6.1441,80.635117
Other,OTHER,NBRO/LRRMD-MTR/MTR/KIRINP/LI/17/0146,MTR170183,Matara,Kirinda Puhulwella,,Ovitigamuwa South,328,ඕවිටිගමුව,,,,,,,,,,6.05855,80.60378
Other,OTHER,NBRO/LRRMD-MTR/MTR/ATHURA/LI/17/0151,MTR170188,Matara,Athuraliya,,Thibbotuwawa,310,"ඉහලවත්ත, තිබ්බටුවාව, අකුරැස්ස",,,,,,,,,,6.09831,80.48099
Other,OTHER,NBRO/LRRMD-MTR/MTR/ATHURA/LI/17/0153,MTR170190,Matara,Athuraliya,,Yahamulla,314B,"ඉඹුල්ගහවත්තහේන, යහමුල්ල, අතුරලිය",,,,,,,,,,6.08272,80.5157
Other,OTHER,NBRO/LRRMD-MTR/MTR/ATHURA/LI/17/0158,MTR170195,Matara,Athuraliya,,Welihena,305,"සමරගිරි , වැලිහේන , බෝපගොඩ, අකුරැස්ස",,,,,,,,,,6.13998,80.48645
Other,OTHER,NBRO/LRRMD-MTR/MTR/ATHURA/LI/17/0159,MTR170196,Matara,Athuraliya,,Vilpita East 11,313B,"බෑවුලදෙණිය, විල්පිට, අකුරැස්ස",,,,,,,,,,6.10066,80.50887
Other,OTHER,NBRO/LRRMD-MTR/MTR/ATHURA/LI/17/0164,MTR170201,Matara,Athuraliya,,Panadugama,308,"131/1, පානදුගම, අකුරැස්ස",,,,,,,,,,6.10831,80.48296
Other,OTHER,NBRO/LRRMD-MTR/MTR/MALIMB/LI/17/0167,MTR170204,Matara,Malimbada,,Kadduwa,356A,"කද්දුව , තෙලිජ්ජවිල",,,,,,,,,,6.03568,80.5171
Other,OTHER,NBRO/LRRMD-MTR/MTR/THIHAG/LI/17/0176,MTR170213,Matara,Thihagoda,,Watagedara,337A,"සදීකා, අත්තුඩාව, පාලටුව",,,,,,,,,,5.98926,80.5339
Other,OTHER,NBRO/LRRMD-MTR/MTR/AKURES/LI/17/0192,MTR170229,Matara,Akuressa,,Ihala Kiyanduwa,360B,"ඉද්දමල්දෙණිය, කියාඬුව, අකුරැස්ස",,,,,,,,,,6.07311,80.45342
Other,OTHER,NBRO/LRRMD-MTR/MTR/KOTAPO/LI/17/0202,MTR170239,Matara,Kotapola,,Kotapola North,242,"මධූ ස්ටෝර්ස්, හිඟුරුපනාගල, කොටපොළ",,,,,,,,,,6.30797,80.54571
Other,OTHER,NBRO/LRRMD-MTR/MTR/KOTAPO/LI/17/0223,MTR170260,Matara,Kotapola,,Adaradeniya,244C,කේ.පී.ටී. වතුයාය,,,,,,,,,,6.35794,80.59644
Other,OTHER,NBRO/LRRMD-MTR/MTR/KOTAPO/LI/17/0225,MTR170262,Matara,Kotapola,,Pallegama North,241,"අඔගහ අසල, නිශ්ශංකපුර, පල්ලෙගම",,,,,,,,,,6.34211,80.53294
Other,OTHER,NBRO/LRRMD-MTR/MTR/KOTAPO/LI/17/0246,MTR170283,Matara,Kotapola,,Morawaka,257,"වදුරුවලදෙනිය කුඔුරු ඉඩම, මොරවක",,,,,,,,,,6.27275,80.49897
Other,OTHER,NBRO/LRRMD-MTR/MTR/DEVINU/LI/17/0255,MTR170293,Matara,Devinuwara,,Devinuwara Nugegoda,433D,"අලංගාවිලහේන, දෙවිනුවර",,,,,,,,,,5.93161,80.58346
Other,OTHER,NBRO/LRRMD-MTR/MTR/DEVINU/LI/17/0256,MTR170294,Matara,Devinuwara,,Kadawedduwa West,449A,"රාධිකා, හිගුරුපන්නල, යටියන",,,,,,,,,,6.01088,80.60528
Other,OTHER,NBRO/LRRMD-MTR/MTR/MULATI/LI/18/0031,MTR180052,Matara,Mulatiyana,,Rathkekulawa,299E,"ගොඩගමහේන, රත්කැකුලාව, රන්සෑගොඩ.",,,,,,,,,,6.118,80.55604
Other,OTHER,NBRO/LRRMD-MTR/MTR/WELIGA/LI/18/0041,MTR180062,Matara,Weligama,,Kamburugamuwa West,408A,"“කේ.කේ. වික්‍රමසිංහ“, කොරපුවත්ත, ගරාඬුව පාර, කඹුරුගමුව.",,,,,,,,,,5.942373,80.479188
Other,OTHER,NBRO/LRRMD-MTR/MTR/WELIGA/LI/18/0042,MTR180063,Matara,Weligama,,Polwathumodara,388A,"අඹගහවත්ත, පොලවතුමෝදර, වැලිගම.",,,,,,,,,,5.96639,80.46008
Other,OTHER,NBRO/LRRMD-MTR/MTR/WELIGA/LI/18/0043,MTR180064,Matara,Weligama,,Mirissa Udupila,405A,"ක්‍රෙග්හෝල්, කොළණිය, උඩුමුල්ල.",,,,,,,,,,5.95398,80.4657
Other,OTHER,NBRO/LRRMD-MTR/MTR/MATAFG/LI/18/0048,MTR180069,Matara,Matara Four Gravets,,Kekanadura Central,447A,"බියොන්ඩ් ගාමන්ට්, හේවගෙවත්ත, කැකණදුර",,,,,,,,,,5.97231,80.58859
Other,OTHER,NBRO/LRRMD-MTR/MTR/AKURES/LI/18/0081,MTR180102,Matara,Akuressa,,Poramba,361A,මාර/ පෝරභ මහ විද්‍යාලය.,,,,,,,,,,6.11107,80.47459
Other,OTHER,NBRO/LRRMD-MTR/MTR/MALIMB/LI/18/0469,MTR180512,Matara,Malimbada,,Kekunawela,357,"ඇන්දගහවත්ත, බෙරුවල, තෙලිජ්ජවිල",,,,,,,,,,6.05627,80.50779
Other,OTHER,NBRO/LRRMD-MTR/MTR/THIHAG/LI/18/0477,MTR180522,Matara,Thihagoda,,Wellethota,342,"පොලිස්ගම, වැල්ලෙතොට, පාලටුව",,,,,,,,,,6.02357,80.52834
Other,OTHER,NBRO/LRRMD-MTR/MTR/KOTAPO/LI/18/0864,MTR180910,Matara,Kotapola,,Poddana,240C,හෙට්ටිකන්ද,,,,,,,,,,6.3318,80.49481
Other,OTHER,NBRO/LRRMD-MTR/MTR/KOTAPO/LI/18/0877,MTR180923,Matara,Kotapola,,Kandilpana,241H,"බෙවරලිය වත්ත, නාථගල කොටස, ක්ෂේත්‍ර අංක 02, වතු නිවාස, කෝවිල",,,,,,,,,,6.37863,80.56129
Other,OTHER,NBRO/LRRMD-MTR/MTR/KOTAPO/LI/18/0880,MTR180926,Matara,Kotapola,,Kosmodara,242E,"කොස්මෝදර, කොටපොල",,,,,,,,,,6.28678,80.5687
Other,OTHER,NBRO/LRRMD-MTR/MTR/KOTAPO/LI/18/0892,MTR180939,Matara,Kotapola,,Lindagawahena,242G,"ලිඳගාවහේන, කොටපොල",,,,,,,,,,6.28462,80.55447
Other,OTHER,NBRO/LRRMD-MTR/MTR/KOTAPO/LI/18/0897,MTR180944,Matara,Kotapola,,Deniyaya West,243A,"දෙල්ගහවත්ත, පල්ලෙගම පාර, දෙනියාය",,,,,,,,,,6.344917,80.551267
Other,OTHER,NBRO/LRRMD-MTR/MTR/KOTAPO/LI/18/0900,MTR180947,Matara,Kotapola,,Pelawatta,257A,"අන්නාසිගලවත්ත, පැලවත්ත, වරල්ල",,,,,,,,,,6.253129,80.504899
Other,OTHER,NBRO/LRRMD-MTR/MTR/KOTAPO/LI/18/0903,MTR180950,Matara,Kotapola,,Kolawenigama,240A,"පල්ලෙකන්ද, කොළවෙනිගම",,,,,,,,,,6.3151,80.49803
Other,OTHER,NBRO/LRRMD-MTR/MTR/PITABE/LI/18/0923,MTR180970,Matara,Pitabeddara,,Galabada,259D,"අංක 341 ඩී, ගලබඩ, කළුබොවිටියාන",,,,,,,,,,6.3225,80.40888
Other,OTHER,NBRO/LRRMD-MTR/MTR/PITABE/LI/18/0925,MTR180972,Matara,Pitabeddara,,Thalapekumbura,261G,"අතුඇල, තලපෙකුඔුර, පිටබැද්දර",,,,,,,,,,6.23604,80.47604
Other,OTHER,NBRO/LRRMD-MTR/MTR/PITABE/LI/18/0926,MTR180973,Matara,Pitabeddara,,Kodikaragoda East,262H,"8ඒ, ඇටකාලපාර, අලපලාදෙණිය",,,,,,,,,,6.28705,80.46106
Other,OTHER,NBRO/LRRMD-MTR/MTR/PITABE/LI/18/0947,MTR180994,Matara,Pitabeddara,,Dangala East,259A,"2/3, මහවිල, දංගල්ල",,,,,,,,,,6.29788,80.43067
Other,OTHER,NBRO/LRRMD-MTR/MTR/PITABE/LI/18/0960,MTR181007,Matara,Pitabeddara,,Galabada,259D,"අංක 341ඩී, ගලබඩකන්ද, ගලබඩ, කළුබොවිටියාන",,,,,,,,,,6.32218,80.40863
Other,OTHER,NBRO/LRRMD-MTR/MTR/PITABE/LI/18/0963,MTR181010,Matara,Pitabeddara,,Ihala Ainagama,263E,"ගල්කැටියවත්ත, ඉහල අයිනගම, සියඔලාගොඩ",,,,,,,,,,6.19781,80.52456
Other,OTHER,NBRO/LRRMD-MTR/MTR/PITABE/LI/18/0965,MTR181012,Matara,Pitabeddara,,Galabada,259D,"නො: 447/1/A, ගලබඩ, කලුබොවිටියාන",,,,,,,,,,6.32541,80.39925
Other,OTHER,NBRO/LRRMD-MTR/MTR/PITABE/LI/18/0968,MTR181015,Matara,Pitabeddara,,Galabada,259D,"නො, 334/4, රුවන් කන්ද, කලුබොවිටියාන",,,,,,,,,,6.31581,80.41191
Other,OTHER,NBRO/LRRMD-MTR/MTR/PITABE/LI/18/0971,MTR181018,Matara,Pitabeddara,,Kotagala,266,කොවිලමුල්ල කන්ද,,,,,,,,,,6.19955,80.50461
Other,OTHER,NBRO/LRRMD-MTR/MTR/DEVINU/LI/18/0986,MTR181033,Matara,Devinuwara,,Devinuwara East,433B,"ගල්වත්ත, කිරලවැල්ල, දෙවිනුවර",,,,,,,,,,5.92779,80.59499
Other,OTHER,NBRO/LRRMD-MTR/MTR/PASGOD/LI/18/0995,MTR181042,Matara,Pasgoda,,Batandura South,251E,"හීන්දොළහේන, ඕලකුඔුර, බටාදුර, පස්ගොඩ",,,,,,,,,,6.3217,80.56644
Other,OTHER,NBRO/LRRMD-MTR/MTR/PASGOD/LI/18/0996,MTR181043,Matara,Pasgoda,,Keeripitiya East,249,"පහළබෙරුබැවුල, කීරිපිටිය, බෙරලපනාතර",,,,,,,,,,6.31178,80.61665
Other,OTHER,NBRO/LRRMD-MTR/MTR/PASGOD/LI/18/0997,MTR181044,Matara,Pasgoda,,Batandura North,251A,"නයින්දාව වත්ත, නයින්දාව, ඕලකුඔුර",,,,,,,,,,6.32857,80.57121
Other,OTHER,NBRO/LRRMD-MTR/MTR/PASGOD/LI/18/1014,MTR181061,Matara,Pasgoda,,Pasgoda,254,"උඩපස්ගොඩ, පස්ගොඩ",,,,,,,,,,6.24451,80.61638
Other,OTHER,NBRO/LRRMD-MTR/MTR/PASGOD/LI/18/1024,MTR181072,Matara,Pasgoda,,Mawarala,270,"එස්.ලෝගනාදන්, ගේට්ටුවගාව ලයිම, ගොමිල, මාවරල",,,,,,,,,,6.19648,80.5831
Other,OTHER,NBRO/LRRMD-MTR/MTR/MATAFG/LI/19/0014,MTR190014,Matara,Matara Four Gravets,,Kekanadura North,447C,"මල්ලිකා , දීයගහ, නාවිමන",,,,,,,,,,5.98128,80.58012
Other,OTHER,NBRO/LRRMD-MTR/MTR/PITABE/LI/19/0032,MTR190032,Matara,Pitabeddara,,Weliwa,262A,"සේසානි, වැලිව, මොරවක",,,,,,,,,,6.25339,80.49606
Other,OTHER,NBRO/LRRMD-MTR/MTR/PASGOD/LI/19/0065,MTR190065,Matara,Pasgoda,,Batandura South,251E,"නො. 63/බී, කෑල්ලේ ගෙදර, බටාදුර, දෙනියාය",,,,,,,,,,6.31807,80.57469
Other,OTHER,NBRO/LRRMD-MTR/MTR/AKURES/LI/19/0115,MTR190210,Matara,Akuressa,,Ketanvila,366,"කැටන්විලවත්ත, කැටන්විල, අකුරැස්ස",,,,,,,,,,6.12714,80.42739
Other,OTHER,NBRO/LRRMD-MTR/MTR/DICKWE/LI/19/0372,MTR190546,Matara,Dickwella,,Batheegama Central,451D,"''නිසංසලා'', ජූල්වත්ත, බතීගම",,,,,,,,,,5.964121,80.683185
Other,OTHER,NBRO/LRRMD-MTR/MTR/DICKWE/LI/19/0373,MTR190547,Matara,Dickwella,,Wehella North,455A,"පාළුවත්ත, ආරහේන, වේහැල්ල, ඌරුගමුව",,,,,,,,,,5.979478,80.676213
Other,OTHER,NBRO/LRRMD-MTR/MTR/KIRINP/LI/19/0375,MTR190549,Matara,Kirinda Puhulwella,,Kirinda Mangin Ihala North,325,"නාරද්දෙගෙදර, කිරින්දපුහුල්වැල්ල",,,,,,,,,,6.05658,80.63157
Other,OTHER,NBRO/LRRMD-MTR/MTR/KIRINP/LI/19/0377,MTR190551,Matara,Kirinda Puhulwella,,Hettiyawala West,325F,"පුහුල්හේන කඩේ, හෙට්ටියාවල බටහිර, කිරින්ද පුහුල්වැල්ල",,,,,,,,,,6.05913,80.64803
Other,OTHER,NBRO/LRRMD-MTR/MTR/KIRINP/LI/19/0378,MTR190552,Matara,Kirinda Puhulwella,,Hettiyawala West,325F,"‍රිවිගනවත්ත, හෙට්ටියාවල බටහිර, කිරින්ද පුහුල්වැල්ල",,,,,,,,,,6.05772,80.64266
Other,OTHER,NBRO/LRRMD-MTR/MTR/KIRINP/LI/19/0383,MTR190557,Matara,Kirinda Puhulwella,,Walakanda East,327B,"‍රජයේහේන, වලකන්ද, පුහුල්වැල්ල",,,,,,,,,,6.030072,80.665829
Other,OTHER,NBRO/LRRMD-MTR/MTR/KIRINP/LI/19/0390,MTR190564,Matara,Kirinda Puhulwella,,Hettiyawala East,325A,"සිසිල, හෙට්ටියාවල, කිරින්ද - පුහුල්වැල්ල",,,,,,,,,,6.056229,80.655985
Other,OTHER,NBRO/LRRMD-MTR/MTR/ATHURA/LI/19/0394,MTR190568,Matara,Athuraliya,,Panadugama,308,"වැලිකැටියවිට, ගංගොඩ, පානදුගම",,,,,,,,,,6.10654,80.48003
Other,OTHER,NBRO/LRRMD-MTR/MTR/THIHAG/LI/19/0538,MTR190712,Matara,Thihagoda,,Polathugoda,344B,"ගොඩැල්ලවත්ත, පොලතුගොඩ, තිහගොඩ",,,,,,,,,,6.02842,80.56422
Other,OTHER,NBRO/LRRMD-MTR/MTR/KOTAPO/LI/19/0558,MTR190732,Matara,Kotapola,,Mederipitiya,240,"නිලුෂාන්, මෙදේරිපිටිය, දෙනියාය",,,,,,,,,,6.34541,80.48724
Other,OTHER,NBRO/LRRMD-MTR/MTR/KOTAPO/LI/19/0559,MTR190733,Matara,Kotapola,,Kolawenigama,240A,උක්ගල්පොතකන්ද,,,,,,,,,,6.31724,80.5105
Other,OTHER,NBRO/LRRMD-MTR/MTR/KOTAPO/LI/19/0561,MTR190735,Matara,Kotapola,,Thenipita,244A,"නො : B 260, තැනිපිට, දෙනියාය",,,,,,,,,,6.334865,80.5708
Other,OTHER,NBRO/LRRMD-MTR/MTR/KOTAPO/LI/19/0565,MTR190739,Matara,Kotapola,,Deniyaya West,243A,"ආඩියපොලහේන, පන්සල පාර, දෙනියාය",,,,,,,,,,6.34077,80.54987
Other,OTHER,NBRO/LRRMD-MTR/MTR/KOTAPO/LI/19/0579,MTR190754,Matara,Kotapola,,Kotapola North,242,"නො 47, හිඟුරුපනාගල, කොටපොල",,,,,,,,,,6.30559,80.54616
Other,OTHER,NBRO/LRRMD-MTR/MTR/KOTAPO/LI/19/0580,MTR190755,Matara,Kotapola,,Pelawatta,257A,"174/2/A, මත්තෙගොඩ, පැලවත්ත,වරල්ල",,,,,,,,,,6.26203,80.51051
Other,OTHER,NBRO/LRRMD-MTR/MTR/KOTAPO/LI/19/0581,MTR190756,Matara,Kotapola,,Pallegama North,241,"තැන්නවත්ත, සුමනගිරි මාවත, පල්ලෙගම",,,,,,,,,,6.3384,80.6214175
Other,OTHER,NBRO/LRRMD-MTR/MTR/KOTAPO/LI/19/0583,MTR190758,Matara,Kotapola,,Kalugalahena,244B,"1021/බී, ඉහල ගම පාර, දෙනියාය",,,,,,,,,,6.34768,80.56403
Other,OTHER,NBRO/LRRMD-MTR/MTR/KOTAPO/LI/19/0586,MTR190761,Matara,Kotapola,,Usamalagoda,242F,"උසමලගොඩ, කොටපොල",,,,,,,,,,6.29796,80.5466
Other,OTHER,NBRO/LRRMD-MTR/MTR/PITABE/LI/19/0598,MTR190773,Matara,Pitabeddara,,Banagala West,260A,"ගුලනහේන, බානගල, ඕපාත",,,,,,,,,,6.28249,80.42977
Other,OTHER,NBRO/LRRMD-MTR/MTR/PITABE/LI/19/0601,MTR190776,Matara,Pitabeddara,,Rambukana West,262G,"වීරසේකර කන්ද, අතුඇල, මොරවක",,,,,,,,,,6.2463,80.48351
Other,OTHER,NBRO/LRRMD-MTR/MTR/PITABE/LI/19/0609,MTR190784,Matara,Pitabeddara,,Rambukana West,262G,"ආදගලහේන, කොස්නිල්ගොඩ, මොරවක",,,,,,,,,,6.23988,80.48391
Other,OTHER,NBRO/LRRMD-MTR/MTR/PITABE/LI/19/0612,MTR190787,Matara,Pitabeddara,,Mahapothuvila,263D,"ජයවර්ධන පාලම අසල, සියඔලාගොඩ බටහිර, පිටබැද්දර",,,,,,,,,,6.21845,80.49816
Other,OTHER,NBRO/LRRMD-MTR/MTR/PITABE/LI/19/0623,MTR190798,Matara,Pitabeddara,,Banagala West,260A,"ගුලනහේන, බානගල, ඕපාත",,,,,,,,,,6.28385,80.43035
Other,OTHER,NBRO/LRRMD-MTR/MTR/PITABE/LI/19/0624,MTR190799,Matara,Pitabeddara,,Dangala East,259A,"නො: 135, පතිරණගොඩ, දංගල අලපලාදෙණිය",,,,,,,,,,6.30799,80.425
Other,OTHER,NBRO/LRRMD-MTR/MTR/PITABE/LI/19/0628,MTR190803,Matara,Pitabeddara,,Derangala,261B,"60/A/10, 1 පියවර දෑරංගල, පිටබැද්දර",,,,,,,,,,6.23927,80.44283
Other,OTHER,NBRO/LRRMD-MTR/MTR/PITABE/LI/19/0632,MTR190807,Matara,Pitabeddara,,Puwakbadovita,265B,"519 ඒ, මැදකොරටුව, ලෙව්පොත්දෙණිය, බෝපාගොඩ, අකුරැස්ස",,,,,,,,,,6.16813,80.49176
Other,OTHER,NBRO/LRRMD-MTR/MTR/PITABE/LI/19/0635,MTR190810,Matara,Pitabeddara,,Derangala,261B,"1 පියවර, ජම්බුගස්දොළ, දෑරංගල, පිටබැද්දර",,,,,,,,,,6.236,80.43829
Other,OTHER,NBRO/LRRMD-MTR/MTR/DEVINU/LI/19/0640,MTR190815,Matara,Devinuwara,,Gandara East,437A,"එරමුදුගහවත්ත, ගන්දර",,,,,,,,,,5.93872,80.61628
Other,OTHER,NBRO/LRRMD-MTR/MTR/DEVINU/LI/19/0643,MTR190818,Matara,Devinuwara,,Devinuwara West,433A,"නො; 22, ගුනපාල මාවත, දෙවිනුවර",,,,,,,,,,5.92616,80.58729
Other,OTHER,NBRO/LRRMD-MTR/MTR/DEVINU/LI/19/0649,MTR190824,Matara,Devinuwara,,Naotunna,442,"අංක 55, අළුත් නිවස, මිහිඳු මාවත, නාඔටුන්න, කෝට්ටගොඩ",,,,,,,,,,5.94879,80.62953
Other,OTHER,NBRO/LRRMD-MTR/MTR/DEVINU/LI/19/0659,MTR190834,Matara,Devinuwara,,Gandara South,437B,"නො 20, කුරුන්තොටවත්ත, දෙවිනුවර",,,,,,,,,,5.937369,80.584142
Other,OTHER,NBRO/LRRMD-MTR/MTR/PASGOD/LI/19/0660,MTR190835,Matara,Pasgoda,,Rotumba East,268A,"රොටුඔ, ඉදිගල්ගොඩ කන්ද",,,,,,,,,,6.23606,80.5798
Other,OTHER,NBRO/LRRMD-MTR/MTR/PASGOD/LI/19/0666,MTR190841,Matara,Pasgoda,,Batandura South,251E,"38/2, ඕලකුඔුර,දෙනියාය",,,,,,,,,,6.31697,80.55942
Other,OTHER,NBRO/LRRMD-MTR/MTR/KOTAPO/LI/20/0003,MTR200003,Matara,Kotapola,,Viharahena,244,"හාල්පන්තැන්න, එන්සල්වත්ත",,,,,,,,,,6.36482,80.6054
Other,OTHER,NBRO/LRRMD-MTR/MTR/PASGOD/LI/20/0029,MTR200029,Matara,Pasgoda,,Andaluwa,254A,"ශ්‍රියා සෙවණ, මැඩවිලහේන, පස්ගොඩ",,,,,,,,,,6.239921,80.606645
Other,OTHER,NBRO/LRRMD-MTR/MTR/DICKWE/LI/20/0045,MTR200036,Matara,Dickwella,,Dodampahala East,453A,"නො:18, ආරහේන, කෙමගොඩ, දික්වැල්ල",,,,,,,,,,5.98071,80.71895
Other,OTHER,NBRO/LRRMD-MTR/MTR/KOTAPO/LI/20/0062,MTR200120,Matara,Kotapola,,Kalugalahena,244B,"අළුත්පාර, හෑන්ඩ්ෆර්ඩ් කොළණිය, ඉහළගම, දෙනියාය",,,,,,,,,,6.35016,80.56888
Other,OTHER,NBRO/LRRMD-MTR/MTR/KOTAPO/LI/20/0070,MTR200128,Matara,Kotapola,,Poddana,240C,"පිටවිල, මේදේරිපිටිය, දෙනියාය",,,,,,,,,,6.34549,80.495
Other,OTHER,NBRO/LRRMD-MTR/MTR/PITABE/LI/20/0131,MTR200234,Matara,Pitabeddara,,Derangala,261B,"60/A/10, I පියවර, දෑරංගල , පිටබැද්දර",,,,,,,,,,6.23927,80.44283
Other,OTHER,NBRO/LRRMD-MTR/MTR/PITABE/LI/20/0132,MTR200235,Matara,Pitabeddara,,Puwakbadovita,265B,"සුපුන්, ලෙව්පොත්දෙණිය, බෝපාගොඩ, අකුරැස්ස",,,,,,,,,,6.17043,80.49236
Other,OTHER,NBRO/LRRMD-MTR/MTR/KAMBUR/LI/20/0177,MTR200281,Matara,Kamburupitiya,,Eriyathota,323C,"දෙල්ගහවත්ත, පත්‍රාමුල්ල, කරන්දෙනීය, කඹුරුපිටිය",,,,,,,,,,6.09797,80.57808
Other,OTHER,NBRO/LRRMD-MTR/MTR/PASGOD/LI/20/0178,MTR200282,Matara,Pasgoda,,Batandura South,251E,"පීල්ලදෙනිය, බටාදුර, දෙනියාය",,,,,,,,,,6.31708,80.57632
Other,OTHER,NBRO/LRRMD-MTR/MTR/PASGOD/LI/20/0185,MTR200289,Matara,Pasgoda,,Andaluwa,254A,"හල්ගහපොල, ඇලගාවගෙදර, ඇහැලකන්ද,පස්ගොඩ",,,,,,,,,,6.2194,80.5969
Other,OTHER,NBRO/LRRMD-MTR/MTR/MATAFG/LI/20/0324,MTR200427,Matara,Matara Four Gravets,,Polhena,412,"නො. 05, ශ්‍රී ධම්මරතන මාවත, පොල්හේන, මාතර",,,,,,,,,,6.01204,80.56611
Other,OTHER,NBRO/LRRMD-MTR/MTR/ATHURA/LI/20/0363,MTR200479,Matara,Athuraliya,,Divithura,305A,"ඌරුමුත්ත පාර, මුලංදෙණිය, බෝපාගොඩ, අකුරැස්ස",,,,,,,,,,6.18548,80.49657
Other,OTHER,NBRO/LRRMD-MTR/MTR/MALIMB/LI/20/0369,MTR200485,Matara,Malimbada,,Galpamuna,402B,"ආදම්වත්ත, ගල්පමුණ, පාලටුව",,,,,,,,,,6.00323,80.51031
Other,OTHER,NBRO/LRRMD-MTR/MTR/MALIMB/LI/20/0375,MTR200491,Matara,Malimbada,,Thelijjavila,353A,"‍රෝයල් වීව්, බිසෝදොළ හංදිය, තෙලිජ්ජවිල",,,,,,,,,,6.02231,80.49162
Other,OTHER,NBRO/LRRMD-MTR/MTR/MALIMB/LI/20/0378,MTR200494,Matara,Malimbada,,Akurugoda East,400,"දානපතිවත්ත, කොන්පහ පාර, අකුරුගොඩ බටහිර",,,,,,,,,,5.99903,80.48837
Other,OTHER,NBRO/LRRMD-MTR/MTR/MALIMB/LI/20/0381,MTR200497,Matara,Malimbada,,Welandagoda,356B,"194 බී, මල්පලාව, වෙළඳගොඩ, තෙලිජ්ජවිල",,,,,,,,,,6.03521,80.5007
Other,OTHER,NBRO/LRRMD-MTR/MTR/MALIMB/LI/20/0382,MTR200498,Matara,Malimbada,,Horagoda South,355D,"තිළිණි, හොරගොඩ, තෙලිජ්ජවිල",,,,,,,,,,6.03677,80.48633
Other,OTHER,NBRO/LRRMD-MTR/MTR/MALIMB/LI/20/0384,MTR200500,Matara,Malimbada,,Kadduwa,356A,"දෙයියන්නේ කැටිය, කද්දුව, තෙලිජ්ජවිල",,,,,,,,,,6.036931,80.51478
Other,OTHER,NBRO/LRRMD-MTR/MTR/MALIMB/LI/20/0385,MTR200501,Matara,Malimbada,,Malimbada East,402A,"තල්ගහගොඩ, පාලටුව",,,,,,,,,,6.008042,80.535175
Other,OTHER,NBRO/LRRMD-MTR/MTR/MALIMB/LI/20/0389,MTR200505,Matara,Malimbada,,Maragoda,357A,"විදුහල්පති, මාර/ පරදූව කනිෂ්ඨ විද්‍යාලය",,,,,,,,,,6.05893,80.48907
Other,OTHER,NBRO/LRRMD-MTR/MTR/MALIMB/LI/20/0397,MTR200513,Matara,Malimbada,,Galpamuna,402B,"එගොඩමුල්ල, ගල්පමුණ, මාලිම්බඩ",,,,,,,,,,6.0061,80.50655
Other,OTHER,NBRO/LRRMD-MTR/MTR/HAKMAN/LI/20/0433,MTR200551,Matara,Hakmana,,Denagama North,280C,"ඉහළදෙණියවත්ත, දෙනගම- උතුර, දෙනගම",,,,,,,,,,6.11114,80.63901
Other,OTHER,NBRO/LRRMD-MTR/MTR/HAKMAN/LI/20/0439,MTR200557,Matara,Hakmana,,Denagama North,280C,"ප්‍රාමෝදා, දෙනගම උතුර, හක්මණ",,,,,,,,,,6.11776,80.6405
Other,OTHER,NBRO/LRRMD-MTR/MTR/DEVINU/LI/20/0447,MTR200565,Matara,Devinuwara,,Naotunna South,442B,"කරඳගොඩ, නාඔටුන්න දකුණ, කෝට්ටගොඩ",,,,,,,,,,5.947,80.631
Other,OTHER,NBRO/LRRMD-MTR/MTR/DEVINU/LI/20/0448,MTR200566,Matara,Devinuwara,,Kapugama North,436B,"නො: 73, කපුගම ගෙදරවත්ත, කපුගම, දෙවිනුවර",,,,,,,,,,5.94229,80.60669
Other,OTHER,NBRO/LRRMD-MTR/MTR/DEVINU/LI/20/0451,MTR200569,Matara,Devinuwara,,Thalalla Central,438A,"ශ්‍රී ජය, තලල්ල දකුණ, ගන්දර",,,,,,,,,,5.94977,80.6163
Other,OTHER,NBRO/LRRMD-MTR/MTR/DEVINU/LI/20/0453,MTR200571,Matara,Devinuwara,,Gandara South,437B,"ආන්දායම්වත්ත, ගන්දර",,,,,,,,,,5.93442,80.61942
Other,OTHER,NBRO/LRRMD-MTR/MTR/DEVINU/LI/20/0454,MTR200572,Matara,Devinuwara,,Gandara West,437,"ගලගාවත්ත, නුන්නවෙල, ගන්දර",,,,,,,,,,5.93345,80.611692
Other,OTHER,NBRO/LRRMD-MTR/MTR/DEVINU/LI/20/0455,MTR200573,Matara,Devinuwara,,Uda Aparekka East,448A,"ඉහලගෙදර, උඩඅපරැක්ක -  නැගෙනහිර - රත්මලේ",,,,,,,,,,5.9916,80.63545
Other,OTHER,NBRO/LRRMD-MTR/MTR/DEVINU/LI/20/0456,MTR200574,Matara,Devinuwara,,Uda Aparekka East,448A,"දිසාවාස, උඩඅපරැක්ක නැගෙනහිර, රත්මලේ",,,,,,,,,,5.99242,80.63358
Other,OTHER,NBRO/LRRMD-MTR/MTR/DEVINU/LI/20/0458,MTR200576,Matara,Devinuwara,,Gandara West,437,"නො: 22, කරීටාස් නිවාස, කන්දගොඩැල්ල, ගන්දර",,,,,,,,,,5.93339,80.60849
Other,OTHER,NBRO/LRRMD-MTR/MTR/DEVINU/LI/20/0461,MTR200579,Matara,Devinuwara,,Thalalla Central,438A,"""විජය'' , තලල්ල - මධ්‍යම, ගන්දර",,,,,,,,,,5.948623,80.614765
Other,OTHER,NBRO/LRRMD-MTR/MTR/KAMBUR/LI/21/0111,MTR210113,Matara,Kamburupitiya,,Karaputugala South,324,"ඩබ්.පී.නිහාල් ප්‍රියන්ත, කරපුටුගල",,,,,,,,,,6.07712,80.61152
Other,OTHER,NBRO/LRRMD-MTR/MTR/KAMBUR/LI/21/0112,MTR210114,Matara,Kamburupitiya,,Malana,321,"මලාන, ජේ.එම්.නිලුකා මධුෂානි",,,,,,,,,,6.08469,80.58379
Other,OTHER,NBRO/LRRMD-MTR/MTR/PASGOD/LI/21/0120,MTR210122,Matara,Pasgoda,,Batandura South,251E,"ජනඋදාන ගම්මානය, විලකුඹුර, දෙනියාය",,,,,,,,,,6.239921,80.606645
Other,OTHER,NBRO/LRRMD-MTR/MTR/PASGOD/LI/21/0124,MTR210126,Matara,Pasgoda,,Gomila,270B,"පිටකන්ද, සම්බෝධි ආරණ්‍යය සේනාසනය",,,,,,,,,,6.21552,80.58451
Other,OTHER,NBRO/LRRMD-MTR/MTR/PASGOD/LI/21/0125,MTR210127,Matara,Pasgoda,,Gomila,270B,"පිටකන්ද, සම්බෝධි ආරණ්‍යය සේනාසනය",,,,,,,,,,6.2147,80.58355
Other,OTHER,NBRO/LRRMD-MTR/MTR/MULATI/LI/21/0135,MTR210147,Matara,Mulatiyana,,Beragama South,303C,"ඇල්හේන්දෙනිය, බැරගම, මුලටියන",,,,,,,,,,6.15255,80.53516
Other,OTHER,NBRO/LRRMD-MTR/MTR/MULATI/LI/21/0140,MTR210152,Matara,Mulatiyana,,Ransegoda West,299D,"හංසමාලී නිවස, වල්ගම ගෙදර පාර, රන්සෑගොඩ",,,,,,,,,,6.09731,80.54729
Other,OTHER,NBRO/LRRMD-MTR/MTR/MATAFG/LI/21/0174,MTR210206,Matara,Matara Four Gravets,,Parawahera East,443C,"නො. 165, කිනිස්වුඩ්වත්ත, පරවාහැර, කැකණදුර",,,,,,,,,,5.97158,80.6209
Other,OTHER,NBRO/LRRMD-MTR/MTR/MATAFG/LI/21/0179,MTR210211,Matara,Matara Four Gravets,,Ruwan Ella,428A,"රුවන්ඇල්ල, මාතර",,,,,,,,,,5.96123,80.57722
Other,OTHER,NBRO/LRRMD-MTR/MTR/MATAFG/LI/21/0184,MTR210215,Matara,Matara Four Gravets,,Kekanadura Central,447A,"සුදත් රෝහණ රණවිරු මාවත, හේවගේවත්ත, කැකණදුර",,,,,,,,,,5.97436,80.58927
Other,OTHER,NBRO/LRRMD-MTR/MTR/THIHAG/LI/21/0203,MTR210252,Matara,Thihagoda,,Wellethota,342,"නො. 14/2ඒ, පොලිස් ගම්මානය, වල්ලෙතොට, පාලටුව",,,,,,,,,,6.02328,80.52831
Other,OTHER,NBRO/LRRMD-MTR/MTR/THIHAG/LI/21/0204,MTR210253,Matara,Thihagoda,,Wellethota,342,"නො. 14/2ඒ, පොලිස් ගම්මානය, වල්ලෙතොට, පාලටුව",,,,,,,,,,6.02328,80.52831
Other,OTHER,NBRO/LRRMD-MTR/MTR/THIHAG/LI/21/0207,MTR210256,Matara,Thihagoda,,Wellethota,342,"නො. 18, පොලිස්ගම, වැල්ලෙතොට, පාලටුව",,,,,,,,,,6.02305,80.5282
Other,OTHER,NBRO/LRRMD-MTR/MTR/DEVINU/LI/21/0238,MTR210466,Matara,Devinuwara,,Gandara West,437,"අභිමන්පුර, කන්දෙගොඩැල්ල, ගන්දර",,,,,,,,,,5.93021,80.61069
Other,OTHER,NBRO/LRRMD-MTR/MTR/DEVINU/LI/21/0239,MTR210467,Matara,Devinuwara,,Gandara West,437,"මහනුගහේන, ගම්දොරගම, ගන්දර.",,,,,,,,,,5.9298,80.61002
Other,OTHER,NBRO/LRRMD-MTR/MTR/DICKWE/LI/21/0241,MTR210479,Matara,Dickwella,,Dodampahala East,453A,"නො; 18, ආරහේන, කෙමගොඩ, දික්වැල්ල",,,,,,,,,,5.98071,80.71895
Other,OTHER,NBRO/LRRMD-MTR/MTR/KOTAPO/LI/21/0248,MTR210486,Matara,Kotapola,,Pussawela,241F,"පැලගොස්වත්ත, පුස්සවෙල",,,,,,,,,,6.3049,80.5201
Other,OTHER,NBRO/LRRMD-MTR/MTR/KOTAPO/LI/21/0256,MTR210494,Matara,Kotapola,,Pallegama South,241B,"සෞඛ්‍ය මධ්‍යස්ථානය අසල, පල්ලේගම පාර, දෙනියාය",,,,,,,,,,6.34407,80.54403
Other,OTHER,NBRO/LRRMD-MTR/MTR/KOTAPO/LI/21/0258,MTR210496,Matara,Kotapola,,Deniyaya West,243A,"පහල පාර, යාපිටකන්ද, දෙනියාය",,,,,,,,,,6.33978,80.55243
Other,OTHER,NBRO/LRRMD-MTR/MTR/KOTAPO/LI/21/0266,MTR210504,Matara,Kotapola,,Kosmodara,242E,"පන්සල පාර, කොස්මෝදර",,,,,,,,,,6.28939,80.56115
Other,OTHER,NBRO/LRRMD-MTR/MTR/KOTAPO/LI/21/0269,MTR210507,Matara,Kotapola,,Kotapola North,242,"රටපේරලන්දවත්ත, හිඟුරුපනාගල, කොටපොල",,,,,,,,,,6.301,80.5467
Other,OTHER,NBRO/LRRMD-MTR/MTR/KOTAPO/LI/21/0274,MTR210512,Matara,Kotapola,,Thenipita,244A,"අංක 18 කැබැල්ල, නවගම්මානය, හෑන්ඩ් ෆර්ඩ්, දෙනියාය",,,,,,,,,,6.33867,80.57563
Other,OTHER,NBRO/LRRMD-MTR/MTR/KOTAPO/LI/21/0279,MTR210517,Matara,Kotapola,,Pathawala Nadakanda,241D,"මනුවැල්හේන, මහහේන",,,,,,,,,,6.34657,80.51065
Other,OTHER,NBRO/LRRMD-MTR/MTR/DEVINU/LI/21/0292,MTR210530,Matara,Devinuwara,,Gandara South,437B,"අන්දායම්වත්ත, ගන්දර",,,,,,,,,,5.93442,80.61942
Other,OTHER,NBRO/LRRMD-MTR/MTR/PITABE/LI/22/0001,MTR220015,Matara,Pitabeddara,,Ambewela,259C,"සදමාලි නිවස, ඉහල අයිනගම, සියඹලාගොඩ, පිටබැද්දර",,,,,,,,,,6.20193,80.51833
Other,OTHER,NBRO/LRRMD-MTR/MTR/PITABE/LI/22/0014,MTR220029,Matara,Pitabeddara,,Ambewela,259C,"අංක 631, කරතොටකන්ද, කළුබෝවිටියන",,,,,,,,,,6.31028,80.40033
Other,OTHER,NBRO/LRRMD-MTR/MTR/PITABE/LI/22/0020,MTR220035,Matara,Pitabeddara,,Kudagalahena,261H,"නො.57/ඒ/1, ගොරකවෙල, පිටබැද්දර",,,,,,,,,,6.21788,80.47975
Other,OTHER,NBRO/LRRMD-MTR/MTR/KOTAPO/LI/22/0031,MTR220046,Matara,Kotapola,,Kotapola North,242,"බටේබැද්ද, හිගුරුපනාගල, කොටපොල",,,,,,,,,,6.30391,80.54211
Other,OTHER,NBRO/LRRMD-MTR/MTR/KAMBUR/LI/22/0047,MTR220062,Matara,Kamburupitiya,,Gathara North,320,"රබර්හේන, ගතාර උතුර, කඹුරුපිටිය",,,,,,,,,,6.08959,80.5541
Other,OTHER,NBRO/LRRMD-MTR/MTR/MULATI/LI/22/0064,MTR220079,Matara,Mulatiyana,,Diddenipotha North,302B,"නො:154/ඒ, නාවල, රෝයිපුරය, දිද්දෙනිපොත, උතුර, මාකඳුර",,,,,,,,,,6.15924,80.56921
Other,OTHER,NBRO/LRRMD-MTR/MTR/WELIPI/LI/22/0214,MTR220214,Matara,Welipitiya,,Nivithiwelbokka,373A,"වලවේගෙදර, දොළහේන කනංකේ, කඩවිදීය",,,,,,,,,,6.05102,80.4025
Other,OTHER,NBRO/LRRMD-MTR/MTR/KOTAPO/LI/22/0221,MTR220221,Matara,Kotapola,,Horagala West,256D,"නො. 148/බී, කොහිලවත්ත, යටිහෙරගල, වරල්ල",,,,,,,,,,6.26948,80.55383
Other,OTHER,NBRO/LRRMD-MTR/MTR/KOTAPO/LI/22/0226,MTR220226,Matara,Kotapola,,Pallegama South,241B,"කොන්ගස්වත්ත, පල්ලෙගම, කොලවෙනිගම",,,,,,,,,,6.33465,80.53342
Other,OTHER,NBRO/LRRMD-MTR/MTR/KOTAPO/LI/22/0227,MTR220227,Matara,Kotapola,,Pallegama South,241B,"කෝන්ගස්වත්ත, පල්ලෙගම, දෙනියාය",,,,,,,,,,6.33287,80.53497
Other,OTHER,NBRO/LRRMD-MTR/MTR/PITABE/LI/22/0245,MTR220245,Matara,Pitabeddara,,Weliwa,262A,"නො. 813බී, යහල්මුල්ල, වැලිව, මොරවක",,,,,,,,,,6.25046,80.50314
Other,OTHER,NBRO/LRRMD-MTR/MTR/MATAFG/LI/22/0276,MTR220276,Matara,Matara Four Gravets,,Thalpavila North,430A,"373/9සී, ගොරකගහවත්ත, අලහේන්පිට හන්දිය, තල්පාවිල.",,,,,,,,,,5.95208,80.591
Other,OTHER,NBRO/LRRMD-MTR/MTR/MALIMB/LI/22/0296,MTR220296,Matara,Malimbada,,Horagoda West,355C,"16/2/3, ආදාදොල, හොරගොඩ, තෙල්ජ්ජවිල",,,,,,,,,,6.0416,80.47026
Other,OTHER,NBRO/LRRMD-MTR/MTR/KOTAPO/LI/22/0333,MTR220418,Matara,Kotapola,,Keeriwalagama,241G,"දේවාලය අසල, කීරිවලගම",,,,,,,,,,6.36347,80.5158
Other,OTHER,NBRO/LRRMD-MTR/MTR/MULATI/LI/22/0363,MTR220487,Matara,Mulatiyana,,Rathkekulawa,299E,"ගමගේවත්ත හේන, වෙළඳදෙණිය, රත්කැකුළාව",,,,,,,,,,6.11333,80.55539
Other,OTHER,NBRO/LRRMD-MTR/MTR/PITABE/LI/22/0370,MTR220497,Matara,Pitabeddara,,Thennahena,261E,"නො. 215සී, නාත්තවිල පාර, තැන්නහේන, පිටබැද්දර",,,,,,,,,,6.21361,80.46208
Other,OTHER,NBRO/LRRMD-MTR/MTR/MULATI/LI/22/0395,MTR220524,Matara,Mulatiyana,,Diddenipotha North,302B,"ජයසෙවණ, දිද්දෙනිපොත උතුර, මුලටියන",,,,,,,,,,6.15755,80.57642
Other,OTHER,NBRO/LRRMD-MTR/MTR/KOTAPO/LI/22/0409,MTR220543,Matara,Kotapola,,Morawaka,257,"මොරවක,මණ්ඩලවත්ත,මොරවක්කන්ද",,,,,,,,,,6.27496,80.50182
Other,OTHER,NBRO/LRRMD-MTR/MTR/KAMBUR/LI/22/0432,MTR220575,Matara,Kamburupitiya,,Narandeniya East,323B,"රන්ජන්, ඉහලවත්ත, නාරන්දෙණිය, කඹුරුපිටිය",,,,,,,,,,6.08839,80.58317
Other,OTHER,NBRO/LRRMD-MTR/MTR/MULATI/LI/22/0436,MTR220579,Matara,Mulatiyana,,Horapavita South,300C,"පුෂ්පඩිලා, එගොඩහවත්ත, හොරපාවිට",,,,,,,,,,6.1068,80.58333
Other,OTHER,NBRO/LRRMD-MTR/MTR/MULATI/LI/22/0451,MTR220593,Matara,Mulatiyana,,Gombaddala North,271A,"25/2, ගල්ගොඩවත්ත, ඇපරල්, ගොම්බද්දල",,,,,,,,,,6.19345,80.56426
Other,OTHER,NBRO/LRRMD-MTR/MTR/PITABE/LI/22/0454,MTR220596,Matara,Pitabeddara,,Aluwana,262E,"යහල්මුල්ල, වැලිව, මොරවක",,,,,,,,,,6.24881,80.5068
Other,OTHER,NBRO/LRRMD-MTR/MTR/MATAFG/LI/23/0005,MTR230012,Matara,Matara Four Gravets,,Godagama,419,"අංක 28, සේනානායක පාර, ගොඩගම, මාතර",,,,,,,,,,5.96602,80.52176
Other,OTHER,NBRO/LRRMD-MTR/MTR/KOTAPO/LI/23/0008,MTR230019,Matara,Kotapola,,Koodaludeniya,256C,"තරිඳු , දෙනියාය පාර, වරල්ල",,,,,,,,,,6.27322,80.53454
Other,OTHER,NBRO/LRRMD-MTR/MTR/HAKMAN/LI/23/0011,MTR230032,Matara,Hakmana,,Gangodagama,286,"මාර/ගංගොඩගම ජයවර්ධන මහා විද්‍යාලය, හක්මණ",,,,,,,,,,6.07782,80.67732
Other,OTHER,NBRO/LRRMD-MTR/MTR/MATAFG/LI/23/0014,MTR230035,Matara,Matara Four Gravets,,Weragampita,417H,"103/3, පිලදූව, මාතර",,,,,,,,,,5.95716,80.56142
Other,OTHER,NBRO/LRRMD-MTR/MTR/MATAFG/LI/23/0017,MTR230042,Matara,Matara Four Gravets,,Hittetiya West,414A,"අංක 13, සරණපාල නාහිමි මාවත, මාතර",,,,,,,,,,5.95769,80.5393
Other,OTHER,NBRO/LRRMD-MTR/MTR/DICKWE/LI/23/0019,MTR230045,Matara,Dickwella,,Dickwella Muslim Yonakapura East,454,"අංක 45, නයිගලහේන, සේනකපුර, දික්වැල්ල",,,,,,,,,,5.97336,80.69831
Other,OTHER,NBRO/LRRMD-MTR/MTR/MATAFG/LI/23/0020,MTR230048,Matara,Matara Four Gravets,,Eliyakanda South,416A,"55/24, ෆිනෑන්ස්වත්ත, ූ උඩපීක්වැල්ල, මාතර",,,,,,,,,,5.94609,80.56207
Other,OTHER,NBRO/LRRMD-MTR/MTR/PITABE/LI/23/0027,MTR230059,Matara,Pitabeddara,,Galabada,259D,"452/1/A, ආරණ්‍ය පාර, ගලබඩ, කළුබෝවිටියන",,,,,,,,,,6.32661,80.3969
Other,OTHER,NBRO/LRRMD-MTR/MTR/PITABE/LI/23/0036,MTR230075,Matara,Pitabeddara,,Pitabeddara,261A,"සර්වෝදය මධ්‍යස්ථානය, මල්පුදනැල්ල, පිටබැද්දර",,,,,,,,,,6.19693,80.46876
Other,OTHER,NBRO/LRRMD-MTR/MTR/MULATI/LI/23/0062,MTR230103,Matara,Mulatiyana,,Diddenipotha East,302,"පැතුම්, ඊරියගහවත්තහේන, දිද්දෙනිපොත නැගෙනහිර",,,,,,,,,,6.14336,80.57769
Other,OTHER,NBRO/LRRMD-MTR/MTR/AKURES/LI/23/0104,MTR230147,Matara,Akuressa,,Ketanvila,366,"වෘත්තීය පුහුණු මධ්‍යස්ථානය, කැටැන්විල",,,,,,,,,,6.128474,80.42554
Other,OTHER,NBRO/LRRMD-MTR/MTR/PITABE/LI/23/0118,MTR230161,Matara,Pitabeddara,,Ihala Ainagama,263E,"ජේ.ජී.සෝමදාස, 128 ඩී1, පුහුකොස්ගහවිට-ඉහලඅයිනගම, සියඹලාගොඩ, පිටබැද්දර",,,,,,,,,,6.198598,80.523716
Other,OTHER,NBRO/LRRMD-MTR/MTR/MULATI/LI/23/0124,MTR230167,Matara,Mulatiyana,,Deiyandara,275,"සසාරා, දම්පහලමුල්ල, දෙයියන්දර",,,,,,,,,,6.14396,80.6123
Other,OTHER,NBRO/LRRMD-MTR/MTR/MULATI/LI/23/0158,MTR230203,Matara,Mulatiyana,,Beragama East,303,"මාකඳුර මධ්‍ය මහා විද්‍යාලය, මාකඳුර",,,,,,,,,,6.14153,80.5592
Other,OTHER,NBRO/LRRMD-MTR/MTR/DEVINU/LI/23/0197,MTR230250,Matara,Devinuwara,,Thalalla East,438B,"දීපාලෝක, තලල්ල නැගෙනහිර, කැකනදුර",,,,,,,,,,5.95783,80.61097
Other,OTHER,NBRO/LRRMD-MTR/MTR/DICKWE/LI/23/0207,MTR230260,Matara,Dickwella,,Bambarenda Central,450D,"පාරේගෙදර, අකුරුබැබිල, දික්වැල්ල",,,,,,,,,,5.97389,80.67312
Other,OTHER,NBRO/LRRMD-MTR/MTR/KOTAPO/LI/23/0241,MTR230323,Matara,Kotapola,,Kotapola North,242,"සෞඛ්‍ය වෛද්‍ය නිළධාරී, සෞඛ්‍ය වෛද්‍ය කාර්යාලය.",,,,,,,,,,6.32717,80.55667
Other,OTHER,NBRO/LRRMD-MTR/MTR/MATAFG/LI/23/0249,MTR230335,Matara,Matara Four Gravets,,Kokawala,443B,"කොටුව, මාතර",,,,,,,,,,5.9455,80.54472
Other,OTHER,NBRO/LRRMD-MTR/MTR/MULATI/LI/23/0263,MTR230354,Matara,Mulatiyana,,Ransegoda South,299A,"නො.114, අක්කර 18, රන්සෑගොඩ දකුණ",,,,,,,,,,6.11487,80.53806
Other,OTHER,NBRO/LRRMD-MTR/MTR/WELIGA/LI/23/0281,MTR230379,Matara,Weligama,,Pathegama,379,"මිචලින් ලංකා පුද්ගලික සමාගම, පාතේගම, වැලිගම",,,,,,,,,,5.98965,80.39941
Other,OTHER,NBRO/LRRMD-MTR/MTR/DEVINU/LI/23/0316,MTR230414,Matara,Devinuwara,,Uda Aparekka East,448A,"කොහුදෙණිය, අපරැක්ක,  උඩ අපරැක්ක,",,,,,,,,,,5.995813,80.623291
Other,OTHER,NBRO/LRRMD-MTR/MTR/KOTAPO/LI/23/0340,MTR230438,Matara,Kotapola,,Kotapola North,242,"එම්.ජී.තමරා කුමාරි , ඒ/17, තැන්නහේන, දියදාව, දෙනියාය",,,,,,,,,,6.32732,80.55425
Other,OTHER,NBRO/LRRMD-MTR/MTR/KOTAPO/LI/23/0341,MTR230439,Matara,Kotapola,,Kotapola North,242,"එම්.ජී.ශීරෝමී ප්‍රියංගිකා, 338/A/ 8/A, තැන්නහේන, දියදාව. දෙනියාය",,,,,,,,,,6.32732,80.55395
Other,OTHER,NBRO/LRRMD-MTR/MTR/KOTAPO/LI/23/0342,MTR230440,Matara,Kotapola,,Kotapola North,242,"ටී.වී. රංජනි ප්‍රියන්තිකා, 337/A/17, තැන්නහේන, දියදාව, දෙනියාය",,,,,,,,,,6.32742,80.55401
Other,OTHER,NBRO/LRRMD-MTR/MTR/KOTAPO/LI/23/0348,MTR230446,Matara,Kotapola,,Mederipitiya,240,"ඉළුක්පිටිය, මෙදේරිපිටිය, දෙනියාය",,,,,,,,,,6.35092,80.49169
Other,OTHER,NBRO/LRRMD-MTR/MTR/MALIMB/LI/23/0364,MTR230462,Matara,Malimbada,,Galpamuna,402B,"මෑදුවවත්ත, ගල්පමුණ, පාලටුව",,,,,,,,,,6.00039,80.51038
Other,OTHER,NBRO/LRRMD-MTR/MTR/DEVINU/LI/23/0417,MTR230525,Matara,Devinuwara,,Walbulugahahena,449D,"625/ඩී, සහන විමන, මහගෙදර වත්ත, කඩවැද්දුුව, යටියන",,,,,,,,,,6.01951,80.60868
Other,OTHER,NBRO/LRRMD-MTR/MTR/PITABE/LI/23/0457,MTR230565,Matara,Pitabeddara,,Banagala East,260,"7/K/12/2, මහහේන, බානගල, නැගෙනහිර",,,,,,,,,,6.26535,80.43642
Other,OTHER,NBRO/LRRMD-MTR/MTR/PITABE/LI/23/0518,MTR230628,Matara,Pitabeddara,,Dehigaspa,265,"ඇල්ලගාවහේන, දෙහිගස්ප",,,,,,,,,,6.193976,80.477268
Other,OTHER,NBRO/LRRMD-MTR/MTR/WELIPI/LI/23/0562,MTR230673,Matara,Welipitiya,,Denipitiya Central,391B,"විහාරාධිපති, ගනේගම සුනීත හිමි, සුදර්ශනාරාම විහාරය, වැලිහිඳ, දෙණිපිටිය",,,,,,,,,,5.98895,80.45824
Other,OTHER,NBRO/LRRMD-MTR/MTR/WELIPI/LI/23/0568,MTR230679,Matara,Welipitiya,,Nivithiwelbokka,373A,"එච්. ජී. සමන්මලී, දිද්දෙණිය, කොලේවත්ත, කනංකේ කඩවීදීය",,,,,,,,,,6.05869,80.40961
Other,OTHER,NBRO/LRRMD-MTR/MTR/ATHURA/LI/23/0579,MTR230690,Matara,Athuraliya,,Namburukanda,314C,"ඩී. කේ. සුමනපාල, දොලහේන වත්ත, නාඹුරුකන්ද, අතුරලිය",,,,,,,,,,6.0876511,80.5040765
Other,OTHER,NBRO/LRRMD-MTR/MTR/MATAFG/LI/23/0663,MTR230779,Matara,Matara Four Gravets,,Wewahamandoowa,423A,"ක්‍රිෂානි දිනූෂා විජේසිංහ, ලක්රුවන්, වැවහමන්දූව, මාතර",,,,,,,,,,5.95582,80.51028
Other,OTHER,NBRO/LRRMD-MTR/MTR/THIHAG/LI/23/0673,MTR230797,Matara,Thihagoda,,Wellethota,342,"342, වැල්ලෙතොට",,,,,,,,,,6.02257,80.53717
Other,OTHER,NBRO/LRRMD-MTR/MTR/KAMBUR/LI/23/0700,MTR230825,Matara,Kamburupitiya,,Kahagala,331B,"ඩබ්. සුනිල්, පොතුවිලේ ගොඩැල්ල, කහගල",,,,,,,,,,6.05408,80.57949
Other,OTHER,NBRO/LRRMD-MTR/MTR/MULATI/LI/23/0702,MTR230827,Matara,Mulatiyana,,Beragama East,303,"ලොකුගේ චාර් ලිස්, මුදුනහේන, කුරුදුවත්ත, බැරගම නැගෙනහිර, මාකදුර",,,,,,,,,,6.14547,80.56048
Other,OTHER,NBRO/LRRMD-MTR/MTR/MULATI/LI/23/0709,MTR230836,Matara,Mulatiyana,,Ketiyape North,273,"විදුහල්පති, මාර/ නැටියපේ උතුර කණිෂ්ඨ විද්‍යාලය, දෙයියන්දර",,,,,,,,,,6.17092,80.62112
Other,OTHER,NBRO/LRRMD-MTR/MTR/WELIPI/LI/23/0729,MTR230865,Matara,Welipitiya,,Denipitiya West,391A,"ජයරත්න වාදසිංහ, නො.1/127, අකුරැස්ස පාර ,දෙනිපිටිය",,,,,,,,,,5.98351,80.4407
Other,OTHER,NBRO/LRRMD-MTR/MTR/DEVINU/LI/23/0732,MTR230868,Matara,Devinuwara,,Thalalla Central,438A,"පිටකොරටුව, තලල්ල දකුණ, ගන්දර.",,,,,,,,,,5.94691,80.61956
Other,OTHER,NBRO/LRRMD-MTR/MTR/WELIPI/LI/23/0769,MTR230909,Matara,Welipitiya,,Wahala Kananke North,373,"ඊ.වී. අනුර, අනුර නිවස, ගල්ගමුව, ඉමදුව.",,,,,,,,,,6.03924,80.39481
Other,OTHER,NBRO/LRRMD-MTR/MTR/WELIGA/LI/23/0771,MTR230911,Matara,Weligama,,Mirissa South 2,406A,"එස්.බී.ටයිටස්, සුජීවනී, පරගල්ල පාර, බදුගොඩ, මිරිස්ස.",,,,,,,,,,5.945837,80.450452
Other,OTHER,NBRO/LRRMD-MTR/MTR/MULATI/LI/23/0788,MTR230932,Matara,Mulatiyana,,Beragama North,303B,"පොළොන්ගහවත්ත, බැරගම උතුර,මාකඳුර",,,,,,,,,,6.14864,80.5703
Other,OTHER,NBRO/LRRMD-MTR/MTR/AKURES/LI/23/0850,MTR230994,Matara,Akuressa,,Bopitiya,368C,"මාර/ ශ්‍රී විමලවංශ කණිටු විද්‍යාලය, බෝපිටිය",,,,,,,,,,6.112258,80.425523
Other,OTHER,NBRO/LRRMD-MTR/MTR/WELIGA/LI/23/0866,MTR231011,Matara,Weligama,,Thal Aramba North,407B,"නො:45, ඉපිටවත්ත,තල් අරඹ, කඹුරුගමුව",,,,,,,,,,5.944759,80.473524
Other,OTHER,NBRO/LRRMD-MTR/MTR/MULATI/LI/24/0053,MTR240074,Matara,Mulatiyana,,Belpamulla,275E,"ඩබ්.පි.ගුණපාල, මොරගස් ආර,බෙල්පාමුල්ල,දෙයියන්දර",,,,,,,,,,6.134995,80.606278
Other,OTHER,NBRO/LRRMD-MTR/MTR/WELIPI/LI/24/0057,MTR240079,Matara,Welipitiya,,Denipitiya East,391,"ජී.පී.පරණගම,තල්පගෙවත්ත,සෝමමාවත,දෙනිපිටිය",,,,,,,,,,5.973715,80.454797
Other,OTHER,NBRO/LRRMD-MTR/MTR/MATAFG/LI/24/0072,MTR240102,Matara,Matara Four Gravets,,Eliyakanda South,416A,"ජේ.එල්.පි.චමින්ද, 43/15/B,බ්‍රව්‍රන්හිල්, මැද්දවත්ත, මාතර",,,,,,,,,,5.94278,80.56718
Other,OTHER,NBRO/LRRMD-MTR/MTR/HAKMAN/LI/24/0102,MTR240142,Matara,Hakmana,,Kongala Central,295B,"ශ්‍රි සුධර්මාරාම පුරාණ විහාරය, කෝංගල මධ්‍යම, හක්මණ",,,,,,,,,,6.076392,80.626194
Other,OTHER,NBRO/LRRMD-MTR/MTR/KOTAPO/LI/24/0104,MTR240146,Matara,Kotapola,,Thenipita,244A,"නො: 518 ඒ, 51 හංදිය, දෙනියාය",,,,,,,,,,6.33665,80.55905
Other,OTHER,NBRO/LRRMD-MTR/MTR/WELIGA/LI/24/0118,MTR240169,Matara,Weligama,,Kamburugamuwa South,408C,"127/2, ලේක්ව්වි පාර්ක්, ගාලුපාර,කඹුරුගමුව",,,,,,,,,,5.941931,80.503159
Other,OTHER,NBRO/LRRMD-MTR/MTR/PITABE/LI/24/0120,MTR240171,Matara,Pitabeddara,,Aluwana,262E,"776/3, සලනි නිවස, අළුවන, වැලිව, මොරවක",,,,,,,,,,6.254478,80.501503
Other,OTHER,NBRO/LRRMD-MTR/MTR/WELIGA/LI/24/0124,MTR240175,Matara,Weligama,,Walliwala East,386,"කේ.ඩබ්ලිව්. චමල් මහේන්ද්‍ර, නො.166/34, ගොඩඉහල, වල්ලිවල, වැලිගම",,,,,,,,,,5.96893,80.41671
Other,OTHER,NBRO/LRRMD-MTR/MTR/PASGOD/LI/24/0125,MTR240176,Matara,Pasgoda,,Dampahala West,253A,"ප්‍රාදේශිය රෝහල, හීග්ගොඩ, ඌරුබොක්ක",,,,,,,,,,6.28284,80.63315
Other,OTHER,NBRO/LRRMD-MTR/MTR/HAKMAN/LI/24/0146,MTR240205,Matara,Hakmana,,Muruthamuraya West,293B,"එස්.එච්. ආරියරත්න, නො.354, මධුරංග‍, පොලිසීය ඉදිරිපිට, හක්මණ",,,,,,,,,,6.08578,80.6426
Other,OTHER,NBRO/LRRMD-MTR/MTR/KOTAPO/LI/24/0150,MTR240211,Matara,Kotapola,,Waralla,256,"ජී.සුනිල් ශාන්ත, 350/5, යාපා මාවත, වරල්ල",,,,,,,,,,6.26809,80.53474
Other,OTHER,NBRO/LRRMD-MTR/MTR/MULATI/LI/24/0165,MTR240226,Matara,Mulatiyana,,Neralampitiya,272A,"ස්ථානාධිපති දෙයියන්දර , ගල්කඩුව, දිද්දේණිපොත වත්ත",,,,,,,,,,6.16124,80.59088
Other,OTHER,NBRO/LRRMD-MTR/MTR/AKURES/LI/24/0169,MTR240231,Matara,Akuressa,,Poramba,361A,"එච්.පී චතුරංග දහනායක, 24/5, හික්ගොඩ පාර, පෝරඹ , අකුරැස්ස",,,,,,,,,,6.17262,80.47419
Other,OTHER,NBRO/LRRMD-MTR/MTR/HAKMAN/LI/24/0184,MTR240246,Matara,Hakmana,,Kandegoda,293D,"කංකානම්ගේ වත්ත, කන්දගොඩ, හක්මණ",,,,,,,,,,6.102503,80.639228
Other,OTHER,NBRO/LRRMD-MTR/MTR/KOTAPO/LI/24/0241,MTR240308,Matara,Kotapola,,Kotapola North,242,"සහකාර පොලිස් අධිකාරි කාර්යාලය, 72 කණුව අසල, හිඟුරුපනාගල",,,,,,,,,,6.307844,80.545286
Other,OTHER,NBRO/LRRMD-MTR/MTR/KOTAPO/LI/24/0243,MTR240310,Matara,Kotapola,,Lindagawahena,242G,"නවදකැටියහේන, අමුනුගම්මුල්ල,කොටපොල",,,,,,,,,,6.2775,80.56321
Other,OTHER,NBRO/LRRMD-MTR/MTR/KOTAPO/LI/24/0244,MTR240311,Matara,Kotapola,,Bateyaya,241C,"පාසල අසල, බටයාය, දෙනියාය",,,,,,,,,,6.361216,80.549519
Other,OTHER,NBRO/LRRMD-MTR/MTR/PITABE/LI/24/0281,MTR240355,Matara,Pitabeddara,,Paradupalla,262F,"883/බී/2, පරදුපල්ල, වැලිව, මොරවක",,,,,,,,,,6.235121,80.498332
Other,OTHER,NBRO/LRRMD-MTR/MTR/MATAFG/LI/24/0302,MTR240379,Matara,Matara Four Gravets,,Meddawatta,425,"98/1, කුරුදු වත්ත, මැද්දවත්ත, මාතර",,,,,,,,,,5.94155,80.56931
Other,OTHER,NBRO/LRRMD-MTR/MTR/DEVINU/LI/24/0341,MTR240440,Matara,Devinuwara,,Aparekka North,449C,"මහමෙවුනා මහා විහාරය, අපරැක්ක",,,,,,,,,,6.007625,80.626997
Other,OTHER,NBRO/LRRMD-MTR/MTR/MATAFG/LI/24/0342,MTR240443,Matara,Matara Four Gravets,,Eliyakanda South,416A,"දිසාපති නිල නිවස, එළිය කන්ද, මාතර",,,,,,,,,,5.942041,80.56433
Other,OTHER,NBRO/LRRMD-MTR/MTR/KOTAPO/LI/24/0359,MTR240466,Matara,Kotapola,,Deniyaya,243,80.48652,,,,,,,,,,6.33328,80.56342
Other,OTHER,NBRO/LRRMD-MTR/MTR/ATHURA/LI/24/0393,MTR240511,Matara,Athuraliya,,Godapitiya,308A,"පාසල පාර, ගොඩපිටිය, අකුරැස්ස",,,,,,,,,,6.123219,80.483558
Other,OTHER,NBRO/LRRMD-MTR/MTR/ATHURA/LI/24/0400,MTR240521,Matara,Athuraliya,,Walagepiyadda,313C,මාහගොඩ,,,,,,,,,,6.10157,80.450567
Other,OTHER,NBRO/LRRMD-MTR/MTR/ATHURA/LI/24/0409,MTR240532,Matara,Athuraliya,,Panadugama,308,"රවිදු, පානදුගොඩ, පානදුගම, අතුරලිය",,,,,,,,,,6.109245,80.486703
Other,OTHER,NBRO/LRRMD-MTR/MTR/DEVINU/LI/24/0412,MTR240536,Matara,Devinuwara,,Devinuwara Pradeepagara Pedesa,433H,"නො.05, පාළුවත්ත, හුම්මාන පාර, දෙවිනුවර",,,,,,,,,,5.9249,80.59303
Other,OTHER,NBRO/LRRMD-MTR/MTR/MULATI/LI/24/0413,MTR240540,Matara,Mulatiyana,,Ransegoda North,301A,"නො . 18, 02 වන අදියර, බටඅතවල, මාකඳුර",,,,,,,,,,6.13464,80.55308
Other,OTHER,NBRO/LRRMD-MTR/MTR/WELIGA/LI/24/0429,MTR240563,Matara,Weligama,,Mirissa Udupila,405A,"245/2B, පැලවත්ත, උඩුපිල, මිරිස්ස",,,,,,,,,,5.952314,80.463397
Other,OTHER,NBRO/LRRMD-MTR/MTR/PASGOD/LI/24/0435,MTR240572,Matara,Pasgoda,,Pasgoda,254,"මාර/මැකිලියතැන්න ක. වි. , ඌරුබොක්ක",,,,,,,,,,6.29173,80.65588
Other,OTHER,NBRO/LRRMD-MTR/MTR/WELIGA/LI/24/0437,MTR240579,Matara,Weligama,,Walliwala East,386,"'' තරංග'' , නො; 166/28, පරණ ගාලු පාර, ගොඩඉහල, වැලිගම",,,,,,,,,,5.969212,80.416625
Other,OTHER,NBRO/LRRMD-MTR/MTR/MALIMB/LI/24/0445,MTR240591,Matara,Malimbada,,Maragoda,357A,"''රංගන'',මැකිලියගවත්ත, දම්පැල්ල, තෙලිජ්ජවිල",,,,,,,,,,6.047421,80.498714
Other,OTHER,NBRO/LRRMD-MTR/MTR/PITABE/LI/24/0465,MTR240615,Matara,Pitabeddara,,Gorakawela,261,"පන්සල පාර, ගොරකවෙල, පිටබැද්දර",,,,,,,,,,6.20989,80.47612
Other,OTHER,NBRO/LRRMD-MTR/MTR/MALIMB/LI/24/0468,MTR240618,Matara,Malimbada,,Pahala Kiyaduwa,355B,"""සමනල"", විකුම්ගම, ඇල්ගිරිය",,,,,,,,,,6.05644,80.49018
Other,OTHER,NBRO/LRRMD-MTR/MTR/KOTAPO/LI/24/0476,MTR240630,Matara,Kotapola,,Bateyaya,241C,"දෙනියාය, බටයාය, කිරිවැල් දොළ මාර්ගය",,,,,,,,,,6.354963,80.554789
Other,OTHER,NBRO/LRRMD-MTR/MTR/KIRINP/LI/24/0494,MTR240655,Matara,Kirinda Puhulwella,,Hettiyawala West,325F,"පුහුලහේන කඩේ, හෙට්ටිය මුල්ල, කිරින්දපුහුල්වැල්ල",,,,,,,,,,6.05916,80.64819
Other,OTHER,NBRO/LRRMD-MTR/MTR/DICKWE/LI/25/0035,MTR250061,Matara,Dickwella,,Dickwella East,452F,"අංක 31, කොන්දෙණිය වත්ත, දික්වැල්ල",,,,,,,,,,5.969026,80.701973
Other,OTHER,NBRO/LRRMD-MTR/MTR/KOTAPO/LI/24/0242,MTR250073,Matara,Kotapola,,Thenipita,244A,"මතුගොබේ කොටස,, ආඬාරදෙණිය, විහාරහේන",,,,,,,,,,6.362025,80.590603
Other,OTHER,NBRO/LRRMD-MTR/MTR/AKURES/LI/25/0041,MTR250076,Matara,Akuressa,,Nimalawa,371,"සෙම්ඩෙල් ගොවිපල, කනංකේ කඩවීදිය",,,,,,,,,,6.052447,80.455576
Other,OTHER,NBRO/LRRMD-MTR/MTR/PITABE/LI/25/0055,MTR250097,Matara,Pitabeddara,,Dangala West,259B,"192/2/E, ඉටයාමුල්ල, දංගල, අලපලාදෙණිය.",,,,,,,,,,6.31355,80.41689
Other,OTHER,NBRO/LRRMD-MTR/MTR/KOTAPO/LI/25/0058,MTR250103,Matara,Kotapola,,Kalugalahena,244B,"කලුගලහේන, අනින්කන්ද",,,,,,,,,,6.348,80.61115
Other,OTHER,NBRO/LRRMD-MTR/MTR/MALIMB/LI/25/0066,MTR250115,Matara,Malimbada,,Horagoda West,355C,"මුස්ලිම් ගම්මානය,  පල්ලිය පාර, හොරගොඩ, තෙලිජ්ජවිල",,,,,,,,,,6.036716,80.476799
Other,OTHER,NBRO/LRRMD-MTR/MTR/MALIMB/LI/25/0067,MTR250118,Matara,Malimbada,,Horagoda West,355C,"මුස්ලිම් ගම්මානය, පැනෑටියන පාර, හොරගොඩ, තෙලිජ්ජවිල",,,,,,,,,,6.036117,80.47271
Other,OTHER,NBRO/LRRMD-MTR/MTR/MALIMB/LI/25/0068,MTR250119,Matara,Malimbada,,Horagoda West,355C,"මුස්ලිම් ගම්මානය, පැනෑටියන පාර, හොරගොඩ, තෙලිජ්ජවිල",,,,,,,,,,6.03932,80.474494
Other,OTHER,NBRO/LRRMD-MTR/MTR/KOTAPO/LI/25/0075,MTR250132,Matara,Kotapola,,Thenipita,244A,"143, දෙනියාය වත්ත (ඉහළ කොටස), දෙනියාය",,,,,,,,,,6.336337,80.562944
Other,OTHER,NBRO/LRRMD-MTR/MTR/KOTAPO/LI/25/0078,MTR250139,Matara,Kotapola,,Deniyaya,243,"146, දෙනියාය වත්ත, දෙනියාය",,,,,,,,,,6.33657,80.562915
Other,OTHER,NBRO/LRRMD-MTR/MTR/DEVINU/LI/25/0080,MTR250145,Matara,Devinuwara,,Gandara East,437A,"අංක 194/1, වෙරළ පාර, රජවත්ත, ගන්දර",,,,,,,,,,5.937099,80.615238
Other,OTHER,NBRO/LRRMD-MTR/MTR/DEVINU/LI/25/0081,MTR250146,Matara,Devinuwara,,Uda Aparekka East,448A,"කොහුදෙණිය, උඩ අපරැක්ක නැගෙනහිර, උඩඅපරැක්ක",,,,,,,,,,5.995759,80.623499
Other,OTHER,NBRO/LRRMD-MTR/MTR/PITABE/LI/25/0082,MTR250147,Matara,Pitabeddara,,Wathurakumbura,265C,"No 306,Udumullahena,dehigaspa,Pitabeddara",,,,,,,,,,6.177217,80.486289
Other,OTHER,NBRO/LRRMD-MTR/MTR/MATAFG/LI/25/0085,MTR250155,Matara,Matara Four Gravets,,Kanattegoda South,423,"නො.308, වෙත්තසිංහවත්ත,කනත්තගොඩ",,,,,,,,,,5.950135,80.508507
Other,OTHER,NBRO/LRRMD-MTR/MTR/ATHURA/LI/25/0087,MTR250158,Matara,Athuraliya,,Pahala Athuraliya,315,"පහලහේන වත්ත, පහල අතුරලිය, අකුරැස්ස",,,,,,,,,,6.05952,80.51734
Other,OTHER,NBRO/LRRMD-MTR/MTR/KAMBUR/LI/25/0089,MTR250164,Matara,Kamburupitiya,,Palolpitiya,346B,"No.122, Benthishena, Palolpitiya.",,,,,,,,,,6.03187,80.56079
Other,OTHER,NBRO/LRRMD-MTR/MTR/ATHURA/LI/25/0097,MTR250180,Matara,Athuraliya,,Thibbotuwawa,310,"තිබ්බොටුවාව, අතුරලිය",,,,,,,,,,6.099261,80.481201
Other,OTHER,NBRO/LRRMD-MTR/MTR/KAMBUR/LI/25/0108,MTR250210,Matara,Kamburupitiya,,Palolpitiya,346B,"ජාතික කුරුදු පර්යේෂණ හා පුහුණු මධ්‍යස්ථානය, පලොල්පිටිය, තිහගොඩ",,,,,,,,,,6.029141,80.557466
Other,OTHER,NBRO/LRRMD-MTR/MTR/KOTAPO/LI/25/0116,MTR250228,Matara,Kotapola,,Pathawala Nadakanda,241D,"එන්සල්වත්ත කොටස, විහාරහේන, දෙනියාය.",,,,,,,,,,6.37018,80.599
Other,OTHER,NBRO/LRRMD-MTR/MTR/KOTAPO/LI/25/0117,MTR250229,Matara,Kotapola,,Pathawala Nadakanda,241D,"එන්සල්වත්ත කොටස, විහාරහේන, දෙනියාය.",,,,,,,,,,6.36879,80.59811
Other,OTHER,NBRO/LRRMD-MTR/MTR/KOTAPO/LI/25/0119,MTR250231,Matara,Kotapola,,Adaradeniya,244C,"මතුගොබේ කොටස, එන්සල්වත්ත, ආඬාරදෙනිය, විහාරහේන, දෙනියාය.",,,,,,,,,,6.36172,80.58968
Other,OTHER,NBRO/LRRMD-MTR/MTR/KOTAPO/LI/25/0122,MTR250234,Matara,Kotapola,,Adaradeniya,244C,"එන්සල්වත්ත කොටස, විහාරහේන, දෙනියාය.",,,,,,,,,,6.360372,80.589057
Other,OTHER,NBRO/LRRMD-MTR/MTR/HAKMAN/LI/25/0125,MTR250244,Matara,Hakmana,,Kongala West,295A,"ජම්බුගස් වත්ත, බෙරුවේවෙල මාර්ගය",,,,,,,,,,6.08041,80.6325
Other,OTHER,NBRO/LRRMD-MTR/MTR/AKURES/LI/25/0126,MTR250247,Matara,Akuressa,,Hulandawa,363E,"කාමර 06, බෙල්මන්ට් කොටස, හුලන්දාව වත්ත",,,,,,,,,,6.17711,80.471023
Other,OTHER,NBRO/LRRMD-MTR/MTR/AKURES/LI/25/0128,MTR250249,Matara,Akuressa,,Hulandawa,363E,"කාමර 06, බෙල්මන්ට් කොටස, හුලන්දාව වත්ත, අකුරැස්ස",,,,,,,,,,6.177132,80.471121
Other,OTHER,NBRO/LRRMD-MTR/MTR/AKURES/LI/25/0130,MTR250251,Matara,Akuressa,,Hulandawa,363E,"ප්‍රධාන කොටස, හුලන්දාව වත්ත, අකුරැස්ස",,,,,,,,,,6.18164,80.46472
Other,OTHER,NBRO/LRRMD-MTR/MTR/AKURES/LI/25/0131,MTR250252,Matara,Akuressa,,Hulandawa,363E,"කාමර 06, බෙල්මන්ට් කොටස, හුලන්දාව වත්ත, අකුරැස්ස",,,,,,,,,,6.177142,80.471157
Other,OTHER,NBRO/LRRMD-MTR/MTR/AKURES/LI/25/0132,MTR250253,Matara,Akuressa,,Hulandawa,363E,"බෙල්මන්ට් කොටස, හුලන්දාව වත්ත, අකුරැස්ස",,,,,,,,,,6.1771,80.4686
Other,OTHER,NBRO/LRRMD-MTR/MTR/AKURES/LI/25/0133,MTR250254,Matara,Akuressa,,Hulandawa,363E,,,,,,,,,,,6.177361,80.468721
Other,OTHER,NBRO/LRRMD-MTR/MTR/AKURES/LI/25/0135,MTR250256,Matara,Akuressa,,Hulandawa,363E,"ප්‍රධාන කොටස, හුලන්දාව වත්ත, අකුරැස්ස",,,,,,,,,,6.17775,80.46245
Other,OTHER,NBRO/LRRMD-MTR/MTR/AKURES/LI/25/0136,MTR250257,Matara,Akuressa,,Hulandawa,363E,"ප්‍රධාන කොටස, හුලන්දාව වත්ත, අකුරැස්ස",,,,,,,,,,6.1791,80.46061
Other,OTHER,NBRO/LRRMD-MTR/MTR/AKURES/LI/25/0138,MTR250259,Matara,Akuressa,,Hulandawa,363E,"ප්‍රධාන කොටස, හුලන්දාව වත්ත, අකුරැස්ස",,,,,,,,,,6.34168,80.5164
Other,OTHER,NBRO/LRRMD-MTR/MTR/AKURES/LI/25/0139,MTR250260,Matara,Akuressa,,Hulandawa,363E,"ප්‍රධාන කොටස, හුලන්දාව වත්ත, අකුරැස්ස",,,,,,,,,,6.17832,80.459924
Other,OTHER,NBRO/LRRMD-MTR/MTR/AKURES/LI/25/0140,MTR250261,Matara,Akuressa,,Hulandawa,363E,"ප්‍රධාන කොටස, හුලන්දාව වත්ත, අකුරැස්ස",,,,,,,,,,6.178188,80.459976
Other,OTHER,NBRO/LRRMD-MTR/MTR/AKURES/LI/25/0142,MTR250263,Matara,Akuressa,,Hulandawa,363E,"බෙල්මන්ට් කොටස, හුලංදාව වත්ත,හුලංදාව",,,,,,,,,,6.178126,80.469516
Other,OTHER,NBRO/LRRMD-MTR/MTR/MULATI/LI/25/0145,MTR250266,Matara,Mulatiyana,,Koramburuwana,299,"ආදපාන වත්ත, කොරඹුරුවාන, කඹුරුපිටිය",,,,,,,,,,6.11042,80.57368
Other,OTHER,NBRO/LRRMD-MTR/MTR/MULATI/LI/25/0157,MTR250306,Matara,Mulatiyana,,Koramburuwana,299,"කාමර 10, ආදපානවත්ත, කොරඹුරුවාන, කඹුරුපිටිය.",,,,,,,,,,6.10795,80.56991
Other,OTHER,NBRO/LRRMD-MTR/MTR/MATAFG/LI/25/0162,MTR250324,Matara,Matara Four Gravets,,Uyanwatta,417G,"38, පිලදුව, මාතර",,,,,,,,,,5.951887,80.558652
Other,OTHER,NBRO/LRRMD-MTR/MTR/HAKMAN/LI/25/0169,MTR250339,Matara,Hakmana,,Denagama East,280,"මාර / දෙනගම මහා විද්‍යාලය, හක්මන",,,,,,,,,,6.107613,80.648034
Other,OTHER,NBRO/LRRMD-MTR/MTR/THIHAG/LI/25/0186,MTR250391,Matara,Thihagoda,,Unella,340A,"පුංචිදුව වත්ත, උනැල්ල, පාලටුව,තිහගොඩ",,,,,,,,,,5.984563,80.514236
Other,OTHER,NBRO/LRRMD-MTR/MTR/HAKMAN/LI/25/0189,MTR250398,Matara,Hakmana,,Denagama West,280A,"කටුකුරුඳුගහහේන, දෙනගම බටහිර,හක්මන",,,,,,,,,,6.114987,80.639754
Other,OTHER,NBRO/LRRMD-MTR/MTR/KAMBUR/LI/25/0196,MTR250431,Matara,Kamburupitiya,,Gathara West,320B,"ගොරකමෝදරහේන, ගතාරබටහිර, කඹුරුපිටිය",,,,,,,,,,6.093542,80.551786
Other,OTHER,NBRO/LRRMD-MTR/MTR/MULATI/LI/25/0202,MTR250439,Matara,Mulatiyana,,Mudaligedara,299C,"විමර්ශී, මුදලිගෙදර, රන්සෑගොඩ, මාකඳුර",,,,,,,,,,6.12455,80.559467
Other,OTHER,NBRO/LRRMD-MTR/MTR/MATAFG/LI/25/0208,MTR250450,Matara,Matara Four Gravets,,Makavita,426C,"63/බී, විරබානු ගම, මාකාවිට,නාවිමන, මාතර",,,,,,,,,,5.959861,80.582031
Other,OTHER,NBRO/LRRMD-MTR/MTR/WELIPI/LI/25/0261,MTR250522,Matara,Welipitiya,,Jayawickramapura,397C,"දළදා ප්‍රජා ශාලාව, චාර්ලිමවුන්ට්වත්ත, ජයවික්‍රමපුර",,,,,,,,,,5.997168,80.465202
Other,OTHER,NBRO/LRRMD-MTR/MTR/ATHURA/LI/25/0264,MTR250533,Matara,Athuraliya,,Welihena,305,"තල්ගස්ගොඩ, වැලිහේන, පෝරඹ, අකුරැස්ස",,,,,,,,,,6.137587,80.488811
Other,OTHER,NBRO/LRRMD-MTR/MTR/DEVINU/LI/26/0015,MTR260025,Matara,Devinuwara,,Devinuwara,433C,"ශ්‍රී සේපාලිකාරාම විහාරස්ථානය, උඩඅපරැක්ක",,,,,,,,,,6.004711,80.614733
Other,OTHER,NBRO/LRRMD-MTR/MTR/PITABE/LI/26/0022,MTR260033,Matara,Pitabeddara,,Kotagala,266,"සිරිසෙවන, කොටගල, පිටබැද්දර",,,,,,,,,,6.194473,80.490585
Other,OTHER,NBRO/LRRMD-MTR/MTR/PASGOD/LI/26/0082,MTR260121,Matara,Pasgoda,,Ginnaliya East,246,"23/A-2, ගල්පොත්තහේන, ගින්නලිය, ඌරුබොක්ක",,,,,,,,,,6.31031,80.667108
Other,OTHER,NBRO/LRRMD-MTR/MTR/HAKMAN/LI/26/0103,MTR260155,Matara,Hakmana,,Kandegoda,293D,"ගුණරත්නරාමය, පොල්හේන, කන්දේගොඩ",,,,,,,,,,6.100218,80.632793
Other,OTHER,NBRO/LRRMD-MTR/MTR/MATAFG/LI/26/0139,MTR260198,Matara,Matara Four Gravets,,Meddawatta South,425C,"""ඊදිශ් "", එස්.කේ.නගරය, මැද්දවත්ත, මාතර",,,,,,,,,,5.939915,80.570675
Other,OTHER,NBRO/LRRMD-MTR/MTR/MATAFG/LI/26/0164,MTR260273,Matara,Matara Four Gravets,,Navimana North,428,"""නුවන් පියස"", 29/1, සෝමාරාම පාර, නාවිමන උතුර",,,,,,,,,,5.970065,80.559979
Other,OTHER,NBRO/LRRMD-MTR/MTR/PASGOD/LI/26/0178,MTR260294,Matara,Pasgoda,,Thalapalakanda,250C,"තලපලකන්ද, දෙනියාය",,,,,,,,,,6.329286,80.582699
Other,OTHER,NBRO/LRRMD-MTR/MTR/PASGOD/LI/26/0191,MTR260325,Matara,Pasgoda,,Pathavita,250E,"258/13, කැන්දකුඹුර, මුගුණුමුල්ල, බෙරලපානාතර",,,,,,,,,,6.310451,80.571254
Other,OTHER,NBRO/LRRMD-MTR/MTR/THIHAG/LI/26/0217,MTR260394,Matara,Thihagoda,,Galbada,333A,"මාර/ගලබඩ ශ්‍රී දේවානන්ද කණිෂ්ඨ විද්‍යාලය, තිහගොඩ",,,,,,,,,,5.999854,80.583812
Other,OTHER,NBRO/LRRMD-MTR/MTR/PASGOD/LI/26/0242,MTR260451,Matara,Pasgoda,,Bengamuwa South,255C,"මාර/බෙන්ගමුව ප්‍රාථමික විද්‍යාලය, බෙන්ගමුව",,,,,,,,,,6.255266,80.605184
Other,OTHER,NBRO/LRRMD-MTR/MTR/MATAFG/LI/26/0275,MTR260542,Matara,Matara Four Gravets,,Meddawatta South,425C,"632, තංගල්ල පාර, මැද්දවත්ත, මාතර",,,,,,,,,,5.943033,80.567753
Other,OTHER,NBRO/LRRMD-BDL/MON/BIBILE/LI/21/0006,MON210006,Moneragala,Bibile,,Mallehewa,102B,කෝන්ගහඅරාවේ තල්ගහවත්ත,,,,,,,,,,7.150951,81.166314
Other,OTHER,NBRO/LRRMD-BDL/MON/MONERA/LI/21/0010,MON210010,Moneragala,Moneragala,,Maduruketiya,131B,"KUMARAWATTA ESTATE, MONARAGALA",,,,,,,,,,6.812955,81.297001
Other,OTHER,NBRO/LRRMD-BDL/MON/BIBILE/LI/22/0011,MON220012,Moneragala,Bibile,,Medipitiya,99C,"වෙලන්කැටිය, වරකාලන්ද, අයිවල,  බිබිල",,,,,,,,,,7.098667,81.22911
Other,OTHER,NBRO/LRRMD-BDL/MON/BIBILE/LI/22/0012,MON220013,Moneragala,Bibile,,Medipitiya,99C,"කුලපොතුගහවත්ත, හැමගහදෝව,අයිවල, බිබිල",,,,,,,,,,7.099348,81.232807
Other,OTHER,NBRO/LRRMD-BDL/MON/BIBILE/LI/22/0013,MON220014,Moneragala,Bibile,,Medipitiya,99C,"කෝන්ගහවත්ත, වරකාලන්ද, ඉලුක්කුඹුර, අයිවල,  බිබිල.",,,,,,,,,,7.099455,81.230587
Other,OTHER,NBRO/LRRMD-BDL/MON/BIBILE/LI/22/0014,MON220015,Moneragala,Bibile,,Medipitiya,99C,"හැමගහදෝව, ඉලුක්කුඹුර, අයිවල,  බිබිල.",,,,,,,,,,7.099838,81.233317
Other,OTHER,NBRO/LRRMD-BDL/MON/MEDAGA/LI/22/0031,MON220022,Moneragala,Medagama,,Bendiyawa,106B,"අංක 07, තිත්තවැල්කිවුල, තොටබෝව, මැදගම.",,,,,,,,,,7.143821,81.299379
Other,OTHER,NBRO/LRRMD-BDL/MON/WELLAW/LI/23/0005,MON230006,Moneragala,Wellawaya,,Wellawaya,151,වටවන වත්ත,,,,,,,,,,6.73526,81.09447
Other,OTHER,NBRO/LRRMD-BDL/MON/WELLAW/LI/24/0026,MON240032,Moneragala,Wellawaya,,Randeniya,153A,"16 වත්ත, රංදෙණිය, වැල්ලවාය",,,,,,,,,,6.793703,81.110212
Other,OTHER,NBRO/LRRMD-BDL/MON/WELLAW/LI/24/0037,MON240044,Moneragala,Wellawaya,,Ethiliwewa,150J,"නො. 74,මහආරගම,ඇතිලිවැව.",,,,,,,,,,6.609364,81.1665466
Other,OTHER,NBRO/LRRMD-BDL/MON/BADALK/LI/25/0009,MON250011,Moneragala,Badalkumbura,,Wekumbura,134,"අංක 51/A, කරඳ හන්දිය, ගල්බඩ, බඩල්කුඹුර",,,,,,,,,,6.904594,81.225802
Other,OTHER,NBRO/LRRMD-NWE/NWE/HANGUR/LI/16/0001,NWE160003,Nuwara Eliya,Hanguranketha,,Bambaragama,499,දිඹුල්ගැටේ,,,,,,,,,,7.144787,80.732939
Other,OTHER,NBRO/LRRMD-NWE/NWE/HANGUR/LI/16/0107,NWE160249,Nuwara Eliya,Hanguranketha,,Bambaragama,499,දිඹුල්ගැටේ,,,,,,,,,,7.144787,80.732939
Other,OTHER,NBRO/LRRMD-NWE/NWE/AMBAGA/LI/18/0127,NWE180136,Nuwara Eliya,Ambagamuwa,,Pitawala,316D,,,,,,,,,,,6.9906812,80.4497161
Other,OTHER,NBRO/LRRMD-NWE/NWE/NUWARE/LI/18/0136,NWE180188,Nuwara Eliya,Nuwara Eliya,,Kalapura,535N,,,,,,,,,,,6.979198,80.724156
Other,OTHER,NBRO/LRRMD-NWE/NWE/WALAPA/LI/19/0103,NWE190136,Nuwara Eliya,Walapane,,Galketiwela,519C,"ගම්පෙරලිය යෝජිත සංවර්ධන ගම්මානය, ගල්කැටිවෙල, වලපනේ.",,,,,,,,,,7.11918958,80.897373
Other,OTHER,NBRO/LRRMD-NWE/NWE/NUWARE/LI/19/0112,NWE190145,Nuwara Eliya,Nuwara Eliya,,Concordia,534F,"කේෂ්ත්‍ර අංක 13, කොන්කෝඩියා වත්ත.",,,,,,,,,,6.998472,80.824073
Other,OTHER,NBRO/LRRMD-NWE/NWE/AMBAGA/LI/19/0142,NWE190175,Nuwara Eliya,Ambagamuwa,,Seethagangula,320B,ඩෙල්හවුස් වත්ත සුභ සාධක මධ්‍යස්ථානයක් ඉදිකිරීමේ ව්‍යාපෘතිය,,,,,,,,,,6.8238098,80.5193243
Other,OTHER,NBRO/LRRMD-NWE/NWE/AMBAGA/LI/19/0149,NWE190182,Nuwara Eliya,Ambagamuwa,,Dagampitiya,316F,දාගම්පිටිය ග්‍රාම නිලධාරි වසමේ නීලවත්ත ගම්මානයේ ඉදිකිරීමට යෝජිත මාර්ග සංවර්ධනය,,,,,,,,,,6.98238199,80.46103008
Other,OTHER,NBRO/LRRMD-NWE/NWE/HANGUR/LI/19/0160,NWE190193,Nuwara Eliya,Hanguranketha,,Handawalapitiya,499A,වරාකලවිට,,,,,,,,,,7.128035,80.730556
Other,OTHER,NBRO/LRRMD-NWE/NWE/HANGUR/LI/20/0261,NWE200333,Nuwara Eliya,Hanguranketha,,Idampitiya,510,"බැලුම්ගොඩ, ඉඩම්පිටිය, පදියපැලැල්ල (කලුකුමාර දේවාලය අසල)",,,,,,,,,,7.082008416,80.79128863289
Other,OTHER,NBRO/LRRMD-NWE/NWE/AMBAGA/LI/21/0022,NWE210018,Nuwara Eliya,Ambagamuwa,,Dickoya,319A,"ගැලැන්කන්   පහළ කොටස, දික්ඔය.",,,,,,,,,,6.856318,80.600503
Other,OTHER,NBRO/LRRMD-NWE/NWE/KOTHMA/LI/22/0358,NWE220671,Nuwara Eliya,Kothmale,,Thispane Kanda,462A,"තිස්පනේ කන්ද, නවතිස්පනේ",,,,,,,,,,7.09614206571,80.8015002217
Other,OTHER,NBRO/LRRMD-NWE/NWE/WALAPA/LI/22/0359,NWE220673,Nuwara Eliya,Walapane,,Padiyapelella,505A,"ගලබඩ හංදිය, පදියපැලැල්ල",,,,,,,,,,7.09614206571,80.8015002217
Other,OTHER,NBRO/LRRMD-NWE/NWE/AMBAGA/LI/24/0018,NWE240103,Nuwara Eliya,Ambagamuwa,,Norwood,320,නෝර්වුඩ් වත්ත,,,,,,,,,,6.833812,80.616838
Other,OTHER,NBRO/LRRMD-NWE/NWE/AMBAGA/LI/24/0124,NWE240418,Nuwara Eliya,Ambagamuwa,,Maskeliya,320A,මස්කෙළිය බස් නැවතුම්පොළ,,,,,,,,,,6.833261,80.572269
Other,OTHER,NBRO/LRRMD-RTP/RTP/ELAPAT/LI/18/0046,RTP180052,Ratnapura,Elapatha,,Hangamuwa,183,"මාඋස්සාව, ඇලපාත",,,,,,,,,,6.6353004,80.3981807
Other,OTHER,NBRO/LRRMD-RTP/RTP/NIVITH/LI/18/0047,RTP180053,Ratnapura,Nivithigala,,Pebotuwa,177A,"ඉඔුලාන, පෑබොටුව,නිවිතිගල",,,,,,,,,,6.54271,80.45187
Other,OTHER,NBRO/LRRMD-RTP/RTP/KALAWA/LI/19/0030,RTP190030,Ratnapura,Kalawana,,Wewelkandura,196A,"වේවැල්කඳුර, කලවාන, රත්නපුර",,,,,,,,,,6.53058,80.435809
Other,OTHER,NBRO/LRRMD-RTP/RTP/NIVITH/LI/19/0031,RTP190031,Ratnapura,Nivithigala,,Doloswalakanda,176B,"දොලොස්වල වත්ත, පේලි නිවාස අංක 07,නිවිතිගල",,,,,,,,,,6.564515,80.414484
Other,OTHER,NBRO/LRRMD-RTP/RTP/NIVITH/LI/19/0035,RTP190035,Ratnapura,Nivithigala,,Watapotha,176A,"නො:501/9, තැන්නහේන, වටාපත, නිවිතිගල",,,,,,,,,,6.570666,80.520186
Other,OTHER,NBRO/LRRMD-RTP/RTP/RATNAP/LI/20/0037,RTP200039,Ratnapura,Ratnapura,,Muwagama,182,"අංක 36/15, ගොරොක්ගොඩ, රත්නපුර",,,,,,,,,,6.679364,80.38988
Other,OTHER,NBRO/LRRMD-RTP/RTP/RATNAP/LI/20/0053,RTP200055,Ratnapura,Ratnapura,,Gallella,164,"ගලබොඩ වත්ත,නුගේපොල,රත්නපුර",,,,,,,,,,6.712252,80.494366
Other,OTHER,NBRO/LRRMD-RTP/RTP/KIRIEL/LI/20/0273,RTP200275,Ratnapura,Kiriella,,Matuwagala,149A,"අමරසිංහ ගුණපාල, මටුවාගල, කිරිඇල්ල",,,,,,,,,,6.748976,80.280534
Other,OTHER,NBRO/LRRMD-RTP/RTP/AYAGAM/LI/21/0004,RTP210004,Ratnapura,Ayagama,,Dumbara,191,"අංක 418/ඒ්,මිණිපුර,දුම්බර.",,,,,,,,,,6.710643,80.22282
Other,OTHER,NBRO/LRRMD-RTP/RTP/KURUVI/LI/21/0089,RTP210086,Ratnapura,Kuruvita,,Amuhenkanda,146A,"තොටිලහේන, අමුහේන්කන්ද, පරකඩුව",,,,,,,,,,6.8344933,80.2897733
Other,OTHER,NBRO/LRRMD-RTP/RTP/AYAGAM/LI/21/0611,RTP210608,Ratnapura,Ayagama,,Pallekada,192A,"වත්ත ඉන්න කන්ද, පල්ලෙකඩ, අයගම",,,,,,,,,,6.6666,80.4566
Other,OTHER,NBRO/LRRMD-RTP/RTP/KOLONN/LI/21/0631,RTP210628,Ratnapura,Kolonna,,Ranhotikanda,202A,"ඇල්ලබඩහේන, බුළුතොට",,,,,,,,,,6.4482166,80.64228833
Other,OTHER,NBRO/LRRMD-RTP/RTP/KOLONN/LI/21/0633,RTP210630,Ratnapura,Kolonna,,Ranhotikanda,202A,"ඇල්ලබඩහේන, බුළුතොට",,,,,,,,,,6.449433,80.641395
Other,OTHER,NBRO/LRRMD-RTP/RTP/KOLONN/LI/21/0637,RTP210634,Ratnapura,Kolonna,,Ranhotikanda,202A,"ඇල්ලබඩහේන, බුළුතොට",,,,,,,,,,6.446551,80.64099
Other,OTHER,NBRO/LRRMD-RTP/RTP/BALANG/LI/22/0017,RTP220052,Ratnapura,Balangoda,,Pallekanda,255,"බෙලිගල පාර,පල්ලේකන්ද, බලංගොඩ",,,,,,,,,,6.719331,80.669854
Other,OTHER,NBRO/LRRMD-RTP/RTP/OPANAY/LI/22/0031,RTP220116,Ratnapura,Opanayaka,,Polwattahena,244D,"ශ්‍රී අභිනවාරාම විහාරස්ථානය,ඕපනායක",,,,,,,,,,6.61218,80.60188
Other,OTHER,NBRO/LRRMD-RTP/RTP/OPANAY/LI/22/0032,RTP220117,Ratnapura,Opanayaka,,Malmeekanda,244B,"බහු කාර්යාල ගොඩනැගිල්ල ,මල්මීකන්ද, ඕපනායක",,,,,,,,,,6.624134,80.312903
Other,OTHER,NBRO/LRRMD-RTP/RTP/PELMAD/LI/22/0035,RTP220120,Ratnapura,Pelmadulla,,Rilhena,167C,"වෙරළුගස්වත්ත, රිල්හේන, පැල්මඩුල්ල",,,,,,,,,,6.628755,80.524925
Other,OTHER,NBRO/LRRMD-RTP/RTP/ELAPAT/LI/22/0044,RTP220180,Ratnapura,Elapatha,,Karangoda,186,"කරංගොඩ , ඇලපාත",,,,,,,,,,6.672954,80.383243
Other,OTHER,NBRO/LRRMD-RTP/RTP/OPANAY/LI/22/0056,RTP220215,Ratnapura,Opanayaka,,Hattella,242,"හත්තැල්ල , ඕපනායක",,,,,,,,,,6.584484,80.624401
Other,OTHER,NBRO/LRRMD-RTP/RTP/OPANAY/LI/22/0057,RTP220216,Ratnapura,Opanayaka,,Hattella Egoda,242B,"නරිස්ස, හත්තැල්ල, ඕපනායක",,,,,,,,,,6.569776,80.629631
Other,OTHER,NBRO/LRRMD-RTP/RTP/OPANAY/LI/22/0058,RTP220217,Ratnapura,Opanayaka,,Polwattahena,244D,"ඉදිරින්වලකඩ. පොල්වත්තහේන, ඕපනායක",,,,,,,,,,6.624758,80.590693
Other,OTHER,NBRO/LRRMD-RTP/RTP/OPANAY/LI/22/0059,RTP220218,Ratnapura,Opanayaka,,Hunuwala North,244,"ඉඹුල්තැන්න පිට්ටනිය අසල, උතුරු හුණුවල, ඕපනායක",,,,,,,,,,6.60958,80.601596
Other,OTHER,NBRO/LRRMD-RTP/RTP/OPANAY/LI/22/0060,RTP220219,Ratnapura,Opanayaka,,Hunuwala South,243,"තානායම්ගොඩ, දකුණු හුණුවල, ඕපනායක",,,,,,,,,,6.604471,80.605493
Other,OTHER,NBRO/LRRMD-RTP/RTP/OPANAY/LI/22/0061,RTP220220,Ratnapura,Opanayaka,,Hallinna,244A,"කොස්ඇටදෙණිය හන්දිය, හුණුවල, ඕපනායක",,,,,,,,,,6.613373,80.589938
Other,OTHER,NBRO/LRRMD-RTP/RTP/OPANAY/LI/22/0062,RTP220240,Ratnapura,Opanayaka,,Galkanda,242C,"පාඬියාවත්ත, අකරැල්ල, ඕපනායක",,,,,,,,,,6.562518,80.657525
Other,OTHER,NBRO/LRRMD-RTP/RTP/OPANAY/LI/22/0063,RTP220241,Ratnapura,Opanayaka,,Meegahawela,245A,"මීගහවෙල, ගල්හිර, ඕපනායක",,,,,,,,,,6.621434,80.621844
Other,OTHER,NBRO/LRRMD-RTP/RTP/OPANAY/LI/22/0064,RTP220248,Ratnapura,Opanayaka,,Wallaketiya,246C,"වල්ලකැටිය,  ඕපනායක",,,,,,,,,,6.5908,80.63475
Other,OTHER,NBRO/LRRMD-RTP/RTP/OPANAY/LI/22/0065,RTP220249,Ratnapura,Opanayaka,,Liyanagoda,241A,"මිටිතැන්නේගොඩ, අකරැල්ල, ඕපනායක",,,,,,,,,,6.580783,80.662775
Other,OTHER,NBRO/LRRMD-RTP/RTP/OPANAY/LI/22/0066,RTP220250,Ratnapura,Opanayaka,,Kendaketiya,245B,"කන්දකැටිය, ඕපනායක",,,,,,,,,,6.633306,80.64922
Other,OTHER,NBRO/LRRMD-RTP/RTP/PELMAD/LI/22/0067,RTP220251,Ratnapura,Pelmadulla,,Pelmadulla Town,168A,"වැටහේනවත්ත, වලව්වත්ත පාර, පැල්මඩුල්ල",,,,,,,,,,6.62263,80.5432
Other,OTHER,NBRO/LRRMD-RTP/RTP/PELMAD/LI/22/0068,RTP220252,Ratnapura,Pelmadulla,,Pelmadullagama,168B,"ධර්මපාල මාවත, පැල්මඩුල්ල",,,,,,,,,,6.61666,80.54784
Other,OTHER,NBRO/LRRMD-RTP/RTP/PELMAD/LI/22/0069,RTP220255,Ratnapura,Pelmadulla,,Gonakumbura,178A,"ගෝණකුඹුර, රත්නපුර",,,,,,,,,,6.68802,80.45746
Other,OTHER,NBRO/LRRMD-RTP/RTP/PELMAD/LI/22/0070,RTP220256,Ratnapura,Pelmadulla,,Godagama,171B,"ගොඩගම අවමංගල්‍යධාර සමිති ශාලාව, ගොඩගම, පාතකඩ",,,,,,,,,,6.64333,80.51754
Other,OTHER,NBRO/LRRMD-RTP/RTP/IMBULP/LI/22/0081,RTP220322,Ratnapura,Imbulpe,,Rawanakanda,266B,"තෝරවෙලකන්ද පාසැල අසල, තෝරවෙලකන්ද",,,,,,,,,,6.73346,80.60841
Other,OTHER,NBRO/LRRMD-RTP/RTP/IMBULP/LI/22/0082,RTP220323,Ratnapura,Imbulpe,,Bellankanda,267B,"බෙල්ලනකන්ද, බොල්තුඹේ",,,,,,,,,,6.71719,80.66299
Other,OTHER,NBRO/LRRMD-RTP/RTP/IMBULP/LI/22/0083,RTP220480,Ratnapura,Imbulpe,,Udagama,268,"මද්දේගම, උඩගම",,,,,,,,,,6.71641,80.68396
Other,OTHER,NBRO/LRRMD-RTP/RTP/IMBULP/LI/22/0084,RTP220481,Ratnapura,Imbulpe,,Belihuloya,279,"ගලගම,  බෙලිහුල්ඔය",,,,,,,,,,6.71719,80.66299
Other,OTHER,NBRO/LRRMD-RTP/RTP/IMBULP/LI/22/0085,RTP220482,Ratnapura,Imbulpe,,Alakolaella,271,"නෙල්ලිවල ශ්‍රී බෝධිරුක්කාරාම විහාරස්ථානය, අලකොලඇල්ල, නෙල්ලිවල, පින්නවල",,,,,,,,,,6.705914,80.710619
Other,OTHER,NBRO/LRRMD-RTP/RTP/IMBULP/LI/22/0086,RTP220483,Ratnapura,Imbulpe,,Atawakwela,271A,"හේන්යාය, අටවක්වෙල,  පින්නවල",,,,,,,,,,6.70696,80.702251
Other,OTHER,NBRO/LRRMD-RTP/RTP/IMBULP/LI/22/0087,RTP220484,Ratnapura,Imbulpe,,Medagedaragoda,272C,"කුරුඳුවත්ත, මැදගෙදරගොඩ,  ඉඹුල්පේ",,,,,,,,,,6.691777,80.743915
Other,OTHER,NBRO/LRRMD-RTP/RTP/IMBULP/LI/22/0088,RTP220485,Ratnapura,Imbulpe,,Wegapitiya,264A,"රයි ගාමන්ට් අසල, වෑගපිටිය, බලංගොඩ",,,,,,,,,,6.673361,80.709704
Other,OTHER,NBRO/LRRMD-RTP/RTP/IMBULP/LI/22/0089,RTP220486,Ratnapura,Imbulpe,,Oluganthota,264D,"ඕලුගංතොට,  බලංගොඩ",,,,,,,,,,6.658128,80.714254
Other,OTHER,NBRO/LRRMD-RTP/RTP/KALAWA/LI/22/0095,RTP220492,Ratnapura,Kalawana,,Wewelkandura,196A,"වේවැල්කදුර, කලවාන",,,,,,,,,,6.531659,80.428688
Other,OTHER,NBRO/LRRMD-RTP/RTP/RATNAP/LI/22/0111,RTP220531,Ratnapura,Ratnapura,,Weralupe,152B,"වෙරළුප, රත්නපුර",,,,,,,,,,6.693907,80.392714
Other,OTHER,NBRO/LRRMD-RTP/RTP/RATNAP/LI/22/0112,RTP220532,Ratnapura,Ratnapura,,Gallella,164,"ගල්ලෑල්ල, රත්නපුර",,,,,,,,,,6.709407,80.487943
Other,OTHER,NBRO/LRRMD-RTP/RTP/RATNAP/LI/22/0113,RTP220533,Ratnapura,Ratnapura,,Durekkanda,163E,"දුරෙක්කන්ද, රත්නපුර",,,,,,,,,,6.708775,80.451083
Other,OTHER,NBRO/LRRMD-RTP/RTP/RATNAP/LI/22/0114,RTP220534,Ratnapura,Ratnapura,,Kolandagala,181A,"කොළදගල, රත්නපුර",,,,,,,,,,6.663722,80.446153
Other,OTHER,NBRO/LRRMD-RTP/RTP/EHELIY/LI/22/0124,RTP220560,Ratnapura,Eheliyagoda,,Hindurangala,142A,"හිඳුරංගල මහපොල්වත්ත ,ඇහැලියගොඩ",,,,,,,,,,6.7913383,80.2482533
Other,OTHER,NBRO/LRRMD-RTP/RTP/PELMAD/LI/22/0166,RTP220647,Ratnapura,Pelmadulla,,Ihala Bopitiya,167B,"ඉහළ බෝපිටිය , පැල්මඩුල්ල",,,,,,,,,,6.605156,80.538522
Other,OTHER,NBRO/LRRMD-RTP/RTP/RATNAP/LI/22/0218,RTP220766,Ratnapura,Ratnapura,,Kempanawatta,165D,"වලකඩවත්ත, කෙම්පනාවත්ත, රත්නපුර",,,,,,,,,,6.699331,80.5318
Other,OTHER,NBRO/LRRMD-RTP/RTP/WELIGE/LI/22/0223,RTP220783,Ratnapura,Weligepola,,Bopitigoda,239C,"ප්‍රදේශීය ලේකම් කාර්යාල,  වැලිගෙපොල",,,,,,,,,,6.583011,80.711388
Other,OTHER,NBRO/LRRMD-RTP/RTP/BALANG/LI/22/0227,RTP220787,Ratnapura,Balangoda,,Kirimetithenna,250,"කිරිමැටිතැන්න, බලංගොඩ",,,,,,,,,,6.633526,80.721282
Other,OTHER,NBRO/LRRMD-RTP/RTP/BALANG/LI/22/0228,RTP220788,Ratnapura,Balangoda,,Welage,251,"වෙළගේ, බලංගොඩ",,,,,,,,,,6.618941,80.697133
Other,OTHER,NBRO/LRRMD-RTP/RTP/BALANG/LI/22/0229,RTP220789,Ratnapura,Balangoda,,Mawela,251A,"තලකොලහින්න, මාවෙල, බලංගොඩ",,,,,,,,,,6.6158806,80.713088
Other,OTHER,NBRO/LRRMD-RTP/RTP/BALANG/LI/22/0230,RTP220790,Ratnapura,Balangoda,,Damahana,252,"දහමාන, බලංගොඩ",,,,,,,,,,6.612586,80.735495
Other,OTHER,NBRO/LRRMD-RTP/RTP/BALANG/LI/22/0231,RTP220791,Ratnapura,Balangoda,,Batugammana,252A,"බටුගම්මන, බලංගොඩ",,,,,,,,,,6.66628761,80.717445
Other,OTHER,NBRO/LRRMD-RTP/RTP/BALANG/LI/22/0234,RTP220794,Ratnapura,Balangoda,,Theladiriya,252E,"තෙළදිරිය, මහවලතැන්න, බලංගොඩ",,,,,,,,,,6.596619,80.632905
Other,OTHER,NBRO/LRRMD-RTP/RTP/BALANG/LI/22/0235,RTP220795,Ratnapura,Balangoda,,Yahalewela,252B,"හපුගහකුඹුර,  බලංගොඩ",,,,,,,,,,6.64334,80.728911
Other,OTHER,NBRO/LRRMD-RTP/RTP/BALANG/LI/22/0236,RTP220796,Ratnapura,Balangoda,,Imbulamura,253,"ඉඹුලමුර, මහවලතැන්න, බලංගොඩ",,,,,,,,,,6.598723,80.773122
Other,OTHER,NBRO/LRRMD-RTP/RTP/BALANG/LI/22/0237,RTP220797,Ratnapura,Balangoda,,Mahawalathenna,253A,"මහවලතැන්න, බලංගොඩ",,,,,,,,,,6.589295,80.7492
Other,OTHER,NBRO/LRRMD-RTP/RTP/BALANG/LI/22/0238,RTP220798,Ratnapura,Balangoda,,Kirindigala,256B,"බලවත්කඳුර, බලංගොඩ",,,,,,,,,,6.646582,80.7148983
Other,OTHER,NBRO/LRRMD-RTP/RTP/KALTHO/LI/22/0242,RTP220802,Ratnapura,Kalthota,,Neluyaya,-,"නෙළුයාය, මැදබැද්ද",,,,,,,,,,6.658314,80.904668
Other,OTHER,NBRO/LRRMD-RTP/RTP/KALTHO/LI/22/0243,RTP220803,Ratnapura,Kalthota,,Kalthota,-,"කොලොන්මඩ, කල්තොට, බලංගොඩ,",,,,,,,,,,6.647904,80.880298
Other,OTHER,NBRO/LRRMD-RTP/RTP/KALTHO/LI/22/0244,RTP220804,Ratnapura,Kalthota,,Welipathayaya,-,"අංක 06, වැලිපතයාය, බලංගොඩ",,,,,,,,,,6.622344,80.876284
Other,OTHER,NBRO/LRRMD-RTP/RTP/KALTHO/LI/22/0245,RTP220805,Ratnapura,Kalthota,,Kalupedigama,-,"කළුපේඩිගම, වැලිපතයාය, බලංගොඩ",,,,,,,,,,6.71719,80.66299
Other,OTHER,NBRO/LRRMD-RTP/RTP/KALTHO/LI/22/0246,RTP220806,Ratnapura,Kalthota,,Diyavinna,-,"දියවින්න, හඳගිරිය.බලංගොඩ",,,,,,,,,,6.575046,80.834798
Other,OTHER,NBRO/LRRMD-RTP/RTP/KALTHO/LI/22/0248,RTP220808,Ratnapura,Kalthota,,Kalthota,-,"ශ්‍රී උභය ලෝකාර්ථෝදය වැඩිහිටි නිවාසය, කල්තොට, බලංගොඩ",,,,,,,,,,6.656103,80.880795
Other,OTHER,NBRO/LRRMD-RTP/RTP/KAHAWA/LI/22/0537,RTP221036,Ratnapura,Kahawatta,,Nugawela West,230B,"නිසල උයන, යායින්න, කහවත්ත.",,,,,,,,,,6.573281,80.572538
Other,OTHER,NBRO/LRRMD-RTP/RTP/KAHAWA/LI/22/0539,RTP221038,Ratnapura,Kahawatta,,Nugawela East,230,"අංක 263, යායින්න හන්දිය, කහවත්ත",,,,,,,,,,6.572438,80.57392
Other,OTHER,NBRO/LRRMD-RTP/RTP/KALAWA/LI/22/0547,RTP221046,Ratnapura,Kalawana,,Kudumeeriya,198D,"ගගලගමුව, වැද්දාගල, කලවාන.",,,,,,,,,,6.45832,80.45405
Other,OTHER,NBRO/LRRMD-RTP/RTP/EHELIY/LI/22/0554,RTP221053,Ratnapura,Eheliyagoda,,Bopetta Didda,137E,"අංක 689/බී/1, බෝපැත්ත, ගැටහැත්ත.",,,,,,,,,,6.87567,80.25764166
Other,OTHER,NBRO/LRRMD-RTP/RTP/PELMAD/LI/22/0579,RTP221079,Ratnapura,Pelmadulla,,Maudella,179A,"අංක 94/සී, මැකියාවත්ත, පනගම, දෑල.",,,,,,,,,,6.636589,80.449043
Other,OTHER,NBRO/LRRMD-RTP/RTP/PELMAD/LI/22/0580,RTP221080,Ratnapura,Pelmadulla,,Ihala Bopitiya,167B,"අංක 612/2, රිටිදොලවත්ත, වැලිහිද, පැල්මඩුල්ල",,,,,,,,,,6.607481,80.543634
Other,OTHER,NBRO/LRRMD-RTP/RTP/KALAWA/LI/22/0582,RTP221082,Ratnapura,Kalawana,,Thapassarakanda,196C,"පොදු වෙළඳ පොළ ඉදිරිපිට, මානාන, කලවාන.",,,,,,,,,,6.5332233,80.39555
Other,OTHER,NBRO/LRRMD-RTP/RTP/KALAWA/LI/22/0592,RTP221092,Ratnapura,Kalawana,,Delgoda East,197D,"අංක 02, දෙල්ගොඩ, වැද්දාගල",,,,,,,,,,6.484483,80.404092
Other,OTHER,NBRO/LRRMD-RTP/RTP/KALAWA/LI/22/0593,RTP221093,Ratnapura,Kalawana,,Kathlana,201B,"කිරල්වැටිය, පොතුපිටිය,කලවාන.",,,,,,,,,,6.434914,80.509382
Other,OTHER,NBRO/LRRMD-RTP/RTP/KALAWA/LI/22/0595,RTP221095,Ratnapura,Kalawana,,Kathlana,201B,"බෝපිටිය, පොතුපිටිය, කලවාන",,,,,,,,,,6.450939,80.510162
Other,OTHER,NBRO/LRRMD-RTP/RTP/KOLONN/LI/22/0603,RTP221103,Ratnapura,Kolonna,,Buluthota,202,"උඩහ ගෙදර, බුළුතොට",,,,,,,,,,6.438093,80.651643
Other,OTHER,NBRO/LRRMD-RTP/RTP/KOLONN/LI/22/0604,RTP221104,Ratnapura,Kolonna,,Buluthota,202,"උඩහගෙදර, බුළුතොට",,,,,,,,,,6.438203,80.65192
Other,OTHER,NBRO/LRRMD-RTP/RTP/KOLONN/LI/22/0605,RTP221105,Ratnapura,Kolonna,,Buluthota,202,"උඩහ ගෙදර, බුළුතොට",,,,,,,,,,6.438427,80.6518001
Other,OTHER,NBRO/LRRMD-RTP/RTP/PELMAD/LI/22/0607,RTP221107,Ratnapura,Pelmadulla,,Dewalegama,171D,"රිල්හේන වත්ත, ඉහලකන්ද, ගනේගම, පැල්මඩුල්ල.",,,,,,,,,,6.6213142,80.5178356
Other,OTHER,NBRO/LRRMD-RTP/RTP/ELAPAT/LI/22/0725,RTP221226,Ratnapura,Elapatha,,Kotamulla,183A,අ.ග.පි 81 අතිරේක අංක  29 පත්‍ර අංක 31 දරණ පිඹුරේ කැබලි අංක 619 සඳහා,,,,,,,,,,6.66444833,80.3868033
Other,OTHER,NBRO/LRRMD-RTP/RTP/KOLONN/LI/22/0734,RTP221235,Ratnapura,Kolonna,,Ranhotikanda,202A,"රංහොටිකන්ද, කොලොන්න",,,,,,,,,,6.448709,80.642969
Other,OTHER,NBRO/LRRMD-RTP/RTP/KOLONN/LI/22/0736,RTP221237,Ratnapura,Kolonna,,Ranhotikanda,202A,"රංහොටිකන්ද, කොලොන්න",,,,,,,,,,6.4482011,80.6416083
Other,OTHER,NBRO/LRRMD-RTP/RTP/KOLONN/LI/22/0737,RTP221238,Ratnapura,Kolonna,,Ranhotikanda,202A,"රංහොටිකන්ද, කොලොන්න",,,,,,,,,,6.448489,80.641802
Other,OTHER,NBRO/LRRMD-RTP/RTP/NIVITH/LI/22/0745,RTP221246,Ratnapura,Nivithigala,,Dombagammana,175C,175 C දොඹගම්මන ග්‍රාම නිලධාරී වසමේ පිහිටි දෑල පැරණි පාලම,,,,,,,,,,6.62164,80.453525
Other,OTHER,NBRO/LRRMD-RTP/RTP/RATNAP/LI/22/0750,RTP221251,Ratnapura,Ratnapura,,New Town,153A,"ගොළුවාවිල, රත්නපුර",,,,,,,,,,6.714246,80.394028
Other,OTHER,NBRO/LRRMD-RTP/RTP/ELAPAT/LI/22/0757,RTP221258,Ratnapura,Elapatha,,Kotamulla,183A,කොටාමුල්ල ග්‍රාම නිලධාරි වසමේ පිහිටි උපුල් රෝහණ ජයවික්‍රම යන අයගේ ඉඩම,,,,,,,,,,6.6665183,80.38875
Other,OTHER,NBRO/LRRMD-RTP/RTP/ELAPAT/LI/22/0758,RTP221259,Ratnapura,Elapatha,,Kotamulla,183A,"ඇලපාත, රත්නපුර",,,,,,,,,,6.6665183,80.38875
Other,OTHER,NBRO/LRRMD-RTP/RTP/ELAPAT/LI/22/0759,RTP221260,Ratnapura,Elapatha,,Kotamulla,183A,"ඇලපාත, රත්නපුර",,,,,,,,,,6.6657783,80.38976
Other,OTHER,NBRO/LRRMD-RTP/RTP/ELAPAT/LI/22/0760,RTP221261,Ratnapura,Elapatha,,Kotamulla,183A,"ඇලපාත,රත්නපුර",,,,,,,,,,6.666525,80.38824
Other,OTHER,NBRO/LRRMD-RTP/RTP/ELAPAT/LI/22/0761,RTP221262,Ratnapura,Elapatha,,Kotamulla,183A,කොටාමුල්ල ග්‍රාම නිළධාරි වසමේ පිහිටි පී.ජී.ආර්.මානෙල් කුමාරි යන අයගේ ඉඩම,,,,,,,,,,6.6657783,80.3897633
Other,OTHER,NBRO/LRRMD-RTP/RTP/ELAPAT/LI/22/0762,RTP221263,Ratnapura,Elapatha,,Kotamulla,183A,"ඇලපාත,රත්නපුර",,,,,,,,,,6.666168,80.389945
Other,OTHER,NBRO/LRRMD-RTP/RTP/ELAPAT/LI/22/0763,RTP221264,Ratnapura,Elapatha,,Kotamulla,183A,"ඇලපාත, රත්නපුර",,,,,,,,,,6.666075,80.3899866
Other,OTHER,NBRO/LRRMD-RTP/RTP/EHELIY/LI/22/0797,RTP221298,Ratnapura,Eheliyagoda,,Getahetta,137C,"ගැටහැත්ත වත්ත,ඇහැලියගොඩ",,,,,,,,,,6.9052116,80.223075
Other,OTHER,NBRO/LRRMD-RTP/RTP/KALAWA/LI/22/0816,RTP221317,Ratnapura,Kalawana,,Thanabela,201A,"තණබෙල,පොතුපිටිය,කලවාන",,,,,,,,,,6.46665499,80.49738
Other,OTHER,NBRO/LRRMD-RTP/RTP/KALAWA/LI/22/0818,RTP221319,Ratnapura,Kalawana,,Pothupitiya South,200B,"සමෘද්ධි බැංකුව, පොතුපිටිය, කලවාන.",,,,,,,,,,6.4288816,80.51207
Other,OTHER,NBRO/LRRMD-RTP/RTP/NIVITH/LI/22/0823,RTP221324,Ratnapura,Nivithigala,,Dombagammana,175C,"නාරංකඳුර, දෑල",,,,,,,,,,6.6265,80.458938
Other,OTHER,NBRO/LRRMD-RTP/RTP/EHELIY/LI/22/0828,RTP221329,Ratnapura,Eheliyagoda,,Asgangula North,126B,"අස්ගඟුල, ඇහැලියගොඩ",,,,,,,,,,6.85443,80.2730966
Other,OTHER,NBRO/LRRMD-RTP/RTP/ELAPAT/LI/22/0829,RTP221330,Ratnapura,Elapatha,,Weragama,184A,"වේරගම ග්‍රාම නිළධාරි වසමේ, මහදොල දෙකන්ද ඉඩමේ",,,,,,,,,,6.6636783,80.32025
Other,OTHER,NBRO/LRRMD-RTP/RTP/ELAPAT/LI/22/0830,RTP221331,Ratnapura,Elapatha,,Weragama,184A,"වේරගම ග්‍රාම නිළධාරි වසමේ, මහදොල දෙකන්ද ඉඩමෙන්",,,,,,,,,,6.662993,80.320667
Other,OTHER,NBRO/LRRMD-RTP/RTP/ELAPAT/LI/22/0831,RTP221332,Ratnapura,Elapatha,,Weragama,184A,"වේරගම ග්‍රාම නිළධාරි වසමේ, අක්කර 40 හේන්යාය ඉඩමෙන්",,,,,,,,,,6.662823,80.32057
Other,OTHER,NBRO/LRRMD-RTP/RTP/ELAPAT/LI/22/0832,RTP221333,Ratnapura,Elapatha,,Weragama,184A,"වේරගම ග්‍රාම නිළධාරි වසමේ, මහදොල දෙකන්ද ඉඩමෙන්",,,,,,,,,,6.664383,80.319038
Other,OTHER,NBRO/LRRMD-RTP/RTP/ELAPAT/LI/22/0833,RTP221334,Ratnapura,Elapatha,,Weragama,184A,"වේරගම ග්‍රාම නිළධාරි වසමේ, මහදොල දෙකන්ද ඉඩමෙන්",,,,,,,,,,6.664565,80.3192816
Other,OTHER,NBRO/LRRMD-RTP/RTP/KALAWA/LI/22/0837,RTP221338,Ratnapura,Kalawana,,Kudawa,198B,"කෙටලපත්තල, කුඩාව, කලවාන",,,,,,,,,,6.4264033,80.44358
Other,OTHER,NBRO/LRRMD-RTP/RTP/RATNAP/LI/22/0843,RTP221344,Ratnapura,Ratnapura,,Sri Palabaddala,162B,"ශ්‍රි පාද මළුව, ශ්‍රි පලාබද්දල,  රත්නපුර",,,,,,,,,,6.809105,80.498565
Other,OTHER,NBRO/LRRMD-RTP/RTP/ELAPAT/LI/23/0508,RTP230005,Ratnapura,Elapatha,,Weragama,184A,"වේරගම, ඇලපාත.",,,,,,,,,,6.6710266,80.3158566
Other,OTHER,NBRO/LRRMD-RTP/RTP/ELAPAT/LI/23/0509,RTP230006,Ratnapura,Elapatha,,Weragama,184A,"වේරගම, ඇලපාත.",,,,,,,,,,6.671525,80.315869
Other,OTHER,NBRO/LRRMD-RTP/RTP/ELAPAT/LI/23/0515,RTP230012,Ratnapura,Elapatha,,Weragama,184A,"වේරගම, ඇලපාත.",,,,,,,,,,6.669408,80.3170233
Other,OTHER,NBRO/LRRMD-RTP/RTP/ELAPAT/LI/23/0517,RTP230014,Ratnapura,Elapatha,,Weragama,184A,"වේරගම, ඇලපාත.",,,,,,,,,,6.671733,80.31711833
Other,OTHER,NBRO/LRRMD-RTP/RTP/ELAPAT/LI/23/0518,RTP230015,Ratnapura,Elapatha,,Weragama,184A,"වේරගම, ඇලපාත.",,,,,,,,,,6.6710883,80.3162
Other,OTHER,NBRO/LRRMD-RTP/RTP/ELAPAT/LI/23/0520,RTP230017,Ratnapura,Elapatha,,Weragama,184A,"වේරගම, ඇලපාත.",,,,,,,,,,6.6668989,80.316854
Other,OTHER,NBRO/LRRMD-RTP/RTP/ELAPAT/LI/23/0521,RTP230018,Ratnapura,Elapatha,,Weragama,184A,"වේරගම, ඇලපාත.",,,,,,,,,,6.670815,80.316785
Other,OTHER,NBRO/LRRMD-RTP/RTP/ELAPAT/LI/23/0522,RTP230019,Ratnapura,Elapatha,,Weragama,184A,"වේරගම, ඇලපාත.",,,,,,,,,,6.665602,80.318417
Other,OTHER,NBRO/LRRMD-RTP/RTP/ELAPAT/LI/23/0523,RTP230020,Ratnapura,Elapatha,,Weragama,184A,"වේරගම, ඇලපාත.",,,,,,,,,,6.665672,80.318835
Other,OTHER,NBRO/LRRMD-RTP/RTP/ELAPAT/LI/23/0524,RTP230021,Ratnapura,Elapatha,,Weragama,184A,"වේරගම, ඇලපාත.",,,,,,,,,,6.6668566,80.3183083
Other,OTHER,NBRO/LRRMD-RTP/RTP/ELAPAT/LI/23/0525,RTP230022,Ratnapura,Elapatha,,Weragama,184A,"වේරගම, ඇලපාත.",,,,,,,,,,6.6690849,80.31726
Other,OTHER,NBRO/LRRMD-RTP/RTP/ELAPAT/LI/23/0527,RTP230024,Ratnapura,Elapatha,,Weragama,184A,"වේරගම, ඇලපාත.",,,,,,,,,,6.6658033,80.319141
Other,OTHER,NBRO/LRRMD-RTP/RTP/KAHAWA/LI/23/0005,RTP230036,Ratnapura,Kahawatta,,Weladura,230A,"වැල්ලදුර, කහවත්ත.",,,,,,,,,,6.565183,80.577686
Other,OTHER,NBRO/LRRMD-RTP/RTP/RATNAP/LI/23/0010,RTP230084,Ratnapura,Ratnapura,,Ratnapura Town West,152F,"ෆර් ගසන් උසස් විද්‍යාලය, රත්නපුර.",,,,,,,,,,6.683256,80.399192
Other,OTHER,NBRO/LRRMD-RTP/RTP/KALAWA/LI/23/0011,RTP230087,Ratnapura,Kalawana,,Wathurawa,197A,"වත්තහේන, වතුරාව.",,,,,,,,,,6.485635,80.454231
Other,OTHER,NBRO/LRRMD-RTP/RTP/KALAWA/LI/23/0012,RTP230098,Ratnapura,Kalawana,,Wewelkandura,196A,"තිනියවිට,යගලගොඩ,කලවාන",,,,,,,,,,6.536966,80.42075
Other,OTHER,NBRO/LRRMD-RTP/RTP/PELMAD/LI/23/0018,RTP230131,Ratnapura,Pelmadulla,,Panawenna,170,"රිල්හේනවත්ත,ගනේගම,පැල්මඩුල්ල.",,,,,,,,,,6.62642071,80.5219014
Other,OTHER,NBRO/LRRMD-RTP/RTP/PELMAD/LI/23/0027,RTP230172,Ratnapura,Pelmadulla,,Panawenna,170,"රිල්හේන වත්ත, ගනේගම, පැල්මඩුල්ල.",,,,,,,,,,6.625702,80.522434
Other,OTHER,NBRO/LRRMD-RTP/RTP/PELMAD/LI/23/0033,RTP230214,Ratnapura,Pelmadulla,,Panawenna,170,"පනාවැන්න, කහවත්ත.",,,,,,,,,,6.594188,80.562725
Other,OTHER,NBRO/LRRMD-RTP/RTP/KALAWA/LI/23/0061,RTP230301,Ratnapura,Kalawana,,Delgoda East,197D,"දෙල්ගොඩ නැගෙනහිර, දවුගල,කලවාන",,,,,,,,,,6.484767,80.412789
Other,OTHER,NBRO/LRRMD-RTP/RTP/NIVITH/LI/23/0062,RTP230319,Ratnapura,Nivithigala,,Kiribathgala,175A,"පහල කිරිබත්ගල හංදිය අසල, වටාපත",,,,,,,,,,6.594928,80.495592
Other,OTHER,NBRO/LRRMD-RTP/RTP/KALAWA/LI/23/0098,RTP230412,Ratnapura,Kalawana,,Kathlana,201B,"ශ්‍රි ගල්ලෙන් විහාරය,කත්ලාන ,පොතුපිටිය,කලවාන",,,,,,,,,,6.4387492,80.5105893
Other,OTHER,NBRO/LRRMD-RTP/RTP/RATNAP/LI/23/0131,RTP230476,Ratnapura,Ratnapura,,Kolandagala,181A,"38/20A රුවන් පෙදෙස,අංගම්මන,රත්නපුර",,,,,,,,,,6.684083,80.424095
Other,OTHER,NBRO/LRRMD-RTP/RTP/RATNAP/LI/23/0151,RTP230514,Ratnapura,Ratnapura,,Guruluwana,162G,"පොලිස් ස්ථානය,සිරිපාගම,ගුරුළුවාන,ගිලීමලේ,රත්නපුර",,,,,,,,,,6.783593,80.432229
Other,OTHER,NBRO/LRRMD-RTP/RTP/NIVITH/LI/23/0180,RTP230620,Ratnapura,Nivithigala,,Pahala Karavita,173,මිරිහල් දොළ පාලම,,,,,,,,,,6.58661833,80.4026266
Other,OTHER,NBRO/LRRMD-RTP/RTP/GODAKA/LI/23/0181,RTP230621,Ratnapura,Godakawela,,Alpitiya,234B,"දර්ශනගම,කරන්කැටිය,රක්වාන",,,,,,,,,,6.48166833,80.6115166
Other,OTHER,NBRO/LRRMD-RTP/RTP/EHELIY/LI/23/0199,RTP230684,Ratnapura,Eheliyagoda,,Uduwaka,138C,"උඩුවක,ගැටහැත්ත",,,,,,,,,,6.86198,80.2176683
Other,OTHER,NBRO/LRRMD-RTP/RTP/KALTHO/LI/23/0240,RTP230818,Ratnapura,Kalthota,,Kalthota,-,"ප්‍රාදේශිය ලේකම් කාර්යාලය,රත්නපුර",,,,,,,,,,6.65831166,80.8833533
Other,OTHER,NBRO/LRRMD-RTP/RTP/ELAPAT/LI/23/0304,RTP230924,Ratnapura,Elapatha,,Elapatha,185,"ශ්‍රී ධීරානන්ද මාවත,ඇලපාත",,,,,,,,,,6.66116,80.3685609
Other,OTHER,NBRO/LRRMD-RTP/RTP/KOLONN/LI/23/0320,RTP230965,Ratnapura,Kolonna,,Wijeriya,203,"මොරගොඩ,විජේරිය",,,,,,,,,,6.430085,80.6563
Other,OTHER,NBRO/LRRMD-RTP/RTP/RATNAP/LI/23/0325,RTP230970,Ratnapura,Ratnapura,,Weralupe,152B,"අක්කර 100,ගල්කඩුවපුරාණ ගල්ලෙන් විහාරය,පානදුර පාර,රත්නපුර",,,,,,,,,,6.6865,80.389235
Other,OTHER,NBRO/LRRMD-RTP/RTP/RATNAP/LI/23/0330,RTP230975,Ratnapura,Ratnapura,,Weralupe,152B,"වෙරළුප,රත්නපුර",,,,,,,,,,6.68931166,80.39504166
Other,OTHER,NBRO/LRRMD-RTP/RTP/KOLONN/LI/23/0372,RTP231060,Ratnapura,Kolonna,,Wijeriya,203,"පන්සල පාර, මානකන්ද, විජේරිය",,,,,,,,,,6.4262349,80.6508914
Other,OTHER,NBRO/LRRMD-RTP/RTP/KOLONN/LI/23/0376,RTP231065,Ratnapura,Kolonna,,Ittakanda,203A,"සිංහ සෙවණ ,ඉත්තෑකන්ද",,,,,,,,,,6.410227,80.641608
Other,OTHER,NBRO/LRRMD-RTP/RTP/KOLONN/LI/23/0383,RTP231113,Ratnapura,Kolonna,,Wijeriya,203,"පන්සල පාර,මානකන්ද, විජේරිය",,,,,,,,,,6.4261395,80.6508446
Other,OTHER,NBRO/LRRMD-RTP/RTP/KOLONN/LI/23/0385,RTP231115,Ratnapura,Kolonna,,Dapane,210,"අංක 116/1, උඩහවත්ත, දාපනේ ,ඕමල්පේ",,,,,,,,,,6.3292335,80.6827261
Other,OTHER,NBRO/LRRMD-RTP/RTP/KIRIEL/LI/23/0406,RTP231136,Ratnapura,Kiriella,,Idangoda,145B,"වී.සී.නිවාස ඉඩංගොඩ, කිරිඇල්ල",,,,,,,,,,6.73849,80.2756
Other,OTHER,NBRO/LRRMD-RTP/RTP/RATNAP/LI/23/0444,RTP231174,Ratnapura,Ratnapura,,Ratnapura Town North,152E,"අංක 75/8, ජාලාශය පාර, රත්නපුර",,,,,,,,,,6.6900804,80.4043489
Other,OTHER,NBRO/LRRMD-RTP/RTP/PELMAD/LI/23/0492,RTP231222,Ratnapura,Pelmadulla,,Denawaka Udakada,168,"ශ්‍රී ඥාණානන්ද විද්‍යාලය, බලංගොඩ පාර,පැල්මඩුල්ල",,,,,,,,,,6.615021,80.563554
Other,OTHER,NBRO/LRRMD-RTP/RTP/RATNAP/LI/23/0522,RTP231268,Ratnapura,Ratnapura,,Mapalana,162H,"මාපලාන ඇල්ල අසල, මාපලාන, ශ්‍රී පලාබද්දල",,,,,,,,,,6.777831,80.456084
Other,OTHER,NBRO/LRRMD-RTP/RTP/KOLONN/LI/23/0526,RTP231272,Ratnapura,Kolonna,,Kella,206,"හපුගහලඳුගොඩ, කෑල්ල, කොලොන්න",,,,,,,,,,6.3991717,80.6915057
Other,OTHER,NBRO/LRRMD-RTP/RTP/PELMAD/LI/23/0533,RTP231289,Ratnapura,Pelmadulla,,Rilhena,167C,"අංක 15/6/1, රිල්හේන වත්ත, රිල්හේන, පැල්මඩුල්ල",,,,,,,,,,6.6246462,80.5199837
Other,OTHER,NBRO/LRRMD-RTP/RTP/KURUVI/LI/23/0831,RTP231676,Ratnapura,Kuruvita,,Pathberiya,127,"සුදරු පියස,වැලිලන්ද,පත්බේරිය, පරකඩුව",,,,,,,,,,6.83353,80.3069133
Other,OTHER,NBRO/LRRMD-RTP/RTP/GODAKA/LI/24/0002,RTP240011,Ratnapura,Godakawela,,Kotakethana,232A,"නො.01,පහළ කොටස,ඕපාත වත්ත,කහවත්ත",,,,,,,,,,6.567888,80.5900799
Other,OTHER,NBRO/LRRMD-RTP/RTP/KALAWA/LI/24/0003,RTP240012,Ratnapura,Kalawana,,Hangarangala,196D,"අකුලහේන,කලවාන",,,,,,,,,,6.5329469,80.4185289
Other,OTHER,NBRO/LRRMD-RTP/RTP/KALAWA/LI/24/0006,RTP240018,Ratnapura,Kalawana,,Kalawana West,196,"උසාවි කන්ද,කලවාන",,,,,,,,,,6.535774,80.40337
Other,OTHER,NBRO/LRRMD-RTP/RTP/IMBULP/LI/24/0014,RTP240028,Ratnapura,Imbulpe,,Kumbalgama,275A,කුඹල්ගම ශ්‍රී විහුද්ධාරාම විහාරය,,,,,,,,,,6.686325,80.812222
Other,OTHER,NBRO/LRRMD-RTP/RTP/IMBULP/LI/24/0015,RTP240029,Ratnapura,Imbulpe,,Thotapalla,273A,"මධුසෙවන,තොටපල්ල,අලුත්නුවර",,,,,,,,,,6.679734,80.7509243
Other,OTHER,NBRO/LRRMD-RTP/RTP/IMBULP/LI/24/0020,RTP240034,Ratnapura,Imbulpe,,Alakolaella,271,නෙල්ලිවල භූනගම මාර්ගයේ කොටසක්,,,,,,,,,,6.7063863,80.7092122
Other,OTHER,NBRO/LRRMD-RTP/RTP/EHELIY/LI/24/0023,RTP240064,Ratnapura,Eheliyagoda,,Walavita,137,"409,වලවිට,ගැටහැත්ත",,,,,,,,,,6.8954494,80.2298299
Other,OTHER,NBRO/LRRMD-RTP/RTP/KALAWA/LI/24/0027,RTP240068,Ratnapura,Kalawana,,Kodippilikanda,195E,"නාවලකන්ද,කලවාන",,,,,,,,,,6.5138444,80.3408621
Other,OTHER,NBRO/LRRMD-RTP/RTP/KAHAWA/LI/24/0030,RTP240071,Ratnapura,Kahawatta,,Nugawela West,230B,"යායින්න,කහවත්ත",,,,,,,,,,6.573046,80.573792
Other,OTHER,NBRO/LRRMD-RTP/RTP/KIRIEL/LI/24/0035,RTP240076,Ratnapura,Kiriella,,Holeepitiya,150B,"හොලීපිටිය,කහංගම",,,,,,,,,,6.69895,80.356588
Other,OTHER,NBRO/LRRMD-RTP/RTP/KOLONN/LI/24/0041,RTP240088,Ratnapura,Kolonna,,Ambagahayaya,206B,"383/4/1,මහායාය.කෑල්ල,කොලොන්න",,,,,,,,,,6.3654591,80.733696
Other,OTHER,NBRO/LRRMD-RTP/RTP/KOLONN/LI/24/0047,RTP240106,Ratnapura,Kolonna,,Kolonna,205,"පිටවෙලගම,කොලොන්න",,,,,,,,,,6.404241,80.676497
Other,OTHER,NBRO/LRRMD-RTP/RTP/OPANAY/LI/24/0054,RTP240120,Ratnapura,Opanayaka,,Madola,246,"වෙලගෙහකුඹුර,මාදොල,ඕපනායක",,,,,,,,,,6.6261389,80.628169
Other,OTHER,NBRO/LRRMD-RTP/RTP/KOLONN/LI/24/0071,RTP240138,Ratnapura,Kolonna,,Ittakanda,203A,"තැපැල්හල අසල,ඉත්තෑකන්ද",,,,,,,,,,6.4130619,80.6401004
Other,OTHER,NBRO/LRRMD-RTP/RTP/KOLONN/LI/24/0074,RTP240141,Ratnapura,Kolonna,,Ereporuwa,204,"වලකඩ,ඇරෑපෝරුව",,,,,,,,,,6.42997,80.66186
Other,OTHER,NBRO/LRRMD-RTP/RTP/IMBULP/LI/24/0098,RTP240207,Ratnapura,Imbulpe,,Pidaligannawela,269B,"මොරවේමුව,පින්නවල",,,,,,,,,,6.7382059,80.7137578
Other,OTHER,NBRO/LRRMD-RTP/RTP/BALANG/LI/24/0112,RTP240252,Ratnapura,Balangoda,,Rassagala,265,"හැරමිටිගල,රාස්සගල,බලංගොඩ",,,,,,,,,,6.69019,80.633472
Other,OTHER,NBRO/LRRMD-RTP/RTP/KOLONN/LI/24/0113,RTP240253,Ratnapura,Kolonna,,Kolonna,205,"නො.707/බී,පරණ ප්‍රාෙද්ශීය සභාව අසල,නවතැලිය,කොලොන්න",,,,,,,,,,6.403709,80.689038
Other,OTHER,NBRO/LRRMD-RTP/RTP/OPANAY/LI/24/0116,RTP240256,Ratnapura,Opanayaka,,Pelendakanda,246B,"අඹගහවියන,මාදොල,ඕපනායක",,,,,,,,,,6.6223426,80.6455936
Other,OTHER,NBRO/LRRMD-RTP/RTP/NIVITH/LI/24/0130,RTP240286,Ratnapura,Nivithigala,,Yakdehiwatta,174A,"පින්කන්දවත්ත, ගැටනිගෙවත්ත",,,,,,,,,,6.597692,80.447884
Other,OTHER,NBRO/LRRMD-RTP/RTP/NIVITH/LI/24/0132,RTP240288,Ratnapura,Nivithigala,,Yakdehiwatta,174A,"පින්කන්දවත්ත, ගැටනිගෙවත්ත",,,,,,,,,,6.597869,80.447432
Other,OTHER,NBRO/LRRMD-RTP/RTP/NIVITH/LI/24/0133,RTP240289,Ratnapura,Nivithigala,,Yakdehiwatta,174A,"පින්කන්දවත්ත, ගැටනිගෙවත්ත",,,,,,,,,,6.5978633,80.447455
Other,OTHER,NBRO/LRRMD-RTP/RTP/NIVITH/LI/24/0134,RTP240290,Ratnapura,Nivithigala,,Yakdehiwatta,174A,"පින්කන්දවත්ත, ගැටනිගෙවත්ත",,,,,,,,,,6.59819,80.446794
Other,OTHER,NBRO/LRRMD-RTP/RTP/NIVITH/LI/24/0137,RTP240293,Ratnapura,Nivithigala,,Yakdehiwatta,174A,"පින්කන්දවත්ත, ගැටනිගෙවත්ත",,,,,,,,,,6.597692,80.447684
Other,OTHER,NBRO/LRRMD-RTP/RTP/NIVITH/LI/24/0143,RTP240299,Ratnapura,Nivithigala,,Yakdehiwatta,174A,"පින්කන්දවත්ත, ගැටනිගෙවත්ත",,,,,,,,,,6.59758166,80.477403
Other,OTHER,NBRO/LRRMD-RTP/RTP/NIVITH/LI/24/0144,RTP240300,Ratnapura,Nivithigala,,Yakdehiwatta,174A,"පින්කන්දවත්ත, ගැටනිගෙවත්ත",,,,,,,,,,6.5978689,80.4474372
Other,OTHER,NBRO/LRRMD-RTP/RTP/NIVITH/LI/24/0150,RTP240306,Ratnapura,Nivithigala,,Yakdehiwatta,174A,"පින්කන්දවත්ත, ගැටනිගෙවත්ත",,,,,,,,,,6.597692,80.447684
Other,OTHER,NBRO/LRRMD-RTP/RTP/KIRIEL/LI/24/0152,RTP240311,Ratnapura,Kiriella,,Kiriella,145,"ශ්‍රී ගංඟාරාම පුරාණ විහාරය,එල්ලාවල",,,,,,,,,,6.806419,80.276664
Other,OTHER,NBRO/LRRMD-RTP/RTP/WELIGE/LI/24/0169,RTP240369,Ratnapura,Weligepola,,Badullegama,220,"වැල්කෙනියාය,හපුගස්යාය,කටුවාකන්ද",,,,,,,,,,6.525303,80.700495
Other,OTHER,NBRO/LRRMD-RTP/RTP/PELMAD/LI/24/0178,RTP240392,Ratnapura,Pelmadulla,,Panawenna,170,"සරසි පෙර පාසල, බෝධිරාජාරාමය, කෙටේතැන්න, කහවත්ත",,,,,,,,,,6.589766,80.5669833
Other,OTHER,NBRO/LRRMD-RTP/RTP/KAHAWA/LI/24/0179,RTP240425,Ratnapura,Kahawatta,,Yainna,229,"අක්කර 80, යායින්න, කහවත්ත",,,,,,,,,,6.570479,80.567207
Other,OTHER,NBRO/LRRMD-RTP/RTP/AYAGAM/LI/24/0198,RTP240479,Ratnapura,Ayagama,,Pitakanda,193F,"කළමැදිරිය, තේ ජනපදය, අයගම",,,,,,,,,,6.652333,80.267479
Other,OTHER,NBRO/LRRMD-RTP/RTP/RATNAP/LI/24/0203,RTP240500,Ratnapura,Ratnapura,,Muwagama,182,"80, ඥානාලංකාර මාවත , ගැටන්ගම, රත්නපුර.",,,,,,,,,,6.6707482,80.398028
Other,OTHER,NBRO/LRRMD-RTP/RTP/KURUVI/LI/24/0208,RTP240526,Ratnapura,Kuruvita,,Kandangoda,157,"අංක 327 /සී, ගල්ලෙන් විහාර මාවත, කඳන්ගොඩ, කුරුවිට",,,,,,,,,,6.789969,80.3535764
Other,OTHER,NBRO/LRRMD-RTP/RTP/KALAWA/LI/24/0212,RTP240532,Ratnapura,Kalawana,,Wewelkandura,196A,වේවැල් කඳුර. කලවාන.,,,,,,,,,,6.5328842,80.4273366
Other,OTHER,NBRO/LRRMD-RTP/RTP/AYAGAM/LI/24/0216,RTP240540,Ratnapura,Ayagama,,Gangodakanda,193C,"වටකුරුගල,ගංගොඩකන්ද,අයගම",,,,,,,,,,6.6670677,80.277463
Other,OTHER,NBRO/LRRMD-RTP/RTP/BALANG/LI/24/0218,RTP240542,Ratnapura,Balangoda,,Thalangama,255C,"පංසල පාර,රංදොලවත්ත,බලංගොඩ(රංගිරි විහාරය)",,,,,,,,,,6.628161,80.707261
Other,OTHER,NBRO/LRRMD-RTP/RTP/BALANG/LI/24/0219,RTP240545,Ratnapura,Balangoda,,Kirindigala,256B,"පංසල පාර,රංදොලවත්ත,බලංගොඩ",,,,,,,,,,6.6559678,80.7028883
Other,OTHER,NBRO/LRRMD-RTP/RTP/BALANG/LI/24/0224,RTP240552,Ratnapura,Balangoda,,Welekumbura,265A,"නො.04,වෙලේකුඔුර,බලංගොඩ",,,,,,,,,,6.693845,80.650948
Other,OTHER,NBRO/LRRMD-RTP/RTP/IMBULP/LI/24/0250,RTP240617,Ratnapura,Imbulpe,,Muttettuwegama,276,"27/3,මහතැන්න,පබහින්න,බෙලිහුල්ඔය",,,,,,,,,,6.708644,80.785307
Other,OTHER,NBRO/LRRMD-RTP/RTP/BALANG/LI/24/0254,RTP240639,Ratnapura,Balangoda,,Kirindigala,256B,"දෙවන පටුමග,මුගුණුමලය,බලංගොඩ",,,,,,,,,,6.6509807,80.7050206
Other,OTHER,NBRO/LRRMD-RTP/RTP/GODAKA/LI/24/0257,RTP240646,Ratnapura,Godakawela,,Madampe North,238,"කන්දකඩේ,මාදම්පෙ,අටකලම්පන්න",,,,,,,,,,6.507369,80.606876
Other,OTHER,NBRO/LRRMD-RTP/RTP/NIVITH/LI/24/0262,RTP240660,Ratnapura,Nivithigala,,Nivithigala,174,නිවිතිගල,,,,,,,,,,6.5996377,80.4538439
Other,OTHER,NBRO/LRRMD-RTP/RTP/GODAKA/LI/24/0267,RTP240668,Ratnapura,Godakawela,,Madampe North,238,"උඩගංගොඩ,මාදම්‍පෙ",,,,,,,,,,6.5135017,80.6019318
Other,OTHER,NBRO/LRRMD-RTP/RTP/NIVITH/LI/24/0271,RTP240672,Ratnapura,Nivithigala,,Uda Karavita,173B,"අතුකෝරල මාවත,උඩකරවිට",,,,,,,,,,6.581433,80.4193966
Other,OTHER,NBRO/LRRMD-RTP/RTP/AYAGAM/LI/24/0272,RTP240673,Ratnapura,Ayagama,,Pitakanda,193F,අයගම,,,,,,,,,,6.644811,80.2832182
Other,OTHER,NBRO/LRRMD-RTP/RTP/AYAGAM/LI/24/0274,RTP240675,Ratnapura,Ayagama,,Udugala,193A,"උඩුගල,ෆයින්වත්ත",,,,,,,,,,6.615046,80.319353
Other,OTHER,NBRO/LRRMD-RTP/RTP/RATNAP/LI/24/0292,RTP240710,Ratnapura,Ratnapura,,New Town,153A,"හිදැල්ලන,රත්නපුර",,,,,,,,,,6.7030041,80.3570631
Other,OTHER,NBRO/LRRMD-RTP/RTP/NIVITH/LI/24/0310,RTP240735,Ratnapura,Nivithigala,,Horanekarakanda,177C,"රුවන්සිරිපුර,උඩකරවිට",,,,,,,,,,6.5669312,80.431573
Other,OTHER,NBRO/LRRMD-RTP/RTP/WELIGE/LI/24/0321,RTP240767,Ratnapura,Weligepola,,Kongasthenna,239A,"සඳනාගම උදාගම්මානය,කෝන්ගස්තැන්න,වැලිගෙපොල",,,,,,,,,,6.5855972,80.7236244
Other,OTHER,NBRO/LRRMD-RTP/RTP/RATNAP/LI/24/0331,RTP240777,Ratnapura,Ratnapura,,Gileemale North,162,"පරගල,කනේගල්ල,ගිලීමලේ",,,,,,,,,,6.768485,80.398072
Other,OTHER,NBRO/LRRMD-RTP/RTP/EHELIY/LI/24/0334,RTP240780,Ratnapura,Eheliyagoda,,Mahingoda,126A,"හුලගස්දළුව,පිල්ල",,,,,,,,,,6.8398434,80.2824925
Other,OTHER,NBRO/LRRMD-RTP/RTP/IMBULP/LI/24/0343,RTP240790,Ratnapura,Imbulpe,,Viharawela,278A,ඉහලගලගම-බොරංගමුව මාර්ගය,,,,,,,,,,6.7427,80.743032
Other,OTHER,NBRO/LRRMD-RTP/RTP/IMBULP/LI/24/0344,RTP240791,Ratnapura,Imbulpe,,Kanathiriyanwala,269A,"පිංවත්ත පාර,උඩගම",,,,,,,,,,6.7094919,80.6823299
Other,OTHER,NBRO/LRRMD-RTP/RTP/PELMAD/LI/24/0345,RTP240792,Ratnapura,Pelmadulla,,Kuttapitiya,166,"13/A/1,කිරිවන්දල,පැල්මඩුල්ල",,,,,,,,,,6.637267,80.551246
Other,OTHER,NBRO/LRRMD-RTP/RTP/RATNAP/LI/24/0359,RTP240840,Ratnapura,Ratnapura,,Bambarabotuwa,164A,වේවැල්වත්ත. රත්නපුර,,,,,,,,,,6.7086893,80.5434983
Other,OTHER,NBRO/LRRMD-RTP/RTP/RATNAP/LI/24/0360,RTP240841,Ratnapura,Ratnapura,,Bambarabotuwa,164A,"කඳුරුගල වත්ත, වේවැල්වත්ත, රත්නපුර",,,,,,,,,,6.7087951,80.5514364
Other,OTHER,NBRO/LRRMD-RTP/RTP/RATNAP/LI/24/0371,RTP240853,Ratnapura,Ratnapura,,Amuthagoda,153C,"පණුකැරැපිටිය, හිදැල්ලන",,,,,,,,,,6.728089,80.382109
Other,OTHER,NBRO/LRRMD-RTP/RTP/PELMAD/LI/24/0381,RTP240867,Ratnapura,Pelmadulla,,Ihala Hakamuwa,180B,"රතුපස්විලහේන, ඉහල හකමුව, රත්නපුර",,,,,,,,,,6.660954,80.420424
Other,OTHER,NBRO/LRRMD-RTP/RTP/KALAWA/LI/24/0387,RTP240872,Ratnapura,Kalawana,,Rambuka,201,"හංදිය කඩය අසල, රඹුක, රක්වාන",,,,,,,,,,6.4692251,80.5166836
Other,OTHER,NBRO/LRRMD-RTP/RTP/ELAPAT/LI/24/0428,RTP240938,Ratnapura,Elapatha,,Magurugoda,183B,"කැකුල,උඩකරවිට",,,,,,,,,,6.6122703,80.3970784
Other,OTHER,NBRO/LRRMD-RTP/RTP/IMBULP/LI/24/0462,RTP241003,Ratnapura,Imbulpe,,Gallenakanda,266C,"ගල්ලෙන්කන්ද,මෙගොඩ වලේබොඩ,බලංගොඩ",,,,,,,,,,6.7191753,80.6287555
Other,OTHER,NBRO/LRRMD-RTP/RTP/KIRIEL/LI/24/0468,RTP241009,Ratnapura,Kiriella,,Dodampe West,150A,"ගොරකඇල,දොඩම්පෙ,රත්නපුර",,,,,,,,,,6.734943,80.313009
Other,OTHER,NBRO/LRRMD-RTP/RTP/GODAKA/LI/24/0469,RTP241010,Ratnapura,Godakawela,,Rakwana South,231C,"350,පොතුපිටිය පාර,අලුත්කෑල්ල ,රක්වාන",,,,,,,,,,6.4734133,80.6051658
Other,OTHER,NBRO/LRRMD-RTP/RTP/RATNAP/LI/24/0472,RTP241020,Ratnapura,Ratnapura,,Kospelavinna,153D,"අමුණඅසල,පොල්හේන්ගොඩ,රත්නපුර",,,,,,,,,,6.6974125,80.4047407
Other,OTHER,NBRO/LRRMD-RTP/RTP/EHELIY/LI/24/0510,RTP241059,Ratnapura,Eheliyagoda,,Kendangamuwa Ihalagama,136,"304/C/2,පනාවල පාර,ඇහැලියගොඩ",,,,,,,,,,6.8574361,80.2623807
Other,OTHER,NBRO/LRRMD-RTP/RTP/EHELIY/LI/24/0526,RTP241084,Ratnapura,Eheliyagoda,,Sirisamanpura,143E,"සිරිසමන්පුර,කරදන",,,,,,,,,,6.790078,80.229368
Other,OTHER,NBRO/LRRMD-RTP/RTP/EHELIY/LI/24/0527,RTP241085,Ratnapura,Eheliyagoda,,Sirisamanpura,143E,"සිරිසමන්පුර,කරදන",,,,,,,,,,6.79005,80.229365
Other,OTHER,NBRO/LRRMD-RTP/RTP/EHELIY/LI/24/0528,RTP241086,Ratnapura,Eheliyagoda,,Sirisamanpura,143E,"සිරිසමන්පුර,කරදන",,,,,,,,,,6.790055,80.229355
Other,OTHER,NBRO/LRRMD-RTP/RTP/EHELIY/LI/24/0545,RTP241103,Ratnapura,Eheliyagoda,,Hindurangala,142A,"18,ගෝමරගල,හිදුරංගල,කිරිඇල්ල",,,,,,,,,,6.7854957,80.2412556
Other,OTHER,NBRO/LRRMD-RTP/RTP/KIRIEL/LI/24/0576,RTP241156,Ratnapura,Kiriella,,Matuwagala,149A,රත්නපුර මාර්ගයේ 51 වන  කිලෝමීටර් කණුව අසල සිට මීටර් 100ක් ඉදිරියට,,,,,,,,,,6.7306496,80.28397
Other,OTHER,NBRO/LRRMD-RTP/RTP/GODAKA/LI/24/0635,RTP241222,Ratnapura,Godakawela,,Rakwana Town,231B,"සමගිපුර,රක්වාන",,,,,,,,,,6.4746299,80.6155485
Other,OTHER,NBRO/LRRMD-RTP/RTP/KALAWA/LI/24/0650,RTP241254,Ratnapura,Kalawana,,Kathlana,201B,"බෝපිටිය,පොතුපිටිය,කලවාන",,,,,,,,,,6.45915,80.5120567
Other,OTHER,NBRO/LRRMD-RTP/RTP/BALANG/LI/24/0654,RTP241258,Ratnapura,Balangoda,,Aldora,261A,"අල්දොර,දෙපෑලමුල්ල,බලංගොඩ",,,,,,,,,,6.618598,80.758882
Other,OTHER,NBRO/LRRMD-RTP/RTP/BALANG/LI/24/0656,RTP241260,Ratnapura,Balangoda,,Thotupalathenna,250A,"යකහළුතැන්න,බලංගොඩ",,,,,,,,,,6.636009,80.73308
Other,OTHER,NBRO/LRRMD-RTP/RTP/BALANG/LI/24/0657,RTP241261,Ratnapura,Balangoda,,Meddekanda,254A,"පනානෙ කන්ද,මැද්දෙකන්ද,බලංගොඩ",,,,,,,,,,6.6728729,80.663372
Other,OTHER,NBRO/LRRMD-RTP/RTP/BALANG/LI/24/0658,RTP241262,Ratnapura,Balangoda,,Polwathugoda,265B,"ජයන්ති ස්ටෝස්,රාස්සගල,බලංගොඩ",,,,,,,,,,6.690494,80.63947
Other,OTHER,NBRO/LRRMD-RTP/RTP/RATNAP/LI/24/0680,RTP241291,Ratnapura,Ratnapura,,Samagipura,182C,"අංක 21/50,නැදුන් පෙදෙස,සමගිපුර,රත්නපුර",,,,,,,,,,6.67792,80.390251
Other,OTHER,NBRO/LRRMD-RTP/RTP/RATNAP/LI/24/0682,RTP241293,Ratnapura,Ratnapura,,Kahangama,151B,"නො:399/3,කහංගම,රත්නපුර",,,,,,,,,,6.7003883,80.360355
Other,OTHER,NBRO/LRRMD-RTP/RTP/AYAGAM/LI/24/0683,RTP241294,Ratnapura,Ayagama,,Pitakanda,193F,"තේ ජනපදය,අයගම",,,,,,,,,,6.6445124,80.2825844
Other,OTHER,NBRO/LRRMD-RTP/RTP/AYAGAM/LI/24/0688,RTP241299,Ratnapura,Ayagama,,Pitakanda,193F,"තේ ජනපදය,අයගම",,,,,,,,,,6.633558,80.291577
Other,OTHER,NBRO/LRRMD-RTP/RTP/AYAGAM/LI/24/0690,RTP241301,Ratnapura,Ayagama,,Dumbara Manana,191B,කුට්ටිකන්ද.දුම්බර මානාන,,,,,,,,,,6.6779067,80.2569399
Other,OTHER,NBRO/LRRMD-RTP/RTP/AYAGAM/LI/24/0697,RTP241308,Ratnapura,Ayagama,,Pitakanda,193F,"තේ ජනපදය,අයගම",,,,,,,,,,6.646753,80.287646
Other,OTHER,NBRO/LRRMD-RTP/RTP/AYAGAM/LI/24/0708,RTP241319,Ratnapura,Ayagama,,Paragala,194,"බටහේන,පරගල,අයගම",,,,,,,,,,6.6040257,80.3305283
Other,OTHER,NBRO/LRRMD-RTP/RTP/PELMAD/LI/24/0731,RTP241355,Ratnapura,Pelmadulla,,Pelmadullagama,168B,"රාල්ලවත්ත,පාතකඩ,පැල්මඩුල්ල",,,,,,,,,,6.639562,80.51083
Other,OTHER,NBRO/LRRMD-RTP/RTP/KALAWA/LI/24/0736,RTP241389,Ratnapura,Kalawana,,Kudawa,198B,"කුඩාව,වැද්දාගල",,,,,,,,,,6.4415041,80.4206651
Other,OTHER,NBRO/LRRMD-RTP/RTP/KALAWA/LI/24/0737,RTP241390,Ratnapura,Kalawana,,Kudawa,198B,"කුඩාව,වැද්දාගල",,,,,,,,,,6.4403521,80.4211754
Other,OTHER,NBRO/LRRMD-RTP/RTP/KALAWA/LI/24/0743,RTP241401,Ratnapura,Kalawana,,Kodippilikanda,195E,"අම්බලමහේන,නාවලකන්ද,කලවාන",,,,,,,,,,6.5422528,80.3131143
Other,OTHER,NBRO/LRRMD-RTP/RTP/KALAWA/LI/24/0744,RTP241402,Ratnapura,Kalawana,,Kodippilikanda,195E,"නාවලකන්ද,කලවාන",,,,,,,,,,6.5124386,80.342364
Other,OTHER,NBRO/LRRMD-RTP/RTP/KALAWA/LI/24/0751,RTP241410,Ratnapura,Kalawana,,Kodippilikanda,195E,"තැපැල් කාර්යාලය අසල,නාවලකන්ද,කලවාන",,,,,,,,,,6.5315183,80.334757
Other,OTHER,NBRO/LRRMD-RTP/RTP/EHELIY/LI/24/0758,RTP241417,Ratnapura,Eheliyagoda,,Kalatuwawa West,139,ලබුගම ජලාශයට පිවිසෙන මාර්ගයට ඉහලින් ඇති කොටස,,,,,,,,,,6.8577552,80.1779772
Other,OTHER,NBRO/LRRMD-RTP/RTP/EHELIY/LI/24/0761,RTP241423,Ratnapura,Eheliyagoda,,Pelpitiya,136E,"653/E,අදාගල,ඇහැලියගොඩ",,,,,,,,,,6.86439,80.246634
Other,OTHER,NBRO/LRRMD-RTP/RTP/KALAWA/LI/24/0770,RTP241440,Ratnapura,Kalawana,,Davugalagama,196F,"ර/නිවි/දෙල්ගොඩ විද්‍යාලය,දවුලගම,කලවාන",,,,,,,,,,6.5046184,80.3916049
Other,OTHER,NBRO/LRRMD-RTP/RTP/GODAKA/LI/24/0777,RTP241451,Ratnapura,Godakawela,,Maragala,234C,මාරගල,,,,,,,,,,6.525015,80.620326
Other,OTHER,NBRO/LRRMD-RTP/RTP/RATNAP/LI/24/0793,RTP241520,Ratnapura,Ratnapura,,Ratnapura Town North,152E,"ඇතුල්රවුම් පාර, රත්නපුර",,,,,,,,,,6.6827727,80.4056767
Other,OTHER,NBRO/LRRMD-RTP/RTP/RATNAP/LI/24/0796,RTP241523,Ratnapura,Ratnapura,,New Town,153A,"නවනගරය, රත්නපුර",,,,,,,,,,6.714267,80.37966
Other,OTHER,NBRO/LRRMD-RTP/RTP/RATNAP/LI/24/0797,RTP241524,Ratnapura,Ratnapura,,Samagipura,182C,"සමගිපුර, රත්නපුර",,,,,,,,,,6.674975,80.388791
Other,OTHER,NBRO/LRRMD-RTP/RTP/RATNAP/LI/24/0801,RTP241528,Ratnapura,Ratnapura,,Muwagama,182,"මුවගම , රත්නපුර",,,,,,,,,,6.6889931,80.3812932
Other,OTHER,NBRO/LRRMD-RTP/RTP/GODAKA/LI/24/0809,RTP241540,Ratnapura,Godakawela,,Madampe North,238,"වලව්කඩේ, මාදම්පේ, අටකලන්පන්න",,,,,,,,,,6.542956,80.596615
Other,OTHER,NBRO/LRRMD-RTP/RTP/BALANG/LI/24/0811,RTP241542,Ratnapura,Balangoda,,Massenna,254,රත්ඕවිට ඇළ මාර්ගය,,,,,,,,,,6.656625,80.681144
Other,OTHER,NBRO/LRRMD-RTP/RTP/BALANG/LI/24/0812,RTP241543,Ratnapura,Balangoda,,Rassagala,265,"ශ්‍රී විමලජෝති මාවත අසල, රාස්සගල, බලංගොඩ",,,,,,,,,,6.695252,80.63457
Other,OTHER,NBRO/LRRMD-RTP/RTP/AYAGAM/LI/24/0820,RTP241553,Ratnapura,Ayagama,,Udugala North,193D,"උඩුවක්කන්ද, මදනගොඩ, අයගම",,,,,,,,,,6.6224846,80.3156399
Other,OTHER,NBRO/LRRMD-RTP/RTP/AYAGAM/LI/24/0821,RTP241554,Ratnapura,Ayagama,,Dumbara,191,"ප්‍රාදේශීය රෝහල, දුම්බර",,,,,,,,,,6.7222823,80.2140113
Other,OTHER,NBRO/LRRMD-RTP/RTP/KALAWA/LI/24/0826,RTP241559,Ratnapura,Kalawana,,Weddagala West,198C,"පිරිවෙන පාර, වැද්දාගල",,,,,,,,,,6.463636,80.42386
Other,OTHER,NBRO/LRRMD-RTP/RTP/KALAWA/LI/24/0841,RTP241588,Ratnapura,Kalawana,,Dolekanda,201C,ර/ නිවි/ ඩිප්ඩීන් දෙමළ විද්‍යාලය,,,,,,,,,,6.460447,80.553653
Other,OTHER,NBRO/LRRMD-RTP/RTP/KIRIEL/LI/24/0847,RTP241651,Ratnapura,Kiriella,,Munasinhapura,145C,"මුණසිංහපුර, කිරිඇල්ල",,,,,,,,,,6.738934,80.2360387
Other,OTHER,NBRO/LRRMD-RTP/RTP/KAHAWA/LI/24/0853,RTP241657,Ratnapura,Kahawatta,,Kalalella,228,"කලල්ඇල්ල, අටකලන්පන්න",,,,,,,,,,6.5296,80.577973
Other,OTHER,NBRO/LRRMD-RTP/RTP/KURUVI/LI/24/0871,RTP241689,Ratnapura,Kuruvita,,Kuruvita,155,"පරතලාකන්ද, එරත්න, කුරුවිට",,,,,,,,,,6.8302324,80.3893299
Other,OTHER,NBRO/LRRMD-RTP/RTP/WELIGE/LI/24/0874,RTP241691,Ratnapura,Weligepola,,Kottimbulwala,219E,කොට්ටිඹුල්වල පැරණි ලෙන් විහාරය,,,,,,,,,,6.550595,80.731232
Other,OTHER,NBRO/LRRMD-RTP/RTP/RATNAP/LI/24/0875,RTP241704,Ratnapura,Ratnapura,,Ratnapura Town West,152F,"ඇහැලේපොල අන්ත:පුර මාලිගය, රත්නපුර",,,,,,,,,,6.679426,80.402343
Other,OTHER,NBRO/LRRMD-RTP/RTP/PELMAD/LI/24/0886,RTP241756,Ratnapura,Pelmadulla,,Udathula,166A,"බෝධිමල්ගොඩ, පැල්මඩුල්ල",,,,,,,,,,6.6283979,80.5468052
Other,OTHER,NBRO/LRRMD-RTP/RTP/PELMAD/LI/24/0887,RTP241757,Ratnapura,Pelmadulla,,Kapuhenthota,170C,"බණ්ඩාරවත්ත, කහවත්ත",,,,,,,,,,6.5858474,80.5623216
Other,OTHER,NBRO/LRRMD-RTP/RTP/KIRIEL/LI/24/0892,RTP241762,Ratnapura,Kiriella,,Epitawala,145A,"නාවලදෙණිය, එපිටවල",,,,,,,,,,6.7392307,80.2552223
Other,OTHER,NBRO/LRRMD-RTP/RTP/KOLONN/LI/24/0901,RTP241793,Ratnapura,Kolonna,,Ittakanda,203A,"අන්නක්කකැටිය, ඉත්තකන්ද",,,,,,,,,,6.4160742,80.643551
Other,OTHER,NBRO/LRRMD-RTP/RTP/RATNAP/LI/24/0912,RTP241827,Ratnapura,Ratnapura,,Weralupe,152B,"අංක 40, සමන් පෙදෙස, රත්නපුර",,,,,,,,,,6.692627,80.390339
Other,OTHER,NBRO/LRRMD-RTP/RTP/KAHAWA/LI/24/0914,RTP241838,Ratnapura,Kahawatta,,Weladura,230A,"වැල්ලදුර, කහවත්ත",,,,,,,,,,6.560755,80.571323
Other,OTHER,NBRO/LRRMD-RTP/RTP/KALAWA/LI/24/0918,RTP241861,Ratnapura,Kalawana,,Dolekanda,201C,ර/නිවි/ඩිප්ඩීන් දෙමළ විද්‍යාලය,,,,,,,,,,6.459205,80.5539867
Other,OTHER,NBRO/LRRMD-RTP/RTP/RATNAP/LI/24/0921,RTP241884,Ratnapura,Ratnapura,,Ethoya,182E,"22/4,ඇත්ඔය,රත්නපුර",,,,,,,,,,6.6585224,80.3965216
Other,OTHER,NBRO/LRRMD-RTP/RTP/WELIGE/LI/24/0934,RTP241907,Ratnapura,Weligepola,,Gangodagama,239B,"වැලිගෙපොල ප්‍රාදේශීය රෝහල අසල, වැලිගෙපොල",,,,,,,,,,6.5785465,80.7064596
Other,OTHER,NBRO/LRRMD-RTP/RTP/KALTHO/LI/24/0937,RTP241910,Ratnapura,Kalthota,,Kongahamankada,-,"සුදර්ශනගල්ලෙන් විහාරය, කෝන්ගහමංකඩ, බලංගොඩ",,,,,,,,,,6.585153,80.8508104
Other,OTHER,NBRO/LRRMD-RTP/RTP/RATNAP/LI/24/0938,RTP241911,Ratnapura,Ratnapura,,Ratnapura Town West,152F,"32/11, 1 පටුමග, ශ්‍රී පාද මාවත, රත්නපුර",,,,,,,,,,6.685982,80.405132
Other,OTHER,NBRO/LRRMD-RTP/RTP/EHELIY/LI/24/0943,RTP241916,Ratnapura,Eheliyagoda,,Thoranakada,136C,බෝපැත්ත වත්ත,,,,,,,,,,6.87617,80.2506815
Other,OTHER,NBRO/LRRMD-RTP/RTP/IMBULP/LI/24/0952,RTP241948,Ratnapura,Imbulpe,,Rathmalavinna,263,"රත්මලවින්න, බලංගොඩ",,,,,,,,,,6.6750912,80.7240632
Other,OTHER,NBRO/LRRMD-RTP/RTP/KAHAWA/LI/24/0953,RTP241949,Ratnapura,Kahawatta,,Endana,227B,"නවනගරය , ඇන්දාන, කහවත්ත",,,,,,,,,,6.5271461,80.5383442
Other,OTHER,NBRO/LRRMD-RTP/RTP/KALAWA/LI/24/0958,RTP241992,Ratnapura,Kalawana,,Jathuwangoda,195F,"ජාතුවංගොඩ, කලවාන",,,,,,,,,,6.536706,80.345972
Other,OTHER,NBRO/LRRMD-RTP/RTP/BALANG/LI/24/0960,RTP241994,Ratnapura,Balangoda,,Polwathugoda,265B,"රාස්සගල, බලංගොඩ",,,,,,,,,,6.68809,80.6373
Other,OTHER,NBRO/LRRMD-RTP/RTP/AYAGAM/LI/24/0963,RTP241997,Ratnapura,Ayagama,,Pimbura,194A,"පිඹුර, අයගම",,,,,,,,,,6.5779433,80.3681131
Other,OTHER,NBRO/LRRMD-RTP/RTP/OPANAY/LI/24/0964,RTP242001,Ratnapura,Opanayaka,,Polwattahena,244D,එදිරිමිණිකන්ද,,,,,,,,,,6.6341697,80.5890176
Other,OTHER,NBRO/LRRMD-RTP/RTP/GODAKA/LI/24/0969,RTP242006,Ratnapura,Godakawela,,Rakwana North,231,රක්වාන,,,,,,,,,,6.4680467,80.6646859
Other,OTHER,NBRO/LRRMD-RTP/RTP/KAHAWA/LI/24/0971,RTP242008,Ratnapura,Kahawatta,,Weladura,230A,"ඇල්ලගෙවත්ත, කහවත්ත",,,,,,,,,,6.566287,80.577539
Other,OTHER,NBRO/LRRMD-RTP/RTP/KAHAWA/LI/24/0972,RTP242009,Ratnapura,Kahawatta,,Yainna,229,යායින්න,,,,,,,,,,6.5709381,80.5520991
Other,OTHER,NBRO/LRRMD-RTP/RTP/RATNAP/LI/24/0973,RTP242018,Ratnapura,Ratnapura,,Ketawala,162E,කැටවල,,,,,,,,,,6.78798,80.418215
Other,OTHER,NBRO/LRRMD-RTP/RTP/GODAKA/LI/24/0977,RTP242067,Ratnapura,Godakawela,,Dambavinna,223F,"පින්නකන්ද, ගොඩකවෙල",,,,,,,,,,6.4767273,80.6789436
Other,OTHER,NBRO/LRRMD-RTP/RTP/GODAKA/LI/24/0978,RTP242068,Ratnapura,Godakawela,,Rakwana North,231,"හැදර්ලිවත්ත, ගොඩකවෙල",,,,,,,,,,6.4659166,80.6148335
Other,OTHER,NBRO/LRRMD-RTP/RTP/GODAKA/LI/24/0979,RTP242069,Ratnapura,Godakawela,,Rakwana North,231,හැදර්ලි වතුයාය,,,,,,,,,,6.4638578,80.6149554
Other,OTHER,NBRO/LRRMD-RTP/RTP/IMBULP/LI/24/0981,RTP242071,Ratnapura,Imbulpe,,Imbulpe,272,"සීලගම මාර්ගය, 155/6 කණුව අසල",,,,,,,,,,6.7090601,80.762618
Other,OTHER,NBRO/LRRMD-RTP/RTP/KIRIEL/LI/24/0984,RTP242074,Ratnapura,Kiriella,,Idangoda,145B,කිරිඇල්ල මධ්‍යය මහා විද්‍යාලය,,,,,,,,,,6.7390393,80.269557
Other,OTHER,NBRO/LRRMD-RTP/RTP/IMBULP/LI/24/0989,RTP242079,Ratnapura,Imbulpe,,Pidaligannawela,269B,මාරතැන්න වතුයාය,,,,,,,,,,6.74489,80.70746
Other,OTHER,NBRO/LRRMD-RTP/RTP/IMBULP/LI/24/0990,RTP242080,Ratnapura,Imbulpe,,Maddegama,269,ඉහළ පඹගොල්ල කොටස,,,,,,,,,,6.7392998,80.6882271
Other,OTHER,NBRO/LRRMD-RTP/RTP/OPANAY/LI/24/0994,RTP242094,Ratnapura,Opanayaka,,Meegahawela,245A,"වරකැටිය, ඕපනායක",,,,,,,,,,6.6261389,80.6258169
Other,OTHER,NBRO/LRRMD-RTP/RTP/AYAGAM/LI/24/1006,RTP242128,Ratnapura,Ayagama,,Dumbara,191,"මිණිපුර දුම්බර, ඇටහෙරලියගොඩ",,,,,,,,,,6.7142228,80.2168871
Other,OTHER,NBRO/LRRMD-RTP/RTP/KALAWA/LI/24/1007,RTP242129,Ratnapura,Kalawana,,Pothupitiya North,200,"පොතුපිටිය, කලවාන",,,,,,,,,,6.4243691,80.5183744
Other,OTHER,NBRO/LRRMD-RTP/RTP/GODAKA/LI/24/1008,RTP242130,Ratnapura,Godakawela,,Rakwana Town,231B,"රත්නාලෝක මහා විද්‍යාලය, රක්වාන",,,,,,,,,,6.4730751,80.6125206
Other,OTHER,NBRO/LRRMD-RTP/RTP/KAHAWA/LI/24/1014,RTP242136,Ratnapura,Kahawatta,,Weladura,230A,"ඇල්ලෙගෙවත්ත, කහවත්ත",,,,,,,,,,6.565157,80.57779
Other,OTHER,NBRO/LRRMD-RTP/RTP/PELMAD/LI/24/1015,RTP242137,Ratnapura,Pelmadulla,,Pelmadullagama,168B,බටලන්දගම,,,,,,,,,,6.610823,80.549113
Other,OTHER,NBRO/LRRMD-RTP/RTP/PELMAD/LI/24/1019,RTP242141,Ratnapura,Pelmadulla,,Pelmadullagama,168B,"සිගාපුර, බටලන්ද, පැල්මඩුල්ල",,,,,,,,,,6.6112035,80.5491845
Other,OTHER,NBRO/LRRMD-RTP/RTP/KALAWA/LI/24/1021,RTP242143,Ratnapura,Kalawana,,Davugalagama,196F,"රතුපස්කැටිය හේන, 238 ඒ/3, දව්ගලගම, කලවාන",,,,,,,,,,6.5028075,80.3924595
Other,OTHER,NBRO/LRRMD-RTP/RTP/PELMAD/LI/24/1023,RTP242145,Ratnapura,Pelmadulla,,Denawaka Udakada,168,කාමරංගපිටිය 122 කිලෝමීටර් කණුව,,,,,,,,,,6.615584,80.571735
Other,OTHER,NBRO/LRRMD-RTP/RTP/KURUVI/LI/24/1024,RTP242146,Ratnapura,Kuruvita,,Erathna,161,"මුත්තෙට්ටුකන්ද පාර, එරත්න",,,,,,,,,,6.849215,80.40481
Other,OTHER,NBRO/LRRMD-RTP/RTP/PELMAD/LI/24/1037,RTP242195,Ratnapura,Pelmadulla,,Dewalegama,171D,"පුළුන් ඇල්ල ස්ටෝර්ස්, පාතකඩ, පැල්මඩුල්ල",,,,,,,,,,6.6350024,80.5012341
Other,OTHER,NBRO/LRRMD-RTP/RTP/IMBULP/LI/24/1040,RTP242198,Ratnapura,Imbulpe,,Pinnawala,268A,"කන්දෙකුඹුර, පින්නවල",,,,,,,,,,6.719751,80.677821
Other,OTHER,NBRO/LRRMD-RTP/RTP/IMBULP/LI/24/1041,RTP242199,Ratnapura,Imbulpe,,Pinnawala,268A,"ගල්අරාව, පින්නවල",,,,,,,,,,6.7189709,80.6750963
Other,OTHER,NBRO/LRRMD-RTP/RTP/KURUVI/LI/24/1042,RTP242200,Ratnapura,Kuruvita,,Pathberiya West,127B,"විතානන්ද, බැවිල, පරකඩුව",,,,,,,,,,6.8427046,80.3130147
Other,OTHER,NBRO/LRRMD-RTP/RTP/RATNAP/LI/24/1045,RTP242203,Ratnapura,Ratnapura,,Batewela,165,"අංක 110/185/ඒ.බටේවෙල, වේවැල්වත්ත, රත්නපුර",,,,,,,,,,6.6915663,80.5462714
Other,OTHER,NBRO/LRRMD-RTP/RTP/RATNAP/LI/24/1046,RTP242204,Ratnapura,Ratnapura,,Dewalegawa,151,"කනත්ත පාර, දේවාලේගාව, ගනේගොඩ, රත්නපුර.",,,,,,,,,,6.6954842,80.3803558
Other,OTHER,NBRO/LRRMD-RTP/RTP/RATNAP/LI/24/1047,RTP242206,Ratnapura,Ratnapura,,Weralupe,152B,"අධ්‍යක්ෂ, ශික්ෂණ රෝහල, රත්නපුර.",,,,,,,,,,6.686645,80.394132
Other,OTHER,NBRO/LRRMD-RTP/RTP/RATNAP/LI/24/1048,RTP242207,Ratnapura,Ratnapura,,Weralupe,152B,"අංක 40, සමන් පෙදෙස රත්නපුර.",,,,,,,,,,6.695576,80.391839
Other,OTHER,NBRO/LRRMD-RTP/RTP/KAHAWA/LI/24/1050,RTP242210,Ratnapura,Kahawatta,,Weladura,230A,"වැල්ලඳුර, කහවත්ත.",,,,,,,,,,6.5702092,80.5449058
Other,OTHER,NBRO/LRRMD-RTP/RTP/GODAKA/LI/24/1052,RTP242217,Ratnapura,Godakawela,,Bibilegama West,223C,"ගලපල්ලයායා, හචුගස්තැන්න",,,,,,,,,,6.4740799,80.6477352
Other,OTHER,NBRO/LRRMD-RTP/RTP/RATNAP/LI/24/1057,RTP242253,Ratnapura,Ratnapura,,Dewalegawa,151,"අංක 119, දේවාලේගාව, ගනේගොඩ, රත්නපුර",,,,,,,,,,6.694463,80.384915
Other,OTHER,NBRO/LRRMD-RTP/RTP/RATNAP/LI/24/1060,RTP242256,Ratnapura,Ratnapura,,Angammana,181C,"අංක 58/10, අංගම්මන පාර, රත්නපුර",,,,,,,,,,6.67992,80.419773
Other,OTHER,NBRO/LRRMD-RTP/RTP/RATNAP/LI/24/1062,RTP242258,Ratnapura,Ratnapura,,New Town,153A,"හිදැල්ලන, රත්නපුර",,,,,,,,,,6.7131708,80.384938
Other,OTHER,NBRO/LRRMD-RTP/RTP/OPANAY/LI/24/1063,RTP242259,Ratnapura,Opanayaka,,Meegahawela,245A,"කන්දවිහාර මාවත, ඕපනායක",,,,,,,,,,6.615983,80.63351
Other,OTHER,NBRO/LRRMD-RTP/RTP/OPANAY/LI/24/1066,RTP242262,Ratnapura,Opanayaka,,Pelendakanda,246B,"තැන්නහේන, උඩවෙල, ඕපනායක",,,,,,,,,,6.6172438,80.6393907
Other,OTHER,NBRO/LRRMD-RTP/RTP/OPANAY/LI/24/1067,RTP242263,Ratnapura,Opanayaka,,Polwattahena,244D,"පොල්වත්තහේන, ඕපනායක",,,,,,,,,,6.633883,80.595835
Other,OTHER,NBRO/LRRMD-RTP/RTP/KAHAWA/LI/24/1070,RTP242266,Ratnapura,Kahawatta,,Nugawela East,230,"ඇල්ලගෙවත්ත, කහවත්ත",,,,,,,,,,6.5995208,80.5767309
Other,OTHER,NBRO/LRRMD-RTP/RTP/GODAKA/LI/24/1078,RTP242309,Ratnapura,Godakawela,,Madampe South,238A,"වලව්කඩේ, මාදම්පේ, අටකලන්පන්න",,,,,,,,,,6.5168325,80.5915155
Other,OTHER,NBRO/LRRMD-RTP/RTP/GODAKA/LI/24/1079,RTP242310,Ratnapura,Godakawela,,Rakwana North,231,"ස්ටබිටන්වත්ත, රක්වාන",,,,,,,,,,6.4661863,80.6209977
Other,OTHER,NBRO/LRRMD-RTP/RTP/NIVITH/LI/24/1080,RTP242311,Ratnapura,Nivithigala,,Sidurupitiya,174B,"සැනසුම, දොඩම්පාවත්ත, නිවිතිගල",,,,,,,,,,6.5935102,80.4668951
Other,OTHER,NBRO/LRRMD-RTP/RTP/PELMAD/LI/24/1081,RTP242312,Ratnapura,Pelmadulla,,Pelmadullagama,168B,"ධර්මපාල මාවත, පිටියවත්ත, පැල්මඩුල්ල",,,,,,,,,,6.616562,80.547162
Other,OTHER,NBRO/LRRMD-RTP/RTP/PELMAD/LI/24/1082,RTP242313,Ratnapura,Pelmadulla,,Pelmadullagama,168B,"අංක 242, රක්වාන පාර, බටලන්ද, පැල්මඩුල්ල",,,,,,,,,,6.610882,80.54682
Other,OTHER,NBRO/LRRMD-RTP/RTP/IMBULP/LI/24/1084,RTP242315,Ratnapura,Imbulpe,,Pinnawala,268A,"කන්දෙකුඹුර, පින්නවල",,,,,,,,,,6.7200433,80.6774461
Other,OTHER,NBRO/LRRMD-RTP/RTP/EHELIY/LI/24/1095,RTP242326,Ratnapura,Eheliyagoda,,Mapota,143C,"මාපොට, කලටුවාව",,,,,,,,,,6.833849,80.212571
Other,OTHER,NBRO/LRRMD-RTP/RTP/NIVITH/LI/24/1100,RTP242332,Ratnapura,Nivithigala,,Thuttiripitiya,174C,"තුත්තිරිපිටිය, උතුරු නිවිතිගල",,,,,,,,,,6.5961137,80.4712948
Other,OTHER,NBRO/LRRMD-RTP/RTP/ELAPAT/LI/24/1103,RTP242335,Ratnapura,Elapatha,,Amuwala,185B,"කොටාමුල්ල, රද්දැල්ල මාර්ගය",,,,,,,,,,6.6689728,80.3804607
Other,OTHER,NBRO/LRRMD-RTP/RTP/NIVITH/LI/24/1104,RTP242336,Ratnapura,Nivithigala,,Dombagammana,175C,"නව ගම්මානය, කම්බදොල, දෑල",,,,,,,,,,6.6315409,80.4531017
Other,OTHER,NBRO/LRRMD-RTP/RTP/NIVITH/LI/24/1105,RTP242337,Ratnapura,Nivithigala,,Dombagammana,175C,"නාරංකඳුර, දෑල",,,,,,,,,,6.6253187,80.4577003
Other,OTHER,NBRO/LRRMD-RTP/RTP/PELMAD/LI/24/1106,RTP242343,Ratnapura,Pelmadulla,,Ihala Hakamuwa,180B,"අ‘ක.33/සී/01, වටරවුම් පාර , හනමුව, රත්නපුර",,,,,,,,,,6.668495,80.416993
Other,OTHER,NBRO/LRRMD-RTP/RTP/PELMAD/LI/24/1107,RTP242344,Ratnapura,Pelmadulla,,Pahala Bopitiya,167D,"මව්පිය උපහාර වැඩිහිටි නිවාසය, ඔස්ටෙලිකොටුව, පහළ බොපිටිය, පැල්මඩුල්ල",,,,,,,,,,6.622715,80.539479
Other,OTHER,NBRO/LRRMD-RTP/RTP/OPANAY/LI/24/1110,RTP242347,Ratnapura,Opanayaka,,Kendaketiya,245B,"අලකොල ඇල්ල, ආරණ්‍යය සේනාසනය, ඕපනායක",,,,,,,,,,6.635492,80.653245
Other,OTHER,NBRO/LRRMD-RTP/RTP/WELIGE/LI/24/1111,RTP242348,Ratnapura,Weligepola,,Ilukkumbura,240A,"ඉලුක්කුඹුර, පනාන, ඕපනායක",,,,,,,,,,6.604488,80.682433
Other,OTHER,NBRO/LRRMD-RTP/RTP/OPANAY/LI/24/1114,RTP242351,Ratnapura,Opanayaka,,Meegahawela,245A,"වරාකැටිය, ඕපනායක",,,,,,,,,,6.6261695,80.6285694
Other,OTHER,NBRO/LRRMD-RTP/RTP/KURUVI/LI/25/0002,RTP250039,Ratnapura,Kuruvita,,Ovitigama,156C,"ලෙල්ලංගොඩ, කුරුවිට",,,,,,,,,,6.7878075,80.3241556
Other,OTHER,NBRO/LRRMD-RTP/RTP/IMBULP/LI/25/0003,RTP250040,Ratnapura,Imbulpe,,Amupitiya,273C,"අමුපිටිය, ඉඹුල්පේ",,,,,,,,,,6.678311,80.733956
Other,OTHER,NBRO/LRRMD-RTP/RTP/WELIGE/LI/25/0008,RTP250045,Ratnapura,Weligepola,,Gangodagama,239B,"අරාවත්ත, වැලිගෙපොල",,,,,,,,,,6.580709,80.714647
Other,OTHER,NBRO/LRRMD-RTP/RTP/PELMAD/LI/25/0011,RTP250048,Ratnapura,Pelmadulla,,Poronuwa,170B,"දකුණු පනාවැන්න, කහවත්ත",,,,,,,,,,6.57872,80.53727
Other,OTHER,NBRO/LRRMD-RTP/RTP/PELMAD/LI/25/0012,RTP250049,Ratnapura,Pelmadulla,,Poronuwa,170B,"මහින්ද ස්ටෝර්ස්, දුම්මල ගස්තැන්න, සන්නස්ගම, ලෙල්ලොපිටිය",,,,,,,,,,6.643931,80.498173
Other,OTHER,NBRO/LRRMD-RTP/RTP/RATNAP/LI/25/0013,RTP250050,Ratnapura,Ratnapura,,Mudduwa East,182D,"94/11, ඥාණාලංකාර මාවත, රත්නපුර",,,,,,,,,,6.67069,80.399488
Other,OTHER,NBRO/LRRMD-RTP/RTP/RATNAP/LI/25/0015,RTP250052,Ratnapura,Ratnapura,,Mudduwa East,182D,"අංක 257, පොත්ගුල් විහාර මාවත, රත්නපුර",,,,,,,,,,6.6693569,80.3920325
Other,OTHER,NBRO/LRRMD-RTP/RTP/RATNAP/LI/25/0016,RTP250053,Ratnapura,Ratnapura,,Sri Palabaddala,162B,"ඇහැල කණුව, පලාබද්දල",,,,,,,,,,6.8089922,80.4987383
Other,OTHER,NBRO/LRRMD-RTP/RTP/NIVITH/LI/25/0018,RTP250083,Ratnapura,Nivithigala,,Nivithigala,174,දෑල ඇගලුම් කම්හල අසල මහා මාර්ගය,,,,,,,,,,6.6256055,80.4600617
Other,OTHER,NBRO/LRRMD-RTP/RTP/AYAGAM/LI/25/0020,RTP250085,Ratnapura,Ayagama,,Gawaragiriya,192,"වතුකාරගම, ගවරගිරිය",,,,,,,,,,6.6621048,80.2498565
Other,OTHER,NBRO/LRRMD-RTP/RTP/RATNAP/LI/25/0026,RTP250091,Ratnapura,Ratnapura,,Angammana,181C,"අංක 21/11, අංගම්මන, රත්නපුර",,,,,,,,,,6.68063,80.415343
Other,OTHER,NBRO/LRRMD-RTP/RTP/RATNAP/LI/25/0027,RTP250092,Ratnapura,Ratnapura,,Angammana,181C,"බටුගෙදර, රත්නපුර",,,,,,,,,,6.6749936,80.4191201
Other,OTHER,NBRO/LRRMD-RTP/RTP/GODAKA/LI/25/0029,RTP250114,Ratnapura,Godakawela,,Rakwana Town,231B,"ර/ඇඹි/ශාන්ත අන්තෝනි විද්‍යාලය, රක්වාන",,,,,,,,,,6.4716011,80.6124275
Other,OTHER,NBRO/LRRMD-RTP/RTP/PELMAD/LI/25/0037,RTP250126,Ratnapura,Pelmadulla,,Denawaka Pathakada,171,"කුට්ටපිටිය ගෙදර, ගනේගම, පැල්මඩුල්ල",,,,,,,,,,6.6356987,80.5199341
Other,OTHER,NBRO/LRRMD-RTP/RTP/KURUVI/LI/25/0038,RTP250127,Ratnapura,Kuruvita,,Lassakanda,161C,ඇල්ලඋඩකඩේ අසල,,,,,,,,,,6.8188486,80.4018146
Other,OTHER,NBRO/LRRMD-RTP/RTP/KAHAWA/LI/25/0040,RTP250184,Ratnapura,Kahawatta,,Madalagama Colony,227C,"නාවලකන්ද, උඩහව්පේ, කහවත්ත",,,,,,,,,,6.5385163,80.537115
Other,OTHER,NBRO/LRRMD-RTP/RTP/KALAWA/LI/25/0042,RTP250186,Ratnapura,Kalawana,,Koswatta,197B,"කොස්වත්ත පාලම අසල, කොස්වත්ත, කලවාන",,,,,,,,,,6.5148077,80.3889856
Other,OTHER,NBRO/LRRMD-RTP/RTP/KALAWA/LI/25/0044,RTP250188,Ratnapura,Kalawana,,Kalawana West,196,"දොලහේන, කලවාන",,,,,,,,,,6.5396217,80.3969503
Other,OTHER,NBRO/LRRMD-RTP/RTP/EMBILI/LI/25/0046,RTP250195,Ratnapura,Embilipitiya,,Sankhapala,224F,"අංක 96/බී/1, ගල්කොරිය පාර, සංඛපාල",,,,,,,,,,6.4371025,80.766681
Other,OTHER,NBRO/LRRMD-RTP/RTP/AYAGAM/LI/25/0050,RTP250199,Ratnapura,Ayagama,,Gawaragiriya,192,"වතුකාරගම, ගවරගිරිය",,,,,,,,,,6.6491217,80.2752195
Other,OTHER,NBRO/LRRMD-RTP/RTP/KAHAWA/LI/25/0058,RTP250207,Ratnapura,Kahawatta,,Nugawela West,230B,"නුගවෙල, යායින්න, කහවත්ත",,,,,,,,,,6.5690798,80.5758582
Other,OTHER,NBRO/LRRMD-RTP/RTP/RATNAP/LI/25/0059,RTP250208,Ratnapura,Ratnapura,,Kempanawatta,165D,"ගංගොඩගම, වේවැල්වත්ත, රත්නපුර",,,,,,,,,,6.698677,80.540931
Other,OTHER,NBRO/LRRMD-RTP/RTP/RATNAP/LI/25/0060,RTP250209,Ratnapura,Ratnapura,,Kudawa,162A,"ර/කුඩාව විද්‍යාලය, රත්ගඟ, රත්නපුර",,,,,,,,,,6.7498045,80.490223
Other,OTHER,NBRO/LRRMD-RTP/RTP/KALAWA/LI/25/0061,RTP250210,Ratnapura,Kalawana,,Kalawana West,196,කලවාන බටහිර දොලහේන මාර්ගය,,,,,,,,,,6.5345505,80.3963379
Other,OTHER,NBRO/LRRMD-RTP/RTP/OPANAY/LI/25/0063,RTP250212,Ratnapura,Opanayaka,,Hunuwala North,244,"රදාගොඩ, උතුරු හුණුවල, ඕපනායක",,,,,,,,,,6.606689,80.603385
Other,OTHER,NBRO/LRRMD-RTP/RTP/IMBULP/LI/25/0065,RTP250214,Ratnapura,Imbulpe,,Pidaligannawela,269B,"පිඩලිගන්නාවෙල, පින්නවල, බලංගොඩ",,,,,,,,,,6.7221767,80.69789
Other,OTHER,NBRO/LRRMD-RTP/RTP/IMBULP/LI/25/0069,RTP250218,Ratnapura,Imbulpe,,Pidaligannawela,269B,"පිඩලිගන්නාවල, පින්නවල, බලංගොඩ",,,,,,,,,,6.7371728,80.69887
Other,OTHER,NBRO/LRRMD-RTP/RTP/IMBULP/LI/25/0070,RTP250219,Ratnapura,Imbulpe,,Maddegama,269,"පඹගොල්ල, පින්නවල, බලංගොඩ",,,,,,,,,,6.7305077,80.696787
Other,OTHER,NBRO/LRRMD-RTP/RTP/IMBULP/LI/25/0071,RTP250220,Ratnapura,Imbulpe,,Gurubevila,267A,"අංක 159/31 ඒ, ගුරුබැවිලාගම, පින්නවල, බලංගොඩ",,,,,,,,,,6.7108019,80.661037
Other,OTHER,NBRO/LRRMD-RTP/RTP/IMBULP/LI/25/0073,RTP250222,Ratnapura,Imbulpe,,Pidaligannawela,269B,"ඇල්ලෙගොඩ, පිඩලිගන්නාවල, පින්නවල, බලංගොඩ",,,,,,,,,,6.7217431,80.7012733
Other,OTHER,NBRO/LRRMD-RTP/RTP/IMBULP/LI/25/0078,RTP250227,Ratnapura,Imbulpe,,Maddegama,269,පඹගොල්ල කොටසෙහි ලයිම් කාමර,,,,,,,,,,6.73683,80.69677
Other,OTHER,NBRO/LRRMD-RTP/RTP/KURUVI/LI/25/0085,RTP250254,Ratnapura,Kuruvita,,Kosgoda,154E,"අංක 466/10, පණුකැරැපිටිය වත්ත, හිදැල්ලන",,,,,,,,,,6.730084,80.378842
Other,OTHER,NBRO/LRRMD-RTP/RTP/EHELIY/LI/25/0087,RTP250256,Ratnapura,Eheliyagoda,,Divurumpitiya,137B,"අංක 11/බී, රාජ්‍ය සේවක ගම්මානය, දියුරුම්පිටිය, ගැටහැත්ත",,,,,,,,,,6.9153502,80.2259304
Other,OTHER,NBRO/LRRMD-RTP/RTP/GODAKA/LI/25/0091,RTP250260,Ratnapura,Godakawela,,Bibilegama West,223C,ර/ඇඹි බිබිලෙගම මධ්‍ය විද්‍යාලය,,,,,,,,,,6.4743095,80.6590185
Other,OTHER,NBRO/LRRMD-RTP/RTP/IMBULP/LI/25/0097,RTP250274,Ratnapura,Imbulpe,,Pidaligannawela,269B,"මැදහින්න උතුර, පිඩලිගන්නාවල, පින්නවල, බලංගොඩ",,,,,,,,,,6.7354864,80.7076468
Other,OTHER,NBRO/LRRMD-RTP/RTP/IMBULP/LI/25/0098,RTP250275,Ratnapura,Imbulpe,,Maddegama,269,"පඹගොල්ල, පින්නවල, බලංගොඩ",,,,,,,,,,6.7270828,80.698047
Other,OTHER,NBRO/LRRMD-RTP/RTP/IMBULP/LI/25/0099,RTP250276,Ratnapura,Imbulpe,,Pinnawala,268A,"කන්දෙකුඹුර, පින්නවල",,,,,,,,,,6.72035,80.67616
Other,OTHER,NBRO/LRRMD-RTP/RTP/KAHAWA/LI/25/0109,RTP250287,Ratnapura,Kahawatta,,Nugawela West,230B,"වලව්වත්ත පාර, කහවත්ත",,,,,,,,,,6.581709,80.57174
Other,OTHER,NBRO/LRRMD-RTP/RTP/KALAWA/LI/25/0112,RTP250346,Ratnapura,Kalawana,,Wewagama,195A,"බටහේන, කොක්කාවිට, කලවාන",,,,,,,,,,6.4829956,80.37559
Other,OTHER,NBRO/LRRMD-RTP/RTP/RATNAP/LI/25/0113,RTP250347,Ratnapura,Ratnapura,,Gallella,164,"කුමුදු, ගල්ලෑල්ල, රත්නපුර",,,,,,,,,,6.7092923,80.4821681
Other,OTHER,NBRO/LRRMD-RTP/RTP/PELMAD/LI/25/0115,RTP250349,Ratnapura,Pelmadulla,,Narangoda,167A,"අංක 308, නාරංගොඩ, පැල්මඩුල්ල",,,,,,,,,,6.63938,80.538796
Other,OTHER,NBRO/LRRMD-RTP/RTP/PELMAD/LI/25/0116,RTP250350,Ratnapura,Pelmadulla,,Denawaka Pathakada,171,"මාවුදැල්ල වත්ත පාර, මිදිගහමුල්ල, පැල්මඩුල්ල",,,,,,,,,,6.699304,80.5176229
Other,OTHER,NBRO/LRRMD-RTP/RTP/BALANG/LI/25/0117,RTP250351,Ratnapura,Balangoda,,Polwathugoda,265B,"අංක 01, පොල්කෑල්ල, රාස්සගල, බලංගොඩ",,,,,,,,,,6.6896755,80.637047
Other,OTHER,NBRO/LRRMD-RTP/RTP/BALANG/LI/25/0119,RTP250353,Ratnapura,Balangoda,,Ellepola,255A,"අංක 87, වැව්රුන්තැන්න, ඇල්ලෙපොල, බලංගොඩ",,,,,,,,,,6.6314171,80.6914327
Other,OTHER,NBRO/LRRMD-RTP/RTP/BALANG/LI/25/0120,RTP250354,Ratnapura,Balangoda,,Ellepola,255A,"උඩ ඇල්ලෙපොල, බලංගොඩ",,,,,,,,,,6.6388161,80.7022148
Other,OTHER,NBRO/LRRMD-RTP/RTP/KALTHO/LI/25/0122,RTP250387,Ratnapura,Kalthota,,Kalthota,-,"දිප්පිටිය, වරාලන්ද, කල්තොට",,,,,,,,,,6.626006,80.879407
Other,OTHER,NBRO/LRRMD-RTP/RTP/KOLONN/LI/25/0126,RTP250391,Ratnapura,Kolonna,,Kolonna,205,"ඇදිමිටිකන්ද, කොලොන්න",,,,,,,,,,6.3951404,80.6704601
Other,OTHER,NBRO/LRRMD-RTP/RTP/IMBULP/LI/25/0128,RTP250393,Ratnapura,Imbulpe,,Gurubevila,267A,"අංක 62/2, ගුරුබැවිල",,,,,,,,,,6.712633,80.6583404
Other,OTHER,NBRO/LRRMD-RTP/RTP/IMBULP/LI/25/0129,RTP250394,Ratnapura,Imbulpe,,Ihalagalagama,278,ලඳුයාය ශ්‍රී චන්දාරාම විද්‍යාලය අසල,,,,,,,,,,6.7389832,80.7361448
Other,OTHER,NBRO/LRRMD-RTP/RTP/IMBULP/LI/25/0130,RTP250395,Ratnapura,Imbulpe,,Ihalagalagama,278,මැදගොඩගම මාර්ගය හරහා ඇති බෝක්කුව අබලන් වීම,,,,,,,,,,6.7371427,80.7409978
Other,OTHER,NBRO/LRRMD-RTP/RTP/IMBULP/LI/25/0132,RTP250397,Ratnapura,Imbulpe,,Pinnawala,268A,"කන්දෙකුඹුර, පින්නවල, බලංගොඩ",,,,,,,,,,6.7202177,80.676265
Other,OTHER,NBRO/LRRMD-RTP/RTP/BALANG/LI/25/0134,RTP250416,Ratnapura,Balangoda,,Pettigala,254C,"යක්දෙහිකන්ද, පෙට්ටිගල, බලංගොඩ",,,,,,,,,,6.6469227,80.6768714
Other,OTHER,NBRO/LRRMD-RTP/RTP/KAHAWA/LI/25/0135,RTP250417,Ratnapura,Kahawatta,,Weladura,230A,"ඇල්ලගෙවත්ත, කහවත්ත",,,,,,,,,,6.5654657,80.57693
Other,OTHER,NBRO/LRRMD-RTP/RTP/KOLONN/LI/25/0137,RTP250419,Ratnapura,Kolonna,,Ittakanda,203A,"අංක 86, තැපැල්හල අසල, ඉත්තෑකන්ද",,,,,,,,,,6.413171,80.640353
Other,OTHER,NBRO/LRRMD-RTP/RTP/NIVITH/LI/25/0138,RTP250478,Ratnapura,Nivithigala,,Kolombugama,176C,"තැඹිලිදෙනිය, කොළොම්බුගම, නිවිතිගල",,,,,,,,,,6.5634071,80.4911558
Other,OTHER,NBRO/LRRMD-RTP/RTP/NIVITH/LI/25/0143,RTP250485,Ratnapura,Nivithigala,,Pebotuwa,177A,"රෝස කොටස, පෑබොටුව වත්ත, රත්නපුර",,,,,,,,,,6.5457994,80.4474975
Other,OTHER,NBRO/LRRMD-RTP/RTP/RATNAP/LI/25/0148,RTP250490,Ratnapura,Ratnapura,,Godigamuwa,152,"පැරණි රේල් බෝක්කුව අසල, ගොඩිගමුව, රත්නපුර",,,,,,,,,,6.6824739,80.4145267
Other,OTHER,NBRO/LRRMD-RTP/RTP/KAHAWA/LI/25/0154,RTP250515,Ratnapura,Kahawatta,,Weladura,230A,"බුදු මැදුර අසල, වැල්ලදුර, කහවත්ත",,,,,,,,,,6.5605051,80.5714275
Other,OTHER,NBRO/LRRMD-RTP/RTP/RATNAP/LI/25/0166,RTP250612,Ratnapura,Ratnapura,,Mihindugama,152D,මිහිදුගම අභයරාජ විහාර භූමිය,,,,,,,,,,6.689773,80.413123
Other,OTHER,NBRO/LRRMD-RTP/RTP/PELMAD/LI/25/0170,RTP250616,Ratnapura,Pelmadulla,,Ganegama,167,"සෙවන බෝධිය පාර, ගනේගම, පැල්මඩුල්ල",,,,,,,,,,6.6351429,80.5235957
Other,OTHER,NBRO/LRRMD-RTP/RTP/PELMAD/LI/25/0171,RTP250617,Ratnapura,Pelmadulla,,Lellopitiya,172,"මාර්ස්වත්ත පාර, වැලිමළුව, ලෙල්ලොපිටිය",,,,,,,,,,6.6612141,80.4725043
Other,OTHER,NBRO/LRRMD-RTP/RTP/KURUVI/LI/25/0172,RTP250618,Ratnapura,Kuruvita,,Lassakanda,161C,"අංක 06 ජනපදය, ලස්සකන්ද",,,,,,,,,,6.814764,80.405983
Other,OTHER,NBRO/LRRMD-RTP/RTP/IMBULP/LI/25/0175,RTP250637,Ratnapura,Imbulpe,,Yakdehiwela,279B,"නන්පෙරියල් වත්ත, බෙලිහුල් ඔය",,,,,,,,,,6.7606176,80.791545
Other,OTHER,NBRO/LRRMD-RTP/RTP/IMBULP/LI/25/0176,RTP250638,Ratnapura,Imbulpe,,Bolthumbe,267,"මූකලාන වත්ත, බොල්තුඹේ, පින්නවල, බලංගොඩ",,,,,,,,,,6.7185034,80.6691698
Other,OTHER,NBRO/LRRMD-RTP/RTP/IMBULP/LI/25/0177,RTP250639,Ratnapura,Imbulpe,,Bolthumbe,267,බොල්තුඹේ,,,,,,,,,,6.7196575,80.6714517
Other,OTHER,NBRO/LRRMD-RTP/RTP/RATNAP/LI/25/0178,RTP250640,Ratnapura,Ratnapura,,Mahawala,152C,"අංක 21/29, විහාර පාර, මහවල, රත්නපුර",,,,,,,,,,6.694377,80.412985
Other,OTHER,NBRO/LRRMD-RTP/RTP/BALANG/LI/25/0181,RTP250643,Ratnapura,Balangoda,,Thotupalathenna,250A,"පිටතලාගම, දිගදුර, බලංගොඩ",,,,,,,,,,6.632452,80.737136
Other,OTHER,NBRO/LRRMD-RTP/RTP/BALANG/LI/25/0183,RTP250645,Ratnapura,Balangoda,,Rassagala,265,"සීතගල්ගොඩ ගම, රාස්සගල, බලංගොඩ",,,,,,,,,,6.68758,80.62923
Other,OTHER,NBRO/LRRMD-RTP/RTP/BALANG/LI/25/0184,RTP250646,Ratnapura,Balangoda,,Rassagala,265,"සීතගල්ගොඩගම, රාස්සගල, බලංගොඩ",,,,,,,,,,6.68758,80.62923
Other,OTHER,NBRO/LRRMD-RTP/RTP/KALTHO/LI/25/0185,RTP250657,Ratnapura,Kalthota,,Kalthota,-,"සමෘද්ධි සංවර්ධන කාර්යාලය, කොළොම්මඩ, කල්තොට, බලංගොඩ",,,,,,,,,,6.647927,80.880274
Other,OTHER,NBRO/LRRMD-RTP/RTP/AYAGAM/LI/25/0186,RTP250658,Ratnapura,Ayagama,,Ayagama,193,"කලවාන පාර, අයගම",,,,,,,,,,6.6333454,80.312715
Other,OTHER,NBRO/LRRMD-RTP/RTP/GODAKA/LI/25/0187,RTP250659,Ratnapura,Godakawela,,Rakwana North,231,"පුංචිබාර් වත්ත, රක්වාන",,,,,,,,,,6.466079,80.620235
Other,OTHER,NBRO/LRRMD-RTP/RTP/IMBULP/LI/25/0189,RTP250661,Ratnapura,Imbulpe,,Maddegama,269,"පින්නවල, බලංගොඩ",,,,,,,,,,6.7305543,80.6917926
Other,OTHER,NBRO/LRRMD-RTP/RTP/BALANG/LI/25/0194,RTP250685,Ratnapura,Balangoda,,Wijanathkumbura,265C,"ගල්ඉනිගොඩ, මැද්දෙකන්ද, බලංගොඩ",,,,,,,,,,6.679162,80.6752024
Other,OTHER,NBRO/LRRMD-RTP/RTP/KOLONN/LI/25/0195,RTP250686,Ratnapura,Kolonna,,Kempane,217A,"ගොඩවෙල, කැම්පනේ",,,,,,,,,,6.3221284,80.7200755
Other,OTHER,NBRO/LRRMD-RTP/RTP/IMBULP/LI/25/0196,RTP250687,Ratnapura,Imbulpe,,Yakdehiwela,279B,-,,,,,,,,,,6.761186,80.792095
Other,OTHER,NBRO/LRRMD-RTP/RTP/GODAKA/LI/25/0200,RTP250691,Ratnapura,Godakawela,,Thambagamuwa West,222B,තඹගමුව මාර්ගය,,,,,,,,,,6.46851,80.695769
Other,OTHER,NBRO/LRRMD-RTP/RTP/RATNAP/LI/25/0209,RTP250715,Ratnapura,Ratnapura,,New Town,153A,"අංක 187/ඒ, ගොළුවාවිල, රත්නපුර",,,,,,,,,,6.7163116,80.3920902
Other,OTHER,NBRO/LRRMD-RTP/RTP/RATNAP/LI/25/0210,RTP250716,Ratnapura,Ratnapura,,Rathgama,162F,"ඉහල රත්ගම, ගල්ලෑල්ල, රත්නපුර",,,,,,,,,,6.7279665,80.5059381
Other,OTHER,NBRO/LRRMD-RTP/RTP/BALANG/LI/25/0211,RTP250717,Ratnapura,Balangoda,,Durakanda,265D,දුරකන්ද,,,,,,,,,,6.704724,80.632441
Other,OTHER,NBRO/LRRMD-RTP/RTP/KIRIEL/LI/25/0215,RTP250731,Ratnapura,Kiriella,,Ellawala Pahalagama,147A,"අංක 550, පහලගම, එල්ලාවල",,,,,,,,,,6.785515,80.27243
Other,OTHER,NBRO/LRRMD-RTP/RTP/RATNAP/LI/25/0217,RTP250733,Ratnapura,Ratnapura,,Mudduwa East,182D,"අංක 51/12, තෙල්වත්ත, මුද්දුව",,,,,,,,,,6.6770844,80.4013855
Other,OTHER,NBRO/LRRMD-RTP/RTP/PELMAD/LI/25/0220,RTP250769,Ratnapura,Pelmadulla,,Rilhena,167C,ර/ රිල්හේන දෙමළ විද්‍යාලය,,,,,,,,,,6.624381,80.518401
Other,OTHER,NBRO/LRRMD-RTP/RTP/AYAGAM/LI/25/0221,RTP250770,Ratnapura,Ayagama,,Gangodakanda,193C,"සරත් ස්ටෝර්ස් අසල, ගමික්කන්ද, අයගම",,,,,,,,,,6.6610824,80.285825
Other,OTHER,NBRO/LRRMD-RTP/RTP/GODAKA/LI/25/0222,RTP250771,Ratnapura,Godakawela,,Hapurudeniya,232,"නො. 01, ඕපාත වත්ත, කහවත්ත",,,,,,,,,,6.5630185,80.5865805
Other,OTHER,NBRO/LRRMD-RTP/RTP/BALANG/LI/25/0223,RTP250803,Ratnapura,Balangoda,,Mulgama,258A,"මුල්ගම පාසල අසල, මුල්ගම, බලංගොඩ",,,,,,,,,,6.648581,80.821709
Other,OTHER,NBRO/LRRMD-RTP/RTP/PELMAD/LI/25/0227,RTP250807,Ratnapura,Pelmadulla,,Sannasgama,171A,"දිප්පිටිගල, ලෙල්ලොපිටිය",,,,,,,,,,6.6510928,80.4885393
Other,OTHER,NBRO/LRRMD-RTP/RTP/GODAKA/LI/25/0228,RTP250808,Ratnapura,Godakawela,,Rakwana Town,231B,ර/ඇඹි ශාන්ත ඇන්තෝනි විද්‍යාලය,,,,,,,,,,6.4716011,80.6124275
Other,OTHER,NBRO/LRRMD-RTP/RTP/IMBULP/LI/25/0229,RTP250815,Ratnapura,Imbulpe,,Bellankanda,267B,"බෙල්ලන්කන්ද, ඉඹුල්පේ",,,,,,,,,,6.723943,80.6569688
Other,OTHER,NBRO/LRRMD-RTP/RTP/IMBULP/LI/25/0231,RTP250817,Ratnapura,Imbulpe,,Maddegama,269,දෙතනගල ලැයිම් කාමර අසල,,,,,,,,,,6.7367263,80.6890487
Other,OTHER,NBRO/LRRMD-RTP/RTP/IMBULP/LI/25/0232,RTP250818,Ratnapura,Imbulpe,,Gurubevila,267A,"ගුරුබැවිල, පින්නවල, බලංගොඩ",,,,,,,,,,6.7098482,80.65854
Other,OTHER,NBRO/LRRMD-RTP/RTP/KALAWA/LI/25/0234,RTP250831,Ratnapura,Kalawana,,Dolekanda,201C,කලවාන රක්වාන මාර්ගය,,,,,,,,,,6.4297248,80.4894068
Other,OTHER,NBRO/LRRMD-RTP/RTP/NIVITH/LI/25/0237,RTP250834,Ratnapura,Nivithigala,,Pebotuwa,177A,"වැලමිටවංගුව, උඩ පෑබොටුව",,,,,,,,,,6.5315961,80.4496463
Other,OTHER,NBRO/LRRMD-RTP/RTP/NIVITH/LI/25/0241,RTP250839,Ratnapura,Nivithigala,,Kiribathgala,175A,"පොරෝණුව පාර, වටාපොත, නිවිතිගල",,,,,,,,,,6.5899952,80.5073182
Other,OTHER,NBRO/LRRMD-RTP/RTP/BALANG/LI/25/0245,RTP250855,Ratnapura,Balangoda,,Polwathugoda,265B,"පොල්කෑල්ල, රාස්සගල, බලංගොඩ",,,,,,,,,,6.689675,80.637047
Other,OTHER,NBRO/LRRMD-RTP/RTP/KIRIEL/LI/25/0249,RTP250859,Ratnapura,Kiriella,,Akurana,149B,"අංක 284/බී/1, අකුරණ, එල්ලාවල",,,,,,,,,,6.77142,80.27826
Other,OTHER,NBRO/LRRMD-RTP/RTP/KIRIEL/LI/25/0250,RTP250860,Ratnapura,Kiriella,,Munasinhapura,145C,"අංක 504/1, මුණසිංහපුර, කිරිඇල්ල",,,,,,,,,,6.73968,80.237339
Other,OTHER,NBRO/LRRMD-RTP/RTP/KIRIEL/LI/25/0251,RTP250861,Ratnapura,Kiriella,,Kiriella,145,"නාවලදෙණිය, කොඩිතුවක්කුකන්ද, කිරිඇල්ල",,,,,,,,,,6.757933,80.257808
Other,OTHER,NBRO/LRRMD-RTP/RTP/KIRIEL/LI/25/0252,RTP250862,Ratnapura,Kiriella,,Handukanda,145D,"හාන්දුකන්ද, කිරිඇල්ල",,,,,,,,,,6.7552649,80.252412
Other,OTHER,NBRO/LRRMD-RTP/RTP/KIRIEL/LI/25/0253,RTP250863,Ratnapura,Kiriella,,Holeepitiya,150B,"හොලිපිටිය, කහංගම",,,,,,,,,,6.7006,80.35703
Other,OTHER,NBRO/LRRMD-RTP/RTP/OPANAY/LI/25/0254,RTP250864,Ratnapura,Opanayaka,,Kendaketiya,245B,කොට්ටුන්න ඇල්ල,,,,,,,,,,6.631878,80.648025
Other,OTHER,NBRO/LRRMD-RTP/RTP/RATNAP/LI/25/0256,RTP250866,Ratnapura,Ratnapura,,Kospelavinna,153D,"ගෝල්ඩන් ග්‍රෝ, කොස්පැලවින්න, රත්නපුර",,,,,,,,,,6.7029192,80.4002549
Other,OTHER,NBRO/LRRMD-RTP/RTP/ELAPAT/LI/25/0263,RTP250873,Ratnapura,Elapatha,,Niriella,184,"නිරිඇල්ල, උඩනිරිඇල්ල, රත්නපුර",,,,,,,,,,6.6267397,80.3657523
Other,OTHER,NBRO/LRRMD-RTP/RTP/KOLONN/LI/25/0266,RTP250876,Ratnapura,Kolonna,,Ittakanda,203A,"ලංකාබේරිය වත්ත, ඉත්තකන්ද",,,,,,,,,,6.399505,80.6471166
Other,OTHER,NBRO/LRRMD-RTP/RTP/KOLONN/LI/25/0267,RTP250877,Ratnapura,Kolonna,,Poddana,203B,"සූරියකන්ද, බුළුතොට",,,,,,,,,,6.435886,80.6358044
Other,OTHER,NBRO/LRRMD-RTP/RTP/KAHAWA/LI/25/0269,RTP250879,Ratnapura,Kahawatta,,Yainna,229,"යායින්න, කහවත්ත",,,,,,,,,,6.568886,80.5643878
Other,OTHER,NBRO/LRRMD-RTP/RTP/KAHAWA/LI/25/0272,RTP250882,Ratnapura,Kahawatta,,Yainna,229,"යායින්න, කහවත්ත",,,,,,,,,,6.566568,80.562707
Other,OTHER,NBRO/LRRMD-RTP/RTP/KAHAWA/LI/25/0276,RTP250886,Ratnapura,Kahawatta,,Atakalanpanna,225,"අම්බලන්වත්ත, කහවත්ත",,,,,,,,,,6.5242071,80.5498207
Other,OTHER,NBRO/LRRMD-RTP/RTP/KAHAWA/LI/25/0277,RTP250887,Ratnapura,Kahawatta,,Panapitiya South,226D,"දකුණු පනාපිටිය, කහවත්ත",,,,,,,,,,6.538177,80.587542
Other,OTHER,NBRO/LRRMD-RTP/RTP/ELAPAT/LI/25/0286,RTP250936,Ratnapura,Elapatha,,Karangoda,186,"වඩුමුල්ල, කණාදොල, රත්නපුර",,,,,,,,,,6.6689459,80.38745
Other,OTHER,NBRO/LRRMD-RTP/RTP/ELAPAT/LI/25/0287,RTP250937,Ratnapura,Elapatha,,Niriella,184,"නිරිඇල්ල, උඩ නිරිඇල්ල, කොත්තබැවිල",,,,,,,,,,6.6448174,80.3627636
Other,OTHER,NBRO/LRRMD-RTP/RTP/PELMAD/LI/25/0291,RTP250941,Ratnapura,Pelmadulla,,Berenduwa,172B,"බැරැණ්ඩුව, ලෙල්ලොපිටිය",,,,,,,,,,6.668281,80.500163
Other,OTHER,NBRO/LRRMD-RTP/RTP/RATNAP/LI/25/0292,RTP250942,Ratnapura,Ratnapura,,Malangama,153B,"ඇල්ලෙගෙදර, හිදැල්ලන, රත්නපුර",,,,,,,,,,6.7313657,80.394251
Other,OTHER,NBRO/LRRMD-RTP/RTP/KURUVI/LI/25/0293,RTP250943,Ratnapura,Kuruvita,,Pohorabawa,148,"පොහොරබාව, පරකඩුව",,,,,,,,,,6.7986468,80.307996
Other,OTHER,NBRO/LRRMD-RTP/RTP/GODAKA/LI/25/0294,RTP250944,Ratnapura,Godakawela,,Kottala,231D,"උඩහ කොට්ටල, රක්වාන",,,,,,,,,,6.4767785,80.6078429
Other,OTHER,NBRO/LRRMD-RTP/RTP/ELAPAT/LI/25/0295,RTP250945,Ratnapura,Elapatha,,Pallegedara,185A,"පනාවල, ශ්‍රී ධීරානන්ද මාවත, ඇලපාත",,,,,,,,,,6.6653971,80.3705734
Other,OTHER,NBRO/LRRMD-RTP/RTP/BALANG/LI/25/0299,RTP250949,Ratnapura,Balangoda,,Balangoda Town,256A,ර/ කුමාර විද්‍යාලය,,,,,,,,,,6.6486674,80.7006815
Other,OTHER,NBRO/LRRMD-RTP/RTP/WELIGE/LI/25/0301,RTP250951,Ratnapura,Weligepola,,Weligepola,239,සේවා පියස,,,,,,,,,,6.572547,80.70625
Other,OTHER,NBRO/LRRMD-RTP/RTP/KURUVI/LI/25/0303,RTP250965,Ratnapura,Kuruvita,,Thalavitiya,146,"තලාවිටිය, පරකඩුව",,,,,,,,,,6.827585,80.282795
Other,OTHER,NBRO/LRRMD-RTP/RTP/AYAGAM/LI/25/0305,RTP250978,Ratnapura,Ayagama,,Ayagama,193,"කම්බොක්කාව, අයගම",,,,,,,,,,6.6335733,80.3224767
Other,OTHER,NBRO/LRRMD-RTP/RTP/AYAGAM/LI/25/0307,RTP250980,Ratnapura,Ayagama,,Udugala,193A,"හෙට්ටිආරච්චි පංගුව, උඩුගල",,,,,,,,,,6.6134611,80.3287512
Other,OTHER,NBRO/LRRMD-RTP/RTP/AYAGAM/LI/25/0308,RTP250981,Ratnapura,Ayagama,,Udugala North,193D,"අක්කර 08, අයගම",,,,,,,,,,6.6371359,80.3064066
Other,OTHER,NBRO/LRRMD-RTP/RTP/RATNAP/LI/25/0312,RTP250985,Ratnapura,Ratnapura,,Kahangama,151B,"40 කණුව, කහංගම, රත්නපුර",,,,,,,,,,6.6974643,80.3712269
Other,OTHER,NBRO/LRRMD-RTP/RTP/RATNAP/LI/25/0313,RTP250986,Ratnapura,Ratnapura,,Amunuthenna,164C,අමුණුතැන්න විද්‍යාලය,,,,,,,,,,6.7093547,80.5214976
Other,OTHER,NBRO/LRRMD-RTP/RTP/NIVITH/LI/25/0316,RTP250989,Ratnapura,Nivithigala,,Nivithigala,174,"කලවාන පාර, නිවිතිගල",,,,,,,,,,6.5932441,80.4541447
Other,OTHER,NBRO/LRRMD-RTP/RTP/GODAKA/LI/25/0318,RTP250991,Ratnapura,Godakawela,,Rakwana Town,231B,රක්වාන බස් නැවතුම්පොල දක්වා මාර්ගය,,,,,,,,,,6.4715391,80.6117202
Other,OTHER,NBRO/LRRMD-RTP/RTP/GODAKA/LI/25/0319,RTP250992,Ratnapura,Godakawela,,Madampe South,238A,"ස්ටෝරු කඩේ, මාදම්පේ, අටකලන්පන්න",,,,,,,,,,6.504646,80.5836689
Other,OTHER,NBRO/LRRMD-RTP/RTP/KIRIEL/LI/25/0320,RTP251014,Ratnapura,Kiriella,,Idangoda,145B,"ර/කිරිඇල්ල ශ්‍රී දේවරක්ඛිත විද්‍යාලය, ඉඩංගොඩ",,,,,,,,,,6.7359227,80.2729214
Other,OTHER,NBRO/LRRMD-RTP/RTP/IMBULP/LI/25/0321,RTP251023,Ratnapura,Imbulpe,,Oluganthota,264D,"ඕලුගංතොට, බලංගොඩ",,,,,,,,,,6.663811,80.70769
Other,OTHER,NBRO/LRRMD-RTP/RTP/BALANG/LI/25/0323,RTP251025,Ratnapura,Balangoda,,Kumara Gama,255B,"උඩඇල්ලෙපොල, බලංගොඩ",,,,,,,,,,6.641358,80.69987
Other,OTHER,NBRO/LRRMD-RTP/RTP/PELMAD/LI/25/0325,RTP251027,Ratnapura,Pelmadulla,,Dewalegama,171D,"ඉහළ කන්ද, ගනේගම, පැල්මඩුල්ල",,,,,,,,,,6.6212965,80.5177422
Other,OTHER,NBRO/LRRMD-RTP/RTP/KOLONN/LI/25/0326,RTP251028,Ratnapura,Kolonna,,Ereporuwa,204,"දොඹේවෙල, ඇරෑපෝරුව, කොලොන්න",,,,,,,,,,6.4173622,80.673786
Other,OTHER,NBRO/LRRMD-RTP/RTP/KIRIEL/LI/25/0329,RTP251031,Ratnapura,Kiriella,,Ellagawa,144A,"කළුවාවලතැන්න, ඇල්ලගාව",,,,,,,,,,6.7376469,80.2107139
Other,OTHER,NBRO/LRRMD-RTP/RTP/RATNAP/LI/25/0330,RTP251032,Ratnapura,Ratnapura,,Kolandagala,181A,"පැල්වාඩිය, රත්නපුර",,,,,,,,,,6.663648,80.447817
Other,OTHER,NBRO/LRRMD-RTP/RTP/NIVITH/LI/25/0342,RTP251049,Ratnapura,Nivithigala,,Doloswala,176,"දොලොස්වල, නිවිතිගල",,,,,,,,,,6.5768324,80.4723748
Other,OTHER,NBRO/LRRMD-RTP/RTP/KIRIEL/LI/25/0343,RTP251055,Ratnapura,Kiriella,,Handukanda,145D,"කොඩිතුවක්කු කන්ද විද්‍යාලය, කිරිඇල්ල",,,,,,,,,,6.7606,80.257256
Other,OTHER,NBRO/LRRMD-RTP/RTP/AYAGAM/LI/25/0347,RTP251059,Ratnapura,Ayagama,,Ayagama,193,"ඇල්ලහේන , අයගම",,,,,,,,,,6.6644863,80.3030267
Other,OTHER,NBRO/LRRMD-RTP/RTP/KALAWA/LI/25/0348,RTP251072,Ratnapura,Kalawana,,Kudawa,198B,ර/කුඩව විද්‍යාලය,,,,,,,,,,6.4415216,80.4213408
Other,OTHER,NBRO/LRRMD-RTP/RTP/GODAKA/LI/25/0349,RTP251073,Ratnapura,Godakawela,,Kottala,231D,"ගංගොඩ, රක්වාන",,,,,,,,,,6.4791249,80.5974787
Other,OTHER,NBRO/LRRMD-RTP/RTP/GODAKA/LI/25/0350,RTP251074,Ratnapura,Godakawela,,Madampe North,238,"ඕබඩකන්ද, රක්වාන",,,,,,,,,,6.5017668,80.596748
Other,OTHER,NBRO/LRRMD-RTP/RTP/GODAKA/LI/25/0354,RTP251078,Ratnapura,Godakawela,,Rakwana South,231C,රංවලතැන්න වතු නිවාස,,,,,,,,,,6.4616052,80.5989806
Other,OTHER,NBRO/LRRMD-RTP/RTP/BALANG/LI/25/0355,RTP251079,Ratnapura,Balangoda,,Balangoda Town,256A,"ප්‍රාදේශීය ලේකම් කාර්යාලය, බලංගොඩ",,,,,,,,,,6.647414,80.69903
Other,OTHER,NBRO/LRRMD-RTP/RTP/BALANG/LI/25/0356,RTP251080,Ratnapura,Balangoda,,Bowatta,261,බෝවත්ත පැරණි ග්‍රාම නිළධාරී කාර්යාලය,,,,,,,,,,6.616337,80.763187
Other,OTHER,NBRO/LRRMD-RTP/RTP/BALANG/LI/25/0357,RTP251081,Ratnapura,Balangoda,,Yahalewela,252B,යහළවෙල පැරණි ග්‍රාම ලේකම් කාර්යාලය,,,,,,,,,,6.643755,80.728865
Other,OTHER,NBRO/LRRMD-RTP/RTP/BALANG/LI/25/0360,RTP251084,Ratnapura,Balangoda,,Polwathugoda,265B,"අංක 160/2, රාස්සගල, බලංගොඩ",,,,,,,,,,6.697276,80.633238
Other,OTHER,NBRO/LRRMD-RTP/RTP/BALANG/LI/25/0361,RTP251085,Ratnapura,Balangoda,,Rassagala,265,"උදුවැල්ල, රාස්සගල, බලංගොඩ",,,,,,,,,,6.698465,80.62234
Other,OTHER,NBRO/LRRMD-RTP/RTP/BALANG/LI/25/0362,RTP251086,Ratnapura,Balangoda,,Thumbagoda,256C,"අංක 31, සුදර්ශනපුර, රාස්සගල පාර, බලංගොඩ",,,,,,,,,,6.660697,80.6962043
Other,OTHER,NBRO/LRRMD-RTP/RTP/GODAKA/LI/25/0363,RTP251101,Ratnapura,Godakawela,,Madampe South,238A,මාදම්පේ වත්ත අංක 35 වතු නිවාස පේලිය,,,,,,,,,,6.5029441,80.5916313
Other,OTHER,NBRO/LRRMD-RTP/RTP/KAHAWA/LI/25/0365,RTP251103,Ratnapura,Kahawatta,,Endana,227B,"ඇන්දාන, කහවත්ත (කර්මාන්ශාලා ගොඩනැගිල්ලේ පාදම අස්ථාවරවීම)",,,,,,,,,,6.5239175,80.5342564
Other,OTHER,NBRO/LRRMD-RTP/RTP/NIVITH/LI/25/0369,RTP251111,Ratnapura,Nivithigala,,Delwala,177,"දෙල්වල, රත්නපුර",,,,,,,,,,6.5247062,80.4815254
Other,OTHER,NBRO/LRRMD-RTP/RTP/NIVITH/LI/25/0370,RTP251112,Ratnapura,Nivithigala,,Uda Karavita,173B,"කරවිට, උඩකරවිට",,,,,,,,,,6.5802171,80.4190179
Other,OTHER,NBRO/LRRMD-RTP/RTP/NIVITH/LI/25/0371,RTP251113,Ratnapura,Nivithigala,,Uda Karavita,173B,"13 කණුව, කරවිට, උඩ කරවිට",,,,,,,,,,6.5835654,80.4212306
Other,OTHER,NBRO/LRRMD-RTP/RTP/NIVITH/LI/25/0372,RTP251114,Ratnapura,Nivithigala,,Pebotuwa,177A,"මාරගහයට කඩේ අසල, පෑබොටුව, නිවිතිගල",,,,,,,,,,6.5350519,80.4465655
Other,OTHER,NBRO/LRRMD-RTP/RTP/EHELIY/LI/25/0382,RTP251142,Ratnapura,Eheliyagoda,,Eheliyagoda Watta,126D,ඇහැලියගොඩ වත්ත 2 කොටස පහල කොටස,,,,,,,,,,6.868037,80.2736657
Other,OTHER,NBRO/LRRMD-RTP/RTP/IMBULP/LI/25/0384,RTP251144,Ratnapura,Imbulpe,,Bellankanda,267B,බෙල්ලන්කන්ද,,,,,,,,,,6.724058,80.65634
Other,OTHER,NBRO/LRRMD-RTP/RTP/IMBULP/LI/25/0385,RTP251145,Ratnapura,Imbulpe,,Bellankanda,267B,බෙල්ලන්කන්ද,,,,,,,,,,6.728611,80.661389
Other,OTHER,NBRO/LRRMD-RTP/RTP/OPANAY/LI/25/0387,RTP251147,Ratnapura,Opanayaka,,Hunuwala North,244,"උතුරු හුණුවල, ඕපනායක",,,,,,,,,,6.6185096,80.6037704
Other,OTHER,NBRO/LRRMD-RTP/RTP/BALANG/LI/25/0390,RTP251158,Ratnapura,Balangoda,,Wijanathkumbura,265C,"අංක  42, නිව් වෙලේකුඹුර කොටස, මැද්දෙකන්ද වත්ත",,,,,,,,,,6.685978,80.671099
Other,OTHER,NBRO/LRRMD-RTP/RTP/EHELIY/LI/25/0392,RTP251160,Ratnapura,Eheliyagoda,,Kiriporuwa,142,"අංක 128/1, හපුගහහේන, දනාගල, කරඳන",,,,,,,,,,6.8033719,80.228389
Other,OTHER,NBRO/LRRMD-RTP/RTP/EMBILI/LI/25/0399,RTP251192,Ratnapura,Embilipitiya,,Sudugala,212A,"දිව්ල්ගහවත්ත, සුදගල",,,,,,,,,,6.318644,80.763674
Other,OTHER,NBRO/LRRMD-RTP/RTP/EMBILI/LI/25/0400,RTP251193,Ratnapura,Embilipitiya,,Pallebedda,224,ර/ කොස්වැටිය විද්‍යාලය,,,,,,,,,,6.469999,80.732824
Other,OTHER,NBRO/LRRMD-RTP/RTP/EMBILI/LI/25/0401,RTP251194,Ratnapura,Embilipitiya,,Ketagal Ara,214E,කැටගල්ආර විද්‍යාලය,,,,,,,,,,6.355064,80.846578
Other,OTHER,NBRO/LRRMD-RTP/RTP/EMBILI/LI/25/0402,RTP251195,Ratnapura,Embilipitiya,,Panamura,213B,වීරබා ආදර්ශ විද්‍යාලය,,,,,,,,,,6.332572,80.807784
Other,OTHER,NBRO/LRRMD-RTP/RTP/EMBILI/LI/25/0403,RTP251196,Ratnapura,Embilipitiya,,Hingura Ara,214D,ගුරුආරගම විද්‍යාලය,,,,,,,,,,6.3489954,80.826042
Other,OTHER,NBRO/LRRMD-RTP/RTP/EMBILI/LI/25/0404,RTP251197,Ratnapura,Embilipitiya,,Panamura,213B,ඛේමානන්ද ප්‍රාථමික විද්‍යාලය,,,,,,,,,,6.344046,80.776762
Other,OTHER,NBRO/LRRMD-RTP/RTP/EMBILI/LI/25/0405,RTP251198,Ratnapura,Embilipitiya,,Miriswelpatha,208A,මිරිස්වැල්පොත විද්‍යාලය,,,,,,,,,,6.413532,80.770188
Other,OTHER,NBRO/LRRMD-RTP/RTP/EMBILI/LI/25/0406,RTP251199,Ratnapura,Embilipitiya,,Thorakolayaya,213C,තෝරකොලයාය මහා විද්‍යාලය,,,,,,,,,,6.286327,80.797184
Other,OTHER,NBRO/LRRMD-RTP/RTP/EMBILI/LI/25/0407,RTP251200,Ratnapura,Embilipitiya,,Diyapota,212,දියපොට විද්‍යාලය,,,,,,,,,,6.306583,80.7554
Other,OTHER,NBRO/LRRMD-RTP/RTP/EMBILI/LI/25/0408,RTP251201,Ratnapura,Embilipitiya,,Udawalawa,224E,ඇඹිලිපිටිය මහා විද්‍යාලය,,,,,,,,,,6.337141,80.845359
Other,OTHER,NBRO/LRRMD-RTP/RTP/EMBILI/LI/25/0409,RTP251202,Ratnapura,Embilipitiya,,Sudugala,212A,ඉඟිනියගොඩ විද්‍යාලය,,,,,,,,,,6.3052789,80.7796362
Other,OTHER,NBRO/LRRMD-RTP/RTP/EMBILI/LI/25/0410,RTP251203,Ratnapura,Embilipitiya,,Thittawelpotha,224D,තිත්තවැල්පොත විද්‍යාලය,,,,,,,,,,6.474551,80.748007
Other,OTHER,NBRO/LRRMD-RTP/RTP/EMBILI/LI/25/0411,RTP251204,Ratnapura,Embilipitiya,,Hingura,215,කච්චිගල විද්‍යාලය,,,,,,,,,,6.273048,80.867858
Other,OTHER,NBRO/LRRMD-RTP/RTP/EMBILI/LI/25/0412,RTP251205,Ratnapura,Embilipitiya,,Nindagam Pelessa,207C,නින්දගම්පැලැස්ස විද්‍යාලය,,,,,,,,,,6.364544,80.816318
Other,OTHER,NBRO/LRRMD-RTP/RTP/EMBILI/LI/25/0413,RTP251206,Ratnapura,Embilipitiya,,Sankhapala,224F,ගුණරත්න විද්‍යාලය,,,,,,,,,,6.440527,80.75691
Other,OTHER,NBRO/LRRMD-RTP/RTP/EMBILI/LI/25/0414,RTP251207,Ratnapura,Embilipitiya,,Julangete,215C,වලවනදී විද්‍යාලය,,,,,,,,,,6.244517,80.936456
Other,OTHER,NBRO/LRRMD-RTP/RTP/EHELIY/LI/25/0417,RTP251210,Ratnapura,Eheliyagoda,,Eheliyagoda Watta,126D,ටෙලිස්පෝඩ් වත්ත,,,,,,,,,,6.8567885,80.2717064
Other,OTHER,NBRO/LRRMD-RTP/RTP/EHELIY/LI/25/0418,RTP251211,Ratnapura,Eheliyagoda,,Miyanakolathenna,141C,"මියනකොලතැන්න, පලීගල",,,,,,,,,,6.84958,80.2347412
Other,OTHER,NBRO/LRRMD-RTP/RTP/BALANG/LI/25/0419,RTP251212,Ratnapura,Balangoda,,Ampitiyawatta,254B,"41 කණුව, හෙලකන්ද, මස්සැන්න, බලංගොඩ",,,,,,,,,,6.659963,80.662181
Other,OTHER,NBRO/LRRMD-RTP/RTP/RATNAP/LI/25/0425,RTP251230,Ratnapura,Ratnapura,,Godigamuwa,152,"ගොඩිගමුව, මිහිදුගම",,,,,,,,,,6.686464,80.4197522
Other,OTHER,NBRO/LRRMD-RTP/RTP/EHELIY/LI/25/0428,RTP251233,Ratnapura,Eheliyagoda,,Karandana North,143,නිකගල වත්ත,,,,,,,,,,6.795342,80.216993
Other,OTHER,NBRO/LRRMD-RTP/RTP/EHELIY/LI/25/0430,RTP251269,Ratnapura,Eheliyagoda,,Karandana South,143A,"නිකගලවත්ත, දකුණු කරඳන",,,,,,,,,,6.7916868,80.2180021
Other,OTHER,NBRO/LRRMD-RTP/RTP/KALAWA/LI/25/0434,RTP251273,Ratnapura,Kalawana,,Dolekanda,201C,"අංක 02, ඩිප්ඩීන් වත්ත, රක්වාන",,,,,,,,,,6.4595064,80.5550384
Other,OTHER,NBRO/LRRMD-RTP/RTP/KALAWA/LI/25/0435,RTP251274,Ratnapura,Kalawana,,Dolekanda,201C,ඩිප්ඩීන් වත්ත,,,,,,,,,,6.4607216,80.5543486
Other,OTHER,NBRO/LRRMD-RTP/RTP/IMBULP/LI/25/0438,RTP251277,Ratnapura,Imbulpe,,Pinnawala,268A,"පින්නවල, බලංගොඩ",,,,,,,,,,6.7131169,80.6773548
Other,OTHER,NBRO/LRRMD-RTP/RTP/IMBULP/LI/25/0447,RTP251311,Ratnapura,Imbulpe,,Rathmalavinna,263,"රත්මලවින්න, බලංගොඩ",,,,,,,,,,6.6750055,80.72601
Other,OTHER,NBRO/LRRMD-RTP/RTP/KIRIEL/LI/25/0452,RTP251367,Ratnapura,Kiriella,,Idangoda,145B,කිරිඇල්ල මධ්‍ය මහා විද්‍යාලය,,,,,,,,,,6.738558,80.270248
Other,OTHER,NBRO/LRRMD-RTP/RTP/BALANG/LI/25/0454,RTP251379,Ratnapura,Balangoda,,Pettigala,254C,"පෙට්ටිගල, බලංගොඩ",,,,,,,,,,6.648437,80.668243
Other,OTHER,NBRO/LRRMD-RTP/RTP/BALANG/LI/25/0455,RTP251380,Ratnapura,Balangoda,,Pettigala,254C,පෙට්ටිගල මැද වතු නිවාස කොටස,,,,,,,,,,6.648422,80.672619
Other,OTHER,NBRO/LRRMD-RTP/RTP/KALTHO/LI/25/0461,RTP251399,Ratnapura,Kalthota,,Welipathayaya,-,"අංක 04, වැලිපතයාය, බලංගොඩ",,,,,,,,,,6.622794,80.879882
Other,OTHER,NBRO/LRRMD-RTP/RTP/OPANAY/LI/25/0462,RTP251403,Ratnapura,Opanayaka,,Kendaketiya,245B,"කැන්දකැටිය, ඕපනායක",,,,,,,,,,6.632812,80.647246
Other,OTHER,NBRO/LRRMD-RTP/RTP/KALAWA/LI/25/0463,RTP251413,Ratnapura,Kalawana,,Samanpura,196B,"රජ්ජුරුවත්ත, කලවාන",,,,,,,,,,6.5667683,80.3870017
Other,OTHER,NBRO/LRRMD-RTP/RTP/IMBULP/LI/25/0465,RTP251415,Ratnapura,Imbulpe,,Amuwathugoda,272B,අලුත්නුවර - පස්සරමුල්ල - නෙල්ලිවල - කෙසෙල්කොටුව මාර්ගය,,,,,,,,,,6.697616,80.735308
Other,OTHER,NBRO/LRRMD-RTP/RTP/IMBULP/LI/25/0466,RTP251416,Ratnapura,Imbulpe,,Maddegama,269,"මද්දෙගම, පින්නවල, බලංගොඩ",,,,,,,,,,6.72209,80.68869
Other,OTHER,NBRO/LRRMD-RTP/RTP/BALANG/LI/25/0477,RTP251502,Ratnapura,Balangoda,,Pettigala,254C,"පෙට්ටිගල, බලන්ගොඩ",,,,,,,,,,6.650659,80.677711
Other,OTHER,NBRO/LRRMD-RTP/RTP/BALANG/LI/25/0479,RTP251504,Ratnapura,Balangoda,,Durakanda,265D,"අලංකාර පංගුව, රාස්සගල, බලන්ගොඩ",,,,,,,,,,6.703907,80.635553
Other,OTHER,NBRO/LRRMD-RTP/RTP/IMBULP/LI/25/0484,RTP251509,Ratnapura,Imbulpe,,Maddegama,269,"මද්දෙගම, පින්නවල, බලන්ගොඩ",,,,,,,,,,6.7220872,80.68879
Other,OTHER,NBRO/LRRMD-RTP/RTP/IMBULP/LI/25/0485,RTP251510,Ratnapura,Imbulpe,,Kattadikanda,266D,"ගුරුබැවිල, ගල්ලෙනකන්ද",,,,,,,,,,6.720211,80.6393622
Other,OTHER,NBRO/LRRMD-RTP/RTP/KALAWA/LI/25/0490,RTP251579,Ratnapura,Kalawana,,Pitigalakanda,195D,"බේරුවලවත්ත, බඹරකොටුව, නාවලකන්ද,කලවාන.",,,,,,,,,,6.5009396,80.3493822
Other,OTHER,NBRO/LRRMD-RTP/RTP/EHELIY/LI/25/0491,RTP251600,Ratnapura,Eheliyagoda,,Iddamalgoda,138,ඉද්දමල්ගොඩ,,,,,,,,,,6.876378,80.225385
Other,OTHER,NBRO/LRRMD-RTP/RTP/EHELIY/LI/25/0492,RTP251601,Ratnapura,Eheliyagoda,,Iddamalgoda,138,ඉද්දමල්ගොඩ,,,,,,,,,,6.876549,80.22537
Other,OTHER,NBRO/LRRMD-RTP/RTP/EHELIY/LI/25/0493,RTP251602,Ratnapura,Eheliyagoda,,Iddamalgoda,138,ඉද්දමල්ගොඩ,,,,,,,,,,6.876814,80.225325
Other,OTHER,NBRO/LRRMD-RTP/RTP/EHELIY/LI/25/0494,RTP251603,Ratnapura,Eheliyagoda,,Iddamalgoda,138,ඉද්දමල්ගොඩ,,,,,,,,,,6.876962,80.225287
Other,OTHER,NBRO/LRRMD-RTP/RTP/EHELIY/LI/25/0495,RTP251604,Ratnapura,Eheliyagoda,,Iddamalgoda,138,ඉද්දමල්ගොඩ,,,,,,,,,,6.877103,80.225285
Other,OTHER,NBRO/LRRMD-RTP/RTP/RATNAP/LI/25/0501,RTP251656,Ratnapura,Ratnapura,,Ratnapura Town West,152F,"රත්නපුර නගරය, ඉන්ධන පිරවුම්හල",,,,,,,,,,6.680794,80.400788
Other,OTHER,NBRO/LRRMD-RTP/RTP/WELIGE/LI/25/0509,RTP251664,Ratnapura,Weligepola,,Galpaya,219B,"ග්‍රාම නිලධාරි කාර්යාලය අසළ, ගල්පාය, පල්ලෙබැද්ද",,,,,,,,,,6.503076,80.743712
Other,OTHER,NBRO/LRRMD-RTP/RTP/OPANAY/LI/25/0518,RTP251673,Ratnapura,Opanayaka,,Udawela,246A,"හොරණකඳුර, උඩවෙල, ඕපනායක",,,,,,,,,,6.605255,80.652903
Other,OTHER,NBRO/LRRMD-RTP/RTP/EHELIY/LI/25/0554,RTP251859,Ratnapura,Eheliyagoda,,Walavita,137,"එස්.ඒ.ඩී.සුදත් සංජිව, වලවිට",,,,,,,,,,6.8953057,80.2299275
Other,OTHER,NBRO/LRRMD-RTP/RTP/PELMAD/LI/25/0592,RTP251973,Ratnapura,Pelmadulla,,Dippitigala,172C,"සමනල පෙදෙස, දිප්පිටිගල, ලෙල්ලොපිටිය",,,,,,,,,,6.657178,80.486677
Other,OTHER,NBRO/LRRMD-RTP/RTP/OPANAY/LI/25/0594,RTP251992,Ratnapura,Opanayaka,,Meegahawela,245A,"හංගමුආරච්චිගොඩ, ගල්හිර, ඕපනායක",,,,,,,,,,6.627355,80.6240144
Other,OTHER,NBRO/LRRMD-RTP/RTP/IMBULP/LI/25/0709,RTP252334,Ratnapura,Imbulpe,,Imbulpe,272,ඩබ්ලිව්.වී.සුජිත් කුමාර,,,,,,,,,,6.699682,80.7505422
Other,OTHER,NBRO/LRRMD-RTP/RTP/AYAGAM/LI/25/0884,RTP252650,Ratnapura,Ayagama,,Ayagama,193,"මඩබද්දර, කිරිඇල්ල",,,,,,,,,,6.69522,80.2751833
Other,OTHER,NBRO/LRRMD-RTP/RTP/ELAPAT/LI/25/1004,RTP252770,Ratnapura,Elapatha,,Hangamuwa,183,,,,,,,,,,,6.6374717,80.3908867
Other,OTHER,NBRO/LRRMD-RTP/RTP/ELAPAT/LI/25/1005,RTP252771,Ratnapura,Elapatha,,Hangamuwa,183,,,,,,,,,,,6.6400867,80.3937917
Other,OTHER,NBRO/LRRMD-RTP/RTP/KALAWA/LI/26/0472,RTP260853,Ratnapura,Kalawana,,Pothupitiya North,200,"පාසල් ක්‍රීඩාංගනය, පොතුපිටිය විද්‍යාලය",,,,,,,,,,6.4233507,80.515825
Other,OTHER,NBRO/LRRMD-RTP/RTP/AYAGAM/LI/26/0784,RTP261628,Ratnapura,Ayagama,,Ayagama,193,"ග්‍රාම නිලධාරී කාර් යාලය, අයගම",,,,,,,,,,6.6389367,80.3122683
Other,OTHER,NBRO/LRRMD-RTP/RTP/GODAKA/LI/26/0906,RTP261898,Ratnapura,Godakawela,,Makandura,233A,"බස්නාකන්ද, මාකඳුර",,,,,,,,,,6.5577,80.63434
Other,OTHER,NBRO/LRRMD-RTP/RTP/RATNAP/LI/26/1071,RTP262263,Ratnapura,Ratnapura,,Thiriwanketiya,181B,"584, කැටන්දොල, රත්නපුර",,,,,,,,,,6.664006,80.436106
